household_key,group,treatment,recency_days,pre_baskets,pre_sales,pre_quantity,pre_target_purchase_count,pre_target_sales,pre_coupon_redemptions,pre_campaign_count_raw,has_demographic,target_sales,target_quantity,target_purchase_count,total_sales,baskets,recency_days_filled,target_purchase,any_purchase,pre_recency_capped,log_pre_baskets,log_pre_sales,pre_target_share,pre_coupon_user,pre_campaign_count_c,p_score,logit_p,in_support
1,대조,0,11.0,9.0,585.19,293.0,5.0,9.93,0.0,1.0,1,3.75,3.0,2.0,186.9,6.0,11.0,1,1,11.0,2.302585092994046,6.373643969107062,0.016968847724670617,0,1.0,0.04135307173393231,-3.143376135630441,True
2,대조,0,27.0,4.0,190.86,66.0,1.0,2.99,0.0,0.0,0,0.0,0.0,0.0,0.0,0.0,27.0,0,0,27.0,1.6094379124341003,5.256765939389801,0.0156659331447134,0,0.0,0.01988737046877155,-3.8975826127094484,True
3,대조,0,6.0,5.0,499.81,297.0,2.0,3.88,0.0,0.0,0,0.0,0.0,0.0,26.82,2.0,6.0,0,1,6.0,1.791759469228055,6.216226787637648,0.007762949920969969,0,0.0,0.025458034630143185,-3.6449361857766136,True
4,대조,0,14.0,10.0,222.24,64.0,0.0,0.0,0.0,0.0,0,0.0,0.0,0.0,9.97,1.0,14.0,0,1,14.0,2.3978952727983707,5.408247425920233,0.0,0,0.0,0.020905197810900982,-3.8466306464454187,True
7,대조,0,5.0,5.0,234.85,126.0,1.0,0.88,0.0,0.0,1,0.0,0.0,0.0,276.73,4.0,5.0,0,1,5.0,1.791759469228055,5.463196009730271,0.003747072599531616,0,0.0,0.023122504812243944,-3.7435548778615884,True
14,대조,0,2.0,28.0,509.54,23266.0,1.0,1.79,0.0,1.0,0,0.0,0.0,0.0,215.92,12.0,2.0,0,1,2.0,3.367295829986474,6.235468989089521,0.003512972484986458,0,1.0,0.03583908378510287,-3.292219182465918,True
17,대조,0,13.0,19.0,623.61,47318.0,0.0,0.0,0.0,2.0,1,0.0,0.0,0.0,304.63,9.0,13.0,0,1,13.0,2.995732273553991,6.437127454967373,0.0,0,2.0,0.03542569543507412,-3.3042494522655566,True
18,대조,0,4.0,18.0,741.47,345.0,0.0,0.0,0.0,0.0,1,0.0,0.0,0.0,329.53000000000003,10.0,4.0,0,1,4.0,2.9444389791664403,6.609982465820186,0.0,0,0.0,0.047324836093139575,-3.0022387555496657,True
19,대조,0,4.0,32.0,966.54,4605.0,4.0,7.64,0.0,0.0,1,1.92,1.0,1.0,468.67,21.0,4.0,1,1,4.0,3.4965075614664802,6.874756767718561,0.007904484035839179,0,0.0,0.07059680707598692,-2.5775577341891376,True
22,처치,1,3.0,15.0,705.27,13852.0,5.0,8.77,1.0,2.0,1,14.71,6.0,5.0,290.12,5.0,3.0,1,1,3.0,2.772588722239781,6.559997600643758,0.012434953989252344,1,2.0,0.17565288001701626,-1.5460819284019485,True
23,대조,0,9.0,23.0,650.1800000000001,62143.0,1.0,0.88,0.0,0.0,0,0.0,0.0,0.0,121.28,7.0,9.0,0,1,9.0,3.1780538303479458,6.478786101685978,0.0013534713463963825,0,0.0,0.040081055833061895,-3.175945048167861,True
25,대조,0,3.0,8.0,257.51,148.0,1.0,1.25,0.0,1.0,1,0.0,0.0,0.0,231.11,7.0,3.0,0,1,3.0,2.1972245773362196,5.5549343779197855,0.004854180420177857,0,1.0,0.0245455233141494,-3.6823740044435955,True
26,대조,0,7.0,10.0,251.83,132.0,1.0,1.25,0.0,0.0,0,0.0,0.0,0.0,0.0,0.0,7.0,0,0,7.0,2.3978952727983707,5.532717326117946,0.00496366596513521,0,0.0,0.023665882130941732,-3.719770423285526,True
27,대조,0,1.0,71.0,1373.81,624.0,0.0,0.0,0.0,3.0,1,0.0,0.0,0.0,370.09,22.0,1.0,0,1,1.0,4.276666119016055,7.226070818734502,0.0,0,3.0,0.06209418627657816,-2.714997166333628,True
28,대조,0,2.0,11.0,163.18,49.0,0.0,0.0,0.0,0.0,0,0.0,0.0,0.0,243.61,12.0,2.0,0,1,2.0,2.4849066497880004,5.10096338692012,0.0,0,0.0,0.01927618199039401,-3.9294206488190357,True
31,대조,0,40.0,2.0,73.25,33923.0,0.0,0.0,0.0,0.0,1,0.0,0.0,0.0,396.56,2.0,40.0,0,1,40.0,1.0986122886681098,4.307437777682809,0.0,0,0.0,0.011646094000289825,-4.441069993213039,False
32,대조,0,10.0,10.0,202.0,98.0,0.0,0.0,0.0,3.0,0,0.0,0.0,0.0,131.28,4.0,10.0,0,1,10.0,2.3978952727983707,5.313205979041787,0.0,0,3.0,0.013688676495306475,-4.277403090807701,True
36,대조,0,2.0,15.0,147.32,46.0,0.0,0.0,0.0,0.0,0,0.0,0.0,0.0,43.91,5.0,2.0,0,1,2.0,2.772588722239781,4.999372101817545,0.0,0,0.0,0.020554565349104457,-3.8639034541070503,True
37,대조,0,6.0,10.0,540.03,39176.0,0.0,0.0,0.0,0.0,0,0.0,0.0,0.0,475.43,7.0,6.0,0,1,6.0,2.3978952727983707,6.2934747301740925,0.0,0,0.0,0.028191207225442685,-3.5401489410489795,True
38,대조,0,3.0,7.0,85.46000000000001,32.0,0.0,0.0,0.0,1.0,0,0.0,0.0,0.0,0.0,0.0,3.0,0,0,3.0,2.0794415416798357,4.4596818792394854,0.0,0,1.0,0.011796395759957138,-4.428094712940272,False
39,대조,0,20.0,4.0,328.9,149.0,0.0,0.0,0.0,2.0,1,0.0,0.0,0.0,315.84000000000003,2.0,20.0,0,1,20.0,1.6094379124341003,5.798789578234536,0.0,0,2.0,0.017775959553705423,-4.011972471863779,True
41,대조,0,3.0,10.0,301.14,141.0,0.0,0.0,0.0,0.0,0,0.0,0.0,0.0,151.43,4.0,3.0,0,1,3.0,2.3978952727983707,5.710890486115579,0.0,0,0.0,0.02307277459165618,-3.745758828117495,True
42,대조,0,6.0,15.0,301.13,230.0,0.0,0.0,0.0,0.0,1,0.0,0.0,0.0,85.05,4.0,6.0,0,1,6.0,2.772588722239781,5.710857388328163,0.0,0,0.0,0.033027269053663065,-3.376836740214633,True
45,대조,0,1.0,17.0,241.24,102.0,0.0,0.0,0.0,0.0,0,0.0,0.0,0.0,23.64,1.0,1.0,0,1,1.0,2.8903717578961645,5.489928970249084,0.0,0,0.0,0.025307091739115287,-3.6510377931504006,True
46,대조,0,4.0,18.0,1317.65,464.0,0.0,0.0,0.0,0.0,1,0.0,0.0,0.0,198.43,4.0,4.0,0,1,4.0,2.9444389791664403,7.184363764965298,0.0,0,0.0,0.05727433506255926,-2.8009227042431375,True
47,대조,0,3.0,15.0,247.0,74.0,0.0,0.0,0.0,0.0,0,0.0,0.0,0.0,162.38,11.0,3.0,0,1,3.0,2.772588722239781,5.5134287461649825,0.0,0,0.0,0.024524371719738546,-3.683257788755909,True
48,대조,0,40.0,1.0,13.12,6.0,0.0,0.0,0.0,0.0,1,0.0,0.0,0.0,0.0,0.0,40.0,0,0,40.0,0.6931471805599453,2.647592232065096,0.0,0,0.0,0.00567858157622556,-5.165359033910978,False
51,대조,0,3.0,12.0,638.3,274.0,0.0,0.0,0.0,1.0,0,0.0,0.0,0.0,169.28,4.0,3.0,0,1,3.0,2.5649493574615367,6.460373827772681,0.0,0,1.0,0.02775462715602242,-3.556205643146713,True
52,처치,1,4.0,22.0,787.37,16372.0,2.0,3.29,0.0,1.0,1,0.0,0.0,0.0,395.39,8.0,4.0,0,1,4.0,3.1354942159291497,6.669967522804199,0.004178467556549018,0,1.0,0.04865797251526975,-2.973057978104234,True
55,대조,0,4.0,20.0,116.44,71.0,0.0,0.0,0.0,0.0,1,0.0,0.0,0.0,24.67,9.0,4.0,0,1,4.0,3.044522437723423,4.765927564866206,0.0,0,0.0,0.026252659599273358,-3.6133845639125797,True
56,대조,0,3.0,30.0,1025.26,464.0,5.0,18.79,0.0,0.0,1,4.5,3.0,3.0,428.83,12.0,3.0,1,1,3.0,3.4339872044851463,6.933676404933536,0.018327058502233578,0,0.0,0.08335347074420668,-2.3976316847343995,True
57,처치,1,1.0,31.0,778.9300000000001,36810.0,0.0,0.0,0.0,0.0,1,0.0,0.0,0.0,23.14,3.0,1.0,0,1,1.0,3.4657359027997265,6.659204172066697,0.0,0,0.0,0.05715350257494249,-2.8031628125222845,True
64,대조,0,2.0,41.0,430.73,218.0,0.0,0.0,0.0,0.0,0,1.0,1.0,1.0,219.41,16.0,2.0,1,1,2.0,3.7376696182833684,6.067800392850192,0.0,0,0.0,0.041083834261436344,-3.150188935489218,True
67,대조,0,1.0,20.0,645.67,29073.0,0.0,0.0,0.0,0.0,1,0.0,0.0,0.0,330.67,9.0,1.0,0,1,1.0,3.044522437723423,6.471836118015154,0.0,0,0.0,0.046668377370462394,-3.016896029491849,True
71,대조,0,10.0,9.0,327.37,72.0,1.0,3.19,0.0,0.0,1,0.0,0.0,0.0,309.52000000000004,7.0,10.0,0,1,10.0,2.302585092994046,5.79414102139568,0.009744325991996823,0,0.0,0.03418886521206247,-3.3410682899938657,True
73,대조,0,2.0,35.0,791.91,52195.0,0.0,0.0,0.0,0.0,0,0.0,0.0,0.0,188.94,8.0,2.0,0,1,2.0,3.58351893845611,6.67570972212971,0.0,0,0.0,0.04782011429755281,-2.9913076203218605,True
77,대조,0,3.0,5.0,353.04,158.0,0.0,0.0,0.0,0.0,1,0.0,0.0,0.0,236.84,6.0,3.0,0,1,3.0,1.791759469228055,5.869409901100676,0.0,0,0.0,0.02490518179192894,-3.6674588298000614,True
79,대조,0,5.0,25.0,609.41,24597.0,2.0,9.780000000000001,0.0,0.0,0,5.25,3.0,3.0,408.91,17.0,5.0,1,1,5.0,3.258096538021482,6.414130862535921,0.01604830902019987,0,0.0,0.05136110488174201,-2.9161470436123134,True
80,대조,0,4.0,12.0,267.81,163.0,5.0,6.64,0.0,0.0,1,0.0,0.0,0.0,230.52,8.0,4.0,0,1,4.0,2.5649493574615367,5.594004810337956,0.024793697024009558,0,0.0,0.04481204762422783,-3.059431106434822,True
83,대조,0,13.0,16.0,149.34,76.0,1.0,3.58,0.0,1.0,0,0.0,0.0,0.0,46.2,3.0,13.0,0,1,13.0,2.833213344056216,5.012899395749323,0.02397214410070979,0,1.0,0.028016773771014376,-3.5465351532865124,True
85,대조,0,1.0,39.0,707.73,11860.0,0.0,0.0,0.0,2.0,1,1.99,1.0,1.0,379.26,15.0,1.0,1,1,1.0,3.6888794541139363,6.563474635948921,0.0,0,2.0,0.04644225496313183,-3.021990272200924,True
86,대조,0,25.0,9.0,736.6,220.0,0.0,0.0,0.0,0.0,1,0.0,0.0,0.0,0.0,0.0,25.0,0,0,25.0,2.302585092994046,6.603401672242384,0.0,0,0.0,0.03841133482062954,-3.2202341825945138,True
91,대조,0,2.0,3.0,80.8,50.0,0.0,0.0,0.0,0.0,0,0.0,0.0,0.0,292.33,21.0,2.0,0,1,2.0,1.3862943611198906,4.404277243608702,0.0,0,0.0,0.010355985832244924,-4.559780602998704,False
92,대조,0,6.0,10.0,146.47,10336.0,0.0,0.0,0.0,0.0,0,0.0,0.0,0.0,34.52,4.0,6.0,0,1,6.0,2.3978952727983707,4.993624765262849,0.0,0,0.0,0.018061679497099973,-3.995735957228539,True
95,대조,0,2.0,52.0,1052.11,97722.0,4.0,14.94,0.0,0.0,0,0.0,0.0,0.0,384.86,11.0,2.0,0,1,2.0,3.970291913552122,6.959502970115847,0.01420003611789642,0,0.0,0.07527857938507032,-2.5082969012310867,True
96,대조,0,2.0,10.0,336.84000000000003,119.0,0.0,0.0,0.0,2.0,0,0.0,0.0,0.0,34.89,3.0,2.0,0,1,2.0,2.3978952727983707,5.822572410625688,0.0,0,2.0,0.0185092656631987,-3.970801120001199,True
97,처치,1,4.0,20.0,670.29,10701.0,1.0,2.79,0.0,0.0,1,0.0,0.0,0.0,213.99,9.0,4.0,0,1,4.0,3.044522437723423,6.509201234364215,0.00416237747840487,0,0.0,0.0506996068093434,-2.929807129750471,True
99,대조,0,2.0,29.0,791.17,8632.0,0.0,0.0,0.0,0.0,0,5.69,2.0,2.0,301.43,9.0,2.0,1,1,2.0,3.4011973816621555,6.674776015245816,0.0,0,0.0,0.04497102173911308,-3.055723362763938,True
101,대조,0,2.0,32.0,1117.88,45799.0,2.0,5.109999999999999,0.0,0.0,1,0.0,0.0,0.0,208.49,9.0,2.0,0,1,2.0,3.4965075614664802,7.020083463955557,0.0045711525387340315,0,0.0,0.07006530050522526,-2.5856866965228775,True
103,대조,0,71.0,4.0,91.21000000000001,48.0,0.0,0.0,0.0,0.0,0,0.0,0.0,0.0,29.91,2.0,71.0,0,1,71.0,1.6094379124341003,4.52406858455105,0.0,0,0.0,0.012048123845926713,-4.406725037834406,False
104,처치,1,3.0,25.0,1333.55,17452.0,6.0,11.52,0.0,0.0,1,2.5,2.0,1.0,416.32,9.0,3.0,1,1,3.0,3.258096538021482,7.196349435358886,0.008638596228112931,0,0.0,0.0733509174025258,-2.5363199305196216,True
109,대조,0,2.0,19.0,436.01,231.0,1.0,1.25,0.0,0.0,1,3.39,2.0,2.0,193.45,8.0,2.0,1,1,2.0,2.995732273553991,6.079956078128966,0.0028669067223228827,0,0.0,0.042251805685903275,-3.1209378072195726,True
110,대조,0,4.0,20.0,388.66,12394.0,1.0,1.79,0.0,0.0,1,0.0,0.0,0.0,261.95,11.0,4.0,0,1,4.0,3.044522437723423,5.965274564017741,0.00460556784850512,0,0.0,0.04258553499976175,-3.112721743854446,True
111,대조,0,26.0,4.0,172.42,73.0,1.0,2.29,0.0,0.0,0,0.0,0.0,0.0,155.23,6.0,26.0,0,1,26.0,1.6094379124341003,5.155716397949014,0.013281521865212854,0,0.0,0.018432299284951714,-3.975046466493836,True
112,대조,0,1.0,14.0,155.9,11223.0,0.0,0.0,0.0,0.0,0,0.0,0.0,0.0,107.99000000000001,9.0,1.0,0,1,1.0,2.70805020110221,5.055608659738987,0.0,0,0.0,0.02048525215039913,-3.8673520738301095,True
114,대조,0,21.0,6.0,177.38,16356.0,0.0,0.0,0.0,1.0,1,0.0,0.0,0.0,116.63,3.0,21.0,0,1,21.0,1.9459101490553132,5.183916106238061,0.0,0,1.0,0.018399213787348104,-3.9768767595929555,True
116,대조,0,5.0,13.0,110.82,63.0,0.0,0.0,0.0,1.0,0,0.0,0.0,0.0,33.71,3.0,5.0,0,1,5.0,2.6390573296152584,4.716890435598499,0.0,0,1.0,0.015668863576729093,-4.140286829684464,True
117,대조,0,6.0,12.0,320.96,211.0,3.0,7.63,0.0,1.0,1,2.25,2.0,2.0,300.58,10.0,6.0,1,1,6.0,2.5649493574615367,5.774427314225533,0.023772432701894317,0,1.0,0.04129224548315671,-3.1449115669858734,True
119,대조,0,3.0,16.0,405.2,147.0,0.0,0.0,0.0,0.0,1,0.0,0.0,0.0,177.53,3.0,3.0,0,1,3.0,2.833213344056216,6.0068456491462845,0.0,0,0.0,0.03721194027410237,-3.2532036193299785,True
121,대조,0,3.0,20.0,551.25,297.0,3.0,5.859999999999999,0.0,0.0,1,0.0,0.0,0.0,242.59,8.0,3.0,0,1,3.0,3.044522437723423,6.314000842300227,0.010630385487528343,0,0.0,0.0528538929467649,-2.8859219954948783,True
122,대조,0,55.0,6.0,38.24,18.0,0.0,0.0,0.0,2.0,0,0.0,0.0,0.0,33.46,2.0,55.0,0,1,55.0,1.9459101490553132,3.6696966346971625,0.0,0,2.0,0.007697130285832496,-4.859180803656667,False
123,대조,0,4.0,32.0,526.52,21718.0,1.0,1.79,0.0,0.0,1,0.0,0.0,0.0,159.01,8.0,4.0,0,1,4.0,3.4965075614664802,6.268186779323421,0.003399680923801565,0,0.0,0.053722698698892714,-2.8687000496533717,True
127,대조,0,10.0,31.0,780.4,24063.0,1.0,1.79,0.0,0.0,1,3.0,2.0,1.0,358.28000000000003,16.0,10.0,1,1,10.0,3.4657359027997265,6.66108718262097,0.0022936955407483342,0,0.0,0.05962216518679066,-2.758254342390762,True
131,대조,0,1.0,41.0,770.3100000000001,24644.0,1.0,1.74,0.0,2.0,1,0.0,0.0,0.0,80.93,9.0,1.0,0,1,1.0,3.7376696182833684,6.648090367979724,0.0022588308603029945,0,2.0,0.05041202501026424,-2.9357984418854475,True
132,대조,0,3.0,22.0,691.59,293.0,0.0,0.0,0.0,2.0,0,0.0,0.0,0.0,291.48,8.0,3.0,0,1,3.0,3.1354942159291497,6.540438193515834,0.0,0,2.0,0.030488404397461442,-3.459446007370319,True
133,대조,0,1.0,11.0,304.89,149.0,1.0,7.58,0.0,0.0,1,0.0,0.0,0.0,346.13,6.0,1.0,0,1,1.0,2.4849066497880004,5.723225560200808,0.024861425432123063,0,0.0,0.0455417577835438,-3.042514235312992,True
134,대조,0,10.0,8.0,388.15,202.0,0.0,0.0,0.0,2.0,1,0.0,0.0,0.0,26.61,1.0,10.0,0,1,10.0,2.1972245773362196,5.963964873405397,0.0,0,2.0,0.022928164188695085,-3.75219414415421,True
136,대조,0,4.0,11.0,382.91,166.0,1.0,1.99,0.0,0.0,1,0.0,0.0,0.0,459.52,6.0,4.0,0,1,4.0,2.4849066497880004,5.950408150117615,0.005197043691729126,0,0.0,0.03542287468215331,-3.3043320042712203,True
137,대조,0,23.0,6.0,139.45,71.0,0.0,0.0,0.0,0.0,0,2.49,1.0,1.0,61.57,3.0,23.0,1,1,23.0,1.9459101490553132,4.944851553550253,0.0,0,0.0,0.015312275221993148,-4.1636697514078485,True
138,대조,0,1.0,6.0,473.9,298.0,1.0,0.88,0.0,1.0,0,0.0,0.0,0.0,25.64,1.0,1.0,0,1,1.0,1.9459101490553132,6.163104255555076,0.0018569318421607936,0,1.0,0.020906524668607,-3.8465658230408133,True
139,대조,0,4.0,17.0,574.74,27709.0,0.0,0.0,0.0,0.0,1,0.0,0.0,0.0,172.26,5.0,4.0,0,1,4.0,2.8903717578961645,6.35565616990037,0.0,0,0.0,0.04268097415562477,-3.110383445426862,True
140,대조,0,3.0,27.0,443.97,248.0,0.0,0.0,0.0,2.0,0,0.0,0.0,0.0,21.64,3.0,3.0,0,1,3.0,3.332204510175204,6.098006864163361,0.0,0,2.0,0.02804856604829559,-3.5453683287527964,True
142,대조,0,3.0,16.0,290.47,160.0,0.0,0.0,0.0,2.0,0,0.0,0.0,0.0,87.29,7.0,3.0,0,1,3.0,2.833213344056216,5.674937084542365,0.0,0,2.0,0.020451149336695028,-3.8690530260091354,True
143,대조,0,2.0,95.0,1645.95,86431.0,4.0,8.84,0.0,0.0,0,4.09,1.0,1.0,858.46,34.0,2.0,1,1,2.0,4.564348191467836,7.406680371489741,0.0053707585285093715,0,0.0,0.09139741328916816,-2.296690623174662,True
144,대조,0,1.0,26.0,725.21,308.0,1.0,1.92,0.0,0.0,0,0.0,0.0,0.0,145.21,5.0,1.0,0,1,1.0,3.295836866004329,6.587839229196635,0.0026475089973938583,0,0.0,0.04404321449914191,-3.077541408944172,True
145,대조,0,6.0,6.0,149.33,82.0,0.0,0.0,0.0,1.0,0,3.65,1.0,1.0,90.24,4.0,6.0,1,1,6.0,1.9459101490553132,5.012832877639743,0.0,0,1.0,0.013657174113638412,-4.279739028112984,True
149,대조,0,85.0,4.0,435.3,21705.0,1.0,1.99,0.0,2.0,1,3.98,2.0,2.0,437.97,7.0,85.0,1,1,85.0,1.6094379124341003,6.078330080129564,0.004571559843785895,0,2.0,0.02180547583938085,-3.803547426670577,True
151,대조,0,10.0,12.0,257.07,13948.0,1.0,3.69,0.0,0.0,0,0.0,0.0,0.0,0.0,0.0,10.0,0,0,10.0,2.5649493574615367,5.553230865951049,0.014354066985645933,0,0.0,0.02963512451923476,-3.4887118640627546,True
155,대조,0,2.0,7.0,398.4,180.0,0.0,0.0,0.0,0.0,1,0.0,0.0,0.0,96.31,3.0,2.0,0,1,2.0,2.0794415416798357,5.989963420981715,0.0,0,0.0,0.028621595424250603,-3.5245545807701424,True
156,대조,0,3.0,88.0,650.03,74530.0,0.0,0.0,0.0,0.0,0,0.0,0.0,0.0,213.32,22.0,3.0,0,1,3.0,4.48863636973214,6.478555724096092,0.0,0,0.0,0.060552873413058685,-2.7417746149381603,True
158,대조,0,1.0,26.0,207.87,101.0,1.0,1.99,0.0,0.0,1,0.0,0.0,0.0,105.85,8.0,1.0,0,1,1.0,3.295836866004329,5.341712048867226,0.009573290999182181,0,0.0,0.04078745760754211,-3.157738056946893,True
161,대조,0,52.0,2.0,29.54,13.0,0.0,0.0,0.0,0.0,1,0.0,0.0,0.0,130.12,10.0,52.0,0,1,52.0,1.0986122886681098,3.4190372997904865,0.0,0,0.0,0.008604978111186564,-4.746772178351232,False
162,대조,0,15.0,6.0,289.09000000000003,99.0,0.0,0.0,0.0,1.0,0,0.0,0.0,0.0,189.46,5.0,15.0,0,1,15.0,1.9459101490553132,5.6701912196611115,0.0,0,1.0,0.017206972281864144,-4.0450838794121875,True
164,대조,0,18.0,8.0,392.22,248.0,1.0,1.92,0.0,0.0,1,2.0,1.0,1.0,250.38,8.0,18.0,1,1,18.0,2.1972245773362196,5.974369251679345,0.0048952118708887864,0,0.0,0.03243013085964797,-3.395699683009347,True
166,대조,0,1.0,13.0,319.88,155.0,0.0,0.0,0.0,0.0,1,0.0,0.0,0.0,110.68,6.0,1.0,0,1,1.0,2.6390573296152584,5.771067221461798,0.0,0,0.0,0.03213843575132323,-3.405036375625214,True
179,대조,0,17.0,9.0,163.82,72.0,0.0,0.0,0.0,0.0,0,0.0,0.0,0.0,33.49,4.0,17.0,0,1,17.0,2.302585092994046,5.104853969335237,0.0,0,0.0,0.018252149133211697,-3.985051670552549,True
180,대조,0,24.0,12.0,240.2,107.0,5.0,6.26,0.0,0.0,0,5.76,5.0,4.0,278.8,4.0,24.0,1,1,24.0,2.5649493574615367,5.485626464853031,0.026061615320566195,0,0.0,0.035514406393727764,-3.3016564675206186,True
181,대조,0,,0.0,0.0,0.0,0.0,0.0,0.0,2.0,0,0.0,0.0,0.0,0.0,0.0,90.0,0,0,90.0,0.0,0.0,0.0,0,2.0,0.0010983563630484591,-6.812841472042989,False
183,대조,0,2.0,18.0,216.95,104.0,0.0,0.0,0.0,1.0,0,0.0,0.0,0.0,103.37,11.0,2.0,0,1,2.0,2.9444389791664403,5.384265678684401,0.0,0,1.0,0.021871638759764216,-3.8004501463935707,True
185,대조,0,2.0,12.0,368.06,25253.0,2.0,2.38,0.0,0.0,0,0.0,0.0,0.0,143.23,6.0,2.0,0,1,2.0,2.5649493574615367,5.910959232448332,0.006466337010270064,0,0.0,0.029180428842906506,-3.504642394019564,True
187,대조,0,5.0,7.0,69.42,39.0,2.0,2.38,0.0,2.0,0,0.0,0.0,0.0,22.4,1.0,5.0,0,1,5.0,2.0794415416798357,4.254477313726906,0.034284067991933155,0,2.0,0.0174097591246262,-4.033161269521323,True
188,대조,0,7.0,13.0,788.96,360.0,1.0,5.76,0.0,0.0,0,0.0,0.0,0.0,289.97,2.0,7.0,0,1,7.0,2.6390573296152584,6.671982311267786,0.007300750354897586,0,0.0,0.03935632914627344,-3.1949467459815906,True
192,대조,0,10.0,15.0,495.22,203.0,0.0,0.0,0.0,1.0,1,0.0,0.0,0.0,213.89000000000001,4.0,10.0,0,1,10.0,2.772588722239781,6.207019376773516,0.0,0,1.0,0.03445958624933796,-3.33290073450483,True
193,대조,0,2.0,17.0,726.15,86594.0,0.0,0.0,0.0,1.0,1,0.0,0.0,0.0,400.26,8.0,2.0,0,1,2.0,2.8903717578961645,6.589132783623719,0.0,0,1.0,0.04064621876511396,-3.161354100892508,True
194,대조,0,4.0,6.0,149.79,59.0,0.0,0.0,0.0,0.0,0,0.0,0.0,0.0,23.91,2.0,4.0,0,1,4.0,1.9459101490553132,5.0158881403777045,0.0,0,0.0,0.0155540562275252,-4.147757534026855,True
195,대조,0,4.0,13.0,674.11,29877.0,0.0,0.0,0.0,0.0,0,3.65,1.0,1.0,307.86,6.0,4.0,1,1,4.0,2.6390573296152584,6.514875640558472,0.0,0,0.0,0.03296705533821701,-3.378723824083906,True
196,대조,0,3.0,28.0,696.35,354.0,4.0,5.76,0.0,0.0,0,0.0,0.0,0.0,243.88,14.0,3.0,0,1,3.0,3.367295829986474,6.547287436804703,0.008271702448481367,0,0.0,0.048909939815364074,-2.967628114538689,True
198,대조,0,1.0,141.0,1764.1100000000001,902.0,5.0,7.85,0.0,0.0,1,3.48,2.0,2.0,733.66,44.0,1.0,1,1,1.0,4.955827057601261,7.475968290371578,0.004449835894587072,0,0.0,0.12836193384043948,-1.915520394119225,True
200,대조,0,90.0,1.0,172.48000000000002,98.0,0.0,0.0,0.0,0.0,0,0.0,0.0,0.0,0.0,0.0,90.0,0,0,90.0,0.6931471805599453,5.156062318967166,0.0,0,0.0,0.011005220540485456,-4.498319298200073,False
205,대조,0,5.0,10.0,396.01,137.0,0.0,0.0,0.0,0.0,0,0.0,0.0,0.0,98.29,6.0,5.0,0,1,5.0,2.3978952727983707,5.9839614692868315,0.0,0,0.0,0.02535484101254934,-3.649103786485951,True
208,대조,0,2.0,13.0,381.96,187.0,0.0,0.0,0.0,3.0,1,0.0,0.0,0.0,185.08,8.0,2.0,0,1,2.0,2.6390573296152584,5.947930545084254,0.0,0,3.0,0.02324504632680011,-3.738143757390229,True
209,대조,0,4.0,14.0,1037.63,25519.0,0.0,0.0,0.0,0.0,1,0.0,0.0,0.0,253.79,6.0,4.0,0,1,4.0,2.70805020110221,6.945657816030605,0.0,0,0.0,0.04890747636140599,-2.9676810730847425,True
210,대조,0,1.0,32.0,787.71,331.0,1.0,1.79,0.0,1.0,0,0.0,0.0,0.0,178.81,9.0,1.0,0,1,1.0,3.4965075614664802,6.670398699415744,0.002272409897043328,0,1.0,0.04243325199502088,-3.116463129291338,True
211,대조,0,29.0,3.0,109.19,80.0,0.0,0.0,0.0,0.0,1,0.0,0.0,0.0,9.76,1.0,29.0,0,1,29.0,1.3862943611198906,4.702206148499686,0.0,0,0.0,0.014675597303880548,-4.206784862765122,True
212,대조,0,6.0,18.0,375.57,186.0,0.0,0.0,0.0,2.0,1,0.0,0.0,0.0,106.75,2.0,6.0,0,1,6.0,2.9444389791664403,5.9311039529331815,0.0,0,2.0,0.02922848487825967,-3.502947388463931,True
214,대조,0,3.0,13.0,370.54,193.0,1.0,1.25,0.0,1.0,1,2.29,1.0,1.0,105.1,3.0,3.0,1,1,3.0,2.6390573296152584,5.917656529963258,0.0033734549576294056,0,1.0,0.03150033052419706,-3.4257501029644626,True
215,대조,0,12.0,20.0,250.62,139.0,0.0,0.0,0.0,0.0,0,0.0,0.0,0.0,78.22,5.0,12.0,0,1,12.0,3.044522437723423,5.527920012922985,0.0,0,0.0,0.027163706922469295,-3.578334040362747,True
216,대조,0,7.0,6.0,136.55,47.0,0.0,0.0,0.0,0.0,1,0.0,0.0,0.0,100.88,6.0,7.0,0,1,7.0,1.9459101490553132,4.923987487370583,0.0,0,0.0,0.019025914174604384,-3.942744089315436,True
217,대조,0,10.0,9.0,257.86,18353.0,0.0,0.0,0.0,0.0,0,0.0,0.0,0.0,48.88,1.0,10.0,0,1,10.0,2.302585092994046,5.556287375014292,0.0,0,0.0,0.021245445993565464,-3.8301383339559063,True
218,대조,0,4.0,32.0,1830.42,156419.0,0.0,0.0,0.0,0.0,1,4.17,3.0,3.0,486.93,13.0,4.0,1,1,4.0,3.4965075614664802,7.512846901221188,0.0,0,0.0,0.0764398028164089,-2.4917324414723456,True
219,대조,0,2.0,31.0,1537.75,40101.0,2.0,7.98,0.0,2.0,1,2.99,1.0,1.0,585.89,11.0,2.0,1,1,2.0,3.4657359027997265,7.338725677498664,0.005189400097545115,0,2.0,0.06078192618384468,-2.7377552146638715,True
220,대조,0,13.0,10.0,372.64,18103.0,1.0,0.88,0.0,0.0,1,0.88,1.0,1.0,174.5,8.0,13.0,1,1,13.0,2.3978952727983707,5.923292767004648,0.0023615285530270503,0,0.0,0.03262194105592903,-3.389604279184226,True
221,대조,0,9.0,11.0,364.02,16225.0,1.0,1.25,0.0,0.0,1,0.0,0.0,0.0,130.96,3.0,9.0,0,1,9.0,2.4849066497880004,5.8999521466018745,0.0034338772594912368,0,0.0,0.03388226934265247,-3.350393851853844,True
222,대조,0,5.0,16.0,726.34,13617.0,2.0,2.5,0.0,0.0,1,0.0,0.0,0.0,204.85,4.0,5.0,0,1,5.0,2.833213344056216,6.589394043585742,0.0034419142550320787,0,0.0,0.04796788503206956,-2.9880670432781353,True
223,대조,0,4.0,11.0,419.81,219.0,1.0,1.79,0.0,0.0,0,0.0,0.0,0.0,50.74,2.0,4.0,0,1,4.0,2.4849066497880004,6.04218142539969,0.004263833639027179,0,0.0,0.02863027348401246,-3.5242424932062972,True
226,대조,0,36.0,5.0,166.22,74.0,1.0,3.19,0.0,0.0,0,0.0,0.0,0.0,60.75,2.0,36.0,0,1,36.0,1.791759469228055,5.119310310721912,0.01919143304054867,0,0.0,0.02154258973084845,-3.815945366941906,True
227,대조,0,3.0,15.0,134.29,125.0,0.0,0.0,0.0,0.0,0,0.0,0.0,0.0,45.34,8.0,3.0,0,1,3.0,2.772588722239781,4.907420622615269,0.0,0,0.0,0.019924904032147448,-3.895658789057078,True
228,대조,0,9.0,4.0,126.37,34.0,0.0,0.0,0.0,0.0,0,0.0,0.0,0.0,806.92,8.0,9.0,0,1,9.0,1.6094379124341003,4.8470962366016686,0.0,0,0.0,0.013088741922460118,-4.3228276591456325,True
230,대조,0,3.0,28.0,767.76,23778.0,2.0,4.08,0.0,0.0,1,0.0,0.0,0.0,304.73,11.0,3.0,0,1,3.0,3.367295829986474,6.644778827166204,0.0053141606752110035,0,0.0,0.06013072538696064,-2.749219847408893,True
232,대조,0,1.0,82.0,2218.89,120158.0,4.0,12.02,0.0,0.0,1,9.58,9.0,6.0,517.02,17.0,1.0,1,1,1.0,4.418840607796598,7.705212924089156,0.005417122975902366,0,0.0,0.11846317368918781,-2.0070646361145577,True
235,대조,0,3.0,19.0,1268.64,16151.0,2.0,2.38,0.0,2.0,1,0.0,0.0,0.0,465.91,8.0,3.0,0,1,3.0,2.995732273553991,7.1464886747020335,0.0018760247193845376,0,2.0,0.04619254287284328,-3.0276434487867254,True
236,대조,0,30.0,3.0,76.15,29.0,0.0,0.0,0.0,2.0,0,0.0,0.0,0.0,0.0,0.0,30.0,0,0,30.0,1.3862943611198906,4.34575157880917,0.0,0,2.0,0.00791723486421318,-4.830764524842431,False
242,대조,0,45.0,7.0,631.7,262.0,1.0,3.19,0.0,0.0,1,0.0,0.0,0.0,197.39,4.0,45.0,0,1,45.0,2.0794415416798357,6.449996376152838,0.005049865442456862,0,0.0,0.03715002774064456,-3.2549330897315274,True
245,대조,0,14.0,5.0,79.5,4554.0,0.0,0.0,0.0,0.0,0,0.0,0.0,0.0,28.53,3.0,14.0,0,1,14.0,1.791759469228055,4.388257184424518,0.0,0,0.0,0.011924146872695766,-4.417193976079721,False
246,대조,0,1.0,8.0,156.06,88.0,0.0,0.0,0.0,0.0,0,0.0,0.0,0.0,59.52,4.0,1.0,0,1,1.0,2.1972245773362196,5.056627897946728,0.0,0,0.0,0.017182079326429938,-4.046556933745856,True
248,대조,0,25.0,2.0,435.38,250.0,0.0,0.0,0.0,1.0,1,0.0,0.0,0.0,0.0,0.0,25.0,0,0,25.0,1.0986122886681098,6.078513423394504,0.0,0,1.0,0.018719869300795524,-3.959272485840272,True
249,대조,0,4.0,14.0,474.17,79.0,0.0,0.0,0.0,0.0,1,0.0,0.0,0.0,69.32000000000001,7.0,4.0,0,1,4.0,2.70805020110221,6.163672634742439,0.0,0,0.0,0.03762408898000281,-3.2417606246151633,True
253,대조,0,1.0,52.0,1143.19,10555.0,0.0,0.0,0.0,0.0,1,1.92,1.0,1.0,392.67,11.0,1.0,1,1,1.0,3.970291913552122,7.04245224206542,0.0,0,0.0,0.07645768360460668,-2.491479188059336,True
257,대조,0,17.0,11.0,321.42,177.0,1.0,1.76,0.0,1.0,1,0.0,0.0,0.0,183.39,13.0,17.0,0,1,17.0,2.4849066497880004,5.775855043447852,0.0054757015742642025,0,1.0,0.029702792108786135,-3.4863613726676252,True
258,대조,0,1.0,36.0,376.78000000000003,256.0,0.0,0.0,0.0,2.0,0,0.0,0.0,0.0,130.12,15.0,1.0,0,1,1.0,3.6109179126442243,5.934312015603673,0.0,0,2.0,0.02915001903983174,-3.5057163908651976,True
261,대조,0,,0.0,0.0,0.0,0.0,0.0,0.0,0.0,0,0.0,0.0,0.0,15.0,1.0,90.0,0,1,90.0,0.0,0.0,0.0,0,0.0,0.0014293166428961715,-6.549128481937849,False
263,대조,0,1.0,46.0,1078.08,458.0,1.0,0.88,0.0,0.0,1,1.92,1.0,1.0,246.85,15.0,1.0,1,1,1.0,3.8501476017100584,6.983864105234444,0.0008162659542891067,0,0.0,0.0731002220804055,-2.540014040500213,True
264,대조,0,38.0,7.0,215.58,93.0,0.0,0.0,0.0,0.0,1,0.0,0.0,0.0,115.08,4.0,38.0,0,1,38.0,2.0794415416798357,5.377959994200234,0.0,0,0.0,0.02361369074195379,-3.7220316567538356,True
265,대조,0,5.0,11.0,977.91,508.0,1.0,2.5,0.0,0.0,0,0.0,0.0,0.0,185.6,5.0,5.0,0,1,5.0,2.4849066497880004,6.88643970776327,0.0025564724770173125,0,0.0,0.0370535789375754,-3.257632828141996,True
266,대조,0,2.0,9.0,527.54,15106.0,1.0,1.25,0.0,0.0,0,0.0,0.0,0.0,40.01,1.0,2.0,0,1,2.0,2.302585092994046,6.270118488349759,0.0023694885695871404,0,0.0,0.028129165972649743,-3.542415935799691,True
273,대조,0,1.0,24.0,392.55,113.0,0.0,0.0,0.0,0.0,0,0.0,0.0,0.0,80.4,6.0,1.0,0,1,1.0,3.2188758248682006,5.975208124588459,0.0,0,0.0,0.03339196654963261,-3.3654777218291216,True
275,대조,0,3.0,42.0,772.96,39916.0,1.0,1.79,0.0,0.0,0,6.99,1.0,1.0,295.71,13.0,3.0,1,1,3.0,3.7612001156935624,6.651520192667728,0.0023157731318567583,0,0.0,0.052327919001478373,-2.896478483538483,True
276,대조,0,1.0,40.0,1437.42,34669.0,3.0,4.29,0.0,0.0,1,1.92,1.0,1.0,743.59,20.0,1.0,1,1,1.0,3.713572066704308,7.271300567958845,0.002984513920774721,0,0.0,0.07947708999885555,-2.4494730849975865,True
278,대조,0,7.0,8.0,250.63,121.0,0.0,0.0,0.0,2.0,0,0.0,0.0,0.0,119.97,4.0,7.0,0,1,7.0,2.1972245773362196,5.527959754602076,0.0,0,2.0,0.015638854764646836,-4.142234339564128,True
279,대조,0,24.0,11.0,364.49,44043.0,0.0,0.0,0.0,0.0,0,1.25,1.0,1.0,102.57,4.0,24.0,1,1,24.0,2.4849066497880004,5.901238919034426,0.0,0,0.0,0.025617551346090707,-3.6385261683019627,True
280,대조,0,1.0,19.0,468.54,13739.0,0.0,0.0,0.0,0.0,0,0.0,0.0,0.0,107.66,5.0,1.0,0,1,1.0,2.995732273553991,6.151753492037362,0.0,0,0.0,0.032861563631319764,-3.3820379497590896,True
281,대조,0,3.0,10.0,190.84,103.0,0.0,0.0,0.0,2.0,1,1.0,1.0,1.0,140.49,5.0,3.0,1,1,3.0,2.3978952727983707,5.256661691279204,0.0,0,2.0,0.019211076493273804,-3.9328702584112123,True
285,대조,0,9.0,26.0,422.85,22774.0,1.0,1.92,0.0,1.0,0,0.0,0.0,0.0,235.68,9.0,9.0,0,1,9.0,3.295836866004329,6.049379619054415,0.004540617240156084,0,1.0,0.033526016107174206,-3.3613326427835024,True
286,대조,0,12.0,5.0,141.1,105.0,0.0,0.0,0.0,1.0,0,0.0,0.0,0.0,127.72,3.0,12.0,0,1,12.0,1.791759469228055,4.956531035103055,0.0,0,1.0,0.012732026965734408,-4.350820877783763,True
288,대조,0,2.0,13.0,394.36,65810.0,0.0,0.0,0.0,1.0,0,8.55,3.0,3.0,222.45,6.0,2.0,1,1,2.0,2.6390573296152584,5.9797967422403,0.0,0,1.0,0.024148997644071264,-3.6990670394228435,True
291,대조,0,2.0,12.0,585.92,397.0,5.0,7.1,0.0,0.0,0,9.09,3.0,3.0,94.2,4.0,2.0,1,1,2.0,2.5649493574615367,6.374888524339266,0.012117695248498088,0,0.0,0.03756103240662967,-3.2435035130320395,True
294,대조,0,3.0,28.0,727.75,380.0,0.0,0.0,0.0,4.0,1,2.38,2.0,2.0,306.63,16.0,3.0,1,1,3.0,3.367295829986474,6.591330737664702,0.0,0,4.0,0.032671498562021534,-3.388035055467969,True
297,대조,0,54.0,8.0,249.89000000000001,141.0,0.0,0.0,0.0,0.0,0,0.0,0.0,0.0,19.68,2.0,54.0,0,1,54.0,2.1972245773362196,5.525014596061544,0.0,0,0.0,0.020687397113471007,-3.8573262201666245,True
300,대조,0,23.0,13.0,603.34,266.0,0.0,0.0,0.0,2.0,1,0.0,0.0,0.0,133.2,6.0,23.0,0,1,23.0,2.6390573296152584,6.404136953465499,0.0,0,2.0,0.031175251431708476,-3.436459180798663,True
301,대조,0,12.0,6.0,561.87,204.0,0.0,0.0,0.0,0.0,1,0.0,0.0,0.0,504.57,5.0,12.0,0,1,12.0,1.9459101490553132,6.333048695615371,0.0,0,0.0,0.03087296589690172,-3.4465147905476585,True
302,대조,0,4.0,10.0,385.42,152.0,0.0,0.0,0.0,0.0,1,0.0,0.0,0.0,10.67,1.0,4.0,0,1,4.0,2.3978952727983707,5.9569248608332375,0.0,0,0.0,0.03157676339262593,-3.423247705195907,True
303,대조,0,5.0,35.0,750.23,4859.0,0.0,0.0,0.0,0.0,0,0.88,1.0,1.0,198.17000000000002,9.0,5.0,1,1,5.0,3.58351893845611,6.621711863198865,0.0,0,0.0,0.04702924073449302,-3.0088146688098534,True
306,대조,0,6.0,16.0,712.69,48911.0,0.0,0.0,0.0,0.0,1,0.88,1.0,1.0,327.54,12.0,6.0,1,1,6.0,2.833213344056216,6.570448694389438,0.0,0,0.0,0.0450344940154711,-3.05424649062992,True
307,대조,0,1.0,57.0,430.67,3021.0,0.0,0.0,0.0,1.0,0,0.0,0.0,0.0,156.62,27.0,1.0,0,1,1.0,4.060443010546419,6.067661407443436,0.0,0,1.0,0.04034494217078785,-3.1691078671996946,True
308,대조,0,2.0,7.0,147.64000000000001,45.0,0.0,0.0,0.0,0.0,0,0.0,0.0,0.0,85.12,5.0,2.0,0,1,2.0,2.0794415416798357,5.001527275065529,0.0,0,0.0,0.01619382883578161,-4.106798663523972,True
312,대조,0,17.0,5.0,340.64,145.0,1.0,1.76,0.0,0.0,0,5.0,3.0,3.0,211.68,3.0,17.0,1,1,17.0,1.791759469228055,5.833757551077946,0.005166744950681071,0,0.0,0.021477180965585787,-3.8190530859232052,True
314,대조,0,35.0,5.0,182.65,144.0,2.0,7.98,0.0,0.0,1,0.0,0.0,0.0,0.0,0.0,35.0,0,0,35.0,1.791759469228055,5.213031772265676,0.04369011771147002,0,0.0,0.042264956183974335,-3.1206128838179037,True
317,대조,0,11.0,9.0,1051.59,428.0,1.0,5.38,0.0,1.0,1,0.0,0.0,0.0,86.36,2.0,11.0,0,1,11.0,2.302585092994046,6.959009072589542,0.005116062343689081,0,1.0,0.04129381448691042,-3.1448719335844237,True
318,대조,0,3.0,12.0,100.73,36.0,0.0,0.0,0.0,1.0,0,0.0,0.0,0.0,111.25,11.0,3.0,0,1,3.0,2.5649493574615367,4.622322244805657,0.0,0,1.0,0.014767802804787955,-4.2004280217850365,True
319,대조,0,4.0,15.0,617.54,37597.0,1.0,1.5,0.0,2.0,1,2.99,1.0,1.0,185.32,3.0,4.0,1,1,4.0,2.772588722239781,6.427361862336348,0.00242899245393011,0,2.0,0.03396021551643089,-3.3480153105223835,True
322,대조,0,19.0,10.0,370.74,152.0,1.0,1.25,0.0,0.0,0,0.0,0.0,0.0,103.67999999999999,3.0,19.0,0,1,19.0,2.3978952727983707,5.9181946851802065,0.0033716351081620544,0,0.0,0.026422878845515047,-3.606746784384546,True
324,대조,0,16.0,21.0,1352.64,76783.0,1.0,2.99,0.0,3.0,1,2.99,1.0,1.0,466.33,10.0,16.0,1,1,16.0,3.091042453358316,7.210552539242765,0.002210492074757511,0,3.0,0.04345659317799241,-3.0915635868156444,True
328,처치,1,2.0,33.0,2297.57,47714.0,4.0,11.870000000000001,0.0,0.0,0,10.64,3.0,3.0,880.29,12.0,2.0,1,1,2.0,3.5263605246161616,7.740042469426883,0.005166327902958343,0,0.0,0.0725420592062253,-2.5482809259658765,True
330,대조,0,5.0,17.0,185.87,11727.0,0.0,0.0,0.0,0.0,0,0.0,0.0,0.0,343.25,20.0,5.0,0,1,5.0,2.8903717578961645,5.230413187934164,0.0,0,0.0,0.02320057419208841,-3.7401043069416042,True
331,대조,0,2.0,14.0,198.17000000000002,97.0,0.0,0.0,0.0,0.0,0,0.0,0.0,0.0,45.74,5.0,2.0,0,1,2.0,2.70805020110221,5.294158731399178,0.0,0,0.0,0.022242229296354277,-3.7832692586360706,True
332,대조,0,1.0,16.0,580.9,322.0,2.0,2.5,0.0,1.0,1,2.0,1.0,1.0,246.42000000000002,7.0,1.0,1,1,1.0,2.833213344056216,6.366298611662624,0.00430366672404889,0,1.0,0.03973476103827643,-3.1849831393968144,True
333,대조,0,3.0,5.0,309.72,186.0,0.0,0.0,0.0,0.0,0,4.88,3.0,2.0,150.65,6.0,3.0,1,1,3.0,1.791759469228055,5.73889218510296,0.0,0,0.0,0.01890933121745801,-3.9490093647114706,True
335,대조,0,4.0,28.0,564.11,241.0,0.0,0.0,0.0,1.0,0,2.99,1.0,1.0,125.64,7.0,4.0,1,1,4.0,3.367295829986474,6.337020402462238,0.0,0,1.0,0.03499488462249832,-3.31693150506924,True
337,대조,0,4.0,13.0,210.8,116.0,0.0,0.0,0.0,0.0,0,0.0,0.0,0.0,11.040000000000001,1.0,4.0,0,1,4.0,2.6390573296152584,5.355642433167306,0.0,0,0.0,0.022204061117622836,-3.785025791440318,True
338,대조,0,1.0,21.0,321.65,228.0,3.0,5.63,0.0,0.0,0,0.0,0.0,0.0,55.09,5.0,1.0,0,1,1.0,3.091042453358316,5.776568144381849,0.017503497590548735,0,0.0,0.04012325076115325,-3.1748489042478445,True
342,대조,0,16.0,7.0,456.08,197.0,0.0,0.0,0.0,0.0,0,0.0,0.0,0.0,0.0,0.0,16.0,0,0,16.0,2.0794415416798357,6.124858430278513,0.0,0,0.0,0.023975407742556243,-3.7064591554670647,True
343,대조,0,3.0,10.0,258.78,122.0,0.0,0.0,0.0,0.0,0,0.0,0.0,0.0,116.04,4.0,3.0,0,1,3.0,2.3978952727983707,5.559835118979138,0.0,0,0.0,0.021909057329372008,-3.798702526120593,True
346,대조,0,1.0,23.0,829.67,468.0,4.0,21.46,0.0,0.0,1,6.99,1.0,1.0,352.86,10.0,1.0,1,1,1.0,3.1780538303479458,6.722232604072274,0.025865705642002246,0,0.0,0.08082357768259232,-2.4312093500219585,True
348,대조,0,1.0,14.0,301.38,183.0,0.0,0.0,0.0,0.0,0,1.92,1.0,1.0,127.24000000000001,13.0,1.0,1,1,1.0,2.70805020110221,5.711684504552055,0.0,0,0.0,0.025645608576093302,-3.637402737680165,True
350,대조,0,4.0,12.0,301.45,25729.0,0.0,0.0,0.0,2.0,1,0.0,0.0,0.0,33.42,3.0,4.0,0,1,4.0,2.5649493574615367,5.711915974552923,0.0,0,2.0,0.023796963929763874,-3.714112586974708,True
353,대조,0,4.0,11.0,452.43,192.0,1.0,7.99,0.0,0.0,1,0.0,0.0,0.0,146.8,4.0,4.0,0,1,4.0,2.4849066497880004,6.116840902624691,0.017660190526711316,0,0.0,0.04614623520945216,-3.028694992954374,True
356,대조,0,11.0,20.0,261.19,32265.0,0.0,0.0,0.0,0.0,0,3.52,4.0,2.0,143.19,9.0,11.0,1,1,11.0,3.044522437723423,5.569069431776972,0.0,0,0.0,0.027534778855786698,-3.564384421237339,True
358,대조,0,2.0,41.0,2297.37,828.0,5.0,19.6,0.0,0.0,1,6.640000000000001,2.0,2.0,509.79,9.0,2.0,1,1,2.0,3.7376696182833684,7.739955455021593,0.00853149470916744,0,0.0,0.10160160569767841,-2.1795542770062015,True
361,처치,1,2.0,19.0,769.35,432.0,1.0,1.25,0.0,3.0,1,2.0,2.0,1.0,382.32,9.0,2.0,1,1,2.0,2.995732273553991,6.646844957027784,0.0016247481640345746,0,3.0,0.034241508877756045,-3.3394751757707244,True
362,대조,0,7.0,14.0,439.46000000000004,183.0,0.0,0.0,2.0,1.0,1,0.0,0.0,0.0,156.29,4.0,7.0,0,1,7.0,2.70805020110221,6.087819635350745,0.0,1,1.0,0.1397549687734484,-1.817326602563764,True
367,대조,0,7.0,16.0,962.25,526.0,2.0,3.54,6.0,2.0,1,4.05,3.0,3.0,234.24,5.0,7.0,1,1,7.0,2.833213344056216,6.870312983506267,0.0036788776305533904,1,2.0,0.17267518331736062,-1.5667851063383258,True
368,대조,0,9.0,4.0,45.95,20.0,0.0,0.0,0.0,2.0,0,0.0,0.0,0.0,3.79,1.0,9.0,0,1,9.0,1.6094379124341003,3.849083205654272,0.0,0,2.0,0.007129662122263302,-4.936336234242529,False
369,대조,0,16.0,5.0,139.68,75.0,0.0,0.0,0.0,0.0,0,4.0,2.0,1.0,149.58,2.0,16.0,1,1,16.0,1.791759469228055,4.946487807605782,0.0,0,0.0,0.014477264237117149,-4.220592761402068,True
370,대조,0,,0.0,0.0,0.0,0.0,0.0,0.0,0.0,1,1.0,1.0,1.0,269.64,10.0,90.0,1,1,90.0,0.0,0.0,0.0,0,0.0,0.0018087238743459205,-6.3133233625706335,False
371,대조,0,2.0,25.0,2041.25,985.0,3.0,5.66,0.0,0.0,1,0.0,0.0,0.0,706.75,6.0,2.0,0,1,2.0,3.258096538021482,7.6218074202219785,0.0027728107777097366,0,0.0,0.07656592365214318,-2.489947295690918,True
374,대조,0,8.0,29.0,1674.84,8643.0,0.0,0.0,0.0,3.0,0,3.58,2.0,2.0,505.42,7.0,8.0,1,1,8.0,3.4011973816621555,7.4240698110911225,0.0,0,3.0,0.03970231497877563,-3.1858338271571074,True
376,대조,0,1.0,75.0,818.64,405.0,1.0,1.79,0.0,1.0,0,0.0,0.0,0.0,150.28,19.0,1.0,0,1,1.0,4.330733340286331,6.708865219468632,0.0021865533079253397,0,1.0,0.05671999999046747,-2.8112362812227145,True
377,처치,1,10.0,16.0,284.74,133.0,0.0,0.0,0.0,0.0,1,0.88,1.0,1.0,102.17,8.0,10.0,1,1,10.0,2.833213344056216,5.655082306437012,0.0,0,0.0,0.03314414322371462,-3.373183396041552,True
378,대조,0,1.0,44.0,749.03,27465.0,0.0,0.0,0.0,1.0,1,2.0,1.0,1.0,283.81,17.0,1.0,1,1,1.0,3.8066624897703196,6.6201132057303775,0.0,0,1.0,0.0557833562123724,-2.828880086222903,True
380,대조,0,5.0,17.0,966.11,474.0,3.0,5.5,0.0,0.0,0,1.79,1.0,1.0,475.22,8.0,5.0,1,1,5.0,2.8903717578961645,6.8743122428617855,0.005692933516887311,0,0.0,0.044588312208601946,-3.0646705677024224,True
381,대조,0,4.0,5.0,265.38,78.0,0.0,0.0,0.0,2.0,1,0.0,0.0,0.0,85.57000000000001,5.0,4.0,0,1,4.0,1.791759469228055,5.584923860772885,0.0,0,2.0,0.01745690421788701,-4.030408978590636,True
383,대조,0,2.0,18.0,945.4300000000001,16495.0,0.0,0.0,0.0,0.0,1,0.0,0.0,0.0,544.32,13.0,2.0,0,1,2.0,2.9444389791664403,6.852697011231933,0.0,0,0.0,0.051265299866426126,-2.9181150947932224,True
384,대조,0,44.0,4.0,206.43,104.0,0.0,0.0,0.0,1.0,0,0.0,0.0,0.0,31.97,2.0,44.0,0,1,44.0,1.6094379124341003,5.334793933358054,0.0,0,1.0,0.013827148468505027,-4.267197705123395,True
386,대조,0,12.0,15.0,210.04,151.0,4.0,4.76,0.0,0.0,1,0.0,0.0,0.0,193.96,9.0,12.0,0,1,12.0,2.772588722239781,5.352047688969004,0.022662350028565988,0,0.0,0.04291687084867286,-3.1046252434940267,True
387,대조,0,1.0,36.0,1233.15,355.0,0.0,0.0,0.0,0.0,1,0.0,0.0,0.0,90.44,3.0,1.0,0,1,1.0,3.6109179126442243,7.118137752993733,0.0,0,0.0,0.06970194320995055,-2.5912768289689607,True
389,대조,0,1.0,37.0,2551.03,47113.0,16.0,36.96,0.0,0.0,1,5.18,2.0,2.0,841.49,14.0,1.0,1,1,1.0,3.6375861597263857,7.844644399881479,0.014488265524121628,0,0.0,0.1115847573834786,-2.074654791219589,True
390,대조,0,18.0,14.0,209.14,82.0,1.0,2.29,0.0,0.0,1,0.0,0.0,0.0,98.1,5.0,18.0,0,1,18.0,2.70805020110221,5.347773975260629,0.010949603136654874,0,0.0,0.034549835874100494,-3.3301916840733448,True
391,대조,0,,0.0,0.0,0.0,0.0,0.0,0.0,0.0,1,0.0,0.0,0.0,226.27,5.0,90.0,0,1,90.0,0.0,0.0,0.0,0,0.0,0.0018087238743459205,-6.3133233625706335,False
392,대조,0,1.0,16.0,1570.65,522.0,2.0,8.18,0.0,0.0,1,2.0,1.0,1.0,378.07,5.0,1.0,1,1,1.0,2.833213344056216,7.35988130188935,0.005208034890013688,0,0.0,0.06361868479728786,-2.689115568234439,True
393,대조,0,4.0,33.0,597.98,308.0,0.0,0.0,0.0,0.0,0,0.0,0.0,0.0,254.22,15.0,4.0,0,1,4.0,3.5263605246161616,6.3952282085763885,0.0,0,0.0,0.0427473458674338,-3.1087602545344013,True
394,대조,0,6.0,14.0,504.17,204.0,2.0,5.98,0.0,0.0,0,0.0,0.0,0.0,36.730000000000004,3.0,6.0,0,1,6.0,2.70805020110221,6.224895006290327,0.011861078604438979,0,0.0,0.03738601563970527,-3.2483557633390285,True
396,처치,1,2.0,30.0,350.5,10358.0,0.0,0.0,0.0,0.0,0,0.0,0.0,0.0,53.28,3.0,2.0,0,1,2.0,3.4339872044851463,5.86220971125072,0.0,0,0.0,0.03458976525354539,-3.328995288345635,True
397,대조,0,1.0,37.0,823.75,53571.0,0.0,0.0,0.0,0.0,0,0.0,0.0,0.0,279.2,11.0,1.0,0,1,1.0,3.6375861597263857,6.715080310108691,0.0,0,0.0,0.049313986076109394,-2.9589761098686314,True
398,대조,0,14.0,16.0,387.71,223.0,0.0,0.0,0.0,0.0,0,0.0,0.0,0.0,63.85,6.0,14.0,0,1,14.0,2.833213344056216,5.962833564308829,0.0,0,0.0,0.029334077227499818,-3.499232468756749,True
400,대조,0,4.0,46.0,2475.25,54260.0,1.0,3.79,0.0,0.0,1,0.0,0.0,0.0,1352.94,18.0,4.0,0,1,4.0,3.8501476017100584,7.814500598012761,0.0015311584688415313,0,0.0,0.096651283029358,-2.234999174344911,True
402,대조,0,14.0,18.0,645.63,45091.0,0.0,0.0,0.0,0.0,0,0.0,0.0,0.0,319.38,9.0,14.0,0,1,14.0,2.9444389791664403,6.471774260750772,0.0,0,0.0,0.03620241340925772,-3.2817555147735216,True
403,대조,0,,0.0,0.0,0.0,0.0,0.0,0.0,1.0,0,0.0,0.0,0.0,82.7,2.0,90.0,0,1,90.0,0.0,0.0,0.0,0,1.0,0.0012529697663374772,-6.68098497699042,False
404,대조,0,3.0,29.0,641.6,46818.0,0.0,0.0,0.0,3.0,1,0.0,0.0,0.0,309.54,17.0,3.0,0,1,3.0,3.4011973816621555,6.465522446681758,0.0,0,3.0,0.03597279670693682,-3.2883565076146137,True
405,대조,0,17.0,10.0,293.54,44593.0,1.0,0.88,0.0,2.0,0,1.76,2.0,2.0,264.69,6.0,17.0,1,1,17.0,2.3978952727983707,5.685414817298017,0.002997887851740819,0,2.0,0.018715513286577452,-3.95950964671371,True
408,대조,0,3.0,13.0,681.7,259.0,1.0,2.29,0.0,0.0,0,0.0,0.0,0.0,126.92,4.0,3.0,0,1,3.0,2.6390573296152584,6.526055524424235,0.0033592489364823236,0,0.0,0.035002452219070904,-3.3167074377389842,True
410,대조,0,1.0,24.0,165.9,115.0,0.0,0.0,0.0,0.0,1,0.0,0.0,0.0,13.73,2.0,1.0,0,1,1.0,3.2188758248682006,5.11739483066779,0.0,0,0.0,0.03136092739031038,-3.430329300978002,True
411,대조,0,18.0,22.0,1083.69,38563.0,6.0,13.3,0.0,0.0,1,0.0,0.0,0.0,295.09,9.0,18.0,0,1,18.0,3.1354942159291497,6.989049510864743,0.01227288246638799,0,0.0,0.07033118551089874,-2.5816131026893325,True
412,대조,0,5.0,20.0,364.63,255.0,1.0,2.99,0.0,0.0,1,0.0,0.0,0.0,106.86,6.0,5.0,0,1,5.0,3.044522437723423,5.901621893106292,0.008200093245207471,0,0.0,0.04428196201616634,-3.071885514033793,True
414,대조,0,1.0,36.0,638.38,18902.0,1.0,3.0,0.0,0.0,0,0.0,0.0,0.0,224.22,13.0,1.0,0,1,1.0,3.6109179126442243,6.460498956812166,0.0046993953444656785,0,0.0,0.04853850355507566,-2.9756418490386207,True
419,대조,0,3.0,13.0,467.75,10671.0,3.0,7.5,0.0,0.0,0,0.0,0.0,0.0,61.46,3.0,3.0,0,1,3.0,2.6390573296152584,6.15006957728462,0.016034206306787813,0,0.0,0.038144201867959394,-3.227490777749516,True
420,대조,0,4.0,10.0,309.65,149.0,1.0,1.92,0.0,2.0,0,0.0,0.0,0.0,33.68,1.0,4.0,0,1,4.0,2.3978952727983707,5.738666876509702,0.006200549006943323,0,2.0,0.020013091208052093,-3.891152593374459,True
425,대조,0,2.0,17.0,865.83,487.0,1.0,1.54,0.0,2.0,0,0.0,0.0,0.0,317.81,9.0,2.0,0,1,2.0,2.8903717578961645,6.764842879123281,0.0017786401487589942,0,2.0,0.031176468071219463,-3.4364188999580043,True
426,대조,0,5.0,34.0,1307.13,204063.0,0.0,0.0,0.0,0.0,1,5.890000000000001,2.0,2.0,577.59,17.0,5.0,1,1,5.0,3.5553480614894135,7.176353915457652,0.0,0,0.0,0.06988128274934062,-2.588514389401881,True
430,대조,0,70.0,7.0,38.48,23.0,0.0,0.0,0.0,1.0,0,0.0,0.0,0.0,54.96,2.0,70.0,0,1,70.0,2.0794415416798357,3.675794214565281,0.0,0,1.0,0.009274624777283916,-4.671155224682759,False
432,대조,0,4.0,30.0,539.89,293.0,0.0,0.0,0.0,1.0,1,0.0,0.0,0.0,232.2,11.0,4.0,0,1,4.0,3.4339872044851463,6.293215931000806,0.0,0,1.0,0.04423327299949795,-3.073036585183688,True
433,대조,0,7.0,8.0,83.3,52.0,0.0,0.0,0.0,1.0,0,0.0,0.0,0.0,6.94,1.0,7.0,0,1,7.0,2.1972245773362196,4.4343818650078095,0.0,0,1.0,0.012204533854702429,-4.393668148107643,False
436,대조,0,10.0,4.0,199.3,85.0,0.0,0.0,0.0,0.0,0,0.0,0.0,0.0,101.19,1.0,10.0,0,1,10.0,1.6094379124341003,5.299816242671772,0.0,0,0.0,0.0153121207729591,-4.163679994925078,True
437,대조,0,1.0,10.0,630.14,34545.0,0.0,0.0,1.0,2.0,1,0.0,0.0,0.0,494.65,7.0,1.0,0,1,1.0,2.3978952727983707,6.447527707979238,0.0,1,2.0,0.12620155413895148,-1.9349694729977662,True
438,대조,0,4.0,4.0,165.43,67.0,1.0,3.19,0.0,0.0,1,1.79,1.0,1.0,349.83,8.0,4.0,1,1,4.0,1.6094379124341003,5.114574800598636,0.01928308045699087,0,0.0,0.025101051316018547,-3.659424092890279,True
439,대조,0,22.0,3.0,47.01,9.0,0.0,0.0,0.0,1.0,0,0.0,0.0,0.0,0.0,0.0,22.0,0,0,22.0,1.3862943611198906,3.8714093225428488,0.0,0,1.0,0.007622913013506916,-4.868944581181803,False
441,대조,0,4.0,15.0,378.12,172.0,0.0,0.0,0.0,0.0,1,0.0,0.0,0.0,86.47,3.0,4.0,0,1,4.0,2.772588722239781,5.937852777659333,0.0,0,0.0,0.03563221772228123,-3.29822251793873,True
442,대조,0,20.0,5.0,170.3,90.0,0.0,0.0,0.0,0.0,1,0.0,0.0,0.0,40.86,2.0,20.0,0,1,20.0,1.791759469228055,5.143416405330075,0.0,0,0.0,0.01957229140941378,-3.913874051377469,True
443,대조,0,7.0,20.0,529.35,292.0,1.0,1.92,0.0,0.0,1,0.0,0.0,0.0,147.6,3.0,7.0,0,1,7.0,3.044522437723423,6.273537165951479,0.0036270898271465,0,0.0,0.04651628650642171,-3.0203198454118283,True
447,대조,0,2.0,28.0,341.95,161.0,1.0,0.88,0.0,2.0,0,0.0,0.0,0.0,0.0,0.0,2.0,0,0,2.0,3.367295829986474,5.83758466394533,0.002573475654335429,0,2.0,0.027122046130292846,-3.5799117339939412,True
450,대조,0,7.0,10.0,177.48,97.0,0.0,0.0,0.0,0.0,0,0.0,0.0,0.0,70.28,2.0,7.0,0,1,7.0,2.3978952727983707,5.184476550124277,0.0,0,0.0,0.019296035018455737,-3.9283710100547595,True
451,대조,0,1.0,19.0,232.69,70.0,0.0,0.0,0.0,0.0,1,0.0,0.0,0.0,105.08,6.0,1.0,0,1,1.0,2.995732273553991,5.4539954507277155,0.0,0,0.0,0.03258449761612725,-3.3907914430293427,True
458,대조,0,3.0,19.0,273.35,178.0,7.0,15.71,0.0,0.0,1,0.0,0.0,0.0,115.42999999999999,8.0,3.0,0,1,3.0,2.995732273553991,5.614404663504985,0.0574721053594293,0,0.0,0.0885429130438115,-2.331557185781551,True
459,대조,0,9.0,12.0,271.01,64.0,0.0,0.0,0.0,0.0,0,0.0,0.0,0.0,20.1,3.0,9.0,0,1,9.0,2.5649493574615367,5.605838830326074,0.0,0,0.0,0.023637043179635567,-3.7210192915586577,True
460,처치,1,5.0,15.0,82.95,8365.0,1.0,0.88,0.0,0.0,1,0.0,0.0,0.0,13.74,4.0,5.0,0,1,5.0,2.772588722239781,4.43022138352355,0.010608800482218203,0,0.0,0.025551130169948515,-3.6411905001355374,True
462,대조,0,2.0,10.0,109.51,53.0,0.0,0.0,0.0,0.0,1,0.0,0.0,0.0,87.91,3.0,2.0,0,1,2.0,2.3978952727983707,4.705106014600691,0.0,0,0.0,0.02057384884018478,-3.862946044562711,True
464,처치,1,7.0,18.0,263.51,173.0,0.0,0.0,0.0,1.0,1,2.2,3.0,1.0,220.2,11.0,7.0,1,1,7.0,2.9444389791664403,5.577879057767046,0.0,0,1.0,0.029471402832648336,-3.494420470927255,True
469,대조,0,3.0,15.0,693.62,308.0,1.0,1.25,0.0,1.0,1,0.0,0.0,0.0,362.86,11.0,3.0,0,1,3.0,2.772588722239781,6.543364933445692,0.0018021395000144172,0,1.0,0.039661563759320104,-3.1869032086408033,True
472,대조,0,3.0,14.0,1224.82,432.0,9.0,29.55,0.0,0.0,0,0.0,0.0,0.0,134.53,3.0,3.0,0,1,3.0,2.70805020110221,7.111365286793876,0.024125994023611635,0,0.0,0.06150111116049078,-2.7252264297514017,True
473,대조,0,3.0,8.0,335.53,32080.0,1.0,7.99,0.0,0.0,1,12.540000000000001,6.0,5.0,142.37,5.0,3.0,1,1,3.0,2.1972245773362196,5.818687298156949,0.023813071856465893,0,0.0,0.04198654079986493,-3.127512717361691,True
475,대조,0,11.0,6.0,299.8,158.0,1.0,1.5,0.0,0.0,0,0.0,0.0,0.0,91.63,4.0,11.0,0,1,11.0,1.9459101490553132,5.706445592075685,0.005003335557038025,0,0.0,0.021558822048919988,-3.815175561919986,True
476,대조,0,,0.0,0.0,0.0,0.0,0.0,0.0,0.0,0,2.0,1.0,1.0,75.26,3.0,90.0,1,1,90.0,0.0,0.0,0.0,0,0.0,0.0014293166428961715,-6.549128481937849,False
479,대조,0,4.0,17.0,164.84,74.0,0.0,0.0,0.0,0.0,0,0.0,0.0,0.0,93.63,2.0,4.0,0,1,4.0,2.8903717578961645,5.111023468127524,0.0,0,0.0,0.022260654430419222,-3.782422371884969,True
480,대조,0,12.0,3.0,44.93,11.0,0.0,0.0,0.0,3.0,0,0.0,0.0,0.0,222.46,4.0,12.0,0,1,12.0,1.3862943611198906,3.8271184983377022,0.0,0,3.0,0.005749305135186884,-5.152910381518617,False
481,대조,0,22.0,4.0,217.13,104.0,0.0,0.0,0.0,1.0,0,0.0,0.0,0.0,0.0,0.0,22.0,0,0,22.0,1.6094379124341003,5.385091215330075,0.0,0,1.0,0.01392600808243434,-4.259973217395159,True
482,대조,0,1.0,11.0,335.56,179.0,1.0,2.79,0.0,0.0,0,0.0,0.0,0.0,116.78999999999999,6.0,1.0,0,1,1.0,2.4849066497880004,5.818776439282265,0.008314459411133627,0,0.0,0.028378419296157496,-3.5333374360211907,True
483,대조,0,8.0,10.0,159.28,71.0,0.0,0.0,0.0,1.0,1,0.0,0.0,0.0,92.68,6.0,8.0,0,1,8.0,2.3978952727983707,5.076922285767944,0.0,0,1.0,0.02060005430040385,-3.8616463720917,True
484,대조,0,6.0,19.0,365.99,164.0,0.0,0.0,0.0,0.0,1,0.0,0.0,0.0,152.87,7.0,6.0,0,1,6.0,2.995732273553991,5.905334599726935,0.0,0,0.0,0.03804360699138987,-3.2302360659289975,True
485,대조,0,5.0,28.0,835.35,135415.0,0.0,0.0,0.0,0.0,1,0.0,0.0,0.0,85.5,5.0,5.0,0,1,5.0,3.367295829986474,6.729047185758017,0.0,0,0.0,0.05671152389788181,-2.811394715571878,True
490,대조,0,1.0,10.0,584.35,499.0,0.0,0.0,0.0,2.0,1,0.0,0.0,0.0,227.5,4.0,1.0,0,1,1.0,2.3978952727983707,6.372209958925682,0.0,0,2.0,0.02811797535357372,-3.542825359151699,True
495,대조,0,2.0,15.0,649.5,281.0,1.0,0.88,0.0,2.0,0,0.0,0.0,0.0,190.63,7.0,2.0,0,1,2.0,2.772588722239781,6.47774129795256,0.0013548883756735952,0,2.0,0.02696615142143695,-3.5858364409628796,True
498,대조,0,1.0,2.0,14.9,7.0,0.0,0.0,0.0,0.0,0,0.0,0.0,0.0,329.09000000000003,13.0,1.0,0,1,1.0,1.0986122886681098,2.766319109226186,0.0,0,0.0,0.005296129107886878,-5.235468878952959,False
502,대조,0,1.0,7.0,192.47,82.0,1.0,1.92,0.0,0.0,0,4.0,2.0,1.0,20.79,1.0,1.0,1,1,1.0,2.0794415416798357,5.265122461690396,0.009975580609965189,0,0.0,0.021021738420521536,-3.840952372370583,True
503,처치,1,1.0,17.0,527.76,249.0,0.0,0.0,0.0,0.0,0,2.29,1.0,1.0,204.09,7.0,1.0,1,1,1.0,2.8903717578961645,6.2705346427111985,0.0,0,0.0,0.03300795268571819,-3.3774417484298573,True
507,대조,0,23.0,6.0,287.36,14120.0,5.0,5.64,0.0,0.0,0,0.0,0.0,0.0,11.530000000000001,3.0,23.0,0,1,23.0,1.9459101490553132,5.664209699536378,0.019626948775055678,0,0.0,0.027402637297427788,-3.5693309258778094,True
508,대조,0,7.0,9.0,258.56,71.0,0.0,0.0,0.0,0.0,0,0.0,0.0,0.0,0.0,0.0,7.0,0,0,7.0,2.302585092994046,5.558987889752967,0.0,0,0.0,0.02123562799521544,-3.83061059431841,True
511,대조,0,3.0,44.0,880.9,42109.0,2.0,3.71,0.0,2.0,0,2.38,2.0,2.0,293.76,21.0,3.0,1,1,3.0,3.8066624897703196,6.782078670894135,0.0042116017709161084,0,2.0,0.0445574172246401,-3.0653960383937453,True
514,대조,0,8.0,9.0,419.88,213.0,1.0,3.19,0.0,0.0,0,0.0,0.0,0.0,134.18,4.0,8.0,0,1,8.0,2.302585092994046,6.042347757422552,0.007597408783461941,0,0.0,0.02851881714038594,-3.5282577795234533,True
515,대조,0,3.0,15.0,664.05,380.0,0.0,0.0,0.0,0.0,0,0.0,0.0,0.0,11.65,1.0,3.0,0,1,3.0,2.772588722239781,6.499862225799305,0.0,0,0.0,0.03430619890676855,-3.3375207438832666,True
518,대조,0,1.0,18.0,440.15000000000003,202.0,0.0,0.0,0.0,0.0,1,0.0,0.0,0.0,311.62,13.0,1.0,0,1,1.0,2.9444389791664403,6.089384953668114,0.0,0,0.0,0.03969129947783827,-3.186122788870201,True
519,대조,0,19.0,5.0,112.53,50.0,1.0,0.88,0.0,1.0,0,0.0,0.0,0.0,63.44,2.0,19.0,0,1,19.0,1.791759469228055,4.732067119176442,0.007820136852394917,0,1.0,0.01352185801032067,-4.289833680114113,True
520,대조,0,12.0,11.0,223.35,134.0,0.0,0.0,0.0,0.0,0,0.0,0.0,0.0,52.26,4.0,12.0,0,1,12.0,2.4849066497880004,5.413207332421992,0.0,0,0.0,0.02155720101455846,-3.8152524127282628,True
523,대조,0,3.0,2.0,34.4,22.0,0.0,0.0,0.0,0.0,1,1.25,1.0,1.0,226.95,5.0,3.0,1,1,3.0,1.0986122886681098,3.5667118201397288,0.0,0,0.0,0.008852296335178318,-4.718186670030259,False
527,대조,0,2.0,15.0,583.79,237.0,0.0,0.0,0.0,0.0,1,0.0,0.0,0.0,264.29,7.0,2.0,0,1,2.0,2.772588722239781,6.3712528084261635,0.0,0,0.0,0.041199175450803406,-3.147265119715051,True
530,대조,0,28.0,6.0,129.10999999999999,40.0,0.0,0.0,0.0,0.0,0,0.0,0.0,0.0,190.81,4.0,28.0,0,1,28.0,1.9459101490553132,4.868380246515384,0.0,0,0.0,0.01494813550253103,-4.18810771758875,True
533,대조,0,12.0,13.0,525.02,300.0,0.0,0.0,0.0,1.0,0,0.0,0.0,0.0,67.67,1.0,12.0,0,1,12.0,2.6390573296152584,6.2653392348285495,0.0,0,1.0,0.026746070750333705,-3.594257449013464,True
537,대조,0,25.0,7.0,414.85,165.0,0.0,0.0,0.0,0.0,0,0.0,0.0,0.0,62.93,1.0,25.0,0,1,25.0,2.0794415416798357,6.030324618314697,0.0,0,0.0,0.023308876671866083,-3.735336192918477,True
538,대조,0,19.0,6.0,529.1800000000001,211.0,0.0,0.0,0.0,0.0,0,0.0,0.0,0.0,59.57,2.0,19.0,0,1,19.0,1.9459101490553132,6.2732165715289625,0.0,0,0.0,0.024127489272669014,-3.6999801294372956,True
540,대조,0,10.0,9.0,283.02,106.0,3.0,8.48,0.0,0.0,1,2.99,1.0,1.0,86.98,4.0,10.0,1,1,10.0,2.302585092994046,5.649044658216867,0.029962546816479405,0,0.0,0.04567711702529627,-3.039404614991731,True
541,대조,0,11.0,7.0,181.25,91.0,0.0,0.0,0.0,0.0,0,0.0,0.0,0.0,131.08,5.0,11.0,0,1,11.0,2.0794415416798357,5.2053793708887675,0.0,0,0.0,0.01744516147137059,-4.031093826860386,True
542,대조,0,1.0,16.0,289.39,21140.0,1.0,1.25,0.0,0.0,1,2.5,1.0,1.0,136.26,6.0,1.0,1,1,1.0,2.833213344056216,5.671224847096026,0.004319430526279416,0,0.0,0.035692501993095746,-3.296469586559798,True
543,대조,0,3.0,11.0,439.94,237.0,0.0,0.0,0.0,0.0,1,0.0,0.0,0.0,107.15,4.0,3.0,0,1,3.0,2.4849066497880004,6.088908811768835,0.0,0,0.0,0.03399762456490223,-3.3468756368147714,True
544,대조,0,3.0,59.0,430.3,14175.0,0.0,0.0,0.0,0.0,0,0.0,0.0,0.0,79.93,5.0,3.0,0,1,3.0,4.0943445622221,6.066803903653797,0.0,0,0.0,0.04632287718696112,-3.024689221703067,True
545,대조,0,2.0,8.0,381.44,234.0,0.0,0.0,0.0,0.0,0,0.0,0.0,0.0,150.99,3.0,2.0,0,1,2.0,2.1972245773362196,5.946571778217245,0.0,0,0.0,0.023335536238887393,-3.7341657986428483,True
546,대조,0,2.0,18.0,465.96,38408.0,0.0,0.0,0.0,0.0,1,0.0,0.0,0.0,81.74,4.0,2.0,0,1,2.0,2.9444389791664403,6.146243600895535,0.0,0,0.0,0.04047626244917651,-3.1657213647268523,True
548,대조,0,1.0,14.0,978.84,403.0,3.0,7.5,0.0,0.0,1,0.0,0.0,0.0,190.3,3.0,1.0,0,1,1.0,2.70805020110221,6.887389293029265,0.007662130685300968,0,0.0,0.054375704295922124,-2.8559278978545946,True
549,대조,0,21.0,5.0,149.3,65.0,0.0,0.0,0.0,0.0,0,0.0,0.0,0.0,0.0,0.0,21.0,0,0,21.0,1.791759469228055,5.012633296758929,0.0,0,0.0,0.014846333821673623,-4.195044681203514,True
558,대조,0,1.0,18.0,556.15,256.0,4.0,9.16,0.0,0.0,0,0.0,0.0,0.0,16.75,5.0,1.0,0,1,1.0,2.9444389791664403,6.322834503493063,0.016470376696934283,0,0.0,0.04509100782028356,-3.05293319630597,True
560,대조,0,7.0,35.0,792.25,17309.0,0.0,0.0,0.0,2.0,1,0.0,0.0,0.0,156.01,11.0,7.0,0,1,7.0,3.58351893845611,6.676138430463305,0.0,0,2.0,0.04667707213198976,-3.016700616919403,True
562,대조,0,13.0,11.0,436.48,21000.0,0.0,0.0,0.0,1.0,0,0.0,0.0,0.0,33.14,2.0,13.0,0,1,13.0,2.4849066497880004,6.081030990467025,0.0,0,1.0,0.023832845740076162,-3.712569133995329,True
563,대조,0,12.0,12.0,499.68,33243.0,1.0,1.25,0.0,0.0,0,0.0,0.0,0.0,397.47,12.0,12.0,0,1,12.0,2.5649493574615367,6.215967174459823,0.0025016010246557796,0,0.0,0.030408925045287673,-3.4621382580592615,True
566,대조,0,3.0,14.0,147.37,15862.0,0.0,0.0,0.0,0.0,0,0.0,0.0,0.0,48.43,4.0,3.0,0,1,3.0,2.70805020110221,4.999709153962702,0.0,0,0.0,0.020114425549819827,-3.8859985573872615,True
567,대조,0,1.0,33.0,298.16,185.0,1.0,3.58,0.0,1.0,1,0.0,0.0,0.0,127.53,9.0,1.0,0,1,1.0,3.5263605246161616,5.700978547323467,0.012006976120203917,0,1.0,0.04564205109242848,-3.0402093449141394,True
570,대조,0,37.0,3.0,116.83,56.0,0.0,0.0,0.0,0.0,0,0.0,0.0,0.0,41.83,2.0,37.0,0,1,37.0,1.3862943611198906,4.769242907725249,0.0,0,0.0,0.011946355379851935,-4.415310749722977,False
572,대조,0,,0.0,0.0,0.0,0.0,0.0,0.0,2.0,0,0.0,0.0,0.0,0.0,0.0,90.0,0,0,90.0,0.0,0.0,0.0,0,2.0,0.0010983563630484591,-6.812841472042989,False
573,대조,0,1.0,19.0,435.01,206.0,0.0,0.0,0.0,0.0,0,0.0,0.0,0.0,295.32,9.0,1.0,0,1,1.0,2.995732273553991,6.07766517886583,0.0,0,0.0,0.03204621353435192,-3.40800531094904,True
575,대조,0,4.0,49.0,1689.34,26678.0,1.0,1.25,0.0,3.0,1,0.0,0.0,0.0,553.17,17.0,4.0,0,1,4.0,3.912023005428146,7.432684971114399,0.000739933938697953,0,3.0,0.05972411251254134,-2.7564374959917286,True
577,대조,0,16.0,7.0,395.11,159.0,0.0,0.0,0.0,0.0,0,1.76,2.0,2.0,232.88,2.0,16.0,1,1,16.0,2.0794415416798357,5.981691950459155,0.0,0,0.0,0.022828824732129657,-3.7566378615627993,True
578,대조,0,2.0,9.0,334.81,146.0,0.0,0.0,0.0,1.0,1,0.0,0.0,0.0,128.93,11.0,2.0,0,1,2.0,2.302585092994046,5.816545523830769,0.0,0,1.0,0.02561184765350674,-3.6387546945675924,True
580,대조,0,6.0,14.0,154.38,46.0,0.0,0.0,0.0,0.0,0,0.0,0.0,0.0,79.26,4.0,6.0,0,1,6.0,2.70805020110221,5.045873729522275,0.0,0,0.0,0.020464245988588224,-3.8683994737103116,True
581,대조,0,1.0,22.0,592.25,316.0,3.0,3.55,0.0,0.0,0,0.0,0.0,0.0,192.84,6.0,1.0,0,1,1.0,3.1354942159291497,6.385615895315873,0.00599409033347404,0,0.0,0.04123210991900453,-3.1464316925321394,True
582,대조,0,4.0,14.0,409.89,134.0,0.0,0.0,0.0,0.0,1,0.0,0.0,0.0,389.56,9.0,4.0,0,1,4.0,2.70805020110221,6.018325538771608,0.0,0,0.0,0.03582234800869486,-3.2927036192308816,True
584,대조,0,3.0,7.0,135.74,6346.0,0.0,0.0,0.0,0.0,0,0.0,0.0,0.0,0.0,0.0,3.0,0,0,3.0,2.0794415416798357,4.918081312485648,0.0,0,0.0,0.015741734666681252,-4.135572882927077,True
594,대조,0,9.0,10.0,469.1,206.0,0.0,0.0,0.0,0.0,0,0.0,0.0,0.0,0.0,0.0,9.0,0,0,9.0,2.3978952727983707,6.152945438030085,0.0,0,0.0,0.026909844085211555,-3.5879845647783597,True
596,대조,0,3.0,19.0,505.04,192.0,3.0,3.6799999999999997,0.0,0.0,1,0.0,0.0,0.0,154.96,5.0,3.0,0,1,3.0,2.995732273553991,6.226615717546469,0.007286551560272453,0,0.0,0.04778849489120546,-2.992002261473684,True
597,대조,0,10.0,11.0,667.54,375.0,3.0,5.5,0.0,0.0,1,1.79,1.0,1.0,224.38,4.0,10.0,1,1,10.0,2.4849066497880004,6.505096230204434,0.008239206639302514,0,0.0,0.04504343994486551,-3.0540384963478706,True
601,대조,0,6.0,10.0,923.05,14224.0,2.0,4.49,0.0,1.0,1,0.0,0.0,0.0,122.14,3.0,6.0,0,1,6.0,2.3978952727983707,6.828766182731766,0.004864308542332485,0,1.0,0.04055202676853646,-3.1637723299122427,True
603,대조,0,2.0,16.0,218.66,17308.0,0.0,0.0,0.0,2.0,0,0.0,0.0,0.0,29.0,2.0,2.0,0,1,2.0,2.833213344056216,5.392080896360199,0.0,0,2.0,0.018548115788190007,-3.968664780672838,True
604,대조,0,53.0,2.0,152.84,62.0,0.0,0.0,0.0,1.0,0,0.0,0.0,0.0,105.9,3.0,53.0,0,1,53.0,1.0986122886681098,5.035913101280524,0.0,0,1.0,0.010485108173914535,-4.547258833462045,False
606,대조,0,2.0,13.0,449.86,10172.0,0.0,0.0,0.0,0.0,1,1.79,1.0,1.0,333.83,7.0,2.0,1,1,2.0,2.6390573296152584,6.111156870025987,0.0,0,0.0,0.036076691259888626,-3.2853647508649986,True
607,대조,0,32.0,26.0,775.39,7471.0,2.0,3.17,0.0,0.0,1,0.0,0.0,0.0,10.0,1.0,32.0,0,1,32.0,3.295836866004329,6.654654971253124,0.004088265260062678,0,0.0,0.0584950923918764,-2.7785367006438113,True
609,대조,0,13.0,12.0,129.05,56.0,0.0,0.0,0.0,2.0,1,0.0,0.0,0.0,55.82,4.0,13.0,0,1,13.0,2.5649493574615367,4.867918991894661,0.0,0,2.0,0.017886327363613647,-4.005670471362535,True
612,대조,0,6.0,21.0,643.57,14369.0,2.0,3.88,0.0,0.0,0,0.88,1.0,1.0,87.73,3.0,6.0,1,1,6.0,3.091042453358316,6.468583427808069,0.0060288702083689414,0,0.0,0.04188634205685228,-3.1300066032332032,True
614,대조,0,8.0,18.0,450.98,226.0,0.0,0.0,0.0,0.0,1,0.0,0.0,0.0,148.52,10.0,8.0,0,1,8.0,2.9444389791664403,6.113637931065658,0.0,0,0.0,0.04014393953223958,-3.174311852855956,True
618,대조,0,1.0,97.0,1585.66,203976.0,7.0,10.620000000000001,0.0,0.0,0,0.0,0.0,0.0,782.61,44.0,1.0,0,1,1.0,4.584967478670572,7.369386456867857,0.006697526581991096,0,0.0,0.09280527137115874,-2.279853680614881,True
621,대조,0,1.0,12.0,324.4,108.0,0.0,0.0,0.0,0.0,1,0.0,0.0,0.0,155.06,7.0,1.0,0,1,1.0,2.5649493574615367,5.785055194784937,0.0,0,0.0,0.03148710639913533,-3.4261836543428617,True
624,대조,0,5.0,11.0,685.21,27937.0,2.0,3.84,0.0,2.0,1,0.0,0.0,0.0,96.96000000000001,3.0,5.0,0,1,5.0,2.4849066497880004,6.531183703328948,0.005604121364253294,0,2.0,0.0336693803775799,-3.3569172017947175,True
631,대조,0,1.0,58.0,971.99,81344.0,0.0,0.0,0.0,2.0,1,0.0,0.0,0.0,325.71000000000004,16.0,1.0,0,1,1.0,4.07753744390572,6.880373804640899,0.0,0,2.0,0.058728796746711116,-2.7743011241141966,True
632,대조,0,3.0,11.0,323.48,128.0,0.0,0.0,0.0,0.0,0,0.0,0.0,0.0,43.29,2.0,3.0,0,1,3.0,2.4849066497880004,5.782223900962764,0.0,0,0.0,0.02435952131198971,-3.6901713644776697,True
633,대조,0,10.0,31.0,815.22,55983.0,2.0,3.58,0.0,0.0,0,0.0,0.0,0.0,249.59,11.0,10.0,0,1,10.0,3.4657359027997265,6.704683926469581,0.004391452614018302,0,0.0,0.05010630198512409,-2.9422032932008375,True
634,대조,0,4.0,16.0,680.53,301.0,2.0,5.68,0.0,0.0,0,2.0,2.0,2.0,241.24,5.0,4.0,1,1,4.0,2.833213344056216,6.524340270710631,0.008346435866163137,0,0.0,0.04063537764917914,-3.1616321557693516,True
635,대조,0,63.0,3.0,21.63,13.0,1.0,1.79,0.0,1.0,0,0.0,0.0,0.0,0.0,0.0,63.0,0,0,63.0,1.3862943611198906,3.119276459645446,0.08275543226999538,0,1.0,0.024836941519948995,-3.6702725742133295,True
638,대조,0,4.0,29.0,1367.1,142228.0,1.0,1.79,0.0,0.0,0,0.0,0.0,0.0,337.96999999999997,4.0,4.0,0,1,4.0,3.4011973816621555,7.221178194926068,0.0013093409406773463,0,0.0,0.0551776651467628,-2.840438649875123,True
639,대조,0,8.0,3.0,41.01,19.0,2.0,6.79,0.0,0.0,0,3.58,2.0,1.0,141.83,6.0,8.0,1,1,8.0,1.3862943611198906,3.7379076851812907,0.16556937332357963,0,0.0,0.12969223344261208,-1.9036826951623151,True
640,대조,0,3.0,13.0,407.51,4664.0,0.0,0.0,0.0,0.0,0,0.0,0.0,0.0,24.54,3.0,3.0,0,1,3.0,2.6390573296152584,6.012516393804594,0.0,0,0.0,0.027779895581760524,-3.5552696451371872,True
642,처치,1,3.0,9.0,641.52,226.0,0.0,0.0,0.0,2.0,0,0.0,0.0,0.0,107.72,3.0,3.0,0,1,3.0,2.302585092994046,6.465397944689565,0.0,0,2.0,0.02234562179345424,-3.7785258020989976,True
646,대조,0,3.0,5.0,132.11,8499.0,1.0,0.88,0.0,0.0,0,0.0,0.0,0.0,0.0,0.0,3.0,0,0,3.0,1.791759469228055,4.891175854058928,0.006661115736885928,0,0.0,0.01582853272690074,-4.129985957026909,True
650,대조,0,4.0,11.0,190.05,85.0,0.0,0.0,0.0,2.0,0,2.5,1.0,1.0,137.09,3.0,4.0,1,1,4.0,2.4849066497880004,5.252535173892909,0.0,0,2.0,0.015687748875089252,-4.1390630937795425,True
654,대조,0,4.0,14.0,236.89000000000001,114.0,0.0,0.0,0.0,2.0,0,0.0,0.0,0.0,174.44,9.0,4.0,0,1,4.0,2.70805020110221,5.4718083819571754,0.0,0,2.0,0.018275100501934243,-3.983771620987171,True
656,대조,0,2.0,11.0,669.1,309.0,0.0,0.0,0.0,0.0,0,0.0,0.0,0.0,195.48,4.0,2.0,0,1,2.0,2.4849066497880004,6.507426954979125,0.0,0,0.0,0.031175032861052696,-3.4364664174581794,True
662,대조,0,1.0,3.0,103.45,31.0,0.0,0.0,0.0,0.0,0,0.0,0.0,0.0,25.37,1.0,1.0,0,1,1.0,1.3862943611198906,4.648708488002574,0.0,0,0.0,0.01126659781108479,-4.474582329919935,False
663,대조,0,4.0,15.0,501.13,305.0,0.0,0.0,0.0,0.0,0,0.0,0.0,0.0,181.59,7.0,4.0,0,1,4.0,2.772588722239781,6.21885905030973,0.0,0,0.0,0.031203110799332894,-3.4355371862997206,True
665,대조,0,8.0,4.0,53.74,21.0,0.0,0.0,0.0,1.0,0,0.0,0.0,0.0,0.0,0.0,8.0,0,0,8.0,1.6094379124341003,4.002594703612533,0.0,0,1.0,0.008567727493359548,-4.75114811003823,False
670,대조,0,1.0,18.0,662.28,25476.0,0.0,0.0,0.0,2.0,1,0.0,0.0,0.0,215.45000000000002,11.0,1.0,0,1,1.0,2.9444389791664403,6.497197223807963,0.0,0,2.0,0.03533520712994887,-3.3069008400748254,True
671,대조,0,2.0,10.0,502.61,36234.0,0.0,0.0,0.0,0.0,1,1.5,1.0,1.0,334.59,5.0,2.0,1,1,2.0,2.3978952727983707,6.221802159002432,0.0,0,0.0,0.03451101393054936,-3.3313561768611617,True
672,대조,0,1.0,14.0,275.55,141.0,2.0,9.49,0.0,0.0,1,0.0,0.0,0.0,58.07,5.0,1.0,0,1,1.0,2.70805020110221,5.622391636440687,0.03444021048811468,0,0.0,0.05559798655012685,-2.8324049497239043,True
674,대조,0,2.0,15.0,653.46,284.0,0.0,0.0,0.0,2.0,0,1.92,1.0,1.0,98.36,7.0,2.0,1,1,2.0,2.772588722239781,6.4838104681271025,0.0,0,2.0,0.026407811295921214,-3.607332669726257,True
675,대조,0,4.0,31.0,716.49,34930.0,2.0,7.42,0.0,0.0,1,0.0,0.0,0.0,184.76,15.0,4.0,0,1,4.0,3.4657359027997265,6.575759010254421,0.010356041256681879,0,0.0,0.06596275198690228,-2.6504260986549295,True
679,대조,0,2.0,46.0,799.8100000000001,304.0,3.0,8.97,0.0,1.0,0,0.0,0.0,0.0,317.57,12.0,2.0,0,1,2.0,3.8501476017100584,6.68562371543553,0.011215163601355322,0,1.0,0.055702219646779697,-2.8304215655213256,True
680,대조,0,9.0,10.0,475.31,301.0,0.0,0.0,0.0,0.0,1,2.0,1.0,1.0,278.9,4.0,9.0,1,1,9.0,2.3978952727983707,6.16606890275753,0.0,0,0.0,0.03397450696331487,-3.347579775988895,True
682,대조,0,19.0,1.0,30.35,12757.0,0.0,0.0,0.0,2.0,1,0.0,0.0,0.0,0.0,0.0,19.0,0,0,19.0,0.6931471805599453,3.4452142670789296,0.0,0,2.0,0.005712081860274193,-5.159443264575447,False
685,대조,0,21.0,16.0,537.13,11899.0,0.0,0.0,0.0,0.0,1,0.0,0.0,0.0,135.82999999999998,4.0,21.0,0,1,21.0,2.833213344056216,6.288100166660316,0.0,0,0.0,0.04124468875419352,-3.1461135454104285,True
687,대조,0,2.0,5.0,499.54,220.0,6.0,13.18,0.0,1.0,0,0.0,0.0,0.0,66.84,1.0,2.0,0,1,2.0,1.791759469228055,6.215687515641756,0.026384273531649117,0,1.0,0.030643923886106084,-3.454197611160049,True
688,대조,0,1.0,8.0,848.67,278.0,0.0,0.0,0.0,0.0,1,0.0,0.0,0.0,310.5,2.0,1.0,0,1,1.0,2.1972245773362196,6.744848038807411,0.0,0,0.0,0.038455313614500934,-3.219044157809621,True
691,대조,0,28.0,5.0,315.24,130.0,0.0,0.0,0.0,2.0,0,0.0,0.0,0.0,90.13,3.0,28.0,0,1,28.0,1.791759469228055,5.75650141898843,0.0,0,2.0,0.014850975318863084,-4.194727382690898,True
692,대조,0,1.0,22.0,523.84,29668.0,0.0,0.0,0.0,0.0,1,3.58,2.0,2.0,225.41,8.0,1.0,1,1,1.0,3.1354942159291497,6.263093454237515,0.0,0,0.0,0.044869879145189806,-3.0580808568624747,True
694,대조,0,1.0,6.0,85.38,28.0,0.0,0.0,0.0,0.0,0,0.0,0.0,0.0,99.44,6.0,1.0,0,1,1.0,1.9459101490553132,4.458756167532555,0.0,0,0.0,0.012812400464133662,-4.344446603608652,True
696,대조,0,2.0,55.0,2310.78,139989.0,5.0,19.11,0.0,0.0,1,0.0,0.0,0.0,981.78,18.0,2.0,0,1,2.0,4.02535169073515,7.745773069555334,0.008269934827201203,0,0.0,0.11096205699650838,-2.080951601131729,True
697,대조,0,4.0,15.0,447.0,16477.0,0.0,0.0,0.0,0.0,0,0.0,0.0,0.0,95.23,3.0,4.0,0,1,4.0,2.772588722239781,6.104793232414985,0.0,0,0.0,0.030016950927721584,-3.475516343145177,True
698,대조,0,17.0,13.0,57.2,4193.0,0.0,0.0,0.0,2.0,0,0.0,0.0,0.0,0.0,0.0,17.0,0,0,17.0,2.6390573296152584,4.063885354737392,0.0,0,2.0,0.01103768056765268,-4.49534130596645,False
699,대조,0,7.0,14.0,1093.97,60735.0,3.0,12.86,1.0,1.0,1,1.76,2.0,1.0,767.85,15.0,7.0,1,1,7.0,2.70805020110221,6.9984822446150154,0.011755349781072606,1,1.0,0.2153143878144805,-1.2931839145739399,False
700,대조,0,17.0,10.0,1046.23,481.0,0.0,0.0,0.0,1.0,0,0.0,0.0,0.0,0.0,0.0,17.0,0,0,17.0,2.3978952727983707,6.953903862008115,0.0,0,1.0,0.03120943035522217,-3.435328154013006,True
702,대조,0,2.0,51.0,1421.86,54543.0,7.0,9.74,0.0,0.0,0,0.88,1.0,1.0,539.32,21.0,2.0,1,1,2.0,3.9512437185814275,7.260424209553443,0.006850182155767798,0,0.0,0.07325907327431695,-2.537671944107694,True
703,대조,0,2.0,31.0,930.47,133089.0,0.0,0.0,0.0,0.0,0,0.0,0.0,0.0,457.5,16.0,2.0,0,1,2.0,3.4657359027997265,6.836763983403852,0.0,0,0.0,0.048509884588742815,-2.976261715123483,True
705,대조,0,21.0,8.0,155.25,76.0,0.0,0.0,0.0,0.0,0,0.0,0.0,0.0,108.17,7.0,21.0,0,1,21.0,2.1972245773362196,5.051457288616511,0.0,0,0.0,0.01731167747720489,-4.038910729766788,True
706,대조,0,6.0,14.0,440.12,171.0,0.0,0.0,0.0,2.0,1,0.0,0.0,0.0,312.65,7.0,6.0,0,1,6.0,2.70805020110221,6.089316947275487,0.0,0,2.0,0.028454304824558335,-3.530588842342924,True
707,대조,0,2.0,72.0,3120.83,260300.0,0.0,0.0,0.0,0.0,1,0.0,0.0,0.0,781.51,19.0,2.0,0,1,2.0,4.290459441148391,8.046174647318615,0.0,0,0.0,0.11643142975480449,-2.0266663868715153,True
708,대조,0,18.0,8.0,304.72,127.0,1.0,1.79,0.0,1.0,1,0.0,0.0,0.0,197.54,3.0,18.0,0,1,18.0,2.1972245773362196,5.722669650374684,0.005874245208716198,0,1.0,0.026630547754677814,-3.5987047456797296,True
710,대조,0,1.0,21.0,375.64,201.0,0.0,0.0,0.0,2.0,0,0.0,0.0,0.0,208.28,10.0,1.0,0,1,1.0,3.091042453358316,5.931289824071912,0.0,0,2.0,0.024375033188393316,-3.68951887879403,True
712,대조,0,5.0,34.0,1385.13,7335.0,6.0,17.46,2.0,3.0,1,17.55,9.0,7.0,546.38,14.0,5.0,1,1,5.0,3.5553480614894135,7.234270970445159,0.01260531502458253,1,3.0,0.23820527491512403,-1.1625443281665722,False
714,대조,0,1.0,38.0,381.76,202.0,1.0,3.58,0.0,1.0,1,2.38,2.0,2.0,171.7,16.0,1.0,1,1,1.0,3.6635616461296463,5.9474081609110625,0.009377619446772841,0,1.0,0.0496678194090869,-2.95145436066942,True
715,대조,0,9.0,13.0,269.63,6869.0,0.0,0.0,0.0,0.0,1,0.0,0.0,0.0,115.01,6.0,9.0,0,1,9.0,2.6390573296152584,5.600752574336657,0.0,0,0.0,0.030444070593202147,-3.460946912746464,True
716,대조,0,9.0,17.0,317.17,9856.0,0.0,0.0,0.0,0.0,1,0.0,0.0,0.0,81.51,9.0,9.0,0,1,9.0,2.8903717578961645,5.762585831132179,0.0,0,0.0,0.035030234431301405,-3.3158852403433396,True
720,대조,0,9.0,11.0,213.23,56.0,0.0,0.0,0.0,1.0,0,0.0,0.0,0.0,72.51,3.0,9.0,0,1,9.0,2.4849066497880004,5.367050204229129,0.0,0,1.0,0.018620330591165222,-3.964705381215317,True
725,대조,0,7.0,23.0,916.85,558.0,1.0,0.88,0.0,0.0,1,0.0,0.0,0.0,403.09,9.0,7.0,0,1,7.0,3.1780538303479458,6.822033978576659,0.0009598080383923215,0,0.0,0.055848502061951064,-2.8276439339524675,True
726,대조,0,11.0,9.0,313.81,153.0,1.0,1.92,0.0,0.0,0,0.0,0.0,0.0,124.29,5.0,11.0,0,1,11.0,2.302585092994046,5.751969282239475,0.0061183518689652975,0,0.0,0.02522422241923912,-3.654402732871961,True
727,대조,0,3.0,15.0,637.23,308.0,4.0,8.87,0.0,0.0,0,1.79,1.0,1.0,198.36,3.0,3.0,1,1,3.0,2.772588722239781,6.458698719947111,0.01391962085903049,0,0.0,0.042727313250552006,-3.1092499196751806,True
729,대조,0,5.0,5.0,312.5,135.0,4.0,9.64,0.0,0.0,0,0.0,0.0,0.0,8.98,1.0,5.0,0,1,5.0,1.791759469228055,5.7477993600729755,0.030848,0,0.0,0.032074766450986704,-3.407085217090194,True
730,대조,0,2.0,12.0,124.78,56.0,0.0,0.0,0.0,1.0,0,0.0,0.0,0.0,87.28999999999999,5.0,2.0,0,1,2.0,2.5649493574615367,4.834534349115358,0.0,0,1.0,0.015882580132170046,-4.1265222996091095,True
732,처치,1,10.0,24.0,807.86,28944.0,3.0,3.6799999999999997,0.0,1.0,1,4.05,3.0,2.0,174.55,6.0,10.0,1,1,10.0,3.2188758248682006,6.695625848931027,0.004555244720619909,0,1.0,0.05091463844829707,-2.925348268998619,True
733,대조,0,4.0,14.0,490.63,284.0,2.0,1.76,0.0,0.0,1,0.0,0.0,0.0,109.35,3.0,4.0,0,1,4.0,2.70805020110221,6.197726401053676,0.0035872245887939996,0,0.0,0.040415799233921995,-3.1672792877688107,True
734,대조,0,24.0,7.0,148.7,8478.0,0.0,0.0,0.0,0.0,0,2.99,1.0,1.0,71.53,7.0,24.0,1,1,24.0,2.0794415416798357,5.008633291425583,0.0,0,0.0,0.016400552032670136,-4.093903754312607,True
737,대조,0,61.0,2.0,17.490000000000002,8.0,0.0,0.0,0.0,1.0,0,0.0,0.0,0.0,10.25,1.0,61.0,0,1,61.0,1.0986122886681098,2.9172300453990334,0.0,0,1.0,0.005036188028200404,-5.286056914319492,False
741,대조,0,3.0,21.0,738.62,15111.0,0.0,0.0,0.0,0.0,1,0.0,0.0,0.0,243.8,7.0,3.0,0,1,3.0,3.091042453358316,6.606136540791483,0.0,0,0.0,0.04961723566859548,-2.9525265465832318,True
743,대조,0,15.0,9.0,407.48,201.0,5.0,12.6,0.0,0.0,0,4.0,2.0,1.0,210.99,7.0,15.0,1,1,15.0,2.302585092994046,6.012442953493173,0.030921763031314418,0,0.0,0.041936707770404355,-3.1287523190011792,True
744,처치,1,1.0,18.0,534.48,50738.0,0.0,0.0,0.0,0.0,0,3.04,2.0,2.0,212.89000000000001,7.0,1.0,1,1,1.0,2.9444389791664403,6.283163540917697,0.0,0,0.0,0.03376409465458843,-3.354010063295553,True
745,대조,0,1.0,26.0,1028.01,504.0,5.0,9.09,0.0,1.0,0,0.0,0.0,0.0,481.35,10.0,1.0,0,1,1.0,3.295836866004329,6.936352453959812,0.008842326436513264,0,1.0,0.04837279301219719,-2.979235840979399,True
747,대조,0,4.0,16.0,117.56,46.0,0.0,0.0,0.0,0.0,0,0.0,0.0,0.0,157.35,16.0,4.0,0,1,4.0,2.833213344056216,4.775419161547776,0.0,0,0.0,0.019452395900285857,-3.920140950286876,True
748,대조,0,,0.0,0.0,0.0,0.0,0.0,0.0,0.0,1,0.0,0.0,0.0,21.68,2.0,90.0,0,1,90.0,0.0,0.0,0.0,0,0.0,0.0018087238743459205,-6.3133233625706335,False
749,대조,0,16.0,20.0,445.27,209.0,0.0,0.0,0.0,0.0,0,0.0,0.0,0.0,61.720000000000006,7.0,16.0,0,1,16.0,3.044522437723423,6.100924150016726,0.0,0,0.0,0.03306650183236693,-3.3756089811016423,True
752,대조,0,5.0,22.0,935.15,147731.0,0.0,0.0,0.0,0.0,1,0.0,0.0,0.0,76.0,8.0,5.0,0,1,5.0,3.1354942159291497,6.841775720048162,0.0,0,0.0,0.054507602556296074,-2.853365658901174,True
754,대조,0,11.0,4.0,266.72,125.0,0.0,0.0,0.0,1.0,0,0.0,0.0,0.0,91.8,2.0,11.0,0,1,11.0,1.6094379124341003,5.5899416582324415,0.0,0,1.0,0.014870745975123962,-4.193376929258861,True
755,대조,0,2.0,58.0,1827.86,642004.0,0.0,0.0,0.0,3.0,1,0.0,0.0,0.0,802.9399999999999,16.0,2.0,0,1,2.0,4.07753744390572,7.511448100901313,0.0,0,3.0,0.063894302342775,-2.6844982027562776,True
757,대조,0,12.0,4.0,235.93,10840.0,1.0,1.92,0.0,0.0,0,0.0,0.0,0.0,72.8,1.0,12.0,0,1,12.0,1.6094379124341003,5.467764738858386,0.008138007035985249,0,0.0,0.018670240463808892,-3.9619777122365405,True
759,대조,0,21.0,2.0,26.22,7.0,0.0,0.0,0.0,1.0,0,0.0,0.0,0.0,0.0,0.0,21.0,0,0,21.0,1.0986122886681098,3.30395199722332,0.0,0,1.0,0.005655636750967968,-5.169430885689984,False
760,대조,0,9.0,13.0,327.06,136.0,0.0,0.0,0.0,1.0,0,0.0,0.0,0.0,147.72,3.0,9.0,0,1,9.0,2.6390573296152584,5.79319651848434,0.0,0,1.0,0.02272819786171775,-3.761158463956797,True
763,대조,0,27.0,4.0,453.99,228.0,0.0,0.0,0.0,0.0,0,2.67,2.0,2.0,175.04,1.0,27.0,1,1,27.0,1.6094379124341003,6.120275440687452,0.0,0,0.0,0.02047073285350937,-3.8680759162419034,True
764,대조,0,1.0,11.0,345.34000000000003,6677.0,3.0,5.3100000000000005,0.0,0.0,1,0.0,0.0,0.0,129.97,4.0,1.0,0,1,1.0,2.4849066497880004,5.847420951524005,0.015376151039555221,0,0.0,0.04052889116224568,-3.1643671225296215,True
769,대조,0,44.0,7.0,117.76,65.0,0.0,0.0,0.0,0.0,0,0.0,0.0,0.0,128.32,3.0,44.0,0,1,44.0,2.0794415416798357,4.777104649895559,0.0,0,0.0,0.015283285348066807,-4.1655942301519895,True
771,대조,0,3.0,71.0,1132.04,636.0,2.0,4.91,0.0,1.0,1,2.0,1.0,1.0,369.47,27.0,3.0,1,1,3.0,4.276666119016055,7.032659564906141,0.004337302568813823,0,1.0,0.07998848271827128,-2.4425035304610443,True
776,대조,0,23.0,9.0,631.41,373.0,1.0,3.84,0.0,1.0,0,0.0,0.0,0.0,42.17,3.0,23.0,0,1,23.0,2.302585092994046,6.44953791798702,0.0060816268351784105,0,1.0,0.02828496351361323,-3.5367322502989715,True
778,대조,0,3.0,8.0,274.13,2296.0,1.0,1.79,0.0,3.0,0,0.0,0.0,0.0,0.99,1.0,3.0,0,1,3.0,2.1972245773362196,5.617243713238962,0.0065297486593951775,0,3.0,0.01581525747768135,-4.1308384886712615,True
779,대조,0,2.0,9.0,376.83,129.0,0.0,0.0,0.0,0.0,1,0.0,0.0,0.0,41.97,2.0,2.0,0,1,2.0,2.302585092994046,5.934444359008533,0.0,0,0.0,0.0303077410938677,-3.4655756007692884,True
780,대조,0,19.0,10.0,58.300000000000004,32.0,0.0,0.0,0.0,0.0,0,0.0,0.0,0.0,30.6,5.0,19.0,0,1,19.0,2.3978952727983707,4.08260930600368,0.0,0,0.0,0.013269987011362592,-4.308891589395917,True
784,대조,0,20.0,13.0,366.95,17855.0,0.0,0.0,0.0,1.0,1,0.0,0.0,0.0,41.959999999999994,3.0,20.0,0,1,20.0,2.6390573296152584,5.907947059372608,0.0,0,1.0,0.029888650142073446,-3.479932044155057,True
785,대조,0,15.0,2.0,21.15,8.0,0.0,0.0,0.0,1.0,1,0.0,0.0,0.0,70.92,1.0,15.0,0,1,15.0,1.0986122886681098,3.0978374964911444,0.0,0,1.0,0.006635228797161097,-5.008704788632638,False
786,대조,0,3.0,34.0,1600.14,507.0,3.0,5.46,0.0,0.0,1,0.0,0.0,0.0,550.73,9.0,3.0,0,1,3.0,3.5553480614894135,7.378471154520252,0.003412201432374667,0,0.0,0.0787737642871137,-2.4591256465645,True
787,대조,0,3.0,30.0,424.45,135.0,0.0,0.0,0.0,0.0,1,0.0,0.0,0.0,156.16,11.0,3.0,0,1,3.0,3.4339872044851463,6.0531474322955665,0.0,0,0.0,0.04627404714744004,-3.025795101859691,True
788,대조,0,2.0,52.0,1490.67,58629.0,15.0,23.6,0.0,2.0,1,0.0,0.0,0.0,346.99,21.0,2.0,0,1,2.0,3.970291913552122,7.307651576675221,0.015831807173955336,0,2.0,0.0842673167945893,-2.3857304028210313,True
790,대조,0,3.0,7.0,293.48,111.0,0.0,0.0,0.0,0.0,1,0.0,0.0,0.0,201.87,5.0,3.0,0,1,3.0,2.0794415416798357,5.685211089070766,0.0,0,0.0,0.02580872851122978,-3.630894912560655,True
793,대조,0,3.0,7.0,51.14,19.0,0.0,0.0,0.0,0.0,0,0.0,0.0,0.0,113.36,12.0,3.0,0,1,3.0,2.0794415416798357,3.9539324085053558,0.0,0,0.0,0.011278668091614562,-4.473499362270536,False
795,대조,0,28.0,5.0,128.21,71.0,0.0,0.0,0.0,1.0,0,0.0,0.0,0.0,59.68,1.0,28.0,0,1,28.0,1.791759469228055,4.861438987734129,0.0,0,1.0,0.012412229829701808,-4.376583110862038,False
797,처치,1,1.0,15.0,661.94,167.0,1.0,1.25,0.0,0.0,1,4.19,1.0,1.0,53.57,3.0,1.0,1,1,1.0,2.772588722239781,6.4966844883531385,0.0018883886757107894,0,0.0,0.04432581236535535,-3.070849867781723,True
802,대조,0,7.0,9.0,168.14,42.0,0.0,0.0,0.0,0.0,1,0.0,0.0,0.0,27.94,1.0,7.0,0,1,7.0,2.302585092994046,5.130726774354076,0.0,0,0.0,0.023091970087925445,-3.744907570560078,True
803,대조,0,8.0,7.0,222.78,93.0,0.0,0.0,0.0,1.0,1,0.0,0.0,0.0,29.22,2.0,8.0,0,1,8.0,2.0794415416798357,5.410663426379575,0.0,0,1.0,0.020701840292627095,-3.8566135521879366,True
805,대조,0,6.0,42.0,707.59,6813.0,5.0,5.640000000000001,0.0,2.0,0,0.0,0.0,0.0,212.82,13.0,6.0,0,1,6.0,3.7612001156935624,6.5632770799976115,0.00797071750590031,0,2.0,0.04347573011954403,-3.091103308083524,True
806,대조,0,1.0,23.0,879.7,14091.0,0.0,0.0,0.0,1.0,1,0.0,0.0,0.0,476.18,6.0,1.0,0,1,1.0,3.1780538303479458,6.780717045811413,0.0,0,1.0,0.047717926358658985,-2.993554144805568,True
807,대조,0,4.0,16.0,681.66,32444.0,0.0,0.0,0.0,0.0,0,0.0,0.0,0.0,348.26,7.0,4.0,0,1,4.0,2.833213344056216,6.525996931818605,0.0,0,0.0,0.035346232290816966,-3.306577443361359,True
808,대조,0,7.0,31.0,475.55,21072.0,0.0,0.0,0.0,0.0,1,0.0,0.0,0.0,124.5,11.0,7.0,0,1,7.0,3.4657359027997265,6.166572649383635,0.0,0,0.0,0.04866118032691167,-2.972988682675767,True
812,대조,0,23.0,1.0,44.34,24.0,0.0,0.0,0.0,2.0,0,0.0,0.0,0.0,62.8,2.0,23.0,0,1,23.0,0.6931471805599453,3.814189645079383,0.0,0,2.0,0.005147753763059682,-5.264033772871227,False
820,대조,0,25.0,2.0,121.06,65.0,0.0,0.0,0.0,0.0,0,2.99,1.0,1.0,141.64000000000001,14.0,25.0,1,1,25.0,1.0986122886681098,4.804512727116349,0.0,0,0.0,0.010881520217882454,-4.509748164427428,False
823,대조,0,17.0,17.0,453.8,183.0,0.0,0.0,0.0,0.0,1,0.0,0.0,0.0,35.91,3.0,17.0,0,1,17.0,2.8903717578961645,6.119857761876381,0.0,0,0.0,0.03966241340689943,-3.186880901689453,True
830,대조,0,6.0,22.0,153.47,138.0,0.0,0.0,0.0,0.0,0,0.0,0.0,0.0,35.8,2.0,6.0,0,1,6.0,3.1354942159291497,5.0399999027261595,0.0,0,0.0,0.02365582291249457,-3.720205868131012,True
831,대조,0,3.0,22.0,1280.22,429.0,0.0,0.0,0.0,0.0,1,0.0,0.0,0.0,419.39,5.0,3.0,0,1,3.0,3.1354942159291497,7.155568027978445,0.0,0,0.0,0.060407681078720646,-2.7443298108795258,True
834,대조,0,64.0,2.0,18.28,3.0,0.0,0.0,0.0,2.0,0,0.0,0.0,0.0,0.0,0.0,64.0,0,0,64.0,1.0986122886681098,2.9590682891823996,0.0,0,2.0,0.004488086405069295,-5.401830670379601,False
840,대조,0,1.0,34.0,1995.27,618.0,1.0,3.99,0.0,0.0,1,2.99,1.0,1.0,238.96,8.0,1.0,1,1,1.0,3.5553480614894135,7.599035718264257,0.001999729359936249,0,0.0,0.08261069189710221,-2.407392813527464,True
841,대조,0,2.0,16.0,193.9,10133.0,0.0,0.0,0.0,0.0,0,0.0,0.0,0.0,12.01,1.0,2.0,0,1,2.0,2.833213344056216,5.272486606513515,0.0,0,0.0,0.023047772366478494,-3.746868632614221,True
842,대조,0,2.0,106.0,1400.05,99910.0,2.0,1.76,0.0,0.0,0,1.74,1.0,1.0,796.69,46.0,2.0,1,1,2.0,4.672828834461906,7.244977234493896,0.0012570979607871148,0,0.0,0.08417260408406761,-2.386958413380022,True
844,대조,0,9.0,20.0,867.11,290.0,1.0,1.5,0.0,0.0,1,0.0,0.0,0.0,150.45,5.0,9.0,0,1,9.0,3.044522437723423,6.7663184347416205,0.0017298843284012408,0,0.0,0.0531643632537563,-2.8797372078429606,True
845,처치,1,3.0,17.0,1090.81,435.0,0.0,0.0,0.0,0.0,1,4.58,2.0,2.0,254.28,9.0,3.0,1,1,3.0,2.8903717578961645,6.995592148492376,0.0,0,0.0,0.05282176687988582,-2.8865639263564287,True
849,처치,1,6.0,12.0,891.44,351.0,4.0,11.35,0.0,0.0,0,9.99,3.0,3.0,274.29,3.0,6.0,1,1,6.0,2.5649493574615367,6.7939592845032095,0.012732208561428699,0,0.0,0.04377139861919685,-3.0840164027257617,True
850,대조,0,2.0,14.0,138.42000000000002,93.0,0.0,0.0,0.0,0.0,0,0.0,0.0,0.0,140.28,8.0,2.0,0,1,2.0,2.70805020110221,4.937490960058253,0.0,0,0.0,0.019679955580143002,-3.908278459773927,True
852,대조,0,18.0,17.0,272.89,115.0,1.0,1.25,0.0,0.0,1,0.0,0.0,0.0,90.19,6.0,18.0,0,1,18.0,2.8903717578961645,5.612726565927474,0.004580600241855693,0,0.0,0.036114173485278435,-3.284287444765356,True
853,대조,0,2.0,74.0,1984.67,82251.0,0.0,0.0,0.0,0.0,1,5.98,2.0,2.0,705.62,28.0,2.0,1,1,2.0,4.31748811353631,7.5937116676565,0.0,0,0.0,0.10194937279482162,-2.175750099531651,True
854,대조,0,4.0,4.0,40.35,22.0,1.0,1.79,0.0,0.0,0,0.0,0.0,0.0,84.43,3.0,4.0,0,1,4.0,1.6094379124341003,3.7220724214697003,0.044361833952912016,0,0.0,0.01896478365908205,-3.9460245896336477,True
855,대조,0,2.0,28.0,668.5,268.0,0.0,0.0,0.0,0.0,0,0.0,0.0,0.0,632.45,27.0,2.0,0,1,2.0,3.367295829986474,6.506531165131227,0.0,0,0.0,0.04202291917515257,-3.126608689609585,True
857,대조,0,4.0,8.0,887.8,353.0,1.0,1.79,0.0,0.0,1,0.0,0.0,0.0,248.49,3.0,4.0,0,1,4.0,2.1972245773362196,6.78987223832542,0.0020162198693399417,0,0.0,0.040438637420664614,-3.166690566331426,True
859,대조,0,4.0,13.0,628.97,35119.0,0.0,0.0,0.0,0.0,1,0.0,0.0,0.0,369.39,11.0,4.0,0,1,4.0,2.6390573296152584,6.445672199204137,0.0,0,0.0,0.04041988439200997,-3.167173957405128,True
861,대조,0,24.0,4.0,53.34,13.0,0.0,0.0,0.0,1.0,0,0.0,0.0,0.0,127.05,2.0,24.0,0,1,24.0,1.6094379124341003,3.9952606039982017,0.0,0,1.0,0.008610271410795626,-4.746151884338312,False
862,대조,0,6.0,11.0,166.13,103.0,0.0,0.0,0.0,0.0,0,1.79,1.0,1.0,333.95,13.0,6.0,1,1,6.0,2.4849066497880004,5.1187719527008335,0.0,0,0.0,0.019430544434507306,-3.921287196711515,True
863,대조,0,7.0,9.0,81.60000000000001,36.0,0.0,0.0,0.0,0.0,1,0.0,0.0,0.0,37.39,6.0,7.0,0,1,7.0,2.302585092994046,4.414009680526933,0.0,0,0.0,0.018055025963173654,-3.996111179465733,True
867,대조,0,12.0,22.0,807.92,52500.0,0.0,0.0,0.0,0.0,1,0.0,0.0,0.0,108.58,2.0,12.0,0,1,12.0,3.1354942159291497,6.695700024653347,0.0,0,0.0,0.05209162989302124,-2.901253560369757,True
868,대조,0,3.0,24.0,1252.94,92679.0,2.0,11.99,0.0,0.0,1,0.0,0.0,0.0,476.92,11.0,3.0,0,1,3.0,3.2188758248682006,7.134045873158215,0.009569492553514134,0,0.0,0.0720436430820537,-2.55571261320066,True
873,대조,0,18.0,11.0,310.18,16142.0,0.0,0.0,0.0,0.0,0,0.0,0.0,0.0,121.85,4.0,18.0,0,1,18.0,2.4849066497880004,5.740371522886817,0.0,0,0.0,0.02418013816603098,-3.6977464423524866,True
876,대조,0,2.0,40.0,1191.01,59782.0,0.0,0.0,0.0,1.0,0,1.79,1.0,1.0,282.45,12.0,2.0,1,1,2.0,3.713572066704308,7.083396236851851,0.0,0,1.0,0.050471447309557764,-2.934557824518997,True
877,대조,0,3.0,12.0,549.88,16758.0,0.0,0.0,0.0,1.0,0,0.0,0.0,0.0,35.83,2.0,3.0,0,1,3.0,2.5649493574615367,6.311516999590213,0.0,0,1.0,0.026380928898165002,-3.6083787708309027,True
879,대조,0,2.0,6.0,260.67,19786.0,0.0,0.0,0.0,0.0,1,1.25,1.0,1.0,222.66,8.0,2.0,1,1,2.0,1.9459101490553132,5.567084167886663,0.0,0,0.0,0.02366731384479538,-3.7197084617393905,True
881,대조,0,2.0,23.0,853.4,537.0,2.0,2.38,0.0,0.0,0,0.0,0.0,0.0,226.81,9.0,2.0,0,1,2.0,3.1780538303479458,6.750399468205931,0.002788844621513944,0,0.0,0.044829199894966774,-3.0590304622946003,True
882,대조,0,6.0,17.0,391.07,223.0,0.0,0.0,0.0,0.0,1,2.0,2.0,1.0,86.83,4.0,6.0,1,1,6.0,2.8903717578961645,5.971440395277054,0.0,0,0.0,0.037539397359602995,-3.2441021552600966,True
884,대조,0,27.0,6.0,103.24,56.0,0.0,0.0,0.0,0.0,0,0.0,0.0,0.0,0.0,0.0,27.0,0,0,27.0,1.9459101490553132,4.6466959328165895,0.0,0,0.0,0.013839678494410642,-4.2662792195138275,True
885,대조,0,1.0,17.0,419.46,17389.0,0.0,0.0,0.0,0.0,0,0.0,0.0,0.0,221.25,6.0,1.0,0,1,1.0,2.8903717578961645,6.041349350036979,0.0,0,0.0,0.0305380032050896,-3.4577693604314597,True
893,대조,0,20.0,7.0,324.6,226.0,2.0,8.08,0.0,0.0,0,2.99,1.0,1.0,37.7,2.0,20.0,1,1,20.0,2.0794415416798357,5.785669634128385,0.024892174984596425,0,0.0,0.032627189460816074,-3.3894379809858908,True
896,대조,0,1.0,21.0,1163.38,30850.0,2.0,4.79,1.0,1.0,0,0.0,0.0,0.0,270.81,8.0,1.0,0,1,1.0,3.091042453358316,7.059944035495855,0.004117313345596452,1,1.0,0.1811119165156774,-1.5088322608395093,True
898,처치,1,4.0,54.0,1270.71,101072.0,3.0,10.57,0.0,0.0,1,0.0,0.0,0.0,284.15,13.0,4.0,0,1,4.0,4.007333185232471,7.148117730485601,0.00831818432215061,0,0.0,0.09154026343856532,-2.294971655191342,True
901,대조,0,5.0,16.0,546.61,229.0,4.0,6.52,0.0,1.0,0,0.0,0.0,0.0,53.41,6.0,5.0,0,1,5.0,2.833213344056216,6.3055633547523025,0.011928065714128902,0,1.0,0.035323407180888965,-3.307247071059732,True
903,대조,0,4.0,20.0,710.55,214.0,1.0,3.69,0.0,1.0,1,0.0,0.0,0.0,121.74000000000001,5.0,4.0,0,1,4.0,3.044522437723423,6.567445689129669,0.005193160227992401,0,1.0,0.04638530531243316,-3.0232769926691354,True
907,대조,0,3.0,13.0,268.61,132.0,13.0,12.32,0.0,2.0,0,3.26,3.0,2.0,103.91000000000001,3.0,3.0,1,1,3.0,2.6390573296152584,5.596976470338392,0.04586575332266111,0,2.0,0.040507217029053674,-3.1649246372780295,True
908,대조,0,1.0,34.0,1009.5,25294.0,0.0,0.0,0.0,0.0,1,0.0,0.0,0.0,314.6,10.0,1.0,0,1,1.0,3.5553480614894135,6.918200536843676,0.0,0,0.0,0.0641106488501376,-2.6808867760701434,True
909,대조,0,1.0,113.0,2259.65,167263.0,0.0,0.0,0.0,2.0,0,9.0,4.0,4.0,1108.06,55.0,1.0,1,1,1.0,4.736198448394496,7.723407661533795,0.0,0,2.0,0.07705135864152772,-2.4831013949337946,True
911,대조,0,10.0,15.0,739.4,317.0,2.0,7.38,0.0,0.0,1,8.43,3.0,3.0,242.69,4.0,10.0,1,1,10.0,2.772588722239781,6.607190580699342,0.009981065728969434,0,0.0,0.05281192850969608,-2.8867605866662664,True
913,대조,0,3.0,10.0,216.9,9166.0,0.0,0.0,0.0,1.0,0,2.0,2.0,1.0,72.74,3.0,3.0,1,1,3.0,2.3978952727983707,5.384036241950574,0.0,0,1.0,0.01812494103643355,-3.992175121488733,True
915,대조,0,3.0,17.0,139.07,85.0,2.0,3.71,0.0,0.0,1,0.0,0.0,0.0,3.38,1.0,3.0,0,1,3.0,2.8903717578961645,4.942142297650955,0.026677212914359677,0,0.0,0.04144157740693248,-3.1411458506677543,True
916,대조,0,3.0,14.0,128.74,15000.0,0.0,0.0,0.0,0.0,0,0.0,0.0,0.0,75.34,5.0,3.0,0,1,3.0,2.70805020110221,4.86553244778491,0.0,0,0.0,0.01920813432100023,-3.933026419724063,True
918,대조,0,27.0,2.0,148.61,76.0,0.0,0.0,0.0,3.0,0,0.0,0.0,0.0,0.0,0.0,27.0,0,0,27.0,1.0986122886681098,5.008031908226141,0.0,0,3.0,0.007899382350534234,-4.833039958283605,False
919,대조,0,10.0,18.0,289.33,153.0,0.0,0.0,0.0,0.0,0,0.0,0.0,0.0,130.22,3.0,10.0,0,1,10.0,2.9444389791664403,5.671018207062228,0.0,0,0.0,0.027536884166403812,-3.5643057991848894,True
922,대조,0,11.0,15.0,257.94,150.0,0.0,0.0,0.0,2.0,1,0.0,0.0,0.0,114.94,4.0,11.0,0,1,11.0,2.772588722239781,5.556596374630502,0.0,0,2.0,0.02431011285956318,-3.6922523665046514,True
923,대조,0,3.0,22.0,393.01,34072.0,0.0,0.0,0.0,0.0,0,0.0,0.0,0.0,85.98,8.0,3.0,0,1,3.0,3.1354942159291497,5.976376289686509,0.0,0,0.0,0.03250135627545,-3.3934322030506014,True
924,대조,0,3.0,10.0,270.89,94.0,0.0,0.0,0.0,2.0,0,0.0,0.0,0.0,89.11,3.0,3.0,0,1,3.0,2.3978952727983707,5.6053975727348,0.0,0,2.0,0.01718394868542129,-4.046446240604159,True
925,대조,0,86.0,1.0,6.340000000000001,5.0,0.0,0.0,0.0,0.0,0,0.0,0.0,0.0,48.69,9.0,86.0,0,1,86.0,0.6931471805599453,1.9933388426264242,0.0,0,0.0,0.0036523688289372687,-5.608720272650823,False
927,대조,0,5.0,9.0,241.45000000000002,119.0,0.0,0.0,0.0,0.0,0,1.76,2.0,1.0,17.66,2.0,5.0,1,1,5.0,2.302585092994046,5.490795503551361,0.0,0,0.0,0.020725293770079603,-3.8554573263818352,True
928,대조,0,14.0,5.0,280.73,159.0,4.0,12.780000000000001,0.0,2.0,0,0.0,0.0,0.0,25.1,1.0,14.0,0,1,14.0,1.791759469228055,5.640949165484632,0.04552416913048125,0,2.0,0.030825488687127162,-3.448102787388148,True
929,대조,0,1.0,13.0,502.68,8702.0,1.0,1.79,0.0,0.0,1,0.0,0.0,0.0,244.79,10.0,1.0,0,1,1.0,2.6390573296152584,6.221941145788984,0.0035609135036205938,0,0.0,0.03973710693151829,-3.184921659356825,True
931,대조,0,5.0,4.0,536.54,233.0,0.0,0.0,0.0,0.0,0,1.92,1.0,1.0,413.08,5.0,5.0,1,1,5.0,1.6094379124341003,6.287003175837542,0.0,0,0.0,0.021456376668320894,-3.8200434859143444,True
935,대조,0,5.0,4.0,126.84,23096.0,0.0,0.0,0.0,1.0,0,0.0,0.0,0.0,54.28,2.0,5.0,0,1,5.0,1.6094379124341003,4.850779482017964,0.0,0,1.0,0.01148360458957553,-4.4552848983779985,False
938,대조,0,15.0,2.0,151.56,62.0,0.0,0.0,0.0,1.0,0,0.0,0.0,0.0,194.61,1.0,15.0,0,1,15.0,1.0986122886681098,5.027557961292164,0.0,0,1.0,0.01027047606908179,-4.568158319469127,False
939,대조,0,24.0,4.0,94.73,56.0,1.0,1.92,0.0,0.0,1,0.0,0.0,0.0,115.93,4.0,24.0,0,1,24.0,1.6094379124341003,4.561531728958262,0.020268130476089937,0,0.0,0.021318567742802608,-3.826627770410745,True
940,대조,0,2.0,6.0,95.34,32.0,0.0,0.0,0.0,0.0,0,0.0,0.0,0.0,69.60000000000001,4.0,2.0,0,1,2.0,1.9459101490553132,4.567883601202075,0.0,0,0.0,0.01331150887393536,-4.305725387876043,True
942,대조,0,1.0,30.0,1332.83,761.0,3.0,7.1899999999999995,0.0,0.0,0,0.0,0.0,0.0,93.5,10.0,1.0,0,1,1.0,3.4339872044851463,7.195809782073017,0.005394536437505158,0,0.0,0.05907839441620212,-2.7679945455685666,True
943,대조,0,1.0,46.0,1034.91,49689.0,4.0,9.64,0.0,0.0,0,5.05,4.0,4.0,408.6,21.0,1.0,1,1,1.0,3.8501476017100584,6.943035546458914,0.009314819646152805,0,0.0,0.06648683989896145,-2.641951028651694,True
944,대조,0,16.0,8.0,167.54,20691.0,0.0,0.0,0.0,0.0,0,2.38,2.0,2.0,393.05,12.0,16.0,1,1,16.0,2.1972245773362196,5.1271731103442075,0.0,0,0.0,0.01772774558799948,-4.014737555143492,True
946,대조,0,5.0,15.0,488.39,296.0,0.0,0.0,0.0,1.0,1,0.0,0.0,0.0,91.13,6.0,5.0,0,1,5.0,2.772588722239781,6.193159717616321,0.0,0,1.0,0.034220090787513674,-3.3401230494848155,True
949,대조,0,2.0,24.0,854.62,94949.0,1.0,1.76,0.0,0.0,1,0.0,0.0,0.0,461.92,10.0,2.0,0,1,2.0,3.2188758248682006,6.7518263523441195,0.002059394818749854,0,0.0,0.05619487142426757,-2.8210942163024315,True
953,대조,0,2.0,7.0,149.25,110.0,1.0,1.92,0.0,1.0,0,0.0,0.0,0.0,101.33,5.0,2.0,0,1,2.0,2.0794415416798357,5.012300573415317,0.012864321608040201,0,1.0,0.017800274793729233,-4.01058077880257,True
954,대조,0,3.0,7.0,402.13,193.0,0.0,0.0,0.0,1.0,0,2.0,2.0,1.0,42.76,2.0,3.0,1,1,3.0,2.0794415416798357,5.9992590905738945,0.0,0,1.0,0.02006547239309286,-3.888485214287261,True
955,대조,0,6.0,26.0,570.29,391.0,2.0,5.1899999999999995,0.0,0.0,1,0.0,0.0,0.0,247.11,14.0,6.0,0,1,6.0,3.295836866004329,6.347896961638835,0.009100633011274966,0,0.0,0.0567350619518378,-2.810954799311455,True
956,대조,0,3.0,80.0,1392.24,142166.0,4.0,18.82,0.0,0.0,1,14.49,2.0,2.0,465.68,28.0,3.0,1,1,3.0,4.394449154672439,7.239387248961121,0.013517784290064932,0,0.0,0.11540112358768169,-2.03672020478042,True
957,대조,0,1.0,56.0,232.85,188.0,0.0,0.0,0.0,0.0,0,0.0,0.0,0.0,81.58,15.0,1.0,0,1,1.0,4.04305126783455,5.454679884171895,0.0,0,0.0,0.037032993256793705,-3.2582099253502834,True
960,대조,0,4.0,13.0,288.56,96.0,0.0,0.0,0.0,2.0,1,0.0,0.0,0.0,65.56,3.0,4.0,0,1,4.0,2.6390573296152584,5.6683625294249405,0.0,0,2.0,0.024048793340337417,-3.7033277696526947,True
964,대조,0,10.0,9.0,479.07,247.0,1.0,3.58,0.0,0.0,0,1.79,1.0,1.0,136.47,3.0,10.0,1,1,10.0,2.302585092994046,6.173931926602623,0.0074728119064019875,0,0.0,0.029789266118897144,-3.483365168053307,True
971,대조,0,2.0,15.0,380.01,175.0,0.0,0.0,0.0,0.0,1,0.0,0.0,0.0,132.41,5.0,2.0,0,1,2.0,2.772588722239781,5.942825621501422,0.0,0,0.0,0.035659618119957034,-3.297425422065464,True
972,처치,1,12.0,24.0,538.45,242.0,0.0,0.0,1.0,1.0,0,0.0,0.0,0.0,28.44,1.0,12.0,0,1,12.0,3.2188758248682006,6.290550101997349,0.0,1,1.0,0.1418328545819077,-1.8001496048059948,True
975,대조,0,1.0,26.0,768.94,110972.0,0.0,0.0,0.0,0.0,0,0.0,0.0,0.0,321.98,12.0,1.0,0,1,1.0,3.295836866004329,6.646312589733725,0.0,0,0.0,0.042975116491350225,-3.1032081307489734,True
976,대조,0,1.0,7.0,435.19,159.0,3.0,3.88,0.0,0.0,1,0.0,0.0,0.0,313.66,4.0,1.0,0,1,1.0,2.0794415416798357,6.0780779282411,0.008915646039660838,0,0.0,0.03426736545969905,-3.3386935631270203,True
978,대조,0,6.0,16.0,306.13,114.0,0.0,0.0,0.0,0.0,0,0.0,0.0,0.0,28.97,3.0,6.0,0,1,6.0,2.833213344056216,5.7272711107251055,0.0,0,0.0,0.026972917490468436,-3.5855786091284183,True
984,대조,0,19.0,6.0,118.8,54.0,0.0,0.0,0.0,0.0,0,0.0,0.0,0.0,211.35,4.0,19.0,0,1,19.0,1.9459101490553132,4.785823685681349,0.0,0,0.0,0.014467185045296812,-4.221299439390339,True
986,대조,0,4.0,13.0,323.6,145.0,0.0,0.0,0.0,1.0,1,0.0,0.0,0.0,112.77,4.0,4.0,0,1,4.0,2.6390573296152584,5.782593655080491,0.0,0,1.0,0.028430945103347004,-3.531434178706678,True
987,대조,0,3.0,26.0,347.76,134.0,0.0,0.0,0.0,1.0,0,0.0,0.0,0.0,7.0,1.0,3.0,0,1,3.0,3.295836866004329,5.854384006559615,0.0,0,1.0,0.028981624138412213,-3.5116834140438487,True
988,대조,0,5.0,9.0,368.38,39948.0,0.0,0.0,0.0,2.0,0,24.07,4.0,4.0,525.44,16.0,5.0,1,1,5.0,2.302585092994046,5.911825924447765,0.0,0,2.0,0.018494712481382767,-3.9716025214683297,True
998,대조,0,1.0,48.0,1592.84,45359.0,4.0,7.140000000000001,0.0,0.0,0,3.55,3.0,2.0,468.54,16.0,1.0,1,1,1.0,3.8918202981106265,7.373901477900568,0.004482559453554658,0,0.0,0.0717214968330514,-2.560541279902951,True
999,대조,0,4.0,6.0,176.14000000000001,83.0,0.0,0.0,0.0,2.0,0,0.0,0.0,0.0,43.68,2.0,4.0,0,1,4.0,1.9459101490553132,5.176940380381437,0.0,0,2.0,0.012679314597684371,-4.355023002146376,True
1000,대조,0,2.0,23.0,776.05,412.0,0.0,0.0,0.0,0.0,0,0.0,0.0,0.0,197.83,6.0,2.0,0,1,2.0,3.1780538303479458,6.655504698361621,0.0,0,0.0,0.04145071804169268,-3.140915772362336,True
1001,대조,0,14.0,3.0,40.89,12.0,0.0,0.0,0.0,1.0,1,0.0,0.0,0.0,354.74,4.0,14.0,0,1,14.0,1.3862943611198906,3.7350471349589434,0.0,0,1.0,0.009150839384541656,-4.684716702381608,False
1003,대조,0,18.0,4.0,200.68,85.0,1.0,1.79,0.0,2.0,1,0.0,0.0,0.0,0.0,0.0,18.0,0,0,18.0,1.6094379124341003,5.306682282879664,0.008919673111421169,0,2.0,0.01746602662038735,-4.0298772635324855,True
1005,대조,0,1.0,34.0,433.37,270.0,1.0,1.79,0.0,0.0,0,0.0,0.0,0.0,179.33,9.0,1.0,0,1,1.0,3.5553480614894135,6.07389670546144,0.0041304197337148395,0,0.0,0.041463390111334084,-3.140596884829346,True
1007,대조,0,4.0,26.0,190.61,160.0,0.0,0.0,0.0,0.0,0,0.0,0.0,0.0,122.32000000000001,10.0,4.0,0,1,4.0,3.295836866004329,5.2554620562416074,0.0,0,0.0,0.026876169233677853,-3.5892713491920274,True
1010,대조,0,1.0,10.0,356.05,21403.0,1.0,1.79,0.0,0.0,0,0.0,0.0,0.0,51.89,4.0,1.0,0,1,1.0,2.3978952727983707,5.877875827995119,0.005027383794410897,0,0.0,0.0265834902444739,-3.6005217025785456,True
1011,대조,0,1.0,21.0,476.33,33632.0,1.0,4.09,0.0,0.0,0,0.0,0.0,0.0,241.15,9.0,1.0,0,1,1.0,3.091042453358316,6.1682080755878745,0.00858648416014108,0,0.0,0.03942785319066395,-3.193056592875222,True
1012,대조,0,2.0,15.0,128.72,3896.0,0.0,0.0,0.0,2.0,1,0.0,0.0,0.0,142.89,12.0,2.0,0,1,2.0,2.772588722239781,4.865378281439117,0.0,0,2.0,0.01910013293310564,-3.938775087171866,True
1014,대조,0,1.0,34.0,688.92,33522.0,0.0,0.0,0.0,0.0,1,0.0,0.0,0.0,326.29,9.0,1.0,0,1,1.0,3.5553480614894135,6.536575648840523,0.0,0,0.0,0.05653799269170099,-2.8146432469849128,True
1017,대조,0,14.0,9.0,425.81,210.0,2.0,2.5,0.0,0.0,0,1.25,1.0,1.0,183.19,4.0,14.0,1,1,14.0,2.302585092994046,6.056338949331185,0.005871163194852164,0,0.0,0.02790589288262556,-3.550614736840151,True
1018,대조,0,15.0,16.0,239.57,108.0,0.0,0.0,0.0,2.0,1,0.0,0.0,0.0,50.760000000000005,5.0,15.0,0,1,15.0,2.833213344056216,5.483011107487047,0.0,0,2.0,0.02424877999357349,-3.694841349812232,True
1019,대조,0,20.0,5.0,145.65,62.0,0.0,0.0,0.0,0.0,0,0.0,0.0,0.0,25.279999999999998,1.0,20.0,0,1,20.0,1.791759469228055,4.9880487954234605,0.0,0,0.0,0.014713974738111478,-4.204134275348343,True
1020,대조,0,2.0,15.0,1108.65,478.0,7.0,14.620000000000001,0.0,0.0,1,4.58,2.0,2.0,442.94,6.0,2.0,1,1,2.0,2.772588722239781,7.011799929268738,0.013187209669417761,0,0.0,0.06339775318495883,-2.692830273560057,True
1021,대조,0,12.0,14.0,131.65,59.0,0.0,0.0,0.0,1.0,1,2.38,2.0,2.0,204.58,6.0,12.0,1,1,12.0,2.70805020110221,4.8877140805837485,0.0,0,1.0,0.021519381123449734,-3.817047002990543,True
1024,대조,0,2.0,14.0,688.44,336.0,0.0,0.0,0.0,0.0,1,1.25,1.0,1.0,885.88,13.0,2.0,1,1,2.0,2.70805020110221,6.5358796738675276,0.0,0,0.0,0.0426047371782199,-3.1122508805252176,True
1025,대조,0,1.0,22.0,963.61,520.0,1.0,1.5,0.0,0.0,0,0.0,0.0,0.0,145.01,4.0,1.0,0,1,1.0,3.1354942159291497,6.871723874572634,0.0015566463610796899,0,0.0,0.045069850932562126,-3.0534246662356357,True
1031,대조,0,,0.0,0.0,0.0,0.0,0.0,0.0,0.0,1,4.09,1.0,1.0,303.51,7.0,90.0,1,1,90.0,0.0,0.0,0.0,0,0.0,0.0018087238743459205,-6.3133233625706335,False
1034,대조,0,16.0,14.0,133.27,62.0,0.0,0.0,0.0,0.0,0,0.0,0.0,0.0,1.79,1.0,16.0,0,1,16.0,2.70805020110221,4.899852698084617,0.0,0,0.0,0.01955358310502502,-3.914849446720103,True
1038,대조,0,2.0,40.0,291.5,201.0,1.0,1.79,0.0,0.0,1,0.0,0.0,0.0,50.230000000000004,8.0,2.0,0,1,2.0,3.713572066704308,5.678464666671911,0.006140651801029159,0,0.0,0.04963042233047913,-2.9522469389245662,True
1039,대조,0,11.0,12.0,810.36,282.0,1.0,3.19,0.0,0.0,0,0.0,0.0,0.0,61.42,2.0,11.0,0,1,11.0,2.5649493574615367,6.698711852046709,0.003936522039587343,0,0.0,0.03667151430923913,-3.268394183451451,True
1041,대조,0,11.0,34.0,924.36,408.0,1.0,1.25,0.0,0.0,1,0.0,0.0,0.0,313.78000000000003,15.0,11.0,0,1,11.0,3.5553480614894135,6.830182850987146,0.001352286987753689,0,0.0,0.0639582847481726,-2.6834289730258547,True
1042,대조,0,3.0,31.0,721.99,23734.0,1.0,1.79,0.0,2.0,1,0.0,0.0,0.0,368.63,15.0,3.0,0,1,3.0,3.4657359027997265,6.583395390804467,0.0024792587154946746,0,2.0,0.045248882532993695,-3.049272722096311,True
1045,대조,0,1.0,36.0,487.65000000000003,107130.0,0.0,0.0,0.0,0.0,1,0.0,0.0,0.0,261.81,16.0,1.0,0,1,1.0,3.6109179126442243,6.191646486784845,0.0,0,0.0,0.051368045261660396,-2.916004607468652,True
1047,대조,0,10.0,17.0,205.26,100.0,0.0,0.0,0.0,0.0,0,0.0,0.0,0.0,41.54,5.0,10.0,0,1,10.0,2.8903717578961645,5.329137508887923,0.0,0,0.0,0.024053256952523014,-3.7031376067704986,True
1048,대조,0,89.0,2.0,21.82,6.0,0.0,0.0,0.0,0.0,0,0.0,0.0,0.0,0.0,0.0,89.0,0,0,89.0,1.0986122886681098,3.1276373444339294,0.0,0,0.0,0.006260515849258644,-5.067212498173968,False
1050,대조,0,2.0,33.0,1154.69,166720.0,4.0,8.29,0.0,0.0,0,1.79,1.0,1.0,462.11,10.0,2.0,1,1,2.0,3.5263605246161616,7.052452847179402,0.0071794161203439875,0,0.0,0.059851238689148364,-2.754175991106097,True
1051,대조,0,6.0,5.0,140.31,90.0,0.0,0.0,0.0,1.0,0,0.0,0.0,0.0,53.57,2.0,6.0,0,1,6.0,1.791759469228055,4.950956058594655,0.0,0,1.0,0.012671938300071503,-4.3556124008179635,True
1058,대조,0,1.0,100.0,567.5,260.0,0.0,0.0,0.0,0.0,0,0.0,0.0,0.0,103.78,33.0,1.0,0,1,1.0,4.61512051684126,6.343001313190591,0.0,0,0.0,0.060325971866280685,-2.7457703146538774,True
1061,대조,0,4.0,4.0,92.43,43.0,1.0,1.92,0.0,0.0,0,0.0,0.0,0.0,436.08,15.0,4.0,0,1,4.0,1.6094379124341003,4.537212492804865,0.020772476468678996,0,0.0,0.016763901403620527,-4.071621424382846,True
1062,대조,0,9.0,31.0,205.52,129.0,3.0,4.59,0.0,0.0,1,1.79,1.0,1.0,32.47,11.0,9.0,1,1,9.0,3.4657359027997265,5.330397260011448,0.02233359283768003,0,0.0,0.05336725540200715,-2.875713845507575,True
1064,대조,0,2.0,9.0,375.09000000000003,244.0,3.0,8.08,0.0,0.0,0,0.0,0.0,0.0,28.11,2.0,2.0,0,1,2.0,2.302585092994046,5.929828476449581,0.021541496707456875,0,0.0,0.03464282523828909,-3.327407521779589,True
1065,대조,0,22.0,7.0,619.04,264.0,1.0,3.0,0.0,2.0,0,0.0,0.0,0.0,246.29,2.0,22.0,0,1,22.0,2.0794415416798357,6.429783992087094,0.004846213491858362,0,2.0,0.022401666673154068,-3.7759635224092167,True
1067,대조,0,39.0,4.0,369.12,15205.0,2.0,5.0,0.0,1.0,0,0.0,0.0,0.0,0.0,0.0,39.0,0,0,39.0,1.6094379124341003,5.91382727738083,0.013545730385782401,0,1.0,0.021239246746183556,-3.8304365021487605,True
1072,대조,0,16.0,10.0,487.91,350.0,1.0,1.92,0.0,0.0,0,0.0,0.0,0.0,170.96,2.0,16.0,0,1,16.0,2.3978952727983707,6.192178423456007,0.003935151974749441,0,0.0,0.029246543461463936,-3.5023111348567864,True
1074,대조,0,3.0,20.0,1092.56,517.0,0.0,0.0,0.0,0.0,1,0.0,0.0,0.0,532.1,8.0,3.0,0,1,3.0,3.044522437723423,6.997193708296035,0.0,0,0.0,0.05562888965051472,-2.8318165499191235,True
1075,대조,0,28.0,10.0,202.08,9786.0,0.0,0.0,0.0,0.0,0,0.0,0.0,0.0,131.2,6.0,28.0,0,1,28.0,2.3978952727983707,5.313599990079194,0.0,0,0.0,0.020368579771941044,-3.8731828928586323,True
1076,대조,0,21.0,11.0,176.83,61.0,0.0,0.0,0.0,0.0,1,0.0,0.0,0.0,39.53,1.0,21.0,0,1,21.0,2.4849066497880004,5.180828037755569,0.0,0,0.0,0.025169318329306738,-3.6566380699774257,True
1082,대조,0,4.0,14.0,168.45,145.0,0.0,0.0,0.0,1.0,1,0.0,0.0,0.0,119.53,8.0,4.0,0,1,4.0,2.70805020110221,5.132557898053061,0.0,0,1.0,0.02331619931995836,-3.735014587766417,True
1083,대조,0,11.0,9.0,262.5,104.0,0.0,0.0,0.0,0.0,0,0.0,0.0,0.0,95.93,3.0,11.0,0,1,11.0,2.302585092994046,5.574053367981417,0.0,0,0.0,0.021385209123376506,-3.8234385724580644,True
1085,대조,0,5.0,15.0,721.85,30121.0,4.0,10.09,0.0,0.0,0,2.0,1.0,1.0,379.68,10.0,5.0,1,1,5.0,2.772588722239781,6.583201731754452,0.013977973263143312,0,0.0,0.044631836569411235,-3.0636493488351277,True
1088,대조,0,16.0,9.0,239.08,8476.0,0.0,0.0,0.0,0.0,0,0.0,0.0,0.0,55.3,6.0,16.0,0,1,16.0,2.302585092994046,5.480972201132111,0.0,0,0.0,0.020761027466792425,-3.853698161654155,True
1089,대조,0,1.0,9.0,98.61,40.0,0.0,0.0,0.0,0.0,0,0.0,0.0,0.0,23.22,3.0,1.0,0,1,1.0,2.302585092994046,4.601262561157074,0.0,0,0.0,0.015230266131175814,-4.169123200225031,True
1091,대조,0,1.0,30.0,1490.3,165865.0,4.0,13.24,0.0,0.0,1,2.38,2.0,2.0,207.23000000000002,5.0,1.0,1,1,1.0,3.4339872044851463,7.307403501768737,0.00888411729182044,0,0.0,0.08074752934831204,-2.4322334425308236,True
1094,처치,1,13.0,12.0,972.43,409.0,0.0,0.0,0.0,0.0,1,0.0,0.0,0.0,337.62,3.0,13.0,0,1,13.0,2.5649493574615367,6.880825916731296,0.0,0,0.0,0.04580609678385704,-3.0364497038300873,True
1097,대조,0,3.0,19.0,787.23,82806.0,0.0,0.0,0.0,0.0,0,0.0,0.0,0.0,174.21,4.0,3.0,0,1,3.0,2.995732273553991,6.669789925442321,0.0,0,0.0,0.039183621486039356,-3.19952447711495,True
1098,대조,0,1.0,63.0,1300.07,56044.0,4.0,5.98,0.0,2.0,0,0.0,0.0,0.0,577.01,27.0,1.0,0,1,1.0,4.1588830833596715,7.170942281830646,0.004599752321028868,0,2.0,0.05735280468840839,-2.7994703353780266,True
1102,대조,0,8.0,6.0,98.41,33.0,0.0,0.0,0.0,1.0,0,0.0,0.0,0.0,49.64,3.0,8.0,0,1,8.0,1.9459101490553132,4.599252712224054,0.0,0,1.0,0.011847153955478145,-4.423749722055278,False
1103,대조,0,2.0,34.0,1315.18,92326.0,0.0,0.0,0.0,0.0,1,0.0,0.0,0.0,488.95,11.0,2.0,0,1,2.0,3.5553480614894135,7.18248888064749,0.0,0,0.0,0.06992884282506964,-2.587782902350837,True
1110,대조,0,6.0,24.0,820.74,194.0,2.0,1.54,0.0,0.0,0,0.0,0.0,0.0,388.90999999999997,11.0,6.0,0,1,6.0,3.2188758248682006,6.711424043319083,0.0018763554840753466,0,0.0,0.04426189625859445,-3.0723597481344,True
1113,대조,0,2.0,23.0,472.39,5522.0,0.0,0.0,0.0,1.0,1,0.0,0.0,0.0,155.13,8.0,2.0,0,1,2.0,3.1780538303479458,6.159919573071391,0.0,0,1.0,0.03876631790231936,-3.2106657706493893,True
1116,대조,0,10.0,2.0,19.5,9.0,0.0,0.0,0.0,2.0,0,0.0,0.0,0.0,6.12,1.0,10.0,0,1,10.0,1.0986122886681098,3.0204248861443626,0.0,0,2.0,0.004470103824252539,-5.405863519112121,False
1119,대조,0,5.0,13.0,450.42,8054.0,4.0,5.0,0.0,0.0,0,0.0,0.0,0.0,51.68,3.0,5.0,0,1,5.0,2.6390573296152584,6.11239817000361,0.011100750410727766,0,0.0,0.03469774049921993,-3.3257667050392645,True
1120,대조,0,3.0,21.0,467.91,6617.0,1.0,0.88,0.0,0.0,1,0.0,0.0,0.0,41.7,4.0,3.0,0,1,3.0,3.091042453358316,6.150410852376984,0.0018807035541022845,0,0.0,0.0439623639922574,-3.079463376411868,True
1121,대조,0,24.0,4.0,136.75,70.0,0.0,0.0,0.0,1.0,0,0.0,0.0,0.0,84.64,4.0,24.0,0,1,24.0,1.6094379124341003,4.925440448033024,0.0,0,1.0,0.011889589134790273,-4.42013128881279,False
1122,대조,0,5.0,15.0,283.57,192.0,0.0,0.0,0.0,0.0,0,0.0,0.0,0.0,120.05,7.0,5.0,0,1,5.0,2.772588722239781,5.650979268996308,0.0,0,0.0,0.025728226796090593,-3.6341015845473152,True
1123,대조,0,4.0,7.0,294.44,96.0,0.0,0.0,0.0,1.0,1,0.0,0.0,0.0,325.87,5.0,4.0,0,1,4.0,2.0794415416798357,5.688465770544307,0.0,0,1.0,0.02272865807402973,-3.7611377447288223,True
1124,대조,0,4.0,18.0,335.11,190.0,1.0,3.19,0.0,0.0,0,0.0,0.0,0.0,118.59,9.0,4.0,0,1,4.0,2.9444389791664403,5.817438487338134,0.009519262331771656,0,0.0,0.03390010204159806,-3.349849218442755,True
1125,대조,0,,0.0,0.0,0.0,0.0,0.0,0.0,0.0,0,5.98,2.0,1.0,469.04,19.0,90.0,1,1,90.0,0.0,0.0,0.0,0,0.0,0.0014293166428961715,-6.549128481937849,False
1127,대조,0,8.0,3.0,30.240000000000002,13.0,0.0,0.0,0.0,0.0,0,0.0,0.0,0.0,0.0,0.0,8.0,0,0,8.0,1.3862943611198906,3.441699324971485,0.0,0,0.0,0.007433339713648249,-4.894318926186495,False
1128,대조,0,1.0,41.0,608.33,323.0,0.0,0.0,0.0,1.0,1,4.0,2.0,2.0,160.77,17.0,1.0,1,1,1.0,3.7376696182833684,6.4123599928715045,0.0,0,1.0,0.0508856730781563,-2.9259478502997633,True
1131,대조,0,7.0,17.0,525.46,265.0,0.0,0.0,0.0,0.0,1,3.71,2.0,2.0,153.36,5.0,7.0,1,1,7.0,2.8903717578961645,6.266175355278598,0.0,0,0.0,0.04147411834262853,-3.14032698608306,True
1132,대조,0,19.0,5.0,369.03000000000003,199.0,1.0,3.19,0.0,1.0,0,0.0,0.0,0.0,37.46,1.0,19.0,0,1,19.0,1.791759469228055,5.9135840834324584,0.008644283662574857,0,1.0,0.020605997136315477,-3.8613518594241403,True
1133,대조,0,6.0,20.0,215.14,86.0,0.0,0.0,0.0,0.0,0,0.0,0.0,0.0,65.67,7.0,6.0,0,1,6.0,3.044522437723423,5.37592634587502,0.0,0,0.0,0.025719641514662165,-3.634444143338128,True
1136,대조,0,14.0,6.0,256.16,112.0,0.0,0.0,0.0,1.0,0,0.0,0.0,0.0,61.24,4.0,14.0,0,1,14.0,1.9459101490553132,5.549698459273486,0.0,0,1.0,0.016499492171051806,-4.087788551256796,True
1137,대조,0,5.0,16.0,272.11,6298.0,0.0,0.0,0.0,0.0,1,0.0,0.0,0.0,133.86,7.0,5.0,0,1,5.0,2.833213344056216,5.609874644433234,0.0,0,0.0,0.03256554225689632,-3.3913929352901766,True
1141,대조,0,3.0,13.0,137.14000000000001,91.0,0.0,0.0,0.0,0.0,0,0.0,0.0,0.0,63.38,2.0,3.0,0,1,3.0,2.6390573296152584,4.928267663660827,0.0,0,0.0,0.019165533822664987,-3.9352901529627995,True
1145,대조,0,1.0,19.0,1166.9,471.0,3.0,6.22,0.0,0.0,0,0.0,0.0,0.0,114.96000000000001,3.0,1.0,0,1,1.0,2.995732273553991,7.06296254328452,0.005330362498928785,0,0.0,0.04881235611855859,-2.9697278752996774,True
1151,대조,0,7.0,7.0,315.0,132.0,0.0,0.0,0.0,0.0,1,0.0,0.0,0.0,68.89,7.0,7.0,0,1,7.0,2.0794415416798357,5.755742213586912,0.0,0,0.0,0.02648634265223573,-3.6042826253044424,True
1153,대조,0,9.0,10.0,117.24000000000001,58.0,0.0,0.0,0.0,0.0,0,0.0,0.0,0.0,43.61,2.0,9.0,0,1,9.0,2.3978952727983707,4.772716457199892,0.0,0,0.0,0.016761884698907978,-4.071743783146242,True
1154,대조,0,5.0,20.0,782.02,452.0,0.0,0.0,0.0,0.0,1,0.0,0.0,0.0,84.28,2.0,5.0,0,1,5.0,3.044522437723423,6.663158238448755,0.0,0,0.0,0.04983360982750099,-2.9479474642828585,True
1157,대조,0,6.0,14.0,471.59,157.0,0.0,0.0,0.0,0.0,0,0.0,0.0,0.0,171.64000000000001,4.0,6.0,0,1,6.0,2.70805020110221,6.1582282049859876,0.0,0,0.0,0.029929384046586148,-3.478528126946768,True
1158,처치,1,12.0,32.0,387.61,233.0,0.0,0.0,0.0,0.0,1,0.0,0.0,0.0,92.43,6.0,12.0,0,1,12.0,3.4965075614664802,5.962576270014197,0.0,0,0.0,0.046031420672363446,-3.0313065137846795,True
1159,처치,1,10.0,54.0,717.39,29710.0,4.0,6.369999999999999,0.0,0.0,1,0.0,0.0,0.0,0.0,0.0,10.0,0,0,10.0,4.007333185232471,6.577012597069282,0.008879410083775909,0,0.0,0.077092960890753,-2.482516535438487,True
1160,대조,0,3.0,20.0,604.44,8301.0,2.0,3.71,0.0,0.0,1,1.79,1.0,1.0,385.28000000000003,12.0,3.0,1,1,3.0,3.044522437723423,6.405955466423459,0.0061379127787704315,0,0.0,0.05059311145223759,-2.9320220320580033,True
1163,대조,0,1.0,29.0,790.13,66857.0,0.0,0.0,0.0,1.0,1,2.75,2.0,2.0,616.7,14.0,1.0,1,1,1.0,3.4011973816621555,6.673462303189259,0.0,0,1.0,0.049608674817174896,-2.9527081070773966,True
1164,대조,0,13.0,10.0,532.3,240.0,0.0,0.0,0.0,0.0,1,0.0,0.0,0.0,240.69,6.0,13.0,0,1,13.0,2.3978952727983707,6.279084117606557,0.0,0,0.0,0.03536329453152098,-3.3060771548692807,True
1165,대조,0,53.0,4.0,163.11,9356.0,0.0,0.0,0.0,0.0,0,0.0,0.0,0.0,3.34,1.0,53.0,0,1,53.0,1.6094379124341003,5.100536934691537,0.0,0,0.0,0.014583263384538392,-4.213190106920894,True
1169,대조,0,1.0,19.0,881.99,461.0,8.0,13.76,0.0,0.0,1,3.71,2.0,2.0,397.78000000000003,5.0,1.0,1,1,1.0,2.995732273553991,6.783313875511519,0.015601083912516014,0,0.0,0.06581294241074304,-2.652860181805727,True
1172,대조,0,8.0,26.0,685.49,225.0,3.0,4.859999999999999,0.0,1.0,1,0.0,0.0,0.0,104.01,3.0,8.0,0,1,8.0,3.295836866004329,6.531591658459543,0.007089818961618696,0,1.0,0.05153704452329486,-2.9125418724887364,True
1174,대조,0,18.0,32.0,346.36,210.0,1.0,1.92,0.0,0.0,1,0.0,0.0,0.0,79.07,3.0,18.0,0,1,18.0,3.4965075614664802,5.8503617061299815,0.005543365284674904,0,0.0,0.04874651615013406,-2.9711468402574193,True
1175,대조,0,3.0,22.0,1212.22,91608.0,2.0,7.34,0.0,0.0,1,0.0,0.0,0.0,466.1,9.0,3.0,0,1,3.0,3.1354942159291497,7.101033261006602,0.006055006516968867,0,0.0,0.0655055665102961,-2.6578705462853307,True
1179,대조,0,4.0,21.0,1142.77,9652.0,1.0,2.19,0.0,0.0,1,1.25,1.0,1.0,461.46999999999997,9.0,4.0,1,1,4.0,3.091042453358316,7.042085102775645,0.001916396125204547,0,0.0,0.059198084093156994,-2.7658434355329056,True
1180,대조,0,1.0,13.0,551.36,286.0,2.0,7.16,0.0,0.0,0,0.0,0.0,0.0,202.84,5.0,1.0,0,1,1.0,2.6390573296152584,6.31420000761715,0.012986070806732444,0,0.0,0.03827039956563827,-3.224056590441186,True
1182,대조,0,21.0,14.0,143.69,11100.0,0.0,0.0,0.0,2.0,0,0.0,0.0,0.0,0.0,0.0,21.0,0,0,21.0,2.70805020110221,4.97459352274899,0.0,0,2.0,0.015519729683337037,-4.150001760277626,True
1184,대조,0,,0.0,0.0,0.0,0.0,0.0,0.0,1.0,0,0.0,0.0,0.0,0.0,0.0,90.0,0,0,90.0,0.0,0.0,0.0,0,1.0,0.0012529697663374772,-6.68098497699042,False
1188,대조,0,29.0,8.0,189.95,143.0,0.0,0.0,0.0,0.0,1,0.0,0.0,0.0,62.26,5.0,29.0,0,1,29.0,2.1972245773362196,5.252011613671526,0.0,0,0.0,0.023452883714775507,-3.729029539073537,True
1191,대조,0,8.0,14.0,299.7,98.0,0.0,0.0,0.0,0.0,0,0.0,0.0,0.0,83.57,2.0,8.0,0,1,8.0,2.70805020110221,5.706113089994483,0.0,0,0.0,0.025679557151556048,-3.636045012503318,True
1193,대조,0,1.0,28.0,442.35,277.0,5.0,6.68,0.0,0.0,0,0.0,0.0,0.0,46.97,3.0,1.0,0,1,1.0,3.367295829986474,6.094359525826016,0.015101164236464336,0,0.0,0.047054772241394975,-3.008245138471436,True
1197,대조,0,3.0,13.0,746.19,266.0,0.0,0.0,0.0,2.0,1,0.0,0.0,0.0,137.9,6.0,3.0,0,1,3.0,2.6390573296152584,6.616319503527431,0.0,0,2.0,0.03319654702008868,-3.3715493552840172,True
1204,대조,0,1.0,9.0,264.66,122.0,0.0,0.0,0.0,0.0,0,0.0,0.0,0.0,13.77,2.0,1.0,0,1,1.0,2.302585092994046,5.582217295704357,0.0,0,0.0,0.021346154130086222,-3.8253064116850366,True
1206,대조,0,1.0,34.0,1015.44,441.0,6.0,9.54,0.0,0.0,0,0.88,1.0,1.0,268.33,14.0,1.0,1,1,1.0,3.5553480614894135,6.924061605256447,0.009394942094067596,0,0.0,0.06003977699276376,-2.750830265971656,True
1207,대조,0,1.0,13.0,100.26,51.0,0.0,0.0,0.0,0.0,0,0.0,0.0,0.0,40.94,6.0,1.0,0,1,1.0,2.6390573296152584,4.617691466541763,0.0,0,0.0,0.017206860793865394,-4.045090472107065,True
1217,대조,0,32.0,5.0,351.64,14979.0,0.0,0.0,0.0,0.0,0,1.79,1.0,1.0,270.48,7.0,32.0,1,1,32.0,1.791759469228055,5.8654477065244945,0.0,0,0.0,0.020017302370577705,-3.8909378979450477,True
1218,대조,0,2.0,16.0,611.28,55930.0,2.0,6.6899999999999995,0.0,0.0,1,0.0,0.0,0.0,103.59,3.0,2.0,0,1,2.0,2.833213344056216,6.417189694223507,0.010944248135060855,0,0.0,0.05122064319196346,-2.9190336327179707,True
1219,대조,0,1.0,10.0,80.67,35.0,0.0,0.0,0.0,0.0,1,0.0,0.0,0.0,30.67,4.0,1.0,0,1,1.0,2.3978952727983707,4.402686737370185,0.0,0,0.0,0.01853447266087391,-3.9694145054674266,True
1222,대조,0,3.0,29.0,1315.58,617.0,1.0,3.19,0.0,1.0,1,0.0,0.0,0.0,277.29,6.0,3.0,0,1,3.0,3.4011973816621555,7.182792744275833,0.002424786025935329,0,1.0,0.06117053795204531,-2.730968178558757,True
1223,대조,0,7.0,7.0,137.53,80.0,0.0,0.0,0.0,0.0,0,0.0,0.0,0.0,37.95,3.0,7.0,0,1,7.0,2.0794415416798357,4.931086908669788,0.0,0,0.0,0.01584198408122533,-4.129122833247815,True
1224,대조,0,23.0,13.0,294.42,170.0,2.0,3.84,0.0,0.0,0,1.92,1.0,1.0,168.76,4.0,23.0,1,1,23.0,2.6390573296152584,5.688398072612454,0.013042592215202771,0,0.0,0.03131005283738333,-3.4320053658273606,True
1226,대조,0,10.0,9.0,797.39,410.0,0.0,0.0,0.0,0.0,1,0.0,0.0,0.0,304.44,4.0,10.0,0,1,10.0,2.302585092994046,6.682597199868715,0.0,0,0.0,0.0391818839664326,-3.199570629482043,True
1227,대조,0,9.0,12.0,771.57,247.0,0.0,0.0,0.0,0.0,0,1.79,1.0,1.0,186.29,4.0,9.0,1,1,9.0,2.5649493574615367,6.649722619553351,0.0,0,0.0,0.03372704323921939,-3.355146372675484,True
1228,대조,0,2.0,85.0,1678.18,161766.0,0.0,0.0,0.0,1.0,1,0.0,0.0,0.0,551.08,35.0,2.0,0,1,2.0,4.454347296253507,7.426060858001954,0.0,0,1.0,0.08962200473289833,-2.3182590143133783,True
1233,대조,0,5.0,5.0,411.07,28301.0,0.0,0.0,0.0,1.0,0,0.0,0.0,0.0,30.0,1.0,5.0,0,1,5.0,1.791759469228055,6.021193237830283,0.0,0,1.0,0.01832532913312352,-3.9809757525774754,True
1234,처치,1,2.0,14.0,943.48,366.0,10.0,21.45,0.0,1.0,1,2.29,1.0,1.0,458.84000000000003,7.0,2.0,1,1,2.0,2.70805020110221,6.8506345114923795,0.02273498113367533,0,1.0,0.06080288948099046,-2.7373880603335548,True
1236,대조,0,2.0,26.0,601.63,302.0,2.0,3.58,0.0,0.0,1,0.0,0.0,0.0,264.55,12.0,2.0,0,1,2.0,3.295836866004329,6.401303409725177,0.005950501138573542,0,0.0,0.05473030469580513,-2.8490527062393096,True
1237,대조,0,,0.0,0.0,0.0,0.0,0.0,0.0,1.0,0,0.0,0.0,0.0,0.0,0.0,90.0,0,0,90.0,0.0,0.0,0.0,0,1.0,0.0012529697663374772,-6.68098497699042,False
1239,대조,0,10.0,4.0,338.86,160.0,0.0,0.0,0.0,0.0,0,0.0,0.0,0.0,78.6,2.0,10.0,0,1,10.0,1.6094379124341003,5.8285337681059595,0.0,0,0.0,0.01837228711654204,-3.9783687310740614,True
1240,대조,0,1.0,23.0,1413.43,458.0,0.0,0.0,0.0,0.0,1,0.0,0.0,0.0,489.90000000000003,12.0,1.0,0,1,1.0,3.1780538303479458,7.254481902065681,0.0,0,0.0,0.06323071427402925,-2.6956468569244905,True
1245,대조,0,4.0,23.0,578.73,26591.0,0.0,0.0,0.0,1.0,0,5.79,3.0,3.0,256.24,17.0,4.0,1,1,4.0,3.1780538303479458,6.362562477912296,0.0,0,1.0,0.03310196732047887,-3.3745003265386404,True
1251,대조,0,52.0,4.0,20.48,17.0,0.0,0.0,0.0,0.0,0,0.0,0.0,0.0,51.760000000000005,5.0,52.0,0,1,52.0,1.6094379124341003,3.067122269640664,0.0,0,0.0,0.007200640514436099,-4.926358606326984,False
1257,대조,0,,0.0,0.0,0.0,0.0,0.0,0.0,0.0,1,0.0,0.0,0.0,0.0,0.0,90.0,0,0,90.0,0.0,0.0,0.0,0,0.0,0.0018087238743459205,-6.3133233625706335,False
1259,대조,0,49.0,4.0,119.81,67.0,0.0,0.0,0.0,0.0,0,0.0,0.0,0.0,105.69,4.0,49.0,0,1,49.0,1.6094379124341003,4.7942190635314725,0.0,0,0.0,0.013093701799924052,-4.322443762995025,True
1260,대조,0,9.0,18.0,1396.38,610.0,2.0,4.29,0.0,1.0,1,0.0,0.0,0.0,288.39,4.0,9.0,0,1,9.0,2.9444389791664403,7.242354333721668,0.003072229622309113,0,1.0,0.05434511871922707,-2.8565228859870193,True
1261,대조,0,11.0,19.0,383.34,6059.0,0.0,0.0,0.0,0.0,1,1.92,1.0,1.0,98.14,5.0,11.0,1,1,11.0,2.995732273553991,5.951527577504281,0.0,0,0.0,0.038728497870057714,-3.211681181382536,True
1263,대조,0,2.0,22.0,1249.58,466.0,0.0,0.0,0.0,2.0,1,1.25,1.0,1.0,509.42,7.0,2.0,1,1,2.0,3.1354942159291497,7.131362722681634,0.0,0,2.0,0.04666377458501021,-3.016999489950849,True
1265,대조,0,24.0,6.0,169.13,77.0,0.0,0.0,0.0,0.0,0,0.0,0.0,0.0,21.02,1.0,24.0,0,1,24.0,1.9459101490553132,5.136562850694046,0.0,0,0.0,0.01636671336446295,-4.096003552053692,True
1266,대조,0,5.0,19.0,379.97,197.0,1.0,3.58,0.0,2.0,0,0.0,0.0,0.0,33.980000000000004,2.0,5.0,0,1,5.0,2.995732273553991,5.942720631869052,0.009421796457615074,0,2.0,0.02784537472615008,-3.5528479967833295,True
1269,대조,0,6.0,18.0,671.16,320.0,2.0,2.67,0.0,0.0,0,0.0,0.0,0.0,36.06,4.0,6.0,0,1,6.0,2.9444389791664403,6.510496407421072,0.003978187019488647,0,0.0,0.03906782354125262,-3.2026046296071735,True
1271,처치,1,5.0,17.0,497.71000000000004,257.0,2.0,3.7800000000000002,0.0,0.0,0,2.5,1.0,1.0,319.89,9.0,5.0,1,1,5.0,2.8903717578961645,6.212024764486588,0.0075947841112294304,0,0.0,0.03683994303914193,-3.2636369393754654,True
1277,대조,0,1.0,32.0,604.24,263.0,0.0,0.0,0.0,0.0,0,0.0,0.0,0.0,447.18,18.0,1.0,0,1,1.0,3.4965075614664802,6.40562507358337,0.0,0,0.0,0.04241027628656753,-3.1170287247713406,True
1282,대조,0,2.0,38.0,1445.91,632.0,9.0,19.46,0.0,0.0,0,0.88,1.0,1.0,419.89,14.0,2.0,1,1,2.0,3.6635616461296463,7.277185527046819,0.013458652336590797,0,0.0,0.07462675504791848,-2.5176980745149664,True
1284,대조,0,5.0,14.0,67.28,43.0,0.0,0.0,0.0,0.0,0,1.92,1.0,1.0,89.32000000000001,12.0,5.0,1,1,5.0,2.70805020110221,4.22361689792624,0.0,0,0.0,0.015412151945208698,-4.157066839630686,True
1285,대조,0,9.0,19.0,532.0600000000001,327.0,0.0,0.0,0.0,0.0,1,0.0,0.0,0.0,215.61,7.0,9.0,0,1,9.0,2.995732273553991,6.27863398818675,0.0,0,0.0,0.04319070255870988,-3.097978846835737,True
1287,대조,0,2.0,19.0,383.34000000000003,213.0,3.0,5.86,2.0,2.0,0,2.99,1.0,1.0,153.24,8.0,2.0,1,1,2.0,2.995732273553991,5.951527577504281,0.015286690666249282,1,2.0,0.13383544777473527,-1.867463860971046,True
1288,대조,0,10.0,3.0,324.88,155.0,1.0,4.58,0.0,0.0,0,0.0,0.0,0.0,50.28,1.0,10.0,0,1,10.0,1.3862943611198906,5.786529215442441,0.014097512927850284,0,0.0,0.021337328215157665,-3.825728981848152,True
1289,대조,0,1.0,79.0,205.3,138.0,0.0,0.0,0.0,1.0,0,0.0,0.0,0.0,59.54,28.0,1.0,0,1,1.0,4.382026634673881,5.329331420077207,0.0,0,1.0,0.03506539307782344,-3.314845642292889,True
1291,대조,0,1.0,17.0,638.65,390.0,2.0,6.11,0.0,0.0,1,0.0,0.0,0.0,196.7,6.0,1.0,0,1,1.0,2.8903717578961645,6.460921151763044,0.00956705550771158,0,0.0,0.05175463049482095,-2.9080993910533035,True
1292,대조,0,18.0,2.0,34.69,8.0,0.0,0.0,0.0,1.0,0,0.0,0.0,0.0,0.0,0.0,18.0,0,0,18.0,1.0986122886681098,3.574870537502069,0.0,0,1.0,0.006206730904097085,-5.075894873374865,False
1293,대조,0,1.0,23.0,379.1,244.0,2.0,3.71,0.0,0.0,0,1.79,1.0,1.0,186.16,7.0,1.0,1,1,1.0,3.1780538303479458,5.940434375995203,0.009786336059087311,0,0.0,0.038368905322589124,-3.221383525314148,True
1294,대조,0,14.0,6.0,597.78,280.0,1.0,3.79,0.0,0.0,0,0.0,0.0,0.0,351.74,3.0,14.0,0,1,14.0,1.9459101490553132,6.394894251854076,0.006340125129646358,0,0.0,0.027945567999213588,-3.5491531847666997,True
1296,대조,0,1.0,11.0,311.7,215.0,0.0,0.0,0.0,0.0,1,0.0,0.0,0.0,81.04,3.0,1.0,0,1,1.0,2.4849066497880004,5.745244264463795,0.0,0,0.0,0.030228562461248984,-3.4682731580504047,True
1300,대조,0,7.0,9.0,69.6,52.0,1.0,5.28,0.0,0.0,1,0.0,0.0,0.0,0.0,0.0,7.0,0,0,7.0,2.302585092994046,4.257030144499196,0.07586206896551725,0,0.0,0.06131685973025305,-2.7284231369499174,True
1301,대조,0,1.0,22.0,385.65,183.0,0.0,0.0,0.0,2.0,0,0.0,0.0,0.0,58.81,5.0,1.0,0,1,1.0,3.1354942159291497,5.957519891055044,0.0,0,2.0,0.0249722662549619,-3.664700056177275,True
1303,처치,1,3.0,36.0,803.87,44070.0,1.0,3.89,0.0,0.0,0,0.0,0.0,0.0,283.8,11.0,3.0,0,1,3.0,3.6109179126442243,6.690680773694309,0.00483909089778198,0,0.0,0.052571196017619226,-2.89158342769173,True
1304,대조,0,13.0,15.0,160.77,81.0,0.0,0.0,0.0,0.0,0,0.0,0.0,0.0,21.73,3.0,13.0,0,1,13.0,2.772588722239781,5.0861755733416025,0.0,0,0.0,0.02128417735211565,-3.828277377957102,True
1307,대조,0,2.0,14.0,262.49,109.0,0.0,0.0,0.0,0.0,0,0.0,0.0,0.0,160.16,12.0,2.0,0,1,2.0,2.70805020110221,5.574015416597136,0.0,0,0.0,0.02447838752170418,-3.685181728837241,True
1317,대조,0,2.0,35.0,793.9300000000001,424.0,0.0,0.0,0.0,2.0,0,8.0,4.0,4.0,95.9,5.0,2.0,1,1,2.0,3.58351893845611,6.67825406046321,0.0,0,2.0,0.037178806380036046,-3.2541288401913575,True
1318,대조,0,1.0,13.0,870.32,31161.0,2.0,7.98,0.0,0.0,1,2.38,2.0,2.0,440.56,4.0,1.0,1,1,1.0,2.6390573296152584,6.770009303180156,0.009169041272175752,0,0.0,0.0523989745786486,-2.8950465323829704,True
1319,대조,0,5.0,8.0,140.79,66.0,0.0,0.0,0.0,1.0,0,1.79,1.0,1.0,44.72,2.0,5.0,1,1,5.0,2.1972245773362196,4.954347089749467,0.0,0,1.0,0.01459504858396518,-4.212370341765641,True
1321,대조,0,3.0,44.0,291.4,208.0,0.0,0.0,0.0,0.0,1,0.0,0.0,0.0,84.65,4.0,3.0,0,1,3.0,3.8066624897703196,5.678122727875623,0.0,0,0.0,0.04625451034856011,-3.026237873266018,True
1325,대조,0,13.0,5.0,222.15,74.0,0.0,0.0,0.0,0.0,0,0.0,0.0,0.0,91.74,2.0,13.0,0,1,13.0,1.791759469228055,5.407844191075279,0.0,0,0.0,0.016951372086237388,-4.0603098082176095,True
1326,대조,0,1.0,55.0,1903.35,88618.0,2.0,3.58,0.0,0.0,1,0.0,0.0,0.0,590.38,29.0,1.0,0,1,1.0,4.02535169073515,7.551896021987248,0.0018808942128352643,0,0.0,0.09442414251481816,-2.2607742605233927,True
1330,대조,0,14.0,6.0,129.43,44.0,0.0,0.0,0.0,1.0,0,0.0,0.0,0.0,81.82,4.0,14.0,0,1,14.0,1.9459101490553132,4.8708366843821915,0.0,0,1.0,0.013051379129047625,-4.325724173651649,True
1331,대조,0,5.0,20.0,453.53,205.0,0.0,0.0,0.0,1.0,0,0.0,0.0,0.0,41.81,4.0,5.0,0,1,5.0,3.044522437723423,6.119263918039854,0.0,0,1.0,0.02913521323025677,-3.5062396878045337,True
1333,대조,0,4.0,15.0,981.67,381.0,4.0,7.449999999999999,0.0,0.0,1,2.0,1.0,1.0,371.62,9.0,4.0,1,1,4.0,2.772588722239781,6.890273356765622,0.007589108356168569,0,0.0,0.055614771566092853,-2.832085322251067,True
1344,대조,0,3.0,4.0,566.6700000000001,199.0,0.0,0.0,0.0,0.0,0,0.0,0.0,0.0,63.66,2.0,3.0,0,1,3.0,1.6094379124341003,6.341540263967944,0.0,0,0.0,0.021841187518518965,-3.8018745188451213,True
1345,대조,0,4.0,3.0,166.79,63.0,0.0,0.0,0.0,1.0,0,0.0,0.0,0.0,10.08,1.0,4.0,0,1,4.0,1.3862943611198906,5.122713197501606,0.0,0,1.0,0.011671268873393384,-4.438885196321089,False
1347,대조,0,13.0,15.0,349.97,9903.0,0.0,0.0,0.0,0.0,0,0.0,0.0,0.0,88.98,4.0,13.0,0,1,13.0,2.772588722239781,5.86070074972762,0.0,0,0.0,0.027738256277103024,-3.556812498477918,True
1349,대조,0,2.0,30.0,729.58,16589.0,2.0,3.24,0.0,0.0,0,4.14,4.0,4.0,370.64,10.0,2.0,1,1,2.0,3.4339872044851463,6.593838739226015,0.004440911209188848,0,0.0,0.04764615217248137,-2.995134779676174,True
1350,대조,0,2.0,12.0,124.57,77.0,0.0,0.0,0.0,2.0,0,0.0,0.0,0.0,47.25,8.0,2.0,0,1,2.0,2.5649493574615367,4.8328633720008725,0.0,0,2.0,0.013939867225230083,-4.258964458775418,True
1351,대조,0,4.0,10.0,36.83,39.0,0.0,0.0,0.0,0.0,0,0.0,0.0,0.0,3.36,3.0,4.0,0,1,4.0,2.3978952727983707,3.6331024386449378,0.0,0,0.0,0.011278281869992211,-4.473533997033065,False
1354,대조,0,7.0,17.0,393.67,14582.0,3.0,9.57,0.0,0.0,1,0.0,0.0,0.0,132.85,5.0,7.0,0,1,7.0,2.8903717578961645,5.9780499726861205,0.024309701018619657,0,0.0,0.05638814200816933,-2.8174560258947974,True
1356,대조,0,4.0,10.0,291.18,141.0,0.0,0.0,0.0,0.0,0,0.0,0.0,0.0,97.38,6.0,4.0,0,1,4.0,2.3978952727983707,5.677370050704368,0.0,0,0.0,0.022819977222135242,-3.7570345495647084,True
1357,대조,0,5.0,13.0,404.7,9853.0,0.0,0.0,0.0,1.0,1,0.0,0.0,0.0,317.15999999999997,6.0,5.0,0,1,5.0,2.6390573296152584,6.005613970212401,0.0,0,1.0,0.03068563299584114,-3.4527944189649635,True
1363,대조,0,,0.0,0.0,0.0,0.0,0.0,0.0,0.0,1,0.0,0.0,0.0,233.57,5.0,90.0,0,1,90.0,0.0,0.0,0.0,0,0.0,0.0018087238743459205,-6.3133233625706335,False
1364,대조,0,9.0,11.0,171.11,81.0,0.0,0.0,1.0,2.0,1,0.0,0.0,0.0,61.19,7.0,9.0,0,1,9.0,2.4849066497880004,5.14813380728189,0.0,1,2.0,0.08658785882287194,-2.3560275855624724,True
1366,대조,0,9.0,40.0,433.5,9427.0,0.0,0.0,0.0,2.0,0,0.0,0.0,0.0,148.27,7.0,9.0,0,1,9.0,3.713572066704308,6.074195944705447,0.0,0,2.0,0.03177389838793554,-3.416820488717368,True
1367,대조,0,3.0,29.0,1330.08,108043.0,3.0,19.47,0.0,1.0,1,14.98,2.0,2.0,454.27,9.0,3.0,1,1,3.0,3.4011973816621555,7.19374592177294,0.01463821725009022,0,1.0,0.07487010467759035,-2.514179480662765,True
1369,대조,0,8.0,7.0,222.83,76.0,0.0,0.0,0.0,0.0,1,0.0,0.0,0.0,24.29,2.0,8.0,0,1,8.0,2.0794415416798357,5.4108868351515325,0.0,0,0.0,0.023552735943245726,-3.7246787541476736,True
1370,대조,0,3.0,12.0,1273.47,581.0,2.0,2.67,0.0,0.0,1,1.79,1.0,1.0,418.65000000000003,4.0,3.0,1,1,3.0,2.5649493574615367,7.150285684896527,0.002096633607387689,0,0.0,0.05165265814173797,-2.910179170766798,True
1374,대조,0,4.0,13.0,372.44,155.0,1.0,1.79,0.0,0.0,0,1.92,1.0,1.0,249.25,6.0,4.0,1,1,4.0,2.6390573296152584,5.922757349098191,0.00480614327139942,0,0.0,0.029242371595537067,-3.502458087328413,True
1375,대조,0,4.0,20.0,569.8,247.0,0.0,0.0,0.0,1.0,0,0.0,0.0,0.0,172.03,8.0,4.0,0,1,4.0,3.044522437723423,6.347038885602681,0.0,0,1.0,0.031465898933337136,-3.42687930653402,True
1376,대조,0,1.0,41.0,1963.69,216316.0,4.0,9.6,0.0,0.0,1,2.5,1.0,1.0,650.24,15.0,1.0,1,1,1.0,3.7376696182833684,7.583089751043566,0.004888755353441734,0,0.0,0.09124551882499213,-2.2985210774877416,True
1382,대조,0,2.0,23.0,620.96,209.0,1.0,2.29,0.0,2.0,1,0.0,0.0,0.0,119.58,8.0,2.0,0,1,2.0,3.1780538303479458,6.432875781989615,0.003687838186034527,0,2.0,0.039827578857992395,-3.182553265239566,True
1383,대조,0,6.0,15.0,122.54,34.0,0.0,0.0,0.0,0.0,0,0.0,0.0,0.0,60.660000000000004,8.0,6.0,0,1,6.0,2.772588722239781,4.816564990267753,0.0,0,0.0,0.019339357671524483,-3.9260841923300167,True
1385,대조,0,1.0,12.0,856.24,371.0,0.0,0.0,0.0,1.0,0,0.0,0.0,0.0,236.27,4.0,1.0,0,1,1.0,2.5649493574615367,6.753717926066475,0.0,0,1.0,0.030639791676478897,-3.454336729052811,True
1387,대조,0,9.0,8.0,231.25,95.0,0.0,0.0,0.0,0.0,0,0.0,0.0,0.0,76.96000000000001,2.0,9.0,0,1,9.0,2.1972245773362196,5.447814377693948,0.0,0,0.0,0.01973042370108637,-3.9056658169233707,True
1389,대조,0,1.0,3.0,215.2,84.0,1.0,1.79,0.0,0.0,1,0.0,0.0,0.0,59.38,1.0,1.0,0,1,1.0,1.3862943611198906,5.376203905205108,0.008317843866171005,0,0.0,0.021066729733631072,-3.8387684729251057,True
1390,대조,0,4.0,37.0,1205.44,593.0,2.0,5.01,0.0,0.0,0,2.25,2.0,2.0,400.22,19.0,4.0,1,1,4.0,3.6375861597263857,7.0954291532027005,0.004156158747013538,0,0.0,0.05998605537352976,-2.751782585093589,True
1391,대조,0,7.0,26.0,1322.08,141781.0,1.0,3.89,0.0,3.0,1,0.0,0.0,0.0,308.89,6.0,7.0,0,1,7.0,3.295836866004329,7.187717630918699,0.00294233329299286,0,3.0,0.046571521405602244,-3.0190751872059898,True
1392,대조,0,8.0,17.0,374.22,10288.0,0.0,0.0,0.0,1.0,0,0.0,0.0,0.0,139.97,6.0,8.0,0,1,8.0,2.8903717578961645,5.927512520615465,0.0,0,1.0,0.025926673216720285,-3.6262142922834024,True
1393,대조,0,2.0,32.0,828.54,360.0,6.0,21.73,1.0,3.0,1,0.88,1.0,1.0,212.71,8.0,2.0,1,1,2.0,3.4965075614664802,6.720871330288238,0.02622685688077824,1,3.0,0.24469895485564488,-1.1270877057515423,False
1396,대조,0,13.0,37.0,989.27,11666.0,1.0,2.5,0.0,0.0,1,0.0,0.0,0.0,477.77,17.0,13.0,0,1,13.0,3.6375861597263857,6.897977633218041,0.002527115954188442,0,0.0,0.06854037645001881,-2.6093298346319953,True
1397,대조,0,4.0,28.0,567.38,273.0,0.0,0.0,0.0,0.0,1,1.79,1.0,1.0,310.39,16.0,4.0,1,1,4.0,3.367295829986474,6.342790209115498,0.0,0,0.0,0.04986675807151697,-2.947247619565829,True
1402,대조,0,5.0,31.0,525.25,33234.0,3.0,9.97,0.0,0.0,1,0.0,0.0,0.0,139.31,12.0,5.0,0,1,5.0,3.4657359027997265,6.265776384996591,0.018981437410756783,0,0.0,0.06861191660573995,-2.608209805072411,True
1403,대조,0,1.0,33.0,524.97,150007.0,0.0,0.0,0.0,0.0,0,0.88,1.0,1.0,249.98,6.0,1.0,1,1,1.0,3.5263605246161616,6.265244176890665,0.0,0,0.0,0.040865803446164986,-3.1557373871748053,True
1405,대조,0,16.0,6.0,388.63,157.0,0.0,0.0,0.0,1.0,0,0.0,0.0,0.0,0.0,0.0,16.0,0,0,16.0,1.9459101490553132,5.965197570857262,0.0,0,1.0,0.019054500346257868,-3.9412135897920955,True
1408,대조,0,17.0,3.0,60.44,36.0,0.0,0.0,0.0,0.0,0,0.0,0.0,0.0,46.77,3.0,17.0,0,1,17.0,1.3862943611198906,4.118061088839417,0.0,0,0.0,0.009442910715989442,-4.653003230122551,False
1409,대조,0,8.0,8.0,523.77,249.0,0.0,0.0,0.0,0.0,0,0.0,0.0,0.0,115.51,4.0,8.0,0,1,8.0,2.1972245773362196,6.262960071361773,0.0,0,0.0,0.026072983798013424,-3.6204366940895416,True
1417,대조,0,,0.0,0.0,0.0,0.0,0.0,0.0,0.0,0,0.0,0.0,0.0,418.89,7.0,90.0,0,1,90.0,0.0,0.0,0.0,0,0.0,0.0014293166428961715,-6.549128481937849,False
1418,대조,0,4.0,5.0,197.48,78.0,0.0,0.0,0.0,0.0,1,0.0,0.0,0.0,92.25,2.0,4.0,0,1,4.0,1.791759469228055,5.2906883393835455,0.0,0,0.0,0.02043572650835018,-3.8698231853639125,True
1419,대조,0,1.0,114.0,1305.65,22816.0,0.0,0.0,0.0,0.0,1,0.0,0.0,0.0,326.09,18.0,1.0,0,1,1.0,4.74493212836325,7.17522188893301,0.0,0,0.0,0.10223373785762369,-2.1726480079580335,True
1420,대조,0,5.0,12.0,781.67,320.0,2.0,2.78,0.0,2.0,0,1.99,1.0,1.0,334.74,5.0,5.0,1,1,5.0,2.5649493574615367,6.66271115121459,0.0035564880320339783,0,2.0,0.027809101388038923,-3.5541888277500884,True
1421,처치,1,6.0,31.0,775.63,79232.0,5.0,8.26,1.0,2.0,1,0.0,0.0,0.0,289.54,10.0,6.0,0,1,6.0,3.4657359027997265,6.654964046476766,0.01064940757835566,1,2.0,0.21435696539563337,-1.298859846875456,True
1423,대조,0,1.0,35.0,267.67,167.0,0.0,0.0,0.0,0.0,1,0.0,0.0,0.0,83.06,5.0,1.0,0,1,1.0,3.58351893845611,5.593483860709444,0.0,0,0.0,0.041674944394277234,-3.1352869325317503,True
1424,대조,0,16.0,2.0,13.89,8.0,0.0,0.0,0.0,0.0,0,0.0,0.0,0.0,47.79,5.0,16.0,0,1,16.0,1.0986122886681098,2.7006898466959175,0.0,0,0.0,0.005212977044732701,-5.251377564655608,False
1425,대조,0,25.0,12.0,420.2,155.0,0.0,0.0,0.0,0.0,1,0.0,0.0,0.0,351.44,12.0,25.0,0,1,25.0,2.5649493574615367,6.04310778025982,0.0,0,0.0,0.03474394373286644,-3.3243881336701877,True
1426,대조,0,45.0,4.0,106.68,44.0,0.0,0.0,0.0,2.0,0,0.0,0.0,0.0,0.0,0.0,45.0,0,0,45.0,1.6094379124341003,4.679163865896418,0.0,0,2.0,0.009676088136170819,-4.628374371869995,False
1428,대조,0,1.0,20.0,755.18,51197.0,2.0,5.0,0.0,0.0,1,0.0,0.0,0.0,332.78000000000003,9.0,1.0,0,1,1.0,3.044522437723423,6.628279443077456,0.006620938054503562,0,0.0,0.05485612998346737,-2.846623219790718,True
1429,대조,0,22.0,9.0,91.72,50.0,5.0,7.76,0.0,0.0,1,0.0,0.0,0.0,25.45,2.0,22.0,0,1,22.0,2.302585092994046,4.529584199031496,0.08460532054077627,0,0.0,0.07774721813747422,-2.4733565820219043,True
1431,대조,0,3.0,25.0,457.29,171.0,0.0,0.0,0.0,0.0,0,0.0,0.0,0.0,81.24,2.0,3.0,0,1,3.0,3.258096538021482,6.127502171508313,0.0,0,0.0,0.03566161272099644,-3.2973674208221553,True
1437,대조,0,2.0,25.0,923.24,495.0,1.0,2.99,0.0,0.0,1,0.0,0.0,0.0,191.81,3.0,2.0,0,1,2.0,3.258096538021482,6.828971778174763,0.0032385945149690223,0,0.0,0.05954068198137144,-2.759708582416755,True
1438,대조,0,18.0,5.0,471.2,155.0,0.0,0.0,0.0,0.0,1,0.0,0.0,0.0,0.0,0.0,18.0,0,0,18.0,1.791759469228055,6.157402624651413,0.0,0,0.0,0.02766786445084908,-3.5594258377375105,True
1440,대조,0,6.0,2.0,60.21,25.0,0.0,0.0,0.0,0.0,0,0.0,0.0,0.0,47.269999999999996,2.0,6.0,0,1,6.0,1.0986122886681098,4.114310574862978,0.0,0,0.0,0.008487441307721007,-4.7606440365183635,False
1443,대조,0,14.0,26.0,304.08,102.0,0.0,0.0,0.0,0.0,1,0.0,0.0,0.0,62.67,5.0,14.0,0,1,14.0,3.295836866004329,5.720574037296037,0.0,0,0.0,0.0397066942609312,-3.1857189699492627,True
1446,대조,0,3.0,8.0,491.49,238.0,0.0,0.0,0.0,0.0,0,0.0,0.0,0.0,246.99,4.0,3.0,0,1,3.0,2.1972245773362196,6.199474155837475,0.0,0,0.0,0.02545514618957804,-3.6450526150031117,True
1447,대조,0,10.0,4.0,55.72,17.0,0.0,0.0,0.0,0.0,0,0.0,0.0,0.0,9.99,1.0,10.0,0,1,10.0,1.6094379124341003,4.038126882223872,0.0,0,0.0,0.009893916447773505,-4.605892024458197,False
1448,대조,0,7.0,19.0,603.67,219.0,0.0,0.0,0.0,0.0,0,0.0,0.0,0.0,187.71,11.0,7.0,0,1,7.0,2.995732273553991,6.40468285467094,0.0,0,0.0,0.03589678252291772,-3.290550692789634,True
1451,처치,1,2.0,32.0,833.4,69921.0,2.0,2.64,0.0,0.0,1,4.26,3.0,2.0,240.08,15.0,2.0,1,1,2.0,3.4965075614664802,6.726712903686563,0.0031677465802735782,0,0.0,0.06221176136886043,-2.7129800937285067,True
1454,대조,0,6.0,23.0,647.82,32292.0,2.0,6.38,0.0,0.0,1,0.0,0.0,0.0,239.75,9.0,6.0,0,1,6.0,3.1780538303479458,6.475155328466655,0.009848414683090981,0,0.0,0.05761038266572516,-2.794715989505518,True
1456,대조,0,29.0,20.0,540.89,256.0,0.0,0.0,0.0,0.0,0,0.0,0.0,0.0,29.03,4.0,29.0,0,1,29.0,3.044522437723423,6.295063028812576,0.0,0,0.0,0.035522614715651976,-3.3014168570787423,True
1458,대조,0,7.0,16.0,376.08,10273.0,1.0,1.25,0.0,0.0,0,0.0,0.0,0.0,99.92,3.0,7.0,0,1,7.0,2.833213344056216,5.93245736652795,0.0033237609019357585,0,0.0,0.030613050566573152,-3.4552374536595747,True
1459,대조,0,1.0,12.0,747.03,262.0,1.0,3.69,0.0,0.0,0,0.0,0.0,0.0,103.78,4.0,1.0,0,1,1.0,2.5649493574615367,6.617443084122087,0.004939560660214449,0,0.0,0.036120044846697265,-3.28411878885611,True
1460,대조,0,3.0,6.0,298.96,7015.0,1.0,3.19,0.0,1.0,0,0.0,0.0,0.0,207.54,3.0,3.0,0,1,3.0,1.9459101490553132,5.703649132433188,0.01067032378913567,0,1.0,0.020775476411150656,-3.8529876835359538,True
1462,대조,0,3.0,19.0,688.14,10505.0,7.0,18.11,0.0,0.0,1,4.24,2.0,2.0,203.37,4.0,3.0,1,1,3.0,2.995732273553991,6.535444443406132,0.02631731915017293,0,0.0,0.07229589031404807,-2.5519455492026184,True
1463,대조,0,7.0,18.0,519.15,77643.0,0.0,0.0,0.0,2.0,0,0.0,0.0,0.0,190.78,7.0,7.0,0,1,7.0,2.9444389791664403,6.254117231516904,0.0,0,2.0,0.025955688176003,-3.6250660141680493,True
1464,대조,0,3.0,15.0,451.53,20468.0,3.0,5.26,0.0,0.0,0,0.0,0.0,0.0,92.52,2.0,3.0,0,1,3.0,2.772588722239781,6.114854059284884,0.011649281332358869,0,0.0,0.03663777479616861,-3.269349677133623,True
1467,대조,0,2.0,137.0,325.33,300.0,0.0,0.0,0.0,0.0,1,0.0,0.0,0.0,131.02,53.0,2.0,0,1,2.0,4.927253685157205,5.787909139305635,0.0,0,0.0,0.06950431369881808,-2.594328621924624,True
1468,대조,0,,0.0,0.0,0.0,0.0,0.0,0.0,1.0,1,0.0,0.0,0.0,0.0,0.0,90.0,0,0,90.0,0.0,0.0,0.0,0,1.0,0.0015856406515870882,-6.445179857623204,False
1473,처치,1,6.0,17.0,686.67,270.0,1.0,2.29,0.0,0.0,0,1.99,1.0,1.0,393.31,6.0,6.0,1,1,6.0,2.8903717578961645,6.533309071701137,0.0033349352673045277,0,0.0,0.038241948432560145,-3.2248298737662378,True
1474,대조,0,8.0,7.0,240.26,140.0,0.0,0.0,0.0,0.0,1,0.0,0.0,0.0,151.10999999999999,3.0,8.0,0,1,8.0,2.0794415416798357,5.485875190137238,0.0,0,0.0,0.024164817812196204,-3.6983959355006126,True
1479,대조,0,3.0,94.0,1327.39,611.0,2.0,2.38,0.0,0.0,1,0.0,0.0,0.0,335.86,42.0,3.0,0,1,3.0,4.553876891600541,7.191722961621201,0.0017929922630123775,0,0.0,0.09958761195894542,-2.201815088380416,True
1481,대조,0,3.0,13.0,345.66,161.0,5.0,13.36,0.0,0.0,1,2.0,1.0,1.0,277.93,15.0,3.0,1,1,3.0,2.6390573296152584,5.848344472513165,0.038650697216918356,0,0.0,0.06279046840379579,-2.703103591927132,True
1484,대조,0,3.0,13.0,442.54,236.0,1.0,2.69,0.0,0.0,1,0.0,0.0,0.0,98.15,3.0,3.0,0,1,3.0,2.6390573296152584,6.094787989339883,0.006078546572061282,0,0.0,0.03974765406894381,-3.1846452880397322,True
1485,대조,0,15.0,7.0,202.64,49.0,0.0,0.0,0.0,1.0,1,0.0,0.0,0.0,74.23,3.0,15.0,0,1,15.0,2.0794415416798357,5.316353729034136,0.0,0,1.0,0.020107344475376144,-3.8863578853774814,True
1488,대조,0,1.0,15.0,599.57,4778.0,2.0,3.52,0.0,0.0,1,0.0,0.0,0.0,35.79,1.0,1.0,0,1,1.0,2.772588722239781,6.397879204251734,0.005870874126457294,0,0.0,0.04582387988863185,-3.0360429164962888,True
1490,대조,0,2.0,21.0,507.62,33723.0,1.0,1.88,0.0,2.0,0,0.0,0.0,0.0,105.14,4.0,2.0,0,1,2.0,3.091042453358316,6.231701175848369,0.003703557779441314,0,2.0,0.02877139901038273,-3.519180065211889,True
1492,대조,0,3.0,15.0,238.57,104.0,1.0,0.88,0.0,1.0,1,0.0,0.0,0.0,50.68,4.0,3.0,0,1,3.0,2.772588722239781,5.478845649720898,0.003688644842184684,0,1.0,0.028550463133921285,-3.527116166119936,True
1493,대조,0,17.0,6.0,131.39000000000001,72.0,0.0,0.0,0.0,0.0,0,0.0,0.0,0.0,0.0,0.0,17.0,0,0,17.0,1.9459101490553132,4.885752111949565,0.0,0,0.0,0.014961195234986279,-4.187221171354972,True
1494,대조,0,12.0,14.0,398.16,199.0,1.0,0.88,0.0,0.0,1,0.0,0.0,0.0,120.51,4.0,12.0,0,1,12.0,2.70805020110221,5.989362339016112,0.0022101667671287923,0,0.0,0.03695013805174724,-3.2605358046173247,True
1495,대조,0,1.0,20.0,256.1,181.0,1.0,1.79,0.0,0.0,0,0.0,0.0,0.0,82.67999999999999,8.0,1.0,0,1,1.0,3.044522437723423,5.549465114271844,0.00698945724326435,0,0.0,0.030646266725370835,-3.4541187435454046,True
1499,대조,0,6.0,15.0,346.31,153.0,5.0,8.51,0.0,0.0,1,3.0,2.0,2.0,96.8,3.0,6.0,1,1,6.0,2.772588722239781,5.850217752885746,0.02457335912910398,0,0.0,0.0521763872399856,-2.8995383816315394,True
1501,대조,0,4.0,29.0,1224.74,151434.0,9.0,27.61,0.0,0.0,0,2.99,1.0,1.0,297.65000000000003,9.0,4.0,1,1,4.0,3.4011973816621555,7.111300022227617,0.022543560265852344,0,0.0,0.07524936600420862,-2.5087166378982255,True
1502,대조,0,14.0,6.0,272.23,116.0,1.0,2.79,0.0,3.0,0,0.0,0.0,0.0,56.769999999999996,2.0,14.0,0,1,14.0,1.9459101490553132,5.610313931331246,0.01024868677221467,0,3.0,0.015495889209965134,-4.1515632970910135,True
1505,대조,0,5.0,10.0,514.92,220.0,1.0,1.79,0.0,0.0,1,0.0,0.0,0.0,248.44,4.0,5.0,0,1,5.0,2.3978952727983707,6.245951714702122,0.0034762681581604915,0,0.0,0.03693853147910611,-3.2608620202401455,True
1506,대조,0,2.0,23.0,524.21,270.0,2.0,3.71,0.0,0.0,0,0.0,0.0,0.0,35.3,4.0,2.0,0,1,2.0,3.1780538303479458,6.263798182612951,0.007077316342687091,0,0.0,0.040902253975550584,-3.15480782367978,True
1508,대조,0,28.0,4.0,84.12,37.0,0.0,0.0,0.0,1.0,0,0.0,0.0,0.0,107.14,4.0,28.0,0,1,28.0,1.6094379124341003,4.444062025593334,0.0,0,1.0,0.010081117498542357,-4.586958883455402,False
1509,대조,0,2.0,38.0,957.79,97568.0,4.0,11.18,0.0,0.0,1,2.0,1.0,1.0,253.32,10.0,2.0,1,1,2.0,3.6635616461296463,6.8656720728020435,0.011672704872675639,0,0.0,0.07890894020895226,-2.4572643698679038,True
1510,대조,0,1.0,197.0,1534.34,82048.0,5.0,5.140000000000001,0.0,0.0,0,3.0,3.0,1.0,386.21999999999997,64.0,1.0,1,1,1.0,5.288267030694535,7.33650713386549,0.003349974581904924,0,0.0,0.10885162246323689,-2.102525249762868,True
1511,대조,0,5.0,22.0,431.91,210.0,0.0,0.0,0.0,0.0,0,0.0,0.0,0.0,337.8,10.0,5.0,0,1,5.0,3.1354942159291497,6.070529854204233,0.0,0,0.0,0.03358589336681857,-3.359486285631309,True
1512,대조,0,4.0,6.0,231.76,6359.0,0.0,0.0,0.0,1.0,0,0.0,0.0,0.0,35.18,2.0,4.0,0,1,4.0,1.9459101490553132,5.450007879788469,0.0,0,1.0,0.01586795313788897,-4.127458532613106,True
1515,대조,0,3.0,11.0,687.71,257.0,0.0,0.0,0.0,0.0,0,0.0,0.0,0.0,298.0,9.0,3.0,0,1,3.0,2.4849066497880004,6.534820282555589,0.0,0,0.0,0.031480742641279466,-3.4263923521815696,True
1517,대조,0,3.0,20.0,433.74,226.0,0.0,0.0,0.0,0.0,1,0.0,0.0,0.0,109.67,4.0,3.0,0,1,3.0,3.044522437723423,6.0747481512447195,0.0,0,0.0,0.04088976065421895,-3.1551263397176683,True
1518,대조,0,13.0,3.0,46.25,13.0,0.0,0.0,0.0,1.0,0,0.0,0.0,0.0,14.08,1.0,13.0,0,1,13.0,1.3862943611198906,3.855452653939752,0.0,0,1.0,0.007548767477473747,-4.878793573438875,False
1520,대조,0,4.0,19.0,447.69,103681.0,0.0,0.0,0.0,0.0,0,0.0,0.0,0.0,318.38,8.0,4.0,0,1,4.0,2.995732273553991,6.106332226127837,0.0,0,0.0,0.03240380566321671,-3.396538970990824,True
1524,대조,0,10.0,9.0,469.86,34198.0,0.0,0.0,0.0,0.0,1,0.0,0.0,0.0,247.07999999999998,5.0,10.0,0,1,10.0,2.302585092994046,6.154560809916804,0.0,0,0.0,0.032778866333467514,-3.3846431607944116,True
1526,대조,0,1.0,31.0,443.28000000000003,268.0,0.0,0.0,0.0,0.0,0,0.0,0.0,0.0,104.04,9.0,1.0,0,1,1.0,3.4657359027997265,6.096454994298919,0.0,0,0.0,0.037825694024425066,-3.2362070176898587,True
1530,대조,0,10.0,7.0,149.06,61.0,0.0,0.0,0.0,1.0,0,0.0,0.0,0.0,42.94,2.0,10.0,0,1,10.0,2.0794415416798357,5.011035214117583,0.0,0,1.0,0.014321909583995979,-4.23153931750825,True
1532,대조,0,39.0,2.0,83.83000000000001,10095.0,0.0,0.0,0.0,0.0,0,0.0,0.0,0.0,0.0,0.0,39.0,0,0,39.0,1.0986122886681098,4.440649253819643,0.0,0,0.0,0.009654225265271578,-4.630658478712334,False
1535,대조,0,2.0,38.0,1259.79,24171.0,1.0,1.79,0.0,0.0,0,0.0,0.0,0.0,498.57,14.0,2.0,0,1,2.0,3.6635616461296463,7.139493787600079,0.0014208717325903525,0,0.0,0.058643507980433565,-2.7758450335440874,True
1536,대조,0,7.0,21.0,873.5,64825.0,1.0,1.92,0.0,1.0,1,0.0,0.0,0.0,416.87,11.0,7.0,0,1,7.0,3.091042453358316,6.773652294458657,0.002198053806525472,0,1.0,0.04808736428751963,-2.985453815495011,True
1537,대조,0,7.0,11.0,219.66,24050.0,0.0,0.0,0.0,0.0,1,0.0,0.0,0.0,13.38,4.0,7.0,0,1,7.0,2.4849066497880004,5.39662305533216,0.0,0,0.0,0.026919272535146838,-3.587624565134253,True
1540,대조,0,5.0,24.0,569.17,332.0,2.0,5.0,0.0,0.0,1,0.0,0.0,0.0,132.34,6.0,5.0,0,1,5.0,3.2188758248682006,6.345934561976248,0.00878472161217211,0,0.0,0.054957148573531484,-2.844676507172184,True
1542,대조,0,3.0,25.0,361.62,142.0,0.0,0.0,0.0,1.0,0,0.0,0.0,0.0,67.08,5.0,3.0,0,1,3.0,3.258096538021482,5.893355453997663,0.0,0,1.0,0.028992684362237862,-3.5112904675987924,True
1544,대조,0,40.0,2.0,63.32,35.0,0.0,0.0,0.0,2.0,0,0.0,0.0,0.0,92.19,3.0,40.0,0,1,40.0,1.0986122886681098,4.163870624870711,0.0,0,2.0,0.006753572045966053,-4.990907241460403,False
1545,대조,0,1.0,31.0,772.47,298.0,1.0,0.88,0.0,0.0,1,0.0,0.0,0.0,162.29,9.0,1.0,0,1,1.0,3.4657359027997265,6.650886884516306,0.0011392028169378745,0,0.0,0.058073644260083414,-2.7862151591553417,True
1546,대조,0,1.0,15.0,677.54,451.0,2.0,2.8,0.0,0.0,0,0.0,0.0,0.0,0.0,0.0,1.0,0,0,1.0,2.772588722239781,6.51994343111129,0.004132597337426573,0,0.0,0.03699151824837184,-3.259373569558404,True
1547,대조,0,1.0,9.0,104.59,25001.0,0.0,0.0,0.0,0.0,0,0.0,0.0,0.0,58.8,8.0,1.0,0,1,1.0,2.302585092994046,4.659563669818423,0.0,0,0.0,0.015539797978477293,-4.148689127945929,True
1548,대조,0,9.0,7.0,192.99,92.0,0.0,0.0,0.0,2.0,0,0.0,0.0,0.0,22.72,1.0,9.0,0,1,9.0,2.0794415416798357,5.267806611343015,0.0,0,2.0,0.013736427140530779,-4.273872414614186,True
1549,대조,0,7.0,18.0,180.61,113.0,1.0,1.79,0.0,2.0,1,0.0,0.0,0.0,86.02,8.0,7.0,0,1,7.0,2.9444389791664403,5.201861530730407,0.009910857649078123,0,2.0,0.026981139470340493,-3.585265382115609,True
1551,대조,0,,0.0,0.0,0.0,0.0,0.0,0.0,1.0,0,0.0,0.0,0.0,0.0,0.0,90.0,0,0,90.0,0.0,0.0,0.0,0,1.0,0.0012529697663374772,-6.68098497699042,False
1555,대조,0,4.0,17.0,352.38,196.0,0.0,0.0,0.0,0.0,0,0.0,0.0,0.0,13.23,1.0,4.0,0,1,4.0,2.8903717578961645,5.867543965188504,0.0,0,0.0,0.028824877496994163,-3.517267988503328,True
1556,대조,0,3.0,15.0,504.78000000000003,324.0,1.0,2.79,0.0,0.0,1,0.0,0.0,0.0,83.02,6.0,3.0,0,1,3.0,2.772588722239781,6.226101792133406,0.005527160347081897,0,0.0,0.043053804411596584,-3.1012965690173444,True
1563,대조,0,3.0,24.0,711.08,4118.0,0.0,0.0,0.0,0.0,1,0.0,0.0,0.0,161.23000000000002,3.0,3.0,0,1,3.0,3.2188758248682006,6.568190264650676,0.0,0,0.0,0.05113044318152008,-2.9208912590687146,True
1566,대조,0,1.0,13.0,349.92,16085.0,0.0,0.0,0.0,0.0,1,4.0,2.0,2.0,834.3100000000001,28.0,1.0,1,1,1.0,2.6390573296152584,5.860558277260183,0.0,0,0.0,0.03312853798781932,-3.3736704763395,True
1567,대조,0,6.0,9.0,278.83,136.0,0.0,0.0,0.0,0.0,1,0.0,0.0,0.0,83.29,7.0,6.0,0,1,6.0,2.302585092994046,5.634182275926246,0.0,0,0.0,0.027413501538005782,-3.5689233670804525,True
1568,처치,1,17.0,7.0,334.71,147.0,4.0,5.9,0.0,0.0,1,0.0,0.0,0.0,231.56,3.0,17.0,0,1,17.0,2.0794415416798357,5.816247692043959,0.017627199665381975,0,0.0,0.03657942309630074,-3.271004180773408,True
1569,대조,0,10.0,11.0,155.39000000000001,96.0,0.0,0.0,0.0,2.0,0,0.0,0.0,0.0,40.63,4.0,10.0,0,1,10.0,2.4849066497880004,5.052352887448125,0.0,0,2.0,0.014681339365762982,-4.206387845712904,True
1572,대조,0,,0.0,0.0,0.0,0.0,0.0,0.0,0.0,1,0.0,0.0,0.0,0.0,0.0,90.0,0,0,90.0,0.0,0.0,0.0,0,0.0,0.0018087238743459205,-6.3133233625706335,False
1575,대조,0,14.0,7.0,193.37,112.0,0.0,0.0,0.0,0.0,0,1.25,1.0,1.0,160.97,4.0,14.0,1,1,14.0,2.0794415416798357,5.269763559129975,0.0,0,0.0,0.017861076599222724,-4.007108914663496,True
1577,대조,0,2.0,11.0,616.34,15142.0,0.0,0.0,0.0,0.0,0,0.0,0.0,0.0,426.02,6.0,2.0,0,1,2.0,2.4849066497880004,6.425419925615774,0.0,0,0.0,0.03031851042118987,-3.4652092253375097,True
1578,대조,0,10.0,21.0,560.0,17223.0,1.0,1.79,0.0,0.0,1,0.0,0.0,0.0,230.41,4.0,10.0,0,1,10.0,3.091042453358316,6.329720905522696,0.0031964285714285714,0,0.0,0.04786302629559959,-2.9903655916496894,True
1579,대조,0,9.0,86.0,1890.5,156391.0,6.0,8.559999999999999,0.0,2.0,0,0.0,0.0,0.0,675.12,29.0,9.0,0,1,9.0,4.465908118654584,7.545125444073084,0.004527902671250991,0,2.0,0.07189967746557545,-2.5578680542807137,True
1580,대조,0,1.0,21.0,162.28,150.0,0.0,0.0,0.0,0.0,1,1.79,1.0,1.0,117.88,15.0,1.0,1,1,1.0,3.091042453358316,5.095466518501589,0.0,0,0.0,0.02980126317495058,-3.4829501528023443,True
1581,대조,0,,0.0,0.0,0.0,0.0,0.0,0.0,0.0,0,0.0,0.0,0.0,0.0,0.0,90.0,0,0,90.0,0.0,0.0,0.0,0,0.0,0.0014293166428961715,-6.549128481937849,False
1584,대조,0,2.0,68.0,1509.07,112360.0,0.0,0.0,0.0,2.0,0,1.79,1.0,1.0,649.5,25.0,2.0,1,1,2.0,4.23410650459726,7.319911286350383,0.0,0,2.0,0.057294850377027765,-2.8005428125929868,True
1585,대조,0,2.0,19.0,1047.99,17767.0,3.0,7.63,0.0,0.0,1,0.0,0.0,0.0,483.51,9.0,2.0,0,1,2.0,2.995732273553991,6.9555830754623935,0.0072806038225555585,0,0.0,0.060820389158954886,-2.7370816590030773,True
1587,대조,0,8.0,12.0,271.58,13959.0,0.0,0.0,0.0,0.0,0,0.0,0.0,0.0,31.29,4.0,8.0,0,1,8.0,2.5649493574615367,5.6079321489993665,0.0,0,0.0,0.023643062027157883,-3.7207585231662246,True
1588,대조,0,2.0,45.0,641.62,340.0,2.0,2.99,0.0,0.0,1,2.0,1.0,1.0,204.31,8.0,2.0,1,1,2.0,3.828641396489095,6.465553569757965,0.004660079174589321,0,0.0,0.06526879416281743,-2.661744969694392,True
1591,대조,0,11.0,9.0,467.53,239.0,0.0,0.0,0.0,0.0,1,1.25,1.0,1.0,264.47,5.0,11.0,1,1,11.0,2.302585092994046,6.149600133779925,0.0,0,0.0,0.032738760062611956,-3.3859089150439967,True
1592,대조,0,21.0,4.0,181.95,49.0,0.0,0.0,0.0,0.0,0,0.0,0.0,0.0,0.0,0.0,21.0,0,0,21.0,1.6094379124341003,5.209212891465215,0.0,0,0.0,0.014916864932016351,-4.19023359119852,True
1593,대조,0,30.0,4.0,104.71000000000001,53.0,0.0,0.0,0.0,0.0,0,0.0,0.0,0.0,42.01,1.0,30.0,0,1,30.0,1.6094379124341003,4.660699495780571,0.0,0,0.0,0.012392096843946364,-4.378226841702976,False
1594,대조,0,23.0,3.0,88.74,87.0,0.0,0.0,0.0,0.0,0,0.0,0.0,0.0,146.7,7.0,23.0,0,1,23.0,1.3862943611198906,4.496916600547837,0.0,0,0.0,0.010799685234571206,-4.51737986509088,False
1595,대조,0,5.0,22.0,749.51,95023.0,0.0,0.0,0.0,0.0,1,0.0,0.0,0.0,216.02,8.0,5.0,0,1,5.0,3.1354942159291497,6.6207529754351135,0.0,0,0.0,0.05065028591653345,-2.9308323630934163,True
1599,대조,0,5.0,14.0,860.85,486.0,4.0,6.64,0.0,0.0,0,5.76,3.0,2.0,323.72,6.0,5.0,1,1,5.0,2.70805020110221,6.7590812416004,0.0077133066155543935,0,0.0,0.04172957204835664,-3.1339199827112134,True
1601,대조,0,9.0,5.0,206.65,99.0,0.0,0.0,0.0,1.0,0,0.0,0.0,0.0,0.0,0.0,9.0,0,0,9.0,1.791759469228055,5.335853970076762,0.0,0,1.0,0.014495863484384301,-4.219289992173248,True
1602,대조,0,8.0,26.0,1160.97,464.0,0.0,0.0,0.0,1.0,0,2.99,1.0,1.0,445.92,8.0,8.0,1,1,8.0,3.295836866004329,7.0578721195226395,0.0,0,1.0,0.04362557885614694,-3.0875058409478178,True
1604,대조,0,4.0,19.0,112.28,70.0,0.0,0.0,0.0,0.0,1,0.0,0.0,0.0,57.85,16.0,4.0,0,1,4.0,2.995732273553991,4.729862629945409,0.0,0,0.0,0.02550175522256788,-3.643175435740938,True
1605,대조,0,1.0,5.0,77.27,58.0,0.0,0.0,0.0,0.0,0,0.0,0.0,0.0,0.0,0.0,1.0,0,0,1.0,1.791759469228055,4.360164387816747,0.0,0,0.0,0.01173716627822445,-4.433188276373374,False
1607,대조,0,9.0,20.0,775.72,363.0,0.0,0.0,0.0,2.0,0,0.0,0.0,0.0,347.13,6.0,9.0,0,1,9.0,3.044522437723423,6.655079925061889,0.0,0,2.0,0.030816453344430176,-3.4484052657462616,True
1609,대조,0,1.0,47.0,4705.83,306176.0,8.0,34.04,0.0,0.0,1,5.15,2.0,2.0,1176.69,18.0,1.0,1,1,1.0,3.871201010907891,8.45676992432658,0.007233580473582768,0,0.0,0.1296021066181659,-1.9044814172554687,True
1615,대조,0,7.0,5.0,57.910000000000004,28.0,0.0,0.0,0.0,0.0,0,0.0,0.0,0.0,20.48,2.0,7.0,0,1,7.0,1.791759469228055,4.076010855533596,0.0,0,0.0,0.01066628068200693,-4.5299442783502695,False
1618,대조,0,1.0,15.0,616.71,42587.0,3.0,11.18,0.0,0.0,1,10.49,3.0,3.0,421.17,8.0,1.0,1,1,1.0,2.772588722239781,6.426019091659366,0.018128455838238394,0,0.0,0.056654529944479545,-2.812460619677122,True
1619,대조,0,13.0,29.0,589.21,83090.0,1.0,1.92,0.0,0.0,0,2.99,1.0,1.0,102.23,8.0,13.0,1,1,13.0,3.4011973816621555,6.380478405774315,0.0032586004989732013,0,0.0,0.04323720303819558,-3.0968541935805813,True
1620,처치,1,1.0,61.0,1776.51,68121.0,13.0,15.120000000000001,0.0,1.0,0,1.88,2.0,2.0,645.12,24.0,1.0,1,1,1.0,4.127134385045092,7.482968787540615,0.0085110694564061,0,1.0,0.07577307607870043,-2.501214597449076,True
1621,대조,0,2.0,9.0,503.3,255.0,1.0,0.88,0.0,0.0,0,0.0,0.0,0.0,101.54,4.0,2.0,0,1,2.0,2.302585092994046,6.22317132908268,0.001748460162924697,0,0.0,0.027392839759710408,-3.5696986032955156,True
1624,대조,0,15.0,9.0,59.5,18.0,0.0,0.0,0.0,0.0,0,0.0,0.0,0.0,72.31,3.0,15.0,0,1,15.0,2.302585092994046,4.102643365036796,0.0,0,0.0,0.012903562357066382,-4.337264317549965,True
1627,대조,0,69.0,1.0,5.0,5.0,0.0,0.0,0.0,0.0,1,1.79,1.0,1.0,125.21,5.0,69.0,1,1,69.0,0.6931471805599453,1.791759469228055,0.0,0,0.0,0.004271086489038326,-5.451606803392472,False
1630,대조,0,3.0,20.0,1170.11,355.0,1.0,2.29,0.0,0.0,0,0.0,0.0,0.0,588.51,12.0,3.0,0,1,3.0,3.044522437723423,7.06570729599208,0.001957080958200511,0,0.0,0.04699920135839342,-3.0094851324917404,True
1631,대조,0,1.0,47.0,1775.37,1070.0,3.0,3.6799999999999997,0.0,0.0,1,0.0,0.0,0.0,681.08,20.0,1.0,0,1,1.0,3.871201010907891,7.482327235187073,0.0020728073584661225,0,0.0,0.08818522283752984,-2.3359974667796237,True
1632,대조,0,36.0,11.0,268.31,30022.0,0.0,0.0,0.0,0.0,0,0.0,0.0,0.0,89.49,3.0,36.0,0,1,36.0,2.4849066497880004,5.5958631324367065,0.0,0,0.0,0.023205593168177725,-3.7398828623172213,True
1634,대조,0,7.0,9.0,551.32,317.0,3.0,3.63,2.0,2.0,1,0.0,0.0,0.0,13.59,1.0,7.0,0,1,7.0,2.302585092994046,6.314127588455008,0.006584197924980047,1,2.0,0.13038144379349678,-1.8975903371937348,True
1639,처치,1,10.0,29.0,513.67,361.0,2.0,3.55,0.0,0.0,0,0.0,0.0,0.0,76.42,6.0,10.0,0,1,10.0,3.4011973816621555,6.243525918579576,0.006911051842622696,0,0.0,0.04383111190155467,-3.082590676025995,True
1642,대조,0,3.0,17.0,262.28,187.0,1.0,0.88,1.0,3.0,0,0.88,1.0,1.0,70.85,5.0,3.0,1,1,3.0,2.8903717578961645,5.573218104635084,0.003355192923593107,1,3.0,0.08498143692049064,-2.376511509119091,True
1646,대조,0,3.0,19.0,227.96,36.0,0.0,0.0,0.0,0.0,0,0.0,0.0,0.0,14.69,1.0,3.0,0,1,3.0,2.995732273553991,5.43354731580814,0.0,0,0.0,0.025760430522761755,-3.632817624017274,True
1648,대조,0,2.0,22.0,946.76,82936.0,4.0,4.43,0.0,0.0,1,3.92,2.0,2.0,348.99,6.0,2.0,1,1,2.0,3.1354942159291497,6.854101305646504,0.004679116143478812,0,0.0,0.059029151010912544,-2.7688807535312447,True
1651,대조,0,7.0,10.0,356.35,152.0,2.0,9.17,0.0,0.0,0,5.98,2.0,1.0,62.86,1.0,7.0,1,1,7.0,2.3978952727983707,5.878715693665988,0.025733127543145783,0,0.0,0.037819737059883576,-3.2363707058283127,True
1653,대조,0,1.0,91.0,2658.96,161390.0,3.0,4.72,0.0,0.0,1,1.79,1.0,1.0,654.29,23.0,1.0,1,1,1.0,4.5217885770490405,7.886066364068694,0.0017751301260643258,0,0.0,0.12228258657624434,-1.9709900395410136,True
1659,대조,0,7.0,20.0,341.7,225.0,2.0,4.29,0.0,0.0,0,2.0,1.0,1.0,134.41,11.0,7.0,1,1,7.0,3.044522437723423,5.836855428880563,0.012554872695346796,0,0.0,0.03720073955495573,-3.253516296188205,True
1660,대조,0,2.0,7.0,114.16,42.0,0.0,0.0,0.0,0.0,0,0.0,0.0,0.0,31.650000000000002,1.0,2.0,0,1,2.0,2.0794415416798357,4.746322465743975,0.0,0,0.0,0.014828775009443355,-4.196245907999929,True
1663,대조,0,1.0,25.0,309.47,106482.0,0.0,0.0,0.0,0.0,0,0.0,0.0,0.0,60.14,8.0,1.0,0,1,1.0,3.258096538021482,5.738087278348192,0.0,0,0.0,0.031225401069603104,-3.4348000723574015,True
1666,대조,0,5.0,12.0,201.48,60.0,0.0,0.0,0.0,0.0,0,0.0,0.0,0.0,40.44,5.0,5.0,0,1,5.0,2.5649493574615367,5.3106411162368685,0.0,0,0.0,0.021323833407876278,-3.826375421521222,True
1667,대조,0,2.0,4.0,57.21,52.0,0.0,0.0,0.0,0.0,0,0.0,0.0,0.0,0.0,0.0,2.0,0,0,2.0,1.6094379124341003,4.064057161283644,0.0,0,0.0,0.009946019431070372,-4.600587053521936,False
1668,처치,1,4.0,11.0,185.81,86.0,0.0,0.0,0.0,0.0,0,0.0,0.0,0.0,25.85,3.0,4.0,0,1,4.0,2.4849066497880004,5.23009205755247,0.0,0,0.0,0.020169337921032465,-3.8832162364461245,True
1671,대조,0,13.0,2.0,45.51,28.0,0.0,0.0,0.0,2.0,0,0.0,0.0,0.0,95.96000000000001,1.0,13.0,0,1,13.0,1.0986122886681098,3.839667343236006,0.0,0,2.0,0.005956447224941035,-5.117306821226473,False
1672,대조,0,14.0,13.0,303.1,188.0,1.0,1.79,0.0,0.0,0,0.0,0.0,0.0,28.150000000000002,2.0,14.0,0,1,14.0,2.6390573296152584,5.717356594683319,0.005905641702408445,0,0.0,0.027907658398762355,-3.5505496558555607,True
1673,대조,0,8.0,20.0,955.3100000000001,9645.0,8.0,12.14,0.0,0.0,0,0.0,0.0,0.0,274.69,3.0,8.0,0,1,8.0,3.044522437723423,6.863082128270394,0.012707916801875831,0,0.0,0.052615678674444125,-2.8906906922052675,True
1676,대조,0,4.0,18.0,870.22,29019.0,3.0,6.86,0.0,1.0,1,0.0,0.0,0.0,132.08,3.0,4.0,0,1,4.0,2.9444389791664403,6.769894528196385,0.007883064052768266,0,1.0,0.050182636886948066,-2.940600628635849,True
1681,대조,0,3.0,17.0,508.37,17717.0,2.0,2.67,0.0,0.0,0,2.0,1.0,1.0,257.59,10.0,3.0,1,1,3.0,2.8903717578961645,6.23317466799603,0.005252080177823239,0,0.0,0.03563929456052364,-3.298016591460395,True
1685,대조,0,1.0,13.0,210.37,87.0,0.0,0.0,0.0,0.0,0,1.25,1.0,1.0,58.260000000000005,7.0,1.0,1,1,1.0,2.6390573296152584,5.353610152296746,0.0,0,0.0,0.02215784050707015,-3.787156858809788,True
1686,대조,0,4.0,14.0,180.76,12217.0,1.0,1.79,0.0,0.0,1,0.0,0.0,0.0,30.67,4.0,4.0,0,1,4.0,2.70805020110221,5.202687135532787,0.009902633325957071,0,0.0,0.032110991534629645,-3.4059190330920526,True
1689,대조,0,4.0,20.0,326.72,12555.0,1.0,1.76,0.0,0.0,1,0.0,0.0,0.0,378.99,8.0,4.0,0,1,4.0,3.044522437723423,5.792159585273614,0.0053868756121449556,0,0.0,0.04070785808427619,-3.1597745131769117,True
1692,대조,0,3.0,26.0,317.88,4711.0,1.0,1.92,0.0,0.0,1,0.0,0.0,0.0,127.6,5.0,3.0,0,1,3.0,3.295836866004329,5.7648148564644845,0.00604001510003775,0,0.0,0.044357453091580325,-3.070103191917176,True
1693,대조,0,2.0,25.0,1055.4,532.0,5.0,14.950000000000001,0.0,1.0,1,5.98,2.0,2.0,473.57,8.0,2.0,1,1,2.0,3.258096538021482,6.9626221804229775,0.01416524540458594,0,1.0,0.06573013120824868,-2.6542078967998695,True
1695,대조,0,2.0,16.0,86.87,38.0,0.0,0.0,0.0,0.0,1,0.0,0.0,0.0,27.18,4.0,2.0,0,1,2.0,2.833213344056216,4.475858449507752,0.0,0,0.0,0.022090374002963282,-3.7902753106483,True
1696,대조,0,1.0,10.0,488.35,209.0,1.0,2.29,0.0,0.0,1,2.0,1.0,1.0,136.07,3.0,1.0,1,1,1.0,2.3978952727983707,6.193077979871829,0.004689259752226886,0,0.0,0.03696436130250445,-3.2601361786857463,True
1703,대조,0,3.0,9.0,231.45000000000002,100.0,0.0,0.0,0.0,0.0,0,0.0,0.0,0.0,299.79,20.0,3.0,0,1,3.0,2.302585092994046,5.448675148136594,0.0,0,0.0,0.02040886280003444,-3.8711660201850298,True
1705,처치,1,1.0,26.0,229.48,164.0,1.0,3.19,0.0,1.0,0,0.0,0.0,0.0,143.71,4.0,1.0,0,1,1.0,3.295836866004329,5.440164090776273,0.013900993550636221,0,1.0,0.031816503336770434,-3.4154365039597607,True
1707,대조,0,6.0,80.0,636.17,308.0,0.0,0.0,0.0,2.0,1,0.0,0.0,0.0,248.61,30.0,6.0,0,1,6.0,4.394449154672439,6.457036495948265,0.0,0,2.0,0.0568443707192303,-2.808914109965997,True
1708,대조,0,9.0,8.0,784.78,396.0,5.0,15.05,0.0,0.0,1,5.79,3.0,2.0,195.25,2.0,9.0,1,1,9.0,2.1972245773362196,6.66667685503156,0.019177349065980277,0,0.0,0.05174534153847693,-2.908288683736941,True
1709,대조,0,1.0,20.0,596.14,30500.0,0.0,0.0,0.0,0.0,1,3.87,2.0,2.0,157.44,7.0,1.0,1,1,1.0,3.044522437723423,6.392151591763047,0.0,0,0.0,0.04544142742595411,-3.044824818606643,True
1717,대조,0,14.0,11.0,205.57,100.0,0.0,0.0,0.0,0.0,0,0.0,0.0,0.0,29.77,3.0,14.0,0,1,14.0,2.4849066497880004,5.330639338010161,0.0,0,0.0,0.020974588026958386,-3.843245988250999,True
1720,대조,0,1.0,22.0,846.21,287.0,0.0,0.0,0.0,0.0,1,0.0,0.0,0.0,368.26,10.0,1.0,0,1,1.0,3.1354942159291497,6.741948597805826,0.0,0,0.0,0.05263785181934336,-2.8902459590437735,True
1722,대조,0,3.0,44.0,1622.58,89506.0,1.0,2.79,0.0,1.0,1,0.88,1.0,1.0,781.57,18.0,3.0,1,1,3.0,3.8066624897703196,7.392388866583871,0.0017194837850830161,0,1.0,0.0739679195836855,-2.5272773980559853,True
1723,대조,0,6.0,6.0,293.89,64.0,0.0,0.0,0.0,0.0,0,0.0,0.0,0.0,476.52000000000004,8.0,6.0,0,1,6.0,1.9459101490553132,5.686602405446348,0.0,0,0.0,0.019613443745807695,-3.911731702539691,True
1733,대조,0,,0.0,0.0,0.0,0.0,0.0,0.0,2.0,0,0.0,0.0,0.0,0.0,0.0,90.0,0,0,90.0,0.0,0.0,0.0,0,2.0,0.0010983563630484591,-6.812841472042989,False
1735,대조,0,3.0,7.0,314.61,87.0,1.0,6.38,0.0,0.0,0,0.0,0.0,0.0,266.68,7.0,3.0,0,1,3.0,2.0794415416798357,5.754507274147812,0.020279075681001874,0,0.0,0.029631657424419824,-3.4888324366344983,True
1740,대조,0,1.0,73.0,2319.65,5357.0,0.0,0.0,0.0,0.0,1,2.0,1.0,1.0,918.02,32.0,1.0,1,1,1.0,4.30406509320417,7.749602597833188,0.0,0,0.0,0.10656648390229055,-2.1263028710621663,True
1742,대조,0,2.0,53.0,459.7,217.0,0.0,0.0,0.0,0.0,0,0.0,0.0,0.0,100.51,21.0,2.0,0,1,2.0,3.9889840465642745,6.132747071941871,0.0,0,0.0,0.045691041107664636,-3.0390852336484544,True
1744,대조,0,11.0,5.0,64.58,52.0,0.0,0.0,0.0,0.0,0,0.0,0.0,0.0,12.56,2.0,11.0,0,1,11.0,1.791759469228055,4.1832707714165025,0.0,0,0.0,0.011091104230906045,-4.490458843485974,False
1746,대조,0,9.0,10.0,194.07,91.0,0.0,0.0,0.0,0.0,0,1.79,1.0,1.0,203.88,4.0,9.0,1,1,9.0,2.3978952727983707,5.273358468506841,0.0,0,0.0,0.019912917953228963,-3.8962727624419093,True
1747,대조,0,1.0,9.0,267.9,15194.0,0.0,0.0,0.0,2.0,0,2.38,2.0,2.0,394.92,10.0,1.0,1,1,1.0,2.302585092994046,5.5943395632748185,0.0,0,2.0,0.016548536059765265,-4.084770643963627,True
1749,대조,0,17.0,20.0,574.17,43082.0,0.0,0.0,0.0,0.0,1,0.0,0.0,0.0,251.27,7.0,17.0,0,1,17.0,3.044522437723423,6.3546656492747715,0.0,0,0.0,0.04520035539692655,-3.050396572672139,True
1751,대조,0,2.0,27.0,970.74,492.0,4.0,9.98,0.0,0.0,1,4.0,2.0,2.0,229.27,10.0,2.0,1,1,2.0,3.332204510175204,6.879088278966751,0.010280816696540783,0,0.0,0.0695704055344082,-2.5933071399486693,True
1758,대조,0,3.0,10.0,345.73,134.0,1.0,1.79,0.0,0.0,0,0.0,0.0,0.0,180.26,6.0,3.0,0,1,3.0,2.3978952727983707,5.848546379088794,0.0051774506117490526,0,0.0,0.02641021778903273,-3.6072390740291373,True
1759,대조,0,7.0,53.0,560.35,299.0,5.0,6.68,0.0,0.0,1,1.76,2.0,2.0,346.83,32.0,7.0,1,1,7.0,3.9889840465642745,6.330344596904789,0.011921120728116354,0,0.0,0.0742060446983439,-2.5238060876211814,True
1761,대조,0,20.0,4.0,294.04,113.0,0.0,0.0,0.0,0.0,0,0.0,0.0,0.0,48.64,2.0,20.0,0,1,20.0,1.6094379124341003,5.687110940368229,0.0,0,0.0,0.01758086275226755,-4.0232070704646,True
1765,대조,0,17.0,7.0,910.76,446.0,0.0,0.0,0.0,0.0,1,0.0,0.0,0.0,271.26,4.0,17.0,0,1,17.0,2.0794415416798357,6.81537679754748,0.0,0,0.0,0.03811965810953452,-3.2281599482492593,True
1768,대조,0,2.0,16.0,327.35,204.0,3.0,4.66,0.0,0.0,0,0.0,0.0,0.0,130.33,6.0,2.0,0,1,2.0,2.833213344056216,5.794080112636982,0.014235527722621048,0,0.0,0.0350314959920684,-3.315847920149714,True
1772,대조,0,3.0,18.0,449.94,190.0,0.0,0.0,0.0,1.0,0,0.0,0.0,0.0,166.45,7.0,3.0,0,1,3.0,2.9444389791664403,6.111334292958366,0.0,0,1.0,0.028054641701486277,-3.545145489305653,True
1773,대조,0,5.0,15.0,584.91,46254.0,0.0,0.0,3.0,1.0,0,0.0,0.0,0.0,14.56,1.0,5.0,0,1,5.0,2.772588722239781,6.373166194164094,0.0,1,1.0,0.12659794450618372,-1.931379721037735,True
1774,대조,0,20.0,6.0,317.43,187.0,1.0,2.5,0.0,0.0,0,0.0,0.0,0.0,301.68,4.0,20.0,0,1,20.0,1.9459101490553132,5.763402670637226,0.007875752134328829,0,0.0,0.023183145127981745,-3.740873666303348,True
1777,대조,0,4.0,17.0,324.71,116.0,1.0,1.79,0.0,0.0,0,0.0,0.0,0.0,45.33,3.0,4.0,0,1,4.0,2.8903717578961645,5.786007414911871,0.005512611253118168,0,0.0,0.030776922110423138,-3.4497296729375373,True
1779,대조,0,5.0,15.0,622.76,390.0,1.0,1.25,0.0,2.0,1,0.0,0.0,0.0,30.89,4.0,5.0,0,1,5.0,2.772588722239781,6.435765679001345,0.0020071937825165394,0,2.0,0.03383132536577937,-3.351951271134482,True
1781,대조,0,1.0,15.0,488.78000000000003,21462.0,0.0,0.0,0.0,0.0,0,0.0,0.0,0.0,43.33,2.0,1.0,0,1,1.0,2.772588722239781,6.19395631069132,0.0,0,0.0,0.030897827709103088,-3.445684166536721,True
1783,대조,0,41.0,4.0,187.35,100.0,0.0,0.0,0.0,3.0,0,0.0,0.0,0.0,8.93,1.0,41.0,0,1,41.0,1.6094379124341003,5.23830193413805,0.0,0,3.0,0.010290919490237757,-4.5661491383672725,False
1784,대조,0,14.0,8.0,373.16,134.0,0.0,0.0,0.0,1.0,0,0.0,0.0,0.0,5.29,1.0,14.0,0,1,14.0,2.1972245773362196,5.924683513417631,0.0,0,1.0,0.0204718765829631,-3.8680188787238254,True
1785,대조,0,10.0,5.0,193.86,127.0,0.0,0.0,0.0,0.0,1,0.0,0.0,0.0,172.98,5.0,10.0,0,1,10.0,1.791759469228055,5.272281351997195,0.0,0,0.0,0.020363507042400714,-3.8734371488611377,True
1790,대조,0,20.0,6.0,245.24,134.0,0.0,0.0,0.0,1.0,0,0.0,0.0,0.0,169.87,2.0,20.0,0,1,20.0,1.9459101490553132,5.506306670090569,0.0,0,1.0,0.016299941903898885,-4.100159487949087,True
1791,대조,0,3.0,22.0,556.83,12416.0,0.0,0.0,0.0,0.0,1,0.0,0.0,0.0,62.96,4.0,3.0,0,1,3.0,3.1354942159291497,6.32405425646497,0.0,0,0.0,0.04583586961390872,-3.035768737141991,True
1792,대조,0,88.0,3.0,119.9,52.0,0.0,0.0,0.0,0.0,0,0.0,0.0,0.0,0.0,0.0,88.0,0,0,88.0,1.3862943611198906,4.794963757620747,0.0,0,0.0,0.012343849097946905,-4.382176721512919,False
1793,대조,0,16.0,10.0,255.25,136.0,1.0,2.5,0.0,0.0,0,0.0,0.0,0.0,8.07,2.0,16.0,0,1,16.0,2.3978952727983707,5.546153530452618,0.009794319294809012,0,0.0,0.025917463759156493,-3.626579021620741,True
1794,대조,0,15.0,8.0,409.05,153.0,0.0,0.0,0.0,0.0,0,5.0,2.0,1.0,368.75,7.0,15.0,1,1,15.0,2.1972245773362196,6.01627910348242,0.0,0,0.0,0.024042734736751874,-3.703585938898078,True
1795,대조,0,1.0,156.0,1176.0,786.0,8.0,10.0,2.0,1.0,1,11.4,6.0,5.0,491.32,58.0,1.0,1,1,1.0,5.056245805348308,7.0707241072602764,0.008503401360544218,1,1.0,0.37707574923045817,-0.5019788299394439,False
1796,대조,0,18.0,5.0,147.39000000000001,6766.0,0.0,0.0,0.0,0.0,1,0.0,0.0,0.0,96.36,4.0,18.0,0,1,18.0,1.791759469228055,4.9998439430180355,0.0,0,0.0,0.018612373808310254,-3.965140897209089,True
1797,대조,0,3.0,13.0,624.34,283.0,2.0,3.58,0.0,0.0,1,1.79,1.0,1.0,191.77,6.0,3.0,1,1,3.0,2.6390573296152584,6.438295501822043,0.005734055162251337,0,0.0,0.04435101415170966,-3.0702551005133776,True
1798,대조,0,4.0,7.0,422.97,212.0,0.0,0.0,0.0,0.0,0,0.0,0.0,0.0,105.07000000000001,1.0,4.0,0,1,4.0,2.0794415416798357,6.049662698011744,0.0,0,0.0,0.023237192301716544,-3.7384897349085806,True
1800,대조,0,8.0,9.0,402.86,109123.0,0.0,0.0,0.0,0.0,1,0.0,0.0,0.0,76.28999999999999,3.0,8.0,0,1,8.0,2.302585092994046,6.001068283250677,0.0,0,0.0,0.031086945462907193,-3.439386909839009,True
1806,대조,0,3.0,15.0,552.24,270.0,1.0,1.79,0.0,1.0,0,0.0,0.0,0.0,105.89,6.0,3.0,0,1,3.0,2.772588722239781,6.315791903756507,0.003241344343039258,0,1.0,0.02996281439126135,-3.477377313911551,True
1808,대조,0,18.0,8.0,253.7,70.0,0.0,0.0,0.0,2.0,0,0.0,0.0,0.0,352.35,9.0,18.0,0,1,18.0,2.1972245773362196,5.540086381985411,0.0,0,2.0,0.01578503646433488,-4.132781900001616,True
1809,대조,0,3.0,9.0,241.02,141.0,1.0,2.99,0.0,0.0,0,0.0,0.0,0.0,121.32000000000001,4.0,3.0,0,1,3.0,2.302585092994046,5.489020367369906,0.012405609492988134,0,0.0,0.02556272575478587,-3.6407248845126245,True
1810,대조,0,5.0,9.0,160.4,70.0,0.0,0.0,0.0,0.0,0,0.0,0.0,0.0,141.14,13.0,5.0,0,1,5.0,2.302585092994046,5.083885755835849,0.0,0,0.0,0.01802022563348766,-3.9980759383912186,True
1812,대조,0,8.0,11.0,245.25,114.0,1.0,0.88,0.0,0.0,1,0.0,0.0,0.0,61.79,2.0,8.0,0,1,8.0,2.4849066497880004,5.506347280052198,0.0035881753312945975,0,0.0,0.029709408137238057,-3.4861318379280086,True
1814,대조,0,3.0,7.0,720.58,258.0,1.0,7.58,0.0,0.0,1,0.0,0.0,0.0,308.54,4.0,3.0,0,1,3.0,2.0794415416798357,6.581443252178061,0.01051930389408532,0,0.0,0.04175191836653731,-3.1333613031704566,True
1815,대조,0,1.0,10.0,511.72,278.0,1.0,2.29,0.0,0.0,1,0.0,0.0,0.0,158.8,4.0,1.0,0,1,1.0,2.3978952727983707,6.239729887195971,0.004475103572266083,0,0.0,0.03741614024328414,-3.2475190207530886,True
1816,대조,0,1.0,23.0,542.84,20927.0,0.0,0.0,0.0,0.0,1,0.0,0.0,0.0,271.71,9.0,1.0,0,1,1.0,3.1780538303479458,6.298655085947806,0.0,0,0.0,0.0460599723610297,-3.03065651103429,True
1818,대조,0,,0.0,0.0,0.0,0.0,0.0,0.0,1.0,0,0.0,0.0,0.0,0.0,0.0,90.0,0,0,90.0,0.0,0.0,0.0,0,1.0,0.0012529697663374772,-6.68098497699042,False
1820,대조,0,1.0,14.0,879.87,9567.0,7.0,23.52,0.0,0.0,1,0.0,0.0,0.0,348.64,6.0,1.0,0,1,1.0,2.70805020110221,6.780910055456818,0.026731221657744893,0,0.0,0.07170659620051571,-2.5607651101111593,True
1822,대조,0,7.0,46.0,657.01,346.0,0.0,0.0,0.0,0.0,1,0.0,0.0,0.0,96.03,11.0,7.0,0,1,7.0,3.8501476017100584,6.489220128778224,0.0,0,0.0,0.061527032177806716,-2.724777426166243,True
1824,대조,0,1.0,25.0,395.46,213.0,1.0,3.79,0.0,0.0,0,0.88,1.0,1.0,148.07,4.0,1.0,1,1,1.0,3.258096538021482,5.982575153262065,0.009583775855965206,0,0.0,0.039848389570431596,-3.182009207389097,True
1825,대조,0,2.0,5.0,298.37,112.0,0.0,0.0,0.0,1.0,0,0.0,0.0,0.0,133.31,4.0,2.0,0,1,2.0,1.791759469228055,5.701680266564331,0.0,0,1.0,0.016392850850289256,-4.094381262641368,True
1826,대조,0,2.0,12.0,270.68,195.0,1.0,0.88,0.0,0.0,0,0.0,0.0,0.0,42.79,6.0,2.0,0,1,2.0,2.5649493574615367,5.604624903122983,0.0032510713757942958,0,0.0,0.02489033110694292,-3.668070526487199,True
1829,대조,0,1.0,56.0,1145.97,56095.0,3.0,14.07,0.0,0.0,1,3.65,1.0,1.0,419.57,22.0,1.0,1,1,1.0,4.04305126783455,7.044878961599872,0.012277808319589517,0,0.0,0.09526491462431244,-2.2509805917752033,True
1832,대조,0,1.0,3.0,66.7,33.0,0.0,0.0,0.0,0.0,0,0.0,0.0,0.0,16.35,2.0,1.0,0,1,1.0,1.3862943611198906,4.215086179918229,0.0,0,0.0,0.009693456348042953,-4.626563480684923,False
1833,대조,0,4.0,18.0,508.0,259.0,4.0,6.39,0.0,1.0,1,2.0,1.0,1.0,96.51,5.0,4.0,1,1,4.0,2.9444389791664403,6.2324480165505225,0.012578740157480315,0,1.0,0.045342885789751326,-3.0470989424768304,True
1837,대조,0,2.0,19.0,816.73,56108.0,2.0,5.49,0.0,0.0,0,0.0,0.0,0.0,415.64,10.0,2.0,0,1,2.0,2.995732273553991,6.706532208766916,0.006721927687240581,0,0.0,0.044365303019759376,-3.0699180234795134,True
1839,대조,0,3.0,9.0,288.35,187.0,0.0,0.0,0.0,0.0,0,0.0,0.0,0.0,22.63,2.0,3.0,0,1,3.0,2.302585092994046,5.667637028019848,0.0,0,0.0,0.0220009808084195,-3.7944216325972744,True
1840,대조,0,,0.0,0.0,0.0,0.0,0.0,0.0,0.0,0,0.0,0.0,0.0,23.69,5.0,90.0,0,1,90.0,0.0,0.0,0.0,0,0.0,0.0014293166428961715,-6.549128481937849,False
1841,대조,0,26.0,4.0,281.71,129.0,2.0,11.17,0.0,0.0,1,6.9,2.0,1.0,91.57000000000001,1.0,26.0,1,1,26.0,1.6094379124341003,5.644421637261052,0.03965070462532392,0,0.0,0.04277072911472848,-3.1081889658295054,True
1847,대조,0,5.0,23.0,525.08,17880.0,0.0,0.0,0.0,0.0,1,0.0,0.0,0.0,223.64000000000001,7.0,5.0,0,1,5.0,3.1780538303479458,6.26545329242776,0.0,0,0.0,0.04563366949206462,-3.0404017818682023,True
1848,대조,0,4.0,16.0,2235.23,761.0,4.0,11.06,0.0,0.0,1,6.99,1.0,1.0,604.46,7.0,4.0,1,1,4.0,2.833213344056216,7.712546691239056,0.004948036667367564,0,0.0,0.07118525169778005,-2.568623651250427,True
1849,대조,0,1.0,28.0,323.04,212.0,0.0,0.0,0.0,0.0,0,0.0,0.0,0.0,215.84,23.0,1.0,0,1,1.0,3.367295829986474,5.78086696496229,0.0,0,0.0,0.03288117346087314,-3.3814211107865417,True
1850,대조,0,2.0,33.0,1036.69,90523.0,1.0,3.79,0.0,0.0,1,3.65,1.0,1.0,519.6800000000001,17.0,2.0,1,1,2.0,3.5263605246161616,6.944752367868259,0.0036558662666756696,0,0.0,0.06801714714522139,-2.6175545790034067,True
1854,대조,0,12.0,22.0,612.58,39974.0,0.0,0.0,0.0,0.0,0,0.0,0.0,0.0,135.92000000000002,10.0,12.0,0,1,12.0,3.1354942159291497,6.419310654997713,0.0,0,0.0,0.03790861875004237,-3.2339309431706655,True
1856,대조,0,1.0,71.0,773.5,389.0,4.0,8.99,2.0,2.0,0,2.0,1.0,1.0,266.58,29.0,1.0,1,1,1.0,4.276666119016055,6.652217659856923,0.011622495151906918,1,2.0,0.22513775575741554,-1.2359728015217195,False
1857,대조,0,2.0,18.0,829.49,22588.0,0.0,0.0,0.0,0.0,0,0.0,0.0,0.0,22.92,3.0,2.0,0,1,2.0,2.9444389791664403,6.722015888041664,0.0,0,0.0,0.03917615179307134,-3.1997229026186496,True
1858,대조,0,5.0,11.0,349.12,142.0,0.0,0.0,0.0,0.0,1,0.0,0.0,0.0,376.04,7.0,5.0,0,1,5.0,2.4849066497880004,5.858275952864237,0.0,0,0.0,0.03146938992355502,-3.4267647630827787,True
1859,대조,0,25.0,5.0,346.39,106.0,0.0,0.0,0.0,1.0,0,0.0,0.0,0.0,60.67,1.0,25.0,0,1,25.0,1.791759469228055,5.850448068130755,0.0,0,1.0,0.017440563510947724,-4.031362107701526,True
1860,대조,0,,0.0,0.0,0.0,0.0,0.0,0.0,0.0,0,0.0,0.0,0.0,0.0,0.0,90.0,0,0,90.0,0.0,0.0,0.0,0,0.0,0.0014293166428961715,-6.549128481937849,False
1864,대조,0,1.0,30.0,2895.6,98616.0,9.0,11.71,0.0,0.0,1,2.69,1.0,1.0,857.32,8.0,1.0,1,1,1.0,3.4339872044851463,7.971292914366756,0.004044066860063545,0,0.0,0.09246221136513663,-2.2839351703743835,True
1869,대조,0,3.0,21.0,479.33,287.0,0.0,0.0,0.0,0.0,1,0.0,0.0,0.0,207.36,4.0,3.0,0,1,3.0,3.091042453358316,6.174473367682073,0.0,0,0.0,0.04294991581859588,-3.1038210362091516,True
1872,대조,0,1.0,25.0,437.61,21725.0,3.0,7.640000000000001,0.0,1.0,0,0.0,0.0,0.0,77.64,7.0,1.0,0,1,1.0,3.258096538021482,6.083610635541477,0.01745846758529284,0,1.0,0.04144130023144946,-3.1411528281917267,True
1877,대조,0,6.0,7.0,183.22,96.0,0.0,0.0,0.0,0.0,0,0.0,0.0,0.0,68.51,2.0,6.0,0,1,6.0,2.0794415416798357,5.216130695560089,0.0,0,0.0,0.01746923729214118,-4.029690188853218,True
1879,대조,0,2.0,43.0,720.01,448.0,0.0,0.0,0.0,0.0,1,0.0,0.0,0.0,304.02,18.0,2.0,0,1,2.0,3.784189633918261,6.580653006814287,0.0,0,0.0,0.06190323503213333,-2.7182806640755692,True
1881,대조,0,2.0,20.0,459.94,31356.0,0.0,0.0,0.0,0.0,0,0.0,0.0,0.0,146.87,6.0,2.0,0,1,2.0,3.044522437723423,6.133267882682344,0.0,0,0.0,0.033217596917259555,-3.370893684330971,True
1883,대조,0,1.0,33.0,865.82,10794.0,5.0,7.37,0.0,2.0,0,2.0,1.0,1.0,74.99,5.0,1.0,1,1,1.0,3.5263605246161616,6.764831342769345,0.008512161881222424,0,2.0,0.04327530240738835,-3.0959335886734447,True
1887,대조,0,5.0,21.0,218.39,90.0,1.0,3.79,0.0,0.0,0,0.0,0.0,0.0,58.62,6.0,5.0,0,1,5.0,3.091042453358316,5.3908509679509695,0.017354274463116444,0,0.0,0.03520424321724697,-3.310749806651934,True
1889,대조,0,1.0,6.0,205.15,82.0,3.0,5.12,0.0,0.0,0,0.0,0.0,0.0,168.0,1.0,1.0,0,1,1.0,1.9459101490553132,5.328604059152909,0.024957348281745066,0,0.0,0.02648272102233681,-3.6044230905590577,True
1890,대조,0,15.0,1.0,11.059999999999999,5.0,0.0,0.0,0.0,0.0,0,0.0,0.0,0.0,139.25,2.0,15.0,0,1,15.0,0.6931471805599453,2.4898941912990393,0.0,0,0.0,0.004200848172386797,-5.468259131750591,False
1892,대조,0,2.0,61.0,1100.78,7232.0,6.0,11.67,0.0,0.0,1,3.48,2.0,1.0,378.98,37.0,2.0,1,1,2.0,4.127134385045092,7.004682332759143,0.010601573429749813,0,0.0,0.09412597203691607,-2.2642662412402323,True
1894,대조,0,2.0,7.0,356.43,158.0,0.0,0.0,0.0,0.0,1,0.0,0.0,0.0,167.89000000000001,2.0,2.0,0,1,2.0,2.0794415416798357,5.878939538766114,0.0,0,0.0,0.0275593398402064,-3.5634675634902133,True
1896,대조,0,87.0,1.0,1.99,1.0,0.0,0.0,0.0,0.0,1,0.0,0.0,0.0,449.81,12.0,87.0,0,1,87.0,0.6931471805599453,1.095273387402595,0.0,0,0.0,0.003377598567930026,-5.6872069893300345,False
1900,대조,0,1.0,1.0,150.04,58.0,1.0,2.29,0.0,0.0,0,0.0,0.0,0.0,401.1,2.0,1.0,0,1,1.0,0.6931471805599453,5.01754470239719,0.015262596640895762,0,0.0,0.01308852123882578,-4.322844743467011,True
1901,대조,0,3.0,122.0,1463.1,5002.0,3.0,4.8,0.0,0.0,1,0.0,0.0,0.0,386.02,34.0,3.0,0,1,3.0,4.812184355372417,7.288995998199437,0.003280705351650605,0,0.0,0.11395301204818306,-2.0509837945934137,True
1905,대조,0,9.0,12.0,179.35,61.0,1.0,2.5,0.0,0.0,0,0.0,0.0,0.0,31.62,3.0,9.0,0,1,9.0,2.5649493574615367,5.194899407349548,0.013939224979091162,0,0.0,0.026033058340995292,-3.6220101572289174,True
1906,대조,0,3.0,18.0,1230.25,37869.0,4.0,5.0,0.0,0.0,0,0.0,0.0,0.0,322.81,8.0,3.0,0,1,3.0,2.9444389791664403,7.115785192486299,0.00406421459053038,0,0.0,0.04786261712840237,-2.990374570133156,True
1911,대조,0,3.0,30.0,373.52,38624.0,0.0,0.0,0.0,0.0,1,0.0,0.0,0.0,102.75,7.0,3.0,0,1,3.0,3.4339872044851463,5.925645206070688,0.0,0,0.0,0.04434132991371279,-3.0704836123571386,True
1912,대조,0,4.0,19.0,454.87,290.0,2.0,2.5,0.0,0.0,0,0.0,0.0,0.0,59.11,3.0,4.0,0,1,4.0,2.995732273553991,6.122207681149859,0.00549607580187746,0,0.0,0.035738057192372996,-3.2951468338251795,True
1914,대조,0,4.0,18.0,427.40000000000003,111.0,2.0,8.68,0.0,2.0,1,4.49,1.0,1.0,133.78,8.0,4.0,1,1,4.0,2.9444389791664403,6.060057338573594,0.020308844174075805,0,2.0,0.04291802138683376,-3.1045972331942044,True
1918,대조,0,14.0,4.0,77.17,27501.0,0.0,0.0,0.0,0.0,0,0.0,0.0,0.0,38.120000000000005,2.0,14.0,0,1,14.0,1.6094379124341003,4.358885942232239,0.0,0,0.0,0.011078848564000833,-4.4915768471969395,False
1920,대조,0,4.0,19.0,461.11,144.0,8.0,18.32,0.0,1.0,1,4.58,2.0,2.0,175.37,6.0,4.0,1,1,4.0,2.995732273553991,6.135802957979661,0.039730216217388474,0,1.0,0.06981484155295074,-2.5895370445705845,True
1921,처치,1,1.0,3.0,71.92,37.0,0.0,0.0,0.0,0.0,1,0.75,1.0,1.0,63.18,7.0,1.0,1,1,1.0,1.3862943611198906,4.289362949810462,0.0,0,0.0,0.012558432785487,-4.364724947554475,True
1922,대조,0,3.0,12.0,324.68,118.0,0.0,0.0,0.0,0.0,0,0.0,0.0,0.0,158.67,7.0,3.0,0,1,3.0,2.5649493574615367,5.785915304194724,0.0,0,0.0,0.02506883405116218,-3.6607414661219653,True
1923,대조,0,1.0,24.0,679.07,63158.0,4.0,10.56,3.0,2.0,1,0.0,0.0,0.0,82.94,5.0,1.0,0,1,1.0,3.2188758248682006,6.522195734048544,0.015550679605931641,1,2.0,0.2060214360317492,-1.3490762415791715,True
1925,대조,0,4.0,12.0,126.76,42.0,0.0,0.0,0.0,0.0,0,0.0,0.0,0.0,85.67,4.0,4.0,0,1,4.0,2.5649493574615367,4.850153503906757,0.0,0,0.0,0.018195005602581284,-3.9882455696086714,True
1927,대조,0,20.0,14.0,875.0600000000001,397.0,1.0,1.79,0.0,0.0,1,6.25,4.0,2.0,737.36,13.0,20.0,1,1,20.0,2.70805020110221,6.775434581741528,0.002045574017781638,0,0.0,0.04814890671752631,-2.9841101757144113,True
1928,대조,0,7.0,12.0,227.39,10070.0,0.0,0.0,0.0,1.0,1,0.0,0.0,0.0,151.13,6.0,7.0,0,1,7.0,2.5649493574615367,5.431054693986231,0.0,0,1.0,0.02461978538229552,-3.6792769551836826,True
1929,대조,0,9.0,7.0,593.01,273.0,0.0,0.0,0.0,2.0,1,0.0,0.0,0.0,176.92000000000002,2.0,9.0,0,1,9.0,2.0794415416798357,6.386896154237773,0.0,0,2.0,0.025435735672985668,-3.6458353612175833,True
1930,대조,0,3.0,25.0,325.42,167.0,0.0,0.0,0.0,0.0,0,0.0,0.0,0.0,190.77,11.0,3.0,0,1,3.0,3.258096538021482,5.78818489572255,0.0,0,0.0,0.031790055985694114,-3.4162954120414866,True
1931,대조,0,4.0,18.0,505.67,215.0,1.0,1.79,0.0,0.0,1,0.0,0.0,0.0,77.5,6.0,4.0,0,1,4.0,2.9444389791664403,6.227859904097939,0.003539858010164732,0,0.0,0.04417356701097009,-3.0744497623518923,True
1932,대조,0,9.0,9.0,319.58,23447.0,1.0,3.89,0.0,0.0,0,0.0,0.0,0.0,246.68,8.0,9.0,0,1,9.0,2.302585092994046,5.770131855197735,0.012172226046686276,0,0.0,0.028101478099045712,-3.543429221327951,True
1933,대조,0,3.0,11.0,202.28,28019.0,0.0,0.0,0.0,1.0,0,0.0,0.0,0.0,129.85,6.0,3.0,0,1,3.0,2.4849066497880004,5.314584339011908,0.0,0,1.0,0.018236385027631065,-3.985931785697022,True
1936,대조,0,3.0,84.0,663.62,28113.0,1.0,1.74,0.0,1.0,0,0.0,0.0,0.0,393.38,33.0,3.0,0,1,3.0,4.442651256490317,6.499215448756896,0.0026219824598414754,0,1.0,0.05536566155483255,-2.8368383351169006,True
1937,대조,0,1.0,20.0,740.4300000000001,382.0,4.0,9.16,0.0,1.0,1,0.0,0.0,0.0,84.11,6.0,1.0,0,1,1.0,3.044522437723423,6.608580753885039,0.012371189714085058,0,1.0,0.05289384025467866,-2.8851242972330273,True
1939,대조,0,45.0,5.0,63.300000000000004,10717.0,0.0,0.0,0.0,1.0,1,0.0,0.0,0.0,101.66,4.0,45.0,0,1,45.0,1.791759469228055,4.163559631243574,0.0,0,1.0,0.012402962136021002,-4.37733943211842,False
1940,대조,0,11.0,10.0,384.41,235.0,0.0,0.0,0.0,1.0,0,0.0,0.0,0.0,57.39,3.0,11.0,0,1,11.0,2.3978952727983707,5.9543077027116285,0.0,0,1.0,0.022128408016747238,-3.7885161511869145,True
1941,대조,0,3.0,29.0,153.23,99.0,0.0,0.0,0.0,0.0,0,0.0,0.0,0.0,54.92,12.0,3.0,0,1,3.0,3.4011973816621555,5.0384449947355225,0.0,0,0.0,0.025862173654439033,-3.628771374612502,True
1942,대조,0,10.0,4.0,27.82,10.0,0.0,0.0,0.0,0.0,0,0.0,0.0,0.0,110.55000000000001,5.0,10.0,0,1,10.0,1.6094379124341003,3.361069590571376,0.0,0,0.0,0.007820192406015614,-4.8431951899105545,False
1946,대조,0,3.0,10.0,909.66,339.0,0.0,0.0,0.0,0.0,1,0.0,0.0,0.0,199.82,3.0,3.0,0,1,3.0,2.3978952727983707,6.814169611351558,0.0,0,0.0,0.04215780508299731,-3.1232631996546587,True
1947,대조,0,3.0,19.0,1366.96,416.0,0.0,0.0,0.0,0.0,0,5.0,2.0,1.0,616.87,5.0,3.0,1,1,3.0,2.995732273553991,7.221075857988923,0.0,0,0.0,0.04714192807939569,-3.0063031670787397,True
1948,대조,0,17.0,6.0,122.24,83.0,0.0,0.0,0.0,0.0,1,0.0,0.0,0.0,19.810000000000002,2.0,17.0,0,1,17.0,1.9459101490553132,4.814133673728467,0.0,0,0.0,0.018405699015726563,-3.976517741762252,True
1949,대조,0,23.0,4.0,208.17000000000002,103.0,0.0,0.0,0.0,0.0,1,0.0,0.0,0.0,71.7,2.0,23.0,0,1,23.0,1.6094379124341003,5.343147318465829,0.0,0,0.0,0.01971352928405652,-3.9065396802889456,True
1950,대조,0,,0.0,0.0,0.0,0.0,0.0,0.0,0.0,0,0.0,0.0,0.0,0.0,0.0,90.0,0,0,90.0,0.0,0.0,0.0,0,0.0,0.0014293166428961715,-6.549128481937849,False
1953,대조,0,9.0,30.0,891.87,343.0,2.0,3.71,0.0,0.0,1,1.92,1.0,1.0,292.29,5.0,9.0,1,1,9.0,3.4339872044851463,6.794440993571455,0.0041597990738560554,0,0.0,0.0635296521073244,-2.690611099469116,True
1957,대조,0,2.0,3.0,71.19,31.0,0.0,0.0,0.0,1.0,0,0.0,0.0,0.0,0.0,0.0,2.0,0,0,2.0,1.3862943611198906,4.279301532151069,0.0,0,1.0,0.00870219172843636,-4.735440085330493,False
1959,대조,0,,0.0,0.0,0.0,0.0,0.0,0.0,2.0,0,12.7,4.0,4.0,588.04,8.0,90.0,1,1,90.0,0.0,0.0,0.0,0,2.0,0.0010983563630484591,-6.812841472042989,False
1961,대조,0,50.0,2.0,69.53,32.0,0.0,0.0,0.0,2.0,0,0.0,0.0,0.0,0.0,0.0,50.0,0,0,50.0,1.0986122886681098,4.256038151220088,0.0,0,2.0,0.0070065820875921175,-4.953874030056893,False
1962,대조,0,42.0,6.0,152.48,67.0,0.0,0.0,0.0,0.0,1,0.0,0.0,0.0,111.99,4.0,42.0,0,1,42.0,1.9459101490553132,5.033570265378752,0.0,0,0.0,0.02007926697090049,-3.887783895005146,True
1963,대조,0,4.0,10.0,356.37,4701.0,0.0,0.0,0.0,1.0,0,0.0,0.0,0.0,58.28,1.0,4.0,0,1,4.0,2.3978952727983707,5.878771659638691,0.0,0,1.0,0.02149298419194309,-3.818301391545729,True
1964,대조,0,13.0,10.0,290.88,162.0,1.0,2.79,0.0,0.0,1,0.0,0.0,0.0,0.0,0.0,13.0,0,0,13.0,2.3978952727983707,5.67634275889742,0.009591584158415841,0,0.0,0.033891980816832167,-3.3500972167342637,True
1968,대조,0,20.0,12.0,451.53,261.0,0.0,0.0,0.0,0.0,0,0.0,0.0,0.0,49.02,6.0,20.0,0,1,20.0,2.5649493574615367,6.114854059284884,0.0,0,0.0,0.028266303900374677,-3.537411371381994,True
1969,대조,0,3.0,29.0,243.07999999999998,170.0,0.0,0.0,0.0,0.0,0,0.0,0.0,0.0,160.21,20.0,3.0,0,1,3.0,3.4011973816621555,5.497496040408414,0.0,0,0.0,0.03024015871562245,-3.467877654708067,True
1970,대조,0,7.0,3.0,43.76,17.0,0.0,0.0,0.0,0.0,0,0.0,0.0,0.0,103.05,7.0,7.0,0,1,7.0,1.3862943611198906,3.8013148834437245,0.0,0,0.0,0.008419501823470232,-4.768749472295919,False
1971,대조,0,1.0,23.0,716.38,95054.0,1.0,2.99,0.0,2.0,0,0.0,0.0,0.0,38.92,3.0,1.0,0,1,1.0,3.1780538303479458,6.575605686259613,0.004173762528267121,0,2.0,0.033558415572795396,-3.360333187789725,True
1972,대조,0,1.0,28.0,357.29,2691.0,1.0,2.79,0.0,0.0,0,2.0,1.0,1.0,195.2,11.0,1.0,1,1,1.0,3.367295829986474,5.881342714348445,0.007808782781494024,0,0.0,0.03878913644647542,-3.2100535869402114,True
1974,대조,0,5.0,37.0,986.3000000000001,62163.0,5.0,16.34,0.0,2.0,0,10.29,3.0,3.0,439.05,12.0,5.0,1,1,5.0,3.6375861597263857,6.894973944617404,0.01656696745412146,0,2.0,0.05371306909131652,-2.868889488509076,True
1976,대조,0,2.0,29.0,470.86,235.0,2.0,3.7800000000000002,0.0,0.0,1,0.0,0.0,0.0,144.48,8.0,2.0,0,1,2.0,3.4011973816621555,6.156682331418567,0.008027863908592787,0,0.0,0.0540881363789835,-2.861534526078944,True
1979,대조,0,11.0,14.0,137.34,84.0,0.0,0.0,0.0,1.0,1,0.0,0.0,0.0,22.700000000000003,3.0,11.0,0,1,11.0,2.70805020110221,4.929714423172439,0.0,0,1.0,0.02182144246381952,-3.80279914190202,True
1980,대조,0,11.0,3.0,355.72,122.0,0.0,0.0,0.0,0.0,1,0.0,0.0,0.0,218.92000000000002,2.0,11.0,0,1,11.0,1.3862943611198906,5.876951160319221,0.0,0,0.0,0.021805234376005057,-3.8035587470979646,True
1981,대조,0,11.0,10.0,110.19,53.0,0.0,0.0,0.0,0.0,0,0.0,0.0,0.0,51.94,3.0,11.0,0,1,11.0,2.3978952727983707,4.711240449715158,0.0,0,0.0,0.01642571961521189,-4.0923447859499635,True
1982,대조,0,2.0,28.0,874.89,74976.0,0.0,0.0,0.0,0.0,1,0.0,0.0,0.0,314.27,11.0,2.0,0,1,2.0,3.367295829986474,6.775240512275466,0.0,0,0.0,0.05750693059389606,-2.7966230932721987,True
1987,대조,0,4.0,12.0,288.08,192.0,1.0,1.0,0.0,0.0,0,0.0,0.0,0.0,99.85,4.0,4.0,0,1,4.0,2.5649493574615367,5.666703466414781,0.003471257983893363,0,0.0,0.025542739969466235,-3.6415275332797936,True
1988,대조,0,2.0,30.0,1103.86,109743.0,0.0,0.0,0.0,1.0,0,0.0,0.0,0.0,440.09,11.0,2.0,0,1,2.0,3.4339872044851463,7.007473909092552,0.0,0,1.0,0.04481141688148585,-3.059445842161238,True
1989,대조,0,2.0,25.0,381.98,15139.0,0.0,0.0,0.0,0.0,1,2.29,1.0,1.0,193.43,8.0,2.0,1,1,2.0,3.258096538021482,5.947982768496021,0.0,0,0.0,0.04208952850366936,-3.1249553394297926,True
1990,대조,0,1.0,17.0,557.56,70961.0,0.0,0.0,0.0,0.0,1,0.0,0.0,0.0,200.86,7.0,1.0,0,1,1.0,2.8903717578961645,6.3253620433567255,0.0,0,0.0,0.04219186450246103,-3.1224200636595096,True
1993,대조,0,8.0,11.0,204.72,105.0,0.0,0.0,0.0,0.0,0,0.0,0.0,0.0,53.89,4.0,8.0,0,1,8.0,2.4849066497880004,5.326516020906715,0.0,0,0.0,0.0208868238713217,-3.847528716274494,True
1996,대조,0,1.0,18.0,465.74,198.0,0.0,0.0,0.0,0.0,0,0.0,0.0,0.0,142.58,6.0,1.0,0,1,1.0,2.9444389791664403,6.145772357446738,0.0,0,0.0,0.03222788485579842,-3.402164574213424,True
1997,대조,0,2.0,13.0,863.07,16730.0,1.0,2.5,0.0,0.0,1,0.0,0.0,0.0,184.58,2.0,2.0,0,1,2.0,2.6390573296152584,6.761653784040751,0.0028966364257823813,0,0.0,0.04711665645200455,-3.0068659077768545,True
1998,대조,0,2.0,45.0,442.61,259.0,1.0,1.92,0.0,2.0,0,0.0,0.0,0.0,201.79,18.0,2.0,0,1,2.0,3.828641396489095,6.094945798053506,0.004337904701656085,0,2.0,0.0356819752281383,-3.296775475708179,True
2002,대조,0,1.0,2.0,7.73,5.0,0.0,0.0,0.0,1.0,1,0.0,0.0,0.0,50.92,2.0,1.0,0,1,1.0,1.0986122886681098,2.166765369851511,0.0,0,1.0,0.004765105793042866,-5.341659044909896,False
2004,대조,0,3.0,37.0,1412.6100000000001,622.0,17.0,31.74,0.0,0.0,1,15.5,8.0,7.0,567.39,12.0,3.0,1,1,3.0,3.6375861597263857,7.25390199511742,0.02246904665831333,0,0.0,0.10511794289021449,-2.1416089444377304,True
2006,대조,0,10.0,9.0,249.98000000000002,12381.0,0.0,0.0,0.0,2.0,1,0.0,0.0,0.0,28.669999999999998,1.0,10.0,0,1,10.0,2.302585092994046,5.525373254682163,0.0,0,2.0,0.02045458865567178,-3.868881356611455,True
2009,대조,0,56.0,2.0,20.48,2.0,0.0,0.0,0.0,1.0,0,0.0,0.0,0.0,0.0,0.0,56.0,0,0,56.0,1.0986122886681098,3.067122269640664,0.0,0,1.0,0.00529393474660629,-5.235885503896294,False
2011,대조,0,1.0,20.0,213.78,109.0,0.0,0.0,0.0,0.0,1,0.0,0.0,0.0,85.65,7.0,1.0,0,1,1.0,3.044522437723423,5.369614248430071,0.0,0,0.0,0.03219510845582263,-3.403215978938023,True
2013,대조,0,5.0,20.0,253.54,140.0,0.0,0.0,0.0,0.0,1,0.0,0.0,0.0,27.380000000000003,4.0,5.0,0,1,5.0,3.044522437723423,5.539457994563901,0.0,0,0.0,0.03416486377911576,-3.3417954121317477,True
2014,대조,0,35.0,5.0,387.39,195.0,1.0,1.92,0.0,0.0,0,0.0,0.0,0.0,0.0,0.0,35.0,0,0,35.0,1.791759469228055,5.962009989432784,0.004956245643924727,0,0.0,0.022548960863598602,-3.7692592193150483,True
2015,대조,0,2.0,17.0,745.6800000000001,301.0,0.0,0.0,0.0,0.0,0,0.88,1.0,1.0,425.96,6.0,2.0,1,1,2.0,2.8903717578961645,6.615636713164396,0.0,0,0.0,0.0371114076832368,-3.2560133098881354,True
2016,대조,0,4.0,21.0,441.05,293.0,2.0,3.58,0.0,1.0,0,1.79,1.0,1.0,248.74,10.0,4.0,1,1,4.0,3.091042453358316,6.091422997851813,0.008116993538147602,0,1.0,0.033614907048379605,-3.358592770987422,True
2017,대조,0,2.0,17.0,710.35,66953.0,1.0,0.88,0.0,0.0,1,2.38,2.0,2.0,384.19,9.0,2.0,1,1,2.0,2.8903717578961645,6.567164573097176,0.001238825930879144,0,0.0,0.04672618383858407,-3.0155974932770517,True
2019,대조,0,3.0,91.0,3479.21,1482.0,0.0,0.0,0.0,0.0,0,20.01,4.0,4.0,1267.98,23.0,3.0,1,1,3.0,4.5217885770490405,8.15484791577543,0.0,0,0.0,0.10502530140507362,-2.142594161256377,True
2020,대조,0,1.0,42.0,1581.06,713.0,8.0,21.509999999999998,0.0,0.0,1,8.0,4.0,4.0,777.98,21.0,1.0,1,1,1.0,3.7612001156935624,7.3664830742834955,0.01360479678190581,0,0.0,0.09848269124116404,-2.214198433116482,True
2021,대조,0,5.0,16.0,293.66,147.0,0.0,0.0,0.0,0.0,0,0.0,0.0,0.0,1.5,1.0,5.0,0,1,5.0,2.833213344056216,5.6858221492792085,0.0,0,0.0,0.02658200601493168,-3.6005790616558246,True
2027,대조,0,6.0,16.0,196.23,83.0,0.0,0.0,0.0,1.0,0,0.0,0.0,0.0,180.49,17.0,6.0,0,1,6.0,2.833213344056216,5.284370560415412,0.0,0,1.0,0.020378852242340942,-3.872668204636283,True
2029,대조,0,,0.0,0.0,0.0,0.0,0.0,0.0,0.0,0,0.0,0.0,0.0,24.87,3.0,90.0,0,1,90.0,0.0,0.0,0.0,0,0.0,0.0014293166428961715,-6.549128481937849,False
2030,대조,0,3.0,11.0,333.25,162.0,2.0,2.38,0.0,1.0,1,0.0,0.0,0.0,49.96,2.0,3.0,0,1,3.0,2.4849066497880004,5.8118892159820525,0.00714178544636159,0,1.0,0.03073001678387397,-3.4513032712188574,True
2032,대조,0,11.0,8.0,245.62,30042.0,0.0,0.0,0.0,0.0,0,0.0,0.0,0.0,139.16,7.0,11.0,0,1,11.0,2.1972245773362196,5.507848690442384,0.0,0,0.0,0.02016020594134937,-3.883678424354991,True
2033,대조,0,12.0,7.0,176.22,59.0,0.0,0.0,0.0,0.0,0,0.0,0.0,0.0,221.93,12.0,12.0,0,1,12.0,2.0794415416798357,5.177391898619156,0.0,0,0.0,0.017285845713122736,-4.0404302889804775,True
2034,대조,0,1.0,22.0,644.42,75365.0,2.0,2.8,0.0,0.0,0,0.0,0.0,0.0,215.52,7.0,1.0,0,1,1.0,3.1354942159291497,6.469901267671969,0.004344992396263307,0,0.0,0.04126327935928509,-3.145643517049077,True
2035,대조,0,25.0,10.0,245.91,147.0,1.0,0.88,0.0,0.0,0,0.0,0.0,0.0,56.480000000000004,6.0,25.0,0,1,25.0,2.3978952727983707,5.5090238977585635,0.003578544996136798,0,0.0,0.023118939853964297,-3.7437127160753274,True
2036,대조,0,9.0,6.0,542.48,16580.0,3.0,6.78,0.0,0.0,0,0.0,0.0,0.0,370.39,4.0,9.0,0,1,9.0,1.9459101490553132,6.2979929073561225,0.012498156614068721,0,0.0,0.029941486383430773,-3.4781113698297417,True
2037,대조,0,1.0,13.0,261.6,135.0,0.0,0.0,0.0,1.0,0,0.0,0.0,0.0,75.00999999999999,5.0,1.0,0,1,1.0,2.6390573296152584,5.5706319618686955,0.0,0,1.0,0.020980688567305714,-3.8429489454015524,True
2039,대조,0,,0.0,0.0,0.0,0.0,0.0,0.0,1.0,0,0.0,0.0,0.0,0.0,0.0,90.0,0,0,90.0,0.0,0.0,0.0,0,1.0,0.0012529697663374772,-6.68098497699042,False
2041,대조,0,3.0,11.0,543.41,191.0,1.0,3.69,0.0,0.0,1,0.0,0.0,0.0,446.67,12.0,3.0,0,1,3.0,2.4849066497880004,6.299702639455043,0.0067904528808818395,0,0.0,0.040910493790293746,-3.1545978013553944,True
2042,대조,0,23.0,3.0,624.42,253.0,1.0,0.88,0.0,0.0,0,0.0,0.0,0.0,400.32,3.0,23.0,0,1,23.0,1.3862943611198906,6.438423424045506,0.001409307837673361,0,0.0,0.021619034278532203,-3.812324986442648,True
2043,대조,0,17.0,7.0,155.31,9466.0,0.0,0.0,0.0,0.0,0,1.79,1.0,1.0,72.07,2.0,17.0,1,1,17.0,2.0794415416798357,5.0518412149073795,0.0,0,0.0,0.01659254261034932,-4.0820701841376295,True
2044,대조,0,15.0,6.0,145.72,56.0,0.0,0.0,0.0,1.0,0,0.0,0.0,0.0,119.25,1.0,15.0,0,1,15.0,1.9459101490553132,4.988526008508154,0.0,0,1.0,0.013599866860582394,-4.284002083794176,True
2046,대조,0,20.0,7.0,96.21000000000001,38.0,0.0,0.0,0.0,1.0,0,0.0,0.0,0.0,69.99000000000001,4.0,20.0,0,1,20.0,2.0794415416798357,4.576873586832978,0.0,0,1.0,0.012382879438060008,-4.378980264742573,False
2050,대조,0,4.0,23.0,801.36,81930.0,0.0,0.0,0.0,2.0,1,0.0,0.0,0.0,421.12,11.0,4.0,0,1,4.0,3.1780538303479458,6.687557384956497,0.0,0,2.0,0.04083029901514574,-3.156643586694731,True
2053,대조,0,3.0,24.0,422.13,4593.0,1.0,2.29,0.0,0.0,1,2.29,1.0,1.0,291.0,15.0,3.0,1,1,3.0,3.2188758248682006,6.047679460435717,0.005424869116149054,0,0.0,0.047032598347899586,-3.0087397538742717,True
2055,대조,0,3.0,30.0,533.52,9388.0,5.0,13.879999999999999,0.0,0.0,0,2.0,1.0,1.0,146.05,8.0,3.0,1,1,3.0,3.4339872044851463,6.28136914791286,0.026015894436947067,0,0.0,0.06134092743970346,-2.728005060037036,True
2056,대조,0,14.0,11.0,202.71,72.0,0.0,0.0,0.0,0.0,0,0.0,0.0,0.0,157.75,5.0,14.0,0,1,14.0,2.4849066497880004,5.316697413829466,0.0,0,0.0,0.020874479292028868,-3.848132521165371,True
2057,대조,0,3.0,20.0,506.77,57533.0,1.0,2.69,0.0,0.0,1,0.0,0.0,0.0,225.87,11.0,3.0,0,1,3.0,3.044522437723423,6.230028589148068,0.005308127947589636,0,0.0,0.04705899934185721,-3.0081508730505027,True
2058,대조,0,2.0,16.0,594.67,15382.0,1.0,3.69,0.0,3.0,1,0.0,0.0,0.0,159.39000000000001,5.0,2.0,0,1,2.0,2.833213344056216,6.389686822446562,0.00620512216859771,0,3.0,0.03208136729916134,-3.406872622981375,True
2059,대조,0,10.0,8.0,446.27,244.0,0.0,0.0,0.0,0.0,0,0.0,0.0,0.0,89.76,1.0,10.0,0,1,10.0,2.1972245773362196,6.103162439108417,0.0,0,0.0,0.024710679677599236,-3.675498639973968,True
2062,대조,0,2.0,28.0,820.71,8916.0,5.0,10.77,0.0,2.0,1,5.26,4.0,4.0,319.88,13.0,2.0,1,1,2.0,3.367295829986474,6.711387534754778,0.013122783930986584,0,2.0,0.05447949690681042,-2.853911145442675,True
2063,대조,0,13.0,11.0,307.33,198.0,0.0,0.0,0.0,2.0,1,0.0,0.0,0.0,59.67,2.0,13.0,0,1,13.0,2.4849066497880004,5.731170637975067,0.0,0,2.0,0.02340222511517895,-3.731243764959399,True
2064,대조,0,1.0,25.0,304.8,147.0,0.0,0.0,0.0,0.0,1,0.0,0.0,0.0,527.37,21.0,1.0,0,1,1.0,3.258096538021482,5.722931293494962,0.0,0,0.0,0.03900396391160635,-3.2043070044599244,True
2065,대조,0,12.0,8.0,688.51,283.0,1.0,1.92,0.0,0.0,0,0.0,0.0,0.0,40.839999999999996,2.0,12.0,0,1,12.0,2.1972245773362196,6.5359812003914195,0.0027886305209800875,0,0.0,0.030054381167776468,-3.4742315605795895,True
2068,대조,0,2.0,18.0,445.8,4805.0,1.0,1.0,0.0,0.0,1,0.0,0.0,0.0,116.61,7.0,2.0,0,1,2.0,2.9444389791664403,6.102111067195046,0.0022431583669807087,0,0.0,0.04140454717373677,-3.142078433243035,True
2069,대조,0,9.0,5.0,45.63,18.0,0.0,0.0,0.0,1.0,1,0.0,0.0,0.0,137.14,3.0,9.0,0,1,9.0,1.791759469228055,3.8422441108202294,0.0,0,1.0,0.01091132031594076,-4.506983182214011,False
2070,대조,0,2.0,91.0,606.13,6000.0,1.0,7.99,0.0,0.0,1,6.99,1.0,1.0,311.95,29.0,2.0,1,1,2.0,4.5217885770490405,6.408742936168337,0.013181990662069194,0,0.0,0.09200294164136424,-2.289420588002387,True
2071,대조,0,2.0,37.0,303.54,121.0,0.0,0.0,0.0,0.0,0,1.92,1.0,1.0,281.48,31.0,2.0,1,1,2.0,3.6375861597263857,5.718802441412587,0.0,0,0.0,0.03530829636694424,-3.3076906113098925,True
2074,대조,0,16.0,9.0,216.88,126.0,1.0,1.0,0.0,0.0,0,0.0,0.0,0.0,0.0,0.0,16.0,0,0,16.0,2.302585092994046,5.383944452515474,0.004610844706750277,0,0.0,0.02172531516748911,-3.807312316256512,True
2075,대조,0,1.0,9.0,358.85,31925.0,0.0,0.0,0.0,0.0,0,0.0,0.0,0.0,130.39000000000001,6.0,1.0,0,1,1.0,2.302585092994046,5.885687277953814,0.0,0,0.0,0.023685016966865605,-3.718942610134652,True
2081,대조,0,60.0,3.0,76.45,27.0,0.0,0.0,0.0,0.0,0,0.0,0.0,0.0,0.0,0.0,60.0,0,0,60.0,1.3862943611198906,4.349632566862877,0.0,0,0.0,0.010441159510071352,-4.551503587675327,False
2082,처치,1,9.0,28.0,622.69,39155.0,0.0,0.0,0.0,0.0,1,0.0,0.0,0.0,374.22,12.0,9.0,0,1,9.0,3.367295829986474,6.435653450054175,0.0,0,0.0,0.05154714873886422,-2.912335181061641,True
2084,대조,0,1.0,8.0,215.96,110.0,0.0,0.0,0.0,0.0,1,0.0,0.0,0.0,174.77,9.0,1.0,0,1,1.0,2.1972245773362196,5.3797130047520305,0.0,0,0.0,0.024185645339361794,-3.697513068558054,True
2085,대조,0,1.0,73.0,2029.56,130889.0,3.0,3.88,0.0,0.0,1,2.38,2.0,2.0,774.98,23.0,1.0,1,1,1.0,4.30406509320417,7.616066896061854,0.0019117444175092138,0,0.0,0.10529072792998966,-2.1397734684116427,True
2086,대조,0,3.0,54.0,622.02,247.0,2.0,22.78,0.0,0.0,1,0.0,0.0,0.0,202.66,29.0,3.0,0,1,3.0,4.007333185232471,6.434578621000903,0.03662261663612103,0,0.0,0.11384774468017847,-2.052026798833624,True
2087,대조,0,3.0,26.0,929.86,64179.0,1.0,0.88,0.0,0.0,1,1.5,1.0,1.0,412.11,16.0,3.0,1,1,3.0,3.295836866004329,6.836108890029622,0.0009463790247994322,0,0.0,0.05822594730523612,-2.783434301298883,True
2092,대조,0,1.0,22.0,361.7,39040.0,0.0,0.0,0.0,0.0,1,0.0,0.0,0.0,149.36,11.0,1.0,0,1,1.0,3.1354942159291497,5.893576046288857,0.0,0,0.0,0.039635270308608105,-3.187593752856767,True
2094,대조,0,4.0,6.0,214.06,115.0,0.0,0.0,0.0,0.0,1,0.0,0.0,0.0,85.32,2.0,4.0,0,1,4.0,1.9459101490553132,5.37091705896238,0.0,0,0.0,0.02215002532508132,-3.787517618304899,True
2097,대조,0,3.0,30.0,1425.8700000000001,127187.0,2.0,4.46,0.0,2.0,1,0.0,0.0,0.0,695.82,19.0,3.0,0,1,3.0,3.4339872044851463,7.263238513116729,0.003127914887051414,0,2.0,0.056741020284230864,-2.810843467809036,True
2098,대조,0,11.0,7.0,368.14,170.0,3.0,6.87,0.0,0.0,0,0.0,0.0,0.0,0.0,0.0,11.0,0,0,11.0,2.0794415416798357,5.911175975879146,0.018661378823273754,0,0.0,0.03052100720757932,-3.458343598933132,True
2099,대조,0,24.0,1.0,15.11,7.0,0.0,0.0,0.0,0.0,0,0.0,0.0,0.0,86.01,9.0,24.0,0,1,24.0,0.6931471805599453,2.779440197188883,0.0,0,0.0,0.004667193349885083,-5.362519265009768,False
2100,대조,0,3.0,18.0,610.15,11543.0,1.0,1.79,0.0,0.0,1,2.0,2.0,1.0,171.12,2.0,3.0,1,1,3.0,2.9444389791664403,6.415342428223272,0.0029337048266819634,0,0.0,0.04654022415904971,-3.0197802640078777,True
2102,대조,0,11.0,14.0,288.58,107.0,0.0,0.0,0.0,1.0,1,0.0,0.0,0.0,56.11,5.0,11.0,0,1,11.0,2.70805020110221,5.668431597353275,0.0,0,1.0,0.028089041361258015,-3.543884680794485,True
2107,대조,0,1.0,18.0,561.64,237.0,0.0,0.0,0.0,1.0,1,0.0,0.0,0.0,240.14000000000001,4.0,1.0,0,1,1.0,2.9444389791664403,6.332639991999763,0.0,0,1.0,0.03795279608946882,-3.232720338601549,True
2108,대조,0,2.0,23.0,245.38,121.0,0.0,0.0,0.0,0.0,0,0.0,0.0,0.0,81.68,6.0,2.0,0,1,2.0,3.1780538303479458,5.506875059533828,0.0,0,0.0,0.028099510285768337,-3.5435012737472524,True
2109,대조,0,4.0,24.0,584.51,302.0,0.0,0.0,0.0,0.0,0,0.0,0.0,0.0,132.66,6.0,4.0,0,1,4.0,3.2188758248682006,6.37248326231122,0.0,0,0.0,0.03824241477668275,-3.2248171943831774,True
2114,대조,0,5.0,17.0,387.2,212.0,0.0,0.0,0.0,2.0,0,0.0,0.0,0.0,145.59,7.0,5.0,0,1,5.0,2.8903717578961645,5.9615206707349095,0.0,0,2.0,0.023031985890787622,-3.7475699719037356,True
2117,대조,0,4.0,16.0,187.72,136.0,0.0,0.0,1.0,1.0,0,0.0,0.0,0.0,84.11,4.0,4.0,0,1,4.0,2.833213344056216,5.240264435099419,0.0,1,1.0,0.09049422777195612,-2.307615277386512,True
2121,대조,0,12.0,23.0,692.9,71747.0,1.0,1.25,0.0,1.0,1,2.99,1.0,1.0,208.09,7.0,12.0,1,1,12.0,3.1780538303479458,6.542327857905503,0.0018040121229614663,0,1.0,0.04563151364039796,-3.0404512844833063,True
2123,대조,0,2.0,13.0,810.94,358.0,0.0,0.0,0.0,0.0,1,0.0,0.0,0.0,307.8,4.0,2.0,0,1,2.0,2.6390573296152584,6.699426445805941,0.0,0,0.0,0.043974234984057545,-3.0791809696798333,True
2128,대조,0,1.0,4.0,43.72,11.0,0.0,0.0,0.0,0.0,0,0.0,0.0,0.0,36.28,5.0,1.0,0,1,1.0,1.6094379124341003,3.8004208288468435,0.0,0,0.0,0.009071880692624448,-4.693462402472052,False
2130,대조,0,25.0,9.0,482.37,156.0,0.0,0.0,0.0,0.0,1,0.0,0.0,0.0,251.96,4.0,25.0,0,1,25.0,2.302585092994046,6.1807824059380945,0.0,0,0.0,0.03329909728499954,-3.368358855220645,True
2131,대조,0,2.0,23.0,834.13,350.0,1.0,2.99,0.0,0.0,0,4.0,2.0,2.0,474.74,8.0,2.0,1,1,2.0,3.1780538303479458,6.727587401355394,0.003584573148070445,0,0.0,0.04508159499386113,-3.053151827092983,True
2134,대조,0,5.0,13.0,1180.8,518.0,10.0,21.49,0.0,2.0,1,7.04,4.0,3.0,439.24,6.0,5.0,1,1,5.0,2.6390573296152584,7.074793978911575,0.01819952574525745,0,2.0,0.05252106186751342,-2.8925904402497418,True
2137,대조,0,3.0,24.0,552.98,57462.0,0.0,0.0,0.0,1.0,0,4.43,4.0,3.0,416.56,19.0,3.0,1,1,3.0,3.2188758248682006,6.317128585012592,0.0,0,1.0,0.033036492146287635,-3.376547984148178,True
2138,대조,0,14.0,20.0,549.25,299.0,2.0,2.38,0.0,0.0,0,0.0,0.0,0.0,129.6,3.0,14.0,0,1,14.0,3.044522437723423,6.310372720406571,0.00433318161128812,0,0.0,0.03814046138063181,-3.2275927331273864,True
2139,대조,0,1.0,95.0,1369.91,11062.0,1.0,6.38,0.0,0.0,0,0.0,0.0,0.0,456.92,26.0,1.0,0,1,1.0,4.564348191467836,7.22323003189333,0.0046572402566591965,0,0.0,0.08518456243618129,-2.37390211199488,True
2141,대조,0,2.0,15.0,823.13,339.0,0.0,0.0,0.0,1.0,0,0.0,0.0,0.0,180.37,5.0,2.0,0,1,2.0,2.772588722239781,6.71432828445586,0.0,0,1.0,0.03246209429848811,-3.394681523789023,True
2142,대조,0,5.0,11.0,1039.16,470.0,1.0,2.5,0.0,0.0,0,0.0,0.0,0.0,307.83,4.0,5.0,0,1,5.0,2.4849066497880004,6.947129826456159,0.0024057892913507063,0,0.0,0.03772458523542249,-3.2389886934542176,True
2144,대조,0,54.0,4.0,349.92,97.0,0.0,0.0,0.0,0.0,0,0.0,0.0,0.0,224.03,2.0,54.0,0,1,54.0,1.6094379124341003,5.860558277260183,0.0,0,0.0,0.018958994751764068,-3.94633578212977,True
2146,대조,0,7.0,7.0,243.52,77.0,0.0,0.0,0.0,1.0,0,0.0,0.0,0.0,62.18,1.0,7.0,0,1,7.0,2.0794415416798357,5.499297105160525,0.0,0,1.0,0.016926121414036148,-4.06182619911621,True
2147,대조,0,2.0,13.0,883.91,41485.0,2.0,2.38,0.0,0.0,1,0.0,0.0,0.0,164.82,3.0,2.0,0,1,2.0,2.6390573296152584,6.785485944921397,0.0026925818239413517,0,0.0,0.047332410763827416,-3.0020707603905468,True
2148,대조,0,4.0,13.0,339.41,199.0,3.0,3.75,1.0,2.0,1,1.76,2.0,2.0,128.39,7.0,4.0,1,1,4.0,2.6390573296152584,5.830150773471008,0.011048584308063993,1,2.0,0.1332498420958207,-1.8725248887214607,True
2154,대조,0,3.0,18.0,517.0600000000001,10998.0,1.0,3.58,0.0,0.0,1,3.0,2.0,2.0,166.73,7.0,3.0,1,1,3.0,2.9444389791664403,6.250091065667523,0.0069237612656171425,0,0.0,0.04705992972695103,-3.008130126305865,True
2156,대조,0,3.0,17.0,911.66,62375.0,0.0,0.0,0.0,0.0,1,0.0,0.0,0.0,290.84,5.0,3.0,0,1,3.0,2.8903717578961645,6.8163634125517065,0.0,0,0.0,0.049765720299658214,-2.9493821647878304,True
2158,대조,0,7.0,20.0,492.29,57980.0,0.0,0.0,0.0,0.0,1,2.6,2.0,2.0,129.87,8.0,7.0,1,1,7.0,3.044522437723423,6.2010972363942445,0.0,0,0.0,0.042739569729177855,-3.108950303705325,True
2159,대조,0,5.0,23.0,454.19,13050.0,0.0,0.0,0.0,0.0,0,0.0,0.0,0.0,60.61,6.0,5.0,0,1,5.0,3.1780538303479458,6.1207149142052595,0.0,0,0.0,0.03465857942099414,-3.3269365451490214,True
2161,대조,0,6.0,2.0,71.65,29587.0,0.0,0.0,0.0,1.0,0,0.0,0.0,0.0,40.0,1.0,6.0,0,1,6.0,1.0986122886681098,4.285653390016292,0.0,0,1.0,0.007904036628236745,-4.832446245301954,False
2164,대조,0,15.0,8.0,324.96,186.0,0.0,0.0,0.0,0.0,0,3.0,3.0,1.0,229.28,4.0,15.0,1,1,15.0,2.1972245773362196,5.786774674452019,0.0,0,0.0,0.02222579091914123,-3.7840254056399902,True
2168,대조,0,4.0,25.0,721.32,389.0,1.0,0.0,0.0,2.0,1,1.79,1.0,1.0,300.21,8.0,4.0,1,1,4.0,3.258096538021482,6.582468253999224,0.0,0,2.0,0.040491061096914735,-3.1653403955187085,True
2173,대조,0,51.0,2.0,14.34,5.0,0.0,0.0,0.0,0.0,1,0.0,0.0,0.0,0.0,0.0,51.0,0,0,51.0,1.0986122886681098,2.73046379593911,0.0,0,0.0,0.00676917004974259,-4.9885846071294555,False
2176,대조,0,4.0,69.0,1037.74,111964.0,0.0,0.0,0.0,0.0,0,0.0,0.0,0.0,31.340000000000003,3.0,4.0,0,1,4.0,4.248495242049359,6.945763719167843,0.0,0,0.0,0.06525556253238599,-2.661961870908139,True
2179,대조,0,13.0,8.0,244.42000000000002,85.0,1.0,3.19,0.0,0.0,1,0.0,0.0,0.0,87.56,4.0,13.0,0,1,13.0,2.1972245773362196,5.5029710285484015,0.013051305130513051,0,0.0,0.03164316664761222,-3.421078427274996,True
2181,대조,0,45.0,4.0,83.74,22.0,0.0,0.0,0.0,0.0,1,0.0,0.0,0.0,0.0,0.0,45.0,0,0,45.0,1.6094379124341003,4.439587745198413,0.0,0,0.0,0.01458849995415346,-4.212825776513164,True
2182,대조,0,1.0,18.0,282.61,122.0,0.0,0.0,0.0,2.0,1,0.0,0.0,0.0,20.32,1.0,1.0,0,1,1.0,2.9444389791664403,5.647600054967209,0.0,0,2.0,0.026476153699450476,-3.6046778524650134,True
2183,대조,0,1.0,14.0,416.66,42524.0,0.0,0.0,0.0,1.0,1,0.0,0.0,0.0,54.57,2.0,1.0,0,1,1.0,2.70805020110221,6.03466770440863,0.0,0,1.0,0.03166852778979277,-3.4202510851153862,True
2184,대조,0,1.0,25.0,545.19,13044.0,0.0,0.0,0.0,0.0,1,1.74,1.0,1.0,119.26,9.0,1.0,1,1,1.0,3.258096538021482,6.3029669005600315,0.0,0,0.0,0.04738030336025479,-3.001009163452006,True
2186,대조,0,16.0,10.0,761.5,296.0,0.0,0.0,0.0,1.0,1,0.0,0.0,0.0,118.15,2.0,16.0,0,1,16.0,2.3978952727983707,6.636602508481567,0.0,0,1.0,0.03518869951031951,-3.311207544261739,True
2187,대조,0,6.0,9.0,309.3,73.0,0.0,0.0,0.0,0.0,0,0.0,0.0,0.0,133.68,3.0,6.0,0,1,6.0,2.302585092994046,5.7375395714543345,0.0,0,0.0,0.022565643579368366,-3.768502581042311,True
2190,대조,0,3.0,43.0,1581.53,135186.0,2.0,2.38,0.0,0.0,1,1.5,1.0,1.0,381.64,11.0,3.0,1,1,3.0,3.784189633918261,7.366780111184615,0.001504871864586824,0,0.0,0.08195786703998306,-2.416037987408182,True
2193,대조,0,10.0,16.0,1456.38,27046.0,6.0,17.7,0.0,2.0,1,0.0,0.0,0.0,505.75,6.0,10.0,0,1,10.0,2.833213344056216,7.284395582073541,0.012153421497136736,0,2.0,0.054478436608092325,-2.8539317293671598,True
2198,대조,0,2.0,27.0,328.58,8776.0,0.0,0.0,0.0,0.0,1,0.0,0.0,0.0,365.08,33.0,2.0,0,1,2.0,3.332204510175204,5.797819116582584,0.0,0,0.0,0.041030776647232384,-3.1515365468912533,True
2203,대조,0,9.0,8.0,506.17,145.0,0.0,0.0,0.0,1.0,1,0.0,0.0,0.0,91.06,2.0,9.0,0,1,9.0,2.1972245773362196,6.2288462531087045,0.0,0,1.0,0.028526742322858033,-3.527971767162158,True
2204,대조,0,2.0,27.0,334.68,276.0,2.0,5.37,0.0,0.0,0,0.0,0.0,0.0,136.65,17.0,2.0,0,1,2.0,3.332204510175204,5.816158325207932,0.016045177482968805,0,0.0,0.04305963525504295,-3.1011550534412975,True
2205,대조,0,10.0,12.0,327.28000000000003,190.0,0.0,0.0,0.0,1.0,0,0.0,0.0,0.0,47.99,1.0,10.0,0,1,10.0,2.5649493574615367,5.793866902761511,0.0,0,1.0,0.022172065601346137,-3.7865005280580073,True
2207,대조,0,2.0,91.0,1428.61,789.0,2.0,3.55,0.0,1.0,0,7.9,7.0,6.0,120.55,19.0,2.0,1,1,2.0,4.5217885770490405,7.26515695878438,0.002484932906811516,0,1.0,0.07286933500621633,-2.5434266044332077,True
2208,대조,0,10.0,13.0,1669.47,693.0,0.0,0.0,0.0,2.0,1,9.0,4.0,2.0,514.93,12.0,10.0,1,1,10.0,2.6390573296152584,7.42086030294055,0.0,0,2.0,0.0436778477474581,-3.086253778588495,True
2210,대조,0,3.0,14.0,750.97,357.0,2.0,3.07,0.0,0.0,0,0.0,0.0,0.0,56.4,5.0,3.0,0,1,3.0,2.70805020110221,6.622696429537047,0.004088046127009068,0,0.0,0.037475340315620935,-3.2458765612002995,True
2211,대조,0,4.0,12.0,307.63,9542.0,0.0,0.0,0.0,0.0,0,0.0,0.0,0.0,149.5,6.0,4.0,0,1,4.0,2.5649493574615367,5.73214314842516,0.0,0,0.0,0.02462366872684853,-3.679115253576508,True
2213,처치,1,32.0,5.0,152.55,84.0,0.0,0.0,0.0,1.0,0,0.0,0.0,0.0,23.17,1.0,32.0,0,1,32.0,1.791759469228055,5.034026246886832,0.0,0,1.0,0.013200645967942149,-4.314200964685944,True
2215,대조,0,5.0,13.0,285.58,113.0,0.0,0.0,0.0,2.0,0,0.0,0.0,0.0,150.68,10.0,5.0,0,1,5.0,2.6390573296152584,5.658017729288456,0.0,0,2.0,0.019034470740631238,-3.9422857356678,True
2217,처치,1,9.0,35.0,592.97,34762.0,4.0,11.65,0.0,1.0,1,2.29,1.0,1.0,278.6,8.0,9.0,1,1,9.0,3.58351893845611,6.386828813036717,0.01964686240450613,0,1.0,0.0664377500345107,-2.6427422256924977,True
2221,대조,0,6.0,19.0,366.38,196.0,0.0,0.0,0.0,0.0,1,0.0,0.0,0.0,116.04,5.0,6.0,0,1,6.0,2.995732273553991,5.9063967347179185,0.0,0,0.0,0.03805723302915085,-3.229863796109876,True
2222,대조,0,15.0,6.0,652.51,264.0,6.0,7.97,0.0,0.0,0,0.0,0.0,0.0,139.69,1.0,15.0,0,1,15.0,1.9459101490553132,6.48235783516602,0.012214372193529601,0,0.0,0.03181136330594707,-3.4156033782876056,True
2223,대조,0,39.0,8.0,47.39,15.0,0.0,0.0,0.0,2.0,0,0.0,0.0,0.0,3.5700000000000003,1.0,39.0,0,1,39.0,2.1972245773362196,3.8792931808052273,0.0,0,2.0,0.008969234473498938,-4.704945249326904,False
2225,대조,0,17.0,14.0,353.84000000000003,143.0,1.0,2.39,0.0,0.0,0,0.0,0.0,0.0,188.71,6.0,17.0,0,1,17.0,2.70805020110221,5.8716669836523865,0.006754465295048609,0,0.0,0.030590590351603386,-3.455994573217282,True
2228,대조,0,1.0,40.0,988.04,30387.0,2.0,4.46,0.0,2.0,0,0.0,0.0,0.0,495.01,17.0,1.0,0,1,1.0,3.713572066704308,6.896734775698672,0.00451398728796405,0,2.0,0.04506204408004985,-3.0536060732555295,True
2230,대조,0,1.0,2.0,100.84,41.0,0.0,0.0,0.0,0.0,0,0.0,0.0,0.0,84.42,1.0,1.0,0,1,1.0,1.0986122886681098,4.623402954249151,0.0,0,0.0,0.010104926792653025,-4.584575844688773,False
2231,대조,0,19.0,10.0,331.44,152.0,0.0,0.0,0.0,0.0,1,0.0,0.0,0.0,282.26,4.0,19.0,0,1,19.0,2.3978952727983707,5.806459392684825,0.0,0,0.0,0.030210461594636615,-3.4688908024267384,True
2234,대조,0,4.0,27.0,1218.42,51156.0,1.0,3.69,0.0,0.0,1,0.0,0.0,0.0,303.01,8.0,4.0,0,1,4.0,3.332204510175204,7.106130614848151,0.003028512335647806,0,0.0,0.06665568969327718,-2.6392337587469146,True
2235,대조,0,2.0,16.0,717.27,227.0,0.0,0.0,0.0,0.0,1,0.0,0.0,0.0,12.95,1.0,2.0,0,1,2.0,2.833213344056216,6.576845542929431,0.0,0,0.0,0.04504956379205925,-3.0538961386189296,True
2236,대조,0,9.0,44.0,748.61,59161.0,1.0,3.79,0.0,0.0,0,0.0,0.0,0.0,274.46,15.0,9.0,0,1,9.0,3.8066624897703196,6.619553071283469,0.005062716234087175,0,0.0,0.055149988588020275,-2.84096965804084,True
2237,대조,0,1.0,25.0,755.83,46794.0,3.0,6.41,0.0,0.0,1,0.0,0.0,0.0,220.25,8.0,1.0,0,1,1.0,3.258096538021482,6.629138657543967,0.008480743024225024,0,0.0,0.06072111745267103,-2.7388208983417894,True
2238,대조,0,1.0,33.0,459.93,263.0,0.0,0.0,0.0,0.0,0,0.0,0.0,0.0,114.92,10.0,1.0,0,1,1.0,3.5263605246161616,6.133246187649421,0.0,0,0.0,0.039090467487081726,-3.202001626651264,True
2239,대조,0,2.0,9.0,500.26,4403.0,1.0,2.99,0.0,0.0,0,2.0,1.0,1.0,426.44,13.0,2.0,1,1,2.0,2.302585092994046,6.2171249285464665,0.005976892016151602,0,0.0,0.029366563397670003,-3.4980921580629536,True
2241,대조,0,1.0,12.0,360.23,234.0,0.0,0.0,0.0,0.0,0,0.0,0.0,0.0,138.72,6.0,1.0,0,1,1.0,2.5649493574615367,5.889514874572237,0.0,0,0.0,0.02594783984779057,-3.6253764914390088,True
2243,대조,0,1.0,7.0,554.1,218.0,0.0,0.0,0.0,0.0,1,0.0,0.0,0.0,107.63,1.0,1.0,0,1,1.0,2.0794415416798357,6.319148277696116,0.0,0,0.0,0.03199520959930925,-3.409650844453402,True
2244,대조,0,3.0,43.0,748.42,6444.0,4.0,8.91,1.0,2.0,0,0.0,0.0,0.0,440.75,21.0,3.0,0,1,3.0,3.784189633918261,6.619299574020548,0.011905080035274311,1,2.0,0.19548600961581356,-1.414749541644527,True
2247,대조,0,12.0,6.0,409.77000000000004,100.0,1.0,3.69,0.0,0.0,0,0.0,0.0,0.0,0.0,0.0,12.0,0,0,12.0,1.9459101490553132,6.018033447150127,0.009005051614320227,0,0.0,0.025687668340085637,-3.635720875674247,True
2248,대조,0,4.0,7.0,162.13,80.0,0.0,0.0,0.0,0.0,0,0.0,0.0,0.0,4.29,1.0,4.0,0,1,4.0,2.0794415416798357,5.0945474289482116,0.0,0,0.0,0.016737078955083185,-4.073249997466963,True
2250,대조,0,4.0,9.0,371.9,200.0,1.0,0.88,0.0,0.0,1,0.0,0.0,0.0,93.84,2.0,4.0,0,1,4.0,2.302585092994046,5.921310287184775,0.0023662274805055124,0,0.0,0.0314324839255357,-3.427976314331061,True
2251,대조,0,9.0,2.0,172.05,89.0,1.0,7.99,0.0,1.0,0,0.0,0.0,0.0,0.0,0.0,9.0,0,0,9.0,1.0986122886681098,5.1535805700813535,0.046439988375472245,0,1.0,0.023727377234683638,-3.717112334970968,True
2252,대조,0,4.0,22.0,1086.19,39190.0,4.0,11.16,0.0,0.0,1,6.99,1.0,1.0,420.13,11.0,4.0,1,1,4.0,3.1354942159291497,6.991351664854971,0.010274445538994098,0,0.0,0.0677187600613377,-2.6222712814441804,True
2254,대조,0,3.0,8.0,187.36,80.0,0.0,0.0,0.0,0.0,1,0.0,0.0,0.0,139.08,4.0,3.0,0,1,3.0,2.1972245773362196,5.238355025375354,0.0,0,0.0,0.023064813856275276,-3.746112063594114,True
2258,대조,0,21.0,6.0,162.11,54.0,1.0,2.99,0.0,1.0,0,0.0,0.0,0.0,67.73,4.0,21.0,0,1,21.0,1.9459101490553132,5.094424819825939,0.018444266238973536,0,1.0,0.01940822672586361,-3.9224592054838388,True
2260,대조,0,2.0,17.0,800.11,74728.0,1.0,1.25,0.0,0.0,1,0.0,0.0,0.0,361.3,6.0,2.0,0,1,2.0,2.8903717578961645,6.685998265979261,0.0015622851857869542,0,0.0,0.04887834617153724,-2.968307496541108,True
2261,대조,0,3.0,80.0,2095.52,164087.0,2.0,3.17,0.0,0.0,0,6.87,3.0,3.0,895.32,32.0,3.0,1,1,3.0,4.394449154672439,7.648034106274354,0.0015127510116820645,0,0.0,0.08797505748735465,-2.3386140022882005,True
2262,대조,0,2.0,17.0,221.4,122.0,0.0,0.0,0.0,3.0,0,0.0,0.0,0.0,32.07,5.0,2.0,0,1,2.0,2.8903717578961645,5.404477562376427,0.0,0,3.0,0.01669049733394628,-4.076084390246287,True
2263,대조,0,1.0,49.0,537.08,357.0,1.0,3.19,0.0,3.0,0,4.0,2.0,2.0,61.4,6.0,1.0,1,1,1.0,3.912023005428146,6.28800724799196,0.005939524838012958,0,3.0,0.03542727337555538,-3.3042032751046286,True
2264,대조,0,6.0,45.0,2470.53,884.0,4.0,16.35,0.0,0.0,1,0.0,0.0,0.0,824.98,17.0,6.0,0,1,6.0,3.828641396489095,7.812592671050848,0.00661801313888113,0,0.0,0.10399632977068127,-2.153588901352504,True
2266,대조,0,1.0,15.0,1459.38,659.0,1.0,3.79,0.0,1.0,1,3.65,1.0,1.0,511.19,7.0,1.0,1,1,1.0,2.772588722239781,7.286451954809591,0.002596993243706231,0,1.0,0.05148807338252979,-2.913544167439633,True
2269,대조,0,1.0,33.0,393.32,210.0,1.0,0.88,0.0,0.0,1,0.0,0.0,0.0,146.75,12.0,1.0,0,1,1.0,3.5263605246161616,5.977162762397122,0.002237363978439947,0,0.0,0.048250646143745045,-2.9818924970861356,True
2273,대조,0,7.0,7.0,225.62,128.0,0.0,0.0,0.0,0.0,0,0.0,0.0,0.0,30.56,3.0,7.0,0,1,7.0,2.0794415416798357,5.423274605952421,0.0,0,0.0,0.01876874863524622,-3.95661498198931,True
2275,대조,0,6.0,9.0,222.77,111.0,0.0,0.0,0.0,0.0,0,0.0,0.0,0.0,46.89,5.0,6.0,0,1,6.0,2.302585092994046,5.410618738635182,0.0,0,0.0,0.020171917455033963,-3.8830857181516656,True
2278,처치,1,4.0,6.0,189.45,76.0,0.0,0.0,0.0,0.0,0,0.0,0.0,0.0,31.73,2.0,4.0,0,1,4.0,1.9459101490553132,5.249389692924613,0.0,0,0.0,0.016858184573952235,-4.065917107462391,True
2279,대조,0,5.0,4.0,56.67,36.0,0.0,0.0,0.0,0.0,1,1.79,1.0,1.0,70.9,3.0,5.0,1,1,5.0,1.6094379124341003,4.0547371076273215,0.0,0,0.0,0.012534833546672591,-4.366629769238141,False
2281,대조,0,6.0,6.0,281.96,152.0,0.0,0.0,0.0,0.0,0,0.0,0.0,0.0,97.45,2.0,6.0,0,1,6.0,1.9459101490553132,5.645305544897225,0.0,0,0.0,0.019337049163840138,-3.926205921859644,True
2282,대조,0,19.0,8.0,85.36,54.0,0.0,0.0,0.0,1.0,1,0.0,0.0,0.0,43.31,4.0,19.0,0,1,19.0,2.1972245773362196,4.458524605646606,0.0,0,1.0,0.015615906547322983,-4.1437261145300495,True
2284,대조,0,10.0,43.0,2428.52,7676.0,8.0,27.42,0.0,1.0,1,19.28,6.0,5.0,811.8000000000001,14.0,10.0,1,1,10.0,3.784189633918261,7.795448985958606,0.011290827335167099,0,1.0,0.09764108035955384,-2.2237140460729368,True
2286,대조,0,69.0,1.0,20.23,5.0,0.0,0.0,0.0,1.0,0,0.0,0.0,0.0,0.0,0.0,69.0,0,0,69.0,0.6931471805599453,3.055415275715165,0.0,0,1.0,0.00460330343154791,-5.3763671646705165,False
2289,대조,0,8.0,7.0,134.08,85.0,0.0,0.0,0.0,0.0,0,0.0,0.0,0.0,50.36,3.0,8.0,0,1,8.0,2.0794415416798357,4.905867195517367,0.0,0,0.0,0.015712070638839136,-4.137489217934554,True
2293,대조,0,16.0,5.0,250.60999999999999,8444.0,0.0,0.0,0.0,0.0,0,0.0,0.0,0.0,445.06,7.0,16.0,0,1,16.0,1.791759469228055,5.52788026966443,0.0,0,0.0,0.017691530620741715,-4.016819353571362,True
2298,대조,0,9.0,17.0,533.41,221.0,0.0,0.0,0.0,0.0,1,1.79,1.0,1.0,98.08,5.0,9.0,1,1,9.0,2.8903717578961645,6.281163334622208,0.0,0,0.0,0.0417212556774578,-3.1341279730813447,True
2299,대조,0,1.0,12.0,419.37,255.0,0.0,0.0,0.0,0.0,0,0.0,0.0,0.0,192.85,5.0,1.0,0,1,1.0,2.5649493574615367,6.041135275847563,0.0,0,0.0,0.02732535137688648,-3.5722347534895142,True
2300,대조,0,2.0,15.0,646.75,338.0,0.0,0.0,0.0,0.0,1,0.0,0.0,0.0,298.77,6.0,2.0,0,1,2.0,2.772588722239781,6.473504819442219,0.0,0,0.0,0.0426383715945147,-3.1114266076908232,True
2302,대조,0,1.0,12.0,440.8,255.0,0.0,0.0,0.0,0.0,1,0.0,0.0,0.0,11.870000000000001,1.0,1.0,0,1,1.0,2.5649493574615367,6.090857290986017,0.0,0,0.0,0.03492501509583713,-3.319002465505258,True
2303,대조,0,8.0,13.0,369.35,115.0,0.0,0.0,0.0,0.0,0,0.0,0.0,0.0,254.94,6.0,8.0,0,1,8.0,2.6390573296152584,5.9144485044592985,0.0,0,0.0,0.026928377304725647,-3.587277040683081,True
2310,대조,0,22.0,13.0,270.47,155.0,3.0,5.5,0.0,0.0,0,0.0,0.0,0.0,101.1,2.0,22.0,0,1,22.0,2.6390573296152584,5.603851636031152,0.02033497245535549,0,0.0,0.0343910228495531,-3.33496340005956,True
2312,처치,1,2.0,46.0,2048.01,774.0,3.0,11.08,0.0,0.0,1,9.29,8.0,3.0,453.87,15.0,2.0,1,1,2.0,3.8501476017100584,7.625112028656468,0.005410129833350422,0,0.0,0.09667813830640815,-2.234691626486129,True
2314,대조,0,3.0,13.0,852.51,458.0,2.0,3.87,0.0,0.0,1,0.0,0.0,0.0,311.29,7.0,3.0,0,1,3.0,2.6390573296152584,6.749357258627486,0.004539536193123835,0,0.0,0.04824305950756794,-2.9820577145485925,True
2316,대조,0,11.0,5.0,99.22,29.0,0.0,0.0,0.0,1.0,0,0.0,0.0,0.0,45.46,2.0,11.0,0,1,11.0,1.791759469228055,4.607367769531579,0.0,0,1.0,0.011276734921695893,-4.473672732731997,False
2319,대조,0,4.0,4.0,55.85,20.0,0.0,0.0,0.0,1.0,0,5.02,5.0,4.0,116.64,2.0,4.0,1,1,4.0,1.6094379124341003,4.040416220196545,0.0,0,1.0,0.008664801860332983,-4.739783663220086,False
2324,대조,0,1.0,19.0,196.51,116.0,0.0,0.0,0.0,3.0,1,1.0,1.0,1.0,240.87,12.0,1.0,1,1,1.0,2.995732273553991,5.285789215970766,0.0,0,3.0,0.020932125876175704,-3.845315868114255,True
2327,대조,0,9.0,9.0,316.16,264.0,0.0,0.0,0.0,0.0,0,0.0,0.0,0.0,9.75,2.0,9.0,0,1,9.0,2.302585092994046,5.759406378404198,0.0,0,0.0,0.022766851351700472,-3.7594196709234957,True
2328,대조,0,5.0,21.0,2051.91,8937.0,0.0,0.0,0.0,3.0,1,0.0,0.0,0.0,663.51,7.0,5.0,0,1,5.0,3.091042453358316,7.627013577772572,0.0,0,3.0,0.047909743092480354,-2.9893409493870085,True
2330,대조,0,3.0,18.0,1254.71,181768.0,1.0,4.19,0.0,0.0,1,0.0,0.0,0.0,207.58,3.0,3.0,0,1,3.0,2.9444389791664403,7.135456428648802,0.0033394170764559144,0,0.0,0.059506891587061586,-2.7603121902992696,True
2334,대조,0,4.0,51.0,1909.03,727.0,1.0,1.5,0.0,2.0,1,4.0,2.0,2.0,437.51,16.0,4.0,1,1,4.0,3.9512437185814275,7.554874227723608,0.0007857393545413116,0,2.0,0.07128146473580624,-2.5671693848783677,True
2342,대조,0,2.0,25.0,776.55,201299.0,1.0,2.29,0.0,0.0,1,0.0,0.0,0.0,283.53,10.0,2.0,0,1,2.0,3.258096538021482,6.656147950667346,0.002948940828021377,0,0.0,0.055970520268246386,-2.8253322658431115,True
2343,처치,1,8.0,34.0,736.71,55686.0,1.0,1.76,0.0,0.0,1,3.0,2.0,2.0,157.79,8.0,8.0,1,1,8.0,3.5553480614894135,6.603550793444306,0.0023889997420966187,0,0.0,0.060301355205605964,-2.7462046553508683,True
2344,대조,0,14.0,10.0,351.97,14269.0,0.0,0.0,0.0,0.0,0,7.75,4.0,2.0,44.4,1.0,14.0,1,1,14.0,2.3978952727983707,5.866383067486102,0.0,0,0.0,0.024457477114311125,-3.6860577683588662,True
2345,대조,0,2.0,20.0,964.78,13632.0,1.0,2.29,0.0,1.0,0,0.0,0.0,0.0,157.39000000000001,8.0,2.0,0,1,2.0,3.044522437723423,6.872936065003859,0.002373598125997637,0,1.0,0.039086131848790305,-3.2021170577376368,True
2346,대조,0,2.0,4.0,128.83,56.0,3.0,4.859999999999999,0.0,0.0,0,0.0,0.0,0.0,39.33,1.0,2.0,0,1,2.0,1.6094379124341003,4.866225902372162,0.03772413257781572,0,0.0,0.025045741373200574,-3.6616867476518946,True
2347,대조,0,5.0,11.0,616.2,9414.0,0.0,0.0,0.0,0.0,1,0.0,0.0,0.0,181.63,7.0,5.0,0,1,5.0,2.4849066497880004,6.425193120489006,0.0,0,0.0,0.038123145914397374,-3.2280648301741595,True
2350,대조,0,7.0,12.0,562.32,21852.0,3.0,7.98,0.0,0.0,0,0.0,0.0,0.0,13.64,2.0,7.0,0,1,7.0,2.5649493574615367,6.33384785032985,0.014191207853179684,0,0.0,0.03844326003089397,-3.219370186414086,True
2351,대조,0,1.0,50.0,2213.58,157857.0,2.0,5.68,0.0,1.0,1,0.0,0.0,0.0,912.96,21.0,1.0,0,1,1.0,3.9318256327243257,7.7028180482469795,0.0025659790926914772,0,1.0,0.08622182335965499,-2.360664530004147,True
2354,대조,0,11.0,9.0,481.12,52866.0,2.0,4.24,0.0,0.0,0,4.24,2.0,2.0,433.49,6.0,11.0,1,1,11.0,2.302585092994046,6.178193045720143,0.008812770202859994,0,0.0,0.030530120607717082,-3.4580356488079875,True
2356,대조,0,18.0,6.0,169.46,92.0,0.0,0.0,0.0,1.0,0,0.0,0.0,0.0,162.78,6.0,18.0,0,1,18.0,1.9459101490553132,5.138500665094152,0.0,0,1.0,0.014343395970349818,-4.230018397016193,True
2358,대조,0,3.0,11.0,211.67000000000002,85.0,1.0,2.99,0.0,0.0,0,0.0,0.0,0.0,101.92,4.0,3.0,0,1,3.0,2.4849066497880004,5.359741668535036,0.014125761799026786,0,0.0,0.026806057645519344,-3.591955492904161,True
2359,대조,0,6.0,41.0,824.69,64381.0,6.0,11.379999999999999,0.0,0.0,1,0.0,0.0,0.0,112.34,10.0,6.0,0,1,6.0,3.7376696182833684,6.71621940041387,0.013799124519516422,0,0.0,0.07983220227218459,-2.4446290819449192,True
2364,대조,0,9.0,12.0,1207.22,498.0,0.0,0.0,0.0,0.0,1,3.77,1.0,1.0,446.6,7.0,9.0,1,1,9.0,2.5649493574615367,7.096903481118369,0.0,0,0.0,0.04914399671343424,-2.962607937992973,True
2369,대조,0,12.0,15.0,447.14,45757.0,0.0,0.0,0.0,0.0,0,0.0,0.0,0.0,190.95,6.0,12.0,0,1,12.0,2.772588722239781,6.1051056835970305,0.0,0,0.0,0.0301305038450016,-3.4716234470275342,True
2370,대조,0,5.0,17.0,614.77,20153.0,1.0,1.25,0.0,0.0,1,1.0,1.0,1.0,354.68,8.0,5.0,1,1,5.0,2.8903717578961645,6.422873517187736,0.0020332807391382143,0,0.0,0.045178646276937955,-3.0508997111099325,True
2372,대조,0,31.0,7.0,427.57,216.0,0.0,0.0,0.0,0.0,0,0.0,0.0,0.0,170.81,4.0,31.0,0,1,31.0,2.0794415416798357,6.060454085256045,0.0,0,0.0,0.02361583826648846,-3.7219385173804223,True
2373,대조,0,8.0,16.0,380.75,8292.0,1.0,0.88,0.0,0.0,0,0.0,0.0,0.0,265.77,9.0,8.0,0,1,8.0,2.833213344056216,5.944765944098742,0.0023112278397898886,0,0.0,0.030233501365956917,-3.4681046931641033,True
2374,대조,0,7.0,11.0,982.24,323.0,1.0,2.29,0.0,0.0,1,7.99,1.0,1.0,340.34,2.0,7.0,1,1,7.0,2.4849066497880004,6.890853240906781,0.0023314057664114676,0,0.0,0.04638609457704232,-3.0232591497560475,True
2375,대조,0,2.0,24.0,764.43,308.0,2.0,1.76,0.0,0.0,0,0.0,0.0,0.0,108.54,7.0,2.0,0,1,2.0,3.2188758248682006,6.640437767415547,0.002302369085462371,0,0.0,0.043450768566524745,-3.091703717868867,True
2376,대조,0,7.0,27.0,412.9,20913.0,2.0,9.57,0.0,0.0,1,2.5,2.0,1.0,161.85,9.0,7.0,1,1,7.0,3.332204510175204,6.025624398754687,0.023177524824412692,0,0.0,0.06505761275923885,-2.665211682004463,True
2377,대조,0,11.0,5.0,134.68,4378.0,0.0,0.0,0.0,1.0,0,0.0,0.0,0.0,32.36,2.0,11.0,0,1,11.0,1.791759469228055,4.910299172043593,0.0,0,1.0,0.012524095105546336,-4.367497699071892,False
2378,대조,0,2.0,29.0,1547.38,21553.0,6.0,12.129999999999999,0.0,0.0,1,0.0,0.0,0.0,396.9,7.0,2.0,0,1,2.0,3.4011973816621555,7.344964502061045,0.007839056986648399,0,0.0,0.07955979881532038,-2.4483431098906747,True
2379,대조,0,1.0,10.0,58.05,25.0,0.0,0.0,0.0,0.0,0,0.0,0.0,0.0,39.22,1.0,1.0,0,1,1.0,2.3978952727983707,4.078384542643371,0.0,0,0.0,0.013139769470010786,-4.318884950237147,True
2381,대조,0,8.0,13.0,274.46,10477.0,0.0,0.0,0.0,0.0,0,0.0,0.0,0.0,87.74,2.0,8.0,0,1,8.0,2.6390573296152584,5.618442427489185,0.0,0,0.0,0.0243392466050485,-3.691024803131218,True
2384,대조,0,16.0,4.0,125.98,51.0,0.0,0.0,0.0,1.0,0,0.0,0.0,0.0,0.0,0.0,16.0,0,0,16.0,1.6094379124341003,4.844029593742304,0.0,0,1.0,0.011515846974365855,-4.452448526574917,False
2386,대조,0,35.0,7.0,126.71000000000001,57.0,1.0,7.96,0.0,0.0,0,0.0,0.0,0.0,209.99,3.0,35.0,0,1,35.0,2.0794415416798357,4.849762068508171,0.06282061400047352,0,0.0,0.045257924339146834,-3.049063447830444,True
2391,대조,0,3.0,1.0,2.99,3.0,0.0,0.0,0.0,1.0,0,0.0,0.0,0.0,77.65,4.0,3.0,0,1,3.0,0.6931471805599453,1.3837912309017721,0.0,0,1.0,0.002488779558100145,-5.993470944253179,False
2393,대조,0,12.0,6.0,347.36,164.0,2.0,8.27,0.0,0.0,1,5.98,2.0,1.0,376.22,4.0,12.0,1,1,12.0,1.9459101490553132,5.853236427824539,0.02380815292491939,0,0.0,0.039181779986117084,-3.1995733914916604,True
2394,대조,0,8.0,21.0,433.09000000000003,132885.0,1.0,3.19,0.0,0.0,0,0.0,0.0,0.0,14.66,1.0,8.0,0,1,8.0,3.091042453358316,6.07325188587343,0.007365674571105312,0,0.0,0.03753177360864804,-3.244313183621433,True
2398,대조,0,88.0,1.0,8.66,5.0,0.0,0.0,0.0,0.0,0,0.0,0.0,0.0,170.87,8.0,88.0,0,1,88.0,0.6931471805599453,2.2679936482244267,0.0,0,0.0,0.004023745969845465,-5.511510113926507,False
2400,대조,0,2.0,59.0,2380.49,196277.0,2.0,5.76,0.0,0.0,1,1.92,1.0,1.0,573.42,14.0,2.0,1,1,2.0,4.0943445622221,7.775481621197877,0.0024196698998945596,0,0.0,0.10449107578498863,-2.148290518502244,True
2405,대조,0,8.0,15.0,461.75,193.0,1.0,3.19,0.0,0.0,1,2.0,1.0,1.0,93.79,4.0,8.0,1,1,8.0,2.772588722239781,6.137186951453607,0.0069085002707092585,0,0.0,0.04285997590103574,-3.1060112686491674,True
2406,대조,0,1.0,23.0,582.72,229.0,0.0,0.0,0.0,1.0,1,0.0,0.0,0.0,250.6,9.0,1.0,0,1,1.0,3.1780538303479458,6.369421415799545,0.0,0,1.0,0.041578280034363015,-3.137709973480452,True
2407,대조,0,1.0,21.0,764.54,452.0,0.0,0.0,0.0,2.0,1,3.84,2.0,1.0,377.69,9.0,1.0,1,1,1.0,3.091042453358316,6.640581467161707,0.0,0,2.0,0.038973775083155235,-3.2051127116140075,True
2411,대조,0,1.0,19.0,598.67,208.0,1.0,1.79,0.0,0.0,1,0.0,0.0,0.0,121.9,4.0,1.0,0,1,1.0,2.995732273553991,6.396379503910665,0.0029899610803948754,0,0.0,0.047049563232839674,-3.0083613117666386,True
2412,대조,0,2.0,42.0,2027.97,1147.0,2.0,5.51,0.0,0.0,0,1.92,1.0,1.0,1175.9,18.0,2.0,1,1,2.0,3.7612001156935624,7.615283554107832,0.002717002717002717,0,0.0,0.07228121763111475,-2.5521643390079625,True
2415,대조,0,29.0,12.0,248.9,106.0,0.0,0.0,0.0,0.0,0,0.0,0.0,0.0,0.0,0.0,29.0,0,0,29.0,2.5649493574615367,5.521060837840906,0.0,0,0.0,0.023174062042076872,-3.7412748386558414,True
2416,대조,0,7.0,19.0,647.15,197.0,0.0,0.0,0.0,0.0,0,0.0,0.0,0.0,250.1,8.0,7.0,0,1,7.0,2.995732273553991,6.474122151046052,0.0,0,0.0,0.036748654244863406,-3.2662127748028413,True
2419,대조,0,6.0,13.0,274.41,124.0,0.0,0.0,0.0,0.0,0,0.0,0.0,0.0,48.17,4.0,6.0,0,1,6.0,2.6390573296152584,5.618260896455957,0.0,0,0.0,0.024315286350910483,-3.692034274425784,True
2420,대조,0,10.0,6.0,386.59000000000003,216.0,1.0,1.79,0.0,2.0,1,3.71,2.0,2.0,221.66,3.0,10.0,1,1,10.0,1.9459101490553132,5.959948079890189,0.004630228407356631,0,2.0,0.022727027762804865,-3.7612111448495207,True
2421,대조,0,9.0,8.0,818.1700000000001,345.0,4.0,5.95,0.0,0.0,1,0.0,0.0,0.0,349.23,3.0,9.0,0,1,9.0,2.1972245773362196,6.7082916325209245,0.007272327266949411,0,0.0,0.04305467657468269,-3.1012754003047416,True
2423,대조,0,5.0,9.0,512.46,275.0,1.0,3.58,0.0,0.0,0,0.0,0.0,0.0,107.45,1.0,5.0,0,1,5.0,2.302585092994046,6.241172129547743,0.0069859110955001365,0,0.0,0.030158902569969698,-3.4706520854551113,True
2425,대조,0,3.0,23.0,711.13,82158.0,1.0,2.5,0.0,0.0,0,6.99,1.0,1.0,459.8,8.0,3.0,1,1,3.0,3.1780538303479458,6.5682604790151595,0.0035155316186913786,0,0.0,0.042707865309421125,-3.1097255032241775,True
2426,대조,0,5.0,17.0,485.1,36721.0,0.0,0.0,0.0,0.0,1,0.0,0.0,0.0,185.68,6.0,5.0,0,1,5.0,2.8903717578961645,6.1864143640514095,0.0,0,0.0,0.04034027489416962,-3.1692284216793842,True
2429,대조,0,29.0,7.0,268.07,140.0,0.0,0.0,0.0,1.0,0,2.39,1.0,1.0,61.4,3.0,29.0,1,1,29.0,2.0794415416798357,5.594971568798021,0.0,0,1.0,0.0176729555234233,-4.01788875752647,True
2437,대조,0,9.0,10.0,672.19,273.0,0.0,0.0,0.0,0.0,1,0.0,0.0,0.0,155.79,1.0,9.0,0,1,9.0,2.3978952727983707,6.512027607779704,0.0,0,0.0,0.03818703248943715,-3.226324016941997,True
2438,대조,0,1.0,22.0,497.18,34612.0,1.0,8.36,0.0,0.0,0,0.0,0.0,0.0,50.22,6.0,1.0,0,1,1.0,3.1354942159291497,6.210961457501995,0.01681483567319683,0,0.0,0.04657577347934399,-3.018979429576796,True
2439,대조,0,18.0,10.0,127.43,79.0,0.0,0.0,0.0,0.0,0,0.0,0.0,0.0,43.07,2.0,18.0,0,1,18.0,2.3978952727983707,4.855384008824965,0.0,0,0.0,0.01731844222619828,-4.038513159960125,True
2440,대조,0,1.0,17.0,238.08,93.0,2.0,3.71,0.0,0.0,0,0.0,0.0,0.0,1.76,1.0,1.0,0,1,1.0,2.8903717578961645,5.476798223956053,0.015582997311827955,0,0.0,0.03280118023086654,-3.383939581653492,True
2441,대조,0,2.0,11.0,114.38,80.0,1.0,1.25,0.0,1.0,0,2.5,1.0,1.0,36.34,5.0,2.0,1,1,2.0,2.4849066497880004,4.7482310288287435,0.010928484000699424,0,1.0,0.01808607637950243,-3.9943612689204446,True
2443,처치,1,1.0,43.0,1054.65,119895.0,12.0,73.99,0.0,2.0,0,18.36,6.0,4.0,230.28,9.0,1.0,1,1,1.0,3.784189633918261,6.961911969934092,0.07015597591618071,0,2.0,0.13453703378569842,-1.8614250795359297,True
2446,처치,1,1.0,24.0,938.75,133890.0,1.0,0.88,0.0,0.0,1,0.0,0.0,0.0,393.01,15.0,1.0,0,1,1.0,3.2188758248682006,6.845613882444288,0.0009374167776298269,0,0.0,0.05687956613146178,-2.8082578303404615,True
2447,대조,0,3.0,21.0,1472.5900000000001,438.0,0.0,0.0,0.0,0.0,1,0.0,0.0,0.0,119.68,2.0,3.0,0,1,3.0,3.091042453358316,7.295456879375954,0.0,0,0.0,0.06233175002048953,-2.7109252812641023,True
2448,대조,0,5.0,14.0,949.06,349.0,3.0,4.42,3.0,3.0,1,6.890000000000001,4.0,3.0,363.57,5.0,5.0,1,1,5.0,2.70805020110221,6.856525140494948,0.004657239795165743,1,3.0,0.150413948649936,-1.7313580815520369,True
2450,대조,0,12.0,8.0,253.42,15594.0,0.0,0.0,0.0,0.0,0,0.0,0.0,0.0,49.26,2.0,12.0,0,1,12.0,2.1972245773362196,5.538986444728065,0.0,0,0.0,0.020386364629179643,-3.8722919674656526,True
2451,처치,1,1.0,17.0,724.76,10134.0,0.0,0.0,2.0,2.0,0,3.26,4.0,3.0,716.46,23.0,1.0,1,1,1.0,2.8903717578961645,6.587219381659278,0.0,1,2.0,0.1246949987406871,-1.9487016529359764,True
2452,대조,0,1.0,16.0,236.03,4459.0,0.0,0.0,0.0,2.0,0,1.79,1.0,1.0,409.54,12.0,1.0,1,1,1.0,2.833213344056216,5.4681867154027515,0.0,0,2.0,0.01903115695412032,-3.942463222871281,True
2455,대조,0,1.0,12.0,876.61,346.0,0.0,0.0,0.0,0.0,1,0.0,0.0,0.0,257.2,4.0,1.0,0,1,1.0,2.5649493574615367,6.777202303608955,0.0,0,0.0,0.04400522678998407,-3.0784440281382524,True
2456,대조,0,7.0,15.0,296.2,169.0,3.0,7.9,0.0,0.0,0,0.0,0.0,0.0,0.0,0.0,7.0,0,0,7.0,2.772588722239781,5.694405312843604,0.026671168129642136,0,0.0,0.04097697234213611,-3.152904828023468,True
2457,대조,0,4.0,8.0,76.9,46.0,0.0,0.0,1.0,1.0,0,0.0,0.0,0.0,35.47,3.0,4.0,0,1,4.0,2.1972245773362196,4.355425952876702,0.0,1,1.0,0.05513263604754349,-2.841302715459022,True
2466,대조,0,4.0,20.0,500.52,237.0,0.0,0.0,0.0,0.0,0,0.0,0.0,0.0,19.58,1.0,4.0,0,1,4.0,3.044522437723423,6.217643486965713,0.0,0,0.0,0.03421176953415508,-3.3403748637672734,True
2467,대조,0,2.0,64.0,1868.2,1157.0,7.0,12.34,0.0,0.0,1,5.68,5.0,4.0,660.0,20.0,2.0,1,1,2.0,4.174387269895637,7.533265810826271,0.006605288513007172,0,0.0,0.10601864445344546,-2.1320699501474176,True
2468,대조,0,1.0,8.0,243.82,136.0,2.0,2.38,0.0,0.0,0,0.0,0.0,0.0,328.17,12.0,1.0,0,1,1.0,2.1972245773362196,5.500523246647367,0.009761299319169879,0,0.0,0.023642563982205902,-3.7207800986562285,True
2470,대조,0,10.0,9.0,60.84,28.0,1.0,2.99,0.0,0.0,0,0.0,0.0,0.0,46.480000000000004,4.0,10.0,0,1,10.0,2.302585092994046,4.124550404279167,0.049145299145299144,0,0.0,0.030030004603474717,-3.475068103147016,True
2472,대조,0,57.0,3.0,21.1,9.0,0.0,0.0,0.0,0.0,0,0.0,0.0,0.0,223.05,3.0,57.0,0,1,57.0,1.3862943611198906,3.095577608523707,0.0,0,0.0,0.0067431736221957046,-4.9924585895102,False
2474,대조,0,18.0,4.0,34.65,22.0,0.0,0.0,0.0,1.0,0,0.0,0.0,0.0,27.27,3.0,18.0,0,1,18.0,1.6094379124341003,3.573749146860305,0.0,0,1.0,0.007415602504688354,-4.8967258170702035,False
2475,대조,0,5.0,16.0,798.79,310.0,0.0,0.0,0.0,0.0,0,0.0,0.0,0.0,383.66,7.0,5.0,0,1,5.0,2.833213344056216,6.684349193208772,0.0,0,0.0,0.03730521396851493,-3.250603319225022,True
2477,대조,0,41.0,2.0,32.54,6481.0,0.0,0.0,0.0,1.0,0,0.0,0.0,0.0,0.0,0.0,41.0,0,0,41.0,1.0986122886681098,3.5127387563950627,0.0,0,1.0,0.006139861321730317,-5.086794335334983,False
2478,대조,0,7.0,27.0,493.04,269.0,2.0,6.98,0.0,1.0,0,0.0,0.0,0.0,77.44,4.0,7.0,0,1,7.0,3.332204510175204,6.202616485569814,0.014157066363783872,0,1.0,0.04196224210523236,-3.128116973997201,True
2481,처치,1,23.0,16.0,554.02,81446.0,3.0,3.6799999999999997,0.0,0.0,0,7.99,2.0,2.0,300.86,10.0,23.0,1,1,23.0,2.833213344056216,6.319004149133188,0.006642359481607162,0,0.0,0.037171711915623316,-3.2543270469090775,True
2482,대조,0,31.0,9.0,186.43,105.0,1.0,3.84,0.0,1.0,0,0.0,0.0,0.0,10.98,2.0,31.0,0,1,31.0,2.302585092994046,5.233405442370894,0.020597543313844335,0,1.0,0.02398385020315598,-3.706098437557419,True
2483,대조,0,3.0,6.0,57.730000000000004,50.0,0.0,0.0,0.0,0.0,1,0.0,0.0,0.0,47.85,5.0,3.0,0,1,3.0,1.9459101490553132,4.072950669534428,0.0,0,0.0,0.014162172288929282,-4.242917379402542,True
2484,대조,0,1.0,20.0,1053.15,63158.0,4.0,5.71,0.0,0.0,0,1.5,1.0,1.0,358.09,9.0,1.0,1,1,1.0,3.044522437723423,6.9604900339660025,0.005421829748848692,0,0.0,0.04802127823157792,-2.98689847428575,True
2485,대조,0,12.0,17.0,431.85,16140.0,0.0,0.0,0.0,0.0,0,0.0,0.0,0.0,32.21,3.0,12.0,0,1,12.0,2.8903717578961645,6.0703912476617825,0.0,0,0.0,0.03099667045399535,-3.4423882539418313,True
2486,대조,0,4.0,7.0,405.86,7727.0,1.0,1.79,0.0,0.0,1,1.79,1.0,1.0,231.71,3.0,4.0,1,1,4.0,2.0794415416798357,6.008469145923806,0.0044103878184595675,0,0.0,0.03106172860402975,-3.4402244365764862,True
2492,대조,0,14.0,2.0,91.89,47.0,0.0,0.0,0.0,1.0,0,0.0,0.0,0.0,162.99,2.0,14.0,0,1,14.0,1.0986122886681098,4.53141599739943,0.0,0,1.0,0.008641285945517956,-4.742525032606945,False
2493,대조,0,10.0,35.0,796.74,24768.0,2.0,3.58,0.0,1.0,0,0.0,0.0,0.0,212.64000000000001,11.0,10.0,0,1,10.0,3.58351893845611,6.68178272982438,0.004493310239224842,0,1.0,0.04569876140636768,-3.0389081905028235,True
2494,대조,0,31.0,8.0,670.9,26016.0,0.0,0.0,0.0,0.0,1,0.0,0.0,0.0,33.12,1.0,31.0,0,1,31.0,2.1972245773362196,6.510109519926104,0.0,0,0.0,0.03601533942446587,-3.2871304393904874,True
2496,대조,0,1.0,8.0,503.45,9448.0,0.0,0.0,0.0,0.0,1,1.0,1.0,1.0,267.38,3.0,1.0,1,1,1.0,2.1972245773362196,6.223468726854389,0.0,0,0.0,0.0322397743732782,-3.4017834365283375,True
2497,대조,0,1.0,32.0,1175.43,564.0,0.0,0.0,0.0,0.0,1,0.0,0.0,0.0,341.91,13.0,1.0,0,1,1.0,3.4965075614664802,7.070239707884773,0.0,0,0.0,0.06609500784718444,-2.648281491833872,True
2499,대조,0,17.0,7.0,198.69,24073.0,0.0,0.0,0.0,0.0,1,0.0,0.0,0.0,219.58,2.0,17.0,0,1,17.0,2.0794415416798357,5.2967661640553,0.0,0,0.0,0.02274458770206136,-3.7604208290644494,True
2500,대조,0,4.0,12.0,783.75,326.0,1.0,2.29,0.0,0.0,0,0.0,0.0,0.0,281.77,6.0,4.0,0,1,4.0,2.5649493574615367,6.665365195722063,0.002921850079744817,0,0.0,0.035534024015962166,-3.3010838949258803,True
