household_key,group,treatment,recency_days,pre_baskets,pre_sales,pre_quantity,pre_target_purchase_count,pre_target_sales,pre_coupon_redemptions,pre_campaign_count_raw,has_demographic,target_sales,target_quantity,target_purchase_count,total_sales,baskets,recency_days_filled,target_purchase,any_purchase,pre_recency_capped,log_pre_baskets,log_pre_sales,pre_target_share,pre_coupon_user,pre_campaign_count_c
2,대조,0,10.0,9.0,264.89,91.0,3.0,5.28,0.0,0.0,0,1.99,1.0,1.0,209.5,4.0,10.0,1,1,10.0,2.302585092994046,5.583082689418416,0.019932802295292387,0,0.0
3,대조,0,6.0,15.0,1011.68,608.0,5.0,14.280000000000001,0.0,0.0,0,32.51,14.0,6.0,530.79,5.0,6.0,1,1,6.0,2.772588722239781,6.9203555609578755,0.014115135220623123,0,0.0
4,대조,0,8.0,8.0,401.35,127.0,0.0,0.0,0.0,0.0,0,6.5,3.0,3.0,200.3,4.0,8.0,1,1,8.0,2.1972245773362196,5.997322356592142,0.0,0,0.0
6,대조,0,1.0,38.0,1007.83,381.0,0.0,0.0,0.0,0.0,0,3.77,2.0,2.0,647.54,21.0,1.0,1,1,1.0,3.6635616461296463,6.916546522511469,0.0,0,0.0
7,대조,0,24.0,8.0,372.49,135.0,0.0,0.0,0.0,0.0,1,0.0,0.0,0.0,106.55,3.0,24.0,0,1,24.0,2.1972245773362196,5.922891230452735,0.0,0,0.0
13,대조,0,5.0,40.0,1769.54,249470.0,8.0,20.82,0.0,0.0,1,20.67,8.0,6.0,1462.49,31.0,5.0,1,1,5.0,3.713572066704308,7.47903986378475,0.011765769635046396,0,0.0
14,대조,0,23.0,3.0,15.549999999999999,7.0,0.0,0.0,0.0,0.0,0,0.0,0.0,0.0,137.97,10.0,23.0,0,1,23.0,1.3862943611198906,2.8063861018230716,0.0,0,0.0
16,대조,0,3.0,21.0,353.12,21526.0,3.0,5.68,0.0,0.0,1,7.58,2.0,2.0,274.91,16.0,3.0,1,1,3.0,3.091042453358316,5.869635838742848,0.016085183507023107,0,0.0
18,대조,0,1.0,20.0,777.3100000000001,32477.0,13.0,39.75,0.0,0.0,1,34.59,13.0,9.0,884.84,15.0,1.0,1,1,1.0,3.044522437723423,6.657124902398797,0.051137898650474065,0,0.0
19,대조,0,2.0,43.0,1131.6200000000001,101431.0,9.0,20.87,0.0,0.0,1,8.03,3.0,3.0,650.35,22.0,2.0,1,1,2.0,3.784189633918261,7.032288812008698,0.01844258673406267,0,0.0
20,대조,0,1.0,35.0,689.36,50038.0,5.0,11.93,0.0,0.0,1,6.48,4.0,3.0,831.39,41.0,1.0,1,1,1.0,3.58351893845611,6.537213200663202,0.017305906928165252,0,0.0
23,대조,0,2.0,18.0,682.26,60035.0,6.0,28.580000000000002,0.0,0.0,0,9.27,3.0,2.0,538.38,20.0,2.0,1,1,2.0,2.9444389791664403,6.526875460632285,0.04189018849119105,0,0.0
25,대조,0,2.0,11.0,415.38,151.0,0.0,0.0,0.0,0.0,1,1.49,1.0,1.0,175.77,5.0,2.0,1,1,2.0,2.4849066497880004,6.031598304847628,0.0,0,0.0
26,대조,0,12.0,11.0,193.49,99.0,0.0,0.0,0.0,0.0,0,0.0,0.0,0.0,153.78,5.0,12.0,0,1,12.0,2.4849066497880004,5.270380747855014,0.0,0,0.0
28,대조,0,3.0,27.0,396.1,126.0,9.0,24.87,0.0,0.0,0,7.5,3.0,3.0,209.36,11.0,3.0,1,1,3.0,3.332204510175204,5.984188138137206,0.06278717495581923,0,0.0
29,대조,0,5.0,12.0,360.34000000000003,205.0,4.0,10.0,0.0,0.0,0,31.96,12.0,11.0,260.82,14.0,5.0,1,1,5.0,2.5649493574615367,5.889819343345781,0.027751567963589942,0,0.0
31,대조,0,34.0,2.0,198.74,16645.0,0.0,0.0,0.0,0.0,1,0.0,0.0,0.0,127.71000000000001,3.0,34.0,0,1,34.0,1.0986122886681098,5.297016520814989,0.0,0,0.0
36,대조,0,15.0,15.0,623.83,8702.0,2.0,5.18,0.0,0.0,0,0.0,0.0,0.0,90.23,10.0,15.0,0,1,15.0,2.772588722239781,6.437479612737692,0.008303544234807558,0,0.0
37,대조,0,9.0,8.0,277.33,19726.0,0.0,0.0,0.0,0.0,0,2.99,1.0,1.0,439.11,7.0,9.0,1,1,9.0,2.1972245773362196,5.628807460063128,0.0,0,0.0
40,대조,0,1.0,59.0,1685.99,117559.0,2.0,9.870000000000001,0.0,0.0,1,3.18,2.0,1.0,1163.89,39.0,1.0,1,1,1.0,4.0943445622221,7.4307011548461235,0.005854127248678819,0,0.0
41,대조,0,2.0,6.0,205.75,96.0,2.0,3.65,0.0,0.0,0,0.0,0.0,0.0,198.85,8.0,2.0,0,1,2.0,1.9459101490553132,5.3315103339038,0.017739975698663427,0,0.0
42,대조,0,5.0,13.0,351.38,221.0,4.0,5.27,0.0,0.0,1,0.0,0.0,0.0,193.8,10.0,5.0,0,1,5.0,2.6390573296152584,5.864710138762483,0.014998007854744151,0,0.0
43,대조,0,2.0,14.0,74.36,1173.0,0.0,0.0,0.0,0.0,1,0.0,0.0,0.0,255.82,22.0,2.0,0,1,2.0,2.70805020110221,4.3222766302681075,0.0,0,0.0
45,대조,0,1.0,18.0,249.55,96.0,0.0,0.0,0.0,0.0,0,0.0,0.0,0.0,86.04,8.0,1.0,0,1,1.0,2.9444389791664403,5.523658501405734,0.0,0,0.0
46,대조,0,6.0,10.0,740.91,301.0,3.0,6.0,0.0,0.0,1,7.0,3.0,2.0,907.5600000000001,13.0,6.0,1,1,6.0,2.3978952727983707,6.609227942010153,0.008098149572822611,0,0.0
47,대조,0,1.0,18.0,314.46,120.0,7.0,19.17,0.0,0.0,0,0.0,0.0,0.0,191.79000000000002,7.0,1.0,0,1,1.0,2.9444389791664403,5.754031891059328,0.06096164854035491,0,0.0
48,대조,0,8.0,4.0,33.75,18.0,0.0,0.0,0.0,0.0,1,0.0,0.0,0.0,0.0,0.0,8.0,0,0,8.0,1.6094379124341003,3.548179572010801,0.0,0,0.0
49,대조,0,3.0,9.0,458.84000000000003,66428.0,1.0,2.5,0.0,0.0,1,5.38,2.0,2.0,762.13,14.0,3.0,1,1,3.0,2.302585092994046,6.13087860289066,0.005448522360735768,0,0.0
51,대조,0,1.0,7.0,278.92,116.0,0.0,0.0,0.0,0.0,0,0.0,0.0,0.0,253.9,9.0,1.0,0,1,1.0,2.0794415416798357,5.634503848059433,0.0,0,0.0
52,대조,0,2.0,21.0,451.27,9962.0,5.0,17.73,0.0,0.0,1,16.16,4.0,3.0,389.55,8.0,2.0,1,1,2.0,3.091042453358316,6.114279346625388,0.039289117379839124,0,0.0
55,대조,0,2.0,22.0,302.91,64.0,1.0,2.99,0.0,0.0,1,7.49,3.0,3.0,113.25,16.0,2.0,1,1,2.0,3.1354942159291497,5.716731604942411,0.009870918754745633,0,0.0
56,대조,0,2.0,36.0,984.91,445.0,7.0,18.12,0.0,0.0,1,36.230000000000004,16.0,12.0,871.5600000000001,20.0,2.0,1,1,2.0,3.6109179126442243,6.893565072546089,0.01839762008711456,0,0.0
57,대조,0,2.0,27.0,350.67,22839.0,1.0,1.5,0.0,0.0,1,4.5,3.0,2.0,729.57,27.0,2.0,1,1,2.0,3.332204510175204,5.862693235870121,0.004277525879031568,0,0.0
58,대조,0,4.0,41.0,1494.45,203170.0,15.0,40.75,0.0,0.0,1,6.37,3.0,2.0,912.71,25.0,4.0,1,1,4.0,3.7376696182833684,7.31018244387685,0.027267556626183544,0,0.0
64,대조,0,2.0,25.0,289.9,167.0,0.0,0.0,0.0,0.0,0,8.07,4.0,4.0,309.06,31.0,2.0,1,1,2.0,3.258096538021482,5.672979565501156,0.0,0,0.0
65,대조,0,4.0,12.0,186.14,58.0,1.0,1.0,0.0,0.0,0,0.0,0.0,0.0,227.26,10.0,4.0,0,1,4.0,2.5649493574615367,5.231856999847767,0.005372300419039433,0,0.0
67,대조,0,1.0,25.0,1203.1200000000001,516.0,5.0,20.02,0.0,0.0,1,17.23,10.0,5.0,840.23,17.0,1.0,1,1,1.0,3.258096538021482,7.093504288676351,0.016640069153534144,0,0.0
69,대조,0,6.0,12.0,702.59,323.0,5.0,14.66,0.0,0.0,0,13.78,6.0,4.0,1170.65,16.0,6.0,1,1,6.0,2.5649493574615367,6.556195800141595,0.020865654222234874,0,0.0
71,대조,0,17.0,16.0,674.96,11753.0,1.0,3.0,0.0,0.0,1,0.0,0.0,0.0,113.66,5.0,17.0,0,1,17.0,2.833213344056216,6.516133902694623,0.004444707834538343,0,0.0
72,대조,0,4.0,16.0,791.62,20157.0,5.0,15.49,0.0,0.0,0,13.23,6.0,5.0,620.42,12.0,4.0,1,1,4.0,2.833213344056216,6.675343913847011,0.01956746924029206,0,0.0
73,대조,0,6.0,29.0,323.73,31267.0,1.0,3.19,0.0,0.0,0,0.0,0.0,0.0,436.23,21.0,6.0,0,1,6.0,3.4011973816621555,5.782994067818966,0.009853890587835541,0,0.0
74,대조,0,7.0,21.0,343.58,226.0,2.0,5.5,0.0,0.0,1,0.0,0.0,0.0,199.23,11.0,7.0,0,1,7.0,3.091042453358316,5.84232628410426,0.01600791664241225,0,0.0
77,대조,0,5.0,9.0,526.25,233.0,1.0,1.49,0.0,0.0,1,1.49,1.0,1.0,101.63,3.0,5.0,1,1,5.0,2.302585092994046,6.267674819358884,0.002831353919239905,0,0.0
78,대조,0,4.0,26.0,230.31,129.0,0.0,0.0,0.0,0.0,1,0.0,0.0,0.0,205.92000000000002,20.0,4.0,0,1,4.0,3.295836866004329,5.44375880219821,0.0,0,0.0
79,대조,0,3.0,19.0,326.92,134.0,0.0,0.0,0.0,0.0,0,3.0,2.0,1.0,530.8100000000001,20.0,3.0,1,1,3.0,2.995732273553991,5.792769676196082,0.0,0,0.0
80,대조,0,15.0,8.0,235.7,17640.0,4.0,10.870000000000001,0.0,0.0,1,5.5,2.0,2.0,160.47,7.0,15.0,1,1,15.0,2.1972245773362196,5.466793516519938,0.04611794654221468,0,0.0
81,대조,0,5.0,30.0,1594.97,850.0,2.0,2.38,0.0,0.0,0,3.84,2.0,2.0,641.25,14.0,5.0,1,1,5.0,3.4339872044851463,7.375236980840607,0.0014921910756942136,0,0.0
86,대조,0,16.0,8.0,445.97,15130.0,0.0,0.0,0.0,0.0,1,8.55,4.0,3.0,711.97,5.0,16.0,1,1,16.0,2.1972245773362196,6.102491478267358,0.0,0,0.0
88,대조,0,2.0,32.0,1864.07,8159.0,6.0,10.86,0.0,0.0,0,13.48,5.0,5.0,843.42,16.0,2.0,1,1,2.0,3.4965075614664802,7.531053864885616,0.005825961471403971,0,0.0
91,대조,0,13.0,2.0,38.11,15.0,0.0,0.0,0.0,0.0,0,0.0,0.0,0.0,0.0,0.0,13.0,0,0,13.0,1.0986122886681098,3.666378188767423,0.0,0,0.0
92,대조,0,6.0,8.0,208.19,114.0,0.0,0.0,0.0,0.0,0,5.0,2.0,2.0,136.69,9.0,6.0,1,1,6.0,2.1972245773362196,5.343242929901029,0.0,0,0.0
95,대조,0,3.0,40.0,891.91,33324.0,1.0,5.0,0.0,0.0,0,0.0,0.0,0.0,457.96,29.0,3.0,0,1,3.0,3.713572066704308,6.794485791922883,0.005605946788353085,0,0.0
97,대조,0,1.0,20.0,595.55,262.0,6.0,13.66,0.0,0.0,1,24.51,10.0,7.0,532.75,12.0,1.0,1,1,1.0,3.044522437723423,6.3911630603218095,0.022936781126689617,0,0.0
98,대조,0,3.0,17.0,137.13,87.0,0.0,0.0,0.0,0.0,1,0.0,0.0,0.0,170.71,15.0,3.0,0,1,3.0,2.8903717578961645,4.928195270711869,0.0,0,0.0
99,대조,0,2.0,31.0,1073.36,31147.0,0.0,0.0,0.0,0.0,0,2.29,1.0,1.0,505.39,21.0,2.0,1,1,2.0,3.4657359027997265,6.9794804144340645,0.0,0,0.0
101,대조,0,6.0,29.0,815.41,36522.0,0.0,0.0,0.0,0.0,1,0.0,0.0,0.0,863.67,28.0,6.0,0,1,6.0,3.4011973816621555,6.704916679758272,0.0,0,0.0
103,대조,0,1.0,22.0,159.8,95.0,1.0,2.88,0.0,0.0,0,10.0,4.0,3.0,158.81,7.0,1.0,1,1,1.0,3.1354942159291497,5.080161356744866,0.01802252816020025,0,0.0
104,대조,0,1.0,9.0,400.15,240.0,8.0,26.009999999999998,0.0,0.0,1,18.94,8.0,6.0,806.8,19.0,1.0,1,1,1.0,2.302585092994046,5.994335422199665,0.06500062476571286,0,0.0
108,대조,0,3.0,11.0,508.87,1833.0,1.0,2.99,0.0,0.0,0,2.29,1.0,1.0,601.59,13.0,3.0,1,1,3.0,2.4849066497880004,6.234155791264561,0.005875763947570107,0,0.0
109,대조,0,3.0,9.0,396.67,202.0,0.0,0.0,0.0,0.0,1,2.5,1.0,1.0,212.78,10.0,3.0,1,1,3.0,2.302585092994046,5.985622515624349,0.0,0,0.0
110,대조,0,3.0,28.0,716.84,50999.0,4.0,10.82,0.0,0.0,1,0.0,0.0,0.0,323.13,17.0,3.0,0,1,3.0,3.367295829986474,6.576246702989803,0.015094023770994922,0,0.0
111,대조,0,7.0,10.0,318.91,12033.0,2.0,6.49,0.0,0.0,0,2.29,1.0,1.0,78.98,2.0,7.0,1,1,7.0,2.3978952727983707,5.768039706235574,0.020350569126085728,0,0.0
112,대조,0,22.0,6.0,100.53,47.0,1.0,1.49,0.0,0.0,0,0.0,0.0,0.0,72.96000000000001,7.0,22.0,0,1,22.0,1.9459101490553132,4.6203543213131315,0.014821446334427535,0,0.0
113,대조,0,6.0,37.0,2341.88,220971.0,8.0,28.0,0.0,0.0,1,31.19,12.0,9.0,1651.89,21.0,6.0,1,1,6.0,3.6375861597263857,7.759136220806947,0.011956206124993594,0,0.0
115,대조,0,3.0,19.0,1508.2,130525.0,6.0,21.73,0.0,0.0,0,16.73,7.0,3.0,1098.66,16.0,3.0,1,1,3.0,2.995732273553991,7.319334988090155,0.014407903461079433,0,0.0
118,대조,0,3.0,16.0,726.67,34431.0,1.0,1.49,0.0,0.0,1,0.0,0.0,0.0,460.95,8.0,3.0,0,1,3.0,2.833213344056216,6.589847648723381,0.0020504493098655514,0,0.0
119,대조,0,6.0,1.0,37.349999999999994,6.0,0.0,0.0,0.0,0.0,1,2.5,1.0,1.0,290.84,7.0,6.0,1,1,6.0,0.6931471805599453,3.646754527813265,0.0,0,0.0
121,대조,0,2.0,15.0,288.45,136.0,2.0,3.67,0.0,0.0,1,8.08,3.0,3.0,147.82,8.0,2.0,1,1,2.0,2.772588722239781,5.667982570525013,0.012723175593690414,0,0.0
123,대조,0,2.0,22.0,366.33,19785.0,0.0,0.0,0.0,0.0,1,0.0,0.0,0.0,394.37,20.0,2.0,0,1,2.0,3.1354942159291497,5.906260626593414,0.0,0,0.0
127,대조,0,6.0,21.0,250.45,11308.0,3.0,8.25,0.0,0.0,1,4.74,6.0,3.0,352.51,19.0,6.0,1,1,6.0,3.091042453358316,5.527244162617974,0.0329407067278898,0,0.0
133,대조,0,14.0,11.0,732.21,285.0,0.0,0.0,0.0,0.0,1,0.0,0.0,0.0,293.55,7.0,14.0,0,1,14.0,2.4849066497880004,6.597432154715968,0.0,0,0.0
136,대조,0,13.0,5.0,224.51,114.0,0.0,0.0,0.0,0.0,1,7.2700000000000005,3.0,3.0,273.59000000000003,9.0,13.0,1,1,13.0,1.791759469228055,5.418364503857487,0.0,0,0.0
137,대조,0,3.0,12.0,439.86,223.0,5.0,20.06,0.0,0.0,0,10.07,5.0,3.0,218.64000000000001,7.0,3.0,1,1,3.0,2.5649493574615367,6.088727364728192,0.04560541990633383,0,0.0
139,대조,0,3.0,4.0,214.11,6377.0,1.0,2.0,0.0,0.0,1,0.0,0.0,0.0,126.63,2.0,3.0,0,1,3.0,1.6094379124341003,5.371149525197707,0.009340992947550324,0,0.0
143,대조,0,1.0,98.0,1186.93,16365.0,4.0,8.26,0.0,0.0,0,6.18,3.0,3.0,1156.8700000000001,70.0,1.0,1,1,1.0,4.59511985013459,7.079967575627665,0.006959129856015097,0,0.0
144,대조,0,4.0,14.0,323.68,143.0,2.0,7.88,0.0,0.0,0,19.48,9.0,8.0,539.63,18.0,4.0,1,1,4.0,2.70805020110221,5.782840081892975,0.024345032130499256,0,0.0
151,대조,0,7.0,18.0,545.83,41823.0,9.0,23.8,0.0,0.0,0,8.08,3.0,3.0,253.05,6.0,7.0,1,1,7.0,2.9444389791664403,6.304137968011938,0.043603319714929555,0,0.0
155,대조,0,5.0,13.0,497.01,225.0,3.0,7.37,0.0,0.0,1,0.0,0.0,0.0,153.88,4.0,5.0,0,1,5.0,2.6390573296152584,6.210620157144331,0.014828675479366614,0,0.0
156,대조,0,2.0,131.0,1060.65,90102.0,1.0,1.49,0.0,0.0,0,6.25,3.0,2.0,795.79,67.0,2.0,1,1,2.0,4.882801922586371,6.9675795806278025,0.0014047989440437467,0,0.0
157,대조,0,3.0,31.0,521.64,198.0,2.0,4.28,0.0,0.0,1,3.54,2.0,2.0,280.12,16.0,3.0,1,1,3.0,3.4657359027997265,6.258892890532495,0.008204892262863278,0,0.0
158,대조,0,1.0,29.0,346.34,109.0,0.0,0.0,0.0,0.0,1,4.5,3.0,3.0,170.89,22.0,1.0,1,1,1.0,3.4011973816621555,5.850304127318968,0.0,0,0.0
160,대조,0,7.0,6.0,154.27,89.0,1.0,2.98,0.0,0.0,0,2.5,1.0,1.0,166.67000000000002,7.0,7.0,1,1,7.0,1.9459101490553132,5.045165536993078,0.01931678226486031,0,0.0
161,대조,0,24.0,13.0,243.57,118.0,1.0,2.34,0.0,0.0,1,0.0,0.0,0.0,29.54,2.0,24.0,0,1,24.0,2.6390573296152584,5.49950156650782,0.009607094469762286,0,0.0
164,대조,0,10.0,20.0,529.08,21281.0,6.0,17.45,0.0,0.0,1,4.99,4.0,3.0,427.68,9.0,10.0,1,1,10.0,3.044522437723423,6.273027938551586,0.032981779693052084,0,0.0
166,대조,0,10.0,18.0,301.83,131.0,3.0,11.43,0.0,0.0,1,0.0,0.0,0.0,153.5,6.0,10.0,0,1,10.0,2.9444389791664403,5.713171591952887,0.03786899910545671,0,0.0
179,대조,0,2.0,6.0,89.93,56.0,0.0,0.0,0.0,0.0,0,0.0,0.0,0.0,137.21,6.0,2.0,0,1,2.0,1.9459101490553132,4.510089979737821,0.0,0,0.0
180,대조,0,11.0,20.0,856.07,372.0,2.0,6.0,0.0,0.0,0,0.0,0.0,0.0,114.16,9.0,11.0,0,1,11.0,3.044522437723423,6.7535195955421745,0.007008772647096616,0,0.0
184,대조,0,5.0,31.0,790.4,61179.0,1.0,2.29,0.0,0.0,1,0.0,0.0,0.0,800.3,23.0,5.0,0,1,5.0,3.4657359027997265,6.673803528951324,0.0028972672064777327,0,0.0
185,대조,0,3.0,9.0,269.73,13110.0,1.0,3.0,0.0,0.0,0,0.0,0.0,0.0,180.52,3.0,3.0,0,1,3.0,2.302585092994046,5.601122014269927,0.011122233344455565,0,0.0
188,대조,0,13.0,7.0,299.23,151.0,0.0,0.0,0.0,0.0,0,10.0,4.0,3.0,618.4,9.0,13.0,1,1,13.0,2.0794415416798357,5.704548847584102,0.0,0,0.0
193,대조,0,13.0,16.0,609.58,66656.0,0.0,0.0,0.0,0.0,1,5.75,4.0,2.0,524.35,9.0,13.0,1,1,13.0,2.833213344056216,6.414409325096791,0.0,0,0.0
194,대조,0,3.0,13.0,289.96,145.0,4.0,10.96,0.0,0.0,0,2.99,1.0,1.0,162.76,6.0,3.0,1,1,3.0,2.6390573296152584,5.673185800678733,0.03779831700924266,0,0.0
195,대조,0,9.0,18.0,709.23,54800.0,4.0,7.53,0.0,0.0,0,1.77,1.0,1.0,426.3,10.0,9.0,1,1,9.0,2.9444389791664403,6.565588861238914,0.010617148174781101,0,0.0
196,대조,0,4.0,22.0,894.91,444.0,4.0,14.01,0.0,0.0,0,5.0,2.0,2.0,490.89,19.0,4.0,1,1,4.0,3.1354942159291497,6.797839961501278,0.01565520555139623,0,0.0
198,대조,0,1.0,114.0,1719.66,906.0,13.0,21.919999999999998,0.0,0.0,1,19.06,8.0,8.0,1379.54,82.0,1.0,1,1,1.0,4.74493212836325,7.450463217135683,0.012746705744158728,0,0.0
200,대조,0,,0.0,0.0,0.0,0.0,0.0,0.0,0.0,0,0.0,0.0,0.0,172.48000000000002,1.0,90.0,0,1,90.0,0.0,0.0,0.0,0,0.0
205,대조,0,90.0,1.0,8.98,5.0,0.0,0.0,0.0,0.0,0,0.0,0.0,0.0,0.0,0.0,90.0,0,0,90.0,0.6931471805599453,2.300583090323373,0.0,0,0.0
209,대조,0,1.0,19.0,664.1,13791.0,6.0,22.79,0.0,0.0,1,16.35,9.0,5.0,634.8,10.0,1.0,1,1,1.0,2.995732273553991,6.499937405290376,0.03431712091552477,0,0.0
210,대조,0,5.0,14.0,320.81,190.0,1.0,1.67,0.0,0.0,0,0.0,0.0,0.0,378.94,15.0,5.0,0,1,5.0,2.70805020110221,5.773961309277448,0.005205573392350612,0,0.0
211,대조,0,3.0,12.0,441.14,252.0,1.0,1.19,0.0,0.0,1,5.99,2.0,2.0,182.56,5.0,3.0,1,1,3.0,2.5649493574615367,6.091626574006963,0.0026975563313233896,0,0.0
215,대조,0,4.0,15.0,287.34,10105.0,0.0,0.0,0.0,0.0,0,5.98,2.0,2.0,186.73,12.0,4.0,1,1,4.0,2.772588722239781,5.664140339383757,0.0,0,0.0
216,대조,0,1.0,22.0,521.77,208.0,1.0,2.29,0.0,0.0,1,0.0,0.0,0.0,87.69,6.0,1.0,0,1,1.0,3.1354942159291497,6.2591415967829995,0.004388906989669778,0,0.0
217,대조,0,3.0,12.0,413.44,32069.0,0.0,0.0,0.0,0.0,0,10.29,6.0,4.0,199.12,7.0,3.0,1,1,3.0,2.5649493574615367,6.026928211383551,0.0,0,0.0
218,대조,0,3.0,26.0,1243.64,125733.0,2.0,5.0,0.0,0.0,1,0.0,0.0,0.0,994.97,15.0,3.0,0,1,3.0,3.295836866004329,7.126601610458464,0.004020456080537776,0,0.0
220,대조,0,2.0,16.0,318.43,42903.0,5.0,10.49,0.0,0.0,1,12.33,8.0,5.0,323.3,7.0,2.0,1,1,2.0,2.833213344056216,5.76653815748159,0.03294287598530289,0,0.0
221,대조,0,8.0,9.0,368.63,198.0,3.0,11.98,0.0,0.0,1,1.5,1.0,1.0,249.56,7.0,8.0,1,1,8.0,2.302585092994046,5.912502505304687,0.03249871144508044,0,0.0
222,대조,0,2.0,26.0,1138.84,97491.0,1.0,3.69,0.0,0.0,1,4.58,2.0,2.0,643.3,11.0,2.0,1,1,2.0,3.295836866004329,7.038643180661242,0.003240139088897475,0,0.0
223,대조,0,8.0,18.0,500.39,10178.0,0.0,0.0,0.0,0.0,0,0.0,0.0,0.0,142.64,8.0,8.0,0,1,8.0,2.9444389791664403,6.2173842413689435,0.0,0,0.0
226,대조,0,26.0,11.0,305.83,1908.0,1.0,0.99,0.0,0.0,0,2.99,1.0,1.0,234.2,9.0,26.0,1,1,26.0,2.4849066497880004,5.726293848284959,0.0032370925023705983,0,0.0
227,대조,0,2.0,9.0,134.54,141.0,0.0,0.0,0.0,0.0,0,0.0,0.0,0.0,127.52,12.0,2.0,0,1,2.0,2.302585092994046,4.909266799707967,0.0,0,0.0
228,대조,0,13.0,9.0,201.22,14545.0,1.0,1.0,0.0,0.0,0,8.69,3.0,3.0,127.05,4.0,13.0,1,1,13.0,2.302585092994046,5.309356213663253,0.004969684921975946,0,0.0
230,대조,0,3.0,23.0,712.21,43472.0,2.0,3.96,0.0,0.0,1,9.79,5.0,5.0,541.0600000000001,19.0,3.0,1,1,3.0,3.1780538303479458,6.569775907203082,0.005560157818620912,0,0.0
232,대조,0,1.0,168.0,3192.86,141635.0,5.0,19.06,0.0,0.0,1,28.76,8.0,6.0,1670.8700000000001,108.0,1.0,1,1,1.0,5.1298987149230735,8.068985495628953,0.005969569602174852,0,0.0
242,대조,0,2.0,11.0,439.08,260.0,2.0,7.08,0.0,0.0,1,25.01,11.0,9.0,851.12,10.0,2.0,1,1,2.0,2.4849066497880004,6.086956528567202,0.016124624214266192,0,0.0
243,대조,0,1.0,27.0,816.79,78386.0,1.0,7.0,0.0,0.0,1,5.98,2.0,2.0,893.61,31.0,1.0,1,1,1.0,3.332204510175204,6.706605579927191,0.008570134306247628,0,0.0
245,대조,0,1.0,7.0,221.62,10367.0,0.0,0.0,0.0,0.0,0,1.5,1.0,1.0,101.04,5.0,1.0,1,1,1.0,2.0794415416798357,5.405466282065079,0.0,0,0.0
246,대조,0,29.0,4.0,42.56,17.0,1.0,2.99,0.0,0.0,0,0.0,0.0,0.0,148.48,7.0,29.0,0,1,29.0,1.6094379124341003,3.77413929806476,0.07025375939849623,0,0.0
249,대조,0,2.0,12.0,113.97,79.0,0.0,0.0,0.0,0.0,1,2.0,1.0,1.0,485.3,14.0,2.0,1,1,2.0,2.5649493574615367,4.744671224765649,0.0,0,0.0
251,대조,0,7.0,10.0,456.67,199.0,0.0,0.0,0.0,0.0,0,2.79,1.0,1.0,225.18,5.0,7.0,1,1,7.0,2.3978952727983707,6.126148400394532,0.0,0,0.0
253,대조,0,3.0,62.0,1679.91,1195.0,7.0,14.33,0.0,0.0,1,3.98,2.0,2.0,1053.32,38.0,3.0,1,1,3.0,4.143134726391533,7.427090592415537,0.008530218880773375,0,0.0
261,대조,0,18.0,14.0,422.72,24340.0,5.0,8.29,0.0,0.0,0,0.0,0.0,0.0,0.0,0.0,18.0,0,0,18.0,2.70805020110221,6.0490728597282954,0.019611090083270246,0,0.0
262,대조,0,1.0,82.0,1231.59,537.0,3.0,7.5,0.0,0.0,0,10.01,5.0,4.0,1133.42,57.0,1.0,1,1,1.0,4.418840607796598,7.116872925563219,0.006089688938689012,0,0.0
263,대조,0,5.0,52.0,784.18,322.0,1.0,3.29,0.0,0.0,1,11.77,4.0,4.0,563.56,27.0,5.0,1,1,5.0,3.970291913552122,6.6659129908603845,0.004195465326838226,0,0.0
264,대조,0,2.0,8.0,362.26,170.0,0.0,0.0,0.0,0.0,1,7.79,3.0,3.0,220.53,8.0,2.0,1,1,2.0,2.1972245773362196,5.895118831321297,0.0,0,0.0
265,대조,0,21.0,21.0,118.46000000000001,47.0,1.0,4.5,0.0,0.0,0,1.5,1.0,1.0,377.56,7.0,21.0,1,1,21.0,3.091042453358316,4.78298158730416,0.03798750633125105,0,0.0
266,대조,0,5.0,12.0,520.73,232.0,5.0,10.16,0.0,0.0,0,5.49,2.0,2.0,223.38,4.0,5.0,1,1,5.0,2.5649493574615367,6.257150212687861,0.0195110709964857,0,0.0
273,대조,0,37.0,5.0,31.61,16.0,0.0,0.0,0.0,0.0,0,0.0,0.0,0.0,173.56,14.0,37.0,0,1,37.0,1.791759469228055,3.484618989801228,0.0,0,0.0
275,대조,0,1.0,38.0,802.67,28859.0,2.0,5.87,0.0,0.0,0,11.99,4.0,4.0,594.27,31.0,1.0,1,1,1.0,3.6635616461296463,6.689188737161034,0.0073130925536023525,0,0.0
276,대조,0,5.0,5.0,133.32,77.0,1.0,1.19,0.0,0.0,1,2.38,2.0,2.0,695.7,22.0,5.0,1,1,5.0,1.791759469228055,4.900225012769285,0.008925892589258926,0,0.0
279,대조,0,6.0,3.0,129.3,62.0,2.0,4.79,0.0,0.0,0,2.55,2.0,1.0,326.48,10.0,6.0,1,1,6.0,1.3862943611198906,4.869839484130799,0.03704563031709203,0,0.0
280,대조,0,2.0,9.0,269.82,20380.0,0.0,0.0,0.0,0.0,0,0.0,0.0,0.0,286.19,10.0,2.0,0,1,2.0,2.302585092994046,5.601454393554678,0.0,0,0.0
282,대조,0,8.0,8.0,336.82,11158.0,1.0,1.49,0.0,0.0,1,6.33,3.0,3.0,419.08,10.0,8.0,1,1,8.0,2.1972245773362196,5.822513209252199,0.004423727807137344,0,0.0
283,대조,0,25.0,10.0,551.78,216.0,2.0,4.18,0.0,0.0,1,4.46,2.0,2.0,263.02,6.0,25.0,1,1,25.0,2.3978952727983707,6.314960092348896,0.007575482982348037,0,0.0
289,대조,0,1.0,19.0,705.85,64975.0,3.0,8.370000000000001,0.0,0.0,1,16.84,6.0,6.0,874.19,33.0,1.0,1,1,1.0,2.995732273553991,6.560818479313042,0.011858043493660127,0,0.0
290,대조,0,3.0,9.0,185.96,113.0,2.0,5.58,0.0,0.0,1,3.3899999999999997,2.0,2.0,678.37,32.0,3.0,1,1,3.0,2.302585092994046,5.230894690230603,0.0300064530006453,0,0.0
291,대조,0,,0.0,0.0,0.0,0.0,0.0,0.0,0.0,0,19.77,3.0,3.0,181.04,3.0,90.0,1,1,90.0,0.0,0.0,0.0,0,0.0
293,대조,0,2.0,19.0,454.05,192.0,0.0,0.0,0.0,0.0,0,15.25,7.0,5.0,559.16,10.0,2.0,1,1,2.0,2.995732273553991,6.120407303023365,0.0,0,0.0
297,대조,0,5.0,24.0,338.32,164.0,3.0,8.97,0.0,0.0,0,0.0,0.0,0.0,359.06,13.0,5.0,0,1,5.0,3.2188758248682006,5.826943614939534,0.026513360132419013,0,0.0
301,대조,0,31.0,5.0,581.53,218.0,2.0,5.0,0.0,0.0,1,5.98,2.0,2.0,147.55,4.0,31.0,1,1,31.0,1.791759469228055,6.3673806862595885,0.008598008701184805,0,0.0
302,대조,0,14.0,13.0,303.66,138.0,6.0,38.93,0.0,0.0,1,4.79,3.0,2.0,341.26,6.0,14.0,1,1,14.0,2.6390573296152584,5.719196400708555,0.12820259500757425,0,0.0
303,대조,0,3.0,25.0,466.59000000000003,17829.0,0.0,0.0,0.0,0.0,0,0.0,0.0,0.0,349.72,19.0,3.0,0,1,3.0,3.258096538021482,6.147591843569405,0.0,0,0.0
306,대조,0,4.0,21.0,777.09,15558.0,3.0,5.06,0.0,0.0,1,0.0,0.0,0.0,262.15,4.0,4.0,0,1,4.0,3.091042453358316,6.656842198721767,0.00651147228763721,0,0.0
308,대조,0,4.0,8.0,291.62,87.0,4.0,11.260000000000002,0.0,0.0,0,0.0,0.0,0.0,26.96,2.0,4.0,0,1,4.0,2.1972245773362196,5.6788748389500165,0.03861189218846445,0,0.0
312,대조,0,14.0,7.0,360.82,157.0,5.0,14.75,0.0,0.0,0,5.28,2.0,2.0,176.94,3.0,14.0,1,1,14.0,2.0794415416798357,5.891146850593115,0.04087910869685716,0,0.0
314,대조,0,34.0,1.0,111.11,52.0,2.0,5.28,0.0,0.0,1,3.99,1.0,1.0,91.09,3.0,34.0,1,1,34.0,0.6931471805599453,4.719480532165502,0.04752047520475205,0,0.0
317,대조,0,18.0,6.0,517.96,199.0,2.0,13.93,0.0,0.0,1,11.04,7.0,3.0,779.72,9.0,18.0,1,1,18.0,1.9459101490553132,6.2518268089048,0.026893968646227506,0,0.0
318,대조,0,3.0,14.0,160.59,2085.0,1.0,1.99,0.0,0.0,0,0.0,0.0,0.0,31.11,5.0,3.0,0,1,3.0,2.70805020110221,5.085062262984157,0.012391805218257675,0,0.0
321,대조,0,3.0,14.0,829.89,320.0,1.0,2.5,0.0,0.0,1,4.1899999999999995,2.0,2.0,536.41,11.0,3.0,1,1,3.0,2.70805020110221,6.722497415455896,0.003012447432792298,0,0.0
322,대조,0,8.0,20.0,780.8,328.0,3.0,8.780000000000001,0.0,0.0,0,2.79,1.0,1.0,421.26,11.0,8.0,1,1,8.0,3.044522437723423,6.661598953358855,0.01124487704918033,0,0.0
328,대조,0,4.0,41.0,2364.33,68209.0,7.0,26.93,0.0,0.0,0,25.12,8.0,6.0,1726.3500000000001,25.0,4.0,1,1,4.0,3.7376696182833684,7.768672826075668,0.0113901189766234,0,0.0
329,대조,0,1.0,21.0,323.02,167.0,2.0,4.98,0.0,0.0,1,0.0,0.0,0.0,303.56,17.0,1.0,0,1,1.0,3.091042453358316,5.780805242282272,0.01541700204321714,0,0.0
330,대조,0,5.0,11.0,15.41,1016.0,0.0,0.0,0.0,0.0,0,0.0,0.0,0.0,52.04,12.0,5.0,0,1,5.0,2.4849066497880004,2.7978909051019993,0.0,0,0.0
331,대조,0,8.0,11.0,194.99,89.0,2.0,3.96,0.0,0.0,0,7.49,3.0,3.0,230.88,7.0,8.0,1,1,8.0,2.4849066497880004,5.278063637520769,0.02030873378121955,0,0.0
333,대조,0,4.0,11.0,284.67,178.0,1.0,1.99,0.0,0.0,0,0.0,0.0,0.0,228.73,3.0,4.0,0,1,4.0,2.4849066497880004,5.654837298473027,0.006990550461938384,0,0.0
335,대조,0,1.0,14.0,182.55,100.0,1.0,4.99,0.0,0.0,0,3.3200000000000003,2.0,2.0,349.47,18.0,1.0,1,1,1.0,2.70805020110221,5.212487109942844,0.027334976718707202,0,0.0
336,대조,0,9.0,14.0,204.21,101.0,0.0,0.0,0.0,0.0,0,2.0,1.0,1.0,298.87,13.0,9.0,1,1,9.0,2.70805020110221,5.324033845052673,0.0,0,0.0
337,대조,0,9.0,12.0,194.86,30799.0,0.0,0.0,0.0,0.0,0,0.0,0.0,0.0,217.89000000000001,12.0,9.0,0,1,9.0,2.5649493574615367,5.277400118292649,0.0,0,0.0
338,대조,0,3.0,14.0,296.58,181.0,0.0,0.0,0.0,0.0,0,0.0,0.0,0.0,211.7,12.0,3.0,0,1,3.0,2.70805020110221,5.695683096399551,0.0,0,0.0
339,대조,0,4.0,8.0,193.95,146.0,1.0,0.6,0.0,0.0,0,0.0,0.0,0.0,218.28,9.0,4.0,0,1,4.0,2.1972245773362196,5.272743115428606,0.0030935808197989174,0,0.0
342,대조,0,2.0,8.0,498.95,237.0,2.0,4.17,0.0,0.0,0,2.5,1.0,1.0,386.78000000000003,5.0,2.0,1,1,2.0,2.1972245773362196,6.214508093421858,0.00835755085679928,0,0.0
343,대조,0,2.0,9.0,128.47,57.0,3.0,6.29,0.0,0.0,0,7.88,3.0,3.0,183.68,8.0,2.0,1,1,2.0,2.302585092994046,4.863449194070556,0.04896084689032459,0,0.0
345,대조,0,14.0,17.0,372.07,241.0,7.0,13.14,0.0,0.0,0,5.0,4.0,1.0,288.98,13.0,14.0,1,1,14.0,2.8903717578961645,5.921766069596783,0.03531593517348886,0,0.0
346,대조,0,1.0,17.0,376.98,151.0,0.0,0.0,0.0,0.0,1,0.0,0.0,0.0,524.19,14.0,1.0,0,1,1.0,2.8903717578961645,5.934841284166891,0.0,0,0.0
348,대조,0,44.0,4.0,73.91,40.0,0.0,0.0,0.0,0.0,0,0.0,0.0,0.0,77.25,5.0,44.0,0,1,44.0,1.6094379124341003,4.316287392959792,0.0,0,0.0
351,대조,0,1.0,48.0,1061.69,24887.0,2.0,7.25,0.0,0.0,1,0.0,0.0,0.0,947.07,36.0,1.0,0,1,1.0,3.8918202981106265,6.968558708340963,0.0068287353182190655,0,0.0
353,대조,0,10.0,25.0,523.33,175.0,3.0,10.08,0.0,0.0,1,7.58,2.0,1.0,429.66,16.0,10.0,1,1,10.0,3.258096538021482,6.262121257090876,0.01926126918005847,0,0.0
354,대조,0,6.0,29.0,1416.01,640.0,5.0,10.98,0.0,0.0,1,6.98,3.0,2.0,859.36,16.0,6.0,1,1,6.0,3.4011973816621555,7.256304296828799,0.007754182526959556,0,0.0
356,대조,0,7.0,10.0,132.62,55.0,2.0,9.99,0.0,0.0,0,1.25,1.0,1.0,283.61,18.0,7.0,1,1,7.0,2.3978952727983707,4.894999950497331,0.07532800482581813,0,0.0
358,대조,0,1.0,47.0,1345.46,494.0,6.0,18.630000000000003,0.0,0.0,1,46.84,14.0,10.0,1834.49,34.0,1.0,1,1,1.0,3.871201010907891,7.20523420516354,0.013846565486896676,0,0.0
362,대조,0,5.0,11.0,336.94,149.0,1.0,2.5,0.0,0.0,1,7.15,3.0,3.0,253.33,8.0,5.0,1,1,5.0,2.4849066497880004,5.8228683649325035,0.007419718644269009,0,0.0
369,대조,0,1.0,7.0,91.65,2261.0,0.0,0.0,0.0,0.0,0,0.0,0.0,0.0,24.87,3.0,1.0,0,1,1.0,2.0794415416798357,4.528828952731369,0.0,0,0.0
370,대조,0,67.0,10.0,298.23,46749.0,1.0,2.88,0.0,0.0,1,0.0,0.0,0.0,0.0,0.0,67.0,0,0,67.0,2.3978952727983707,5.701212508453564,0.009656976159340106,0,0.0
371,대조,0,2.0,17.0,1993.3600000000001,957.0,10.0,27.810000000000002,0.0,0.0,1,8.48,3.0,3.0,1171.64,14.0,2.0,1,1,2.0,2.8903717578961645,7.598078475850981,0.01395131837701168,0,0.0
376,대조,0,2.0,74.0,727.41,424.0,2.0,3.17,0.0,0.0,0,10.99,4.0,4.0,482.4,47.0,2.0,1,1,2.0,4.31748811353631,6.590864076479698,0.004357927441195474,0,0.0
377,대조,0,3.0,18.0,490.61,239.0,1.0,2.99,0.0,0.0,1,2.99,1.0,1.0,287.13,17.0,3.0,1,1,3.0,2.9444389791664403,6.197685719226242,0.006094453843174823,0,0.0
380,대조,0,4.0,17.0,1080.83,598.0,15.0,35.81,0.0,0.0,0,15.47,6.0,6.0,884.49,15.0,4.0,1,1,4.0,2.8903717578961645,6.986409330611328,0.03313194489420168,0,0.0
383,대조,0,1.0,24.0,936.08,32017.0,9.0,23.380000000000003,0.0,0.0,1,30.43,12.0,8.0,538.63,10.0,1.0,1,1,1.0,3.2188758248682006,6.842768657462584,0.024976497735236306,0,0.0
386,대조,0,3.0,45.0,1110.7,53684.0,4.0,8.17,0.0,0.0,1,7.7,4.0,4.0,364.33,21.0,3.0,1,1,3.0,3.828641396489095,7.0136456542395695,0.007355721616998289,0,0.0
387,대조,0,1.0,24.0,1064.3700000000001,352.0,3.0,8.379999999999999,0.0,0.0,1,1.89,1.0,1.0,800.86,26.0,1.0,1,1,1.0,3.2188758248682006,6.971077435648297,0.007873201988030477,0,0.0
389,대조,0,2.0,43.0,2838.25,37351.0,15.0,58.86,0.0,0.0,1,11.57,6.0,5.0,1355.6,23.0,2.0,1,1,2.0,3.784189633918261,7.951295211771756,0.02073813089051352,0,0.0
390,대조,0,1.0,19.0,313.37,11556.0,0.0,0.0,0.0,0.0,1,7.0600000000000005,3.0,3.0,191.24,11.0,1.0,1,1,1.0,2.995732273553991,5.75057063615496,0.0,0,0.0
391,대조,0,35.0,1.0,12.760000000000002,5.0,0.0,0.0,0.0,0.0,1,0.0,0.0,0.0,0.0,0.0,35.0,0,0,35.0,0.6931471805599453,2.6217658325051976,0.0,0,0.0
392,대조,0,1.0,14.0,1360.64,420.0,7.0,21.53,0.0,0.0,1,31.23,11.0,11.0,1136.83,11.0,1.0,1,1,1.0,2.70805020110221,7.216445134590899,0.015823436030103482,0,0.0
393,대조,0,4.0,12.0,257.5,137.0,4.0,7.88,0.0,0.0,0,4.49,2.0,2.0,324.44,19.0,4.0,1,1,4.0,2.5649493574615367,5.554895693948484,0.030601941747572817,0,0.0
394,대조,0,25.0,4.0,79.39,28.0,0.0,0.0,0.0,0.0,0,8.67,3.0,3.0,252.17000000000002,5.0,25.0,1,1,25.0,1.6094379124341003,4.386889790339869,0.0,0,0.0
396,대조,0,7.0,13.0,149.51,41.0,0.0,0.0,0.0,0.0,0,0.0,0.0,0.0,219.6,18.0,7.0,0,1,7.0,2.6390573296152584,5.014029527164271,0.0,0,0.0
397,대조,0,1.0,38.0,962.46,65118.0,6.0,12.61,0.0,0.0,0,12.11,6.0,6.0,690.51,28.0,1.0,1,1,1.0,3.6635616461296463,6.870530971683866,0.013101843193483365,0,0.0
398,대조,0,20.0,10.0,330.83,1279.0,3.0,3.67,0.0,0.0,0,0.0,0.0,0.0,178.92000000000002,9.0,20.0,0,1,20.0,2.3978952727983707,5.804622789582273,0.011093310763836411,0,0.0
400,대조,0,1.0,53.0,2979.73,148175.0,6.0,19.66,0.0,0.0,1,11.47,5.0,5.0,1816.0,31.0,1.0,1,1,1.0,3.9889840465642745,7.999923515943023,0.006597913233749367,0,0.0
402,대조,0,32.0,5.0,71.42,8351.0,0.0,0.0,0.0,0.0,0,3.0,1.0,1.0,514.67,12.0,32.0,1,1,32.0,1.791759469228055,4.282482504337495,0.0,0,0.0
408,대조,0,4.0,7.0,265.51,73.0,0.0,0.0,0.0,0.0,0,2.29,1.0,1.0,259.31,4.0,4.0,1,1,4.0,2.0794415416798357,5.58541176635407,0.0,0,0.0
410,대조,0,1.0,4.0,53.1,36.0,0.0,0.0,0.0,0.0,1,0.0,0.0,0.0,152.56,18.0,1.0,0,1,1.0,1.6094379124341003,3.9908341858524357,0.0,0,0.0
411,대조,0,1.0,34.0,1033.52,77172.0,1.0,2.69,0.0,0.0,1,0.0,0.0,0.0,322.13,8.0,1.0,0,1,1.0,3.5553480614894135,6.941692830009834,0.0026027556312408083,0,0.0
412,대조,0,13.0,12.0,264.66,147.0,0.0,0.0,0.0,0.0,1,6.26,3.0,3.0,169.51,8.0,13.0,1,1,13.0,2.5649493574615367,5.582217295704357,0.0,0,0.0
414,대조,0,1.0,14.0,278.85,131.0,9.0,26.34,0.0,0.0,0,4.99,2.0,2.0,296.43,19.0,1.0,1,1,1.0,2.70805020110221,5.634253745337369,0.09445938676707907,0,0.0
418,대조,0,2.0,54.0,553.38,50739.0,1.0,0.0,0.0,0.0,1,0.0,0.0,0.0,465.68,25.0,2.0,0,1,2.0,4.007333185232471,6.317850372188898,0.0,0,0.0
419,대조,0,4.0,3.0,122.59,38.0,1.0,4.59,0.0,0.0,0,0.0,0.0,0.0,192.27,5.0,4.0,0,1,4.0,1.3862943611198906,4.8169696356016445,0.03744187943551676,0,0.0
421,대조,0,5.0,34.0,841.5,94564.0,5.0,13.29,0.0,0.0,0,35.25,19.0,12.0,935.37,29.0,5.0,1,1,5.0,3.5553480614894135,6.736373662226517,0.015793226381461675,0,0.0
426,대조,0,1.0,36.0,1161.13,128352.0,9.0,21.69,0.0,0.0,1,24.12,12.0,8.0,782.62,22.0,1.0,1,1,1.0,3.6109179126442243,7.058009807229927,0.018680078888668798,0,0.0
428,대조,0,2.0,11.0,403.21,268.0,2.0,3.2800000000000002,0.0,0.0,1,4.0,2.0,1.0,427.59,17.0,2.0,1,1,2.0,2.4849066497880004,6.001934544891096,0.008134718880980135,0,0.0
434,대조,0,3.0,17.0,557.91,3706.0,12.0,28.73,0.0,0.0,1,5.37,3.0,3.0,422.5,11.0,3.0,1,1,3.0,2.8903717578961645,6.325988458404011,0.0514957609650302,0,0.0
436,대조,0,3.0,6.0,393.78000000000003,168.0,1.0,1.5,0.0,0.0,0,0.0,0.0,0.0,92.37,2.0,3.0,0,1,3.0,1.9459101490553132,5.978328647714841,0.0038092335822032604,0,0.0
438,대조,0,13.0,2.0,29.82,10.0,0.0,0.0,0.0,0.0,1,0.0,0.0,0.0,6.99,1.0,13.0,0,1,13.0,1.0986122886681098,3.42816382989197,0.0,0,0.0
441,대조,0,2.0,11.0,424.36,217.0,0.0,0.0,0.0,0.0,1,0.0,0.0,0.0,257.38,9.0,2.0,0,1,2.0,2.4849066497880004,6.052935869196083,0.0,0,0.0
442,대조,0,2.0,7.0,248.17000000000002,145.0,3.0,4.77,0.0,0.0,1,4.0,2.0,2.0,192.71,4.0,2.0,1,1,2.0,2.0794415416798357,5.51813539443367,0.019220695490994075,0,0.0
443,대조,0,3.0,15.0,150.41,78.0,0.0,0.0,0.0,0.0,1,0.0,0.0,0.0,371.59,15.0,3.0,0,1,3.0,2.772588722239781,5.019991389020281,0.0,0,0.0
445,대조,0,7.0,40.0,469.04,182.0,5.0,11.64,0.0,0.0,0,0.0,0.0,0.0,240.56,19.0,7.0,0,1,7.0,3.713572066704308,6.15281779746574,0.02481664676786628,0,0.0
450,대조,0,13.0,9.0,286.05,149.0,2.0,7.59,0.0,0.0,0,1.34,1.0,1.0,181.44,9.0,13.0,1,1,13.0,2.302585092994046,5.659656416613646,0.026533822758259044,0,0.0
451,대조,0,6.0,13.0,231.55,106.0,0.0,0.0,0.0,0.0,1,0.0,0.0,0.0,113.01,8.0,6.0,0,1,6.0,2.6390573296152584,5.449105255670106,0.0,0,0.0
458,대조,0,1.0,21.0,242.5,156.0,0.0,0.0,0.0,0.0,1,5.97,3.0,2.0,111.5,6.0,1.0,1,1,1.0,3.091042453358316,5.495116942522644,0.0,0,0.0
459,대조,0,2.0,9.0,108.81,57.0,0.0,0.0,0.0,0.0,0,0.0,0.0,0.0,185.1,9.0,2.0,0,1,2.0,2.302585092994046,4.698751599609622,0.0,0,0.0
460,대조,0,3.0,15.0,97.79,9665.0,0.0,0.0,0.0,0.0,1,0.0,0.0,0.0,143.85,21.0,3.0,0,1,3.0,2.772588722239781,4.592996385056383,0.0,0,0.0
462,대조,0,7.0,9.0,134.91,65.0,0.0,0.0,0.0,0.0,1,0.0,0.0,0.0,54.19,3.0,7.0,0,1,7.0,2.302585092994046,4.911992901967256,0.0,0,0.0
463,대조,0,1.0,74.0,935.54,119855.0,1.0,1.99,0.0,0.0,0,0.0,0.0,0.0,330.68,45.0,1.0,0,1,1.0,4.31748811353631,6.842192233198377,0.0021271137524851956,0,0.0
467,대조,0,12.0,4.0,141.16,73.0,0.0,0.0,0.0,0.0,0,0.0,0.0,0.0,368.43,11.0,12.0,0,1,12.0,1.6094379124341003,4.956953183846396,0.0,0,0.0
468,대조,0,4.0,23.0,334.03000000000003,139.0,0.0,0.0,0.0,0.0,0,0.0,0.0,0.0,826.79,40.0,4.0,0,1,4.0,3.1780538303479458,5.8142200800543105,0.0,0,0.0
470,대조,0,3.0,19.0,334.75,124.0,0.0,0.0,0.0,0.0,0,0.0,0.0,0.0,257.36,14.0,3.0,0,1,3.0,2.995732273553991,5.816366835403347,0.0,0,0.0
472,대조,0,16.0,17.0,1589.08,521.0,13.0,48.269999999999996,0.0,0.0,0,29.16,13.0,10.0,986.34,17.0,16.0,1,1,16.0,2.8903717578961645,7.371539608413956,0.030376066654919827,0,0.0
473,대조,0,8.0,7.0,356.86,28349.0,0.0,0.0,0.0,0.0,1,0.0,0.0,0.0,390.55,7.0,8.0,0,1,8.0,2.0794415416798357,5.880141848463716,0.0,0,0.0
475,대조,0,2.0,3.0,414.63,202.0,3.0,5.0,0.0,0.0,0,0.0,0.0,0.0,227.22,5.0,2.0,0,1,2.0,1.3862943611198906,6.029795441412946,0.012058944118852954,0,0.0
476,대조,0,41.0,3.0,68.49,36.0,1.0,3.0,0.0,0.0,0,0.0,0.0,0.0,0.0,0.0,41.0,0,0,41.0,1.3862943611198906,4.241182857326236,0.043802014892685065,0,0.0
479,대조,0,2.0,57.0,461.31,227.0,0.0,0.0,0.0,0.0,0,2.69,1.0,1.0,213.71,19.0,2.0,1,1,2.0,4.060443010546419,6.136235661735791,0.0,0,0.0
481,대조,0,22.0,14.0,573.18,301.0,5.0,9.55,0.0,0.0,0,0.0,0.0,0.0,143.64000000000001,3.0,22.0,0,1,22.0,2.70805020110221,6.352942936011034,0.01666143270874769,0,0.0
482,대조,0,35.0,3.0,176.55,71.0,0.0,0.0,0.0,0.0,0,1.99,1.0,1.0,408.85,7.0,35.0,1,1,35.0,1.3862943611198906,5.179252259389097,0.0,0,0.0
483,대조,0,13.0,8.0,202.97,83.0,0.0,0.0,0.0,0.0,1,0.0,0.0,0.0,135.96,5.0,13.0,0,1,13.0,2.1972245773362196,5.317972924206478,0.0,0,0.0
484,대조,0,6.0,24.0,481.05,8318.0,0.0,0.0,0.0,0.0,1,0.0,0.0,0.0,157.28,10.0,6.0,0,1,6.0,3.2188758248682006,6.17804784311039,0.0,0,0.0
485,대조,0,2.0,37.0,1172.51,197621.0,5.0,14.86,0.0,0.0,1,2.0,1.0,1.0,610.73,19.0,2.0,1,1,2.0,3.6375861597263857,7.0677545367716,0.01267366589623969,0,0.0
489,대조,0,7.0,13.0,598.16,24339.0,2.0,3.54,0.0,0.0,1,0.0,0.0,0.0,706.94,18.0,7.0,0,1,7.0,2.6390573296152584,6.395528674300518,0.005918148990236727,0,0.0
491,대조,0,8.0,16.0,535.48,47182.0,0.0,0.0,0.0,0.0,1,0.0,0.0,0.0,451.66,9.0,8.0,0,1,8.0,2.833213344056216,6.285029282717918,0.0,0,0.0
492,대조,0,4.0,18.0,1262.6200000000001,56666.0,5.0,9.67,0.0,0.0,1,25.03,11.0,7.0,1052.76,17.0,4.0,1,1,4.0,2.9444389791664403,7.141735896596278,0.007658677987042815,0,0.0
493,대조,0,2.0,15.0,636.77,8159.0,5.0,12.91,0.0,0.0,1,13.15,5.0,3.0,552.37,17.0,2.0,1,1,2.0,2.772588722239781,6.45797771678108,0.020274196334626318,0,0.0
498,대조,0,,0.0,0.0,0.0,0.0,0.0,0.0,0.0,0,0.0,0.0,0.0,0.0,0.0,90.0,0,0,90.0,0.0,0.0,0.0,0,0.0
502,대조,0,1.0,16.0,884.92,464.0,6.0,22.87,0.0,0.0,0,5.0,2.0,1.0,99.53,2.0,1.0,1,1,1.0,2.833213344056216,6.786626653074657,0.02584414410342178,0,0.0
503,대조,0,3.0,18.0,570.08,985.0,2.0,7.0,0.0,0.0,0,3.48,2.0,2.0,470.68,12.0,3.0,1,1,3.0,2.9444389791664403,6.34752930492102,0.012278978388998035,0,0.0
507,대조,0,5.0,19.0,187.84,4849.0,0.0,0.0,0.0,0.0,0,0.0,0.0,0.0,188.77,6.0,5.0,0,1,5.0,2.995732273553991,5.240900095678086,0.0,0,0.0
508,대조,0,13.0,10.0,202.72,112.0,0.0,0.0,0.0,0.0,0,0.0,0.0,0.0,232.7,10.0,13.0,0,1,13.0,2.3978952727983707,5.316746502016404,0.0,0,0.0
510,대조,0,1.0,64.0,1379.57,101534.0,7.0,14.24,0.0,0.0,1,13.44,6.0,6.0,721.62,35.0,1.0,1,1,1.0,4.174387269895637,7.230251736350535,0.010322056872793698,0,0.0
513,대조,0,5.0,20.0,1498.45,610.0,3.0,13.63,0.0,0.0,1,10.69,5.0,3.0,1055.58,14.0,5.0,1,1,5.0,3.044522437723423,7.312853653184976,0.009096065934799292,0,0.0
514,대조,0,11.0,9.0,292.77,187.0,1.0,2.0,0.0,0.0,0,0.0,0.0,0.0,218.43,4.0,11.0,0,1,11.0,2.302585092994046,5.682797148247066,0.006831301021279503,0,0.0
515,대조,0,15.0,1.0,116.85000000000001,76.0,1.0,1.49,0.0,0.0,0,0.0,0.0,0.0,129.67,7.0,15.0,0,1,15.0,0.6931471805599453,4.76941262938214,0.012751390671801454,0,0.0
517,대조,0,3.0,15.0,368.8,22326.0,1.0,1.67,0.0,0.0,0,8.280000000000001,2.0,2.0,584.65,10.0,3.0,1,1,3.0,2.772588722239781,5.912962318953024,0.0045281995661605205,0,0.0
518,대조,0,3.0,11.0,230.04,107.0,3.0,6.98,0.0,0.0,1,7.08,2.0,2.0,281.1,13.0,3.0,1,1,3.0,2.4849066497880004,5.442590855704461,0.030342549121891847,0,0.0
520,대조,0,7.0,20.0,385.91,260.0,1.0,3.0,0.0,0.0,0,1.5,1.0,1.0,250.03,10.0,7.0,1,1,7.0,3.044522437723423,5.958192107844409,0.007773833277188982,0,0.0
523,대조,0,60.0,20.0,304.9,42425.0,0.0,0.0,0.0,0.0,1,0.0,0.0,0.0,17.21,2.0,60.0,0,1,60.0,3.044522437723423,5.7232582511568575,0.0,0,0.0
524,대조,0,2.0,20.0,793.26,365.0,3.0,5.88,0.0,0.0,0,4.0,2.0,2.0,216.16,9.0,2.0,1,1,2.0,3.044522437723423,6.677410863564543,0.007412449890325997,0,0.0
527,대조,0,1.0,21.0,483.6,207.0,7.0,21.62,0.0,0.0,1,1.99,1.0,1.0,374.62,11.0,1.0,1,1,1.0,3.091042453358316,6.183323808382426,0.04470636889991729,0,0.0
529,대조,0,13.0,24.0,646.97,335.0,10.0,36.0,0.0,0.0,0,2.79,1.0,1.0,37.09,1.0,13.0,1,1,13.0,3.2188758248682006,6.473844398984272,0.055644002040280076,0,0.0
530,대조,0,1.0,7.0,210.77,74.0,0.0,0.0,0.0,0.0,0,2.69,1.0,1.0,160.7,7.0,1.0,1,1,1.0,2.0794415416798357,5.355500780075491,0.0,0,0.0
533,대조,0,1.0,8.0,402.99,185.0,0.0,0.0,0.0,0.0,0,8.99,4.0,4.0,563.39,10.0,1.0,1,1,1.0,2.1972245773362196,6.001390125179555,0.0,0,0.0
534,대조,0,2.0,62.0,154.96,5510.0,11.0,11.89,0.0,0.0,1,7.37,3.0,3.0,220.32,64.0,2.0,1,1,2.0,4.143134726391533,5.049599564114397,0.07672947857511615,0,0.0
536,대조,0,9.0,16.0,327.11,208.0,9.0,19.96,0.0,0.0,0,5.0,2.0,1.0,197.19,13.0,9.0,1,1,9.0,2.833213344056216,5.793348918015244,0.061019229005533304,0,0.0
537,대조,0,7.0,12.0,252.5,97.0,1.0,3.96,0.0,0.0,0,3.96,2.0,1.0,385.93,6.0,7.0,1,1,7.0,2.5649493574615367,5.535363823031238,0.015683168316831683,0,0.0
538,대조,0,14.0,6.0,300.74,149.0,2.0,5.5,0.0,0.0,0,7.98,2.0,1.0,559.9,8.0,14.0,1,1,14.0,1.9459101490553132,5.709565719411929,0.018288222384784197,0,0.0
540,대조,0,1.0,7.0,140.47,53.0,3.0,8.27,0.0,0.0,1,8.97,3.0,3.0,243.91,6.0,1.0,1,1,1.0,2.0794415416798357,4.952087680470843,0.05887378087847939,0,0.0
541,대조,0,7.0,2.0,40.96,14010.0,0.0,0.0,0.0,0.0,0,0.0,0.0,0.0,51.660000000000004,2.0,7.0,0,1,7.0,1.0986122886681098,3.7367167835280966,0.0,0,0.0
542,대조,0,4.0,19.0,210.81,22087.0,0.0,0.0,0.0,0.0,1,0.0,0.0,0.0,204.84,14.0,4.0,0,1,4.0,2.995732273553991,5.355689646405907,0.0,0,0.0
543,대조,0,3.0,14.0,531.37,273.0,0.0,0.0,0.0,0.0,1,0.0,0.0,0.0,235.76,7.0,3.0,0,1,3.0,2.70805020110221,6.277338736323246,0.0,0,0.0
544,대조,0,6.0,13.0,92.12,53.0,0.0,0.0,0.0,0.0,0,0.0,0.0,0.0,594.52,47.0,6.0,0,1,6.0,2.6390573296152584,4.533888983983128,0.0,0,0.0
545,대조,0,11.0,8.0,412.67,249.0,1.0,1.79,0.0,0.0,0,0.0,0.0,0.0,313.04,6.0,11.0,0,1,11.0,2.1972245773362196,6.025068554521759,0.004337606319819711,0,0.0
546,대조,0,5.0,31.0,868.68,89703.0,1.0,3.07,0.0,0.0,1,0.0,0.0,0.0,403.48,18.0,5.0,0,1,5.0,3.4657359027997265,6.768125327895745,0.0035340977114702767,0,0.0
548,대조,0,2.0,17.0,752.04,334.0,1.0,2.0,0.0,0.0,1,0.0,0.0,0.0,648.68,10.0,2.0,0,1,2.0,2.8903717578961645,6.624118347238965,0.0026594330088825064,0,0.0
549,대조,0,65.0,18.0,496.14,225.0,0.0,0.0,0.0,0.0,0,0.0,0.0,0.0,0.0,0.0,65.0,0,0,65.0,2.9444389791664403,6.208871676570255,0.0,0,0.0
553,대조,0,3.0,37.0,790.45,340.0,1.0,1.5,0.0,0.0,1,21.28,9.0,7.0,668.78,30.0,3.0,1,1,3.0,3.6375861597263857,6.673866706131747,0.0018976532354987663,0,0.0
558,대조,0,3.0,15.0,494.15,191.0,2.0,4.58,0.0,0.0,0,8.06,4.0,4.0,532.98,14.0,3.0,1,1,3.0,2.772588722239781,6.204860746967312,0.009268440756855206,0,0.0
563,대조,0,16.0,12.0,507.29,26356.0,6.0,13.25,0.0,0.0,0,0.0,0.0,0.0,153.5,7.0,16.0,0,1,16.0,2.5649493574615367,6.231052150838124,0.0261191823217489,0,0.0
566,대조,0,8.0,23.0,142.21,15227.0,1.0,5.0,0.0,0.0,0,0.0,0.0,0.0,72.38,7.0,8.0,0,1,8.0,3.1780538303479458,4.9643120844906115,0.03515927149989452,0,0.0
568,대조,0,1.0,14.0,851.26,470.0,6.0,9.98,0.0,0.0,0,0.0,0.0,0.0,200.94,5.0,1.0,0,1,1.0,2.70805020110221,6.747891644595405,0.011723797664638302,0,0.0
570,대조,0,9.0,1.0,36.46,10.0,0.0,0.0,0.0,0.0,0,0.0,0.0,0.0,226.57,4.0,9.0,0,1,9.0,0.6931471805599453,3.6232736970159425,0.0,0,0.0
573,대조,0,3.0,12.0,549.32,195.0,1.0,2.5,0.0,0.0,0,2.69,1.0,1.0,325.99,13.0,3.0,1,1,3.0,2.5649493574615367,6.310499927217759,0.004551081336925653,0,0.0
574,대조,0,2.0,11.0,694.95,34025.0,2.0,5.76,0.0,0.0,1,3.0,2.0,2.0,532.45,10.0,2.0,1,1,2.0,2.4849066497880004,6.5452778186734095,0.008288366069501401,0,0.0
577,대조,0,16.0,8.0,582.55,213.0,7.0,17.01,0.0,0.0,0,13.57,4.0,4.0,596.13,4.0,16.0,1,1,16.0,2.1972245773362196,6.369130137858362,0.02919921036820874,0,0.0
578,대조,0,17.0,12.0,345.27,127.0,1.0,4.58,0.0,0.0,1,8.030000000000001,3.0,2.0,304.56,6.0,17.0,1,1,17.0,2.5649493574615367,5.847218817566255,0.013264981029339358,0,0.0
580,대조,0,3.0,11.0,142.51,45.0,1.0,1.77,0.0,0.0,0,0.0,0.0,0.0,133.33,8.0,3.0,0,1,3.0,2.4849066497880004,4.96640471918284,0.012420181039927024,0,0.0
581,대조,0,3.0,13.0,481.66,273.0,4.0,17.52,0.0,0.0,0,0.0,0.0,0.0,195.18,10.0,3.0,0,1,3.0,2.6390573296152584,6.179312472027467,0.03637420587136154,0,0.0
582,대조,0,1.0,26.0,871.17,12826.0,2.0,3.0,0.0,0.0,1,10.39,3.0,2.0,618.72,12.0,1.0,1,1,1.0,3.295836866004329,6.7709843590363334,0.003443644753607218,0,0.0
584,대조,0,3.0,18.0,450.91,70819.0,0.0,0.0,0.0,0.0,0,0.0,0.0,0.0,70.37,6.0,3.0,0,1,3.0,2.9444389791664403,6.113483044961951,0.0,0,0.0
586,대조,0,4.0,24.0,547.13,33654.0,4.0,11.66,0.0,0.0,1,14.469999999999999,6.0,4.0,540.03,17.0,4.0,1,1,4.0,3.2188758248682006,6.306512485091684,0.02131120574634913,0,0.0
588,대조,0,4.0,47.0,1884.53,100962.0,13.0,26.21,0.0,0.0,1,8.280000000000001,3.0,3.0,1296.47,38.0,4.0,1,1,4.0,3.871201010907891,7.5419642274708005,0.013907977055286996,0,0.0
591,대조,0,3.0,43.0,1969.42,723.0,9.0,27.7,0.0,0.0,0,23.58,10.0,9.0,1418.25,39.0,3.0,1,1,3.0,3.784189633918261,7.58600199697812,0.014065054686151253,0,0.0
594,대조,0,1.0,31.0,522.3,19809.0,4.0,6.9799999999999995,0.0,0.0,0,1.5,1.0,1.0,485.78000000000003,10.0,1.0,1,1,1.0,3.4657359027997265,6.260154913378162,0.013363967068734444,0,0.0
595,대조,0,2.0,24.0,402.92,174.0,0.0,0.0,0.0,0.0,1,10.29,3.0,3.0,257.31,17.0,2.0,1,1,2.0,3.2188758248682006,6.00121683855066,0.0,0,0.0
596,대조,0,6.0,23.0,536.72,197.0,0.0,0.0,0.0,0.0,1,0.0,0.0,0.0,212.54,13.0,6.0,0,1,6.0,3.1780538303479458,6.287337978586052,0.0,0,0.0
597,대조,0,9.0,22.0,677.88,341.0,1.0,1.98,0.0,0.0,1,14.64,6.0,5.0,344.79,9.0,9.0,1,1,9.0,3.1354942159291497,6.5204443814540145,0.0029208709506107276,0,0.0
600,대조,0,5.0,10.0,246.94,16207.0,1.0,4.0,0.0,0.0,0,0.0,0.0,0.0,515.26,15.0,5.0,0,1,5.0,2.3978952727983707,5.513186781410001,0.016198266785453958,0,0.0
604,대조,0,39.0,6.0,352.12,139.0,0.0,0.0,0.0,0.0,0,2.29,1.0,1.0,183.88,3.0,39.0,1,1,39.0,1.9459101490553132,5.8668079425084265,0.0,0,0.0
605,대조,0,3.0,14.0,482.59,271.0,0.0,0.0,0.0,0.0,1,10.98,4.0,4.0,826.16,19.0,3.0,1,1,3.0,2.70805020110221,6.181237440280355,0.0,0,0.0
606,대조,0,6.0,15.0,481.85,11279.0,5.0,20.34,0.0,0.0,1,2.59,1.0,1.0,206.73,4.0,6.0,1,1,6.0,2.772588722239781,6.179706046412927,0.04221230673446093,0,0.0
607,대조,0,1.0,73.0,954.16,75025.0,7.0,12.29,0.0,0.0,1,8.29,3.0,3.0,623.32,22.0,1.0,1,1,1.0,4.30406509320417,6.86187886571461,0.01288043933931416,0,0.0
608,대조,0,3.0,36.0,682.15,298.0,2.0,5.48,0.0,0.0,1,0.0,0.0,0.0,505.81,21.0,3.0,0,1,3.0,3.6109179126442243,6.526714454784496,0.008033423733782893,0,0.0
612,대조,0,3.0,19.0,324.19,176.0,2.0,5.29,0.0,0.0,0,1.49,1.0,1.0,229.94,6.0,3.0,1,1,3.0,2.995732273553991,5.7844096268933525,0.016317591535827757,0,0.0
614,대조,0,6.0,11.0,249.25,146.0,1.0,1.69,0.0,0.0,1,10.25,6.0,6.0,351.49,12.0,6.0,1,1,6.0,2.4849066497880004,5.52246041819533,0.006780341023069208,0,0.0
618,대조,0,6.0,96.0,704.49,58519.0,0.0,0.0,0.0,0.0,0,0.0,0.0,0.0,837.9,61.0,6.0,0,1,6.0,4.574710978503383,6.558892596847975,0.0,0,0.0
621,대조,0,8.0,14.0,259.04,85.0,0.0,0.0,0.0,0.0,1,0.0,0.0,0.0,267.81,11.0,8.0,0,1,8.0,2.70805020110221,5.560835465336268,0.0,0,0.0
623,대조,0,4.0,26.0,1154.85,21950.0,3.0,3.96,0.0,0.0,1,23.0,10.0,3.0,894.84,16.0,4.0,1,1,4.0,3.295836866004329,7.052591283027586,0.0034290167554227825,0,0.0
630,처치,1,1.0,35.0,1368.09,212992.0,9.0,27.18,0.0,0.0,1,32.99,11.0,8.0,309.04,11.0,1.0,1,1,1.0,3.58351893845611,7.22190156454467,0.019867114005657525,0,0.0
632,대조,0,3.0,29.0,910.85,52191.0,9.0,25.38,0.0,0.0,0,5.3,3.0,2.0,272.96,10.0,3.0,1,1,3.0,3.4011973816621555,6.815475502862841,0.02786408299939617,0,0.0
633,대조,0,4.0,25.0,842.1800000000001,44018.0,2.0,6.0,0.0,0.0,0,10.58,4.0,2.0,843.66,28.0,4.0,1,1,4.0,3.258096538021482,6.737180458340709,0.007124367712365527,0,0.0
634,대조,0,2.0,10.0,549.83,205.0,5.0,22.46,0.0,0.0,0,5.1899999999999995,2.0,2.0,284.4,8.0,2.0,1,1,2.0,2.3978952727983707,6.311426231602205,0.04084898968772166,0,0.0
635,대조,0,16.0,9.0,74.16,38.0,4.0,10.66,0.0,0.0,0,6.87,3.0,3.0,34.68,5.0,16.0,1,1,16.0,2.302585092994046,4.319619174545265,0.14374325782092773,0,0.0
636,대조,0,2.0,26.0,761.87,574.0,0.0,0.0,0.0,0.0,0,6.0,4.0,3.0,946.04,23.0,2.0,1,1,2.0,3.295836866004329,6.637087636689485,0.0,0,0.0
637,대조,0,13.0,7.0,162.34,89.0,1.0,4.0,0.0,0.0,0,18.25,12.0,4.0,447.07,13.0,13.0,1,1,13.0,2.0794415416798357,5.09583391793013,0.024639645189109275,0,0.0
638,대조,0,2.0,25.0,1242.39,81418.0,11.0,35.75,0.0,0.0,0,5.380000000000001,2.0,2.0,1060.26,23.0,2.0,1,1,2.0,3.258096538021482,7.125596799338686,0.028775183316027977,0,0.0
639,대조,0,,0.0,0.0,0.0,0.0,0.0,0.0,0.0,0,0.0,0.0,0.0,2.0,1.0,90.0,0,1,90.0,0.0,0.0,0.0,0,0.0
640,대조,0,7.0,23.0,486.92,39202.0,0.0,0.0,0.0,0.0,0,0.0,0.0,0.0,288.51,8.0,7.0,0,1,7.0,3.1780538303479458,6.190151457988201,0.0,0,0.0
644,대조,0,1.0,61.0,890.14,71691.0,3.0,7.859999999999999,0.0,0.0,1,3.0,1.0,1.0,413.85,20.0,1.0,1,1,1.0,4.127134385045092,6.792501541951476,0.008830071674118678,0,0.0
646,대조,0,6.0,9.0,216.07,36536.0,0.0,0.0,0.0,0.0,0,0.0,0.0,0.0,38.27,2.0,6.0,0,1,6.0,2.302585092994046,5.380219882167671,0.0,0,0.0
647,대조,0,7.0,16.0,716.96,63828.0,8.0,21.84,0.0,0.0,1,7.25,5.0,2.0,619.87,18.0,7.0,1,1,7.0,2.833213344056216,6.576413857189941,0.030461950457487168,0,0.0
653,대조,0,1.0,57.0,2279.73,256933.0,2.0,7.88,0.0,0.0,0,7.5,3.0,1.0,1305.22,34.0,1.0,1,1,1.0,4.060443010546419,7.7322508461418655,0.003456549679128669,0,0.0
656,대조,0,4.0,6.0,299.33,119.0,7.0,17.990000000000002,0.0,0.0,0,0.0,0.0,0.0,151.94,4.0,4.0,0,1,4.0,1.9459101490553132,5.704881870099502,0.06010089199211573,0,0.0
660,대조,0,2.0,22.0,1156.72,60099.0,12.0,44.510000000000005,0.0,0.0,1,19.95,9.0,8.0,656.21,14.0,2.0,1,1,2.0,3.1354942159291497,7.054207832695181,0.03847949374092261,0,0.0
661,대조,0,1.0,47.0,1168.28,347.0,1.0,1.5,0.0,0.0,1,2.29,1.0,1.0,1032.52,37.0,1.0,1,1,1.0,3.871201010907891,7.064143453749587,0.0012839387817988838,0,0.0
662,대조,0,13.0,2.0,28.450000000000003,9.0,0.0,0.0,0.0,0.0,0,0.0,0.0,0.0,23.98,1.0,13.0,0,1,13.0,1.0986122886681098,3.3826939100975957,0.0,0,0.0
663,대조,0,3.0,13.0,275.3,213.0,0.0,0.0,0.0,0.0,0,15.0,6.0,3.0,345.61,10.0,3.0,1,1,3.0,2.6390573296152584,5.621487231929371,0.0,0,0.0
671,대조,0,3.0,16.0,663.61,68537.0,0.0,0.0,0.0,0.0,1,0.0,0.0,0.0,355.43,10.0,3.0,0,1,3.0,2.833213344056216,6.499200402451892,0.0,0,0.0
672,대조,0,1.0,24.0,546.61,35077.0,1.0,1.19,0.0,0.0,1,0.0,0.0,0.0,339.94,10.0,1.0,0,1,1.0,3.2188758248682006,6.3055633547523025,0.0021770549386216863,0,0.0
675,대조,0,2.0,33.0,669.43,40167.0,1.0,2.88,0.0,0.0,1,2.84,2.0,2.0,422.78000000000003,17.0,2.0,1,1,2.0,3.5263605246161616,6.50791929756999,0.004302167515647641,0,0.0
676,대조,0,1.0,46.0,1349.44,735.0,2.0,17.98,0.0,0.0,0,1.99,1.0,1.0,995.42,44.0,1.0,1,1,1.0,3.8501476017100584,7.208185744256085,0.013324045529997629,0,0.0
679,대조,0,15.0,5.0,430.14,129.0,4.0,12.86,0.0,0.0,0,7.28,3.0,3.0,304.49,21.0,15.0,1,1,15.0,1.791759469228055,6.0664328633452875,0.02989724275817176,0,0.0
680,대조,0,3.0,16.0,592.51,305.0,3.0,4.5,0.0,0.0,1,4.1899999999999995,2.0,2.0,388.22,10.0,3.0,1,1,3.0,2.833213344056216,6.38605406310744,0.007594808526438373,0,0.0
684,대조,0,6.0,16.0,266.41,178.0,2.0,3.5,0.0,0.0,0,17.9,9.0,9.0,377.84000000000003,19.0,6.0,1,1,6.0,2.833213344056216,5.588783061126403,0.013137644983296422,0,0.0
685,대조,0,1.0,23.0,606.73,16867.0,0.0,0.0,0.0,0.0,1,0.0,0.0,0.0,286.83,10.0,1.0,0,1,1.0,3.1780538303479458,6.409730704386542,0.0,0,0.0
687,대조,0,28.0,5.0,186.57999999999998,94.0,0.0,0.0,0.0,0.0,0,5.0,3.0,2.0,241.75,5.0,28.0,1,1,28.0,1.791759469228055,5.234205421080793,0.0,0,0.0
688,대조,0,76.0,2.0,154.04,54.0,0.0,0.0,0.0,0.0,1,2.99,1.0,1.0,304.97,3.0,76.0,1,1,76.0,1.0986122886681098,5.043683148142456,0.0,0,0.0
690,대조,0,1.0,33.0,715.58,49122.0,2.0,5.76,0.0,0.0,1,3.49,1.0,1.0,543.11,30.0,1.0,1,1,1.0,3.5263605246161616,6.574489894908391,0.008049414460996673,0,0.0
692,대조,0,6.0,12.0,368.13,19816.0,0.0,0.0,0.0,0.0,1,0.0,0.0,0.0,333.16,12.0,6.0,0,1,6.0,2.5649493574615367,5.911148885519248,0.0,0,0.0
694,대조,0,2.0,51.0,537.0500000000001,238.0,0.0,0.0,0.0,0.0,0,0.0,0.0,0.0,68.81,7.0,2.0,0,1,2.0,3.9512437185814275,6.2879514926464015,0.0,0,0.0
695,대조,0,1.0,29.0,971.25,24432.0,5.0,20.36,0.0,0.0,1,2.98,2.0,2.0,840.62,22.0,1.0,1,1,1.0,3.4011973816621555,6.879612973035857,0.020962676962676962,0,0.0
696,대조,0,1.0,38.0,1475.57,75289.0,7.0,18.29,0.0,0.0,1,19.91,8.0,5.0,1315.08,28.0,1.0,1,1,1.0,3.6635616461296463,7.297477109474341,0.012395209986649227,0,0.0
697,대조,0,5.0,7.0,383.27,14688.0,4.0,10.07,0.0,0.0,0,0.0,0.0,0.0,73.42,4.0,5.0,0,1,5.0,2.0794415416798357,5.951345430511155,0.026273906123620426,0,0.0
699,대조,0,2.0,27.0,1367.86,112281.0,23.0,96.24,0.0,0.0,1,58.17,24.0,12.0,1015.39,13.0,2.0,1,1,2.0,3.332204510175204,7.221733555632497,0.070358077581039,0,0.0
700,대조,0,37.0,6.0,323.14,145.0,0.0,0.0,0.0,0.0,0,2.69,1.0,1.0,608.17,5.0,37.0,1,1,37.0,1.9459101490553132,5.781175521229973,0.0,0,0.0
702,대조,0,3.0,34.0,926.94,53446.0,1.0,5.0,0.0,0.0,0,14.15,5.0,5.0,746.55,31.0,3.0,1,1,3.0,3.5553480614894135,6.832967075523551,0.005394092390014456,0,0.0
703,대조,0,1.0,23.0,1380.15,109662.0,7.0,17.28,0.0,0.0,0,19.919999999999998,8.0,4.0,910.01,22.0,1.0,1,1,1.0,3.1780538303479458,7.230671764455142,0.012520378219758722,0,0.0
705,대조,0,7.0,7.0,117.29,45.0,0.0,0.0,0.0,0.0,0,1.77,1.0,1.0,129.09,6.0,7.0,1,1,7.0,2.0794415416798357,4.773139236557646,0.0,0,0.0
707,대조,0,1.0,76.0,2511.05,231423.0,8.0,16.94,0.0,0.0,1,18.78,8.0,8.0,2369.9,59.0,1.0,1,1,1.0,4.343805421853684,7.828854431848597,0.006746181876107604,0,0.0
709,대조,0,4.0,26.0,846.94,438.0,8.0,13.5,0.0,0.0,0,1.5,1.0,1.0,1212.19,24.0,4.0,1,1,4.0,3.295836866004329,6.742809878571689,0.015939735990743144,0,0.0
714,대조,0,3.0,31.0,464.07,234.0,5.0,14.0,0.0,0.0,1,12.0,8.0,5.0,303.56,24.0,3.0,1,1,3.0,3.4657359027997265,6.142187931892113,0.030167862606934298,0,0.0
715,대조,0,1.0,23.0,401.17,296.0,0.0,0.0,0.0,0.0,1,0.0,0.0,0.0,218.56,12.0,1.0,0,1,1.0,3.1780538303479458,5.996874884800257,0.0,0,0.0
716,대조,0,5.0,9.0,132.45,80.0,0.0,0.0,0.0,0.0,1,0.0,0.0,0.0,122.71,7.0,5.0,0,1,5.0,2.302585092994046,4.8937268758505335,0.0,0,0.0
720,대조,0,7.0,21.0,265.19,72.0,3.0,11.370000000000001,0.0,0.0,0,11.370000000000001,3.0,3.0,153.78,7.0,7.0,1,1,7.0,3.091042453358316,5.584210339515356,0.042874919868773335,0,0.0
722,대조,0,4.0,16.0,763.33,7855.0,1.0,2.88,0.0,0.0,1,3.84,2.0,2.0,408.8,11.0,4.0,1,1,4.0,2.833213344056216,6.638999633081288,0.003772942239922445,0,0.0
725,대조,0,5.0,19.0,544.87,412.0,3.0,7.5,0.0,0.0,1,0.0,0.0,0.0,379.83,11.0,5.0,0,1,5.0,2.995732273553991,6.302380852157639,0.01376475122506286,0,0.0
726,대조,0,9.0,6.0,170.52,83.0,3.0,8.07,0.0,0.0,0,0.0,0.0,0.0,25.16,2.0,9.0,0,1,9.0,1.9459101490553132,5.144699877882437,0.04732582688247713,0,0.0
727,대조,0,2.0,13.0,767.54,355.0,2.0,5.29,0.0,0.0,0,8.49,5.0,2.0,437.96,15.0,2.0,1,1,2.0,2.6390573296152584,6.6444926110711,0.006892148943377544,0,0.0
728,대조,0,1.0,78.0,2050.25,191307.0,2.0,5.68,0.0,0.0,0,18.75,6.0,4.0,1352.45,59.0,1.0,1,1,1.0,4.3694478524670215,7.626204642404301,0.0027703938544079987,0,0.0
729,대조,0,9.0,3.0,115.75,50.0,0.0,0.0,0.0,0.0,0,4.78,2.0,2.0,367.47,7.0,9.0,1,1,9.0,1.3862943611198906,4.760034896549007,0.0,0,0.0
731,대조,0,14.0,37.0,387.9,35185.0,0.0,0.0,0.0,0.0,1,0.0,0.0,0.0,373.59,21.0,14.0,0,1,14.0,3.6375861597263857,5.963322241161702,0.0,0,0.0
733,대조,0,8.0,10.0,226.64000000000001,156.0,0.0,0.0,0.0,0.0,1,0.0,0.0,0.0,265.35,8.0,8.0,0,1,8.0,2.3978952727983707,5.4277654337349235,0.0,0,0.0
734,대조,0,29.0,5.0,173.1,60.0,1.0,2.5,0.0,0.0,0,5.28,2.0,2.0,136.87,6.0,29.0,1,1,29.0,1.791759469228055,5.159629846774143,0.014442518775274409,0,0.0
738,대조,0,5.0,30.0,571.5,1242.0,0.0,0.0,0.0,0.0,0,0.0,0.0,0.0,318.62,23.0,5.0,0,1,5.0,3.4339872044851463,6.350012735428395,0.0,0,0.0
741,대조,0,7.0,7.0,314.2,7828.0,1.0,6.0,0.0,0.0,1,5.5,3.0,2.0,491.56,13.0,7.0,1,1,7.0,2.0794415416798357,5.753207357983724,0.019096117122851686,0,0.0
742,대조,0,3.0,65.0,655.99,517.0,2.0,1.98,0.0,0.0,1,0.0,0.0,0.0,323.35,32.0,3.0,0,1,3.0,4.189654742026425,6.487668797668622,0.0030183386941874113,0,0.0
743,대조,0,9.0,13.0,347.02,7077.0,1.0,1.67,0.0,0.0,0,0.0,0.0,0.0,186.69,5.0,9.0,0,1,9.0,2.6390573296152584,5.852259949387432,0.004812402743357732,0,0.0
744,대조,0,2.0,27.0,644.32,36690.0,7.0,17.41,0.0,0.0,0,11.76,5.0,5.0,496.5,13.0,2.0,1,1,2.0,3.332204510175204,6.469746317797943,0.02702073503849019,0,0.0
747,대조,0,5.0,27.0,254.05,125.0,0.0,0.0,0.0,0.0,0,0.0,0.0,0.0,103.18,15.0,5.0,0,1,5.0,3.332204510175204,5.541459604368936,0.0,0,0.0
748,대조,0,39.0,3.0,98.06,33.0,0.0,0.0,0.0,0.0,1,0.0,0.0,0.0,0.0,0.0,39.0,0,0,39.0,1.3862943611198906,4.595725727160092,0.0,0,0.0
749,대조,0,2.0,14.0,103.77,62.0,0.0,0.0,0.0,0.0,0,0.0,0.0,0.0,342.24,15.0,2.0,0,1,2.0,2.70805020110221,4.651767471364874,0.0,0,0.0
752,대조,0,3.0,15.0,610.99,263.0,4.0,12.26,0.0,0.0,1,2.69,1.0,1.0,686.5600000000001,16.0,3.0,1,1,3.0,2.772588722239781,6.416715942509548,0.02006579485752631,0,0.0
757,대조,0,2.0,5.0,327.9,132.0,2.0,5.970000000000001,0.0,0.0,0,0.0,0.0,0.0,66.5,1.0,2.0,0,1,2.0,1.791759469228055,5.795753753195012,0.018206770356816105,0,0.0
759,대조,0,22.0,3.0,115.92,49.0,1.0,1.5,0.0,0.0,0,1.5,1.0,1.0,79.57000000000001,2.0,22.0,1,1,22.0,1.3862943611198906,4.761489940243045,0.012939958592132504,0,0.0
761,대조,0,4.0,26.0,1333.21,48469.0,0.0,0.0,0.0,0.0,1,6.0,2.0,2.0,436.12,9.0,4.0,1,1,4.0,3.295836866004329,7.196094635375493,0.0,0,0.0
763,대조,0,3.0,10.0,624.3,3899.0,3.0,6.29,0.0,0.0,0,0.0,0.0,0.0,400.43,5.0,3.0,0,1,3.0,2.3978952727983707,6.438231534573252,0.01007528431843665,0,0.0
764,대조,0,5.0,8.0,199.87,111.0,1.0,8.16,0.0,0.0,1,0.0,0.0,0.0,27.77,1.0,5.0,0,1,5.0,2.1972245773362196,5.302657932646457,0.04082653724921199,0,0.0
768,대조,0,1.0,66.0,854.19,76818.0,1.0,1.5,0.0,0.0,1,0.0,0.0,0.0,425.72,37.0,1.0,0,1,1.0,4.204692619390966,6.751323666471282,0.0017560495908404451,0,0.0
769,대조,0,5.0,10.0,434.35,282.0,1.0,2.99,0.0,0.0,0,3.07,1.0,1.0,143.98,6.0,5.0,1,1,5.0,2.3978952727983707,6.076150305274624,0.0068838494301830325,0,0.0
776,대조,0,1.0,9.0,946.6700000000001,493.0,10.0,35.05,0.0,0.0,0,0.0,0.0,0.0,157.34,5.0,1.0,0,1,1.0,2.302585092994046,6.8540063403878895,0.0370245175193045,0,0.0
779,대조,0,13.0,16.0,884.14,264.0,6.0,17.26,0.0,0.0,1,0.0,0.0,0.0,132.51,6.0,13.0,0,1,13.0,2.833213344056216,6.785745824587275,0.01952179519080689,0,0.0
780,대조,0,5.0,19.0,154.63,94.0,2.0,5.84,0.0,0.0,0,0.0,0.0,0.0,49.25,11.0,5.0,0,1,5.0,2.995732273553991,5.047481395216918,0.03776757420940309,0,0.0
786,대조,0,1.0,53.0,1116.36,366.0,5.0,9.95,0.0,0.0,1,13.43,7.0,7.0,897.99,32.0,1.0,1,1,1.0,3.9889840465642745,7.018724038997516,0.00891289548174424,0,0.0
787,대조,0,1.0,33.0,454.31,185.0,3.0,5.0,0.0,0.0,1,0.0,0.0,0.0,210.21,18.0,1.0,0,1,1.0,3.5263605246161616,6.120978505640064,0.011005700953093703,0,0.0
790,대조,0,25.0,3.0,48.17,21229.0,0.0,0.0,0.0,0.0,1,0.0,0.0,0.0,209.3,5.0,25.0,0,1,25.0,1.3862943611198906,3.895283681423848,0.0,0,0.0
793,대조,0,4.0,13.0,115.58,43.0,2.0,5.98,0.0,0.0,0,0.0,0.0,0.0,68.27,5.0,4.0,0,1,4.0,2.6390573296152584,4.758577732617404,0.05173905519986157,0,0.0
795,대조,0,6.0,8.0,163.84,65.0,0.0,0.0,0.0,0.0,0,0.0,0.0,0.0,211.61,7.0,6.0,0,1,6.0,2.1972245773362196,5.1049753064706165,0.0,0,0.0
797,대조,0,5.0,17.0,607.64,168.0,4.0,10.27,0.0,0.0,1,24.03,7.0,6.0,475.3,9.0,5.0,1,1,5.0,2.8903717578961645,6.411226959916971,0.01690145480876835,0,0.0
800,대조,0,1.0,71.0,1418.77,605.0,3.0,7.67,0.0,0.0,1,27.880000000000003,13.0,12.0,1093.6100000000001,41.0,1.0,1,1,1.0,4.276666119016055,7.2582501656454665,0.005406091191666021,0,0.0
802,대조,0,6.0,9.0,317.47,141.0,0.0,0.0,0.0,0.0,1,0.0,0.0,0.0,101.47,5.0,6.0,0,1,6.0,2.302585092994046,5.763528279053155,0.0,0,0.0
803,대조,0,24.0,4.0,141.91,54.0,0.0,0.0,0.0,0.0,1,0.0,0.0,0.0,87.15,3.0,24.0,0,1,24.0,1.6094379124341003,4.962215061493703,0.0,0,0.0
804,대조,0,6.0,32.0,827.45,539.0,5.0,7.84,0.0,0.0,0,39.95,6.0,4.0,592.71,29.0,6.0,1,1,6.0,3.4965075614664802,6.719556485015306,0.009474892742763913,0,0.0
806,대조,0,2.0,20.0,1032.09,19559.0,5.0,14.67,0.0,0.0,1,21.54,6.0,3.0,481.76,14.0,2.0,1,1,2.0,3.044522437723423,6.94030959020348,0.014213876696799698,0,0.0
807,대조,0,3.0,10.0,313.95,194.0,2.0,4.58,0.0,0.0,0,2.99,1.0,1.0,268.67,7.0,3.0,1,1,3.0,2.3978952727983707,5.752413896067938,0.014588310240484154,0,0.0
808,대조,0,2.0,34.0,312.02,7966.0,0.0,0.0,0.0,0.0,1,10.49,4.0,4.0,318.67,25.0,2.0,1,1,2.0,3.5553480614894135,5.746267086262356,0.0,0,0.0
820,대조,0,18.0,31.0,989.53,2910.0,3.0,8.49,0.0,0.0,0,3.0,2.0,2.0,118.95,4.0,18.0,1,1,18.0,3.4657359027997265,6.8982401534134095,0.008579830828777299,0,0.0
823,대조,0,2.0,21.0,375.23,32622.0,0.0,0.0,0.0,0.0,1,0.0,0.0,0.0,350.84000000000003,14.0,2.0,0,1,2.0,3.091042453358316,5.930200658504068,0.0,0,0.0
825,대조,0,1.0,50.0,2192.76,147015.0,5.0,15.07,0.0,0.0,1,4.5,3.0,2.0,1194.16,28.0,1.0,1,1,1.0,3.9318256327243257,7.693372245608345,0.006872617158284536,0,0.0
830,대조,0,2.0,59.0,391.27,297.0,1.0,2.5,0.0,0.0,0,16.02,6.0,3.0,214.97,39.0,2.0,1,1,2.0,4.0943445622221,5.97195037820368,0.006389449740588341,0,0.0
831,대조,0,2.0,24.0,1402.2,453.0,6.0,15.43,0.0,0.0,1,1.39,1.0,1.0,980.7900000000001,14.0,2.0,1,1,2.0,3.2188758248682006,7.246510621617919,0.011004136357153044,0,0.0
836,대조,0,1.0,3.0,63.019999999999996,34.0,0.0,0.0,0.0,0.0,0,0.0,0.0,0.0,306.14,13.0,1.0,0,1,1.0,1.3862943611198906,4.159195534541717,0.0,0,0.0
840,대조,0,3.0,27.0,1709.53,550.0,2.0,4.99,0.0,0.0,1,12.46,5.0,5.0,1226.64,25.0,3.0,1,1,3.0,3.332204510175204,7.444558542995223,0.002918930934233386,0,0.0
841,대조,0,2.0,10.0,64.73,40.0,0.0,0.0,0.0,0.0,0,4.25,3.0,2.0,207.57,16.0,2.0,1,1,2.0,2.3978952727983707,4.185555442275485,0.0,0,0.0
842,대조,0,2.0,71.0,534.89,278.0,2.0,5.0,0.0,0.0,0,3.0,2.0,2.0,824.73,64.0,2.0,1,1,2.0,4.276666119016055,6.283928916128903,0.009347716352894988,0,0.0
844,대조,0,2.0,33.0,1266.83,10917.0,1.0,3.0,0.0,0.0,1,0.0,0.0,0.0,500.23,9.0,2.0,0,1,2.0,3.5263605246161616,7.145062056608435,0.0023681156903451925,0,0.0
845,대조,0,3.0,17.0,724.1800000000001,268.0,3.0,18.57,0.0,0.0,1,15.09,6.0,4.0,563.1,12.0,3.0,1,1,3.0,2.8903717578961645,6.586419899901393,0.02564279598994725,0,0.0
849,대조,0,13.0,11.0,820.38,340.0,3.0,11.99,0.0,0.0,0,5.24,3.0,3.0,739.42,10.0,13.0,1,1,13.0,2.4849066497880004,6.710985852553027,0.014615178331992492,0,0.0
850,대조,0,2.0,18.0,101.49,67.0,0.0,0.0,0.0,0.0,0,0.0,0.0,0.0,21.63,6.0,2.0,0,1,2.0,2.9444389791664403,4.6297652328434715,0.0,0,0.0
852,대조,0,26.0,17.0,290.39,87.0,1.0,3.99,0.0,0.0,1,0.0,0.0,0.0,116.24,9.0,26.0,0,1,26.0,2.8903717578961645,5.674662576082349,0.0137401425668928,0,0.0
853,대조,0,2.0,69.0,2156.78,113420.0,2.0,5.28,0.0,0.0,1,5.5,3.0,3.0,1326.0,48.0,2.0,1,1,2.0,4.248495242049359,7.676835194374684,0.0024480939177848457,0,0.0
854,대조,0,3.0,3.0,31.12,9.0,0.0,0.0,0.0,0.0,0,2.5,1.0,1.0,47.28,6.0,3.0,1,1,3.0,1.3862943611198906,3.469478889078561,0.0,0,0.0
855,대조,0,1.0,32.0,992.44,419.0,0.0,0.0,0.0,0.0,0,5.68,2.0,2.0,724.85,24.0,1.0,1,1,1.0,3.4965075614664802,6.9011736676165825,0.0,0,0.0
856,대조,0,2.0,25.0,385.12,9028.0,0.0,0.0,0.0,0.0,1,0.0,0.0,0.0,414.74,20.0,2.0,0,1,2.0,3.258096538021482,5.956148201980414,0.0,0,0.0
857,대조,0,1.0,6.0,394.92,188.0,5.0,19.740000000000002,0.0,0.0,1,14.68,6.0,5.0,690.18,7.0,1.0,1,1,1.0,1.9459101490553132,5.981212170643631,0.04998480704952902,0,0.0
859,대조,0,1.0,40.0,1076.57,82565.0,4.0,8.77,0.0,0.0,1,11.56,6.0,6.0,567.1,17.0,1.0,1,1,1.0,3.713572066704308,6.982463785064971,0.008146242232274725,0,0.0
861,대조,0,17.0,5.0,190.8,60.0,1.0,2.99,0.0,0.0,0,0.0,0.0,0.0,21.14,2.0,17.0,0,1,17.0,1.791759469228055,5.256453162449338,0.015670859538784068,0,0.0
862,대조,0,13.0,2.0,99.36,43.0,2.0,12.0,0.0,0.0,0,0.0,0.0,0.0,57.94,1.0,13.0,0,1,13.0,1.0986122886681098,4.608763721498222,0.12077294685990338,0,0.0
863,대조,0,1.0,5.0,39.46,16.0,0.0,0.0,0.0,0.0,1,14.98,2.0,2.0,50.06,5.0,1.0,1,1,1.0,1.791759469228055,3.7003138317395994,0.0,0,0.0
867,대조,0,1.0,20.0,617.52,47821.0,1.0,2.0,0.0,0.0,1,2.69,1.0,1.0,456.81,16.0,1.0,1,1,1.0,3.044522437723423,6.427329527607229,0.0032387614976033168,0,0.0
868,대조,0,5.0,10.0,273.45,34200.0,0.0,0.0,0.0,0.0,1,6.99,3.0,3.0,727.19,15.0,5.0,1,1,5.0,2.3978952727983707,5.614769094995898,0.0,0,0.0
871,대조,0,1.0,29.0,1876.5,639.0,8.0,18.75,0.0,0.0,1,7.99,3.0,2.0,1304.25,15.0,1.0,1,1,1.0,3.4011973816621555,7.5376963836382895,0.009992006394884092,0,0.0
873,대조,0,3.0,26.0,666.68,68125.0,0.0,0.0,0.0,0.0,0,6.0,4.0,2.0,303.02,7.0,3.0,1,1,3.0,3.295836866004329,6.503809016843243,0.0,0,0.0
878,대조,0,4.0,30.0,1044.83,19806.0,8.0,29.740000000000002,0.0,0.0,1,31.75,14.0,9.0,712.64,23.0,4.0,1,1,4.0,3.4339872044851463,6.952566107515854,0.028463960644315348,0,0.0
879,대조,0,51.0,2.0,78.86999999999999,22428.0,1.0,1.67,0.0,0.0,1,0.0,0.0,0.0,61.519999999999996,2.0,51.0,0,1,51.0,1.0986122886681098,4.380400312929297,0.021174083935590213,0,0.0
881,대조,0,3.0,20.0,591.23,383.0,0.0,0.0,0.0,0.0,0,6.58,3.0,2.0,520.69,18.0,3.0,1,1,3.0,3.044522437723423,6.383895072945686,0.0,0,0.0
882,대조,0,4.0,53.0,1248.4,95433.0,5.0,16.32,0.0,0.0,1,5.0,2.0,2.0,125.11,11.0,4.0,1,1,4.0,3.9889840465642745,7.13041871505947,0.013072733098365907,0,0.0
884,대조,0,18.0,10.0,65.2,34.0,0.0,0.0,0.0,0.0,0,2.59,1.0,1.0,92.74,5.0,18.0,1,1,18.0,2.3978952727983707,4.192680462942962,0.0,0,0.0
885,대조,0,35.0,1.0,10.27,4.0,0.0,0.0,0.0,0.0,0,1.19,1.0,1.0,188.05,7.0,35.0,1,1,35.0,0.6931471805599453,2.422144328051685,0.0,0,0.0
886,대조,0,2.0,53.0,1283.02,33891.0,1.0,14.98,0.0,0.0,1,0.0,0.0,0.0,508.31,24.0,2.0,0,1,2.0,3.9889840465642745,7.1577510604525845,0.011675577933313589,0,0.0
888,대조,0,2.0,12.0,1002.14,466.0,0.0,0.0,0.0,0.0,1,8.7,4.0,4.0,1015.72,10.0,2.0,1,1,2.0,2.5649493574615367,6.91089035947761,0.0,0,0.0
891,대조,0,17.0,10.0,586.97,302.0,2.0,3.17,0.0,0.0,0,7.48,3.0,3.0,815.25,8.0,17.0,1,1,17.0,2.3978952727983707,6.376675926188878,0.00540061672657887,0,0.0
893,대조,0,4.0,8.0,272.35,178.0,3.0,9.97,0.0,0.0,0,6.680000000000001,2.0,2.0,85.83,2.0,4.0,1,1,4.0,2.1972245773362196,5.610753025341008,0.03660730677437121,0,0.0
898,대조,0,4.0,40.0,1203.23,74965.0,7.0,23.0,0.0,0.0,1,10.57,3.0,3.0,1132.71,45.0,4.0,1,1,4.0,3.713572066704308,7.093595637525211,0.01911521487994814,0,0.0
900,대조,0,1.0,224.0,2658.32,193530.0,7.0,21.98,0.0,0.0,1,7.0,4.0,2.0,1240.04,132.0,1.0,1,1,1.0,5.41610040220442,7.885825729996756,0.00826838002949231,0,0.0
903,대조,0,3.0,7.0,236.39000000000001,83.0,0.0,0.0,0.0,0.0,1,2.29,1.0,1.0,444.48,14.0,3.0,1,1,3.0,2.0794415416798357,5.469704358289212,0.0,0,0.0
908,대조,0,8.0,34.0,834.01,46988.0,8.0,30.6,0.0,0.0,1,17.08,7.0,6.0,1074.82,32.0,8.0,1,1,8.0,3.5553480614894135,6.727443700827047,0.03669020755146821,0,0.0
911,대조,0,7.0,6.0,163.81,23689.0,0.0,0.0,0.0,0.0,1,1.25,1.0,1.0,611.77,14.0,7.0,1,1,7.0,1.9459101490553132,5.104793295246089,0.0,0,0.0
913,대조,0,15.0,8.0,249.15,101.0,1.0,1.49,0.0,0.0,0,0.0,0.0,0.0,160.41,7.0,15.0,0,1,15.0,2.1972245773362196,5.522060737934214,0.0059803331326510134,0,0.0
915,대조,0,16.0,11.0,109.67,66.0,0.0,0.0,0.0,0.0,1,0.0,0.0,0.0,136.04,13.0,16.0,0,1,16.0,2.4849066497880004,4.706552800276694,0.0,0,0.0
916,대조,0,11.0,19.0,279.83,15651.0,1.0,1.67,0.0,0.0,0,0.0,0.0,0.0,91.89,9.0,11.0,0,1,11.0,2.995732273553991,5.637749504051763,0.0059679090876603655,0,0.0
919,대조,0,3.0,17.0,235.21,154.0,0.0,0.0,0.0,0.0,0,0.0,0.0,0.0,246.8,21.0,3.0,0,1,3.0,2.8903717578961645,5.4647212398696166,0.0,0,0.0
920,대조,0,2.0,27.0,431.09,188.0,5.0,12.649999999999999,0.0,0.0,1,28.36,14.0,8.0,717.32,20.0,2.0,1,1,2.0,3.332204510175204,6.068633899879068,0.029344220464404182,0,0.0
923,대조,0,1.0,28.0,677.65,66775.0,4.0,11.91,0.0,0.0,0,0.0,0.0,0.0,280.82,13.0,1.0,0,1,1.0,3.367295829986474,6.520105530743974,0.017575444551021915,0,0.0
925,대조,0,1.0,6.0,54.64,30.0,0.0,0.0,0.0,0.0,0,0.0,0.0,0.0,43.82,5.0,1.0,0,1,1.0,1.9459101490553132,4.018902367055242,0.0,0,0.0
927,대조,0,47.0,3.0,148.85,75.0,0.0,0.0,0.0,0.0,0,0.0,0.0,0.0,72.62,3.0,47.0,0,1,47.0,1.3862943611198906,5.009634793762673,0.0,0,0.0
929,대조,0,8.0,39.0,767.36,96655.0,5.0,8.86,0.0,0.0,1,8.0,3.0,3.0,415.83,13.0,8.0,1,1,8.0,3.6888794541139363,6.644258373318711,0.011546080066722267,0,0.0
931,대조,0,17.0,5.0,675.16,282.0,0.0,0.0,0.0,0.0,0,2.99,1.0,1.0,612.49,5.0,17.0,1,1,17.0,1.791759469228055,6.516429734427692,0.0,0,0.0
935,대조,0,39.0,8.0,312.75,31476.0,0.0,0.0,0.0,0.0,0,0.0,0.0,0.0,86.21000000000001,2.0,39.0,0,1,39.0,2.1972245773362196,5.748596490445994,0.0,0,0.0
939,대조,0,14.0,18.0,598.14,4106.0,1.0,1.0,0.0,0.0,1,0.0,0.0,0.0,42.12,2.0,14.0,0,1,14.0,2.9444389791664403,6.395495293677967,0.0016718493998060654,0,0.0
940,대조,0,1.0,4.0,70.86,29.0,1.0,2.99,0.0,0.0,0,0.0,0.0,0.0,101.57000000000001,9.0,1.0,0,1,1.0,1.6094379124341003,4.274719781685373,0.042195879198419425,0,0.0
941,대조,0,25.0,15.0,165.61,58.0,1.0,2.5,0.0,0.0,1,11.08,2.0,2.0,414.61,17.0,25.0,1,1,25.0,2.772588722239781,5.115655751940977,0.015095706780991485,0,0.0
942,대조,0,3.0,16.0,343.14,124.0,1.0,3.19,0.0,0.0,0,7.6899999999999995,3.0,3.0,703.61,18.0,3.0,1,1,3.0,2.833213344056216,5.841048551325011,0.009296497056594976,0,0.0
943,대조,0,,0.0,0.0,0.0,0.0,0.0,0.0,0.0,0,0.0,0.0,0.0,288.13,6.0,90.0,0,1,90.0,0.0,0.0,0.0,0,0.0
944,대조,0,6.0,8.0,194.9,18297.0,1.0,2.99,0.0,0.0,0,0.0,0.0,0.0,134.27,7.0,6.0,0,1,6.0,2.1972245773362196,5.277604324950495,0.01534120061570036,0,0.0
949,대조,0,5.0,30.0,1060.92,97207.0,10.0,27.01,0.0,0.0,1,9.77,5.0,4.0,635.51,16.0,5.0,1,1,5.0,3.4339872044851463,6.967833869397615,0.02545903555404743,0,0.0
952,대조,0,2.0,11.0,126.3,36.0,0.0,0.0,0.0,0.0,0,3.0,2.0,1.0,297.32,17.0,2.0,1,1,2.0,2.4849066497880004,4.846546505563361,0.0,0,0.0
953,대조,0,24.0,4.0,49.61,22.0,0.0,0.0,0.0,0.0,0,0.0,0.0,0.0,29.54,3.0,24.0,0,1,24.0,1.6094379124341003,3.9241491852259864,0.0,0,0.0
955,대조,0,6.0,47.0,626.16,20169.0,3.0,9.97,0.0,0.0,1,3.19,1.0,1.0,309.36,21.0,6.0,1,1,6.0,3.871201010907891,6.44120169149225,0.015922447936629617,0,0.0
956,대조,0,2.0,86.0,1470.1100000000001,145351.0,2.0,8.09,0.0,0.0,1,3.0,1.0,1.0,953.77,50.0,2.0,1,1,2.0,4.465908118654584,7.2937724968674855,0.005502989572208882,0,0.0
957,대조,0,2.0,51.0,341.6,208.0,0.0,0.0,0.0,0.0,0,0.0,0.0,0.0,72.02,15.0,2.0,0,1,2.0,3.9512437185814275,5.83656358589002,0.0,0,0.0
961,대조,0,3.0,11.0,832.26,310.0,7.0,17.7,0.0,0.0,0,5.48,2.0,2.0,265.28000000000003,5.0,3.0,1,1,3.0,2.4849066497880004,6.725345718315955,0.02126739240141302,0,0.0
964,대조,0,1.0,7.0,313.32,189.0,1.0,3.0,0.0,0.0,0,8.59,3.0,3.0,291.69,4.0,1.0,1,1,1.0,2.0794415416798357,5.7504115752502045,0.009574875526618154,0,0.0
965,대조,0,21.0,10.0,165.13,95.0,0.0,0.0,0.0,0.0,0,8.99,2.0,2.0,738.52,13.0,21.0,1,1,21.0,2.3978952727983707,5.1127706143983875,0.0,0,0.0
971,대조,0,1.0,12.0,380.78,157.0,0.0,0.0,0.0,0.0,1,0.0,0.0,0.0,258.18,10.0,1.0,0,1,1.0,2.5649493574615367,5.944844526472756,0.0,0,0.0
972,대조,0,4.0,26.0,953.09,334.0,3.0,11.620000000000001,0.0,0.0,0,0.0,0.0,0.0,489.21,21.0,4.0,0,1,4.0,3.295836866004329,6.860758006621226,0.012191923113242192,0,0.0
973,대조,0,5.0,14.0,1136.83,30549.0,0.0,0.0,0.0,0.0,1,16.5,11.0,5.0,1627.92,13.0,5.0,1,1,5.0,2.70805020110221,7.036878218641478,0.0,0,0.0
975,대조,0,2.0,23.0,618.53,21346.0,0.0,0.0,0.0,0.0,0,1.49,1.0,1.0,452.04,18.0,2.0,1,1,2.0,3.1780538303479458,6.42896112604681,0.0,0,0.0
976,대조,0,9.0,7.0,242.07,101.0,1.0,3.98,0.0,0.0,1,17.75,8.0,5.0,616.37,10.0,9.0,1,1,9.0,2.0794415416798357,5.493349467701171,0.01644152517866733,0,0.0
978,대조,0,13.0,9.0,290.68,85.0,0.0,0.0,0.0,0.0,0,0.0,0.0,0.0,123.62,8.0,13.0,0,1,13.0,2.302585092994046,5.675657310930353,0.0,0,0.0
982,대조,0,1.0,75.0,3088.57,272329.0,23.0,70.75,0.0,0.0,1,50.28,13.0,11.0,2016.65,44.0,1.0,1,1,1.0,4.330733340286331,8.035787201632287,0.02290704112259071,0,0.0
983,대조,0,5.0,23.0,349.27,197.0,4.0,6.73,0.0,0.0,1,17.27,6.0,6.0,456.35,20.0,5.0,1,1,5.0,3.1780538303479458,5.858704285656805,0.019268760557734705,0,0.0
984,대조,0,36.0,7.0,272.83,101.0,4.0,7.29,0.0,0.0,0,0.0,0.0,0.0,63.7,4.0,36.0,0,1,36.0,2.0794415416798357,5.612507475880589,0.02671993549096507,0,0.0
989,대조,0,2.0,28.0,398.89,181.0,3.0,10.09,0.0,0.0,0,1.0,1.0,1.0,266.16,13.0,2.0,1,1,2.0,3.367295829986474,5.9911895092885485,0.025295194163804557,0,0.0
995,대조,0,7.0,5.0,268.87,83.0,1.0,2.5,0.0,0.0,0,0.0,0.0,0.0,43.620000000000005,1.0,7.0,0,1,7.0,1.791759469228055,5.597940361567465,0.009298173838658087,0,0.0
998,대조,0,1.0,44.0,1346.87,49025.0,6.0,15.870000000000001,0.0,0.0,0,2.29,1.0,1.0,972.11,25.0,1.0,1,1,1.0,3.8066624897703196,7.2062808476525575,0.011782874367979094,0,0.0
1000,대조,0,10.0,5.0,166.59,91.0,0.0,0.0,0.0,0.0,0,0.0,0.0,0.0,480.45,13.0,10.0,0,1,10.0,1.791759469228055,5.121520520396782,0.0,0,0.0
1001,대조,0,29.0,7.0,175.46,91.0,0.0,0.0,0.0,0.0,1,0.0,0.0,0.0,0.0,0.0,29.0,0,0,29.0,2.0794415416798357,5.173094221793959,0.0,0,0.0
1004,대조,0,2.0,27.0,506.14,51974.0,0.0,0.0,0.0,0.0,1,0.0,0.0,0.0,440.85,27.0,2.0,0,1,2.0,3.332204510175204,6.228787099595461,0.0,0,0.0
1005,대조,0,4.0,14.0,217.4,141.0,0.0,0.0,0.0,0.0,0,0.0,0.0,0.0,292.27,20.0,4.0,0,1,4.0,2.70805020110221,5.38632824387075,0.0,0,0.0
1007,대조,0,1.0,24.0,346.1,181.0,2.0,7.5,0.0,0.0,0,0.0,0.0,0.0,102.9,13.0,1.0,0,1,1.0,3.2188758248682006,5.849612922867741,0.021670037561398438,0,0.0
1010,대조,0,6.0,6.0,211.93,10589.0,3.0,8.75,0.0,0.0,0,0.0,0.0,0.0,146.85,4.0,6.0,0,1,6.0,1.9459101490553132,5.360963473198307,0.041287217477468975,0,0.0
1011,대조,0,3.0,14.0,430.16,16968.0,3.0,9.5,0.0,0.0,0,2.69,1.0,1.0,389.98,14.0,3.0,1,1,3.0,2.70805020110221,6.066479250913428,0.022084805653710245,0,0.0
1014,대조,0,1.0,27.0,639.3,16327.0,4.0,9.940000000000001,0.0,0.0,1,11.780000000000001,5.0,5.0,743.98,30.0,1.0,1,1,1.0,3.332204510175204,6.461936816524757,0.015548255904895983,0,0.0
1015,대조,0,3.0,17.0,557.8100000000001,358.0,3.0,4.38,0.0,0.0,1,9.85,5.0,5.0,450.62,13.0,3.0,1,1,3.0,2.8903717578961645,6.325809522713021,0.007852136031982215,0,0.0
1016,대조,0,10.0,7.0,525.37,18217.0,2.0,5.49,0.0,0.0,0,0.0,0.0,0.0,599.66,9.0,10.0,0,1,10.0,2.0794415416798357,6.266004387505607,0.010449778251517978,0,0.0
1017,대조,0,6.0,3.0,115.52,68.0,0.0,0.0,0.0,0.0,0,0.0,0.0,0.0,267.27,6.0,6.0,0,1,6.0,1.3862943611198906,4.758062932091234,0.0,0,0.0
1019,대조,0,22.0,5.0,174.92,72.0,0.0,0.0,0.0,0.0,0,0.0,0.0,0.0,166.54,6.0,22.0,0,1,22.0,1.791759469228055,5.170029346246506,0.0,0,0.0
1020,대조,0,4.0,22.0,1156.8,14852.0,5.0,12.16,0.0,0.0,1,28.69,11.0,11.0,801.1,10.0,4.0,1,1,4.0,3.1354942159291497,7.054276931644904,0.010511756569847857,0,0.0
1024,대조,0,3.0,19.0,1535.98,41574.0,6.0,17.98,0.0,0.0,1,6.0,2.0,1.0,540.08,11.0,3.0,1,1,3.0,2.995732273553991,7.33757473109219,0.01170588158699983,0,0.0
1025,대조,0,3.0,7.0,127.24,84.0,0.0,0.0,0.0,0.0,0,2.69,1.0,1.0,404.59,13.0,3.0,1,1,3.0,2.0794415416798357,4.853903508301298,0.0,0,0.0
1031,대조,0,50.0,23.0,665.52,74862.0,2.0,5.98,0.0,0.0,1,0.0,0.0,0.0,0.0,0.0,50.0,0,0,50.0,3.1780538303479458,6.502070146670423,0.00898545498257002,0,0.0
1032,대조,0,1.0,14.0,317.59000000000003,135.0,3.0,8.98,0.0,0.0,0,11.46,5.0,4.0,234.24,12.0,1.0,1,1,1.0,2.70805020110221,5.763905009663833,0.02827544947888787,0,0.0
1034,대조,0,3.0,14.0,99.45,67.0,0.0,0.0,0.0,0.0,0,0.0,0.0,0.0,114.8,13.0,3.0,0,1,3.0,2.70805020110221,4.609660091260944,0.0,0,0.0
1038,대조,0,5.0,49.0,357.32,231.0,3.0,8.370000000000001,0.0,0.0,1,0.0,0.0,0.0,303.88,34.0,5.0,0,1,5.0,3.912023005428146,5.881426441899045,0.023424381506772642,0,0.0
1039,대조,0,3.0,11.0,948.66,309.0,6.0,13.74,0.0,0.0,0,21.29,8.0,8.0,569.42,8.0,3.0,1,1,3.0,2.4849066497880004,6.856104025798138,0.014483587375877554,0,0.0
1040,대조,0,1.0,30.0,794.0,279.0,2.0,5.1899999999999995,0.0,0.0,1,1.49,1.0,1.0,541.9,21.0,1.0,1,1,1.0,3.4339872044851463,6.678342114654332,0.006536523929471032,0,0.0
1041,대조,0,14.0,25.0,992.42,392.0,3.0,13.950000000000001,0.0,0.0,1,0.0,0.0,0.0,330.49,10.0,14.0,0,1,14.0,3.258096538021482,6.901153535347574,0.014056548638681205,0,0.0
1045,대조,0,1.0,57.0,1011.61,111610.0,1.0,2.5,0.0,0.0,1,3.19,1.0,1.0,466.8,26.0,1.0,1,1,1.0,4.060443010546419,6.920286435054891,0.0024713081128102726,0,0.0
1047,대조,0,23.0,14.0,252.31,129.0,0.0,0.0,0.0,0.0,0,0.0,0.0,0.0,127.23,13.0,23.0,0,1,23.0,2.70805020110221,5.534614035107159,0.0,0,0.0
1048,대조,0,63.0,4.0,83.82,40.0,0.0,0.0,0.0,0.0,0,0.0,0.0,0.0,78.42999999999999,9.0,63.0,0,1,63.0,1.6094379124341003,4.4405313640464446,0.0,0,0.0
1050,대조,0,1.0,13.0,309.9,95774.0,0.0,0.0,0.0,0.0,0,8.280000000000001,3.0,3.0,683.43,21.0,1.0,1,1,1.0,2.6390573296152584,5.739471317064708,0.0,0,0.0
1053,대조,0,4.0,14.0,544.93,34158.0,4.0,9.24,0.0,0.0,1,5.18,4.0,2.0,382.95,12.0,4.0,1,1,4.0,2.70805020110221,6.30249076239772,0.016956306314572515,0,0.0
1056,대조,0,8.0,6.0,514.15,230.0,0.0,0.0,0.0,0.0,0,5.0,2.0,1.0,314.69,7.0,8.0,1,1,8.0,1.9459101490553132,6.244458120391077,0.0,0,0.0
1058,대조,0,1.0,82.0,329.12,163.0,0.0,0.0,0.0,0.0,0,0.0,0.0,0.0,440.27,76.0,1.0,0,1,1.0,4.418840607796598,5.799456224724484,0.0,0,0.0
1061,대조,0,13.0,15.0,195.34,131.0,0.0,0.0,0.0,0.0,0,18.97,3.0,2.0,127.31,6.0,13.0,1,1,13.0,2.772588722239781,5.2798478502643755,0.0,0,0.0
1062,대조,0,2.0,31.0,216.92000000000002,135.0,0.0,0.0,0.0,0.0,1,0.0,0.0,0.0,228.41,20.0,2.0,0,1,2.0,3.4657359027997265,5.384128022961147,0.0,0,0.0
1064,대조,0,7.0,5.0,357.55,199.0,6.0,12.52,0.0,0.0,0,15.46,8.0,8.0,517.33,9.0,7.0,1,1,7.0,1.791759469228055,5.882068120328584,0.035016081666899734,0,0.0
1066,대조,0,4.0,37.0,447.37,350.0,0.0,0.0,0.0,0.0,1,0.0,0.0,0.0,306.39,25.0,4.0,0,1,4.0,3.6375861597263857,6.105618784410287,0.0,0,0.0
1067,대조,0,41.0,6.0,170.70000000000002,87.0,0.0,0.0,0.0,0.0,0,0.0,0.0,0.0,337.59000000000003,4.0,41.0,0,1,41.0,1.9459101490553132,5.14574876790343,0.0,0,0.0
1069,대조,0,2.0,5.0,418.11,128.0,0.0,0.0,0.0,0.0,1,0.0,0.0,0.0,238.45000000000002,5.0,2.0,0,1,2.0,1.791759469228055,6.0381334153001465,0.0,0,0.0
1071,대조,0,12.0,21.0,233.6,155.0,0.0,0.0,0.0,0.0,0,1.79,1.0,1.0,444.97,6.0,12.0,1,1,12.0,3.091042453358316,5.457881936219375,0.0,0,0.0
1072,대조,0,9.0,11.0,542.49,363.0,2.0,4.58,0.0,0.0,0,0.0,0.0,0.0,201.48,6.0,9.0,0,1,9.0,2.4849066497880004,6.298011307127966,0.008442551936441224,0,0.0
1073,대조,0,17.0,11.0,365.11,38488.0,1.0,6.0,0.0,0.0,0,6.5,3.0,3.0,260.66,12.0,17.0,1,1,17.0,2.4849066497880004,5.902933834694418,0.016433403631782202,0,0.0
1074,대조,0,2.0,17.0,646.16,16703.0,6.0,15.26,0.0,0.0,1,13.67,7.0,4.0,610.45,9.0,2.0,1,1,2.0,2.8903717578961645,6.4725935591371355,0.023616441748173827,0,0.0
1075,대조,0,3.0,9.0,388.24,6290.0,5.0,12.99,0.0,0.0,0,4.77,2.0,2.0,166.63,9.0,3.0,1,1,3.0,2.302585092994046,5.9641961199537885,0.03345868534926849,0,0.0
1076,대조,0,20.0,11.0,341.94,108.0,3.0,15.33,0.0,0.0,1,6.87,3.0,1.0,106.87,7.0,20.0,1,1,20.0,2.4849066497880004,5.837555504750705,0.0448324267415336,0,0.0
1078,대조,0,1.0,57.0,1456.52,208245.0,5.0,10.96,0.0,0.0,0,17.17,8.0,6.0,978.38,33.0,1.0,1,1,1.0,4.060443010546419,7.284491640257429,0.007524785104221021,0,0.0
1081,대조,0,6.0,27.0,1836.56,12621.0,3.0,4.16,0.0,0.0,1,16.15,7.0,7.0,1254.39,12.0,6.0,1,1,6.0,3.332204510175204,7.5161938836151165,0.0022651043254780677,0,0.0
1083,대조,0,4.0,5.0,136.26,59.0,3.0,12.0,0.0,0.0,0,17.689999999999998,7.0,4.0,201.65,10.0,4.0,1,1,4.0,1.791759469228055,4.921876937480489,0.08806693086745927,0,0.0
1084,대조,0,1.0,29.0,329.67,185.0,2.0,3.49,0.0,0.0,1,0.0,0.0,0.0,428.99,47.0,1.0,0,1,1.0,3.4011973816621555,5.801120899211115,0.010586343919677253,0,0.0
1085,대조,0,6.0,21.0,649.73,54792.0,2.0,5.78,0.0,0.0,0,1.25,1.0,1.0,405.63,6.0,6.0,1,1,6.0,3.091042453358316,6.478094809633655,0.008896002955073645,0,0.0
1087,대조,0,9.0,36.0,643.55,59427.0,2.0,4.0,0.0,0.0,0,0.0,0.0,0.0,594.19,20.0,9.0,0,1,9.0,3.6109179126442243,6.468552398889114,0.00621552326936524,0,0.0
1088,대조,0,8.0,10.0,139.35,94.0,0.0,0.0,0.0,0.0,0,0.0,0.0,0.0,233.2,10.0,8.0,0,1,8.0,2.3978952727983707,4.9441393028078915,0.0,0,0.0
1089,대조,0,28.0,15.0,362.01,5722.0,0.0,0.0,0.0,0.0,0,0.0,0.0,0.0,193.54,8.0,28.0,0,1,28.0,2.772588722239781,5.8944303820947725,0.0,0,0.0
1091,대조,0,1.0,33.0,1713.44,279544.0,1.0,3.29,0.0,0.0,1,2.79,1.0,1.0,777.0600000000001,14.0,1.0,1,1,1.0,3.5263605246161616,7.446841775665067,0.001920113922868615,0,0.0
1094,대조,0,8.0,13.0,576.5600000000001,222.0,0.0,0.0,0.0,0.0,1,9.69,5.0,4.0,910.1800000000001,12.0,8.0,1,1,8.0,2.6390573296152584,6.358812333103018,0.0,0,0.0
1097,대조,0,1.0,22.0,1541.73,105350.0,2.0,7.6899999999999995,0.0,0.0,0,2.69,1.0,1.0,445.55,9.0,1.0,1,1,1.0,3.1354942159291497,7.3413088532539135,0.004987903199652338,0,0.0
1102,대조,0,2.0,12.0,345.64,122.0,1.0,2.88,0.0,0.0,0,3.0,1.0,1.0,170.12,10.0,2.0,1,1,2.0,2.5649493574615367,5.848286777431654,0.008332368938780234,0,0.0
1103,대조,0,1.0,43.0,1283.85,115290.0,2.0,14.99,0.0,0.0,1,0.0,0.0,0.0,716.49,19.0,1.0,0,1,1.0,3.784189633918261,7.158397258998156,0.011675818826186861,0,0.0
1110,대조,0,,0.0,0.0,0.0,0.0,0.0,0.0,0.0,0,2.5,1.0,1.0,376.96,12.0,90.0,1,1,90.0,0.0,0.0,0.0,0,0.0
1111,대조,0,2.0,70.0,3225.8,1704.0,3.0,13.450000000000001,0.0,0.0,0,9.86,5.0,4.0,1937.42,49.0,2.0,1,1,2.0,4.2626798770413155,8.07924621306282,0.004169508339016678,0,0.0
1117,대조,0,2.0,39.0,595.67,22745.0,1.0,1.5,0.0,0.0,0,6.0,2.0,2.0,746.74,27.0,2.0,1,1,2.0,3.6888794541139363,6.391364196743265,0.0025181728138063022,0,0.0
1119,대조,0,3.0,13.0,455.48,274.0,3.0,5.0,0.0,0.0,0,0.0,0.0,0.0,145.31,5.0,3.0,0,1,3.0,2.6390573296152584,6.12354488746519,0.010977430403091244,0,0.0
1120,대조,0,6.0,12.0,311.2,149.0,0.0,0.0,0.0,0.0,1,0.0,0.0,0.0,290.85,12.0,6.0,0,1,6.0,2.5649493574615367,5.743644008081332,0.0,0,0.0
1122,대조,0,2.0,20.0,365.2,10552.0,1.0,3.0,0.0,0.0,0,0.0,0.0,0.0,188.99,11.0,2.0,0,1,2.0,3.044522437723423,5.90317963224041,0.008214676889375685,0,0.0
1124,대조,0,34.0,7.0,52.04,36.0,0.0,0.0,0.0,0.0,0,2.0,1.0,1.0,226.9,13.0,34.0,1,1,34.0,2.0794415416798357,3.971046345877607,0.0,0,0.0
1125,대조,0,,0.0,0.0,0.0,0.0,0.0,0.0,0.0,0,0.0,0.0,0.0,0.0,0.0,90.0,0,0,90.0,0.0,0.0,0.0,0,0.0
1126,대조,0,16.0,5.0,333.48,157.0,0.0,0.0,0.0,0.0,0,16.0,6.0,3.0,416.64,4.0,16.0,1,1,16.0,1.791759469228055,5.81257708704831,0.0,0,0.0
1127,대조,0,,0.0,0.0,0.0,0.0,0.0,0.0,0.0,0,0.0,0.0,0.0,0.0,0.0,90.0,0,0,90.0,0.0,0.0,0.0,0,0.0
1128,대조,0,3.0,27.0,400.40000000000003,22311.0,1.0,2.79,0.0,0.0,1,5.98,2.0,2.0,382.38,28.0,3.0,1,1,3.0,3.332204510175204,5.9949584363622375,0.0069680319680319675,0,0.0
1131,대조,0,4.0,3.0,61.27,26.0,0.0,0.0,0.0,0.0,1,2.6799999999999997,2.0,2.0,195.82,6.0,4.0,1,1,4.0,1.3862943611198906,4.13147976888436,0.0,0,0.0
1132,대조,0,1.0,13.0,407.64,203.0,1.0,3.19,0.0,0.0,0,2.48,2.0,2.0,220.53,3.0,1.0,1,1,1.0,2.6390573296152584,6.0128345728441746,0.0078255323324502,0,0.0
1133,대조,0,5.0,8.0,72.65,40.0,1.0,2.97,0.0,0.0,0,0.0,0.0,0.0,217.13,18.0,5.0,0,1,5.0,2.1972245773362196,4.299324142908639,0.04088093599449415,0,0.0
1134,대조,0,13.0,4.0,352.34000000000003,146.0,5.0,13.86,0.0,0.0,0,15.2,8.0,5.0,1024.58,10.0,13.0,1,1,13.0,1.6094379124341003,5.867430766184534,0.039337004030198096,0,0.0
1136,대조,0,30.0,2.0,212.09,87.0,0.0,0.0,0.0,0.0,0,3.0,2.0,1.0,254.91,5.0,30.0,1,1,30.0,1.0986122886681098,5.3617146116778285,0.0,0,0.0
1137,대조,0,4.0,19.0,297.9,4556.0,5.0,5.949999999999999,0.0,0.0,1,2.38,2.0,2.0,182.2,13.0,4.0,1,1,4.0,2.995732273553991,5.700109069289892,0.019973145350788854,0,0.0
1139,대조,0,3.0,18.0,930.04,315.0,13.0,39.1,0.0,0.0,0,39.22,14.0,14.0,826.66,11.0,3.0,1,1,3.0,2.9444389791664403,6.83630224090836,0.04204120252892349,0,0.0
1141,대조,0,11.0,15.0,146.46,101.0,2.0,9.5,0.0,0.0,0,0.0,0.0,0.0,57.97,6.0,11.0,0,1,11.0,2.772588722239781,4.993556952561504,0.06486412672402021,0,0.0
1142,대조,0,2.0,37.0,1650.8600000000001,105106.0,11.0,28.09,0.0,0.0,1,0.0,0.0,0.0,1153.02,25.0,2.0,0,1,2.0,3.6375861597263857,7.409657204727086,0.017015373805168214,0,0.0
1145,대조,0,13.0,11.0,447.94,171.0,2.0,3.0,0.0,0.0,0,13.47,3.0,3.0,566.75,10.0,13.0,1,1,13.0,2.4849066497880004,6.106889248523399,0.006697325534669822,0,0.0
1146,대조,0,6.0,48.0,1247.2,615.0,4.0,44.9,0.0,0.0,1,28.19,11.0,2.0,835.49,34.0,6.0,1,1,6.0,3.8918202981106265,7.1294577924999425,0.03600064143681847,0,0.0
1151,대조,0,29.0,8.0,151.47,33.0,0.0,0.0,0.0,0.0,1,0.0,0.0,0.0,298.82,6.0,29.0,0,1,29.0,2.1972245773362196,5.026967855383815,0.0,0,0.0
1153,대조,0,13.0,11.0,279.93,152.0,1.0,1.49,0.0,0.0,0,0.0,0.0,0.0,90.18,5.0,13.0,0,1,13.0,2.4849066497880004,5.638105527980331,0.005322759261243882,0,0.0
1154,대조,0,1.0,22.0,447.86,190.0,0.0,0.0,0.0,0.0,1,0.0,0.0,0.0,489.09,14.0,1.0,0,1,1.0,3.1354942159291497,6.106711035112369,0.0,0,0.0
1157,대조,0,14.0,15.0,365.63,120.0,1.0,1.99,0.0,0.0,0,0.0,0.0,0.0,638.27,17.0,14.0,0,1,14.0,2.772588722239781,5.904353165118019,0.005442660613188196,0,0.0
1158,대조,0,2.0,17.0,328.07,179.0,1.0,1.67,0.0,0.0,1,0.0,0.0,0.0,347.47,20.0,2.0,0,1,2.0,2.8903717578961645,5.7962704940913525,0.0050903770536775686,0,0.0
1159,대조,0,2.0,64.0,1200.85,115987.0,0.0,0.0,0.0,0.0,1,4.5,3.0,3.0,493.92,35.0,2.0,1,1,2.0,4.174387269895637,7.091617315294671,0.0,0,0.0
1160,대조,0,3.0,16.0,452.33,4497.0,2.0,5.0,0.0,0.0,1,0.0,0.0,0.0,400.07,12.0,3.0,0,1,3.0,2.833213344056216,6.116620337093779,0.0110538765945217,0,0.0
1163,대조,0,2.0,36.0,900.7,86948.0,4.0,9.06,0.0,0.0,1,8.67,3.0,3.0,546.43,18.0,2.0,1,1,2.0,3.6109179126442243,6.804281870505861,0.01005884312201621,0,0.0
1164,대조,0,5.0,11.0,502.97,203.0,0.0,0.0,0.0,0.0,1,2.69,1.0,1.0,268.84,7.0,5.0,1,1,5.0,2.4849066497880004,6.222516742490233,0.0,0,0.0
1165,대조,0,1.0,7.0,118.94,4935.0,0.0,0.0,0.0,0.0,0,0.0,0.0,0.0,186.68,6.0,1.0,0,1,1.0,2.0794415416798357,4.786991617740363,0.0,0,0.0
1166,대조,0,1.0,76.0,1721.54,194697.0,4.0,9.73,0.0,0.0,1,11.29,5.0,4.0,1451.8700000000001,42.0,1.0,1,1,1.0,4.343805421853684,7.451555224679144,0.00565191630749213,0,0.0
1167,대조,0,1.0,23.0,864.53,33432.0,2.0,9.98,0.0,0.0,1,8.76,4.0,3.0,777.78,14.0,1.0,1,1,1.0,3.1780538303479458,6.763342036060609,0.011543844632343587,0,0.0
1169,대조,0,13.0,21.0,687.35,333.0,4.0,4.98,0.0,0.0,1,3.0,2.0,2.0,656.6,13.0,13.0,1,1,13.0,3.091042453358316,6.534297429508952,0.007245217138284717,0,0.0
1174,대조,0,1.0,28.0,580.3100000000001,311.0,0.0,0.0,0.0,0.0,1,3.54,2.0,2.0,272.42,39.0,1.0,1,1,1.0,3.367295829986474,6.365284177380601,0.0,0,0.0
1175,대조,0,1.0,18.0,1124.35,93722.0,3.0,8.65,0.0,0.0,1,0.0,0.0,0.0,760.17,12.0,1.0,0,1,1.0,2.9444389791664403,7.025849377364605,0.007693333926268512,0,0.0
1179,대조,0,2.0,20.0,1132.86,462.0,11.0,34.82,0.0,0.0,1,19.45,6.0,6.0,746.85,11.0,2.0,1,1,2.0,3.044522437723423,7.033383019876157,0.03073636636477588,0,0.0
1180,대조,0,7.0,18.0,490.9,53354.0,2.0,4.5,0.0,0.0,0,0.0,0.0,0.0,219.15,8.0,7.0,0,1,7.0,2.9444389791664403,6.198275443801294,0.00916683642289672,0,0.0
1181,대조,0,14.0,5.0,173.04,80.0,1.0,3.49,0.0,0.0,0,0.0,0.0,0.0,336.98,7.0,14.0,0,1,14.0,1.791759469228055,5.159285157852479,0.020168747110494687,0,0.0
1186,대조,0,1.0,9.0,631.22,15022.0,3.0,12.08,0.0,0.0,1,17.45,5.0,4.0,405.32,3.0,1.0,1,1,1.0,2.302585092994046,6.449237434839492,0.019137543170368494,0,0.0
1187,대조,0,8.0,5.0,82.87,47.0,2.0,3.99,0.0,0.0,0,2.5,1.0,1.0,309.18,15.0,8.0,1,1,8.0,1.791759469228055,4.42926798099632,0.048147701218776394,0,0.0
1188,대조,0,1.0,19.0,503.14,10100.0,5.0,14.05,0.0,0.0,1,0.0,0.0,0.0,145.95,6.0,1.0,0,1,1.0,2.995732273553991,6.222854007276043,0.027924633302858052,0,0.0
1190,대조,0,12.0,31.0,285.68,15209.0,0.0,0.0,0.0,0.0,1,5.0,2.0,2.0,318.72,21.0,12.0,1,1,12.0,3.4657359027997265,5.658366611125719,0.0,0,0.0
1191,대조,0,4.0,8.0,305.72,126.0,5.0,13.99,0.0,0.0,0,2.99,1.0,1.0,280.53000000000003,13.0,4.0,1,1,4.0,2.1972245773362196,5.725935279297334,0.04576082690043176,0,0.0
1193,대조,0,2.0,33.0,593.2,376.0,0.0,0.0,0.0,0.0,0,0.0,0.0,0.0,339.79,17.0,2.0,0,1,2.0,3.5263605246161616,6.387215963028507,0.0,0,0.0
1203,대조,0,13.0,11.0,888.59,6358.0,5.0,27.5,0.0,0.0,0,11.5,5.0,2.0,529.34,10.0,13.0,1,1,13.0,2.4849066497880004,6.790760682425943,0.030947906233471004,0,0.0
1204,대조,0,1.0,6.0,137.33,92.0,1.0,3.0,0.0,0.0,0,0.0,0.0,0.0,148.24,10.0,1.0,0,1,1.0,1.9459101490553132,4.929642134886724,0.021845190417243136,0,0.0
1206,대조,0,3.0,45.0,751.6,345.0,6.0,20.17,0.0,0.0,0,18.85,8.0,8.0,669.47,24.0,3.0,1,1,3.0,3.828641396489095,6.6235338781593365,0.026836083022884514,0,0.0
1207,대조,0,1.0,18.0,129.46,72.0,0.0,0.0,0.0,0.0,0,0.0,0.0,0.0,61.19,11.0,1.0,0,1,1.0,2.9444389791664403,4.87106666636795,0.0,0,0.0
1211,대조,0,5.0,28.0,1355.54,70815.0,13.0,87.07,0.0,0.0,0,80.18,27.0,11.0,1029.26,17.0,5.0,1,1,5.0,3.367295829986474,7.21269261931628,0.06423270430972158,0,0.0
1216,대조,0,5.0,22.0,762.72,334.0,6.0,18.77,0.0,0.0,0,15.49,6.0,4.0,911.94,16.0,5.0,1,1,5.0,3.1354942159291497,6.638201229845264,0.02460929305642962,0,0.0
1217,대조,0,10.0,6.0,333.25,145.0,0.0,0.0,0.0,0.0,0,0.0,0.0,0.0,304.01,2.0,10.0,0,1,10.0,1.9459101490553132,5.8118892159820525,0.0,0,0.0
1218,대조,0,4.0,10.0,154.05,66.0,2.0,6.18,0.0,0.0,1,16.58,5.0,4.0,159.68,11.0,4.0,1,1,4.0,2.3978952727983707,5.043747645546458,0.040116845180136314,0,0.0
1219,대조,0,6.0,15.0,87.97,54.0,0.0,0.0,0.0,0.0,1,0.0,0.0,0.0,94.84,11.0,6.0,0,1,6.0,2.772588722239781,4.488299234256676,0.0,0,0.0
1222,대조,0,1.0,28.0,1121.14,506.0,10.0,19.740000000000002,0.0,0.0,1,12.98,4.0,3.0,873.89,22.0,1.0,1,1,1.0,3.367295829986474,7.022992855482217,0.017607078509374388,0,0.0
1223,대조,0,16.0,2.0,40.989999999999995,14.0,0.0,0.0,0.0,0.0,0,2.99,1.0,1.0,64.36,6.0,16.0,1,1,16.0,1.0986122886681098,3.737431494696102,0.0,0,0.0
1224,대조,0,1.0,15.0,464.95,307.0,3.0,4.29,0.0,0.0,0,0.0,0.0,0.0,227.72,10.0,1.0,0,1,1.0,2.772588722239781,6.144078332231665,0.009226798580492527,0,0.0
1226,대조,0,1.0,12.0,994.24,528.0,4.0,12.129999999999999,0.0,0.0,1,9.16,3.0,2.0,604.4300000000001,7.0,1.0,1,1,1.0,2.5649493574615367,6.902983914103246,0.012200273575796587,0,0.0
1227,대조,0,36.0,5.0,119.46000000000001,55.0,3.0,7.98,0.0,0.0,0,5.0,4.0,2.0,558.54,7.0,36.0,1,1,36.0,1.791759469228055,4.791317747615575,0.06680060271220492,0,0.0
1228,대조,0,1.0,115.0,1903.82,138261.0,2.0,5.38,0.0,0.0,1,0.0,0.0,0.0,1162.6200000000001,51.0,1.0,0,1,1.0,4.7535901911063645,7.552142794907534,0.0028258974062673995,0,0.0
1236,대조,0,5.0,40.0,725.69,347.0,7.0,19.0,0.0,0.0,1,13.58,6.0,4.0,435.86,23.0,5.0,1,1,5.0,3.713572066704308,6.58849997669125,0.026181978530777604,0,0.0
1239,대조,0,9.0,5.0,484.73,215.0,1.0,3.19,0.0,0.0,0,0.0,0.0,0.0,40.8,2.0,9.0,0,1,9.0,1.791759469228055,6.185652913966771,0.006580983227776288,0,0.0
1240,대조,0,2.0,26.0,1481.94,11891.0,5.0,48.019999999999996,0.0,0.0,1,22.13,10.0,7.0,862.6,11.0,2.0,1,1,2.0,3.295836866004329,7.301781882789457,0.032403471125686596,0,0.0
1246,대조,0,6.0,7.0,581.84,14743.0,3.0,16.28,0.0,0.0,0,13.68,3.0,3.0,618.83,11.0,6.0,1,1,6.0,2.0794415416798357,6.3679127061456535,0.027980200742472157,0,0.0
1248,대조,0,1.0,32.0,1815.13,51603.0,6.0,15.780000000000001,0.0,0.0,1,8.98,4.0,4.0,1107.82,13.0,1.0,1,1,1.0,3.4965075614664802,7.504463142502174,0.008693592194498466,0,0.0
1251,대조,0,1.0,14.0,72.95,26.0,0.0,0.0,0.0,0.0,0,0.0,0.0,0.0,47.53,10.0,1.0,0,1,1.0,2.70805020110221,4.303389189156809,0.0,0,0.0
1257,대조,0,,0.0,0.0,0.0,0.0,0.0,0.0,0.0,1,0.0,0.0,0.0,0.0,0.0,90.0,0,0,90.0,0.0,0.0,0.0,0,0.0
1259,대조,0,8.0,6.0,272.14,133.0,1.0,1.99,0.0,0.0,0,0.0,0.0,0.0,132.57,3.0,8.0,0,1,8.0,1.9459101490553132,5.609984484250279,0.007312412728742559,0,0.0
1261,대조,0,10.0,21.0,383.41,10926.0,3.0,9.06,0.0,0.0,1,0.0,0.0,0.0,424.09,15.0,10.0,0,1,10.0,3.091042453358316,5.951709691325923,0.023630056597376176,0,0.0
1265,대조,0,17.0,4.0,226.24,107.0,2.0,6.49,0.0,0.0,0,4.26,2.0,2.0,153.39,4.0,17.0,1,1,17.0,1.6094379124341003,5.426006727688926,0.028686350777934935,0,0.0
1269,대조,0,6.0,14.0,476.16,228.0,6.0,13.45,0.0,0.0,0,0.0,0.0,0.0,420.32,14.0,6.0,0,1,6.0,2.70805020110221,6.167851864413745,0.028246807795698922,0,0.0
1270,대조,0,6.0,11.0,472.4,134.0,1.0,2.29,0.0,0.0,1,2.29,1.0,1.0,244.61,6.0,6.0,1,1,6.0,2.4849066497880004,6.159940697079883,0.004847586790855208,0,0.0
1271,대조,0,5.0,15.0,577.96,278.0,2.0,5.79,0.0,0.0,0,10.59,4.0,4.0,359.17,11.0,5.0,1,1,5.0,2.772588722239781,6.361233390557873,0.010017994324866773,0,0.0
1272,대조,0,1.0,39.0,1382.51,510.0,7.0,15.850000000000001,0.0,0.0,1,12.6,5.0,5.0,948.57,26.0,1.0,1,1,1.0,3.6888794541139363,7.232379027245672,0.011464654866872573,0,0.0
1277,대조,0,1.0,47.0,1007.67,365.0,0.0,0.0,0.0,0.0,0,0.0,0.0,0.0,494.58,21.0,1.0,0,1,1.0,3.871201010907891,6.916387910367394,0.0,0,0.0
1279,대조,0,1.0,33.0,658.64,371.0,0.0,0.0,0.0,0.0,0,5.68,2.0,2.0,484.82,24.0,1.0,1,1,1.0,3.5263605246161616,6.49169423166057,0.0,0,0.0
1282,대조,0,5.0,33.0,606.17,342.0,4.0,12.879999999999999,0.0,0.0,0,28.17,9.0,7.0,792.97,20.0,5.0,1,1,5.0,3.5263605246161616,6.408808817746224,0.021248164706270518,0,0.0
1284,대조,0,41.0,6.0,69.74,39.0,0.0,0.0,0.0,0.0,0,0.0,0.0,0.0,47.61,4.0,41.0,0,1,41.0,1.9459101490553132,4.259011183777335,0.0,0,0.0
1285,대조,0,3.0,25.0,708.53,27141.0,5.0,13.0,0.0,0.0,1,11.5,5.0,5.0,353.39,15.0,3.0,1,1,3.0,3.258096538021482,6.564602779004281,0.018347846950728976,0,0.0
1288,대조,0,1.0,4.0,88.39,11915.0,0.0,0.0,0.0,0.0,0,4.58,2.0,1.0,214.01,3.0,1.0,1,1,1.0,1.6094379124341003,4.493008819099761,0.0,0,0.0
1289,대조,0,3.0,83.0,232.62,157.0,0.0,0.0,0.0,0.0,0,0.0,0.0,0.0,164.44,57.0,3.0,0,1,3.0,4.430816798843313,5.45369586372755,0.0,0,0.0
1291,대조,0,7.0,10.0,254.54,132.0,3.0,8.97,0.0,0.0,1,17.17,7.0,7.0,500.33,15.0,7.0,1,1,7.0,2.3978952727983707,5.543378953163177,0.03524004085801839,0,0.0
1293,대조,0,1.0,13.0,116.09,109.0,0.0,0.0,0.0,0.0,0,0.0,0.0,0.0,155.64000000000001,11.0,1.0,0,1,1.0,2.6390573296152584,4.762942869860633,0.0,0,0.0
1294,대조,0,4.0,10.0,651.3,312.0,2.0,6.63,0.0,0.0,0,0.0,0.0,0.0,232.28,3.0,4.0,0,1,4.0,2.3978952727983707,6.4805045788020506,0.010179640718562874,0,0.0
1296,대조,0,7.0,11.0,280.82,173.0,4.0,12.370000000000001,0.0,0.0,1,0.0,0.0,0.0,142.5,6.0,7.0,0,1,7.0,2.4849066497880004,5.641268569266959,0.04404956911900862,0,0.0
1297,대조,0,4.0,6.0,91.19,39.0,1.0,2.79,0.0,0.0,1,4.58,2.0,2.0,230.62,17.0,4.0,1,1,4.0,1.9459101490553132,4.523851664810503,0.0305954600285119,0,0.0
1300,대조,0,9.0,7.0,89.84,43.0,2.0,3.77,0.0,0.0,1,0.0,0.0,0.0,58.67,7.0,9.0,0,1,9.0,2.0794415416798357,4.5090997172373575,0.041963490650044524,0,0.0
1303,대조,0,1.0,14.0,426.11,18337.0,1.0,1.5,0.0,0.0,0,2.0,1.0,1.0,950.69,32.0,1.0,1,1,1.0,2.70805020110221,6.057041591293764,0.0035202177841402453,0,0.0
1304,대조,0,13.0,7.0,61.48,35.0,0.0,0.0,0.0,0.0,0,0.0,0.0,0.0,59.03,8.0,13.0,0,1,13.0,2.0794415416798357,4.1348465055314305,0.0,0,0.0
1305,대조,0,1.0,93.0,1710.74,35737.0,3.0,7.29,0.0,0.0,1,1.19,1.0,1.0,359.03,14.0,1.0,1,1,1.0,4.543294782270004,7.44526567600952,0.004261313817412348,0,0.0
1306,대조,0,1.0,14.0,357.63,181.0,0.0,0.0,0.0,0.0,1,0.0,0.0,0.0,400.91,24.0,1.0,0,1,1.0,2.70805020110221,5.8822912163444565,0.0,0,0.0
1307,대조,0,1.0,25.0,295.04,24083.0,0.0,0.0,0.0,0.0,0,0.0,0.0,0.0,207.06,9.0,1.0,0,1,1.0,3.258096538021482,5.690494580329266,0.0,0,0.0
1312,대조,0,8.0,31.0,1209.78,477.0,8.0,29.46,0.0,0.0,0,8.94,4.0,2.0,1082.43,17.0,8.0,1,1,8.0,3.4657359027997265,7.099020059006515,0.024351534989832863,0,0.0
1314,대조,0,2.0,57.0,1633.46,203343.0,1.0,7.0,0.0,0.0,0,9.08,2.0,2.0,1753.91,51.0,2.0,1,1,2.0,4.060443010546419,7.3990677535491205,0.004285381949971226,0,0.0
1316,대조,0,13.0,7.0,409.15000000000003,195.0,2.0,7.99,0.0,0.0,1,8.120000000000001,4.0,2.0,244.71,4.0,13.0,1,1,13.0,2.0794415416798357,6.016522946448759,0.01952829035805939,0,0.0
1318,대조,0,9.0,7.0,661.67,253.0,2.0,3.66,0.0,0.0,1,7.98,2.0,2.0,559.88,6.0,9.0,1,1,9.0,2.0794415416798357,6.496277128716844,0.005531458279807155,0,0.0
1319,대조,0,4.0,8.0,263.36,137.0,3.0,8.29,0.0,0.0,0,3.09,1.0,1.0,73.85,5.0,4.0,1,1,4.0,2.1972245773362196,5.577311810602252,0.03147782503037667,0,0.0
1321,대조,0,6.0,26.0,300.33,182.0,1.0,2.39,0.0,0.0,1,3.7300000000000004,2.0,2.0,210.12,39.0,6.0,1,1,6.0,3.295836866004329,5.708206009715981,0.007957912962408019,0,0.0
1325,대조,0,,0.0,0.0,0.0,0.0,0.0,0.0,0.0,0,2.5,2.0,1.0,310.72,5.0,90.0,1,1,90.0,0.0,0.0,0.0,0,0.0
1326,대조,0,1.0,27.0,302.69,124.0,6.0,37.9,0.0,0.0,1,20.64,7.0,4.0,887.98,32.0,1.0,1,1,1.0,3.332204510175204,5.71600744427877,0.1252106115167333,0,0.0
1330,대조,0,7.0,13.0,251.17000000000002,12430.0,0.0,0.0,0.0,0.0,0,0.0,0.0,0.0,59.4,3.0,7.0,0,1,7.0,2.6390573296152584,5.530103463243588,0.0,0,0.0
1333,대조,0,7.0,16.0,818.7,271.0,1.0,0.99,0.0,0.0,1,6.98,5.0,5.0,911.27,12.0,7.0,1,1,7.0,2.833213344056216,6.708938419658985,0.0012092341517039207,0,0.0
1336,대조,0,6.0,14.0,716.69,344.0,4.0,11.77,0.0,0.0,0,0.0,0.0,0.0,707.26,20.0,6.0,0,1,6.0,2.70805020110221,6.5760377209406,0.016422721120707695,0,0.0
1337,대조,0,1.0,32.0,1751.79,47499.0,8.0,23.65,0.0,0.0,1,18.490000000000002,5.0,5.0,1309.23,21.0,1.0,1,1,1.0,3.4965075614664802,7.46896408310752,0.013500476655306856,0,0.0
1344,대조,0,23.0,4.0,325.52,137.0,7.0,20.77,0.0,0.0,0,3.0,1.0,1.0,250.81,2.0,23.0,1,1,23.0,1.6094379124341003,5.788491202583155,0.06380560334234456,0,0.0
1345,대조,0,23.0,12.0,256.52,107.0,2.0,9.0,0.0,0.0,0,5.98,3.0,2.0,157.3,4.0,23.0,1,1,23.0,2.5649493574615367,5.551097386990553,0.03508498362700764,0,0.0
1347,대조,0,4.0,16.0,190.35,75.0,0.0,0.0,0.0,0.0,0,0.0,0.0,0.0,150.2,7.0,4.0,0,1,4.0,2.833213344056216,5.254104211871711,0.0,0,0.0
1349,대조,0,2.0,34.0,856.3100000000001,7011.0,5.0,18.5,0.0,0.0,0,5.48,2.0,2.0,604.09,17.0,2.0,1,1,2.0,3.5553480614894135,6.75379958014485,0.021604325536312783,0,0.0
1351,대조,0,2.0,13.0,66.4,28.0,0.0,0.0,0.0,0.0,0,0.0,0.0,0.0,75.03999999999999,7.0,2.0,0,1,2.0,2.6390573296152584,4.210645017918261,0.0,0,0.0
1352,대조,0,1.0,20.0,891.28,105271.0,2.0,5.79,0.0,0.0,1,0.0,0.0,0.0,541.92,10.0,1.0,0,1,1.0,3.044522437723423,6.793779984668581,0.006496275020195674,0,0.0
1353,대조,0,2.0,18.0,430.13,270.0,8.0,18.54,0.0,0.0,0,2.69,1.0,1.0,378.31,11.0,2.0,1,1,2.0,2.9444389791664403,6.0664096687542655,0.04310324785529956,0,0.0
1354,대조,0,3.0,8.0,240.87,129.0,0.0,0.0,0.0,0.0,1,0.0,0.0,0.0,281.84,8.0,3.0,0,1,3.0,2.1972245773362196,5.488400391735755,0.0,0,0.0
1356,대조,0,6.0,11.0,291.88,145.0,8.0,21.57,0.0,0.0,0,13.82,7.0,5.0,263.91,7.0,6.0,1,1,6.0,2.4849066497880004,5.679762968811981,0.07390023297245443,0,0.0
1363,대조,0,17.0,2.0,252.4,111.0,0.0,0.0,0.0,0.0,1,0.0,0.0,0.0,0.0,0.0,17.0,0,0,17.0,1.0986122886681098,5.534969267887039,0.0,0,0.0
1367,대조,0,3.0,33.0,1333.52,103887.0,19.0,49.31,0.0,0.0,1,11.06,5.0,5.0,767.1,15.0,3.0,1,1,3.0,3.5263605246161616,7.196326955618751,0.036977323174755536,0,0.0
1369,대조,0,8.0,14.0,263.68,105.0,5.0,12.95,0.0,0.0,1,5.88,3.0,3.0,101.81,5.0,8.0,1,1,8.0,2.70805020110221,5.578521549143859,0.049112560679611644,0,0.0
1370,대조,0,2.0,12.0,1215.53,501.0,18.0,49.96,0.0,0.0,1,25.9,12.0,10.0,754.42,8.0,2.0,1,1,2.0,2.5649493574615367,7.103757822831955,0.041101412552549094,0,0.0
1374,대조,0,4.0,21.0,380.57,183.0,0.0,0.0,0.0,0.0,0,0.0,0.0,0.0,158.09,7.0,4.0,0,1,4.0,3.091042453358316,5.944294320131503,0.0,0,0.0
1376,대조,0,7.0,42.0,1793.62,162780.0,11.0,30.05,0.0,0.0,1,31.919999999999998,14.0,10.0,1509.08,29.0,7.0,1,1,7.0,3.7612001156935624,7.492548579346603,0.016753827455090825,0,0.0
1379,대조,0,1.0,70.0,1391.93,195844.0,2.0,6.49,0.0,0.0,0,5.59,3.0,3.0,1129.97,53.0,1.0,1,1,1.0,4.2626798770413155,7.239164721260888,0.00466259079120358,0,0.0
1383,대조,0,7.0,20.0,172.70000000000002,59.0,0.0,0.0,0.0,0.0,0,0.0,0.0,0.0,81.98,9.0,7.0,0,1,7.0,3.044522437723423,5.15732967324706,0.0,0,0.0
1387,대조,0,4.0,8.0,326.79,139.0,1.0,3.39,0.0,0.0,0,0.0,0.0,0.0,184.70000000000002,4.0,4.0,0,1,4.0,2.1972245773362196,5.792373159438054,0.010373634444138437,0,0.0
1389,대조,0,27.0,8.0,518.03,175.0,0.0,0.0,0.0,0.0,1,0.0,0.0,0.0,0.0,0.0,27.0,0,0,27.0,2.1972245773362196,6.251961684963541,0.0,0,0.0
1390,대조,0,80.0,1.0,1.0,3.0,0.0,0.0,0.0,0.0,0,3.0,2.0,1.0,703.42,22.0,80.0,1,1,80.0,0.6931471805599453,0.6931471805599453,0.0,0,0.0
1394,대조,0,2.0,23.0,723.41,287.0,3.0,6.25,0.0,0.0,1,0.0,0.0,0.0,390.21,15.0,2.0,0,1,2.0,3.1780538303479458,6.585357530441862,0.008639637273468712,0,0.0
1396,대조,0,1.0,50.0,1748.65,31707.0,7.0,23.78,0.0,0.0,1,21.09,10.0,7.0,872.33,28.0,1.0,1,1,1.0,3.9318256327243257,7.467171046914893,0.013599062133645956,0,0.0
1397,대조,0,6.0,41.0,767.61,4008.0,1.0,1.67,0.0,0.0,1,2.54,1.0,1.0,581.41,26.0,6.0,1,1,6.0,3.7376696182833684,6.644583688714854,0.0021755839553940152,0,0.0
1402,대조,0,4.0,25.0,520.6,230.0,3.0,9.17,0.0,0.0,1,3.99,1.0,1.0,379.21,24.0,4.0,1,1,4.0,3.258096538021482,6.256901010612443,0.0176142912024587,0,0.0
1403,대조,0,3.0,36.0,818.9,120700.0,0.0,0.0,0.0,0.0,0,0.0,0.0,0.0,400.3,30.0,3.0,0,1,3.0,3.6109179126442243,6.709182381602132,0.0,0,0.0
1406,대조,0,5.0,12.0,413.15,115.0,0.0,0.0,0.0,0.0,0,9.98,2.0,2.0,560.6,16.0,5.0,1,1,5.0,2.5649493574615367,6.026228227044273,0.0,0,0.0
1408,대조,0,35.0,5.0,67.98,23.0,0.0,0.0,0.0,0.0,0,0.0,0.0,0.0,23.849999999999998,1.0,35.0,0,1,35.0,1.791759469228055,4.233816607508695,0.0,0,0.0
1409,대조,0,8.0,10.0,415.29,183.0,1.0,2.49,0.0,0.0,0,1.99,1.0,1.0,352.0,7.0,8.0,1,1,8.0,2.3978952727983707,6.031382132773816,0.0059958101567579285,0,0.0
1412,대조,0,2.0,9.0,455.73,188.0,0.0,0.0,0.0,0.0,1,2.99,1.0,1.0,353.32,6.0,2.0,1,1,2.0,2.302585092994046,6.124092406669416,0.0,0,0.0
1417,대조,0,73.0,1.0,10.91,6.0,0.0,0.0,0.0,0.0,0,0.0,0.0,0.0,0.0,0.0,73.0,0,0,73.0,0.6931471805599453,2.477378383367209,0.0,0,0.0
1418,대조,0,4.0,12.0,438.64,207.0,2.0,6.58,0.0,0.0,1,0.0,0.0,0.0,137.38,6.0,4.0,0,1,4.0,2.5649493574615367,6.0859562102007,0.015000911909538575,0,0.0
1419,대조,0,1.0,106.0,1357.91,708.0,6.0,13.35,0.0,0.0,1,12.49,3.0,3.0,932.88,75.0,1.0,1,1,1.0,4.672828834461906,7.214438186792598,0.009831284842147122,0,0.0
1423,대조,0,1.0,40.0,222.83,108.0,0.0,0.0,0.0,0.0,1,0.0,0.0,0.0,132.37,31.0,1.0,0,1,1.0,3.713572066704308,5.4108868351515325,0.0,0,0.0
1424,대조,0,13.0,9.0,52.14,37.0,0.0,0.0,0.0,0.0,0,0.0,0.0,0.0,50.84,6.0,13.0,0,1,13.0,2.302585092994046,3.9729299403316674,0.0,0,0.0
1425,대조,0,5.0,33.0,868.11,407.0,2.0,3.0,0.0,0.0,1,1.5,1.0,1.0,416.73,11.0,5.0,1,1,5.0,3.5263605246161616,6.767469699533012,0.0034557832532743546,0,0.0
1428,대조,0,3.0,9.0,300.15,142.0,0.0,0.0,0.0,0.0,1,6.0,2.0,1.0,466.51,13.0,3.0,1,1,3.0,2.302585092994046,5.70760847948973,0.0,0,0.0
1429,대조,0,3.0,13.0,193.28,129.0,3.0,9.209999999999999,0.0,0.0,1,5.98,2.0,2.0,58.59,5.0,3.0,1,1,3.0,2.6390573296152584,5.269300417477544,0.04765107615894039,0,0.0
1430,대조,0,1.0,46.0,2785.9,253778.0,2.0,6.99,0.0,0.0,1,0.0,0.0,0.0,1724.57,34.0,1.0,0,1,1.0,3.8501476017100584,7.932685145962721,0.0025090634983308806,0,0.0
1431,대조,0,1.0,24.0,420.78,132.0,0.0,0.0,0.0,0.0,0,1.5,1.0,1.0,298.81,15.0,1.0,1,1,1.0,3.2188758248682006,6.044483851083618,0.0,0,0.0
1434,대조,0,6.0,34.0,676.7,292.0,4.0,9.79,0.0,0.0,0,4.99,2.0,2.0,564.09,32.0,6.0,1,1,6.0,3.5553480614894135,6.518704712142068,0.014467267622284615,0,0.0
1437,대조,0,2.0,16.0,737.59,432.0,10.0,24.27,0.0,0.0,1,0.0,0.0,0.0,451.71,19.0,2.0,0,1,2.0,2.833213344056216,6.604742963198728,0.03290445911685354,0,0.0
1438,대조,0,12.0,12.0,607.58,212.0,1.0,2.29,0.0,0.0,1,6.78,2.0,1.0,163.4,2.0,12.0,1,1,12.0,2.5649493574615367,6.411128374615959,0.0037690509891701502,0,0.0
1440,대조,0,12.0,13.0,264.65,5390.0,1.0,1.77,0.0,0.0,0,0.0,0.0,0.0,0.0,0.0,12.0,0,0,12.0,2.6390573296152584,5.5821796528969525,0.006688078594369923,0,0.0
1443,대조,0,1.0,54.0,588.67,260.0,0.0,0.0,0.0,0.0,1,0.0,0.0,0.0,209.72,19.0,1.0,0,1,1.0,4.007333185232471,6.379563058386947,0.0,0,0.0
1445,대조,0,1.0,22.0,441.49,153.0,3.0,7.1899999999999995,0.0,0.0,1,0.0,0.0,0.0,303.05,13.0,1.0,0,1,1.0,3.1354942159291497,6.092417865322569,0.016285759586853608,0,0.0
1446,대조,0,9.0,10.0,432.91,197.0,0.0,0.0,0.0,0.0,0,5.38,2.0,2.0,254.71,5.0,9.0,1,1,9.0,2.3978952727983707,6.072837139323705,0.0,0,0.0
1447,대조,0,74.0,1.0,2.67,2.0,0.0,0.0,0.0,0.0,0,0.0,0.0,0.0,0.0,0.0,74.0,0,0,74.0,0.6931471805599453,1.3001916620664788,0.0,0,0.0
1448,대조,0,65.0,3.0,51.95,18.0,0.0,0.0,0.0,0.0,0,2.38,2.0,1.0,296.19,5.0,65.0,1,1,65.0,1.3862943611198906,3.9693480720474157,0.0,0,0.0
1451,대조,0,1.0,22.0,774.71,42698.0,7.0,15.68,0.0,0.0,1,7.0,5.0,2.0,590.47,25.0,1.0,1,1,1.0,3.1354942159291497,6.653778738995527,0.020239831678950833,0,0.0
1454,대조,0,40.0,3.0,37.71,13.0,0.0,0.0,0.0,0.0,1,7.57,4.0,3.0,135.84,5.0,40.0,1,1,40.0,1.3862943611198906,3.6560979645895566,0.0,0,0.0
1456,대조,0,1.0,12.0,264.52,145.0,0.0,0.0,0.0,0.0,0,1.0,1.0,1.0,199.25,14.0,1.0,1,1,1.0,2.5649493574615367,5.581690167411719,0.0,0,0.0
1458,대조,0,3.0,18.0,648.16,38025.0,2.0,6.05,0.0,0.0,0,1.25,1.0,1.0,262.53,11.0,3.0,1,1,3.0,2.9444389791664403,6.475679219447681,0.009334115033325105,0,0.0
1459,대조,0,6.0,8.0,354.94,144.0,0.0,0.0,0.0,0.0,0,0.0,0.0,0.0,230.51,6.0,6.0,0,1,6.0,2.1972245773362196,5.8747621773218395,0.0,0,0.0
1461,대조,0,2.0,40.0,993.78,42887.0,8.0,21.52,0.0,0.0,1,11.98,8.0,5.0,760.3,23.0,2.0,1,1,2.0,3.713572066704308,6.902521607183524,0.021654692185393145,0,0.0
1462,대조,0,1.0,17.0,599.07,10051.0,18.0,42.73,0.0,0.0,1,26.16,11.0,10.0,435.88,12.0,1.0,1,1,1.0,2.8903717578961645,6.3970463150777865,0.07132722386365532,0,0.0
1464,대조,0,12.0,18.0,491.07,252.0,3.0,6.5,0.0,0.0,0,3.0,2.0,1.0,353.08,11.0,12.0,1,1,12.0,2.9444389791664403,6.198620982794742,0.013236402142260777,0,0.0
1467,대조,0,1.0,4.0,16.53,12.0,0.0,0.0,0.0,0.0,1,0.0,0.0,0.0,221.93,85.0,1.0,0,1,1.0,1.6094379124341003,2.863913698933143,0.0,0,0.0
1468,대조,0,54.0,11.0,347.78,13353.0,0.0,0.0,0.0,0.0,1,2.0,1.0,1.0,171.61,3.0,54.0,1,1,54.0,2.4849066497880004,5.854441350941314,0.0,0,0.0
1473,대조,0,6.0,17.0,477.3,186.0,4.0,11.629999999999999,0.0,0.0,0,4.79,1.0,1.0,446.29,11.0,6.0,1,1,6.0,2.8903717578961645,6.170238150686251,0.024366226691808084,0,0.0
1474,대조,0,79.0,1.0,15.870000000000001,4.0,0.0,0.0,0.0,0.0,1,0.0,0.0,0.0,33.71,1.0,79.0,0,1,79.0,0.6931471805599453,2.825536896557877,0.0,0,0.0
1475,대조,0,2.0,47.0,1792.68,67123.0,11.0,41.22,0.0,0.0,1,24.22,12.0,7.0,1221.73,27.0,2.0,1,1,2.0,3.871201010907891,7.492024654356216,0.022993506928174576,0,0.0
1479,대조,0,4.0,93.0,1016.5,491.0,1.0,2.88,0.0,0.0,1,2.99,1.0,1.0,626.37,46.0,4.0,1,1,4.0,4.543294782270004,6.92510391731675,0.002833251352680767,0,0.0
1481,대조,0,1.0,9.0,62.45,10092.0,2.0,5.0,0.0,0.0,1,0.0,0.0,0.0,136.22,5.0,1.0,0,1,1.0,2.302585092994046,4.150252194160397,0.08006405124099279,0,0.0
1483,대조,0,2.0,16.0,792.74,22018.0,0.0,0.0,0.0,0.0,1,2.5,1.0,1.0,602.52,12.0,2.0,1,1,2.0,2.833213344056216,6.676755951702344,0.0,0,0.0
1484,대조,0,10.0,11.0,519.79,296.0,6.0,7.96,0.0,0.0,1,3.09,1.0,1.0,378.8,8.0,10.0,1,1,10.0,2.4849066497880004,6.255346889481134,0.01531387675792147,0,0.0
1488,대조,0,27.0,11.0,334.09000000000003,200.0,0.0,0.0,0.0,0.0,1,5.29,2.0,2.0,367.68,9.0,27.0,1,1,27.0,2.4849066497880004,5.814399152459731,0.0,0,0.0
1489,대조,0,1.0,80.0,2944.78,91148.0,5.0,13.43,0.0,0.0,0,18.27,9.0,5.0,1859.57,60.0,1.0,1,1,1.0,4.394449154672439,7.988128916705217,0.004560612337763771,0,0.0
1491,대조,0,3.0,51.0,794.75,319.0,8.0,25.46,0.0,0.0,1,21.47,9.0,8.0,688.53,36.0,3.0,1,1,3.0,3.9512437185814275,6.679285066162202,0.03203523120478138,0,0.0
1492,대조,0,2.0,13.0,166.32,76.0,0.0,0.0,0.0,0.0,1,3.0,1.0,1.0,143.94,9.0,2.0,1,1,2.0,2.6390573296152584,5.119908146573998,0.0,0,0.0
1493,대조,0,7.0,4.0,284.74,135.0,3.0,24.149999999999995,0.0,0.0,0,9.98,2.0,2.0,184.10999999999999,4.0,7.0,1,1,7.0,1.6094379124341003,5.655082306437012,0.08481421647819061,0,0.0
1494,대조,0,19.0,14.0,375.33,221.0,1.0,2.88,0.0,0.0,1,3.5,1.0,1.0,254.83,8.0,19.0,1,1,19.0,2.70805020110221,5.930466418046399,0.007673247542162896,0,0.0
1495,대조,0,1.0,24.0,213.51,180.0,4.0,6.32,0.0,0.0,0,8.08,4.0,4.0,206.09,17.0,1.0,1,1,1.0,3.2188758248682006,5.368356357328011,0.02960048709662311,0,0.0
1499,대조,0,2.0,14.0,359.49,152.0,0.0,0.0,0.0,0.0,1,0.0,0.0,0.0,162.21,9.0,2.0,0,1,2.0,2.70805020110221,5.8874642170892235,0.0,0,0.0
1501,대조,0,2.0,33.0,1587.3600000000001,135616.0,15.0,40.47,0.0,0.0,0,33.120000000000005,11.0,11.0,1014.08,23.0,2.0,1,1,2.0,3.5263605246161616,7.370457316366351,0.025495161778046563,0,0.0
1505,대조,0,9.0,23.0,947.33,397.0,3.0,4.96,0.0,0.0,1,4.0,2.0,2.0,512.38,12.0,9.0,1,1,9.0,3.1780538303479458,6.854702542947655,0.005235767895031298,0,0.0
1506,대조,0,18.0,10.0,240.39000000000001,122.0,6.0,8.379999999999999,0.0,0.0,0,4.1899999999999995,3.0,3.0,338.02,14.0,18.0,1,1,18.0,2.3978952727983707,5.486413882784679,0.03486001913557136,0,0.0
1508,대조,0,19.0,16.0,456.08,41700.0,2.0,10.95,0.0,0.0,0,0.0,0.0,0.0,77.09,3.0,19.0,0,1,19.0,2.833213344056216,6.124858430278513,0.024008945798982634,0,0.0
1509,대조,0,5.0,24.0,873.82,100406.0,5.0,9.98,0.0,0.0,1,32.55,9.0,9.0,758.35,24.0,5.0,1,1,5.0,3.2188758248682006,6.774018150909814,0.011421116477077659,0,0.0
1510,대조,0,1.0,183.0,1346.16,18028.0,3.0,7.9399999999999995,0.0,0.0,0,8.24,5.0,4.0,1020.69,129.0,1.0,1,1,1.0,5.214935757608986,7.205753951835868,0.0058982587508171385,0,0.0
1511,대조,0,13.0,20.0,298.49,128.0,0.0,0.0,0.0,0.0,0,16.25,6.0,3.0,318.91,15.0,13.0,1,1,13.0,3.044522437723423,5.702081028016443,0.0,0,0.0
1515,대조,0,1.0,19.0,990.76,379.0,9.0,23.77,0.0,0.0,0,16.46,7.0,6.0,471.49,6.0,1.0,1,1,1.0,2.995732273553991,6.899481142529892,0.023991683152327505,0,0.0
1517,대조,0,3.0,17.0,470.57,257.0,11.0,36.29,0.0,0.0,1,5.98,2.0,2.0,169.5,11.0,3.0,1,1,3.0,2.8903717578961645,6.156067553408256,0.07711923837048686,0,0.0
1518,대조,0,39.0,4.0,273.15,99.0,0.0,0.0,0.0,0.0,0,0.0,0.0,0.0,0.0,0.0,39.0,0,0,39.0,1.6094379124341003,5.613675401850057,0.0,0,0.0
1520,대조,0,6.0,20.0,524.7,71319.0,3.0,7.29,0.0,0.0,0,2.79,1.0,1.0,422.02,18.0,6.0,1,1,6.0,3.044522437723423,6.264730707825403,0.013893653516295025,0,0.0
1524,대조,0,23.0,10.0,377.49,44489.0,4.0,6.89,0.0,0.0,1,6.62,3.0,1.0,172.12,2.0,23.0,1,1,23.0,2.3978952727983707,5.936189652449227,0.018252139129513362,0,0.0
1526,대조,0,1.0,27.0,422.26,258.0,1.0,2.29,0.0,0.0,0,10.47,4.0,4.0,330.84000000000003,26.0,1.0,1,1,1.0,3.332204510175204,6.047986647432308,0.005423198976933643,0,0.0
1529,대조,0,5.0,33.0,1350.24,105392.0,6.0,26.060000000000002,0.0,0.0,1,26.76,11.0,10.0,930.44,30.0,5.0,1,1,5.0,3.5263605246161616,7.208777968370992,0.019300272544140303,0,0.0
1532,대조,0,7.0,30.0,547.63,33182.0,3.0,3.99,0.0,0.0,0,0.0,0.0,0.0,48.790000000000006,2.0,7.0,0,1,7.0,3.4339872044851463,6.307424261660193,0.007285941237696986,0,0.0
1535,대조,0,2.0,26.0,720.64,365.0,3.0,6.5,0.0,0.0,0,22.88,9.0,5.0,767.33,17.0,2.0,1,1,2.0,3.295836866004329,6.581526399584602,0.009019760213143872,0,0.0
1537,대조,0,3.0,24.0,441.16,5618.0,1.0,5.0,0.0,0.0,1,0.0,0.0,0.0,61.07,9.0,3.0,0,1,3.0,3.2188758248682006,6.091671807525008,0.011333756460241182,0,0.0
1540,대조,0,2.0,12.0,359.67,246.0,2.0,7.0,0.0,0.0,1,5.0,4.0,1.0,403.97,15.0,2.0,1,1,2.0,2.5649493574615367,5.887963412839786,0.019462284872244,0,0.0
1541,대조,0,3.0,13.0,908.11,315.0,5.0,10.05,0.0,0.0,1,20.16,8.0,8.0,913.74,14.0,3.0,1,1,3.0,2.6390573296152584,6.812466098957315,0.011066941229586725,0,0.0
1545,대조,0,2.0,19.0,498.13,13819.0,5.0,12.74,0.0,0.0,1,18.57,5.0,5.0,462.4,18.0,2.0,1,1,2.0,2.995732273553991,6.212866582863889,0.02557565294200309,0,0.0
1546,대조,0,21.0,11.0,374.39,286.0,6.0,16.75,0.0,0.0,0,7.5,4.0,4.0,220.77,7.0,21.0,1,1,21.0,2.4849066497880004,5.927965485545073,0.044739442826998585,0,0.0
1547,대조,0,87.0,4.0,27.65,5293.0,0.0,0.0,0.0,0.0,0,0.0,0.0,0.0,0.0,0.0,87.0,0,0,87.0,1.6094379124341003,3.3551534431607486,0.0,0,0.0
1555,대조,0,3.0,21.0,313.45,165.0,2.0,3.77,0.0,0.0,0,0.0,0.0,0.0,103.75,8.0,3.0,0,1,3.0,3.091042453358316,5.750825080989513,0.012027436592758015,0,0.0
1556,대조,0,8.0,19.0,678.64,491.0,7.0,17.79,0.0,0.0,1,9.879999999999999,5.0,4.0,547.35,12.0,8.0,1,1,8.0,2.995732273553991,6.521563246217558,0.026214193092066487,0,0.0
1557,대조,0,4.0,24.0,734.42,55464.0,11.0,29.48,0.0,0.0,1,42.26,19.0,17.0,580.03,15.0,4.0,1,1,4.0,3.2188758248682006,6.600441764581129,0.04014051904904551,0,0.0
1563,대조,0,3.0,13.0,577.4,7243.0,0.0,0.0,0.0,0.0,1,12.07,5.0,5.0,962.58,19.0,3.0,1,1,3.0,2.6390573296152584,6.360265670844555,0.0,0,0.0
1566,대조,0,7.0,7.0,101.11,28.0,0.0,0.0,0.0,0.0,1,0.0,0.0,0.0,97.67,6.0,7.0,0,1,7.0,2.0794415416798357,4.6260506635674465,0.0,0,0.0
1567,대조,0,2.0,16.0,339.15,232.0,0.0,0.0,0.0,0.0,1,0.0,0.0,0.0,278.81,8.0,2.0,0,1,2.0,2.833213344056216,5.82938669679107,0.0,0,0.0
1568,대조,0,2.0,10.0,550.86,263.0,1.0,2.99,0.0,0.0,1,7.99,3.0,2.0,490.15000000000003,9.0,2.0,1,1,2.0,2.3978952727983707,6.313294390920889,0.005427876411429402,0,0.0
1572,대조,0,43.0,13.0,646.2,46812.0,2.0,5.01,0.0,0.0,1,0.0,0.0,0.0,0.0,0.0,43.0,0,0,43.0,2.6390573296152584,6.472655365744282,0.007753017641597028,0,0.0
1575,대조,0,14.0,4.0,35.03,17.0,0.0,0.0,0.0,0.0,0,3.0,2.0,2.0,36.89,2.0,14.0,1,1,14.0,1.6094379124341003,3.5843519247600018,0.0,0,0.0
1577,대조,0,20.0,13.0,772.04,340.0,6.0,12.85,0.0,0.0,0,20.37,8.0,6.0,403.12,6.0,20.0,1,1,20.0,2.6390573296152584,6.650330793691053,0.016644215325630797,0,0.0
1578,대조,0,1.0,19.0,585.98,316.0,9.0,27.37,0.0,0.0,1,0.0,0.0,0.0,456.94,16.0,1.0,0,1,1.0,2.995732273553991,6.374990747697392,0.04670807877401959,0,0.0
1580,대조,0,32.0,1.0,11.620000000000001,12.0,0.0,0.0,0.0,0.0,1,0.0,0.0,0.0,19.21,4.0,32.0,0,1,32.0,0.6931471805599453,2.5352828571130672,0.0,0,0.0
1581,대조,0,,0.0,0.0,0.0,0.0,0.0,0.0,0.0,0,0.0,0.0,0.0,0.0,0.0,90.0,0,0,90.0,0.0,0.0,0.0,0,0.0
1585,대조,0,1.0,21.0,1042.7,22520.0,2.0,13.8,0.0,0.0,1,7.49,4.0,4.0,712.03,13.0,1.0,1,1,1.0,3.091042453358316,6.9505273708260065,0.013234871007960104,0,0.0
1586,대조,0,2.0,15.0,497.44,198.0,2.0,5.98,0.0,0.0,0,6.78,2.0,2.0,224.65,9.0,2.0,1,1,2.0,2.772588722239781,6.211483221074666,0.012021550337729175,0,0.0
1587,대조,0,22.0,9.0,55.47,5580.0,0.0,0.0,0.0,0.0,0,0.0,0.0,0.0,123.58,5.0,22.0,0,1,22.0,2.302585092994046,4.033709523684745,0.0,0,0.0
1588,대조,0,2.0,26.0,491.94,212.0,6.0,14.36,0.0,0.0,1,20.14,7.0,7.0,492.2,33.0,2.0,1,1,2.0,3.295836866004329,6.20038746278222,0.02919055169329593,0,0.0
1591,대조,0,2.0,5.0,221.62,118.0,0.0,0.0,0.0,0.0,1,0.0,0.0,0.0,249.88,4.0,2.0,0,1,2.0,1.791759469228055,5.405466282065079,0.0,0,0.0
1592,대조,0,13.0,4.0,132.9,13711.0,0.0,0.0,0.0,0.0,0,5.0,2.0,1.0,115.47,3.0,13.0,1,1,13.0,1.6094379124341003,4.897093252697127,0.0,0,0.0
1593,대조,0,12.0,7.0,264.04,124.0,2.0,2.87,0.0,0.0,0,0.0,0.0,0.0,216.92000000000002,4.0,12.0,0,1,12.0,2.0794415416798357,5.57988075799164,0.010869565217391304,0,0.0
1594,대조,0,1.0,8.0,312.9,143.0,1.0,10.5,0.0,0.0,0,0.0,0.0,0.0,133.9,3.0,1.0,0,1,1.0,2.1972245773362196,5.749074463847908,0.03355704697986577,0,0.0
1595,대조,0,5.0,27.0,1155.38,106502.0,4.0,8.850000000000001,0.0,0.0,1,0.0,0.0,0.0,400.85,9.0,5.0,0,1,5.0,3.332204510175204,7.053049714939015,0.007659817549204591,0,0.0
1598,대조,0,2.0,42.0,1183.14,25690.0,11.0,25.51,0.0,0.0,0,0.0,0.0,0.0,815.77,51.0,2.0,0,1,2.0,3.7612001156935624,7.076772051697013,0.02156126916510303,0,0.0
1599,대조,0,14.0,13.0,198.97,143.0,0.0,0.0,0.0,0.0,0,4.0,2.0,2.0,641.29,13.0,14.0,1,1,14.0,2.6390573296152584,5.298167355296911,0.0,0,0.0
1604,대조,0,1.0,15.0,71.82000000000001,42.0,0.0,0.0,0.0,0.0,1,0.0,0.0,0.0,73.72,12.0,1.0,0,1,1.0,2.772588722239781,4.287990642747287,0.0,0,0.0
1605,대조,0,3.0,8.0,111.86,79.0,0.0,0.0,0.0,0.0,0,5.98,4.0,3.0,199.02,7.0,3.0,1,1,3.0,2.1972245773362196,4.726148112540994,0.0,0,0.0
1609,대조,0,1.0,52.0,3472.45,299620.0,12.0,26.29,0.0,0.0,1,37.34,17.0,15.0,2541.27,31.0,1.0,1,1,1.0,3.970291913552122,8.152903615326581,0.007571023340868839,0,0.0
1615,대조,0,1.0,8.0,329.48,182.0,1.0,2.0,0.0,0.0,0,0.0,0.0,0.0,27.6,3.0,1.0,0,1,1.0,2.1972245773362196,5.800546143088509,0.006070171178827243,0,0.0
1617,처치,1,2.0,15.0,377.48,204.0,7.0,17.44,0.0,0.0,0,15.25,6.0,4.0,523.25,14.0,2.0,1,1,2.0,2.772588722239781,5.936163231322893,0.046201123238317265,0,0.0
1618,대조,0,1.0,10.0,586.85,29808.0,5.0,16.12,0.0,0.0,1,6.19,2.0,2.0,577.66,14.0,1.0,1,1,1.0,2.3978952727983707,6.37647181331375,0.027468688762034593,0,0.0
1619,대조,0,1.0,22.0,547.41,47221.0,9.0,22.61,0.0,0.0,0,14.440000000000001,6.0,6.0,293.58,12.0,1.0,1,1,1.0,3.1354942159291497,6.307023182386968,0.04130359328474087,0,0.0
1620,대조,0,1.0,48.0,1399.94,46252.0,1.0,3.0,0.0,0.0,0,3.85,3.0,3.0,1015.69,35.0,1.0,1,1,1.0,3.8918202981106265,7.244898718867462,0.0021429489835278655,0,0.0
1621,대조,0,5.0,4.0,433.32,172.0,3.0,16.48,0.0,0.0,0,11.49,4.0,3.0,367.75,6.0,5.0,1,1,5.0,1.6094379124341003,6.073781589597195,0.0380319394442906,0,0.0
1624,대조,0,5.0,4.0,29.02,11.0,0.0,0.0,0.0,0.0,0,0.0,0.0,0.0,41.78,6.0,5.0,0,1,5.0,1.6094379124341003,3.401863826205316,0.0,0,0.0
1627,대조,0,5.0,9.0,124.12,74.0,0.0,0.0,0.0,0.0,1,0.0,0.0,0.0,10.99,2.0,5.0,0,1,5.0,2.302585092994046,4.829273276797001,0.0,0,0.0
1630,대조,0,3.0,31.0,1694.97,430.0,1.0,2.5,0.0,0.0,0,2.29,1.0,1.0,786.23,16.0,3.0,1,1,3.0,3.4657359027997265,7.436010127516156,0.001474952359038803,0,0.0
1631,대조,0,2.0,54.0,1493.74,1036.0,12.0,35.32,0.0,0.0,1,13.99,5.0,5.0,1232.23,33.0,2.0,1,1,2.0,4.007333185232471,7.309707557656681,0.023645346579726056,0,0.0
1632,대조,0,9.0,8.0,257.89,5370.0,2.0,5.0,0.0,0.0,0,2.29,1.0,1.0,404.13,13.0,9.0,1,1,9.0,2.1972245773362196,5.556403261059811,0.019388111210205904,0,0.0
1639,대조,0,1.0,14.0,248.87,145.0,2.0,4.359999999999999,0.0,0.0,0,0.0,0.0,0.0,528.89,24.0,1.0,0,1,1.0,2.70805020110221,5.520940782615359,0.017519186723992445,0,0.0
1640,대조,0,6.0,22.0,795.91,5546.0,4.0,14.78,0.0,0.0,0,3.0,2.0,1.0,820.0600000000001,22.0,6.0,1,1,6.0,3.1354942159291497,6.6807417489508945,0.018569938812177257,0,0.0
1646,대조,0,14.0,14.0,313.29,79.0,1.0,4.78,0.0,0.0,0,0.0,0.0,0.0,144.74,11.0,14.0,0,1,14.0,2.70805020110221,5.750316126561756,0.015257429218934533,0,0.0
1648,대조,0,13.0,4.0,195.31,94.0,3.0,12.61,0.0,0.0,1,18.85,9.0,4.0,246.52,4.0,13.0,1,1,13.0,1.6094379124341003,5.279695042419942,0.06456402641953816,0,0.0
1651,대조,0,36.0,2.0,41.53,8.0,0.0,0.0,0.0,0.0,0,6.08,2.0,2.0,187.26,6.0,36.0,1,1,36.0,1.0986122886681098,3.750209709265542,0.0,0,0.0
1653,대조,0,1.0,70.0,2668.17,119499.0,6.0,13.350000000000001,0.0,0.0,1,5.58,2.0,2.0,1607.4,47.0,1.0,1,1,1.0,4.2626798770413155,7.889522841643647,0.005003429316722698,0,0.0
1659,대조,0,2.0,9.0,180.51,97.0,0.0,0.0,0.0,0.0,0,5.99,2.0,2.0,250.16,16.0,2.0,1,1,2.0,2.302585092994046,5.201310748605886,0.0,0,0.0
1660,대조,0,5.0,6.0,355.62,199.0,0.0,0.0,0.0,0.0,0,0.0,0.0,0.0,163.43,5.0,5.0,0,1,5.0,1.9459101490553132,5.8766707891059005,0.0,0,0.0
1663,대조,0,3.0,10.0,45.21,3507.0,0.0,0.0,0.0,0.0,0,0.0,0.0,0.0,158.09,14.0,3.0,0,1,3.0,2.3978952727983707,3.833196224882175,0.0,0,0.0
1666,대조,0,5.0,18.0,250.76,52.0,0.0,0.0,0.0,0.0,0,0.0,0.0,0.0,157.1,9.0,5.0,0,1,5.0,2.9444389791664403,5.5284762527561515,0.0,0,0.0
1667,대조,0,1.0,7.0,178.71,77.0,0.0,0.0,0.0,0.0,0,0.0,0.0,0.0,65.14,4.0,1.0,0,1,1.0,2.0794415416798357,5.191344440543931,0.0,0,0.0
1668,대조,0,2.0,21.0,385.53000000000003,74956.0,0.0,0.0,0.0,0.0,0,0.0,0.0,0.0,238.41,10.0,2.0,0,1,2.0,3.091042453358316,5.957209484678875,0.0,0,0.0
1672,대조,0,4.0,5.0,136.08,104.0,0.0,0.0,0.0,0.0,0,0.0,0.0,0.0,430.24,17.0,4.0,0,1,4.0,1.791759469228055,4.920564697006408,0.0,0,0.0
1673,대조,0,4.0,22.0,800.42,70871.0,1.0,5.0,0.0,0.0,0,5.79,3.0,3.0,630.73,14.0,4.0,1,1,4.0,3.1354942159291497,6.686385154217069,0.006246720471752331,0,0.0
1678,대조,0,9.0,22.0,1235.33,4724.0,9.0,23.43,0.0,0.0,1,0.0,0.0,0.0,276.54,14.0,9.0,0,1,9.0,3.1354942159291497,7.119902592673333,0.01896659192280605,0,0.0
1681,대조,0,,0.0,0.0,0.0,0.0,0.0,0.0,0.0,0,0.0,0.0,0.0,266.55,10.0,90.0,0,1,90.0,0.0,0.0,0.0,0,0.0
1685,대조,0,7.0,23.0,310.99,186.0,0.0,0.0,0.0,0.0,0,0.0,0.0,0.0,198.7,10.0,7.0,0,1,7.0,3.1780538303479458,5.742971136013778,0.0,0,0.0
1686,대조,0,5.0,11.0,194.3,121.0,2.0,5.48,0.0,0.0,1,6.18,2.0,2.0,121.83,8.0,5.0,1,1,5.0,2.4849066497880004,5.274536837882633,0.028203808543489448,0,0.0
1687,대조,0,3.0,18.0,601.0,239.0,2.0,16.55,0.0,0.0,0,1.25,1.0,1.0,466.35,12.0,3.0,1,1,3.0,2.9444389791664403,6.400257445308821,0.027537437603993346,0,0.0
1689,대조,0,8.0,16.0,227.07,21858.0,0.0,0.0,0.0,0.0,1,0.0,0.0,0.0,208.78,14.0,8.0,0,1,8.0,2.833213344056216,5.429652599378058,0.0,0,0.0
1692,대조,0,26.0,17.0,294.52,6764.0,0.0,0.0,0.0,0.0,1,2.99,1.0,1.0,112.48,14.0,26.0,1,1,26.0,2.8903717578961645,5.68873651645093,0.0,0,0.0
1694,대조,0,1.0,42.0,1124.69,613.0,9.0,18.17,0.0,0.0,1,11.69,5.0,4.0,796.02,21.0,1.0,1,1,1.0,3.7612001156935624,7.026151459959837,0.016155562866212024,0,0.0
1695,대조,0,10.0,25.0,180.01,19239.0,1.0,1.77,0.0,0.0,1,0.0,0.0,0.0,43.88,6.0,10.0,0,1,10.0,3.258096538021482,5.198552278358462,0.009832787067385145,0,0.0
1696,대조,0,6.0,13.0,736.11,261.0,0.0,0.0,0.0,0.0,1,5.38,2.0,2.0,375.45,8.0,6.0,1,1,6.0,2.6390573296152584,6.60273713478345,0.0,0,0.0
1703,대조,0,12.0,15.0,301.94,163.0,0.0,0.0,0.0,0.0,0,0.0,0.0,0.0,151.71,6.0,12.0,0,1,12.0,2.772588722239781,5.71353476609888,0.0,0,0.0
1705,대조,0,8.0,27.0,284.56,6826.0,0.0,0.0,0.0,0.0,0,0.0,0.0,0.0,153.77,15.0,8.0,0,1,8.0,3.332204510175204,5.65445216463426,0.0,0,0.0
1708,대조,0,1.0,11.0,544.81,296.0,3.0,10.67,0.0,0.0,1,35.36,15.0,8.0,580.71,7.0,1.0,1,1,1.0,2.4849066497880004,6.302270929835968,0.019584809383087685,0,0.0
1709,대조,0,7.0,6.0,148.41,68.0,1.0,0.99,0.0,0.0,1,2.5,2.0,1.0,257.45,7.0,7.0,1,1,7.0,1.9459101490553132,5.006694204862994,0.0066707095209217705,0,0.0
1716,대조,0,11.0,1.0,1.34,1.0,0.0,0.0,0.0,0.0,0,1.49,1.0,1.0,313.96,20.0,11.0,1,1,11.0,0.6931471805599453,0.8501509293696101,0.0,0,0.0
1717,대조,0,4.0,8.0,82.07000000000001,47.0,3.0,7.3100000000000005,0.0,0.0,0,8.54,5.0,4.0,198.98,6.0,4.0,1,1,4.0,2.1972245773362196,4.41968362585098,0.08907030583648105,0,0.0
1720,대조,0,4.0,18.0,527.41,220.0,1.0,1.69,0.0,0.0,1,15.760000000000002,5.0,4.0,677.86,14.0,4.0,1,1,4.0,2.9444389791664403,6.269872497525869,0.0032043381809218636,0,0.0
1723,대조,0,10.0,16.0,694.89,19397.0,1.0,23.92,0.0,0.0,0,0.0,0.0,0.0,172.68,4.0,10.0,0,1,10.0,2.833213344056216,6.545191601866827,0.03442271438644966,0,0.0
1731,대조,0,17.0,11.0,518.02,9469.0,1.0,6.0,0.0,0.0,0,0.0,0.0,0.0,360.7,6.0,17.0,0,1,17.0,2.4849066497880004,6.251942418068881,0.011582564379753678,0,0.0
1732,대조,0,15.0,15.0,680.12,284.0,11.0,29.05,0.0,0.0,0,15.99,9.0,8.0,476.17,12.0,15.0,1,1,15.0,2.772588722239781,6.523738502079842,0.04271305063812268,0,0.0
1735,대조,0,30.0,10.0,460.64,29914.0,1.0,1.98,0.0,0.0,0,9.48,3.0,3.0,297.74,3.0,30.0,1,1,30.0,2.3978952727983707,6.134785366552204,0.004298367488711358,0,0.0
1740,대조,0,,0.0,0.0,0.0,0.0,0.0,0.0,0.0,1,0.0,0.0,0.0,1147.36,37.0,90.0,0,1,90.0,0.0,0.0,0.0,0,0.0
1742,대조,0,1.0,36.0,219.63,106.0,0.0,0.0,0.0,0.0,0,1.5,1.0,1.0,411.95,35.0,1.0,1,1,1.0,3.6109179126442243,5.396487090320281,0.0,0,0.0
1744,대조,0,13.0,5.0,153.42,123.0,0.0,0.0,0.0,0.0,0,0.0,0.0,0.0,65.66,3.0,13.0,0,1,13.0,1.791759469228055,5.03967616288067,0.0,0,0.0
1746,대조,0,25.0,3.0,249.36,101.0,2.0,9.58,0.0,0.0,0,4.78,2.0,1.0,253.89000000000001,7.0,25.0,1,1,25.0,1.3862943611198906,5.5228998820565005,0.03841835097850497,0,0.0
1749,대조,0,3.0,16.0,624.33,64306.0,2.0,6.22,0.0,0.0,1,3.0,1.0,1.0,387.97,12.0,3.0,1,1,3.0,2.833213344056216,6.438279510393448,0.009962679992952445,0,0.0
1751,대조,0,28.0,4.0,73.29,38.0,0.0,0.0,0.0,0.0,1,9.09,3.0,3.0,239.31,8.0,28.0,1,1,28.0,1.6094379124341003,4.307976353163715,0.0,0,0.0
1752,대조,0,5.0,22.0,604.71,5724.0,8.0,35.47,0.0,0.0,0,8.0,4.0,3.0,495.01,19.0,5.0,1,1,5.0,3.1354942159291497,6.406401323673961,0.05865621537596533,0,0.0
1753,대조,0,1.0,61.0,579.38,76466.0,3.0,5.0,0.0,0.0,1,0.0,0.0,0.0,241.42,62.0,1.0,0,1,1.0,4.127134385045092,6.363683061422511,0.008629914736442404,0,0.0
1754,대조,0,2.0,32.0,501.85,13926.0,1.0,1.8,0.0,0.0,0,3.0,2.0,1.0,394.21,21.0,2.0,1,1,2.0,3.4965075614664802,6.220291914890489,0.0035867291023214108,0,0.0
1758,대조,0,5.0,3.0,41.78,18.0,0.0,0.0,0.0,0.0,0,0.0,0.0,0.0,45.79,2.0,5.0,0,1,5.0,1.3862943611198906,3.7560707036542595,0.0,0,0.0
1759,대조,0,4.0,8.0,308.24,167.0,0.0,0.0,0.0,0.0,1,0.0,0.0,0.0,471.87,39.0,4.0,0,1,4.0,2.1972245773362196,5.734117674452274,0.0,0,0.0
1761,대조,0,2.0,2.0,114.01,53.0,0.0,0.0,0.0,0.0,0,0.0,0.0,0.0,88.74,1.0,2.0,0,1,2.0,1.0986122886681098,4.74501908110449,0.0,0,0.0
1762,대조,0,2.0,57.0,1894.66,195833.0,4.0,11.62,0.0,0.0,1,20.77,7.0,6.0,1577.3600000000001,45.0,2.0,1,1,2.0,4.060443010546419,7.547322341839821,0.006133026506074968,0,0.0
1763,대조,0,1.0,9.0,128.98,52.0,0.0,0.0,0.0,0.0,0,0.0,0.0,0.0,276.6,11.0,1.0,0,1,1.0,2.302585092994046,4.867380592466203,0.0,0,0.0
1764,대조,0,18.0,6.0,187.66,94.0,0.0,0.0,0.0,0.0,1,20.34,10.0,7.0,1307.23,10.0,18.0,1,1,18.0,1.9459101490553132,5.239946453221707,0.0,0,0.0
1765,대조,0,43.0,5.0,157.37,70.0,0.0,0.0,0.0,0.0,1,6.0,2.0,2.0,451.96,3.0,43.0,1,1,43.0,1.791759469228055,5.064934067503635,0.0,0,0.0
1767,대조,0,1.0,97.0,1301.78,746.0,1.0,1.67,0.0,0.0,0,14.36,6.0,5.0,1491.66,95.0,1.0,1,1,1.0,4.584967478670572,7.172255721733736,0.001282858854798814,0,0.0
1768,대조,0,28.0,2.0,6.12,3.0,0.0,0.0,0.0,0.0,0,1.77,1.0,1.0,145.08,8.0,28.0,1,1,28.0,1.0986122886681098,1.9629077254238845,0.0,0,0.0
1769,대조,0,9.0,23.0,1172.47,330.0,3.0,24.93,0.0,0.0,0,31.950000000000003,11.0,8.0,638.08,18.0,9.0,1,1,9.0,3.1780538303479458,7.06772045041381,0.021262804165565002,0,0.0
1772,대조,0,2.0,10.0,267.32,124.0,0.0,0.0,0.0,0.0,0,0.0,0.0,0.0,412.91,12.0,2.0,0,1,2.0,2.3978952727983707,5.592180298074899,0.0,0,0.0
1774,대조,0,1.0,16.0,798.88,343.0,1.0,2.29,0.0,0.0,0,22.61,9.0,3.0,436.52,7.0,1.0,1,1,1.0,2.833213344056216,6.684461716416802,0.002866513118365712,0,0.0
1776,대조,0,2.0,88.0,1231.99,736.0,3.0,6.53,0.0,0.0,0,8.29,3.0,3.0,693.15,47.0,2.0,1,1,2.0,4.48863636973214,7.1171973928313745,0.005300367697789755,0,0.0
1777,대조,0,5.0,12.0,116.64,40.0,0.0,0.0,0.0,0.0,0,4.58,2.0,1.0,253.15,13.0,5.0,1,1,5.0,2.5649493574615367,4.7676291136857945,0.0,0,0.0
1778,대조,0,3.0,35.0,1358.35,157892.0,9.0,21.130000000000003,0.0,0.0,1,10.97,5.0,5.0,965.17,33.0,3.0,1,1,3.0,3.58351893845611,7.214761923303338,0.015555637354142896,0,0.0
1781,대조,0,4.0,10.0,360.85,31649.0,0.0,0.0,0.0,0.0,0,7.43,3.0,3.0,371.88,11.0,4.0,1,1,4.0,2.3978952727983707,5.891229761312137,0.0,0,0.0
1785,대조,0,4.0,10.0,166.65,96.0,7.0,12.17,0.0,0.0,1,0.0,0.0,0.0,0.0,0.0,4.0,0,0,4.0,2.3978952727983707,5.121878472912238,0.07302730273027302,0,0.0
1788,대조,0,2.0,14.0,976.64,26090.0,10.0,26.61,0.0,0.0,1,7.98,2.0,2.0,938.84,21.0,2.0,1,1,2.0,2.70805020110221,6.885141504110551,0.027246477719528178,0,0.0
1791,대조,0,1.0,25.0,409.4,168.0,0.0,0.0,0.0,0.0,1,1.5,1.0,1.0,331.23,12.0,1.0,1,1,1.0,3.258096538021482,6.01713229385656,0.0,0,0.0
1792,대조,0,2.0,40.0,1125.86,31886.0,1.0,3.09,0.0,0.0,0,2.0,1.0,1.0,519.4300000000001,14.0,2.0,1,1,2.0,3.713572066704308,7.027190282720901,0.0027445685964507132,0,0.0
1793,대조,0,22.0,7.0,110.99000000000001,49.0,2.0,5.0,0.0,0.0,0,3.0,1.0,1.0,173.06,6.0,22.0,1,1,22.0,2.0794415416798357,4.718409581594602,0.04504910352283989,0,0.0
1794,대조,0,10.0,11.0,370.12,4140.0,0.0,0.0,0.0,0.0,0,11.49,3.0,3.0,205.77,4.0,10.0,1,1,10.0,2.4849066497880004,5.916525460443488,0.0,0,0.0
1796,대조,0,5.0,10.0,589.89,15925.0,2.0,2.98,0.0,0.0,1,0.0,0.0,0.0,230.81,3.0,5.0,0,1,5.0,2.3978952727983707,6.3816298748711455,0.0050517893166522575,0,0.0
1797,대조,0,18.0,12.0,624.39,259.0,0.0,0.0,0.0,0.0,1,1.5,1.0,1.0,600.24,9.0,18.0,1,1,18.0,2.5649493574615367,6.4383754551293535,0.0,0,0.0
1798,대조,0,18.0,4.0,361.88,171.0,1.0,5.0,0.0,0.0,0,2.0,1.0,1.0,264.55,7.0,18.0,1,1,18.0,1.6094379124341003,5.894072201099332,0.013816734829225158,0,0.0
1800,대조,0,12.0,7.0,493.14,34256.0,2.0,5.87,0.0,0.0,1,5.0,3.0,2.0,659.12,21.0,12.0,1,1,12.0,2.0794415416798357,6.202818877847215,0.011903313460680538,0,0.0
1802,대조,0,9.0,10.0,577.92,229.0,2.0,8.879999999999999,0.0,0.0,1,2.59,1.0,1.0,470.01,4.0,9.0,1,1,9.0,2.3978952727983707,6.3611642987694035,0.015365448504983389,0,0.0
1804,대조,0,5.0,37.0,1148.22,40180.0,3.0,7.05,0.0,0.0,1,11.72,8.0,8.0,1076.76,33.0,5.0,1,1,5.0,3.6375861597263857,7.046838730364765,0.006139938339342634,0,0.0
1806,대조,0,3.0,17.0,480.74,233.0,2.0,5.63,0.0,0.0,0,0.0,0.0,0.0,218.97,8.0,3.0,0,1,3.0,2.8903717578961645,6.177404549424647,0.011711112035611764,0,0.0
1807,대조,0,3.0,32.0,1210.96,15898.0,4.0,24.36,0.0,0.0,0,8.56,5.0,5.0,1280.1,29.0,3.0,1,1,3.0,3.4965075614664802,7.099994162784309,0.020116271387989694,0,0.0
1809,대조,0,1.0,8.0,190.11,115.0,1.0,2.69,0.0,0.0,0,0.0,0.0,0.0,171.59,7.0,1.0,0,1,1.0,2.1972245773362196,5.25284917850089,0.014149702803639997,0,0.0
1810,대조,0,2.0,54.0,714.0,230.0,3.0,8.86,0.0,0.0,0,1.25,1.0,1.0,281.59000000000003,21.0,2.0,1,1,2.0,4.007333185232471,6.5722825426940075,0.012408963585434174,0,0.0
1812,대조,0,2.0,17.0,234.82,3208.0,1.0,1.99,0.0,0.0,1,0.0,0.0,0.0,153.16,7.0,2.0,0,1,2.0,2.8903717578961645,5.463068802148527,0.00847457627118644,0,0.0
1814,대조,0,1.0,10.0,820.6800000000001,302.0,8.0,31.75,0.0,0.0,1,14.57,5.0,3.0,726.24,7.0,1.0,1,1,1.0,2.3978952727983707,6.711351024857549,0.03868742993615051,0,0.0
1815,대조,0,13.0,5.0,216.88,124.0,5.0,8.190000000000001,0.0,0.0,1,15.0,6.0,4.0,355.14,6.0,13.0,1,1,13.0,1.791759469228055,5.383944452515474,0.03776281814828477,0,0.0
1816,대조,0,20.0,20.0,421.63,31583.0,0.0,0.0,0.0,0.0,1,2.0,1.0,1.0,285.93,9.0,20.0,1,1,20.0,3.044522437723423,6.046497091777351,0.0,0,0.0
1820,대조,0,4.0,2.0,163.85,45.0,1.0,3.29,0.0,0.0,1,10.67,3.0,3.0,547.47,10.0,4.0,1,1,4.0,1.0986122886681098,5.10503596951774,0.02007934086054318,0,0.0
1821,대조,0,2.0,2.0,44.27,19.0,1.0,2.99,0.0,0.0,0,0.0,0.0,0.0,473.81,15.0,2.0,0,1,2.0,1.0986122886681098,3.8126445614478675,0.06754009487237407,0,0.0
1822,대조,0,2.0,39.0,477.4,236.0,4.0,7.29,0.0,0.0,1,5.390000000000001,2.0,2.0,565.1800000000001,37.0,2.0,1,1,2.0,3.6888794541139363,6.170447202636422,0.015270213657310433,0,0.0
1823,대조,0,2.0,36.0,1533.85,86557.0,7.0,20.490000000000002,0.0,0.0,1,24.45,10.0,8.0,1312.66,36.0,2.0,1,1,2.0,3.6109179126442243,7.336187935376693,0.013358542230335432,0,0.0
1824,대조,0,1.0,23.0,336.56,134.0,2.0,8.940000000000001,0.0,0.0,0,3.79,1.0,1.0,398.85,19.0,1.0,1,1,1.0,3.1780538303479458,5.8217432722897655,0.026562871404801524,0,0.0
1825,대조,0,14.0,7.0,452.52,27355.0,0.0,0.0,0.0,0.0,0,3.0,2.0,1.0,227.43,4.0,14.0,1,1,14.0,2.0794415416798357,6.117039370016048,0.0,0,0.0
1826,대조,0,26.0,13.0,320.43,217.0,0.0,0.0,0.0,0.0,0,0.0,0.0,0.0,269.19,11.0,26.0,0,1,26.0,2.6390573296152584,5.7727797905777205,0.0,0,0.0
1829,대조,0,5.0,54.0,1218.45,63380.0,4.0,18.39,0.0,0.0,1,4.79,2.0,2.0,855.82,36.0,5.0,1,1,5.0,4.007333185232471,7.106155216405431,0.015092945955927613,0,0.0
1832,대조,0,16.0,9.0,303.48,160.0,1.0,2.5,0.0,0.0,0,0.0,0.0,0.0,20.330000000000002,1.0,16.0,0,1,16.0,2.302585092994046,5.71860540354784,0.008237775141689732,0,0.0
1833,대조,0,8.0,11.0,468.92,5278.0,1.0,2.5,0.0,0.0,1,5.39,3.0,2.0,314.57,5.0,8.0,1,1,8.0,2.4849066497880004,6.15256246745031,0.005331399812334726,0,0.0
1834,대조,0,1.0,25.0,715.44,315.0,14.0,26.94,0.0,0.0,1,22.28,11.0,10.0,501.72,27.0,1.0,1,1,1.0,3.258096538021482,6.5742945033570575,0.037655149278765516,0,0.0
1836,대조,0,4.0,21.0,692.5,27549.0,4.0,8.26,0.0,0.0,0,9.98,4.0,4.0,447.69,10.0,4.0,1,1,4.0,3.091042453358316,6.541751239754887,0.011927797833935017,0,0.0
1837,대조,0,23.0,2.0,205.4,60.0,1.0,3.29,0.0,0.0,0,2.69,1.0,1.0,379.24,9.0,23.0,1,1,23.0,1.0986122886681098,5.329816033607408,0.01601752677702045,0,0.0
1839,대조,0,5.0,8.0,214.56,116.0,0.0,0.0,0.0,0.0,0,0.0,0.0,0.0,143.8,6.0,5.0,0,1,5.0,2.1972245773362196,5.373239293065296,0.0,0,0.0
1840,대조,0,,0.0,0.0,0.0,0.0,0.0,0.0,0.0,0,0.0,0.0,0.0,0.0,0.0,90.0,0,0,90.0,0.0,0.0,0.0,0,0.0
1841,대조,0,17.0,4.0,278.81,132.0,3.0,8.77,0.0,0.0,1,7.98,2.0,1.0,213.14000000000001,3.0,17.0,1,1,17.0,1.6094379124341003,5.634110801406882,0.03145511280083211,0,0.0
1845,대조,0,1.0,27.0,2652.9700000000003,1054.0,12.0,26.98,0.0,0.0,1,34.01,14.0,10.0,1494.2,16.0,1.0,1,1,1.0,3.332204510175204,7.8838119111357265,0.010169734297787008,0,0.0
1847,대조,0,2.0,16.0,358.47,129.0,4.0,10.46,0.0,0.0,1,12.53,5.0,5.0,399.44,17.0,2.0,1,1,2.0,2.833213344056216,5.884630724443972,0.02917956872262672,0,0.0
1848,대조,0,2.0,21.0,2057.94,702.0,6.0,16.25,0.0,0.0,1,10.77,4.0,4.0,1232.76,12.0,2.0,1,1,2.0,3.091042453358316,7.629946566243803,0.00789624576032343,0,0.0
1849,대조,0,13.0,18.0,422.18,283.0,3.0,5.34,0.0,0.0,0,0.0,0.0,0.0,224.97,13.0,13.0,0,1,13.0,2.9444389791664403,6.047797620448143,0.012648633284381068,0,0.0
1850,대조,0,1.0,34.0,950.22,83551.0,2.0,7.09,0.0,0.0,1,15.4,6.0,5.0,1292.07,29.0,1.0,1,1,1.0,3.5553480614894135,6.857745371227857,0.007461429984635137,0,0.0
1854,대조,0,1.0,45.0,1072.64,68258.0,2.0,3.0,0.0,0.0,0,1.77,1.0,1.0,305.21,14.0,1.0,1,1,1.0,3.828641396489095,6.978810023347505,0.002796837708830549,0,0.0
1857,대조,0,2.0,4.0,45.84,4658.0,0.0,0.0,0.0,0.0,0,0.0,0.0,0.0,123.7,11.0,2.0,0,1,2.0,1.6094379124341003,3.8467375387295166,0.0,0,0.0
1858,대조,0,6.0,8.0,253.91,124.0,2.0,4.17,0.0,0.0,1,9.379999999999999,4.0,4.0,200.93,6.0,6.0,1,1,6.0,2.1972245773362196,5.54091054168356,0.016423142058209602,0,0.0
1860,대조,0,5.0,16.0,183.76,27167.0,0.0,0.0,0.0,0.0,0,0.0,0.0,0.0,41.43,4.0,5.0,0,1,5.0,2.833213344056216,5.2190576855624045,0.0,0,0.0
1864,대조,0,4.0,28.0,3047.62,48338.0,4.0,11.68,0.0,0.0,1,15.469999999999999,5.0,5.0,1828.3500000000001,19.0,4.0,1,1,4.0,3.367295829986474,8.022444308194597,0.0038324988023441245,0,0.0
1869,대조,0,3.0,17.0,520.76,310.0,2.0,5.99,0.0,0.0,1,3.0,1.0,1.0,483.27,13.0,3.0,1,1,3.0,2.8903717578961645,6.257207712041009,0.011502419540671327,0,0.0
1877,대조,0,14.0,6.0,207.96,77.0,2.0,7.5,0.0,0.0,0,9.0,3.0,3.0,158.46,3.0,14.0,1,1,14.0,1.9459101490553132,5.342142846088066,0.03606462781304097,0,0.0
1879,대조,0,1.0,47.0,719.21,493.0,0.0,0.0,0.0,0.0,1,0.0,0.0,0.0,489.23,28.0,1.0,0,1,1.0,3.871201010907891,6.579542836150314,0.0,0,0.0
1881,대조,0,8.0,11.0,263.08,105.0,4.0,12.39,0.0,0.0,0,10.85,6.0,5.0,243.75,10.0,8.0,1,1,8.0,2.4849066497880004,5.576252087544938,0.04709594039835792,0,0.0
1887,대조,0,3.0,3.0,25.68,13.0,1.0,3.99,0.0,0.0,0,3.99,1.0,1.0,78.95,9.0,3.0,1,1,3.0,1.3862943611198906,3.283914221047423,0.15537383177570094,0,0.0
1889,대조,0,5.0,12.0,566.21,36581.0,6.0,13.690000000000001,0.0,0.0,0,9.71,6.0,4.0,207.46,6.0,5.0,1,1,5.0,2.5649493574615367,6.340729605527947,0.024178308401476483,0,0.0
1890,대조,0,4.0,3.0,68.53,27.0,0.0,0.0,0.0,0.0,0,3.0,2.0,1.0,21.65,1.0,4.0,1,1,4.0,1.3862943611198906,4.2417583141109265,0.0,0,0.0
1892,대조,0,2.0,77.0,1426.26,60811.0,4.0,5.9399999999999995,0.0,0.0,1,4.5,3.0,3.0,545.61,32.0,2.0,1,1,2.0,4.356708826689592,7.263511801300818,0.0041647385469689956,0,0.0
1894,대조,0,16.0,4.0,71.62,22.0,0.0,0.0,0.0,0.0,1,0.0,0.0,0.0,193.49,5.0,16.0,0,1,16.0,1.6094379124341003,4.28524036598619,0.0,0,0.0
1895,대조,0,1.0,3.0,21.79,14.0,0.0,0.0,0.0,0.0,0,3.0,2.0,2.0,59.45,5.0,1.0,1,1,1.0,1.3862943611198906,3.126321843257593,0.0,0,0.0
1896,대조,0,3.0,13.0,286.15,10209.0,2.0,4.58,0.0,0.0,1,0.0,0.0,0.0,64.31,4.0,3.0,0,1,3.0,2.6390573296152584,5.660004727310305,0.01600559147300367,0,0.0
1900,대조,0,3.0,8.0,1451.8,426.0,5.0,17.950000000000003,0.0,0.0,0,3.0,1.0,1.0,271.21,4.0,3.0,1,1,3.0,2.1972245773362196,7.2812480078470285,0.012363961978233919,0,0.0
1901,대조,0,2.0,109.0,1523.29,745.0,7.0,21.25,0.0,0.0,1,21.96,7.0,8.0,1633.43,92.0,2.0,1,1,2.0,4.700480365792417,7.329284006857901,0.01395006860151383,0,0.0
1905,대조,0,4.0,7.0,116.91,56.0,1.0,2.29,0.0,0.0,0,2.29,1.0,1.0,115.62,8.0,4.0,1,1,4.0,2.0794415416798357,4.769921621588582,0.019587717047301344,0,0.0
1906,대조,0,2.0,22.0,999.14,49534.0,3.0,8.49,0.0,0.0,0,8.78,3.0,3.0,1143.32,14.0,2.0,1,1,2.0,3.1354942159291497,6.907895269183052,0.008497307684608765,0,0.0
1907,대조,0,1.0,77.0,1594.97,91753.0,14.0,34.08,0.0,0.0,1,11.530000000000001,6.0,6.0,1130.04,51.0,1.0,1,1,1.0,4.356708826689592,7.375236980840607,0.021367173050276807,0,0.0
1911,대조,0,3.0,23.0,214.8,20650.0,1.0,3.58,0.0,0.0,1,0.0,0.0,0.0,161.61,14.0,3.0,0,1,3.0,3.1780538303479458,5.374352052824034,0.016666666666666666,0,0.0
1912,대조,0,2.0,23.0,409.33,262.0,0.0,0.0,0.0,0.0,0,0.0,0.0,0.0,358.89,18.0,2.0,0,1,2.0,3.1780538303479458,6.0169617140065,0.0,0,0.0
1918,대조,0,11.0,21.0,1132.83,47469.0,17.0,56.17,0.0,0.0,0,0.0,0.0,0.0,80.59,3.0,11.0,0,1,11.0,3.091042453358316,7.033356561233219,0.04958378574013754,0,0.0
1919,대조,0,6.0,15.0,443.34000000000003,12857.0,1.0,1.67,0.0,0.0,1,0.0,0.0,0.0,550.47,15.0,6.0,0,1,6.0,2.772588722239781,6.0965900351489815,0.003766860648712049,0,0.0
1921,대조,0,2.0,19.0,294.26,8272.0,1.0,5.0,0.0,0.0,1,4.5,2.0,2.0,77.8,7.0,2.0,1,1,2.0,2.995732273553991,5.687856324105942,0.016991775980425474,0,0.0
1922,대조,0,7.0,10.0,265.78000000000003,17338.0,0.0,0.0,0.0,0.0,0,0.0,0.0,0.0,253.22,16.0,7.0,0,1,7.0,2.3978952727983707,5.586424348712898,0.0,0,0.0
1924,대조,0,1.0,37.0,631.79,38528.0,4.0,6.18,0.0,0.0,0,2.5,2.0,1.0,649.54,19.0,1.0,1,1,1.0,3.6375861597263857,6.450138613547289,0.009781731271466785,0,0.0
1925,대조,0,8.0,19.0,685.41,284.0,1.0,2.29,0.0,0.0,0,0.0,0.0,0.0,42.58,5.0,8.0,0,1,8.0,2.995732273553991,6.531475116832198,0.0033410659313403658,0,0.0
1927,대조,0,13.0,8.0,546.01,242.0,1.0,1.0,0.0,0.0,1,13.99,7.0,4.0,828.27,9.0,13.0,1,1,13.0,2.1972245773362196,6.304467083790525,0.001831468288126591,0,0.0
1930,대조,0,4.0,44.0,476.46,193.0,4.0,21.96,0.0,0.0,0,0.0,0.0,0.0,181.71,13.0,4.0,0,1,4.0,3.8066624897703196,6.1684803867784055,0.04608991310918021,0,0.0
1931,대조,0,3.0,12.0,296.79,152.0,0.0,0.0,0.0,0.0,1,4.0,2.0,2.0,186.31,8.0,3.0,1,1,3.0,2.5649493574615367,5.696388540102489,0.0,0,0.0
1932,대조,0,54.0,2.0,22.44,7895.0,0.0,0.0,0.0,0.0,0,0.0,0.0,0.0,35.870000000000005,3.0,54.0,0,1,54.0,1.0986122886681098,3.154443964708812,0.0,0,0.0
1933,대조,0,38.0,7.0,204.96,18449.0,0.0,0.0,0.0,0.0,0,0.0,0.0,0.0,105.39,6.0,38.0,0,1,38.0,2.0794415416798357,5.32768197517794,0.0,0,0.0
1935,대조,0,3.0,23.0,1373.6,114789.0,1.0,5.98,0.0,0.0,1,0.0,0.0,0.0,1398.63,18.0,3.0,0,1,3.0,3.1780538303479458,7.225918058687505,0.004353523587652884,0,0.0
1941,대조,0,9.0,15.0,134.13,6898.0,0.0,0.0,0.0,0.0,0,0.0,0.0,0.0,73.37,16.0,9.0,0,1,9.0,2.772588722239781,4.9062372780499945,0.0,0,0.0
1942,대조,0,2.0,29.0,437.42,134.0,3.0,8.86,0.0,0.0,0,0.0,0.0,0.0,67.73,4.0,2.0,0,1,2.0,3.4011973816621555,6.083177355031181,0.020255132367061404,0,0.0
1946,대조,0,31.0,3.0,40.269999999999996,9490.0,0.0,0.0,0.0,0.0,1,0.0,0.0,0.0,284.52,5.0,31.0,0,1,31.0,1.3862943611198906,3.7201358437644902,0.0,0,0.0
1947,대조,0,8.0,10.0,736.73,267.0,2.0,6.49,0.0,0.0,0,12.47,5.0,3.0,1014.42,9.0,8.0,1,1,8.0,2.3978952727983707,6.603577904001159,0.00880919739931861,0,0.0
1948,대조,0,36.0,1.0,26.06,18.0,0.0,0.0,0.0,0.0,1,0.0,0.0,0.0,74.03,4.0,36.0,0,1,36.0,0.6931471805599453,3.2980566227426418,0.0,0,0.0
1949,대조,0,,0.0,0.0,0.0,0.0,0.0,0.0,0.0,1,0.0,0.0,0.0,0.0,0.0,90.0,0,0,90.0,0.0,0.0,0.0,0,0.0
1950,대조,0,18.0,1.0,7.050000000000001,7.0,0.0,0.0,0.0,0.0,0,0.0,0.0,0.0,30.520000000000003,1.0,18.0,0,1,18.0,0.6931471805599453,2.0856720914304723,0.0,0,0.0
1953,대조,0,1.0,14.0,209.73,98.0,2.0,2.39,0.0,0.0,1,5.88,2.0,2.0,363.3,12.0,1.0,1,1,1.0,2.70805020110221,5.350577693209122,0.011395603871644497,0,0.0
1954,대조,0,2.0,22.0,296.63,182.0,0.0,0.0,0.0,0.0,0,0.0,0.0,0.0,167.18,10.0,2.0,0,1,2.0,3.1354942159291497,5.695851104329921,0.0,0,0.0
1962,대조,0,8.0,16.0,340.54,136.0,2.0,4.53,0.0,0.0,1,2.29,1.0,1.0,140.76,6.0,8.0,1,1,8.0,2.833213344056216,5.833464802459093,0.013302402067304868,0,0.0
1964,대조,0,10.0,10.0,280.63,173.0,1.0,1.67,0.0,0.0,1,6.0,2.0,2.0,197.24,7.0,10.0,1,1,10.0,2.3978952727983707,5.6405941527004435,0.005950896197840573,0,0.0
1965,대조,0,2.0,24.0,601.89,96722.0,1.0,2.88,0.0,0.0,1,0.0,0.0,0.0,509.91,18.0,2.0,0,1,2.0,3.2188758248682006,6.401734758859212,0.004784927478442905,0,0.0
1966,대조,0,1.0,13.0,662.3,385.0,3.0,9.17,0.0,0.0,0,10.98,4.0,4.0,540.57,9.0,1.0,1,1,1.0,2.6390573296152584,6.4972273765315105,0.013845689264683679,0,0.0
1968,대조,0,6.0,8.0,228.43,131.0,2.0,3.98,0.0,0.0,0,7.2700000000000005,3.0,3.0,370.08,10.0,6.0,1,1,6.0,2.1972245773362196,5.43559797208207,0.017423280654905223,0,0.0
1969,대조,0,4.0,27.0,253.83,151.0,0.0,0.0,0.0,0.0,0,0.0,0.0,0.0,145.46,20.0,4.0,0,1,4.0,3.332204510175204,5.540596656170722,0.0,0,0.0
1970,대조,0,25.0,4.0,15.73,8.0,0.0,0.0,0.0,0.0,0,0.0,0.0,0.0,23.4,2.0,25.0,0,1,25.0,1.6094379124341003,2.8172035149987327,0.0,0,0.0
1972,대조,0,2.0,33.0,540.44,4950.0,0.0,0.0,0.0,0.0,0,1.5,1.0,1.0,469.85,16.0,2.0,1,1,2.0,3.5263605246161616,6.2942322569778035,0.0,0,0.0
1976,대조,0,6.0,23.0,697.67,361.0,1.0,1.5,0.0,0.0,1,2.99,1.0,1.0,292.59000000000003,20.0,6.0,1,1,6.0,3.1780538303479458,6.549178527753808,0.0021500136167529062,0,0.0
1978,대조,0,13.0,15.0,262.41,21335.0,0.0,0.0,0.0,0.0,0,2.99,1.0,1.0,265.52,17.0,13.0,1,1,13.0,2.772588722239781,5.5737117536606595,0.0,0,0.0
1980,대조,0,13.0,9.0,688.41,27708.0,0.0,0.0,0.0,0.0,1,2.29,1.0,1.0,346.26,3.0,13.0,1,1,13.0,2.302585092994046,6.535836159344549,0.0,0,0.0
1981,대조,0,8.0,19.0,197.6,124.0,0.0,0.0,0.0,0.0,0,2.99,1.0,1.0,51.16,6.0,8.0,1,1,8.0,2.995732273553991,5.291292751611072,0.0,0,0.0
1982,대조,0,2.0,21.0,615.52,33679.0,1.0,1.49,0.0,0.0,1,0.0,0.0,0.0,428.4,19.0,2.0,0,1,2.0,3.091042453358316,6.424090763278519,0.002420717442162724,0,0.0
1985,대조,0,3.0,27.0,1348.6200000000001,573.0,3.0,8.07,0.0,0.0,1,0.0,0.0,0.0,299.12,6.0,3.0,0,1,3.0,3.332204510175204,7.207578350327646,0.005983894647862259,0,0.0
1987,대조,0,3.0,10.0,182.94,144.0,1.0,1.0,0.0,0.0,0,1.0,1.0,1.0,117.11,5.0,3.0,1,1,3.0,2.3978952727983707,5.214609617474552,0.005466273095003827,0,0.0
1988,대조,0,16.0,15.0,687.64,17924.0,3.0,14.0,0.0,0.0,0,10.0,4.0,2.0,935.25,20.0,16.0,1,1,16.0,2.772588722239781,6.53471863809331,0.020359490431039497,0,0.0
1989,대조,0,1.0,24.0,463.93,15979.0,9.0,25.38,0.0,0.0,1,17.98,6.0,6.0,337.07,20.0,1.0,1,1,1.0,3.2188758248682006,6.141886856621021,0.05470652900222016,0,0.0
1990,대조,0,1.0,23.0,693.95,68691.0,2.0,4.58,0.0,0.0,1,3.99,2.0,2.0,180.61,7.0,1.0,1,1,1.0,3.1780538303479458,6.5438399005307675,0.006599899128179263,0,0.0
1993,대조,0,11.0,6.0,119.09,69.0,1.0,2.29,0.0,0.0,0,0.0,0.0,0.0,79.0,6.0,11.0,0,1,11.0,1.9459101490553132,4.788241461672592,0.019229154421026115,0,0.0
1996,대조,0,15.0,14.0,390.5,112.0,0.0,0.0,0.0,0.0,0,0.0,0.0,0.0,231.55,9.0,15.0,0,1,15.0,2.70805020110221,5.969985515430857,0.0,0,0.0
1997,대조,0,7.0,10.0,743.23,16751.0,3.0,7.37,0.0,0.0,1,3.5,2.0,2.0,269.01,5.0,7.0,1,1,7.0,2.3978952727983707,6.612350126844181,0.009916176688239173,0,0.0
2002,대조,0,1.0,11.0,337.44,10394.0,0.0,0.0,0.0,0.0,1,0.0,0.0,0.0,22.27,3.0,1.0,0,1,1.0,2.4849066497880004,5.8243468240563,0.0,0,0.0
2004,대조,0,2.0,34.0,1190.23,570.0,6.0,19.5,0.0,0.0,1,34.16,14.0,12.0,949.4300000000001,24.0,2.0,1,1,2.0,3.5553480614894135,7.0827416657403806,0.016383388084655906,0,0.0
2007,대조,0,4.0,11.0,657.34,19890.0,4.0,12.47,0.0,0.0,1,16.67,5.0,5.0,769.09,15.0,4.0,1,1,4.0,2.4849066497880004,6.489721515198117,0.01897039583777041,0,0.0
2008,대조,0,2.0,6.0,282.26,120.0,0.0,0.0,0.0,0.0,0,0.0,0.0,0.0,209.25,3.0,2.0,0,1,2.0,1.9459101490553132,5.64636520378625,0.0,0,0.0
2011,대조,0,1.0,17.0,163.26,72.0,0.0,0.0,0.0,0.0,1,0.0,0.0,0.0,158.13,16.0,1.0,0,1,1.0,2.8903717578961645,5.101450538312046,0.0,0,0.0
2012,대조,0,3.0,28.0,1010.67,31585.0,4.0,9.76,0.0,0.0,1,0.0,0.0,0.0,433.04,16.0,3.0,0,1,3.0,3.367295829986474,6.919357709712977,0.00965696023430002,0,0.0
2013,대조,0,8.0,17.0,458.35,267.0,2.0,5.0,0.0,0.0,1,2.29,1.0,1.0,164.61,12.0,8.0,1,1,8.0,2.8903717578961645,6.129812446717476,0.010908694229300752,0,0.0
2014,대조,0,1.0,15.0,345.28000000000003,184.0,4.0,8.49,0.0,0.0,0,3.0,1.0,1.0,310.63,5.0,1.0,1,1,1.0,2.772588722239781,5.847247696347573,0.02458873957367933,0,0.0
2015,대조,0,3.0,17.0,868.29,311.0,1.0,2.5,0.0,0.0,0,0.0,0.0,0.0,489.7,11.0,3.0,0,1,3.0,2.8903717578961645,6.7676767865102825,0.0028792223796197123,0,0.0
2017,대조,0,7.0,16.0,626.88,43633.0,2.0,3.49,0.0,0.0,1,4.76,2.0,2.0,544.83,11.0,7.0,1,1,7.0,2.833213344056216,6.442349065407006,0.00556725370086779,0,0.0
2018,대조,0,28.0,2.0,35.97,12.0,0.0,0.0,0.0,0.0,1,4.0,2.0,1.0,270.61,5.0,28.0,1,1,28.0,1.0986122886681098,3.6101067729485403,0.0,0,0.0
2019,대조,0,1.0,15.0,116.33,52.0,0.0,0.0,0.0,0.0,0,24.26,9.0,7.0,1427.9,56.0,1.0,1,1,1.0,2.772588722239781,4.764990477435532,0.0,0,0.0
2020,대조,0,3.0,33.0,859.69,395.0,2.0,6.0,0.0,0.0,1,2.29,1.0,1.0,1146.19,31.0,3.0,1,1,3.0,3.5263605246161616,6.757734393137835,0.006979259965801626,0,0.0
2021,대조,0,7.0,9.0,173.09,69.0,0.0,0.0,0.0,0.0,0,0.0,0.0,0.0,238.42000000000002,12.0,7.0,0,1,7.0,2.302585092994046,5.159572406870627,0.0,0,0.0
2024,대조,0,3.0,16.0,695.16,25678.0,1.0,2.0,0.0,0.0,1,11.83,5.0,5.0,597.76,12.0,3.0,1,1,3.0,2.833213344056216,6.54557951897237,0.0028770355026181025,0,0.0
2027,대조,0,3.0,16.0,222.06,124.0,0.0,0.0,0.0,0.0,0,11.48,5.0,5.0,175.59,13.0,3.0,1,1,3.0,2.833213344056216,5.407440793566391,0.0,0,0.0
2029,대조,0,21.0,2.0,61.9,40.0,1.0,2.99,0.0,0.0,0,0.0,0.0,0.0,74.09,3.0,21.0,0,1,21.0,1.0986122886681098,4.141546163706395,0.04830371567043619,0,0.0
2032,대조,0,10.0,8.0,50.11,18.0,0.0,0.0,0.0,0.0,0,0.0,0.0,0.0,620.77,12.0,10.0,0,1,10.0,2.1972245773362196,3.933980172780188,0.0,0,0.0
2033,대조,0,2.0,5.0,112.55,37.0,0.0,0.0,0.0,0.0,0,0.0,0.0,0.0,116.82000000000001,4.0,2.0,0,1,2.0,1.791759469228055,4.732243268551567,0.0,0,0.0
2034,대조,0,4.0,10.0,157.10999999999999,15032.0,0.0,0.0,0.0,0.0,0,3.49,1.0,1.0,451.47,15.0,4.0,1,1,4.0,2.3978952727983707,5.063290993322053,0.0,0,0.0
2035,대조,0,5.0,12.0,233.3,128.0,1.0,4.0,0.0,0.0,0,0.0,0.0,0.0,208.39000000000001,17.0,5.0,0,1,5.0,2.5649493574615367,5.45660234551375,0.017145306472353194,0,0.0
2036,대조,0,5.0,9.0,695.8,251.0,4.0,7.75,0.0,0.0,0,0.0,0.0,0.0,0.0,0.0,5.0,0,0,5.0,2.302585092994046,6.546498425538293,0.011138258120149468,0,0.0
2041,대조,0,2.0,14.0,560.48,188.0,1.0,2.99,0.0,0.0,1,0.0,0.0,0.0,158.83,3.0,2.0,0,1,2.0,2.70805020110221,6.330576154666125,0.005334713103054525,0,0.0
2042,대조,0,30.0,3.0,720.75,292.0,8.0,31.35,0.0,0.0,0,12.25,5.0,3.0,393.32,4.0,30.0,1,1,30.0,1.3862943611198906,6.581678818543044,0.04349635796045786,0,0.0
2043,대조,0,9.0,7.0,216.76,126.0,0.0,0.0,0.0,0.0,0,0.0,0.0,0.0,95.19,4.0,9.0,0,1,9.0,2.0794415416798357,5.383393538903156,0.0,0,0.0
2046,대조,0,7.0,9.0,208.11999999999998,16201.0,0.0,0.0,0.0,0.0,0,0.0,0.0,0.0,58.5,4.0,7.0,0,1,7.0,2.302585092994046,5.3429082498759115,0.0,0,0.0
2047,대조,0,7.0,10.0,521.49,17866.0,1.0,4.58,0.0,0.0,0,13.38,5.0,4.0,705.61,21.0,7.0,1,1,7.0,2.3978952727983707,6.2586058448998365,0.008782526989971045,0,0.0
2053,대조,0,1.0,24.0,404.07,7483.0,2.0,3.67,0.0,0.0,1,0.0,0.0,0.0,385.72,18.0,1.0,0,1,1.0,3.2188758248682006,6.004059891677685,0.009082584700670675,0,0.0
2055,대조,0,70.0,1.0,37.18,10.0,0.0,0.0,0.0,0.0,0,2.59,1.0,1.0,134.38,10.0,70.0,1,1,70.0,0.6931471805599453,3.6423118182976015,0.0,0,0.0
2056,대조,0,10.0,18.0,353.83,120.0,3.0,7.84,0.0,0.0,0,13.379999999999999,6.0,6.0,181.74,10.0,10.0,1,1,10.0,2.9444389791664403,5.8716388015395715,0.02215753327869316,0,0.0
2057,대조,0,2.0,20.0,576.21,37814.0,0.0,0.0,0.0,0.0,1,0.0,0.0,0.0,350.92,12.0,2.0,0,1,2.0,3.044522437723423,6.358206151766964,0.0,0,0.0
2059,대조,0,5.0,6.0,216.59,106.0,0.0,0.0,0.0,0.0,0,2.99,1.0,1.0,321.04,8.0,5.0,1,1,5.0,1.9459101490553132,5.382612558043431,0.0,0,0.0
2064,대조,0,4.0,18.0,271.29,9358.0,3.0,8.07,0.0,0.0,1,0.0,0.0,0.0,300.56,12.0,4.0,0,1,4.0,2.9444389791664403,5.606867674804115,0.029746765453942274,0,0.0
2065,대조,0,13.0,3.0,99.81,49.0,0.0,0.0,0.0,0.0,0,2.69,1.0,1.0,325.86,5.0,13.0,1,1,13.0,1.3862943611198906,4.61323755706585,0.0,0,0.0
2066,대조,0,1.0,24.0,696.19,311.0,11.0,30.47,0.0,0.0,0,0.0,0.0,0.0,134.43,8.0,1.0,0,1,1.0,3.2188758248682006,6.547057970456371,0.043766787802180435,0,0.0
2068,대조,0,12.0,12.0,276.31,27142.0,0.0,0.0,0.0,0.0,1,2.25,2.0,2.0,245.84,9.0,12.0,1,1,12.0,2.5649493574615367,5.625136013998199,0.0,0,0.0
2070,대조,0,1.0,53.0,232.35,7268.0,0.0,0.0,0.0,0.0,1,0.0,0.0,0.0,448.37,56.0,1.0,0,1,1.0,3.9889840465642745,5.4525394723958245,0.0,0,0.0
2071,대조,0,5.0,16.0,151.54,66.0,0.0,0.0,0.0,0.0,0,0.0,0.0,0.0,214.93,14.0,5.0,0,1,5.0,2.833213344056216,5.027426856736093,0.0,0,0.0
2074,대조,0,3.0,5.0,146.65,95.0,0.0,0.0,0.0,0.0,0,18.0,8.0,6.0,272.97,8.0,3.0,1,1,3.0,1.791759469228055,4.994844608189932,0.0,0,0.0
2075,대조,0,6.0,4.0,88.89,48.0,1.0,0.99,0.0,0.0,0,6.6899999999999995,5.0,5.0,172.91,5.0,6.0,1,1,6.0,1.6094379124341003,4.4985867005853075,0.011137360782990213,0,0.0
2079,대조,0,2.0,19.0,831.42,307.0,2.0,4.28,0.0,0.0,0,19.06,9.0,6.0,627.55,17.0,2.0,1,1,2.0,2.995732273553991,6.7243371211409775,0.00514781939332708,0,0.0
2080,대조,0,3.0,43.0,1534.16,44990.0,8.0,18.83,0.0,0.0,0,6.87,3.0,3.0,628.92,8.0,3.0,1,1,3.0,3.784189633918261,7.336389889116944,0.012273817593992802,0,0.0
2081,대조,0,3.0,9.0,251.3,185.0,0.0,0.0,0.0,0.0,0,0.0,0.0,0.0,88.64,4.0,3.0,0,1,3.0,2.302585092994046,5.530618855647012,0.0,0,0.0
2082,대조,0,2.0,29.0,791.44,91199.0,8.0,13.89,0.0,0.0,1,5.87,3.0,3.0,564.74,22.0,2.0,1,1,2.0,3.4011973816621555,6.675116793106126,0.017550288082482563,0,0.0
2083,대조,0,2.0,58.0,1233.42,76009.0,3.0,6.76,0.0,0.0,0,0.0,0.0,0.0,742.11,39.0,2.0,0,1,2.0,4.07753744390572,7.118356503121197,0.005480695951095328,0,0.0
2084,대조,0,3.0,19.0,271.92,77.0,1.0,1.77,0.0,0.0,1,0.0,0.0,0.0,136.83,10.0,3.0,0,1,3.0,2.995732273553991,5.609178711947223,0.0065092674315975286,0,0.0
2085,대조,0,2.0,39.0,1299.28,36925.0,2.0,7.5,0.0,0.0,1,5.1899999999999995,3.0,2.0,1336.82,43.0,2.0,1,1,2.0,3.6888794541139363,7.1703349048730765,0.005772427806169571,0,0.0
2086,대조,0,4.0,69.0,617.88,261.0,2.0,3.29,0.0,0.0,1,0.0,0.0,0.0,424.79,31.0,4.0,0,1,4.0,4.248495242049359,6.427911392824875,0.005324658509742992,0,0.0
2087,대조,0,2.0,32.0,1016.04,82449.0,6.0,12.379999999999999,0.0,0.0,1,4.76,2.0,2.0,812.02,19.0,2.0,1,1,2.0,3.4965075614664802,6.924651726641867,0.012184559663005393,0,0.0
2092,대조,0,1.0,39.0,935.89,66842.0,1.0,2.69,0.0,0.0,1,2.0,1.0,1.0,313.39,18.0,1.0,1,1,1.0,3.6888794541139363,6.842565879402475,0.002874269412003547,0,0.0
2094,대조,0,3.0,10.0,314.12,150.0,1.0,2.29,0.0,0.0,1,0.0,0.0,0.0,179.51,3.0,3.0,0,1,3.0,2.3978952727983707,5.75295351866265,0.007290207563988285,0,0.0
2098,대조,0,,0.0,0.0,0.0,0.0,0.0,0.0,0.0,0,2.29,1.0,1.0,114.28,4.0,90.0,1,1,90.0,0.0,0.0,0.0,0,0.0
2099,대조,0,18.0,3.0,88.96000000000001,20635.0,0.0,0.0,0.0,0.0,0,0.0,0.0,0.0,0.0,0.0,18.0,0,0,18.0,1.3862943611198906,4.499365127091115,0.0,0,0.0
2100,대조,0,7.0,2.0,178.8,88.0,2.0,5.98,0.0,0.0,1,1.0,1.0,1.0,451.68,11.0,7.0,1,1,7.0,1.0986122886681098,5.19184512203752,0.03344519015659955,0,0.0
2102,대조,0,5.0,11.0,236.70000000000002,85.0,0.0,0.0,0.0,0.0,1,0.0,0.0,0.0,129.02,8.0,5.0,0,1,5.0,2.4849066497880004,5.471009374366148,0.0,0,0.0
2108,대조,0,4.0,18.0,214.92000000000002,135.0,1.0,1.99,0.0,0.0,0,0.0,0.0,0.0,173.73,15.0,4.0,0,1,4.0,2.9444389791664403,5.374907968709749,0.009259259259259259,0,0.0
2109,대조,0,3.0,11.0,231.97,106.0,0.0,0.0,0.0,0.0,0,0.0,0.0,0.0,229.42,11.0,3.0,0,1,3.0,2.4849066497880004,5.45090968991121,0.0,0,0.0
2112,대조,0,3.0,14.0,576.01,281.0,5.0,10.58,0.0,0.0,1,0.0,0.0,0.0,335.42,9.0,3.0,0,1,3.0,2.70805020110221,6.3578595973804495,0.018367736671238345,0,0.0
2115,대조,0,2.0,48.0,1870.82,235773.0,8.0,22.2,0.0,0.0,1,14.27,7.0,4.0,1735.06,40.0,2.0,1,1,2.0,3.8918202981106265,7.534666498568306,0.011866454282079516,0,0.0
2123,대조,0,8.0,7.0,455.24,201.0,2.0,5.38,0.0,0.0,1,0.0,0.0,0.0,464.55,7.0,8.0,0,1,8.0,2.0794415416798357,6.123018986848283,0.011817942184342324,0,0.0
2124,대조,0,2.0,41.0,1311.51,217115.0,0.0,0.0,0.0,0.0,1,1.99,1.0,1.0,922.42,26.0,2.0,1,1,2.0,3.7376696182833684,7.179696613484373,0.0,0,0.0
2128,대조,0,5.0,27.0,751.65,42580.0,1.0,8.49,0.0,0.0,0,0.0,0.0,0.0,0.0,0.0,5.0,0,0,5.0,3.332204510175204,6.623600312306513,0.011295150668529236,0,0.0
2129,대조,0,4.0,30.0,1234.13,88633.0,0.0,0.0,0.0,0.0,1,9.48,4.0,3.0,861.53,21.0,4.0,1,1,4.0,3.4339872044851463,7.118931506680195,0.0,0,0.0
2130,대조,0,1.0,10.0,503.22,2353.0,1.0,15.0,0.0,0.0,1,1.77,1.0,1.0,246.08,5.0,1.0,1,1,1.0,2.3978952727983707,6.2230126807660024,0.029808036246572075,0,0.0
2131,대조,0,9.0,42.0,987.91,448.0,14.0,50.67,0.0,0.0,0,1.19,1.0,1.0,320.71,13.0,9.0,1,1,9.0,3.7612001156935624,6.896603326470746,0.05129009727606766,0,0.0
2133,대조,0,8.0,16.0,916.82,17370.0,4.0,8.32,0.0,0.0,1,5.99,3.0,2.0,629.19,10.0,8.0,1,1,8.0,2.833213344056216,6.822001292963229,0.009074845662180144,0,0.0
2137,대조,0,5.0,12.0,104.62,65.0,0.0,0.0,0.0,0.0,0,22.48,8.0,6.0,357.56,14.0,5.0,1,1,5.0,2.5649493574615367,4.659847747278787,0.0,0,0.0
2138,대조,0,13.0,9.0,491.27,201.0,3.0,8.98,0.0,0.0,0,2.0,2.0,1.0,344.25,14.0,13.0,1,1,13.0,2.302585092994046,6.199027346455169,0.018279154029352495,0,0.0
2139,대조,0,2.0,37.0,501.31,228.0,1.0,2.99,0.0,0.0,0,5.68,2.0,2.0,637.37,56.0,2.0,1,1,2.0,3.6375861597263857,6.219217458979092,0.005964373341844368,0,0.0
2141,대조,0,5.0,14.0,967.04,397.0,4.0,14.040000000000001,0.0,0.0,0,5.029999999999999,3.0,2.0,547.72,8.0,5.0,1,1,5.0,2.70805020110221,6.875273408736883,0.014518530774321643,0,0.0
2142,대조,0,4.0,17.0,1073.64,520.0,0.0,0.0,0.0,0.0,0,12.469999999999999,5.0,4.0,949.78,9.0,4.0,1,1,4.0,2.8903717578961645,6.979741000754758,0.0,0,0.0
2144,대조,0,26.0,1.0,47.67,16.0,1.0,2.99,0.0,0.0,0,0.0,0.0,0.0,349.92,4.0,26.0,0,1,26.0,0.6931471805599453,3.885062823845363,0.06272288651143276,0,0.0
2145,대조,0,29.0,5.0,189.38,64.0,0.0,0.0,0.0,0.0,0,0.0,0.0,0.0,211.92,6.0,29.0,0,1,29.0,1.791759469228055,5.249022074823159,0.0,0,0.0
2146,대조,0,10.0,13.0,229.65,92.0,1.0,3.69,0.0,0.0,0,8.379999999999999,4.0,3.0,210.46,4.0,10.0,1,1,10.0,2.6390573296152584,5.440901410003829,0.016067929457870674,0,0.0
2147,대조,0,1.0,10.0,569.05,13915.0,2.0,5.76,0.0,0.0,1,0.0,0.0,0.0,472.07,11.0,1.0,0,1,1.0,2.3978952727983707,6.345724076279729,0.010122133380195063,0,0.0
2149,대조,0,4.0,14.0,338.38,73927.0,0.0,0.0,0.0,0.0,0,0.0,0.0,0.0,500.08,16.0,4.0,0,1,4.0,2.70805020110221,5.82712042354468,0.0,0,0.0
2154,대조,0,29.0,2.0,70.35,32.0,0.0,0.0,0.0,0.0,1,0.0,0.0,0.0,104.73,6.0,29.0,0,1,29.0,1.0986122886681098,4.267597343922845,0.0,0,0.0
2156,대조,0,6.0,15.0,777.49,41631.0,1.0,1.77,0.0,0.0,1,2.99,1.0,1.0,487.43,12.0,6.0,1,1,6.0,2.772588722239781,6.6573561459763955,0.0022765566116606,0,0.0
2158,대조,0,3.0,21.0,480.13,77135.0,1.0,2.79,0.0,0.0,1,4.58,2.0,1.0,282.65999999999997,16.0,3.0,1,1,3.0,3.091042453358316,6.176137503859601,0.0058109262074854725,0,0.0
2159,대조,0,1.0,21.0,303.51,3965.0,2.0,5.98,0.0,0.0,0,0.0,0.0,0.0,207.13,9.0,1.0,0,1,1.0,3.091042453358316,5.718703927333203,0.019702810451055982,0,0.0
2162,대조,0,4.0,19.0,1862.42,80876.0,1.0,1.49,0.0,0.0,1,0.0,0.0,0.0,1247.41,20.0,4.0,0,1,4.0,2.995732273553991,7.53016878802731,0.0008000343638921403,0,0.0
2164,대조,0,6.0,15.0,531.53,343.0,2.0,2.0,0.0,0.0,0,0.0,0.0,0.0,231.16,7.0,6.0,0,1,6.0,2.772588722239781,6.277639234024822,0.0037627227061501705,0,0.0
2167,대조,0,9.0,21.0,566.64,320.0,1.0,0.99,0.0,0.0,0,7.34,4.0,3.0,421.95,19.0,9.0,1,1,9.0,3.091042453358316,6.341487414966337,0.001747141041931385,0,0.0
2170,대조,0,6.0,24.0,823.97,5693.0,5.0,12.46,0.0,0.0,0,17.78,7.0,7.0,659.73,21.0,6.0,1,1,6.0,3.2188758248682006,6.715347022037144,0.015121909778268626,0,0.0
2171,대조,0,7.0,13.0,522.04,221.0,3.0,3.8499999999999996,0.0,0.0,0,2.69,2.0,2.0,277.31,7.0,7.0,1,1,7.0,2.6390573296152584,6.259657942975901,0.007374913799708834,0,0.0
2173,대조,0,45.0,3.0,65.7,24.0,0.0,0.0,0.0,0.0,1,0.0,0.0,0.0,2.99,1.0,45.0,0,1,45.0,1.3862943611198906,4.200204952921578,0.0,0,0.0
2176,대조,0,4.0,64.0,620.18,60958.0,4.0,9.26,0.0,0.0,0,51.0,20.0,12.0,827.91,75.0,4.0,1,1,4.0,4.174387269895637,6.431620895006077,0.014931149021251896,0,0.0
2178,대조,0,1.0,20.0,518.65,16686.0,0.0,0.0,0.0,0.0,0,3.19,1.0,1.0,696.3,21.0,1.0,1,1,1.0,3.044522437723423,6.253155508034431,0.0,0,0.0
2179,대조,0,11.0,2.0,28.93,8.0,0.0,0.0,0.0,0.0,1,0.0,0.0,0.0,199.29,3.0,11.0,0,1,11.0,1.0986122886681098,3.3988613218646075,0.0,0,0.0
2181,대조,0,8.0,4.0,158.02,52.0,0.0,0.0,0.0,0.0,1,1.25,1.0,1.0,140.47,4.0,8.0,1,1,8.0,1.6094379124341003,5.069029980473338,0.0,0,0.0
2183,대조,0,6.0,18.0,436.53000000000003,38536.0,1.0,2.98,0.0,0.0,1,0.0,0.0,0.0,212.01000000000002,10.0,6.0,0,1,6.0,2.9444389791664403,6.081145274875328,0.006826564039126749,0,0.0
2184,대조,0,2.0,41.0,1050.48,451.0,2.0,7.78,0.0,0.0,1,6.1899999999999995,5.0,2.0,725.3,20.0,2.0,1,1,2.0,3.7376696182833684,6.957953974514883,0.007406138146371183,0,0.0
2186,대조,0,3.0,5.0,507.07,217.0,1.0,4.39,0.0,0.0,1,0.0,0.0,0.0,668.14,7.0,3.0,0,1,3.0,1.791759469228055,6.230619233361176,0.008657581793440748,0,0.0
2187,대조,0,3.0,8.0,523.06,255.0,7.0,21.68,0.0,0.0,0,0.0,0.0,0.0,170.51,6.0,3.0,0,1,3.0,2.1972245773362196,6.261606181582774,0.041448399801170044,0,0.0
2188,대조,0,1.0,14.0,344.5,153.0,1.0,5.0,0.0,0.0,1,0.0,0.0,0.0,426.3,14.0,1.0,0,1,1.0,2.70805020110221,5.844992643207725,0.01451378809869376,0,0.0
2190,대조,0,2.0,31.0,1639.38,130921.0,0.0,0.0,0.0,0.0,1,5.57,3.0,2.0,968.12,24.0,2.0,1,1,2.0,3.4657359027997265,7.402683201295323,0.0,0,0.0
2198,대조,0,2.0,46.0,673.44,18970.0,6.0,11.34,0.0,0.0,1,1.5,1.0,1.0,115.75,10.0,2.0,1,1,2.0,3.8501476017100584,6.51388271690978,0.016838916607270132,0,0.0
2199,대조,0,1.0,28.0,992.57,80375.0,4.0,9.77,0.0,0.0,1,10.06,5.0,5.0,761.49,18.0,1.0,1,1,1.0,3.367295829986474,6.9013045174866745,0.009843134489255166,0,0.0
2204,대조,0,2.0,33.0,472.52,11949.0,7.0,20.92,0.0,0.0,0,2.99,1.0,1.0,183.88,21.0,2.0,1,1,2.0,3.5263605246161616,6.16019415038247,0.044273258274782026,0,0.0
2205,대조,0,5.0,21.0,359.93,31140.0,1.0,0.99,0.0,0.0,0,3.6799999999999997,2.0,2.0,247.14000000000001,11.0,5.0,1,1,5.0,3.091042453358316,5.888684033713543,0.0027505348262162085,0,0.0
2207,대조,0,2.0,70.0,458.03000000000003,307.0,3.0,7.99,0.0,0.0,0,6.5,3.0,2.0,860.97,49.0,2.0,1,1,2.0,4.2626798770413155,6.129115567401832,0.017444272209243935,0,0.0
2209,대조,0,3.0,44.0,1698.98,179348.0,6.0,14.29,0.0,0.0,1,12.0,4.0,2.0,898.22,29.0,3.0,1,1,3.0,3.8066624897703196,7.4383717652692205,0.008410928910287349,0,0.0
2210,대조,0,3.0,2.0,21.78,10.0,0.0,0.0,0.0,0.0,0,2.69,1.0,1.0,383.14,9.0,3.0,1,1,3.0,1.0986122886681098,3.125882958019036,0.0,0,0.0
2211,대조,0,30.0,1.0,12.719999999999999,6.0,0.0,0.0,0.0,0.0,0,0.0,0.0,0.0,93.09,4.0,30.0,0,1,30.0,0.6931471805599453,2.618854622297739,0.0,0,0.0
2221,대조,0,3.0,16.0,298.29,171.0,0.0,0.0,0.0,0.0,1,3.5,2.0,2.0,247.66,13.0,3.0,1,1,3.0,2.833213344056216,5.701413003007467,0.0,0,0.0
2222,대조,0,13.0,5.0,366.99,140.0,2.0,3.69,0.0,0.0,0,3.19,1.0,1.0,394.59000000000003,4.0,13.0,1,1,13.0,1.791759469228055,5.90805576388667,0.010054769884738003,0,0.0
2225,대조,0,1.0,19.0,632.96,29293.0,2.0,3.5,0.0,0.0,0,0.0,0.0,0.0,201.81,8.0,1.0,0,1,1.0,2.995732273553991,6.451985860964225,0.005529575328614762,0,0.0
2226,대조,0,1.0,72.0,775.21,62424.0,2.0,3.99,0.0,0.0,0,3.0,2.0,1.0,1130.18,90.0,1.0,1,1,1.0,4.290459441148391,6.654423102129323,0.005146992427858258,0,0.0
2230,대조,0,9.0,11.0,259.28000000000003,103.0,0.0,0.0,0.0,0.0,0,0.0,0.0,0.0,13.96,1.0,9.0,0,1,9.0,2.4849066497880004,5.561757974626784,0.0,0,0.0
2231,대조,0,7.0,10.0,479.09000000000003,196.0,5.0,15.350000000000001,0.0,0.0,1,4.58,2.0,2.0,648.37,11.0,7.0,1,1,7.0,2.3978952727983707,6.173973586326008,0.03203990899413472,0,0.0
2233,대조,0,1.0,51.0,1396.31,119662.0,7.0,18.77,0.0,0.0,1,3.79,2.0,2.0,981.93,34.0,1.0,1,1,1.0,3.9512437185814275,7.242304238720065,0.013442573640523953,0,0.0
2234,대조,0,4.0,26.0,1056.09,66583.0,4.0,11.040000000000001,0.0,0.0,1,6.74,4.0,2.0,1034.26,22.0,4.0,1,1,4.0,3.295836866004329,6.963275128886906,0.010453654518080847,0,0.0
2235,대조,0,18.0,11.0,318.41,118.0,2.0,4.46,0.0,0.0,1,44.129999999999995,15.0,9.0,509.12,8.0,18.0,1,1,18.0,2.4849066497880004,5.766475543994624,0.014007097767029929,0,0.0
2236,대조,0,2.0,47.0,442.65,32747.0,4.0,11.0,0.0,0.0,0,5.98,3.0,3.0,531.06,31.0,2.0,1,1,2.0,3.871201010907891,6.0950359632813464,0.024850333220377274,0,0.0
2237,대조,0,3.0,25.0,745.4300000000001,31870.0,1.0,1.77,0.0,0.0,1,0.0,0.0,0.0,421.8,13.0,3.0,0,1,3.0,3.258096538021482,6.6153018416514655,0.002374468427618958,0,0.0
2238,대조,0,60.0,5.0,41.98,18.0,0.0,0.0,0.0,0.0,0,8.370000000000001,3.0,2.0,319.24,21.0,60.0,1,1,60.0,1.791759469228055,3.7607348912143643,0.0,0,0.0
2239,대조,0,11.0,1.0,12.8,14.0,0.0,0.0,0.0,0.0,0,4.14,3.0,2.0,318.4,3.0,11.0,1,1,11.0,0.6931471805599453,2.624668592163159,0.0,0,0.0
2241,대조,0,3.0,5.0,61.65,36.0,0.0,0.0,0.0,0.0,0,0.0,0.0,0.0,70.06,7.0,3.0,0,1,3.0,1.791759469228055,4.137563681342077,0.0,0,0.0
2243,대조,0,23.0,4.0,295.31,145.0,0.0,0.0,0.0,0.0,1,1.19,1.0,1.0,227.73,2.0,23.0,1,1,23.0,1.6094379124341003,5.691406203588145,0.0,0,0.0
2245,대조,0,3.0,14.0,456.23,237.0,2.0,3.0,0.0,0.0,0,5.0,4.0,1.0,609.78,15.0,3.0,1,1,3.0,2.70805020110221,6.125186546565868,0.006575630712579181,0,0.0
2247,대조,0,1.0,10.0,831.0,353.0,5.0,23.650000000000002,0.0,0.0,0,10.0,4.0,2.0,287.89,4.0,1.0,1,1,1.0,2.3978952727983707,6.723832440821209,0.028459687123947055,0,0.0
2248,대조,0,,0.0,0.0,0.0,0.0,0.0,0.0,0.0,0,0.0,0.0,0.0,0.0,0.0,90.0,0,0,90.0,0.0,0.0,0.0,0,0.0
2250,대조,0,1.0,11.0,287.0,13830.0,2.0,5.76,0.0,0.0,1,8.49,4.0,3.0,224.32,8.0,1.0,1,1,1.0,2.4849066497880004,5.662960480135946,0.020069686411149826,0,0.0
2252,대조,0,3.0,18.0,761.83,23476.0,3.0,8.780000000000001,0.0,0.0,1,0.0,0.0,0.0,603.74,12.0,3.0,0,1,3.0,2.9444389791664403,6.637035201741581,0.011524880878936246,0,0.0
2254,대조,0,1.0,13.0,318.01,25346.0,5.0,17.27,0.0,0.0,1,0.0,0.0,0.0,87.03,4.0,1.0,0,1,1.0,2.6390573296152584,5.76522245025589,0.05430646835005189,0,0.0
2260,대조,0,3.0,27.0,1224.06,133874.0,2.0,3.79,0.0,0.0,1,14.46,6.0,4.0,918.6800000000001,15.0,3.0,1,1,3.0,3.332204510175204,7.110745101371203,0.003096253451628188,0,0.0
2261,대조,0,2.0,46.0,2093.9,194800.0,7.0,17.57,0.0,0.0,0,8.27,3.0,3.0,1213.06,41.0,2.0,1,1,2.0,3.8501476017100584,7.647261098520099,0.008391040641864463,0,0.0
2264,대조,0,1.0,57.0,3494.37,22633.0,6.0,17.44,0.0,0.0,1,9.66,4.0,4.0,1406.2,31.0,1.0,1,1,1.0,4.060443010546419,8.159194514586726,0.004990885338415795,0,0.0
2269,대조,0,2.0,30.0,455.43,211.0,7.0,16.759999999999998,0.0,0.0,1,0.0,0.0,0.0,260.29,22.0,2.0,0,1,2.0,3.4339872044851463,6.123435347641878,0.03680038644797224,0,0.0
2270,대조,0,2.0,44.0,718.54,406.0,2.0,4.5,0.0,0.0,0,0.0,0.0,0.0,558.61,26.0,2.0,0,1,2.0,3.8066624897703196,6.578612118944737,0.006262699362596377,0,0.0
2273,대조,0,2.0,9.0,399.32,191.0,3.0,14.39,0.0,0.0,0,0.0,0.0,0.0,270.21,6.0,2.0,0,1,2.0,2.302585092994046,5.992264227278547,0.036036261644796154,0,0.0
2275,대조,0,8.0,9.0,72.44,28.0,1.0,1.67,0.0,0.0,0,0.0,0.0,0.0,111.33,5.0,8.0,0,1,8.0,2.302585092994046,4.296468746312235,0.023053561568194367,0,0.0
2277,대조,0,3.0,16.0,591.48,297.0,1.0,1.5,0.0,0.0,0,9.29,4.0,2.0,918.23,27.0,3.0,1,1,3.0,2.833213344056216,6.384317117165303,0.0025360113613308987,0,0.0
2278,대조,0,1.0,9.0,257.35,15449.0,0.0,0.0,0.0,0.0,0,0.0,0.0,0.0,259.5,7.0,1.0,0,1,1.0,2.302585092994046,5.5543152547331935,0.0,0,0.0
2279,대조,0,48.0,2.0,17.25,7.0,0.0,0.0,0.0,0.0,1,0.0,0.0,0.0,0.0,0.0,48.0,0,0,48.0,1.0986122886681098,2.9041650800285006,0.0,0,0.0
2281,대조,0,54.0,3.0,117.33,76.0,3.0,11.34,0.0,0.0,0,0.0,0.0,0.0,0.0,0.0,54.0,0,0,54.0,1.3862943611198906,4.773477331396467,0.09665047302480184,0,0.0
2288,대조,0,4.0,16.0,270.38,128.0,2.0,2.77,0.0,0.0,0,22.64,6.0,2.0,258.71,16.0,4.0,1,1,4.0,2.833213344056216,5.603520052717807,0.010244840594718545,0,0.0
2289,대조,0,6.0,10.0,320.04,168.0,0.0,0.0,0.0,0.0,0,3.0,1.0,1.0,161.3,5.0,6.0,1,1,6.0,2.3978952727983707,5.771565725958661,0.0,0,0.0
2293,대조,0,13.0,4.0,144.22,68.0,0.0,0.0,0.0,0.0,0,0.0,0.0,0.0,111.78,4.0,13.0,0,1,13.0,1.6094379124341003,4.978249833952101,0.0,0,0.0
2294,대조,0,3.0,68.0,3401.65,88491.0,0.0,0.0,0.0,0.0,1,15.47,5.0,5.0,2001.8500000000001,23.0,3.0,1,1,3.0,4.23410650459726,8.132309818785343,0.0,0,0.0
2296,대조,0,2.0,31.0,1614.88,700.0,3.0,6.5,0.0,0.0,1,20.96,6.0,6.0,1191.63,21.0,2.0,1,1,2.0,3.4657359027997265,7.387634978898079,0.004025066878034281,0,0.0
2298,대조,0,40.0,6.0,265.62,117.0,2.0,6.67,0.0,0.0,1,3.0,1.0,1.0,212.21,14.0,40.0,1,1,40.0,1.9459101490553132,5.585824423685531,0.025111060914087793,0,0.0
2299,대조,0,24.0,11.0,341.91,186.0,1.0,3.39,0.0,0.0,0,3.0,1.0,1.0,274.97,7.0,24.0,1,1,24.0,2.4849066497880004,5.8374680220649315,0.009914889883302623,0,0.0
2300,대조,0,10.0,16.0,507.64,312.0,4.0,6.34,0.0,0.0,1,6.0,4.0,3.0,432.46000000000004,14.0,10.0,1,1,10.0,2.833213344056216,6.231740497162493,0.01248916555039004,0,0.0
2301,대조,0,2.0,36.0,1423.54,26336.0,5.0,13.5,0.0,0.0,0,4.5,3.0,3.0,632.82,15.0,2.0,1,1,2.0,3.6109179126442243,7.2616042335718065,0.009483400536690223,0,0.0
2302,대조,0,7.0,11.0,210.17000000000002,132.0,0.0,0.0,0.0,0.0,1,2.99,1.0,1.0,210.36,5.0,7.0,1,1,7.0,2.4849066497880004,5.35266349628815,0.0,0,0.0
2303,대조,0,13.0,5.0,179.5,69.0,0.0,0.0,0.0,0.0,0,0.0,0.0,0.0,298.43,13.0,13.0,0,1,13.0,1.791759469228055,5.195730777772936,0.0,0,0.0
2310,대조,0,31.0,6.0,243.41,96.0,1.0,2.88,0.0,0.0,0,8.69,4.0,3.0,239.02,11.0,31.0,1,1,31.0,1.9459101490553132,5.49884714299066,0.011831888583049175,0,0.0
2312,대조,0,2.0,52.0,2000.78,905.0,10.0,31.3,0.0,0.0,1,14.79,6.0,5.0,1573.78,30.0,2.0,1,1,2.0,3.970291913552122,7.601792063726915,0.01564389887943702,0,0.0
2314,대조,0,14.0,11.0,768.67,337.0,3.0,9.56,0.0,0.0,1,8.379999999999999,4.0,2.0,641.45,9.0,14.0,1,1,14.0,2.4849066497880004,6.645961851556176,0.012437066621567124,0,0.0
2316,대조,0,89.0,1.0,34.38,13.0,0.0,0.0,0.0,0.0,0,0.0,0.0,0.0,68.38,4.0,89.0,0,1,89.0,0.6931471805599453,3.566146688731639,0.0,0,0.0
2322,대조,0,6.0,46.0,3141.9,188070.0,9.0,38.01,0.0,0.0,1,71.73,21.0,17.0,3539.31,43.0,6.0,1,1,6.0,3.8501476017100584,8.052901219555801,0.012097775231547788,0,0.0
2327,대조,0,5.0,4.0,184.57999999999998,13108.0,0.0,0.0,0.0,0.0,0,0.0,0.0,0.0,238.22,7.0,5.0,0,1,5.0,1.6094379124341003,5.223486055925033,0.0,0,0.0
2329,대조,0,1.0,25.0,784.35,5965.0,3.0,4.96,0.0,0.0,0,3.0,1.0,1.0,429.04,18.0,1.0,1,1,1.0,3.258096538021482,6.666129478289041,0.006323707528526805,0,0.0
2330,대조,0,2.0,10.0,662.23,20574.0,5.0,12.17,0.0,0.0,1,19.05,7.0,6.0,875.54,11.0,2.0,1,1,2.0,2.3978952727983707,6.4971218380211635,0.018377300937740662,0,0.0
2336,대조,0,6.0,7.0,331.72,230.0,0.0,0.0,0.0,0.0,0,7.58,4.0,3.0,329.84,9.0,6.0,1,1,6.0,2.0794415416798357,5.807301295434656,0.0,0,0.0
2337,대조,0,1.0,202.0,1939.57,1174.0,9.0,18.95,0.0,0.0,1,8.28,3.0,3.0,1546.4,146.0,1.0,1,1,1.0,5.313205979041787,7.570737023335356,0.009770206798414081,0,0.0
2338,대조,0,11.0,5.0,89.23,11894.0,1.0,2.5,0.0,0.0,0,0.0,0.0,0.0,198.83,4.0,11.0,0,1,11.0,1.791759469228055,4.50236196600641,0.028017482909335423,0,0.0
2341,대조,0,1.0,37.0,511.44,412.0,2.0,4.55,0.0,0.0,1,0.0,0.0,0.0,586.73,28.0,1.0,0,1,1.0,3.6375861597263857,6.239183630988233,0.008896449241357735,0,0.0
2342,대조,0,1.0,21.0,832.1,148624.0,12.0,35.72,0.0,0.0,1,7.58,3.0,3.0,594.95,19.0,1.0,1,1,1.0,3.091042453358316,6.725153682980864,0.04292753274846773,0,0.0
2343,대조,0,2.0,42.0,794.54,82790.0,1.0,3.49,0.0,0.0,1,21.57,9.0,7.0,578.31,27.0,2.0,1,1,2.0,3.7612001156935624,6.679021129354682,0.004392478666901604,0,0.0
2344,대조,0,26.0,7.0,355.28000000000003,175.0,0.0,0.0,0.0,0.0,0,0.0,0.0,0.0,413.82,10.0,26.0,0,1,26.0,2.0794415416798357,5.875716938563669,0.0,0,0.0
2345,대조,0,5.0,21.0,517.5,8664.0,2.0,5.0,0.0,0.0,0,2.29,1.0,1.0,560.3100000000001,5.0,5.0,1,1,5.0,3.091042453358316,6.250940027669582,0.00966183574879227,0,0.0
2346,대조,0,15.0,5.0,149.85999999999999,67.0,1.0,1.99,0.0,0.0,0,3.24,2.0,2.0,189.1,3.0,15.0,1,1,15.0,1.791759469228055,5.016352254425485,0.013279060456425998,0,0.0
2347,대조,0,13.0,4.0,30.54,15.0,1.0,4.0,0.0,0.0,1,6.0,2.0,2.0,66.61,2.0,13.0,1,1,13.0,1.6094379124341003,3.451256581534892,0.13097576948264572,0,0.0
2350,대조,0,12.0,9.0,323.15,5002.0,2.0,5.76,0.0,0.0,0,4.5,2.0,2.0,386.6,11.0,12.0,1,1,12.0,2.302585092994046,5.781206371621004,0.017824539687451648,0,0.0
2354,대조,0,2.0,13.0,734.57,54837.0,3.0,8.67,0.0,0.0,0,14.67,3.0,2.0,255.59,5.0,2.0,1,1,2.0,2.6390573296152584,6.600645708864258,0.011802823420504512,0,0.0
2356,대조,0,1.0,19.0,430.48,266.0,0.0,0.0,0.0,0.0,0,0.0,0.0,0.0,36.69,5.0,1.0,0,1,1.0,2.995732273553991,6.067221159507229,0.0,0,0.0
2358,대조,0,1.0,14.0,574.29,172.0,0.0,0.0,0.0,0.0,0,0.0,0.0,0.0,179.20000000000002,5.0,1.0,0,1,1.0,2.70805020110221,6.354874261482819,0.0,0,0.0
2359,대조,0,3.0,19.0,355.90999999999997,14693.0,0.0,0.0,0.0,0.0,1,0.0,0.0,0.0,619.83,31.0,3.0,0,1,3.0,2.995732273553991,5.877483649156544,0.0,0,0.0
2360,대조,0,2.0,51.0,1434.11,167355.0,7.0,13.719999999999999,0.0,0.0,1,26.72,13.0,10.0,1248.84,47.0,2.0,1,1,2.0,3.9512437185814275,7.268996780308138,0.009566909093444714,0,0.0
2361,대조,0,1.0,15.0,787.0,283.0,5.0,16.700000000000003,0.0,0.0,1,12.46,4.0,4.0,408.63,6.0,1.0,1,1,1.0,2.772588722239781,6.669498089857879,0.021219822109275734,0,0.0
2364,대조,0,3.0,19.0,1309.57,568.0,1.0,2.29,0.0,0.0,1,0.0,0.0,0.0,917.79,12.0,3.0,0,1,3.0,2.995732273553991,7.178217436064148,0.0017486655925227365,0,0.0
2366,대조,0,2.0,22.0,755.89,38116.0,14.0,38.14,0.0,0.0,0,7.04,4.0,4.0,672.9,17.0,2.0,1,1,2.0,3.1354942159291497,6.629217932442933,0.05045707708793608,0,0.0
2367,대조,0,2.0,23.0,1102.14,6929.0,4.0,11.27,0.0,0.0,1,9.0,4.0,3.0,902.78,26.0,2.0,1,1,2.0,3.1780538303479458,7.005915937762924,0.010225561180975192,0,0.0
2369,대조,0,16.0,11.0,315.62,78403.0,2.0,6.5,0.0,0.0,0,3.0,2.0,2.0,308.4,13.0,16.0,1,1,16.0,2.4849066497880004,5.757702316645632,0.020594385653634115,0,0.0
2370,대조,0,1.0,27.0,801.57,47590.0,2.0,3.99,0.0,0.0,1,1.0,1.0,1.0,529.91,16.0,1.0,1,1,1.0,3.332204510175204,6.687819078614411,0.004977731202515064,0,0.0
2372,대조,0,9.0,7.0,326.17,15795.0,0.0,0.0,0.0,0.0,0,0.0,0.0,0.0,399.89,5.0,9.0,0,1,9.0,2.0794415416798357,5.790479913483513,0.0,0,0.0
2373,대조,0,19.0,14.0,223.72,120.0,0.0,0.0,0.0,0.0,0,2.5,1.0,1.0,114.99,7.0,19.0,1,1,19.0,2.70805020110221,5.414855182795988,0.0,0,0.0
2374,대조,0,8.0,12.0,769.82,9584.0,2.0,5.78,0.0,0.0,1,31.45,14.0,10.0,528.74,8.0,8.0,1,1,8.0,2.5649493574615367,6.647454883271573,0.007508248681509963,0,0.0
2375,대조,0,4.0,3.0,55.76,11.0,0.0,0.0,0.0,0.0,0,0.0,0.0,0.0,202.67000000000002,7.0,4.0,0,1,4.0,1.3862943611198906,4.038831852291842,0.0,0,0.0
2376,대조,0,13.0,13.0,233.28,75.0,2.0,6.25,0.0,0.0,1,0.0,0.0,0.0,91.55000000000001,8.0,13.0,0,1,13.0,2.6390573296152584,5.456516981221582,0.026791838134430725,0,0.0
2377,대조,0,20.0,8.0,73.13,3793.0,1.0,1.49,0.0,0.0,0,0.0,0.0,0.0,15.18,1.0,20.0,0,1,20.0,2.1972245773362196,4.305820308668628,0.02037467523588131,0,0.0
2378,대조,0,7.0,8.0,155.91,12546.0,0.0,0.0,0.0,0.0,1,24.5,14.0,7.0,695.02,13.0,7.0,1,1,7.0,2.1972245773362196,5.055672392570977,0.0,0,0.0
2379,대조,0,2.0,10.0,314.12,127.0,1.0,1.99,0.0,0.0,0,0.0,0.0,0.0,62.68,7.0,2.0,0,1,2.0,2.3978952727983707,5.75295351866265,0.006335158538138291,0,0.0
2380,대조,0,4.0,12.0,272.87,52404.0,1.0,2.5,0.0,0.0,1,2.74,1.0,1.0,503.49,23.0,4.0,1,1,4.0,2.5649493574615367,5.612653541245099,0.009161871953677575,0,0.0
2381,대조,0,1.0,20.0,391.41,16350.0,0.0,0.0,0.0,0.0,0,1.5,1.0,1.0,137.34,8.0,1.0,1,1,1.0,3.044522437723423,5.972307211566288,0.0,0,0.0
2385,대조,0,3.0,14.0,263.8,15688.0,2.0,7.18,0.0,0.0,0,4.77,2.0,2.0,900.77,51.0,3.0,1,1,3.0,2.70805020110221,5.578974824062853,0.027217589082638362,0,0.0
2386,대조,0,2.0,11.0,199.96,62.0,1.0,2.0,0.0,0.0,0,6.0,2.0,2.0,111.3,6.0,2.0,1,1,2.0,2.4849066497880004,5.303105883279834,0.010002000400080016,0,0.0
2388,대조,0,8.0,5.0,87.76,100.0,0.0,0.0,0.0,0.0,0,14.0,6.0,4.0,228.94,10.0,8.0,1,1,8.0,1.791759469228055,4.485936098064394,0.0,0,0.0
2390,대조,0,5.0,5.0,81.92,31.0,0.0,0.0,0.0,0.0,1,0.0,0.0,0.0,199.29,10.0,5.0,0,1,5.0,1.791759469228055,4.417876287567579,0.0,0,0.0
2393,대조,0,15.0,6.0,408.26,139.0,4.0,14.57,0.0,0.0,1,2.99,1.0,1.0,283.68,6.0,15.0,1,1,15.0,1.9459101490553132,6.014350650894683,0.03568804193406163,0,0.0
2394,대조,0,1.0,20.0,363.65999999999997,125829.0,0.0,0.0,0.0,0.0,0,5.67,3.0,2.0,335.1,15.0,1.0,1,1,1.0,3.044522437723423,5.898965412611059,0.0,0,0.0
2395,대조,0,3.0,34.0,656.41,410.0,1.0,2.29,0.0,0.0,0,0.0,0.0,0.0,947.92,30.0,3.0,0,1,3.0,3.5553480614894135,6.4883078725534284,0.0034886732377629836,0,0.0
2398,대조,0,1.0,13.0,343.49,144.0,4.0,10.49,0.0,0.0,0,9.0,3.0,3.0,127.65,4.0,1.0,1,1,1.0,2.6390573296152584,5.842065062456208,0.030539462575329704,0,0.0
2400,대조,0,4.0,51.0,1766.33,99541.0,2.0,5.0,0.0,0.0,1,18.29,9.0,5.0,1402.29,34.0,4.0,1,1,4.0,3.9512437185814275,7.477225212098358,0.0028307281198869973,0,0.0
2405,대조,0,1.0,18.0,383.43,37760.0,1.0,1.98,0.0,0.0,1,0.0,0.0,0.0,148.55,4.0,1.0,0,1,1.0,2.9444389791664403,5.95176171775536,0.005163915186605117,0,0.0
2406,대조,0,26.0,8.0,396.63,40978.0,3.0,5.0,0.0,0.0,1,24.69,11.0,4.0,599.59,18.0,26.0,1,1,26.0,2.1972245773362196,5.9855219246523035,0.012606207296472783,0,0.0
2411,대조,0,6.0,16.0,380.2,161.0,1.0,1.5,0.0,0.0,1,0.0,0.0,0.0,240.13,9.0,6.0,0,1,6.0,2.833213344056216,5.943324171780047,0.003945291951604419,0,0.0
2412,대조,0,1.0,58.0,2224.37,1168.0,3.0,10.96,0.0,0.0,0,13.56,5.0,4.0,1706.15,36.0,1.0,1,1,1.0,4.07753744390572,7.7076784729101675,0.004927237824642484,0,0.0
2415,대조,0,4.0,50.0,554.75,260.0,3.0,10.48,0.0,0.0,0,6.0,2.0,2.0,277.49,13.0,4.0,1,1,4.0,3.9318256327243257,6.320318552844306,0.018891392519152773,0,0.0
2416,대조,0,3.0,10.0,396.75,153.0,6.0,13.5,0.0,0.0,0,10.76,4.0,4.0,537.44,13.0,3.0,1,1,3.0,2.3978952727983707,5.985823667217896,0.034026465028355386,0,0.0
2419,대조,0,3.0,14.0,186.32,4342.0,0.0,0.0,0.0,0.0,0,1.5,1.0,1.0,152.31,9.0,3.0,1,1,3.0,2.70805020110221,5.232818384315341,0.0,0,0.0
2421,대조,0,1.0,9.0,1114.08,507.0,7.0,19.759999999999998,0.0,0.0,1,15.95,6.0,5.0,787.58,6.0,1.0,1,1,1.0,2.302585092994046,7.0166814301993155,0.017736607784001147,0,0.0
2423,대조,0,21.0,8.0,368.46,201.0,1.0,3.5,0.0,0.0,0,5.38,2.0,1.0,280.87,5.0,21.0,1,1,21.0,2.1972245773362196,5.912042480130491,0.009498995820441839,0,0.0
2424,대조,0,13.0,19.0,569.75,252.0,2.0,3.99,0.0,0.0,0,9.98,2.0,2.0,435.72,12.0,13.0,1,1,13.0,2.995732273553991,6.346951285409905,0.007003071522597631,0,0.0
2425,대조,0,5.0,31.0,1366.75,129372.0,0.0,0.0,0.0,0.0,0,2.29,1.0,1.0,511.53000000000003,16.0,5.0,1,1,5.0,3.4657359027997265,7.220922332943935,0.0,0,0.0
2426,대조,0,16.0,14.0,305.66,25006.0,2.0,3.0,0.0,0.0,1,6.0,3.0,2.0,316.64,12.0,16.0,1,1,16.0,2.70805020110221,5.725739642008243,0.0098148269318851,0,0.0
2429,대조,0,30.0,5.0,196.04,96.0,0.0,0.0,0.0,0.0,0,0.0,0.0,0.0,174.88,4.0,30.0,0,1,30.0,1.791759469228055,5.283406753812282,0.0,0,0.0
2430,대조,0,12.0,8.0,226.03,17982.0,1.0,3.99,0.0,0.0,0,5.78,2.0,2.0,379.25,10.0,12.0,1,1,12.0,2.1972245773362196,5.425082167339534,0.017652524001238776,0,0.0
2432,대조,0,4.0,27.0,728.9399999999999,47404.0,4.0,6.68,0.0,0.0,1,6.5,3.0,3.0,529.71,16.0,4.0,1,1,4.0,3.332204510175204,6.5929623389836856,0.009163991549373062,0,0.0
2437,대조,0,15.0,12.0,911.19,331.0,14.0,43.0,0.0,0.0,1,30.73,13.0,10.0,494.95,8.0,15.0,1,1,15.0,2.5649493574615367,6.8158483017092895,0.04719103589811126,0,0.0
2438,대조,0,6.0,18.0,231.2,12153.0,0.0,0.0,0.0,0.0,0,0.0,0.0,0.0,307.34000000000003,16.0,6.0,0,1,6.0,2.9444389791664403,5.4475990692637914,0.0,0,0.0
2439,대조,0,6.0,18.0,154.04,116.0,1.0,2.99,0.0,0.0,0,1.98,1.0,1.0,79.22,8.0,6.0,1,1,6.0,2.9444389791664403,5.043683148142456,0.01941054271617762,0,0.0
2440,대조,0,7.0,10.0,214.96,86.0,0.0,0.0,0.0,0.0,0,0.0,0.0,0.0,149.12,8.0,7.0,0,1,7.0,2.3978952727983707,5.375093205350086,0.0,0,0.0
2441,대조,0,8.0,15.0,185.75,98.0,0.0,0.0,0.0,0.0,0,0.0,0.0,0.0,45.17,5.0,8.0,0,1,8.0,2.772588722239781,5.229770824012927,0.0,0,0.0
2446,대조,0,7.0,27.0,1000.07,127110.0,6.0,20.450000000000003,0.0,0.0,1,12.0,8.0,3.0,769.96,21.0,7.0,1,1,7.0,3.332204510175204,6.908824706940157,0.02044856860019799,0,0.0
2447,대조,0,6.0,20.0,1152.69,317.0,1.0,4.39,0.0,0.0,1,4.98,2.0,2.0,1337.32,18.0,6.0,1,1,6.0,3.044522437723423,7.050720780131095,0.0038084827663985975,0,0.0
2450,대조,0,3.0,19.0,771.99,112521.0,7.0,13.72,0.0,0.0,0,2.0,1.0,1.0,314.69,9.0,3.0,1,1,3.0,2.995732273553991,6.650266111893135,0.017772250935892953,0,0.0
2453,대조,0,3.0,11.0,593.02,244.0,5.0,12.16,0.0,0.0,1,12.27,7.0,4.0,700.71,16.0,3.0,1,1,3.0,2.4849066497880004,6.386912988829492,0.020505210616842604,0,0.0
2455,대조,0,6.0,9.0,359.94,179.0,0.0,0.0,0.0,0.0,1,0.0,0.0,0.0,287.37,8.0,6.0,0,1,6.0,2.302585092994046,5.888711739533152,0.0,0,0.0
2456,대조,0,3.0,13.0,178.54,93.0,3.0,13.870000000000001,0.0,0.0,0,0.0,0.0,0.0,200.98,12.0,3.0,0,1,3.0,2.6390573296152584,5.190398024328542,0.07768567267839141,0,0.0
2457,대조,0,1.0,14.0,342.64,174.0,5.0,10.34,0.0,0.0,0,0.0,0.0,0.0,35.25,3.0,1.0,0,1,1.0,2.70805020110221,5.839594597769856,0.030177445715619894,0,0.0
2462,대조,0,12.0,24.0,1560.22,569.0,0.0,0.0,0.0,0.0,0,10.780000000000001,4.0,4.0,1291.15,22.0,12.0,1,1,12.0,3.2188758248682006,7.353222845882872,0.0,0,0.0
2466,대조,0,27.0,6.0,87.06,54.0,0.0,0.0,0.0,0.0,0,7.17,3.0,2.0,314.81,16.0,27.0,1,1,27.0,1.9459101490553132,4.478018400327608,0.0,0,0.0
2467,대조,0,1.0,60.0,1568.19,20580.0,7.0,13.71,0.0,0.0,1,11.04,6.0,4.0,1044.25,38.0,1.0,1,1,1.0,4.110873864173311,7.358314841641118,0.00874256308227957,0,0.0
2468,대조,0,2.0,17.0,619.22,303.0,1.0,1.99,0.0,0.0,0,3.0,1.0,1.0,144.89000000000001,7.0,2.0,1,1,2.0,2.8903717578961645,6.430074253808448,0.0032137204870643712,0,0.0
2470,대조,0,1.0,15.0,153.88,94.0,0.0,0.0,0.0,0.0,0,0.0,0.0,0.0,31.94,5.0,1.0,0,1,1.0,2.772588722239781,5.042650623528266,0.0,0,0.0
2472,대조,0,18.0,3.0,43.6,33.0,0.0,0.0,0.0,0.0,0,0.0,0.0,0.0,21.1,3.0,18.0,0,1,18.0,1.3862943611198906,3.7977338590260183,0.0,0,0.0
2475,대조,0,1.0,20.0,713.64,262.0,1.0,2.79,0.0,0.0,0,0.0,0.0,0.0,541.85,9.0,1.0,0,1,1.0,3.044522437723423,6.571778919393584,0.003909534218933916,0,0.0
2477,대조,0,21.0,4.0,42.6,12948.0,0.0,0.0,0.0,0.0,0,0.0,0.0,0.0,102.26,3.0,21.0,0,1,21.0,1.6094379124341003,3.775057150354989,0.0,0,0.0
2479,대조,0,1.0,21.0,2334.84,75043.0,5.0,12.08,0.0,0.0,1,7.18,2.0,2.0,1485.96,14.0,1.0,1,1,1.0,3.091042453358316,7.75612684845167,0.005173802059241747,0,0.0
2481,대조,0,1.0,21.0,732.3,15395.0,8.0,26.3,0.0,0.0,0,16.02,8.0,5.0,804.01,19.0,1.0,1,1,1.0,3.091042453358316,6.597554895099754,0.035914242796668036,0,0.0
2483,대조,0,,0.0,0.0,0.0,0.0,0.0,0.0,0.0,1,0.0,0.0,0.0,0.0,0.0,90.0,0,0,90.0,0.0,0.0,0.0,0,0.0
2484,대조,0,3.0,25.0,1259.8,86811.0,1.0,3.98,0.0,0.0,0,0.0,0.0,0.0,569.77,13.0,3.0,0,1,3.0,3.258096538021482,7.139501719103615,0.0031592316240673123,0,0.0
2485,대조,0,6.0,17.0,386.38,18880.0,2.0,5.99,0.0,0.0,0,9.870000000000001,4.0,3.0,448.58,16.0,6.0,1,1,6.0,2.8903717578961645,5.959406123414093,0.015502872819504116,0,0.0
2486,대조,0,17.0,5.0,241.63,3898.0,5.0,9.379999999999999,0.0,0.0,1,9.0,3.0,3.0,306.62,5.0,17.0,1,1,17.0,1.791759469228055,5.491537649210889,0.038819682986384135,0,0.0
2489,대조,0,6.0,16.0,1595.61,15484.0,7.0,15.19,0.0,0.0,1,10.58,4.0,3.0,1443.24,16.0,6.0,1,1,6.0,2.833213344056216,7.3756379105016165,0.009519870143706796,0,0.0
2493,대조,0,4.0,21.0,554.58,27635.0,3.0,9.379999999999999,0.0,0.0,0,12.98,6.0,4.0,411.0,19.0,4.0,1,1,4.0,3.091042453358316,6.320012613112047,0.016913700458004253,0,0.0
2494,대조,0,17.0,1.0,23.34,11445.0,0.0,0.0,0.0,0.0,1,0.0,0.0,0.0,397.29,4.0,17.0,0,1,17.0,0.6931471805599453,3.1921210875593813,0.0,0,0.0
2496,대조,0,1.0,9.0,698.96,33236.0,2.0,5.88,0.0,0.0,1,2.5,1.0,1.0,412.56,5.0,1.0,1,1,1.0,2.302585092994046,6.551023190553547,0.008412498569302963,0,0.0
2497,대조,0,3.0,37.0,1257.71,501.0,4.0,12.95,0.0,0.0,1,5.68,2.0,2.0,532.22,21.0,3.0,1,1,3.0,3.6375861597263857,7.137842665970754,0.010296491242019224,0,0.0
2498,대조,0,3.0,6.0,56.7,24.0,0.0,0.0,0.0,0.0,1,29.08,10.0,10.0,487.55,29.0,3.0,1,1,3.0,1.9459101490553132,4.055257173514054,0.0,0,0.0
2499,대조,0,9.0,11.0,168.23,37826.0,1.0,1.19,0.0,0.0,1,5.1899999999999995,3.0,2.0,314.81,11.0,9.0,1,1,9.0,2.4849066497880004,5.131258736419994,0.007073649170778101,0,0.0
2500,대조,0,12.0,12.0,548.54,9337.0,1.0,2.88,0.0,0.0,0,7.2700000000000005,3.0,2.0,374.62,6.0,12.0,1,1,12.0,2.5649493574615367,6.309081564642951,0.005250300798483247,0,0.0
