household_key,group,treatment,recency_days,pre_baskets,pre_sales,pre_quantity,pre_target_purchase_count,pre_target_sales,pre_coupon_redemptions,pre_campaign_count_raw,has_demographic,target_sales,target_quantity,target_purchase_count,total_sales,baskets,recency_days_filled,target_purchase,any_purchase,pre_recency_capped,log_pre_baskets,log_pre_sales,pre_target_share,pre_coupon_user,pre_campaign_count_c
1,대조,0,14.0,10.0,604.71,311.0,1.0,2.0,0.0,1.0,1,0.0,0.0,0.0,257.08,4.0,14.0,0,1,14.0,2.3978952727983707,6.406401323673961,0.0033073704751037684,0,1.0
2,대조,0,6.0,5.0,312.07,118.0,2.0,3.59,0.0,0.0,0,0.0,0.0,0.0,0.0,0.0,6.0,0,0,6.0,1.791759469228055,5.746426807708494,0.011503829269074246,0,0.0
3,대조,0,31.0,4.0,346.62,198.0,0.0,0.0,0.0,0.0,0,0.0,0.0,0.0,181.68,3.0,31.0,0,1,31.0,1.6094379124341003,5.851109929135334,0.0,0,0.0
4,대조,0,10.0,7.0,274.76,68.0,2.0,5.0,0.0,0.0,0,0.0,0.0,0.0,32.3,5.0,10.0,0,1,10.0,2.0794415416798357,5.61953092220861,0.01819769981074392,0,0.0
6,대조,0,3.0,31.0,918.98,361.0,0.0,0.0,0.0,0.0,0,0.0,0.0,0.0,454.47,17.0,3.0,0,1,3.0,3.4657359027997265,6.824351930676353,0.0,0,0.0
7,대조,0,18.0,5.0,277.36,153.0,0.0,0.0,0.0,0.0,1,0.0,0.0,0.0,191.24,4.0,18.0,0,1,18.0,1.791759469228055,5.628915239976649,0.0,0,0.0
16,처치,1,4.0,22.0,376.11,29189.0,1.0,3.0,0.0,0.0,1,3.58,2.0,1.0,108.61,8.0,4.0,1,1,4.0,3.1354942159291497,5.932536922077654,0.007976389885937624,0,0.0
18,대조,0,4.0,20.0,1151.3600000000001,11889.0,0.0,0.0,0.0,0.0,1,0.0,0.0,0.0,216.45000000000002,5.0,4.0,0,1,4.0,3.044522437723423,7.049567292437882,0.0,0,0.0
19,대조,0,3.0,34.0,1077.92,609.0,1.0,2.5,0.0,0.0,1,0.0,0.0,0.0,303.41,12.0,3.0,0,1,3.0,3.5553480614894135,6.983715819784682,0.002319281579337984,0,0.0
20,대조,0,1.0,69.0,1286.48,84896.0,5.0,16.18,0.0,0.0,1,1.55,1.0,1.0,508.04,29.0,1.0,1,1,1.0,4.248495242049359,7.160442098436655,0.01257695416951682,0,0.0
23,대조,0,3.0,27.0,722.23,75676.0,0.0,0.0,0.0,0.0,0,0.0,0.0,0.0,137.01000000000002,7.0,3.0,0,1,3.0,3.332204510175204,6.5837272905184845,0.0,0,0.0
26,대조,0,15.0,9.0,272.37,137.0,0.0,0.0,0.0,0.0,0,0.0,0.0,0.0,36.64,2.0,15.0,0,1,15.0,2.302585092994046,5.610826188934837,0.0,0,0.0
28,대조,0,6.0,14.0,212.87,57.0,4.0,10.99,0.0,0.0,0,25.14,8.0,8.0,106.45,7.0,6.0,1,1,6.0,2.70805020110221,5.365368353797646,0.05162775402828017,0,0.0
31,대조,0,19.0,4.0,162.71,52124.0,0.0,0.0,0.0,0.0,1,6.24,1.0,1.0,260.87,1.0,19.0,1,1,19.0,1.6094379124341003,5.09809656986625,0.0,0,0.0
36,대조,0,21.0,13.0,104.42999999999999,35.0,0.0,0.0,0.0,0.0,0,7.38,2.0,1.0,65.94,5.0,21.0,1,1,21.0,2.6390573296152584,4.6580472255888585,0.0,0,0.0
37,대조,0,11.0,10.0,615.0,17526.0,0.0,0.0,0.0,0.0,0,0.0,0.0,0.0,333.21,6.0,11.0,0,1,11.0,2.3978952727983707,6.423246963533519,0.0,0,0.0
38,대조,0,2.0,3.0,32.71,6.0,0.0,0.0,0.0,1.0,0,0.0,0.0,0.0,70.73,5.0,2.0,0,1,2.0,1.3862943611198906,3.5177945292459696,0.0,0,1.0
41,대조,0,2.0,11.0,338.88,166.0,0.0,0.0,0.0,0.0,0,0.0,0.0,0.0,103.68,4.0,2.0,0,1,2.0,2.4849066497880004,5.82859261413534,0.0,0,0.0
42,대조,0,4.0,15.0,301.64,233.0,0.0,0.0,0.0,0.0,1,0.0,0.0,0.0,116.73,5.0,4.0,0,1,4.0,2.772588722239781,5.7125439803247735,0.0,0,0.0
45,대조,0,9.0,13.0,133.67000000000002,54.0,0.0,0.0,0.0,0.0,0,2.99,1.0,1.0,154.83,8.0,9.0,1,1,9.0,2.6390573296152584,4.9028273414619505,0.0,0,0.0
46,대조,0,5.0,19.0,1372.68,473.0,2.0,9.780000000000001,0.0,0.0,1,10.0,4.0,1.0,297.64,7.0,5.0,1,1,5.0,2.995732273553991,7.225248549005547,0.0071247486668415076,0,0.0
47,대조,0,3.0,14.0,262.0,76.0,0.0,0.0,0.0,0.0,0,0.0,0.0,0.0,145.88,6.0,3.0,0,1,3.0,2.70805020110221,5.572154032177765,0.0,0,0.0
48,대조,0,19.0,1.0,13.12,6.0,0.0,0.0,0.0,0.0,1,0.0,0.0,0.0,0.0,0.0,19.0,0,0,19.0,0.6931471805599453,2.647592232065096,0.0,0,0.0
49,대조,0,4.0,20.0,1210.3700000000001,95955.0,4.0,12.0,0.0,0.0,1,0.0,0.0,0.0,424.97,7.0,4.0,0,1,4.0,3.044522437723423,7.099507229505178,0.009914323719193303,0,0.0
55,대조,0,2.0,22.0,140.82,83.0,0.0,0.0,0.0,0.0,1,0.0,0.0,0.0,35.29,9.0,2.0,0,1,2.0,3.1354942159291497,4.95455864787585,0.0,0,0.0
56,대조,0,1.0,31.0,1305.53,589.0,4.0,6.17,0.0,0.0,1,1.5,1.0,1.0,385.83,11.0,1.0,1,1,1.0,3.4657359027997265,7.1751300468095565,0.0047260499567225575,0,0.0
64,대조,0,2.0,41.0,412.37,213.0,3.0,6.390000000000001,0.0,0.0,0,0.0,0.0,0.0,149.88,15.0,2.0,0,1,2.0,3.7376696182833684,6.024343075673921,0.015495792613429689,0,0.0
67,대조,0,8.0,21.0,933.11,14040.0,0.0,0.0,0.0,0.0,1,0.0,0.0,0.0,208.62,9.0,8.0,0,1,8.0,3.091042453358316,6.839594204313417,0.0,0,0.0
69,대조,0,1.0,27.0,1663.8700000000001,828.0,5.0,18.34,0.0,0.0,0,6.99,1.0,1.0,343.24,7.0,1.0,1,1,1.0,3.332204510175204,7.4175023212882145,0.011022495747864916,0,0.0
71,대조,0,2.0,10.0,305.25,69.0,2.0,6.59,0.0,0.0,1,0.0,0.0,0.0,169.63,4.0,2.0,0,1,2.0,2.3978952727983707,5.724401761858937,0.02158886158886159,0,0.0
72,대조,0,6.0,15.0,919.55,13659.0,4.0,15.0,0.0,0.0,0,0.0,0.0,0.0,419.35,5.0,6.0,0,1,6.0,2.772588722239781,6.824971317503215,0.01631232668152901,0,0.0
73,대조,0,1.0,34.0,709.95,70715.0,4.0,10.67,0.0,0.0,0,11.99,3.0,3.0,304.56,10.0,1.0,1,1,1.0,3.5553480614894135,6.566602103842383,0.015029227410381011,0,0.0
74,대조,0,4.0,17.0,293.15,232.0,0.0,0.0,0.0,0.0,1,0.0,0.0,0.0,118.45,8.0,4.0,0,1,4.0,2.8903717578961645,5.684089841310465,0.0,0,0.0
77,대조,0,3.0,4.0,241.82,97.0,0.0,0.0,0.0,0.0,1,1.5,1.0,1.0,330.56,5.0,3.0,1,1,3.0,1.6094379124341003,5.492320428115829,0.0,0,0.0
78,대조,0,1.0,32.0,321.01,188.0,0.0,0.0,0.0,0.0,1,0.0,0.0,0.0,169.95,13.0,1.0,0,1,1.0,3.4965075614664802,5.7745826009628045,0.0,0,0.0
79,대조,0,1.0,28.0,757.37,34912.0,1.0,4.99,0.0,0.0,0,3.34,2.0,2.0,287.42,6.0,1.0,1,1,1.0,3.367295829986474,6.631171393196389,0.00658858946089758,0,0.0
80,대조,0,1.0,9.0,189.33,117.0,1.0,2.5,0.0,0.0,1,2.79,1.0,1.0,261.68,9.0,1.0,1,1,1.0,2.302585092994046,5.248759407699692,0.013204457824961706,0,0.0
83,대조,0,1.0,19.0,184.1,88.0,0.0,0.0,0.0,1.0,0,0.0,0.0,0.0,44.160000000000004,4.0,1.0,0,1,1.0,2.995732273553991,5.220896219579452,0.0,0,1.0
86,대조,0,4.0,10.0,866.47,256.0,0.0,0.0,0.0,0.0,1,0.0,0.0,0.0,0.0,0.0,4.0,0,0,4.0,2.3978952727983707,6.765580929090474,0.0,0,0.0
91,대조,0,14.0,1.0,58.260000000000005,40.0,0.0,0.0,0.0,0.0,0,0.0,0.0,0.0,157.18,12.0,14.0,0,1,14.0,0.6931471805599453,4.08193454214542,0.0,0,0.0
92,대조,0,2.0,11.0,161.26,99.0,0.0,0.0,0.0,0.0,0,0.0,0.0,0.0,75.62,5.0,2.0,0,1,2.0,2.4849066497880004,5.089199986966919,0.0,0,0.0
95,대조,0,1.0,46.0,844.31,63834.0,0.0,0.0,0.0,0.0,0,0.0,0.0,0.0,383.58,18.0,1.0,0,1,1.0,3.8501476017100584,6.739703423984391,0.0,0,0.0
99,대조,0,2.0,31.0,736.87,8598.0,1.0,4.99,0.0,0.0,0,5.0,2.0,1.0,306.78,11.0,2.0,1,1,2.0,3.4657359027997265,6.603767657322411,0.006771886492868484,0,0.0
101,대조,0,2.0,37.0,1208.52,61417.0,9.0,33.16,0.0,0.0,1,0.0,0.0,0.0,240.8,8.0,2.0,0,1,2.0,3.6375861597263857,7.097978865671946,0.027438519842451922,0,0.0
103,대조,0,50.0,7.0,158.81,81.0,0.0,0.0,0.0,0.0,0,0.0,0.0,0.0,9.23,1.0,50.0,0,1,50.0,2.0794415416798357,5.073985609597018,0.0,0,0.0
109,대조,0,1.0,16.0,407.63,208.0,1.0,2.5,0.0,0.0,1,0.0,0.0,0.0,81.49,6.0,1.0,0,1,1.0,2.833213344056216,6.01281010112736,0.006133012781198636,0,0.0
110,대조,0,6.0,24.0,477.66,21274.0,1.0,6.49,0.0,0.0,1,2.5,1.0,1.0,153.55,7.0,6.0,1,1,6.0,3.2188758248682006,6.170990533266469,0.013587070301050956,0,0.0
111,대조,0,5.0,4.0,172.42,73.0,1.0,4.99,0.0,0.0,0,0.0,0.0,0.0,71.57,2.0,5.0,0,1,5.0,1.6094379124341003,5.155716397949014,0.028940958125507486,0,0.0
112,대조,0,1.0,10.0,90.41,11207.0,1.0,1.0,0.0,0.0,0,0.0,0.0,0.0,120.66,9.0,1.0,0,1,1.0,2.3978952727983707,4.515354881665727,0.011060723371308484,0,0.0
114,대조,0,35.0,8.0,319.73,16417.0,1.0,5.99,0.0,1.0,1,0.0,0.0,0.0,3.1799999999999997,1.0,35.0,0,1,35.0,2.1972245773362196,5.770599647693518,0.018734557282707284,0,1.0
116,대조,0,1.0,13.0,86.73,57.0,0.0,0.0,0.0,1.0,0,0.0,0.0,0.0,48.11,3.0,1.0,0,1,1.0,2.6390573296152584,4.474263916140292,0.0,0,1.0
117,대조,0,5.0,12.0,307.2,196.0,2.0,5.49,0.0,1.0,1,0.0,0.0,0.0,124.14,4.0,5.0,0,1,5.0,2.5649493574615367,5.730748922886015,0.01787109375,0,1.0
119,대조,0,1.0,15.0,447.31,161.0,1.0,2.5,0.0,0.0,1,0.0,0.0,0.0,225.44,4.0,1.0,0,1,1.0,2.772588722239781,6.105484957403797,0.005588965147213342,0,0.0
121,대조,0,7.0,18.0,408.13,198.0,1.0,2.0,0.0,0.0,1,1.5,1.0,1.0,301.46,7.0,7.0,1,1,7.0,2.9444389791664403,6.014032953950455,0.004900399382549677,0,0.0
123,대조,0,2.0,34.0,576.61,21730.0,1.0,2.39,0.0,0.0,1,0.0,0.0,0.0,171.83,9.0,2.0,0,1,2.0,3.5553480614894135,6.358898900448138,0.004144915974402109,0,0.0
127,대조,0,3.0,30.0,690.96,33318.0,0.0,0.0,0.0,0.0,1,0.0,0.0,0.0,223.34,10.0,3.0,0,1,3.0,3.4339872044851463,6.539528150478777,0.0,0,0.0
133,대조,0,11.0,10.0,377.2,189.0,0.0,0.0,0.0,0.0,1,0.0,0.0,0.0,300.42,5.0,11.0,0,1,11.0,2.3978952727983707,5.935423156224357,0.0,0,0.0
136,대조,0,28.0,9.0,291.02,119.0,0.0,0.0,0.0,0.0,1,1.0,1.0,1.0,110.19,3.0,28.0,1,1,28.0,2.302585092994046,5.676822293073418,0.0,0,0.0
137,대조,0,2.0,9.0,237.74,113.0,0.0,0.0,0.0,0.0,0,0.0,0.0,0.0,0.0,0.0,2.0,0,0,2.0,2.302585092994046,5.475375093666893,0.0,0,0.0
138,대조,0,13.0,6.0,401.71,224.0,0.0,0.0,0.0,1.0,0,0.0,0.0,0.0,133.0,1.0,13.0,0,1,13.0,1.9459101490553132,5.9982166999305155,0.0,0,1.0
139,대조,0,5.0,11.0,424.2,22541.0,0.0,0.0,0.0,0.0,1,0.0,0.0,0.0,240.48000000000002,8.0,5.0,0,1,5.0,2.4849066497880004,6.052559646467793,0.0,0,0.0
143,대조,0,2.0,88.0,1419.24,59196.0,1.0,2.0,0.0,0.0,0,0.0,0.0,0.0,802.84,33.0,2.0,0,1,2.0,4.48863636973214,7.258581150398542,0.0014092049265804233,0,0.0
144,대조,0,1.0,23.0,700.89,297.0,2.0,8.32,0.0,0.0,0,0.0,0.0,0.0,277.59,12.0,1.0,0,1,1.0,3.1780538303479458,6.5537766965911475,0.011870621638202856,0,0.0
145,대조,0,10.0,5.0,124.1,57.0,0.0,0.0,0.0,1.0,0,0.0,0.0,0.0,35.06,2.0,10.0,0,1,10.0,1.791759469228055,4.829113417472866,0.0,0,1.0
151,대조,0,9.0,11.0,335.81,13995.0,0.0,0.0,0.0,0.0,0,0.0,0.0,0.0,21.69,3.0,9.0,0,1,9.0,2.4849066497880004,5.8195189731387975,0.0,0,0.0
155,대조,0,3.0,5.0,252.9,14987.0,4.0,12.17,0.0,0.0,1,5.79,3.0,3.0,188.24,4.0,3.0,1,1,3.0,1.791759469228055,5.536940488710632,0.04812178726769474,0,0.0
156,대조,0,2.0,92.0,915.12,79743.0,3.0,7.62,0.0,0.0,0,0.0,0.0,0.0,357.06,33.0,2.0,0,1,2.0,4.532599493153256,6.82014736046062,0.008326776816155259,0,0.0
157,대조,0,7.0,25.0,482.03000000000003,225.0,0.0,0.0,0.0,0.0,1,4.0,2.0,2.0,269.52,9.0,7.0,1,1,7.0,3.258096538021482,6.180078763524957,0.0,0,0.0
158,대조,0,6.0,27.0,237.47,92.0,1.0,2.5,0.0,0.0,1,0.0,0.0,0.0,71.11,9.0,6.0,0,1,6.0,3.332204510175204,5.474243516253131,0.010527645597338611,0,0.0
161,대조,0,31.0,2.0,29.54,13.0,0.0,0.0,0.0,0.0,1,0.0,0.0,0.0,58.48,5.0,31.0,0,1,31.0,1.0986122886681098,3.4190372997904865,0.0,0,0.0
162,대조,0,4.0,10.0,425.75,161.0,4.0,29.450000000000003,0.0,1.0,0,0.0,0.0,0.0,101.07,3.0,4.0,0,1,4.0,2.3978952727983707,6.05619836167455,0.06917204932472108,0,1.0
164,대조,0,4.0,11.0,576.46,10597.0,6.0,13.17,0.0,0.0,1,0.0,0.0,0.0,32.5,3.0,4.0,0,1,4.0,2.4849066497880004,6.358639175927818,0.022846337993963153,0,0.0
166,대조,0,9.0,11.0,270.58,123.0,0.0,0.0,0.0,0.0,1,0.0,0.0,0.0,143.01,7.0,9.0,0,1,9.0,2.4849066497880004,5.604256755270649,0.0,0,0.0
179,대조,0,7.0,9.0,175.66,82.0,0.0,0.0,0.0,0.0,0,0.0,0.0,0.0,59.839999999999996,4.0,7.0,0,1,7.0,2.302585092994046,5.174226981316986,0.0,0,0.0
180,대조,0,3.0,18.0,338.45,152.0,0.0,0.0,0.0,0.0,0,0.0,0.0,0.0,160.86,3.0,3.0,0,1,3.0,2.9444389791664403,5.827326660747656,0.0,0,0.0
183,대조,0,3.0,13.0,163.37,98.0,1.0,2.5,0.0,1.0,0,0.0,0.0,0.0,115.73,13.0,3.0,0,1,3.0,2.6390573296152584,5.102119984218434,0.015302687151863868,0,1.0
185,대조,0,3.0,9.0,384.68,24229.0,1.0,4.0,0.0,0.0,0,0.0,0.0,0.0,101.44,6.0,3.0,0,1,3.0,2.302585092994046,5.955008010097367,0.010398253093480294,0,0.0
188,대조,0,22.0,12.0,761.65,359.0,6.0,24.18,0.0,0.0,0,11.0,4.0,3.0,335.6,4.0,22.0,1,1,22.0,2.5649493574615367,6.636799210445942,0.031746865358104115,0,0.0
192,대조,0,11.0,17.0,544.68,221.0,4.0,13.379999999999999,0.0,1.0,1,3.69,2.0,2.0,282.46,4.0,11.0,1,1,11.0,2.8903717578961645,6.302032723346464,0.02456488213262833,0,1.0
194,대조,0,22.0,6.0,166.07,9785.0,0.0,0.0,0.0,0.0,0,0.0,0.0,0.0,58.88,4.0,22.0,0,1,22.0,1.9459101490553132,5.118412886269687,0.0,0,0.0
195,대조,0,3.0,13.0,584.92,29831.0,3.0,11.98,0.0,0.0,0,2.5,1.0,1.0,157.68,2.0,3.0,1,1,3.0,2.6390573296152584,6.373183261486146,0.02048143335840799,0,0.0
196,대조,0,6.0,27.0,680.16,334.0,6.0,11.36,0.0,0.0,0,2.5,2.0,2.0,228.15,15.0,6.0,1,1,6.0,3.332204510175204,6.523797227158404,0.016701952481768995,0,0.0
198,대조,0,1.0,126.0,1735.73,898.0,3.0,5.74,0.0,0.0,1,1.69,1.0,1.0,863.5600000000001,61.0,1.0,1,1,1.0,4.844187086458591,7.459759313744484,0.0033069659451642826,0,0.0
200,대조,0,69.0,1.0,172.48000000000002,98.0,0.0,0.0,0.0,0.0,0,0.0,0.0,0.0,0.0,0.0,69.0,0,0,69.0,0.6931471805599453,5.156062318967166,0.0,0,0.0
205,대조,0,8.0,4.0,167.58,60.0,0.0,0.0,0.0,0.0,0,0.0,0.0,0.0,270.75,9.0,8.0,0,1,8.0,1.6094379124341003,5.127410414569336,0.0,0,0.0
209,대조,0,1.0,18.0,1320.76,41163.0,0.0,0.0,0.0,0.0,1,0.0,0.0,0.0,228.17,6.0,1.0,0,1,1.0,2.9444389791664403,7.186719460814195,0.0,0,0.0
211,대조,0,8.0,6.0,199.06,128.0,0.0,0.0,0.0,0.0,1,0.0,0.0,0.0,9.76,1.0,8.0,0,1,8.0,1.9459101490553132,5.2986173215570345,0.0,0,0.0
214,대조,0,4.0,14.0,385.16,195.0,0.0,0.0,0.0,1.0,1,0.0,0.0,0.0,132.03,4.0,4.0,0,1,4.0,2.70805020110221,5.956251791352238,0.0,0,1.0
215,대조,0,4.0,20.0,297.92,177.0,0.0,0.0,0.0,0.0,0,1.67,1.0,1.0,55.13,5.0,4.0,1,1,4.0,3.044522437723423,5.70017597906209,0.0,0,0.0
216,대조,0,29.0,6.0,92.7,37.0,0.0,0.0,0.0,0.0,1,0.0,0.0,0.0,84.23,4.0,29.0,0,1,29.0,1.9459101490553132,4.540098189244376,0.0,0,0.0
217,대조,0,11.0,8.0,245.03,13940.0,0.0,0.0,0.0,0.0,0,0.0,0.0,0.0,107.0,3.0,11.0,0,1,11.0,2.1972245773362196,5.505453479716429,0.0,0,0.0
218,대조,0,5.0,28.0,1626.59,117030.0,6.0,41.28,0.0,0.0,1,0.0,0.0,0.0,528.63,11.0,5.0,0,1,5.0,3.367295829986474,7.394855672092931,0.025378245286150784,0,0.0
220,대조,0,16.0,11.0,424.31,24253.0,1.0,1.5,0.0,0.0,1,0.0,0.0,0.0,109.39,5.0,16.0,0,1,16.0,2.4849066497880004,6.0528183147976495,0.003535151186632415,0,0.0
221,대조,0,5.0,11.0,331.07,16189.0,0.0,0.0,0.0,0.0,1,0.0,0.0,0.0,126.34,3.0,5.0,0,1,5.0,2.4849066497880004,5.805345790065642,0.0,0,0.0
222,대조,0,3.0,15.0,760.11,13621.0,0.0,0.0,0.0,0.0,1,0.0,0.0,0.0,222.73000000000002,6.0,3.0,0,1,3.0,2.772588722239781,6.634777894064971,0.0,0,0.0
223,대조,0,4.0,10.0,433.72,221.0,0.0,0.0,0.0,0.0,0,3.0,3.0,1.0,69.73,4.0,4.0,1,1,4.0,2.3978952727983707,6.074702145678038,0.0,0,0.0
226,대조,0,15.0,9.0,225.78,4525.0,0.0,0.0,0.0,0.0,0,4.38,2.0,1.0,58.25,1.0,15.0,1,1,15.0,2.302585092994046,5.423980384543694,0.0,0,0.0
227,대조,0,5.0,15.0,148.03,139.0,0.0,0.0,0.0,0.0,0,0.0,0.0,0.0,39.93,7.0,5.0,0,1,5.0,2.772588722239781,5.004147627960702,0.0,0,0.0
228,대조,0,26.0,4.0,114.02,37.0,0.0,0.0,0.0,0.0,0,0.0,0.0,0.0,660.9399999999999,4.0,26.0,0,1,26.0,1.6094379124341003,4.745106026285608,0.0,0,0.0
230,대조,0,3.0,28.0,776.09,32320.0,5.0,14.33,0.0,0.0,1,0.0,0.0,0.0,292.01,9.0,3.0,0,1,3.0,3.367295829986474,6.655556173775688,0.018464353361079256,0,0.0
232,대조,0,3.0,116.0,2445.07,124843.0,2.0,9.11,0.0,0.0,1,9.98,2.0,2.0,805.03,16.0,3.0,1,1,3.0,4.762173934797756,7.802237933989711,0.0037258646991701664,0,0.0
236,대조,0,9.0,6.0,154.87,59.0,0.0,0.0,0.0,2.0,0,0.0,0.0,0.0,0.0,0.0,9.0,0,0,9.0,1.9459101490553132,5.0490223265009595,0.0,0,2.0
242,대조,0,24.0,10.0,931.18,382.0,5.0,11.89,0.0,0.0,1,0.0,0.0,0.0,0.0,0.0,24.0,0,0,24.0,2.3978952727983707,6.837525929085015,0.012768745033183704,0,0.0
243,대조,0,6.0,35.0,1042.94,86749.0,0.0,0.0,0.0,0.0,1,0.0,0.0,0.0,404.90999999999997,14.0,6.0,0,1,6.0,3.58351893845611,6.95075729552668,0.0,0,0.0
245,대조,0,2.0,5.0,100.93,4563.0,0.0,0.0,0.0,0.0,0,0.0,0.0,0.0,20.48,2.0,2.0,0,1,2.0,1.791759469228055,4.624286303180321,0.0,0,0.0
246,대조,0,14.0,9.0,176.12,95.0,0.0,0.0,0.0,0.0,0,0.0,0.0,0.0,8.81,1.0,14.0,0,1,14.0,2.302585092994046,5.176827468960327,0.0,0,0.0
248,대조,0,4.0,3.0,638.43,380.0,3.0,14.97,0.0,1.0,1,0.0,0.0,0.0,0.0,0.0,4.0,0,0,4.0,1.3862943611198906,6.46057715451163,0.023448146233729622,0,1.0
249,대조,0,15.0,15.0,511.63,83.0,0.0,0.0,0.0,0.0,1,0.0,0.0,0.0,47.07,4.0,15.0,0,1,15.0,2.772588722239781,6.239554337383261,0.0,0,0.0
253,대조,0,1.0,55.0,1403.18,5784.0,3.0,7.29,0.0,0.0,1,1.5,1.0,1.0,487.27,16.0,1.0,1,1,1.0,4.02535169073515,7.247208781496386,0.005195342008865576,0,0.0
257,대조,0,4.0,12.0,380.7,202.0,0.0,0.0,0.0,1.0,1,1.5,1.0,1.0,132.3,7.0,4.0,1,1,4.0,2.5649493574615367,5.944634959751184,0.0,0,1.0
261,대조,0,,0.0,0.0,0.0,0.0,0.0,0.0,0.0,0,0.0,0.0,0.0,0.0,0.0,90.0,0,0,90.0,0.0,0.0,0.0,0,0.0
262,대조,0,4.0,71.0,1412.29,668.0,4.0,14.7,0.0,0.0,0,0.0,0.0,0.0,302.83,8.0,4.0,0,1,4.0,4.276666119016055,7.253675598710497,0.01040862712332453,0,0.0
263,대조,0,4.0,42.0,973.82,417.0,3.0,9.49,0.0,0.0,1,5.99,1.0,1.0,417.42,20.0,4.0,1,1,4.0,3.7612001156935624,6.882252838569714,0.009745127436281859,0,0.0
264,대조,0,17.0,10.0,299.54,138.0,2.0,5.0,0.0,0.0,1,0.0,0.0,0.0,40.84,1.0,17.0,0,1,17.0,2.3978952727983707,5.705580856597581,0.016692261467583628,0,0.0
265,대조,0,11.0,9.0,643.25,337.0,0.0,0.0,0.0,0.0,0,0.0,0.0,0.0,506.31,5.0,11.0,0,1,11.0,2.302585092994046,6.468086849532474,0.0,0,0.0
266,대조,0,18.0,7.0,390.51,15045.0,2.0,4.17,0.0,0.0,0,0.0,0.0,0.0,137.03,2.0,18.0,0,1,18.0,2.0794415416798357,5.97001105788881,0.010678343704386572,0,0.0
271,처치,1,1.0,19.0,209.96,59.0,0.0,0.0,0.0,1.0,0,0.0,0.0,0.0,52.16,4.0,1.0,0,1,1.0,2.995732273553991,5.351668542045031,0.0,0,1.0
273,대조,0,7.0,23.0,342.72,100.0,0.0,0.0,0.0,0.0,0,0.0,0.0,0.0,103.74000000000001,6.0,7.0,0,1,7.0,3.1780538303479458,5.839827372445022,0.0,0,0.0
275,대조,0,3.0,41.0,739.48,33043.0,4.0,6.84,0.0,0.0,0,2.5,2.0,2.0,282.83,12.0,3.0,1,1,3.0,3.7376696182833684,6.607298624565257,0.009249743062692703,0,0.0
276,대조,0,2.0,37.0,1248.94,34452.0,1.0,1.67,0.0,0.0,1,3.67,2.0,2.0,564.97,13.0,2.0,1,1,2.0,3.6375861597263857,7.13085082914431,0.0013371338895383283,0,0.0
279,대조,0,3.0,13.0,465.19,44083.0,0.0,0.0,0.0,0.0,0,0.0,0.0,0.0,74.38,3.0,3.0,0,1,3.0,2.6390573296152584,6.144593276350152,0.0,0,0.0
280,대조,0,4.0,17.0,514.86,249.0,0.0,0.0,0.0,0.0,0,0.0,0.0,0.0,128.81,9.0,4.0,0,1,4.0,2.8903717578961645,6.245835410838764,0.0,0,0.0
282,대조,0,2.0,17.0,641.64,24989.0,1.0,5.99,0.0,0.0,1,0.0,0.0,0.0,84.81,5.0,2.0,0,1,2.0,2.8903717578961645,6.4655846918655575,0.009335452901938782,0,0.0
283,대조,0,15.0,8.0,445.1,150.0,0.0,0.0,0.0,0.0,1,0.0,0.0,0.0,107.89,1.0,15.0,0,1,15.0,2.1972245773362196,6.100543142134219,0.0,0,0.0
285,대조,0,5.0,31.0,463.77,57401.0,2.0,3.17,0.0,1.0,0,0.0,0.0,0.0,93.89,5.0,5.0,0,1,5.0,3.4657359027997265,6.14154265956481,0.006835284731655778,0,1.0
286,대조,0,9.0,6.0,126.42,81.0,0.0,0.0,0.0,1.0,0,0.0,0.0,0.0,83.43,3.0,9.0,0,1,9.0,1.9459101490553132,4.847488716688342,0.0,0,1.0
288,대조,0,1.0,12.0,397.34000000000003,48173.0,0.0,0.0,0.0,1.0,0,0.0,0.0,0.0,119.8,5.0,1.0,0,1,1.0,2.5649493574615367,5.987305911959123,0.0,0,1.0
291,대조,0,3.0,7.0,342.34000000000003,210.0,9.0,44.14,0.0,0.0,0,12.29,11.0,4.0,243.58,5.0,3.0,1,1,3.0,2.0794415416798357,5.838721209842784,0.12893614535257344,0,0.0
297,대조,0,33.0,13.0,359.06,195.0,4.0,11.99,0.0,0.0,0,0.0,0.0,0.0,3.84,1.0,33.0,0,1,33.0,2.6390573296152584,5.886270684229476,0.03339274773018437,0,0.0
301,대조,0,5.0,6.0,351.84000000000003,121.0,2.0,11.68,0.0,0.0,1,10.99,4.0,4.0,474.18,5.0,5.0,1,1,5.0,1.9459101490553132,5.866014696390566,0.0331969076853115,0,0.0
302,대조,0,5.0,9.0,389.68,211.0,0.0,0.0,0.0,0.0,1,0.0,0.0,0.0,110.68,4.0,5.0,0,1,5.0,2.302585092994046,5.967888810579276,0.0,0,0.0
303,대조,0,2.0,30.0,620.48,4782.0,0.0,0.0,0.0,0.0,0,1.0,1.0,1.0,144.98,7.0,2.0,1,1,2.0,3.4339872044851463,6.4321037302238,0.0,0,0.0
305,처치,1,16.0,11.0,382.34000000000003,16445.0,3.0,6.79,0.0,1.0,0,3.69,1.0,1.0,175.13,6.0,16.0,1,1,16.0,2.4849066497880004,5.948922323842307,0.01775906261442695,0,1.0
306,대조,0,2.0,12.0,578.57,33184.0,1.0,3.0,0.0,0.0,1,0.0,0.0,0.0,286.43,10.0,2.0,0,1,2.0,2.5649493574615367,6.362286449272572,0.00518519798814318,0,0.0
307,대조,0,3.0,54.0,452.16,3012.0,0.0,0.0,0.0,1.0,0,0.0,0.0,0.0,129.17000000000002,26.0,3.0,0,1,3.0,4.007333185232471,6.116245264005288,0.0,0,1.0
308,대조,0,1.0,6.0,70.38,16.0,0.0,0.0,0.0,0.0,0,3.0,1.0,1.0,103.99,3.0,1.0,1,1,1.0,1.9459101490553132,4.268017718062014,0.0,0,0.0
312,대조,0,8.0,5.0,379.1,151.0,0.0,0.0,0.0,0.0,0,0.0,0.0,0.0,143.56,2.0,8.0,0,1,8.0,1.791759469228055,5.940434375995203,0.0,0,0.0
314,대조,0,14.0,5.0,182.65,144.0,0.0,0.0,0.0,0.0,1,0.0,0.0,0.0,0.0,0.0,14.0,0,0,14.0,1.791759469228055,5.213031772265676,0.0,0,0.0
322,대조,0,1.0,13.0,475.44,189.0,0.0,0.0,0.0,0.0,0,3.89,1.0,1.0,153.12,3.0,1.0,1,1,1.0,2.6390573296152584,6.1663417970127,0.0,0,0.0
330,대조,0,2.0,13.0,52.54,3662.0,0.0,0.0,0.0,0.0,0,5.08,2.0,2.0,275.33,12.0,2.0,1,1,2.0,2.6390573296152584,3.9804290380922063,0.0,0,0.0
331,대조,0,4.0,12.0,284.2,128.0,0.0,0.0,0.0,0.0,0,0.0,0.0,0.0,56.13,6.0,4.0,0,1,4.0,2.5649493574615367,5.653190688540141,0.0,0,0.0
332,대조,0,7.0,12.0,320.1,179.0,1.0,2.5,0.0,1.0,1,2.5,1.0,1.0,403.37,9.0,7.0,1,1,7.0,2.5649493574615367,5.771752601095469,0.0078100593564511085,0,1.0
333,대조,0,21.0,4.0,320.04,154.0,0.0,0.0,0.0,0.0,0,0.0,0.0,0.0,89.6,3.0,21.0,0,1,21.0,1.6094379124341003,5.771565725958661,0.0,0,0.0
334,대조,0,2.0,103.0,1005.4,605.0,2.0,14.36,0.0,1.0,1,0.0,0.0,0.0,359.29,38.0,2.0,0,1,2.0,4.6443908991413725,6.914134885946176,0.014282872488561766,0,1.0
337,대조,0,11.0,15.0,245.27,138.0,0.0,0.0,0.0,0.0,0,0.0,0.0,0.0,38.82,3.0,11.0,0,1,11.0,2.772588722239781,5.506428495028285,0.0,0,0.0
338,대조,0,7.0,18.0,320.26,219.0,0.0,0.0,0.0,0.0,0,0.0,0.0,0.0,97.01,8.0,7.0,0,1,7.0,2.9444389791664403,5.77225076412962,0.0,0,0.0
339,대조,0,2.0,12.0,342.14,223.0,2.0,7.98,0.0,0.0,0,4.99,1.0,1.0,219.18,6.0,2.0,1,1,2.0,2.5649493574615367,5.83813852715528,0.02332378558484831,0,0.0
342,대조,0,6.0,7.0,510.16,228.0,3.0,6.99,0.0,0.0,0,0.0,0.0,0.0,12.870000000000001,1.0,6.0,0,1,6.0,2.0794415416798357,6.236682652740503,0.013701583816841775,0,0.0
343,대조,0,5.0,10.0,213.21,107.0,0.0,0.0,0.0,0.0,0,0.0,0.0,0.0,111.21000000000001,4.0,5.0,0,1,5.0,2.3978952727983707,5.366956842264725,0.0,0,0.0
346,대조,0,2.0,23.0,827.47,438.0,1.0,1.67,0.0,0.0,1,0.0,0.0,0.0,314.53,8.0,2.0,0,1,2.0,3.1780538303479458,6.719580626192914,0.0020182000555911393,0,0.0
348,대조,0,8.0,6.0,82.29,53.0,0.0,0.0,0.0,0.0,0,0.0,0.0,0.0,303.55,18.0,8.0,0,1,8.0,1.9459101490553132,4.42232849394725,0.0,0,0.0
353,대조,0,12.0,17.0,470.7,200.0,0.0,0.0,0.0,0.0,1,0.0,0.0,0.0,72.46000000000001,2.0,12.0,0,1,12.0,2.8903717578961645,6.156343190290216,0.0,0,0.0
354,대조,0,4.0,20.0,1128.26,559.0,0.0,0.0,0.0,0.0,1,0.0,0.0,0.0,126.31,3.0,4.0,0,1,4.0,3.044522437723423,7.029317829930528,0.0,0,0.0
356,대조,0,10.0,22.0,349.14,24132.0,2.0,3.17,0.0,0.0,0,0.0,0.0,0.0,59.82,6.0,10.0,0,1,10.0,3.1354942159291497,5.858333074504786,0.009079452368677321,0,0.0
358,대조,0,3.0,43.0,2675.81,963.0,9.0,25.06,0.0,0.0,1,6.0,4.0,2.0,396.11,13.0,3.0,1,1,3.0,3.784189633918261,7.892381066029526,0.009365388424439703,0,0.0
369,대조,0,24.0,5.0,145.35,76.0,0.0,0.0,0.0,0.0,0,0.0,0.0,0.0,4.880000000000001,1.0,24.0,0,1,24.0,1.791759469228055,4.986001013137895,0.0,0,0.0
370,대조,0,,0.0,0.0,0.0,0.0,0.0,0.0,0.0,1,0.0,0.0,0.0,60.980000000000004,2.0,90.0,0,1,90.0,0.0,0.0,0.0,0,0.0
371,대조,0,2.0,25.0,1892.66,908.0,5.0,13.83,0.0,0.0,1,0.0,0.0,0.0,612.91,6.0,2.0,0,1,2.0,3.258096538021482,7.546266743375868,0.007307176143628543,0,0.0
378,대조,0,1.0,47.0,774.25,27650.0,4.0,12.5,0.0,1.0,1,2.5,1.0,1.0,264.56,18.0,1.0,1,1,1.0,3.871201010907891,6.653185557980558,0.01614465611882467,0,1.0
380,대조,0,5.0,20.0,1207.45,524.0,6.0,14.17,0.0,0.0,0,0.0,0.0,0.0,338.44,6.0,5.0,0,1,5.0,3.044522437723423,7.097093825683985,0.011735475589051306,0,0.0
383,대조,0,7.0,15.0,795.62,8930.0,0.0,0.0,0.0,0.0,1,0.0,0.0,0.0,374.52,10.0,7.0,0,1,7.0,2.772588722239781,6.680377777135866,0.0,0,0.0
384,대조,0,23.0,6.0,258.41,116.0,1.0,2.0,0.0,1.0,0,0.0,0.0,0.0,0.0,0.0,23.0,0,0,23.0,1.9459101490553132,5.558409821640448,0.0077396385588793,0,1.0
386,대조,0,10.0,24.0,405.84,15084.0,2.0,5.0,0.0,0.0,1,0.0,0.0,0.0,49.92,2.0,10.0,0,1,10.0,3.2188758248682006,6.008419987757396,0.01232012615809186,0,0.0
387,대조,0,1.0,34.0,1022.33,343.0,0.0,0.0,0.0,0.0,1,0.0,0.0,0.0,483.81,10.0,1.0,0,1,1.0,3.5553480614894135,6.930817294578838,0.0,0,0.0
389,대조,0,3.0,35.0,2165.09,46935.0,9.0,22.34,0.0,0.0,1,16.17,3.0,2.0,1004.6,15.0,3.0,1,1,3.0,3.58351893845611,7.680678977944244,0.010318277762125362,0,0.0
390,대조,0,2.0,16.0,235.3,83.0,0.0,0.0,0.0,0.0,1,0.0,0.0,0.0,50.13,4.0,2.0,0,1,2.0,2.833213344056216,5.465102184192863,0.0,0,0.0
391,대조,0,,0.0,0.0,0.0,0.0,0.0,0.0,0.0,1,0.0,0.0,0.0,0.0,0.0,90.0,0,0,90.0,0.0,0.0,0.0,0,0.0
392,대조,0,3.0,15.0,1474.68,488.0,8.0,38.74,0.0,0.0,1,0.0,0.0,0.0,386.99,4.0,3.0,0,1,3.0,2.772588722239781,7.296874179487409,0.02627010605690726,0,0.0
393,대조,0,1.0,32.0,623.51,323.0,0.0,0.0,0.0,0.0,0,4.0,2.0,2.0,220.72,16.0,1.0,1,1,1.0,3.4965075614664802,6.4369673422476765,0.0,0,0.0
394,대조,0,2.0,12.0,477.94,199.0,1.0,3.0,0.0,0.0,0,0.0,0.0,0.0,69.07000000000001,4.0,2.0,0,1,2.0,2.5649493574615367,6.171575328604772,0.006276938527848684,0,0.0
397,대조,0,1.0,39.0,930.98,69790.0,3.0,8.0,0.0,0.0,0,1.5,1.0,1.0,276.29,12.0,1.0,1,1,1.0,3.6888794541139363,6.837311355227871,0.008593095447807687,0,0.0
398,대조,0,2.0,15.0,300.28000000000003,165.0,2.0,3.0,0.0,0.0,0,0.0,0.0,0.0,116.48,4.0,2.0,0,1,2.0,2.772588722239781,5.708040064908842,0.009990675369654988,0,0.0
400,대조,0,3.0,44.0,2602.64,66931.0,3.0,13.18,0.0,0.0,1,9.39,4.0,4.0,1310.72,19.0,3.0,1,1,3.0,3.8066624897703196,7.864665744923281,0.005064088771401347,0,0.0
402,대조,0,1.0,15.0,591.13,45051.0,0.0,0.0,0.0,0.0,0,0.0,0.0,0.0,230.53,7.0,1.0,0,1,1.0,2.772588722239781,6.383726205371237,0.0,0,0.0
403,대조,0,75.0,4.0,43.22,20.0,0.0,0.0,0.0,1.0,0,0.0,0.0,0.0,82.7,2.0,75.0,0,1,75.0,1.6094379124341003,3.7891771754293,0.0,0,1.0
408,대조,0,4.0,9.0,526.6,206.0,1.0,1.67,0.0,0.0,0,0.0,0.0,0.0,208.54,6.0,4.0,0,1,4.0,2.302585092994046,6.268338420843159,0.003171287504747436,0,0.0
410,대조,0,2.0,25.0,212.92,129.0,0.0,0.0,0.0,0.0,1,0.0,0.0,0.0,23.31,5.0,2.0,0,1,2.0,3.258096538021482,5.365602113353633,0.0,0,0.0
411,대조,0,3.0,20.0,927.83,38475.0,1.0,3.69,0.0,0.0,1,0.0,0.0,0.0,250.24,5.0,3.0,0,1,3.0,3.044522437723423,6.833925729603658,0.003977021652673442,0,0.0
412,대조,0,2.0,17.0,328.44,212.0,0.0,0.0,0.0,0.0,1,0.0,0.0,0.0,96.23,5.0,2.0,0,1,2.0,2.8903717578961645,5.797394243279479,0.0,0,0.0
414,대조,0,2.0,34.0,534.02,9808.0,1.0,1.67,0.0,0.0,0,0.0,0.0,0.0,237.68,11.0,2.0,0,1,2.0,3.5553480614894135,6.282304129374843,0.0031272236994869104,0,0.0
419,대조,0,19.0,9.0,230.36,84.0,0.0,0.0,0.0,0.0,0,0.0,0.0,0.0,262.13,6.0,19.0,0,1,19.0,2.302585092994046,5.4439749389704,0.0,0,0.0
421,대조,0,13.0,33.0,1184.8700000000001,107910.0,5.0,10.22,0.0,0.0,0,3.64,1.0,1.0,266.58,11.0,13.0,1,1,13.0,3.5263605246161616,7.078231961408169,0.00862541882231806,0,0.0
426,대조,0,1.0,34.0,1329.36,184736.0,10.0,25.37,0.0,0.0,1,4.6,3.0,2.0,520.66,15.0,1.0,1,1,1.0,3.5553480614894135,7.1932048612812025,0.019084371426852022,0,0.0
428,대조,0,12.0,22.0,673.98,407.0,3.0,9.5,0.0,0.0,1,11.77,3.0,3.0,246.77,6.0,12.0,1,1,12.0,3.1354942159291497,6.514683060803934,0.014095373749962907,0,0.0
430,대조,0,49.0,8.0,51.5,34.0,0.0,0.0,0.0,1.0,0,0.0,0.0,0.0,0.0,0.0,49.0,0,0,49.0,2.1972245773362196,3.960813169597578,0.0,0,1.0
432,대조,0,3.0,26.0,492.0,252.0,0.0,0.0,0.0,1.0,1,0.0,0.0,0.0,123.02,11.0,3.0,0,1,3.0,3.295836866004329,6.20050917404269,0.0,0,1.0
433,대조,0,26.0,10.0,130.96,84.0,0.0,0.0,0.0,1.0,0,0.0,0.0,0.0,17.72,3.0,26.0,0,1,26.0,2.3978952727983707,4.882498846360381,0.0,0,1.0
436,대조,0,2.0,3.0,107.94,40.0,0.0,0.0,0.0,0.0,0,0.0,0.0,0.0,101.35,2.0,2.0,0,1,2.0,1.3862943611198906,4.690797271955528,0.0,0,0.0
438,대조,0,23.0,2.0,61.39,26.0,0.0,0.0,0.0,0.0,1,0.0,0.0,0.0,206.11,5.0,23.0,0,1,23.0,1.0986122886681098,4.133405006122695,0.0,0,0.0
439,대조,0,1.0,3.0,47.01,9.0,0.0,0.0,0.0,1.0,0,0.0,0.0,0.0,0.0,0.0,1.0,0,0,1.0,1.3862943611198906,3.8714093225428488,0.0,0,1.0
441,대조,0,3.0,14.0,350.67,172.0,0.0,0.0,0.0,0.0,1,3.34,2.0,1.0,123.29,4.0,3.0,1,1,3.0,2.70805020110221,5.862693235870121,0.0,0,0.0
442,대조,0,24.0,5.0,198.71,103.0,0.0,0.0,0.0,0.0,1,0.0,0.0,0.0,50.06,3.0,24.0,0,1,24.0,1.791759469228055,5.296866314280722,0.0,0,0.0
443,대조,0,5.0,18.0,490.51,287.0,0.0,0.0,0.0,0.0,1,0.0,0.0,0.0,274.37,7.0,5.0,0,1,5.0,2.9444389791664403,6.197482285260206,0.0,0,0.0
445,대조,0,2.0,32.0,380.04,113.0,0.0,0.0,0.0,0.0,0,0.0,0.0,0.0,169.2,9.0,2.0,0,1,2.0,3.4965075614664802,5.942904356492605,0.0,0,0.0
450,대조,0,14.0,9.0,192.36,101.0,0.0,0.0,0.0,0.0,0,0.0,0.0,0.0,121.69,4.0,14.0,0,1,14.0,2.302585092994046,5.264553736395228,0.0,0,0.0
451,대조,0,1.0,18.0,203.79,64.0,0.0,0.0,0.0,0.0,1,0.0,0.0,0.0,86.4,6.0,1.0,0,1,1.0,2.9444389791664403,5.321985063848221,0.0,0,0.0
458,대조,0,6.0,14.0,220.9,136.0,1.0,1.67,0.0,0.0,1,0.0,0.0,0.0,164.12,11.0,6.0,0,1,6.0,2.70805020110221,5.402226829938548,0.00755998189225894,0,0.0
459,대조,0,8.0,12.0,283.96,76.0,0.0,0.0,0.0,0.0,0,0.0,0.0,0.0,14.83,3.0,8.0,0,1,8.0,2.5649493574615367,5.652348819541351,0.0,0,0.0
462,대조,0,5.0,8.0,117.55,52.0,0.0,0.0,0.0,0.0,1,0.0,0.0,0.0,50.34,5.0,5.0,0,1,5.0,2.1972245773362196,4.775334812511415,0.0,0,0.0
463,대조,0,2.0,66.0,574.01,34906.0,0.0,0.0,0.0,0.0,0,1.0,1.0,1.0,292.95,32.0,2.0,1,1,2.0,4.204692619390966,6.354387431950471,0.0,0,0.0
469,대조,0,3.0,10.0,524.87,253.0,0.0,0.0,0.0,1.0,1,0.0,0.0,0.0,252.94,10.0,3.0,0,1,3.0,2.3978952727983707,6.265054033902565,0.0,0,1.0
470,처치,1,3.0,21.0,340.1,28270.0,0.0,0.0,0.0,0.0,0,0.0,0.0,0.0,106.21000000000001,9.0,3.0,0,1,3.0,3.091042453358316,5.8321756894246,0.0,0,0.0
472,대조,0,4.0,21.0,1358.65,496.0,6.0,32.55,0.0,0.0,0,13.27,3.0,3.0,254.34,2.0,4.0,1,1,4.0,3.091042453358316,7.214982592667971,0.023957604975527173,0,0.0
473,대조,0,14.0,8.0,511.19,25183.0,2.0,8.0,0.0,0.0,1,0.0,0.0,0.0,184.46,5.0,14.0,0,1,14.0,2.1972245773362196,6.238695649951252,0.015649758406854595,0,0.0
475,대조,0,38.0,5.0,227.22,124.0,3.0,13.17,0.0,0.0,0,0.0,0.0,0.0,147.49,2.0,38.0,0,1,38.0,1.791759469228055,5.430310076006534,0.05796144705571692,0,0.0
476,대조,0,,0.0,0.0,0.0,0.0,0.0,0.0,0.0,0,0.0,0.0,0.0,0.0,0.0,90.0,0,0,90.0,0.0,0.0,0.0,0,0.0
479,대조,0,13.0,27.0,250.75,109.0,0.0,0.0,0.0,0.0,0,1.64,1.0,1.0,102.99000000000001,3.0,13.0,1,1,13.0,3.332204510175204,5.528436531598672,0.0,0,0.0
482,대조,0,18.0,9.0,411.15,240.0,0.0,0.0,0.0,0.0,0,3.69,1.0,1.0,150.56,7.0,18.0,1,1,18.0,2.302585092994046,6.0213873607592365,0.0,0,0.0
484,대조,0,5.0,19.0,323.92,154.0,1.0,1.67,0.0,0.0,1,6.390000000000001,3.0,3.0,124.56,4.0,5.0,1,1,5.0,2.995732273553991,5.783578998182753,0.005155593973820696,0,0.0
485,대조,0,2.0,30.0,961.24,153205.0,3.0,8.16,0.0,0.0,1,0.0,0.0,0.0,179.89,6.0,2.0,0,1,2.0,3.4339872044851463,6.869263899800164,0.008489034996462903,0,0.0
489,대조,0,7.0,22.0,981.96,63145.0,3.0,8.74,0.0,0.0,1,1.5,1.0,1.0,115.46,4.0,7.0,1,1,7.0,3.1354942159291497,6.890568427559316,0.008900566214509756,0,0.0
491,대조,0,4.0,12.0,645.33,21312.0,0.0,0.0,0.0,0.0,1,0.0,0.0,0.0,171.21,6.0,4.0,0,1,4.0,2.5649493574615367,6.471310209263668,0.0,0,0.0
493,대조,0,9.0,20.0,673.67,12897.0,3.0,6.0,0.0,0.0,1,0.0,0.0,0.0,185.0,5.0,9.0,0,1,9.0,3.044522437723423,6.514223682438503,0.008906437870173825,0,0.0
498,대조,0,,0.0,0.0,0.0,0.0,0.0,0.0,0.0,0,0.0,0.0,0.0,126.24000000000001,4.0,90.0,0,1,90.0,0.0,0.0,0.0,0,0.0
502,대조,0,15.0,5.0,160.59,69.0,0.0,0.0,0.0,0.0,0,0.0,0.0,0.0,31.880000000000003,2.0,15.0,0,1,15.0,1.791759469228055,5.085062262984157,0.0,0,0.0
507,대조,0,2.0,9.0,332.31,14152.0,0.0,0.0,0.0,0.0,0,0.0,0.0,0.0,5.75,2.0,2.0,0,1,2.0,2.302585092994046,5.809072987863913,0.0,0,0.0
508,대조,0,20.0,11.0,325.79,99.0,0.0,0.0,0.0,0.0,0,0.0,0.0,0.0,13.96,2.0,20.0,0,1,20.0,2.4849066497880004,5.7893177627624635,0.0,0,0.0
513,처치,1,1.0,22.0,1602.27,503.0,0.0,0.0,0.0,0.0,1,0.0,0.0,0.0,526.08,6.0,1.0,0,1,1.0,3.1354942159291497,7.37980057261201,0.0,0,0.0
514,대조,0,1.0,6.0,309.3,152.0,3.0,11.27,0.0,0.0,0,5.28,2.0,2.0,149.97,4.0,1.0,1,1,1.0,1.9459101490553132,5.7375395714543345,0.036437116068541865,0,0.0
515,대조,0,1.0,10.0,347.44,189.0,2.0,10.0,0.0,0.0,0,8.34,4.0,2.0,337.83,8.0,1.0,1,1,1.0,2.3978952727983707,5.853466048950692,0.028781947962238083,0,0.0
517,대조,0,4.0,17.0,824.64,21563.0,2.0,9.98,0.0,0.0,0,0.0,0.0,0.0,49.980000000000004,2.0,4.0,0,1,4.0,2.8903717578961645,6.716158843166057,0.012102250679084207,0,0.0
518,대조,0,1.0,18.0,437.79,195.0,0.0,0.0,0.0,0.0,1,2.5,1.0,1.0,193.04000000000002,8.0,1.0,1,1,1.0,2.9444389791664403,6.084020938715686,0.0,0,0.0
519,대조,0,20.0,5.0,166.25,67.0,0.0,0.0,0.0,1.0,0,0.0,0.0,0.0,66.16,3.0,20.0,0,1,20.0,1.791759469228055,5.119489699008338,0.0,0,1.0
520,대조,0,7.0,14.0,290.4,169.0,0.0,0.0,0.0,0.0,0,0.0,0.0,0.0,103.47,3.0,7.0,0,1,7.0,2.70805020110221,5.674696893761104,0.0,0,0.0
523,대조,0,75.0,2.0,17.21,14.0,0.0,0.0,0.0,0.0,1,0.0,0.0,0.0,134.34,3.0,75.0,0,1,75.0,1.0986122886681098,2.9019708937395166,0.0,0,0.0
526,대조,0,1.0,23.0,515.54,33457.0,1.0,4.0,0.0,1.0,1,0.0,0.0,0.0,101.56,7.0,1.0,0,1,1.0,3.1780538303479458,6.247152729897918,0.007758854793032549,0,1.0
527,대조,0,1.0,16.0,538.1,211.0,3.0,5.0,0.0,0.0,1,2.19,1.0,1.0,261.64,6.0,1.0,1,1,1.0,2.833213344056216,6.289901082457623,0.00929195316855603,0,0.0
530,대조,0,7.0,9.0,225.5,78.0,0.0,0.0,0.0,0.0,0,0.0,0.0,0.0,0.0,0.0,7.0,0,0,7.0,2.302585092994046,5.422744944923089,0.0,0,0.0
534,대조,0,1.0,89.0,274.45,2918.0,4.0,6.51,0.0,0.0,1,2.5,2.0,2.0,56.52,26.0,1.0,1,1,1.0,4.499809670330265,5.618406123918725,0.023720167607943158,0,0.0
537,대조,0,4.0,10.0,526.21,212.0,1.0,4.0,0.0,0.0,0,0.0,0.0,0.0,62.93,1.0,4.0,0,1,4.0,2.3978952727983707,6.267598951141941,0.007601527907109328,0,0.0
538,대조,0,38.0,8.0,559.9,214.0,0.0,0.0,0.0,0.0,0,3.89,1.0,1.0,102.5,2.0,38.0,1,1,38.0,2.1972245773362196,6.329542636514291,0.0,0,0.0
540,대조,0,3.0,9.0,312.86,111.0,0.0,0.0,0.0,0.0,1,0.0,0.0,0.0,63.160000000000004,3.0,3.0,0,1,3.0,2.302585092994046,5.748947026610574,0.0,0,0.0
541,대조,0,7.0,6.0,175.22,91.0,0.0,0.0,0.0,0.0,0,0.0,0.0,0.0,89.76,4.0,7.0,0,1,7.0,1.9459101490553132,5.171733214438584,0.0,0,0.0
542,대조,0,7.0,16.0,339.43,18848.0,0.0,0.0,0.0,0.0,1,0.0,0.0,0.0,116.23,8.0,7.0,0,1,7.0,2.833213344056216,5.830209524425728,0.0,0,0.0
543,대조,0,3.0,12.0,400.91,242.0,0.0,0.0,0.0,0.0,1,0.0,0.0,0.0,160.65,4.0,3.0,0,1,3.0,2.5649493574615367,5.9962281829570045,0.0,0,0.0
544,대조,0,1.0,53.0,649.64,287.0,5.0,20.33,0.0,0.0,0,0.0,0.0,0.0,85.36,10.0,1.0,0,1,1.0,3.9889840465642745,6.47795649385852,0.0312942552798473,0,0.0
545,대조,0,23.0,7.0,292.43,171.0,1.0,1.67,0.0,0.0,0,0.0,0.0,0.0,193.56,3.0,23.0,0,1,23.0,2.0794415416798357,5.6816391099705115,0.005710768389016174,0,0.0
546,대조,0,2.0,22.0,554.2,51889.0,0.0,0.0,0.0,0.0,1,0.0,0.0,0.0,128.85,5.0,2.0,0,1,2.0,3.1354942159291497,6.319328409192595,0.0,0,0.0
548,대조,0,12.0,14.0,941.07,414.0,1.0,5.0,0.0,0.0,1,0.0,0.0,0.0,279.03,4.0,12.0,0,1,12.0,2.70805020110221,6.848079581794282,0.005313101044555665,0,0.0
549,대조,0,1.0,4.0,109.95,51.0,1.0,2.79,0.0,0.0,0,0.0,0.0,0.0,39.35,1.0,1.0,0,1,1.0,1.6094379124341003,4.709079649378603,0.025375170532060027,0,0.0
553,대조,0,2.0,46.0,1060.57,540.0,4.0,12.19,0.0,0.0,1,7.5,3.0,2.0,256.68,11.0,2.0,1,1,2.0,3.8501476017100584,6.967504223387349,0.011493819361286855,0,0.0
558,대조,0,17.0,18.0,701.41,305.0,0.0,0.0,0.0,0.0,0,0.0,0.0,0.0,80.83,8.0,17.0,0,1,17.0,2.9444389791664403,6.5545172791216135,0.0,0,0.0
562,대조,0,2.0,11.0,378.27000000000004,20983.0,0.0,0.0,0.0,1.0,0,0.0,0.0,0.0,88.62,3.0,2.0,0,1,2.0,2.4849066497880004,5.938248352500658,0.0,0,1.0
563,대조,0,9.0,11.0,404.78000000000003,33177.0,0.0,0.0,0.0,0.0,0,2.89,1.0,1.0,286.48,5.0,9.0,1,1,9.0,2.4849066497880004,6.005811140814903,0.0,0,0.0
566,대조,0,1.0,9.0,95.25,4550.0,0.0,0.0,0.0,0.0,0,0.0,0.0,0.0,104.24,8.0,1.0,0,1,1.0,2.302585092994046,4.566948973167894,0.0,0,0.0
567,대조,0,3.0,28.0,169.45,93.0,0.0,0.0,0.0,1.0,1,0.0,0.0,0.0,164.71,12.0,3.0,0,1,3.0,3.367295829986474,5.138441998583912,0.0,0,1.0
569,대조,0,3.0,16.0,956.24,32430.0,0.0,0.0,0.0,1.0,1,0.0,0.0,0.0,287.51,3.0,3.0,0,1,3.0,2.833213344056216,6.864054143711038,0.0,0,1.0
570,대조,0,16.0,5.0,258.43,101.0,0.0,0.0,0.0,0.0,0,0.0,0.0,0.0,0.0,0.0,16.0,0,0,16.0,1.791759469228055,5.558486916698693,0.0,0,0.0
573,대조,0,6.0,20.0,446.36,238.0,3.0,13.32,0.0,0.0,0,0.0,0.0,0.0,139.48,7.0,6.0,0,1,6.0,3.044522437723423,6.103363639605391,0.02984138363652657,0,0.0
577,대조,0,7.0,8.0,694.04,253.0,2.0,10.38,0.0,0.0,0,3.0,2.0,1.0,255.7,3.0,7.0,1,1,7.0,2.1972245773362196,6.543969397865461,0.014955910322171634,0,0.0
580,대조,0,7.0,14.0,200.98,7201.0,0.0,0.0,0.0,0.0,0,0.0,0.0,0.0,46.44,5.0,7.0,0,1,7.0,2.70805020110221,5.308168682598411,0.0,0,0.0
581,대조,0,1.0,16.0,396.42,198.0,0.0,0.0,0.0,0.0,0,0.0,0.0,0.0,366.85,10.0,1.0,0,1,1.0,2.833213344056216,5.984993655977671,0.0,0,0.0
582,대조,0,18.0,14.0,662.9,182.0,0.0,0.0,0.0,0.0,1,0.0,0.0,0.0,177.16,7.0,18.0,0,1,18.0,2.70805020110221,6.498131535725114,0.0,0,0.0
584,대조,0,12.0,7.0,138.47,6342.0,0.0,0.0,0.0,0.0,0,0.0,0.0,0.0,12.9,2.0,12.0,0,1,12.0,2.0794415416798357,4.937849524370603,0.0,0,0.0
591,대조,0,1.0,56.0,2195.7,762.0,3.0,13.77,0.0,0.0,0,6.23,3.0,3.0,998.05,25.0,1.0,1,1,1.0,4.04305126783455,7.69471151322014,0.0062713485448831815,0,0.0
594,대조,0,3.0,11.0,512.61,219.0,0.0,0.0,0.0,0.0,0,0.0,0.0,0.0,25.97,3.0,3.0,0,1,3.0,2.4849066497880004,6.24146422259119,0.0,0,0.0
596,대조,0,2.0,20.0,332.72,109.0,0.0,0.0,0.0,0.0,1,0.0,0.0,0.0,294.82,5.0,2.0,0,1,2.0,3.044522437723423,5.810302318033874,0.0,0,0.0
597,대조,0,3.0,14.0,611.28,331.0,2.0,6.1899999999999995,0.0,0.0,1,13.98,4.0,4.0,319.98,4.0,3.0,1,1,3.0,2.70805020110221,6.417189694223507,0.010126292370108625,0,0.0
600,대조,0,2.0,22.0,949.57,40285.0,0.0,0.0,0.0,0.0,0,0.0,0.0,0.0,377.62,9.0,2.0,0,1,2.0,3.1354942159291497,6.857061804666555,0.0,0,0.0
601,대조,0,14.0,8.0,490.16,30561.0,1.0,2.99,0.0,1.0,1,0.0,0.0,0.0,560.24,6.0,14.0,0,1,14.0,2.1972245773362196,6.196769940292312,0.006100048963603721,0,1.0
606,대조,0,8.0,9.0,278.96,10093.0,2.0,4.99,0.0,0.0,1,0.0,0.0,0.0,298.16,7.0,8.0,0,1,8.0,2.302585092994046,5.634646735821339,0.01788786922856324,0,0.0
607,대조,0,11.0,31.0,834.13,7513.0,1.0,9.98,0.0,0.0,1,0.0,0.0,0.0,10.0,1.0,11.0,0,1,11.0,3.4657359027997265,6.727587401355394,0.011964561878843826,0,0.0
612,대조,0,1.0,13.0,467.65000000000003,14288.0,1.0,2.99,0.0,0.0,0,0.0,0.0,0.0,279.38,11.0,1.0,0,1,1.0,2.6390573296152584,6.149856221192495,0.0063936704800598735,0,0.0
614,대조,0,5.0,18.0,449.81,244.0,0.0,0.0,0.0,0.0,1,0.0,0.0,0.0,207.63,8.0,5.0,0,1,5.0,2.9444389791664403,6.1110459647057445,0.0,0,0.0
618,대조,0,1.0,99.0,1402.9,149760.0,3.0,11.25,0.0,0.0,0,5.0,2.0,1.0,750.74,42.0,1.0,1,1,1.0,4.605170185988092,7.247009356977905,0.008019103286050324,0,0.0
621,대조,0,3.0,11.0,240.56,79.0,0.0,0.0,0.0,0.0,1,0.0,0.0,0.0,183.49,5.0,3.0,0,1,3.0,2.4849066497880004,5.4871178894397,0.0,0,0.0
622,대조,0,8.0,23.0,441.89,157.0,2.0,9.49,0.0,1.0,1,0.0,0.0,0.0,212.24,11.0,8.0,0,1,8.0,3.1780538303479458,6.093321432214106,0.02147593292448347,0,1.0
623,대조,0,1.0,31.0,1277.65,28761.0,2.0,20.0,0.0,0.0,1,0.0,0.0,0.0,393.79,17.0,1.0,0,1,1.0,3.4657359027997265,7.1535601128394255,0.015653739286972175,0,0.0
632,대조,0,1.0,13.0,358.69,7457.0,0.0,0.0,0.0,0.0,0,0.0,0.0,0.0,79.71000000000001,3.0,1.0,0,1,1.0,2.6390573296152584,5.8852425493698926,0.0,0,0.0
633,대조,0,5.0,31.0,784.96,51162.0,4.0,12.629999999999999,0.0,0.0,0,4.5,3.0,2.0,387.03000000000003,9.0,5.0,1,1,5.0,3.4657359027997265,6.666905900548995,0.0160899918467183,0,0.0
634,대조,0,7.0,11.0,485.59,219.0,1.0,2.5,0.0,0.0,0,0.0,0.0,0.0,308.43,9.0,7.0,0,1,7.0,2.4849066497880004,6.187421879377874,0.005148376202145843,0,0.0
638,대조,0,1.0,29.0,1319.46,151914.0,1.0,2.0,0.0,0.0,0,15.97,3.0,3.0,300.5,6.0,1.0,1,1,1.0,3.4011973816621555,7.18573543972216,0.0015157716035347794,0,0.0
639,대조,0,45.0,1.0,2.0,2.0,0.0,0.0,0.0,0.0,0,0.0,0.0,0.0,119.13,6.0,45.0,0,1,45.0,0.6931471805599453,1.0986122886681098,0.0,0,0.0
640,대조,0,4.0,10.0,271.17,4580.0,2.0,6.99,0.0,0.0,0,9.059999999999999,5.0,2.0,183.78,7.0,4.0,1,1,4.0,2.3978952727983707,5.60642687106484,0.02577718774200686,0,0.0
646,대조,0,30.0,3.0,68.65,34.0,0.0,0.0,0.0,0.0,0,0.0,0.0,0.0,63.46,2.0,30.0,0,1,30.0,1.3862943611198906,4.243482700225814,0.0,0,0.0
656,대조,0,2.0,10.0,531.22,256.0,3.0,10.99,0.0,0.0,0,0.0,0.0,0.0,334.76,6.0,2.0,0,1,2.0,2.3978952727983707,6.27705693769468,0.020688227099883286,0,0.0
660,대조,0,3.0,24.0,1263.32,40794.0,1.0,2.5,0.0,0.0,1,6.0,4.0,1.0,446.01,11.0,3.0,1,1,3.0,3.2188758248682006,7.142289707223026,0.001978912706202704,0,0.0
661,대조,0,3.0,50.0,1194.42,318.0,0.0,0.0,0.0,0.0,1,0.0,0.0,0.0,420.59000000000003,23.0,3.0,0,1,3.0,3.9318256327243257,7.086252867051601,0.0,0,0.0
662,대조,0,80.0,1.0,23.98,2.0,0.0,0.0,0.0,0.0,0,0.0,0.0,0.0,103.45,3.0,80.0,0,1,80.0,0.6931471805599453,3.2180755046974316,0.0,0,0.0
663,대조,0,1.0,12.0,407.71,10404.0,5.0,21.5,0.0,0.0,0,3.0,3.0,3.0,235.98,8.0,1.0,1,1,1.0,2.5649493574615367,6.01300585809571,0.05273356061906748,0,0.0
665,대조,0,22.0,2.0,25.83,7.0,0.0,0.0,0.0,1.0,0,0.0,0.0,0.0,46.57,3.0,22.0,0,1,22.0,1.0986122886681098,3.2895206644375325,0.0,0,1.0
671,대조,0,3.0,12.0,488.94,36240.0,0.0,0.0,0.0,0.0,1,0.0,0.0,0.0,283.27,5.0,3.0,0,1,3.0,2.5649493574615367,6.1942829346275925,0.0,0,0.0
672,대조,0,6.0,14.0,432.03000000000003,214.0,1.0,3.34,0.0,0.0,1,0.0,0.0,0.0,113.38,9.0,6.0,0,1,6.0,2.70805020110221,6.070807009667125,0.007730944610327985,0,0.0
675,대조,0,1.0,29.0,618.99,25493.0,0.0,0.0,0.0,0.0,1,0.0,0.0,0.0,298.56,12.0,1.0,0,1,1.0,3.4011973816621555,6.429703348876805,0.0,0,0.0
680,대조,0,5.0,12.0,546.12,336.0,0.0,0.0,0.0,0.0,1,0.0,0.0,0.0,187.75,2.0,5.0,0,1,5.0,2.5649493574615367,6.304668156789841,0.0,0,0.0
685,대조,0,2.0,18.0,631.78,11954.0,1.0,1.5,0.0,0.0,1,0.0,0.0,0.0,12.84,1.0,2.0,0,1,2.0,2.9444389791664403,6.450122810391399,0.002374244198930007,0,0.0
688,대조,0,7.0,5.0,450.43,156.0,1.0,3.99,0.0,0.0,1,12.19,5.0,3.0,634.4,6.0,7.0,1,1,7.0,1.791759469228055,6.112420322077599,0.008858202162378172,0,0.0
690,대조,0,1.0,41.0,893.85,31392.0,0.0,0.0,0.0,0.0,1,0.0,0.0,0.0,265.40000000000003,14.0,1.0,0,1,1.0,3.7376696182833684,6.796656106463417,0.0,0,0.0
692,대조,0,2.0,21.0,555.29,21678.0,2.0,3.67,0.0,0.0,1,0.0,0.0,0.0,199.25,7.0,2.0,0,1,2.0,3.091042453358316,6.321289741007401,0.006609159178087126,0,0.0
694,대조,0,22.0,8.0,103.99,35.0,0.0,0.0,0.0,0.0,0,0.0,0.0,0.0,63.56,5.0,22.0,0,1,22.0,2.1972245773362196,4.65386510752685,0.0,0,0.0
695,대조,0,2.0,32.0,1287.73,66257.0,0.0,0.0,0.0,0.0,1,0.0,0.0,0.0,517.48,10.0,2.0,0,1,2.0,3.4965075614664802,7.161412516297074,0.0,0,0.0
696,대조,0,1.0,51.0,2054.7400000000002,110889.0,2.0,5.84,0.0,0.0,1,0.0,0.0,0.0,941.46,19.0,1.0,0,1,1.0,3.9512437185814275,7.628391159434456,0.0028422087466054096,0,0.0
697,대조,0,1.0,9.0,211.81,92.0,0.0,0.0,0.0,0.0,0,0.0,0.0,0.0,264.37,7.0,1.0,0,1,1.0,2.302585092994046,5.36039974884458,0.0,0,0.0
702,대조,0,2.0,48.0,1282.86,48619.0,0.0,0.0,0.0,0.0,0,2.79,1.0,1.0,570.37,23.0,2.0,1,1,2.0,3.8918202981106265,7.157626444037326,0.0,0,0.0
703,대조,0,2.0,32.0,1145.03,156310.0,1.0,2.89,0.0,0.0,0,0.0,0.0,0.0,397.75,18.0,2.0,0,1,2.0,3.4965075614664802,7.044059074942518,0.002523951337519541,0,0.0
705,대조,0,7.0,9.0,186.81,83.0,0.0,0.0,0.0,0.0,0,0.0,0.0,0.0,70.16,3.0,7.0,0,1,7.0,2.302585092994046,5.2354308134928464,0.0,0,0.0
707,대조,0,3.0,79.0,3347.82,285974.0,1.0,2.5,0.0,0.0,1,2.79,1.0,1.0,831.45,19.0,3.0,1,1,3.0,4.382026634673881,8.116363323962482,0.0007467546044888912,0,0.0
708,대조,0,7.0,8.0,294.22,129.0,0.0,0.0,0.0,1.0,1,0.0,0.0,0.0,51.68,1.0,7.0,0,1,7.0,2.1972245773362196,5.687720841108851,0.0,0,1.0
715,대조,0,5.0,13.0,279.97,6850.0,0.0,0.0,0.0,0.0,1,0.0,0.0,0.0,133.38,5.0,5.0,0,1,5.0,2.6390573296152584,5.638247902068488,0.0,0,0.0
716,대조,0,10.0,15.0,263.14,9826.0,0.0,0.0,0.0,0.0,1,3.24,1.0,1.0,109.53,7.0,10.0,1,1,10.0,2.772588722239781,5.576479265615658,0.0,0,0.0
725,대조,0,2.0,17.0,767.54,485.0,6.0,9.34,0.0,0.0,1,1.5,1.0,1.0,410.05,11.0,2.0,1,1,2.0,2.8903717578961645,6.6444926110711,0.012168746905698725,0,0.0
726,대조,0,4.0,8.0,265.28000000000003,111.0,1.0,7.49,0.0,0.0,0,0.0,0.0,0.0,147.13,7.0,4.0,0,1,4.0,2.1972245773362196,5.584548386732503,0.028234318455971047,0,0.0
727,대조,0,3.0,19.0,722.0,326.0,2.0,4.1899999999999995,0.0,0.0,0,2.19,1.0,1.0,195.69,5.0,3.0,1,1,3.0,2.995732273553991,6.583409222158765,0.005803324099722991,0,0.0
728,대조,0,2.0,82.0,2190.38,183366.0,2.0,6.99,0.0,0.0,0,6.49,2.0,2.0,807.96,27.0,2.0,1,1,2.0,4.418840607796598,7.692286761343901,0.003191227093015824,0,0.0
729,대조,0,13.0,8.0,399.83,175.0,0.0,0.0,0.0,0.0,0,0.0,0.0,0.0,17.560000000000002,1.0,13.0,0,1,13.0,2.1972245773362196,5.993537397268912,0.0,0,0.0
730,대조,0,5.0,10.0,140.66,66.0,1.0,6.99,0.0,1.0,0,0.0,0.0,0.0,71.28999999999999,5.0,5.0,0,1,5.0,2.3978952727983707,4.953429820325477,0.049694298307976684,0,1.0
731,대조,0,2.0,37.0,519.9,21406.0,0.0,0.0,0.0,0.0,1,0.0,0.0,0.0,219.55,11.0,2.0,0,1,2.0,3.6375861597263857,6.255558084751145,0.0,0,0.0
733,대조,0,5.0,10.0,339.89,198.0,0.0,0.0,0.0,0.0,1,0.0,0.0,0.0,216.64000000000001,5.0,5.0,0,1,5.0,2.3978952727983707,5.8315598445980275,0.0,0,0.0
734,대조,0,3.0,9.0,192.98,8497.0,0.0,0.0,0.0,0.0,0,0.0,0.0,0.0,19.2,3.0,3.0,0,1,3.0,2.302585092994046,5.2677550609653965,0.0,0,0.0
737,대조,0,40.0,2.0,17.490000000000002,8.0,0.0,0.0,0.0,1.0,0,0.0,0.0,0.0,0.0,0.0,40.0,0,0,40.0,1.0986122886681098,2.9172300453990334,0.0,0,1.0
740,대조,0,4.0,24.0,1165.11,592.0,0.0,0.0,0.0,1.0,1,0.0,0.0,0.0,379.35,7.0,4.0,0,1,4.0,3.2188758248682006,7.061428702083377,0.0,0,1.0
741,대조,0,3.0,19.0,750.93,15112.0,0.0,0.0,0.0,0.0,1,0.0,0.0,0.0,293.45,10.0,3.0,0,1,3.0,2.995732273553991,6.622643234510769,0.0,0,0.0
742,대조,0,1.0,51.0,691.99,19535.0,0.0,0.0,0.0,0.0,1,0.0,0.0,0.0,162.85999999999999,19.0,1.0,0,1,1.0,3.9512437185814275,6.54101556907136,0.0,0,0.0
743,대조,0,1.0,11.0,504.49,247.0,1.0,3.69,0.0,0.0,0,0.0,0.0,0.0,134.59,3.0,1.0,0,1,1.0,2.4849066497880004,6.225528255871183,0.0073143174294832405,0,0.0
745,대조,0,4.0,28.0,1039.26,509.0,3.0,7.59,0.0,1.0,0,0.0,0.0,0.0,365.2,9.0,4.0,0,1,4.0,3.367295829986474,6.947225960890625,0.007303273483055251,0,1.0
747,대조,0,7.0,17.0,117.37,48.0,0.0,0.0,0.0,0.0,0,0.0,0.0,0.0,79.75,10.0,7.0,0,1,7.0,2.8903717578961645,4.773815311965802,0.0,0,0.0
748,대조,0,,0.0,0.0,0.0,0.0,0.0,0.0,0.0,1,0.0,0.0,0.0,0.0,0.0,90.0,0,0,90.0,0.0,0.0,0.0,0,0.0
749,대조,0,5.0,18.0,445.54,211.0,0.0,0.0,0.0,0.0,0,3.0,2.0,1.0,123.63,6.0,5.0,1,1,5.0,2.9444389791664403,6.101528981970291,0.0,0,0.0
752,대조,0,6.0,20.0,852.51,127285.0,5.0,15.06,0.0,0.0,1,0.0,0.0,0.0,278.82,9.0,6.0,0,1,6.0,3.044522437723423,6.749357258627486,0.017665481929830737,0,0.0
754,대조,0,5.0,4.0,249.05,105.0,0.0,0.0,0.0,1.0,0,0.0,0.0,0.0,109.91,2.0,5.0,0,1,5.0,1.6094379124341003,5.521660897864913,0.0,0,1.0
757,대조,0,4.0,4.0,277.07,117.0,1.0,2.0,0.0,0.0,0,0.0,0.0,0.0,25.36,1.0,4.0,0,1,4.0,1.6094379124341003,5.627872880555851,0.0072183924639982674,0,0.0
760,대조,0,7.0,14.0,354.83,143.0,0.0,0.0,0.0,1.0,0,0.0,0.0,0.0,126.87,3.0,7.0,0,1,7.0,2.70805020110221,5.874453088709294,0.0,0,1.0
761,대조,0,1.0,19.0,872.6,451.0,0.0,0.0,0.0,0.0,1,0.0,0.0,0.0,187.16,4.0,1.0,0,1,1.0,2.995732273553991,6.772622604990641,0.0,0,0.0
762,대조,0,1.0,146.0,1321.44,83041.0,9.0,41.760000000000005,0.0,1.0,1,4.0,2.0,1.0,254.84,34.0,1.0,1,1,1.0,4.990432586778736,7.187233794083229,0.03160188884852888,0,1.0
763,대조,0,6.0,6.0,518.19,250.0,0.0,0.0,0.0,0.0,0,0.0,0.0,0.0,175.04,1.0,6.0,0,1,6.0,1.9459101490553132,6.25226990480378,0.0,0,0.0
764,대조,0,6.0,2.0,54.25,28.0,0.0,0.0,0.0,0.0,1,2.19,1.0,1.0,421.06,13.0,6.0,1,1,6.0,1.0986122886681098,4.0118683403978626,0.0,0,0.0
768,대조,0,1.0,57.0,686.64,28011.0,3.0,11.870000000000001,0.0,0.0,1,6.390000000000001,2.0,2.0,426.84,28.0,1.0,1,1,1.0,4.060443010546419,6.533265445173293,0.017287079109868347,0,0.0
769,대조,0,23.0,8.0,203.42000000000002,110.0,1.0,1.67,0.0,0.0,0,0.0,0.0,0.0,15.16,1.0,23.0,0,1,23.0,2.1972245773362196,5.32017670090093,0.008209615573689901,0,0.0
771,대조,0,1.0,63.0,1002.08,532.0,0.0,0.0,0.0,1.0,1,0.0,0.0,0.0,369.38,25.0,1.0,0,1,1.0,4.1588830833596715,6.910830545499065,0.0,0,1.0
779,대조,0,20.0,9.0,384.23,142.0,0.0,0.0,0.0,0.0,1,0.0,0.0,0.0,89.31,5.0,20.0,0,1,20.0,2.302585092994046,5.953840558511292,0.0,0,0.0
780,대조,0,2.0,14.0,59.690000000000005,35.0,0.0,0.0,0.0,0.0,0,0.0,0.0,0.0,20.91,3.0,2.0,0,1,2.0,2.70805020110221,4.105778939847764,0.0,0,0.0
784,대조,0,3.0,15.0,394.0,17542.0,1.0,2.19,0.0,1.0,1,0.0,0.0,0.0,57.15,3.0,3.0,0,1,3.0,2.772588722239781,5.978885764901122,0.005558375634517766,0,1.0
785,대조,0,37.0,6.0,118.98,14203.0,0.0,0.0,0.0,1.0,1,0.0,0.0,0.0,84.8,2.0,37.0,0,1,37.0,1.9459101490553132,4.787325062224947,0.0,0,1.0
786,대조,0,1.0,41.0,1379.06,424.0,8.0,15.04,0.0,0.0,1,9.2,5.0,5.0,660.11,9.0,1.0,1,1,1.0,3.7376696182833684,7.2298822554669675,0.0109059794352675,0,0.0
787,대조,0,3.0,25.0,362.31,122.0,0.0,0.0,0.0,0.0,1,0.0,0.0,0.0,124.84,11.0,3.0,0,1,3.0,3.258096538021482,5.895256464309389,0.0,0,0.0
790,대조,0,10.0,5.0,203.08,75.0,0.0,0.0,0.0,0.0,1,16.67,3.0,3.0,287.61,6.0,10.0,1,1,10.0,1.791759469228055,5.318512073833556,0.0,0,0.0
793,대조,0,10.0,8.0,81.49,29.0,0.0,0.0,0.0,0.0,0,0.0,0.0,0.0,48.34,6.0,10.0,0,1,10.0,2.1972245773362196,4.41267707387264,0.0,0,0.0
802,대조,0,2.0,8.0,171.88,40.0,0.0,0.0,0.0,0.0,1,0.0,0.0,0.0,10.89,2.0,2.0,0,1,2.0,2.1972245773362196,5.152597712198631,0.0,0,0.0
804,대조,0,2.0,44.0,883.48,454.0,7.0,53.230000000000004,0.0,0.0,0,0.0,0.0,0.0,189.65,11.0,2.0,0,1,2.0,3.8066624897703196,6.784999901699195,0.06025037352288677,0,0.0
807,대조,0,11.0,14.0,584.71,32452.0,0.0,0.0,0.0,0.0,0,0.0,0.0,0.0,276.79,8.0,11.0,0,1,11.0,2.70805020110221,6.372824786537145,0.0,0,0.0
808,대조,0,9.0,33.0,515.36,28637.0,2.0,5.38,0.0,0.0,1,0.0,0.0,0.0,67.73,7.0,9.0,0,1,9.0,3.5263605246161616,6.246804196638508,0.010439304563800062,0,0.0
817,대조,0,12.0,26.0,683.26,318.0,0.0,0.0,0.0,1.0,1,0.0,0.0,0.0,345.45,8.0,12.0,0,1,12.0,3.295836866004329,6.528337962355466,0.0,0,1.0
820,대조,0,4.0,6.0,240.01,111.0,0.0,0.0,0.0,0.0,0,0.0,0.0,0.0,50.97,2.0,4.0,0,1,4.0,1.9459101490553132,5.484838426405745,0.0,0,0.0
823,대조,0,2.0,17.0,440.56,176.0,0.0,0.0,0.0,0.0,1,0.0,0.0,0.0,53.49,3.0,2.0,0,1,2.0,2.8903717578961645,6.090313911150151,0.0,0,0.0
825,대조,0,3.0,37.0,1769.84,135012.0,0.0,0.0,0.0,0.0,1,0.0,0.0,0.0,642.88,15.0,3.0,0,1,3.0,3.6375861597263857,7.479209289263358,0.0,0,0.0
830,대조,0,8.0,47.0,280.71,242.0,0.0,0.0,0.0,0.0,0,0.0,0.0,0.0,16.68,2.0,8.0,0,1,8.0,3.871201010907891,5.6408781730098045,0.0,0,0.0
831,대조,0,2.0,22.0,1358.67,459.0,10.0,25.95,0.0,0.0,1,6.5,4.0,4.0,409.84000000000003,7.0,2.0,1,1,2.0,3.1354942159291497,7.214997302227713,0.01909956059970412,0,0.0
836,대조,0,10.0,17.0,404.04,170.0,0.0,0.0,0.0,0.0,0,0.0,0.0,0.0,73.8,7.0,10.0,0,1,10.0,2.8903717578961645,6.003985827661654,0.0,0,0.0
840,대조,0,1.0,35.0,1674.06,518.0,1.0,4.99,0.0,0.0,1,0.0,0.0,0.0,719.69,9.0,1.0,0,1,1.0,3.58351893845611,7.423604264513136,0.002980777272021314,0,0.0
841,대조,0,4.0,20.0,254.66,10159.0,1.0,2.0,0.0,0.0,0,0.0,0.0,0.0,27.35,3.0,4.0,0,1,4.0,3.044522437723423,5.543848436739876,0.007853608733212912,0,0.0
842,대조,0,2.0,101.0,1201.8,66625.0,2.0,4.92,0.0,0.0,0,3.89,2.0,2.0,834.72,48.0,2.0,1,1,2.0,4.624972813284271,7.092407451114374,0.0040938592111832255,0,0.0
844,대조,0,9.0,16.0,769.71,249.0,0.0,0.0,0.0,0.0,1,0.0,0.0,0.0,210.2,7.0,9.0,0,1,9.0,2.833213344056216,6.647312167917105,0.0,0,0.0
850,대조,0,5.0,13.0,116.13,89.0,0.0,0.0,0.0,0.0,0,0.0,0.0,0.0,142.02,8.0,5.0,0,1,5.0,2.6390573296152584,4.763284429081783,0.0,0,0.0
852,대조,0,6.0,18.0,294.01,126.0,1.0,4.0,0.0,0.0,1,0.0,0.0,0.0,28.16,3.0,6.0,0,1,6.0,2.9444389791664403,5.68700925407037,0.013604979422468624,0,0.0
853,대조,0,1.0,77.0,2001.81,113915.0,1.0,2.5,0.0,0.0,1,0.0,0.0,0.0,684.54,25.0,1.0,0,1,1.0,4.356708826689592,7.602306473453111,0.0012488697728555657,0,0.0
854,대조,0,2.0,7.0,50.53,21.0,1.0,2.5,0.0,0.0,0,0.0,0.0,0.0,30.29,2.0,2.0,0,1,2.0,2.0794415416798357,3.942164162340133,0.04947555907381753,0,0.0
855,대조,0,1.0,24.0,719.95,291.0,0.0,0.0,0.0,0.0,0,0.0,0.0,0.0,476.09,20.0,1.0,0,1,1.0,3.2188758248682006,6.580569786752656,0.0,0,0.0
857,대조,0,10.0,9.0,966.62,425.0,3.0,7.0,0.0,0.0,1,0.0,0.0,0.0,217.92,2.0,10.0,0,1,10.0,2.302585092994046,6.874839448220479,0.007241728911050878,0,0.0
859,대조,0,7.0,21.0,820.96,77112.0,0.0,0.0,0.0,0.0,1,0.0,0.0,0.0,223.37,7.0,7.0,0,1,7.0,3.091042453358316,6.711691732071669,0.0,0,0.0
862,대조,0,8.0,10.0,159.8,101.0,0.0,0.0,0.0,0.0,0,23.96,4.0,1.0,164.03,5.0,8.0,1,1,8.0,2.3978952727983707,5.080161356744866,0.0,0,0.0
863,대조,0,3.0,10.0,88.22,37.0,2.0,14.98,0.0,0.0,1,0.0,0.0,0.0,27.87,5.0,3.0,0,1,3.0,2.3978952727983707,4.491105229700119,0.16980276581274087,0,0.0
867,대조,0,6.0,23.0,758.13,52295.0,0.0,0.0,0.0,0.0,1,0.0,0.0,0.0,238.71,6.0,6.0,0,1,6.0,3.1780538303479458,6.6321730407265935,0.0,0,0.0
868,대조,0,6.0,20.0,996.25,56625.0,2.0,4.68,0.0,0.0,1,0.0,0.0,0.0,468.37,11.0,6.0,0,1,6.0,3.044522437723423,6.905001490785516,0.004697616060225847,0,0.0
871,대조,0,6.0,21.0,1847.75,604.0,3.0,9.379999999999999,0.0,0.0,1,0.0,0.0,0.0,429.46000000000004,4.0,6.0,0,1,6.0,3.091042453358316,7.52226501402501,0.005076444324178054,0,0.0
873,대조,0,8.0,13.0,428.06,33846.0,0.0,0.0,0.0,0.0,0,0.0,0.0,0.0,127.46,5.0,8.0,0,1,8.0,2.6390573296152584,6.06159676928836,0.0,0,0.0
876,대조,0,3.0,36.0,1053.57,49329.0,4.0,12.0,0.0,1.0,0,1.5,1.0,1.0,401.12,17.0,3.0,1,1,3.0,3.6109179126442243,6.960888379887276,0.011389845952333496,0,1.0
877,대조,0,3.0,8.0,445.75,186.0,1.0,2.0,0.0,1.0,0,0.0,0.0,0.0,104.13,4.0,3.0,0,1,3.0,2.1972245773362196,6.101999154039538,0.00448681996634885,0,1.0
879,대조,0,4.0,3.0,97.11,45.0,0.0,0.0,0.0,0.0,1,3.0,2.0,2.0,312.82,8.0,4.0,1,1,4.0,1.3862943611198906,4.5860892981753,0.0,0,0.0
881,대조,0,4.0,25.0,754.47,492.0,1.0,1.67,0.0,0.0,0,0.0,0.0,0.0,319.68,9.0,4.0,0,1,4.0,3.258096538021482,6.627340072122261,0.002213474359484141,0,0.0
882,대조,0,1.0,17.0,370.02,215.0,11.0,40.25,0.0,0.0,1,3.0,2.0,1.0,64.96000000000001,3.0,1.0,1,1,1.0,2.8903717578961645,5.916255969510227,0.10877790389708665,0,0.0
884,대조,0,6.0,6.0,103.24,56.0,0.0,0.0,0.0,0.0,0,0.0,0.0,0.0,0.0,0.0,6.0,0,0,6.0,1.9459101490553132,4.6466959328165895,0.0,0,0.0
885,대조,0,1.0,13.0,268.24,10483.0,0.0,0.0,0.0,0.0,0,0.0,0.0,0.0,267.38,9.0,1.0,0,1,1.0,2.6390573296152584,5.595603175142513,0.0,0,0.0
886,처치,1,1.0,35.0,703.37,21761.0,0.0,0.0,0.0,0.0,1,1.0,1.0,1.0,299.2,11.0,1.0,1,1,1.0,3.58351893845611,6.557303786277275,0.0,0,0.0
893,대조,0,1.0,6.0,215.13,165.0,0.0,0.0,0.0,0.0,0,4.0,2.0,1.0,118.06,2.0,1.0,1,1,1.0,1.9459101490553132,5.375880078495827,0.0,0,0.0
896,대조,0,4.0,20.0,1045.9,39626.0,0.0,0.0,1.0,1.0,0,3.0,2.0,1.0,408.78000000000003,10.0,4.0,1,1,4.0,3.044522437723423,6.953588695325309,0.0,1,1.0
901,대조,0,2.0,15.0,595.44,289.0,2.0,4.4799999999999995,0.0,1.0,0,1.5,1.0,1.0,224.95,7.0,2.0,1,1,2.0,2.772588722239781,6.390978649722706,0.007523847910788659,0,1.0
906,대조,0,1.0,75.0,1292.43,150913.0,3.0,16.0,0.0,1.0,1,5.0,3.0,1.0,534.18,24.0,1.0,1,1,1.0,4.330733340286331,7.1650528834241864,0.012379780723133942,0,1.0
908,대조,0,1.0,39.0,1246.03,27094.0,2.0,4.34,0.0,0.0,1,0.0,0.0,0.0,302.59,10.0,1.0,0,1,1.0,3.6888794541139363,7.128520003129227,0.003483062205564874,0,0.0
911,대조,0,4.0,17.0,828.9,12922.0,0.0,0.0,0.0,0.0,1,0.0,0.0,0.0,234.87,4.0,4.0,0,1,4.0,2.8903717578961645,6.7213052116044025,0.0,0,0.0
915,대조,0,2.0,19.0,186.86,125.0,0.0,0.0,0.0,0.0,1,0.0,0.0,0.0,29.7,5.0,2.0,0,1,2.0,2.995732273553991,5.2356970045663696,0.0,0,0.0
916,대조,0,2.0,13.0,112.36,14990.0,0.0,0.0,0.0,0.0,0,0.0,0.0,0.0,78.8,5.0,2.0,0,1,2.0,2.6390573296152584,4.730568595382425,0.0,0,0.0
919,대조,0,7.0,26.0,348.8,174.0,0.0,0.0,0.0,0.0,0,0.0,0.0,0.0,10.16,2.0,7.0,0,1,7.0,3.295836866004329,5.857361562584502,0.0,0,0.0
923,대조,0,8.0,18.0,315.58,13323.0,0.0,0.0,0.0,0.0,0,0.0,0.0,0.0,233.98,12.0,8.0,0,1,8.0,2.9444389791664403,5.757575974257592,0.0,0,0.0
925,대조,0,65.0,5.0,43.82,29.0,1.0,1.67,0.0,0.0,0,0.0,0.0,0.0,2.84,2.0,65.0,0,1,65.0,1.791759469228055,3.802654468372781,0.03811045184847102,0,0.0
927,대조,0,1.0,7.0,115.45,52.0,0.0,0.0,0.0,0.0,0,0.0,0.0,0.0,126.0,2.0,1.0,0,1,1.0,2.0794415416798357,4.75746199633035,0.0,0,0.0
929,대조,0,8.0,14.0,462.37,264.0,2.0,5.0,0.0,0.0,1,1.5,1.0,1.0,248.02,8.0,8.0,1,1,8.0,2.70805020110221,6.138525871016133,0.010813850379566147,0,0.0
931,대조,0,47.0,5.0,612.49,261.0,0.0,0.0,0.0,0.0,0,0.0,0.0,0.0,161.89,1.0,47.0,0,1,47.0,1.791759469228055,6.419163964099621,0.0,0,0.0
938,대조,0,43.0,1.0,9.27,4.0,0.0,0.0,0.0,1.0,0,7.880000000000001,2.0,2.0,142.29,1.0,43.0,1,1,43.0,0.6931471805599453,2.329227023940467,0.0,0,1.0
939,대조,0,3.0,4.0,94.73,56.0,0.0,0.0,0.0,0.0,1,0.0,0.0,0.0,0.0,0.0,3.0,0,0,3.0,1.6094379124341003,4.561531728958262,0.0,0,0.0
940,대조,0,23.0,11.0,131.0,62.0,0.0,0.0,0.0,0.0,0,0.0,0.0,0.0,37.43,2.0,23.0,0,1,23.0,2.4849066497880004,4.882801922586371,0.0,0,0.0
941,대조,0,9.0,22.0,477.82,21612.0,5.0,17.16,0.0,0.0,1,0.0,0.0,0.0,61.0,6.0,9.0,0,1,9.0,3.1354942159291497,6.171324743905833,0.03591310535348039,0,0.0
942,대조,0,5.0,26.0,1145.8700000000001,651.0,8.0,16.759999999999998,0.0,0.0,0,9.360000000000001,4.0,3.0,411.61,12.0,5.0,1,1,5.0,3.295836866004329,7.044791771560408,0.014626441044795654,0,0.0
943,대조,0,2.0,23.0,632.23,26338.0,1.0,1.67,0.0,0.0,0,1.5,1.0,1.0,503.22,29.0,2.0,1,1,2.0,3.1780538303479458,6.4508337052799885,0.002641443778371795,0,0.0
944,대조,0,20.0,9.0,153.73,20997.0,1.0,2.0,0.0,0.0,0,0.0,0.0,0.0,162.61,4.0,20.0,0,1,20.0,2.302585092994046,5.041681662501581,0.013009822415924023,0,0.0
946,대조,0,3.0,16.0,528.07,320.0,2.0,3.5,0.0,1.0,1,1.0,1.0,1.0,90.96,5.0,3.0,1,1,3.0,2.833213344056216,6.2711207482458775,0.006627909178707368,0,1.0
949,대조,0,12.0,23.0,804.49,92486.0,3.0,9.0,0.0,0.0,1,3.5,2.0,2.0,312.06,6.0,12.0,1,1,12.0,3.1780538303479458,6.69145078789068,0.01118721177391888,0,0.0
952,대조,0,4.0,20.0,384.35,173.0,0.0,0.0,0.0,0.0,0,0.0,0.0,0.0,132.66,6.0,4.0,0,1,4.0,3.044522437723423,5.954152012224002,0.0,0,0.0
954,대조,0,11.0,7.0,362.7,171.0,2.0,6.66,0.0,1.0,0,4.99,1.0,1.0,46.839999999999996,1.0,11.0,1,1,11.0,2.0794415416798357,5.896329351992943,0.018362282878411913,0,1.0
955,대조,0,2.0,27.0,365.02,250.0,3.0,7.890000000000001,0.0,0.0,1,9.19,5.0,5.0,519.47,15.0,2.0,1,1,2.0,3.332204510175204,5.902687976717136,0.021615253958687197,0,0.0
956,대조,0,1.0,79.0,1418.38,139520.0,3.0,6.17,0.0,0.0,1,3.33,2.0,2.0,359.85,24.0,1.0,1,1,1.0,4.382026634673881,7.257975435530853,0.004350033136395042,0,0.0
957,대조,0,1.0,42.0,185.16,152.0,0.0,0.0,0.0,0.0,0,0.0,0.0,0.0,67.13,17.0,1.0,0,1,1.0,3.7612001156935624,5.2266065189940365,0.0,0,0.0
964,대조,0,23.0,5.0,306.09,172.0,3.0,6.5,0.0,0.0,0,4.0,2.0,2.0,257.13,5.0,23.0,1,1,23.0,1.791759469228055,5.727140864233436,0.021235584305269693,0,0.0
965,대조,0,6.0,16.0,858.65,302.0,1.0,7.49,0.0,0.0,0,0.0,0.0,0.0,33.47,3.0,6.0,0,1,6.0,2.833213344056216,6.756525329665856,0.008722995399755431,0,0.0
971,대조,0,1.0,16.0,403.59000000000003,179.0,5.0,22.96,0.0,0.0,1,0.0,0.0,0.0,74.39,5.0,1.0,0,1,1.0,2.833213344056216,6.002874208659545,0.056889417478133746,0,0.0
973,대조,0,6.0,16.0,2556.4500000000003,12175.0,1.0,4.99,0.0,0.0,1,0.0,0.0,0.0,877.84,3.0,6.0,0,1,6.0,2.833213344056216,7.84676594729254,0.001951925521719572,0,0.0
975,대조,0,5.0,26.0,747.27,112383.0,0.0,0.0,0.0,0.0,0,0.0,0.0,0.0,299.57,11.0,5.0,0,1,5.0,3.295836866004329,6.617763875410008,0.0,0,0.0
976,대조,0,31.0,10.0,616.37,244.0,2.0,5.390000000000001,0.0,0.0,1,0.0,0.0,0.0,271.15999999999997,3.0,31.0,0,1,31.0,2.3978952727983707,6.425468520022568,0.008744747473108685,0,0.0
978,대조,0,4.0,16.0,256.91,82.0,2.0,12.05,0.0,0.0,0,0.0,0.0,0.0,98.89,5.0,4.0,0,1,4.0,2.833213344056216,5.552610686854463,0.04690358491300455,0,0.0
983,대조,0,2.0,32.0,728.75,318.0,4.0,25.16,0.0,0.0,1,0.0,0.0,0.0,319.33,16.0,2.0,0,1,2.0,3.4965075614664802,6.592702009734224,0.034524871355060036,0,0.0
984,대조,0,3.0,5.0,79.74,40.0,0.0,0.0,0.0,0.0,0,0.0,0.0,0.0,84.33,2.0,3.0,0,1,3.0,1.791759469228055,4.391234115424795,0.0,0,0.0
986,대조,0,16.0,13.0,314.41,135.0,1.0,3.99,0.0,1.0,1,0.0,0.0,0.0,153.77,6.0,16.0,0,1,16.0,2.6390573296152584,5.753873379796771,0.012690436054832862,0,1.0
987,대조,0,2.0,25.0,532.29,220.0,0.0,0.0,0.0,1.0,0,0.0,0.0,0.0,69.89999999999999,6.0,2.0,0,1,2.0,3.258096538021482,6.279065366258803,0.0,0,1.0
993,대조,0,6.0,19.0,582.83,286.0,1.0,6.0,0.0,1.0,1,0.0,0.0,0.0,147.64000000000001,7.0,6.0,0,1,6.0,2.995732273553991,6.369609844561183,0.01029459705231371,0,1.0
998,대조,0,1.0,37.0,1268.05,35245.0,0.0,0.0,0.0,0.0,0,9.57,3.0,2.0,720.37,22.0,1.0,1,1,1.0,3.6375861597263857,7.146023868041415,0.0,0,0.0
1000,대조,0,5.0,20.0,732.6,372.0,2.0,5.78,0.0,0.0,0,0.0,0.0,0.0,257.34000000000003,8.0,5.0,0,1,5.0,3.044522437723423,6.597963920942255,0.00788970788970789,0,0.0
1004,대조,0,2.0,46.0,683.36,114995.0,0.0,0.0,0.0,0.0,1,0.0,0.0,0.0,407.56,14.0,2.0,0,1,2.0,3.8501476017100584,6.528484094956448,0.0,0,0.0
1005,대조,0,1.0,29.0,401.8,245.0,1.0,2.29,0.0,0.0,0,3.79,2.0,2.0,187.75,13.0,1.0,1,1,1.0,3.4011973816621555,5.998440160844408,0.005699352911896466,0,0.0
1007,대조,0,2.0,24.0,189.32,166.0,0.0,0.0,0.0,0.0,0,0.0,0.0,0.0,35.96,7.0,2.0,0,1,2.0,3.2188758248682006,5.248706865994702,0.0,0,0.0
1010,대조,0,1.0,8.0,285.19,21367.0,0.0,0.0,0.0,0.0,0,0.0,0.0,0.0,97.87,3.0,1.0,0,1,1.0,2.1972245773362196,5.656655925910935,0.0,0,0.0
1011,대조,0,3.0,21.0,479.28000000000003,33633.0,0.0,0.0,0.0,0.0,0,0.0,0.0,0.0,186.60000000000002,7.0,3.0,0,1,3.0,3.091042453358316,6.174369267162517,0.0,0,0.0
1014,대조,0,5.0,34.0,828.85,49902.0,2.0,5.0,0.0,0.0,1,0.0,0.0,0.0,352.47,17.0,5.0,0,1,5.0,3.5553480614894135,6.721244961566728,0.006032454605779091,0,0.0
1016,대조,0,20.0,10.0,658.23,231.0,1.0,2.0,0.0,0.0,0,0.0,0.0,0.0,21.47,2.0,20.0,0,1,20.0,2.3978952727983707,6.491072487268465,0.00303845160506206,0,0.0
1017,대조,0,7.0,9.0,434.14,212.0,0.0,0.0,0.0,0.0,0,0.0,0.0,0.0,152.82,4.0,7.0,0,1,7.0,2.302585092994046,6.075667818390056,0.0,0,0.0
1019,대조,0,14.0,8.0,236.54,80.0,0.0,0.0,0.0,0.0,0,0.0,0.0,0.0,32.87,2.0,14.0,0,1,14.0,2.1972245773362196,5.470336030346094,0.0,0,0.0
1020,대조,0,4.0,14.0,1074.6200000000001,441.0,1.0,1.67,0.0,0.0,1,0.0,0.0,0.0,502.03000000000003,6.0,4.0,0,1,4.0,2.70805020110221,6.980652518494803,0.0015540377063520126,0,0.0
1021,대조,0,3.0,13.0,145.89,65.0,0.0,0.0,0.0,1.0,1,0.0,0.0,0.0,36.93,5.0,3.0,0,1,3.0,2.6390573296152584,4.989684007343324,0.0,0,1.0
1024,대조,0,2.0,14.0,684.13,9623.0,0.0,0.0,0.0,0.0,1,14.36,4.0,3.0,649.75,8.0,2.0,1,1,2.0,2.70805020110221,6.5296086012779835,0.0,0,0.0
1025,대조,0,17.0,17.0,737.18,432.0,2.0,7.1899999999999995,0.0,0.0,0,6.1899999999999995,2.0,2.0,312.58,8.0,17.0,1,1,17.0,2.8903717578961645,6.604187697300133,0.009753384519384681,0,0.0
1031,대조,0,,0.0,0.0,0.0,0.0,0.0,0.0,0.0,1,0.0,0.0,0.0,63.94,1.0,90.0,0,1,90.0,0.0,0.0,0.0,0,0.0
1032,대조,0,10.0,15.0,311.12,105.0,1.0,1.29,0.0,0.0,0,0.0,0.0,0.0,333.37,11.0,10.0,0,1,10.0,2.772588722239781,5.7433877292485604,0.004146310105425559,0,0.0
1034,대조,0,9.0,18.0,180.92000000000002,14717.0,0.0,0.0,0.0,0.0,0,0.0,0.0,0.0,4.48,2.0,9.0,0,1,9.0,2.9444389791664403,5.203567030002226,0.0,0,0.0
1038,대조,0,2.0,45.0,371.88,251.0,0.0,0.0,0.0,0.0,1,0.0,0.0,0.0,36.85,12.0,2.0,0,1,2.0,3.828641396489095,5.921256652064486,0.0,0,0.0
1039,대조,0,2.0,13.0,998.86,357.0,5.0,15.370000000000001,0.0,0.0,0,0.0,0.0,0.0,115.27,3.0,2.0,0,1,2.0,2.6390573296152584,6.907615269181222,0.015387541797649321,0,0.0
1040,대조,0,2.0,29.0,743.15,274.0,6.0,15.33,0.0,0.0,1,5.890000000000001,2.0,2.0,423.28000000000003,13.0,2.0,1,1,2.0,3.4011973816621555,6.612242627415168,0.020628406109130054,0,0.0
1041,대조,0,2.0,30.0,830.7,382.0,0.0,0.0,0.0,0.0,1,2.5,1.0,1.0,365.55,12.0,2.0,1,1,2.0,3.4339872044851463,6.723471798874642,0.0,0,0.0
1045,대조,0,6.0,35.0,619.2,122271.0,2.0,3.34,0.0,0.0,1,0.0,0.0,0.0,129.63,12.0,6.0,0,1,6.0,3.58351893845611,6.430042006666349,0.005394056847545219,0,0.0
1046,대조,0,1.0,16.0,456.86,17253.0,6.0,11.0,0.0,1.0,0,0.0,0.0,0.0,237.36,15.0,1.0,0,1,1.0,2.833213344056216,6.126563460529597,0.024077397889944403,0,1.0
1047,대조,0,4.0,18.0,226.22,107.0,0.0,0.0,0.0,0.0,0,0.0,0.0,0.0,59.33,7.0,4.0,0,1,4.0,2.9444389791664403,5.425918711141758,0.0,0,0.0
1048,대조,0,68.0,9.0,78.42999999999999,29.0,0.0,0.0,0.0,0.0,0,0.0,0.0,0.0,0.0,0.0,68.0,0,0,68.0,2.302585092994046,4.374876130645041,0.0,0,0.0
1050,대조,0,2.0,31.0,933.13,141112.0,1.0,4.0,0.0,0.0,0,0.0,0.0,0.0,528.19,12.0,2.0,0,1,2.0,3.4657359027997265,6.8396156148388325,0.004286648162635432,0,0.0
1051,대조,0,29.0,5.0,139.13,87.0,0.0,0.0,0.0,1.0,0,0.0,0.0,0.0,9.51,1.0,29.0,0,1,29.0,1.791759469228055,4.942570563182127,0.0,0,1.0
1053,대조,0,1.0,17.0,693.84,309.0,2.0,10.0,0.0,0.0,1,6.0,2.0,1.0,168.95,4.0,1.0,1,1,1.0,2.8903717578961645,6.543681603233723,0.014412544678888504,0,0.0
1057,대조,0,2.0,27.0,1143.72,549.0,0.0,0.0,0.0,1.0,1,0.0,0.0,0.0,413.36,8.0,2.0,0,1,2.0,3.332204510175204,7.042915344598479,0.0,0,1.0
1058,대조,0,1.0,98.0,588.41,255.0,0.0,0.0,0.0,0.0,0,0.0,0.0,0.0,145.22,39.0,1.0,0,1,1.0,4.59511985013459,6.379122036566182,0.0,0,0.0
1061,대조,0,10.0,7.0,180.89000000000001,86.0,4.0,33.96,0.0,0.0,0,9.48,2.0,2.0,161.8,4.0,10.0,1,1,10.0,2.0794415416798357,5.2034021087517495,0.18773840455525456,0,0.0
1062,대조,0,3.0,32.0,227.5,138.0,0.0,0.0,0.0,0.0,1,0.0,0.0,0.0,15.51,6.0,3.0,0,1,3.0,3.4965075614664802,5.43153621033426,0.0,0,0.0
1064,대조,0,19.0,9.0,379.66,247.0,2.0,3.79,0.0,0.0,0,0.0,0.0,0.0,14.47,1.0,19.0,0,1,19.0,2.302585092994046,5.941906588259638,0.009982616024864352,0,0.0
1066,대조,0,2.0,33.0,415.54,311.0,0.0,0.0,0.0,0.0,1,5.1899999999999995,3.0,2.0,207.58,16.0,2.0,1,1,2.0,3.5263605246161616,6.03198249541087,0.0,0,0.0
1072,대조,0,1.0,10.0,421.31,302.0,1.0,1.67,0.0,0.0,0,0.0,0.0,0.0,81.6,1.0,1.0,0,1,1.0,2.3978952727983707,6.045739641507984,0.003963827110678598,0,0.0
1073,대조,0,12.0,16.0,389.34000000000003,11195.0,3.0,6.890000000000001,0.0,0.0,0,4.0,2.0,1.0,95.68,2.0,12.0,1,1,12.0,2.833213344056216,5.967018154203056,0.017696614783993425,0,0.0
1074,대조,0,2.0,18.0,978.77,433.0,2.0,6.43,0.0,0.0,1,0.0,0.0,0.0,566.97,9.0,2.0,0,1,2.0,2.9444389791664403,6.887317850242149,0.006569469844805214,0,0.0
1075,대조,0,7.0,13.0,241.88,17079.0,0.0,0.0,0.0,0.0,0,0.0,0.0,0.0,0.0,0.0,7.0,0,0,7.0,2.6390573296152584,5.492567494207265,0.0,0,0.0
1076,대조,0,4.0,11.0,187.17000000000002,64.0,0.0,0.0,0.0,0.0,1,0.0,0.0,0.0,2.49,1.0,4.0,0,1,4.0,2.4849066497880004,5.237345809556553,0.0,0,0.0
1078,대조,0,2.0,44.0,1267.08,119472.0,7.0,24.08,0.0,0.0,0,6.88,3.0,3.0,410.39,12.0,2.0,1,1,2.0,3.8066624897703196,7.145259224489637,0.019004324904504846,0,0.0
1082,대조,0,7.0,15.0,189.57,145.0,0.0,0.0,0.0,1.0,1,4.0,3.0,3.0,83.91,6.0,7.0,1,1,7.0,2.772588722239781,5.250019581140284,0.0,0,1.0
1083,대조,0,18.0,10.0,234.62,100.0,1.0,10.0,0.0,0.0,0,0.0,0.0,0.0,110.26,3.0,18.0,0,1,18.0,2.3978952727983707,5.462220337817973,0.04262211235188816,0,0.0
1085,대조,0,4.0,13.0,594.51,27274.0,6.0,17.98,0.0,0.0,0,3.0,2.0,2.0,280.74,8.0,4.0,1,1,4.0,2.6390573296152584,6.3894181812656115,0.030243393719197324,0,0.0
1088,대조,0,13.0,12.0,269.45,17489.0,0.0,0.0,0.0,0.0,0,0.0,0.0,0.0,67.47,4.0,13.0,0,1,13.0,2.5649493574615367,5.600087238317436,0.0,0,0.0
1089,대조,0,38.0,7.0,79.91,23.0,0.0,0.0,0.0,0.0,0,0.0,0.0,0.0,70.88,6.0,38.0,0,1,38.0,2.0794415416798357,4.393337425819748,0.0,0,0.0
1091,대조,0,2.0,27.0,1372.4,151119.0,2.0,5.68,0.0,0.0,1,0.0,0.0,0.0,453.73,10.0,2.0,0,1,2.0,3.332204510175204,7.225044696186576,0.004138735062663946,0,0.0
1097,대조,0,2.0,19.0,675.44,98043.0,0.0,0.0,0.0,0.0,0,0.0,0.0,0.0,457.52,8.0,2.0,0,1,2.0,2.995732273553991,6.516843751881484,0.0,0,0.0
1103,대조,0,3.0,28.0,1159.09,64789.0,1.0,3.19,0.0,0.0,1,0.0,0.0,0.0,474.52,15.0,3.0,0,1,3.0,3.367295829986474,7.056252867297653,0.002752159021301193,0,0.0
1110,대조,0,2.0,22.0,595.59,133.0,1.0,2.5,0.0,0.0,0,0.0,0.0,0.0,318.66,6.0,2.0,0,1,2.0,3.1354942159291497,6.391230110290824,0.004197518427105895,0,0.0
1113,대조,0,8.0,20.0,413.65,5500.0,0.0,0.0,0.0,1.0,1,0.0,0.0,0.0,240.22,11.0,8.0,0,1,8.0,3.044522437723423,6.027434790897213,0.0,0,1.0
1119,대조,0,2.0,11.0,292.69,168.0,1.0,1.67,0.0,0.0,0,15.0,6.0,6.0,177.34,4.0,2.0,1,1,2.0,2.4849066497880004,5.682524789276261,0.005705695445693396,0,0.0
1120,대조,0,10.0,18.0,417.46,6584.0,0.0,0.0,0.0,0.0,1,0.0,0.0,0.0,102.04,7.0,10.0,0,1,10.0,2.9444389791664403,6.036581305911105,0.0,0,0.0
1121,대조,0,3.0,8.0,254.28,130.0,0.0,0.0,0.0,1.0,0,0.0,0.0,0.0,67.03,2.0,3.0,0,1,3.0,2.1972245773362196,5.542360981969988,0.0,0,1.0
1122,대조,0,3.0,16.0,289.76,187.0,0.0,0.0,0.0,0.0,0,0.0,0.0,0.0,122.5,8.0,3.0,0,1,3.0,2.833213344056216,5.672498184616435,0.0,0,0.0
1123,대조,0,36.0,7.0,397.36,123.0,0.0,0.0,0.0,1.0,1,0.0,0.0,0.0,247.9,5.0,36.0,0,1,36.0,2.0794415416798357,5.987356119063439,0.0,0,1.0
1124,대조,0,3.0,18.0,340.65,214.0,1.0,1.0,0.0,0.0,0,1.0,1.0,1.0,141.6,5.0,3.0,1,1,3.0,2.9444389791664403,5.833786821226787,0.0029355643622486424,0,0.0
1125,대조,0,,0.0,0.0,0.0,0.0,0.0,0.0,0.0,0,0.0,0.0,0.0,270.84,11.0,90.0,0,1,90.0,0.0,0.0,0.0,0,0.0
1126,대조,0,53.0,3.0,246.95000000000002,105.0,0.0,0.0,0.0,0.0,0,0.0,0.0,0.0,301.25,3.0,53.0,0,1,53.0,1.3862943611198906,5.513227112935143,0.0,0,0.0
1127,대조,0,,0.0,0.0,0.0,0.0,0.0,0.0,0.0,0,0.0,0.0,0.0,30.240000000000002,3.0,90.0,0,1,90.0,0.0,0.0,0.0,0,0.0
1131,대조,0,1.0,12.0,398.51,201.0,1.0,1.5,0.0,0.0,1,0.0,0.0,0.0,184.97,7.0,1.0,0,1,1.0,2.5649493574615367,5.9902387961821635,0.003764020978143585,0,0.0
1133,대조,0,3.0,20.0,234.39000000000001,90.0,0.0,0.0,0.0,0.0,0,0.0,0.0,0.0,60.11,9.0,3.0,0,1,3.0,3.044522437723423,5.461243713040235,0.0,0,0.0
1137,대조,0,9.0,17.0,249.61,6295.0,0.0,0.0,0.0,0.0,1,0.0,0.0,0.0,96.09,5.0,9.0,0,1,9.0,2.8903717578961645,5.523897945895664,0.0,0,0.0
1141,대조,0,10.0,11.0,87.52,63.0,1.0,1.5,0.0,0.0,0,0.0,0.0,0.0,57.38,5.0,10.0,0,1,10.0,2.4849066497880004,4.483228515182849,0.01713893967093236,0,0.0
1145,대조,0,4.0,16.0,1044.09,413.0,4.0,18.810000000000002,0.0,0.0,0,1.5,1.0,1.0,237.77,6.0,4.0,1,1,4.0,2.833213344056216,6.951858285092332,0.018015688302732525,0,0.0
1151,대조,0,18.0,7.0,310.95,129.0,0.0,0.0,0.0,0.0,1,0.0,0.0,0.0,49.230000000000004,3.0,18.0,0,1,18.0,2.0794415416798357,5.7428429185567955,0.0,0,0.0
1153,대조,0,10.0,9.0,142.26,70.0,0.0,0.0,0.0,0.0,0,0.0,0.0,0.0,24.95,5.0,10.0,0,1,10.0,2.302585092994046,4.964661161186305,0.0,0,0.0
1154,대조,0,4.0,21.0,934.83,535.0,0.0,0.0,0.0,0.0,1,0.0,0.0,0.0,79.92,3.0,4.0,0,1,4.0,3.091042453358316,6.841433836050345,0.0,0,0.0
1157,대조,0,6.0,21.0,711.72,229.0,0.0,0.0,0.0,0.0,0,0.0,0.0,0.0,177.27,3.0,6.0,0,1,6.0,3.091042453358316,6.569088636412388,0.0,0,0.0
1160,대조,0,3.0,19.0,602.41,8304.0,4.0,5.84,0.0,0.0,1,0.0,0.0,0.0,403.23,12.0,3.0,0,1,3.0,2.995732273553991,6.402596899342026,0.00969439418336349,0,0.0
1164,대조,0,11.0,10.0,391.66,189.0,0.0,0.0,0.0,0.0,1,0.0,0.0,0.0,271.74,3.0,11.0,0,1,11.0,2.3978952727983707,5.972944097470603,0.0,0,0.0
1165,대조,0,32.0,6.0,186.68,9362.0,0.0,0.0,0.0,0.0,0,0.0,0.0,0.0,0.0,0.0,32.0,0,0,32.0,1.9459101490553132,5.234738384905166,0.0,0,0.0
1169,대조,0,6.0,20.0,887.49,458.0,4.0,12.0,0.0,0.0,1,5.0,3.0,3.0,429.3,7.0,6.0,1,1,6.0,3.044522437723423,6.7895233926073395,0.01352127911300409,0,0.0
1172,대조,0,9.0,22.0,534.86,192.0,2.0,5.0,0.0,1.0,1,0.0,0.0,0.0,215.23,8.0,9.0,0,1,9.0,3.1354942159291497,6.28387293292385,0.009348240661107579,0,1.0
1174,대조,0,1.0,41.0,338.4,204.0,2.0,3.89,0.0,0.0,1,0.0,0.0,0.0,119.25,3.0,1.0,0,1,1.0,3.7376696182833684,5.827179352800126,0.011495271867612294,0,0.0
1175,대조,0,3.0,19.0,1129.32,89491.0,0.0,0.0,0.0,0.0,1,4.38,2.0,2.0,467.3,10.0,3.0,1,1,3.0,2.995732273553991,7.030256057457552,0.0,0,0.0
1179,대조,0,6.0,18.0,969.57,403.0,1.0,2.0,0.0,0.0,1,5.01,3.0,2.0,607.5,11.0,6.0,1,1,6.0,2.9444389791664403,6.877883527777174,0.0020627700939591775,0,0.0
1180,대조,0,20.0,13.0,411.84000000000003,214.0,0.0,0.0,0.0,0.0,0,0.0,0.0,0.0,214.05,3.0,20.0,0,1,20.0,2.6390573296152584,6.023060108697733,0.0,0,0.0
1181,대조,0,1.0,15.0,479.57,269.0,2.0,6.99,0.0,0.0,0,0.0,0.0,0.0,133.11,6.0,1.0,0,1,1.0,2.772588722239781,6.174972899381502,0.014575557270054424,0,0.0
1184,대조,0,,0.0,0.0,0.0,0.0,0.0,0.0,1.0,0,0.0,0.0,0.0,0.0,0.0,90.0,0,0,90.0,0.0,0.0,0.0,0,1.0
1186,대조,0,8.0,5.0,516.71,159.0,2.0,6.48,0.0,0.0,1,0.0,0.0,0.0,171.79,3.0,8.0,0,1,8.0,1.791759469228055,6.249415239927598,0.012540883667821408,0,0.0
1188,대조,0,8.0,10.0,245.67,183.0,1.0,1.0,0.0,0.0,1,1.5,1.0,1.0,32.82,3.0,8.0,1,1,8.0,2.3978952727983707,5.508051410952312,0.004070501078682786,0,0.0
1191,대조,0,5.0,15.0,317.14,110.0,0.0,0.0,0.0,0.0,0,0.0,0.0,0.0,124.43,6.0,5.0,0,1,5.0,2.772588722239781,5.762491537470215,0.0,0,0.0
1193,대조,0,6.0,29.0,504.01,330.0,2.0,3.17,0.0,0.0,0,0.0,0.0,0.0,44.879999999999995,6.0,6.0,0,1,6.0,3.4011973816621555,6.2245782310595015,0.006289557746870102,0,0.0
1204,대조,0,15.0,12.0,273.16,142.0,1.0,1.67,0.0,0.0,0,0.0,0.0,0.0,91.9,4.0,15.0,0,1,15.0,2.5649493574615367,5.613711877566353,0.00611363303558354,0,0.0
1206,대조,0,3.0,32.0,927.25,393.0,3.0,7.3,0.0,0.0,0,1.5,1.0,1.0,385.46,12.0,3.0,1,1,3.0,3.4965075614664802,6.833301093057189,0.007872741978970072,0,0.0
1207,대조,0,2.0,14.0,85.0,46.0,0.0,0.0,0.0,0.0,0,0.0,0.0,0.0,38.050000000000004,3.0,2.0,0,1,2.0,2.70805020110221,4.454347296253507,0.0,0,0.0
1211,대조,0,10.0,21.0,1242.21,58138.0,0.0,0.0,0.0,0.0,0,1.5,1.0,1.0,392.77,7.0,10.0,1,1,10.0,3.091042453358316,7.125452023339076,0.0,0,0.0
1216,대조,0,2.0,22.0,1115.97,527.0,4.0,21.490000000000002,0.0,0.0,0,4.99,1.0,1.0,588.3100000000001,8.0,2.0,1,1,2.0,3.1354942159291497,7.018374941054096,0.01925679005708039,0,0.0
1217,대조,0,11.0,5.0,351.64,14979.0,0.0,0.0,0.0,0.0,0,0.0,0.0,0.0,185.03,2.0,11.0,0,1,11.0,1.791759469228055,5.8654477065244945,0.0,0,0.0
1218,대조,0,7.0,17.0,560.1,41122.0,2.0,6.29,0.0,0.0,1,0.0,0.0,0.0,85.55,3.0,7.0,0,1,7.0,2.8903717578961645,6.3298991427569264,0.011230137475450812,0,0.0
1219,대조,0,17.0,13.0,108.67,58.0,0.0,0.0,0.0,0.0,1,0.0,0.0,0.0,16.95,4.0,17.0,0,1,17.0,2.6390573296152584,4.697475856772117,0.0,0,0.0
1223,대조,0,2.0,9.0,143.6,104.0,0.0,0.0,0.0,0.0,0,0.0,0.0,0.0,89.93,5.0,2.0,0,1,2.0,2.302585092994046,4.973971309724664,0.0,0,0.0
1224,대조,0,2.0,14.0,301.04,177.0,1.0,2.0,0.0,0.0,0,0.0,0.0,0.0,0.0,0.0,2.0,0,0,2.0,2.70805020110221,5.710559458935225,0.006643635397289396,0,0.0
1226,대조,0,4.0,10.0,912.9,456.0,5.0,15.54,0.0,0.0,1,8.89,4.0,3.0,203.45,2.0,4.0,1,1,4.0,2.3978952727983707,6.817721156278156,0.017022674991784423,0,0.0
1227,대조,0,6.0,10.0,774.33,245.0,0.0,0.0,0.0,0.0,0,0.0,0.0,0.0,289.42,7.0,6.0,0,1,6.0,2.3978952727983707,6.653288745175119,0.0,0,0.0
1233,대조,0,18.0,3.0,314.92,10527.0,0.0,0.0,0.0,1.0,0,8.49,2.0,2.0,228.74,3.0,18.0,1,1,18.0,1.3862943611198906,5.755489016978394,0.0,0,1.0
1236,대조,0,4.0,29.0,609.8,326.0,0.0,0.0,0.0,0.0,1,0.0,0.0,0.0,215.98,11.0,4.0,0,1,4.0,3.4011973816621555,6.414769573344477,0.0,0,0.0
1237,대조,0,,0.0,0.0,0.0,0.0,0.0,0.0,1.0,0,0.0,0.0,0.0,0.0,0.0,90.0,0,0,90.0,0.0,0.0,0.0,0,1.0
1239,대조,0,9.0,4.0,241.93,112.0,0.0,0.0,0.0,0.0,0,2.79,1.0,1.0,133.74,2.0,9.0,1,1,9.0,1.6094379124341003,5.492773335997992,0.0,0,0.0
1240,대조,0,3.0,18.0,1245.71,14266.0,1.0,4.99,0.0,0.0,1,0.0,0.0,0.0,502.32,13.0,3.0,0,1,3.0,2.9444389791664403,7.128263360494664,0.004005747726196306,0,0.0
1245,대조,0,1.0,26.0,618.77,12313.0,0.0,0.0,0.0,1.0,0,2.5,1.0,1.0,179.47,11.0,1.0,1,1,1.0,3.295836866004329,6.429348441471647,0.0,0,1.0
1247,대조,0,1.0,17.0,895.36,437.0,4.0,14.89,0.0,1.0,1,0.0,0.0,0.0,356.51,7.0,1.0,0,1,1.0,2.8903717578961645,6.79834211799495,0.016630182273052182,0,1.0
1251,대조,0,31.0,10.0,47.53,29.0,0.0,0.0,0.0,0.0,0,0.0,0.0,0.0,1.0,1.0,31.0,0,1,31.0,2.3978952727983707,3.882182163417125,0.0,0,0.0
1257,대조,0,,0.0,0.0,0.0,0.0,0.0,0.0,0.0,1,0.0,0.0,0.0,0.0,0.0,90.0,0,0,90.0,0.0,0.0,0.0,0,0.0
1259,대조,0,28.0,5.0,161.95,90.0,0.0,0.0,0.0,0.0,0,0.0,0.0,0.0,34.019999999999996,2.0,28.0,0,1,28.0,1.791759469228055,5.093443405283571,0.0,0,0.0
1260,대조,0,3.0,18.0,1429.31,595.0,0.0,0.0,0.0,1.0,1,0.0,0.0,0.0,361.19,7.0,3.0,0,1,3.0,2.9444389791664403,7.26564648297665,0.0,0,1.0
1261,대조,0,2.0,19.0,492.81,1772.0,0.0,0.0,0.0,0.0,1,0.0,0.0,0.0,101.15,7.0,2.0,0,1,2.0,2.995732273553991,6.202150827819839,0.0,0,0.0
1265,대조,0,3.0,7.0,253.6,105.0,1.0,1.5,0.0,0.0,0,0.0,0.0,0.0,21.02,1.0,3.0,0,1,3.0,2.0794415416798357,5.539693686123306,0.0059148264984227135,0,0.0
1269,대조,0,5.0,21.0,584.07,278.0,1.0,1.5,0.0,0.0,0,0.0,0.0,0.0,167.6,3.0,5.0,0,1,5.0,3.091042453358316,6.371731498193053,0.002568185320252709,0,0.0
1277,대조,0,1.0,31.0,662.62,275.0,1.0,2.79,0.0,0.0,0,7.0,3.0,3.0,204.98,15.0,1.0,1,1,1.0,3.4657359027997265,6.4977096964998635,0.004210558087591682,0,0.0
1279,대조,0,2.0,37.0,698.95,363.0,1.0,2.0,0.0,0.0,0,2.5,1.0,1.0,436.46,17.0,2.0,1,1,2.0,3.6375861597263857,6.551008903920835,0.002861435009657343,0,0.0
1282,대조,0,2.0,30.0,1164.69,523.0,5.0,9.0,0.0,0.0,0,12.68,3.0,3.0,523.52,22.0,2.0,1,1,2.0,3.4339872044851463,7.0610684653524896,0.007727378100610463,0,0.0
1284,대조,0,9.0,7.0,59.65,34.0,0.0,0.0,0.0,0.0,0,0.0,0.0,0.0,67.85000000000001,10.0,9.0,0,1,9.0,2.0794415416798357,4.105119635390059,0.0,0,0.0
1285,대조,0,4.0,20.0,460.35,257.0,5.0,11.89,0.0,0.0,1,11.39,4.0,4.0,242.13,6.0,4.0,1,1,4.0,3.044522437723423,6.134156974024565,0.02582817421527099,0,0.0
1288,대조,0,44.0,3.0,214.01,98.0,0.0,0.0,0.0,0.0,0,0.0,0.0,0.0,154.32,1.0,44.0,0,1,44.0,1.3862943611198906,5.370684538673937,0.0,0,0.0
1291,대조,0,7.0,17.0,641.96,380.0,2.0,3.34,0.0,0.0,1,0.0,0.0,0.0,160.75,5.0,7.0,0,1,7.0,2.8903717578961645,6.466082513904463,0.005202816374852016,0,0.0
1292,대조,0,56.0,2.0,38.68,11.0,0.0,0.0,0.0,1.0,0,0.0,0.0,0.0,10.370000000000001,1.0,56.0,0,1,56.0,1.0986122886681098,3.6808472824166723,0.0,0,1.0
1293,대조,0,1.0,19.0,299.59000000000003,191.0,0.0,0.0,0.0,0.0,0,2.79,1.0,1.0,258.04,8.0,1.0,1,1,1.0,2.995732273553991,5.705747209965788,0.0,0,0.0
1294,대조,0,14.0,6.0,585.2,270.0,3.0,6.84,0.0,0.0,0,0.0,0.0,0.0,77.34,2.0,14.0,0,1,14.0,1.9459101490553132,6.373661028276792,0.011688311688311687,0,0.0
1296,대조,0,8.0,10.0,271.02,186.0,0.0,0.0,0.0,0.0,1,1.5,1.0,1.0,107.49000000000001,4.0,8.0,1,1,8.0,2.3978952727983707,5.605875593004607,0.0,0,0.0
1297,대조,0,1.0,28.0,441.1,28318.0,1.0,3.49,0.0,0.0,1,0.0,0.0,0.0,50.96,8.0,1.0,0,1,1.0,3.367295829986474,6.091536100832197,0.007912038086601677,0,0.0
1300,대조,0,2.0,10.0,86.38,57.0,0.0,0.0,0.0,0.0,1,0.0,0.0,0.0,4.59,2.0,2.0,0,1,2.0,2.3978952727983707,4.47026642352329,0.0,0,0.0
1304,대조,0,5.0,13.0,138.66,69.0,0.0,0.0,0.0,0.0,0,0.0,0.0,0.0,31.740000000000002,3.0,5.0,0,1,5.0,2.6390573296152584,4.939210897417889,0.0,0,0.0
1307,대조,0,1.0,12.0,255.07,101.0,0.0,0.0,0.0,0.0,0,0.0,0.0,0.0,78.64999999999999,8.0,1.0,0,1,1.0,2.5649493574615367,5.5454508446023425,0.0,0,0.0
1312,대조,0,1.0,25.0,1340.32,86285.0,1.0,4.99,0.0,0.0,0,0.0,0.0,0.0,492.22,22.0,1.0,0,1,1.0,3.258096538021482,7.201409482704207,0.003722991524412081,0,0.0
1314,대조,0,1.0,73.0,2488.96,194791.0,7.0,35.43,0.0,0.0,0,8.280000000000001,3.0,3.0,892.94,21.0,1.0,1,1,1.0,4.30406509320417,7.820021925072694,0.014234861146824375,0,0.0
1318,대조,0,2.0,10.0,790.88,13608.0,0.0,0.0,0.0,0.0,1,0.0,0.0,0.0,287.16,5.0,2.0,0,1,2.0,2.3978952727983707,6.67440986518333,0.0,0,0.0
1321,대조,0,2.0,49.0,303.41,223.0,0.0,0.0,0.0,0.0,1,0.0,0.0,0.0,66.41,6.0,2.0,0,1,2.0,3.912023005428146,5.7183754769591015,0.0,0,0.0
1325,대조,0,38.0,5.0,310.72,110.0,0.0,0.0,0.0,0.0,0,0.0,0.0,0.0,112.36,3.0,38.0,0,1,38.0,1.791759469228055,5.74210534897536,0.0,0,0.0
1326,대조,0,2.0,38.0,969.62,58005.0,4.0,6.89,0.0,0.0,1,10.5,6.0,4.0,1335.48,35.0,2.0,1,1,2.0,3.6635616461296463,6.877935042569658,0.007105876528949485,0,0.0
1331,대조,0,8.0,19.0,517.47,245.0,0.0,0.0,0.0,1.0,0,0.0,0.0,0.0,57.26,5.0,8.0,0,1,8.0,2.995732273553991,6.250882166786416,0.0,0,1.0
1333,대조,0,2.0,17.0,1214.43,420.0,7.0,14.79,0.0,0.0,1,4.890000000000001,2.0,2.0,351.36,6.0,2.0,1,1,2.0,2.8903717578961645,7.102853202628487,0.01217855290136113,0,0.0
1344,대조,0,4.0,4.0,539.37,205.0,5.0,14.2,0.0,0.0,0,0.0,0.0,0.0,123.44000000000001,1.0,4.0,0,1,4.0,1.6094379124341003,6.2922540901113075,0.026327011142629364,0,0.0
1347,대조,0,3.0,14.0,338.39,9886.0,0.0,0.0,0.0,0.0,0,0.0,0.0,0.0,76.36,4.0,3.0,0,1,3.0,2.70805020110221,5.827149888606485,0.0,0,0.0
1349,대조,0,5.0,28.0,838.04,34798.0,0.0,0.0,0.0,0.0,0,0.0,0.0,0.0,336.68,14.0,5.0,0,1,5.0,3.367295829986474,6.7322583811352805,0.0,0,0.0
1351,대조,0,10.0,11.0,83.49,26.0,0.0,0.0,0.0,0.0,0,0.0,0.0,0.0,18.11,5.0,10.0,0,1,10.0,2.4849066497880004,4.436633184164753,0.0,0,0.0
1352,대조,0,7.0,18.0,865.4,88275.0,1.0,2.19,0.0,0.0,1,2.0,1.0,1.0,166.61,5.0,7.0,1,1,7.0,2.9444389791664403,6.764346695686781,0.0025306216778368386,0,0.0
1353,처치,1,2.0,20.0,657.57,9242.0,1.0,5.99,0.0,0.0,0,12.19,7.0,6.0,458.92,12.0,2.0,1,1,2.0,3.044522437723423,6.490070817735631,0.009109296348677708,0,0.0
1354,대조,0,7.0,14.0,377.63,15762.0,2.0,7.98,0.0,0.0,1,0.0,0.0,0.0,141.35,7.0,7.0,0,1,7.0,2.70805020110221,5.936559474938649,0.02113179567301327,0,0.0
1356,대조,0,10.0,8.0,280.82,135.0,0.0,0.0,0.0,0.0,0,1.5,1.0,1.0,155.8,8.0,10.0,1,1,10.0,2.1972245773362196,5.641268569266959,0.0,0,0.0
1357,대조,0,12.0,12.0,389.46999999999997,9830.0,0.0,0.0,0.0,1.0,1,0.0,0.0,0.0,295.06,5.0,12.0,0,1,12.0,2.5649493574615367,5.9673511417447145,0.0,0,1.0
1363,대조,0,,0.0,0.0,0.0,0.0,0.0,0.0,0.0,1,0.0,0.0,0.0,0.0,0.0,90.0,0,0,90.0,0.0,0.0,0.0,0,0.0
1369,대조,0,11.0,6.0,173.5,60.0,0.0,0.0,0.0,0.0,1,0.0,0.0,0.0,62.29,2.0,11.0,0,1,11.0,1.9459101490553132,5.161924741642482,0.0,0,0.0
1370,대조,0,3.0,12.0,1176.38,542.0,0.0,0.0,0.0,0.0,1,0.0,0.0,0.0,484.18,4.0,3.0,0,1,3.0,2.5649493574615367,7.0710469098692865,0.0,0,0.0
1374,대조,0,8.0,12.0,247.05,125.0,0.0,0.0,0.0,0.0,0,0.0,0.0,0.0,252.54,6.0,8.0,0,1,8.0,2.5649493574615367,5.513630338747058,0.0,0,0.0
1375,대조,0,2.0,20.0,539.97,230.0,0.0,0.0,0.0,1.0,0,0.0,0.0,0.0,324.19,8.0,2.0,0,1,2.0,3.044522437723423,6.29336382444385,0.0,0,1.0
1376,대조,0,2.0,40.0,2135.32,229398.0,1.0,2.89,0.0,0.0,1,0.0,0.0,0.0,661.64,17.0,2.0,0,1,2.0,3.713572066704308,7.666840001593361,0.0013534271209935747,0,0.0
1383,대조,0,12.0,12.0,95.39,28.0,0.0,0.0,0.0,0.0,0,0.0,0.0,0.0,36.01,5.0,12.0,0,1,12.0,2.5649493574615367,4.568402461795877,0.0,0,0.0
1385,대조,0,1.0,14.0,1084.45,480.0,3.0,17.89,0.0,1.0,0,0.0,0.0,0.0,316.79,5.0,1.0,0,1,1.0,2.70805020110221,6.989749926534764,0.0164968417169994,0,1.0
1387,대조,0,8.0,6.0,255.86,120.0,0.0,0.0,0.0,0.0,0,0.0,0.0,0.0,51.1,3.0,8.0,0,1,8.0,1.9459101490553132,5.54853118938491,0.0,0,0.0
1389,대조,0,,0.0,0.0,0.0,0.0,0.0,0.0,0.0,1,0.0,0.0,0.0,274.58,4.0,90.0,0,1,90.0,0.0,0.0,0.0,0,0.0
1390,대조,0,1.0,32.0,1029.33,520.0,1.0,6.0,0.0,0.0,0,26.16,10.0,5.0,574.39,20.0,1.0,1,1,1.0,3.4965075614664802,6.937634418259808,0.005829034420448253,0,0.0
1392,대조,0,3.0,19.0,423.6,10450.0,0.0,0.0,0.0,1.0,0,0.0,0.0,0.0,197.17,8.0,3.0,0,1,3.0,2.995732273553991,6.051147549269156,0.0,0,1.0
1394,대조,0,1.0,20.0,514.98,210.0,2.0,4.0,0.0,0.0,1,2.0,1.0,1.0,230.68,9.0,1.0,1,1,1.0,3.044522437723423,6.246068005040464,0.0077672919336673266,0,0.0
1396,대조,0,1.0,38.0,1058.36,525.0,4.0,14.59,0.0,0.0,1,0.0,0.0,0.0,317.21,12.0,1.0,0,1,1.0,3.6635616461296463,6.965420231176536,0.013785479420990968,0,0.0
1397,대조,0,2.0,33.0,625.8100000000001,285.0,1.0,2.0,0.0,0.0,1,2.19,1.0,1.0,292.4,14.0,2.0,1,1,2.0,3.5263605246161616,6.44064346440693,0.003195858167814512,0,0.0
1402,대조,0,1.0,35.0,584.0600000000001,41699.0,0.0,0.0,0.0,0.0,1,0.0,0.0,0.0,148.35,11.0,1.0,0,1,1.0,3.58351893845611,6.371714406075083,0.0,0,0.0
1403,대조,0,17.0,37.0,498.8,136775.0,0.0,0.0,0.0,0.0,0,0.0,0.0,0.0,208.81,7.0,17.0,0,1,17.0,3.6375861597263857,6.214208018400852,0.0,0,0.0
1405,대조,0,9.0,5.0,253.61,107.0,0.0,0.0,0.0,1.0,0,0.0,0.0,0.0,135.02,1.0,9.0,0,1,9.0,1.791759469228055,5.539732962649695,0.0,0,1.0
1406,대조,0,3.0,17.0,729.5,18080.0,1.0,3.74,0.0,0.0,0,0.0,0.0,0.0,55.57,4.0,3.0,0,1,3.0,2.8903717578961645,6.593729231190754,0.005126799177518849,0,0.0
1408,대조,0,16.0,2.0,26.82,20.0,0.0,0.0,0.0,0.0,0,3.99,1.0,1.0,62.14,3.0,16.0,1,1,16.0,1.0986122886681098,3.325755186495297,0.0,0,0.0
1409,대조,0,4.0,10.0,601.42,267.0,0.0,0.0,0.0,0.0,0,0.0,0.0,0.0,75.09,2.0,4.0,0,1,4.0,2.3978952727983707,6.400954876465767,0.0,0,0.0
1412,처치,1,3.0,11.0,647.3,290.0,4.0,8.39,0.0,0.0,1,2.0,1.0,1.0,251.91,4.0,3.0,1,1,3.0,2.4849066497880004,6.47435355218095,0.012961532519697205,0,0.0
1417,대조,0,,0.0,0.0,0.0,0.0,0.0,0.0,0.0,0,0.0,0.0,0.0,57.42,2.0,90.0,0,1,90.0,0.0,0.0,0.0,0,0.0
1418,대조,0,11.0,6.0,124.41,56.0,0.0,0.0,0.0,0.0,1,2.5,1.0,1.0,109.72,1.0,11.0,1,1,11.0,1.9459101490553132,4.831588369835958,0.0,0,0.0
1419,대조,0,2.0,116.0,1333.31,5760.0,5.0,27.05,0.0,0.0,1,5.0,2.0,1.0,449.57,32.0,2.0,1,1,2.0,4.762173934797756,7.19616958328673,0.020287855037463158,0,0.0
1423,대조,0,5.0,38.0,242.84,151.0,0.0,0.0,0.0,0.0,1,0.0,0.0,0.0,73.5,6.0,5.0,0,1,5.0,3.6635616461296463,5.496512272498282,0.0,0,0.0
1424,대조,0,65.0,5.0,41.24,18.0,0.0,0.0,0.0,0.0,0,0.0,0.0,0.0,37.12,3.0,65.0,0,1,65.0,1.791759469228055,3.743367639398006,0.0,0,0.0
1425,대조,0,4.0,15.0,556.4,202.0,0.0,0.0,0.0,0.0,1,0.0,0.0,0.0,128.18,4.0,4.0,0,1,4.0,2.772588722239781,6.323283115047848,0.0,0,0.0
1428,대조,0,8.0,18.0,608.05,36297.0,1.0,3.69,0.0,0.0,1,0.0,0.0,0.0,303.65,8.0,8.0,0,1,8.0,2.9444389791664403,6.411900366145968,0.00606857988652249,0,0.0
1429,대조,0,1.0,10.0,101.34,60.0,0.0,0.0,0.0,0.0,1,0.0,0.0,0.0,25.45,2.0,1.0,0,1,1.0,2.3978952727983707,4.628300603376946,0.0,0,0.0
1430,대조,0,4.0,48.0,2755.44,229746.0,1.0,2.89,0.0,0.0,1,5.0,2.0,2.0,1181.6200000000001,24.0,4.0,1,1,4.0,3.8918202981106265,7.921695271059663,0.0010488343059547659,0,0.0
1431,대조,0,4.0,21.0,434.7,165.0,0.0,0.0,0.0,0.0,0,0.0,0.0,0.0,66.29,6.0,4.0,0,1,4.0,3.091042453358316,6.076953933123397,0.0,0,0.0
1434,대조,0,3.0,48.0,839.48,378.0,5.0,19.94,0.0,0.0,0,3.89,1.0,1.0,261.26,16.0,3.0,1,1,3.0,3.8918202981106265,6.733973157205652,0.023752799351979798,0,0.0
1437,대조,0,2.0,26.0,877.34,442.0,7.0,25.15,0.0,0.0,1,2.5,2.0,2.0,214.79,2.0,2.0,1,1,2.0,3.295836866004329,6.778033762411376,0.02866619554562655,0,0.0
1438,대조,0,23.0,4.0,389.97,119.0,0.0,0.0,0.0,0.0,1,0.0,0.0,0.0,81.23,1.0,23.0,0,1,23.0,1.6094379124341003,5.9686308306990385,0.0,0,0.0
1440,대조,0,19.0,1.0,7.6499999999999995,5.0,0.0,0.0,0.0,0.0,0,0.0,0.0,0.0,52.56,1.0,19.0,0,1,19.0,0.6931471805599453,2.157559320943788,0.0,0,0.0
1443,대조,0,2.0,25.0,284.65,101.0,0.0,0.0,0.0,0.0,1,0.0,0.0,0.0,71.54,7.0,2.0,0,1,2.0,3.258096538021482,5.654767285170472,0.0,0,0.0
1445,대조,0,3.0,20.0,666.13,191.0,0.0,0.0,0.0,0.0,1,0.0,0.0,0.0,306.83,9.0,3.0,0,1,3.0,3.044522437723423,6.502984929473315,0.0,0,0.0
1446,대조,0,3.0,8.0,391.51,194.0,0.0,0.0,0.0,0.0,0,0.0,0.0,0.0,280.3,4.0,3.0,0,1,3.0,2.1972245773362196,5.972562014604918,0.0,0,0.0
1447,대조,0,22.0,2.0,34.96,4.0,0.0,0.0,0.0,0.0,0,0.0,0.0,0.0,20.759999999999998,2.0,22.0,0,1,22.0,1.0986122886681098,3.5824072096034194,0.0,0,0.0
1448,대조,0,10.0,12.0,415.75,171.0,0.0,0.0,0.0,0.0,0,0.0,0.0,0.0,187.92000000000002,7.0,10.0,0,1,10.0,2.5649493574615367,6.032486521630903,0.0,0,0.0
1453,대조,0,1.0,118.0,3060.58,25952.0,8.0,28.86,0.0,1.0,1,0.0,0.0,0.0,1383.4,47.0,1.0,0,1,1.0,4.77912349311153,8.026686401558146,0.009429585242012952,0,1.0
1454,대조,0,4.0,13.0,383.43,10255.0,0.0,0.0,0.0,0.0,1,0.0,0.0,0.0,387.94,16.0,4.0,0,1,4.0,2.6390573296152584,5.95176171775536,0.0,0,0.0
1456,대조,0,8.0,21.0,552.02,261.0,3.0,7.390000000000001,0.0,0.0,0,0.0,0.0,0.0,3.17,1.0,8.0,0,1,8.0,3.091042453358316,6.315394167233628,0.013387196116082752,0,0.0
1458,대조,0,2.0,16.0,348.53,20081.0,0.0,0.0,0.0,0.0,0,0.0,0.0,0.0,109.1,4.0,2.0,0,1,2.0,2.833213344056216,5.8565893948999594,0.0,0,0.0
1459,대조,0,2.0,11.0,684.51,250.0,4.0,36.13,0.0,0.0,0,5.99,1.0,1.0,280.01,9.0,2.0,1,1,2.0,2.4849066497880004,6.530163086788017,0.052782282216476024,0,0.0
1460,대조,0,11.0,6.0,316.67,7008.0,3.0,12.49,0.0,1.0,0,0.0,0.0,0.0,45.72,2.0,11.0,0,1,11.0,1.9459101490553132,5.761013108110473,0.03944169008747276,0,1.0
1461,대조,0,3.0,39.0,1094.72,40429.0,1.0,3.49,0.0,0.0,1,5.0,2.0,2.0,258.26,9.0,3.0,1,1,3.0,3.6888794541139363,6.999166960416249,0.0031880298158433206,0,0.0
1462,대조,0,4.0,18.0,628.94,10485.0,5.0,12.5,0.0,0.0,1,0.0,0.0,0.0,222.61,5.0,4.0,0,1,4.0,2.9444389791664403,6.445624576754905,0.019874709829236493,0,0.0
1464,대조,0,9.0,16.0,494.39,20474.0,1.0,2.0,0.0,0.0,0,0.0,0.0,0.0,42.82,3.0,9.0,0,1,9.0,2.833213344056216,6.205345331143007,0.004045389267582273,0,0.0
1467,대조,0,2.0,120.0,291.77,275.0,0.0,0.0,0.0,0.0,1,0.0,0.0,0.0,114.39,61.0,2.0,0,1,2.0,4.795790545596741,5.6793873178214795,0.0,0,0.0
1474,대조,0,6.0,5.0,172.61,99.0,0.0,0.0,0.0,0.0,1,0.0,0.0,0.0,138.45999999999998,4.0,6.0,0,1,6.0,1.791759469228055,5.156811404253857,0.0,0,0.0
1475,대조,0,4.0,41.0,1876.85,70735.0,8.0,15.34,0.0,0.0,1,2.19,1.0,1.0,528.79,13.0,4.0,1,1,4.0,3.7376696182833684,7.537882784373781,0.00817326904121267,0,0.0
1479,대조,0,2.0,80.0,1108.6200000000001,503.0,0.0,0.0,0.0,0.0,1,0.0,0.0,1.0,460.81,40.0,2.0,1,1,2.0,4.394449154672439,7.01177289335152,0.0,0,0.0
1481,대조,0,6.0,8.0,203.49,75.0,1.0,3.19,0.0,0.0,1,4.0,2.0,2.0,331.28,10.0,6.0,1,1,6.0,2.1972245773362196,5.320519074531723,0.01567644601700329,0,0.0
1484,대조,0,3.0,12.0,457.32,231.0,2.0,4.5,0.0,0.0,1,1.5,1.0,1.0,73.31,3.0,3.0,1,1,3.0,2.5649493574615367,6.127567630100322,0.009839937024403044,0,0.0
1485,대조,0,4.0,9.0,286.85,70.0,0.0,0.0,0.0,1.0,1,0.0,0.0,0.0,67.78,3.0,4.0,0,1,4.0,2.302585092994046,5.662439511121819,0.0,0,1.0
1488,대조,0,4.0,16.0,554.75,4744.0,5.0,9.5,0.0,0.0,1,0.0,0.0,0.0,188.01,3.0,4.0,0,1,4.0,2.833213344056216,6.320318552844306,0.017124831004957188,0,0.0
1493,대조,0,1.0,7.0,242.62,97.0,0.0,0.0,0.0,0.0,0,0.0,0.0,0.0,33.61,1.0,1.0,0,1,1.0,2.0794415416798357,5.495609634271813,0.0,0,0.0
1494,대조,0,2.0,14.0,502.62,262.0,0.0,0.0,0.0,0.0,1,0.0,0.0,0.0,141.18,6.0,2.0,0,1,2.0,2.70805020110221,6.221822015440386,0.0,0,0.0
1495,대조,0,5.0,24.0,285.21,199.0,0.0,0.0,0.0,0.0,0,0.0,0.0,0.0,106.48,7.0,5.0,0,1,5.0,3.2188758248682006,5.65672580711292,0.0,0,0.0
1499,대조,0,8.0,14.0,273.4,137.0,0.0,0.0,0.0,0.0,1,0.0,0.0,0.0,99.3,3.0,8.0,0,1,8.0,2.70805020110221,5.61458689585173,0.0,0,0.0
1501,대조,0,2.0,35.0,1482.01,208757.0,1.0,3.99,0.0,0.0,0,0.0,0.0,0.0,229.45,7.0,2.0,0,1,2.0,3.58351893845611,7.301829085203532,0.0026922895257117025,0,0.0
1505,대조,0,9.0,13.0,604.46,258.0,1.0,2.5,0.0,0.0,1,0.0,0.0,0.0,154.6,2.0,9.0,0,1,9.0,2.6390573296152584,6.405988499704493,0.004135922972570559,0,0.0
1506,대조,0,1.0,21.0,560.6,267.0,1.0,3.49,0.0,0.0,0,0.0,0.0,0.0,61.06,6.0,1.0,0,1,1.0,3.091042453358316,6.330789852711601,0.006225472707813057,0,0.0
1509,대조,0,2.0,36.0,961.97,96349.0,6.0,27.86,0.0,0.0,1,5.0,2.0,2.0,374.75,12.0,2.0,1,1,2.0,3.6109179126442243,6.870022258664897,0.02896140212272732,0,0.0
1510,대조,0,2.0,179.0,1383.21,47758.0,0.0,0.0,0.0,0.0,0,0.0,0.0,0.0,559.84,83.0,2.0,0,1,2.0,5.19295685089021,7.2328848587712065,0.0,0,0.0
1511,대조,0,8.0,25.0,496.93,231.0,3.0,8.99,0.0,0.0,0,0.0,0.0,0.0,207.52,8.0,8.0,0,1,8.0,3.258096538021482,6.210459504895859,0.018091079226450407,0,0.0
1512,대조,0,22.0,3.0,151.71,85.0,0.0,0.0,0.0,1.0,0,0.0,0.0,0.0,82.71000000000001,4.0,22.0,0,1,22.0,1.3862943611198906,5.028540697965091,0.0,0,1.0
1515,대조,0,3.0,11.0,685.62,246.0,1.0,4.49,0.0,0.0,0,0.0,0.0,0.0,229.05,7.0,3.0,0,1,3.0,2.4849066497880004,6.531781009641004,0.006548817129021907,0,0.0
1517,대조,0,2.0,18.0,394.53000000000003,193.0,0.0,0.0,0.0,0.0,1,4.0,3.0,2.0,163.21,5.0,2.0,1,1,2.0,2.9444389791664403,5.980226637681178,0.0,0,0.0
1520,대조,0,1.0,25.0,597.5,138129.0,1.0,2.0,0.0,0.0,0,4.0,2.0,2.0,175.28,6.0,1.0,1,1,1.0,3.258096538021482,6.394426524998027,0.0033472803347280333,0,0.0
1524,대조,0,2.0,4.0,208.81,12148.0,0.0,0.0,0.0,0.0,1,0.0,0.0,0.0,417.16,7.0,2.0,0,1,2.0,1.6094379124341003,5.346202359268609,0.0,0,0.0
1526,대조,0,1.0,34.0,491.17,290.0,1.0,2.5,0.0,0.0,0,1.5,1.0,1.0,130.53,10.0,1.0,1,1,1.0,3.5553480614894135,6.198824185266384,0.005089887411690453,0,0.0
1530,대조,0,17.0,6.0,120.45,52.0,0.0,0.0,0.0,1.0,0,0.0,0.0,0.0,79.78,4.0,17.0,0,1,17.0,1.9459101490553132,4.799502655448181,0.0,0,1.0
1532,대조,0,18.0,2.0,83.83000000000001,10095.0,0.0,0.0,0.0,0.0,0,0.0,0.0,0.0,0.0,0.0,18.0,0,0,18.0,1.0986122886681098,4.440649253819643,0.0,0,0.0
1534,대조,0,8.0,30.0,827.69,108125.0,3.0,6.58,0.0,1.0,1,0.0,0.0,0.0,448.3,15.0,8.0,0,1,8.0,3.4339872044851463,6.719846140689151,0.007949836291365125,0,1.0
1535,대조,0,1.0,32.0,1027.6200000000001,24047.0,1.0,10.0,0.0,0.0,0,16.69,7.0,6.0,482.53000000000003,11.0,1.0,1,1,1.0,3.4965075614664802,6.935973377056122,0.009731223604055973,0,0.0
1536,대조,0,5.0,18.0,813.82,52177.0,1.0,2.99,0.0,1.0,1,0.0,0.0,0.0,292.23,9.0,5.0,0,1,5.0,2.9444389791664403,6.70296722995224,0.0036740311125310265,0,1.0
1537,대조,0,12.0,9.0,64.58,4817.0,0.0,0.0,0.0,0.0,1,0.0,0.0,0.0,178.79,6.0,12.0,0,1,12.0,2.302585092994046,4.1832707714165025,0.0,0,0.0
1540,대조,0,1.0,24.0,614.59,367.0,0.0,0.0,0.0,0.0,1,2.0,2.0,1.0,223.71,11.0,1.0,1,1,1.0,3.2188758248682006,6.422581157518294,0.0,0,0.0
1542,대조,0,1.0,22.0,301.81,109.0,0.0,0.0,0.0,1.0,0,0.0,0.0,0.0,147.19,8.0,1.0,0,1,1.0,3.1354942159291497,5.713105546117053,0.0,0,1.0
1545,대조,0,3.0,27.0,689.14,262.0,3.0,10.46,0.0,0.0,1,0.0,0.0,0.0,196.29,10.0,3.0,0,1,3.0,3.332204510175204,6.536894475560903,0.015178338218649333,0,0.0
1546,대조,0,1.0,13.0,556.3100000000001,387.0,1.0,1.5,0.0,0.0,0,2.5,1.0,1.0,184.5,5.0,1.0,1,1,1.0,2.6390573296152584,6.323121638071423,0.002696338372490158,0,0.0
1547,대조,0,,0.0,0.0,0.0,0.0,0.0,0.0,0.0,0,0.0,0.0,0.0,114.1,11.0,90.0,0,1,90.0,0.0,0.0,0.0,0,0.0
1551,대조,0,,0.0,0.0,0.0,0.0,0.0,0.0,1.0,0,0.0,0.0,0.0,0.0,0.0,90.0,0,0,90.0,0.0,0.0,0.0,0,1.0
1555,대조,0,4.0,17.0,303.3,183.0,1.0,2.89,0.0,0.0,0,0.0,0.0,0.0,77.57000000000001,3.0,4.0,0,1,4.0,2.8903717578961645,5.718014056902925,0.00952851961754039,0,0.0
1556,대조,0,7.0,17.0,679.44,404.0,2.0,7.66,0.0,0.0,1,0.0,0.0,0.0,110.15,5.0,7.0,0,1,7.0,2.8903717578961645,6.522739647741382,0.01127399034498999,0,0.0
1563,대조,0,1.0,25.0,1079.23,437.0,0.0,0.0,0.0,0.0,1,0.0,0.0,0.0,143.85999999999999,7.0,1.0,0,1,1.0,3.258096538021482,6.984929260407836,0.0,0,0.0
1566,대조,0,1.0,8.0,166.64,52.0,0.0,0.0,0.0,0.0,1,3.0,1.0,1.0,582.5,20.0,1.0,1,1,1.0,2.1972245773362196,5.121818823056871,0.0,0,0.0
1567,대조,0,24.0,9.0,364.39,200.0,1.0,2.99,0.0,0.0,1,0.0,0.0,0.0,77.03,6.0,24.0,0,1,24.0,2.302585092994046,5.900965276300669,0.008205494113449875,0,0.0
1572,대조,0,,0.0,0.0,0.0,0.0,0.0,0.0,0.0,1,0.0,0.0,0.0,0.0,0.0,90.0,0,0,90.0,0.0,0.0,0.0,0,0.0
1575,대조,0,11.0,6.0,171.79,97.0,0.0,0.0,0.0,0.0,0,0.0,0.0,0.0,48.29,2.0,11.0,0,1,11.0,1.9459101490553132,5.1520769843250305,0.0,0,0.0
1577,대조,0,12.0,9.0,538.04,15104.0,1.0,4.59,0.0,0.0,0,4.0,2.0,2.0,238.03,4.0,12.0,1,1,12.0,2.302585092994046,6.289789779658243,0.00853096424057691,0,0.0
1578,대조,0,3.0,23.0,604.28,17215.0,1.0,3.33,0.0,0.0,1,0.0,0.0,0.0,264.07,3.0,3.0,0,1,3.0,3.1780538303479458,6.405691160884719,0.005510690408419938,0,0.0
1580,대조,0,6.0,13.0,60.73,66.0,0.0,0.0,0.0,0.0,1,1.5,1.0,1.0,169.9,16.0,6.0,1,1,6.0,2.6390573296152584,4.122770036405805,0.0,0,0.0
1581,대조,0,,0.0,0.0,0.0,0.0,0.0,0.0,0.0,0,0.0,0.0,0.0,0.0,0.0,90.0,0,0,90.0,0.0,0.0,0.0,0,0.0
1585,대조,0,3.0,19.0,936.37,17735.0,0.0,0.0,0.0,0.0,1,15.48,3.0,3.0,254.53,3.0,3.0,1,1,3.0,2.995732273553991,6.843078081562788,0.0,0,0.0
1587,대조,0,2.0,9.0,190.58,121.0,0.0,0.0,0.0,0.0,0,0.0,0.0,0.0,106.78999999999999,7.0,2.0,0,1,2.0,2.302585092994046,5.255305475954746,0.0,0,0.0
1588,대조,0,2.0,46.0,686.0,327.0,3.0,10.48,0.0,0.0,1,5.99,2.0,2.0,330.21,15.0,2.0,1,1,2.0,3.8501476017100584,6.532334292222349,0.015276967930029155,0,0.0
1591,대조,0,15.0,7.0,371.87,188.0,0.0,0.0,0.0,0.0,1,0.0,0.0,0.0,165.28,4.0,15.0,0,1,15.0,2.0794415416798357,5.92122983342553,0.0,0,0.0
1592,대조,0,16.0,4.0,155.58,38.0,1.0,5.0,0.0,0.0,0,0.0,0.0,0.0,55.66,1.0,16.0,0,1,16.0,1.6094379124341003,5.053567061479768,0.03213780691605605,0,0.0
1593,대조,0,9.0,5.0,190.86,77.0,0.0,0.0,0.0,0.0,0,0.0,0.0,0.0,42.01,1.0,9.0,0,1,9.0,1.791759469228055,5.256765939389801,0.0,0,0.0
1594,대조,0,2.0,5.0,211.88,142.0,0.0,0.0,0.0,0.0,0,0.0,0.0,0.0,109.22,4.0,2.0,0,1,2.0,1.791759469228055,5.360728626669434,0.0,0,0.0
1595,대조,0,1.0,19.0,697.0,83414.0,1.0,1.67,0.0,0.0,1,0.0,0.0,0.0,262.95,9.0,1.0,0,1,1.0,2.995732273553991,6.548219102762372,0.0023959827833572454,0,0.0
1599,대조,0,7.0,18.0,1002.78,540.0,5.0,11.39,0.0,0.0,0,0.0,0.0,0.0,73.54,1.0,7.0,0,1,7.0,2.9444389791664403,6.911528152734635,0.011358423582440815,0,0.0
1601,대조,0,26.0,6.0,177.53,93.0,0.0,0.0,0.0,1.0,0,0.0,0.0,0.0,52.59,1.0,26.0,0,1,26.0,1.9459101490553132,5.18475665432487,0.0,0,1.0
1602,대조,0,1.0,20.0,995.21,409.0,0.0,0.0,0.0,1.0,0,1.0,1.0,1.0,488.24,10.0,1.0,1,1,1.0,3.044522437723423,6.903958078733752,0.0,0,1.0
1604,대조,0,2.0,19.0,92.39,49.0,0.0,0.0,0.0,0.0,1,0.0,0.0,0.0,72.19,12.0,2.0,0,1,2.0,2.995732273553991,4.536784273121627,0.0,0,0.0
1605,대조,0,12.0,8.0,218.37,129.0,0.0,0.0,0.0,0.0,0,0.0,0.0,0.0,23.05,1.0,12.0,0,1,12.0,2.1972245773362196,5.390759801937596,0.0,0,0.0
1609,대조,0,2.0,49.0,4739.4800000000005,320640.0,3.0,10.48,0.0,0.0,1,11.280000000000001,4.0,4.0,1181.67,14.0,2.0,1,1,2.0,3.912023005428146,8.46389367538487,0.002211213044469013,0,0.0
1615,대조,0,32.0,3.0,27.6,20.0,0.0,0.0,0.0,0.0,0,0.0,0.0,0.0,38.31,3.0,32.0,0,1,32.0,1.3862943611198906,3.353406717825807,0.0,0,0.0
1618,대조,0,3.0,18.0,753.14,69338.0,2.0,5.49,0.0,0.0,1,1.55,1.0,1.0,312.17,6.0,3.0,1,1,3.0,2.9444389791664403,6.625578027164801,0.007289481371325385,0,0.0
1619,대조,0,1.0,25.0,582.3,88811.0,0.0,0.0,0.0,0.0,0,0.0,0.0,0.0,117.3,9.0,1.0,0,1,1.0,3.258096538021482,6.368701633759592,0.0,0,0.0
1621,대조,0,3.0,9.0,418.31,184.0,2.0,7.99,0.0,0.0,0,2.29,1.0,1.0,218.21,6.0,3.0,1,1,3.0,2.302585092994046,6.038610503164925,0.0191006669694724,0,0.0
1622,처치,1,10.0,12.0,306.69,16337.0,0.0,0.0,0.0,1.0,0,0.0,0.0,0.0,125.59,5.0,10.0,0,1,10.0,2.5649493574615367,5.729092782612366,0.0,0,1.0
1624,대조,0,5.0,9.0,50.52,15.0,0.0,0.0,0.0,0.0,0,0.0,0.0,0.0,13.97,1.0,5.0,0,1,5.0,2.302585092994046,3.9419700817960983,0.0,0,0.0
1627,대조,0,48.0,1.0,5.0,5.0,0.0,0.0,0.0,0.0,1,0.0,0.0,0.0,0.0,0.0,48.0,0,0,48.0,0.6931471805599453,1.791759469228055,0.0,0,0.0
1630,대조,0,5.0,20.0,1107.54,340.0,0.0,0.0,0.0,0.0,0,5.0,3.0,1.0,501.91,9.0,5.0,1,1,5.0,3.044522437723423,7.0107991132046035,0.0,0,0.0
1631,대조,0,1.0,48.0,1844.86,1091.0,17.0,31.34,0.0,0.0,1,10.99,5.0,5.0,820.91,15.0,1.0,1,1,1.0,3.8918202981106265,7.520700572533521,0.016987738907017335,0,0.0
1632,대조,0,15.0,15.0,416.19,40083.0,0.0,0.0,0.0,0.0,0,0.0,0.0,0.0,63.3,2.0,15.0,0,1,15.0,2.772588722239781,6.033541753520077,0.0,0,0.0
1646,대조,0,1.0,18.0,206.18,34.0,0.0,0.0,0.0,0.0,0,0.0,0.0,0.0,48.54,3.0,1.0,0,1,1.0,2.9444389791664403,5.333587980629956,0.0,0,0.0
1648,대조,0,1.0,15.0,795.24,35401.0,3.0,13.49,0.0,0.0,1,0.0,0.0,0.0,243.6,9.0,1.0,0,1,1.0,2.772588722239781,6.679900647937808,0.016963432422916352,0,0.0
1651,대조,0,3.0,10.0,371.26,151.0,1.0,3.0,0.0,0.0,0,0.0,0.0,0.0,74.82000000000001,2.0,3.0,0,1,3.0,2.3978952727983707,5.919592534870187,0.00808059042180682,0,0.0
1653,대조,0,1.0,78.0,2431.2400000000002,128838.0,5.0,16.15,0.0,0.0,1,21.0,9.0,7.0,986.5,33.0,1.0,1,1,1.0,4.3694478524670215,7.796567922427617,0.0066427008440137535,0,0.0
1659,대조,0,1.0,22.0,354.39,192.0,2.0,6.66,0.0,0.0,0,3.0,2.0,2.0,125.82000000000001,6.0,1.0,1,1,1.0,3.1354942159291497,5.873215778014616,0.01879285532887497,0,0.0
1660,대조,0,2.0,7.0,205.69,76.0,2.0,14.870000000000001,0.0,0.0,0,0.0,0.0,0.0,47.96,4.0,2.0,0,1,2.0,2.0794415416798357,5.331220086223745,0.07229325684282173,0,0.0
1662,대조,0,7.0,15.0,1736.81,700.0,0.0,0.0,0.0,1.0,1,0.0,0.0,0.0,543.79,3.0,7.0,0,1,7.0,2.772588722239781,7.460380978790667,0.0,0,1.0
1663,대조,0,2.0,21.0,207.68,75621.0,0.0,0.0,0.0,0.0,0,0.0,0.0,0.0,138.43,9.0,2.0,0,1,2.0,3.091042453358316,5.340801978154192,0.0,0,0.0
1666,대조,0,19.0,12.0,201.79,51.0,1.0,4.99,0.0,0.0,0,0.0,0.0,0.0,53.48,4.0,19.0,0,1,19.0,2.5649493574615367,5.312170960836572,0.024728678328955846,0,0.0
1667,대조,0,9.0,6.0,97.58,76.0,0.0,0.0,0.0,0.0,0,0.0,0.0,0.0,4.4,1.0,9.0,0,1,9.0,1.9459101490553132,4.590868401277231,0.0,0,0.0
1672,대조,0,17.0,18.0,440.86,276.0,0.0,0.0,0.0,0.0,0,0.0,0.0,0.0,72.75,4.0,17.0,0,1,17.0,2.9444389791664403,6.090993089822883,0.0,0,0.0
1673,대조,0,3.0,23.0,989.58,9627.0,1.0,3.19,0.0,0.0,0,2.0,2.0,1.0,98.14,1.0,3.0,1,1,3.0,3.1780538303479458,6.898290630166351,0.0032235898057761878,0,0.0
1676,대조,0,2.0,14.0,726.0,40403.0,0.0,0.0,0.0,1.0,1,0.0,0.0,0.0,246.64,7.0,2.0,0,1,2.0,2.70805020110221,6.588926477533519,0.0,0,1.0
1681,대조,0,3.0,14.0,386.66,17658.0,0.0,0.0,0.0,0.0,0,0.0,0.0,0.0,242.12,7.0,3.0,0,1,3.0,2.70805020110221,5.960128666798129,0.0,0,0.0
1683,대조,0,10.0,13.0,258.08,67.0,0.0,0.0,0.0,1.0,0,0.0,0.0,0.0,64.43,5.0,10.0,0,1,10.0,2.6390573296152584,5.557136894314716,0.0,0,1.0
1685,대조,0,4.0,12.0,206.08,85.0,0.0,0.0,0.0,0.0,0,0.0,0.0,0.0,5.54,2.0,4.0,0,1,4.0,2.5649493574615367,5.333105192033701,0.0,0,0.0
1686,대조,0,4.0,12.0,178.02,12233.0,0.0,0.0,0.0,0.0,1,1.0,1.0,1.0,67.16,5.0,4.0,1,1,4.0,2.5649493574615367,5.187497531442793,0.0,0,0.0
1687,대조,0,5.0,17.0,620.93,258.0,0.0,0.0,0.0,0.0,0,0.0,0.0,0.0,201.42,4.0,5.0,0,1,5.0,2.8903717578961645,6.43282754621313,0.0,0,0.0
1689,대조,0,2.0,19.0,308.36,12547.0,1.0,1.0,0.0,0.0,1,0.0,0.0,0.0,335.77,8.0,2.0,0,1,2.0,2.995732273553991,5.734505647299041,0.0032429627707873912,0,0.0
1692,대조,0,3.0,21.0,216.46,4618.0,0.0,0.0,0.0,0.0,1,4.99,1.0,1.0,221.37,12.0,3.0,1,1,3.0,3.091042453358316,5.382014925569603,0.0,0,0.0
1693,대조,0,3.0,26.0,1143.31,32856.0,0.0,0.0,0.0,1.0,1,0.0,0.0,0.0,483.97,11.0,3.0,0,1,3.0,3.295836866004329,7.0425571142525385,0.0,0,1.0
1694,대조,0,2.0,33.0,1151.16,19519.0,9.0,20.7,0.0,0.0,1,2.94,2.0,1.0,300.56,9.0,2.0,1,1,2.0,3.5263605246161616,7.049393720500556,0.01798186177421036,0,0.0
1695,대조,0,9.0,11.0,73.34,33.0,0.0,0.0,0.0,0.0,1,0.0,0.0,0.0,39.28,9.0,9.0,0,1,9.0,2.4849066497880004,4.308649164869106,0.0,0,0.0
1696,대조,0,10.0,11.0,487.67,210.0,0.0,0.0,0.0,0.0,1,5.890000000000001,2.0,2.0,209.22,5.0,10.0,1,1,10.0,2.4849066497880004,6.191687415037624,0.0,0,0.0
1703,대조,0,11.0,10.0,249.5,107.0,3.0,7.34,0.0,0.0,0,0.0,0.0,0.0,54.97,3.0,11.0,0,1,11.0,2.3978952727983707,5.523458920524919,0.029418837675350702,0,0.0
1708,대조,0,18.0,8.0,716.34,344.0,0.0,0.0,0.0,0.0,1,0.0,0.0,0.0,160.77,3.0,18.0,0,1,18.0,2.1972245773362196,6.575549926250677,0.0,0,0.0
1709,대조,0,1.0,16.0,507.12,19426.0,0.0,0.0,0.0,0.0,1,1.69,1.0,1.0,162.57,7.0,1.0,1,1,1.0,2.833213344056216,6.23071764015526,0.0,0,0.0
1716,대조,0,1.0,33.0,484.26,288.0,2.0,3.0,0.0,0.0,0,0.0,0.0,0.0,126.03,9.0,1.0,0,1,1.0,3.5263605246161616,6.184684829770834,0.006195019204559535,0,0.0
1717,대조,0,5.0,11.0,273.43,124.0,0.0,0.0,0.0,0.0,0,0.0,0.0,0.0,35.31,2.0,5.0,0,1,5.0,2.4849066497880004,5.614696219321766,0.0,0,0.0
1720,대조,0,10.0,21.0,930.21,340.0,0.0,0.0,0.0,0.0,1,0.0,0.0,0.0,333.55,11.0,10.0,0,1,10.0,3.091042453358316,6.8364848157511275,0.0,0,0.0
1722,대조,0,11.0,40.0,1433.59,75620.0,5.0,12.73,0.0,1.0,1,0.0,0.0,0.0,860.65,19.0,11.0,0,1,11.0,3.713572066704308,7.268634373083905,0.008879805244177206,0,1.0
1723,대조,0,29.0,5.0,215.92000000000002,46.0,0.0,0.0,0.0,0.0,0,0.0,0.0,0.0,473.75,8.0,29.0,0,1,29.0,1.791759469228055,5.37952862197286,0.0,0,0.0
1726,대조,0,2.0,23.0,880.03,98964.0,0.0,0.0,0.0,1.0,1,0.0,0.0,0.0,307.08,7.0,2.0,0,1,2.0,3.1780538303479458,6.78109167756981,0.0,0,1.0
1733,대조,0,,0.0,0.0,0.0,0.0,0.0,0.0,2.0,0,0.0,0.0,0.0,0.0,0.0,90.0,0,0,90.0,0.0,0.0,0.0,0,2.0
1735,대조,0,18.0,4.0,306.90000000000003,109.0,1.0,2.5,0.0,0.0,0,0.0,0.0,0.0,107.7,4.0,18.0,0,1,18.0,1.6094379124341003,5.729775054930455,0.008145975887911371,0,0.0
1740,대조,0,2.0,54.0,1847.93,5160.0,0.0,0.0,0.0,0.0,1,0.0,0.0,0.0,954.99,34.0,2.0,0,1,2.0,4.007333185232471,7.522362372368697,0.0,0,0.0
1742,대조,0,3.0,51.0,460.83,219.0,2.0,8.98,0.0,0.0,0,0.0,0.0,0.0,85.71,17.0,3.0,0,1,3.0,3.9512437185814275,6.135196857997905,0.01948657856476358,0,0.0
1744,대조,0,16.0,5.0,86.9,71.0,0.0,0.0,0.0,0.0,0,0.0,0.0,0.0,7.39,2.0,16.0,0,1,16.0,1.791759469228055,4.476199804691132,0.0,0,0.0
1746,대조,0,7.0,9.0,215.37,91.0,0.0,0.0,0.0,0.0,0,0.0,0.0,0.0,78.14,4.0,7.0,0,1,7.0,2.302585092994046,5.376989905199339,0.0,0,0.0
1749,대조,0,1.0,21.0,517.79,59134.0,0.0,0.0,0.0,0.0,1,0.0,0.0,0.0,262.44,4.0,1.0,0,1,1.0,3.091042453358316,6.2514991770059405,0.0,0,0.0
1751,대조,0,2.0,19.0,647.66,338.0,2.0,3.17,0.0,0.0,1,9.16,5.0,5.0,387.4,12.0,2.0,1,1,2.0,2.995732273553991,6.474908696532735,0.004894543433282895,0,0.0
1752,대조,0,2.0,29.0,819.03,494.0,3.0,7.16,0.0,0.0,0,3.5,2.0,2.0,405.86,17.0,2.0,1,1,2.0,3.4011973816621555,6.709340924954924,0.008742048520811204,0,0.0
1753,대조,0,19.0,71.0,262.94,34016.0,0.0,0.0,0.0,0.0,1,0.0,0.0,0.0,100.77,7.0,19.0,0,1,19.0,4.276666119016055,5.575721804588683,0.0,0,0.0
1758,대조,0,9.0,7.0,267.22,108.0,1.0,2.5,0.0,0.0,0,0.0,0.0,0.0,114.9,5.0,9.0,0,1,9.0,2.0794415416798357,5.591807539282795,0.00935558715664995,0,0.0
1759,대조,0,1.0,60.0,690.15,379.0,7.0,19.16,0.0,0.0,1,0.0,0.0,0.0,219.89,21.0,1.0,0,1,1.0,4.110873864173311,6.538356876910366,0.027762080707092664,0,0.0
1761,대조,0,24.0,3.0,227.99,80.0,1.0,2.39,0.0,0.0,0,0.0,0.0,0.0,66.05,1.0,24.0,0,1,24.0,1.3862943611198906,5.433678334478489,0.010482915917364798,0,0.0
1765,대조,0,6.0,6.0,818.77,398.0,3.0,9.57,0.0,0.0,1,0.0,0.0,0.0,192.03,3.0,6.0,0,1,6.0,1.9459101490553132,6.70902381310936,0.011688264103472281,0,0.0
1768,대조,0,1.0,16.0,290.11,165.0,0.0,0.0,0.0,0.0,0,1.0,1.0,1.0,159.76,8.0,1.0,1,1,1.0,2.833213344056216,5.673701202617746,0.0,0,0.0
1773,대조,0,14.0,12.0,461.87,28267.0,0.0,0.0,3.0,1.0,0,0.0,0.0,0.0,123.04,3.0,14.0,0,1,14.0,2.5649493574615367,6.1374462371230445,0.0,1,1.0
1774,대조,0,2.0,8.0,442.76,216.0,2.0,3.0,0.0,0.0,0,0.0,0.0,0.0,41.5,2.0,2.0,0,1,2.0,2.1972245773362196,6.095283875746979,0.006775679826542596,0,0.0
1776,대조,0,4.0,50.0,892.5,473.0,0.0,0.0,0.0,0.0,0,0.0,0.0,0.0,184.83,7.0,4.0,0,1,4.0,3.9318256327243257,6.795146334599483,0.0,0,0.0
1777,대조,0,6.0,16.0,313.98,108.0,1.0,4.0,0.0,0.0,0,0.0,0.0,0.0,38.22,4.0,6.0,0,1,6.0,2.833213344056216,5.752509144746434,0.012739664946811897,0,0.0
1781,대조,0,4.0,17.0,558.55,21378.0,0.0,0.0,0.0,0.0,0,0.0,0.0,0.0,212.29,4.0,4.0,0,1,4.0,2.8903717578961645,6.327132889264036,0.0,0,0.0
1784,대조,0,5.0,7.0,306.18,107.0,0.0,0.0,0.0,1.0,0,4.0,2.0,1.0,72.27,2.0,5.0,1,1,5.0,2.0794415416798357,5.727433894987482,0.0,0,1.0
1785,대조,0,11.0,1.0,39.82,35.0,0.0,0.0,0.0,0.0,1,0.0,0.0,0.0,183.23,6.0,11.0,0,1,11.0,0.6931471805599453,3.709172157381699,0.0,0,0.0
1788,대조,0,2.0,30.0,1510.92,68360.0,0.0,0.0,0.0,0.0,1,0.0,0.0,0.0,454.63,7.0,2.0,0,1,2.0,3.4339872044851463,7.321135645286782,0.0,0,0.0
1790,대조,0,9.0,6.0,239.26,125.0,0.0,0.0,0.0,1.0,0,2.99,1.0,1.0,218.02,3.0,9.0,1,1,9.0,1.9459101490553132,5.481721670293229,0.0,0,1.0
1791,대조,0,1.0,21.0,558.53,24707.0,0.0,0.0,0.0,0.0,1,0.0,0.0,0.0,148.85,7.0,1.0,0,1,1.0,3.091042453358316,6.327097145617466,0.0,0,0.0
1792,대조,0,67.0,14.0,519.4300000000001,92934.0,0.0,0.0,0.0,0.0,0,0.0,0.0,0.0,0.0,0.0,67.0,0,0,67.0,2.70805020110221,6.254655392939876,0.0,0,0.0
1793,대조,0,7.0,10.0,264.44,141.0,0.0,0.0,0.0,0.0,0,0.0,0.0,0.0,7.64,2.0,7.0,0,1,7.0,2.3978952727983707,5.581388826442135,0.0,0,0.0
1794,대조,0,2.0,6.0,303.88,117.0,0.0,0.0,0.0,0.0,0,0.0,0.0,0.0,227.24,6.0,2.0,0,1,2.0,1.9459101490553132,5.719918256565605,0.0,0,0.0
1795,대조,0,1.0,162.0,1216.75,839.0,14.0,41.06,2.0,1.0,1,5.0,2.0,1.0,596.32,53.0,1.0,1,1,1.0,5.093750200806762,7.104760172686652,0.03374563386069448,1,1.0
1796,대조,0,27.0,4.0,244.81,13803.0,5.0,14.44,0.0,0.0,1,2.89,1.0,1.0,43.7,4.0,27.0,1,1,27.0,1.6094379124341003,5.50455887978689,0.05898451860626608,0,0.0
1797,대조,0,5.0,13.0,743.24,296.0,6.0,12.66,0.0,0.0,1,17.97,3.0,3.0,301.41,7.0,5.0,1,1,5.0,2.6390573296152584,6.6123635634603035,0.01703352887358054,0,0.0
1798,대조,0,15.0,8.0,327.07,168.0,0.0,0.0,0.0,0.0,0,3.89,1.0,1.0,326.66,4.0,15.0,1,1,15.0,2.1972245773362196,5.793227000248627,0.0,0,0.0
1800,대조,0,9.0,23.0,727.37,88138.0,0.0,0.0,0.0,0.0,1,0.0,0.0,0.0,79.69,3.0,9.0,0,1,9.0,3.1780538303479458,6.59080916084383,0.0,0,0.0
1807,대조,0,1.0,41.0,1941.08,37893.0,0.0,0.0,0.0,0.0,0,0.0,0.0,0.0,256.09000000000003,9.0,1.0,0,1,1.0,3.7376696182833684,7.57151484264749,0.0,0,0.0
1809,대조,0,1.0,8.0,221.4,129.0,0.0,0.0,0.0,0.0,0,0.0,0.0,0.0,87.14,3.0,1.0,0,1,1.0,2.1972245773362196,5.404477562376427,0.0,0,0.0
1810,대조,0,38.0,20.0,273.51,104.0,0.0,0.0,0.0,0.0,0,0.0,0.0,0.0,103.16,7.0,38.0,0,1,38.0,3.044522437723423,5.614987690158529,0.0,0,0.0
1812,대조,0,1.0,11.0,176.8,84.0,0.0,0.0,0.0,0.0,1,0.0,0.0,0.0,165.94,5.0,1.0,0,1,1.0,2.4849066497880004,5.180659323079804,0.0,0,0.0
1814,대조,0,31.0,5.0,503.32,184.0,0.0,0.0,0.0,0.0,1,3.99,1.0,1.0,217.26000000000002,2.0,31.0,1,1,31.0,1.791759469228055,6.22321098722946,0.0,0,0.0
1815,대조,0,17.0,7.0,443.85,204.0,7.0,23.0,0.0,0.0,1,0.0,0.0,0.0,281.92,7.0,17.0,0,1,17.0,2.0794415416798357,6.097737146690776,0.05181930832488453,0,0.0
1816,대조,0,2.0,20.0,464.91,20872.0,2.0,3.33,0.0,0.0,1,0.0,0.0,0.0,223.52,9.0,2.0,0,1,2.0,3.044522437723423,6.143992482425847,0.007162676647092986,0,0.0
1818,대조,0,,0.0,0.0,0.0,0.0,0.0,0.0,1.0,0,0.0,0.0,0.0,0.0,0.0,90.0,0,0,90.0,0.0,0.0,0.0,0,1.0
1820,대조,0,5.0,11.0,490.47,26238.0,0.0,0.0,0.0,0.0,1,0.0,0.0,0.0,438.75,6.0,5.0,0,1,5.0,2.4849066497880004,6.197400900084471,0.0,0,0.0
1822,대조,0,9.0,50.0,698.62,368.0,0.0,0.0,0.0,0.0,1,0.0,0.0,0.0,126.60000000000001,12.0,9.0,0,1,9.0,3.9318256327243257,6.550537330500261,0.0,0,0.0
1823,대조,0,1.0,50.0,1887.96,138996.0,1.0,1.89,0.0,0.0,1,0.0,0.0,0.0,701.51,10.0,1.0,0,1,1.0,3.9318256327243257,7.543781692052325,0.00100108053136719,0,0.0
1824,대조,0,4.0,28.0,527.74,285.0,2.0,6.0,0.0,0.0,0,0.0,0.0,0.0,232.31,10.0,4.0,0,1,4.0,3.367295829986474,6.270496817652093,0.01136923485049456,0,0.0
1826,대조,0,3.0,15.0,437.31,247.0,3.0,10.0,0.0,0.0,0,0.0,0.0,0.0,46.06,6.0,3.0,0,1,3.0,2.772588722239781,6.082926422587722,0.022867073700578538,0,0.0
1829,대조,0,1.0,55.0,1188.82,66427.0,0.0,0.0,0.0,0.0,1,0.0,0.0,0.0,409.05,21.0,1.0,0,1,1.0,4.02535169073515,7.081557314160349,0.0,0,0.0
1832,대조,0,11.0,2.0,51.300000000000004,30.0,0.0,0.0,0.0,0.0,0,0.0,0.0,0.0,35.730000000000004,2.0,11.0,0,1,11.0,1.0986122886681098,3.9569963710708773,0.0,0,0.0
1836,대조,0,10.0,12.0,510.43,16648.0,1.0,2.5,0.0,0.0,0,0.0,0.0,0.0,14.36,1.0,10.0,0,1,10.0,2.5649493574615367,6.2372107236316205,0.004897831240326783,0,0.0
1837,대조,0,2.0,14.0,592.21,41760.0,1.0,6.99,0.0,0.0,0,0.0,0.0,0.0,529.55,10.0,2.0,0,1,2.0,2.70805020110221,6.385548467842524,0.011803245470356799,0,0.0
1839,대조,0,3.0,9.0,248.26,154.0,0.0,0.0,0.0,0.0,0,4.99,1.0,1.0,57.85,2.0,3.0,1,1,3.0,2.302585092994046,5.518496528398231,0.0,0,0.0
1840,대조,0,,0.0,0.0,0.0,0.0,0.0,0.0,0.0,0,0.0,0.0,0.0,15.73,4.0,90.0,0,1,90.0,0.0,0.0,0.0,0,0.0
1841,대조,0,5.0,5.0,349.62,160.0,0.0,0.0,0.0,0.0,1,0.0,0.0,0.0,0.0,0.0,5.0,0,0,5.0,1.791759469228055,5.859703015925728,0.0,0,0.0
1847,대조,0,2.0,23.0,519.2,17884.0,2.0,10.0,0.0,0.0,1,0.0,0.0,0.0,155.87,5.0,2.0,0,1,2.0,3.1780538303479458,6.254213353014551,0.01926040061633282,0,0.0
1848,대조,0,4.0,16.0,2069.42,717.0,2.0,6.28,0.0,0.0,1,1.55,1.0,1.0,865.19,6.0,4.0,1,1,4.0,2.833213344056216,7.635506764229012,0.0030346667182108997,0,0.0
1849,대조,0,1.0,23.0,341.38,200.0,0.0,0.0,0.0,0.0,0,3.0,2.0,1.0,218.85,21.0,1.0,1,1,1.0,3.1780538303479458,5.835921231346632,0.0,0,0.0
1850,대조,0,2.0,38.0,1555.39,92114.0,1.0,3.99,0.0,0.0,1,0.0,0.0,0.0,279.88,13.0,2.0,0,1,2.0,3.6635616461296463,7.350124316006232,0.0025652730183426667,0,0.0
1854,대조,0,1.0,22.0,608.66,39988.0,0.0,0.0,0.0,0.0,0,0.0,0.0,0.0,123.88,7.0,1.0,0,1,1.0,3.1354942159291497,6.412901424725845,0.0,0,0.0
1857,대조,0,2.0,15.0,546.04,16321.0,3.0,9.08,0.0,0.0,0,7.29,3.0,2.0,355.03000000000003,10.0,2.0,1,1,2.0,2.772588722239781,6.304521925890991,0.016628818401582302,0,0.0
1858,대조,0,12.0,9.0,297.2,124.0,1.0,2.5,0.0,0.0,1,0.0,0.0,0.0,247.53,6.0,12.0,0,1,12.0,2.302585092994046,5.697764402330638,0.008411843876177659,0,0.0
1859,대조,0,4.0,6.0,376.41,115.0,0.0,0.0,0.0,1.0,0,0.0,0.0,0.0,0.0,0.0,4.0,0,0,4.0,1.9459101490553132,5.933332129668729,0.0,0,1.0
1860,대조,0,79.0,4.0,41.43,15.0,0.0,0.0,0.0,0.0,0,0.0,0.0,0.0,0.0,0.0,79.0,0,0,79.0,1.6094379124341003,3.7478556592142334,0.0,0,0.0
1862,대조,0,2.0,35.0,445.39,30656.0,0.0,0.0,0.0,1.0,0,0.0,0.0,0.0,286.76,20.0,2.0,0,1,2.0,3.58351893845611,6.101193009382493,0.0,0,1.0
1864,대조,0,2.0,29.0,2815.59,84869.0,9.0,30.97,0.0,0.0,1,3.5,2.0,2.0,1101.85,8.0,2.0,1,1,2.0,3.4011973816621555,7.943282212377757,0.01099947080363263,0,0.0
1869,대조,0,2.0,23.0,693.04,325.0,2.0,5.49,0.0,0.0,1,0.0,0.0,0.0,25.4,4.0,2.0,0,1,2.0,3.1780538303479458,6.542529595733471,0.007921620685674709,0,0.0
1872,대조,0,9.0,26.0,355.58,21700.0,0.0,0.0,0.0,1.0,0,0.0,0.0,0.0,219.68,9.0,9.0,0,1,9.0,3.295836866004329,5.876558618606624,0.0,0,1.0
1877,대조,0,2.0,7.0,185.89000000000001,56.0,1.0,5.0,0.0,0.0,0,4.29,2.0,2.0,142.8,2.0,2.0,1,1,2.0,2.0794415416798357,5.230520208482211,0.0268976276292431,0,0.0
1879,대조,0,2.0,44.0,727.27,448.0,1.0,2.0,0.0,0.0,1,0.0,0.0,0.0,297.16,16.0,2.0,0,1,2.0,3.8066624897703196,6.590671858558904,0.0027500103125386722,0,0.0
1881,대조,0,3.0,17.0,404.22,14946.0,0.0,0.0,0.0,0.0,0,1.5,1.0,1.0,141.91,7.0,3.0,1,1,3.0,2.8903717578961645,6.004430129498005,0.0,0,0.0
1887,대조,0,3.0,18.0,205.02,75.0,0.0,0.0,0.0,0.0,0,0.0,0.0,0.0,58.85,8.0,3.0,0,1,3.0,2.9444389791664403,5.327973251455547,0.0,0,0.0
1889,대조,0,13.0,7.0,227.92000000000002,94.0,0.0,0.0,0.0,0.0,0,0.0,0.0,0.0,21.79,1.0,13.0,0,1,13.0,2.0794415416798357,5.4333725975409015,0.0,0,0.0
1890,대조,0,83.0,1.0,21.65,11.0,0.0,0.0,0.0,0.0,0,0.0,0.0,0.0,76.36,2.0,83.0,0,1,83.0,0.6931471805599453,3.120159851929043,0.0,0,0.0
1892,대조,0,1.0,55.0,993.46,9546.0,0.0,0.0,0.0,0.0,1,0.0,0.0,0.0,428.59,28.0,1.0,0,1,1.0,4.02535169073515,6.9021998762684404,0.0,0,0.0
1894,대조,0,3.0,9.0,399.37,226.0,0.0,0.0,0.0,0.0,1,0.0,0.0,0.0,167.22,2.0,3.0,0,1,3.0,2.302585092994046,5.992389119559117,0.0,0,0.0
1895,대조,0,12.0,6.0,62.79,28.0,0.0,0.0,0.0,0.0,0,0.0,0.0,0.0,0.0,0.0,12.0,0,0,12.0,1.9459101490553132,4.1555964382538635,0.0,0,0.0
1896,대조,0,66.0,4.0,64.31,35.0,1.0,2.89,0.0,0.0,1,2.0,1.0,1.0,225.55,3.0,66.0,1,1,66.0,1.6094379124341003,4.179145163914566,0.044938578759135435,0,0.0
1900,대조,0,75.0,3.0,243.96,99.0,0.0,0.0,0.0,0.0,0,0.0,0.0,0.0,150.04,1.0,75.0,0,1,75.0,1.3862943611198906,5.501094931909374,0.0,0,0.0
1901,대조,0,3.0,124.0,2079.07,5115.0,9.0,28.990000000000002,0.0,0.0,1,12.370000000000001,3.0,2.0,595.38,50.0,3.0,1,1,3.0,4.8283137373023015,7.6401568259752395,0.01394373445819525,0,0.0
1905,대조,0,16.0,13.0,226.64000000000001,74.0,0.0,0.0,0.0,0.0,0,0.0,0.0,0.0,11.99,2.0,16.0,0,1,16.0,2.6390573296152584,5.4277654337349235,0.0,0,0.0
1906,대조,0,3.0,20.0,1350.79,55802.0,0.0,0.0,0.0,0.0,0,1.5,1.0,1.0,342.33,5.0,3.0,1,1,3.0,3.044522437723423,7.209184919094876,0.0,0,0.0
1911,대조,0,1.0,27.0,337.97,38597.0,2.0,5.78,0.0,0.0,1,0.0,0.0,0.0,118.04,11.0,1.0,0,1,1.0,3.332204510175204,5.825911607889265,0.01710210965470308,0,0.0
1912,대조,0,9.0,20.0,446.1,273.0,1.0,1.5,0.0,0.0,0,0.0,0.0,0.0,148.64,8.0,9.0,0,1,9.0,3.044522437723423,6.102782283239935,0.003362474781439139,0,0.0
1918,대조,0,23.0,5.0,115.59,27510.0,0.0,0.0,0.0,0.0,0,0.0,0.0,0.0,26.41,2.0,23.0,0,1,23.0,1.791759469228055,4.7586635069452,0.0,0,0.0
1920,대조,0,3.0,16.0,329.48,124.0,0.0,0.0,0.0,1.0,1,0.0,0.0,0.0,285.11,11.0,3.0,0,1,3.0,2.833213344056216,5.800546143088509,0.0,0,1.0
1922,대조,0,27.0,17.0,315.99,113.0,0.0,0.0,0.0,0.0,0,0.0,0.0,0.0,197.32,6.0,27.0,0,1,27.0,2.8903717578961645,5.758870227638378,0.0,0,0.0
1923,대조,0,2.0,23.0,574.19,63296.0,0.0,0.0,3.0,2.0,1,0.0,0.0,0.0,293.38,9.0,2.0,0,1,2.0,3.1780538303479458,6.35470042099841,0.0,1,2.0
1924,대조,0,1.0,34.0,994.58,439.0,5.0,15.68,0.0,0.0,0,5.99,2.0,2.0,599.75,16.0,1.0,1,1,1.0,3.5553480614894135,6.903325481902751,0.015765448732128134,0,0.0
1925,대조,0,6.0,8.0,79.01,31.0,0.0,0.0,0.0,0.0,0,0.0,0.0,0.0,63.68,5.0,6.0,0,1,6.0,2.1972245773362196,4.382151626862033,0.0,0,0.0
1927,대조,0,3.0,16.0,1107.35,477.0,4.0,27.990000000000002,0.0,0.0,1,5.0,2.0,2.0,638.01,8.0,3.0,1,1,3.0,2.833213344056216,7.0106277019027665,0.025276561159524997,0,0.0
1928,대조,0,7.0,11.0,179.7,103.0,0.0,0.0,0.0,1.0,1,0.0,0.0,0.0,146.72,6.0,7.0,0,1,7.0,2.4849066497880004,5.196838197598183,0.0,0,1.0
1930,대조,0,2.0,25.0,345.99,176.0,1.0,2.0,0.0,0.0,0,0.0,0.0,0.0,76.98,5.0,2.0,0,1,2.0,3.258096538021482,5.849295961087796,0.005780513887684615,0,0.0
1931,대조,0,3.0,14.0,380.78,168.0,1.0,5.0,0.0,0.0,1,0.0,0.0,0.0,194.91,9.0,3.0,0,1,3.0,2.70805020110221,5.944844526472756,0.013130941751142393,0,0.0
1932,대조,0,2.0,7.0,148.11,74.0,2.0,4.79,0.0,0.0,0,6.390000000000001,3.0,2.0,283.89,6.0,2.0,1,1,2.0,2.0794415416798357,5.0046842886028164,0.032340827763149005,0,0.0
1935,대조,0,4.0,25.0,1874.35,156678.0,0.0,0.0,0.0,0.0,1,0.0,0.0,0.0,718.7,9.0,4.0,0,1,4.0,3.258096538021482,7.536550587651123,0.0,0,0.0
1936,대조,0,3.0,79.0,431.93,28013.0,0.0,0.0,0.0,1.0,0,0.0,0.0,0.0,353.59,33.0,3.0,0,1,3.0,4.382026634673881,6.070576052116096,0.0,0,1.0
1937,대조,0,3.0,21.0,875.1,9106.0,0.0,0.0,0.0,1.0,1,0.0,0.0,0.0,228.9,8.0,3.0,0,1,3.0,3.091042453358316,6.775480239672318,0.0,0,1.0
1939,대조,0,24.0,8.0,306.90000000000003,15392.0,0.0,0.0,0.0,1.0,1,0.0,0.0,0.0,0.0,0.0,24.0,0,0,24.0,2.1972245773362196,5.729775054930455,0.0,0,1.0
1940,대조,0,1.0,11.0,391.96,237.0,0.0,0.0,0.0,1.0,0,0.0,0.0,0.0,37.88,1.0,1.0,0,1,1.0,2.4849066497880004,5.973707825518723,0.0,0,1.0
1941,대조,0,4.0,25.0,128.65,85.0,0.0,0.0,0.0,0.0,0,0.0,0.0,0.0,51.29,8.0,4.0,0,1,4.0,3.258096538021482,4.864838511984673,0.0,0,0.0
1942,대조,0,16.0,5.0,71.71,8649.0,0.0,0.0,0.0,0.0,0,0.0,0.0,0.0,91.49000000000001,5.0,16.0,0,1,16.0,1.791759469228055,4.286478926661966,0.0,0,0.0
1946,대조,0,3.0,8.0,594.44,215.0,0.0,0.0,0.0,0.0,1,0.0,0.0,0.0,442.45,5.0,3.0,0,1,3.0,2.1972245773362196,6.3893006280516556,0.0,0,0.0
1947,대조,0,7.0,14.0,1237.29,388.0,2.0,8.98,0.0,0.0,0,0.0,0.0,0.0,445.65,7.0,7.0,0,1,7.0,2.70805020110221,7.121486674600946,0.007257797282771219,0,0.0
1948,대조,0,6.0,7.0,141.55,93.0,0.0,0.0,0.0,0.0,1,0.0,0.0,0.0,28.57,1.0,6.0,0,1,6.0,2.0794415416798357,4.9596928153586815,0.0,0,0.0
1949,대조,0,2.0,4.0,208.17000000000002,103.0,0.0,0.0,0.0,0.0,1,0.0,0.0,0.0,35.980000000000004,1.0,2.0,0,1,2.0,1.6094379124341003,5.343147318465829,0.0,0,0.0
1950,대조,0,82.0,1.0,30.520000000000003,13.0,0.0,0.0,0.0,0.0,0,0.0,0.0,0.0,0.0,0.0,82.0,0,0,82.0,0.6931471805599453,3.4506222649896783,0.0,0,0.0
1953,대조,0,1.0,26.0,791.77,301.0,1.0,13.99,0.0,0.0,1,2.89,1.0,1.0,175.63,6.0,1.0,1,1,1.0,3.295836866004329,6.675533141734721,0.01766927264230774,0,0.0
1957,대조,0,16.0,2.0,57.730000000000004,27.0,0.0,0.0,0.0,1.0,0,0.0,0.0,0.0,13.459999999999999,1.0,16.0,0,1,16.0,1.0986122886681098,4.072950669534428,0.0,0,1.0
1962,대조,0,21.0,8.0,218.51,93.0,1.0,7.49,0.0,0.0,1,0.0,0.0,0.0,30.68,1.0,21.0,0,1,21.0,2.1972245773362196,5.391397789564048,0.03427760743215414,0,0.0
1963,대조,0,3.0,10.0,375.91,4699.0,6.0,19.47,0.0,1.0,0,7.66,2.0,2.0,91.59,2.0,3.0,1,1,3.0,2.3978952727983707,5.932006432157784,0.051794312468409986,0,1.0
1964,대조,0,3.0,11.0,305.68,174.0,0.0,0.0,0.0,0.0,1,0.0,0.0,0.0,51.39,2.0,3.0,0,1,3.0,2.4849066497880004,5.725804858690694,0.0,0,0.0
1968,대조,0,4.0,13.0,495.25,288.0,0.0,0.0,0.0,0.0,0,0.0,0.0,0.0,62.230000000000004,4.0,4.0,0,1,4.0,2.6390573296152584,6.2070798320014005,0.0,0,0.0
1969,대조,0,3.0,29.0,228.19,154.0,0.0,0.0,0.0,0.0,0,0.0,0.0,0.0,101.92999999999999,14.0,3.0,0,1,3.0,3.4011973816621555,5.434551353871315,0.0,0,0.0
1970,대조,0,33.0,2.0,23.4,23.0,0.0,0.0,0.0,0.0,0,0.0,0.0,0.0,89.13,4.0,33.0,0,1,33.0,1.0986122886681098,3.1945831322991562,0.0,0,0.0
1972,대조,0,1.0,27.0,602.73,316.0,3.0,9.0,0.0,0.0,0,2.0,1.0,1.0,127.97,11.0,1.0,1,1,1.0,3.332204510175204,6.403127078124099,0.014932059130954158,0,0.0
1976,대조,0,1.0,32.0,527.65,254.0,0.0,0.0,0.0,0.0,1,0.0,0.0,0.0,65.67,6.0,1.0,0,1,1.0,3.4965075614664802,6.270326587178536,0.0,0,0.0
1979,대조,0,4.0,12.0,114.8,65.0,0.0,0.0,0.0,1.0,1,0.0,0.0,0.0,45.24,5.0,4.0,0,1,4.0,2.5649493574615367,4.751864565138895,0.0,0,1.0
1980,대조,0,24.0,4.0,422.02,176.0,0.0,0.0,0.0,0.0,1,0.0,0.0,0.0,175.64000000000001,1.0,24.0,0,1,24.0,1.6094379124341003,6.047419459252429,0.0,0,0.0
1981,대조,0,12.0,10.0,93.33,46.0,0.0,0.0,0.0,0.0,0,0.0,0.0,0.0,70.88,4.0,12.0,0,1,12.0,2.3978952727983707,4.546799272661762,0.0,0,0.0
1982,대조,0,1.0,28.0,770.45,70186.0,0.0,0.0,0.0,0.0,1,0.0,0.0,0.0,421.52,12.0,1.0,0,1,1.0,3.367295829986474,6.648271860889035,0.0,0,0.0
1987,대조,0,5.0,9.0,172.3,113.0,1.0,1.67,0.0,0.0,0,1.0,1.0,1.0,159.24,7.0,5.0,1,1,5.0,2.302585092994046,5.155024196721561,0.009692396982008125,0,0.0
1989,대조,0,1.0,26.0,394.57,17017.0,0.0,0.0,0.0,0.0,1,0.0,0.0,0.0,171.01,9.0,1.0,0,1,1.0,3.295836866004329,5.9803277626970655,0.0,0,0.0
1990,대조,0,2.0,14.0,400.02,67620.0,1.0,1.5,0.0,0.0,1,1.5,1.0,1.0,319.96,9.0,2.0,1,1,2.0,2.70805020110221,5.994011301374558,0.0037498125093745316,0,0.0
1993,대조,0,6.0,11.0,176.86,10806.0,0.0,0.0,0.0,0.0,0,0.0,0.0,0.0,113.96000000000001,5.0,6.0,0,1,6.0,2.4849066497880004,5.180996723971494,0.0,0,0.0
1996,대조,0,2.0,15.0,408.48,191.0,0.0,0.0,0.0,0.0,0,0.0,0.0,0.0,181.76,8.0,2.0,0,1,2.0,2.772588722239781,6.01488806205157,0.0,0,0.0
1997,대조,0,3.0,11.0,653.14,217.0,1.0,1.67,0.0,0.0,1,0.0,0.0,0.0,233.61,4.0,3.0,0,1,3.0,2.4849066497880004,6.483321395826356,0.0025568790764614016,0,0.0
2004,대조,0,3.0,35.0,1372.32,616.0,5.0,9.73,0.0,0.0,1,11.379999999999999,7.0,5.0,569.77,12.0,3.0,1,1,3.0,3.58351893845611,7.224986444890468,0.007090183047685671,0,0.0
2008,처치,1,12.0,5.0,234.39000000000001,103.0,0.0,0.0,0.0,0.0,0,0.0,0.0,0.0,207.28,6.0,12.0,0,1,12.0,1.791759469228055,5.461243713040235,0.0,0,0.0
2009,대조,0,35.0,3.0,63.6,15.0,0.0,0.0,0.0,1.0,0,0.0,0.0,0.0,0.0,0.0,35.0,0,0,35.0,1.3862943611198906,4.168214410788556,0.0,0,1.0
2011,대조,0,6.0,18.0,202.21,96.0,0.0,0.0,0.0,0.0,1,0.0,0.0,0.0,88.23,9.0,6.0,0,1,6.0,2.9444389791664403,5.314239927091852,0.0,0,0.0
2013,대조,0,7.0,17.0,190.94,97.0,0.0,0.0,0.0,0.0,1,0.0,0.0,0.0,73.15,6.0,7.0,0,1,7.0,2.8903717578961645,5.257182823189481,0.0,0,0.0
2014,대조,0,14.0,6.0,389.39,205.0,5.0,11.0,0.0,0.0,0,0.0,0.0,0.0,0.0,0.0,14.0,0,0,14.0,1.9459101490553132,5.967146239456776,0.028249313028069545,0,0.0
2015,대조,0,6.0,17.0,803.89,304.0,1.0,3.49,0.0,0.0,0,0.0,0.0,0.0,325.91,5.0,6.0,0,1,6.0,2.8903717578961645,6.69070562211892,0.0043413899911679465,0,0.0
2016,대조,0,2.0,16.0,306.81,214.0,0.0,0.0,0.0,1.0,0,0.0,0.0,1.0,341.29,10.0,2.0,1,1,2.0,2.833213344056216,5.729482709506015,0.0,0,1.0
2017,대조,0,2.0,15.0,628.8,27443.0,4.0,9.93,0.0,0.0,1,0.0,0.0,0.0,355.28000000000003,8.0,2.0,0,1,2.0,2.772588722239781,6.4454023086669245,0.015791984732824428,0,0.0
2018,대조,0,59.0,4.0,174.96,86.0,0.0,0.0,0.0,0.0,1,0.0,0.0,0.0,75.78,4.0,59.0,0,1,59.0,1.6094379124341003,5.170256696480519,0.0,0,0.0
2019,대조,0,1.0,97.0,2887.73,1262.0,2.0,21.96,0.0,0.0,0,11.629999999999999,7.0,2.0,1334.65,23.0,1.0,1,1,1.0,4.584967478670572,7.968572238154844,0.007604589071692991,0,0.0
2020,대조,0,1.0,43.0,1793.83,766.0,2.0,10.0,0.0,0.0,1,0.0,0.0,0.0,554.73,17.0,1.0,0,1,1.0,3.784189633918261,7.492665588916448,0.005574664265844589,0,0.0
2021,대조,0,2.0,18.0,312.68,132.0,0.0,0.0,0.0,0.0,0,0.0,0.0,0.0,59.15,3.0,2.0,0,1,2.0,2.9444389791664403,5.748373357984076,0.0,0,0.0
2029,대조,0,82.0,1.0,12.67,6.0,0.0,0.0,0.0,0.0,0,0.0,0.0,0.0,6.99,1.0,82.0,0,1,82.0,0.6931471805599453,2.6152036507358583,0.0,0,0.0
2030,대조,0,1.0,10.0,331.56,134.0,2.0,9.88,0.0,1.0,1,0.0,0.0,0.0,142.6,5.0,1.0,0,1,1.0,2.3978952727983707,5.806820294944382,0.029798528169863676,0,1.0
2032,대조,0,8.0,13.0,638.0,49827.0,2.0,5.6899999999999995,0.0,0.0,0,3.69,1.0,1.0,133.32,4.0,8.0,1,1,8.0,2.6390573296152584,6.459904454377535,0.008918495297805642,0,0.0
2033,대조,0,4.0,7.0,168.84,57.0,0.0,0.0,0.0,0.0,0,0.0,0.0,0.0,30.51,3.0,4.0,0,1,4.0,2.0794415416798357,5.134856817395001,0.0,0,0.0
2034,대조,0,9.0,20.0,595.22,65910.0,1.0,1.67,0.0,0.0,0,0.0,0.0,0.0,217.5,8.0,9.0,0,1,9.0,3.044522437723423,6.390609726471327,0.002805685292832902,0,0.0
2035,대조,0,4.0,22.0,372.5,249.0,0.0,0.0,0.0,0.0,0,0.0,0.0,0.0,36.36,5.0,4.0,0,1,4.0,3.1354942159291497,5.922918004572872,0.0,0,0.0
2036,대조,0,7.0,5.0,532.6,16573.0,4.0,12.34,0.0,0.0,0,0.0,0.0,0.0,156.48,3.0,7.0,0,1,7.0,1.791759469228055,6.279646494601414,0.023169357867067215,0,0.0
2037,대조,0,3.0,14.0,271.05,152.0,0.0,0.0,0.0,1.0,0,0.0,0.0,0.0,139.54,6.0,3.0,0,1,3.0,2.70805020110221,5.605985872931934,0.0,0,1.0
2039,대조,0,,0.0,0.0,0.0,0.0,0.0,0.0,1.0,0,0.0,0.0,0.0,0.0,0.0,90.0,0,0,90.0,0.0,0.0,0.0,0,1.0
2041,대조,0,7.0,7.0,300.02,102.0,1.0,1.5,0.0,0.0,1,6.0,2.0,2.0,430.75,10.0,7.0,1,1,7.0,2.0794415416798357,5.707176707724217,0.004999666688887408,0,0.0
2042,대조,0,2.0,6.0,703.35,12472.0,1.0,5.99,0.0,0.0,0,0.0,0.0,0.0,192.89000000000001,1.0,2.0,0,1,2.0,1.9459101490553132,6.557275391706316,0.008516385867633468,0,0.0
2043,대조,0,4.0,8.0,199.65,9490.0,1.0,1.0,0.0,0.0,0,3.0,2.0,2.0,71.22,2.0,4.0,1,1,4.0,2.1972245773362196,5.301562096712925,0.005008765339343852,0,0.0
2044,대조,0,15.0,7.0,161.48,70.0,0.0,0.0,0.0,1.0,0,0.0,0.0,0.0,145.01,2.0,15.0,0,1,15.0,2.0794415416798357,5.090554917272129,0.0,0,1.0
2053,대조,0,5.0,27.0,612.4,4654.0,0.0,0.0,0.0,0.0,1,0.0,0.0,0.0,110.28999999999999,7.0,5.0,0,1,5.0,3.332204510175204,6.419017251680151,0.0,0,0.0
2055,대조,0,1.0,22.0,384.84,154.0,0.0,0.0,0.0,0.0,0,0.0,0.0,0.0,200.38,11.0,1.0,0,1,1.0,3.1354942159291497,5.9554227757607165,0.0,0,0.0
2056,대조,0,21.0,11.0,224.5,76.0,0.0,0.0,0.0,0.0,0,0.0,0.0,0.0,76.11,5.0,21.0,0,1,21.0,2.4849066497880004,5.418320158942733,0.0,0,0.0
2057,대조,0,21.0,18.0,493.98,43201.0,1.0,1.5,0.0,0.0,1,5.0,2.0,2.0,225.33,11.0,21.0,1,1,21.0,2.9444389791664403,6.204517357712021,0.0030365601846228593,0,0.0
2059,대조,0,7.0,10.0,540.89,321.0,1.0,2.29,0.0,0.0,0,0.0,0.0,0.0,47.14,3.0,7.0,0,1,7.0,2.3978952727983707,6.295063028812576,0.0042337628723030565,0,0.0
2064,대조,0,4.0,21.0,402.07,104.0,0.0,0.0,0.0,0.0,1,4.390000000000001,2.0,2.0,255.63,12.0,4.0,1,1,4.0,3.091042453358316,5.99911024413353,0.0,0,0.0
2065,대조,0,11.0,7.0,573.46,228.0,3.0,17.78,0.0,0.0,0,9.99,3.0,3.0,115.05,1.0,11.0,1,1,11.0,2.0794415416798357,6.353430469103293,0.031004778014159663,0,0.0
2068,대조,0,2.0,15.0,410.85,4790.0,0.0,0.0,0.0,0.0,1,0.0,0.0,0.0,85.98,7.0,2.0,0,1,2.0,2.772588722239781,6.020659205387258,0.0,0,0.0
2069,대조,0,23.0,7.0,87.1,34.0,0.0,0.0,0.0,1.0,1,0.0,0.0,0.0,13.08,2.0,23.0,0,1,23.0,2.0794415416798357,4.478472532942134,0.0,0,1.0
2070,대조,0,4.0,81.0,508.74,15500.0,0.0,0.0,0.0,0.0,1,0.0,0.0,0.0,297.75,37.0,4.0,0,1,4.0,4.406719247264253,6.233900791802601,0.0,0,0.0
2071,대조,0,1.0,30.0,350.96,102.0,0.0,0.0,0.0,0.0,0,0.0,0.0,0.0,181.26,20.0,1.0,0,1,1.0,3.4339872044851463,5.86351753277736,0.0,0,0.0
2074,대조,0,11.0,10.0,331.41,186.0,1.0,2.0,0.0,0.0,0,0.0,0.0,0.0,5.08,1.0,11.0,0,1,11.0,2.3978952727983707,5.806369146764632,0.006034820916689297,0,0.0
2075,대조,0,1.0,6.0,176.1,13459.0,1.0,2.5,0.0,0.0,0,0.0,0.0,0.0,201.97,4.0,1.0,0,1,1.0,1.9459101490553132,5.176714544788788,0.014196479273140262,0,0.0
2081,대조,0,39.0,4.0,88.64,32.0,0.0,0.0,0.0,0.0,0,0.0,0.0,0.0,0.0,0.0,39.0,0,0,39.0,1.6094379124341003,4.495801648932726,0.0,0,0.0
2083,대조,0,1.0,49.0,981.84,42256.0,0.0,0.0,0.0,0.0,0,0.0,0.0,0.0,324.29,12.0,1.0,0,1,1.0,3.912023005428146,6.8904463398594995,0.0,0,0.0
2084,대조,0,45.0,9.0,89.87,36.0,0.0,0.0,0.0,0.0,1,2.0,1.0,1.0,319.19,10.0,45.0,1,1,45.0,2.302585092994046,4.5094299137072555,0.0,0,0.0
2085,대조,0,2.0,75.0,2058.13,132723.0,1.0,3.0,0.0,0.0,1,0.0,0.0,0.0,627.48,20.0,2.0,0,1,2.0,4.330733340286331,7.630038842480067,0.0014576338715241504,0,0.0
2086,대조,0,3.0,53.0,543.4300000000001,225.0,1.0,2.99,0.0,0.0,1,0.0,0.0,0.0,330.92,33.0,3.0,0,1,3.0,3.9889840465642745,6.299739375798311,0.005502088585466389,0,0.0
2087,대조,0,1.0,25.0,885.89,61191.0,0.0,0.0,0.0,0.0,1,0.0,0.0,0.0,413.84000000000003,13.0,1.0,0,1,1.0,3.258096538021482,6.787720961090518,0.0,0,0.0
2092,대조,0,2.0,26.0,439.38,32092.0,0.0,0.0,0.0,0.0,1,0.0,0.0,0.0,175.25,12.0,2.0,0,1,2.0,3.295836866004329,6.087637990556639,0.0,0,0.0
2094,대조,0,12.0,5.0,200.54,106.0,0.0,0.0,0.0,0.0,1,0.0,0.0,0.0,120.1,3.0,12.0,0,1,12.0,1.791759469228055,5.305987872852256,0.0,0,0.0
2095,대조,0,3.0,25.0,730.69,24839.0,0.0,0.0,0.0,1.0,0,0.0,0.0,0.0,206.45,8.0,3.0,0,1,3.0,3.258096538021482,6.595356926993258,0.0,0,1.0
2098,대조,0,10.0,6.0,268.67,135.0,1.0,2.0,0.0,0.0,0,1.5,1.0,1.0,99.47,1.0,10.0,1,1,10.0,1.9459101490553132,5.5971989892534175,0.00744407637622362,0,0.0
2099,대조,0,3.0,1.0,15.11,7.0,0.0,0.0,0.0,0.0,0,0.0,0.0,0.0,31.310000000000002,3.0,3.0,0,1,3.0,0.6931471805599453,2.779440197188883,0.0,0,0.0
2100,대조,0,3.0,15.0,577.74,372.0,0.0,0.0,0.0,0.0,1,0.0,0.0,0.0,128.76,5.0,3.0,0,1,3.0,2.772588722239781,6.360853326633456,0.0,0,0.0
2107,대조,0,7.0,14.0,413.38,171.0,0.0,0.0,0.0,1.0,1,5.0,3.0,1.0,328.68,7.0,7.0,1,1,7.0,2.70805020110221,6.026783427232337,0.0,0,1.0
2108,대조,0,5.0,24.0,245.96,117.0,0.0,0.0,0.0,0.0,0,0.0,0.0,0.0,70.42,5.0,5.0,0,1,5.0,3.2188758248682006,5.509226380193904,0.0,0,0.0
2109,대조,0,3.0,24.0,566.69,303.0,0.0,0.0,0.0,0.0,0,0.0,0.0,0.0,153.43,6.0,3.0,0,1,3.0,3.2188758248682006,6.341575495084069,0.0,0,0.0
2115,대조,0,4.0,57.0,2324.66,307030.0,5.0,10.24,0.0,0.0,1,3.1799999999999997,2.0,2.0,673.44,14.0,4.0,1,1,4.0,4.060443010546419,7.7517591487054585,0.004404945239303812,0,0.0
2117,대조,0,5.0,14.0,156.36,109.0,0.0,0.0,1.0,1.0,0,0.0,0.0,0.0,64.39,4.0,5.0,0,1,5.0,2.70805020110221,5.058536174080804,0.0,1,1.0
2121,대조,0,2.0,23.0,675.08,84367.0,0.0,0.0,0.0,1.0,1,0.0,0.0,0.0,289.39,11.0,2.0,0,1,2.0,3.1780538303479458,6.516311412236227,0.0,0,1.0
2123,대조,0,1.0,12.0,719.29,307.0,1.0,4.58,0.0,0.0,1,0.0,0.0,0.0,314.96,4.0,1.0,0,1,1.0,2.5649493574615367,6.5796539086946835,0.006367390065203187,0,0.0
2128,대조,0,7.0,2.0,23.14,8.0,1.0,2.79,0.0,0.0,0,0.0,0.0,0.0,55.35,5.0,7.0,0,1,7.0,1.0986122886681098,3.1838702156693857,0.1205704407951599,0,0.0
2130,대조,0,4.0,10.0,623.33,210.0,2.0,7.29,0.0,0.0,1,0.0,0.0,0.0,61.21,1.0,4.0,0,1,4.0,2.3978952727983707,6.436679074733429,0.011695249707217685,0,0.0
2131,대조,0,5.0,21.0,690.29,301.0,0.0,0.0,0.0,0.0,0,6.67,4.0,4.0,409.2,9.0,5.0,1,1,5.0,3.091042453358316,6.53855941734681,0.0,0,0.0
2138,대조,0,1.0,20.0,448.21000000000004,245.0,4.0,10.27,0.0,0.0,0,3.0,2.0,1.0,237.09,4.0,1.0,1,1,1.0,3.044522437723423,6.107490484415251,0.02291336650230918,0,0.0
2139,대조,0,1.0,90.0,1122.47,501.0,5.0,10.73,0.0,0.0,0,2.0,1.0,1.0,574.59,29.0,1.0,1,1,1.0,4.51085950651685,7.024177388999179,0.00955927552629469,0,0.0
2142,대조,0,2.0,13.0,1295.43,607.0,5.0,20.87,0.0,0.0,0,8.49,3.0,3.0,341.57,4.0,2.0,1,1,2.0,2.6390573296152584,7.167369612005506,0.01611048068980956,0,0.0
2144,대조,0,33.0,4.0,349.92,97.0,0.0,0.0,0.0,0.0,0,0.0,0.0,0.0,96.68,1.0,33.0,0,1,33.0,1.6094379124341003,5.860558277260183,0.0,0,0.0
2145,대조,0,17.0,7.0,267.27,85.0,0.0,0.0,0.0,0.0,0,0.0,0.0,0.0,14.96,1.0,17.0,0,1,17.0,2.0794415416798357,5.591993936047486,0.0,0,0.0
2147,대조,0,8.0,14.0,785.04,8547.0,0.0,0.0,0.0,0.0,1,8.88,2.0,2.0,340.31,6.0,8.0,1,1,8.0,2.70805020110221,6.667007681719566,0.0,0,0.0
2154,대조,0,9.0,12.0,265.27,10892.0,0.0,0.0,0.0,0.0,1,0.0,0.0,0.0,307.79,9.0,9.0,0,1,9.0,2.5649493574615367,5.5845108315733585,0.0,0,0.0
2156,대조,0,10.0,15.0,729.16,62281.0,0.0,0.0,0.0,0.0,1,0.0,0.0,0.0,320.38,5.0,10.0,0,1,10.0,2.772588722239781,6.593263688208622,0.0,0,0.0
2158,대조,0,3.0,22.0,454.86,67938.0,0.0,0.0,0.0,0.0,1,5.0,2.0,2.0,177.79,7.0,3.0,1,1,3.0,3.1354942159291497,6.1221857448309915,0.0,0,0.0
2159,대조,0,5.0,21.0,348.4,4580.0,0.0,0.0,0.0,0.0,0,0.0,0.0,0.0,175.74,8.0,5.0,0,1,5.0,3.091042453358316,5.8562173976999565,0.0,0,0.0
2161,대조,0,77.0,2.0,53.870000000000005,14437.0,1.0,2.5,0.0,1.0,0,0.0,0.0,0.0,111.65,3.0,77.0,0,1,77.0,1.0986122886681098,4.004966751070884,0.04640801930573603,0,1.0
2162,대조,0,10.0,28.0,1853.63,100620.0,0.0,0.0,0.0,0.0,1,0.0,0.0,0.0,743.79,9.0,10.0,0,1,10.0,3.367295829986474,7.52544049423012,0.0,0,0.0
2164,대조,0,7.0,10.0,357.42,200.0,0.0,0.0,0.0,0.0,0,0.0,0.0,0.0,150.7,3.0,7.0,0,1,7.0,2.3978952727983707,5.881705483115242,0.0,0,0.0
2171,대조,0,1.0,10.0,434.47,191.0,2.0,4.0,0.0,0.0,0,0.0,0.0,0.0,182.58,4.0,1.0,0,1,1.0,2.3978952727983707,6.076425907582242,0.009206619559463253,0,0.0
2173,대조,0,30.0,2.0,14.34,5.0,0.0,0.0,0.0,0.0,1,0.0,0.0,0.0,0.0,0.0,30.0,0,0,30.0,1.0986122886681098,2.73046379593911,0.0,0,0.0
2176,대조,0,4.0,89.0,1123.49,118455.0,11.0,52.05,0.0,0.0,0,5.0,2.0,1.0,109.72,6.0,4.0,1,1,4.0,4.499809670330265,7.025084878518566,0.0463288502790412,0,0.0
2179,대조,0,3.0,6.0,276.56,105.0,0.0,0.0,0.0,0.0,1,0.0,0.0,0.0,76.15,5.0,3.0,0,1,3.0,1.9459101490553132,5.626037126031348,0.0,0,0.0
2181,대조,0,24.0,5.0,162.47,37.0,1.0,6.0,0.0,0.0,1,0.0,0.0,0.0,0.0,0.0,24.0,0,0,24.0,1.791759469228055,5.096629487263117,0.03692989474979996,0,0.0
2184,대조,0,2.0,25.0,913.96,13189.0,1.0,2.89,0.0,0.0,1,0.0,0.0,0.0,149.73,9.0,2.0,0,1,2.0,3.258096538021482,6.818880348472962,0.0031620639852947613,0,0.0
2187,대조,0,37.0,6.0,170.51,61.0,1.0,2.0,0.0,0.0,0,2.19,1.0,1.0,272.47,6.0,37.0,1,1,37.0,1.9459101490553132,5.144641573943989,0.011729517330361856,0,0.0
2190,대조,0,1.0,39.0,1503.68,147102.0,2.0,5.24,0.0,0.0,1,0.0,0.0,0.0,566.42,16.0,1.0,0,1,1.0,3.6888794541139363,7.316335529990447,0.00348478399659502,0,0.0
2198,대조,0,1.0,20.0,216.65,8708.0,0.0,0.0,0.0,0.0,1,0.0,0.0,0.0,381.56,29.0,1.0,0,1,1.0,3.044522437723423,5.3828882679983066,0.0,0,0.0
2199,대조,0,4.0,22.0,934.49,76455.0,8.0,16.39,0.0,0.0,1,7.0,4.0,4.0,353.13,9.0,4.0,1,1,4.0,3.1354942159291497,6.841070456186141,0.01753897848024056,0,0.0
2203,대조,0,6.0,9.0,505.23,137.0,1.0,2.0,0.0,1.0,1,0.0,0.0,0.0,138.98000000000002,2.0,6.0,0,1,6.0,2.302585092994046,6.22699111146752,0.003958593116006571,0,1.0
2204,대조,0,1.0,32.0,368.66,324.0,2.0,5.49,0.0,0.0,0,0.0,0.0,0.0,90.67999999999999,10.0,1.0,0,1,1.0,3.4965075614664802,5.912583664254535,0.014891770194759398,0,0.0
2210,대조,0,2.0,14.0,720.05,353.0,1.0,4.0,0.0,0.0,0,0.0,0.0,0.0,105.08,5.0,2.0,0,1,2.0,2.70805020110221,6.580708483008079,0.005555169779876397,0,0.0
2211,대조,0,4.0,11.0,232.43,28194.0,0.0,0.0,0.0,0.0,0,0.0,0.0,0.0,176.31,4.0,4.0,0,1,4.0,2.4849066497880004,5.452882246296949,0.0,0,0.0
2221,대조,0,2.0,19.0,382.22,203.0,0.0,0.0,0.0,0.0,1,0.0,0.0,0.0,101.33,5.0,2.0,0,1,2.0,2.995732273553991,5.948609236801553,0.0,0,0.0
2222,대조,0,4.0,6.0,636.46,268.0,0.0,0.0,0.0,0.0,0,0.0,0.0,0.0,86.37,1.0,4.0,0,1,4.0,1.9459101490553132,6.457491529965986,0.0,0,0.0
2225,대조,0,4.0,12.0,308.25,124.0,0.0,0.0,0.0,0.0,0,2.0,1.0,1.0,136.02,4.0,4.0,1,1,4.0,2.5649493574615367,5.734150011272598,0.0,0,0.0
2230,대조,0,59.0,1.0,13.96,4.0,0.0,0.0,0.0,0.0,0,0.0,0.0,0.0,86.88000000000001,1.0,59.0,0,1,59.0,0.6931471805599453,2.7053799725463312,0.0,0,0.0
2231,대조,0,16.0,12.0,651.04,13121.0,2.0,6.0,0.0,0.0,1,0.0,0.0,0.0,31.96,3.0,16.0,0,1,16.0,2.5649493574615367,6.480105909738089,0.009216023593020399,0,0.0
2234,대조,0,4.0,32.0,1503.95,53587.0,2.0,10.98,0.0,0.0,1,0.0,0.0,0.0,450.67,11.0,4.0,0,1,4.0,3.4965075614664802,7.316514954039731,0.007300774626816051,0,0.0
2235,대조,0,2.0,13.0,637.63,199.0,2.0,5.390000000000001,0.0,0.0,1,0.0,0.0,0.0,88.59,4.0,2.0,0,1,2.0,2.6390573296152584,6.45932525694112,0.008453178175430894,0,0.0
2236,대조,0,7.0,43.0,697.87,57961.0,2.0,9.99,0.0,0.0,0,0.0,0.0,0.0,128.44,9.0,7.0,0,1,7.0,3.784189633918261,6.549464744966003,0.014314987031968705,0,0.0
2237,대조,0,2.0,20.0,587.39,39194.0,0.0,0.0,0.0,0.0,1,0.0,0.0,0.0,343.98,11.0,2.0,0,1,2.0,3.044522437723423,6.377389993341529,0.0,0,0.0
2238,대조,0,1.0,30.0,463.36,219.0,2.0,9.98,0.0,0.0,0,0.0,0.0,0.0,240.37,19.0,1.0,0,1,1.0,3.4339872044851463,6.140660113469835,0.02153832872928177,0,0.0
2239,대조,0,8.0,8.0,578.71,291.0,1.0,3.99,0.0,0.0,0,2.0,1.0,1.0,364.63,13.0,8.0,1,1,8.0,2.1972245773362196,6.3625279784987825,0.006894644986262549,0,0.0
2241,대조,0,7.0,8.0,122.33,105.0,0.0,0.0,0.0,0.0,0,0.0,0.0,0.0,340.88,5.0,7.0,0,1,7.0,2.1972245773362196,4.814863689577897,0.0,0,0.0
2243,대조,0,1.0,5.0,450.77,199.0,0.0,0.0,0.0,0.0,1,0.0,0.0,0.0,227.28,3.0,1.0,0,1,1.0,1.791759469228055,6.113173200766838,0.0,0,0.0
2247,대조,0,3.0,7.0,496.54,132.0,2.0,10.0,0.0,0.0,0,0.0,0.0,0.0,14.48,1.0,3.0,0,1,3.0,2.0794415416798357,6.209675955376629,0.020139364401659483,0,0.0
2248,대조,0,7.0,3.0,98.27,52.0,0.0,0.0,0.0,0.0,0,0.0,0.0,0.0,63.86,4.0,7.0,0,1,7.0,1.3862943611198906,4.59784341060163,0.0,0,0.0
2250,대조,0,12.0,10.0,354.04,176.0,2.0,4.55,0.0,0.0,1,0.0,0.0,0.0,199.14,4.0,12.0,0,1,12.0,2.3978952727983707,5.8722304591842835,0.012851655180205625,0,0.0
2251,대조,0,21.0,1.0,16.55,4.0,0.0,0.0,0.0,1.0,0,0.0,0.0,0.0,155.5,1.0,21.0,0,1,21.0,0.6931471805599453,2.865053949911875,0.0,0,1.0
2252,대조,0,5.0,17.0,890.99,24521.0,0.0,0.0,0.0,0.0,1,0.0,0.0,0.0,483.32,12.0,5.0,0,1,5.0,2.8903717578961645,6.793454921754837,0.0,0,0.0
2254,대조,0,11.0,7.0,170.08,64.0,0.0,0.0,0.0,0.0,1,0.0,0.0,0.0,72.79,3.0,11.0,0,1,11.0,2.0794415416798357,5.142131283358708,0.0,0,0.0
2258,대조,0,5.0,5.0,133.26,41.0,0.0,0.0,0.0,1.0,0,0.0,0.0,0.0,77.71,2.0,5.0,0,1,5.0,1.791759469228055,4.899778218510606,0.0,0,1.0
2260,대조,0,16.0,20.0,1122.14,99226.0,2.0,6.0,0.0,0.0,1,2.19,1.0,1.0,241.23000000000002,5.0,16.0,1,1,16.0,3.044522437723423,7.023883613041293,0.005346926408469531,0,0.0
2261,대조,0,1.0,74.0,2000.99,179835.0,5.0,18.36,0.0,0.0,0,2.19,1.0,1.0,809.38,40.0,1.0,1,1,1.0,4.31748811353631,7.601896964857696,0.009175458148216633,0,0.0
2264,대조,0,3.0,42.0,2126.78,740.0,11.0,37.86,0.0,0.0,1,23.560000000000002,8.0,6.0,762.39,13.0,3.0,1,1,3.0,3.7612001156935624,7.66283446165845,0.017801559164558625,0,0.0
2266,대조,0,2.0,13.0,1154.65,557.0,0.0,0.0,0.0,1.0,1,0.0,0.0,0.0,538.59,5.0,2.0,0,1,2.0,2.6390573296152584,7.0524182352226985,0.0,0,1.0
2269,대조,0,1.0,33.0,380.16,198.0,2.0,6.0,0.0,0.0,1,4.38,2.0,1.0,123.35000000000001,13.0,1.0,1,1,1.0,3.5263605246161616,5.9432192344799875,0.01578282828282828,0,0.0
2273,대조,0,6.0,7.0,278.32,146.0,0.0,0.0,0.0,0.0,0,0.0,0.0,0.0,88.98,3.0,6.0,0,1,6.0,2.0794415416798357,5.632358077977835,0.0,0,0.0
2275,대조,0,7.0,8.0,177.76,83.0,3.0,5.5,0.0,0.0,0,0.0,0.0,0.0,104.63,5.0,7.0,0,1,7.0,2.1972245773362196,5.18604412406525,0.030940594059405944,0,0.0
2277,대조,0,1.0,41.0,1455.63,890.0,8.0,28.62,0.0,0.0,0,3.0,2.0,1.0,163.04,5.0,1.0,1,1,1.0,3.7376696182833684,7.283880827480002,0.01966158982708518,0,0.0
2279,대조,0,3.0,3.0,55.33,35.0,0.0,0.0,0.0,0.0,1,0.0,0.0,0.0,51.760000000000005,2.0,3.0,0,1,3.0,1.3862943611198906,4.031227252906622,0.0,0,0.0
2281,대조,0,8.0,3.0,106.3,70.0,0.0,0.0,0.0,0.0,0,0.0,0.0,0.0,246.9,4.0,8.0,0,1,8.0,1.3862943611198906,4.675628649636653,0.0,0,0.0
2282,대조,0,19.0,7.0,78.52,51.0,0.0,0.0,0.0,1.0,1,0.0,0.0,0.0,14.4,3.0,19.0,0,1,19.0,2.0794415416798357,4.376008562348319,0.0,0,1.0
2284,대조,0,2.0,44.0,2592.75,23878.0,4.0,18.98,0.0,1.0,1,7.67,3.0,2.0,648.33,10.0,2.0,1,1,2.0,3.8066624897703196,7.860859983979008,0.007320412689229582,0,1.0
2286,대조,0,48.0,2.0,32.7,10.0,0.0,0.0,0.0,1.0,0,0.0,0.0,0.0,0.0,0.0,48.0,0,0,48.0,1.0986122886681098,3.517497837358316,0.0,0,1.0
2288,대조,0,20.0,15.0,254.67,102.0,0.0,0.0,0.0,0.0,0,0.0,0.0,0.0,79.67,5.0,20.0,0,1,20.0,2.772588722239781,5.543887550423803,0.0,0,0.0
2289,대조,0,10.0,7.0,223.26,100.0,0.0,0.0,0.0,0.0,0,0.0,0.0,0.0,15.040000000000001,2.0,10.0,0,1,10.0,2.0794415416798357,5.412806093032734,0.0,0,0.0
2293,대조,0,21.0,8.0,327.5,19377.0,0.0,0.0,0.0,0.0,0,0.0,0.0,0.0,394.08,5.0,21.0,0,1,21.0,2.1972245773362196,5.794536837924666,0.0,0,0.0
2295,처치,1,14.0,12.0,1113.7,590.0,3.0,15.99,0.0,1.0,1,0.0,0.0,0.0,516.27,7.0,14.0,0,1,14.0,2.5649493574615367,7.016340589395578,0.01435754691568645,0,1.0
2296,대조,0,1.0,38.0,2067.0,858.0,12.0,29.259999999999998,0.0,0.0,1,9.34,5.0,4.0,589.94,13.0,1.0,1,1,1.0,3.6635616461296463,7.63433723562832,0.014155781325592646,0,0.0
2298,대조,0,10.0,20.0,519.84,202.0,1.0,1.67,0.0,0.0,1,0.0,0.0,0.0,141.39000000000001,4.0,10.0,0,1,10.0,3.044522437723423,6.255442892860527,0.003212526931363496,0,0.0
2299,대조,0,16.0,10.0,375.71,224.0,0.0,0.0,0.0,0.0,0,0.0,0.0,0.0,169.57,5.0,16.0,0,1,16.0,2.3978952727983707,5.9314756606689825,0.0,0,0.0
2300,대조,0,2.0,17.0,659.47,5828.0,2.0,5.99,0.0,0.0,1,0.0,0.0,0.0,207.25,5.0,2.0,0,1,2.0,2.8903717578961645,6.492951702794594,0.009083051541389298,0,0.0
2302,대조,0,7.0,10.0,351.36,177.0,0.0,0.0,0.0,0.0,1,0.0,0.0,0.0,126.38,3.0,7.0,0,1,7.0,2.3978952727983707,5.864653380241595,0.0,0,0.0
2303,대조,0,10.0,14.0,412.55,126.0,1.0,2.99,0.0,0.0,0,0.0,0.0,0.0,171.89,4.0,10.0,0,1,10.0,2.70805020110221,6.024778426137916,0.007247606350745364,0,0.0
2310,대조,0,1.0,15.0,287.19,163.0,2.0,7.5,0.0,0.0,0,0.0,0.0,0.0,44.36,1.0,1.0,0,1,1.0,2.772588722239781,5.663619984837126,0.026115115428810197,0,0.0
2314,대조,0,2.0,12.0,880.27,458.0,0.0,0.0,0.0,0.0,1,0.0,0.0,0.0,320.32,5.0,2.0,0,1,2.0,2.5649493574615367,6.781364048904411,0.0,0,0.0
2319,대조,0,22.0,3.0,51.56,18.0,0.0,0.0,0.0,1.0,0,0.0,0.0,0.0,53.65,2.0,22.0,0,1,22.0,1.3862943611198906,3.961955374176355,0.0,0,1.0
2327,대조,0,7.0,10.0,330.59000000000003,270.0,2.0,7.99,0.0,0.0,0,0.0,0.0,0.0,44.81,3.0,7.0,0,1,7.0,2.3978952727983707,5.803899265990974,0.024168910130372968,0,0.0
2330,대조,0,2.0,15.0,1141.49,131960.0,0.0,0.0,0.0,0.0,1,0.0,0.0,0.0,545.84,9.0,2.0,0,1,2.0,2.772588722239781,7.040965369994825,0.0,0,0.0
2336,처치,1,20.0,11.0,376.75,203.0,0.0,0.0,0.0,0.0,0,0.0,0.0,0.0,5.31,1.0,20.0,0,1,20.0,2.4849066497880004,5.934232601152849,0.0,0,0.0
2337,대조,0,1.0,223.0,2087.59,1449.0,1.0,2.99,0.0,0.0,1,7.98,3.0,2.0,1013.55,96.0,1.0,1,1,1.0,5.4116460518550396,7.6442444761377875,0.001432273578624155,0,0.0
2338,대조,0,12.0,6.0,241.44,111.0,0.0,0.0,0.0,0.0,0,0.0,0.0,0.0,223.76,7.0,12.0,0,1,12.0,1.9459101490553132,5.4907542570830845,0.0,0,0.0
2342,대조,0,2.0,28.0,873.67,229862.0,1.0,1.67,0.0,0.0,1,0.0,0.0,0.0,300.62,11.0,2.0,0,1,2.0,3.367295829986474,6.773846672364218,0.0019114768734190255,0,0.0
2344,대조,0,11.0,12.0,454.47,14303.0,3.0,10.99,0.0,0.0,0,0.0,0.0,0.0,78.21000000000001,2.0,11.0,0,1,11.0,2.5649493574615367,6.121329852840587,0.024182014214359584,0,0.0
2346,대조,0,7.0,3.0,155.3,57.0,0.0,0.0,0.0,0.0,0,0.0,0.0,0.0,60.89,2.0,7.0,0,1,7.0,1.3862943611198906,5.051777237427431,0.0,0,0.0
2347,대조,0,22.0,3.0,71.66,34.0,0.0,0.0,0.0,0.0,1,5.0,4.0,2.0,612.8100000000001,11.0,22.0,1,1,22.0,1.3862943611198906,4.2857910267930555,0.0,0,0.0
2350,대조,0,3.0,15.0,529.02,29438.0,2.0,8.69,0.0,0.0,0,0.0,0.0,0.0,153.07,3.0,3.0,0,1,3.0,2.772588722239781,6.272914741683245,0.016426600128539564,0,0.0
2351,대조,0,2.0,48.0,2033.35,113261.0,3.0,6.109999999999999,0.0,1.0,1,0.0,0.0,0.0,825.34,20.0,2.0,0,1,2.0,3.8918202981106265,7.617931636534944,0.003004893402513094,0,1.0
2354,대조,0,10.0,7.0,372.35,24880.0,3.0,11.35,0.0,0.0,0,5.01,3.0,2.0,407.48,5.0,10.0,1,1,10.0,2.0794415416798357,5.922516317481711,0.030482073318114675,0,0.0
2358,대조,0,14.0,10.0,235.1,99.0,0.0,0.0,0.0,0.0,0,0.0,0.0,0.0,69.55,5.0,14.0,0,1,14.0,2.3978952727983707,5.464255444091467,0.0,0,0.0
2359,대조,0,2.0,44.0,905.16,71371.0,2.0,6.34,0.0,0.0,1,0.0,0.0,0.0,81.31,5.0,2.0,0,1,2.0,3.8066624897703196,6.8092158908924585,0.0070042865349772415,0,0.0
2364,대조,0,1.0,17.0,1422.07,577.0,2.0,3.34,0.0,0.0,1,0.0,0.0,0.0,237.72,3.0,1.0,0,1,1.0,2.8903717578961645,7.260571788728181,0.00234868888310702,0,0.0
2366,대조,0,3.0,27.0,983.83,97928.0,1.0,2.39,0.0,0.0,0,2.19,1.0,1.0,345.66,10.0,3.0,1,1,3.0,3.332204510175204,6.892469037444435,0.002429281481556773,0,0.0
2367,대조,0,1.0,37.0,1302.07,618.0,0.0,0.0,0.0,0.0,1,0.0,0.0,0.0,292.3,11.0,1.0,0,1,1.0,3.6375861597263857,7.172478297861446,0.0,0,0.0
2369,대조,0,2.0,16.0,434.05,45771.0,1.0,2.0,0.0,0.0,0,0.0,0.0,0.0,220.16,4.0,2.0,0,1,2.0,2.833213344056216,6.075460967012034,0.004607764082478977,0,0.0
2370,대조,0,1.0,23.0,730.76,42162.0,0.0,0.0,0.0,0.0,1,0.0,0.0,0.0,305.45,6.0,1.0,0,1,1.0,3.1780538303479458,6.595452591348109,0.0,0,0.0
2372,대조,0,10.0,8.0,531.62,281.0,1.0,3.0,0.0,0.0,0,0.0,0.0,0.0,95.74000000000001,2.0,10.0,0,1,10.0,2.1972245773362196,6.277808224308283,0.00564312855046838,0,0.0
2373,대조,0,1.0,15.0,344.04,8288.0,0.0,0.0,0.0,0.0,0,0.0,0.0,0.0,65.96,3.0,1.0,0,1,1.0,2.772588722239781,5.843660352339588,0.0,0,0.0
2374,대조,0,12.0,11.0,630.63,207.0,4.0,14.6,0.0,0.0,1,4.6,3.0,3.0,568.55,3.0,12.0,1,1,12.0,2.4849066497880004,6.4483037796701925,0.023151451722880294,0,0.0
2375,대조,0,1.0,19.0,526.24,209.0,0.0,0.0,0.0,0.0,0,0.0,0.0,0.0,263.04,9.0,1.0,0,1,1.0,2.995732273553991,6.267655852844265,0.0,0,0.0
2376,대조,0,1.0,20.0,294.18,16750.0,0.0,0.0,0.0,0.0,1,7.78,2.0,2.0,196.84,11.0,1.0,1,1,1.0,3.044522437723423,5.68758533975363,0.0,0,0.0
2378,대조,0,1.0,26.0,1264.83,21417.0,6.0,21.68,0.0,0.0,1,7.49,2.0,2.0,427.57,7.0,1.0,1,1,1.0,3.295836866004329,7.143483312486962,0.017140643406623815,0,0.0
2379,대조,0,4.0,12.0,96.36,16078.0,0.0,0.0,0.0,0.0,0,0.0,0.0,0.0,51.21,2.0,4.0,0,1,4.0,2.5649493574615367,4.578415448679272,0.0,0,0.0
2381,대조,0,8.0,10.0,212.25,151.0,1.0,1.67,0.0,0.0,0,0.0,0.0,0.0,79.45,4.0,8.0,0,1,8.0,2.3978952727983707,5.3624651863717885,0.007868080094228503,0,0.0
2384,대조,0,9.0,3.0,85.73,34.0,0.0,0.0,0.0,1.0,0,0.0,0.0,0.0,41.54,2.0,9.0,0,1,9.0,1.3862943611198906,4.462799844696365,0.0,0,1.0
2386,대조,0,14.0,8.0,157.85,67.0,0.0,0.0,0.0,0.0,0,0.0,0.0,0.0,21.78,1.0,14.0,0,1,14.0,2.1972245773362196,5.067960360715525,0.0,0,0.0
2390,대조,0,8.0,13.0,234.57,73.0,0.0,0.0,0.0,0.0,1,0.0,0.0,0.0,20.01,1.0,8.0,0,1,8.0,2.6390573296152584,5.462008109204515,0.0,0,0.0
2391,대조,0,,0.0,0.0,0.0,0.0,0.0,0.0,1.0,0,0.0,0.0,0.0,18.04,2.0,90.0,0,1,90.0,0.0,0.0,0.0,0,1.0
2393,대조,0,2.0,8.0,408.92,181.0,0.0,0.0,0.0,0.0,1,0.0,0.0,0.0,230.03,2.0,2.0,0,1,2.0,2.1972245773362196,6.015962018708369,0.0,0,0.0
2394,대조,0,3.0,21.0,430.53,118387.0,0.0,0.0,0.0,0.0,0,0.0,0.0,0.0,78.10000000000001,4.0,3.0,0,1,3.0,3.091042453358316,6.0673370330198315,0.0,0,0.0
2398,대조,0,67.0,3.0,93.78,39.0,1.0,1.67,0.0,0.0,0,1.5,1.0,1.0,49.22,1.0,67.0,1,1,67.0,1.3862943611198906,4.551558416539442,0.01780763489016848,0,0.0
2400,대조,0,13.0,45.0,1632.61,139890.0,3.0,13.0,0.0,0.0,1,36.8,14.0,11.0,1144.86,27.0,13.0,1,1,13.0,3.828641396489095,7.3985475688412246,0.007962710016476686,0,0.0
2405,대조,0,2.0,12.0,395.92,162.0,1.0,2.89,0.0,0.0,1,0.0,0.0,0.0,73.81,4.0,2.0,0,1,2.0,2.5649493574615367,5.98373474904604,0.007299454435239442,0,0.0
2411,대조,0,4.0,15.0,542.29,172.0,1.0,4.99,0.0,0.0,1,0.0,0.0,0.0,275.47,12.0,4.0,0,1,4.0,2.772588722239781,6.297643247350904,0.009201718637629313,0,0.0
2412,대조,0,1.0,47.0,2309.36,1259.0,3.0,14.98,0.0,0.0,0,5.5,4.0,4.0,1015.12,19.0,1.0,1,1,1.0,3.871201010907891,7.745158635529244,0.006486645650743063,0,0.0
2415,대조,0,8.0,17.0,343.45,146.0,0.0,0.0,0.0,0.0,0,0.0,0.0,0.0,0.0,0.0,8.0,0,0,8.0,2.8903717578961645,5.841948942039205,0.0,0,0.0
2416,대조,0,3.0,21.0,833.51,252.0,2.0,12.48,0.0,0.0,0,0.0,0.0,0.0,185.53,6.0,3.0,0,1,3.0,3.091042453358316,6.726844726253579,0.014972825760938682,0,0.0
2419,대조,0,3.0,14.0,225.76,102.0,0.0,0.0,0.0,0.0,0,1.0,1.0,1.0,73.29,3.0,3.0,1,1,3.0,2.70805020110221,5.423892189456103,0.0,0,0.0
2421,대조,0,22.0,8.0,998.33,408.0,3.0,10.0,0.0,0.0,1,5.58,2.0,1.0,283.29,3.0,22.0,1,1,22.0,2.1972245773362196,6.907085054431833,0.01001672793565254,0,0.0
2423,대조,0,4.0,9.0,484.29,251.0,0.0,0.0,0.0,0.0,0,0.0,0.0,0.0,153.39000000000001,3.0,4.0,0,1,4.0,2.302585092994046,6.184746650388029,0.0,0,0.0
2424,대조,0,4.0,16.0,583.86,242.0,1.0,2.89,0.0,0.0,0,0.0,0.0,0.0,308.05,7.0,4.0,0,1,4.0,2.833213344056216,6.371372502351839,0.0049498167368889805,0,0.0
2425,대조,0,3.0,22.0,630.98,103242.0,1.0,3.99,0.0,0.0,0,11.98,2.0,2.0,269.74,8.0,3.0,1,1,3.0,3.1354942159291497,6.448857748076506,0.006323496782782339,0,0.0
2426,대조,0,4.0,17.0,485.06,36704.0,0.0,0.0,0.0,0.0,1,0.0,0.0,0.0,171.35,6.0,4.0,0,1,4.0,2.8903717578961645,6.186332073070455,0.0,0,0.0
2430,대조,0,9.0,12.0,501.79,8902.0,0.0,0.0,0.0,0.0,0,0.0,0.0,0.0,268.54,7.0,9.0,0,1,9.0,2.5649493574615367,6.220172587894604,0.0,0,0.0
2432,대조,0,1.0,33.0,871.2,14739.0,0.0,0.0,0.0,0.0,1,4.5,3.0,3.0,418.65,28.0,1.0,1,1,1.0,3.5263605246161616,6.771018755408666,0.0,0,0.0
2437,대조,0,2.0,11.0,786.19,336.0,2.0,12.68,0.0,0.0,1,2.79,1.0,1.0,260.77,3.0,2.0,1,1,2.0,2.4849066497880004,6.6684696424053245,0.016128416794922346,0,0.0
2438,대조,0,7.0,24.0,430.34000000000003,46292.0,0.0,0.0,0.0,0.0,0,0.0,0.0,0.0,112.87,4.0,7.0,0,1,7.0,3.2188758248682006,6.066896642223835,0.0,0,0.0
2439,대조,0,13.0,13.0,125.02,76.0,0.0,0.0,0.0,0.0,0,0.0,0.0,0.0,48.06,2.0,13.0,0,1,13.0,2.6390573296152584,4.8364406245139095,0.0,0,0.0
2440,대조,0,2.0,14.0,176.78,70.0,0.0,0.0,0.0,0.0,0,0.0,0.0,0.0,69.43,6.0,2.0,0,1,2.0,2.70805020110221,5.180546830813529,0.0,0,0.0
2447,대조,0,8.0,24.0,1764.69,545.0,0.0,0.0,0.0,0.0,1,0.0,0.0,0.0,96.41000000000001,3.0,8.0,0,1,8.0,3.2188758248682006,7.476296827816474,0.0,0,0.0
2450,대조,0,14.0,10.0,318.57,32561.0,3.0,5.890000000000001,0.0,0.0,0,0.0,0.0,0.0,38.46,2.0,14.0,0,1,14.0,2.3978952727983707,5.766976342152138,0.018488872147408734,0,0.0
2455,대조,0,4.0,12.0,702.54,286.0,3.0,12.18,0.0,0.0,1,0.0,0.0,0.0,293.39,4.0,4.0,0,1,4.0,2.5649493574615367,6.5561247335023785,0.017337091126483902,0,0.0
2456,대조,0,14.0,13.0,234.52,129.0,0.0,0.0,0.0,0.0,0,0.0,0.0,0.0,61.68,2.0,14.0,0,1,14.0,2.6390573296152584,5.461795835540512,0.0,0,0.0
2466,대조,0,7.0,23.0,517.36,256.0,4.0,7.96,0.0,0.0,0,0.0,0.0,0.0,49.34,3.0,7.0,0,1,7.0,3.1780538303479458,6.2506699815672135,0.015385804855419823,0,0.0
2467,대조,0,4.0,55.0,1629.7,961.0,1.0,3.74,0.0,0.0,1,5.0,5.0,4.0,714.47,25.0,4.0,1,1,4.0,4.02535169073515,7.396764649467231,0.0022949009020065045,0,0.0
2468,대조,0,5.0,8.0,164.74,81.0,0.0,0.0,0.0,0.0,0,9.98,2.0,2.0,345.09,14.0,5.0,1,1,5.0,2.1972245773362196,5.110420295420896,0.0,0,0.0
2470,대조,0,5.0,10.0,57.35,23.0,0.0,0.0,0.0,0.0,0,0.0,0.0,0.0,34.22,3.0,5.0,0,1,5.0,2.3978952727983707,4.066459358732565,0.0,0,0.0
2472,대조,0,36.0,3.0,21.1,9.0,0.0,0.0,0.0,0.0,0,0.0,0.0,0.0,9.99,1.0,36.0,0,1,36.0,1.3862943611198906,3.095577608523707,0.0,0,0.0
2474,대조,0,11.0,7.0,67.53,55.0,0.0,0.0,0.0,1.0,0,0.0,0.0,0.0,20.69,2.0,11.0,0,1,11.0,2.0794415416798357,4.227271605597732,0.0,0,1.0
2475,대조,0,13.0,16.0,768.95,305.0,2.0,4.5,0.0,0.0,0,6.6899999999999995,4.0,3.0,418.09000000000003,8.0,13.0,1,1,13.0,2.833213344056216,6.646325577674422,0.0058521360296508226,0,0.0
2478,대조,0,5.0,28.0,596.84,348.0,2.0,3.5,0.0,1.0,0,0.0,0.0,0.0,153.72,7.0,5.0,0,1,5.0,3.367295829986474,6.393323159622034,0.005864218215937269,0,1.0
2479,대조,0,1.0,20.0,2096.85,33137.0,11.0,34.980000000000004,0.0,0.0,1,11.5,6.0,4.0,619.79,5.0,1.0,1,1,1.0,3.044522437723423,7.6486682897367455,0.016682166106302312,0,0.0
2482,대조,0,10.0,14.0,372.97,235.0,0.0,0.0,0.0,1.0,0,0.0,0.0,0.0,10.98,2.0,10.0,0,1,10.0,2.70805020110221,5.924175580293482,0.0,0,1.0
2483,대조,0,3.0,3.0,31.2,24.0,0.0,0.0,0.0,0.0,1,0.0,0.0,0.0,43.88,5.0,3.0,0,1,3.0,1.3862943611198906,3.4719664525503626,0.0,0,0.0
2484,대조,0,4.0,17.0,968.42,50620.0,1.0,2.79,0.0,0.0,0,0.0,0.0,0.0,218.32,9.0,4.0,0,1,4.0,2.8903717578961645,6.876697954516794,0.0028809813923710787,0,0.0
2485,대조,0,22.0,19.0,534.92,16180.0,4.0,10.49,0.0,0.0,0,4.99,1.0,1.0,66.55,3.0,22.0,1,1,22.0,2.995732273553991,6.283984896200012,0.019610409033126452,0,0.0
2486,대조,0,18.0,8.0,354.46,12629.0,0.0,0.0,0.0,0.0,1,0.0,0.0,0.0,396.46,5.0,18.0,0,1,18.0,2.1972245773362196,5.873412725331845,0.0,0,0.0
2488,대조,0,1.0,18.0,1029.82,41355.0,5.0,18.98,2.0,1.0,1,15.86,4.0,4.0,293.1,3.0,1.0,1,1,1.0,2.9444389791664403,6.938109880995884,0.018430405313549943,1,1.0
2492,대조,0,41.0,2.0,59.22,39.0,0.0,0.0,0.0,1.0,0,1.5,1.0,1.0,55.14,1.0,41.0,1,1,41.0,1.0986122886681098,4.0980045230535875,0.0,0,1.0
2494,대조,0,10.0,9.0,698.14,26030.0,4.0,11.34,0.0,0.0,1,0.0,0.0,0.0,0.0,0.0,10.0,0,0,10.0,2.302585092994046,6.549851008302255,0.016243160397627982,0,0.0
2496,대조,0,3.0,7.0,534.41,9454.0,5.0,12.48,0.0,0.0,1,2.19,1.0,1.0,131.49,3.0,3.0,1,1,3.0,2.0794415416798357,6.283032808536033,0.023352856421099907,0,0.0
2497,대조,0,1.0,28.0,1028.96,522.0,1.0,5.0,0.0,0.0,1,2.19,1.0,1.0,341.13,13.0,1.0,1,1,1.0,3.367295829986474,6.937275245518129,0.0048592753848546106,0,0.0
2498,대조,0,5.0,47.0,704.3,20128.0,10.0,37.29,0.0,0.0,1,1.5,1.0,1.0,153.89000000000001,12.0,5.0,1,1,5.0,3.871201010907891,6.558623244214133,0.052946187704103365,0,0.0
2499,대조,0,19.0,11.0,321.69,24102.0,1.0,2.99,0.0,0.0,1,0.0,0.0,0.0,13.780000000000001,1.0,19.0,0,1,19.0,2.4849066497880004,5.776692110043519,0.009294662563337375,0,0.0
2500,대조,0,4.0,9.0,619.13,258.0,2.0,4.99,0.0,0.0,0,1.5,1.0,1.0,260.83,6.0,4.0,1,1,4.0,2.302585092994046,6.429929133479254,0.008059696671135303,0,0.0
