household_key,group,treatment,recency_days,pre_baskets,pre_sales,pre_quantity,pre_target_purchase_count,pre_target_sales,pre_coupon_redemptions,pre_campaign_count_raw,has_demographic,target_sales,target_quantity,target_purchase_count,total_sales,baskets,recency_days_filled,target_purchase,any_purchase,pre_recency_capped,log_pre_baskets,log_pre_sales,pre_target_share,pre_coupon_user,pre_campaign_count_c,p_score,logit_p,in_support
2,대조,0,24.0,7.0,330.69,142.0,1.0,2.69,0.0,1.0,0,0.0,0.0,0.0,130.89000000000001,1.0,24.0,0,1,24.0,2.0794415416798357,5.804200797774708,0.008134506637636457,0,1.0,0.014192941134450143,-4.240715916988217,True
3,대조,0,6.0,3.0,75.5,59.0,0.0,0.0,0.0,3.0,0,0.0,0.0,0.0,22.53,1.0,6.0,0,1,6.0,1.3862943611198906,4.33729074083249,0.0,0,3.0,0.0021988067146135257,-6.117639240580173,False
4,대조,0,19.0,4.0,141.93,52.0,0.0,0.0,0.0,1.0,0,0.0,0.0,0.0,0.0,0.0,19.0,0,0,19.0,1.6094379124341003,4.962354999921024,0.0,0,1.0,0.0038198530032185845,-5.563716170662955,False
6,대조,0,5.0,35.0,715.74,320.0,1.0,3.14,0.0,4.0,0,0.0,0.0,0.0,293.01,17.0,5.0,0,1,5.0,3.58351893845611,6.574713152800089,0.004387067929695141,0,4.0,0.05393191813871552,-2.8645920586936056,True
7,대조,0,2.0,12.0,510.22,263.0,6.0,15.68,0.0,4.0,1,19.86,7.0,7.0,491.67,6.0,2.0,1,1,2.0,2.5649493574615367,6.236800025928689,0.030731841166555602,0,4.0,0.09174730491623813,-2.292484526140523,True
16,대조,0,18.0,4.0,48.160000000000004,22.0,0.0,0.0,0.0,2.0,1,0.0,0.0,0.0,11.44,3.0,18.0,0,1,18.0,1.6094379124341003,3.8950802846978343,0.0,0,2.0,0.0020812596874178048,-6.172698521113041,False
17,대조,0,6.0,9.0,562.13,264.0,0.0,0.0,0.0,5.0,1,0.0,0.0,0.0,48.55,1.0,6.0,0,1,6.0,2.302585092994046,6.3335105073464915,0.0,0,5.0,0.0721291354748931,-2.5544345077053716,True
23,대조,0,1.0,13.0,280.06,88.0,0.0,0.0,0.0,3.0,0,0.0,0.0,0.0,124.71000000000001,7.0,1.0,0,1,1.0,2.6390573296152584,5.638568169672599,0.0,0,3.0,0.011541954433173233,-4.450157590821095,False
25,대조,0,1.0,14.0,486.97,191.0,7.0,7.76,0.0,4.0,1,0.0,0.0,0.0,184.91,10.0,1.0,0,1,1.0,2.70805020110221,6.190253928553621,0.015935273220116227,0,4.0,0.06561803154724048,-2.656034785100255,True
26,대조,0,5.0,14.0,149.39000000000001,104.0,0.0,0.0,0.0,1.0,0,0.0,0.0,0.0,133.4,7.0,5.0,0,1,5.0,2.70805020110221,5.013231919943522,0.0,0,1.0,0.0036635246915720184,-5.605659312667848,False
27,대조,0,5.0,66.0,904.55,537.0,0.0,0.0,0.0,7.0,1,1.0,1.0,1.0,423.42,37.0,5.0,1,1,5.0,4.204692619390966,6.808542493910545,0.0,0,6.0,0.16063262293767885,-1.6535285730520932,True
28,대조,0,5.0,18.0,333.11,125.0,0.0,0.0,0.0,4.0,0,2.67,1.0,1.0,148.72,6.0,5.0,1,1,5.0,2.9444389791664403,5.811470280073118,0.0,0,4.0,0.018684479360591772,-3.961200840974747,True
29,대조,0,12.0,4.0,56.56,30.0,0.0,0.0,0.0,5.0,0,0.0,0.0,0.0,45.92,5.0,12.0,0,1,12.0,1.6094379124341003,4.052827882019167,0.0,0,5.0,0.0025024447807583594,-5.987981531520223,False
32,대조,0,5.0,14.0,508.82,231.0,1.0,2.5,0.0,6.0,0,1.89,1.0,1.0,134.17000000000002,4.0,5.0,1,1,5.0,2.70805020110221,6.234057722243505,0.0049133288785818165,0,6.0,0.050873880609545556,-2.9261920461648065,True
36,대조,0,4.0,37.0,968.72,432.0,9.0,60.92,0.0,3.0,0,51.86,25.0,8.0,465.77,18.0,4.0,1,1,4.0,3.6375861597263857,6.877007370033357,0.06288710876207779,0,3.0,0.18147021001106145,-1.5064182839181366,True
37,대조,0,18.0,13.0,452.46999999999997,10152.0,2.0,3.0,0.0,2.0,0,0.0,0.0,0.0,261.41,6.0,18.0,0,1,18.0,2.6390573296152584,6.116929115217096,0.006630273830309192,0,2.0,0.023920129833086397,-3.708824060379954,True
38,대조,0,,0.0,0.0,0.0,0.0,0.0,0.0,1.0,0,0.0,0.0,0.0,0.0,0.0,90.0,0,0,90.0,0.0,0.0,0.0,0,1.0,1.457237242128024e-05,-11.136368549345034,False
39,처치,1,2.0,14.0,717.23,306.0,5.0,10.0,0.0,4.0,1,0.0,0.0,0.0,324.0,3.0,2.0,0,1,2.0,2.70805020110221,6.576789852013997,0.013942528895891136,0,4.0,0.10049807270527443,-2.1917026457639235,True
41,대조,0,1.0,12.0,576.44,232.0,13.0,31.07,0.0,1.0,0,46.99,29.0,17.0,249.58,5.0,1.0,1,1,1.0,2.5649493574615367,6.358604540894478,0.05389979876483242,0,1.0,0.054564715521410595,-2.852258001958617,True
42,대조,0,6.0,10.0,213.8,168.0,3.0,5.37,0.0,3.0,1,20.65,11.0,9.0,194.99,8.0,6.0,1,1,6.0,2.3978952727983707,5.36970736263471,0.02511693171188026,0,3.0,0.024645540966550642,-3.678204962383467,True
43,대조,0,4.0,3.0,13.59,10.0,0.0,0.0,0.0,5.0,1,0.0,0.0,0.0,24.15,5.0,4.0,0,1,4.0,1.3862943611198906,2.6803363625346943,0.0,0,5.0,0.0006847466428754514,-7.285776671345228,False
45,대조,0,59.0,1.0,6.5,4.0,0.0,0.0,0.0,1.0,0,0.0,0.0,0.0,0.0,0.0,59.0,0,0,59.0,0.6931471805599453,2.0149030205422647,0.0,0,1.0,0.0001367434453076109,-8.897267296952442,False
47,대조,0,14.0,12.0,197.23,73.0,0.0,0.0,0.0,3.0,0,0.0,0.0,0.0,101.53,6.0,14.0,0,1,14.0,2.5649493574615367,5.28942797270212,0.0,0,3.0,0.008618075064144045,-4.7452381042481555,False
48,대조,0,7.0,6.0,137.28,44.0,0.0,0.0,0.0,2.0,1,0.0,0.0,0.0,71.04,1.0,7.0,0,1,7.0,1.9459101490553132,4.929280615053424,0.0,0,2.0,0.00692108835170883,-4.966237095290056,False
51,대조,0,18.0,11.0,395.28000000000003,132.0,1.0,2.38,0.0,4.0,0,0.0,0.0,0.0,50.85,1.0,18.0,0,1,18.0,2.4849066497880004,5.982121032104829,0.006021048370775146,0,4.0,0.029536955611645856,-3.4921311110144932,True
55,대조,0,2.0,20.0,148.8,55.0,0.0,0.0,0.0,4.0,1,0.0,0.0,0.0,85.48,10.0,2.0,0,1,2.0,3.044522437723423,5.00930107108312,0.0,0,4.0,0.011485922646624402,-4.455080715795273,False
56,처치,1,4.0,30.0,974.57,405.0,2.0,6.890000000000001,0.0,1.0,1,3.99,2.0,2.0,547.02,14.0,4.0,1,1,4.0,3.4339872044851463,6.883021915561462,0.007069784622961922,0,1.0,0.07644520595603854,-2.491655908717419,True
57,대조,0,1.0,39.0,546.9300000000001,30549.0,0.0,0.0,0.0,4.0,1,0.0,0.0,0.0,214.22,14.0,1.0,0,1,1.0,3.6888794541139363,6.306147541562644,0.0,0,4.0,0.058492376172447895,-2.778586021690985,True
64,대조,0,1.0,71.0,937.78,539.0,1.0,2.0,0.0,4.0,0,1.54,2.0,2.0,399.25,25.0,1.0,1,1,1.0,4.276666119016055,6.8445811599578645,0.0021326963680180855,0,4.0,0.07068013614338066,-2.5762884157657466,True
65,대조,0,2.0,29.0,479.77,154.0,1.0,3.89,0.0,6.0,0,0.0,0.0,0.0,49.69,4.0,2.0,0,1,2.0,3.4011973816621555,6.17538898526763,0.008108051774808764,0,6.0,0.050475860757495786,-2.934465735840179,True
69,대조,0,1.0,43.0,873.14,515.0,1.0,2.5,0.0,7.0,0,3.0,1.0,1.0,230.81,10.0,1.0,1,1,1.0,3.784189633918261,6.77324054589396,0.0028632292644936667,0,6.0,0.093662586449111,-2.2697128391739803,True
71,대조,0,18.0,8.0,114.11,56.0,0.0,0.0,0.0,2.0,1,1.19,1.0,1.0,259.96,7.0,18.0,1,1,18.0,2.1972245773362196,4.74588819292697,0.0,0,2.0,0.006329682052914467,-5.056155473268719,False
73,대조,0,,0.0,0.0,0.0,0.0,0.0,0.0,4.0,0,0.0,0.0,0.0,115.32,4.0,90.0,0,1,90.0,0.0,0.0,0.0,0,4.0,2.692304748234756e-05,-10.52250093104584,False
74,대조,0,4.0,10.0,147.91,107.0,0.0,0.0,0.0,5.0,1,0.0,0.0,0.0,39.81,2.0,4.0,0,1,4.0,2.3978952727983707,5.003342096602114,0.0,0,5.0,0.013800405793603586,-4.269160765253601,True
77,대조,0,4.0,9.0,845.33,406.0,0.0,0.0,1.0,2.0,1,18.12,11.0,9.0,569.89,7.0,4.0,1,1,4.0,2.302585092994046,6.740909354470325,0.0,1,2.0,0.06066567473075687,-2.739793412106769,True
78,대조,0,5.0,43.0,561.3,378.0,33.0,76.13,0.0,5.0,1,35.230000000000004,32.0,17.0,238.34,15.0,5.0,1,1,5.0,3.784189633918261,6.332035515298156,0.1356315695706396,0,5.0,0.5651171575147024,0.26195640089027233,True
79,대조,0,4.0,15.0,369.65000000000003,30371.0,0.0,0.0,1.0,1.0,0,6.5,3.0,3.0,382.8,9.0,4.0,1,1,4.0,2.772588722239781,5.915258221102729,0.0,1,1.0,0.010654060263589735,-4.531102992951792,False
80,대조,0,5.0,16.0,685.06,26865.0,2.0,3.0,1.0,2.0,1,0.0,0.0,0.0,136.04,7.0,5.0,0,1,5.0,2.833213344056216,6.530965087458022,0.004379178466119757,1,2.0,0.053237933838570166,-2.878276627191697,True
81,대조,0,12.0,12.0,246.76,110.0,0.0,0.0,0.0,4.0,0,0.0,0.0,0.0,41.269999999999996,4.0,12.0,0,1,12.0,2.5649493574615367,5.512460535664947,0.0,0,4.0,0.013654632694670958,-4.279927708771104,True
83,대조,0,1.0,20.0,174.19,64.0,1.0,2.5,0.0,1.0,0,0.0,0.0,0.0,15.56,3.0,1.0,0,1,1.0,3.044522437723423,5.165871099247731,0.014352144210345025,0,1.0,0.005770026557878801,-5.149291858247022,False
86,대조,0,11.0,4.0,591.59,204.0,2.0,19.490000000000002,0.0,2.0,1,0.0,0.0,0.0,147.38,3.0,11.0,0,1,11.0,1.6094379124341003,6.384502760208019,0.03294511401477375,0,2.0,0.08216726943887463,-2.413258122542569,True
91,대조,0,4.0,46.0,707.2,82235.0,3.0,7.08,0.0,2.0,0,0.0,0.0,0.0,182.85999999999999,12.0,4.0,0,1,4.0,3.8501476017100584,6.562726539677803,0.01001131221719457,0,2.0,0.04021102674337612,-3.1725721856623665,True
92,대조,0,9.0,10.0,436.24,242.0,1.0,2.99,0.0,1.0,0,1.0,1.0,1.0,102.54,3.0,9.0,1,1,9.0,2.3978952727983707,6.080482243425635,0.006854025307170365,0,1.0,0.016707311940858033,-4.07506036126598,True
93,대조,0,,0.0,0.0,0.0,0.0,0.0,0.0,12.0,0,0.0,0.0,0.0,0.0,0.0,90.0,0,0,90.0,0.0,0.0,0.0,0,6.0,4.053696070763649e-05,-10.11325585217971,False
96,대조,0,,0.0,0.0,0.0,0.0,0.0,0.0,2.0,0,0.0,0.0,0.0,0.0,0.0,90.0,0,0,90.0,0.0,0.0,0.0,0,2.0,1.788114251494266e-05,-10.931746009911969,False
98,대조,0,1.0,79.0,1144.74,781.0,10.0,41.230000000000004,0.0,2.0,1,0.0,0.0,0.0,247.25,28.0,1.0,0,1,1.0,4.382026634673881,7.043805995443661,0.03601691213725388,0,2.0,0.18549691330346377,-1.479539975682056,True
99,처치,1,1.0,26.0,933.81,500.0,2.0,3.0,2.0,3.0,0,2.0,2.0,2.0,204.89,6.0,1.0,1,1,1.0,3.295836866004329,6.840343300082881,0.0032126449706042985,1,3.0,0.0529254498924114,-2.884493494932165,True
103,대조,0,12.0,5.0,47.24,17.0,0.0,0.0,0.0,1.0,0,0.0,0.0,0.0,29.73,5.0,12.0,0,1,12.0,1.791759469228055,3.87618855241893,0.0,0,1.0,0.0008913378716682544,-7.021895262009162,False
105,대조,0,6.0,19.0,361.38,202.0,1.0,1.5,8.0,8.0,1,6.0,4.0,4.0,345.05,20.0,6.0,1,1,6.0,2.995732273553991,5.892693385007961,0.004150755437489623,1,6.0,0.05428473741297894,-2.8576984243430745,True
108,대조,0,1.0,10.0,406.76,15007.0,1.0,2.0,0.0,4.0,0,1.89,1.0,1.0,46.36,2.0,1.0,1,1,1.0,2.3978952727983707,6.010678766031786,0.0049169043170419905,0,4.0,0.02449895519377035,-3.68432075962035,True
109,대조,0,15.0,14.0,420.63,171.0,6.0,19.060000000000002,0.0,4.0,1,11.97,3.0,2.0,253.77,5.0,15.0,1,1,15.0,2.70805020110221,6.044128152190834,0.0453129829065925,0,4.0,0.11098950692759894,-2.080673374015202,True
110,대조,0,11.0,32.0,602.48,38482.0,0.0,0.0,0.0,4.0,1,0.0,0.0,0.0,168.01,10.0,11.0,0,1,11.0,3.4965075614664802,6.402712899971874,0.0,0,4.0,0.0726106571959469,-2.5472617760238765,True
111,대조,0,27.0,3.0,81.25,32.0,3.0,5.5,0.0,1.0,0,2.75,1.0,1.0,79.07,4.0,27.0,1,1,27.0,1.3862943611198906,4.409763389645481,0.06769230769230769,0,1.0,0.008059215819746453,-4.812847153186619,False
112,대조,0,4.0,14.0,225.94,37339.0,1.0,3.49,0.0,1.0,0,0.0,0.0,0.0,88.86,7.0,4.0,0,1,4.0,2.70805020110221,5.424685665362843,0.01544657873771798,0,1.0,0.008329185646228298,-4.779625522001941,False
114,대조,0,10.0,11.0,258.42,79.0,0.0,0.0,0.0,4.0,1,0.0,0.0,0.0,382.22,4.0,10.0,0,1,10.0,2.4849066497880004,5.558448369912527,0.0,0,4.0,0.0243604237955179,-3.690133391655126,True
116,대조,0,13.0,9.0,66.82,53.0,0.0,0.0,0.0,2.0,0,0.0,0.0,0.0,26.71,4.0,13.0,0,1,13.0,2.302585092994046,4.2168571366974925,0.0,0,2.0,0.001755023546489681,-6.343516439946499,False
118,대조,0,2.0,10.0,702.45,18502.0,15.0,43.93,0.0,5.0,1,54.96,24.0,16.0,343.19,6.0,2.0,1,1,2.0,2.3978952727983707,6.555996800823222,0.062538258950815,0,5.0,0.2602132775585891,-1.0448603386828605,True
119,대조,0,9.0,11.0,666.94,185.0,1.0,3.89,0.0,2.0,1,0.0,0.0,0.0,244.22,8.0,9.0,0,1,9.0,2.4849066497880004,6.504198349143274,0.005832608630461511,0,2.0,0.05803089548204583,-2.7869969268395316,True
121,대조,0,7.0,12.0,180.84,14737.0,0.0,0.0,0.0,3.0,1,0.0,0.0,0.0,84.56,3.0,7.0,0,1,7.0,2.5649493574615367,5.203127179544288,0.0,0,3.0,0.012381486010907345,-4.379094210496056,True
122,대조,0,15.0,11.0,130.94,58.0,0.0,0.0,0.0,5.0,0,0.0,0.0,0.0,42.63,3.0,15.0,0,1,15.0,2.4849066497880004,4.882347273794725,0.0,0,5.0,0.007786616660900287,-4.847531741027893,False
123,대조,0,7.0,18.0,307.43,135.0,0.0,0.0,0.0,3.0,1,5.4399999999999995,2.0,2.0,118.09,9.0,7.0,1,1,7.0,2.9444389791664403,5.731494913222737,0.0,0,3.0,0.024484607570470645,-3.684921281272714,True
131,대조,0,4.0,31.0,725.32,352.0,37.0,91.42,0.0,7.0,1,40.0,14.0,13.0,260.75,11.0,4.0,1,1,4.0,3.4657359027997265,6.587990689063502,0.12604091986985055,0,6.0,0.6386423782010807,0.5694765291098997,False
132,대조,0,8.0,4.0,161.98,88.0,1.0,5.99,0.0,6.0,0,13.98,4.0,4.0,238.48,4.0,8.0,1,1,8.0,1.6094379124341003,5.093627493892074,0.03697987405852575,0,6.0,0.022893762237475038,-3.753730902806728,True
133,대조,0,6.0,11.0,550.73,251.0,0.0,0.0,0.0,4.0,1,0.0,0.0,0.0,194.88,3.0,6.0,0,1,6.0,2.4849066497880004,6.313058796178999,0.0,0,4.0,0.05867250645746659,-2.7753198628773,True
137,대조,0,20.0,3.0,43.730000000000004,25.0,0.0,0.0,0.0,1.0,0,0.0,0.0,0.0,0.0,0.0,20.0,0,0,20.0,1.3862943611198906,3.8006444174447567,0.0,0,1.0,0.0008708092432059017,-7.0452164254283485,False
138,대조,0,6.0,18.0,860.6800000000001,374.0,6.0,18.09,0.0,2.0,0,0.0,0.0,0.0,137.05,6.0,6.0,0,1,6.0,2.9444389791664403,6.758883972042515,0.02101826462796858,0,2.0,0.06155481917159936,-2.724296296419831,True
139,대조,0,5.0,14.0,525.33,24413.0,7.0,28.78,5.0,2.0,1,2.77,1.0,1.0,291.33,5.0,5.0,1,1,5.0,2.70805020110221,6.265928392445249,0.054784611577484627,1,2.0,0.09967471921351549,-2.20084404487952,True
140,대조,0,22.0,7.0,55.769999999999996,22.0,0.0,0.0,0.0,3.0,0,0.0,0.0,0.0,16.650000000000002,1.0,22.0,0,1,22.0,2.0794415416798357,4.039008017182635,0.0,0,3.0,0.00188677559990968,-6.270997380830838,False
142,대조,0,5.0,13.0,203.93,96.0,0.0,0.0,0.0,7.0,0,0.0,0.0,0.0,174.74,12.0,5.0,0,1,5.0,2.6390573296152584,5.322668457411868,0.0,0,6.0,0.014895525605427055,-4.191686828006677,True
144,대조,0,42.0,2.0,68.2,33.0,0.0,0.0,0.0,4.0,0,2.5,1.0,1.0,38.58,1.0,42.0,1,1,42.0,1.0986122886681098,4.237000862623624,0.0,0,4.0,0.00357710170510148,-5.6296188712050705,False
145,대조,0,29.0,6.0,180.84,61.0,0.0,0.0,0.0,1.0,0,0.0,0.0,0.0,72.06,3.0,29.0,0,1,29.0,1.9459101490553132,5.203127179544288,0.0,0,1.0,0.005940308960776484,-5.120036110580243,False
151,대조,0,9.0,4.0,155.61,64.0,0.0,0.0,0.0,1.0,0,0.0,0.0,0.0,47.18,2.0,9.0,0,1,9.0,1.6094379124341003,5.053758638478342,0.0,0,1.0,0.0038122694705362463,-5.565711050930214,False
155,대조,0,18.0,5.0,121.11,60.0,0.0,0.0,0.0,2.0,1,0.0,0.0,0.0,25.310000000000002,1.0,18.0,0,1,18.0,1.791759469228055,4.8049222778449305,0.0,0,2.0,0.006674868401094944,-5.00270854511743,False
157,대조,0,23.0,15.0,260.12,101.0,3.0,8.67,0.0,5.0,1,0.0,0.0,0.0,167.57,5.0,23.0,0,1,23.0,2.772588722239781,5.564980071775742,0.03333077041365524,0,5.0,0.06712619321966035,-2.6316956076176172,True
158,대조,0,6.0,23.0,155.35,61.0,0.0,0.0,0.0,4.0,1,0.0,0.0,0.0,91.1,11.0,6.0,0,1,6.0,3.1780538303479458,5.05209708390385,0.0,0,4.0,0.012794006532789974,-4.3459019026696035,True
160,대조,0,5.0,12.0,264.87,12377.0,1.0,3.49,0.0,1.0,0,5.29,2.0,2.0,121.26,5.0,5.0,1,1,5.0,2.5649493574615367,5.583007467513762,0.013176275153849058,0,1.0,0.009760235160096949,-4.619630606106175,False
161,처치,1,1.0,76.0,1700.19,801.0,8.0,31.35,0.0,2.0,1,2.69,1.0,1.0,709.39,31.0,1.0,1,1,1.0,4.343805421853684,7.43908328515858,0.018439115628253313,0,2.0,0.20849682299742217,-1.3340100895136007,True
162,대조,0,6.0,12.0,488.02,182.0,1.0,2.0,0.0,4.0,0,0.0,0.0,0.0,316.27,6.0,6.0,0,1,6.0,2.5649493574615367,6.192403388433999,0.0040981926970206145,0,4.0,0.03226637364466896,-3.400931245709867,True
165,대조,0,1.0,31.0,408.94,56196.0,1.0,2.67,0.0,7.0,1,2.66,1.0,1.0,22.04,2.0,1.0,1,1,1.0,3.4657359027997265,6.016010807525982,0.006529075169951582,0,6.0,0.06793055497325584,-2.6189213907896765,True
166,대조,0,1.0,19.0,608.49,236.0,0.0,0.0,0.0,2.0,1,3.79,1.0,1.0,226.77,6.0,1.0,1,1,1.0,2.995732273553991,6.412622541895837,0.0,0,2.0,0.04354749875428576,-3.0893788609664727,True
179,대조,0,,0.0,0.0,0.0,0.0,0.0,0.0,1.0,0,0.0,0.0,0.0,0.0,0.0,90.0,0,0,90.0,0.0,0.0,0.0,0,1.0,1.457237242128024e-05,-11.136368549345034,False
180,대조,0,11.0,6.0,166.1,82.0,0.0,0.0,0.0,2.0,0,0.0,0.0,0.0,7.99,2.0,11.0,0,1,11.0,1.9459101490553132,5.118592435601348,0.0,0,2.0,0.005290216446702988,-5.236591858558306,False
181,대조,0,54.0,4.0,173.48,8619.0,0.0,0.0,0.0,2.0,0,0.0,0.0,0.0,0.0,0.0,54.0,0,0,54.0,1.6094379124341003,5.161810121893374,0.0,0,2.0,0.009104449375246328,-4.689845894454164,False
183,대조,0,7.0,9.0,38.34,25.0,0.0,0.0,0.0,5.0,0,0.0,0.0,0.0,19.85,3.0,7.0,0,1,7.0,2.302585092994046,3.672241812960913,0.0,0,5.0,0.001508338999288755,-6.495236756383159,False
184,대조,0,1.0,56.0,1302.83,110529.0,1.0,2.88,0.0,5.0,1,0.0,0.0,0.0,529.15,18.0,1.0,0,1,1.0,4.04305126783455,7.1730613658897795,0.0022105723693805024,0,5.0,0.197081744353833,-1.4046343214374808,True
185,대조,0,6.0,7.0,148.9,9819.0,1.0,2.0,0.0,1.0,0,0.0,0.0,0.0,335.06,5.0,6.0,0,1,6.0,2.0794415416798357,5.009968405108552,0.013431833445265278,0,1.0,0.004681535730345501,-5.359436546930806,False
187,대조,0,16.0,4.0,33.480000000000004,14.0,0.0,0.0,0.0,2.0,0,0.0,0.0,0.0,27.4,5.0,16.0,0,1,16.0,1.6094379124341003,3.5403794457954922,0.0,0,2.0,0.0007401829326536745,-7.207872739024459,False
188,대조,0,25.0,3.0,7.18,8.0,0.0,0.0,0.0,2.0,0,0.0,0.0,0.0,13.34,3.0,25.0,0,1,25.0,1.3862943611198906,2.1016921506146558,0.0,0,2.0,0.00013001654709938736,-8.947718805228902,False
193,대조,0,2.0,16.0,494.45,54693.0,1.0,2.0,0.0,5.0,1,0.0,0.0,0.0,77.05,6.0,2.0,0,1,2.0,2.833213344056216,6.2054664405049085,0.0040448983719284055,0,5.0,0.06570999640499668,-2.654535820189584,True
194,대조,0,4.0,5.0,137.37,52.0,0.0,0.0,0.0,1.0,0,4.0,2.0,1.0,159.74,6.0,4.0,1,1,4.0,1.791759469228055,4.929931256681293,0.0,0,1.0,0.003100564613929642,-5.773065669226328,False
195,대조,0,22.0,6.0,258.98,28064.0,0.0,0.0,0.0,2.0,0,7.0,7.0,3.0,222.11,4.0,22.0,1,1,22.0,1.9459101490553132,5.560604704979873,0.0,0,2.0,0.01053393616532716,-4.54256340700564,False
200,대조,0,7.0,34.0,555.01,241.0,3.0,3.28,0.0,1.0,0,0.77,1.0,1.0,23.77,4.0,7.0,1,1,7.0,3.5553480614894135,6.320786279700354,0.00590980342696528,0,1.0,0.022995775667728514,-3.749180443372757,True
205,대조,0,6.0,20.0,750.46,259.0,0.0,0.0,0.0,4.0,0,5.79,1.0,1.0,463.48,10.0,6.0,1,1,6.0,3.044522437723423,6.622017980896854,0.0,0,4.0,0.051641956818756815,-2.9103976549016632,True
211,대조,0,7.0,17.0,217.72,132.0,2.0,7.88,0.0,2.0,1,0.0,0.0,0.0,91.45,9.0,7.0,0,1,7.0,2.8903717578961645,5.38779237297564,0.036193275767040234,0,2.0,0.026680231690115293,-3.596789764782153,True
212,대조,0,1.0,13.0,430.01,13887.0,1.0,2.67,0.0,5.0,1,0.0,0.0,0.0,75.28,3.0,1.0,0,1,1.0,2.6390573296152584,6.066131291690738,0.006209157926559848,0,5.0,0.05675255629599589,-2.810627948536541,True
214,대조,0,4.0,14.0,524.91,232.0,6.0,23.22,0.0,4.0,1,5.79,1.0,1.0,128.27,5.0,4.0,1,1,4.0,2.70805020110221,6.265130095436382,0.04423615476938904,0,4.0,0.1244330991639935,-1.9511033478746527,True
215,대조,0,10.0,31.0,375.68,22402.0,3.0,4.67,0.0,1.0,0,3.49,4.0,4.0,85.74,8.0,10.0,1,1,10.0,3.4657359027997265,5.931396020641863,0.01243079216354344,0,1.0,0.016581722226383787,-4.082733523072365,True
216,대조,0,2.0,27.0,610.44,167.0,5.0,14.36,0.0,2.0,1,0.0,0.0,0.0,80.15,5.0,2.0,0,1,2.0,3.332204510175204,6.415816830934629,0.02352401546425529,0,2.0,0.0705473334562944,-2.578312001221445,True
218,대조,0,5.0,20.0,1260.1200000000001,140682.0,1.0,3.79,0.0,4.0,1,20.0,20.0,6.0,559.13,9.0,5.0,1,1,5.0,3.044522437723423,7.139755494006639,0.0030076500650731675,0,4.0,0.16220619055898125,-1.6419037122589777,True
219,처치,1,1.0,35.0,1639.99,20766.0,12.0,55.09,0.0,6.0,1,37.81,9.0,8.0,943.59,17.0,1.0,1,1,1.0,3.58351893845611,7.403054997226307,0.03359166824187953,0,6.0,0.42674895999732726,-0.2951278113169145,True
220,대조,0,10.0,8.0,339.14,9278.0,1.0,5.0,0.0,3.0,1,0.0,0.0,0.0,54.43,3.0,10.0,0,1,10.0,2.1972245773362196,5.829357297564267,0.014743173910479449,0,3.0,0.036762078258279485,-3.2658336126073975,True
221,대조,0,2.0,11.0,477.82,8598.0,7.0,13.0,0.0,3.0,1,0.0,0.0,0.0,213.62,5.0,2.0,0,1,2.0,2.4849066497880004,6.171324743905833,0.027206897995060902,0,3.0,0.06559651103301734,-2.656385836915225,True
222,대조,0,5.0,9.0,373.04,247.0,0.0,0.0,0.0,3.0,1,0.0,0.0,0.0,412.41,9.0,5.0,0,1,5.0,2.302585092994046,5.924362743567246,0.0,0,3.0,0.029390460019848814,-3.497254133308271,True
226,대조,0,10.0,2.0,10.45,9.0,0.0,0.0,0.0,1.0,0,3.08,4.0,4.0,107.81,3.0,10.0,1,1,10.0,1.0986122886681098,2.4379897300002487,0.0,0,1.0,0.00013409544456951917,-8.916824634216294,False
227,대조,0,1.0,32.0,271.14,9601.0,2.0,4.0,0.0,1.0,0,0.0,0.0,0.0,85.38,8.0,1.0,0,1,1.0,3.4965075614664802,5.606316639762713,0.014752526370140887,0,1.0,0.010402935978752716,-4.555209782284168,False
228,대조,0,11.0,12.0,181.36,2507.0,0.0,0.0,0.0,2.0,0,1.0,1.0,1.0,57.18,6.0,11.0,1,1,11.0,2.5649493574615367,5.205982755345241,0.0,0,2.0,0.006109215580014413,-5.091828943825565,False
235,대조,0,5.0,26.0,1771.29,80190.0,4.0,16.76,0.0,7.0,1,2.0,1.0,1.0,473.46,9.0,5.0,1,1,5.0,3.295836866004329,7.480027774659575,0.009462030497546986,0,6.0,0.3420096859719808,-0.6543511526777561,True
236,대조,0,8.0,4.0,85.38,27.0,0.0,0.0,0.0,2.0,0,0.0,0.0,0.0,119.94,4.0,8.0,0,1,8.0,1.6094379124341003,4.458756167532555,0.0,0,2.0,0.002168273450543994,-6.131653445474839,False
245,대조,0,8.0,9.0,481.79,44194.0,0.0,0.0,0.0,1.0,0,0.0,0.0,0.0,76.96000000000001,3.0,8.0,0,1,8.0,2.302585092994046,6.179581776498513,0.0,0,1.0,0.016227810277169245,-4.1046679015425,True
246,대조,0,14.0,3.0,23.95,13.0,0.0,0.0,0.0,2.0,0,0.0,0.0,0.0,49.73,3.0,14.0,0,1,14.0,1.3862943611198906,3.2168738221975275,0.0,0,2.0,0.000472920516361369,-7.656110192733665,False
249,대조,0,4.0,38.0,968.84,597.0,1.0,1.76,0.0,3.0,1,0.0,0.0,0.0,13.469999999999999,2.0,4.0,0,1,4.0,3.6635616461296463,6.877131109438328,0.001816605425044383,0,3.0,0.10118858626863465,-2.184087272500081,True
251,대조,0,1.0,10.0,239.49,82.0,1.0,3.49,2.0,2.0,0,3.49,1.0,1.0,165.61,5.0,1.0,1,1,1.0,2.3978952727983707,5.482678508639762,0.01457263351288154,1,2.0,0.009581341379324265,-4.63831014033288,False
257,대조,0,2.0,20.0,510.4,249.0,0.0,0.0,0.0,3.0,1,0.0,0.0,0.0,117.82000000000001,5.0,2.0,0,1,2.0,3.044522437723423,6.237152062857086,0.0,0,3.0,0.043354438264427725,-3.094023878843709,True
258,대조,0,1.0,17.0,161.14,90.0,0.0,0.0,0.0,5.0,0,0.0,0.0,0.0,198.4,7.0,1.0,0,1,1.0,2.8903717578961645,5.088460159559561,0.0,0,5.0,0.008759262760174764,-4.728845686771367,False
261,대조,0,,0.0,0.0,0.0,0.0,0.0,0.0,1.0,0,0.0,0.0,0.0,66.64,1.0,90.0,0,1,90.0,0.0,0.0,0.0,0,1.0,1.457237242128024e-05,-11.136368549345034,False
263,처치,1,1.0,49.0,776.69,365.0,1.0,5.0,0.0,5.0,1,1.69,1.0,1.0,357.37,14.0,1.0,1,1,1.0,3.912023005428146,6.656327987189528,0.006437574836807477,0,5.0,0.12079967351363381,-1.9848791916388078,True
264,대조,0,18.0,5.0,172.6,77.0,5.0,13.5,0.0,1.0,1,0.0,0.0,0.0,27.020000000000003,1.0,18.0,0,1,18.0,1.791759469228055,5.15675380222625,0.07821552723059097,0,1.0,0.04020878639759048,-3.1726302361306793,True
265,대조,0,40.0,3.0,75.94,36.0,0.0,0.0,0.0,3.0,0,0.0,0.0,0.0,18.060000000000002,3.0,40.0,0,1,40.0,1.3862943611198906,4.343025897324149,0.0,0,3.0,0.0033107446989360636,-5.707265892984896,False
266,대조,0,13.0,7.0,392.4,13886.0,4.0,17.96,0.0,2.0,0,38.0,11.0,10.0,431.87,3.0,13.0,1,1,13.0,2.0794415416798357,5.974826905954958,0.045769622833843025,0,2.0,0.039705419041168165,-3.185752414401481,True
271,대조,0,5.0,3.0,59.589999999999996,7.0,0.0,0.0,0.0,4.0,0,28.83,10.0,6.0,530.97,3.0,5.0,1,1,5.0,1.3862943611198906,4.104129862956897,0.0,0,4.0,0.0019809740068311927,-6.222183693856975,False
273,대조,0,2.0,30.0,741.66,300.0,0.0,0.0,0.0,2.0,0,5.0,2.0,2.0,150.5,7.0,2.0,1,1,2.0,3.4339872044851463,6.610238335678092,0.0,0,2.0,0.03353310064686044,-3.361114020095585,True
275,대조,0,1.0,60.0,1239.74,54116.0,7.0,29.53,0.0,3.0,0,6.0,3.0,2.0,336.37,21.0,1.0,1,1,1.0,4.110873864173311,7.123463254793725,0.023819510542533114,0,3.0,0.11978633022441011,-1.9944551103633332,True
278,대조,0,18.0,6.0,67.34,17.0,0.0,0.0,0.0,3.0,0,0.0,0.0,0.0,151.87,13.0,18.0,0,1,18.0,1.9459101490553132,4.2244952466871455,0.0,0,3.0,0.0022623560897523654,-6.08908357206885,False
279,대조,0,1.0,10.0,378.15,38683.0,0.0,0.0,0.0,1.0,0,0.0,0.0,0.0,8.99,1.0,1.0,0,1,1.0,2.3978952727983707,5.937931905146945,0.0,0,1.0,0.011088937165563426,-4.490656441643975,False
280,대조,0,6.0,23.0,395.33,32640.0,2.0,6.98,0.0,1.0,0,6.0,6.0,1.0,122.44,5.0,6.0,1,1,6.0,3.1780538303479458,5.982247197558372,0.017656135380568136,0,1.0,0.018436068588257398,-3.9748381528359427,True
282,대조,0,11.0,10.0,540.25,17315.0,2.0,5.78,0.0,5.0,1,0.0,0.0,0.0,289.2,9.0,11.0,0,1,11.0,2.3978952727983707,6.293881279316699,0.01069875057843591,0,5.0,0.08918626931842816,-2.323611313154361,True
285,대조,0,5.0,25.0,789.39,10801.0,2.0,4.17,0.0,6.0,0,0.0,0.0,0.0,127.32,19.0,5.0,0,1,5.0,3.258096538021482,6.672526494531761,0.005282559951354844,0,6.0,0.08867005063845884,-2.3299828309184494,True
286,대조,0,7.0,9.0,302.55,110.0,1.0,4.99,0.0,1.0,0,0.0,0.0,0.0,68.65,2.0,7.0,0,1,7.0,2.302585092994046,5.715546341576443,0.01649314162948273,0,1.0,0.012446623042375633,-4.37378120338799,True
287,대조,0,2.0,37.0,503.89,20169.0,3.0,3.0,0.0,8.0,0,11.58,2.0,2.0,307.24,21.0,2.0,1,1,2.0,3.6375861597263857,6.224340583766572,0.0059536803667467105,0,6.0,0.052005187963917676,-2.903005547562513,True
288,대조,0,9.0,8.0,210.99,16263.0,2.0,5.0,0.0,3.0,0,14.25,5.0,5.0,296.67,9.0,9.0,1,1,9.0,2.1972245773362196,5.356539103748161,0.023697805583202995,0,3.0,0.013950577577012603,-4.258185566727349,True
289,대조,0,5.0,31.0,1081.93,94487.0,3.0,10.57,0.0,5.0,1,9.57,3.0,2.0,559.8,16.0,5.0,1,1,5.0,3.4657359027997265,6.98742560963965,0.009769578438531143,0,5.0,0.18668044773904444,-1.4717257660246936,True
293,대조,0,8.0,10.0,527.27,193.0,0.0,0.0,0.0,5.0,0,0.0,0.0,0.0,63.33,1.0,8.0,0,1,8.0,2.3978952727983707,6.2696075166407965,0.0,0,5.0,0.04045569203670398,-3.1662511411145915,True
297,대조,0,1.0,26.0,1316.86,547.0,3.0,9.36,0.0,2.0,0,3.49,1.0,1.0,387.48,14.0,1.0,1,1,1.0,3.295836866004329,7.183764487872745,0.007107817080023693,0,2.0,0.07551202454395126,-2.504948135148682,True
300,대조,0,6.0,16.0,477.39,240.0,2.0,2.38,0.0,6.0,1,0.0,0.0,0.0,139.27,5.0,6.0,0,1,6.0,2.833213344056216,6.170426299407918,0.004985441672427156,0,6.0,0.08105465607342079,-2.4281029537080747,True
302,대조,0,5.0,17.0,189.64000000000001,70.0,0.0,0.0,0.0,1.0,1,3.0,1.0,1.0,119.41,8.0,5.0,1,1,5.0,2.8903717578961645,5.250386832790487,0.0,0,1.0,0.00871232705158587,-4.734265852440833,False
303,대조,0,1.0,25.0,681.21,13322.0,1.0,2.5,0.0,4.0,0,7.29,1.0,1.0,442.71,14.0,1.0,1,1,1.0,3.258096538021482,6.525337528335042,0.003669940253372675,0,4.0,0.047109112122782085,-3.00703395815161,True
306,대조,0,1.0,53.0,1499.28,109777.0,4.0,8.67,0.0,4.0,1,0.0,0.0,0.0,526.78,15.0,1.0,0,1,1.0,3.9889840465642745,7.313407036336914,0.005782775732351529,0,4.0,0.2041151924535015,-1.3607699578662755,True
307,대조,0,1.0,65.0,457.16,11079.0,0.0,0.0,1.0,4.0,0,0.0,0.0,0.0,154.79,28.0,1.0,0,1,1.0,4.189654742026425,6.127218468085602,0.0,1,4.0,0.026436224772531904,-3.606228113853998,True
308,대조,0,1.0,19.0,763.89,22313.0,0.0,0.0,0.0,1.0,0,1.0,1.0,1.0,285.7,9.0,1.0,1,1,1.0,2.995732273553991,6.639732032637967,0.0,0,1.0,0.02755638644085749,-3.563577771425792,True
312,대조,0,42.0,4.0,223.82999999999998,67.0,1.0,2.0,0.0,2.0,0,0.0,0.0,0.0,117.57000000000001,2.0,42.0,0,1,42.0,1.6094379124341003,5.415344561072911,0.008935352723048743,0,2.0,0.013027000256474155,-4.327618536773032,True
314,대조,0,2.0,6.0,552.77,295.0,0.0,0.0,0.0,1.0,1,0.0,0.0,0.0,253.25,3.0,2.0,0,1,2.0,1.9459101490553132,6.316749438088618,0.0,0,1.0,0.03044489243428601,-3.460919070351939,True
318,대조,0,24.0,3.0,55.43,25.0,0.0,0.0,0.0,3.0,0,1.69,1.0,1.0,31.94,3.0,24.0,1,1,24.0,1.3862943611198906,4.033000931981049,0.0,0,3.0,0.0018471437686527936,-6.292265889941216,False
319,대조,0,7.0,15.0,538.48,34365.0,0.0,0.0,0.0,5.0,1,0.0,0.0,0.0,2.69,1.0,7.0,0,1,7.0,2.772588722239781,6.290605712648657,0.0,0,5.0,0.07096332709756627,-2.571984989863633,True
322,대조,0,30.0,7.0,143.7,62.0,0.0,0.0,0.0,3.0,0,0.0,0.0,0.0,43.79,2.0,30.0,0,1,30.0,2.0794415416798357,4.974662633637438,0.0,0,3.0,0.0068063410439691005,-4.983070985021291,False
330,대조,0,23.0,22.0,99.97,85.0,0.0,0.0,0.0,2.0,0,0.0,0.0,0.0,44.82,2.0,23.0,0,1,23.0,3.1354942159291497,4.614823443016229,0.0,0,2.0,0.0034269058439865088,-5.672664720095081,False
331,대조,0,37.0,8.0,200.62,72.0,0.0,0.0,0.0,2.0,0,3.79,1.0,1.0,27.259999999999998,2.0,37.0,1,1,37.0,2.1972245773362196,5.3063847376257955,0.0,0,2.0,0.009235905266662252,-4.675377823822542,False
333,대조,0,67.0,2.0,80.96000000000001,32.0,0.0,0.0,0.0,1.0,0,0.0,0.0,0.0,2.99,1.0,67.0,0,1,67.0,1.0986122886681098,4.406231323370699,0.0,0,1.0,0.0032322912811595483,-5.731326491844416,False
335,대조,0,6.0,14.0,222.22,106.0,0.0,0.0,0.0,3.0,0,0.0,0.0,0.0,125.63,4.0,6.0,0,1,6.0,2.70805020110221,5.408157832227569,0.0,0,3.0,0.009184832629195646,-4.680974509392099,False
336,대조,0,25.0,24.0,691.33,27901.0,0.0,0.0,0.0,2.0,0,0.0,0.0,0.0,0.0,0.0,25.0,0,0,25.0,3.2188758248682006,6.540062720559917,0.0,0,2.0,0.039561994568154214,-3.1895205117727907,True
337,대조,0,29.0,7.0,105.36,46.0,1.0,3.19,0.0,1.0,0,0.0,0.0,0.0,0.0,0.0,29.0,0,0,29.0,2.0794415416798357,4.666829566374819,0.03027714502657555,0,1.0,0.005581305952359336,-5.182735548692445,False
339,대조,0,11.0,7.0,97.64,62.0,0.0,0.0,0.0,2.0,0,0.0,0.0,0.0,99.63,4.0,11.0,0,1,11.0,2.0794415416798357,4.591476858856089,0.0,0,2.0,0.002727747076882587,-5.901547782893651,False
343,대조,0,4.0,8.0,192.47,50.0,0.0,0.0,0.0,1.0,0,0.0,0.0,0.0,229.9,4.0,4.0,0,1,4.0,2.1972245773362196,5.265122461690396,0.0,0,1.0,0.0048504527388126654,-5.323820975818313,False
345,처치,1,1.0,31.0,1496.32,765.0,14.0,28.88,1.0,8.0,0,8.34,4.0,4.0,283.86,10.0,1.0,1,1,1.0,3.4657359027997265,7.311432122431076,0.019300684345594524,1,6.0,0.20840944431740782,-1.3345396559143587,True
346,대조,0,5.0,16.0,1401.3,351.0,0.0,0.0,0.0,3.0,1,0.0,0.0,0.0,357.49,6.0,5.0,0,1,5.0,2.833213344056216,7.245869024732605,0.0,0,3.0,0.14386126194748666,-1.7835830637194754,True
348,대조,0,5.0,44.0,1071.05,44839.0,0.0,0.0,0.0,1.0,0,0.0,0.0,0.0,214.69,10.0,5.0,0,1,5.0,3.8066624897703196,6.9773279823340975,0.0,0,1.0,0.04556332533078592,-3.0420181731222296,True
350,대조,0,4.0,15.0,618.07,11802.0,1.0,2.99,0.0,5.0,1,0.0,0.0,0.0,6.7,1.0,4.0,0,1,4.0,2.772588722239781,6.428218351912871,0.004837639749542932,0,5.0,0.08834793457102512,-2.333975589388335,True
353,대조,0,2.0,23.0,986.28,376.0,4.0,14.27,1.0,3.0,1,0.0,0.0,0.0,110.05,3.0,2.0,0,1,2.0,3.1780538303479458,6.894953687144928,0.014468507928782902,1,3.0,0.11692021539778139,-2.021923770302284,True
356,대조,0,4.0,26.0,397.83,22001.0,0.0,0.0,0.0,1.0,0,2.75,1.0,1.0,204.01,14.0,4.0,1,1,4.0,3.295836866004329,5.988535260935405,0.0,0,1.0,0.012840566676694249,-4.342222128657138,True
362,대조,0,1.0,10.0,407.38,182.0,3.0,4.39,0.0,3.0,1,3.8899999999999997,2.0,2.0,116.06,4.0,1.0,1,1,1.0,2.3978952727983707,6.012198113494889,0.010776179488438313,0,3.0,0.03882775533729928,-3.209018293092689,True
364,대조,0,5.0,4.0,75.06,32.0,0.0,0.0,0.0,5.0,0,0.0,0.0,0.0,91.01,3.0,5.0,0,1,5.0,1.6094379124341003,4.331522502500114,0.0,0,5.0,0.0032833887681099263,-5.715590438003319,False
365,대조,0,5.0,22.0,826.09,65197.0,5.0,31.9,0.0,7.0,0,16.25,5.0,4.0,269.4,7.0,5.0,1,1,5.0,3.1354942159291497,6.717913516188306,0.03861564720551029,0,6.0,0.16759411162219837,-1.602775114558991,True
368,대조,0,1.0,3.0,118.09,36.0,0.0,0.0,0.0,3.0,0,0.0,0.0,0.0,106.65,2.0,1.0,0,1,1.0,1.3862943611198906,4.779879509779905,0.0,0,3.0,0.003638454897982448,-5.6125510758516075,False
370,대조,0,90.0,2.0,24.21,10107.0,0.0,0.0,0.0,1.0,1,0.0,0.0,0.0,0.0,0.0,90.0,0,0,90.0,1.0986122886681098,3.2272407411998283,0.0,0,1.0,0.001654052670384628,-6.402871416514788,False
378,대조,0,5.0,34.0,481.24,194.0,0.0,0.0,3.0,5.0,1,0.0,0.0,0.0,181.86,10.0,5.0,0,1,5.0,3.5553480614894135,6.178441915438131,0.0,1,5.0,0.059309334699671354,-2.763847647337159,True
381,대조,0,4.0,12.0,480.83,174.0,0.0,0.0,0.0,5.0,1,3.19,1.0,1.0,251.73000000000002,7.0,4.0,1,1,4.0,2.5649493574615367,6.1775913547429155,0.0,0,5.0,0.05936574363330962,-2.762837035044942,True
384,처치,1,4.0,21.0,987.68,312.0,11.0,26.48,0.0,4.0,0,2.0,1.0,1.0,287.2,6.0,4.0,1,1,4.0,3.091042453358316,6.896370720115499,0.026810302932123768,0,4.0,0.1152602153138327,-2.0381012590923353,True
387,대조,0,25.0,14.0,802.6800000000001,270.0,4.0,16.52,0.0,3.0,1,14.49,4.0,3.0,558.48,7.0,25.0,1,1,25.0,2.70805020110221,6.689201180001735,0.020581053470872576,0,3.0,0.13637740671516468,-1.8457097682741779,True
390,대조,0,5.0,20.0,248.73000000000002,94.0,0.0,0.0,0.0,3.0,1,0.0,0.0,0.0,106.23,7.0,5.0,0,1,5.0,3.044522437723423,5.520380334242002,0.0,0,3.0,0.018479469686537357,-3.9724425615951158,True
391,대조,0,33.0,21.0,340.53,158.0,1.0,2.99,0.0,2.0,1,0.0,0.0,0.0,0.0,0.0,33.0,0,0,33.0,3.091042453358316,5.833435522883059,0.00878043050538866,0,2.0,0.03677782427158955,-3.2653890350411423,True
393,대조,0,18.0,26.0,673.51,328.0,0.0,0.0,0.0,4.0,0,0.0,0.0,0.0,238.3,9.0,18.0,0,1,18.0,3.295836866004329,6.513986501334796,0.0,0,4.0,0.052532245476737,-2.892365723600929,True
394,대조,0,17.0,8.0,225.0,75.0,1.0,2.5,0.0,4.0,0,7.58,2.0,2.0,120.62,5.0,17.0,1,1,17.0,2.1972245773362196,5.420534999272286,0.011111111111111112,0,4.0,0.01579164274123448,-4.132356760152692,True
396,대조,0,5.0,15.0,352.46,161.0,8.0,20.9,0.0,3.0,0,16.32,9.0,5.0,110.21000000000001,3.0,5.0,1,1,5.0,2.772588722239781,5.867770324761651,0.059297508937184364,0,3.0,0.05211201758669084,-2.9008407472495277,True
398,대조,0,9.0,21.0,202.14,27925.0,0.0,0.0,0.0,1.0,0,0.0,0.0,0.0,267.48,12.0,9.0,0,1,9.0,3.091042453358316,5.313895396511355,0.0,0,1.0,0.005741747990907323,-5.154233291781052,False
402,대조,0,2.0,9.0,220.04,89.0,0.0,0.0,0.0,2.0,0,0.0,0.0,0.0,436.01,8.0,2.0,0,1,2.0,2.302585092994046,5.398343680615161,0.0,0,2.0,0.006913374898508215,-4.967359969556534,False
403,대조,0,4.0,10.0,144.48,44.0,0.0,0.0,0.0,1.0,0,0.0,0.0,0.0,0.0,0.0,4.0,0,0,4.0,2.3978952727983707,4.980038620118788,0.0,0,1.0,0.0034137021241890052,-5.6765383675795436,False
404,대조,0,7.0,25.0,458.03000000000003,26854.0,0.0,0.0,0.0,8.0,1,0.0,0.0,0.0,490.86,16.0,7.0,0,1,7.0,3.258096538021482,6.129115567401832,0.0,0,6.0,0.07261848065368261,-2.5471456004815223,True
405,대조,0,4.0,13.0,444.79,22133.0,2.0,6.0,0.0,3.0,0,0.0,0.0,0.0,98.26,4.0,4.0,0,1,4.0,2.6390573296152584,6.099847989116507,0.013489511904494255,0,3.0,0.027845170250809268,-3.5528555503849475,True
408,대조,0,6.0,7.0,559.42,164.0,0.0,0.0,0.0,4.0,0,0.0,0.0,0.0,0.0,0.0,6.0,0,0,6.0,2.0794415416798357,6.328686502619741,0.0,0,4.0,0.034343535036274665,-3.3363943522269803,True
410,대조,0,9.0,27.0,250.9,138.0,0.0,0.0,0.0,1.0,1,0.0,0.0,0.0,67.44,8.0,9.0,0,1,9.0,3.332204510175204,5.529032183358565,0.0,0,1.0,0.013284968218470783,-4.307748089223931,True
412,처치,1,4.0,13.0,320.55,3112.0,7.0,15.99,0.0,3.0,1,5.49,2.0,2.0,138.24,12.0,4.0,1,1,4.0,2.6390573296152584,5.773153052580872,0.04988301357042583,0,3.0,0.06462954262517227,-2.67227103948335,True
414,대조,0,8.0,21.0,289.2,5872.0,0.0,0.0,0.0,4.0,0,0.0,0.0,0.0,143.84,9.0,8.0,0,1,8.0,3.091042453358316,5.670570340450087,0.0,0,4.0,0.016344076360536197,-4.097410635216835,True
419,대조,0,5.0,5.0,35.45,10.0,0.0,0.0,0.0,1.0,0,0.0,0.0,0.0,0.0,0.0,5.0,0,0,5.0,1.791759469228055,3.5959414584546674,0.0,0,1.0,0.0005740430530661109,-7.462231951236951,False
420,대조,0,89.0,1.0,12.350000000000001,5.0,0.0,0.0,0.0,5.0,0,0.0,0.0,0.0,20.45,4.0,89.0,0,1,89.0,0.6931471805599453,2.591516384846259,0.0,0,5.0,0.0009221554340037356,-6.987874184217235,False
426,대조,0,1.0,30.0,1141.44,122144.0,1.0,2.5,5.0,3.0,1,0.0,0.0,0.0,525.08,17.0,1.0,0,1,1.0,3.4339872044851463,7.040921604977946,0.0021902158676759182,1,3.0,0.11077478579629971,-2.082851354341569,True
430,대조,0,1.0,29.0,1071.61,403.0,0.0,0.0,0.0,1.0,0,0.0,0.0,0.0,467.51,10.0,1.0,0,1,1.0,3.4011973816621555,6.977850209645398,0.0,0,1.0,0.04267209469384905,-3.110600784992208,True
432,대조,0,5.0,41.0,418.44,21107.0,0.0,0.0,0.0,2.0,1,0.0,0.0,0.0,227.28,18.0,5.0,0,1,5.0,3.7376696182833684,6.038920488264277,0.0,0,2.0,0.029929131998193727,-3.478536808242988,True
433,대조,0,6.0,10.0,104.93,52.0,0.0,0.0,0.0,2.0,0,0.0,0.0,0.0,92.95,5.0,6.0,0,1,6.0,2.3978952727983707,4.662778498608405,0.0,0,2.0,0.0028637461374065847,-5.852756818482304,False
436,대조,0,7.0,4.0,361.95,143.0,1.0,4.49,0.0,1.0,0,4.49,1.0,1.0,117.6,1.0,7.0,1,1,7.0,1.6094379124341003,5.89426508373085,0.012405028318828568,0,1.0,0.013842020270509027,-4.266107651778575,True
437,대조,0,14.0,16.0,636.16,77864.0,1.0,2.0,1.0,8.0,1,0.0,0.0,0.0,193.34,3.0,14.0,0,1,14.0,2.833213344056216,6.457020801426437,0.003143863179074447,1,6.0,0.11180518753055747,-2.0724331426037033,True
439,대조,0,17.0,5.0,62.85,29.0,1.0,4.49,0.0,1.0,0,0.0,0.0,0.0,2.61,1.0,17.0,0,1,17.0,1.791759469228055,4.156536582478548,0.07143993635640414,0,1.0,0.005729000659477691,-5.1564686941111795,False
441,대조,0,1.0,14.0,346.02,126.0,1.0,1.89,0.0,1.0,1,0.0,0.0,0.0,164.41,6.0,1.0,0,1,1.0,2.70805020110221,5.849382415173525,0.005462112016646437,0,1.0,0.019513601099432506,-3.916937059231042,True
442,대조,0,2.0,70.0,705.14,58623.0,1.0,2.69,0.0,2.0,1,4.0,2.0,2.0,330.22,36.0,2.0,1,1,2.0,4.2626798770413155,6.559813518117626,0.0038148452789516975,0,2.0,0.060411267904771686,-2.74426661822067,True
443,대조,0,4.0,17.0,519.89,327.0,0.0,0.0,0.0,4.0,1,0.0,0.0,0.0,179.56,8.0,4.0,0,1,4.0,2.8903717578961645,6.255538887024156,0.0,0,4.0,0.05465312991306394,-2.8505454334865776,True
447,대조,0,5.0,5.0,79.87,37.0,0.0,0.0,0.0,4.0,0,0.0,0.0,0.0,150.95,6.0,5.0,0,1,5.0,1.791759469228055,4.392842927107731,0.0,0,4.0,0.0029230363481742403,-5.832205040939229,False
450,대조,0,11.0,9.0,205.83,102.0,0.0,0.0,0.0,1.0,0,0.0,0.0,0.0,106.06,4.0,11.0,0,1,11.0,2.302585092994046,5.331897199811232,0.0,0,1.0,0.0057658593735264866,-5.150018522862677,False
451,대조,0,6.0,34.0,545.42,19778.0,2.0,3.69,0.0,3.0,1,0.0,0.0,0.0,108.59,9.0,6.0,0,1,6.0,3.5553480614894135,6.303387910807782,0.006765428477136886,0,3.0,0.057461988124110935,-2.7974525963179664,True
458,대조,0,11.0,13.0,122.45,58.0,0.0,0.0,2.0,5.0,1,1.2,2.0,1.0,153.16,11.0,11.0,1,1,11.0,2.6390573296152584,4.8158362157911885,0.0,1,5.0,0.011211267463126487,-4.479561395458401,False
459,대조,0,10.0,5.0,223.1,37.0,0.0,0.0,0.0,2.0,0,0.0,0.0,0.0,46.54,2.0,10.0,0,1,10.0,1.791759469228055,5.4120923808068815,0.0,0,2.0,0.007521103246603492,-4.882492914092243,False
460,대조,0,13.0,12.0,138.91,3855.0,1.0,1.5,1.0,4.0,1,0.0,0.0,0.0,29.28,4.0,13.0,0,1,13.0,2.5649493574615367,4.940999358745194,0.010798358649485279,1,4.0,0.01357452046236139,-4.285893242213743,True
462,대조,0,7.0,11.0,228.41,90.0,0.0,0.0,0.0,1.0,1,0.0,0.0,0.0,57.02,5.0,7.0,0,1,7.0,2.4849066497880004,5.435510795724244,0.0,0,1.0,0.011026920475774209,-4.496327512380539,False
463,대조,0,1.0,104.0,881.94,105306.0,5.0,16.560000000000002,1.0,4.0,0,0.0,0.0,0.0,252.52,23.0,1.0,0,1,1.0,4.653960350157523,6.783257248125367,0.018776787536567113,1,4.0,0.08596474451885076,-2.363931878699874,True
467,대조,0,8.0,36.0,710.53,300.0,7.0,13.99,0.0,7.0,0,0.0,0.0,0.0,86.21000000000001,8.0,8.0,0,1,8.0,3.6109179126442243,6.567417581082333,0.01968952753578315,0,6.0,0.10742622618812943,-2.117304826010225,True
468,대조,0,1.0,53.0,1131.4,425.0,4.0,14.02,0.0,7.0,0,31.02,26.0,14.0,686.8,26.0,1.0,1,1,1.0,3.9889840465642745,7.032094553237744,0.012391727063814742,0,6.0,0.1498991812093834,-1.7353920099445874,True
473,대조,0,4.0,12.0,562.4,53076.0,0.0,0.0,3.0,2.0,1,0.0,0.0,0.0,28.48,1.0,4.0,0,1,4.0,2.5649493574615367,6.333989855442272,0.0,1,2.0,0.037523343613385274,-3.244546577100195,True
475,대조,0,5.0,8.0,184.82,40.0,1.0,1.5,0.0,1.0,0,0.0,0.0,0.0,0.0,0.0,5.0,0,0,5.0,2.1972245773362196,5.224778463213166,0.00811600476138946,0,1.0,0.005492671231259525,-5.198832767307801,False
476,대조,0,1.0,2.0,55.71,33.0,0.0,0.0,0.0,1.0,0,0.0,0.0,0.0,0.0,0.0,1.0,0,0,1.0,1.0986122886681098,4.037950562025936,0.0,0,1.0,0.0009263364381422434,-6.983346299423743,False
479,대조,0,7.0,7.0,53.410000000000004,30.0,0.0,0.0,0.0,2.0,0,0.0,0.0,0.0,49.52,13.0,7.0,0,1,7.0,2.0794415416798357,3.9965479604978342,0.0,0,2.0,0.001220122631849605,-6.707583039791558,False
480,대조,0,16.0,17.0,626.23,57548.0,5.0,22.950000000000003,0.0,4.0,0,0.0,0.0,0.0,53.089999999999996,2.0,16.0,0,1,16.0,2.8903717578961645,6.441313299524955,0.03664787697810709,0,4.0,0.09217007056351673,-2.2874215950899157,True
481,대조,0,5.0,3.0,76.82,53.0,0.0,0.0,0.0,1.0,0,0.0,0.0,0.0,121.08,2.0,5.0,0,1,5.0,1.3862943611198906,4.354398467556408,0.0,0,1.0,0.0014760267377110332,-6.516924320849274,False
482,대조,0,5.0,1.0,37.82,6.0,0.0,0.0,0.0,1.0,0,0.0,0.0,0.0,199.8,3.0,5.0,0,1,5.0,0.6931471805599453,3.658935577740864,0.0,0,1.0,0.0005863228390840491,-7.441053505355749,False
483,대조,0,4.0,17.0,394.04,163.0,0.0,0.0,0.0,3.0,1,0.0,0.0,0.0,105.06,6.0,4.0,0,1,4.0,2.8903717578961645,5.97898702559687,0.0,0,3.0,0.032052280491626894,-3.4078097420254423,True
484,대조,0,5.0,29.0,672.19,285.0,2.0,4.109999999999999,2.0,3.0,1,4.5600000000000005,2.0,2.0,222.12,7.0,5.0,1,1,5.0,3.4011973816621555,6.512027607779704,0.006114342670971004,1,3.0,0.06710484449043007,-2.6320365815764815,True
489,대조,0,4.0,58.0,1008.84,135783.0,12.0,30.97,0.0,6.0,1,27.5,12.0,8.0,485.65,25.0,4.0,1,1,4.0,4.07753744390572,6.917547181444606,0.030698624162404344,0,6.0,0.28685222715804803,-0.9107214587694886,True
490,대조,0,2.0,10.0,646.73,15395.0,1.0,2.5,2.0,5.0,1,14.24,17.0,5.0,186.96,3.0,2.0,1,1,2.0,2.3978952727983707,6.473473942855932,0.003865600791675042,1,5.0,0.08263033790062613,-2.4071336121541047,True
491,대조,0,5.0,17.0,780.23,56221.0,0.0,0.0,0.0,5.0,1,11.379999999999999,5.0,4.0,353.7,10.0,5.0,1,1,5.0,2.8903717578961645,6.6608696007229256,0.0,0,5.0,0.10743478078321765,-2.1172156126687005,True
493,대조,0,1.0,43.0,765.12,58731.0,1.0,2.0,0.0,5.0,1,2.5,1.0,1.0,455.77,17.0,1.0,1,1,1.0,3.784189633918261,6.641338815434461,0.0026139690506064408,0,5.0,0.11022837096520745,-2.088410519850197,True
502,대조,0,8.0,2.0,24.299999999999997,14.0,0.0,0.0,0.0,1.0,0,2.0,2.0,2.0,97.65,3.0,8.0,1,1,8.0,1.0986122886681098,3.2308043957334744,0.0,0,1.0,0.000359805886648166,-7.929586005059518,False
503,처치,1,6.0,27.0,812.85,359.0,10.0,33.16,0.0,5.0,0,9.44,3.0,3.0,221.09,7.0,6.0,1,1,6.0,3.332204510175204,6.701776073837507,0.040794734575875,0,5.0,0.14662235429528186,-1.761341913228578,True
507,대조,0,16.0,6.0,53.83,25.0,0.0,0.0,0.0,1.0,0,8.0,8.0,4.0,86.84,3.0,16.0,1,1,16.0,1.9459101490553132,4.004237489415957,0.0,0,1.0,0.0011093211418168021,-6.802897097806536,False
508,대조,0,14.0,6.0,170.65,94.0,1.0,1.0,0.0,1.0,0,0.0,0.0,0.0,33.76,1.0,14.0,0,1,14.0,1.9459101490553132,5.145457519903701,0.005859947260474656,0,1.0,0.005206824864231097,-5.252564612429685,False
514,대조,0,10.0,10.0,320.43,183.0,3.0,5.65,0.0,2.0,0,4.99,2.0,2.0,256.74,10.0,10.0,1,1,10.0,2.3978952727983707,5.7727797905777205,0.017632556252535656,0,2.0,0.01742317387346372,-4.032377383289777,True
515,대조,0,10.0,5.0,166.55,101.0,3.0,9.0,0.0,3.0,0,0.0,0.0,0.0,73.38,2.0,10.0,0,1,10.0,1.791759469228055,5.12128181418332,0.05403782647853497,0,3.0,0.018837174050528527,-3.952906164773937,True
519,대조,0,13.0,3.0,30.48,17.0,1.0,3.49,0.0,1.0,0,6.38,2.0,2.0,12.04,1.0,13.0,1,1,13.0,1.3862943611198906,3.4493524235492026,0.114501312335958,0,1.0,0.005198004010893602,-5.254269010508269,False
520,대조,0,2.0,14.0,258.23,135.0,1.0,2.99,0.0,1.0,0,0.0,0.0,0.0,97.87,7.0,2.0,0,1,2.0,2.70805020110221,5.557715698521418,0.011578825078418464,0,1.0,0.008905558110347694,-4.7121342407796725,False
523,대조,0,2.0,82.0,2126.46,145897.0,6.0,12.6,1.0,2.0,1,3.92,2.0,2.0,591.35,27.0,2.0,1,1,2.0,4.418840607796598,7.662684058860675,0.005925340707090657,1,2.0,0.20521365114033338,-1.3540216978546873,True
524,대조,0,7.0,4.0,29.08,16.0,0.0,0.0,0.0,5.0,0,0.0,0.0,0.0,18.78,3.0,7.0,0,1,7.0,1.6094379124341003,3.403860499081639,0.0,0,5.0,0.001032459957467326,-6.87477802268371,False
529,대조,0,,0.0,0.0,0.0,0.0,0.0,0.0,2.0,0,0.0,0.0,0.0,0.0,0.0,90.0,0,0,90.0,0.0,0.0,0.0,0,2.0,1.788114251494266e-05,-10.931746009911969,False
530,대조,0,17.0,6.0,192.24,78.0,0.0,0.0,0.0,1.0,0,0.0,0.0,0.0,43.4,1.0,17.0,0,1,17.0,1.9459101490553132,5.263932939686206,0.0,0,1.0,0.005570098168309253,-5.18475693171343,False
533,대조,0,22.0,10.0,364.73,167.0,0.0,0.0,0.0,2.0,0,0.0,0.0,0.0,126.28,3.0,22.0,0,1,22.0,2.3978952727983707,5.901895356245165,0.0,0,2.0,0.016576782279257157,-4.083036505888416,True
534,대조,0,2.0,77.0,224.33,1573.0,0.0,0.0,0.0,3.0,1,1.79,1.0,1.0,79.54,29.0,2.0,1,1,2.0,4.356708826689592,5.41756599436603,0.0,0,3.0,0.0168160426772575,-4.068462889291938,True
536,대조,0,15.0,9.0,79.26,41.0,0.0,0.0,0.0,4.0,0,0.0,0.0,0.0,2.0,1.0,15.0,0,1,15.0,2.302585092994046,4.385271364838771,0.0,0,4.0,0.003348760689077367,-5.69581056481259,False
537,대조,0,2.0,6.0,136.74,40.0,0.0,0.0,0.0,1.0,0,0.0,0.0,0.0,74.65,3.0,2.0,0,1,2.0,1.9459101490553132,4.925367850116552,0.0,0,1.0,0.0030356337524353526,-5.794294810994061,False
540,처치,1,1.0,26.0,1010.34,42400.0,47.0,148.76,0.0,1.0,1,12.07,3.0,3.0,407.26,10.0,1.0,1,1,1.0,3.295836866004329,6.919031463176452,0.14723756359245402,0,1.0,0.5874913118907474,0.3536041900019287,True
541,대조,0,17.0,8.0,287.89,5018.0,1.0,2.0,0.0,1.0,0,0.0,0.0,0.0,17.43,1.0,17.0,0,1,17.0,2.1972245773362196,5.666045992819804,0.006947097849873215,0,1.0,0.010797306725100026,-4.517602532598467,False
542,대조,0,1.0,18.0,361.99,14072.0,0.0,0.0,0.0,2.0,1,0.0,0.0,0.0,129.13,9.0,1.0,0,1,1.0,2.9444389791664403,5.894375285676025,0.0,0,2.0,0.022910629359134464,-3.752977155391207,True
544,대조,0,18.0,5.0,14.98,17.0,0.0,0.0,0.0,3.0,0,7.0,3.0,3.0,55.71,8.0,18.0,1,1,18.0,1.791759469228055,2.7713379403381286,0.0,0,3.0,0.00035241140282146576,-7.950358833302279,False
545,대조,0,8.0,12.0,416.79,216.0,2.0,4.0,3.0,3.0,0,9.19,3.0,3.0,158.23,3.0,8.0,1,1,8.0,2.5649493574615367,6.034978913938941,0.009597159240864704,1,3.0,0.023240479206366453,-3.7383449296424405,True
546,대조,0,13.0,8.0,294.87,15637.0,0.0,0.0,2.0,3.0,1,0.0,0.0,0.0,0.0,0.0,13.0,0,0,13.0,2.1972245773362196,5.689920168663052,0.0,1,3.0,0.022437970771914492,-3.7743070993505663,True
549,대조,0,13.0,3.0,59.19,24.0,0.0,0.0,0.0,1.0,0,0.0,0.0,0.0,0.0,0.0,13.0,0,0,13.0,1.3862943611198906,4.0975062255596795,0.0,0,1.0,0.0011699078960621444,-6.7496596618130456,False
562,대조,0,1.0,14.0,522.86,181.0,2.0,18.88,0.0,2.0,0,4.0,1.0,1.0,330.68,5.0,1.0,1,1,1.0,2.70805020110221,6.261224473050771,0.03610909230004208,0,2.0,0.04209309198984104,-3.1248669585093736,True
563,대조,0,24.0,9.0,284.82,32636.0,4.0,7.67,0.0,1.0,0,0.0,0.0,0.0,161.12,3.0,24.0,0,1,24.0,2.302585092994046,5.6553622420536485,0.026929288673548206,0,1.0,0.017337937899518648,-4.03736823615938,True
566,대조,0,,0.0,0.0,0.0,0.0,0.0,0.0,1.0,0,1.0,1.0,1.0,28.43,1.0,90.0,1,1,90.0,0.0,0.0,0.0,0,1.0,1.457237242128024e-05,-11.136368549345034,False
568,대조,0,4.0,42.0,1800.16,821.0,0.0,0.0,0.0,7.0,0,0.0,0.0,0.0,1109.99,15.0,4.0,0,1,4.0,3.7612001156935624,7.496186180763551,0.0,0,6.0,0.2023627488725393,-1.3715920481762844,True
570,대조,0,9.0,6.0,263.92,100.0,0.0,0.0,0.0,1.0,0,5.0,5.0,1.0,102.89,2.0,9.0,1,1,9.0,1.9459101490553132,5.579427893616779,0.0,0,1.0,0.007560002381324153,-4.877295049752638,False
572,대조,0,,0.0,0.0,0.0,0.0,0.0,0.0,2.0,0,0.0,0.0,0.0,0.0,0.0,90.0,0,0,90.0,0.0,0.0,0.0,0,2.0,1.788114251494266e-05,-10.931746009911969,False
573,대조,0,21.0,8.0,182.98,76.0,0.0,0.0,0.0,3.0,0,0.0,0.0,0.0,6.0,1.0,21.0,0,1,21.0,2.1972245773362196,5.214827056049011,0.0,0,3.0,0.008349414795277687,-4.777179360570994,False
576,대조,0,18.0,9.0,274.3,124.0,1.0,2.67,0.0,9.0,1,0.0,0.0,0.0,43.29,1.0,18.0,0,1,18.0,2.302585092994046,5.617861412148562,0.00973386802770689,0,6.0,0.05104170671679085,-2.9227217722898424,True
577,대조,0,6.0,5.0,768.36,262.0,4.0,15.69,0.0,1.0,0,0.0,0.0,0.0,355.93,3.0,6.0,0,1,6.0,1.791759469228055,6.645559000404226,0.020420115570826174,0,1.0,0.04118548242012641,-3.1476118180357924,True
578,처치,1,10.0,15.0,385.82,96.0,2.0,9.98,0.0,2.0,1,16.98,5.0,5.0,466.65,9.0,10.0,1,1,10.0,2.772588722239781,5.957959468550584,0.025866984604219587,0,2.0,0.04522078010819373,-3.04992341229588,True
580,대조,0,5.0,16.0,192.9,59.0,0.0,0.0,0.0,2.0,0,0.0,0.0,0.0,120.12,9.0,5.0,0,1,5.0,2.833213344056216,5.267342562248606,0.0,0,2.0,0.006241510144237887,-5.070272045787028,False
581,대조,0,4.0,23.0,493.75,263.0,1.0,2.0,0.0,3.0,0,4.0,2.0,1.0,256.15,9.0,4.0,1,1,4.0,3.1780538303479458,6.2040525844826755,0.004050632911392405,0,3.0,0.027057398253135214,-3.582364618649609,True
582,대조,0,5.0,21.0,742.65,19788.0,0.0,0.0,0.0,3.0,1,0.0,0.0,0.0,330.79,10.0,5.0,0,1,5.0,3.091042453358316,6.611570494038607,0.0,0,3.0,0.07053369455720096,-2.5785200236841286,True
583,대조,0,18.0,34.0,708.4,353.0,2.0,6.38,0.0,6.0,1,6.16,8.0,2.0,133.04,7.0,18.0,1,1,18.0,3.5553480614894135,6.564419542339522,0.009006211180124223,0,6.0,0.15935458480627002,-1.6630381358530535,True
584,대조,0,,0.0,0.0,0.0,0.0,0.0,0.0,1.0,0,0.0,0.0,0.0,0.0,0.0,90.0,0,0,90.0,0.0,0.0,0.0,0,1.0,1.457237242128024e-05,-11.136368549345034,False
586,대조,0,2.0,27.0,982.49,25034.0,0.0,0.0,0.0,8.0,1,3.49,1.0,1.0,469.3,15.0,2.0,1,1,2.0,3.332204510175204,6.8911074700092465,0.0,0,6.0,0.16372291892855986,-1.6307845146104847,True
594,대조,0,2.0,7.0,218.44,73.0,1.0,2.5,0.0,3.0,0,1.99,1.0,1.0,165.46,6.0,2.0,1,1,2.0,2.0794415416798357,5.391078846629348,0.011444790331441128,0,3.0,0.010436697667447876,-4.551935520018876,False
595,대조,0,2.0,25.0,346.42,153.0,1.0,2.5,0.0,5.0,1,0.0,0.0,0.0,29.44,2.0,2.0,0,1,2.0,3.258096538021482,5.850534422673777,0.007216673402228508,0,5.0,0.04653357056597437,-3.019930216925646,True
596,대조,0,1.0,14.0,624.95,200.0,0.0,0.0,0.0,4.0,1,0.0,0.0,0.0,211.23,6.0,1.0,0,1,1.0,2.70805020110221,6.439270495705672,0.0,0,4.0,0.06527505424406395,-2.661642364755335,True
597,대조,0,18.0,18.0,898.47,342.0,4.0,13.57,0.0,3.0,1,0.0,0.0,0.0,25.46,1.0,18.0,0,1,18.0,2.9444389791664403,6.801805700972256,0.015103453648981045,0,3.0,0.13199249720657055,-1.8834552767674333,True
598,처치,1,2.0,30.0,633.96,20680.0,18.0,48.71,0.0,6.0,1,2.0,1.0,1.0,304.85,13.0,2.0,1,1,2.0,3.4339872044851463,6.45356200478262,0.0768345005994069,0,6.0,0.3486058373225121,-0.6251730536166226,True
601,처치,1,12.0,9.0,423.16,45266.0,0.0,0.0,0.0,5.0,1,0.0,0.0,0.0,166.34,1.0,12.0,0,1,12.0,2.302585092994046,6.050110742540715,0.0,0,5.0,0.054956966027831754,-2.844680021939613,True
603,대조,0,9.0,5.0,11.05,18.0,0.0,0.0,0.0,5.0,0,0.0,0.0,0.0,24.03,7.0,9.0,0,1,9.0,1.791759469228055,2.489064659936664,0.0,0,5.0,0.0003327642236445009,-8.007743536262137,False
604,대조,0,1.0,9.0,298.33,119.0,2.0,9.68,0.0,1.0,0,0.0,0.0,0.0,278.06,4.0,1.0,0,1,1.0,2.302585092994046,5.701546643714624,0.03244728991385379,0,1.0,0.01568501393886251,-4.13924022329746,True
605,대조,0,1.0,27.0,1314.01,120373.0,9.0,28.93,2.0,6.0,1,0.0,0.0,0.0,333.78,7.0,1.0,0,1,1.0,3.332204510175204,7.181599549145688,0.022016575216322554,1,6.0,0.2904833579088055,-0.8930376655068576,True
606,대조,0,10.0,10.0,351.22,155.0,5.0,13.77,0.0,3.0,1,16.69,7.0,7.0,326.7,8.0,10.0,1,1,10.0,2.3978952727983707,5.86425598036694,0.03920619554695062,0,3.0,0.06212524224889249,-2.7144640357826177,True
607,대조,0,48.0,3.0,21.439999999999998,11.0,0.0,0.0,0.0,3.0,1,0.0,0.0,0.0,0.0,0.0,48.0,0,0,48.0,1.3862943611198906,3.1108450806544954,0.0,0,3.0,0.0013257419480528544,-6.624456393947502,False
608,대조,0,2.0,26.0,776.26,318.0,1.0,2.0,0.0,7.0,1,4.0,2.0,1.0,389.77,10.0,2.0,1,1,2.0,3.295836866004329,6.65577491472937,0.0025764563419472856,0,6.0,0.1323224782085809,-1.8805781669526849,True
609,대조,0,7.0,27.0,240.55,19051.0,0.0,0.0,0.0,4.0,1,0.0,0.0,0.0,25.33,4.0,7.0,0,1,7.0,3.332204510175204,5.4870764910004155,0.0,0,4.0,0.022508662579631224,-3.7710891911915114,True
612,대조,0,2.0,31.0,807.22,73208.0,4.0,18.56,0.0,3.0,0,4.0,1.0,1.0,532.47,16.0,2.0,1,1,2.0,3.4657359027997265,6.694834298688101,0.02299249275290503,0,3.0,0.07039319152771885,-2.5806651629257398,True
621,대조,0,4.0,33.0,645.01,276.0,0.0,0.0,0.0,2.0,1,0.0,0.0,1.0,320.78000000000003,12.0,4.0,1,1,4.0,3.5263605246161616,6.470814983538951,0.0,0,2.0,0.049687237154062834,-2.951043052041163,True
622,대조,0,2.0,24.0,351.88,138.0,1.0,2.69,0.0,5.0,1,2.5,1.0,1.0,168.52,13.0,2.0,1,1,2.0,3.2188758248682006,5.866128055796684,0.007644651585767876,0,5.0,0.04772133380278157,-2.9934791611096996,True
623,대조,0,8.0,11.0,165.85,66.0,0.0,0.0,0.0,5.0,1,0.0,0.0,0.0,19.6,3.0,8.0,0,1,8.0,2.4849066497880004,5.117095205197383,0.0,0,5.0,0.016757556419626278,-4.072006440063899,True
624,대조,0,5.0,22.0,1266.74,33842.0,1.0,2.99,0.0,5.0,1,2.99,1.0,1.0,572.59,13.0,5.0,1,1,5.0,3.1354942159291497,7.144991066653484,0.0023603896616511675,0,5.0,0.19172619939442834,-1.438832553818422,True
630,대조,0,1.0,21.0,1110.07,60917.0,5.0,11.07,2.0,6.0,1,0.0,0.0,0.0,385.3,10.0,1.0,0,1,1.0,3.091042453358316,7.013078793955446,0.009972344086408966,1,6.0,0.20340560917404232,-1.36514356903487,True
631,대조,0,2.0,68.0,1403.97,111626.0,1.0,1.0,1.0,5.0,1,0.0,0.0,0.0,578.79,27.0,2.0,0,1,2.0,4.23410650459726,7.247771229226715,0.0007122659316082253,1,5.0,0.20022598269987546,-1.384882567212948,True
632,대조,0,41.0,5.0,328.64,9110.0,2.0,4.0,0.0,2.0,0,0.0,0.0,0.0,338.4,9.0,41.0,0,1,41.0,1.791759469228055,5.798001149895183,0.012171372930866602,0,2.0,0.022398747251855606,-3.7760968388285776,True
633,대조,0,5.0,23.0,791.63,27580.0,4.0,13.97,0.0,2.0,0,13.44,4.0,4.0,381.02,10.0,5.0,1,1,5.0,3.1780538303479458,6.6753565301535875,0.017647133130376566,0,2.0,0.05223059111904757,-2.8984428730909513,True
634,대조,0,,0.0,0.0,0.0,0.0,0.0,0.0,3.0,0,0.0,0.0,0.0,0.0,0.0,90.0,0,0,90.0,0.0,0.0,0.0,0,3.0,2.1941178016981387e-05,-10.727123470478904,False
635,대조,0,21.0,1.0,8.969999999999999,3.0,1.0,2.5,0.0,1.0,0,0.0,0.0,0.0,42.05,2.0,21.0,0,1,21.0,0.6931471805599453,2.299580583973747,0.27870680044593094,0,1.0,0.03445356919220155,-3.333081593530335,True
637,대조,0,1.0,26.0,476.42,269.0,0.0,0.0,0.0,7.0,0,0.0,0.0,0.0,97.32000000000001,10.0,1.0,0,1,1.0,3.295836866004329,6.168396606617499,0.0,0,6.0,0.042074605087603495,-3.125325544946774,True
639,대조,0,26.0,23.0,157.09,76.0,0.0,0.0,0.0,1.0,0,0.0,0.0,0.0,0.0,0.0,26.0,0,0,26.0,3.1780538303479458,5.063164491108096,0.0,0,1.0,0.0051288330336955994,-5.267735093845728,False
640,대조,0,,0.0,0.0,0.0,0.0,0.0,0.0,3.0,0,0.0,0.0,0.0,111.49,4.0,90.0,0,1,90.0,0.0,0.0,0.0,0,3.0,2.1941178016981387e-05,-10.727123470478904,False
642,대조,0,59.0,2.0,93.28999999999999,37.0,0.0,0.0,0.0,7.0,0,0.0,0.0,0.0,0.0,0.0,59.0,0,0,59.0,1.0986122886681098,4.546375139477586,0.0,0,6.0,0.00971473925973736,-4.624348800252243,False
646,대조,0,26.0,1.0,68.73,34.0,0.0,0.0,0.0,1.0,0,0.0,0.0,0.0,0.0,0.0,26.0,0,0,26.0,0.6931471805599453,4.244630641232919,0.0,0,1.0,0.0015855097515120912,-6.445262545569173,False
650,대조,0,4.0,2.0,10.45,4.0,0.0,0.0,0.0,4.0,0,0.0,0.0,0.0,47.65,2.0,4.0,0,1,4.0,1.0986122886681098,2.4379897300002487,0.0,0,4.0,0.00023071761609334533,-8.374085292152003,False
653,대조,0,4.0,24.0,1625.72,68690.0,9.0,36.15,0.0,8.0,0,12.0,6.0,2.0,493.24,7.0,4.0,1,1,4.0,3.2188758248682006,7.394320996526851,0.02223630145412494,0,6.0,0.25354938043642045,-1.079770866830541,True
654,대조,0,2.0,32.0,438.73,190.0,0.0,0.0,0.0,2.0,0,0.0,0.0,0.0,127.97,10.0,2.0,0,1,2.0,3.4965075614664802,6.08616090219682,0.0,0,2.0,0.017532361090145453,-4.026019027298939,True
656,대조,0,7.0,18.0,1093.56,45394.0,4.0,23.36,0.0,5.0,0,0.0,0.0,0.0,33.35,1.0,7.0,0,1,7.0,2.9444389791664403,6.998107735012688,0.02136142507041223,0,5.0,0.14349351980324387,-1.7865720076250629,True
662,대조,0,9.0,4.0,50.78,10.0,0.0,0.0,0.0,1.0,0,3.49,1.0,1.0,39.9,2.0,9.0,1,1,9.0,1.6094379124341003,3.947003974323392,0.0,0,1.0,0.0009322508827059133,-6.976975906351608,False
663,대조,0,4.0,16.0,475.59,12534.0,0.0,0.0,0.0,5.0,0,2.54,3.0,3.0,287.46,9.0,4.0,1,1,4.0,2.833213344056216,6.166656582488999,0.0,0,5.0,0.0348406059463014,-3.3215097187922504,True
665,대조,0,6.0,2.0,39.66,12.0,0.0,0.0,0.0,1.0,0,0.0,0.0,0.0,17.68,1.0,6.0,0,1,6.0,1.0986122886681098,3.7052448082002005,0.0,0,1.0,0.0006432597625147605,-7.3483184633154215,False
671,대조,0,5.0,16.0,516.5799999999999,36074.0,0.0,0.0,0.0,3.0,1,0.0,0.0,0.0,211.26,8.0,5.0,0,1,5.0,2.833213344056216,6.249164102563799,0.0,0,3.0,0.04502276212810773,-3.054519318554558,True
672,대조,0,6.0,16.0,381.76,238.0,1.0,2.5,0.0,1.0,1,18.689999999999998,8.0,5.0,270.62,8.0,6.0,1,1,6.0,2.833213344056216,5.9474081609110625,0.00654861693210394,0,1.0,0.024035455208499673,-3.703896218127924,True
680,대조,0,13.0,16.0,515.34,318.0,3.0,5.5,0.0,3.0,1,0.0,0.0,0.0,227.69,6.0,13.0,0,1,13.0,2.833213344056216,6.246765463221248,0.010672565684790624,0,3.0,0.06029480830694117,-2.7463201979172114,True
681,대조,0,4.0,9.0,404.67,12312.0,0.0,0.0,0.0,5.0,0,1.19,1.0,1.0,162.35999999999999,4.0,4.0,1,1,4.0,2.302585092994046,6.0055400212125285,0.0,0,5.0,0.027773031098711546,-3.5555238388240746,True
682,대조,0,77.0,10.0,261.23,29591.0,0.0,0.0,0.0,3.0,1,0.0,0.0,0.0,0.0,0.0,77.0,0,0,77.0,2.3978952727983707,5.569221981260506,0.0,0,3.0,0.043461859206720264,-3.0914369098219594,True
684,대조,0,7.0,9.0,137.76,62.0,0.0,0.0,0.0,6.0,0,0.0,0.0,0.0,36.28,1.0,7.0,0,1,7.0,2.302585092994046,4.932745822101549,0.0,0,6.0,0.009163714230395572,-4.683297739475648,False
685,대조,0,1.0,29.0,785.16,314.0,4.0,10.48,0.0,2.0,1,19.130000000000003,8.0,8.0,469.02,10.0,1.0,1,1,1.0,3.4011973816621555,6.667160334054171,0.013347597941820777,0,2.0,0.0778220326115276,-2.4723136415149387,True
687,대조,0,5.0,11.0,660.92,303.0,4.0,10.5,5.0,3.0,0,2.0,1.0,1.0,125.94,6.0,5.0,1,1,5.0,2.4849066497880004,6.495144702713102,0.015886945469950977,1,3.0,0.04462122260639557,-3.063898298347379,True
688,대조,0,19.0,4.0,401.7,137.0,2.0,6.5,0.0,3.0,1,0.0,0.0,0.0,0.0,0.0,19.0,0,0,19.0,1.6094379124341003,5.998191867857408,0.016181229773462785,0,3.0,0.049909858693769696,-2.946338313422033,True
691,대조,0,13.0,6.0,256.47,100.0,3.0,7.0,0.0,3.0,0,2.0,1.0,1.0,199.63,4.0,13.0,1,1,13.0,1.9459101490553132,5.550903208462204,0.027293640581744452,0,3.0,0.019771597595731237,-3.9035391651785667,True
692,대조,0,5.0,20.0,663.41,43480.0,4.0,6.13,2.0,4.0,1,3.69,2.0,2.0,244.24,6.0,5.0,1,1,5.0,3.044522437723423,6.498899428799864,0.009240138074493903,1,4.0,0.08317484883745638,-2.399971774726399,True
694,대조,0,1.0,9.0,132.79,57.0,1.0,3.49,0.0,2.0,0,0.0,0.0,0.0,95.77,10.0,1.0,0,1,1.0,2.302585092994046,4.8962714064855275,0.02628209955568944,0,2.0,0.006141819945706569,-5.0864734141412855,False
696,대조,0,2.0,48.0,1959.77,96748.0,4.0,10.379999999999999,0.0,2.0,1,12.57,4.0,4.0,974.69,20.0,2.0,1,1,2.0,3.8918202981106265,7.581092532219258,0.005296539900090316,0,2.0,0.1928003990290371,-1.4319155228750304,True
698,대조,0,4.0,11.0,135.97,75.0,0.0,0.0,0.0,3.0,0,3.19,1.0,1.0,96.05,4.0,4.0,1,1,4.0,2.4849066497880004,4.91976192374673,0.0,0,3.0,0.004775499235403356,-5.339469820232905,False
700,대조,0,5.0,2.0,243.26,58.0,0.0,0.0,0.0,2.0,0,23.5,10.0,6.0,629.6,5.0,5.0,1,1,5.0,1.0986122886681098,5.498233231742942,0.0,0,2.0,0.007620655235478848,-4.869243083273886,False
705,대조,0,2.0,18.0,173.22,65.0,0.0,0.0,0.0,3.0,0,0.0,0.0,0.0,68.41,7.0,2.0,0,1,2.0,2.9444389791664403,5.160318868390746,0.0,0,3.0,0.00648539920538472,-5.031695384060225,False
708,대조,0,8.0,8.0,355.29,153.0,2.0,6.390000000000001,0.0,4.0,1,2.79,1.0,1.0,207.8,4.0,8.0,1,1,8.0,2.1972245773362196,5.875745005981608,0.017985307776745757,0,4.0,0.04926482311441681,-2.960025256441058,True
714,대조,0,4.0,41.0,807.6,425.0,1.0,3.0,0.0,5.0,1,0.0,0.0,0.0,277.06,21.0,4.0,0,1,4.0,3.7376696182833684,6.695304357206671,0.003714710252600297,0,5.0,0.12301145642284225,-1.964216436406788,True
715,대조,0,4.0,31.0,593.38,429.0,0.0,0.0,1.0,3.0,1,1.73,1.0,1.0,288.16,11.0,4.0,1,1,4.0,3.4657359027997265,6.387518845461959,0.0,1,3.0,0.051019995326921815,-2.9231701073759764,True
716,대조,0,12.0,6.0,107.34,41.0,0.0,0.0,0.0,1.0,1,3.85,5.0,3.0,47.41,3.0,12.0,1,1,12.0,1.9459101490553132,4.685274430229753,0.0,0,1.0,0.004395680243518105,-5.4227276134888065,False
720,대조,0,11.0,8.0,256.09000000000003,37.0,0.0,0.0,0.0,2.0,0,0.0,0.0,0.0,131.42,5.0,11.0,0,1,11.0,2.1972245773362196,5.549426218143949,0.0,0,2.0,0.009251372361835241,-4.673688942933669,False
722,처치,1,2.0,25.0,1078.92,63833.0,20.0,75.51,0.0,4.0,1,19.0,9.0,7.0,561.7,17.0,2.0,1,1,2.0,3.258096538021482,6.984642243300572,0.06998665331998666,0,4.0,0.37623751330331895,-0.5055490373388768,True
727,대조,0,10.0,18.0,556.92,256.0,0.0,0.0,0.0,3.0,0,0.0,0.0,0.0,237.51,9.0,10.0,0,1,10.0,2.9444389791664403,6.324215582927341,0.0,0,3.0,0.030687583907485872,-3.4527288309485917,True
729,대조,0,8.0,4.0,176.96,30.0,0.0,0.0,0.0,1.0,0,0.0,0.0,0.0,24.69,4.0,8.0,0,1,8.0,1.6094379124341003,5.181558805937841,0.0,0,1.0,0.004431380358058948,-5.414602922191609,False
730,대조,0,2.0,17.0,132.71,58.0,4.0,13.36,0.0,1.0,0,0.0,0.0,0.0,100.14,9.0,2.0,0,1,2.0,2.8903717578961645,4.895673275626574,0.10067063521965186,0,1.0,0.023205305361273427,-3.7398955595183523,True
731,대조,0,4.0,14.0,291.84000000000003,10365.0,1.0,4.0,0.0,4.0,1,0.0,0.0,0.0,81.31,4.0,4.0,0,1,4.0,2.70805020110221,5.679626384778442,0.013706140350877192,0,4.0,0.034999531362058994,-3.316793915229726,True
733,대조,0,7.0,12.0,490.45,351.0,0.0,0.0,0.0,2.0,1,0.0,0.0,0.0,178.83,4.0,7.0,0,1,7.0,2.5649493574615367,6.197360205012639,0.0,0,2.0,0.03502863679584028,-3.3159325043446604,True
734,대조,0,13.0,12.0,231.66,8602.0,1.0,2.5,0.0,1.0,0,3.19,1.0,1.0,50.36,2.0,13.0,1,1,13.0,2.5649493574615367,5.44957816038862,0.010791677458344124,0,1.0,0.00863474435620921,-4.7432889335968555,False
737,대조,0,10.0,8.0,276.4,12166.0,1.0,2.67,0.0,1.0,0,0.0,0.0,0.0,146.78,3.0,10.0,0,1,10.0,2.1972245773362196,5.625460507880731,0.009659913169319826,0,1.0,0.009978175749058352,-4.5973267046439705,False
738,대조,0,33.0,8.0,346.0,180.0,0.0,0.0,0.0,5.0,0,0.0,0.0,0.0,0.0,0.0,33.0,0,0,33.0,2.1972245773362196,5.849324779946859,0.0,0,5.0,0.031780509566282235,-3.4166056127280005,True
741,대조,0,1.0,16.0,499.77,31922.0,0.0,0.0,0.0,2.0,1,3.0,1.0,1.0,333.58,5.0,1.0,1,1,1.0,2.833213344056216,6.216146913838209,0.0,0,2.0,0.03393900016359251,-3.3486621786147883,True
743,대조,0,11.0,14.0,175.42,91.0,0.0,0.0,0.0,2.0,0,0.0,0.0,0.0,63.05,6.0,11.0,0,1,11.0,2.70805020110221,5.172867515830621,0.0,0,2.0,0.005903134957435158,-5.126351093135915,False
747,대조,0,2.0,17.0,152.91,91.0,1.0,2.67,0.0,3.0,0,0.0,0.0,0.0,33.04,6.0,2.0,0,1,2.0,2.8903717578961645,5.0363680159918625,0.017461251716696095,0,3.0,0.007856093963005992,-4.8385786316848804,False
748,대조,0,44.0,7.0,85.05,50.0,0.0,0.0,0.0,3.0,1,0.0,0.0,0.0,172.23,5.0,44.0,0,1,44.0,2.0794415416798357,4.454928522657548,0.0,0,3.0,0.0072414545301611125,-4.920665389675776,False
749,대조,0,89.0,1.0,19.87,6.0,0.0,0.0,0.0,3.0,0,0.0,0.0,0.0,1.99,1.0,89.0,0,1,89.0,0.6931471805599453,3.038312721089109,0.0,0,3.0,0.001082507250980853,-6.827392306159245,False
752,대조,0,20.0,4.0,143.97,53.0,2.0,7.78,0.0,3.0,1,4.0,2.0,2.0,153.68,3.0,20.0,1,1,20.0,1.6094379124341003,4.976526824462806,0.05403903591025908,0,3.0,0.030190840362984906,-3.4695607303614064,True
754,대조,0,22.0,5.0,198.67000000000002,90.0,3.0,6.6899999999999995,0.0,4.0,0,5.58,3.0,3.0,81.03,2.0,22.0,1,1,22.0,1.791759469228055,5.296666003798807,0.03367393164544218,0,4.0,0.021981435486140212,-3.795330396390625,True
755,처치,1,2.0,21.0,907.1,281486.0,6.0,20.5,6.0,6.0,1,5.0,2.0,1.0,283.25,10.0,2.0,1,1,2.0,3.091042453358316,6.811354504695783,0.022599492889427846,1,6.0,0.20514220844521636,-1.3544597817334871,True
757,대조,0,11.0,5.0,258.42,84.0,0.0,0.0,0.0,1.0,0,2.56,1.0,1.0,172.6,2.0,11.0,1,1,11.0,1.791759469228055,5.558448369912527,0.0,0,1.0,0.007475381460814163,-4.888636667305474,False
759,대조,0,4.0,5.0,200.47,54.0,0.0,0.0,0.0,1.0,0,11.18,4.0,4.0,202.47,5.0,4.0,1,1,4.0,1.791759469228055,5.305640486927818,0.0,0,1.0,0.004996619366356378,-5.293984577745956,False
760,대조,0,,0.0,0.0,0.0,0.0,0.0,0.0,3.0,0,0.0,0.0,0.0,0.0,0.0,90.0,0,0,90.0,0.0,0.0,0.0,0,3.0,2.1941178016981387e-05,-10.727123470478904,False
763,대조,0,27.0,6.0,268.43,142.0,0.0,0.0,0.0,2.0,0,0.0,0.0,0.0,0.0,0.0,27.0,0,0,27.0,1.9459101490553132,5.596308616350968,0.0,0,2.0,0.01168422712308085,-4.437762431710388,False
764,대조,0,2.0,29.0,720.02,54219.0,3.0,7.09,0.0,1.0,1,5.1899999999999995,2.0,2.0,398.96,12.0,2.0,1,1,2.0,3.4011973816621555,6.5806668761512634,0.00984694869586956,0,1.0,0.05486981556077158,-2.846359289637253,True
768,대조,0,1.0,74.0,1194.15,90703.0,0.0,0.0,3.0,4.0,1,0.0,0.0,0.0,443.63,24.0,1.0,0,1,1.0,4.31748811353631,7.086026979500809,0.0,1,4.0,0.13972687007947962,-1.817560342689665,True
769,대조,0,1.0,10.0,239.5,100.0,0.0,0.0,0.0,1.0,0,2.13,1.0,1.0,90.75,1.0,1.0,1,1,1.0,2.3978952727983707,5.482720089545816,0.0,0,1.0,0.006236288216941601,-5.071114295527025,False
776,대조,0,1.0,14.0,250.88,136.0,0.0,0.0,0.0,4.0,0,0.0,0.0,0.0,9.46,2.0,1.0,0,1,1.0,2.70805020110221,5.528952783620542,0.0,0,4.0,0.012350939388842975,-4.381595308782991,True
778,대조,0,36.0,4.0,73.0,38.0,0.0,0.0,0.0,3.0,0,0.0,0.0,0.0,0.0,0.0,36.0,0,0,36.0,1.6094379124341003,4.30406509320417,0.0,0,3.0,0.0030415209902183026,-5.792351407139971,False
780,대조,0,,0.0,0.0,0.0,0.0,0.0,0.0,2.0,0,0.0,0.0,0.0,12.47,1.0,90.0,0,1,90.0,0.0,0.0,0.0,0,2.0,1.788114251494266e-05,-10.931746009911969,False
784,대조,0,9.0,21.0,499.71,67828.0,2.0,8.0,0.0,4.0,1,8.0,2.0,1.0,272.96999999999997,11.0,9.0,1,1,9.0,3.091042453358316,6.216027091175606,0.016009285385523604,0,4.0,0.07542383108003946,-2.506212149600161,True
785,대조,0,2.0,22.0,354.32,20307.0,0.0,0.0,0.0,1.0,1,0.0,0.0,0.0,61.49,4.0,2.0,0,1,2.0,3.1354942159291497,5.8730187919015,0.0,0,1.0,0.018657170630496104,-3.962691311397514,True
787,대조,0,2.0,34.0,375.24,151.0,7.0,19.560000000000002,0.0,3.0,1,6.1899999999999995,2.0,2.0,100.33,10.0,2.0,1,1,2.0,3.5553480614894135,5.930227237636792,0.05212663895107132,0,3.0,0.0831070792686692,-2.4008608061645074,True
790,대조,0,5.0,18.0,841.97,261.0,1.0,2.5,0.0,2.0,1,2.69,1.0,1.0,182.97,3.0,5.0,1,1,5.0,2.9444389791664403,6.736931370180004,0.0029692269320759647,0,2.0,0.07103009943449501,-2.5709726155640276,True
793,대조,0,5.0,12.0,284.43,109.0,0.0,0.0,2.0,1.0,0,0.0,0.0,0.0,86.32000000000001,6.0,5.0,0,1,5.0,2.5649493574615367,5.653996815145666,0.0,1,1.0,0.0076636661142974825,-4.863571621820099,False
795,대조,0,7.0,3.0,54.120000000000005,16.0,0.0,0.0,0.0,1.0,0,4.0,2.0,2.0,136.82999999999998,6.0,7.0,1,1,7.0,1.3862943611198906,4.009512626705403,0.0,0,1.0,0.0009741292938315694,-6.9329919138585305,False
797,대조,0,12.0,13.0,377.15000000000003,107.0,4.0,11.18,0.0,5.0,1,14.99,1.0,1.0,96.04,1.0,12.0,1,1,12.0,2.6390573296152584,5.935290942302038,0.029643377966326392,0,5.0,0.0853436250846382,-2.3718626931999887,True
802,대조,0,52.0,6.0,247.04,90.0,0.0,0.0,0.0,3.0,1,0.0,0.0,0.0,63.58,3.0,52.0,0,1,52.0,1.9459101490553132,5.513590023481677,0.0,0,3.0,0.029797584495845304,-3.4830773924654976,True
803,대조,0,7.0,8.0,196.42000000000002,81.0,2.0,5.99,0.0,3.0,1,0.0,0.0,0.0,195.05,8.0,7.0,0,1,7.0,2.1972245773362196,5.285333438989742,0.030495876183688014,0,3.0,0.024706613785983267,-3.6756673622651936,True
805,대조,0,2.0,55.0,967.85,27729.0,0.0,0.0,4.0,7.0,0,8.49,6.0,2.0,636.35,39.0,2.0,1,1,2.0,4.02535169073515,6.876109801146591,0.0,1,6.0,0.09629953935553529,-2.2390344212783777,True
807,처치,1,4.0,11.0,365.42,10749.0,17.0,61.34,2.0,4.0,0,40.07,24.0,13.0,422.24,14.0,4.0,1,1,4.0,2.4849066497880004,5.903780216463098,0.16786163866236112,1,4.0,0.36738903300452674,-0.5434343250552065,True
808,대조,0,11.0,25.0,285.53000000000003,20433.0,2.0,8.0,0.0,2.0,1,2.77,1.0,1.0,142.58,14.0,11.0,1,1,11.0,3.258096538021482,5.657843242714756,0.02801807165621826,0,2.0,0.03386246153169774,-3.3509991320485746,True
812,대조,0,4.0,5.0,63.58,31.0,0.0,0.0,0.0,3.0,0,0.0,0.0,0.0,7.52,1.0,4.0,0,1,4.0,1.791759469228055,4.167904765330129,0.0,0,3.0,0.00176910740599267,-6.335509475868621,False
817,대조,0,2.0,23.0,650.16,332.0,1.0,2.0,0.0,6.0,1,1.89,1.0,1.0,317.99,8.0,2.0,1,1,2.0,3.1780538303479458,6.478755387740309,0.0030761658668635415,0,6.0,0.108853047069205,-2.102510563633918,True
820,대조,0,7.0,31.0,755.65,9780.0,0.0,0.0,0.0,2.0,0,3.49,1.0,1.0,275.78,10.0,7.0,1,1,7.0,3.4657359027997265,6.628900795133035,0.0,0,2.0,0.036392058263425946,-3.2763339411806505,True
823,대조,0,7.0,15.0,247.53,6606.0,1.0,2.5,0.0,2.0,1,0.0,0.0,0.0,241.09,7.0,7.0,0,1,7.0,2.772588722239781,5.515563562596163,0.010099785884539247,0,2.0,0.018535952463694515,-3.969333160337469,True
830,대조,0,26.0,6.0,106.96,47.0,0.0,0.0,0.0,4.0,0,0.0,0.0,0.0,22.61,4.0,26.0,0,1,26.0,1.9459101490553132,4.681760788149804,0.0,0,4.0,0.005450694229714645,-5.206546693355003,False
834,대조,0,52.0,1.0,1.0,1.0,0.0,0.0,0.0,2.0,0,0.0,0.0,0.0,0.0,0.0,52.0,0,0,52.0,0.6931471805599453,0.6931471805599453,0.0,0,2.0,2.86293716394144e-05,-10.461048756941494,False
836,대조,0,17.0,1.0,34.63,14.0,0.0,0.0,0.0,2.0,0,0.0,0.0,0.0,56.55,3.0,17.0,0,1,17.0,0.6931471805599453,3.5731879796177446,0.0,0,2.0,0.0007434135163121411,-7.203514428532327,False
841,대조,0,7.0,37.0,594.53,9547.0,0.0,0.0,0.0,1.0,0,0.0,0.0,0.0,393.42,18.0,7.0,0,1,7.0,3.6375861597263857,6.389451765360188,0.0,0,1.0,0.02237821689426235,-3.777034844759372,True
844,대조,0,13.0,23.0,765.53,269.0,3.0,9.18,0.0,4.0,1,4.6899999999999995,2.0,2.0,336.62,9.0,13.0,1,1,13.0,3.1780538303479458,6.641873836489209,0.011991692030358053,0,4.0,0.11998578345305194,-1.9925647979695362,True
850,대조,0,8.0,12.0,284.84,120.0,0.0,0.0,0.0,3.0,0,0.0,0.0,0.0,116.05,3.0,8.0,0,1,8.0,2.5649493574615367,5.655432213715154,0.0,0,3.0,0.012746621214026569,-4.349660488919217,True
852,대조,0,13.0,12.0,166.19,99.0,1.0,2.69,0.0,1.0,1,0.0,0.0,0.0,193.53,8.0,13.0,0,1,13.0,2.5649493574615367,5.119130890249554,0.016186292797400567,0,1.0,0.011029515271116543,-4.496089601735768,False
854,대조,0,29.0,3.0,26.89,13.0,0.0,0.0,0.0,1.0,0,36.769999999999996,22.0,14.0,202.3,4.0,29.0,1,1,29.0,1.3862943611198906,3.3282682016393976,0.0,0,1.0,0.000530654377756047,-7.540868842766461,False
857,처치,1,10.0,7.0,639.52,267.0,6.0,12.530000000000001,0.0,4.0,1,0.0,0.0,0.0,167.88,1.0,10.0,0,1,10.0,2.0794415416798357,6.462280346454276,0.019592819614711036,0,4.0,0.10320164383761839,-2.162146257172986,True
861,대조,0,,0.0,0.0,0.0,0.0,0.0,0.0,1.0,0,0.0,0.0,0.0,77.63,2.0,90.0,0,1,90.0,0.0,0.0,0.0,0,1.0,1.457237242128024e-05,-11.136368549345034,False
862,대조,0,11.0,15.0,307.38,162.0,0.0,0.0,0.0,1.0,0,2.0,2.0,2.0,110.3,4.0,11.0,1,1,11.0,2.772588722239781,5.731332788743207,0.0,0,1.0,0.00980141534845708,-4.615378715009723,False
863,대조,0,1.0,40.0,748.09,74334.0,5.0,10.0,0.0,3.0,1,12.25,5.0,5.0,408.37,23.0,1.0,1,1,1.0,3.713572066704308,6.618859136512177,0.013367375583151759,0,3.0,0.09012883039225794,-2.3120629220420836,True
867,대조,0,4.0,28.0,864.09,101681.0,2.0,3.08,1.0,3.0,1,9.68,2.0,2.0,505.62,11.0,4.0,1,1,4.0,3.367295829986474,6.762833547762219,0.003564443518614959,1,3.0,0.0848959328717232,-2.377611606131534,True
871,대조,0,2.0,21.0,1405.54,16294.0,4.0,15.97,0.0,6.0,1,2.5,1.0,1.0,903.24,10.0,2.0,1,1,2.0,3.091042453358316,7.2488880669140725,0.01136218108342701,0,6.0,0.27745026103271536,-0.9571445828788997,True
873,대조,0,4.0,17.0,500.54,45404.0,0.0,0.0,0.0,4.0,0,0.0,0.0,0.0,0.0,0.0,4.0,0,0,4.0,2.8903717578961645,6.21768336493912,0.0,0,4.0,0.03053150894494491,-3.457988743438067,True
877,대조,0,18.0,12.0,467.18,172.0,1.0,3.89,2.0,4.0,0,3.69,1.0,1.0,232.17000000000002,3.0,18.0,1,1,18.0,2.5649493574615367,6.148852837356725,0.008326555075131642,1,4.0,0.03571776575205647,-3.2957358207592486,True
879,처치,1,1.0,27.0,608.9300000000001,60549.0,1.0,4.0,0.0,1.0,1,2.77,1.0,1.0,147.35,7.0,1.0,1,1,1.0,3.332204510175204,6.413344196484241,0.006568899545103706,0,1.0,0.041417156367753456,-3.1417607892412853,True
882,대조,0,1.0,48.0,497.91,229.0,0.0,0.0,0.0,3.0,1,0.0,0.0,0.0,238.4,21.0,1.0,0,1,1.0,3.8918202981106265,6.212425718763125,0.0,0,3.0,0.04344715090879744,-3.091790762090096,True
885,대조,0,2.0,5.0,77.76,37.0,0.0,0.0,0.0,1.0,0,0.0,0.0,0.0,655.87,13.0,2.0,0,1,2.0,1.791759469228055,4.366405253770925,0.0,0,1.0,0.0014783511169469737,-6.515348477503014,False
886,대조,0,5.0,14.0,242.04999999999998,61355.0,0.0,0.0,0.0,3.0,1,2.75,1.0,1.0,400.74,10.0,5.0,1,1,5.0,2.70805020110221,5.493267183491464,0.0,0,3.0,0.017547667997830068,-4.025130762053947,True
891,대조,0,6.0,14.0,1033.05,442.0,1.0,4.76,0.0,7.0,0,0.0,0.0,0.0,729.07,10.0,6.0,0,1,6.0,2.70805020110221,6.941238409798685,0.004607715018634142,0,6.0,0.11724502444770206,-2.018781700203566,True
893,대조,0,4.0,27.0,1199.68,466.0,0.0,0.0,0.0,2.0,0,0.0,0.0,0.0,565.98,15.0,4.0,0,1,4.0,3.332204510175204,7.090643341947831,0.0,0,2.0,0.06120881924836041,-2.7303017852596105,True
901,대조,0,2.0,11.0,428.16,219.0,3.0,12.79,0.0,3.0,0,0.0,0.0,0.0,0.0,0.0,2.0,0,0,2.0,2.4849066497880004,6.061829809768546,0.029872010463378174,0,3.0,0.035532248746409645,-3.3011356965588923,True
903,대조,0,4.0,4.0,342.14,80.0,3.0,10.19,0.0,3.0,1,9.98,2.0,2.0,142.7,3.0,4.0,1,1,4.0,1.6094379124341003,5.83813852715528,0.02978312971298299,0,3.0,0.04511278438546924,-3.0524275608072235,True
906,처치,1,6.0,36.0,604.86,43951.0,4.0,19.78,0.0,5.0,1,22.7,16.0,5.0,275.05,18.0,6.0,1,1,6.0,3.6109179126442243,6.4066489362770564,0.032701782230598817,0,5.0,0.15089455666377644,-1.7276020830476928,True
907,대조,0,4.0,14.0,191.57,88.0,0.0,0.0,0.0,3.0,0,0.0,0.0,0.0,137.95,7.0,4.0,0,1,4.0,2.70805020110221,5.260459723991796,0.0,0,3.0,0.007442933902923612,-4.893019395331947,False
911,대조,0,11.0,14.0,827.37,358.0,2.0,5.98,1.0,3.0,1,2.19,1.0,1.0,288.73,5.0,11.0,1,1,11.0,2.70805020110221,6.719459914476488,0.007227721575594958,1,3.0,0.09020419117889382,-2.3111442970347076,True
913,대조,0,6.0,4.0,40.95,13.0,0.0,0.0,0.0,2.0,0,9.07,3.0,3.0,191.44,3.0,6.0,1,1,6.0,1.6094379124341003,3.7364784329132155,0.0,0,2.0,0.0008441240551435279,-7.076366608873833,False
915,대조,0,2.0,23.0,163.52,100.0,0.0,0.0,0.0,2.0,1,1.99,1.0,1.0,81.81,12.0,2.0,1,1,2.0,3.1780538303479458,5.103032143362223,0.0,0,2.0,0.0086834361161913,-4.7376166058949005,False
916,대조,0,9.0,44.0,877.59,50066.0,2.0,3.5,0.0,4.0,0,0.0,0.0,0.0,637.04,26.0,9.0,0,1,9.0,3.8066624897703196,6.778318349733223,0.003988194942968812,0,4.0,0.07218345414801404,-2.5536231728729066,True
918,대조,0,41.0,2.0,20.0,4351.0,0.0,0.0,0.0,5.0,0,0.0,0.0,0.0,0.0,0.0,41.0,0,0,41.0,1.0986122886681098,3.044522437723423,0.0,0,5.0,0.0009506385799589888,-6.9574255190339125,False
919,대조,0,2.0,20.0,183.4,144.0,0.0,0.0,0.0,1.0,0,0.0,0.0,0.0,105.8,7.0,2.0,0,1,2.0,3.044522437723423,5.2171073111224935,0.0,0,1.0,0.004664315252679199,-5.363139012333051,False
922,대조,0,4.0,31.0,685.3000000000001,40704.0,4.0,10.870000000000001,0.0,4.0,1,8.280000000000001,2.0,2.0,281.79,12.0,4.0,1,1,4.0,3.4657359027997265,6.531314849914589,0.015861666423464177,0,4.0,0.10468021700149596,-2.14627080323986,True
923,대조,0,11.0,17.0,561.55,73844.0,0.0,0.0,0.0,2.0,0,0.0,0.0,0.0,219.79,9.0,11.0,0,1,11.0,2.8903717578961645,6.332480019017081,0.0,0,2.0,0.02563395360969901,-3.637869265101557,True
924,대조,0,2.0,11.0,376.71,128.0,0.0,0.0,0.0,3.0,0,0.0,0.0,0.0,125.56,6.0,2.0,0,1,2.0,2.4849066497880004,5.934126705407111,0.0,0,3.0,0.016795201236638115,-4.069724234070204,True
925,대조,0,1.0,20.0,86.49000000000001,59.0,0.0,0.0,0.0,1.0,0,0.0,0.0,0.0,4.99,1.0,1.0,0,1,1.0,3.044522437723423,4.471524501118173,0.0,0,1.0,0.0017864895393434473,-6.325714648694365,False
926,대조,0,5.0,29.0,631.94,76961.0,1.0,2.44,0.0,9.0,1,0.0,0.0,0.0,380.95,8.0,5.0,0,1,5.0,3.4011973816621555,6.450375630921773,0.0038611260562711647,0,6.0,0.11153039884278468,-2.0752032442395887,True
927,대조,0,13.0,4.0,128.25,28.0,1.0,2.5,0.0,1.0,0,0.0,0.0,0.0,32.550000000000004,4.0,13.0,0,1,13.0,1.6094379124341003,4.861748513388538,0.01949317738791423,0,1.0,0.004642514638894163,-5.36784578692741,False
928,대조,0,7.0,23.0,619.32,248.0,2.0,6.0,0.0,5.0,0,0.0,0.0,0.0,80.3,9.0,7.0,0,1,7.0,3.1780538303479458,6.430235473922619,0.009688044952528578,0,5.0,0.06094943936949329,-2.7348246652641497,True
929,처치,1,4.0,51.0,1052.31,60587.0,6.0,11.17,2.0,4.0,1,10.0,10.0,6.0,382.13,15.0,4.0,1,1,4.0,3.9512437185814275,6.959692865768757,0.0106147428039266,1,4.0,0.14835518779500367,-1.7475602367293126,True
935,대조,0,4.0,3.0,142.07,24779.0,4.0,10.0,0.0,1.0,0,5.99,1.0,1.0,96.35000000000001,5.0,4.0,1,1,4.0,1.3862943611198906,4.963334020978243,0.07038783698176955,0,1.0,0.013061145512458157,-4.324966255118242,True
938,대조,0,4.0,5.0,111.71000000000001,33.0,0.0,0.0,0.0,2.0,0,0.0,0.0,0.0,0.0,0.0,4.0,0,0,4.0,1.791759469228055,4.724818148253988,0.0,0,2.0,0.002929497326116411,-5.829990635021726,False
939,대조,0,4.0,29.0,1166.13,788.0,4.0,4.0,0.0,2.0,1,5.0,5.0,2.0,528.93,11.0,4.0,1,1,4.0,3.4011973816621555,7.062303022826187,0.0034301492972481622,0,2.0,0.10583626272262653,-2.133995701169847,True
940,대조,0,5.0,8.0,167.23000000000002,67.0,0.0,0.0,0.0,1.0,0,0.0,0.0,0.0,167.07,3.0,5.0,0,1,5.0,2.1972245773362196,5.125332090731069,0.0,0,1.0,0.004109981635655122,-5.4902182678707945,False
941,대조,0,2.0,8.0,103.99,42.0,0.0,0.0,0.0,5.0,1,18.87,7.0,7.0,318.74,12.0,2.0,1,1,2.0,2.1972245773362196,4.65386510752685,0.0,0,5.0,0.00858339437356136,-4.749305385220605,False
943,대조,0,37.0,7.0,206.13,109.0,0.0,0.0,0.0,3.0,0,1.5,1.0,1.0,171.98,4.0,37.0,1,1,37.0,2.0794415416798357,5.333346615467431,0.0,0,3.0,0.011627157812315575,-4.442716444684599,False
944,대조,0,12.0,14.0,383.86,63319.0,0.0,0.0,0.0,1.0,0,0.0,0.0,0.0,290.4,10.0,12.0,0,1,12.0,2.70805020110221,5.952879631792413,0.0,0,1.0,0.01306721026857631,-4.3244958821547455,True
946,대조,0,12.0,23.0,364.14,189.0,0.0,0.0,0.0,3.0,1,3.89,1.0,1.0,221.63,9.0,12.0,1,1,12.0,3.1780538303479458,5.9002808416853645,0.0,0,3.0,0.032362885395187196,-3.397844881681156,True
947,대조,0,4.0,26.0,253.64000000000001,134.0,0.0,0.0,0.0,7.0,1,0.0,0.0,0.0,153.19,14.0,4.0,0,1,4.0,3.295836866004329,5.539850782973837,0.0,0,6.0,0.03448717957707633,-3.3320717317997306,True
952,대조,0,1.0,15.0,269.63,119.0,0.0,0.0,0.0,4.0,0,3.79,1.0,1.0,119.72,4.0,1.0,1,1,1.0,2.772588722239781,5.600752574336657,0.0,0,4.0,0.013565514898657403,-4.2865660085324215,True
953,대조,0,7.0,33.0,948.23,14392.0,6.0,28.490000000000002,0.0,2.0,0,0.0,0.0,0.0,203.64000000000001,9.0,7.0,0,1,7.0,3.5263605246161616,6.855651129624742,0.030045453107368468,0,2.0,0.08512509336020385,-2.3746654806628773,True
954,대조,0,5.0,8.0,354.62,187.0,6.0,14.67,0.0,3.0,0,0.0,0.0,0.0,183.2,3.0,5.0,0,1,5.0,2.1972245773362196,5.873862745027802,0.04136822514240596,0,3.0,0.03599828449783755,-3.287621789692689,True
957,대조,0,1.0,63.0,343.32,168.0,1.0,1.5,0.0,4.0,0,1.69,1.0,1.0,182.57,25.0,1.0,1,1,1.0,4.1588830833596715,5.841571457533365,0.004369101712687872,0,4.0,0.02153605948307414,-3.8162552188720635,True
960,대조,0,10.0,8.0,242.89000000000001,15065.0,0.0,0.0,0.0,5.0,1,0.0,0.0,0.0,98.44,5.0,10.0,0,1,10.0,2.1972245773362196,5.496717303971331,0.0,0,5.0,0.027127241009025086,-3.5797148754934742,True
964,대조,0,2.0,25.0,337.28000000000003,158.0,0.0,0.0,0.0,1.0,0,0.0,0.0,0.0,304.88,15.0,2.0,0,1,2.0,3.258096538021482,5.8238739549140215,0.0,0,1.0,0.010171627724758475,-4.577929317909434,False
965,대조,0,39.0,1.0,94.44,46.0,0.0,0.0,0.0,1.0,0,0.0,0.0,0.0,131.62,2.0,39.0,0,1,39.0,0.6931471805599453,4.55849777778966,0.0,0,1.0,0.0027567909187216516,-5.890927388468514,False
971,대조,0,5.0,28.0,765.64,5308.0,0.0,0.0,0.0,3.0,1,6.98,2.0,2.0,235.35,6.0,5.0,1,1,5.0,3.367295829986474,6.6420173300355065,0.0,0,3.0,0.0741362126211007,-2.524823013695768,True
975,대조,0,7.0,26.0,704.15,120109.0,1.0,4.49,0.0,4.0,0,0.0,0.0,0.0,242.18,9.0,7.0,0,1,7.0,3.295836866004329,6.55841054613825,0.006376482283604346,0,4.0,0.05536675446558638,-2.836817438477815,True
978,대조,0,1.0,8.0,390.75,128.0,0.0,0.0,0.0,3.0,0,9.870000000000001,4.0,3.0,230.55,7.0,1.0,1,1,1.0,2.1972245773362196,5.97062388123613,0.0,0,3.0,0.017115141973748024,-4.050528412818181,True
984,대조,0,1.0,7.0,289.75,203.0,0.0,0.0,0.0,1.0,0,0.0,0.0,0.0,72.73,1.0,1.0,0,1,1.0,2.0794415416798357,5.672463791398774,0.0,0,1.0,0.007796061446173506,-4.84631000600439,False
986,대조,0,1.0,13.0,237.26,96.0,0.0,0.0,0.0,2.0,1,0.0,0.0,0.0,117.79,8.0,1.0,0,1,1.0,2.6390573296152584,5.473362514371215,0.0,0,2.0,0.013304386144521346,-4.306267830423829,True
987,대조,0,18.0,9.0,422.97,170.0,1.0,1.73,0.0,3.0,0,0.0,0.0,0.0,37.13,2.0,18.0,0,1,18.0,2.302585092994046,6.049662698011744,0.00409012459512495,0,3.0,0.025096741376001278,-3.659600232098584,True
989,처치,1,7.0,22.0,559.68,13658.0,0.0,0.0,0.0,7.0,0,8.75,7.0,3.0,356.11,10.0,7.0,1,1,7.0,3.1354942159291497,6.329150332794857,0.0,0,6.0,0.05427712483273211,-2.8578467179571665,True
993,처치,1,1.0,20.0,487.23,9377.0,6.0,21.98,0.0,7.0,1,4.79,2.0,2.0,221.99,6.0,1.0,1,1,1.0,3.044522437723423,6.190786606296189,0.04511216468608255,0,6.0,0.1629634839636778,-1.6363415458746182,True
995,대조,0,,0.0,0.0,0.0,0.0,0.0,0.0,3.0,0,0.0,0.0,0.0,0.0,0.0,90.0,0,0,90.0,0.0,0.0,0.0,0,3.0,2.1941178016981387e-05,-10.727123470478904,False
996,대조,0,4.0,29.0,378.28000000000003,172.0,2.0,13.48,0.0,5.0,1,0.0,0.0,0.0,173.88,15.0,4.0,0,1,4.0,3.4011973816621555,5.938274718593863,0.03563497938035318,0,5.0,0.09109278166175643,-2.300364453132908,True
999,대조,0,6.0,12.0,565.0500000000001,221.0,4.0,22.62,0.0,3.0,0,13.75,5.0,1.0,74.46000000000001,1.0,6.0,1,1,6.0,2.5649493574615367,6.338682413524118,0.040031855588001056,0,3.0,0.0635446391551455,-2.6903592170596307,True
1000,대조,0,2.0,22.0,538.93,19057.0,0.0,0.0,0.0,3.0,0,0.0,0.0,0.0,240.43,8.0,2.0,0,1,2.0,3.1354942159291497,6.291439501526043,0.0,0,3.0,0.02714414884776063,-3.579074411242834,True
1001,대조,0,13.0,19.0,978.15,402.0,6.0,43.45,0.0,3.0,1,11.98,6.0,3.0,471.17,11.0,13.0,1,1,13.0,2.995732273553991,6.886684848362846,0.04442058988907632,0,3.0,0.2249172876534121,-1.237237025077212,True
1003,대조,0,26.0,4.0,168.37,73.0,0.0,0.0,0.0,2.0,1,0.0,0.0,0.0,46.56,1.0,26.0,0,1,26.0,1.6094379124341003,5.13208567090303,0.0,0,2.0,0.01098142040020898,-4.500508327483735,False
1004,대조,0,2.0,56.0,623.03,90125.0,0.0,0.0,0.0,5.0,1,3.39,1.0,1.0,200.51,18.0,2.0,1,1,2.0,4.04305126783455,6.4361984441368465,0.0,0,5.0,0.08492730798429549,-2.377207816532598,True
1005,대조,0,7.0,35.0,428.09000000000003,242.0,5.0,8.379999999999999,0.0,3.0,0,2.75,1.0,1.0,115.49,4.0,7.0,1,1,7.0,3.58351893845611,6.0616666871349185,0.01957532294610946,0,3.0,0.032555230567957776,-3.391720288339299,True
1010,대조,0,6.0,17.0,532.39,55289.0,0.0,0.0,0.0,1.0,0,0.0,0.0,0.0,117.63,5.0,6.0,0,1,6.0,2.8903717578961645,6.279252863915631,0.0,0,1.0,0.018530419658839125,-3.9696373326296723,True
1012,대조,0,37.0,9.0,392.92,5742.0,0.0,0.0,0.0,4.0,1,0.0,0.0,0.0,121.72,4.0,37.0,0,1,37.0,2.302585092994046,5.976147842996089,0.0,0,4.0,0.05482376457124448,-2.8472476426135485,True
1015,대조,0,6.0,12.0,373.67,198.0,14.0,34.99,1.0,5.0,1,5.88,2.0,2.0,220.88,5.0,6.0,1,1,6.0,2.5649493574615367,5.926045638543103,0.09363877217866032,1,5.0,0.22647341129197288,-1.2283324953710628,True
1016,처치,1,14.0,7.0,933.21,289.0,9.0,26.64,0.0,3.0,0,2.0,1.0,1.0,288.7,1.0,14.0,1,1,14.0,2.0794415416798357,6.839701252356681,0.028546629376024688,0,3.0,0.09835019047235719,-2.215691725392631,True
1018,대조,0,2.0,15.0,335.4,159.0,0.0,0.0,0.0,5.0,1,0.0,0.0,0.0,61.82,8.0,2.0,0,1,2.0,2.772588722239781,5.818300928098793,0.0,0,5.0,0.03792389025784536,-3.2335123003796644,True
1019,대조,0,11.0,7.0,199.88,60.0,0.0,0.0,0.0,1.0,0,0.0,0.0,0.0,107.83,6.0,11.0,0,1,11.0,2.0794415416798357,5.30270771484933,0.0,0,1.0,0.005490376850771656,-5.1992528783230565,False
1021,대조,0,4.0,17.0,251.2,57.0,1.0,2.5,0.0,1.0,1,0.0,0.0,0.0,63.2,7.0,4.0,0,1,4.0,2.8903717578961645,5.5302224235308195,0.009952229299363059,0,1.0,0.0149574008432909,-4.187478671081774,True
1025,대조,0,14.0,6.0,611.92,281.0,0.0,0.0,0.0,3.0,0,1.85,2.0,2.0,378.0,3.0,14.0,1,1,14.0,1.9459101490553132,6.418234421709975,0.0,0,3.0,0.034251192522342454,-3.3391823844582023,True
1031,대조,0,89.0,1.0,33.97,16995.0,0.0,0.0,0.0,2.0,1,0.0,0.0,0.0,0.0,0.0,89.0,0,0,89.0,0.6931471805599453,3.5544905510752844,0.0,0,2.0,0.0029746654060055023,-5.8146446163625125,False
1034,대조,0,2.0,1.0,11.79,2.0,0.0,0.0,0.0,2.0,0,0.0,0.0,0.0,109.32,7.0,2.0,0,1,2.0,0.6931471805599453,2.548663615590751,0.0,0,2.0,0.00016861144616622573,-8.687744999558838,False
1038,대조,0,48.0,25.0,122.53,98.0,0.0,0.0,0.0,2.0,1,0.0,0.0,0.0,9.27,1.0,48.0,0,1,48.0,3.258096538021482,4.816484041548723,0.0,0,2.0,0.010421802443318105,-4.55337878869268,False
1039,대조,0,4.0,13.0,868.58,283.0,2.0,6.99,2.0,4.0,0,0.0,0.0,0.0,157.95,3.0,4.0,0,1,4.0,2.6390573296152584,6.76801033646248,0.00804761795113864,1,4.0,0.0645337305493657,-2.6738570475290766,True
1045,대조,0,4.0,44.0,726.44,58606.0,5.0,10.25,0.0,5.0,1,0.0,0.0,0.0,292.12,11.0,4.0,0,1,4.0,3.8066624897703196,6.5895315214176575,0.014109905842189305,0,5.0,0.13186352413482835,-1.8845814528951321,True
1047,대조,0,14.0,6.0,137.75,58.0,1.0,1.5,0.0,2.0,0,0.0,0.0,0.0,52.230000000000004,5.0,14.0,0,1,14.0,1.9459101490553132,4.932673752626544,0.010889292196007259,0,2.0,0.005392790878565389,-5.217284855370528,False
1048,대조,0,1.0,6.0,165.83,15286.0,1.0,4.49,0.0,1.0,0,0.0,0.0,0.0,89.84,2.0,1.0,0,1,1.0,1.9459101490553132,5.116975329867582,0.027075921124042692,0,1.0,0.006608463903970722,-5.012773645360145,False
1050,대조,0,4.0,14.0,748.6800000000001,50071.0,0.0,0.0,0.0,5.0,0,6.0,3.0,3.0,644.28,12.0,4.0,1,1,4.0,2.70805020110221,6.619646448815568,0.0,0,5.0,0.06005143194364411,-2.7506237648359346,True
1051,대조,0,25.0,8.0,344.78000000000003,147.0,1.0,2.5,0.0,1.0,0,3.57,3.0,1.0,322.55,6.0,25.0,1,1,25.0,2.1972245773362196,5.84580273467663,0.007251000638088055,0,1.0,0.014958742704902642,-4.187387600649168,True
1053,대조,0,6.0,15.0,624.66,295.0,0.0,0.0,0.0,5.0,1,0.0,0.0,0.0,204.88,5.0,6.0,0,1,6.0,2.772588722239781,6.4388070925606185,0.0,0,5.0,0.08356529632659399,-2.3948625012360356,True
1055,대조,0,5.0,15.0,176.69,91.0,0.0,0.0,0.0,5.0,0,0.0,0.0,0.0,5.74,1.0,5.0,0,1,5.0,2.772588722239781,5.1800404589569835,0.0,0,5.0,0.010241725896939474,-4.570990595709906,False
1060,처치,1,5.0,7.0,352.42,2328.0,1.0,1.89,0.0,8.0,1,0.0,0.0,0.0,18.01,1.0,5.0,0,1,5.0,2.0794415416798357,5.86765715137991,0.0053629192440837635,0,6.0,0.05422013240499953,-2.858957557807835,True
1061,대조,0,2.0,32.0,1502.53,44017.0,1.0,1.0,0.0,3.0,0,0.0,0.0,0.0,831.36,20.0,2.0,0,1,2.0,3.4965075614664802,7.315570955671485,0.000665544115591702,0,3.0,0.09619527529737913,-2.2402330814283116,True
1062,대조,0,1.0,26.0,92.46,93.0,0.0,0.0,0.0,2.0,1,0.0,0.0,0.0,57.99,15.0,1.0,0,1,1.0,3.295836866004329,4.53753353727228,0.0,0,2.0,0.004217783723987519,-5.464218769116613,False
1065,대조,0,17.0,6.0,690.39,296.0,0.0,0.0,0.0,5.0,0,0.0,0.0,0.0,220.46,1.0,17.0,0,1,17.0,1.9459101490553132,6.5387040639753495,0.0,0,5.0,0.06061074448805293,-2.7407577567782284,True
1071,대조,0,6.0,11.0,331.52,201.0,5.0,5.4,0.0,3.0,0,0.0,0.0,0.0,99.78,5.0,6.0,0,1,6.0,2.4849066497880004,5.8067000086628875,0.01628861003861004,0,3.0,0.020744957307104316,-3.8544889262807915,True
1072,대조,0,11.0,7.0,307.15,256.0,0.0,0.0,0.0,2.0,0,0.0,0.0,0.0,26.12,2.0,11.0,0,1,11.0,2.0794415416798357,5.730586677408252,0.0,0,2.0,0.011554875674679688,-4.449025642753801,False
1075,대조,0,4.0,11.0,176.25,59.0,0.0,0.0,0.0,1.0,0,0.0,0.0,0.0,118.78,4.0,4.0,0,1,4.0,2.4849066497880004,5.177561165412237,0.0,0,1.0,0.004407697885599928,-5.419985306805327,False
1076,대조,0,4.0,13.0,242.85999999999999,69.0,1.0,3.49,0.0,1.0,1,0.0,0.0,0.0,181.85999999999999,5.0,4.0,0,1,4.0,2.6390573296152584,5.496594290132118,0.01437041917153916,0,1.0,0.015454242307275351,-4.154296826454521,True
1083,대조,0,6.0,11.0,243.37,5080.0,0.0,0.0,0.0,1.0,0,0.0,0.0,0.0,68.85,5.0,6.0,0,1,6.0,2.4849066497880004,5.498683470172258,0.0,0,1.0,0.006781174779697742,-4.986800649278214,False
1084,대조,0,7.0,26.0,212.75,108.0,2.0,1.88,0.0,6.0,1,0.0,0.0,0.0,102.73,11.0,7.0,0,1,7.0,3.295836866004329,5.36480710781687,0.008836662749706228,0,6.0,0.034206936508758216,-3.3405211458792814,True
1087,대조,0,16.0,4.0,350.93,153.0,1.0,4.49,0.0,6.0,0,0.0,0.0,0.0,3.88,2.0,16.0,0,1,16.0,1.6094379124341003,5.863432292185738,0.01279457441655031,0,6.0,0.040398737058960334,-3.167719323514988,True
1088,대조,0,5.0,12.0,138.45,117.0,0.0,0.0,0.0,2.0,0,0.0,0.0,0.0,79.87,5.0,5.0,0,1,5.0,2.5649493574615367,4.937706114073498,0.0,0,2.0,0.00404973069515433,-5.5050469420372785,False
1089,대조,0,13.0,8.0,121.62,11573.0,0.0,0.0,0.0,1.0,0,3.49,1.0,1.0,491.14,10.0,13.0,1,1,13.0,2.1972245773362196,4.809090142334542,0.0,0,1.0,0.003022533833299035,-5.798632670811294,False
1091,대조,0,10.0,3.0,170.4,23404.0,2.0,4.890000000000001,0.0,5.0,1,0.0,0.0,0.0,37.42,2.0,10.0,0,1,10.0,1.3862943611198906,5.1440000061636795,0.028697183098591553,0,5.0,0.029563332906545312,-3.491211302177735,True
1097,대조,0,6.0,26.0,1097.56,88462.0,0.0,0.0,0.0,4.0,0,0.0,0.0,0.0,408.96999999999997,9.0,6.0,0,1,6.0,3.295836866004329,7.001755510269327,0.0,0,4.0,0.08221318012309003,-2.412649509957639,True
1102,대조,0,6.0,10.0,365.81,173.0,1.0,1.5,0.0,2.0,0,5.0,2.0,2.0,114.83,4.0,6.0,1,1,6.0,2.3978952727983707,5.904844002824208,0.004100489325059457,0,2.0,0.014982130501185452,-4.185801591611271,True
1104,대조,0,2.0,12.0,477.22,4647.0,2.0,7.29,0.0,8.0,0,0.0,0.0,0.0,67.81,4.0,2.0,0,1,2.0,2.5649493574615367,6.170070877654456,0.015275973345626755,0,6.0,0.05515272197907889,-2.840917203470281,True
1116,대조,0,23.0,12.0,443.47,266.0,0.0,0.0,0.0,3.0,0,0.0,0.0,0.0,223.76,2.0,23.0,0,1,23.0,2.5649493574615367,6.096882561112746,0.0,0,3.0,0.02636678161346849,-3.6089297145768775,True
1117,대조,0,22.0,11.0,324.76,170.0,0.0,0.0,0.0,6.0,0,0.0,0.0,0.0,70.65,5.0,22.0,0,1,22.0,2.4849066497880004,5.786160913922103,0.0,0,6.0,0.03206377991516437,-3.407439155248157,True
1119,대조,0,42.0,5.0,87.69,59.0,0.0,0.0,0.0,2.0,0,12.370000000000001,9.0,4.0,202.11,7.0,42.0,1,1,42.0,1.791759469228055,4.485147143388361,0.0,0,2.0,0.0033846137125097503,-5.685125142082075,False
1120,대조,0,22.0,7.0,69.8,44.0,1.0,2.5,0.0,1.0,1,0.0,0.0,0.0,6.57,1.0,22.0,0,1,22.0,2.0794415416798357,4.259859000699674,0.03581661891117479,0,1.0,0.005981053777373884,-5.113159497670755,False
1121,대조,0,10.0,9.0,624.0,260.0,4.0,29.96,0.0,2.0,0,13.79,5.0,2.0,147.56,4.0,10.0,1,1,10.0,2.302585092994046,6.437751649736401,0.04801282051282051,0,2.0,0.07086206328800518,-2.5735219896683894,True
1122,대조,0,,0.0,0.0,0.0,0.0,0.0,0.0,3.0,0,0.0,0.0,0.0,0.0,0.0,90.0,0,0,90.0,0.0,0.0,0.0,0,3.0,2.1941178016981387e-05,-10.727123470478904,False
1123,대조,0,8.0,10.0,658.62,185.0,1.0,4.0,0.0,4.0,1,2.77,1.0,1.0,57.46,1.0,8.0,1,1,8.0,2.3978952727983707,6.491663911632672,0.006073304788800826,0,4.0,0.08276234687714441,-2.4053933922887345,True
1124,대조,0,23.0,6.0,106.88,60.0,0.0,0.0,0.0,1.0,0,0.0,0.0,0.0,45.71,5.0,23.0,0,1,23.0,1.9459101490553132,4.681019498271529,0.0,0,1.0,0.002851872043430565,-5.85692369661521,False
1125,대조,0,2.0,26.0,32.75,72.0,0.0,0.0,0.0,1.0,0,0.0,0.0,0.0,5.18,4.0,2.0,0,1,2.0,3.295836866004329,3.518980417318539,0.0,0,1.0,0.0005445780188458053,-7.514954614200388,False
1126,대조,0,36.0,4.0,365.29,157.0,2.0,10.5,0.0,2.0,0,0.0,0.0,0.0,123.76,1.0,36.0,0,1,36.0,1.6094379124341003,5.903425369384816,0.02874428536231487,0,2.0,0.0330959702073091,-3.374687716257244,True
1127,대조,0,9.0,5.0,153.81,83.0,0.0,0.0,0.0,2.0,0,0.0,0.0,0.0,4.26,1.0,9.0,0,1,9.0,1.791759469228055,5.042198558552374,0.0,0,2.0,0.0046509903164695734,-5.3660132709486135,False
1128,대조,0,2.0,40.0,681.36,27153.0,12.0,26.75,0.0,7.0,1,18.45,5.0,5.0,356.63,22.0,2.0,1,1,2.0,3.713572066704308,6.525557377812318,0.03925971586239286,0,6.0,0.2175052654328609,-1.2802641342815617,True
1130,대조,0,4.0,34.0,612.61,326.0,0.0,0.0,1.0,6.0,1,3.78,2.0,1.0,482.64,20.0,4.0,1,1,4.0,3.5553480614894135,6.4193595471823075,0.0,1,6.0,0.09415919973710124,-2.2638766095066525,True
1132,대조,0,11.0,10.0,376.25,156.0,2.0,7.78,0.0,2.0,0,0.0,0.0,0.0,80.0,4.0,11.0,0,1,11.0,2.3978952727983707,5.9329080976479585,0.020677740863787375,0,2.0,0.02287463633981608,-3.754586245391825,True
1133,대조,0,4.0,26.0,332.41,129.0,0.0,0.0,0.0,1.0,0,0.0,0.0,0.0,91.74,10.0,4.0,0,1,4.0,3.295836866004329,5.809372963868082,0.0,0,1.0,0.01024488730572856,-4.570678769913524,False
1136,대조,0,7.0,15.0,337.84,176.0,0.0,0.0,0.0,2.0,0,0.0,0.0,0.0,218.97,8.0,7.0,0,1,7.0,2.772588722239781,5.82552801956335,0.0,0,2.0,0.01289339199080173,-4.3380631144196204,True
1137,대조,0,4.0,13.0,280.37,104.0,0.0,0.0,0.0,4.0,1,0.0,0.0,0.0,144.76999999999998,8.0,4.0,0,1,4.0,2.6390573296152584,5.639670529188956,0.0,0,4.0,0.02534769606653184,-3.649392955089139,True
1138,대조,0,4.0,28.0,493.72,297.0,1.0,5.0,0.0,6.0,1,0.0,0.0,0.0,278.35,13.0,4.0,0,1,4.0,3.367295829986474,6.203991945959003,0.010127197601879608,0,6.0,0.09313091257344203,-2.2759919384887906,True
1141,대조,0,10.0,10.0,434.78000000000003,191.0,0.0,0.0,0.0,1.0,0,0.0,0.0,0.0,36.19,1.0,10.0,0,1,10.0,2.3978952727983707,6.077137528846132,0.0,0,1.0,0.014680329539267341,-4.206457655946276,True
1151,대조,0,1.0,38.0,531.55,10288.0,1.0,3.49,0.0,2.0,1,0.0,0.0,0.0,216.31,23.0,1.0,0,1,1.0,3.6635616461296463,6.277676789889175,0.006565704072994075,0,2.0,0.043423587002833816,-3.0923579010173547,True
1153,대조,0,47.0,2.0,69.11,37.0,0.0,0.0,0.0,1.0,0,0.0,0.0,0.0,0.0,0.0,47.0,0,0,47.0,1.0986122886681098,4.250065437218876,0.0,0,1.0,0.0020919723395213825,-6.167553791322795,False
1154,대조,0,1.0,22.0,552.51,266.0,0.0,0.0,0.0,5.0,1,0.0,0.0,0.0,305.92,10.0,1.0,0,1,1.0,3.1354942159291497,6.3162798188328235,0.0,0,5.0,0.06973047411338969,-2.5908369164569907,True
1157,대조,0,6.0,14.0,383.15,182.0,1.0,2.99,0.0,3.0,0,0.0,0.0,0.0,12.05,2.0,6.0,0,1,6.0,2.70805020110221,5.9510331013136435,0.0078037322197572765,0,3.0,0.021238169678199758,-3.8304883150883753,True
1159,대조,0,20.0,18.0,380.63,188.0,8.0,30.509999999999998,0.0,4.0,1,20.48,7.0,7.0,356.31,18.0,20.0,1,1,20.0,2.9444389791664403,5.944451552836229,0.08015658250794734,0,4.0,0.19322176958708748,-1.4292102286317219,True
1164,대조,0,9.0,17.0,761.0,287.0,0.0,0.0,0.0,3.0,1,0.0,0.0,0.0,294.1,5.0,9.0,0,1,9.0,2.8903717578961645,6.635946555686647,0.0,0,3.0,0.0751029801610631,-2.510822160857436,True
1165,대조,0,6.0,11.0,289.44,5746.0,2.0,7.4,0.0,1.0,0,0.0,0.0,0.0,24.799999999999997,2.0,6.0,0,1,6.0,2.4849066497880004,5.671397014512046,0.02556661138750691,0,1.0,0.014089674592115943,-4.2481231719132815,True
1169,대조,0,4.0,23.0,462.46,7382.0,0.0,0.0,0.0,4.0,1,0.0,0.0,0.0,417.31,8.0,4.0,0,1,4.0,3.1780538303479458,6.138720081389735,0.0,0,4.0,0.04815317148904902,-2.98401712449559,True
1172,대조,0,6.0,32.0,889.97,14049.0,0.0,0.0,0.0,4.0,1,12.0,7.0,6.0,344.7,14.0,6.0,1,1,6.0,3.4965075614664802,6.792310756870291,0.0,0,4.0,0.10815332491756448,-2.1097443333835493,True
1174,대조,0,2.0,11.0,254.74,116.0,0.0,0.0,0.0,2.0,1,0.0,0.0,0.0,237.63,4.0,2.0,0,1,2.0,2.4849066497880004,5.544161303383023,0.0,0,2.0,0.014594130882007056,-4.2124341526590285,True
1180,대조,0,5.0,27.0,508.53000000000003,58572.0,1.0,1.5,0.0,4.0,0,0.0,0.0,0.0,417.33,18.0,5.0,0,1,5.0,3.332204510175204,6.23348873218548,0.0029496784850451298,0,4.0,0.034145635295621965,-3.3423782936143365,True
1181,대조,0,2.0,9.0,173.44,74.0,0.0,0.0,0.0,3.0,0,0.0,0.0,0.0,0.0,0.0,2.0,0,0,2.0,2.302585092994046,5.1615808429745655,0.0,0,3.0,0.006276523657454968,-5.064642705659073,False
1182,대조,0,1.0,10.0,215.47,126.0,0.0,0.0,0.0,3.0,0,0.0,0.0,0.0,94.05,4.0,1.0,0,1,1.0,2.3978952727983707,5.377451969711764,0.0,0,3.0,0.00819420118333008,-4.796100589457067,False
1184,대조,0,,0.0,0.0,0.0,0.0,0.0,0.0,1.0,0,0.0,0.0,0.0,0.0,0.0,90.0,0,0,90.0,0.0,0.0,0.0,0,1.0,1.457237242128024e-05,-11.136368549345034,False
1186,대조,0,6.0,14.0,1036.28,24132.0,5.0,15.47,0.0,5.0,1,6.49,3.0,2.0,850.73,8.0,6.0,1,1,6.0,2.70805020110221,6.944357181426685,0.014928397730343152,0,5.0,0.18985223424858375,-1.450970602779778,True
1187,대조,0,15.0,24.0,596.72,323.0,1.0,3.89,0.0,6.0,0,2.0,1.0,1.0,311.36,11.0,15.0,1,1,15.0,3.2188758248682006,6.393122416873192,0.006518970371363454,0,6.0,0.07277971456993337,-2.5447538995901153,True
1191,대조,0,14.0,15.0,352.89,160.0,3.0,9.95,0.0,2.0,0,5.0,2.0,2.0,257.34000000000003,9.0,14.0,1,1,14.0,2.772588722239781,5.868986130382541,0.02819575505114908,0,2.0,0.025883960218821844,-3.627906953607007,True
1193,대조,0,8.0,11.0,216.55,89.0,0.0,0.0,0.0,3.0,0,6.5600000000000005,2.0,2.0,134.93,4.0,8.0,1,1,8.0,2.4849066497880004,5.382428709166689,0.0,0,3.0,0.008994676527758688,-4.702087000716964,False
1197,처치,1,5.0,39.0,2236.75,135008.0,16.0,68.18,7.0,5.0,1,34.65,12.0,10.0,659.86,25.0,5.0,1,1,5.0,3.6888794541139363,7.713226175751048,0.03048172571811781,1,5.0,0.45475324397161737,-0.18148350465141544,True
1203,대조,0,5.0,26.0,909.33,405.0,0.0,0.0,0.0,6.0,0,0.0,0.0,0.0,555.5600000000001,15.0,5.0,0,1,5.0,3.295836866004329,6.813807171136497,0.0,0,6.0,0.09492598857678042,-2.2549192005773993,True
1204,대조,0,10.0,8.0,244.06,8059.0,1.0,2.67,0.0,2.0,0,0.0,0.0,0.0,22.130000000000003,1.0,10.0,0,1,10.0,2.1972245773362196,5.5015030785213,0.010939932803408997,0,2.0,0.01072059082548657,-4.524810540140617,False
1207,대조,0,4.0,6.0,67.39,28.0,0.0,0.0,0.0,3.0,0,0.0,0.0,0.0,46.16,5.0,4.0,0,1,4.0,1.9459101490553132,4.225226615110005,0.0,0,3.0,0.0019188338801768763,-6.25411695433089,False
1211,대조,0,1.0,23.0,1281.15,52879.0,1.0,5.19,0.0,3.0,0,5.79,1.0,1.0,600.22,17.0,1.0,1,1,1.0,3.1780538303479458,7.156293635316289,0.004051047886664325,0,3.0,0.08289238230934312,-2.4036816560091796,True
1218,대조,0,7.0,11.0,236.98,119.0,1.0,5.0,0.0,1.0,1,0.0,0.0,0.0,129.85,8.0,7.0,0,1,7.0,2.4849066497880004,5.472186636527008,0.02109882690522407,0,1.0,0.01760664633862399,-4.021715328325035,True
1219,대조,0,1.0,22.0,140.71,82.0,4.0,3.88,0.0,2.0,1,12.0,5.0,2.0,86.02,15.0,1.0,1,1,1.0,3.1354942159291497,4.9537827158367795,0.02757444389169213,0,2.0,0.012334824376099191,-4.382917237214133,True
1223,대조,0,9.0,7.0,224.43,75.0,0.0,0.0,0.0,1.0,0,0.0,0.0,0.0,154.14,6.0,9.0,0,1,9.0,2.0794415416798357,5.418009689466041,0.0,0,1.0,0.006206474875010812,-5.0759363820851995,False
1224,대조,0,10.0,19.0,398.64,216.0,0.0,0.0,0.0,2.0,0,0.0,0.0,0.0,169.26,5.0,10.0,0,1,10.0,2.995732273553991,5.990564141864818,0.0,0,2.0,0.016625678900839023,-4.08004142042195,True
1233,대조,0,68.0,1.0,5.0,2315.0,0.0,0.0,0.0,1.0,0,0.0,0.0,0.0,0.0,0.0,68.0,0,0,68.0,0.6931471805599453,1.791759469228055,0.0,0,1.0,0.0001144665219331066,-9.07511368951274,False
1236,대조,0,4.0,13.0,227.31,99.0,0.0,0.0,0.0,3.0,1,0.0,0.0,0.0,149.9,5.0,4.0,0,1,4.0,2.6390573296152584,5.430704354591362,0.0,0,3.0,0.01597735990803826,-4.120476190584965,True
1237,대조,0,25.0,4.0,221.05,41936.0,0.0,0.0,0.0,2.0,0,0.0,0.0,0.0,0.0,0.0,25.0,0,0,25.0,1.6094379124341003,5.402902581738111,0.0,0,2.0,0.008782208013648386,-4.726206421876731,False
1239,대조,0,25.0,1.0,84.82000000000001,46.0,1.0,2.5,0.0,2.0,0,0.0,0.0,0.0,156.47,1.0,25.0,0,1,25.0,0.6931471805599453,4.452252079563379,0.029474180617778824,0,2.0,0.0045409554522577895,-5.390066540122571,False
1240,대조,0,2.0,42.0,2123.76,146764.0,20.0,31.64,0.0,5.0,1,26.82,10.0,7.0,1222.97,30.0,2.0,1,1,2.0,3.7612001156935624,7.661414133803712,0.014898105247297245,0,5.0,0.37099348927423054,-0.5279570942348587,True
1245,대조,0,2.0,63.0,870.64,103487.0,1.0,6.98,0.0,5.0,0,0.0,0.0,0.0,376.16,18.0,2.0,0,1,2.0,4.1588830833596715,6.770376494628721,0.008017090875677663,0,5.0,0.08774786243737911,-2.341448916128871,True
1246,대조,0,1.0,20.0,735.25,46353.0,2.0,8.88,0.0,3.0,0,0.0,0.0,0.0,242.82999999999998,7.0,1.0,0,1,1.0,3.044522437723423,6.601569734965796,0.01207752465147909,0,3.0,0.049479179972039655,-2.9554580915095148,True
1247,대조,0,6.0,14.0,780.47,341.0,0.0,0.0,0.0,5.0,1,0.0,0.0,0.0,433.58,8.0,6.0,0,1,6.0,2.70805020110221,6.661176761408774,0.0,0,5.0,0.10766806509743237,-2.114785164697915,True
1248,대조,0,7.0,13.0,499.73,179.0,0.0,0.0,0.0,7.0,1,0.0,0.0,0.0,494.41,7.0,7.0,0,1,7.0,2.6390573296152584,6.216067033658436,0.0,0,6.0,0.07801709660755955,-2.4695986904783886,True
1251,대조,0,24.0,1.0,10.74,4.0,0.0,0.0,0.0,1.0,0,0.0,0.0,0.0,13.93,1.0,24.0,0,1,24.0,0.6931471805599453,2.4630018143999504,0.0,0,1.0,0.00015990120765103203,-8.740794471620386,False
1257,처치,1,11.0,5.0,194.26,15813.0,2.0,5.98,0.0,0.0,1,0.0,0.0,0.0,133.57,3.0,11.0,0,1,11.0,1.791759469228055,5.274332003797525,0.03078348604962422,0,0.0,0.013759890751663551,-4.272141950549913,True
1258,대조,0,1.0,29.0,401.15,2645.0,0.0,0.0,0.0,6.0,1,12.08,4.0,4.0,264.65,13.0,1.0,1,1,1.0,3.4011973816621555,5.996825153350078,0.0,0,6.0,0.05845537769503165,-2.7792580531476707,True
1259,대조,0,1.0,5.0,139.12,103.0,0.0,0.0,0.0,1.0,0,0.0,0.0,0.0,94.36,2.0,1.0,0,1,1.0,1.791759469228055,4.942499198329286,0.0,0,1.0,0.003040755313596546,-5.792603948201508,False
1260,대조,0,1.0,21.0,1369.8,511.0,6.0,14.959999999999999,0.0,3.0,1,7.77,3.0,3.0,518.6,7.0,1.0,1,1,1.0,3.091042453358316,7.223149790000454,0.010921302379909476,0,3.0,0.16456774164133367,-1.6246269768560762,True
1265,대조,0,15.0,6.0,174.18,101.0,1.0,3.57,0.0,1.0,0,0.0,0.0,0.0,72.28,2.0,15.0,0,1,15.0,1.9459101490553132,5.165814016734943,0.020496038580778503,0,1.0,0.007260932966182216,-4.917959528822782,False
1266,대조,0,25.0,11.0,229.81,119.0,0.0,0.0,0.0,5.0,0,0.0,0.0,0.0,162.66,10.0,25.0,0,1,25.0,2.4849066497880004,5.441594861251659,0.0,0,5.0,0.01770809220254934,-4.015866800944921,True
1269,대조,0,12.0,10.0,166.09,82.0,1.0,2.88,0.0,2.0,0,0.0,0.0,0.0,118.4,11.0,12.0,0,1,12.0,2.3978952727983707,5.118532589406052,0.01733999638750075,0,2.0,0.00777639244309015,-4.848855958338287,False
1270,대조,0,30.0,15.0,880.82,369.0,4.0,9.370000000000001,0.0,4.0,1,0.0,0.0,0.0,200.89000000000001,5.0,30.0,0,1,30.0,2.772588722239781,6.781987953546648,0.010637814763515815,0,4.0,0.15954013608495157,-1.6616536716132537,True
1271,대조,0,1.0,26.0,733.52,358.0,1.0,2.0,0.0,4.0,0,0.0,0.0,0.0,320.21,8.0,1.0,0,1,1.0,3.295836866004329,6.599217224650979,0.002726578689060966,0,4.0,0.05069393858658717,-2.9299249070626354,True
1284,대조,0,12.0,32.0,559.42,278.0,6.0,5.88,0.0,2.0,0,0.0,0.0,0.0,303.54,13.0,12.0,0,1,12.0,3.4965075614664802,6.328686502619741,0.01051088627507061,0,2.0,0.032765119146239946,-3.3850768535224285,True
1285,대조,0,1.0,22.0,1123.68,523.0,5.0,8.64,0.0,2.0,1,0.0,0.0,0.0,321.97,8.0,1.0,0,1,1.0,3.1354942159291497,7.025253829732082,0.007689021785561726,0,2.0,0.10482324395494187,-2.144745650805903,True
1288,대조,0,11.0,8.0,253.94,106.0,0.0,0.0,0.0,2.0,0,0.0,0.0,0.0,117.0,3.0,11.0,0,1,11.0,2.1972245773362196,5.541028223354775,0.0,0,2.0,0.009153733673437957,-4.6843975446552815,False
1289,대조,0,1.0,69.0,272.48,129.0,0.0,0.0,0.0,3.0,0,0.77,1.0,1.0,84.84,37.0,1.0,1,1,1.0,4.248495242049359,5.611228493045593,0.0,0,3.0,0.01214798527236048,-4.398369569033189,True
1292,대조,0,4.0,4.0,48.33,24.0,0.0,0.0,0.0,1.0,0,0.0,0.0,0.0,0.0,0.0,4.0,0,0,4.0,1.6094379124341003,3.8985324152456466,0.0,0,1.0,0.0008260264514908101,-7.09805739356009,False
1293,대조,0,2.0,24.0,584.6,458.0,0.0,0.0,0.0,2.0,0,0.0,0.0,0.0,180.97,19.0,2.0,0,1,2.0,3.2188758248682006,6.3726369626471016,0.0,0,2.0,0.024706554106688546,-3.6756698389782168,True
1294,대조,0,2.0,7.0,748.12,285.0,2.0,5.17,0.0,2.0,0,0.0,0.0,0.0,486.82,4.0,2.0,0,1,2.0,2.0794415416798357,6.6188991843025455,0.006910656044484842,0,2.0,0.036163837092804116,-3.2828616804896122,True
1296,대조,0,9.0,11.0,335.2,157.0,6.0,29.75,0.0,4.0,1,12.48,5.0,3.0,161.44,6.0,9.0,1,1,9.0,2.4849066497880004,5.817706220974515,0.08875298329355609,0,4.0,0.17198112491122564,-1.5716512182228923,True
1297,대조,0,5.0,30.0,773.85,42247.0,3.0,9.49,0.0,4.0,1,0.0,0.0,0.0,477.59000000000003,22.0,5.0,0,1,5.0,3.4339872044851463,6.6526694622333435,0.012263358532015248,0,4.0,0.11361371672655336,-2.0543485963967076,True
1300,대조,0,1.0,19.0,924.78,58290.0,0.0,0.0,0.0,1.0,1,0.0,0.0,0.0,580.26,10.0,1.0,0,1,1.0,2.995732273553991,6.830636625425824,0.0,0,1.0,0.05946976377821786,-2.760975785723238,True
1301,대조,0,68.0,1.0,20.3,4.0,0.0,0.0,0.0,4.0,0,0.0,0.0,0.0,0.0,0.0,68.0,0,0,68.0,0.6931471805599453,3.0587070727153796,0.0,0,4.0,0.00106287629092065,-6.84571312215909,False
1304,대조,0,5.0,17.0,127.29,78.0,0.0,0.0,0.0,1.0,0,0.0,0.0,0.0,82.13,5.0,5.0,0,1,5.0,2.8903717578961645,4.854293326261249,0.0,0,1.0,0.003022897467415899,-5.798512005603396,False
1305,대조,0,4.0,24.0,446.64,9272.0,1.0,3.89,0.0,7.0,1,12.780000000000001,7.0,3.0,148.2,6.0,4.0,1,1,4.0,3.2188758248682006,6.103989337949827,0.00870947519254881,0,6.0,0.08015458198719426,-2.4402485869542274,True
1306,대조,0,5.0,37.0,528.38,260.0,3.0,13.0,0.0,6.0,1,0.0,0.0,0.0,421.98,16.0,5.0,0,1,5.0,3.6375861597263857,6.271706510462068,0.024603505053181422,0,6.0,0.1335779599298907,-1.8696868571318834,True
1307,대조,0,1.0,10.0,112.38,54.0,1.0,2.79,0.0,3.0,0,3.49,1.0,1.0,185.89,18.0,1.0,1,1,1.0,2.3978952727983707,4.730745008896157,0.024826481580352378,0,3.0,0.0059564535449651455,-5.117305753829922,False
1312,대조,0,4.0,9.0,348.78000000000003,12871.0,0.0,0.0,0.0,6.0,0,0.0,0.0,0.0,150.95,2.0,4.0,0,1,4.0,2.302585092994046,5.857304385421045,0.0,0,6.0,0.028197420294375677,-3.53992218169585,True
1317,대조,0,11.0,14.0,218.62,99.0,3.0,11.780000000000001,0.0,6.0,0,0.0,0.0,0.0,78.92,6.0,11.0,0,1,11.0,2.70805020110221,5.3918987801695675,0.05388345073643766,0,6.0,0.05040675561479075,-2.935908523030474,True
1318,대조,0,6.0,13.0,1014.4,350.0,8.0,28.740000000000002,3.0,3.0,1,18.57,6.0,6.0,446.28000000000003,6.0,6.0,1,1,6.0,2.6390573296152584,6.923037902513294,0.0283320189274448,1,3.0,0.15622534659477602,-1.6865859662362923,True
1319,대조,0,22.0,5.0,110.26,36.0,0.0,0.0,0.0,1.0,0,0.0,0.0,0.0,84.53,3.0,22.0,0,1,22.0,1.791759469228055,4.711869804647147,0.0,0,1.0,0.00290695117148781,-5.837739269860081,False
1321,대조,0,2.0,34.0,274.46,165.0,0.0,0.0,0.0,4.0,1,0.0,0.0,0.0,254.64,22.0,2.0,0,1,2.0,3.5553480614894135,5.618442427489185,0.0,0,4.0,0.025311987619970888,-3.6508393300005593,True
1325,대조,0,7.0,18.0,750.64,275.0,4.0,12.48,0.0,2.0,0,0.0,0.0,0.0,310.74,10.0,7.0,0,1,7.0,2.9444389791664403,6.622257485920952,0.016625812639880635,0,2.0,0.04853443030480416,-2.9757300515168654,True
1330,대조,0,7.0,9.0,175.03,87.0,0.0,0.0,0.0,3.0,0,1.0,1.0,1.0,138.73,5.0,7.0,1,1,7.0,2.302585092994046,5.170654435057881,0.0,0,3.0,0.006734201477865755,-4.993799060670794,False
1331,대조,0,36.0,4.0,116.52,62.0,4.0,10.0,0.0,4.0,0,0.0,0.0,0.0,64.05,4.0,36.0,0,1,36.0,1.6094379124341003,4.7666085318656215,0.08582217645039479,0,4.0,0.03705452930102502,-3.257606193179799,True
1344,대조,0,26.0,4.0,506.31,148.0,0.0,0.0,0.0,2.0,0,0.0,0.0,0.0,165.31,1.0,26.0,0,1,26.0,1.6094379124341003,6.229122256580214,0.0,0,2.0,0.025067216290250296,-3.6608076603164648,True
1345,대조,0,6.0,7.0,167.21,70.0,0.0,0.0,0.0,2.0,0,0.0,0.0,0.0,39.94,1.0,6.0,0,1,6.0,2.0794415416798357,5.125213198803691,0.0,0,2.0,0.005065450425871443,-5.280233892829825,False
1347,대조,0,4.0,28.0,884.36,72107.0,1.0,2.67,2.0,1.0,0,7.0,7.0,4.0,390.2,12.0,4.0,1,1,4.0,3.367295829986474,6.78599434195653,0.003019132479985526,1,1.0,0.03463793761078869,-3.3275536810299533,True
1350,대조,0,5.0,12.0,594.23,337.0,0.0,0.0,0.0,3.0,0,0.0,0.0,0.0,281.73,6.0,5.0,0,1,5.0,2.5649493574615367,6.388947885474488,0.0,0,3.0,0.030772111057694014,-3.449890969107008,True
1351,대조,0,6.0,11.0,139.1,33.0,0.0,0.0,0.0,2.0,0,0.0,0.0,0.0,9.53,5.0,6.0,0,1,6.0,2.4849066497880004,4.942356453342962,0.0,0,2.0,0.004104445254917528,-5.491571792474971,False
1352,처치,1,12.0,21.0,728.74,56334.0,4.0,7.6,0.0,5.0,1,2.5,1.0,1.0,236.03,9.0,12.0,1,1,12.0,3.091042453358316,6.592688306317277,0.010428959574059335,0,5.0,0.13023424452235904,-1.8988892188610262,True
1356,대조,0,9.0,7.0,155.99,71.0,1.0,5.19,0.0,4.0,0,0.0,0.0,0.0,160.0,4.0,9.0,0,1,9.0,2.0794415416798357,5.0561821090522265,0.03327136354894544,0,4.0,0.014080737485463748,-4.248766739803308,True
1357,대조,0,13.0,10.0,536.4,29989.0,18.0,40.0,1.0,4.0,1,0.0,0.0,0.0,112.02,5.0,13.0,0,1,13.0,2.3978952727983707,6.286742696181391,0.07457121551081283,1,4.0,0.2165844882581937,-1.285682504261477,True
1364,대조,0,4.0,22.0,361.04,145.0,1.0,1.19,0.0,5.0,1,0.0,0.0,0.0,210.25,11.0,4.0,0,1,4.0,3.1354942159291497,5.89175470295897,0.003296033680478617,0,5.0,0.046099232270217436,-3.029763352693931,True
1369,대조,0,19.0,16.0,298.46,113.0,6.0,22.560000000000002,0.0,2.0,1,9.98,2.0,2.0,289.78000000000003,11.0,19.0,1,1,19.0,2.833213344056216,5.701980852709573,0.0755880184949407,0,2.0,0.0946510120955094,-2.258123920730301,True
1374,대조,0,10.0,9.0,228.76,109.0,0.0,0.0,0.0,3.0,0,0.0,0.0,0.0,137.97,4.0,10.0,0,1,10.0,2.302585092994046,5.437035285859859,0.0,0,3.0,0.009770562865770384,-4.618562594918633,False
1382,대조,0,2.0,7.0,145.44,50.0,2.0,8.99,0.0,5.0,1,0.0,0.0,0.0,20.130000000000003,3.0,2.0,0,1,2.0,2.0794415416798357,4.986615788252036,0.06181243124312431,0,5.0,0.044028070482072176,-3.077901154184951,True
1383,대조,0,2.0,25.0,481.53000000000003,222.0,18.0,53.410000000000004,0.0,4.0,0,19.98,10.0,8.0,162.39000000000001,6.0,2.0,1,1,2.0,3.258096538021482,6.179043095011986,0.11091728448902456,0,4.0,0.22063436908502648,-1.2619734021884685,True
1387,대조,0,4.0,9.0,322.79,138.0,2.0,2.5,0.0,1.0,0,0.0,0.0,0.0,127.27,4.0,4.0,0,1,4.0,2.302585092994046,5.7800951575053645,0.007744973512190588,0,1.0,0.010938871853860178,-4.504433467290079,False
1389,대조,0,2.0,10.0,664.1,206.0,1.0,5.58,0.0,1.0,1,1.73,1.0,1.0,296.44,2.0,2.0,1,1,2.0,2.3978952727983707,6.499937405290376,0.008402349043818702,0,1.0,0.04597418424633521,-3.0326107047061046,True
1392,대조,0,13.0,4.0,91.05,40.0,0.0,0.0,0.0,4.0,0,0.0,0.0,0.0,78.92,2.0,13.0,0,1,13.0,1.6094379124341003,4.522331907679087,0.0,0,4.0,0.0037506554337367252,-5.582066965163882,False
1394,대조,0,2.0,25.0,670.02,294.0,6.0,14.89,1.0,5.0,1,5.88,3.0,2.0,244.1,8.0,2.0,1,1,2.0,3.258096538021482,6.5087989427867985,0.022223217217396497,1,5.0,0.12526180854624297,-1.9435186164870708,True
1402,대조,0,4.0,13.0,64.67,38.0,0.0,0.0,0.0,2.0,1,0.0,0.0,0.0,11.709999999999999,7.0,4.0,0,1,4.0,2.6390573296152584,4.184642200202881,0.0,0,2.0,0.002694082524494592,-5.913999850666869,False
1403,대조,0,54.0,2.0,39.29,6.0,0.0,0.0,0.0,3.0,0,0.0,0.0,0.0,25.38,2.0,54.0,0,1,54.0,1.0986122886681098,3.696103299203256,0.0,0,3.0,0.001689378335719698,-6.381703859462148,False
1405,대조,0,22.0,6.0,360.47,142.0,0.0,0.0,0.0,2.0,0,9.200000000000001,5.0,5.0,522.36,6.0,22.0,1,1,22.0,1.9459101490553132,5.890179050603295,0.0,0,2.0,0.015948543868187347,-4.122310656969143,True
1406,처치,1,9.0,25.0,611.28,270.0,3.0,7.27,0.0,5.0,0,0.0,0.0,0.0,132.29,8.0,9.0,0,1,9.0,3.258096538021482,6.417189694223507,0.011893076822405445,0,5.0,0.06424035681613831,-2.6787270279846287,True
1408,대조,0,49.0,3.0,37.97,14.0,1.0,2.4,0.0,2.0,0,0.0,0.0,0.0,8.07,2.0,49.0,0,1,49.0,1.3862943611198906,3.662792119350618,0.06320779562812746,0,2.0,0.004537415334344048,-5.390849998014348,False
1409,대조,0,8.0,13.0,565.65,228.0,2.0,3.5,0.0,3.0,0,0.0,0.0,0.0,332.33000000000004,6.0,8.0,0,1,8.0,2.6390573296152584,6.339741829178958,0.0061875718200300545,0,3.0,0.033973551532953034,-3.3476088873948004,True
1417,대조,0,4.0,26.0,1211.8,116491.0,0.0,0.0,3.0,1.0,0,0.0,0.0,0.0,107.43,4.0,4.0,0,1,4.0,3.295836866004329,7.100687014888107,0.0,1,1.0,0.04781832925184352,-2.9913468240552867,True
1418,대조,0,1.0,15.0,426.10999999999996,127.0,1.0,2.59,0.0,4.0,1,0.0,0.0,0.0,142.51,3.0,1.0,0,1,1.0,2.772588722239781,6.057041591293764,0.0060782427072821575,0,4.0,0.04642824443505933,-3.0223066868151838,True
1420,대조,0,10.0,8.0,154.37,8445.0,1.0,4.99,0.0,6.0,0,0.0,0.0,0.0,54.05,1.0,10.0,0,1,10.0,2.1972245773362196,5.045809369103909,0.0323249336010883,0,6.0,0.02076009135175115,-3.8537442086471403,True
1423,대조,0,1.0,16.0,330.76,34593.0,0.0,0.0,0.0,3.0,1,0.0,0.0,0.0,87.21000000000001,4.0,1.0,0,1,1.0,2.833213344056216,5.804411815938126,0.0,0,3.0,0.024866359057936972,-3.6690586810969807,True
1424,대조,0,5.0,16.0,191.61,9187.0,2.0,6.98,0.0,1.0,0,0.0,0.0,0.0,20.97,1.0,5.0,0,1,5.0,2.833213344056216,5.260667419096131,0.03642816136944836,0,1.0,0.010511584124448099,-4.544710158947702,False
1425,처치,1,2.0,11.0,335.53000000000003,192.0,0.0,0.0,0.0,4.0,1,0.0,0.0,0.0,155.42,14.0,2.0,0,1,2.0,2.4849066497880004,5.818687298156949,0.0,0,4.0,0.03067563626356937,-3.453130564105157,True
1426,대조,0,4.0,4.0,185.81,72.0,0.0,0.0,0.0,2.0,0,0.0,0.0,0.0,165.39,4.0,4.0,0,1,4.0,1.6094379124341003,5.23009205755247,0.0,0,2.0,0.005510837222718745,-5.195512643408419,False
1429,대조,0,2.0,16.0,118.64,69.0,0.0,0.0,0.0,1.0,1,0.0,0.0,0.0,85.91,7.0,2.0,0,1,2.0,2.833213344056216,4.784487233761747,0.0,0,1.0,0.0046464543572489695,-5.366993571372669,False
1431,대조,0,15.0,22.0,386.22,8515.0,4.0,15.97,0.0,3.0,0,0.0,0.0,0.0,165.41,12.0,15.0,0,1,15.0,3.1354942159291497,5.958993006961019,0.041349489928020296,0,3.0,0.04695883950786162,-3.010386630303877,True
1438,대조,0,5.0,4.0,229.28,50.0,0.0,0.0,0.0,1.0,1,0.0,0.0,0.0,14.74,1.0,5.0,0,1,5.0,1.6094379124341003,5.439295959807609,0.0,0,1.0,0.01032974370853676,-4.562344340773213,False
1440,대조,0,2.0,15.0,367.66,18921.0,1.0,2.99,0.0,1.0,0,0.0,0.0,0.0,348.38,7.0,2.0,0,1,2.0,2.772588722239781,5.909874810068028,0.00813251373551651,0,1.0,0.01300292177641424,-4.329492994928861,True
1443,대조,0,12.0,21.0,308.73,71.0,1.0,6.0,0.0,2.0,1,0.0,0.0,0.0,76.2,5.0,12.0,0,1,12.0,3.091042453358316,5.735700950224475,0.019434457292780098,0,2.0,0.031586817168389715,-3.422918982639426,True
1445,처치,1,2.0,40.0,937.08,422.0,1.0,7.29,0.0,8.0,1,7.29,1.0,1.0,442.88,14.0,2.0,1,1,2.0,3.713572066704308,6.843835233215905,0.0077794852093738,0,6.0,0.18052757960340793,-1.512777181746407,True
1446,대조,0,11.0,4.0,108.51,57.0,0.0,0.0,0.0,4.0,0,0.0,0.0,0.0,62.47,2.0,11.0,0,1,11.0,1.6094379124341003,4.696015869287668,0.0,0,4.0,0.004567072291046308,-5.384305382675403,False
1447,대조,0,16.0,7.0,125.72,7397.0,0.0,0.0,0.0,1.0,0,0.0,0.0,0.0,93.89,3.0,16.0,0,1,16.0,2.0794415416798357,4.841979928066116,0.0,0,1.0,0.00324473756446827,-5.727470792771784,False
1448,대조,0,,0.0,0.0,0.0,0.0,0.0,0.0,1.0,0,0.0,0.0,0.0,68.11,1.0,90.0,0,1,90.0,0.0,0.0,0.0,0,1.0,1.457237242128024e-05,-11.136368549345034,False
1452,대조,0,1.0,57.0,442.02,13834.0,1.0,1.0,0.0,6.0,1,0.0,0.0,0.0,77.17,12.0,1.0,0,1,1.0,4.060443010546419,6.093614915752915,0.0022623410705397947,0,6.0,0.07079975155506252,-2.5744687766870817,True
1454,대조,0,1.0,25.0,1087.95,70510.0,4.0,16.990000000000002,0.0,3.0,1,0.0,0.0,0.0,356.17,13.0,1.0,0,1,1.0,3.258096538021482,6.992969208196618,0.015616526494783768,0,3.0,0.14016327834216377,-1.8139344957718857,True
1456,대조,0,17.0,1.0,4.19,1.0,0.0,0.0,0.0,1.0,0,0.0,0.0,0.0,0.0,0.0,17.0,0,0,17.0,0.6931471805599453,1.6467336971777973,0.0,0,1.0,5.197831838507629e-05,-9.864631900796235,False
1460,대조,0,4.0,6.0,254.49,114.0,0.0,0.0,0.0,2.0,0,6.99,1.0,1.0,27.83,1.0,4.0,1,1,4.0,1.9459101490553132,5.543183269934562,0.0,0,2.0,0.008341274752663103,-4.778162968393886,False
1461,대조,0,1.0,37.0,1333.8600000000001,44079.0,1.0,4.0,0.0,4.0,1,5.66,2.0,2.0,612.57,12.0,1.0,1,1,1.0,3.6375861597263857,7.196581696421363,0.002998815467890183,0,4.0,0.17007289294625758,-1.5851107469208543,True
1463,대조,0,6.0,6.0,190.84,75.0,4.0,26.68,0.0,5.0,0,5.5,2.0,1.0,147.46,4.0,6.0,1,1,6.0,1.9459101490553132,5.256661691279204,0.1398029763152379,0,5.0,0.15829182194503533,-1.6709930684836474,True
1467,대조,0,1.0,179.0,735.17,65704.0,2.0,10.38,0.0,2.0,1,0.0,0.0,0.0,340.1,58.0,1.0,0,1,1.0,5.19295685089021,6.601461070318374,0.014119183318144105,0,2.0,0.07988010830672125,-2.4439771141959548,True
1470,대조,0,2.0,29.0,483.71000000000004,31619.0,0.0,0.0,0.0,6.0,1,0.0,0.0,0.0,299.72,16.0,2.0,0,1,2.0,3.4011973816621555,6.183550773956849,0.0,0,6.0,0.07382933204822133,-2.52930241843644,True
1473,처치,1,4.0,25.0,808.47,352.0,2.0,8.48,0.0,5.0,0,7.18,2.0,2.0,327.18,6.0,4.0,1,1,4.0,3.258096538021482,6.696379712517428,0.010488948260294137,0,5.0,0.08237793765908531,-2.4104679548446315,True
1474,대조,0,4.0,19.0,535.98,314.0,0.0,0.0,0.0,1.0,1,0.0,0.0,0.0,127.37,6.0,4.0,0,1,4.0,2.995732273553991,6.2859608498674335,0.0,0,1.0,0.03167781142696046,-3.41994839051788,True
1475,대조,0,2.0,53.0,2638.44,179346.0,10.0,19.810000000000002,6.0,6.0,1,16.07,13.0,7.0,1073.59,18.0,2.0,1,1,2.0,3.9889840465642745,7.878322052427355,0.007508224556935159,1,6.0,0.4374276926199831,-0.25160825414360366,True
1483,대조,0,6.0,18.0,789.17,8237.0,1.0,4.59,2.0,4.0,1,8.38,2.0,2.0,326.32,5.0,6.0,1,1,6.0,2.9444389791664403,6.672248112184465,0.0058162373126195875,1,4.0,0.09605111246099955,-2.2418923472101873,True
1484,대조,0,5.0,18.0,519.48,267.0,0.0,0.0,0.0,1.0,1,6.0,3.0,3.0,244.97,10.0,5.0,1,1,5.0,2.9444389791664403,6.254751462725041,0.0,0,1.0,0.03074943586686393,-3.4506515102902475,True
1485,대조,0,4.0,6.0,107.16000000000001,30.0,0.0,0.0,0.0,3.0,1,2.77,1.0,1.0,147.19,6.0,4.0,1,1,4.0,1.9459101490553132,4.683611612294654,0.0,0,3.0,0.005997240366154495,-5.110440558494885,False
1488,대조,0,4.0,15.0,751.85,31227.0,1.0,2.64,3.0,4.0,1,2.0,2.0,2.0,287.0,4.0,4.0,1,1,4.0,2.772588722239781,6.623866004769052,0.0035113386978785663,1,4.0,0.08445606326318182,-2.383286917275547,True
1491,대조,0,5.0,29.0,803.19,370.0,1.0,3.49,1.0,6.0,1,0.0,0.0,0.0,388.32,18.0,5.0,0,1,5.0,3.4011973816621555,6.68983555966813,0.004345173620189494,1,6.0,0.13855846828892812,-1.827314795400547,True
1492,대조,0,5.0,14.0,141.2,82.0,0.0,0.0,0.0,3.0,1,0.0,0.0,0.0,70.58,8.0,5.0,0,1,5.0,2.70805020110221,4.95723451736914,0.0,0,3.0,0.008936395909045328,-4.708646348260101,False
1493,대조,0,25.0,4.0,102.08,25604.0,0.0,0.0,0.0,1.0,0,0.0,0.0,0.0,16.4,2.0,25.0,0,1,25.0,1.6094379124341003,4.635505385784164,0.0,0,1.0,0.0027065609657243926,-5.909366235987235,False
1494,대조,0,13.0,18.0,346.76,187.0,0.0,0.0,2.0,4.0,1,3.19,2.0,2.0,172.44,5.0,13.0,1,1,13.0,2.9444389791664403,5.851512586680537,0.0,1,4.0,0.034776998380610914,-3.323402962231232,True
1495,대조,0,6.0,20.0,278.55,165.0,0.0,0.0,0.0,1.0,0,0.0,0.0,0.0,121.36,8.0,6.0,0,1,6.0,3.044522437723423,5.633181167472654,0.0,0,1.0,0.0082835253975276,-4.7851686041102255,False
1499,대조,0,5.0,13.0,349.4,146.0,0.0,0.0,0.0,1.0,1,0.0,0.0,0.0,51.36,2.0,5.0,0,1,5.0,2.6390573296152584,5.859075359062237,0.0,0,1.0,0.01849413309676099,-3.9716344393022487,True
1501,처치,1,4.0,38.0,1553.1200000000001,114419.0,6.0,15.67,0.0,3.0,0,2.5,1.0,1.0,529.39,16.0,4.0,1,1,4.0,3.6635616461296463,7.348664748023496,0.010089368496960955,0,3.0,0.12193497807758555,-1.9742327116733658,True
1502,대조,0,22.0,3.0,50.03,19.0,0.0,0.0,0.0,4.0,0,1.89,1.0,1.0,189.64000000000001,2.0,22.0,1,1,22.0,1.3862943611198906,3.93241369507588,0.0,0,4.0,0.0019468081707549637,-6.239615377330731,False
1508,대조,0,12.0,8.0,164.85,60.0,0.0,0.0,0.0,2.0,0,0.0,0.0,0.0,156.84,7.0,12.0,0,1,12.0,2.1972245773362196,5.111083765393062,0.0,0,2.0,0.005374069258675689,-5.220781319625372,False
1511,대조,0,5.0,20.0,715.39,327.0,46.0,64.42,1.0,4.0,0,13.39,10.0,10.0,173.12,7.0,5.0,1,1,5.0,3.044522437723423,6.574224711406833,0.09004878457904081,1,4.0,0.22715548766950805,-1.2244431293057267,True
1512,대조,0,8.0,16.0,304.78,100625.0,1.0,3.19,0.0,1.0,0,0.0,0.0,0.0,91.28,5.0,8.0,0,1,8.0,2.833213344056216,5.722865889132468,0.010466566047640923,0,1.0,0.01158681898194879,-4.446232652357359,False
1517,대조,0,4.0,20.0,752.61,396.0,14.0,23.73,0.0,5.0,1,2.69,1.0,1.0,183.89,7.0,4.0,1,1,4.0,3.044522437723423,6.6248749928131785,0.03153027464423805,0,5.0,0.17839007632467851,-1.5272931444007396,True
1518,대조,0,21.0,3.0,50.660000000000004,11.0,0.0,0.0,0.0,1.0,0,0.0,0.0,0.0,183.86,2.0,21.0,0,1,21.0,1.3862943611198906,3.9446837876676946,0.0,0,1.0,0.0010586604789750778,-6.849691647823483,False
1524,대조,0,25.0,8.0,366.5,45406.0,0.0,0.0,0.0,1.0,1,0.0,0.0,0.0,317.87,6.0,25.0,0,1,25.0,2.1972245773362196,5.906723318652891,0.0,0,1.0,0.024184298914271138,-3.6975701203254556,True
1526,대조,0,1.0,29.0,391.67,203.0,0.0,0.0,0.0,3.0,0,0.0,0.0,0.0,78.68,7.0,1.0,0,1,1.0,3.4011973816621555,5.972969564471738,0.0,0,3.0,0.018294028767157702,-3.9827171354990254,True
1530,대조,0,10.0,8.0,105.43,38.0,0.0,0.0,0.0,1.0,0,6.1899999999999995,2.0,2.0,55.410000000000004,3.0,10.0,1,1,10.0,2.1972245773362196,4.667487492052953,0.0,0,1.0,0.0024364842081630225,-6.014759719797088,False
1532,대조,0,6.0,4.0,130.28,61.0,1.0,1.5,0.0,2.0,0,0.0,0.0,0.0,85.12,2.0,6.0,0,1,6.0,1.6094379124341003,4.8773324467818355,0.011513662879950875,0,2.0,0.004549652182461696,-5.388144459007186,False
1537,대조,0,1.0,21.0,290.26,5581.0,0.0,0.0,0.0,4.0,1,0.0,0.0,0.0,151.74,5.0,1.0,0,1,1.0,3.091042453358316,5.674216339054435,0.0,0,4.0,0.026171296169159856,-3.6165721752857065,True
1542,대조,0,5.0,11.0,232.93,80.0,0.0,0.0,0.0,4.0,0,0.0,0.0,0.0,98.61,4.0,5.0,0,1,5.0,2.4849066497880004,5.455021925305676,0.0,0,4.0,0.011653091646090196,-4.440462235782559,False
1544,대조,0,14.0,1.0,42.91,19603.0,0.0,0.0,0.0,4.0,0,0.0,0.0,0.0,53.54,2.0,14.0,0,1,14.0,0.6931471805599453,3.782142084573626,0.0,0,4.0,0.0014091081618070192,-6.5633881821788815,False
1547,대조,0,1.0,61.0,610.97,67303.0,3.0,12.18,0.0,2.0,0,0.0,0.0,0.0,247.12,32.0,1.0,0,1,1.0,4.127134385045092,6.416683261702983,0.019935512381950012,0,2.0,0.039994213549477665,-3.1782045296099155,True
1548,대조,0,5.0,14.0,485.11,217.0,2.0,4.0,0.0,5.0,0,0.0,0.0,0.0,320.69,11.0,5.0,0,1,5.0,2.70805020110221,6.186434935738598,0.008245552555090598,0,5.0,0.04212932032408521,-3.1239688359231756,True
1549,대조,0,5.0,29.0,279.3,7286.0,0.0,0.0,0.0,5.0,1,1.49,1.0,1.0,120.26,11.0,5.0,1,1,5.0,3.4011973816621555,5.635860458170742,0.0,0,5.0,0.032397455669600415,-3.3967415172607858,True
1551,대조,0,,0.0,0.0,0.0,0.0,0.0,0.0,1.0,0,0.0,0.0,0.0,0.0,0.0,90.0,0,0,90.0,0.0,0.0,0.0,0,1.0,1.457237242128024e-05,-11.136368549345034,False
1555,대조,0,9.0,7.0,84.39,24.0,3.0,3.19,0.0,3.0,0,0.0,0.0,0.0,14.21,2.0,9.0,0,1,9.0,2.0794415416798357,4.447228997919515,0.037800687285223365,0,3.0,0.00583492338267562,-5.138042130918169,False
1557,대조,0,1.0,20.0,585.54,89973.0,2.0,5.38,0.0,7.0,1,0.0,0.0,0.0,284.78000000000003,6.0,1.0,0,1,1.0,3.044522437723423,6.374240866961455,0.00918809987362093,0,6.0,0.10613090417681018,-2.1308860619397096,True
1558,대조,0,2.0,21.0,693.0,238.0,2.0,4.88,0.0,6.0,0,0.0,0.0,0.0,308.05,10.0,2.0,0,1,2.0,3.091042453358316,6.542471960506805,0.007041847041847042,0,6.0,0.07552911908901676,-2.5047032880129003,True
1563,대조,0,4.0,13.0,827.77,239.0,1.0,3.89,0.0,3.0,1,0.0,0.0,0.0,487.49,7.0,4.0,0,1,4.0,2.6390573296152584,6.719942673938898,0.004699373014243087,0,3.0,0.08461564510091042,-2.381224857288532,True
1567,대조,0,1.0,34.0,294.9,171.0,0.0,0.0,0.0,2.0,1,0.0,0.0,0.0,70.84,10.0,1.0,0,1,1.0,3.5553480614894135,5.690021559406164,0.0,0,2.0,0.018330904867551658,-3.9806658552130334,True
1568,대조,0,5.0,12.0,888.35,429.0,2.0,4.5,0.0,5.0,1,0.0,0.0,0.0,338.66,6.0,5.0,0,1,5.0,2.5649493574615367,6.790490858821486,0.005065571002420217,0,5.0,0.13392049062675657,-1.8667304462418677,True
1569,대조,0,71.0,4.0,31.72,24.0,0.0,0.0,0.0,2.0,0,2.69,1.0,1.0,112.54,5.0,71.0,1,1,71.0,1.6094379124341003,3.487986511734546,0.0,0,2.0,0.0013281068823427955,-6.622671757876734,False
1572,대조,0,4.0,8.0,443.13,8900.0,5.0,23.19,0.0,1.0,1,33.57,24.0,4.0,526.2,9.0,4.0,1,1,4.0,2.1972245773362196,6.096117312369572,0.0523322726964999,0,1.0,0.0663713474253363,-2.6438133222453866,True
1575,대조,0,6.0,8.0,273.3,151.0,0.0,0.0,0.0,1.0,0,6.49,2.0,2.0,110.94,4.0,6.0,1,1,6.0,2.1972245773362196,5.614222397943558,0.0,0,1.0,0.007729427866509129,-4.854960979082806,False
1578,대조,0,1.0,9.0,274.68,123.0,1.0,2.66,0.0,2.0,1,0.0,0.0,0.0,408.87,5.0,1.0,0,1,1.0,2.302585092994046,5.619240772779619,0.009683995922528032,0,2.0,0.019039909770638252,-3.9419944855801234,True
1580,대조,0,2.0,53.0,465.02,11337.0,0.0,0.0,0.0,2.0,1,0.0,0.0,0.0,175.54,15.0,2.0,0,1,2.0,3.9889840465642745,6.144228551659611,0.0,0,2.0,0.03336581592217388,-3.3662882235736924,True
1581,대조,0,7.0,7.0,381.83,191.0,4.0,13.97,1.0,2.0,0,4.0,1.0,1.0,64.93,2.0,7.0,1,1,7.0,2.0794415416798357,5.947591026413995,0.03658696278448525,1,2.0,0.02805617536541385,-3.5450892458367704,True
1584,대조,0,1.0,27.0,869.36,312.0,1.0,4.49,0.0,5.0,0,0.0,0.0,0.0,710.23,22.0,1.0,0,1,1.0,3.332204510175204,6.768906919163322,0.005164718873654182,0,5.0,0.07888995426354704,-2.457525616816261,True
1586,대조,0,4.0,3.0,212.26999999999998,48.0,1.0,2.0,0.0,5.0,0,2.49,1.0,1.0,77.53,3.0,4.0,1,1,4.0,1.3862943611198906,5.362558968609501,0.0094219625948085,0,5.0,0.014291649639223821,-4.233685094746071,True
1587,대조,0,2.0,7.0,85.02,45.0,0.0,0.0,0.0,1.0,0,0.0,0.0,0.0,40.69,4.0,2.0,0,1,2.0,2.0794415416798357,4.45457982735559,0.0,0,1.0,0.0016797563878743118,-6.387425334538719,False
1588,대조,0,4.0,15.0,473.92,10525.0,1.0,1.5,0.0,4.0,1,0.0,0.0,0.0,220.17,7.0,4.0,0,1,4.0,2.772588722239781,6.163146368797592,0.0031650911546252532,0,4.0,0.05163607885706866,-2.910517680837342,True
1590,처치,1,10.0,14.0,958.3000000000001,363.0,1.0,2.5,0.0,8.0,0,26.87,10.0,8.0,548.16,7.0,10.0,1,1,10.0,2.70805020110221,6.866203851823902,0.002608786392570176,0,6.0,0.10836256886434419,-2.1075768589187307,True
1591,처치,1,2.0,30.0,1235.24,145404.0,19.0,42.17,11.0,3.0,1,50.44,34.0,21.0,527.27,13.0,2.0,1,1,2.0,3.4339872044851463,7.119829793925439,0.03413911466597584,1,3.0,0.2104005205673846,-1.322512873799107,True
1592,대조,0,5.0,15.0,828.71,77923.0,0.0,0.0,0.0,1.0,0,7.78,2.0,2.0,158.98,3.0,5.0,1,1,5.0,2.772588722239781,6.721076242146722,0.0,0,1.0,0.03154009255745194,-3.4244475693055416,True
1593,대조,0,14.0,7.0,170.32,16231.0,1.0,6.99,0.0,1.0,0,3.49,1.0,1.0,118.42,3.0,14.0,1,1,14.0,2.0794415416798357,5.14353315274717,0.0410403945514326,0,1.0,0.010619001565435202,-4.534434496629245,False
1594,대조,0,1.0,29.0,756.47,21474.0,0.0,0.0,0.0,1.0,0,0.0,0.0,0.0,165.06,8.0,1.0,0,1,1.0,3.4011973816621555,6.62998393263887,0.0,0,1.0,0.027809386809620286,-3.554178270613596,True
1595,대조,0,14.0,12.0,419.65,40772.0,1.0,2.5,0.0,3.0,1,0.0,0.0,0.0,271.92,7.0,14.0,0,1,14.0,2.5649493574615367,6.041801133996823,0.005957345406886691,0,3.0,0.04286526961833373,-3.1058822335894427,True
1601,대조,0,,0.0,0.0,0.0,0.0,0.0,0.0,2.0,0,0.0,0.0,0.0,0.0,0.0,90.0,0,0,90.0,0.0,0.0,0.0,0,2.0,1.788114251494266e-05,-10.931746009911969,False
1604,대조,0,7.0,27.0,132.29,73.0,4.0,4.76,0.0,3.0,1,0.0,0.0,0.0,83.41,14.0,7.0,0,1,7.0,3.332204510175204,4.892527205615926,0.03598155567314234,0,3.0,0.017912101539583416,-4.004204265900046,True
1605,대조,0,28.0,7.0,83.46000000000001,42.0,1.0,2.5,0.0,1.0,0,5.33,2.0,2.0,57.11,2.0,28.0,1,1,28.0,2.0794415416798357,4.436278049505797,0.029954469206805653,0,1.0,0.0040899731298595565,-5.495118518719824,False
1607,대조,0,4.0,12.0,218.71,86.0,2.0,23.04,0.0,5.0,0,21.33,8.0,1.0,267.88,10.0,4.0,1,1,4.0,2.5649493574615367,5.392308494968279,0.10534497736729001,0,5.0,0.10091030142690259,-2.187150787879196,True
1609,대조,0,1.0,68.0,4151.99,345817.0,16.0,84.04,4.0,3.0,1,6.99,1.0,1.0,1302.6,22.0,1.0,1,1,1.0,4.23410650459726,8.33158383572995,0.020240896533951194,1,3.0,0.49300869118158136,-0.02796705801540523,True
1615,대조,0,4.0,5.0,26.04,23.0,0.0,0.0,0.0,1.0,0,0.0,0.0,0.0,6.32,1.0,4.0,0,1,4.0,1.791759469228055,3.2973172511747633,0.0,0,1.0,0.0003877066735018937,-7.854873718528155,False
1617,대조,0,55.0,5.0,286.55,159.0,0.0,0.0,0.0,8.0,0,0.0,0.0,0.0,22.94,2.0,55.0,0,1,55.0,1.791759469228055,5.661396758159763,0.0,0,6.0,0.03869269855474157,-3.2126432160300644,True
1618,대조,0,6.0,18.0,858.26,78109.0,1.0,3.89,7.0,5.0,1,0.0,0.0,0.0,243.56,5.0,6.0,0,1,6.0,2.9444389791664403,6.756071553718666,0.0045324260713536695,1,5.0,0.12385536741492326,-1.9564166899731155,True
1619,대조,0,2.0,30.0,623.07,66128.0,1.0,4.99,0.0,3.0,0,0.0,0.0,0.0,278.43,15.0,2.0,0,1,2.0,3.4339872044851463,6.436262541564959,0.00800873096120821,0,3.0,0.03857054567621671,-3.215932272093788,True
1621,대조,0,2.0,32.0,884.71,491.0,1.0,2.5,0.0,2.0,0,0.0,0.0,0.0,303.86,12.0,2.0,0,1,2.0,3.4965075614664802,6.786389583256486,0.0028257847204168594,0,2.0,0.04411536258820491,-3.0758291538071174,True
1622,대조,0,6.0,12.0,652.7,7431.0,23.0,73.96000000000001,0.0,3.0,0,16.0,7.0,5.0,239.13,6.0,6.0,1,1,6.0,2.5649493574615367,6.482648530618684,0.11331392676574231,0,3.0,0.2648800005383113,-1.0207568551890782,True
1624,대조,0,10.0,22.0,285.96,118.0,0.0,0.0,0.0,1.0,0,0.0,0.0,0.0,133.08,7.0,10.0,0,1,10.0,3.1354942159291497,5.659342833224027,0.0,0,1.0,0.009017835234181476,-4.699492227898619,False
1634,대조,0,9.0,9.0,474.94,253.0,3.0,3.0,0.0,4.0,1,0.0,0.0,0.0,186.94,6.0,9.0,0,1,9.0,2.302585092994046,6.16529179586623,0.006316587358403167,0,4.0,0.0567912057321923,-2.8099061879616087,True
1639,대조,0,1.0,11.0,315.46,110.0,0.0,0.0,0.0,4.0,0,0.0,0.0,0.0,158.06,7.0,1.0,0,1,1.0,2.4849066497880004,5.757196851290837,0.0,0,4.0,0.016261394147867383,-4.1025663759079265,True
1640,대조,0,1.0,11.0,291.65999999999997,105.0,1.0,4.99,0.0,5.0,0,0.0,0.0,0.0,77.04,2.0,1.0,0,1,1.0,2.4849066497880004,5.67901152566428,0.017108962490571214,0,5.0,0.0253153611581801,-3.650702599447203,True
1646,대조,0,75.0,1.0,122.24,36.0,0.0,0.0,0.0,1.0,0,0.0,0.0,0.0,3.76,1.0,75.0,0,1,75.0,0.6931471805599453,4.814133673728467,0.0,0,1.0,0.005834084797919281,-5.138186702964925,False
1651,대조,0,4.0,17.0,546.98,159.0,4.0,17.87,7.0,1.0,0,3.89,1.0,1.0,101.05,3.0,4.0,1,1,4.0,2.8903717578961645,6.306238789931642,0.03267029873121503,1,1.0,0.03344894235024999,-3.3637139573718535,True
1660,대조,0,10.0,11.0,267.17,137.0,0.0,0.0,0.0,1.0,0,0.0,0.0,0.0,104.58,4.0,10.0,0,1,10.0,2.4849066497880004,5.591621107767871,0.0,0,1.0,0.00799530384546907,-4.8208734913002385,False
1663,대조,0,6.0,37.0,339.76,97741.0,0.0,0.0,0.0,2.0,0,0.0,0.0,0.0,169.12,17.0,6.0,0,1,6.0,3.6375861597263857,5.83117841717464,0.0,0,2.0,0.013437961763510968,-4.296142541605604,True
1666,대조,0,49.0,8.0,86.85,32.0,3.0,4.89,0.0,1.0,0,0.0,0.0,0.0,15.96,2.0,49.0,0,1,49.0,2.1972245773362196,4.4756308146331065,0.05630397236614853,0,1.0,0.00942118475443767,-4.655328583354651,False
1667,대조,0,4.0,4.0,44.58,30.0,0.0,0.0,0.0,1.0,0,0.0,0.0,0.0,0.0,0.0,4.0,0,0,4.0,1.6094379124341003,3.819469023817538,0.0,0,1.0,0.0007468686157819117,-7.198874123126901,False
1668,대조,0,5.0,18.0,448.95,6792.0,1.0,4.49,0.0,2.0,0,0.0,0.0,0.0,32.31,3.0,5.0,0,1,5.0,2.9444389791664403,6.109136465479957,0.010001113709767235,0,2.0,0.022137928446661768,-3.7880762721492967,True
1671,대조,0,26.0,2.0,123.48,56.0,0.0,0.0,0.0,2.0,0,2.69,1.0,1.0,93.72,1.0,26.0,1,1,26.0,1.0986122886681098,4.824145060430081,0.0,0,2.0,0.004152640835336113,-5.4798495142647345,False
1672,대조,0,13.0,12.0,335.64,243.0,0.0,0.0,0.0,2.0,0,0.0,0.0,0.0,166.4,7.0,13.0,0,1,13.0,2.5649493574615367,5.819014110109291,0.0,0,2.0,0.013567469070416768,-4.286419983485435,True
1673,대조,0,12.0,9.0,311.82,7184.0,0.0,0.0,0.0,5.0,0,0.0,0.0,0.0,208.24,7.0,12.0,0,1,12.0,2.302585092994046,5.745627945246095,0.0,0,5.0,0.02205077754905719,-3.7921098846357055,True
1675,대조,0,13.0,10.0,526.88,31319.0,1.0,3.99,1.0,8.0,0,0.0,0.0,0.0,0.0,0.0,13.0,0,0,13.0,2.3978952727983707,6.268868985148629,0.00757288187063468,1,6.0,0.05641218634045446,-2.817004227688329,True
1676,처치,1,5.0,13.0,791.26,19677.0,21.0,85.46000000000001,0.0,5.0,1,140.44,81.0,56.0,707.23,10.0,5.0,1,1,5.0,2.6390573296152584,6.674889620769691,0.10800495412380255,0,5.0,0.5193087373773884,0.07727337763463421,True
1678,대조,0,49.0,4.0,27.97,14.0,0.0,0.0,0.0,4.0,1,0.0,0.0,0.0,47.39,2.0,49.0,0,1,49.0,1.6094379124341003,3.366260811781259,0.0,0,4.0,0.0023052111752746417,-6.070275118293894,False
1681,대조,0,2.0,15.0,439.59000000000003,27758.0,0.0,0.0,0.0,2.0,0,0.0,0.0,0.0,0.0,0.0,2.0,0,0,2.0,2.772588722239781,6.088114737787482,0.0,0,2.0,0.016914873479227918,-4.062502392689011,True
1683,대조,0,4.0,11.0,325.26,135.0,0.0,0.0,0.0,4.0,0,0.0,0.0,0.0,29.05,1.0,4.0,0,1,4.0,2.4849066497880004,5.787694609508157,0.0,0,4.0,0.017496322179421032,-4.028113389398671,True
1685,대조,0,4.0,8.0,114.54,37.0,2.0,5.1899999999999995,0.0,2.0,0,10.76,4.0,2.0,325.79,7.0,4.0,1,1,4.0,2.1972245773362196,4.7496167903531195,0.04531168150864326,0,2.0,0.007708436055531824,-4.857701658602209,False
1686,대조,0,5.0,20.0,203.17000000000002,122.0,0.0,0.0,0.0,1.0,1,0.0,0.0,0.0,149.75,11.0,5.0,0,1,5.0,3.044522437723423,5.318952980148108,0.0,0,1.0,0.009579204948753845,-4.638535300525351,False
1687,대조,0,5.0,11.0,447.7,193.0,1.0,3.0,5.0,6.0,0,0.0,0.0,0.0,87.36,4.0,5.0,0,1,5.0,2.4849066497880004,6.106354512981937,0.006700915791824883,1,6.0,0.04180370858525011,-3.1320675963446543,True
1689,대조,0,10.0,20.0,380.2,9829.0,0.0,0.0,0.0,2.0,1,3.89,1.0,1.0,140.12,2.0,10.0,1,1,10.0,3.044522437723423,5.943324171780047,0.0,0,2.0,0.02715985519576197,-3.5784798064839434,True
1692,대조,0,2.0,34.0,451.01,69974.0,3.0,6.67,0.0,3.0,1,0.0,0.0,0.0,133.56,12.0,2.0,0,1,2.0,3.5553480614894135,6.113704303481307,0.014789029068091616,0,3.0,0.05097787785398045,-2.9240403382946782,True
1695,대조,0,23.0,19.0,85.25,67.0,5.0,13.79,0.0,1.0,1,0.0,0.0,0.0,18.96,4.0,23.0,0,1,23.0,2.995732273553991,4.457250055911469,0.16175953079178884,0,1.0,0.09566205567769946,-2.2463813953102774,True
1705,대조,0,6.0,36.0,317.89,213.0,0.0,0.0,0.0,7.0,0,0.0,0.0,0.0,143.79,12.0,6.0,0,1,6.0,3.6109179126442243,5.764846215731935,0.0,0,6.0,0.027553891753479304,-3.563670871180519,True
1708,대조,0,7.0,10.0,512.8,208.0,0.0,0.0,0.0,3.0,1,0.0,0.0,0.0,229.39000000000001,3.0,7.0,0,1,7.0,2.3978952727983707,6.241834084675783,0.0,0,3.0,0.044634214109767104,-3.063593591584903,True
1709,대조,0,11.0,4.0,156.88,84.0,0.0,0.0,0.0,1.0,1,0.0,0.0,0.0,37.21,2.0,11.0,0,1,11.0,1.6094379124341003,5.061835250794647,0.0,0,1.0,0.006877966334839727,-4.972530533033609,False
1716,대조,0,2.0,16.0,151.04,56.0,0.0,0.0,0.0,4.0,0,6.98,2.0,2.0,182.98000000000002,11.0,2.0,1,1,2.0,2.833213344056216,5.024143644121048,0.0,0,4.0,0.006648434241291643,-5.0067032709464,False
1717,대조,0,1.0,17.0,410.5,15285.0,1.0,2.69,2.0,1.0,0,0.0,0.0,0.0,120.67,8.0,1.0,0,1,1.0,2.8903717578961645,6.019809020117124,0.006552984165651644,1,1.0,0.01346471285876793,-4.294126693831436,True
1722,대조,0,1.0,21.0,866.78,21746.0,46.0,120.78999999999999,1.0,6.0,1,23.52,12.0,8.0,356.67,11.0,1.0,1,1,1.0,3.091042453358316,6.765938226313696,0.1393548535960682,1,6.0,0.7197773767722244,0.9433575950562143,False
1723,대조,0,12.0,13.0,633.06,131.0,0.0,0.0,0.0,3.0,0,0.0,0.0,0.0,290.04,6.0,12.0,0,1,12.0,2.6390573296152584,6.452143587183381,0.0,0,3.0,0.03618220394190184,-3.2823348743676637,True
1729,대조,0,15.0,6.0,129.93,49.0,0.0,0.0,0.0,6.0,0,0.0,0.0,0.0,133.81,3.0,15.0,0,1,15.0,1.9459101490553132,4.874662829239662,0.0,0,6.0,0.009177989464694903,-4.681726744195779,False
1731,대조,0,1.0,11.0,703.05,18789.0,1.0,5.34,0.0,5.0,0,0.0,0.0,0.0,444.19,10.0,1.0,0,1,1.0,2.4849066497880004,6.556849376363321,0.007595476850864092,0,5.0,0.06155724756132972,-2.724254258674514,True
1733,대조,0,25.0,6.0,341.66,98.0,0.0,0.0,0.0,2.0,0,0.0,0.0,0.0,207.73,4.0,25.0,0,1,25.0,1.9459101490553132,5.836738701904826,0.0,0,2.0,0.015445214433872664,-4.154890334660407,True
1735,대조,0,9.0,18.0,692.31,10400.0,6.0,15.26,0.0,2.0,0,19.68,14.0,13.0,804.6,14.0,9.0,1,1,9.0,2.9444389791664403,6.541477229614797,0.022042148748393064,0,2.0,0.049964184074912946,-2.9451932546099746,True
1742,대조,0,4.0,35.0,288.17,125.0,0.0,0.0,0.0,3.0,0,0.0,0.0,0.0,87.9,11.0,4.0,0,1,4.0,3.58351893845611,5.667014750463987,0.0,0,3.0,0.013028888962312352,-4.327471649704475,True
1744,대조,0,5.0,7.0,115.09,56.0,3.0,13.47,0.0,1.0,0,8.98,2.0,2.0,91.72,2.0,5.0,1,1,5.0,2.0794415416798357,4.754365752349944,0.11703883916934574,0,1.0,0.026693985514691997,-3.596260260481737,True
1745,대조,0,11.0,3.0,71.24,38.0,0.0,0.0,0.0,6.0,1,0.0,0.0,0.0,68.22,3.0,11.0,0,1,11.0,1.3862943611198906,4.27999390910873,0.0,0,6.0,0.006975252038055619,-4.958387124610636,False
1746,대조,0,23.0,6.0,334.91,165.0,0.0,0.0,0.0,2.0,0,0.0,0.0,0.0,25.81,1.0,23.0,0,1,23.0,1.9459101490553132,5.816843266940215,0.0,0,2.0,0.014716368338796457,-4.203969183900326,True
1747,대조,0,1.0,13.0,435.8,38343.0,0.0,0.0,0.0,4.0,0,0.0,0.0,0.0,91.83,3.0,1.0,0,1,1.0,2.6390573296152584,6.079475424430695,0.0,0,4.0,0.02452294363562444,-3.683317485659016,True
1751,대조,0,8.0,18.0,569.01,323.0,0.0,0.0,1.0,5.0,1,0.0,0.0,0.0,183.99,6.0,8.0,0,1,8.0,2.9444389791664403,6.345653904534354,0.0,1,5.0,0.07256394689746101,-2.5479556473867375,True
1756,대조,0,,0.0,0.0,0.0,0.0,0.0,0.0,5.0,0,0.0,0.0,0.0,15.6,1.0,90.0,0,1,90.0,0.0,0.0,0.0,0,5.0,3.303604142108818e-05,-10.317878391612776,False
1761,대조,0,7.0,7.0,326.77,128.0,0.0,0.0,0.0,1.0,0,0.0,0.0,0.0,181.33,3.0,7.0,0,1,7.0,2.0794415416798357,5.792312142902554,0.0,0,1.0,0.009733904880399042,-4.622358550490979,False
1763,대조,0,4.0,26.0,556.3,178.0,0.0,0.0,0.0,7.0,0,0.0,0.0,0.0,363.09999999999997,10.0,4.0,0,1,4.0,3.295836866004329,6.32310369457549,0.0,0,6.0,0.052526133398777076,-2.892488530381672,True
1768,대조,0,7.0,10.0,253.49,112.0,0.0,0.0,0.0,1.0,0,32.14,12.0,5.0,168.47,4.0,7.0,1,1,7.0,2.3978952727983707,5.539261542487753,0.0,0,1.0,0.007189716377913357,-4.9278878678265965,False
1772,대조,0,25.0,1.0,76.38,28.0,0.0,0.0,0.0,4.0,0,0.0,0.0,0.0,0.0,0.0,25.0,0,0,25.0,0.6931471805599453,4.348728349272367,0.0,0,4.0,0.0033000547636217927,-5.710510703656824,False
1774,대조,0,7.0,7.0,751.52,289.0,1.0,3.49,0.0,4.0,0,0.0,0.0,0.0,607.77,6.0,7.0,0,1,7.0,2.0794415416798357,6.62342757434293,0.004643921652118374,0,4.0,0.05444742560140198,-2.854533923202768,True
1779,대조,0,7.0,9.0,419.7,12505.0,0.0,0.0,0.0,6.0,1,0.0,0.0,0.0,77.92,3.0,7.0,0,1,7.0,2.302585092994046,6.041919990596475,0.0,0,6.0,0.06239899129586047,-2.709775384544212,True
1781,대조,0,17.0,8.0,274.47,9960.0,2.0,13.47,0.0,3.0,0,7.38,2.0,2.0,211.91,4.0,17.0,1,1,17.0,2.1972245773362196,5.618478729741745,0.04907640179254563,0,3.0,0.03507006995212116,-3.3147074285604607,True
1784,대조,0,11.0,3.0,86.03,28.0,0.0,0.0,0.0,2.0,0,0.0,0.0,0.0,208.13,2.0,11.0,0,1,11.0,1.3862943611198906,4.466252886801422,0.0,0,2.0,0.0022411025827502513,-6.098543692164354,False
1790,대조,0,7.0,7.0,357.14,181.0,1.0,2.79,0.0,3.0,0,0.0,0.0,0.0,136.7,4.0,7.0,0,1,7.0,2.0794415416798357,5.880923971408613,0.007812062496499972,0,3.0,0.019045281870768413,-3.9417068995389157,True
1791,대조,0,2.0,17.0,429.26,28138.0,0.0,0.0,0.0,3.0,1,0.0,0.0,0.0,283.84,14.0,2.0,0,1,2.0,2.8903717578961645,6.064389677122539,0.0,0,3.0,0.03480332344874415,-3.3226190068490906,True
1792,대조,0,1.0,27.0,586.45,4790.0,1.0,2.0,0.0,1.0,0,0.0,0.0,0.0,89.84,8.0,1.0,0,1,1.0,3.332204510175204,6.375791136013581,0.0034103504135049876,0,1.0,0.02160755184742915,-3.8128679896221094,True
1793,대조,0,56.0,2.0,182.59,101.0,0.0,0.0,0.0,2.0,0,4.09,2.0,2.0,171.59,4.0,56.0,1,1,56.0,1.0986122886681098,5.212705010472114,0.0,0,2.0,0.009672579386644878,-4.628740601324887,False
1794,대조,0,7.0,12.0,464.15,19176.0,3.0,11.469999999999999,0.0,2.0,0,4.0,2.0,1.0,285.61,7.0,7.0,1,1,7.0,2.5649493574615367,6.142359934214568,0.024711838845200902,0,2.0,0.030944486326296622,-3.4441270644194852,True
1796,대조,0,4.0,9.0,384.66,38022.0,4.0,10.55,0.0,2.0,1,4.77,3.0,2.0,286.42,6.0,4.0,1,1,4.0,2.302585092994046,5.954956152291459,0.02742681848905527,0,2.0,0.042348330820973674,-3.1185551033292267,True
1798,대조,0,31.0,6.0,421.06,179.0,5.0,17.450000000000003,0.0,1.0,0,3.49,1.0,1.0,84.08,1.0,31.0,1,1,31.0,1.9459101490553132,6.045147484024167,0.04144302474706693,0,1.0,0.039839319737642015,-3.182246288017256,True
1800,대조,0,5.0,9.0,345.83,45314.0,0.0,0.0,0.0,1.0,1,0.0,0.0,0.0,114.83000000000001,4.0,5.0,0,1,5.0,2.302585092994046,5.84883474635534,0.0,0,1.0,0.017936683210717206,-4.002807826466,True
1806,대조,0,4.0,18.0,601.78,255.0,2.0,7.5,0.0,5.0,0,0.0,0.0,0.0,116.87,6.0,4.0,0,1,4.0,2.9444389791664403,6.40155228770159,0.0124630263551464,0,5.0,0.05934158223969583,-2.7632697960207864,True
1808,대조,0,13.0,11.0,178.05,54.0,0.0,0.0,0.0,3.0,0,0.0,0.0,0.0,133.76,8.0,13.0,0,1,13.0,2.4849066497880004,5.187665096444442,0.0,0,3.0,0.007456653919927808,-4.891163907849484,False
1809,대조,0,7.0,13.0,335.5,170.0,2.0,6.16,0.0,1.0,0,0.0,0.0,0.0,84.72,3.0,7.0,0,1,7.0,2.6390573296152584,5.8185981490847825,0.018360655737704918,0,1.0,0.014973434877821382,-4.186390987607591,True
1810,대조,0,4.0,40.0,682.77,46318.0,5.0,10.0,0.0,3.0,0,2.69,1.0,1.0,342.03000000000003,11.0,4.0,1,1,4.0,3.713572066704308,6.527621603765443,0.014646220542788933,0,3.0,0.05087934445023569,-2.9260788954853814,True
1812,대조,0,15.0,17.0,293.68,6532.0,0.0,0.0,0.0,2.0,1,0.0,0.0,0.0,134.75,7.0,15.0,0,1,15.0,2.8903717578961645,5.685890021814613,0.0,0,2.0,0.02071895791536838,-3.8557695494334814,True
1818,대조,0,1.0,12.0,103.16,28.0,0.0,0.0,0.0,1.0,0,0.0,0.0,0.0,134.67,15.0,1.0,0,1,1.0,2.5649493574615367,4.6459281784602595,0.0,0,1.0,0.0021737064683207824,-6.129145446173297,False
1825,대조,0,53.0,3.0,35.97,10521.0,1.0,4.0,0.0,1.0,0,0.0,0.0,0.0,0.0,0.0,53.0,0,0,53.0,1.3862943611198906,3.6101067729485403,0.11120378092855157,0,1.0,0.009546726124939647,-4.641964409169266,False
1826,대조,0,2.0,17.0,210.22,154.0,0.0,0.0,0.0,1.0,0,0.0,0.0,0.0,80.61,8.0,2.0,0,1,2.0,2.8903717578961645,5.352900244318328,0.0,0,1.0,0.005495672154580864,-5.198283548564986,False
1828,대조,0,76.0,4.0,130.35,63.0,0.0,0.0,0.0,6.0,0,0.0,0.0,0.0,0.0,0.0,76.0,0,0,76.0,1.6094379124341003,4.877865516131549,0.0,0,6.0,0.018476240796594563,-3.972620595033889,True
1829,대조,0,6.0,32.0,726.2,17056.0,3.0,7.6899999999999995,0.0,3.0,1,3.0,1.0,1.0,291.2,14.0,6.0,1,1,6.0,3.4965075614664802,6.589201542863269,0.010589369319746625,0,3.0,0.08638255477882108,-2.358626190610559,True
1831,처치,1,1.0,28.0,1051.07,97998.0,7.0,28.490000000000002,4.0,6.0,1,14.5,4.0,4.0,428.96000000000004,17.0,1.0,1,1,1.0,3.367295829986474,6.958514931007927,0.0271057113227473,1,6.0,0.2549443303342897,-1.0724137310610837,True
1832,대조,0,9.0,8.0,165.72,79.0,0.0,0.0,0.0,1.0,0,0.0,0.0,0.0,87.45,3.0,9.0,0,1,9.0,2.1972245773362196,5.116315758565002,0.0,0,1.0,0.004259662933775553,-5.45429648421416,False
1839,대조,0,4.0,26.0,393.15999999999997,187.0,1.0,1.0,2.0,1.0,0,0.0,0.0,0.0,97.71,10.0,4.0,0,1,4.0,3.295836866004329,5.976756918235708,0.0025434937430053924,1,1.0,0.012457024347767956,-4.3729353470290375,True
1840,대조,0,90.0,1.0,15.77,5.0,1.0,2.5,0.0,1.0,0,0.0,0.0,0.0,0.0,0.0,90.0,0,0,90.0,0.6931471805599453,2.8195915758351173,0.15852885225110971,0,1.0,0.013532868622861297,-4.289008567348259,True
1841,대조,0,19.0,5.0,508.26,198.0,0.0,0.0,0.0,1.0,1,0.0,0.0,0.0,177.31,2.0,19.0,0,1,19.0,1.791759469228055,6.232958691634785,0.0,0,1.0,0.03310092253918022,-3.374532970099528,True
1847,대조,0,8.0,14.0,341.74,132.0,0.0,0.0,0.0,2.0,1,0.0,0.0,0.0,239.48,9.0,8.0,0,1,8.0,2.70805020110221,5.836972142232703,0.0,0,2.0,0.02284489018949548,-3.755917932521906,True
1849,대조,0,9.0,16.0,427.64,193.0,0.0,0.0,0.0,3.0,0,0.0,0.0,0.0,140.35,9.0,9.0,0,1,9.0,2.833213344056216,6.0606174057962985,0.0,0,3.0,0.021738421823577714,-3.806695810774868,True
1850,처치,1,9.0,31.0,890.41,103921.0,6.0,20.060000000000002,2.0,2.0,1,13.07,5.0,5.0,414.05,14.0,9.0,1,1,9.0,3.4657359027997265,6.79280447875781,0.02252894733886637,1,2.0,0.10959561536044003,-2.0948783564190645,True
1852,대조,0,5.0,8.0,220.31,78.0,1.0,5.0,0.0,8.0,0,0.0,0.0,0.0,211.08,3.0,5.0,0,1,5.0,2.1972245773362196,5.39956443356432,0.02269529299623258,0,6.0,0.02515546882995515,-3.657202681658892,True
1857,대조,0,1.0,9.0,75.06,4816.0,0.0,0.0,0.0,1.0,0,0.0,0.0,0.0,10.27,2.0,1.0,0,1,1.0,2.302585092994046,4.331522502500114,0.0,0,1.0,0.0014363949636986843,-6.544181374247573,False
1858,대조,0,7.0,8.0,430.13,152.0,3.0,10.49,0.0,2.0,1,0.0,0.0,0.0,208.48000000000002,6.0,7.0,0,1,7.0,2.1972245773362196,6.0664096687542655,0.0243879757282682,0,2.0,0.04705827764475694,-3.008166966510502,True
1859,대조,0,47.0,2.0,61.800000000000004,20.0,1.0,5.49,0.0,1.0,0,10.78,3.0,3.0,90.96,1.0,47.0,1,1,47.0,1.0986122886681098,4.1399550734741535,0.08883495145631068,0,1.0,0.010915994556047678,-4.506550163664226,False
1860,대조,0,17.0,10.0,97.63,55.0,1.0,2.0,0.0,1.0,0,0.0,0.0,0.0,0.0,0.0,17.0,0,0,17.0,2.3978952727983707,4.591375474965902,0.020485506504148317,0,1.0,0.003674643287183709,-5.6026178043662185,False
1861,대조,0,7.0,12.0,222.7,149.0,0.0,0.0,0.0,5.0,1,0.0,0.0,0.0,76.02,3.0,7.0,0,1,7.0,2.5649493574615367,5.410305868496084,0.0,0,5.0,0.023993934628465396,-3.705667726319838,True
1862,대조,0,4.0,3.0,29.560000000000002,9.0,0.0,0.0,0.0,5.0,0,0.0,0.0,0.0,74.05,4.0,4.0,0,1,4.0,1.3862943611198906,3.4196919642983197,0.0,0,5.0,0.0010045920985763323,-6.902168594883388,False
1865,대조,0,2.0,17.0,672.99,269.0,2.0,5.1899999999999995,0.0,8.0,1,8.370000000000001,3.0,3.0,263.22,9.0,2.0,1,1,2.0,2.8903717578961645,6.513215274006988,0.007711853073596933,0,6.0,0.12131301345126258,-1.9800546391129075,True
1873,처치,1,5.0,39.0,957.54,57657.0,1.0,2.5,0.0,8.0,1,12.16,14.0,11.0,205.14000000000001,8.0,5.0,1,1,5.0,3.6888794541139363,6.865411293487667,0.002610856987697642,0,6.0,0.17424434938959407,-1.555840286316714,True
1877,처치,1,47.0,7.0,279.48,101.0,1.0,2.0,0.0,0.0,0,0.0,0.0,0.0,33.69,2.0,47.0,0,1,47.0,2.0794415416798357,5.636502421172924,0.007156147130385,0,0.0,0.01205249396656321,-4.406357958090008,True
1879,대조,0,4.0,37.0,679.25,418.0,0.0,0.0,0.0,3.0,1,0.0,0.0,0.0,274.28000000000003,12.0,4.0,0,1,4.0,3.6375861597263857,6.522460377663355,0.0,0,3.0,0.06449026442421905,-2.6745772792254954,True
1881,대조,0,9.0,24.0,496.76,114220.0,1.0,2.99,0.0,2.0,0,0.0,0.0,0.0,204.27,7.0,9.0,0,1,9.0,3.2188758248682006,6.210118033149327,0.006019003140349465,0,2.0,0.02465367631631964,-3.677866581716225,True
1883,대조,0,7.0,8.0,230.09,119.0,12.0,16.56,0.0,6.0,0,4.0,4.0,4.0,91.53,4.0,7.0,1,1,7.0,2.1972245773362196,5.442807245032984,0.07197183710721891,0,6.0,0.07049470082279141,-2.579114966891386,True
1887,대조,0,11.0,19.0,151.94,83.0,2.0,7.79,0.0,1.0,0,0.0,0.0,0.0,31.94,5.0,11.0,0,1,11.0,2.995732273553991,5.030045687616079,0.051270238251941554,0,1.0,0.01145354246973739,-4.457936571360113,False
1889,대조,0,9.0,3.0,72.23,27.0,1.0,3.69,0.0,2.0,0,0.0,0.0,0.0,118.81,3.0,9.0,0,1,9.0,1.3862943611198906,4.2936051730729785,0.05108680603627301,0,2.0,0.004934995810261439,-5.306456241968011,False
1890,대조,0,7.0,12.0,284.66,117.0,2.0,5.0,0.0,1.0,0,5.6899999999999995,2.0,2.0,203.03,8.0,7.0,1,1,7.0,2.5649493574615367,5.654802292434482,0.01756481416426614,0,1.0,0.011945521815967504,-4.415381371380132,False
1894,대조,0,1.0,9.0,301.25,47986.0,2.0,4.0,0.0,2.0,1,10.0,10.0,2.0,135.77,2.0,1.0,1,1,1.0,2.302585092994046,5.711254489494902,0.013278008298755186,0,2.0,0.022937346604193363,-3.75178434009763,True
1895,대조,0,1.0,6.0,135.13,67.0,0.0,0.0,0.0,2.0,0,0.0,0.0,0.0,68.28999999999999,3.0,1.0,0,1,1.0,1.9459101490553132,4.913610311524382,0.0,0,2.0,0.003624096918662673,-5.616519467731123,False
1896,대조,0,8.0,22.0,507.81,210.0,2.0,6.48,0.0,1.0,1,16.0,8.0,8.0,454.2,13.0,8.0,1,1,8.0,3.1354942159291497,6.232074665920823,0.012760678206415786,0,1.0,0.04011919677510447,-3.174954171112965,True
1900,대조,0,6.0,12.0,1840.35,514.0,0.0,0.0,0.0,2.0,0,11.68,3.0,3.0,739.4300000000001,4.0,6.0,1,1,6.0,2.5649493574615367,7.5182542772321295,0.0,0,2.0,0.0995139016711298,-2.2026373770790943,True
1905,대조,0,18.0,10.0,111.79,40.0,0.0,0.0,0.0,3.0,0,0.0,0.0,0.0,32.269999999999996,2.0,18.0,0,1,18.0,2.3978952727983707,4.725527682651825,0.0,0,3.0,0.004381976209734056,-5.4258638617049915,False
1911,대조,0,7.0,10.0,226.13,81367.0,0.0,0.0,0.0,3.0,1,0.0,0.0,0.0,70.78,6.0,7.0,0,1,7.0,2.3978952727983707,5.425522540783325,0.0,0,3.0,0.016230436557050233,-4.104503406814663,True
1912,대조,0,7.0,7.0,139.73,113.0,0.0,0.0,0.0,2.0,0,0.0,0.0,0.0,105.62,6.0,7.0,0,1,7.0,2.0794415416798357,4.946843161008476,0.0,0,2.0,0.004087094099251531,-5.495825581529306,False
1918,대조,0,10.0,8.0,421.28000000000003,9211.0,2.0,15.47,0.0,2.0,0,0.0,0.0,0.0,158.73000000000002,2.0,10.0,0,1,10.0,2.1972245773362196,6.045668601121494,0.036721420432966195,0,2.0,0.035293562628567636,-3.308123259567588,True
1920,대조,0,1.0,15.0,261.18,108.0,3.0,7.6899999999999995,0.0,4.0,1,0.0,0.0,0.0,135.98,8.0,1.0,0,1,1.0,2.772588722239781,5.569031290769663,0.02944329581131786,0,4.0,0.04027998857332573,-3.1707868029892468,True
1921,대조,0,6.0,15.0,254.63,102.0,1.0,6.99,2.0,2.0,1,0.0,0.0,0.0,38.96,4.0,6.0,0,1,6.0,2.772588722239781,5.543731086507974,0.02745159643404155,1,2.0,0.02507035698666516,-3.6606791557175935,True
1923,대조,0,1.0,29.0,831.46,120436.0,4.0,15.46,0.0,6.0,1,0.0,0.0,0.0,264.77,9.0,1.0,0,1,1.0,3.4011973816621555,6.724385172652206,0.018593798859836915,0,6.0,0.18626405413532976,-1.4744706096892632,True
1925,대조,0,15.0,10.0,163.33,68.0,1.0,2.99,0.0,2.0,0,0.0,0.0,0.0,44.11,4.0,15.0,0,1,15.0,2.3978952727983707,5.101876601193199,0.018306496050939813,0,2.0,0.008042568749522928,-4.8149316659460855,False
1927,대조,0,5.0,19.0,803.99,450.0,3.0,7.890000000000001,0.0,4.0,1,2.0,1.0,1.0,276.92,7.0,5.0,1,1,5.0,2.995732273553991,6.690829854981157,0.009813554894961381,0,4.0,0.11115854355615856,-2.0789613778424236,True
1928,대조,0,1.0,12.0,240.03,115.0,0.0,0.0,1.0,5.0,1,0.0,0.0,0.0,90.29,4.0,1.0,0,1,1.0,2.5649493574615367,5.484921407071298,0.0,1,5.0,0.023001571954595183,-3.7489224836351545,True
1929,대조,0,5.0,10.0,627.77,290.0,0.0,0.0,0.0,5.0,1,2.0,1.0,1.0,307.33,3.0,5.0,1,1,5.0,2.3978952727983707,6.443765530053178,0.0,0,5.0,0.08161770827291877,-2.4205674921487272,True
1931,대조,0,6.0,10.0,240.55,116.0,0.0,0.0,0.0,3.0,1,0.0,0.0,0.0,110.29,5.0,6.0,0,1,6.0,2.3978952727983707,5.4870764910004155,0.0,0,3.0,0.01732941947488673,-4.037868342637483,True
1932,대조,0,8.0,3.0,26.630000000000003,8.0,0.0,0.0,0.0,1.0,0,4.88,2.0,1.0,27.89,2.0,8.0,1,1,8.0,1.3862943611198906,3.318902138935325,0.0,0,1.0,0.0004088469154057668,-7.8017608314308005,False
1933,대조,0,38.0,5.0,130.77,93.0,0.0,0.0,0.0,2.0,0,0.0,0.0,0.0,38.83,2.0,38.0,0,1,38.0,1.791759469228055,4.881057978557161,0.0,0,2.0,0.005337197588213636,-5.227703068669552,False
1940,대조,0,7.0,6.0,114.97,67.0,0.0,0.0,0.0,2.0,0,0.0,0.0,0.0,131.12,5.0,7.0,0,1,7.0,1.9459101490553132,4.753331536968612,0.0,0,2.0,0.003173414323189377,-5.749768736878669,False
1941,대조,0,7.0,17.0,80.17999999999999,48.0,0.0,0.0,0.0,2.0,0,0.0,0.0,0.0,51.27,8.0,7.0,0,1,7.0,2.8903717578961645,4.396668911410751,0.0,0,2.0,0.002121063621777367,-6.153714291463123,False
1942,대조,0,7.0,35.0,944.63,9558.0,0.0,0.0,0.0,2.0,0,0.0,0.0,0.0,179.6,6.0,7.0,0,1,7.0,3.58351893845611,6.851851372036903,0.0,0,2.0,0.048076099667089346,-2.9856999297675135,True
1948,대조,0,13.0,18.0,353.29,247.0,2.0,3.23,0.0,1.0,1,0.0,0.0,0.0,229.38,9.0,13.0,0,1,13.0,2.9444389791664403,5.870115786804742,0.009142630699991508,0,1.0,0.02506540925625912,-3.6608816039505174,True
1949,대조,0,11.0,11.0,448.74,204.0,0.0,0.0,0.0,1.0,1,0.0,0.0,0.0,91.53999999999999,2.0,11.0,0,1,11.0,2.4849066497880004,6.108669638008687,0.0,0,1.0,0.026843053813025392,-3.59053828644116,True
1950,대조,0,27.0,9.0,293.58,157.0,1.0,5.0,0.0,1.0,0,0.0,0.0,0.0,44.98,5.0,27.0,0,1,27.0,2.302585092994046,5.685550613061397,0.017031132910961238,0,1.0,0.015306902195442626,-4.164026166231576,True
1953,대조,0,1.0,11.0,102.09,44.0,0.0,0.0,0.0,2.0,1,0.0,0.0,0.0,54.64,6.0,1.0,0,1,1.0,2.4849066497880004,4.635602393108293,0.0,0,2.0,0.004573799185827328,-5.382826796740728,False
1954,대조,0,2.0,21.0,335.29,192.0,0.0,0.0,0.0,7.0,0,0.0,0.0,0.0,119.4,6.0,2.0,0,1,2.0,3.091042453358316,5.817973882948782,0.0,0,6.0,0.027349302833936356,-3.571333984002675,True
1957,대조,0,18.0,7.0,462.59,156.0,0.0,0.0,6.0,2.0,0,2.5,1.0,1.0,209.13,4.0,18.0,1,1,18.0,2.0794415416798357,6.139000540913713,0.0,1,2.0,0.019598094970967594,-3.9125302286122374,True
1959,대조,0,56.0,7.0,301.41,18685.0,1.0,10.0,0.0,3.0,0,0.0,0.0,0.0,266.12,4.0,56.0,0,1,56.0,2.0794415416798357,5.711783712541687,0.03317739955542284,0,3.0,0.04469620824242154,-3.0621407252179433,True
1961,대조,0,1.0,19.0,267.69,129.0,0.0,0.0,0.0,3.0,0,0.0,0.0,0.0,354.67,12.0,1.0,0,1,1.0,2.995732273553991,5.5935582987026295,0.0,0,3.0,0.011114274505586032,-4.488348505806968,False
1962,처치,1,2.0,31.0,819.91,81645.0,7.0,15.49,0.0,1.0,1,3.19,1.0,1.0,148.57,7.0,2.0,1,1,2.0,3.4657359027997265,6.710413481031759,0.018892317449476163,0,1.0,0.07627872172338133,-2.4940163563488618,True
1963,대조,0,46.0,3.0,203.3,114.0,0.0,0.0,0.0,2.0,0,12.34,6.0,6.0,348.32,6.0,46.0,1,1,46.0,1.3862943611198906,5.319589501823576,0.0,0,2.0,0.009996169333358089,-4.595506859540317,False
1964,대조,0,13.0,6.0,192.69,98.0,1.0,1.89,0.0,1.0,1,0.0,0.0,0.0,152.35,5.0,13.0,0,1,13.0,1.9459101490553132,5.266258942854148,0.009808500700607193,0,1.0,0.01130501834679901,-4.4711391445669175,False
1965,대조,0,2.0,20.0,338.2,169.0,0.0,0.0,1.0,7.0,1,0.0,0.0,0.0,192.43,6.0,2.0,0,1,2.0,3.044522437723423,5.826589903917748,0.0,1,6.0,0.044321518829404355,-3.070951228248712,True
1968,대조,0,5.0,13.0,339.34,5061.0,3.0,9.68,0.0,3.0,0,0.77,1.0,1.0,230.07,7.0,5.0,1,1,5.0,2.6390573296152584,5.82994511794329,0.02852596216184358,0,3.0,0.027113051910992423,-3.580252654145526,True
1969,대조,0,5.0,26.0,435.83,240.0,1.0,2.67,0.0,3.0,0,5.42,2.0,2.0,85.61,10.0,5.0,1,1,5.0,3.295836866004329,6.079544103390923,0.006126241883303123,0,3.0,0.024582168907846518,-3.680844584939177,True
1970,대조,0,4.0,11.0,294.06,5014.0,0.0,0.0,0.0,1.0,0,0.0,0.0,0.0,34.42,3.0,4.0,0,1,4.0,2.4849066497880004,5.687178725489421,0.0,0,1.0,0.008407795525444213,-4.77015262433665,False
1971,대조,0,6.0,10.0,280.31,121.0,0.0,0.0,0.0,5.0,0,0.0,0.0,0.0,39.81,3.0,6.0,0,1,6.0,2.3978952727983707,5.639457264099644,0.0,0,5.0,0.018101572470578895,-3.9934890573912423,True
1972,대조,0,9.0,10.0,185.29,116.0,3.0,13.57,0.0,3.0,0,0.0,0.0,0.0,88.31,5.0,9.0,0,1,9.0,2.3978952727983707,5.227304599301617,0.07323654811376762,0,3.0,0.03205820142526334,-3.4076189146944307,True
1974,대조,0,,0.0,0.0,0.0,0.0,0.0,0.0,5.0,0,0.0,0.0,0.0,0.0,0.0,90.0,0,0,90.0,0.0,0.0,0.0,0,5.0,3.303604142108818e-05,-10.317878391612776,False
1978,대조,0,21.0,5.0,67.4,37.0,0.0,0.0,0.0,6.0,0,0.0,0.0,0.0,92.06,3.0,21.0,0,1,21.0,1.791759469228055,4.225372824628505,0.0,0,6.0,0.004291440957929514,-5.446832039190423,False
1979,대조,0,6.0,12.0,72.87,46.0,0.0,0.0,0.0,3.0,1,8.0,3.0,2.0,105.17,7.0,6.0,1,1,6.0,2.5649493574615367,4.302306791540646,0.0,0,3.0,0.003912653466580128,-5.539619171280103,False
1980,대조,0,5.0,12.0,931.25,27153.0,6.0,15.19,0.0,1.0,1,16.0,7.0,3.0,166.66,2.0,5.0,1,1,5.0,2.5649493574615367,6.83760101905893,0.016311409395973153,0,1.0,0.08339381913452756,-2.3971037197834937,True
1981,대조,0,10.0,22.0,270.51,158.0,0.0,0.0,0.0,1.0,0,0.0,0.0,0.0,184.46,9.0,10.0,0,1,10.0,3.1354942159291497,5.603998971108217,0.0,0,1.0,0.008408540382264958,-4.770063285872851,False
1982,대조,0,6.0,39.0,854.3,97805.0,7.0,23.060000000000002,0.0,2.0,1,4.0,2.0,1.0,199.85,7.0,6.0,1,1,6.0,3.6888794541139363,6.751452284586736,0.026992859651176405,0,2.0,0.11780660217129049,-2.013366988641171,True
1987,대조,0,8.0,16.0,460.48,226.0,3.0,11.35,0.0,1.0,0,0.0,0.0,0.0,136.05,8.0,8.0,0,1,8.0,2.833213344056216,6.134438716059089,0.02464819318971508,0,1.0,0.02573470440806169,-3.633843196909688,True
1988,대조,0,8.0,31.0,1458.14,30564.0,8.0,37.45,0.0,1.0,0,47.92,13.0,10.0,941.97,17.0,8.0,1,1,8.0,3.4657359027997265,7.285602500053629,0.025683404885676272,0,1.0,0.10804149268938228,-2.110904270120277,True
1989,대조,0,10.0,22.0,452.82,14509.0,4.0,5.88,8.0,3.0,1,1.99,1.0,1.0,252.74,9.0,10.0,1,1,10.0,3.1354942159291497,6.117700643653124,0.012985292169073804,1,3.0,0.049710091330395445,-2.9505591476923048,True
1990,대조,0,9.0,17.0,688.6800000000001,89272.0,8.0,19.78,1.0,3.0,1,0.0,0.0,0.0,229.75,10.0,9.0,0,1,9.0,2.8903717578961645,6.536227721901669,0.028721612359876865,1,3.0,0.10689782623674232,-2.1228275073641574,True
1993,대조,0,4.0,14.0,129.05,58.0,0.0,0.0,0.0,1.0,0,0.0,0.0,0.0,113.95,7.0,4.0,0,1,4.0,2.70805020110221,4.867918991894661,0.0,0,1.0,0.0030099778198145856,-5.802808052167144,False
1996,대조,0,1.0,17.0,285.41,72.0,3.0,10.68,0.0,2.0,0,2.5,1.0,1.0,180.62,6.0,1.0,1,1,1.0,2.8903717578961645,5.657424350678052,0.037419852142531795,0,2.0,0.02066566098997259,-3.8583996615470255,True
1998,대조,0,4.0,30.0,183.03,163.0,0.0,0.0,0.0,5.0,0,0.0,0.0,0.0,132.19,16.0,4.0,0,1,4.0,3.4339872044851463,5.215098787797103,0.0,0,5.0,0.010959459728317671,-4.502532336513888,False
2002,대조,0,7.0,12.0,566.79,20928.0,1.0,2.5,0.0,1.0,1,0.0,0.0,0.0,164.45,3.0,7.0,0,1,7.0,2.5649493574615367,6.341751632048627,0.004410804707210784,0,1.0,0.037435088455923374,-3.2469930458529923,True
2008,대조,0,16.0,10.0,374.03,111.0,0.0,0.0,0.0,3.0,0,4.19,1.0,1.0,216.66,12.0,16.0,1,1,16.0,2.3978952727983707,5.927006022770581,0.0,0,3.0,0.019502399688631596,-3.917522679266428,True
2009,대조,0,,0.0,0.0,0.0,0.0,0.0,0.0,1.0,0,0.0,0.0,0.0,0.0,0.0,90.0,0,0,90.0,0.0,0.0,0.0,0,1.0,1.457237242128024e-05,-11.136368549345034,False
2011,대조,0,5.0,14.0,184.63,114.0,0.0,0.0,0.0,3.0,1,0.0,0.0,0.0,93.42,6.0,5.0,0,1,5.0,2.70805020110221,5.223755445221132,0.0,0,3.0,0.012508056234455844,-4.368795403065298,True
2012,대조,0,4.0,49.0,1731.85,84732.0,0.0,0.0,0.0,6.0,1,0.0,0.0,0.0,421.01,16.0,4.0,0,1,4.0,3.912023005428146,7.457522730862745,0.0,0,6.0,0.29867803481679017,-0.8536008891334996,True
2013,대조,0,30.0,2.0,9.56,5.0,0.0,0.0,0.0,2.0,1,0.0,0.0,0.0,0.0,0.0,30.0,0,0,30.0,1.0986122886681098,2.3570732782781154,0.0,0,2.0,0.00032900281963547495,-8.019115179962098,False
2014,대조,0,10.0,5.0,160.33,94.0,0.0,0.0,0.0,1.0,0,0.0,0.0,0.0,196.39000000000001,1.0,10.0,0,1,10.0,1.791759469228055,5.0834519566780525,0.0,0,1.0,0.004045174042877582,-5.506177324837072,False
2016,대조,0,84.0,1.0,18.11,17.0,0.0,0.0,0.0,2.0,0,0.0,0.0,0.0,75.56,5.0,84.0,0,1,84.0,0.6931471805599453,2.950211758252182,0.0,0,2.0,0.0007433281959944465,-7.203629288818956,False
2018,대조,0,4.0,37.0,1110.05,427.0,3.0,8.07,0.0,3.0,1,9.33,4.0,5.0,562.49,10.0,4.0,1,1,4.0,3.6375861597263857,7.013060793127408,0.007269942795369578,0,3.0,0.12993054513790686,-1.901573002123409,True
2021,대조,0,2.0,8.0,112.67,88.0,0.0,0.0,0.0,1.0,0,0.0,0.0,0.0,37.15,3.0,2.0,0,1,2.0,2.1972245773362196,4.733299513698619,0.0,0,1.0,0.0024100904151680004,-6.025678016158197,False
2024,대조,0,4.0,14.0,761.61,46914.0,5.0,24.96,0.0,5.0,1,6.6899999999999995,3.0,2.0,292.63,4.0,4.0,1,1,4.0,2.70805020110221,6.636746760371844,0.03277267893016111,0,5.0,0.18166959895436757,-1.5050765214123798,True
2027,대조,0,39.0,4.0,72.18,36.0,0.0,0.0,0.0,4.0,0,0.0,0.0,0.0,73.26,8.0,39.0,0,1,39.0,1.6094379124341003,4.292922159591061,0.0,0,4.0,0.003809754464267618,-5.5663735069308,False
2029,대조,0,10.0,10.0,400.23,164.0,1.0,2.44,0.0,2.0,0,0.0,0.0,0.0,99.92,2.0,10.0,0,1,10.0,2.3978952727983707,5.9945348289652,0.006096494515653499,0,2.0,0.018279269971073264,-3.983539249644042,True
2032,대조,0,,0.0,0.0,0.0,0.0,0.0,0.0,1.0,0,0.0,0.0,0.0,50.05,5.0,90.0,0,1,90.0,0.0,0.0,0.0,0,1.0,1.457237242128024e-05,-11.136368549345034,False
2033,대조,0,34.0,21.0,435.44,36865.0,1.0,0.88,0.0,1.0,0,3.19,1.0,1.0,141.61,4.0,34.0,1,1,34.0,3.091042453358316,6.078650908786898,0.0020209443321697594,0,1.0,0.021006035545630162,-3.841715674135917,True
2034,대조,0,6.0,24.0,573.17,25368.0,2.0,7.890000000000001,0.0,2.0,0,0.0,0.0,0.0,279.07,13.0,6.0,0,1,6.0,3.2188758248682006,6.352925519718092,0.013765549487935519,0,2.0,0.03311011615089545,-3.374245755392835,True
2035,대조,0,4.0,6.0,56.54,48.0,0.0,0.0,0.0,1.0,0,0.0,0.0,0.0,0.0,0.0,4.0,0,0,4.0,1.9459101490553132,4.052480358123402,0.0,0,1.0,0.0010233627862202457,-6.883637338363163,False
2036,대조,0,2.0,13.0,1370.1100000000001,478.0,3.0,12.530000000000001,0.0,2.0,0,4.0,2.0,2.0,405.69,6.0,2.0,1,1,2.0,2.6390573296152584,7.22337590975006,0.009145251111224646,0,2.0,0.0804219283081696,-2.4366280679700902,True
2037,대조,0,1.0,10.0,155.12,80.0,0.0,0.0,0.0,4.0,0,0.0,0.0,0.0,140.34,6.0,1.0,0,1,1.0,2.3978952727983707,5.050624942312414,0.0,0,4.0,0.006638374848135132,-5.008227590377395,False
2039,대조,0,,0.0,0.0,0.0,0.0,0.0,0.0,1.0,0,8.0,4.0,4.0,751.48,16.0,90.0,1,1,90.0,0.0,0.0,0.0,0,1.0,1.457237242128024e-05,-11.136368549345034,False
2041,대조,0,2.0,29.0,1342.27,46696.0,12.0,59.36,0.0,3.0,1,6.4399999999999995,2.0,2.0,257.92,10.0,2.0,1,1,2.0,3.4011973816621555,7.202862218759208,0.044223591378783705,0,3.0,0.279562214861492,-0.9466342008992963,True
2044,대조,0,1.0,2.0,48.85,28.0,0.0,0.0,0.0,2.0,0,0.0,0.0,0.0,9.41,2.0,1.0,0,1,1.0,1.0986122886681098,3.9090184964078474,0.0,0,2.0,0.0009643129241760564,-6.943129927714059,False
2046,대조,0,19.0,1.0,3.99,1.0,0.0,0.0,0.0,1.0,0,0.0,0.0,0.0,7.79,1.0,19.0,0,1,19.0,0.6931471805599453,1.6074359097634274,0.0,0,1.0,5.062408027126356e-05,-9.891032574822102,False
2047,대조,0,9.0,11.0,617.54,70603.0,0.0,0.0,0.0,5.0,0,0.0,0.0,0.0,337.24,6.0,9.0,0,1,9.0,2.4849066497880004,6.427361862336348,0.0,0,5.0,0.04980493084007984,-2.9485533074916876,True
2050,대조,0,4.0,11.0,385.75,163.0,0.0,0.0,0.0,5.0,1,0.0,0.0,0.0,333.17,10.0,4.0,0,1,4.0,2.4849066497880004,5.957778489453175,0.0,0,5.0,0.04532820502482836,-3.0474381450129595,True
2051,대조,0,,0.0,0.0,0.0,0.0,0.0,0.0,6.0,0,0.0,0.0,0.0,0.0,0.0,90.0,0,0,90.0,0.0,0.0,0.0,0,6.0,4.053696070763649e-05,-10.11325585217971,False
2055,대조,0,1.0,25.0,418.31,165.0,2.0,5.890000000000001,0.0,3.0,0,0.0,0.0,0.0,336.48,14.0,1.0,0,1,1.0,3.258096538021482,6.038610503164925,0.014080466639573524,0,3.0,0.026053753921649884,-3.6211942509930672,True
2057,대조,0,7.0,20.0,499.52,70800.0,1.0,3.49,0.0,2.0,1,0.0,0.0,0.0,182.7,8.0,7.0,0,1,7.0,3.044522437723423,6.215647557996854,0.006986707238949392,0,2.0,0.04208303195654738,-3.1251164839930072,True
2058,대조,0,1.0,27.0,970.15,326.0,10.0,28.01,0.0,7.0,1,3.49,1.0,1.0,283.05,8.0,1.0,1,1,1.0,3.332204510175204,6.878480936278142,0.028871823944750814,0,6.0,0.25478128548004675,-1.073272278711177,True
2059,대조,0,62.0,4.0,152.73000000000002,82.0,0.0,0.0,0.0,1.0,0,2.77,1.0,1.0,255.23,5.0,62.0,1,1,62.0,1.6094379124341003,5.035197816924508,0.0,0,1.0,0.006956632017028857,-4.961078885163441,False
2062,대조,0,5.0,16.0,300.15,116.0,0.0,0.0,0.0,6.0,1,0.0,0.0,0.0,62.760000000000005,4.0,5.0,0,1,5.0,2.833213344056216,5.70760847948973,0.0,0,6.0,0.04183808138299908,-3.131209818376171,True
2063,대조,0,27.0,6.0,232.03,106.0,2.0,5.38,0.0,2.0,1,5.88,2.0,2.0,137.22,3.0,27.0,1,1,27.0,1.9459101490553132,5.451167200642247,0.023186656897814937,0,2.0,0.02676624604443667,-3.5934826760240135,True
2064,대조,0,1.0,55.0,1097.33,377.0,1.0,3.49,0.0,3.0,1,9.27,3.0,3.0,405.06,23.0,1.0,1,1,1.0,4.02535169073515,7.001546123362527,0.0031804470851977077,0,3.0,0.11775426906626284,-2.013870636124913,True
2066,대조,0,70.0,3.0,20.98,9.0,0.0,0.0,0.0,5.0,0,0.0,0.0,0.0,0.0,0.0,70.0,0,0,70.0,1.3862943611198906,3.090132948975475,0.0,0,5.0,0.0014424182730552845,-6.5399907580881385,False
2068,대조,0,5.0,16.0,396.29,237.0,5.0,12.98,0.0,4.0,1,6.6899999999999995,3.0,3.0,227.92,11.0,5.0,1,1,5.0,2.833213344056216,5.984666492606983,0.032753791415377626,0,4.0,0.07426274571745115,-2.5229810292628816,True
2069,대조,0,5.0,14.0,237.38,2528.0,0.0,0.0,0.0,3.0,1,0.0,0.0,0.0,0.0,0.0,5.0,0,0,5.0,2.70805020110221,5.473866039054562,0.0,0,3.0,0.0171262231862612,-4.049869897280144,True
2071,대조,0,4.0,41.0,290.64,129.0,0.0,0.0,0.0,2.0,0,0.0,0.0,0.0,36.04,7.0,4.0,0,1,4.0,3.7376696182833684,5.67552016493823,0.0,0,2.0,0.01084711932465827,-4.51294935603977,False
2074,대조,0,1.0,3.0,35.019999999999996,14.0,0.0,0.0,0.0,1.0,0,0.0,0.0,0.0,0.0,0.0,1.0,0,0,1.0,1.3862943611198906,3.58407433974781,0.0,0,1.0,0.0005276167214781249,-7.546612688186828,False
2076,대조,0,2.0,20.0,545.33,30081.0,3.0,9.49,0.0,10.0,1,15.57,5.0,5.0,730.84,17.0,2.0,1,1,2.0,3.044522437723423,6.3032231887758385,0.017402306860066382,0,6.0,0.11475960768013373,-2.043019665367484,True
2078,대조,0,1.0,6.0,152.23,47.0,0.0,0.0,0.0,5.0,0,0.0,0.0,0.0,27.740000000000002,1.0,1.0,0,1,1.0,1.9459101490553132,5.031940060590085,0.0,0,5.0,0.007753977868105762,-4.851765097728229,False
2079,대조,0,20.0,7.0,303.44,115.0,0.0,0.0,0.0,7.0,0,0.0,0.0,0.0,208.23000000000002,3.0,20.0,0,1,20.0,2.0794415416798357,5.718474023399191,0.0,0,6.0,0.028214793258957527,-3.5392883752723687,True
2080,대조,0,2.0,8.0,459.43,228.0,0.0,0.0,0.0,8.0,0,0.0,0.0,0.0,121.51,3.0,2.0,0,1,2.0,2.1972245773362196,6.13216083545466,0.0,0,6.0,0.038463448309303365,-3.2188241838154856,True
2081,대조,0,61.0,2.0,119.99,77.0,0.0,0.0,0.0,1.0,0,0.0,0.0,0.0,25.49,1.0,61.0,0,1,61.0,1.0986122886681098,4.7957078975533864,0.0,0,1.0,0.004938128943565285,-5.30581841410142,False
2084,대조,0,2.0,31.0,735.61,95437.0,8.0,16.0,1.0,3.0,1,0.0,0.0,0.0,325.42,10.0,2.0,0,1,2.0,3.4657359027997265,6.602058579808034,0.021750655918217534,1,3.0,0.09689171426933092,-2.2322484567958476,True
2086,처치,1,1.0,122.0,1620.87,10358.0,2.0,9.88,0.0,5.0,1,6.0,2.0,1.0,489.19,48.0,1.0,1,1,1.0,4.812184355372417,7.3913350834978635,0.006095491927174913,0,5.0,0.26774041806875176,-1.0061171493936893,True
2092,대조,0,87.0,1.0,13.98,4.0,0.0,0.0,0.0,3.0,1,0.0,0.0,0.0,0.0,0.0,87.0,0,0,87.0,0.6931471805599453,2.7067159780890733,0.0,0,3.0,0.0012114065452758008,-6.714761019473357,False
2097,대조,0,1.0,9.0,428.43,170.0,0.0,0.0,0.0,6.0,1,0.0,0.0,0.0,0.0,0.0,1.0,0,0,1.0,2.302585092994046,6.062458747932046,0.0,0,6.0,0.05982097753654657,-2.7547139121921056,True
2098,대조,0,14.0,3.0,189.18,59.0,0.0,0.0,0.0,1.0,0,0.0,0.0,0.0,0.0,0.0,14.0,0,0,14.0,1.3862943611198906,5.2479709921112985,0.0,0,1.0,0.005113199219090987,-5.270803684039539,False
2099,대조,0,10.0,4.0,41.56,24.0,0.0,0.0,0.0,1.0,0,0.0,0.0,0.0,41.71,4.0,10.0,0,1,10.0,1.6094379124341003,3.750914845033389,0.0,0,1.0,0.0007348112003128592,-7.215161880764521,False
2102,대조,0,5.0,17.0,873.07,292.0,0.0,0.0,0.0,3.0,1,0.0,0.0,0.0,412.5,11.0,5.0,0,1,5.0,2.8903717578961645,6.773160463981561,0.0,0,3.0,0.08445703484054683,-2.383274352200231,True
2107,대조,0,19.0,10.0,550.39,244.0,1.0,4.0,0.0,4.0,1,0.0,0.0,0.0,131.3,4.0,19.0,0,1,19.0,2.3978952727983707,6.312442362770546,0.007267573902142117,0,4.0,0.07732168788465352,-2.479306165541809,True
2108,대조,0,1.0,12.0,135.77,81.0,1.0,2.5,0.0,2.0,0,0.0,0.0,0.0,76.66,8.0,1.0,0,1,1.0,2.5649493574615367,4.9183006828934595,0.01841349340796936,0,2.0,0.005465503186438999,-5.203818593526573,False
2109,대조,0,1.0,23.0,423.04,214.0,0.0,0.0,0.0,4.0,0,0.0,0.0,0.0,230.89,9.0,1.0,0,1,1.0,3.1780538303479458,6.049827790404897,0.0,0,4.0,0.024313644269435143,-3.692103492595602,True
2110,처치,1,2.0,22.0,1759.64,26896.0,9.0,24.83,0.0,10.0,1,12.89,6.0,6.0,793.36,11.0,2.0,1,1,2.0,3.1354942159291497,7.473432658296155,0.014110840853811006,0,6.0,0.35144621175958046,-0.612688268186774,True
2111,대조,0,11.0,12.0,115.95,28588.0,0.0,0.0,0.0,5.0,1,0.0,0.0,0.0,123.98,3.0,11.0,0,1,11.0,2.5649493574615367,4.761746493030188,0.0,0,5.0,0.011148364090438134,-4.48525153732671,False
2114,대조,0,38.0,19.0,384.07,6280.0,3.0,7.88,0.0,5.0,0,6.1899999999999995,2.0,2.0,150.13,7.0,38.0,1,1,38.0,2.995732273553991,5.95342513594268,0.020517093238211784,0,5.0,0.05921441406267659,-2.7655502629151925,True
2117,대조,0,1.0,8.0,193.99,110.0,0.0,0.0,0.0,4.0,0,0.0,0.0,0.0,19.2,1.0,1.0,0,1,1.0,2.1972245773362196,5.272948275197495,0.0,0,4.0,0.008701342764654308,-4.735538503972611,False
2121,대조,0,5.0,24.0,963.41,127386.0,6.0,11.79,0.0,4.0,1,0.0,0.0,0.0,150.57,5.0,5.0,0,1,5.0,3.2188758248682006,6.871516515394692,0.012237780384260075,0,4.0,0.14339321303614805,-1.787388390144049,True
2123,대조,0,8.0,10.0,917.33,338.0,8.0,39.010000000000005,4.0,3.0,1,7.390000000000001,3.0,2.0,389.93,5.0,8.0,1,1,8.0,2.3978952727983707,6.822556803148252,0.042525590572640166,1,3.0,0.18002648156755371,-1.5161680852533457,True
2124,대조,0,1.0,27.0,1096.2,176724.0,1.0,2.99,10.0,8.0,1,0.0,0.0,0.0,344.96000000000004,11.0,1.0,0,1,1.0,3.332204510175204,7.000516759063448,0.002727604451742383,1,6.0,0.18018596483714458,-1.515088072597019,True
2128,대조,0,,0.0,0.0,0.0,0.0,0.0,0.0,2.0,0,0.0,0.0,0.0,0.0,0.0,90.0,0,0,90.0,0.0,0.0,0.0,0,2.0,1.788114251494266e-05,-10.931746009911969,False
2130,대조,0,9.0,24.0,2047.72,10981.0,4.0,18.25,7.0,3.0,1,0.0,0.0,0.0,182.76,4.0,9.0,0,1,9.0,3.2188758248682006,7.624970486875783,0.008912351298029027,1,3.0,0.24628228942631267,-1.1185395127172901,True
2137,대조,0,4.0,32.0,397.79,35127.0,0.0,0.0,0.0,3.0,0,0.0,0.0,0.0,209.32,7.0,4.0,0,1,4.0,3.4965075614664802,5.988434962547617,0.0,0,3.0,0.01941123565730413,-3.9223011151948772,True
2138,대조,0,13.0,5.0,235.13,117.0,0.0,0.0,0.0,3.0,0,4.0,1.0,1.0,115.16,5.0,13.0,1,1,13.0,1.791759469228055,5.4643825008224685,0.0,0,3.0,0.01019481260105016,-4.575629120958833,False
2142,대조,0,7.0,18.0,1227.32,7664.0,6.0,29.759999999999998,0.0,5.0,0,12.98,4.0,2.0,708.15,15.0,7.0,1,1,7.0,2.9444389791664403,7.113402661079588,0.024247954893589285,0,5.0,0.17065085361398744,-1.5810215547217377,True
2145,대조,0,55.0,5.0,70.24000000000001,15572.0,0.0,0.0,0.0,1.0,0,0.0,0.0,0.0,49.08,5.0,55.0,0,1,55.0,1.791759469228055,4.266054458421461,0.0,0,1.0,0.002435876427836533,-6.015009809908883,False
2146,대조,0,37.0,4.0,274.25,116.0,3.0,10.27,0.0,2.0,0,6.98,2.0,1.0,53.32,3.0,37.0,1,1,37.0,1.6094379124341003,5.617679775602789,0.03744758432087511,0,2.0,0.027903277748233618,-3.550711144056879,True
2147,대조,0,6.0,14.0,1112.45,18030.0,13.0,41.18,3.0,4.0,1,39.74,17.0,15.0,527.62,12.0,6.0,1,1,6.0,2.70805020110221,7.0152185822316655,0.03701739404018158,1,4.0,0.23422926493834353,-1.1845824230595499,True
2148,대조,0,8.0,14.0,416.61,247.0,0.0,0.0,1.0,5.0,1,0.0,0.0,0.0,124.97,5.0,8.0,0,1,8.0,2.70805020110221,6.034547982641873,0.0,1,5.0,0.04938861305618962,-2.9573854501112202,True
2149,대조,0,4.0,22.0,632.03,70250.0,0.0,0.0,0.0,4.0,0,0.0,0.0,0.0,172.84,6.0,4.0,0,1,4.0,3.1354942159291497,6.450517814386075,0.0,0,4.0,0.04117427536378343,-3.1478956552617205,True
2154,대조,0,7.0,18.0,369.47,186.0,1.0,3.89,0.0,3.0,1,12.25,5.0,4.0,229.34,14.0,7.0,1,1,7.0,2.9444389791664403,5.914772469797841,0.010528595014480202,0,3.0,0.037770792604874204,-3.2377165620695894,True
2156,처치,1,11.0,14.0,802.13,55262.0,6.0,14.46,0.0,5.0,1,0.0,0.0,0.0,234.82,4.0,11.0,0,1,11.0,2.70805020110221,6.688516593745139,0.018027003104234975,0,5.0,0.16042152663671874,-1.6550950560680118,True
2158,대조,0,15.0,17.0,499.98,54295.0,1.0,2.5,6.0,1.0,1,0.0,0.0,0.0,194.48,7.0,15.0,0,1,15.0,2.8903717578961645,6.216566180128353,0.00500020000800032,1,1.0,0.033908805360477065,-3.349583508340154,True
2159,대조,0,1.0,8.0,214.46,104.0,0.0,0.0,0.0,1.0,0,0.0,0.0,0.0,99.44,13.0,1.0,0,1,1.0,2.1972245773362196,5.372775277466046,0.0,0,1.0,0.005366956263374761,-5.222112924884426,False
2161,대조,0,1.0,14.0,803.5500000000001,30066.0,2.0,6.68,0.0,1.0,0,0.0,0.0,0.0,302.71,5.0,1.0,0,1,1.0,2.70805020110221,6.690283114905159,0.00831311057183747,0,1.0,0.03402534311533086,-3.3460319660601328,True
2162,대조,0,1.0,31.0,3011.32,103442.0,2.0,10.0,1.0,7.0,1,4.0,2.0,1.0,998.23,16.0,1.0,1,1,1.0,3.4657359027997265,8.010465824976402,0.003320802837293944,1,6.0,0.4481753942359617,-0.20804559181705598,True
2164,대조,0,,0.0,0.0,0.0,0.0,0.0,0.0,3.0,0,0.0,0.0,0.0,0.0,0.0,90.0,0,0,90.0,0.0,0.0,0.0,0,3.0,2.1941178016981387e-05,-10.727123470478904,False
2167,대조,0,73.0,2.0,13.49,6.0,0.0,0.0,0.0,8.0,0,0.0,0.0,0.0,20.299999999999997,3.0,73.0,0,1,73.0,1.0986122886681098,2.673458756332591,0.0,0,6.0,0.0010619249384274858,-6.8466095489269065,False
2171,처치,1,2.0,19.0,762.86,310.0,8.0,25.740000000000002,1.0,6.0,0,6.98,2.0,2.0,150.62,4.0,2.0,1,1,2.0,2.995732273553991,6.638384526301609,0.03374144666124846,1,6.0,0.12860096572843074,-1.9133856841057773,True
2173,대조,0,6.0,29.0,604.4,239.0,5.0,10.0,0.0,1.0,1,0.0,0.0,0.0,95.7,8.0,6.0,0,1,6.0,3.4011973816621555,6.405889396587618,0.01654533421575116,0,1.0,0.05285124525176978,-2.885974886797893,True
2176,대조,0,64.0,4.0,47.83,21.0,0.0,0.0,0.0,3.0,0,0.0,0.0,0.0,50.9,4.0,64.0,0,1,64.0,1.6094379124341003,3.888344878073569,0.0,0,3.0,0.0024961161276360454,-5.990520067442704,False
2179,대조,0,5.0,5.0,287.65,88.0,0.0,0.0,0.0,1.0,1,0.0,0.0,0.0,58.22,2.0,5.0,0,1,5.0,1.791759469228055,5.665214881506943,0.0,0,1.0,0.013864657722610144,-4.264450616825518,True
2181,대조,0,4.0,24.0,1820.74,617.0,5.0,11.89,0.0,1.0,1,0.0,0.0,0.0,165.02,2.0,4.0,0,1,4.0,3.2188758248682006,7.507547367307934,0.006530311851225326,0,1.0,0.15215209381946818,-1.7178206259906261,True
2182,대조,0,5.0,8.0,119.01,45.0,0.0,0.0,0.0,4.0,1,0.0,0.0,0.0,53.61,4.0,5.0,0,1,5.0,2.1972245773362196,4.78757507264335,0.0,0,4.0,0.00859565915283021,-4.747865137919618,False
2183,대조,0,1.0,36.0,792.49,97847.0,1.0,2.49,0.0,5.0,1,0.0,0.0,0.0,320.45,16.0,1.0,0,1,1.0,3.6109179126442243,6.676440937492598,0.0031419954825928405,0,5.0,0.11483560778846941,-2.042271773503755,True
2187,대조,0,16.0,4.0,376.53,187.0,0.0,0.0,0.0,1.0,0,0.0,0.0,0.0,148.62,1.0,16.0,0,1,16.0,1.6094379124341003,5.933650035730166,0.0,0,1.0,0.012607880821677568,-4.360745163930279,True
2188,대조,0,1.0,14.0,600.28,24986.0,2.0,5.0,0.0,5.0,1,0.0,0.0,0.0,256.31,7.0,1.0,0,1,1.0,2.70805020110221,6.3990607162251,0.008329446258412742,0,5.0,0.08791305698079446,-2.339386980547496,True
2198,처치,1,1.0,53.0,1159.64,72208.0,7.0,15.63,0.0,3.0,1,8.27,3.0,3.0,779.16,39.0,1.0,1,1,1.0,3.9889840465642745,7.056726856094538,0.013478320858197371,0,3.0,0.14973975891430225,-1.736643621835754,True
2203,대조,0,30.0,9.0,313.44,9993.0,0.0,0.0,0.0,5.0,1,4.49,1.0,1.0,368.99,5.0,30.0,1,1,30.0,2.302585092994046,5.750793278925555,0.0,0,5.0,0.046843527002119245,-3.0129662452710595,True
2204,대조,0,2.0,13.0,192.16,145.0,0.0,0.0,0.0,2.0,0,0.0,0.0,0.0,180.27,15.0,2.0,0,1,2.0,2.6390573296152584,5.263518861005341,0.0,0,2.0,0.005933646454741384,-5.121165017989807,False
2205,대조,0,20.0,11.0,145.32,85.0,0.0,0.0,0.0,4.0,0,5.0,5.0,3.0,66.91,2.0,20.0,1,1,20.0,2.4849066497880004,4.98579600408261,0.0,0,4.0,0.007683481850310069,-4.86096931676196,False
2210,대조,0,81.0,1.0,64.82,16.0,0.0,0.0,0.0,3.0,0,0.0,0.0,0.0,12.79,1.0,81.0,0,1,81.0,0.6931471805599453,4.186923743515194,0.0,0,3.0,0.004245705547399764,-5.4575925221917,False
2211,대조,0,11.0,9.0,254.79,119.0,10.0,23.0,0.0,2.0,0,5.0,2.0,1.0,385.34,8.0,11.0,1,1,11.0,2.302585092994046,5.544356795339151,0.09027041877624711,0,2.0,0.05499424231283892,-2.8439625257343484,True
2213,대조,0,5.0,5.0,178.04,72.0,0.0,0.0,0.0,3.0,0,0.0,0.0,0.0,38.89,3.0,5.0,0,1,5.0,1.791759469228055,5.187609244563615,0.0,0,3.0,0.006539127696717286,-5.023390900659201,False
2215,대조,0,8.0,15.0,272.05,133.0,1.0,2.5,0.0,5.0,0,0.0,0.0,0.0,119.45,4.0,8.0,0,1,8.0,2.772588722239781,5.609654928598163,0.009189487226612754,0,5.0,0.021854259326215073,-3.801262840643934,True
2217,대조,0,2.0,30.0,543.43,27422.0,0.0,0.0,0.0,7.0,1,10.0,8.0,7.0,195.73,11.0,2.0,1,1,2.0,3.4339872044851463,6.2997393757983104,0.0,0,6.0,0.08475860565386226,-2.379380566694898,True
2221,대조,0,10.0,15.0,265.03,138.0,5.0,13.98,0.0,4.0,1,5.0,2.0,2.0,168.29,6.0,10.0,1,1,10.0,2.772588722239781,5.58360908437718,0.05274874542504623,0,4.0,0.07090210348229005,-2.5729140102493737,True
2223,대조,0,1.0,19.0,206.08,64.0,2.0,6.49,0.0,3.0,0,0.0,0.0,0.0,4.8500000000000005,2.0,1.0,0,1,1.0,2.995732273553991,5.333105192033701,0.03149262422360248,0,3.0,0.015040564472271126,-4.181849608900313,True
2225,처치,1,17.0,11.0,448.42,162.0,3.0,7.28,0.0,4.0,0,4.49,2.0,2.0,376.29,10.0,17.0,1,1,17.0,2.4849066497880004,6.1079578625437865,0.016234779893849517,0,4.0,0.04163008207961679,-3.1364108062051637,True
2228,대조,0,,0.0,0.0,0.0,0.0,0.0,0.0,6.0,0,3.0,1.0,1.0,31.82,2.0,90.0,1,1,90.0,0.0,0.0,0.0,0,6.0,4.053696070763649e-05,-10.11325585217971,False
2230,대조,0,17.0,11.0,361.3,160.0,1.0,2.49,0.0,1.0,0,0.0,0.0,0.0,88.42,2.0,17.0,0,1,17.0,2.4849066497880004,5.8924725979010315,0.006891779684472738,0,1.0,0.014564297401740695,-4.21451073059439,True
2231,대조,0,9.0,11.0,731.89,285.0,0.0,0.0,4.0,3.0,1,0.0,0.0,0.0,315.42,5.0,9.0,0,1,9.0,2.4849066497880004,6.596995622412466,0.0,1,3.0,0.06601420821330903,-2.6495912310762098,True
2238,대조,0,5.0,38.0,656.11,381.0,4.0,7.26,0.0,3.0,0,0.0,0.0,0.0,136.55,15.0,5.0,0,1,5.0,3.6635616461296463,6.487851432171832,0.011065217722637972,0,3.0,0.04564048569045332,-3.0402452831306723,True
2239,대조,0,22.0,3.0,201.73,88.0,0.0,0.0,0.0,1.0,0,0.0,0.0,0.0,46.58,2.0,22.0,0,1,22.0,1.3862943611198906,5.311875044480103,0.0,0,1.0,0.006093142729779416,-5.094479501108584,False
2241,대조,0,2.0,10.0,116.13,92.0,0.0,0.0,0.0,1.0,0,0.0,0.0,0.0,91.39,7.0,2.0,0,1,2.0,2.3978952727983707,4.763284429081783,0.0,0,1.0,0.0025309174591869326,-5.976639284243111,False
2243,대조,0,10.0,9.0,919.44,335.0,1.0,2.38,0.0,2.0,1,2.77,1.0,1.0,347.18,5.0,10.0,1,1,10.0,2.302585092994046,6.824851816582373,0.0025885321500043502,0,2.0,0.08003551006611194,-2.441864659383672,True
2244,대조,0,4.0,36.0,488.83,269.0,4.0,9.69,0.0,9.0,0,0.0,0.0,0.0,474.25,29.0,4.0,0,1,4.0,3.6109179126442243,6.194058392131981,0.019822842296913036,0,6.0,0.06672596193719689,-2.6381047631997947,True
2245,대조,0,1.0,37.0,874.6,58378.0,0.0,0.0,0.0,5.0,0,4.5,3.0,3.0,657.36,21.0,1.0,1,1,1.0,3.6375861597263857,6.774909365648708,0.0,0,5.0,0.07322585301618008,-2.538161355350604,True
2247,대조,0,1.0,20.0,603.1,174.0,1.0,2.5,0.0,1.0,0,2.5,2.0,2.0,653.33,25.0,1.0,1,1,1.0,3.044522437723423,6.403739747144695,0.00414524954402255,0,1.0,0.022361141222498042,-3.7778156512282774,True
2248,대조,0,19.0,6.0,73.28,26.0,0.0,0.0,0.0,1.0,0,0.0,0.0,0.0,201.81,3.0,19.0,0,1,19.0,1.9459101490553132,4.307841736484505,0.0,0,1.0,0.001691923850832572,-6.380195667458501,False
2250,대조,0,7.0,8.0,284.25,16963.0,0.0,0.0,0.0,1.0,1,0.0,0.0,0.0,50.519999999999996,3.0,7.0,0,1,7.0,2.1972245773362196,5.653365988742185,0.0,0,1.0,0.014286925546116703,-4.234020491147753,True
2251,대조,0,5.0,7.0,555.08,267.0,6.0,21.88,0.0,1.0,0,0.0,0.0,0.0,158.62,2.0,5.0,0,1,5.0,2.0794415416798357,6.320912168792231,0.0394177415867983,0,1.0,0.04020568182722518,-3.1727106849800415,True
2254,대조,0,77.0,3.0,21.95,12.0,0.0,0.0,0.0,2.0,1,0.0,0.0,0.0,0.0,0.0,77.0,0,0,77.0,1.3862943611198906,3.133317936506554,0.0,0,2.0,0.00156760686743694,-6.456636273939212,False
2258,대조,0,20.0,5.0,297.2,106.0,2.0,6.880000000000001,0.0,1.0,0,0.0,0.0,0.0,8.780000000000001,1.0,20.0,0,1,20.0,1.791759469228055,5.697764402330638,0.02314939434724092,0,1.0,0.015752629904241002,-4.134869928452817,True
2262,대조,0,11.0,17.0,244.48000000000002,130.0,8.0,19.03,0.0,7.0,0,3.49,2.0,2.0,58.47,7.0,11.0,1,1,11.0,2.8903717578961645,5.503215477520897,0.0778386780104712,0,6.0,0.09125717903053057,-2.298380465245356,True
2273,대조,0,18.0,7.0,225.2,82.0,2.0,6.0,0.0,1.0,0,0.0,0.0,0.0,59.61,4.0,18.0,0,1,18.0,2.0794415416798357,5.42141956368202,0.026642984014209593,0,1.0,0.011836909710854281,-4.424625164030458,False
2274,대조,0,4.0,10.0,1096.85,21937.0,1.0,2.5,0.0,6.0,0,9.19,3.0,2.0,1309.84,14.0,4.0,1,1,4.0,2.3978952727983707,7.001109000715346,0.002279254228016593,0,6.0,0.11608244991320735,-2.030063075415999,True
2278,대조,0,41.0,5.0,91.15,20.0,0.0,0.0,0.0,3.0,0,0.0,0.0,0.0,126.48,3.0,41.0,0,1,41.0,1.791759469228055,4.523417684115833,0.0,0,3.0,0.004305457607881396,-5.443557097134928,False
2281,대조,0,6.0,33.0,1850.26,649.0,0.0,0.0,0.0,2.0,0,3.0,3.0,1.0,755.72,11.0,6.0,1,1,6.0,3.5263605246161616,7.5236217673229895,0.0,0,2.0,0.1048902230901834,-2.144032057650569,True
2282,대조,0,2.0,12.0,143.46,76.0,0.0,0.0,1.0,2.0,1,0.0,0.0,0.0,91.09,7.0,2.0,0,1,2.0,2.5649493574615367,4.973002652622701,0.0,1,2.0,0.006668281981366051,-5.003702411932719,False
2286,대조,0,21.0,4.0,193.11,50.0,0.0,0.0,0.0,1.0,0,0.0,0.0,0.0,4.29,1.0,21.0,0,1,21.0,1.6094379124341003,5.268425008683,0.0,0,1.0,0.005767540741372713,-5.149725266750298,False
2288,대조,0,4.0,6.0,90.6,41.0,0.0,0.0,0.0,4.0,0,0.0,0.0,0.0,10.3,1.0,4.0,0,1,4.0,1.9459101490553132,4.517431271680085,0.0,0,4.0,0.0034124952717048272,-5.676893172939022,False
2289,대조,0,2.0,19.0,623.92,220.0,0.0,0.0,0.0,3.0,0,0.0,0.0,0.0,196.55,9.0,2.0,0,1,2.0,2.995732273553991,6.437623641543702,0.0,0,3.0,0.03228940051901805,-3.4001940560312898,True
2293,대조,0,34.0,8.0,524.33,21248.0,0.0,0.0,0.0,1.0,0,0.0,0.0,0.0,94.74,3.0,34.0,0,1,34.0,2.1972245773362196,6.264026636551919,0.0,0,1.0,0.024258301978992914,-3.694438989274715,True
2294,대조,0,2.0,12.0,344.9,188.0,0.0,0.0,0.0,6.0,1,0.0,0.0,0.0,40.7,2.0,2.0,0,1,2.0,2.5649493574615367,5.846149715943123,0.0,0,6.0,0.04722039447523492,-3.0045577274223003,True
2298,대조,0,2.0,11.0,468.71,195.0,1.0,8.0,0.0,2.0,1,0.0,0.0,0.0,122.99,3.0,2.0,0,1,2.0,2.4849066497880004,6.152115482991541,0.017068123146508504,0,2.0,0.04347592792051122,-3.091098551615409,True
2299,대조,0,25.0,3.0,154.49,98.0,1.0,2.0,0.0,1.0,0,0.0,0.0,0.0,145.33,5.0,25.0,0,1,25.0,1.3862943611198906,5.046581420869725,0.012945821736034695,0,1.0,0.005854436683295243,-5.134683856704418,False
2301,대조,0,19.0,9.0,156.5,57.0,0.0,0.0,0.0,5.0,0,2.0,1.0,1.0,138.91,7.0,19.0,1,1,19.0,2.302585092994046,5.059425458265688,0.0,0,5.0,0.01010939030229516,-4.584129716954949,False
2302,대조,0,6.0,11.0,244.14000000000001,142.0,2.0,9.76,0.0,2.0,1,0.0,0.0,0.0,302.49,9.0,6.0,0,1,6.0,2.4849066497880004,5.501829475913019,0.03997706234127959,0,2.0,0.03203605421262673,-3.4083328777946815,True
2303,대조,0,33.0,5.0,212.46,86.0,0.0,0.0,0.0,3.0,0,0.0,0.0,0.0,91.15,4.0,33.0,0,1,33.0,1.791759469228055,5.363449461485819,0.0,0,3.0,0.011348700865239649,-4.467238414051333,False
2310,대조,0,9.0,18.0,234.41,121.0,1.0,1.19,0.0,1.0,0,0.0,0.0,0.0,6.5,3.0,9.0,0,1,9.0,2.9444389791664403,5.461328674807492,0.005076575231432106,0,1.0,0.007605984597373005,-4.871184836929528,False
2316,대조,0,69.0,1.0,34.23,9.0,0.0,0.0,0.0,1.0,0,0.0,0.0,0.0,0.0,0.0,69.0,0,0,69.0,0.6931471805599453,3.561897992353146,0.0,0,1.0,0.001105790736964841,-6.806088198293517,False
2319,대조,0,5.0,8.0,117.89,43.0,0.0,0.0,0.0,2.0,0,0.0,0.0,0.0,45.89,2.0,5.0,0,1,5.0,2.1972245773362196,4.778198695870453,0.0,0,2.0,0.0032422549769870854,-5.728238688234027,False
2327,대조,0,19.0,2.0,31.720000000000002,9448.0,0.0,0.0,0.0,1.0,0,0.0,0.0,0.0,0.0,0.0,19.0,0,0,19.0,1.0986122886681098,3.487986511734546,0.0,0,1.0,0.0005688973453097509,-7.471241493346319,False
2329,대조,0,65.0,2.0,26.599999999999998,18.0,0.0,0.0,0.0,5.0,0,0.0,0.0,0.0,0.0,0.0,65.0,0,0,65.0,1.0986122886681098,3.317815772723104,0.0,0,5.0,0.0017887895677440695,-6.32442571564388,False
2330,대조,0,16.0,4.0,453.49,41216.0,2.0,6.99,0.0,6.0,1,3.0,1.0,1.0,452.09000000000003,4.0,16.0,1,1,16.0,1.6094379124341003,6.119175911175262,0.015413790822289357,0,6.0,0.09714776418385633,-2.2293257415606433,True
2331,대조,0,2.0,12.0,637.98,56200.0,1.0,2.99,0.0,8.0,1,1.0,1.0,1.0,290.06,4.0,2.0,1,1,2.0,2.5649493574615367,6.459873154983176,0.004686667293645569,0,6.0,0.10650596255010122,-2.1269386913576165,True
2336,대조,0,8.0,15.0,310.0,183.0,0.0,0.0,0.0,2.0,0,0.0,0.0,0.0,93.16,3.0,8.0,0,1,8.0,2.772588722239781,5.739792912179234,0.0,0,2.0,0.011710005901683071,-4.435532489378133,False
2338,대조,0,6.0,9.0,315.95,132.0,0.0,0.0,0.0,1.0,0,9.29,3.0,2.0,127.38000000000001,3.0,6.0,1,1,6.0,2.302585092994046,5.758744032730175,0.0,0,1.0,0.00933132154938552,-4.665003497911874,False
2343,대조,0,1.0,40.0,590.98,27659.0,0.0,0.0,0.0,5.0,1,0.0,0.0,0.0,212.43,14.0,1.0,0,1,1.0,3.713572066704308,6.383472850529537,0.0,0,5.0,0.07769868578332001,-2.474033631929741,True
2344,대조,0,7.0,7.0,245.81,114.0,0.0,0.0,0.0,3.0,0,0.0,0.0,0.0,169.44,4.0,7.0,0,1,7.0,2.0794415416798357,5.508618809848949,0.0,0,3.0,0.01020256045279902,-4.574861602102894,False
2345,대조,0,4.0,15.0,667.08,259.0,0.0,0.0,0.0,5.0,0,0.0,0.0,0.0,396.52,9.0,4.0,0,1,4.0,2.772588722239781,6.504407926844974,0.0,0,5.0,0.05244628557381801,-2.8940941121234354,True
2346,대조,0,7.0,3.0,230.41,92.0,0.0,0.0,0.0,1.0,0,0.0,0.0,0.0,44.36,1.0,7.0,0,1,7.0,1.3862943611198906,5.44419102903758,0.0,0,1.0,0.006038282587380307,-5.103579060568717,False
2347,대조,0,1.0,18.0,555.14,35635.0,2.0,5.38,1.0,1.0,1,0.0,0.0,0.0,274.07,9.0,1.0,0,1,1.0,2.9444389791664403,6.321020061115796,0.009691249054292611,1,1.0,0.036113053317966166,-3.28431962477013,True
2350,대조,0,,0.0,0.0,0.0,0.0,0.0,0.0,3.0,0,9.0,9.0,4.0,153.52,4.0,90.0,1,1,90.0,0.0,0.0,0.0,0,3.0,2.1941178016981387e-05,-10.727123470478904,False
2354,처치,1,13.0,12.0,629.42,53112.0,0.0,0.0,0.0,4.0,0,0.0,0.0,0.0,187.51,3.0,13.0,0,1,13.0,2.5649493574615367,6.446386263928739,0.0,0,4.0,0.04405805985824278,-3.077188872817542,True
2356,대조,0,29.0,2.0,36.26,25.0,0.0,0.0,0.0,2.0,0,0.0,0.0,0.0,0.0,0.0,29.0,0,0,29.0,1.0986122886681098,3.6179203651734424,0.0,0,2.0,0.0009272235241013824,-6.982388241479997,False
2358,대조,0,1.0,10.0,470.6,136.0,1.0,4.49,0.0,2.0,0,0.0,0.0,0.0,29.25,1.0,1.0,0,1,1.0,2.3978952727983707,6.156131168663216,0.009541011474713132,0,2.0,0.021576759132553688,-3.8143255687060877,True
2359,대조,0,4.0,25.0,344.31,21693.0,0.0,0.0,0.0,4.0,1,0.0,0.0,0.0,52.4,6.0,4.0,0,1,4.0,3.258096538021482,5.8444425643009605,0.0,0,4.0,0.03373337303451375,-3.354952162382802,True
2367,처치,1,5.0,12.0,226.78,184.0,0.0,0.0,0.0,6.0,1,0.0,0.0,0.0,0.0,0.0,5.0,0,0,5.0,2.5649493574615367,5.428380250846205,0.0,0,6.0,0.029263692440311996,-3.5017072817378905,True
2371,대조,0,21.0,10.0,150.8,54.0,0.0,0.0,0.0,6.0,0,0.0,0.0,0.0,174.81,4.0,21.0,0,1,21.0,2.3978952727983707,5.02256386496153,0.0,0,6.0,0.012156383235565624,-4.397670001581918,True
2373,대조,0,61.0,13.0,167.97,10177.0,0.0,0.0,0.0,2.0,0,0.0,0.0,0.0,22.689999999999998,2.0,61.0,0,1,61.0,2.6390573296152584,5.129721184372558,0.0,0,2.0,0.010027483968567156,-4.5923474612448025,False
2375,대조,0,7.0,29.0,669.67,242.0,2.0,5.1899999999999995,1.0,2.0,0,2.69,1.0,1.0,290.49,9.0,7.0,1,1,7.0,3.4011973816621555,6.508277212718095,0.007750085863186346,1,2.0,0.0341009395737117,-3.3437343990493225,True
2376,대조,0,7.0,35.0,793.33,59850.0,2.0,6.99,0.0,3.0,1,2.49,1.0,1.0,668.4,22.0,7.0,1,1,7.0,3.58351893845611,6.677498992030724,0.008810961390594079,0,3.0,0.0940158586790533,-2.2655583244372037,True
2377,대조,0,8.0,19.0,214.79,31818.0,0.0,0.0,0.0,2.0,0,0.0,0.0,0.0,55.120000000000005,6.0,8.0,0,1,8.0,2.995732273553991,5.3743057125473745,0.0,0,2.0,0.007468494280236426,-4.889565345939576,False
2379,대조,0,10.0,4.0,110.0,38.0,0.0,0.0,0.0,2.0,0,1.89,1.0,1.0,131.06,2.0,10.0,1,1,10.0,1.6094379124341003,4.709530201312334,0.0,0,2.0,0.003054218805253586,-5.788172536835814,False
2380,대조,0,4.0,29.0,1066.54,155304.0,0.0,0.0,8.0,6.0,1,0.0,0.0,0.0,441.25,14.0,4.0,0,1,4.0,3.4011973816621555,6.973112215126765,0.0,1,6.0,0.17277810468460142,-1.5660648332550489,True
2384,대조,0,,0.0,0.0,0.0,0.0,0.0,0.0,1.0,0,0.0,0.0,0.0,0.0,0.0,90.0,0,0,90.0,0.0,0.0,0.0,0,1.0,1.457237242128024e-05,-11.136368549345034,False
2385,대조,0,12.0,18.0,558.79,44827.0,2.0,5.38,0.0,3.0,0,0.0,0.0,0.0,68.94,3.0,12.0,0,1,12.0,2.9444389791664403,6.3275617133991116,0.009627946097818502,0,3.0,0.03806998296371697,-3.2295155777605493,True
2388,대조,0,18.0,11.0,330.15,161.0,0.0,0.0,0.0,1.0,0,1.0,1.0,1.0,133.49,4.0,18.0,1,1,18.0,2.4849066497880004,5.802571444930988,0.0,0,1.0,0.011463641415626863,-4.457045012637266,False
2390,대조,0,22.0,9.0,220.62,15129.0,0.0,0.0,0.0,2.0,1,0.0,0.0,0.0,0.0,0.0,22.0,0,0,22.0,2.302585092994046,5.400964203508179,0.0,0,2.0,0.015250847145547542,-4.167751889547808,True
2391,대조,0,39.0,5.0,73.39,45.0,0.0,0.0,0.0,2.0,0,0.0,0.0,0.0,0.0,0.0,39.0,0,0,39.0,1.791759469228055,4.30932152420325,0.0,0,2.0,0.002612345087418536,-5.9448911969161955,False
2393,처치,1,16.0,7.0,426.43,175.0,4.0,10.19,0.0,2.0,1,2.49,1.0,1.0,233.52,5.0,16.0,1,1,16.0,2.0794415416798357,6.0577905322794585,0.02389606734985812,0,2.0,0.0507489965321051,-2.9287814112679023,True
2394,대조,0,15.0,9.0,120.73,48.0,0.0,0.0,0.0,1.0,0,0.0,0.0,0.0,44.01,4.0,15.0,0,1,15.0,2.302585092994046,4.801805477421505,0.0,0,1.0,0.0030836904833847086,-5.778539735530911,False
2398,대조,0,1.0,11.0,238.37,111.0,2.0,3.3899999999999997,1.0,1.0,0,0.0,0.0,0.0,0.0,0.0,1.0,0,0,1.0,2.4849066497880004,5.478010471988299,0.014221588287116666,1,1.0,0.007757410434075833,-4.851319051768199,False
2405,대조,0,5.0,28.0,796.99,72278.0,3.0,10.0,0.0,3.0,1,19.73,9.0,8.0,257.44,11.0,5.0,1,1,5.0,3.367295829986474,6.68209606604297,0.012547208873386116,0,3.0,0.09803220538311487,-2.2192827639662633,True
2406,대조,0,6.0,17.0,900.16,331.0,12.0,44.910000000000004,0.0,6.0,1,13.96,4.0,4.0,340.71,9.0,6.0,1,1,6.0,2.8903717578961645,6.803682822308942,0.049891130465694995,0,6.0,0.33027724667482306,-0.7069313825604422,True
2407,처치,1,1.0,33.0,1240.69,134048.0,11.0,66.3,5.0,5.0,1,49.42,18.0,7.0,412.35,12.0,1.0,1,1,1.0,3.5263605246161616,7.124228633915292,0.0534380062707042,1,5.0,0.37210565452739885,-0.5231940811264342,True
2410,대조,0,5.0,10.0,434.59,25702.0,1.0,2.99,0.0,4.0,0,0.0,0.0,0.0,310.96,4.0,5.0,0,1,5.0,2.3978952727983707,6.076701433954154,0.006880047861202513,0,4.0,0.02894726760509412,-3.5129049578026406,True
2411,대조,0,62.0,5.0,74.06,27.0,0.0,0.0,0.0,2.0,1,0.0,0.0,0.0,0.0,0.0,62.0,0,0,62.0,1.791759469228055,4.318287793706875,0.0,0,2.0,0.006050008147965329,-5.101627276569998,False
2415,대조,0,2.0,4.0,64.54,31.0,0.0,0.0,0.0,1.0,0,0.0,0.0,0.0,16.37,4.0,2.0,0,1,2.0,1.6094379124341003,4.182660643270669,0.0,0,1.0,0.0011585068331455648,-6.759464137418507,False
2419,대조,0,42.0,7.0,94.05,7582.0,0.0,0.0,0.0,2.0,0,0.0,0.0,0.0,22.54,2.0,42.0,0,1,42.0,2.0794415416798357,4.554403068934438,0.0,0,2.0,0.003753425564049808,-5.581325884883675,False
2420,대조,0,5.0,16.0,900.12,11667.0,1.0,3.49,0.0,5.0,1,0.0,0.0,0.0,201.65,4.0,5.0,0,1,5.0,2.833213344056216,6.803638434089568,0.003877260809669822,0,5.0,0.13474743601807823,-1.8596192638826472,True
2423,대조,0,23.0,4.0,381.75,7593.0,1.0,2.0,0.0,2.0,0,0.0,0.0,0.0,121.89,2.0,23.0,0,1,23.0,1.6094379124341003,5.947382034537793,0.005239030779305829,0,2.0,0.018902242705735928,-3.9493915285523022,True
2425,대조,0,5.0,7.0,180.48000000000002,51673.0,0.0,0.0,0.0,3.0,0,6.0,2.0,1.0,199.09,6.0,5.0,1,1,5.0,2.0794415416798357,5.201145454795763,0.0,0,3.0,0.006755351735639058,-4.990641966105409,False
2426,대조,0,6.0,23.0,360.07,36923.0,0.0,0.0,0.0,3.0,1,0.0,0.0,0.0,88.41,8.0,6.0,0,1,6.0,3.1780538303479458,5.889071845352753,0.0,0,3.0,0.02979212735517631,-3.4832661743370403,True
2429,대조,0,31.0,6.0,161.6,100.0,0.0,0.0,0.0,1.0,0,0.0,0.0,0.0,76.92,3.0,31.0,0,1,31.0,1.9459101490553132,5.0912931971137105,0.0,0,1.0,0.005277924527770055,-5.2389304384282305,False
2430,대조,0,4.0,8.0,189.11,82.0,2.0,10.780000000000001,0.0,4.0,0,0.0,0.0,0.0,37.84,2.0,4.0,0,1,4.0,2.1972245773362196,5.247602852003535,0.05700386018719264,0,4.0,0.0272159274128639,-3.5763597697520493,True
2438,대조,0,1.0,39.0,518.93,11896.0,5.0,20.04,0.0,3.0,0,8.0,5.0,3.0,346.48,19.0,1.0,1,1,1.0,3.6888794541139363,6.253694187129393,0.038617925346385834,0,3.0,0.0559265061657843,-2.826165577852399,True
2439,대조,0,21.0,6.0,15.69,10.0,0.0,0.0,0.0,1.0,0,0.0,0.0,0.0,7.32,2.0,21.0,0,1,21.0,1.9459101490553132,2.8148097376737438,0.0,0,1.0,0.00025851249576110407,-8.26030797976686,False
2440,대조,0,4.0,35.0,775.87,38474.0,0.0,0.0,0.0,1.0,0,0.0,0.0,0.0,426.28000000000003,20.0,4.0,0,1,4.0,3.58351893845611,6.65527302620243,0.0,0,1.0,0.02998683728473509,-3.476551113010346,True
2441,대조,0,1.0,12.0,206.67,120.0,2.0,3.3899999999999997,2.0,3.0,0,0.0,0.0,0.0,61.019999999999996,4.0,1.0,0,1,1.0,2.5649493574615367,5.335950281354887,0.016402961242560604,1,3.0,0.010204427954041001,-4.574676689691524,False
2443,대조,0,,0.0,0.0,0.0,0.0,0.0,0.0,6.0,0,0.0,0.0,0.0,0.0,0.0,90.0,0,0,90.0,0.0,0.0,0.0,0,6.0,4.053696070763649e-05,-10.11325585217971,False
2447,대조,0,1.0,20.0,696.13,202.0,1.0,3.69,0.0,3.0,1,0.0,0.0,0.0,302.15,7.0,1.0,0,1,1.0,3.044522437723423,6.546971906998862,0.00530073405829371,0,3.0,0.06892464469660647,-2.6033264122082436,True
2452,대조,0,6.0,22.0,697.6700000000001,298.0,0.0,0.0,0.0,7.0,0,0.0,0.0,0.0,224.26,5.0,6.0,0,1,6.0,3.1354942159291497,6.549178527753808,0.0,0,6.0,0.06984094650860369,-2.5891351328155134,True
2453,대조,0,1.0,20.0,922.26,342.0,12.0,25.89,0.0,5.0,1,17.0,7.0,5.0,429.63,9.0,1.0,1,1,1.0,3.044522437723423,6.827910884976479,0.02807234402446165,0,5.0,0.20196162332650613,-1.374078991543112,True
2456,대조,0,9.0,9.0,115.94,59.0,0.0,0.0,0.0,1.0,0,0.0,0.0,0.0,70.68,3.0,9.0,0,1,9.0,2.302585092994046,4.761660982747524,0.0,0,1.0,0.002729624741092646,-5.9008577797486765,False
2457,대조,0,6.0,13.0,252.14,115.0,1.0,2.99,0.0,1.0,0,0.0,0.0,0.0,16.53,1.0,6.0,0,1,6.0,2.6390573296152584,5.533942695364302,0.011858491314349172,0,1.0,0.009075385431581888,-4.693072610325703,False
2466,대조,0,7.0,20.0,278.39,102.0,0.0,0.0,0.0,4.0,0,0.0,0.0,0.0,318.64,9.0,7.0,0,1,7.0,3.044522437723423,5.632608655201676,0.0,0,4.0,0.015365038023869232,-4.160176305219373,True
2468,대조,0,2.0,7.0,92.81,66.0,0.0,0.0,0.0,2.0,0,0.0,0.0,0.0,14.350000000000001,2.0,2.0,0,1,2.0,2.0794415416798357,4.541271460137859,0.0,0,2.0,0.0023006529405714556,-6.072259005621714,False
2470,대조,0,17.0,10.0,114.96,69.0,0.0,0.0,0.0,2.0,0,0.0,0.0,0.0,66.56,3.0,17.0,0,1,17.0,2.3978952727983707,4.753245304053455,0.0,0,2.0,0.0036586440563103123,-5.606997323366276,False
2472,대조,0,4.0,2.0,103.61,48.0,0.0,0.0,0.0,1.0,0,0.0,0.0,0.0,144.8,4.0,4.0,0,1,4.0,1.0986122886681098,4.650239149355669,0.0,0,1.0,0.0020930665963168754,-6.167029757309114,False
2474,대조,0,19.0,5.0,45.64,34.0,3.0,3.0,0.0,2.0,0,0.0,0.0,0.0,17.1,2.0,19.0,0,1,19.0,1.791759469228055,3.842458542042237,0.06573181419807186,0,2.0,0.004301932277751325,-5.444379778086375,False
2475,대조,0,1.0,20.0,1038.41,400.0,3.0,8.780000000000001,1.0,3.0,0,0.0,0.0,0.0,448.62,11.0,1.0,0,1,1.0,3.044522437723423,6.946408523463216,0.00845523444496875,1,3.0,0.06559159505988757,-2.656466043392099,True
2477,대조,0,13.0,6.0,411.66,199.0,0.0,0.0,0.0,1.0,0,0.0,0.0,0.0,128.86,1.0,13.0,0,1,13.0,1.9459101490553132,6.0226240093570835,0.0,0,1.0,0.013860701438483286,-4.264740019737268,True
2481,대조,0,4.0,22.0,863.74,61739.0,4.0,18.66,2.0,4.0,0,22.91,6.0,5.0,520.76,14.0,4.0,1,1,4.0,3.1354942159291497,6.762428883714565,0.021603723342672562,1,4.0,0.08476068180510991,-2.37935380370041,True
2482,대조,0,6.0,7.0,289.43,165.0,5.0,14.0,0.0,3.0,0,0.0,0.0,0.0,233.24,3.0,6.0,0,1,6.0,2.0794415416798357,5.67136258340009,0.04837093597761116,0,3.0,0.03234795114794073,-3.3983218839633498,True
2483,대조,0,4.0,28.0,568.46,262.0,0.0,0.0,0.0,1.0,1,6.1899999999999995,2.0,2.0,422.35,12.0,4.0,1,1,4.0,3.367295829986474,6.344688543370456,0.0,0,1.0,0.034721484891929236,-3.3250580198871713,True
2492,대조,0,16.0,27.0,382.53,13175.0,3.0,10.57,0.0,1.0,0,8.57,3.0,3.0,446.06,6.0,16.0,1,1,16.0,3.332204510175204,5.949417844605637,0.027631819726557396,0,1.0,0.024421537079043,-3.6875651802198592,True
2493,대조,0,,0.0,0.0,0.0,0.0,0.0,0.0,2.0,0,0.0,0.0,0.0,0.0,0.0,90.0,0,0,90.0,0.0,0.0,0.0,0,2.0,1.788114251494266e-05,-10.931746009911969,False
2494,대조,0,11.0,6.0,281.09,102.0,0.0,0.0,5.0,2.0,1,2.99,1.0,1.0,260.86,4.0,11.0,1,1,11.0,1.9459101490553132,5.642226168957095,0.0,1,2.0,0.016675708123175512,-4.076985908864472,True
2496,대조,0,12.0,8.0,677.5600000000001,354.0,0.0,0.0,7.0,5.0,1,0.0,0.0,0.0,244.37,4.0,12.0,0,1,12.0,2.1972245773362196,6.519972905726281,0.0,1,5.0,0.08960356818725161,-2.3184850012959077,True
2497,대조,0,4.0,29.0,825.99,5024.0,1.0,2.5,0.0,3.0,1,9.16,3.0,3.0,576.7,12.0,4.0,1,1,4.0,3.4011973816621555,6.717792603052156,0.0030266710250729427,0,3.0,0.08495486595105334,-2.3768532642337465,True
2498,대조,0,1.0,34.0,551.15,10698.0,2.0,5.0,0.0,6.0,1,0.0,0.0,0.0,62.43,11.0,1.0,0,1,1.0,3.5553480614894135,6.31381974849314,0.009071940488070399,0,6.0,0.1013071173991889,-2.1827846855816224,True
2499,대조,0,5.0,13.0,725.46,317.0,2.0,8.89,0.0,2.0,1,0.0,0.0,0.0,217.51,2.0,5.0,0,1,5.0,2.6390573296152584,6.588183422994907,0.012254293827364707,0,2.0,0.06986246130961331,-2.5888039954894113,True
