household_key,group,treatment,recency_days,pre_baskets,pre_sales,pre_quantity,pre_target_purchase_count,pre_target_sales,pre_coupon_redemptions,pre_campaign_count_raw,has_demographic,target_sales,target_quantity,target_purchase_count,total_sales,baskets,recency_days_filled,target_purchase,any_purchase,pre_recency_capped,log_pre_baskets,log_pre_sales,pre_target_share,pre_coupon_user,pre_campaign_count_c,p_score,logit_p,in_support
1,처치,1,12.0,10.0,531.96,257.0,76.0,185.17000000000002,0.0,1.0,1,95.51,46.0,42.0,429.01,7.0,12.0,1,1,12.0,2.3978952727983707,6.27844637444537,0.34809008196104974,0,1.0,0.6924727188958866,0.811705039840255,True
2,대조,0,67.0,2.0,110.07000000000001,37.0,7.0,19.02,0.0,0.0,0,35.86,7.0,5.0,72.78,3.0,67.0,1,1,67.0,1.0986122886681098,4.7101606331790284,0.17279912782774595,0,0.0,0.3248380710246697,-0.731625741716213,True
3,처치,1,5.0,5.0,271.48,181.0,43.0,146.25,0.0,0.0,0,55.76,19.0,17.0,121.54,4.0,5.0,1,1,5.0,1.791759469228055,5.607565216914378,0.5387137174009134,0,0.0,0.42256914430823656,-0.3122356162492125,True
4,처치,1,34.0,7.0,88.68,30.0,10.0,35.31,0.0,0.0,0,15.940000000000001,7.0,2.0,30.02,1.0,34.0,1,1,34.0,2.0794415416798357,4.496247778763904,0.39817320703653586,0,0.0,0.41831462649970697,-0.3296958618294266,True
8,처치,1,16.0,15.0,914.05,393.0,145.0,426.05,0.0,3.0,1,145.3,80.0,64.0,452.0,9.0,16.0,1,1,16.0,2.772588722239781,6.818978708591291,0.46611235709206283,0,3.0,0.8522370281170127,1.7522552415588837,True
13,처치,1,2.0,36.0,1653.09,278877.0,100.0,350.67,1.0,2.0,1,186.91,95.0,57.0,821.98,17.0,2.0,1,1,2.0,3.6109179126442243,7.4110062876462,0.21213001107017768,1,2.0,0.8826543207742275,2.0178095391838293,True
14,대조,0,1.0,40.0,745.39,53312.0,89.0,194.53,0.0,1.0,0,111.54,65.0,48.0,361.8,18.0,1.0,1,1,1.0,3.713572066704308,6.61524825180137,0.2609774748789224,0,1.0,0.799424762307591,1.3827029952200198,True
16,처치,1,1.0,23.0,320.93,9730.0,48.0,104.74,0.0,1.0,1,16.38,7.0,7.0,97.49,8.0,1.0,1,1,1.0,3.1780538303479458,5.774334130607146,0.32636400461159754,0,1.0,0.7509199844880979,1.1035249085179284,True
17,처치,1,7.0,17.0,609.6,46054.0,50.0,184.28,0.0,2.0,1,179.56,69.0,33.0,368.9,7.0,7.0,1,1,7.0,2.8903717578961645,6.414442080300778,0.30229658792650915,0,2.0,0.8032343775559885,1.4066332621073976,True
18,처치,1,4.0,21.0,829.02,15889.0,85.0,213.42000000000002,0.0,0.0,1,221.1,107.0,77.0,801.62,14.0,4.0,1,1,4.0,3.091042453358316,6.721449796885873,0.2574364912788594,0,0.0,0.7386099569895943,1.038756273767091,True
19,처치,1,3.0,42.0,1137.75,4764.0,233.0,522.69,0.0,0.0,1,412.42,203.0,165.0,1069.71,49.0,3.0,1,1,3.0,3.7612001156935624,7.037686448574168,0.45940672379696773,0,0.0,0.8195960164970759,1.5136128671651325,True
23,처치,1,2.0,18.0,409.0,30752.0,29.0,96.58,0.0,0.0,0,45.94,14.0,12.0,100.05,5.0,2.0,1,1,2.0,2.9444389791664403,6.016157159698354,0.23613691931540343,0,0.0,0.6191701890531399,0.4860275919198958,True
25,처치,1,2.0,12.0,418.14,14176.0,56.0,152.28,0.0,1.0,1,60.62,38.0,30.0,307.99,6.0,2.0,1,1,2.0,2.5649493574615367,6.038204992991797,0.3641842445114077,0,1.0,0.6921903602768613,0.8103794658402119,True
26,대조,0,47.0,6.0,155.23,78.0,36.0,102.02,0.0,0.0,0,45.88,23.0,17.0,70.97,6.0,47.0,1,1,47.0,1.9459101490553132,5.051329280423812,0.6572183212007988,0,0.0,0.44461998919302126,-0.22243262313246387,True
27,처치,1,1.0,76.0,1293.57,617.0,157.0,263.42,0.0,3.0,1,107.45,74.0,72.0,465.67,40.0,1.0,1,1,1.0,4.343805421853684,7.165933872662002,0.2036379940784032,0,3.0,0.9393138996875214,2.7394350328788124,False
28,처치,1,1.0,21.0,342.73,24480.0,23.0,70.97,0.0,0.0,0,32.32,7.0,7.0,172.3,9.0,1.0,1,1,1.0,3.091042453358316,5.839856465469972,0.20707262276427507,0,0.0,0.6280006919881329,0.5236492742712595,True
31,대조,0,13.0,3.0,431.56,17037.0,27.0,95.22,0.0,0.0,1,57.18,30.0,23.0,135.73,2.0,13.0,1,1,13.0,1.3862943611198906,6.0697210450737495,0.22064139401242006,0,0.0,0.4696903991795446,-0.12138723598747861,True
32,처치,1,13.0,10.0,256.0,116.0,30.0,48.92,0.0,3.0,0,24.03,18.0,17.0,143.76,4.0,13.0,1,1,13.0,2.3978952727983707,5.54907608489522,0.19109375,0,3.0,0.714360588850172,0.9166576460902828,True
37,처치,1,10.0,12.0,706.53,21958.0,15.0,97.61,0.0,0.0,0,0.0,0.0,0.0,202.68,3.0,10.0,0,1,10.0,2.5649493574615367,6.561780031445274,0.13815407696771545,0,0.0,0.6078108443650415,0.43811945902868765,True
38,대조,0,43.0,6.0,75.69,29.0,9.0,29.19,0.0,1.0,0,3.59,3.0,2.0,40.18,3.0,43.0,1,1,43.0,1.9459101490553132,4.339771321776768,0.38565200158541424,0,1.0,0.4655131114386576,-0.13816693720042078,True
39,처치,1,14.0,4.0,532.62,253.0,66.0,173.25,0.0,2.0,1,67.48,29.0,23.0,162.73000000000002,3.0,14.0,1,1,14.0,1.6094379124341003,6.279683975158379,0.3252788104089219,0,2.0,0.6523564813323037,0.6294135799200091,True
41,대조,0,8.0,9.0,360.3,173.0,46.0,153.48,0.0,0.0,0,132.48,51.0,43.0,327.21,7.0,8.0,1,1,8.0,2.302585092994046,5.889708638153595,0.4259783513738551,0,0.0,0.5208746128329811,0.08354701466973428,True
42,처치,1,6.0,13.0,281.56,218.0,58.0,133.81,0.0,0.0,1,75.56,33.0,32.0,195.04,10.0,6.0,1,1,6.0,2.6390573296152584,5.643890917415595,0.4752450632192073,0,0.0,0.6174465349951305,0.47872406046067634,True
43,처치,1,6.0,27.0,328.26,21077.0,13.0,13.97,0.0,1.0,1,0.0,0.0,0.0,34.45,5.0,6.0,0,1,6.0,3.332204510175204,5.796847712219876,0.04255772862974472,0,1.0,0.773734459051348,1.229519469067743,True
45,처치,1,17.0,14.0,226.1,99.0,46.0,143.27,0.0,0.0,0,0.0,0.0,0.0,14.280000000000001,1.0,17.0,0,1,17.0,2.70805020110221,5.425390449111513,0.6336576735957542,0,0.0,0.5563274654434819,0.22627033196575075,True
46,처치,1,1.0,16.0,855.82,306.0,82.0,317.93,0.0,0.0,1,381.32,160.0,107.0,1230.36,15.0,1.0,1,1,1.0,2.833213344056216,6.753227861531505,0.37149166880886164,0,0.0,0.7065068956728784,0.8784788180409272,True
47,처치,1,12.0,20.0,338.53000000000003,110.0,30.0,108.26,0.0,0.0,0,124.52,39.0,32.0,396.92,12.0,12.0,1,1,12.0,3.044522437723423,5.827562308337777,0.31979440522257996,0,0.0,0.6290796394533262,0.5282704835240222,True
48,대조,0,80.0,1.0,13.12,6.0,0.0,0.0,0.0,0.0,1,87.91,39.0,32.0,189.52,11.0,80.0,1,1,80.0,0.6931471805599453,2.647592232065096,0.0,0,0.0,0.23034459429588833,-1.2063664658625148,True
51,처치,1,8.0,10.0,612.69,267.0,90.0,275.97,0.0,1.0,0,57.8,22.0,18.0,193.76,5.0,8.0,1,1,8.0,2.3978952727983707,6.4194899146558075,0.45042354208490426,0,1.0,0.637046443744843,0.5625676811532189,True
52,처치,1,8.0,24.0,928.03,44037.0,84.0,221.84,0.0,2.0,1,219.24,78.0,63.0,596.99,11.0,8.0,1,1,8.0,3.2188758248682006,6.834141031080382,0.23904399642252946,0,2.0,0.8483250724352845,1.721524306212589,True
56,처치,1,6.0,31.0,1166.04,517.0,146.0,420.97,0.0,0.0,1,259.86,85.0,67.0,768.27,19.0,6.0,1,1,6.0,3.4657359027997265,7.0622259076203155,0.36102535075983677,0,0.0,0.7954124410127222,1.3578647286991459,True
57,처치,1,7.0,14.0,196.83,7397.0,13.0,23.92,0.0,1.0,1,19.28,20.0,10.0,55.9,9.0,7.0,1,1,7.0,2.70805020110221,5.287408076040001,0.12152619011329574,0,1.0,0.6727179459798295,0.7205037925790212,True
64,처치,1,6.0,43.0,511.55,238.0,56.0,136.35,0.0,0.0,0,69.91,34.0,31.0,233.72,20.0,6.0,1,1,6.0,3.784189633918261,6.239398267229411,0.26654285993549015,0,0.0,0.742915407043946,1.0611769987912216,True
68,처치,1,5.0,78.0,1061.67,8211.0,159.0,392.45,1.0,3.0,0,91.08,42.0,36.0,348.86,53.0,5.0,1,1,5.0,4.3694478524670215,6.968539887999937,0.36965347047575986,1,3.0,0.9144271506123777,2.3689297515262244,True
71,대조,0,6.0,16.0,626.0,189.0,63.0,165.84,0.0,0.0,1,44.050000000000004,20.0,17.0,179.70000000000002,6.0,6.0,1,1,6.0,2.833213344056216,6.440946540632921,0.26492012779552715,0,0.0,0.693438670841336,0.8162449710910702,True
73,처치,1,6.0,30.0,786.67,57580.0,49.0,155.4,0.0,0.0,0,51.33,16.0,14.0,270.64,16.0,6.0,1,1,6.0,3.4339872044851463,6.669079220418435,0.19754153584094986,0,0.0,0.7250771161760794,0.9697873804551406,True
77,대조,0,2.0,12.0,695.37,348.0,96.0,239.85,0.0,0.0,1,46.77,22.0,19.0,148.61,4.0,2.0,1,1,2.0,2.5649493574615367,6.545881128275712,0.34492428491306787,0,0.0,0.6608244913270838,0.666970586560135,True
79,대조,0,4.0,31.0,832.6800000000001,32924.0,92.0,250.73,0.0,0.0,0,105.4,50.0,38.0,346.5,14.0,4.0,1,1,4.0,3.4657359027997265,6.725849635684172,0.30111207186434163,0,0.0,0.7297252361751718,0.9932289891436488,True
80,대조,0,8.0,15.0,379.52,18251.0,64.0,152.62,0.0,0.0,1,80.11,51.0,42.0,166.86,6.0,8.0,1,1,8.0,2.772588722239781,5.941538738338256,0.40213954468802704,0,0.0,0.6566156961110371,0.6482486704500473,True
81,처치,1,5.0,23.0,376.45,212.0,44.0,126.2,0.0,1.0,0,184.68,87.0,53.0,381.61,10.0,5.0,1,1,5.0,3.1780538303479458,5.933438109585634,0.3352370832779918,0,1.0,0.709156911333098,0.8912929080926206,True
83,대조,0,14.0,12.0,106.15,66.0,14.0,28.96,0.0,1.0,0,7.5,3.0,3.0,38.22,6.0,14.0,1,1,14.0,2.5649493574615367,4.674229721919586,0.2728214790390956,0,1.0,0.5550443084884777,0.22107323810232954,True
85,처치,1,1.0,41.0,865.53,22799.0,115.0,305.45,0.0,2.0,1,155.44,80.0,65.0,351.69,18.0,1.0,1,1,1.0,3.7376696182833684,6.764496730599032,0.35290515637817294,0,2.0,0.8790703111562962,1.9836555916593488,True
86,처치,1,65.0,6.0,266.44,77.0,20.0,54.08,0.0,0.0,1,168.88,68.0,49.0,630.53,6.0,65.0,1,1,65.0,1.9459101490553132,5.588895242111843,0.2029725266476505,0,0.0,0.5675108309157008,0.27170255100873714,True
91,대조,0,2.0,25.0,376.62,44990.0,31.0,93.92999999999999,0.0,0.0,0,75.23,30.0,28.0,337.02,13.0,2.0,1,1,2.0,3.258096538021482,5.933888398970386,0.24940258085072484,0,0.0,0.6572093752655925,0.6508828142625908,True
92,처치,1,17.0,9.0,120.43,10320.0,25.0,46.15,0.0,0.0,0,0.0,0.0,0.0,0.0,0.0,17.0,0,0,17.0,2.302585092994046,4.799337965065727,0.38321016358050314,0,0.0,0.45620901220278354,-0.1756138948256147,True
95,처치,1,3.0,42.0,1105.88,104101.0,134.0,380.34,0.0,0.0,0,180.18,81.0,56.0,508.52,17.0,3.0,1,1,3.0,3.7612001156935624,7.009300525748804,0.3439251998408507,0,0.0,0.7757177044136093,1.2408831644635672,True
96,대조,0,7.0,8.0,215.73000000000002,86.0,27.0,95.78,0.0,2.0,0,0.0,0.0,0.0,0.0,0.0,7.0,0,0,7.0,2.1972245773362196,5.378652339200311,0.4439809020534928,0,2.0,0.6082720735456466,0.4400547376086786,True
97,처치,1,12.0,21.0,568.3,17448.0,106.0,233.48000000000002,0.0,1.0,1,159.96,76.0,69.0,459.53,21.0,12.0,1,1,12.0,3.091042453358316,6.344407535957036,0.4108393454161535,0,1.0,0.7758165810593924,1.241451576281313,True
99,처치,1,7.0,26.0,761.31,458.0,165.0,344.94,0.0,0.0,0,224.7,149.0,110.0,432.66,22.0,7.0,1,1,7.0,3.295836866004329,6.636353297103121,0.45308744138393037,0,0.0,0.7054110921423398,0.8731998905075324,True
101,처치,1,7.0,27.0,846.55,45371.0,83.0,254.89,0.0,0.0,1,179.02,68.0,32.0,733.69,19.0,7.0,1,1,7.0,3.332204510175204,6.742349834564496,0.3010926702498376,0,0.0,0.7681288468736905,1.1977756455095199,True
103,처치,1,9.0,2.0,29.91,17.0,5.0,14.450000000000001,0.0,0.0,0,25.53,13.0,10.0,62.31,4.0,9.0,1,1,9.0,1.0986122886681098,3.431079756144025,0.4831160147107991,0,0.0,0.2149960375430338,-1.2950691675601227,True
105,처치,1,5.0,32.0,901.47,570.0,211.0,521.21,0.0,4.0,1,120.89,58.0,49.0,186.01,7.0,5.0,1,1,5.0,3.4965075614664802,6.805135448657312,0.5781778650426526,0,4.0,0.9181996991008013,2.4181339820333116,True
108,처치,1,8.0,10.0,704.22,13232.0,111.0,246.97,0.0,1.0,0,10.559999999999999,7.0,6.0,27.48,3.0,8.0,1,1,8.0,2.3978952727983707,6.55850981087028,0.3507000653204964,0,1.0,0.6464298609029816,0.6033828229012717,True
110,처치,1,7.0,21.0,439.37,14948.0,76.0,183.21,0.0,0.0,1,49.35,29.0,26.0,118.36,12.0,7.0,1,1,7.0,3.091042453358316,6.087615282637252,0.41698340806154266,0,0.0,0.705512039169087,0.8736857136550302,True
111,대조,0,13.0,8.0,248.67,12944.0,33.0,72.18,0.0,0.0,0,74.68,29.0,26.0,157.12,7.0,13.0,1,1,13.0,2.1972245773362196,5.520140045894831,0.29026420557365185,0,0.0,0.48599524482364304,-0.056033677189106006,True
112,대조,0,15.0,17.0,199.42000000000002,9672.0,9.0,38.17,0.0,0.0,0,2.0,2.0,1.0,220.8,5.0,15.0,1,1,15.0,2.8903717578961645,5.3004151646301825,0.19140507471667836,0,0.0,0.5768181143054313,0.3097249138579071,True
114,처치,1,5.0,5.0,147.35,50.0,8.0,17.73,0.0,1.0,1,185.86,58.0,49.0,413.52,7.0,5.0,1,1,5.0,1.791759469228055,4.999574346736831,0.12032575500508993,0,1.0,0.5220983677180101,0.08845109292484615,True
116,처치,1,5.0,11.0,114.83,61.0,27.0,44.2,0.0,1.0,0,15.19,12.0,8.0,62.34,6.0,5.0,1,1,5.0,2.4849066497880004,4.752123598944254,0.38491683358007495,0,1.0,0.5393885267894468,0.15788124381144297,True
117,처치,1,5.0,19.0,543.88,10919.0,119.0,240.13,0.0,1.0,1,62.79,30.0,28.0,121.72,3.0,5.0,1,1,5.0,2.995732273553991,6.300565586933063,0.4415128337133191,0,1.0,0.7588599026577733,1.146439097515575,True
118,처치,1,1.0,12.0,588.08,26651.0,125.0,241.05,0.0,1.0,1,70.92,48.0,42.0,296.53,7.0,1.0,1,1,1.0,2.5649493574615367,6.378561997857961,0.40989321180791727,0,1.0,0.7102655022051707,0.896673868116277,True
119,처치,1,5.0,15.0,464.48,171.0,67.0,198.27,0.0,0.0,1,109.51,37.0,36.0,317.59,6.0,5.0,1,1,5.0,2.772588722239781,6.143069131239876,0.4268644505683775,0,0.0,0.6661342399727467,0.6907522156495212,True
121,처치,1,1.0,26.0,709.66,402.0,121.0,354.81,0.0,0.0,1,181.91,67.0,54.0,323.07,17.0,1.0,1,1,1.0,3.295836866004329,6.566194115710585,0.4999718174900657,0,0.0,0.7502983382039301,1.1002040592730078,True
122,처치,1,38.0,2.0,33.46,13.0,5.0,17.51,0.0,2.0,0,35.99,9.0,8.0,108.59,5.0,38.0,1,1,38.0,1.0986122886681098,3.5397992310997837,0.523311416616856,0,2.0,0.3539483810923483,-0.6017283196418745,True
123,처치,1,1.0,30.0,491.0,21733.0,93.0,230.85,0.0,0.0,1,138.28,58.0,53.0,259.58,12.0,1.0,1,1,1.0,3.4339872044851463,6.198478716492308,0.47016293279022403,0,0.0,0.7474306660001525,1.08495574532717,True
125,처치,1,1.0,47.0,1166.46,125191.0,106.0,287.02,0.0,3.0,0,234.01,94.0,59.0,1018.33,28.0,1.0,1,1,1.0,3.871201010907891,7.062585727714152,0.24606073075801996,0,3.0,0.8964780072488763,2.1586896804711606,True
127,대조,0,2.0,37.0,967.03,31815.0,112.0,373.36,0.0,0.0,1,90.54,50.0,38.0,389.04,17.0,2.0,1,1,2.0,3.6375861597263857,6.87526307853188,0.3860893664105561,0,0.0,0.801393640221626,1.3950274881837113,True
131,처치,1,7.0,29.0,616.01,24548.0,69.0,176.96,0.0,2.0,1,151.65,92.0,61.0,576.99,17.0,7.0,1,1,7.0,3.4011973816621555,6.424885231229478,0.28726806383013265,0,2.0,0.8475099657910542,1.7152033537683977,True
133,처치,1,6.0,13.0,514.29,251.0,59.0,149.32,0.0,0.0,1,196.79,84.0,49.0,435.35,5.0,6.0,1,1,6.0,2.6390573296152584,6.244729848974714,0.29034202492757005,0,0.0,0.6562461789443919,0.6466102266108218,True
134,처치,1,5.0,6.0,310.16,140.0,26.0,86.84,0.0,2.0,1,146.87,61.0,44.0,497.21,11.0,5.0,1,1,5.0,1.9459101490553132,5.740307249338573,0.279984524116585,0,2.0,0.6580577784813418,0.6546509568502311,True
136,처치,1,1.0,11.0,767.3,419.0,141.0,347.08,0.0,0.0,1,72.45,44.0,37.0,228.27,10.0,1.0,1,1,1.0,2.4849066497880004,6.644180281873589,0.45233937182327644,0,0.0,0.6543560089258662,0.6382422416878915,True
137,처치,1,9.0,5.0,80.67,22.0,5.0,10.1,0.0,0.0,0,2.99,2.0,1.0,54.15,4.0,9.0,1,1,9.0,1.791759469228055,4.402686737370185,0.1252014379571092,0,0.0,0.35266269385395027,-0.6073554387398686,True
139,대조,0,3.0,22.0,637.11,33594.0,101.0,245.24,0.0,0.0,1,102.60000000000001,62.0,44.0,389.49,12.0,3.0,1,1,3.0,3.1354942159291497,6.458510682276343,0.38492568002385774,0,0.0,0.7284226414387351,0.9866344021355884,True
140,대조,0,26.0,13.0,236.06,126.0,38.0,91.88,0.0,2.0,0,28.19,9.0,8.0,62.11,5.0,26.0,1,1,26.0,2.6390573296152584,5.468313273651354,0.38922307887825125,0,2.0,0.6896547219473584,0.7985055915393253,True
143,처치,1,1.0,84.0,1984.68,120837.0,205.0,507.79,0.0,0.0,0,172.21,90.0,69.0,656.64,43.0,1.0,1,1,1.0,4.442651256490317,7.593716703727357,0.2558548481367273,0,0.0,0.8582707188499532,1.801000805657694,True
144,처치,1,2.0,23.0,549.86,253.0,63.0,253.36,0.0,0.0,0,83.48,35.0,24.0,193.23,7.0,2.0,1,1,2.0,3.1780538303479458,6.311480693383664,0.460771832830175,0,0.0,0.6675723701965831,0.6972256224884527,True
145,대조,0,13.0,7.0,129.59,72.0,21.0,47.83,0.0,1.0,0,13.46,9.0,9.0,84.34,3.0,13.0,1,1,13.0,2.0794415416798357,4.872062644232316,0.36908712091982404,0,1.0,0.49429956922914636,-0.022802711080416302,True
149,처치,1,6.0,8.0,557.27,23287.0,63.0,134.29,0.0,2.0,1,358.1,155.0,109.0,1202.97,21.0,6.0,1,1,6.0,2.1972245773362196,6.324842716321245,0.24097834084016723,0,2.0,0.7244975327161242,0.966881772044926,True
151,처치,1,50.0,8.0,104.45,50.0,22.0,56.800000000000004,0.0,0.0,0,0.0,0.0,0.0,0.0,0.0,50.0,0,0,50.0,2.1972245773362196,4.658236906924784,0.5438008616562949,0,0.0,0.45929504210332966,-0.16318096893889522,True
155,처치,1,3.0,8.0,394.35,157.0,53.0,163.39000000000001,0.0,0.0,1,54.1,27.0,21.0,187.88,2.0,3.0,1,1,3.0,2.1972245773362196,5.979771448516936,0.41432737416001014,0,0.0,0.5735338052126164,0.2962837784154716,True
156,처치,1,3.0,71.0,590.13,85284.0,66.0,148.75,0.0,0.0,0,83.44,44.0,33.0,276.02,51.0,3.0,1,1,3.0,4.276666119016055,6.382035959376142,0.2520631047396336,0,0.0,0.799550472592755,1.3834871790520045,True
160,대조,0,12.0,4.0,84.53,42.0,6.0,20.240000000000002,0.0,1.0,0,44.94,8.0,5.0,145.74,5.0,12.0,1,1,12.0,1.6094379124341003,4.44886719159269,0.23944161836034547,0,1.0,0.39735173861212564,-0.416511832190418,True
161,대조,0,10.0,10.0,130.12,61.0,8.0,34.33,0.0,0.0,1,112.75,44.0,38.0,447.24,20.0,10.0,1,1,10.0,2.3978952727983707,4.876112934435574,0.26383338456809097,0,0.0,0.5374261582534641,0.14998516853189406,True
162,대조,0,12.0,9.0,332.24,119.0,49.0,145.02,0.0,1.0,0,33.12,12.0,10.0,81.02,2.0,12.0,1,1,12.0,2.302585092994046,5.8088629511067085,0.4364916927522273,0,1.0,0.5881655401362839,0.3563869669598611,True
164,대조,0,3.0,13.0,459.54,9404.0,108.0,204.23,0.0,0.0,1,202.32,118.0,98.0,406.22,14.0,3.0,1,1,3.0,2.6390573296152584,6.132399714029473,0.4444226835531183,0,0.0,0.645720631391366,0.6002811723406846,True
166,대조,0,15.0,16.0,345.11,162.0,29.0,114.61,0.0,0.0,1,72.87,38.0,21.0,220.82,8.0,15.0,1,1,15.0,2.833213344056216,5.846756643607308,0.3320970125467242,0,0.0,0.6652188188343895,0.6866389095565073,True
179,처치,1,1.0,12.0,150.56,56.0,11.0,43.63,0.0,0.0,0,0.0,0.0,0.0,31.259999999999998,3.0,1.0,0,1,1.0,2.5649493574615367,5.0209815861504,0.2897848034006376,0,0.0,0.4965827932844761,-0.013669039688081145,True
180,처치,1,1.0,14.0,509.08,209.0,44.0,200.2,0.0,0.0,0,0.0,0.0,0.0,40.900000000000006,3.0,1.0,0,1,1.0,2.70805020110221,6.234567576161796,0.39325842696629215,0,0.0,0.5973504465800862,0.3944373647264792,True
181,대조,0,,0.0,0.0,0.0,0.0,0.0,0.0,2.0,0,142.8,64.0,51.0,348.77,7.0,90.0,1,1,90.0,0.0,0.0,0.0,0,2.0,0.11876486706893664,-2.0041788521030033,True
183,처치,1,2.0,24.0,244.5,113.0,5.0,21.94,0.0,1.0,0,9.69,4.0,3.0,94.62,5.0,2.0,1,1,2.0,3.2188758248682006,5.503296947234575,0.08973415132924335,0,1.0,0.6894961378251362,0.7977647559412336,True
185,처치,1,3.0,19.0,523.6,25348.0,53.0,200.63,0.0,0.0,0,43.82,23.0,16.0,81.58,2.0,3.0,1,1,3.0,2.995732273553991,6.262636067432774,0.38317417876241405,0,0.0,0.641398390354395,0.5814387278195761,True
187,대조,0,34.0,5.0,67.43,37.0,9.0,18.03,0.0,2.0,0,25.509999999999998,14.0,8.0,41.18,2.0,34.0,1,1,34.0,1.791759469228055,4.225811324964407,0.2673884027880765,0,2.0,0.49782200605253696,-0.00871203089265363,True
188,처치,1,30.0,8.0,621.71,295.0,83.0,339.55,0.0,0.0,0,0.0,0.0,0.0,0.0,0.0,30.0,0,0,30.0,2.1972245773362196,6.434080920846939,0.5461549597079024,0,0.0,0.5602039932912526,0.24198999284168118,True
192,처치,1,1.0,11.0,497.77,201.0,60.0,189.98,0.0,1.0,1,117.21000000000001,38.0,33.0,270.85,6.0,1.0,1,1,1.0,2.4849066497880004,6.212145067650706,0.3816622134720855,0,1.0,0.691062909055008,0.8050931932284434,True
193,처치,1,2.0,22.0,865.77,152503.0,48.0,160.89000000000001,0.0,1.0,1,91.38,39.0,30.0,482.8,16.0,2.0,1,1,2.0,3.1354942159291497,6.764773659003271,0.18583457500259887,0,1.0,0.7945804609739093,1.3527598336351467,True
194,처치,1,22.0,6.0,74.61,28.0,4.0,4.31,0.0,0.0,0,13.98,6.0,5.0,108.99000000000001,3.0,22.0,1,1,22.0,1.9459101490553132,4.3255885495701785,0.05776705535451011,0,0.0,0.380646960175732,-0.48680311723326747,True
195,처치,1,10.0,12.0,658.01,56464.0,89.0,234.17,0.0,0.0,0,126.23,62.0,53.0,288.32,4.0,10.0,1,1,10.0,2.5649493574615367,6.490738708894204,0.3558760505159496,0,0.0,0.6014455943516848,0.4114920663631833,True
196,처치,1,2.0,35.0,655.52,346.0,143.0,358.28000000000003,0.0,0.0,0,75.1,55.0,44.0,198.01,10.0,2.0,1,1,2.0,3.58351893845611,6.486953157863735,0.5465584574078595,0,0.0,0.7278426370791988,0.9837044278167971,True
198,처치,1,3.0,132.0,1615.3,805.0,182.0,566.0,0.0,0.0,1,220.94,99.0,61.0,429.03,13.0,3.0,1,1,3.0,4.890349128221754,7.387894865415763,0.3503993066303473,0,0.0,0.907730370417552,2.2862323385375563,True
200,대조,0,,0.0,0.0,0.0,0.0,0.0,0.0,0.0,0,0.0,0.0,0.0,0.0,0.0,90.0,0,0,90.0,0.0,0.0,0.0,0,0.0,0.0714101617566582,-2.5652269516917934,True
205,대조,0,1.0,18.0,583.19,220.0,65.0,249.44,0.0,0.0,0,148.35,65.0,43.0,359.63,16.0,1.0,1,1,1.0,2.9444389791664403,6.370226272381597,0.4277165246317666,0,0.0,0.6389846738253422,0.5709600572568737,True
208,처치,1,7.0,16.0,468.12,223.0,68.0,209.35,0.0,3.0,1,97.2,34.0,27.0,359.77,12.0,7.0,1,1,7.0,2.833213344056216,6.150858599258232,0.44721438947278475,0,3.0,0.8287997038635629,1.577144320722624,True
209,처치,1,1.0,21.0,1119.07,40763.0,133.0,407.23,0.0,0.0,1,165.68,82.0,53.0,868.41,23.0,1.0,1,1,1.0,3.091042453358316,7.021146462336096,0.3639003815668368,0,0.0,0.7511613517434413,1.104815790426696,True
210,처치,1,3.0,29.0,629.27,259.0,118.0,324.28000000000003,0.0,1.0,0,152.16,83.0,58.0,268.25,11.0,3.0,1,1,3.0,3.4011973816621555,6.446148299003646,0.5153272839957411,0,1.0,0.7593278658318037,1.1489980867989333,True
211,대조,0,5.0,3.0,77.22,46.0,10.0,19.44,0.0,0.0,1,28.63,17.0,17.0,196.82,11.0,5.0,1,1,5.0,1.3862943611198906,4.359525369327368,0.2517482517482518,0,0.0,0.35184654539232973,-0.6109323510286997,True
212,처치,1,2.0,16.0,336.61,152.0,49.0,119.23,0.0,2.0,1,53.46,19.0,15.0,230.59,9.0,2.0,1,1,2.0,2.833213344056216,5.821891383136194,0.35420813404236356,0,2.0,0.7673505035910874,1.1934106631922388,True
214,처치,1,4.0,11.0,379.29,185.0,73.0,174.7,0.0,1.0,1,141.96,69.0,55.0,244.55,8.0,4.0,1,1,4.0,2.4849066497880004,5.940934119558254,0.4605974320440823,0,1.0,0.6770559254317429,0.7402747127482565,True
215,대조,0,1.0,18.0,232.19,144.0,55.0,108.98,0.0,0.0,0,15.350000000000001,12.0,10.0,44.77,7.0,1.0,1,1,1.0,2.9444389791664403,5.451853571910238,0.46935699211852366,0,0.0,0.5799789692474531,0.32268705972073203,True
216,처치,1,8.0,10.0,197.18,95.0,9.0,23.48,0.0,0.0,1,32.21,12.0,11.0,129.53,6.0,8.0,1,1,8.0,2.3978952727983707,5.289175708630753,0.11907901409879298,0,0.0,0.5643434846428527,0.2588089573969839,True
217,처치,1,6.0,6.0,244.96,4519.0,34.0,87.51,0.0,0.0,0,104.00999999999999,45.0,38.0,361.63,8.0,6.0,1,1,6.0,1.9459101490553132,5.505168921085269,0.3572419986936643,0,0.0,0.4408377335450065,-0.23776285432465116,True
218,처치,1,6.0,35.0,1637.32,147356.0,142.0,548.94,0.0,0.0,1,158.93,42.0,37.0,839.71,18.0,6.0,1,1,6.0,3.58351893845611,7.401426605528057,0.3352673881709135,0,0.0,0.8205833161393812,1.5203045050975903,True
219,처치,1,2.0,36.0,1621.15,40121.0,185.0,513.02,0.0,2.0,1,377.69,137.0,104.0,1000.99,24.0,2.0,1,1,2.0,3.6109179126442243,7.3915077088211945,0.31645436881226285,0,2.0,0.889072426046443,2.081301199868865,True
221,처치,1,6.0,11.0,396.13,4613.0,64.0,135.15,0.0,0.0,1,67.16,44.0,31.0,163.53,6.0,6.0,1,1,6.0,2.4849066497880004,5.984263683004597,0.34117587660616466,0,0.0,0.6183930056651114,0.482732918459893,True
222,처치,1,3.0,13.0,545.4300000000001,28522.0,104.0,181.32,0.0,0.0,1,55.34,27.0,25.0,111.98,5.0,3.0,1,1,3.0,2.6390573296152584,6.303406211580991,0.33243495957318075,0,0.0,0.6570369980462683,0.6501177551920287,True
223,처치,1,1.0,10.0,390.13,238.0,45.0,164.03,0.0,0.0,0,163.95,59.0,29.0,298.15,5.0,1.0,1,1,1.0,2.3978952727983707,5.969039985544281,0.42044959372516855,0,0.0,0.5341461686297202,0.1367976071956917,True
226,처치,1,8.0,4.0,125.87,65.0,19.0,62.809999999999995,0.0,0.0,0,0.0,0.0,0.0,0.0,0.0,8.0,0,0,8.0,1.6094379124341003,4.843162940152507,0.4990069118932231,0,0.0,0.3510446313555342,-0.6144505746749099,True
227,대조,0,1.0,16.0,98.32,7488.0,48.0,32.82,0.0,0.0,0,101.43,86.0,86.0,135.44,9.0,1.0,1,1,1.0,2.833213344056216,4.598346960639966,0.3338079739625712,0,0.0,0.5078784706122903,0.031516490939238695,True
228,대조,0,20.0,10.0,837.35,13110.0,9.0,16.07,0.0,0.0,0,6.99,6.0,4.0,162.28,4.0,20.0,1,1,20.0,2.3978952727983707,6.731435674383817,0.019191496984534543,0,0.0,0.6044479141532221,0.4240330280886041,True
230,처치,1,5.0,26.0,816.06,32284.0,141.0,372.8,0.0,0.0,1,82.87,39.0,29.0,149.62,7.0,5.0,1,1,5.0,3.295836866004329,6.705712531575946,0.4568291547190158,0,0.0,0.7601686008126141,1.1536040787663402,True
232,처치,1,1.0,41.0,1913.6200000000001,80362.0,161.0,550.67,0.0,0.0,1,85.36,47.0,32.0,350.75,21.0,1.0,1,1,1.0,3.7376696182833684,7.557274448503865,0.2877635058162017,0,0.0,0.8372540766757336,1.6379373487123172,True
236,대조,0,70.0,3.0,76.15,29.0,8.0,27.83,0.0,2.0,0,23.51,6.0,5.0,58.830000000000005,2.0,70.0,1,1,70.0,1.3862943611198906,4.34575157880917,0.36546290216677607,0,2.0,0.47689741363906535,-0.09247619264757025,True
239,처치,1,3.0,37.0,558.09,430.0,152.0,202.27,6.0,3.0,1,124.29,101.0,87.0,285.58,20.0,3.0,1,1,3.0,3.6375861597263857,6.326310461984611,0.36243258255836874,1,3.0,0.882998380050276,2.021135585578586,True
242,처치,1,15.0,5.0,315.93,117.0,36.0,95.61,0.0,0.0,1,140.22,51.0,36.0,312.1,6.0,15.0,1,1,15.0,1.791759469228055,5.7586809293036385,0.302630329503371,0,0.0,0.5104151741065912,0.041666723568262565,True
245,처치,1,7.0,6.0,78.78,47.0,17.0,47.0,0.0,0.0,0,0.0,0.0,0.0,0.0,0.0,7.0,0,0,7.0,1.9459101490553132,4.379272846477261,0.5965981213505966,0,0.0,0.36701331125571474,-0.5450512752347231,True
246,처치,1,11.0,7.0,95.97,56.0,18.0,41.09,0.0,0.0,0,32.38,19.0,17.0,64.84,4.0,11.0,1,1,11.0,2.0794415416798357,4.574401652316455,0.4281546316557258,0,0.0,0.4030969397512312,-0.3925776437563598,True
248,대조,0,65.0,1.0,185.69,98.0,34.0,105.11,0.0,1.0,1,18.67,11.0,5.0,189.56,1.0,65.0,1,1,65.0,0.6931471805599453,5.229449487249236,0.5660509451235931,0,1.0,0.4242056411269711,-0.3055322407909916,True
249,처치,1,2.0,12.0,131.54,63.0,10.0,27.72,0.0,0.0,1,52.02,30.0,26.0,229.68,12.0,2.0,1,1,2.0,2.5649493574615367,4.8868844866600805,0.21073437737570322,0,0.0,0.5561924104903698,0.22572318487229928,True
251,대조,0,8.0,13.0,212.07,7317.0,40.0,88.77,0.0,1.0,0,109.79,35.0,29.0,229.87,5.0,8.0,1,1,8.0,2.6390573296152584,5.361620750217275,0.41858820200877067,0,1.0,0.6043086370338794,0.42345053496558543,True
253,처치,1,1.0,43.0,1089.19,5690.0,153.0,497.99,0.0,0.0,1,182.3,99.0,70.0,480.42,14.0,1.0,1,1,1.0,3.784189633918261,6.994107271959236,0.4572113221751944,0,0.0,0.8188401391562276,1.50850902396773,True
257,처치,1,6.0,22.0,316.7,2145.0,68.0,165.35999999999999,0.0,1.0,1,110.91,63.0,43.0,223.81,11.0,6.0,1,1,6.0,3.1354942159291497,5.761107541275471,0.5221345121566151,0,1.0,0.7475853686696087,1.085775406514137,True
258,처치,1,3.0,41.0,374.78000000000003,290.0,96.0,113.33,0.0,2.0,0,76.36,83.0,70.0,247.22,23.0,3.0,1,1,3.0,3.7376696182833684,5.9290038657653765,0.3023907358983937,0,2.0,0.8174185853581738,1.4989551268635155,True
261,대조,0,28.0,1.0,15.0,5557.0,0.0,0.0,0.0,0.0,0,20.990000000000002,7.0,5.0,40.46,4.0,28.0,1,1,28.0,0.6931471805599453,2.772588722239781,0.0,0,0.0,0.16394272015439518,-1.6291800278343753,True
263,처치,1,1.0,45.0,1066.45,484.0,162.0,501.17,0.0,0.0,1,211.79,109.0,71.0,421.33,22.0,1.0,1,1,1.0,3.828641396489095,6.973027905598333,0.46994233203619484,0,0.0,0.8218548429909595,1.5289650826504164,True
264,대조,0,13.0,6.0,194.09,112.0,13.0,22.7,0.0,0.0,1,29.25,12.0,12.0,251.68,9.0,13.0,1,1,13.0,1.9459101490553132,5.27346099054917,0.1169560513163996,0,0.0,0.5006466015309032,0.002586407565427336,True
265,대조,0,1.0,10.0,681.63,366.0,79.0,256.69,0.0,0.0,0,45.26,34.0,17.0,67.62,1.0,1.0,1,1,1.0,2.3978952727983707,6.525952985111305,0.37658260346522304,0,0.0,0.571505859721576,0.28799767343191185,True
271,처치,1,3.0,11.0,100.94,41.0,7.0,19.63,0.0,2.0,0,0.0,0.0,0.0,4.87,3.0,3.0,0,1,3.0,2.4849066497880004,4.624384404911896,0.19447196354269863,0,2.0,0.5995182048097543,0.4034580303917319,True
273,대조,0,21.0,19.0,327.68,117.0,11.0,41.68,0.0,0.0,0,55.04,15.0,12.0,190.17000000000002,12.0,21.0,1,1,21.0,2.995732273553991,5.795084633062987,0.127197265625,0,0.0,0.6293596301141363,0.5294706032301413,True
275,처치,1,2.0,35.0,661.24,20515.0,89.0,249.26,0.0,0.0,0,244.99,126.0,79.0,576.64,28.0,2.0,1,1,2.0,3.58351893845611,6.495628028000422,0.3769584417155647,0,0.0,0.7294639158183294,0.991904415000346,True
276,처치,1,1.0,47.0,1954.8,68060.0,192.0,748.76,0.0,0.0,1,236.63,76.0,57.0,650.07,19.0,1.0,1,1,1.0,3.871201010907891,7.578554595878175,0.383036627788009,0,0.0,0.8481483839433812,1.7201517676608218,True
278,처치,1,4.0,9.0,335.79,134.0,29.0,128.6,0.0,2.0,0,65.2,22.0,14.0,138.31,6.0,4.0,1,1,4.0,2.302585092994046,5.819459590715978,0.3829774561481878,0,2.0,0.6485777538641703,0.6127934136779003,True
279,처치,1,7.0,8.0,259.38,10633.0,37.0,114.01,0.0,0.0,0,164.74,62.0,48.0,423.15,13.0,7.0,1,1,7.0,2.1972245773362196,5.5621421024692514,0.43954815328861135,0,0.0,0.4821268160629656,-0.07152321032220844,True
280,처치,1,3.0,19.0,426.04,23023.0,54.0,211.92,0.0,0.0,0,111.84,39.0,21.0,181.54000000000002,9.0,3.0,1,1,3.0,2.995732273553991,6.056877685656214,0.49741808280912586,0,0.0,0.627658262937486,0.5221837704666342,True
281,처치,1,1.0,12.0,279.62,142.0,59.0,172.6,0.0,2.0,1,35.12,24.0,13.0,65.36,3.0,1.0,1,1,1.0,2.5649493574615367,5.63700144096585,0.6172662899649524,0,2.0,0.7252614568073804,0.9707123265340729,True
286,대조,0,3.0,7.0,244.48,133.0,18.0,47.46,0.0,1.0,0,28.36,11.0,9.0,117.5,7.0,3.0,1,1,3.0,2.0794415416798357,5.503215477520897,0.19412630890052357,0,1.0,0.529183106491367,0.11686525170036466,True
287,처치,1,4.0,51.0,731.55,31510.0,115.0,304.42,0.0,4.0,0,32.97,19.0,15.0,120.0,14.0,4.0,1,1,4.0,3.9512437185814275,6.596531597947322,0.41613013464561555,0,4.0,0.9142527496654523,2.3667030451265325,True
288,처치,1,5.0,16.0,543.04,43337.0,68.0,174.09,0.0,1.0,0,60.33,21.0,17.0,200.61,7.0,5.0,1,1,5.0,2.833213344056216,6.299022773564553,0.3205841190335887,0,1.0,0.6865414641339554,0.7839995333698911,True
291,대조,0,1.0,17.0,627.77,408.0,115.0,371.23,0.0,0.0,0,145.31,98.0,51.0,307.38,6.0,1.0,1,1,1.0,2.8903717578961645,6.443765530053178,0.5913471494337098,0,0.0,0.6347746765131609,0.5527556080477722,True
293,처치,1,6.0,14.0,416.69,177.0,61.0,205.21,0.0,1.0,0,204.69,87.0,61.0,614.44,18.0,6.0,1,1,6.0,2.70805020110221,6.034739530589304,0.4924764213204061,0,1.0,0.6538104742150684,0.6358311272055285,True
297,처치,1,1.0,4.0,82.08,39.0,16.0,47.5,0.0,0.0,0,86.67,32.0,29.0,174.48,9.0,1.0,1,1,1.0,1.6094379124341003,4.419803999007912,0.5787037037037037,0,0.0,0.3194696587593219,-0.7562101032362254,True
300,처치,1,5.0,14.0,528.35,221.0,70.0,224.92000000000002,0.0,2.0,1,139.25,52.0,33.0,194.99,3.0,5.0,1,1,5.0,2.70805020110221,6.271649838789389,0.4257026592221066,0,2.0,0.776924759061693,1.2478343926311664,True
302,처치,1,2.0,10.0,195.94,62.0,8.0,39.97,0.0,0.0,1,2.99,1.0,1.0,47.71,6.0,2.0,1,1,2.0,2.3978952727983707,5.282899113819656,0.20399101765846686,0,0.0,0.5578820561425013,0.23257088333105694,True
303,처치,1,1.0,29.0,658.5,10951.0,85.0,195.95,0.0,0.0,0,68.1,36.0,33.0,258.44,15.0,1.0,1,1,1.0,3.4011973816621555,6.491481972157369,0.29757023538344723,0,0.0,0.7070270886742872,0.8809888281893569,True
304,처치,1,1.0,38.0,904.98,52077.0,121.0,348.14,0.0,3.0,1,170.71,67.0,51.0,599.91,27.0,1.0,1,1,1.0,3.6635616461296463,6.809017230744134,0.38469358438860524,0,3.0,0.9029781730194335,2.2307624078880157,True
305,처치,1,1.0,20.0,547.57,34629.0,43.0,127.06,0.0,2.0,0,111.52000000000001,41.0,31.0,361.14,13.0,1.0,1,1,1.0,3.044522437723423,6.307314892356402,0.2320433917124751,0,2.0,0.7652487938187968,1.181674745404658,True
306,처치,1,2.0,25.0,803.8100000000001,62997.0,175.0,309.52,0.0,0.0,1,105.67,77.0,63.0,348.81,15.0,2.0,1,1,2.0,3.258096538021482,6.690606224715595,0.3850661225911596,0,0.0,0.7537417195504924,1.1186688566323193,True
307,처치,1,2.0,59.0,331.19,174.0,67.0,82.99,0.0,1.0,0,44.38,29.0,26.0,199.98,31.0,2.0,1,1,2.0,4.0943445622221,5.805707094378127,0.25058123735620036,0,1.0,0.8016459798813287,1.3966136742592898,True
308,대조,0,5.0,11.0,215.78,67.0,16.0,36.48,0.0,0.0,0,63.42,18.0,17.0,294.16,12.0,5.0,1,1,5.0,2.4849066497880004,5.378883014387604,0.16906108073037351,0,0.0,0.5133171132321035,0.053281054186547716,True
312,처치,1,3.0,7.0,536.26,243.0,68.0,141.84,0.0,0.0,0,15.770000000000001,9.0,8.0,46.29,1.0,3.0,1,1,3.0,2.0794415416798357,6.28648214865791,0.26449856412934025,0,0.0,0.511104614927578,0.04442576500590213,True
314,대조,0,75.0,2.0,91.56,79.0,23.0,60.050000000000004,0.0,0.0,1,104.72,68.0,43.0,283.89,3.0,75.0,1,1,75.0,1.0986122886681098,4.527857082885421,0.6558540847531673,0,0.0,0.3776759029204551,-0.49942458527350514,True
317,처치,1,11.0,6.0,690.3,319.0,64.0,212.21,0.0,1.0,1,234.58,104.0,67.0,706.8100000000001,5.0,11.0,1,1,11.0,1.9459101490553132,6.538573882951219,0.3074170650441837,0,1.0,0.6477906491461309,0.6093418262975283,True
318,대조,0,5.0,21.0,211.01,1861.0,22.0,70.77,0.0,1.0,0,28.62,12.0,11.0,108.55,11.0,5.0,1,1,5.0,3.091042453358316,5.356633443370873,0.33538694848585376,0,1.0,0.6646900844467728,0.684265668381558,True
319,처치,1,1.0,14.0,596.86,26901.0,93.0,222.01,0.0,2.0,1,152.38,76.0,63.0,333.02,8.0,1.0,1,1,1.0,2.70805020110221,6.393356612829364,0.3719632744697249,0,2.0,0.7803995829183674,1.2679964653904376,True
322,처치,1,16.0,6.0,244.93,12066.0,10.0,26.990000000000002,0.0,0.0,0,115.32000000000001,50.0,39.0,297.41,9.0,16.0,1,1,16.0,1.9459101490553132,5.505046942593991,0.1101947495202711,0,0.0,0.4518433096832613,-0.1932257175734142,True
324,처치,1,7.0,20.0,1339.92,99023.0,142.0,373.29,0.0,3.0,1,128.98,51.0,45.0,497.01,11.0,7.0,1,1,7.0,3.044522437723423,7.201111224529722,0.2785912591796525,0,3.0,0.8799042926998677,1.9915241575281861,True
328,처치,1,3.0,34.0,2271.11,74995.0,209.0,707.98,0.0,1.0,0,512.04,216.0,173.0,1483.79,21.0,3.0,1,1,3.0,3.5553480614894135,7.728464194162008,0.3117330292235955,0,1.0,0.8310103766950809,1.592804969299804,True
330,처치,1,1.0,31.0,541.85,30440.0,107.0,187.63,0.0,0.0,0,125.12,87.0,82.0,350.03000000000003,40.0,1.0,1,1,1.0,3.4657359027997265,6.296833038677861,0.3462766448279044,0,0.0,0.7038194012872692,0.8655523919294119,True
332,처치,1,13.0,18.0,628.64,336.0,83.0,273.25,0.0,1.0,1,65.24,24.0,16.0,187.53,8.0,13.0,1,1,13.0,2.9444389791664403,6.44514822748662,0.4346684907101044,0,1.0,0.7656129027513658,1.1837026828000743,True
333,처치,1,7.0,10.0,334.04,234.0,60.0,192.51,0.0,0.0,0,46.82,24.0,15.0,63.9,2.0,7.0,1,1,7.0,2.3978952727983707,5.814249927682172,0.5763082265596934,0,0.0,0.5278248600593144,0.1114145482905762,True
335,처치,1,2.0,24.0,484.7,194.0,61.0,267.74,0.0,1.0,0,103.67,33.0,26.0,515.09,19.0,2.0,1,1,2.0,3.2188758248682006,6.1855911493516995,0.5523829172684135,0,1.0,0.7241492240491209,0.9651374290534495,True
336,처치,1,58.0,5.0,97.36,44.0,6.0,10.56,0.0,1.0,0,0.0,0.0,0.0,191.14,9.0,58.0,0,1,58.0,1.791759469228055,4.588634217347992,0.10846343467543139,0,1.0,0.4750785174415189,-0.09976860412438741,True
337,처치,1,19.0,8.0,99.19,53.0,12.0,32.66,0.0,0.0,0,13.97,5.0,3.0,45.7,4.0,19.0,1,1,19.0,2.1972245773362196,4.607068383271171,0.3292670632120173,0,0.0,0.4301650885896436,-0.2811776278141753,True
338,처치,1,1.0,22.0,351.18,234.0,90.0,202.87,0.0,0.0,0,149.17000000000002,80.0,45.0,237.82,19.0,1.0,1,1,1.0,3.1354942159291497,5.864142408532632,0.577680961330372,0,0.0,0.6327226979316138,0.5439150960174185,True
342,처치,1,56.0,3.0,136.25,49.0,16.0,59.79,0.0,0.0,0,0.59,1.0,1.0,18.09,1.0,56.0,1,1,56.0,1.3862943611198906,4.92180408038964,0.4388256880733945,0,0.0,0.36547778891077026,-0.5516667839092038,True
343,대조,0,2.0,9.0,237.15,88.0,21.0,59.050000000000004,0.0,0.0,0,11.040000000000001,6.0,6.0,109.16,5.0,2.0,1,1,2.0,2.302585092994046,5.472900727246869,0.24899852414083914,0,0.0,0.4890097217231126,-0.04396819502265744,True
346,처치,1,2.0,26.0,912.08,506.0,112.0,255.14,0.0,0.0,1,166.62,80.0,64.0,528.94,10.0,2.0,1,1,2.0,3.295836866004329,6.816823499976432,0.27973423383913687,0,0.0,0.7647299517730772,1.178788771509941,True
348,대조,0,5.0,24.0,397.5,251.0,66.0,160.56,0.0,0.0,0,165.77,73.0,43.0,354.82,4.0,5.0,1,1,5.0,3.2188758248682006,5.98770749823027,0.4039245283018868,0,0.0,0.6564178580756953,0.6473713496186906,True
350,처치,1,2.0,11.0,265.36,25707.0,15.0,64.65,0.0,2.0,1,19.4,20.0,7.0,201.46,6.0,2.0,1,1,2.0,2.4849066497880004,5.584848777242422,0.24363129333735303,0,2.0,0.7161403618749103,0.9253962998517872,True
351,처치,1,3.0,43.0,1256.19,11626.0,124.0,478.15000000000003,0.0,1.0,1,180.47,108.0,60.0,570.22,19.0,3.0,1,1,3.0,3.784189633918261,7.136634350707877,0.3806350950095129,0,1.0,0.8626165384884606,1.8371942517786337,True
353,처치,1,1.0,10.0,302.45,136.0,25.0,116.55,0.0,0.0,1,157.45000000000002,61.0,42.0,301.16,11.0,1.0,1,1,1.0,2.3978952727983707,5.7152168522818645,0.3853529509009754,0,0.0,0.5839203496311566,0.33888787674215887,True
356,대조,0,7.0,19.0,253.66,24509.0,7.0,13.59,0.0,0.0,0,28.3,25.0,17.0,285.36,13.0,7.0,1,1,7.0,2.995732273553991,5.53992932214529,0.053575652448158956,0,0.0,0.6018092208069753,0.41300925098249625,True
358,대조,0,2.0,32.0,1697.8600000000001,658.0,135.0,471.67,0.0,0.0,1,268.14,98.0,79.0,1019.53,34.0,2.0,1,1,2.0,3.4965075614664802,7.437712716864153,0.2778026456833897,0,0.0,0.8123942881389504,1.4656433157042044,True
361,처치,1,5.0,22.0,918.09,495.0,125.0,377.27,0.0,4.0,1,205.8,104.0,73.0,483.92,9.0,5.0,1,1,5.0,3.1354942159291497,6.823384050095974,0.41092921173305447,0,4.0,0.9014199775580766,2.213102643893127,True
362,대조,0,6.0,12.0,430.27,12269.0,61.0,150.83,2.0,1.0,1,81.57000000000001,44.0,36.0,217.36,6.0,6.0,1,1,6.0,2.5649493574615367,6.066734344081793,0.3505473307458108,1,1.0,0.6814808957917302,0.7605857631273459,True
364,대조,0,22.0,15.0,394.61,173.0,54.0,193.76,0.0,3.0,0,22.53,8.0,8.0,33.06,3.0,22.0,1,1,22.0,2.772588722239781,5.980428877487717,0.49101644661817995,0,3.0,0.7821998255371365,1.2785322277583542,True
368,처치,1,20.0,4.0,45.0,19.0,5.0,15.77,0.0,2.0,0,0.0,0.0,0.0,0.0,0.0,20.0,0,0,20.0,1.6094379124341003,3.828641396489095,0.35044444444444445,0,2.0,0.43101524968688776,-0.2777101613295275,True
369,대조,0,2.0,7.0,394.6,192.0,84.0,235.08,0.0,0.0,0,128.96,41.0,35.0,170.98,3.0,2.0,1,1,2.0,2.0794415416798357,5.980403599748557,0.5957425240750127,0,0.0,0.48677731224274384,-0.05290308606001047,True
370,대조,0,3.0,13.0,379.71,12755.0,38.0,110.48,0.0,0.0,1,136.86,69.0,56.0,529.32,22.0,3.0,1,1,3.0,2.6390573296152584,5.942037930445624,0.29095888967896555,0,0.0,0.6351621916243214,0.554427491948931,True
371,처치,1,2.0,24.0,2208.5,1016.0,258.0,762.39,0.0,0.0,1,474.97,207.0,159.0,1400.05,19.0,2.0,1,1,2.0,3.2188758248682006,7.700521524570795,0.34520715417704323,0,0.0,0.7970645854395573,1.3680479376451389,True
374,대조,0,8.0,23.0,1739.57,15571.0,146.0,520.7,0.0,3.0,0,173.25,66.0,52.0,553.84,11.0,8.0,1,1,8.0,3.1780538303479458,7.461967924770825,0.29932684513989094,0,3.0,0.8670605351647681,1.8752149227617725,True
376,처치,1,3.0,69.0,673.89,356.0,172.0,362.09000000000003,0.0,1.0,0,191.64,116.0,106.0,434.63,54.0,3.0,1,1,3.0,4.248495242049359,6.51454971462966,0.537313211354969,0,1.0,0.8419652145728072,1.6729235308033223,True
377,처치,1,16.0,14.0,189.61,84.0,33.0,85.66,0.0,1.0,1,38.67,14.0,13.0,66.59,7.0,16.0,1,1,16.0,2.70805020110221,5.250229455740982,0.4517694214440166,0,1.0,0.6751351903670281,0.7315038274140079,True
378,처치,1,3.0,43.0,698.36,22367.0,49.0,68.75,0.0,1.0,1,59.35,30.0,32.0,287.53000000000003,24.0,3.0,1,1,3.0,3.784189633918261,6.5501656311150045,0.09844492811730339,0,1.0,0.8441363644169654,1.689332556663102,True
380,처치,1,3.0,19.0,1072.7,505.0,173.0,506.42,0.0,0.0,0,203.96,91.0,81.0,537.36,9.0,3.0,1,1,3.0,2.995732273553991,6.97886590644009,0.47209844318075883,0,0.0,0.6837077190502213,0.7708637891607145,True
381,대조,0,4.0,11.0,322.26,98.0,27.0,90.98,0.0,2.0,1,28.21,12.0,10.0,233.5,8.0,4.0,1,1,4.0,2.4849066497880004,5.778456952981663,0.2823186247129647,0,2.0,0.7277621815690961,0.9832983044018205,True
383,처치,1,1.0,25.0,1053.92,41946.0,135.0,379.78000000000003,0.0,0.0,1,150.12,64.0,44.0,330.33,11.0,1.0,1,1,1.0,3.258096538021482,6.961220213651088,0.36034993168361923,0,0.0,0.7665004552736594,1.1886551649490977,True
384,처치,1,10.0,3.0,39.25,20.0,1.0,4.5,0.0,1.0,0,80.57000000000001,33.0,30.0,403.21,8.0,10.0,1,1,10.0,1.3862943611198906,3.6951100038645723,0.11464968152866242,0,1.0,0.31966198894611203,-0.7553255967598094,True
386,처치,1,3.0,20.0,489.93,4410.0,125.0,209.08,0.0,0.0,1,261.27,181.0,151.0,670.24,37.0,3.0,1,1,3.0,3.044522437723423,6.196301551439549,0.4267548425285245,0,0.0,0.7027343364510018,0.8603526915545097,True
387,처치,1,1.0,21.0,747.48,193.0,46.0,180.81,0.0,0.0,1,81.06,40.0,33.0,234.02,5.0,1.0,1,1,1.0,3.091042453358316,6.618044483395814,0.2418927596724996,0,0.0,0.7311952471461811,1.000695229804699,True
390,처치,1,9.0,12.0,172.88,74.0,17.0,47.45,0.0,0.0,1,45.8,19.0,17.0,134.74,5.0,9.0,1,1,9.0,2.5649493574615367,5.158365406120591,0.2744678389634429,0,0.0,0.5797383415841216,0.3216993530244668,True
391,대조,0,1.0,8.0,306.99,144.0,23.0,81.92,0.0,0.0,1,129.76,65.0,43.0,323.14,9.0,1.0,1,1,1.0,2.1972245773362196,5.7300673149140255,0.2668490830320206,0,0.0,0.5565246228145476,0.2270691346879129,True
392,처치,1,1.0,14.0,1260.3600000000001,397.0,130.0,464.17,0.0,0.0,1,286.76,79.0,73.0,809.85,9.0,1.0,1,1,1.0,2.70805020110221,7.139945782929226,0.3682836649846076,0,0.0,0.7125369385422393,0.9077373842701786,True
393,처치,1,6.0,40.0,751.51,358.0,96.0,280.29,0.0,0.0,0,110.26,44.0,38.0,391.05,24.0,6.0,1,1,6.0,3.713572066704308,6.623414285571277,0.37296908890101266,0,0.0,0.7537121388638267,1.1185094973761764,True
394,대조,0,3.0,15.0,386.34000000000003,143.0,55.0,155.87,0.0,0.0,0,55.25,22.0,19.0,158.28,7.0,3.0,1,1,3.0,2.772588722239781,5.959302860299586,0.40345291711963555,0,0.0,0.5904608031411194,0.36587063679619214,True
396,대조,0,4.0,22.0,274.04,10324.0,41.0,113.03,0.0,1.0,0,32.68,14.0,11.0,92.28,7.0,4.0,1,1,4.0,3.1354942159291497,5.616916541634539,0.41245803532331043,0,1.0,0.6844968609314773,0.7745154273530039,True
397,처치,1,3.0,32.0,733.44,54873.0,65.0,157.66,0.0,0.0,0,96.97,44.0,39.0,482.09,20.0,3.0,1,1,3.0,3.4965075614664802,6.599108304053987,0.21495964223385688,0,0.0,0.7264988305974766,0.976930975822652,True
398,대조,0,7.0,16.0,306.99,12710.0,58.0,98.49,0.0,0.0,0,25.839999999999996,12.0,12.0,87.0,13.0,7.0,1,1,7.0,2.833213344056216,5.7300673149140255,0.32082478256620733,0,0.0,0.5884963003957085,0.3577526295725826,True
400,대조,0,1.0,46.0,3051.64,119218.0,214.0,706.47,0.0,0.0,1,382.86,140.0,122.0,1516.93,25.0,1.0,1,1,1.0,3.8501476017100584,8.023762068979,0.23150502680525883,0,0.0,0.8620561308101005,1.832473528079458,True
402,처치,1,3.0,17.0,500.42,30760.0,30.0,128.02,0.0,0.0,0,0.0,0.0,0.0,110.31,5.0,3.0,0,1,3.0,2.8903717578961645,6.2174440732414,0.25582510691019544,0,0.0,0.624980130063232,0.510740846267476,True
403,대조,0,5.0,3.0,91.03999999999999,30.0,17.0,76.34,0.0,1.0,0,34.06,9.0,5.0,87.09,2.0,5.0,1,1,5.0,1.3862943611198906,4.522223265167165,0.8385325131810194,0,1.0,0.35983515557929624,-0.5760796871829824,True
405,대조,0,8.0,9.0,352.08,63724.0,37.0,88.4,0.0,2.0,0,58.62,44.0,30.0,361.21999999999997,10.0,8.0,1,1,8.0,2.302585092994046,5.8666946601520324,0.2510793001590548,0,2.0,0.6557612699311176,0.6444614054849156,True
408,처치,1,2.0,14.0,559.0,200.0,67.0,199.15,0.0,0.0,0,78.72,27.0,25.0,166.92000000000002,4.0,2.0,1,1,2.0,2.70805020110221,6.327936783729195,0.35626118067978535,0,0.0,0.6045391540659034,0.4244146555467643,True
410,처치,1,12.0,14.0,97.4,82.0,15.0,37.32,0.0,0.0,1,95.62,52.0,41.0,156.03,16.0,12.0,1,1,12.0,2.70805020110221,4.589040804058207,0.38316221765913755,0,0.0,0.5649402327500413,0.2612365251801245,True
411,처치,1,2.0,28.0,1213.14,28018.0,81.0,396.77,0.0,0.0,1,405.01,149.0,93.0,747.48,19.0,2.0,1,1,2.0,3.367295829986474,7.101791286222519,0.3270603557709745,0,0.0,0.7852356661762971,1.2964425792208005,True
412,대조,0,1.0,20.0,351.57,236.0,82.0,119.92,0.0,0.0,1,106.18,76.0,69.0,227.29,10.0,1.0,1,1,1.0,3.044522437723423,5.865249184097899,0.34109850100975625,0,0.0,0.6829007772717797,0.7671348438059806,True
414,처치,1,1.0,38.0,653.34,34711.0,88.0,243.19,0.0,0.0,0,17.06,7.0,7.0,75.87,10.0,1.0,1,1,1.0,3.6635616461296463,6.483627094043459,0.3722257936143509,0,0.0,0.7375106317504807,1.0330699247380606,True
419,대조,0,4.0,13.0,355.86,19564.0,18.0,107.1,0.0,0.0,0,144.46,76.0,33.0,276.95,3.0,4.0,1,1,4.0,2.6390573296152584,5.8773435480032825,0.3009610520991401,0,0.0,0.5673873205421104,0.27119935255204203,True
420,처치,1,24.0,3.0,49.66,16.0,0.0,0.0,0.0,2.0,0,0.0,0.0,0.0,15.25,2.0,24.0,0,1,24.0,1.3862943611198906,3.925136644573529,0.0,0,2.0,0.4113034551962553,-0.3585795709472667,True
425,처치,1,1.0,20.0,907.89,451.0,195.0,535.28,0.0,2.0,0,63.16,28.0,21.0,115.18,8.0,1.0,1,1,1.0,3.044522437723423,6.812224074753714,0.5895868442212162,0,2.0,0.7866766547197043,1.3050082383575836,True
426,처치,1,8.0,36.0,1363.71,203151.0,137.0,329.61,0.0,0.0,1,180.44,107.0,92.0,718.1899999999999,21.0,8.0,1,1,8.0,3.6109179126442243,7.218697230835013,0.24170094814879997,0,0.0,0.8172769221175847,1.498006216260932,True
430,대조,0,8.0,2.0,54.96,26.0,11.0,27.9,0.0,1.0,0,0.0,0.0,0.0,11.280000000000001,1.0,8.0,0,1,8.0,1.0986122886681098,4.024637149797281,0.5076419213973798,0,1.0,0.29745118373311247,-0.8594647649118418,True
432,대조,0,1.0,30.0,548.74,248.0,88.0,284.76,0.0,1.0,1,61.28,39.0,26.0,174.64,20.0,1.0,1,1,1.0,3.4339872044851463,6.309445439183026,0.5189342858184204,0,1.0,0.8011690316658405,1.3936168921862264,True
433,대조,0,33.0,4.0,22.380000000000003,11.0,5.0,8.99,0.0,1.0,0,1.49,1.0,1.0,11.55,2.0,33.0,1,1,33.0,1.6094379124341003,3.1518809560439225,0.4016979445933869,0,1.0,0.3329054644966327,-0.6950732089859606,True
434,처치,1,5.0,20.0,671.86,308.0,113.0,258.73,0.0,1.0,1,92.82000000000001,46.0,42.0,271.61,10.0,5.0,1,1,5.0,3.044522437723423,6.511537284230636,0.3850951091001102,0,1.0,0.7745613609953601,1.234248872240786,True
436,대조,0,15.0,4.0,218.11,87.0,39.0,119.01,0.0,0.0,0,125.65,45.0,34.0,273.09,3.0,15.0,1,1,15.0,1.6094379124341003,5.389573886819589,0.5456421071936179,0,0.0,0.39079076423659065,-0.4439894944618295,True
437,처치,1,8.0,15.0,967.76,82721.0,97.0,239.19,1.0,2.0,1,82.76,44.0,38.0,313.27,6.0,8.0,1,1,8.0,2.772588722239781,6.876016903194924,0.24715838637678764,1,2.0,0.8011469238976086,1.3934781148425568,True
438,대조,0,8.0,11.0,508.27,201.0,60.0,189.31,0.0,0.0,1,263.8,99.0,76.0,682.16,11.0,8.0,1,1,8.0,2.4849066497880004,6.232978327777069,0.37245951954669765,0,0.0,0.6354575156059434,0.5557021365549789,True
439,대조,0,62.0,3.0,47.01,9.0,2.0,8.48,0.0,1.0,0,0.0,0.0,0.0,0.0,0.0,62.0,0,0,62.0,1.3862943611198906,3.8714093225428488,0.1803871516698575,0,1.0,0.3721736109999839,-0.5229032359709153,True
441,대조,0,2.0,12.0,285.5,141.0,49.0,133.42,0.0,0.0,1,61.879999999999995,30.0,22.0,128.34,4.0,2.0,1,1,2.0,2.5649493574615367,5.6577385361547945,0.4673204903677758,0,0.0,0.6044467825612615,0.42402829519135127,True
447,처치,1,42.0,19.0,230.95,113.0,32.0,79.7,0.0,2.0,0,0.0,0.0,0.0,6.890000000000001,1.0,42.0,0,1,42.0,2.995732273553991,5.446521831197753,0.34509634119939386,0,2.0,0.7436336328812617,1.0649409416684563,True
450,대조,0,2.0,7.0,199.42,117.0,34.0,63.96,0.0,0.0,0,54.07,21.0,20.0,168.69,6.0,2.0,1,1,2.0,2.0794415416798357,5.3004151646301825,0.32073011734028684,0,0.0,0.4437025930791844,-0.22614855318897362,True
451,처치,1,8.0,20.0,264.68,93.0,22.0,95.23,0.0,0.0,1,77.85000000000001,19.0,16.0,151.71,9.0,8.0,1,1,8.0,3.044522437723423,5.5822925770684915,0.3597929575336255,0,0.0,0.6716489661987431,0.7156525712059716,True
454,처치,1,3.0,46.0,1250.92,730.0,192.0,613.25,0.0,3.0,1,312.79,177.0,114.0,678.71,23.0,3.0,1,1,3.0,3.8501476017100584,7.1324336518549165,0.49023918396060495,0,3.0,0.9192896145968223,2.4327339552435254,True
459,처치,1,5.0,10.0,151.18,34.0,15.0,36.64,0.0,0.0,0,31.66,14.0,13.0,47.56,6.0,5.0,1,1,5.0,2.3978952727983707,5.025064030748377,0.2423601005423998,0,0.0,0.4759323331198091,-0.09634512443655487,True
460,처치,1,9.0,11.0,58.65,8355.0,10.0,10.71,0.0,1.0,1,9.06,10.0,10.0,25.4,7.0,9.0,1,1,9.0,2.4849066497880004,4.0884941485439255,0.18260869565217394,0,1.0,0.5670982622922569,0.2700218222666442,True
462,대조,0,4.0,12.0,189.15,91.0,39.0,92.75,0.0,0.0,1,48.58,31.0,26.0,151.22,10.0,4.0,1,1,4.0,2.5649493574615367,5.247813234374268,0.4903515728257996,0,0.0,0.579387514665434,0.32025958896383633,True
464,처치,1,6.0,24.0,359.06,239.0,64.0,133.46,1.0,2.0,1,163.65,80.0,50.0,396.54,14.0,6.0,1,1,6.0,3.2188758248682006,5.886270684229476,0.3716927533002841,1,2.0,0.7994126907119566,1.3826277116895092,True
469,처치,1,1.0,27.0,1028.07,430.0,91.0,259.47,0.0,1.0,1,220.33,66.0,55.0,632.19,10.0,1.0,1,1,1.0,3.332204510175204,6.936410760731188,0.25238553794975055,0,1.0,0.8191397426615311,1.5105300210870982,True
470,처치,1,2.0,23.0,302.85,21901.0,25.0,41.85,0.0,1.0,0,45.98,33.0,32.0,254.5,15.0,2.0,1,1,2.0,3.1780538303479458,5.716534158581364,0.13818722139673104,0,1.0,0.6961449446952827,0.8290070965810353,True
472,대조,0,2.0,10.0,897.73,340.0,94.0,360.26,0.0,0.0,0,179.52,62.0,53.0,775.0600000000001,12.0,2.0,1,1,2.0,2.3978952727983707,6.800982655658306,0.40130105933855387,0,0.0,0.5901691338822608,0.3646646104916789,True
473,처치,1,21.0,10.0,400.06,33842.0,36.0,154.51,0.0,0.0,1,90.78,51.0,34.0,252.74,6.0,21.0,1,1,21.0,2.3978952727983707,5.994111042048887,0.386217067439884,0,0.0,0.6191306933264165,0.48586009745256326,True
475,처치,1,7.0,7.0,252.98,121.0,40.0,123.35,0.0,0.0,0,0.0,0.0,0.0,17.19,3.0,7.0,0,1,7.0,2.0794415416798357,5.537255523760887,0.4875879516167286,0,0.0,0.4625066685905983,-0.15025537782187168,True
476,대조,0,2.0,4.0,247.06,111.0,35.0,104.31,0.0,0.0,0,9.55,12.0,7.0,46.12,1.0,2.0,1,1,2.0,1.6094379124341003,5.513670652387184,0.4222051323565126,0,0.0,0.3886018858697305,-0.4531929350255144,True
479,처치,1,5.0,12.0,148.16,69.0,19.0,52.27,0.0,0.0,0,48.98,24.0,20.0,156.24,5.0,5.0,1,1,5.0,2.5649493574615367,5.00501955531062,0.3527942764578834,0,0.0,0.49856732231843937,-0.005730726409864031,True
480,대조,0,1.0,9.0,343.01,13005.0,52.0,151.03,0.0,3.0,0,55.800000000000004,29.0,25.0,230.92000000000002,5.0,1.0,1,1,1.0,2.302585092994046,5.840670726718323,0.44030786274452643,0,3.0,0.708111187602838,0.8862281757086786,True
481,대조,0,62.0,2.0,108.32000000000001,52.0,14.0,38.41,0.0,1.0,0,54.61,20.0,13.0,137.43,2.0,62.0,1,1,62.0,1.0986122886681098,4.694279361059867,0.3545974889217134,0,1.0,0.38232970328367033,-0.4796714806834207,True
482,대조,0,1.0,11.0,192.65,69.0,26.0,84.54,0.0,0.0,0,69.97,33.0,30.0,131.75,7.0,1.0,1,1,1.0,2.4849066497880004,5.266052405960761,0.4388268881391124,0,0.0,0.4998031067293769,-0.0007875731232015807,True
483,대조,0,5.0,14.0,212.18,118.0,32.0,108.46000000000001,0.0,1.0,1,76.96,45.0,34.0,245.03,11.0,5.0,1,1,5.0,2.70805020110221,5.362136879260991,0.511169761523235,0,1.0,0.67258546225963,0.7199021172722851,True
484,처치,1,2.0,21.0,450.53000000000003,5901.0,69.0,144.11,0.0,0.0,1,136.36,69.0,65.0,330.9,12.0,2.0,1,1,2.0,3.091042453358316,6.112641815832381,0.31986771136217346,0,0.0,0.7038630185012931,0.8657616386231468,True
485,대조,0,1.0,22.0,596.35,68810.0,93.0,239.49,0.0,0.0,1,173.61,72.0,60.0,449.94,11.0,1.0,1,1,1.0,3.1354942159291497,6.392503206263233,0.401593024230737,0,0.0,0.7233444780180303,0.961112435827589,True
490,처치,1,12.0,10.0,525.42,367.0,45.0,125.42,0.0,2.0,1,85.66,33.0,17.0,245.48,6.0,12.0,1,1,12.0,2.3978952727983707,6.266099373210329,0.2387042746754977,0,2.0,0.7488889608906529,1.0926954945175351,True
495,대조,0,4.0,18.0,526.48,227.0,60.0,218.6,0.0,2.0,0,98.56,41.0,25.0,233.62,4.0,4.0,1,1,4.0,2.9444389791664403,6.268110949939499,0.41521045433824644,0,2.0,0.7532091507858693,1.1158017323150813,True
498,대조,0,6.0,17.0,428.86,201.0,66.0,163.49,0.0,0.0,0,57.160000000000004,30.0,26.0,133.91,12.0,6.0,1,1,6.0,2.8903717578961645,6.06345957427913,0.38121997854777784,0,0.0,0.6167607897708675,0.47582188581107154,True
502,대조,0,6.0,8.0,189.88,104.0,31.0,122.65,0.0,0.0,0,284.1,108.0,74.0,482.44,8.0,6.0,1,1,6.0,2.1972245773362196,5.251644958349606,0.6459342742784917,0,0.0,0.4586647126806725,-0.16571937195481548,True
503,처치,1,3.0,18.0,447.33,248.0,73.0,179.81,0.0,1.0,0,179.14000000000001,73.0,66.0,404.83,14.0,3.0,1,1,3.0,2.9444389791664403,6.105529568395952,0.4019627568014665,0,1.0,0.6874955623340193,0.7884367051262453,True
507,처치,1,6.0,7.0,159.06,84.0,12.0,30.810000000000002,0.0,0.0,0,41.13,31.0,17.0,121.92,4.0,6.0,1,1,6.0,2.0794415416798357,5.0755487449389,0.19370049038098833,0,0.0,0.43345167312885324,-0.2677820752993305,True
508,처치,1,47.0,3.0,107.05,22.0,4.0,18.96,0.0,0.0,0,51.46,18.0,17.0,84.6,2.0,47.0,1,1,47.0,1.3862943611198906,4.682594082952895,0.1771134983652499,0,0.0,0.3453994985456837,-0.6393234142097031,True
511,대조,0,2.0,51.0,899.74,59303.0,104.0,248.71,0.0,2.0,0,192.89000000000001,132.0,78.0,472.86,30.0,2.0,1,1,2.0,3.9512437185814275,6.803216647707015,0.27642430035343546,0,2.0,0.8651611758191015,1.8588356497794511,True
513,처치,1,4.0,17.0,1439.32,450.0,86.0,409.94,0.0,1.0,1,143.6,53.0,30.0,892.04,13.0,4.0,1,1,4.0,2.8903717578961645,7.272620590104568,0.28481505155212183,0,1.0,0.7935668737844145,1.3465612974363712,True
514,처치,1,5.0,11.0,448.21,236.0,105.0,213.19,0.0,0.0,0,104.24000000000001,89.0,51.0,237.68,7.0,5.0,1,1,5.0,2.4849066497880004,6.107490484415251,0.4756475759130765,0,0.0,0.5593443112952602,0.2385014057697508,True
515,대조,0,2.0,14.0,620.73,347.0,92.0,306.12,0.0,0.0,0,66.59,35.0,26.0,245.16,9.0,2.0,1,1,2.0,2.70805020110221,6.432505914896334,0.4931612778502731,0,0.0,0.6101119619727308,0.4477828686163585,True
518,처치,1,5.0,28.0,614.96,303.0,52.0,220.5,0.0,0.0,1,178.03,70.0,56.0,507.33,17.0,5.0,1,1,5.0,3.367295829986474,6.423182026360212,0.3585599063353714,0,0.0,0.754687064996017,1.1237684986382335,True
519,대조,0,12.0,5.0,129.12,60.0,18.0,34.49,0.0,1.0,0,14.65,5.0,5.0,21.28,2.0,12.0,1,1,12.0,1.791759469228055,4.86845710160515,0.26711586121437425,0,1.0,0.45121825151390627,-0.1957496683108397,True
520,대조,0,9.0,10.0,191.12,117.0,33.0,63.84,0.0,0.0,0,66.35,33.0,26.0,181.9,8.0,9.0,1,1,9.0,2.3978952727983707,5.2581201767966235,0.33403097530347425,0,0.0,0.49438283210440453,-0.022469616913234455,True
523,대조,0,8.0,7.0,261.35,14125.0,32.0,62.36,0.0,0.0,1,131.21,71.0,65.0,439.7,30.0,8.0,1,1,8.0,2.0794415416798357,5.569679490132721,0.23860723168165293,0,0.0,0.5348864171621651,0.13977278005935023,True
527,처치,1,1.0,18.0,652.52,264.0,35.0,85.44,0.0,0.0,1,47.75,16.0,16.0,256.09000000000003,11.0,1.0,1,1,1.0,2.9444389791664403,6.482373137033614,0.13093851529455036,0,0.0,0.7069190127460155,0.880467130929875,True
529,대조,0,15.0,8.0,339.15,187.0,69.0,182.2,0.0,2.0,0,155.59,50.0,28.0,238.95000000000002,7.0,15.0,1,1,15.0,2.1972245773362196,5.82938669679107,0.5372254164823824,0,2.0,0.6426283104426552,0.586790114418876,True
530,처치,1,11.0,7.0,285.13,91.0,21.0,59.89,0.0,0.0,0,30.93,12.0,10.0,64.37,3.0,11.0,1,1,11.0,2.0794415416798357,5.656446252999907,0.21004454108652193,0,0.0,0.47646534976710025,-0.09420821544888316,True
533,처치,1,12.0,9.0,327.29,192.0,66.0,167.5,0.0,1.0,0,92.66,49.0,37.0,155.27,5.0,12.0,1,1,12.0,2.302585092994046,5.793897364098461,0.511778545021235,0,1.0,0.5865592818542471,0.34975960216208807,True
536,처치,1,27.0,8.0,241.86,3660.0,44.0,113.46,0.0,2.0,0,17.69,12.0,10.0,33.550000000000004,6.0,27.0,1,1,27.0,2.1972245773362196,5.492485145625673,0.4691143636814686,0,2.0,0.6322364960007896,0.5418234472799981,True
537,처치,1,29.0,5.0,203.21,110.0,21.0,53.06,0.0,0.0,0,1.78,2.0,1.0,32.94,2.0,29.0,1,1,29.0,1.791759469228055,5.3191488761279695,0.2611091973820186,0,0.0,0.4270992632150341,-0.29369601471757434,True
538,처치,1,3.0,5.0,307.72,111.0,45.0,152.70000000000002,0.0,0.0,0,113.81,51.0,37.0,412.45,7.0,3.0,1,1,3.0,1.791759469228055,5.7324347172293635,0.49623033926946575,0,0.0,0.4293732744355121,-0.2844086311483847,True
540,처치,1,9.0,8.0,191.87,66.0,25.0,77.99000000000001,0.0,0.0,1,43.56,17.0,17.0,77.59,2.0,9.0,1,1,9.0,2.1972245773362196,5.262016386821705,0.40647313285036746,0,0.0,0.531273283784185,0.12525664359984287,True
541,대조,0,14.0,10.0,266.89,110.0,38.0,121.2,0.0,0.0,0,30.93,28.0,17.0,125.72,3.0,14.0,1,1,14.0,2.3978952727983707,5.590576448492924,0.4541196747723782,0,0.0,0.5201742046595121,0.08074065277886332,True
542,대조,0,6.0,17.0,331.05,12079.0,46.0,103.65,0.0,0.0,1,61.35,31.0,27.0,118.55,7.0,6.0,1,1,6.0,2.8903717578961645,5.805285559986722,0.3130946986859991,0,0.0,0.6632666235975433,0.6778856072836984,True
543,처치,1,1.0,12.0,444.22,233.0,60.0,254.77,0.0,0.0,1,138.96,44.0,34.0,245.13,8.0,1.0,1,1,1.0,2.5649493574615367,6.098568542022183,0.5735221286749809,0,0.0,0.6307029850150242,0.535233807593054,True
544,처치,1,17.0,20.0,208.37,14080.0,22.0,47.14,0.0,0.0,0,179.64000000000001,90.0,65.0,337.93,8.0,17.0,1,1,17.0,3.044522437723423,5.34410302169717,0.2262321831357681,0,0.0,0.6033824509840917,0.41957877898890267,True
545,처치,1,21.0,7.0,336.63,7598.0,40.0,104.3,0.0,0.0,0,92.35,42.0,38.0,277.84,5.0,21.0,1,1,21.0,2.0794415416798357,5.821950621333,0.3098357246828862,0,0.0,0.495710944238043,-0.01715664387423148,True
546,처치,1,3.0,15.0,403.46,25336.0,39.0,78.99,0.0,0.0,1,91.61,78.0,44.0,302.98,14.0,3.0,1,1,3.0,2.772588722239781,6.002552844093403,0.1957814901105438,0,0.0,0.6578610910575932,0.6537769801261307,True
548,처치,1,6.0,11.0,770.97,342.0,123.0,338.66,0.0,0.0,1,110.9,93.0,60.0,274.4,5.0,6.0,1,1,6.0,2.4849066497880004,6.648945689166076,0.4392648222369223,0,0.0,0.658807891952943,0.6579862921577302,True
549,대조,0,61.0,5.0,149.3,65.0,17.0,79.53,0.0,0.0,0,38.72,16.0,10.0,145.45,6.0,61.0,1,1,61.0,1.791759469228055,5.012633296758929,0.5326858673811118,0,0.0,0.43285648335652227,-0.2702061616245411,True
558,처치,1,3.0,17.0,288.63,124.0,49.0,154.37,0.0,0.0,0,71.9,30.0,26.0,143.95,8.0,3.0,1,1,3.0,2.8903717578961645,5.668604246306589,0.5348369885320307,0,0.0,0.5874840506384595,0.3535742276542287,True
560,처치,1,1.0,34.0,760.73,43469.0,88.0,245.41,0.0,2.0,1,71.86,25.0,24.0,229.09,15.0,1.0,1,1,1.0,3.5553480614894135,6.6355921621880265,0.32259803083879957,0,2.0,0.8630802147025751,1.8411123898613888,True
562,대조,0,27.0,9.0,282.22,30349.0,13.0,38.74,0.0,1.0,0,41.58,11.0,9.0,365.74,7.0,27.0,1,1,27.0,2.302585092994046,5.646223980794913,0.13726879739210546,0,1.0,0.5931639159559104,0.3770604165255216,True
563,대조,0,3.0,19.0,758.64,46985.0,65.0,130.19,0.0,0.0,0,31.52,23.0,21.0,87.47,1.0,3.0,1,1,3.0,2.995732273553991,6.632844636846044,0.17160972266160499,0,0.0,0.6655798797911237,0.6882606128816371,True
566,대조,0,1.0,15.0,170.98,19013.0,10.0,24.39,0.0,0.0,0,19.63,8.0,8.0,47.13,3.0,1.0,1,1,1.0,2.772588722239781,5.14737819098275,0.14264826295473157,0,0.0,0.5372977260136029,0.14946855497567454,True
567,처치,1,3.0,32.0,366.04,199.0,66.0,161.9,0.0,1.0,1,91.07000000000001,38.0,37.0,231.52,24.0,3.0,1,1,3.0,3.4965075614664802,5.905470833941006,0.44230138782646705,0,1.0,0.7912134038753084,1.3322550622195155,True
568,처치,1,3.0,21.0,817.33,457.0,110.0,348.38,0.0,2.0,0,617.98,262.0,163.0,1175.71,21.0,3.0,1,1,3.0,3.091042453358316,6.70726567823246,0.4262415425837789,0,2.0,0.7887576013658453,1.3174527682468646,True
570,처치,1,22.0,3.0,73.69,41.0,4.0,14.99,0.0,0.0,0,0.0,0.0,0.0,8.83,1.0,22.0,0,1,22.0,1.3862943611198906,4.313346214368975,0.2034197313068259,0,0.0,0.30374422815754387,-0.8295310885827851,True
572,대조,0,,0.0,0.0,0.0,0.0,0.0,0.0,2.0,0,0.0,0.0,0.0,0.0,0.0,90.0,0,0,90.0,0.0,0.0,0.0,0,2.0,0.11876486706893664,-2.0041788521030033,True
573,처치,1,4.0,23.0,600.41,25150.0,65.0,223.0,0.0,0.0,0,106.55,34.0,35.0,357.68,10.0,4.0,1,1,4.0,3.1780538303479458,6.399276898284494,0.3714128678736197,0,0.0,0.6750507854939298,0.7311190187499478,True
574,처치,1,1.0,17.0,1007.98,33803.0,136.0,345.4,0.0,1.0,1,191.02,104.0,85.0,543.54,8.0,1.0,1,1,1.0,2.8903717578961645,6.916695198551609,0.3426655290779579,0,1.0,0.7752314740198074,1.2380905616806392,True
577,대조,0,29.0,7.0,353.61,159.0,43.0,127.43,0.0,0.0,0,38.660000000000004,21.0,15.0,306.64,2.0,29.0,1,1,29.0,2.0794415416798357,5.871018594032095,0.3603687678515879,0,0.0,0.5057748045006393,0.023100245179702716,True
578,대조,0,1.0,18.0,231.24,99.0,22.0,63.71,0.0,1.0,1,61.71,22.0,18.0,199.13,8.0,1.0,1,1,1.0,2.9444389791664403,5.447771319716375,0.27551461684829615,0,1.0,0.7063904697535366,0.8779174017287984,True
580,처치,1,2.0,16.0,191.93,55.0,12.0,27.89,0.0,0.0,0,32.31,17.0,17.0,86.14,7.0,2.0,1,1,2.0,2.833213344056216,5.262327428814881,0.14531339550877925,0,0.0,0.5548038678227654,0.2200997284469351,True
581,처치,1,1.0,24.0,749.92,389.0,64.0,210.81,0.0,0.0,0,168.44,96.0,49.0,947.5600000000001,17.0,1.0,1,1,1.0,3.2188758248682006,6.621299121456161,0.2811099850650736,0,0.0,0.6915772516874142,0.8075034596398649,True
582,처치,1,3.0,18.0,595.42,43249.0,65.0,170.41,0.0,0.0,1,98.86,32.0,29.0,301.35,15.0,3.0,1,1,3.0,2.9444389791664403,6.39094511686889,0.2862013368714521,0,0.0,0.7021853118590109,0.8577259049976924,True
583,처치,1,2.0,27.0,262.26,146.0,33.0,46.54,0.0,3.0,1,32.58,23.0,9.0,114.57,10.0,2.0,1,1,2.0,3.332204510175204,5.573142136997261,0.17745748493861055,0,3.0,0.8470133145473279,1.7113655197624131,True
584,처치,1,43.0,4.0,95.59,25.0,6.0,13.45,0.0,0.0,0,33.67,15.0,14.0,116.44,9.0,43.0,1,1,43.0,1.6094379124341003,4.570475216191205,0.14070509467517522,0,0.0,0.3660343812035509,-0.5492674572349807,True
586,처치,1,1.0,33.0,955.5,30653.0,102.0,317.84000000000003,0.0,1.0,1,108.82000000000001,46.0,30.0,473.44,15.0,1.0,1,1,1.0,3.5263605246161616,6.863280788880307,0.3326425954997384,0,1.0,0.8325927928212772,1.6041154677265272,True
588,처치,1,3.0,48.0,1492.95,161959.0,155.0,334.65,3.0,2.0,1,155.24,82.0,65.0,471.57,11.0,3.0,1,1,3.0,3.8918202981106265,7.309178897930582,0.22415352155129104,1,2.0,0.8967367046450674,2.1614802980250394,True
594,처치,1,49.0,4.0,52.8,24.0,6.0,23.32,0.0,0.0,0,44.76,37.0,26.0,98.27,6.0,49.0,1,1,49.0,1.6094379124341003,3.9852734671677386,0.4416666666666667,0,0.0,0.33284319961172726,-0.6953535942802859,True
595,처치,1,1.0,31.0,571.58,254.0,65.0,184.99,0.0,1.0,1,78.29,41.0,31.0,264.64,13.0,1.0,1,1,1.0,3.4657359027997265,6.350152463657217,0.3236467336155919,0,1.0,0.8069459408173262,1.430286429114909,True
596,처치,1,6.0,17.0,544.11,202.0,55.0,204.75,0.0,0.0,1,139.62,45.0,35.0,203.41,8.0,6.0,1,1,6.0,2.8903717578961645,6.300987609159714,0.37630258587417986,0,0.0,0.6918812270391332,0.8089289685245216,True
597,처치,1,5.0,13.0,680.19,387.0,120.0,268.99,0.0,0.0,1,153.87,77.0,59.0,294.37,6.0,5.0,1,1,5.0,2.6390573296152584,6.5238412687042695,0.39546303238800923,0,0.0,0.6713699828910139,0.7143878254050235,True
601,처치,1,2.0,12.0,949.59,54020.0,104.0,352.71,0.0,1.0,1,93.25,48.0,29.0,408.81,10.0,2.0,1,1,2.0,2.5649493574615367,6.8570828444527905,0.371433987299782,0,1.0,0.7369584346823151,1.0302194298868903,True
603,처치,1,7.0,9.0,181.63,15164.0,21.0,61.2,0.0,2.0,0,53.550000000000004,21.0,16.0,215.87,9.0,7.0,1,1,7.0,2.302585092994046,5.20746224820395,0.33694874194791613,0,2.0,0.6131814801945445,0.46070530266960336,True
604,대조,0,22.0,3.0,105.9,32.0,11.0,48.54,0.0,1.0,0,26.310000000000002,9.0,9.0,116.2,4.0,22.0,1,1,22.0,1.3862943611198906,4.671893818030999,0.458356940509915,0,1.0,0.3866392939223387,-0.4614609890672042,True
605,처치,1,5.0,20.0,879.06,83950.0,96.0,178.51,0.0,1.0,1,175.15,123.0,98.0,919.17,15.0,5.0,1,1,5.0,3.044522437723423,6.779990086966159,0.20306918754123723,0,1.0,0.7879645548798924,1.3126996530698791,True
606,처치,1,4.0,17.0,601.41,295.0,56.0,163.3,0.0,0.0,1,114.18,47.0,39.0,306.26,9.0,4.0,1,1,4.0,2.8903717578961645,6.4009382766135055,0.2715285745165528,0,0.0,0.6968228317887121,0.8322138434332065,True
607,처치,1,5.0,10.0,237.46,4023.0,26.0,81.83,0.0,0.0,1,6.31,9.0,7.0,43.23,8.0,5.0,1,1,5.0,2.3978952727983707,5.474201581377986,0.34460540722648025,0,0.0,0.5719786308766849,0.28992850988109786,True
608,처치,1,1.0,26.0,624.54,236.0,25.0,62.72,0.0,1.0,1,153.1,78.0,56.0,429.1,20.0,1.0,1,1,1.0,3.295836866004329,6.438615276703253,0.10042591347231562,0,1.0,0.7958025221265526,1.360263512886897,True
609,대조,0,3.0,13.0,189.38,119.0,45.0,74.62,0.0,2.0,1,61.69,40.0,36.0,224.9,19.0,3.0,1,1,3.0,2.6390573296152584,5.249022074823159,0.3940226000633647,0,2.0,0.7161912593888392,0.9256466906007367,True
612,처치,1,2.0,22.0,661.76,9975.0,80.0,217.13,0.0,0.0,0,70.91,36.0,29.0,190.16,9.0,2.0,1,1,2.0,3.1354942159291497,6.496412933701096,0.3281098887814313,0,0.0,0.6739464350657403,0.726088957074259,True
614,처치,1,5.0,21.0,421.65,216.0,95.0,206.01,0.0,0.0,1,178.7,97.0,87.0,301.22,15.0,5.0,1,1,5.0,3.091042453358316,6.046544413374937,0.48858057630736396,0,0.0,0.7011888180046508,0.8529653304101603,True
618,처치,1,3.0,114.0,1884.06,209287.0,146.0,445.71,0.0,0.0,0,272.14,100.0,70.0,1012.29,57.0,3.0,1,1,3.0,4.74493212836325,7.541714929614266,0.23656889907964715,0,0.0,0.8782031522775303,1.9755234734238585,True
621,대조,0,11.0,11.0,299.86,94.0,20.0,102.16,0.0,0.0,1,145.62,41.0,37.0,302.38,11.0,11.0,1,1,11.0,2.4849066497880004,5.706645040269677,0.3406923230841059,0,0.0,0.6049526569982671,0.42614458865390653,True
624,처치,1,2.0,8.0,434.74,30739.0,58.0,190.15,0.0,2.0,1,168.13,91.0,44.0,498.71,14.0,2.0,1,1,2.0,2.1972245773362196,6.077045735198188,0.43738786401067303,0,2.0,0.7066307732402265,0.8790763098513183,True
630,처치,1,1.0,27.0,870.31,72025.0,122.0,429.99,0.0,3.0,1,274.79,134.0,71.0,659.99,12.0,1.0,1,1,1.0,3.332204510175204,6.769997826274559,0.49406533304224937,0,3.0,0.8827246369457374,2.0184886025689606,True
631,처치,1,1.0,50.0,855.85,105578.0,110.0,235.0,0.0,2.0,1,149.94,88.0,80.0,616.72,33.0,1.0,1,1,1.0,3.9318256327243257,6.753262874106858,0.2745808260793363,0,2.0,0.8908413576668146,2.099364103500728,True
632,대조,0,13.0,8.0,208.73,86.0,23.0,57.04,0.0,0.0,0,219.08,96.0,79.0,509.52,11.0,13.0,1,1,13.0,2.1972245773362196,5.345820989192004,0.2732716907009055,0,0.0,0.4744478647285156,-0.10229765829836553,True
633,대조,0,11.0,21.0,637.09,20650.0,65.0,214.27,0.0,0.0,0,148.0,50.0,42.0,398.95,12.0,11.0,1,1,11.0,3.091042453358316,6.458479339226662,0.33632610777127253,0,0.0,0.6729298963968516,0.7214666263619954,True
635,대조,0,,0.0,0.0,0.0,0.0,0.0,0.0,1.0,0,0.0,0.0,0.0,127.85000000000001,4.0,90.0,0,1,90.0,0.0,0.0,0.0,0,1.0,0.0923978089009727,-2.2847029018973983,True
636,처치,1,4.0,36.0,1590.85,38000.0,191.0,712.35,0.0,1.0,0,416.39,260.0,131.0,855.74,20.0,4.0,1,1,4.0,3.6109179126442243,7.372652140859714,0.44777948895244685,0,1.0,0.8218999742114047,1.5292733666836429,True
638,처치,1,16.0,15.0,880.82,65498.0,98.0,303.94,0.0,0.0,0,261.76,103.0,81.0,673.44,12.0,16.0,1,1,16.0,2.772588722239781,6.781987953546648,0.3450648259576304,0,0.0,0.6538109548695109,0.6358332507790662,True
639,대조,0,4.0,10.0,182.84,89.0,28.0,101.01,0.0,0.0,0,78.71,28.0,24.0,163.56,12.0,4.0,1,1,4.0,2.3978952727983707,5.2140658141004455,0.5524502297090352,0,0.0,0.48503480524282216,-0.05987866363425472,True
640,처치,1,3.0,11.0,207.62,4520.0,41.0,107.12,0.0,0.0,0,97.27000000000001,22.0,17.0,136.9,6.0,3.0,1,1,3.0,2.4849066497880004,5.340514415247825,0.5159425874193238,0,0.0,0.5059401418643705,0.023761685416695256,True
646,대조,0,3.0,3.0,161.1,8534.0,14.0,27.05,0.0,0.0,0,64.71,43.0,34.0,158.18,4.0,3.0,1,1,3.0,1.3862943611198906,5.08821342874163,0.16790813159528245,0,0.0,0.3343709515308495,-0.6884815210807852,True
647,처치,1,9.0,16.0,987.1,84474.0,104.0,271.71,0.0,2.0,1,105.92,48.0,42.0,409.06,9.0,9.0,1,1,9.0,2.833213344056216,6.895783907200917,0.27526086516057136,0,2.0,0.8190595730486001,1.5099889757482907,True
650,처치,1,15.0,9.0,263.12,126.0,38.0,110.24,0.0,2.0,0,2.0,2.0,2.0,9.74,3.0,15.0,1,1,15.0,2.302585092994046,5.576403545326371,0.41897233201581024,0,2.0,0.6424113021761769,0.5858453189899723,True
654,대조,0,1.0,22.0,276.59,104.0,26.0,46.11,0.0,2.0,0,26.35,12.0,11.0,61.45,7.0,1.0,1,1,1.0,3.1354942159291497,5.626145204929048,0.16670884702989985,0,2.0,0.741775386698414,1.055216683629497,True
662,대조,0,13.0,4.0,128.82,34.0,12.0,63.72,0.0,0.0,0,72.16,32.0,27.0,146.83,4.0,13.0,1,1,13.0,1.6094379124341003,4.866148875605322,0.4946436888681882,0,0.0,0.35660943295040193,-0.5901107960514729,True
663,처치,1,3.0,16.0,476.83,8924.0,121.0,204.01,0.0,0.0,0,160.3,121.0,95.0,488.23,13.0,3.0,1,1,3.0,2.833213344056216,6.1692550206979515,0.42784640228173565,0,0.0,0.6124641047579753,0.457681858838912,True
665,대조,0,48.0,4.0,53.74,21.0,6.0,8.85,0.0,1.0,0,0.0,0.0,0.0,29.89,3.0,48.0,0,1,48.0,1.6094379124341003,4.002594703612533,0.16468180126535167,0,1.0,0.40030555013506064,-0.4041921444377525,True
670,대조,0,5.0,22.0,549.57,26867.0,83.0,206.12,0.0,2.0,1,114.61,68.0,53.0,438.27,20.0,5.0,1,1,5.0,3.1354942159291497,6.310954105208834,0.3750568626380625,0,2.0,0.8198851183929101,1.5155693524647766,True
671,처치,1,2.0,13.0,822.75,58725.0,54.0,228.74,0.0,0.0,1,60.660000000000004,27.0,17.0,309.21999999999997,8.0,2.0,1,1,2.0,2.6390573296152584,6.713867085816717,0.278018839258584,0,0.0,0.6810754523831857,0.7587185495023746,True
672,대조,0,5.0,16.0,248.45,10888.0,38.0,85.24,0.0,0.0,1,41.3,27.0,20.0,99.43,10.0,5.0,1,1,5.0,2.833213344056216,5.519258494307047,0.34308714026967196,0,0.0,0.6369648606321205,0.562214857961648,True
674,처치,1,2.0,20.0,667.86,301.0,115.0,344.63,0.0,2.0,0,229.67000000000002,134.0,93.0,451.26,14.0,2.0,1,1,2.0,3.044522437723423,6.505574770665189,0.5160213218339172,0,2.0,0.773597509487351,1.2287373779874498,True
675,처치,1,1.0,36.0,673.77,37376.0,68.0,187.95000000000002,0.0,0.0,1,172.23000000000002,68.0,61.0,375.0,17.0,1.0,1,1,1.0,3.6109179126442243,6.514371892066472,0.27895275835967764,0,0.0,0.7828239753295735,1.2821996643960842,True
679,처치,1,1.0,41.0,916.2,317.0,68.0,187.06,0.0,1.0,0,260.2,122.0,101.0,1114.27,36.0,1.0,1,1,1.0,3.7376696182833684,6.821325550983749,0.20416939532853087,0,1.0,0.8106832329328322,1.4544557612301714,True
680,처치,1,9.0,8.0,474.92,284.0,66.0,184.76,0.0,0.0,1,155.55,65.0,56.0,369.88,11.0,9.0,1,1,9.0,2.1972245773362196,6.16524977287965,0.3890339425587467,0,0.0,0.5911262594387895,0.3686232259412782,True
681,처치,1,2.0,8.0,351.27,104.0,41.0,128.76,3.0,3.0,0,32.36,12.0,10.0,99.23,4.0,2.0,1,1,2.0,2.1972245773362196,5.864397927023624,0.36655564095994536,1,3.0,0.682104317249407,0.763459316692371,True
682,대조,0,1.0,3.0,71.23,27592.0,3.0,1.88,0.0,2.0,1,280.77,132.0,106.0,906.22,34.0,1.0,1,1,1.0,1.3862943611198906,4.2798554720627555,0.02639337357854836,0,2.0,0.4805327791061544,-0.07790826630851032,True
684,처치,1,7.0,24.0,619.04,15589.0,116.0,294.72,0.0,2.0,0,37.14,19.0,14.0,119.49000000000001,5.0,7.0,1,1,7.0,3.2188758248682006,6.429783992087094,0.4760920134401655,0,2.0,0.7911620340693171,1.3319441252565563,True
685,대조,0,2.0,17.0,557.98,11226.0,40.0,173.67000000000002,0.0,0.0,1,216.37,71.0,61.0,712.22,33.0,2.0,1,1,2.0,2.8903717578961645,6.326113694339732,0.3112477149718628,0,0.0,0.6907278928214695,0.803524463542068,True
687,대조,0,38.0,6.0,566.38,252.0,81.0,283.43,0.0,1.0,0,112.61,57.0,48.0,258.17,6.0,38.0,1,1,38.0,1.9459101490553132,6.34102927325157,0.5004237437762633,0,1.0,0.593325855745967,0.37773151546320854,True
691,대조,0,2.0,5.0,243.23,98.0,29.0,100.1,0.0,2.0,0,72.54,33.0,15.0,149.55,5.0,2.0,1,1,2.0,1.791759469228055,5.498110404253996,0.41154462854088725,0,2.0,0.5530465991923138,0.21298792371577985,True
694,처치,1,15.0,9.0,135.16,50.0,9.0,30.78,0.0,0.0,0,0.0,0.0,0.0,0.51,1.0,15.0,0,1,15.0,2.302585092994046,4.913830664825064,0.2277300976620302,0,0.0,0.46339907912832506,-0.14666602932378064,True
696,대조,0,2.0,57.0,2463.45,167541.0,204.0,597.66,0.0,0.0,1,365.51,197.0,134.0,1689.03,36.0,2.0,1,1,2.0,4.060443010546419,7.8097239378487355,0.24261097241673263,0,0.0,0.870323929363382,1.9038258984411949,True
698,처치,1,57.0,3.0,7.029999999999999,4.0,2.0,1.0,0.0,2.0,0,44.06,25.0,22.0,131.01,9.0,57.0,1,1,57.0,1.3862943611198906,2.0831845279586703,0.1422475106685633,0,2.0,0.32307111858815096,-0.7396937374071998,True
699,처치,1,6.0,24.0,1340.33,134223.0,97.0,294.62,1.0,1.0,1,202.23,66.0,61.0,775.9,11.0,6.0,1,1,6.0,3.2188758248682006,7.201416938018914,0.21981153894936323,1,1.0,0.8116599683194441,1.4608324859393909,True
700,대조,0,57.0,5.0,438.06,202.0,57.0,214.21,0.0,1.0,0,0.0,0.0,0.0,0.0,0.0,57.0,0,0,57.0,1.791759469228055,6.084636077995777,0.48899694105830255,0,1.0,0.5709049890267247,0.285544436605107,True
702,처치,1,3.0,57.0,1573.3700000000001,82238.0,150.0,452.67,0.0,0.0,0,151.8,59.0,51.0,742.3100000000001,25.0,3.0,1,1,3.0,4.060443010546419,7.361610471238394,0.2877072780083515,0,0.0,0.8199976284977415,1.5163314223622237,True
703,처치,1,5.0,37.0,1107.6200000000001,160642.0,77.0,234.25,0.0,0.0,0,151.59,64.0,56.0,783.82,22.0,5.0,1,1,5.0,3.6375861597263857,7.0108712775951165,0.21148950000902836,0,0.0,0.7648087493074279,1.1792267857695646,True
705,처치,1,5.0,13.0,218.42000000000002,95.0,42.0,59.99,0.0,0.0,0,50.96,68.0,20.0,157.15,7.0,5.0,1,1,5.0,2.6390573296152584,5.390987701389345,0.27465433568354547,0,0.0,0.5361849568507618,0.14499331144358327,True
707,처치,1,1.0,62.0,2764.26,202997.0,233.0,885.46,0.0,0.0,1,744.07,230.0,190.0,1926.76,51.0,1.0,1,1,1.0,4.143134726391533,7.924889942085381,0.32032442679053347,0,0.0,0.8784571622034963,1.9779003689085803,True
710,처치,1,2.0,25.0,553.51,24295.0,87.0,192.1,0.0,2.0,0,73.85,36.0,25.0,198.24,15.0,2.0,1,1,2.0,3.258096538021482,6.31808484089291,0.347057867066539,0,2.0,0.7878163514187824,1.3118128395488953,True
712,처치,1,2.0,40.0,1490.03,16248.0,174.0,589.82,0.0,3.0,1,365.47,109.0,92.0,807.76,17.0,2.0,1,1,2.0,3.713572066704308,7.307222435286666,0.3958443789722355,0,3.0,0.9166567637908619,2.3977656421533786,True
714,처치,1,1.0,41.0,417.66,326.0,55.0,159.8,0.0,1.0,1,113.1,70.0,44.0,389.82,22.0,1.0,1,1,1.0,3.7376696182833684,6.037059134666374,0.3826078628549538,0,1.0,0.818555217118498,1.506589475019656,True
715,처치,1,2.0,12.0,285.82,236.0,39.0,105.84,0.0,0.0,1,59.47,28.0,25.0,207.68,13.0,2.0,1,1,2.0,2.5649493574615367,5.658854841301066,0.3703029878944791,0,0.0,0.6053208009863112,0.4276852865330253,True
716,대조,0,2.0,22.0,289.92,18623.0,43.0,106.89,0.0,0.0,1,5.5,4.0,2.0,10.89,1.0,2.0,1,1,2.0,3.1354942159291497,5.67304831528634,0.3686879139072847,0,0.0,0.6840580720220489,0.7724843901586731,True
720,대조,0,7.0,11.0,228.45,60.0,17.0,75.28,0.0,1.0,0,71.97,22.0,17.0,170.33,6.0,7.0,1,1,7.0,2.4849066497880004,5.435685140840842,0.329525060188225,0,1.0,0.5867931142410372,0.3507239102012178,True
727,처치,1,1.0,12.0,802.26,370.0,109.0,424.89,0.0,0.0,0,107.63,51.0,32.0,212.51,3.0,1.0,1,1,1.0,2.5649493574615367,6.688678447342689,0.5296163338568544,0,0.0,0.6049805636904131,0.4262613618456283,True
730,대조,0,6.0,14.0,170.17,73.0,31.0,104.75999999999999,0.0,1.0,0,47.67,21.0,17.0,89.99000000000001,7.0,6.0,1,1,6.0,2.70805020110221,5.142657214707572,0.6156196744432039,0,1.0,0.5967169246643026,0.3918041023474699,True
733,대조,0,7.0,11.0,416.45,266.0,14.0,38.230000000000004,0.0,0.0,1,34.769999999999996,18.0,10.0,201.0,6.0,7.0,1,1,7.0,2.4849066497880004,6.03416477664001,0.09179973586264858,0,0.0,0.6244256655961998,0.5083758794695713,True
734,대조,0,3.0,14.0,205.73,6999.0,22.0,138.76,0.0,0.0,0,91.3,31.0,17.0,175.69,10.0,3.0,1,1,3.0,2.70805020110221,5.331413594037226,0.6744762552860545,0,0.0,0.5372233276822648,0.14916929976965373,True
737,대조,0,28.0,1.0,10.25,7.0,0.0,0.0,0.0,1.0,0,152.08,45.0,32.0,267.19,4.0,28.0,1,1,28.0,0.6931471805599453,2.4203681286504293,0.0,0,1.0,0.19103132988159793,-1.4433227442429553,True
743,처치,1,10.0,11.0,493.13,11322.0,58.0,210.32,0.0,0.0,0,36.82,20.0,18.0,75.29,3.0,10.0,1,1,10.0,2.4849066497880004,6.202798640462694,0.42650011153245593,0,0.0,0.5704846845553005,0.28382892372387053,True
744,처치,1,1.0,20.0,577.67,50837.0,83.0,223.6,0.0,1.0,0,199.38,103.0,82.0,519.6800000000001,20.0,1.0,1,1,1.0,3.044522437723423,6.360732366904259,0.3870722038534111,0,1.0,0.713029532924697,0.9101435319200488,True
747,처치,1,1.0,24.0,221.04,125.0,36.0,93.17,0.0,0.0,0,43.57,30.0,17.0,87.38,10.0,1.0,1,1,1.0,3.2188758248682006,5.40285754582196,0.4215074194715889,0,0.0,0.6166051404346645,0.4751634291347234,True
748,대조,0,2.0,3.0,63.89,37.0,9.0,39.22,0.0,0.0,1,278.04,133.0,85.0,704.48,14.0,2.0,1,1,2.0,1.3862943611198906,4.1726935286330775,0.6138675849115667,0,0.0,0.33526130256095704,-0.6844837918324658,True
749,처치,1,2.0,15.0,292.37,12831.0,50.0,119.72,0.0,0.0,0,33.34,31.0,27.0,46.480000000000004,11.0,2.0,1,1,2.0,2.772588722239781,5.6814346109922935,0.4094811369155522,0,0.0,0.5713538305758648,0.2873768872870514,True
752,처치,1,6.0,20.0,573.59,51966.0,71.0,228.61,0.0,0.0,1,48.71,21.0,18.0,210.28,6.0,6.0,1,1,6.0,3.044522437723423,6.35365674298268,0.3985599470004707,0,0.0,0.713905277944611,0.9144273376113949,True
755,처치,1,5.0,52.0,1804.43,565855.0,59.0,160.18,0.0,3.0,1,71.46,40.0,27.0,938.75,24.0,5.0,1,1,5.0,3.970291913552122,7.498554069542215,0.0887704150341105,0,3.0,0.9323918411913767,2.624024488590891,False
757,대조,0,2.0,6.0,334.57,10889.0,36.0,94.25,0.0,0.0,0,88.72,69.0,46.0,294.87,6.0,2.0,1,1,2.0,1.9459101490553132,5.815830578463844,0.2817048749140688,0,0.0,0.4585799138178745,-0.16606090638897367,True
759,대조,0,2.0,2.0,61.36,12.0,3.0,2.53,0.0,1.0,0,0.0,0.0,0.0,0.0,0.0,2.0,0,0,2.0,1.0986122886681098,4.132924044189576,0.041232073011734025,0,1.0,0.30241273706928073,-0.8358348506580939,True
760,처치,1,3.0,10.0,357.19,141.0,28.0,136.26,0.0,1.0,0,83.28,34.0,16.0,152.13,7.0,3.0,1,1,3.0,2.3978952727983707,5.881063571872314,0.38147764495086645,0,1.0,0.5992230730024992,0.4022289570655341,True
763,처치,1,5.0,3.0,483.19,261.0,66.0,219.46,0.0,0.0,0,31.21,13.0,10.0,141.41,1.0,5.0,1,1,5.0,1.3862943611198906,6.182477391667807,0.4541898632008113,0,0.0,0.4020149914102785,-0.39707630439937674,True
764,대조,0,29.0,14.0,447.54,18295.0,52.0,107.77,0.0,0.0,1,3.83,3.0,3.0,32.68,1.0,29.0,1,1,29.0,2.70805020110221,6.105997863698143,0.24080529114716,0,0.0,0.675926414469449,0.7351136099422999,True
769,처치,1,9.0,4.0,141.3,95.0,19.0,46.59,0.0,0.0,0,30.34,14.0,14.0,102.51,5.0,9.0,1,1,9.0,1.6094379124341003,4.957937505095806,0.329723991507431,0,0.0,0.36028143589210265,-0.5741428436597948,True
771,처치,1,1.0,76.0,1044.52,661.0,188.0,342.51,0.0,1.0,1,316.81,168.0,151.0,837.6800000000001,63.0,1.0,1,1,1.0,4.343805421853684,6.95226964828878,0.3279113851338414,0,1.0,0.8925119358216583,2.116660076529832,True
776,대조,0,20.0,9.0,537.41,321.0,86.0,298.92,0.0,1.0,0,0.0,0.0,0.0,0.0,0.0,20.0,0,0,20.0,2.302585092994046,6.2886203517092945,0.5562233676336503,0,1.0,0.624807975946932,0.5100064049922582,True
778,대조,0,17.0,7.0,117.05,2213.0,21.0,57.8,0.0,3.0,0,0.0,0.0,0.0,0.0,0.0,17.0,0,0,17.0,2.0794415416798357,4.771108263531522,0.49380606578385305,0,3.0,0.6274294821460896,0.521204956063158,True
779,처치,1,3.0,10.0,419.49,135.0,45.0,119.49000000000001,0.0,0.0,1,130.55,54.0,43.0,421.76,9.0,3.0,1,1,3.0,2.3978952727983707,6.041420697917383,0.28484588428806407,0,0.0,0.6076021671789592,0.4372441327071061,True
780,처치,1,16.0,9.0,47.800000000000004,40.0,10.0,15.09,0.0,0.0,0,6.37,1.0,1.0,17.44,3.0,16.0,1,1,16.0,2.302585092994046,3.8877303128591016,0.31569037656903765,0,0.0,0.39606369522863555,-0.4218936918404033,True
784,처치,1,2.0,9.0,280.18,24896.0,44.0,101.71000000000001,0.0,1.0,1,29.77,8.0,7.0,145.94,3.0,2.0,1,1,2.0,2.302585092994046,5.638995033651762,0.36301663216503677,0,1.0,0.6332879421918235,0.5463482472157483,True
785,대조,0,30.0,2.0,84.8,33.0,8.0,28.89,0.0,1.0,1,14.290000000000001,8.0,6.0,23.1,2.0,30.0,1,1,30.0,1.0986122886681098,4.4520190064939165,0.340683962264151,0,1.0,0.4036027544949516,-0.3904758510735642,True
786,처치,1,3.0,24.0,1461.4,461.0,159.0,539.18,0.0,0.0,1,118.62,54.0,40.0,423.67,10.0,3.0,1,1,3.0,3.2188758248682006,7.287834200699885,0.36894758450800597,0,0.0,0.779010642899832,1.2599101655961804,True
787,처치,1,1.0,29.0,444.61,145.0,21.0,69.69,0.0,0.0,1,31.23,15.0,15.0,165.33,13.0,1.0,1,1,1.0,3.4011973816621555,6.099444130012969,0.1567441128179753,0,0.0,0.7406960387329637,1.049589367800155,True
788,처치,1,2.0,56.0,1286.07,63306.0,116.0,412.36,0.0,2.0,1,70.53999999999999,38.0,34.0,272.99,23.0,2.0,1,1,2.0,4.04305126783455,7.160123596171431,0.3206357352243657,0,2.0,0.9069700471464621,2.2771879104829074,True
790,대조,0,1.0,10.0,422.23,139.0,83.0,239.53,0.0,0.0,1,27.76,11.0,10.0,126.21000000000001,3.0,1.0,1,1,1.0,2.3978952727983707,6.04791576650043,0.5672974445207588,0,0.0,0.6039646528535662,0.42201220671493633,True
793,대조,0,1.0,18.0,164.24,66.0,10.0,44.28,0.0,0.0,0,46.510000000000005,28.0,16.0,111.07000000000001,14.0,1.0,1,1,1.0,2.9444389791664403,5.107398962528563,0.26960545543107645,0,0.0,0.5589789697040901,0.23701928911105463,True
795,대조,0,24.0,2.0,108.6,67.0,16.0,37.58,0.0,1.0,0,60.38,27.0,20.0,137.92,5.0,24.0,1,1,24.0,1.0986122886681098,4.696837374513915,0.3460405156537753,0,1.0,0.3507895860823228,-0.6155703028055081,True
797,처치,1,6.0,14.0,358.51,97.0,18.0,55.6,0.0,1.0,1,92.45,29.0,28.0,322.39,13.0,6.0,1,1,6.0,2.70805020110221,5.884741993185915,0.15508632953055704,0,1.0,0.7060521160632081,0.876286567451007,True
800,처치,1,7.0,34.0,1045.93,443.0,138.0,384.58,0.0,1.0,1,282.74,113.0,110.0,731.47,24.0,7.0,1,1,7.0,3.5553480614894135,6.9536173509468275,0.36769191054850703,0,1.0,0.8410574374921992,1.6661170594349046,True
802,처치,1,1.0,8.0,152.34,46.0,15.0,35.85,0.0,0.0,1,52.910000000000004,19.0,16.0,131.66,5.0,1.0,1,1,1.0,2.1972245773362196,5.032657678130748,0.23532886963371408,0,0.0,0.5101776266380954,0.04071613056462702,True
803,대조,0,9.0,6.0,164.53,79.0,28.0,73.11,0.0,1.0,1,95.65,40.0,36.0,250.96,6.0,9.0,1,1,9.0,1.9459101490553132,5.109152447272074,0.44435665228225857,0,1.0,0.5531019340802423,0.21321178563438917,True
805,처치,1,2.0,32.0,660.48,19528.0,125.0,330.24,0.0,2.0,0,136.46,66.0,48.0,207.88,11.0,2.0,1,1,2.0,3.4965075614664802,6.494479748781996,0.5,0,2.0,0.8170358747791349,1.4963929076951532,True
806,처치,1,3.0,19.0,1026.39,445.0,113.0,495.93,0.0,1.0,1,205.12,87.0,64.0,593.36,14.0,3.0,1,1,3.0,2.995732273553991,6.934776884678421,0.48317890860199336,0,1.0,0.7872203049346245,1.3082508042865488,True
808,처치,1,8.0,23.0,376.01,13728.0,42.0,113.27000000000001,0.0,0.0,1,92.93,38.0,29.0,337.11,15.0,8.0,1,1,8.0,3.1780538303479458,5.9322717122951625,0.30124198824499354,0,0.0,0.7092067141555057,0.8915343845545289,True
812,대조,0,1.0,4.0,163.19,89.0,24.0,89.09,0.0,2.0,0,72.24,28.0,14.0,106.73,3.0,1.0,1,1,1.0,1.6094379124341003,5.1010242938239365,0.5459280593173602,0,2.0,0.4972661548344887,-0.010935489637392075,True
820,대조,0,1.0,18.0,272.59,136.0,26.0,78.05,0.0,0.0,0,12.14,5.0,5.0,59.24,4.0,1.0,1,1,1.0,2.9444389791664403,5.611630635372836,0.2863274514839136,0,0.0,0.5919333811194537,0.371963654013859,True
823,대조,0,8.0,7.0,150.2,93.0,8.0,26.62,0.0,0.0,1,130.35,76.0,40.0,491.46,14.0,8.0,1,1,8.0,2.0794415416798357,5.018603463745433,0.17723035952063917,0,0.0,0.49844578754896757,-0.006216869827279414,True
831,대조,0,2.0,19.0,1164.89,478.0,147.0,433.67,0.0,0.0,1,105.07000000000001,39.0,34.0,372.95,11.0,2.0,1,1,2.0,2.995732273553991,7.061240022837534,0.37228407832499205,0,0.0,0.7430632795981297,1.0619513783273502,True
834,대조,0,,0.0,0.0,0.0,0.0,0.0,0.0,2.0,0,0.0,0.0,0.0,0.0,0.0,90.0,0,0,90.0,0.0,0.0,0.0,0,2.0,0.11876486706893664,-2.0041788521030033,True
840,대조,0,3.0,29.0,1537.94,483.0,153.0,569.4300000000001,0.0,0.0,1,392.16,109.0,90.0,902.25,15.0,3.0,1,1,3.0,3.4011973816621555,7.338849146724116,0.3702550164505768,0,0.0,0.799395789224298,1.3825223126298356,True
841,대조,0,29.0,7.0,74.44,4567.0,5.0,12.06,0.0,0.0,0,40.44,14.0,11.0,98.67,4.0,29.0,1,1,29.0,2.0794415416798357,4.323337638325202,0.16200967221923698,0,0.0,0.4046785785597903,-0.38600834496181746,True
842,처치,1,1.0,130.0,1861.29,131531.0,197.0,562.36,0.0,0.0,0,180.68,82.0,59.0,693.29,59.0,1.0,1,1,1.0,4.875197323201151,7.529562192218914,0.30213454109784077,0,0.0,0.8849967892704824,2.04062396969777,True
844,처치,1,2.0,19.0,632.01,205.0,61.0,189.5,0.0,0.0,1,64.02000000000001,28.0,26.0,281.76,8.0,2.0,1,1,2.0,2.995732273553991,6.450486219807702,0.2998370278951282,0,0.0,0.7110121975929679,0.900305104184067,True
849,처치,1,19.0,8.0,735.63,294.0,93.0,258.69,0.0,1.0,0,74.37,36.0,27.0,177.64000000000001,4.0,19.0,1,1,19.0,2.1972245773362196,6.602085730849279,0.35165776273398314,0,1.0,0.6305961046779696,0.53477495721714,True
850,처치,1,2.0,21.0,277.74,172.0,49.0,126.42,0.0,0.0,0,33.32,17.0,15.0,83.24,5.0,2.0,1,1,2.0,3.091042453358316,5.630279447691364,0.4551739036508965,0,0.0,0.6135687787785689,0.46233846737906126,True
852,대조,0,11.0,16.0,268.96,106.0,37.0,99.82,0.0,0.0,1,154.65,61.0,51.0,388.14,10.0,11.0,1,1,11.0,2.833213344056216,5.598273799875206,0.371133254015467,0,0.0,0.646592497767904,0.6040944742508432,True
853,처치,1,3.0,77.0,1894.4,61989.0,74.0,169.96,0.0,0.0,1,116.69,48.0,34.0,894.86,34.0,3.0,1,1,3.0,4.356708826689592,7.547185177036095,0.08971706081081081,0,0.0,0.8827971104156188,2.019188869177534,True
854,처치,1,10.0,5.0,109.98,53.0,18.0,47.730000000000004,0.0,0.0,0,0.0,0.0,0.0,1.0,1.0,10.0,0,1,10.0,1.791759469228055,4.709350004897755,0.4339879978177851,0,0.0,0.37004692492313934,-0.5320155108931595,True
855,처치,1,1.0,45.0,1035.43,379.0,105.0,387.55,0.0,0.0,0,145.95,28.0,22.0,297.61,11.0,1.0,1,1,1.0,3.828641396489095,6.943537394621777,0.37428894275808117,0,0.0,0.7782077546276501,1.2552524132745106,True
857,처치,1,6.0,7.0,749.29,288.0,82.0,241.81,0.0,0.0,1,70.09,37.0,28.0,211.15,2.0,6.0,1,1,6.0,2.0794415416798357,6.620459798460732,0.32271884050234223,0,0.0,0.6015859372560043,0.4120775736509361,True
859,대조,0,1.0,22.0,784.88,57942.0,72.0,208.72,0.0,0.0,1,163.24,65.0,55.0,458.16,11.0,1.0,1,1,1.0,3.1354942159291497,6.666804109017963,0.2659260014269697,0,0.0,0.7387594877571018,1.0395309257794987,True
861,대조,0,16.0,4.0,159.25,56.0,33.0,105.96000000000001,0.0,1.0,0,103.71000000000001,43.0,39.0,178.65,5.0,16.0,1,1,16.0,1.6094379124341003,5.076735095800779,0.6653689167974883,0,1.0,0.4382941424387394,-0.24808808469603896,True
862,대조,0,9.0,23.0,442.14,241.0,57.0,161.46,0.0,0.0,0,141.23,52.0,34.0,313.79,12.0,9.0,1,1,9.0,3.1780538303479458,6.09388574720713,0.3651784502646221,0,0.0,0.6608905274595592,0.66726522648602,True
863,처치,1,10.0,13.0,84.49,47.0,19.0,40.95,0.0,0.0,1,121.9,50.0,47.0,332.93,16.0,10.0,1,1,10.0,2.6390573296152584,4.448399410038142,0.48467274233637125,0,0.0,0.54276843076827,0.1714927876991763,True
867,처치,1,3.0,15.0,661.33,24984.0,89.0,222.73,0.0,0.0,1,150.29,83.0,48.0,416.21000000000004,11.0,3.0,1,1,3.0,2.772588722239781,6.495763921158411,0.336791012051472,0,0.0,0.6859944289778857,0.7814587788099107,True
868,처치,1,1.0,27.0,1279.37,102955.0,79.0,291.28,0.0,0.0,1,87.78,48.0,31.0,478.62,17.0,1.0,1,1,1.0,3.332204510175204,7.154904377643148,0.22767455857179705,0,0.0,0.7840770751978586,1.2895858113340155,True
873,처치,1,26.0,12.0,278.11,16136.0,83.0,130.6,0.0,0.0,0,77.49,49.0,26.0,232.48,9.0,26.0,1,1,26.0,2.5649493574615367,5.6316059693522265,0.4695983603610082,0,0.0,0.5583039683869442,0.23428162606097452,True
878,처치,1,1.0,24.0,868.62,16132.0,132.0,345.21,0.0,1.0,1,194.52,105.0,79.0,490.46,14.0,1.0,1,1,1.0,3.2188758248682006,6.768056334622561,0.3974234993437867,0,1.0,0.8009979437854289,1.3925432225980263,True
879,대조,0,11.0,14.0,483.33,37125.0,45.0,162.49,0.0,0.0,1,93.23,63.0,31.0,263.93,12.0,11.0,1,1,11.0,2.70805020110221,6.182766492566033,0.3361885254381065,0,0.0,0.6654344592530322,0.68760735268031,True
881,처치,1,5.0,23.0,729.5,457.0,160.0,352.77,0.0,0.0,0,203.22,115.0,93.0,343.04,13.0,5.0,1,1,5.0,3.1780538303479458,6.593729231190754,0.4835777930089102,0,0.0,0.6863485598187198,0.783103297161502,True
882,처치,1,3.0,16.0,433.73,241.0,57.0,164.49,0.0,0.0,1,19.45,10.0,6.0,83.18,7.0,3.0,1,1,3.0,2.833213344056216,6.074725148725943,0.37924515251423696,0,0.0,0.6688642819744792,0.7030528569577877,True
884,대조,0,67.0,1.0,10.5,6.0,1.0,1.67,0.0,0.0,0,0.0,0.0,0.0,0.0,0.0,67.0,0,0,67.0,0.6931471805599453,2.4423470353692043,0.15904761904761905,0,0.0,0.1703769365162388,-1.5829582011050622,True
885,대조,0,1.0,20.0,603.2,19262.0,70.0,229.84,0.0,0.0,0,120.64,51.0,34.0,354.49,13.0,1.0,1,1,1.0,3.044522437723423,6.403905268952571,0.3810344827586207,0,0.0,0.6550771014841121,0.6414320314044332,True
886,대조,0,5.0,33.0,688.86,31922.0,37.0,125.99,0.0,1.0,1,15.700000000000001,14.0,10.0,289.21,12.0,5.0,1,1,5.0,3.5263605246161616,6.5364886784538845,0.182896379525593,0,1.0,0.8228640207920774,1.535873281463244,True
888,처치,1,4.0,16.0,1671.1100000000001,705.0,226.0,504.05,2.0,2.0,1,146.69,76.0,64.0,389.31,4.0,4.0,1,1,4.0,2.833213344056216,7.421841580954299,0.3016258654427297,1,2.0,0.826369556460066,1.5601129255157034,True
891,처치,1,4.0,18.0,982.65,437.0,125.0,396.28000000000003,0.0,1.0,0,73.62,30.0,27.0,221.97,10.0,4.0,1,1,4.0,2.9444389791664403,6.8912701427222744,0.40327685340660463,0,1.0,0.7316829276208063,1.0031778740477701,True
893,대조,0,2.0,10.0,315.1,231.0,37.0,112.88,0.0,0.0,0,197.46,68.0,56.0,542.85,18.0,2.0,1,1,2.0,2.3978952727983707,5.756058619221572,0.3582354807997461,0,0.0,0.5213143794546334,0.08530921783567724,True
898,처치,1,1.0,43.0,984.66,58871.0,135.0,375.44,0.0,1.0,1,136.98,56.0,54.0,585.98,16.0,1.0,1,1,1.0,3.784189633918261,6.893311467549726,0.38128897284341806,0,1.0,0.8537809840332826,1.7645690948905735,True
901,처치,1,6.0,17.0,472.17,220.0,63.0,189.92000000000002,0.0,1.0,0,56.760000000000005,25.0,15.0,141.18,6.0,6.0,1,1,6.0,2.8903717578961645,6.159454731954163,0.4022280110976979,0,1.0,0.6859860244180525,0.7814197618093703,True
903,처치,1,2.0,15.0,510.34,159.0,64.0,176.13,0.0,1.0,1,57.97,30.0,23.0,191.43,3.0,2.0,1,1,2.0,2.772588722239781,6.237034730983749,0.3451228592702904,0,1.0,0.7288020968121504,0.9885533985883319,True
907,대조,0,1.0,10.0,177.20000000000002,106.0,25.0,69.78,0.0,2.0,0,30.64,17.0,14.0,86.95,6.0,1.0,1,1,1.0,2.3978952727983707,5.182906515036709,0.39379232505643336,0,2.0,0.61951213909141,0.487478022066251,True
908,처치,1,1.0,27.0,813.34,36210.0,68.0,235.76999999999998,0.0,0.0,1,218.57,57.0,33.0,445.1,13.0,1.0,1,1,1.0,3.332204510175204,6.702377969211872,0.2898787714854796,0,0.0,0.7623863407107917,1.1658073615808933,True
909,처치,1,1.0,139.0,2666.1,220330.0,282.0,770.03,0.0,2.0,0,304.3,140.0,91.0,1200.18,95.0,1.0,1,1,1.0,4.941642422609304,7.888747018792168,0.28882262480777166,0,2.0,0.939253470539676,2.7383754270952254,False
911,처치,1,2.0,11.0,682.1800000000001,13492.0,117.0,227.44,0.0,0.0,1,109.33,65.0,55.0,204.97,3.0,2.0,1,1,2.0,2.4849066497880004,6.526758368041184,0.33340174147585677,0,0.0,0.648943894718914,0.6144002093541271,True
915,대조,0,32.0,11.0,80.52,54.0,17.0,23.98,0.0,0.0,1,51.480000000000004,29.0,26.0,90.14,9.0,32.0,1,1,32.0,2.4849066497880004,4.400848388914469,0.2978142076502732,0,0.0,0.5380048557554293,0.15231320495539857,True
918,대조,0,67.0,1.0,143.61,71.0,24.0,77.31,0.0,3.0,0,109.65,66.0,42.0,236.43,5.0,67.0,1,1,67.0,0.6931471805599453,4.974040463626701,0.5383329851681637,0,3.0,0.48149257284003955,-0.07406354581450175,True
919,처치,1,15.0,9.0,238.99,120.0,51.0,127.54,0.0,0.0,0,11.27,9.0,5.0,25.86,4.0,15.0,1,1,15.0,2.302585092994046,5.480597255807245,0.533662496338759,0,0.0,0.4987696977493729,-0.0049212189344864975,True
922,처치,1,5.0,13.0,254.88,98.0,37.0,121.22,0.0,2.0,1,24.830000000000002,12.0,11.0,145.27,4.0,5.0,1,1,5.0,2.6390573296152584,5.544708584581937,0.47559635907093534,0,2.0,0.7329223803624287,1.0095004767807456,True
923,처치,1,20.0,24.0,412.31,34077.0,54.0,178.9,0.0,0.0,0,20.64,10.0,9.0,215.67,14.0,20.0,1,1,20.0,3.2188758248682006,6.024197916724617,0.43389682520433653,0,0.0,0.6704396886142904,0.7101743725093651,True
924,대조,0,4.0,10.0,307.64,100.0,39.0,132.92000000000002,0.0,2.0,0,42.940000000000005,13.0,12.0,121.65,7.0,4.0,1,1,4.0,2.3978952727983707,5.732175549157419,0.4320634507866338,0,2.0,0.6557898483262273,0.6445880075841321,True
925,처치,1,10.0,9.0,48.69,26.0,14.0,27.59,0.0,0.0,0,21.26,12.0,12.0,47.78,12.0,10.0,1,1,10.0,2.302585092994046,3.905803705614229,0.5666461285684946,0,0.0,0.38999515862384476,-0.44733256855645614,True
927,대조,0,2.0,9.0,199.84,99.0,27.0,67.63,0.0,0.0,0,155.24,61.0,38.0,365.63,5.0,2.0,1,1,2.0,2.302585092994046,5.302508571166505,0.3384207365892714,0,0.0,0.4768019524369911,-0.09285885779495255,True
928,대조,0,36.0,3.0,39.03,8.0,4.0,22.49,0.0,2.0,0,47.05,21.0,17.0,135.58,12.0,36.0,1,1,36.0,1.3862943611198906,3.6896291730044823,0.5762234178836791,0,2.0,0.40165129214815704,-0.39858942778375245,True
929,처치,1,2.0,20.0,555.58,21426.0,121.0,249.37,0.0,0.0,1,172.9,102.0,81.0,377.48,13.0,2.0,1,1,2.0,3.044522437723423,6.321810915999205,0.4488462507649663,0,0.0,0.7088322698091072,0.8897194321078249,True
931,처치,1,18.0,6.0,574.97,216.0,76.0,298.89,0.0,0.0,0,203.88,79.0,57.0,427.56,2.0,18.0,1,1,18.0,1.9459101490553132,6.356055576006174,0.5198358175209141,0,0.0,0.507132274197667,0.028531032035192024,True
932,처치,1,1.0,20.0,772.67,382.0,77.0,227.97,0.0,4.0,1,132.58,65.0,46.0,314.69,10.0,1.0,1,1,1.0,3.044522437723423,6.651145426084766,0.29504186780902586,0,4.0,0.8911023638931714,2.1020509847008686,True
935,대조,0,20.0,4.0,94.91,30283.0,0.0,0.0,0.0,1.0,0,0.0,0.0,0.0,30.07,1.0,20.0,0,1,20.0,1.6094379124341003,4.563410251739859,0.0,0,1.0,0.41371624978371957,-0.34862353592429235,True
938,대조,0,20.0,2.0,336.90000000000003,161.0,39.0,139.28,0.0,1.0,0,78.72,22.0,18.0,193.76,3.0,20.0,1,1,20.0,1.0986122886681098,5.822749993720245,0.4134164440486791,0,1.0,0.4183142615277842,-0.329697361750183,True
939,대조,0,3.0,7.0,231.94,184.0,51.0,93.96,0.0,0.0,1,181.56,153.0,82.0,376.34000000000003,11.0,3.0,1,1,3.0,2.0794415416798357,5.4507809096745055,0.40510476847460547,0,0.0,0.5209987247718715,0.08404433441657565,True
940,대조,0,13.0,7.0,124.28,43.0,12.0,43.4,0.0,0.0,0,16.16,8.0,8.0,95.51,5.0,13.0,1,1,13.0,2.0794415416798357,4.830551232242493,0.34921145799806885,0,0.0,0.42218842419065616,-0.31379610491078597,True
942,처치,1,2.0,29.0,1068.94,609.0,214.0,458.9,0.0,0.0,0,47.03,37.0,35.0,251.22,19.0,2.0,1,1,2.0,3.4011973816621555,6.975357851117348,0.4293037962841693,0,0.0,0.733036729986736,1.010084726309798,True
943,대조,0,1.0,67.0,1274.71,84646.0,112.0,279.43,0.0,0.0,0,169.78,105.0,70.0,444.99,20.0,1.0,1,1,1.0,4.219507705176107,7.151258165347103,0.21921064398961332,0,0.0,0.8249150969093979,1.55000945141277,True
944,대조,0,7.0,17.0,479.90000000000003,48584.0,27.0,102.11999999999999,0.0,0.0,0,113.99,36.0,27.0,322.78000000000003,9.0,7.0,1,1,7.0,2.8903717578961645,6.175659348283617,0.21279433215253174,0,0.0,0.6260733599364745,0.5154079240190745,True
946,대조,0,11.0,13.0,314.77,217.0,90.0,160.75,0.0,1.0,1,81.77,47.0,42.0,162.49,11.0,11.0,1,1,11.0,2.6390573296152584,5.755014100475618,0.5106903453315119,0,1.0,0.6912349627393808,0.805899208443194,True
953,대조,0,1.0,9.0,177.55,125.0,43.0,76.73,0.0,1.0,0,20.56,24.0,17.0,75.5,8.0,1.0,1,1,1.0,2.302585092994046,5.184868674040458,0.4321599549422698,0,1.0,0.5372312771532105,0.14920127490723467,True
954,처치,1,15.0,5.0,243.5,139.0,45.0,127.67,0.0,1.0,0,57.61,38.0,30.0,174.87,4.0,15.0,1,1,15.0,1.791759469228055,5.499215308914927,0.5243121149897331,0,1.0,0.49392207543709876,-0.024312895827789047,True
955,처치,1,6.0,29.0,652.98,7754.0,97.0,263.58,0.0,0.0,1,91.79,38.0,33.0,235.74,18.0,6.0,1,1,6.0,3.4011973816621555,6.483076769949834,0.4036570798493062,0,0.0,0.7617260748150396,1.1621660511915064,True
956,처치,1,1.0,80.0,1304.08,130951.0,116.0,394.99,0.0,0.0,1,177.15,63.0,50.0,584.22,34.0,1.0,1,1,1.0,4.394449154672439,7.174019620559854,0.3028878596405129,0,0.0,0.8729019056568778,1.9268640001554738,True
957,처치,1,1.0,63.0,300.43,5560.0,35.0,87.79,0.0,0.0,0,78.76,44.0,35.0,269.98,48.0,1.0,1,1,1.0,4.1588830833596715,5.708537816740061,0.29221449256066306,0,0.0,0.7546365180931605,1.1234954896159073,True
960,처치,1,2.0,15.0,312.79,102.0,22.0,94.07,0.0,2.0,1,37.75,35.0,14.0,211.84,10.0,2.0,1,1,2.0,2.772588722239781,5.74872397235967,0.30074490872470344,0,2.0,0.7575637875661441,1.1393691075801604,True
961,처치,1,1.0,11.0,449.4,139.0,25.0,56.300000000000004,0.0,1.0,0,47.56,22.0,17.0,319.6,6.0,1.0,1,1,1.0,2.4849066497880004,6.110136076825481,0.12527814864263465,0,1.0,0.6265515741129554,0.5174511802208285,True
964,대조,0,2.0,9.0,340.13,172.0,54.0,200.77,0.0,0.0,0,38.83,16.0,13.0,88.58,4.0,2.0,1,1,2.0,2.302585092994046,5.8322636363047415,0.5902743068826626,0,0.0,0.5102009674813949,0.0408095327265547,True
971,대조,0,6.0,14.0,251.86,96.0,35.0,102.48,0.0,0.0,1,208.39,97.0,85.0,522.82,14.0,6.0,1,1,6.0,2.70805020110221,5.532835975883752,0.40689271817676487,0,0.0,0.6206875155401091,0.4924673970735793,True
972,처치,1,6.0,15.0,325.94,9232.0,35.0,66.82,1.0,2.0,0,0.0,0.0,0.0,80.57000000000001,8.0,6.0,0,1,6.0,2.772588722239781,5.7897766678230616,0.2050070565134687,1,2.0,0.6956537283419739,0.8266859150959447,True
975,처치,1,1.0,29.0,800.33,103221.0,67.0,206.68,0.0,0.0,0,122.92,45.0,35.0,541.03,20.0,1.0,1,1,1.0,3.4011973816621555,6.68627284724456,0.25824347456674124,0,0.0,0.7180286057722352,0.9347037822787976,True
976,처치,1,15.0,6.0,463.58,168.0,46.0,109.25,0.0,0.0,1,160.98000000000002,54.0,45.0,372.98,5.0,15.0,1,1,15.0,1.9459101490553132,6.141133771626687,0.2356659044825057,0,0.0,0.5594397651998803,0.23888868577748026,True
978,대조,0,5.0,16.0,262.43,101.0,25.0,74.74000000000001,0.0,0.0,0,9.65,7.0,7.0,57.98,5.0,5.0,1,1,5.0,2.833213344056216,5.573787678040014,0.284799756125443,0,0.0,0.5768343294472247,0.30979134274967335,True
982,처치,1,2.0,51.0,2283.25,127331.0,247.0,793.62,0.0,1.0,1,324.9,125.0,99.0,1105.22,25.0,2.0,1,1,2.0,3.9512437185814275,7.73379302187873,0.3475834884484835,0,1.0,0.8904218917699783,2.0950577739674334,True
984,대조,0,10.0,6.0,266.45,105.0,25.0,62.19,0.0,0.0,0,90.5,66.0,28.0,197.17000000000002,3.0,10.0,1,1,10.0,1.9459101490553132,5.588932632977259,0.233402139238131,0,0.0,0.45101863390721736,-0.19655584387369815,True
986,대조,0,1.0,13.0,314.72,164.0,45.0,127.98,0.0,1.0,1,34.42,16.0,13.0,70.53,4.0,1.0,1,1,1.0,2.6390573296152584,5.754855744840202,0.40664717844433146,0,1.0,0.6842634876856674,0.7734350153865919,True
987,처치,1,1.0,19.0,211.72,86.0,11.0,55.92,0.0,1.0,0,54.08,30.0,16.0,111.55,4.0,1.0,1,1,1.0,2.995732273553991,5.359976746934764,0.26412242584545625,0,1.0,0.6493695055416733,0.6162689540456048,True
988,대조,0,2.0,26.0,944.2,58550.0,83.0,253.64,0.0,2.0,0,128.38,78.0,45.0,611.19,28.0,2.0,1,1,2.0,3.295836866004329,6.8513965453127526,0.26862952764244863,0,2.0,0.8146355765163155,1.4804171237394175,True
989,처치,1,3.0,31.0,925.59,21127.0,98.0,337.97,0.0,2.0,0,83.24,39.0,27.0,300.28000000000003,14.0,3.0,1,1,3.0,3.4657359027997265,6.831511180780993,0.36514007281841854,0,2.0,0.8287591068542428,1.5768582330850438,True
995,대조,0,25.0,3.0,238.62,93.0,37.0,101.92,0.0,2.0,0,23.75,10.0,10.0,66.34,2.0,25.0,1,1,25.0,1.3862943611198906,5.479054335211753,0.4271226217416813,0,2.0,0.5119706770011957,0.04789185975716148,True
996,처치,1,3.0,9.0,137.06,84.0,32.0,53.86,0.0,3.0,1,24.09,13.0,11.0,40.62,4.0,3.0,1,1,3.0,2.302585092994046,4.92768837327533,0.3929665839778199,0,3.0,0.7147941554437522,0.9187834255960385,True
998,처치,1,2.0,55.0,1788.6200000000001,60840.0,175.0,628.8100000000001,0.0,0.0,0,271.19,161.0,92.0,695.42,28.0,2.0,1,1,2.0,4.02535169073515,7.489758585795189,0.3515615390636357,0,0.0,0.8211257976357803,1.5239935439191128,True
999,대조,0,18.0,3.0,53.03,30.0,5.0,12.549999999999999,0.0,2.0,0,23.330000000000002,9.0,7.0,95.63,3.0,18.0,1,1,18.0,1.3862943611198906,3.9895394478559743,0.23665849519140106,0,2.0,0.4082820800553439,-0.37107172654739473,True
1000,처치,1,10.0,20.0,640.49,349.0,84.0,149.78,0.0,0.0,0,61.4,51.0,45.0,326.43,13.0,10.0,1,1,10.0,3.044522437723423,6.463793595469654,0.23385220690408906,0,0.0,0.6670872838020129,0.6950405555239146,True
1001,대조,0,7.0,8.0,435.57,205.0,63.0,179.5,0.0,1.0,1,186.03,111.0,54.0,602.09,10.0,7.0,1,1,7.0,2.1972245773362196,6.078948728974435,0.41210368023509425,0,1.0,0.6497520392148496,0.6179494489466715,True
1003,대조,0,58.0,2.0,163.4,66.0,20.0,99.24000000000001,0.0,2.0,1,112.69,57.0,47.0,216.34,7.0,58.0,1,1,58.0,1.0986122886681098,5.10230248262208,0.60734394124847,0,2.0,0.5390352944199546,0.15645957056196125,True
1005,처치,1,1.0,31.0,433.68,274.0,111.0,228.06,0.0,0.0,0,125.17,82.0,68.0,234.39000000000001,15.0,1.0,1,1,1.0,3.4657359027997265,6.074610128194651,0.5258716104039844,0,0.0,0.6898912623087435,0.7996109915947603,True
1007,처치,1,8.0,27.0,242.72,188.0,48.0,79.26,0.0,0.0,0,58.56,45.0,38.0,129.49,12.0,8.0,1,1,8.0,3.332204510175204,5.496020025380294,0.3265491100856955,0,0.0,0.6448375519840744,0.5964231428320369,True
1010,대조,0,3.0,15.0,393.54,48502.0,57.0,131.91,0.0,0.0,0,38.86,23.0,22.0,219.8,7.0,3.0,1,1,3.0,2.772588722239781,5.9777205293157225,0.3351882908980027,0,0.0,0.5922278407392748,0.3731828417178989,True
1012,처치,1,13.0,22.0,215.62,3940.0,19.0,41.34,0.0,2.0,1,36.61,21.0,17.0,138.99,10.0,13.0,1,1,13.0,3.1354942159291497,5.378144666407591,0.19172618495501345,0,2.0,0.7858379937400799,1.3000178891396916,True
1014,처치,1,3.0,28.0,771.54,375.0,127.0,348.65,0.0,0.0,1,107.34,42.0,42.0,224.25,9.0,3.0,1,1,3.0,3.367295829986474,6.649683787366641,0.4518884309303471,0,0.0,0.7639055111713393,1.1742120037516504,True
1017,처치,1,5.0,11.0,509.37,251.0,53.0,152.86,0.0,0.0,0,188.61,74.0,54.0,497.01,11.0,5.0,1,1,5.0,2.4849066497880004,6.2351359528736525,0.30009619726328607,0,0.0,0.5692724030825829,0.2788831950289166,True
1018,처치,1,2.0,17.0,263.74,98.0,33.0,93.66,0.0,2.0,1,73.45,18.0,13.0,161.17000000000002,8.0,2.0,1,1,2.0,2.8903717578961645,5.578748212285625,0.35512246909835443,0,2.0,0.7617293466733045,1.1621840780973174,True
1019,처치,1,7.0,7.0,129.94,53.0,14.0,57.51,0.0,0.0,0,0.0,0.0,0.0,0.0,0.0,7.0,0,0,7.0,2.0794415416798357,4.874739203012945,0.4425888871786979,0,0.0,0.4190282792696561,-0.3267636722905878,True
1020,처치,1,1.0,17.0,1073.86,450.0,137.0,460.69,0.0,0.0,1,302.08,113.0,101.0,686.53,11.0,1.0,1,1,1.0,2.8903717578961645,6.979945699522627,0.42900378075354334,0,0.0,0.7254341113097326,0.9715789860761104,True
1021,대조,0,10.0,16.0,314.14,160.0,36.0,85.74,0.0,1.0,1,0.0,0.0,0.0,87.75,6.0,10.0,0,1,10.0,2.833213344056216,5.753016984533899,0.2729356337938499,0,1.0,0.716264016586329,0.9260046673280313,True
1024,처치,1,1.0,24.0,1498.33,13813.0,135.0,600.89,0.0,0.0,1,238.44,88.0,62.0,622.33,14.0,1.0,1,1,1.0,3.2188758248682006,7.312773620638364,0.4010398243377627,0,0.0,0.7787330448806602,1.2582983833811658,True
1025,처치,1,11.0,15.0,767.96,400.0,113.0,334.79,0.0,0.0,0,189.79,69.0,49.0,396.13,9.0,11.0,1,1,11.0,2.772588722239781,6.645038952548104,0.4359471847492057,0,0.0,0.6405770949391768,0.5778697771925496,True
1031,대조,0,6.0,9.0,362.01,39009.0,25.0,82.5,0.0,0.0,1,181.09,72.0,53.0,704.96,24.0,6.0,1,1,6.0,2.302585092994046,5.8944303820947725,0.22789425706472197,0,0.0,0.5874810872621441,0.3535619998207527,True
1034,처치,1,7.0,8.0,83.74000000000001,41.0,13.0,26.23,0.0,0.0,0,11.59,5.0,5.0,52.78,6.0,7.0,1,1,7.0,2.1972245773362196,4.439587745198414,0.3132314306185813,0,0.0,0.40881584303560603,-0.3688627780587942,True
1038,대조,0,2.0,35.0,165.47,108.0,45.0,87.78,0.0,0.0,1,54.94,40.0,30.0,75.63,18.0,2.0,1,1,2.0,3.58351893845611,5.114815113005919,0.5304889103765033,0,0.0,0.7077673987989991,0.884565442322495,True
1039,처치,1,1.0,10.0,531.97,182.0,77.0,279.24,0.0,0.0,0,151.65,52.0,46.0,289.77,6.0,1.0,1,1,1.0,2.3978952727983707,6.278465137403538,0.5249168186175912,0,0.0,0.5538768801059145,0.216347456474307,True
1041,처치,1,2.0,45.0,1171.01,574.0,176.0,564.41,0.0,0.0,1,533.0,229.0,174.0,1028.29,47.0,2.0,1,1,2.0,3.828641396489095,7.066475502523765,0.4819856363310305,0,0.0,0.8259607722976674,1.5572665608577845,True
1042,처치,1,1.0,32.0,756.56,24939.0,174.0,306.51,0.0,2.0,1,137.09,73.0,65.0,257.84,17.0,1.0,1,1,1.0,3.4965075614664802,6.6301027421675345,0.405136406894364,0,2.0,0.8583461388430739,1.8016209590216568,True
1045,처치,1,4.0,34.0,475.41,87895.0,41.0,65.86,0.0,0.0,1,78.49,43.0,37.0,298.32,18.0,4.0,1,1,4.0,3.5553480614894135,6.166278828024906,0.13853305567825666,0,0.0,0.7633441157757666,1.171101812537383,True
1047,처치,1,26.0,13.0,160.77,63.0,28.0,73.86,0.0,0.0,0,1.27,1.0,1.0,36.1,3.0,26.0,1,1,26.0,2.6390573296152584,5.0861755733416025,0.45941406978913973,0,0.0,0.5330321046242585,0.13232114738148895,True
1048,대조,0,4.0,1.0,53.21,26.0,10.0,20.83,0.0,0.0,0,114.14,40.0,34.0,316.65000000000003,14.0,4.0,1,1,4.0,0.6931471805599453,3.992865393272247,0.3914677692163127,0,0.0,0.19762540628285222,-1.4012022219267444,True
1050,처치,1,13.0,30.0,1181.22,173390.0,93.0,267.05,0.0,0.0,0,101.7,49.0,34.0,387.89,10.0,13.0,1,1,13.0,3.4339872044851463,7.075149305858401,0.22607981578368128,0,0.0,0.7508508010440739,1.103155055360806,True
1051,대조,0,13.0,4.0,71.84,36.0,13.0,23.22,0.0,1.0,0,20.63,9.0,9.0,39.62,3.0,13.0,1,1,13.0,1.6094379124341003,4.288265254859407,0.32321826280623606,0,1.0,0.3872293306582426,-0.45897365073476504,True
1055,처치,1,70.0,7.0,80.64,41.0,9.0,20.21,0.0,4.0,0,0.0,0.0,0.0,0.0,0.0,70.0,0,0,70.0,2.0794415416798357,4.402319337941644,0.2506200396825397,0,4.0,0.7113477509463044,0.9019387383170068,True
1056,처치,1,5.0,15.0,1110.11,476.0,166.0,648.47,0.0,1.0,0,174.97,49.0,45.0,347.57,7.0,5.0,1,1,5.0,2.772588722239781,7.013114794639463,0.584149318536001,0,1.0,0.7171931393764206,0.9305809824819393,True
1058,처치,1,5.0,89.0,387.74,207.0,53.0,114.07,0.0,0.0,0,220.87,120.0,83.0,621.56,46.0,5.0,1,1,5.0,4.499809670330265,5.962910739689921,0.29419198431938925,0,0.0,0.8037539808926261,1.4099241567850436,True
1061,대조,0,3.0,23.0,669.4,344.0,64.0,216.48,0.0,0.0,0,177.28,46.0,27.0,326.02,3.0,3.0,1,1,3.0,3.1780538303479458,6.507874549167873,0.3233940842545563,0,0.0,0.6809989351661688,0.7583663016992834,True
1062,대조,0,7.0,28.0,112.13,71.0,27.0,49.93,0.0,0.0,1,41.07,41.0,26.0,102.48,19.0,7.0,1,1,7.0,3.367295829986474,4.728537599938376,0.4452867207705342,0,0.0,0.6620627839293954,0.6725002642537877,True
1065,처치,1,18.0,6.0,623.36,317.0,51.0,258.23,0.0,2.0,0,224.07,87.0,58.0,503.36,5.0,18.0,1,1,18.0,1.9459101490553132,6.436727125090212,0.41425500513347024,0,2.0,0.6490610694724024,0.6149145888499887,True
1067,대조,0,1.0,2.0,108.74,58.0,13.0,18.23,0.0,1.0,0,89.66,32.0,21.0,182.43,2.0,1.0,1,1,1.0,1.0986122886681098,4.69811393163083,0.16764759977929006,0,1.0,0.3336095614496741,-0.6919044113422766,True
1071,처치,1,7.0,13.0,225.13,174.0,35.0,45.15,0.0,1.0,0,40.66,33.0,31.0,110.47,4.0,7.0,1,1,7.0,2.6390573296152584,5.4211100551349025,0.20055079287522765,0,1.0,0.609064555775989,0.443381822940487,True
1072,처치,1,24.0,8.0,492.98,358.0,93.0,207.01,0.0,0.0,0,110.29,73.0,50.0,211.52,5.0,24.0,1,1,24.0,2.1972245773362196,6.2024950305383895,0.41991561523794063,0,0.0,0.5405361953631398,0.16250143378117915,True
1074,처치,1,1.0,24.0,1335.38,623.0,166.0,469.72,0.0,0.0,1,281.22,158.0,96.0,653.98,12.0,1.0,1,1,1.0,3.2188758248682006,7.197719744791448,0.3517500636522937,0,0.0,0.7736576373634446,1.2290807148220875,True
1075,처치,1,10.0,11.0,213.63,9764.0,17.0,54.78,0.0,0.0,0,0.0,0.0,0.0,26.09,2.0,10.0,0,1,10.0,2.4849066497880004,5.368915615393574,0.2564246594579413,0,0.0,0.5163916315199596,0.06559003027873307,True
1076,대조,0,22.0,6.0,122.32000000000001,66.0,7.0,20.8,0.0,0.0,1,21.21,5.0,5.0,67.05,5.0,22.0,1,1,22.0,1.9459101490553132,4.8147826030179495,0.1700457815565729,0,0.0,0.4774875763838632,-0.09011061927401164,True
1082,처치,1,2.0,20.0,236.28,201.0,65.0,103.15,0.0,1.0,1,90.55,73.0,51.0,198.7,10.0,2.0,1,1,2.0,3.044522437723423,5.469240878389622,0.43655832063653294,0,1.0,0.7194070637393677,0.9415223564903477,True
1083,처치,1,3.0,10.0,255.76,85.0,38.0,113.27,0.0,0.0,0,24.73,12.0,10.0,45.21,2.0,3.0,1,1,3.0,2.3978952727983707,5.548141796443577,0.4428761338755083,0,0.0,0.5075245875101432,0.030100622550768227,True
1085,처치,1,4.0,23.0,881.48,52612.0,122.0,324.06,0.0,0.0,0,226.0,99.0,90.0,607.02,13.0,4.0,1,1,4.0,3.1780538303479458,6.782736125661127,0.3676317103053955,0,0.0,0.697266047292899,0.8343126654313402,True
1088,대조,0,1.0,10.0,200.38,129.0,38.0,127.81,0.0,0.0,0,40.52,25.0,16.0,79.15,6.0,1.0,1,1,1.0,2.3978952727983707,5.305193670487469,0.6378381075955685,0,0.0,0.487715677325074,-0.049147181005121714,True
1089,대조,0,3.0,10.0,112.28999999999999,1823.0,10.0,31.25,0.0,0.0,0,10.16,4.0,4.0,32.33,2.0,3.0,1,1,3.0,2.3978952727983707,4.729950902885397,0.27829726600765875,0,0.0,0.45410185990839214,-0.18411086782440308,True
1091,처치,1,1.0,28.0,1328.99,130509.0,104.0,370.08,0.0,0.0,1,24.060000000000002,8.0,8.0,173.26,3.0,1.0,1,1,1.0,3.367295829986474,7.19292670239054,0.27846710659974866,0,0.0,0.7890180134173224,1.3190163930933265,True
1094,처치,1,1.0,10.0,924.15,18933.0,134.0,557.2,0.0,1.0,1,206.88,88.0,58.0,436.22,8.0,1.0,1,1,1.0,2.3978952727983707,6.829955886527725,0.6029324243899801,0,1.0,0.7133056047407198,0.911493123183175,True
1097,처치,1,26.0,19.0,814.47,77840.0,50.0,222.3,0.0,0.0,0,125.5,46.0,31.0,577.71,14.0,26.0,1,1,26.0,2.995732273553991,6.703764634137314,0.2729382297690523,0,0.0,0.6871149288118954,0.7866656306690026,True
1098,처치,1,1.0,64.0,1222.85,71903.0,196.0,393.36,0.0,2.0,0,257.67,171.0,118.0,955.12,37.0,1.0,1,1,1.0,4.174387269895637,7.109756906542919,0.3216747761377111,0,2.0,0.8878928657752294,2.069396119398605,True
1102,처치,1,22.0,6.0,81.44,38.0,23.0,49.8,0.0,1.0,0,24.53,12.0,9.0,155.18,6.0,22.0,1,1,22.0,1.9459101490553132,4.412070756022258,0.6114931237721022,0,1.0,0.44962277723940103,-0.2021949442811447,True
1103,처치,1,2.0,36.0,1411.89,103135.0,154.0,413.56,0.0,0.0,1,96.2,42.0,33.0,454.14,14.0,2.0,1,1,2.0,3.6109179126442243,7.253392531104986,0.29291233736339234,0,0.0,0.8151679068614606,1.4839463044111305,True
1110,대조,0,1.0,26.0,1012.53,240.0,62.0,156.79,0.0,0.0,0,162.29,79.0,56.0,835.4,17.0,1.0,1,1,1.0,3.295836866004329,6.921194565848643,0.1548497328474218,0,0.0,0.7187891908293044,0.9384635183579282,True
1116,대조,0,11.0,3.0,25.62,17.0,2.0,6.65,0.0,2.0,0,1.99,1.0,1.0,13.95,1.0,11.0,1,1,11.0,1.3862943611198906,3.2816628129669656,0.25956284153005466,0,2.0,0.3572462594211361,-0.5873363195017531,True
1117,처치,1,10.0,28.0,530.56,64772.0,46.0,143.85,0.0,2.0,0,86.3,23.0,21.0,357.08,16.0,10.0,1,1,10.0,3.367295829986474,6.275816079463307,0.27112861881785283,0,2.0,0.8017310482990836,1.3971487494691481,True
1119,대조,0,9.0,13.0,376.4,8019.0,69.0,142.97,0.0,0.0,0,35.12,16.0,11.0,96.5,5.0,9.0,1,1,9.0,2.6390573296152584,5.93330563293445,0.3798352816153029,0,0.0,0.5748145457450021,0.30152202293578756,True
1120,처치,1,4.0,15.0,259.35,6537.0,39.0,80.82000000000001,0.0,0.0,1,22.89,16.0,11.0,76.64,5.0,4.0,1,1,4.0,2.772588722239781,5.562026879608908,0.3116252168883748,0,0.0,0.6306415518662132,0.5349700608390504,True
1121,처치,1,1.0,7.0,272.98,126.0,34.0,85.64,0.0,1.0,0,80.47,47.0,39.0,213.45,3.0,1.0,1,1,1.0,2.0794415416798357,5.613055111023243,0.3137226170415415,0,1.0,0.5337098911389667,0.13504442468721958,True
1122,처치,1,6.0,18.0,340.18,228.0,63.0,127.57000000000001,0.0,0.0,0,13.4,8.0,7.0,42.88,4.0,6.0,1,1,6.0,2.9444389791664403,5.832410197252374,0.3750073490505027,0,0.0,0.6097461338927959,0.4462452305053215,True
1123,처치,1,19.0,8.0,405.46,129.0,34.0,193.4,0.0,1.0,1,56.75,29.0,16.0,184.06,6.0,19.0,1,1,19.0,2.1972245773362196,6.007485523162161,0.4769890988013615,0,1.0,0.654690860904535,0.6397230849759823,True
1124,처치,1,10.0,18.0,366.76,2202.0,96.0,153.13,0.0,0.0,0,14.2,10.0,5.0,40.95,2.0,10.0,1,1,10.0,2.9444389791664403,5.907430551497972,0.41752099465590575,0,0.0,0.6175934729943504,0.479346180755559,True
1125,대조,0,9.0,19.0,469.04,7696.0,67.0,173.36,0.0,0.0,0,0.9,4.0,4.0,9.1,7.0,9.0,1,1,9.0,2.995732273553991,6.15281779746574,0.3696060037523452,0,0.0,0.6396868465873534,0.5740052304763905,True
1127,대조,0,48.0,3.0,30.240000000000002,13.0,1.0,3.44,0.0,0.0,0,253.18,111.0,83.0,664.63,6.0,48.0,1,1,48.0,1.3862943611198906,3.441699324971485,0.11375661375661375,0,0.0,0.27546972433302563,-0.9670458202216455,True
1128,처치,1,3.0,41.0,421.25,243.0,72.0,155.09,0.0,1.0,1,9.97,3.0,2.0,43.96,5.0,3.0,1,1,3.0,3.7376696182833684,6.04559755568791,0.36816617210682495,0,1.0,0.8200355558018173,1.516588400906342,True
1131,대조,0,2.0,18.0,582.15,265.0,86.0,229.98,0.0,0.0,1,107.63,46.0,42.0,236.75,11.0,2.0,1,1,2.0,2.9444389791664403,6.368444443137059,0.39505282143777376,0,0.0,0.6993721255269494,0.8443097665269444,True
1132,처치,1,37.0,3.0,185.96,97.0,21.0,91.79,0.0,1.0,0,9.85,8.0,5.0,27.68,2.0,37.0,1,1,37.0,1.3862943611198906,5.230894690230603,0.49360077436007743,0,1.0,0.43575593654561134,-0.2584045864664184,True
1133,대조,0,1.0,16.0,119.27000000000001,43.0,4.0,13.25,0.0,0.0,0,23.520000000000003,8.0,2.0,58.62,5.0,1.0,1,1,1.0,2.833213344056216,4.789739215322525,0.1110924792487633,0,0.0,0.5226503710671336,0.09066353685537436,True
1136,처치,1,22.0,6.0,83.81,49.0,8.0,24.16,0.0,1.0,0,5.0,15.0,3.0,29.7,1.0,22.0,1,1,22.0,1.9459101490553132,4.440413460373609,0.2882710893688104,0,1.0,0.4542797605517053,-0.18339324154034492,True
1137,처치,1,5.0,15.0,263.84000000000003,101.0,29.0,53.48,0.0,0.0,1,42.33,31.0,23.0,161.03,9.0,5.0,1,1,5.0,2.772588722239781,5.579125870056646,0.20269860521528196,0,0.0,0.6334246558163242,0.5469369817055665,True
1139,처치,1,10.0,16.0,1604.94,477.0,120.0,477.59,0.0,2.0,0,257.92,73.0,64.0,753.6800000000001,8.0,10.0,1,1,10.0,2.833213344056216,7.381464533908435,0.2975749872269368,0,2.0,0.7980675161394157,1.374259797344671,True
1141,대조,0,14.0,10.0,142.07,83.0,22.0,72.66,0.0,0.0,0,8.99,2.0,2.0,76.27,2.0,14.0,1,1,14.0,2.3978952727983707,4.963334020978243,0.5114380235095376,0,0.0,0.4775582431999909,-0.08982737961613665,True
1142,처치,1,1.0,39.0,2036.24,125268.0,187.0,450.83,0.0,1.0,1,317.40000000000003,125.0,107.0,1280.92,19.0,1.0,1,1,1.0,3.6888794541139363,7.619351229610542,0.22140317447845048,0,1.0,0.8708266372915785,1.9082875192359512,True
1145,처치,1,29.0,13.0,741.63,304.0,78.0,377.9,0.0,0.0,0,297.81,101.0,68.0,643.69,15.0,29.0,1,1,29.0,2.6390573296152584,6.610197939526493,0.5095532812858163,0,0.0,0.6343689919706539,0.5510061413319993,True
1146,처치,1,1.0,58.0,1423.49,712.0,141.0,419.03000000000003,0.0,1.0,1,249.87,131.0,102.0,573.87,25.0,1.0,1,1,1.0,4.07753744390572,7.261569133906303,0.2943680672150841,0,1.0,0.8851208428374019,2.0418434126689635,True
1151,대조,0,5.0,11.0,112.69,61.0,10.0,30.9,0.0,0.0,1,85.18,27.0,19.0,203.05,10.0,5.0,1,1,5.0,2.4849066497880004,4.733475446141015,0.27420356730854556,0,0.0,0.5362543108951612,0.1452721910276165,True
1153,처치,1,18.0,9.0,106.10000000000001,63.0,18.0,38.95,0.0,0.0,0,7.5,5.0,3.0,103.05,5.0,18.0,1,1,18.0,2.302585092994046,4.673762977453703,0.36710650329877476,0,0.0,0.44887790246466575,-0.2052054586159687,True
1157,처치,1,3.0,10.0,337.62,118.0,34.0,99.68,0.0,0.0,0,35.44,13.0,11.0,232.75,14.0,3.0,1,1,3.0,2.3978952727983707,5.824878534700086,0.29524317279782003,0,0.0,0.5273695731597478,0.10958783562056632,True
1158,처치,1,1.0,25.0,350.99,229.0,83.0,159.0,0.0,1.0,1,59.17,36.0,27.0,202.32,15.0,1.0,1,1,1.0,3.258096538021482,5.863602766103642,0.4530043590985498,0,1.0,0.7633194393687507,1.170965219477524,True
1159,처치,1,50.0,32.0,405.96,14110.0,53.0,126.5,0.0,1.0,1,0.0,0.0,0.0,0.0,0.0,50.0,0,0,50.0,3.4965075614664802,6.0087149005145095,0.31160705488225443,0,1.0,0.8225657470621155,1.5338282807681944,True
1160,처치,1,7.0,26.0,714.42,18892.0,102.0,244.15,0.0,0.0,1,98.03,61.0,35.0,306.27,14.0,7.0,1,1,7.0,3.295836866004329,6.572869782822179,0.3417457517986619,0,0.0,0.7556702167254434,1.1290861762038062,True
1163,처치,1,2.0,32.0,1062.09,74323.0,147.0,427.39,0.0,1.0,1,138.89000000000001,56.0,47.0,418.36,12.0,2.0,1,1,2.0,3.4965075614664802,6.968935040797492,0.4024046926343342,0,1.0,0.8342236550492192,1.615861977597195,True
1164,처치,1,9.0,10.0,527.04,226.0,60.0,151.58,0.0,0.0,1,102.67,54.0,35.0,406.47,10.0,9.0,1,1,9.0,2.3978952727983707,6.269172038412559,0.28760625379477844,0,0.0,0.6271418374259582,0.5199746449097105,True
1165,대조,0,12.0,1.0,3.34,1.0,0.0,0.0,0.0,0.0,0,78.25,27.0,25.0,225.1,5.0,12.0,1,1,12.0,0.6931471805599453,1.4678743481123135,0.0,0,0.0,0.11532313093791777,-2.0374844362307054,True
1169,처치,1,8.0,18.0,864.71,432.0,146.0,476.11,0.0,0.0,1,71.37,32.0,25.0,129.98,3.0,8.0,1,1,8.0,2.9444389791664403,6.763549979500744,0.5506007794520706,0,0.0,0.7244679522720963,0.9667335789945734,True
1172,처치,1,8.0,12.0,342.19,111.0,25.0,69.81,0.0,1.0,1,90.84,46.0,31.0,173.29,6.0,8.0,1,1,8.0,2.5649493574615367,5.838284229660164,0.204009468423975,0,1.0,0.6864989168167746,0.7838018321756001,True
1174,처치,1,6.0,7.0,197.52,146.0,24.0,69.28,0.0,0.0,1,55.69,32.0,18.0,116.96000000000001,3.0,6.0,1,1,6.0,2.0794415416798357,5.29088985071924,0.3507492912110166,0,0.0,0.5134361418844985,0.053757509815144267,True
1178,처치,1,4.0,20.0,480.94,13896.0,66.0,192.26,0.0,4.0,1,139.81,57.0,50.0,299.55,16.0,4.0,1,1,4.0,3.044522437723423,6.177819624974356,0.3997588056722252,0,4.0,0.87889609171984,1.9820177555724992,True
1180,처치,1,1.0,15.0,691.69,16191.0,79.0,323.68,0.0,0.0,0,245.54,104.0,69.0,852.66,15.0,1.0,1,1,1.0,2.772588722239781,6.540582568660461,0.467955297893565,0,0.0,0.6254311643325454,0.5126656818998726,True
1182,처치,1,61.0,7.0,96.82,11079.0,7.0,23.98,0.0,2.0,0,0.0,0.0,0.0,0.0,0.0,61.0,0,0,61.0,2.0794415416798357,4.583129055111211,0.24767609997934315,0,2.0,0.5883550614690088,0.3571694335880694,True
1184,대조,0,,0.0,0.0,0.0,0.0,0.0,0.0,1.0,0,0.0,0.0,0.0,0.0,0.0,90.0,0,0,90.0,0.0,0.0,0.0,0,1.0,0.0923978089009727,-2.2847029018973983,True
1187,처치,1,1.0,19.0,397.83,225.0,49.0,136.88,0.0,1.0,0,71.5,37.0,34.0,348.64,17.0,1.0,1,1,1.0,2.995732273553991,5.988535260935405,0.3440665610939346,0,1.0,0.6862060122326539,0.7824412113449256,True
1188,처치,1,2.0,10.0,201.73,153.0,60.0,84.81,0.0,0.0,1,66.17,54.0,45.0,108.88,6.0,2.0,1,1,2.0,2.3978952727983707,5.311875044480103,0.4204134238834085,0,0.0,0.5579558859266389,0.23287021908367148,True
1190,처치,1,2.0,32.0,357.68,35531.0,44.0,87.69,0.0,1.0,1,109.83,61.0,51.0,388.95,28.0,2.0,1,1,2.0,3.4965075614664802,5.882430626083847,0.24516327443524938,0,1.0,0.790721785052111,1.3292816415595239,True
1191,처치,1,1.0,11.0,253.19,102.0,22.0,51.81,0.0,0.0,0,74.01,24.0,23.0,233.54999999999998,7.0,1.0,1,1,1.0,2.4849066497880004,5.538082018878482,0.2046289347920534,0,0.0,0.5200966142734226,0.08042978709091156,True
1193,처치,1,12.0,22.0,272.85,166.0,43.0,97.78,0.0,0.0,0,3.64,4.0,2.0,66.88,7.0,12.0,1,1,12.0,3.1354942159291497,5.61258051122973,0.3583654022356606,0,0.0,0.6279693279926482,0.5235150219925473,True
1197,대조,0,7.0,15.0,838.77,320.0,89.0,268.1,0.0,2.0,1,170.68,63.0,53.0,506.46,8.0,7.0,1,1,7.0,2.772588722239781,6.733128044820878,0.31963470319634707,0,2.0,0.8055430494391835,1.4213058408748795,True
1203,처치,1,1.0,35.0,957.06,48977.0,56.0,208.87,0.0,1.0,0,110.42,52.0,42.0,471.39,17.0,1.0,1,1,1.0,3.58351893845611,6.8649104064898205,0.21824128058846887,0,1.0,0.797956432679537,1.3735706463698028,True
1204,처치,1,9.0,7.0,227.59,98.0,33.0,143.52,0.0,0.0,0,90.19,35.0,21.0,245.65,7.0,9.0,1,1,9.0,2.0794415416798357,5.431930005871957,0.6306076716903204,0,0.0,0.45603676747906163,-0.17630822059366705,True
1206,처치,1,3.0,34.0,925.07,410.0,132.0,349.12,0.0,0.0,0,166.32,66.0,58.0,460.21,19.0,3.0,1,1,3.0,3.5553480614894135,6.830949825741585,0.377398467143027,0,0.0,0.7443653576049317,1.0687827393997569,True
1207,처치,1,1.0,12.0,94.18,45.0,12.0,38.35,0.0,0.0,0,53.25,30.0,26.0,128.77,13.0,1.0,1,1,1.0,2.5649493574615367,4.555769835692964,0.4071989806753026,0,0.0,0.4643686763521056,-0.14276729755940681,True
1217,대조,0,6.0,10.0,369.3,12182.0,47.0,138.2,0.0,0.0,0,59.9,26.0,20.0,188.58,5.0,6.0,1,1,6.0,2.3978952727983707,5.914313487919567,0.37422150013539124,0,0.0,0.5353656228637195,0.14169911012736697,True
1218,대조,0,10.0,11.0,585.07,47314.0,80.0,194.72,0.0,0.0,1,158.34,76.0,57.0,337.53,9.0,10.0,1,1,10.0,2.4849066497880004,6.373439236367876,0.3328148768523424,0,0.0,0.6461206226525732,0.6020300956129317,True
1219,처치,1,5.0,10.0,65.33,25.0,1.0,2.5,0.0,0.0,1,10.8,6.0,5.0,37.42,8.0,5.0,1,1,5.0,2.3978952727983707,4.194642283537465,0.03826725853359866,0,0.0,0.48915659002387785,-0.0433804416274749,True
1222,처치,1,8.0,20.0,936.8100000000001,377.0,94.0,335.2,0.0,1.0,1,293.09000000000003,110.0,77.0,626.62,16.0,8.0,1,1,8.0,3.044522437723423,6.843547369853059,0.3578100148375871,0,1.0,0.791705123167277,1.3352342504268664,True
1223,대조,0,36.0,8.0,169.17,102.0,22.0,70.23,0.0,0.0,0,0.0,0.0,0.0,0.0,0.0,36.0,0,0,36.0,2.1972245773362196,5.136797937383345,0.415144529171839,0,0.0,0.4798768305232914,-0.08053618000856297,True
1224,대조,0,10.0,8.0,242.08,152.0,52.0,118.11,0.0,0.0,0,74.0,41.0,34.0,185.57,11.0,10.0,1,1,10.0,2.1972245773362196,5.493390607267155,0.48789656311962987,0,0.0,0.479793995510196,-0.08086805984510437,True
1226,처치,1,14.0,9.0,816.36,435.0,158.0,414.06,0.0,0.0,1,301.89,130.0,98.0,653.96,10.0,14.0,1,1,14.0,2.302585092994046,6.706079634283168,0.5072027046891078,0,0.0,0.6435630902166467,0.5908628114866421,True
1227,대조,0,18.0,11.0,516.11,180.0,76.0,185.4,0.0,0.0,0,61.510000000000005,21.0,18.0,305.47,11.0,18.0,1,1,18.0,2.4849066497880004,6.24825561783441,0.3592257464494003,0,0.0,0.581075894751962,0.3271916056651331,True
1228,처치,1,3.0,84.0,1581.91,105826.0,118.0,307.56,0.0,1.0,1,299.98,150.0,108.0,1014.7,55.0,3.0,1,1,3.0,4.442651256490317,7.367020204190216,0.1944231972741812,0,1.0,0.9087959722243597,2.2990215556739724,True
1229,대조,0,2.0,54.0,2552.39,164574.0,248.0,860.54,0.0,2.0,1,381.33000000000004,135.0,109.0,1360.41,31.0,2.0,1,1,2.0,4.007333185232471,7.84517716703175,0.3371506705479962,0,2.0,0.9197825246058665,2.439395866982791,True
1233,대조,0,11.0,5.0,419.06,28259.0,51.0,192.34,0.0,1.0,0,0.0,0.0,0.0,8.0,3.0,11.0,0,1,11.0,1.791759469228055,6.040397558217161,0.4589796210566506,0,1.0,0.527221372558787,0.1089932612788972,True
1234,처치,1,10.0,14.0,792.95,330.0,67.0,203.5,0.0,2.0,1,97.0,36.0,29.0,397.46,11.0,10.0,1,1,10.0,2.70805020110221,6.677020486972106,0.2566366101267419,0,2.0,0.7990949178634719,1.3806471661869706,True
1236,처치,1,2.0,26.0,611.14,306.0,98.0,245.62,0.0,0.0,1,113.6,51.0,42.0,306.25,17.0,2.0,1,1,2.0,3.295836866004329,6.4169610145211005,0.4019046372353307,0,0.0,0.7440431097820002,1.067089943696664,True
1237,대조,0,,0.0,0.0,0.0,0.0,0.0,0.0,1.0,0,96.93,29.0,23.0,152.06,2.0,90.0,1,1,90.0,0.0,0.0,0.0,0,1.0,0.0923978089009727,-2.2847029018973983,True
1238,대조,0,3.0,4.0,535.29,284.0,68.0,193.81,1.0,5.0,0,90.14,46.0,36.0,228.63,2.0,3.0,1,1,3.0,1.6094379124341003,6.284675059534968,0.3620654224812719,1,5.0,0.7483802372624088,1.0899921174171434,True
1239,처치,1,15.0,5.0,412.18,232.0,62.0,221.51,0.0,0.0,0,43.81,23.0,14.0,99.65,1.0,15.0,1,1,15.0,1.791759469228055,6.023883333363483,0.5374108399243049,0,0.0,0.4590234817884169,-0.16427450615724543,True
1240,처치,1,1.0,30.0,1315.67,15207.0,161.0,498.03000000000003,0.0,0.0,1,344.94,159.0,129.0,968.97,14.0,1.0,1,1,1.0,3.4339872044851463,7.182861100869423,0.3785371711751427,0,0.0,0.794570665006965,1.3526998186087666,True
1245,처치,1,1.0,36.0,627.32,38682.0,48.0,151.08,0.0,1.0,0,77.75,38.0,33.0,312.13,18.0,1.0,1,1,1.0,3.6109179126442243,6.443049590829699,0.2408340241025314,0,1.0,0.781730083228283,1.275777071608926,True
1251,처치,1,9.0,5.0,51.760000000000005,20.0,9.0,34.44,0.0,0.0,0,28.47,3.0,3.0,31.47,4.0,9.0,1,1,9.0,1.791759469228055,3.965753327849114,0.6653786707882534,0,0.0,0.3222432900780597,-0.7434815691185013,True
1257,대조,0,,0.0,0.0,0.0,0.0,0.0,0.0,0.0,1,72.21000000000001,43.0,34.0,187.66,4.0,90.0,1,1,90.0,0.0,0.0,0.0,0,0.0,0.09144392020011459,-2.296130723436789,True
1259,처치,1,12.0,6.0,135.07,78.0,25.0,78.32,0.0,0.0,0,34.06,21.0,15.0,80.33,3.0,12.0,1,1,12.0,1.9459101490553132,4.913169459202767,0.5798474864884874,0,0.0,0.40541202877812527,-0.38296477536614687,True
1260,대조,0,4.0,16.0,1207.21,520.0,177.0,423.84000000000003,0.0,1.0,1,245.13,105.0,93.0,661.64,11.0,4.0,1,1,4.0,2.833213344056216,7.096895204445757,0.3510905310592192,0,1.0,0.7795220328243739,1.2628831856395608,True
1261,처치,1,4.0,18.0,368.85,4551.0,49.0,138.51,0.0,0.0,1,98.6,62.0,38.0,372.66,16.0,4.0,1,1,4.0,2.9444389791664403,5.913097518033877,0.3755185034566897,0,0.0,0.6747626695660955,0.729805865086,True
1263,처치,1,8.0,21.0,1161.71,462.0,130.0,416.62,0.0,2.0,1,161.82,64.0,39.0,458.54,12.0,8.0,1,1,8.0,3.091042453358316,7.058508766308429,0.35862650747604824,0,2.0,0.8457048990975544,1.7013034713262476,True
1265,대조,0,3.0,5.0,133.45,73.0,16.0,34.13,0.0,0.0,0,105.34,60.0,57.0,190.81,10.0,3.0,1,1,3.0,1.791759469228055,4.901192382714874,0.2557512176845261,0,0.0,0.37765777748244367,-0.4995017034432011,True
1269,처치,1,7.0,14.0,360.85,158.0,54.0,161.55,0.0,0.0,0,172.01,63.0,51.0,360.14,15.0,7.0,1,1,7.0,2.70805020110221,5.891229761312137,0.44769294720798114,0,0.0,0.5797841880578235,0.32188752747703375,True
1270,처치,1,2.0,11.0,351.42,130.0,32.0,148.56,0.0,1.0,1,187.57,64.0,43.0,471.89,11.0,2.0,1,1,2.0,2.4849066497880004,5.864823646140585,0.4227420180980024,0,1.0,0.6712676235153536,0.7139239258461334,True
1271,처치,1,6.0,20.0,684.05,347.0,140.0,347.87,0.0,1.0,0,210.57,97.0,82.0,391.51,10.0,6.0,1,1,6.0,3.044522437723423,6.5294918282991175,0.5085446970250713,0,1.0,0.7249817304982528,0.9693089252127096,True
1277,처치,1,5.0,40.0,774.41,358.0,122.0,344.29,0.0,0.0,0,172.41,95.0,74.0,558.17,31.0,5.0,1,1,5.0,3.713572066704308,6.653391921723181,0.444583618496662,0,0.0,0.7540789418891692,1.1204864775494918,True
1282,대조,0,1.0,42.0,1329.06,602.0,186.0,726.26,0.0,0.0,0,350.98,122.0,99.0,645.33,13.0,1.0,1,1,1.0,3.7612001156935624,7.192979332980204,0.5464463605856771,0,0.0,0.7817747469424754,1.2760388514253338,True
1284,대조,0,7.0,24.0,170.72,114.0,37.0,69.88,0.0,0.0,0,23.94,10.0,9.0,52.07,7.0,7.0,1,1,7.0,3.2188758248682006,5.14586524335636,0.4093252108716026,0,0.0,0.6054260447067037,0.4281258277152229,True
1285,처치,1,1.0,17.0,522.19,343.0,68.0,203.74,0.0,0.0,1,132.63,67.0,56.0,339.18,10.0,1.0,1,1,1.0,2.8903717578961645,6.259944686810483,0.390164499511672,0,0.0,0.6855523640413449,0.7794073212417968,True
1288,처치,1,22.0,2.0,204.6,78.0,20.0,78.16,0.0,0.0,0,83.47,36.0,24.0,267.06,6.0,22.0,1,1,22.0,1.0986122886681098,5.32593253358101,0.3820136852394917,0,0.0,0.32399755287125426,-0.7354607331520423,True
1289,대조,0,1.0,73.0,155.68,123.0,13.0,36.89,0.0,1.0,0,13.39,8.0,7.0,130.63,50.0,1.0,1,1,1.0,4.30406509320417,5.05420550879763,0.23696043165467626,0,1.0,0.7886519931723593,1.3168190539549929,True
1291,처치,1,5.0,16.0,576.64,368.0,128.0,263.87,0.0,0.0,1,178.02,88.0,71.0,362.02,8.0,5.0,1,1,5.0,2.833213344056216,6.358950837258364,0.4575991953385128,0,0.0,0.6865281597329872,0.783937711313881,True
1292,대조,0,58.0,1.0,10.370000000000001,3.0,2.0,10.370000000000001,0.0,1.0,0,46.25,19.0,17.0,55.21,2.0,58.0,1,1,58.0,0.6931471805599453,2.430978307762445,1.0,0,1.0,0.2031037508964118,-1.367007556892648,True
1293,대조,0,1.0,25.0,468.59,320.0,113.0,200.79,0.0,0.0,0,140.19,83.0,77.0,293.36,15.0,1.0,1,1,1.0,3.258096538021482,6.151859973568241,0.4284982607396658,0,0.0,0.6681141902280988,0.699668139099558,True
1294,처치,1,3.0,8.0,836.08,392.0,113.0,322.59000000000003,0.0,0.0,0,132.43,62.0,50.0,353.95,5.0,3.0,1,1,3.0,2.1972245773362196,6.729919645372469,0.385836283609224,0,0.0,0.5571964492066568,0.22979164956263454,True
1296,처치,1,6.0,11.0,322.41,199.0,43.0,122.75,0.0,0.0,1,81.01,35.0,29.0,176.07,7.0,6.0,1,1,6.0,2.4849066497880004,5.778920868124441,0.38072640426785764,0,0.0,0.6049597249722382,0.4261741637221796,True
1299,처치,1,5.0,26.0,825.9,38780.0,84.0,201.38,4.0,4.0,1,183.89000000000001,74.0,59.0,606.67,20.0,5.0,1,1,5.0,3.295836866004329,6.717683768728121,0.24383097227267223,1,4.0,0.9014948742819687,2.2139457722905904,True
1300,처치,1,4.0,6.0,71.91999999999999,14167.0,4.0,7.99,0.0,0.0,1,4.83,3.0,3.0,50.82,3.0,4.0,1,1,4.0,1.9459101490553132,4.289362949810462,0.11109566184649614,0,0.0,0.42699366681741596,-0.29412758801902417,True
1303,처치,1,3.0,33.0,836.42,44330.0,59.0,126.97,0.0,1.0,0,111.28,43.0,39.0,497.63,16.0,3.0,1,1,3.0,3.5263605246161616,6.730325736748608,0.15180172640539444,0,1.0,0.7879723761781963,1.3127464664021782,True
1304,대조,0,20.0,9.0,110.73,62.0,19.0,36.8,0.0,0.0,0,60.15,27.0,15.0,87.22,10.0,20.0,1,1,20.0,2.302585092994046,4.716085246559246,0.3323399259459947,0,0.0,0.4537765778754458,-0.18542313238267796,True
1305,처치,1,1.0,89.0,2292.32,98175.0,200.0,723.4300000000001,0.0,1.0,1,155.84,74.0,46.0,407.05,15.0,1.0,1,1,1.0,4.499809670330265,7.73775582828889,0.3155885740210791,0,1.0,0.918446373465889,2.421422719899884,True
1306,처치,1,2.0,25.0,558.44,297.0,56.0,166.11,0.0,1.0,1,63.25,34.0,22.0,139.76,9.0,2.0,1,1,2.0,3.258096538021482,6.326936283395612,0.29745362080080223,0,1.0,0.786588064251522,1.3044804173890412,True
1307,처치,1,6.0,20.0,276.02,116.0,24.0,49.190000000000005,0.0,0.0,0,30.810000000000002,11.0,11.0,142.21,10.0,6.0,1,1,6.0,3.044522437723423,5.624089705746952,0.17821172378813133,0,0.0,0.6122711231385648,0.4568688716825915,True
1316,대조,0,12.0,11.0,804.01,356.0,80.0,351.42,0.0,2.0,1,182.0,53.0,44.0,348.31,3.0,12.0,1,1,12.0,2.4849066497880004,6.690854699701655,0.43708411586920565,0,2.0,0.7776435961599337,1.2519867993332787,True
1317,처치,1,2.0,30.0,668.76,346.0,110.0,250.81,0.0,2.0,0,98.97,55.0,43.0,298.23,15.0,2.0,1,1,2.0,3.4339872044851463,6.506919439257635,0.37503738261857766,0,2.0,0.812555478654883,1.4667012778260735,True
1318,처치,1,7.0,13.0,870.68,31120.0,92.0,313.49,0.0,0.0,1,222.67000000000002,75.0,61.0,479.35,5.0,7.0,1,1,7.0,2.6390573296152584,6.770422384081038,0.360051913446961,0,0.0,0.6876361941268235,0.789091357496554,True
1319,대조,0,10.0,7.0,147.38,92.0,20.0,52.54,0.0,1.0,0,16.04,9.0,7.0,30.36,3.0,10.0,1,1,10.0,2.0794415416798357,4.999776550761379,0.3564934183742706,0,1.0,0.5002880921993141,0.0011523689247809406,True
1321,처치,1,3.0,25.0,274.37,178.0,73.0,131.11,0.0,0.0,1,30.98,28.0,22.0,60.94,11.0,3.0,1,1,3.0,3.258096538021482,5.618115647899109,0.4778583664394796,0,0.0,0.696525251653106,0.830805642082959,True
1325,처치,1,24.0,4.0,166.04,60.0,18.0,54.77,0.0,0.0,0,61.77,30.0,27.0,272.8,6.0,24.0,1,1,24.0,1.6094379124341003,5.118233304694274,0.3298602746326187,0,0.0,0.3829531911106111,-0.47703212103637943,True
1326,처치,1,4.0,66.0,1965.52,72079.0,161.0,666.82,0.0,0.0,1,231.64000000000001,105.0,74.0,986.01,43.0,4.0,1,1,4.0,4.204692619390966,7.584020762173567,0.33925882209288133,0,0.0,0.8736053673466542,1.9332197312869186,True
1330,대조,0,15.0,7.0,151.85,63.0,20.0,62.53,0.0,1.0,0,98.58,51.0,33.0,260.66,10.0,15.0,1,1,15.0,2.0794415416798357,5.029457048336844,0.4117879486335199,0,1.0,0.5063064654752738,0.025227199722845286,True
1331,처치,1,7.0,14.0,256.69,113.0,22.0,82.60000000000001,0.0,1.0,0,30.16,25.0,16.0,106.75,7.0,7.0,1,1,7.0,2.70805020110221,5.551757312093597,0.3217889282792474,0,1.0,0.626101382385402,0.5155276259094895,True
1333,대조,0,1.0,20.0,1027.07,413.0,118.0,339.38,0.0,0.0,1,195.78,65.0,61.0,691.05,14.0,1.0,1,1,1.0,3.044522437723423,6.935438537082075,0.33043512126729435,0,0.0,0.741760685591751,1.0551399347726322,True
1337,처치,1,3.0,38.0,1859.49,132912.0,239.0,528.13,0.0,1.0,1,302.28000000000003,165.0,138.0,984.4,18.0,3.0,1,1,3.0,3.6635616461296463,7.528595172873012,0.2840187363201738,0,1.0,0.8668978203236418,1.8738040140391197,True
1344,대조,0,8.0,5.0,475.66,171.0,50.0,137.59,0.0,0.0,0,70.56,26.0,19.0,202.48000000000002,1.0,8.0,1,1,8.0,1.791759469228055,6.166803448474052,0.2892612370180381,0,0.0,0.46443752485173967,-0.1424905005992579,True
1345,대조,0,23.0,2.0,54.63,25.0,7.0,25.380000000000003,0.0,1.0,0,51.769999999999996,21.0,20.0,172.33,7.0,23.0,1,1,23.0,1.0986122886681098,4.018722624087202,0.46457990115321257,0,1.0,0.3088434440611983,-0.8055318674348587,True
1347,대조,0,6.0,14.0,309.37,9879.0,5.0,29.36,0.0,0.0,0,6.99,4.0,2.0,133.95,4.0,6.0,1,1,6.0,2.70805020110221,5.7377651341536655,0.09490254387949704,0,0.0,0.5718114312643128,0.2892455916937465,True
1349,처치,1,5.0,32.0,834.34,17636.0,136.0,379.27,0.0,0.0,0,141.76,63.0,61.0,361.64,14.0,5.0,1,1,5.0,3.4965075614664802,6.727838827602027,0.4545748735527482,0,0.0,0.7331068961360707,1.010443306825716,True
1350,대조,0,12.0,10.0,70.66,46.0,11.0,23.619999999999997,0.0,2.0,0,67.04,32.0,24.0,169.92,10.0,12.0,1,1,12.0,2.3978952727983707,4.271932711876808,0.3342768185677894,0,2.0,0.5706044350123732,0.28431765429366584,True
1351,처치,1,1.0,12.0,32.519999999999996,39.0,8.0,17.0,0.0,0.0,0,25.48,21.0,17.0,42.27,7.0,1.0,1,1,1.0,2.5649493574615367,3.5121422756138823,0.5227552275522755,0,0.0,0.394780137929792,-0.42726280329579797,True
1353,처치,1,3.0,28.0,1004.25,16797.0,160.0,476.3,0.0,1.0,0,129.54,63.0,54.0,246.07,10.0,3.0,1,1,3.0,3.367295829986474,6.912991545777383,0.4742842917600199,0,1.0,0.7782736866082323,1.2556344458285116,True
1354,대조,0,7.0,18.0,359.09000000000003,27678.0,32.0,69.6,0.0,0.0,1,77.62,35.0,31.0,175.52,6.0,7.0,1,1,7.0,2.9444389791664403,5.886354000205363,0.19382327550196327,0,0.0,0.6769327505434255,0.7397114292747411,True
1356,처치,1,3.0,13.0,262.09,135.0,64.0,121.74,0.0,0.0,0,202.76,95.0,82.0,410.61,13.0,3.0,1,1,3.0,2.6390573296152584,5.572496178962071,0.4644969285359991,0,0.0,0.5448799772913636,0.18000437491834054,True
1357,처치,1,3.0,15.0,489.21,9892.0,41.0,151.63,0.0,1.0,1,58.41,88.0,14.0,307.21,6.0,3.0,1,1,3.0,2.772588722239781,6.194833870722739,0.3099486927904172,0,1.0,0.7275108809794627,0.9820302725003947,True
1363,대조,0,2.0,6.0,262.31,93.0,28.0,102.96000000000001,0.0,0.0,1,293.88,123.0,96.0,792.54,12.0,2.0,1,1,2.0,1.9459101490553132,5.573332045272136,0.3925126758415615,0,0.0,0.5085053202519667,0.034024563065101904,True
1364,대조,0,5.0,14.0,197.95,82.0,33.0,73.61,1.0,2.0,1,68.14,30.0,25.0,204.14000000000001,12.0,5.0,1,1,5.0,2.70805020110221,5.293053536872938,0.3718615812073756,1,2.0,0.7138867713977511,0.914336729613227,True
1366,처치,1,1.0,31.0,368.17,9412.0,76.0,173.3,0.0,2.0,0,57.08,26.0,26.0,122.27,13.0,1.0,1,1,1.0,3.4657359027997265,5.91125724255579,0.47070646712116687,0,2.0,0.7889592344092506,1.318663335428784,True
1367,처치,1,2.0,29.0,1288.3,108440.0,125.0,380.8,0.0,1.0,1,207.49,90.0,72.0,869.22,23.0,2.0,1,1,2.0,3.4011973816621555,7.1618547144167914,0.29558332686486066,0,1.0,0.8340292547188768,1.6144569397647195,True
1369,처치,1,2.0,7.0,190.69,61.0,13.0,23.38,0.0,0.0,1,33.54,15.0,15.0,118.93,4.0,2.0,1,1,2.0,2.0794415416798357,5.255879483850069,0.12260737322355655,0,0.0,0.5094571540901413,0.037833128404908566,True
1374,처치,1,3.0,16.0,556.01,231.0,92.0,249.53,0.0,0.0,0,184.26,74.0,61.0,618.42,17.0,3.0,1,1,3.0,2.833213344056216,6.32258319308749,0.4487868923220805,0,0.0,0.6220285874579654,0.498167487662423,True
1375,처치,1,9.0,24.0,618.37,286.0,90.0,219.89000000000001,0.0,1.0,0,279.48,96.0,78.0,734.32,14.0,9.0,1,1,9.0,3.2188758248682006,6.428702832397783,0.3555961641088669,0,1.0,0.7431686152067012,1.0625031780628238,True
1376,대조,0,1.0,43.0,2096.68,251645.0,182.0,415.79,0.0,0.0,1,207.52,112.0,79.0,949.19,22.0,1.0,1,1,1.0,3.784189633918261,7.648587251107493,0.19830875479329227,0,0.0,0.8446672093653946,1.6933728630304377,True
1382,처치,1,6.0,22.0,443.03000000000003,157.0,55.0,195.1,0.0,2.0,1,55.94,11.0,11.0,134.93,7.0,6.0,1,1,6.0,3.1354942159291497,6.095892127717207,0.4403764982055391,0,2.0,0.8113963429504651,1.459108883158335,True
1385,대조,0,2.0,14.0,896.87,414.0,99.0,440.15,0.0,1.0,0,195.79,79.0,49.0,383.5,7.0,2.0,1,1,2.0,2.70805020110221,6.800025291675576,0.4907623178387057,0,1.0,0.6957559052325067,0.8271685654143288,True
1387,처치,1,2.0,9.0,216.16,97.0,23.0,66.27,0.0,0.0,0,45.63,13.0,12.0,149.58,6.0,2.0,1,1,2.0,2.302585092994046,5.38063440903725,0.30657846039970393,0,0.0,0.4823176057096813,-0.07075908572036026,True
1389,대조,0,31.0,4.0,274.58,111.0,33.0,112.26,0.0,0.0,1,53.14,24.0,21.0,196.03,3.0,31.0,1,1,31.0,1.6094379124341003,5.618877967565757,0.4088425959647462,0,0.0,0.48727906184137676,-0.05089473573266853,True
1390,처치,1,2.0,47.0,1102.7,551.0,142.0,547.77,0.0,0.0,0,288.05,130.0,74.0,635.89,31.0,2.0,1,1,2.0,3.871201010907891,7.006423450778838,0.4967534234152534,0,0.0,0.7853213144855545,1.2969505275604358,True
1391,처치,1,2.0,21.0,1232.78,106415.0,129.0,370.51,0.0,3.0,1,179.52,86.0,69.0,521.45,11.0,2.0,1,1,2.0,3.091042453358316,7.117837906561482,0.3005483541264459,0,3.0,0.8784859552809091,1.9781700698445635,True
1392,처치,1,6.0,17.0,388.44,10302.0,28.0,62.67,0.0,1.0,0,50.69,22.0,21.0,247.05,13.0,6.0,1,1,6.0,2.8903717578961645,5.964709809799162,0.16133765832561014,0,1.0,0.6764299176636389,0.7374131184698334,True
1393,처치,1,1.0,27.0,633.07,270.0,84.0,189.86,0.0,3.0,1,116.3,54.0,47.0,369.12,18.0,1.0,1,1,1.0,3.332204510175204,6.452159358437117,0.29990364414677684,0,3.0,0.8743280895072051,1.9397810676984122,True
1396,처치,1,4.0,37.0,883.6800000000001,38676.0,122.0,308.54,0.0,0.0,1,232.86,96.0,78.0,516.02,20.0,4.0,1,1,4.0,3.6375861597263857,6.785225997700521,0.34915353974289337,0,0.0,0.7988802386280047,1.3793104871098596,True
1402,대조,0,2.0,33.0,520.0,21779.0,83.0,182.44,0.0,0.0,1,40.42,25.0,25.0,95.53,14.0,2.0,1,1,2.0,3.5263605246161616,6.255750041753367,0.35084615384615386,0,0.0,0.7619276385984672,1.1632769217451524,True
1403,처치,1,12.0,18.0,463.36,80375.0,24.0,116.97,0.0,0.0,0,210.18,63.0,51.0,635.41,10.0,12.0,1,1,12.0,2.9444389791664403,6.140660113469835,0.2524387085635359,0,0.0,0.6352828077699955,0.5549480288639853,True
1405,대조,0,2.0,5.0,333.95,106.0,43.0,142.43,0.0,1.0,0,66.72,30.0,17.0,126.16,4.0,2.0,1,1,2.0,1.791759469228055,5.8139812669542765,0.4265009731995808,0,1.0,0.5042107415522008,0.016843364401203518,True
1408,대조,0,25.0,5.0,83.36,38.0,5.0,12.870000000000001,0.0,0.0,0,115.17,79.0,49.0,231.06,11.0,25.0,1,1,25.0,1.791759469228055,4.435093355610574,0.15439059500959695,0,0.0,0.36771762804939806,-0.542020756877653,True
1409,처치,1,6.0,9.0,519.65,237.0,59.0,148.26,0.0,0.0,0,169.13,65.0,61.0,535.75,11.0,6.0,1,1,6.0,2.302585092994046,6.255078030975905,0.2853074184547291,0,0.0,0.5447328002164455,0.17941090074967028,True
1412,처치,1,1.0,12.0,784.35,356.0,67.0,199.14000000000001,0.0,1.0,1,109.34,43.0,36.0,373.98,8.0,1.0,1,1,1.0,2.5649493574615367,6.666129478289041,0.25389175750621534,0,1.0,0.7269815326963801,0.9793616364447372,True
1417,대조,0,6.0,9.0,448.89,34905.0,84.0,204.46,0.0,0.0,0,304.02,181.0,76.0,915.04,15.0,6.0,1,1,6.0,2.302585092994046,6.109003108438508,0.45547907059635995,0,0.0,0.5335151568525563,0.13426195137256625,True
1418,처치,1,3.0,5.0,259.12,95.0,26.0,70.98,0.0,0.0,1,23.43,7.0,7.0,106.96000000000001,4.0,3.0,1,1,3.0,1.791759469228055,5.5611430630009515,0.2739271380055573,0,0.0,0.4865885608905847,-0.053658627441107436,True
1419,대조,0,1.0,87.0,1236.19,32722.0,130.0,442.64,0.0,0.0,1,286.77,101.0,68.0,534.13,21.0,1.0,1,1,1.0,4.477336814478207,7.120597958010709,0.3580679345408068,0,0.0,0.876546577088882,1.9601259002993865,True
1420,대조,0,32.0,13.0,1072.07,423.0,218.0,729.62,0.0,2.0,0,208.73,89.0,62.0,361.28,6.0,32.0,1,1,32.0,2.6390573296152584,6.97827897815426,0.6805712313561615,0,2.0,0.7713364325788431,1.215872851699836,True
1421,처치,1,2.0,28.0,791.37,106080.0,80.0,231.24,1.0,3.0,1,115.03,55.0,39.0,428.55,15.0,2.0,1,1,2.0,3.367295829986474,6.675028454440866,0.29220213048258087,1,3.0,0.8756838488123414,1.9521771953880356,True
1423,처치,1,7.0,18.0,249.19,175.0,25.0,72.91,0.0,0.0,1,21.98,37.0,8.0,75.36,8.0,7.0,1,1,7.0,2.9444389791664403,5.522220629208489,0.2925879850716321,0,0.0,0.6543974412052099,0.6384254343195529,True
1424,처치,1,14.0,6.0,60.18,35.0,18.0,34.4,0.0,0.0,0,21.14,4.0,4.0,40.3,5.0,14.0,1,1,14.0,1.9459101490553132,4.113820338722757,0.5716184778996344,0,0.0,0.3565619497169164,-0.5903177556908672,True
1426,대조,0,1.0,2.0,64.7,30.0,10.0,40.76,0.0,2.0,0,0.0,0.0,0.0,0.0,0.0,1.0,0,0,1.0,1.0986122886681098,4.185098925490565,0.629984544049459,0,2.0,0.36233089430119986,-0.565261638726591,True
1428,대조,0,5.0,21.0,743.71,56641.0,67.0,214.04,0.0,0.0,1,132.76,68.0,50.0,555.07,22.0,5.0,1,1,5.0,3.091042453358316,6.612994880852574,0.2878003522878541,0,0.0,0.7334423082731506,1.0121582423758713,True
1431,처치,1,1.0,16.0,308.44,105.0,15.0,58.52,0.0,0.0,0,25.4,11.0,9.0,85.06,7.0,1.0,1,1,1.0,2.833213344056216,5.734764212264929,0.18972895863052783,0,0.0,0.5846612410830817,0.3419381306346583,True
1437,처치,1,5.0,14.0,957.2,523.0,187.0,490.73,0.0,0.0,1,153.1,69.0,63.0,324.81,7.0,5.0,1,1,5.0,2.70805020110221,6.865056524449022,0.5126723777684914,0,0.0,0.6991529749398385,0.8432676533901329,True
1440,대조,0,7.0,5.0,117.50999999999999,3685.0,17.0,46.72,0.0,0.0,0,65.17,33.0,27.0,272.58,15.0,7.0,1,1,7.0,1.791759469228055,4.774997345200357,0.3975831844098375,0,0.0,0.3719364763526575,-0.523918236458619,True
1443,처치,1,4.0,20.0,231.16,86.0,7.0,16.130000000000003,0.0,0.0,1,12.49,3.0,3.0,105.58,8.0,4.0,1,1,4.0,3.044522437723423,5.447426789135878,0.06977850839245546,0,0.0,0.6626287254561655,0.675030812762666,True
1446,처치,1,2.0,10.0,658.13,299.0,87.0,260.5,0.0,0.0,0,48.69,22.0,18.0,187.29000000000002,4.0,2.0,1,1,2.0,2.3978952727983707,6.490920783636389,0.39581845532037746,0,0.0,0.5699184903291334,0.2815186030826432,True
1447,대조,0,13.0,5.0,65.71000000000001,18.0,6.0,14.68,0.0,0.0,0,0.0,0.0,0.0,18.54,2.0,13.0,0,1,13.0,1.791759469228055,4.200354866721424,0.22340587429614972,0,0.0,0.34282600295900284,-0.6507257806476693,True
1448,대조,0,1.0,27.0,515.65,3854.0,13.0,84.62,0.0,0.0,0,76.14,31.0,17.0,310.57,18.0,1.0,1,1,1.0,3.332204510175204,6.247365662660364,0.16410355861533987,0,0.0,0.6854147304386053,0.7787689341762458,True
1451,처치,1,1.0,41.0,822.62,81077.0,85.0,248.46,1.0,1.0,1,356.48,152.0,98.0,763.59,29.0,1.0,1,1,1.0,3.7376696182833684,6.713709258491623,0.30203496146458875,1,1.0,0.8346432894174924,1.618899412559461,True
1456,대조,0,6.0,11.0,383.88,178.0,51.0,152.48,0.0,0.0,0,53.05,15.0,12.0,149.85999999999999,8.0,6.0,1,1,6.0,2.4849066497880004,5.952931597391198,0.39720746066479107,0,0.0,0.550644912690966,0.20327674430925402,True
1458,처치,1,5.0,13.0,328.5,152.0,52.0,136.32,0.0,0.0,0,91.75,49.0,35.0,180.48,8.0,5.0,1,1,5.0,2.6390573296152584,5.797576353942562,0.41497716894977166,0,0.0,0.5620330620600074,0.2494172540794797,True
1459,처치,1,29.0,14.0,734.01,263.0,101.0,379.85,0.0,0.0,0,203.76,70.0,51.0,411.93,9.0,29.0,1,1,29.0,2.70805020110221,6.59988410456246,0.5174997615836296,0,0.0,0.6431782922995468,0.5891857289381252,True
1460,대조,0,8.0,7.0,396.67,136.0,64.0,197.39000000000001,0.0,1.0,0,109.65,51.0,48.0,274.64,5.0,8.0,1,1,8.0,2.0794415416798357,5.985622515624349,0.4976176670784279,0,1.0,0.5631686511228776,0.25403194996316186,True
1462,처치,1,1.0,16.0,721.71,10512.0,176.0,394.39,0.0,0.0,1,110.79,46.0,38.0,185.66,9.0,1.0,1,1,1.0,2.833213344056216,6.583008035193344,0.5464660320627398,0,0.0,0.6956512546719091,0.8266742314152984,True
1463,처치,1,1.0,18.0,447.12,77773.0,30.0,76.7,0.0,2.0,0,63.18,30.0,21.0,226.66,6.0,1.0,1,1,1.0,2.9444389791664403,6.105061053690522,0.17154231526212202,0,2.0,0.7445214878401509,1.0696034088451214,True
1464,처치,1,2.0,10.0,258.39,152.0,62.0,161.48,0.0,0.0,0,103.9,53.0,41.0,178.68,5.0,2.0,1,1,2.0,2.3978952727983707,5.558332720638098,0.6249467858663261,0,0.0,0.5057341349035988,0.022937545240918837,True
1467,대조,0,1.0,138.0,340.05,300.0,15.0,54.38,0.0,0.0,1,51.07,31.0,30.0,238.14000000000001,110.0,1.0,1,1,1.0,4.9344739331306915,5.8320290941007285,0.15991765916776945,0,0.0,0.8691897573933924,1.8938137210187862,True
1468,대조,0,3.0,1.0,106.87,31.0,9.0,27.91,0.0,1.0,1,257.53000000000003,112.0,94.0,642.28,11.0,3.0,1,1,3.0,0.6931471805599453,4.680926798387338,0.2611584167680359,0,1.0,0.3394504658096356,-0.6657440831447253,True
1470,처치,1,16.0,21.0,303.86,26290.0,23.0,65.67,0.0,2.0,1,32.48,20.0,11.0,112.85,7.0,16.0,1,1,16.0,3.091042453358316,5.719852654833695,0.21611926545119461,0,2.0,0.7982285820647951,1.3752595378381711,True
1474,대조,0,16.0,9.0,357.66,143.0,32.0,197.91,0.0,0.0,1,4.68,2.0,2.0,63.769999999999996,3.0,16.0,1,1,16.0,2.302585092994046,5.882374864520278,0.5533467539003523,0,0.0,0.5926864773492652,0.3750823383786382,True
1479,대조,0,2.0,105.0,1162.14,545.0,100.0,227.38,0.0,0.0,1,82.95,56.0,46.0,424.72,49.0,2.0,1,1,2.0,4.663439094112067,7.058878523605674,0.19565628925946957,0,0.0,0.8873510734920584,2.063964565365682,True
1481,대조,0,3.0,29.0,638.95,3956.0,62.0,142.33,0.0,0.0,1,19.490000000000002,8.0,8.0,192.8,18.0,3.0,1,1,3.0,3.4011973816621555,6.4613900483018005,0.2227560842006417,0,0.0,0.7598377596966873,1.151790240188375,True
1483,처치,1,36.0,8.0,456.6,8171.0,68.0,228.51,0.0,1.0,1,93.39,42.0,38.0,260.94,7.0,36.0,1,1,36.0,2.1972245773362196,6.125995440065588,0.5004599211563732,0,1.0,0.6752439811568713,0.7319998899766331,True
1484,대조,0,5.0,11.0,261.21,132.0,41.0,83.55,0.0,0.0,1,102.85,59.0,46.0,339.8,15.0,5.0,1,1,5.0,2.4849066497880004,5.569145709427657,0.31985758585046514,0,0.0,0.5910473184967541,0.3682966231356523,True
1485,처치,1,8.0,7.0,218.47,62.0,13.0,52.18,0.0,1.0,1,23.1,8.0,7.0,118.02,6.0,8.0,1,1,8.0,2.0794415416798357,5.391215548914767,0.23884286172014466,0,1.0,0.5920201055835541,0.37232270164280956,True
1488,처치,1,5.0,10.0,470.93,4712.0,72.0,166.79,0.0,0.0,1,83.99,49.0,38.0,212.87,8.0,5.0,1,1,5.0,2.3978952727983707,6.156830669502523,0.35417153292421377,0,0.0,0.6161097890980887,0.47306857410962805,True
1489,처치,1,2.0,80.0,2436.9900000000002,95003.0,287.0,791.95,0.0,1.0,0,355.2,201.0,129.0,1127.49,40.0,2.0,1,1,2.0,4.394449154672439,7.798929208310081,0.3249705579423797,0,1.0,0.8917833147024294,2.109087619883449,True
1490,처치,1,1.0,14.0,380.40000000000003,29521.0,42.0,153.38,0.0,2.0,0,152.4,52.0,44.0,365.85,16.0,1.0,1,1,1.0,2.70805020110221,5.943848693166319,0.4032071503680336,0,2.0,0.7062010639098238,0.8770043474918788,True
1492,처치,1,2.0,16.0,223.84,102.0,48.0,135.22,0.0,1.0,1,58.54,28.0,20.0,132.89,10.0,2.0,1,1,2.0,2.833213344056216,5.415389038133874,0.6040922087205146,0,1.0,0.688900507176151,0.794984085175468,True
1493,처치,1,57.0,4.0,92.12,47.0,20.0,52.43,0.0,0.0,0,6.0,6.0,2.0,19.25,1.0,57.0,1,1,57.0,1.6094379124341003,4.533888983983128,0.5691489361702128,0,0.0,0.372035289399016,-0.5234952578290669,True
1494,처치,1,2.0,14.0,513.46,269.0,75.0,189.84,0.0,0.0,1,59.38,29.0,24.0,168.07,5.0,2.0,1,1,2.0,2.70805020110221,6.243117806867907,0.3697269504927355,0,0.0,0.6615586983891104,0.670248044938188,True
1495,대조,0,2.0,23.0,310.47,235.0,69.0,127.67999999999999,0.0,0.0,0,29.26,22.0,20.0,95.41,11.0,2.0,1,1,2.0,3.1780538303479458,5.741303025403381,0.41124746352304564,0,0.0,0.6331354990570202,0.5456918851378517,True
1499,처치,1,11.0,11.0,307.29,13915.0,24.0,106.23,0.0,0.0,1,95.46000000000001,54.0,32.0,232.0,9.0,11.0,1,1,11.0,2.4849066497880004,5.731040898427028,0.3456995020989944,0,0.0,0.6064772262859316,0.4325282373415786,True
1501,처치,1,3.0,28.0,1067.75,128471.0,97.0,258.09000000000003,0.0,0.0,0,183.45000000000002,81.0,68.0,748.6,14.0,3.0,1,1,3.0,3.367295829986474,6.97424502025097,0.24171388433622107,0,0.0,0.7309840318296759,0.9996208761609376,True
1502,처치,1,1.0,6.0,100.61,38.0,6.0,12.94,0.0,3.0,0,9.21,6.0,5.0,27.89,1.0,1.0,1,1,1.0,1.9459101490553132,4.62114195549779,0.1286154457807375,0,3.0,0.5880980302064728,0.3561082683973561,True
1505,처치,1,7.0,9.0,634.26,256.0,68.0,156.04,0.0,0.0,1,75.31,39.0,38.0,296.1,9.0,7.0,1,1,7.0,2.302585092994046,6.454034363910296,0.24601898275155298,0,0.0,0.6240894476780292,0.5069424814060836,True
1506,대조,0,14.0,16.0,305.04,185.0,41.0,123.39,0.0,0.0,0,95.01,38.0,36.0,155.4,10.0,14.0,1,1,14.0,2.833213344056216,5.723715812363651,0.4045043273013375,0,0.0,0.593478764639698,0.3783652663948752,True
1508,대조,0,2.0,7.0,178.83,82.0,24.0,71.56,0.0,1.0,0,52.63,34.0,21.0,141.54,6.0,2.0,1,1,2.0,2.0794415416798357,5.192011960177106,0.4001565732818878,0,1.0,0.5056226505912259,0.022491550466699567,True
1509,대조,0,1.0,33.0,895.59,55822.0,71.0,247.92000000000002,0.0,0.0,1,151.63,46.0,43.0,571.83,14.0,1.0,1,1,1.0,3.5263605246161616,6.798598678413547,0.2768230998559609,0,0.0,0.7872014376673692,1.3081381705524833,True
1510,대조,0,2.0,194.0,1535.15,81525.0,136.0,284.48,0.0,0.0,0,194.14,93.0,85.0,800.51,89.0,2.0,1,1,2.0,5.272999558563747,7.3370345651895565,0.18531088167280071,0,0.0,0.9032814349638981,2.23422880155783,True
1511,처치,1,1.0,26.0,571.19,309.0,102.0,261.14,0.0,0.0,0,179.26,107.0,62.0,395.5,14.0,1.0,1,1,1.0,3.295836866004329,6.349471104056445,0.45718587510285535,0,0.0,0.6844588403729889,0.7743393801045886,True
1512,대조,0,2.0,12.0,377.31,14926.0,37.0,90.57,0.0,1.0,0,1.8399999999999999,2.0,2.0,74.21,6.0,2.0,1,1,2.0,2.5649493574615367,5.935713965336663,0.2400413453128727,0,1.0,0.6266874997072494,0.5180321395402824,True
1515,처치,1,1.0,20.0,798.89,328.0,63.0,192.91,0.0,0.0,0,153.71,48.0,40.0,420.47,9.0,1.0,1,1,1.0,3.044522437723423,6.684474218213936,0.24147254315362565,0,0.0,0.6729746481068345,0.7216699623428766,True
1517,처치,1,1.0,17.0,465.48,254.0,80.0,218.06,0.0,0.0,1,164.2,74.0,53.0,391.13,11.0,1.0,1,1,1.0,2.8903717578961645,6.145215146913901,0.468462662198161,0,0.0,0.678276399163643,0.7458620788217641,True
1518,대조,0,7.0,6.0,107.22,44.0,14.0,45.88,0.0,1.0,0,45.97,18.0,13.0,65.77,4.0,7.0,1,1,7.0,1.9459101490553132,4.684166192214589,0.42790524155941057,0,1.0,0.45592876142478755,-0.17674361918121387,True
1520,처치,1,6.0,17.0,524.15,109567.0,51.0,87.35,0.0,0.0,0,58.89,39.0,26.0,301.07,11.0,6.0,1,1,6.0,2.8903717578961645,6.263683936068785,0.16665076790994943,0,0.0,0.6311284375534074,0.5370608736720239,True
1526,처치,1,1.0,27.0,435.01,235.0,82.0,179.61,0.0,0.0,0,79.73,43.0,37.0,306.41,19.0,1.0,1,1,1.0,3.332204510175204,6.07766517886583,0.4128870600675847,0,0.0,0.673608173998273,0.724550017760519,True
1528,처치,1,6.0,30.0,1266.89,39009.0,141.0,373.25,0.0,3.0,1,125.42,64.0,53.0,563.94,13.0,6.0,1,1,6.0,3.4339872044851463,7.145109380445461,0.2946191066311992,0,3.0,0.9007011867085063,2.205039936089611,True
1529,처치,1,1.0,39.0,1394.75,112507.0,119.0,393.57,0.0,1.0,1,214.65,93.0,66.0,686.98,17.0,1.0,1,1,1.0,3.6888794541139363,7.24118718419047,0.28217960207922566,0,1.0,0.8587012873244593,1.8045449377599045,True
1530,대조,0,5.0,8.0,154.14000000000001,62.0,36.0,89.84,0.0,1.0,0,11.97,3.0,3.0,27.830000000000002,2.0,5.0,1,1,5.0,2.1972245773362196,5.044327935062726,0.582846762683275,0,1.0,0.5144121525308579,0.057664583688296314,True
1532,처치,1,79.0,1.0,58.82000000000001,8.0,0.0,0.0,0.0,0.0,0,0.0,0.0,0.0,0.0,0.0,79.0,0,0,79.0,0.6931471805599453,4.091340053201802,0.0,0,0.0,0.2514249427602709,-1.0910269690364083,True
1535,처치,1,1.0,40.0,1577.91,25916.0,201.0,750.67,0.0,0.0,0,355.14,136.0,116.0,849.5,38.0,1.0,1,1,1.0,3.713572066704308,7.364490014531126,0.47573689247168716,0,0.0,0.7851816938723233,1.2961225651010961,True
1536,처치,1,1.0,24.0,1183.52,70419.0,90.0,329.64,0.0,1.0,1,56.09,20.0,13.0,315.25,8.0,1.0,1,1,1.0,3.2188758248682006,7.0770929082177965,0.2785250777342166,0,1.0,0.8145298981255222,1.479717441526396,True
1537,처치,1,9.0,12.0,217.77,19264.0,4.0,14.55,0.0,0.0,1,61.44,32.0,27.0,175.21,9.0,9.0,1,1,9.0,2.5649493574615367,5.388020949629816,0.06681361069017772,0,0.0,0.5964293736838631,0.3906093266933965,True
1540,처치,1,3.0,24.0,585.91,353.0,79.0,264.44,0.0,0.0,1,123.11,86.0,57.0,294.35,10.0,3.0,1,1,3.0,3.2188758248682006,6.37487148609693,0.45133211585397076,0,0.0,0.7333490743369118,1.0116814069586748,True
1541,처치,1,2.0,9.0,693.63,252.0,82.0,241.76,0.0,1.0,1,107.7,47.0,35.0,376.24,8.0,2.0,1,1,2.0,2.302585092994046,6.543379329702666,0.3485431714314548,0,1.0,0.6878144838983572,0.7899215420827784,True
1542,처치,1,15.0,20.0,310.06,106.0,18.0,65.64,0.0,1.0,0,18.48,7.0,8.0,89.51,6.0,15.0,1,1,15.0,3.044522437723423,5.739985819616414,0.2117009611043024,0,1.0,0.6899323832082476,0.7998032050612383,True
1544,처치,1,30.0,4.0,110.34,53.0,17.0,40.1,0.0,2.0,0,22.310000000000002,9.0,9.0,103.11,1.0,30.0,1,1,30.0,1.6094379124341003,4.7125885827553615,0.36342214971905024,0,2.0,0.4988605178254687,-0.004557936588955227,True
1545,처치,1,1.0,30.0,666.78,286.0,74.0,229.69,0.0,0.0,1,172.82,62.0,52.0,441.32,21.0,1.0,1,1,1.0,3.4339872044851463,6.5039587779745185,0.3444764390053691,0,0.0,0.7633995963957315,1.1714089542244461,True
1546,대조,0,6.0,13.0,697.91,469.0,131.0,291.23,0.0,0.0,0,56.94,31.0,24.0,152.47,6.0,6.0,1,1,6.0,2.6390573296152584,6.54952197857932,0.4172887621613102,0,0.0,0.6118370581312244,0.4550407974416252,True
1547,대조,0,5.0,20.0,181.39,41756.0,3.0,2.59,0.0,0.0,0,14.06,11.0,11.0,176.27,38.0,5.0,1,1,5.0,3.044522437723423,5.206147251575906,0.014278626164617675,0,0.0,0.5857948201443023,0.3466081374218422,True
1548,처치,1,23.0,4.0,89.44,51.0,18.0,38.37,0.0,2.0,0,16.11,6.0,6.0,52.67,3.0,23.0,1,1,23.0,1.6094379124341003,4.504686647409769,0.42900268336314845,0,2.0,0.4780340546095563,-0.08792037313210344,True
1549,처치,1,4.0,18.0,197.52,130.0,58.0,125.34,0.0,2.0,1,84.72,62.0,34.0,179.14000000000001,14.0,4.0,1,1,4.0,2.9444389791664403,5.29088985071924,0.6345686512758202,0,2.0,0.7529966516328856,1.114658888409075,True
1551,대조,0,,0.0,0.0,0.0,0.0,0.0,0.0,1.0,0,0.0,0.0,0.0,0.0,0.0,90.0,0,0,90.0,0.0,0.0,0.0,0,1.0,0.0923978089009727,-2.2847029018973983,True
1555,처치,1,3.0,14.0,295.93,157.0,36.0,108.9,0.0,0.0,0,64.89,27.0,24.0,188.36,8.0,3.0,1,1,3.0,2.70805020110221,5.693496420787701,0.36799243064238163,0,0.0,0.5639212039990952,0.25709158072335675,True
1556,처치,1,5.0,16.0,339.2,213.0,63.0,137.21,0.0,0.0,1,154.59,76.0,68.0,297.64,12.0,5.0,1,1,5.0,2.833213344056216,5.829533679961761,0.4045106132075472,0,0.0,0.6555402719682172,0.6434825544812306,True
1558,대조,0,11.0,15.0,550.85,157.0,47.0,209.17000000000002,0.0,3.0,0,100.9,49.0,31.0,281.4,6.0,11.0,1,1,11.0,2.772588722239781,6.313276270218893,0.3797222474357811,0,3.0,0.7912074682070938,1.3322191312593328,True
1563,처치,1,14.0,15.0,367.2,3951.0,23.0,83.49,0.0,0.0,1,62.29,20.0,21.0,195.21,8.0,14.0,1,1,14.0,2.772588722239781,5.908626268798978,0.22736928104575163,0,0.0,0.6608452244189877,0.6670630904336231,True
1566,대조,0,1.0,44.0,1321.05,49394.0,116.0,336.16,0.0,0.0,1,382.74,133.0,109.0,1272.4,39.0,1.0,1,1,1.0,3.8066624897703196,7.186938841179019,0.25446425192082056,0,0.0,0.8293150424041589,1.5807806059269678,True
1567,처치,1,6.0,12.0,233.64000000000001,143.0,52.0,128.95,0.0,0.0,1,7.01,12.0,7.0,13.99,4.0,6.0,1,1,6.0,2.5649493574615367,5.458052424669195,0.5519174798835815,0,0.0,0.5943167868803978,0.3818398966634915,True
1568,처치,1,2.0,7.0,442.81,202.0,55.0,215.72,0.0,1.0,1,155.29,65.0,43.0,362.53,12.0,2.0,1,1,2.0,2.0794415416798357,6.095396542917012,0.4871615365506651,0,1.0,0.6298051655223756,0.531381063765813,True
1569,대조,0,18.0,14.0,159.55,123.0,52.0,82.41,0.0,2.0,0,45.86,33.0,27.0,99.32000000000001,5.0,18.0,1,1,18.0,2.70805020110221,5.078605420535523,0.5165151989971795,0,2.0,0.6685796604906261,0.7017680748708849,True
1572,대조,0,,0.0,0.0,0.0,0.0,0.0,0.0,0.0,1,23.740000000000002,11.0,9.0,34.230000000000004,2.0,90.0,1,1,90.0,0.0,0.0,0.0,0,0.0,0.09144392020011459,-2.296130723436789,True
1575,대조,0,3.0,10.0,327.52,188.0,75.0,121.84,0.0,0.0,0,148.08,86.0,70.0,237.58,7.0,3.0,1,1,3.0,2.3978952727983707,5.794597718871992,0.3720078163165608,0,0.0,0.5246781924882462,0.09879304382102168,True
1577,대조,0,3.0,13.0,792.56,15198.0,94.0,271.02,0.0,0.0,0,81.5,31.0,31.0,215.59,6.0,3.0,1,1,3.0,2.6390573296152584,6.676529151474571,0.3419551832037953,0,0.0,0.6179785118727563,0.4809768277542421,True
1578,대조,0,1.0,14.0,540.13,12828.0,55.0,141.4,0.0,0.0,1,33.12,18.0,16.0,119.63,6.0,1.0,1,1,1.0,2.70805020110221,6.293659545728696,0.26178882861533337,0,0.0,0.6646230407445098,0.6839648731959037,True
1579,처치,1,1.0,82.0,1780.19,113579.0,204.0,451.99,0.0,2.0,0,220.29,89.0,73.0,857.03,33.0,1.0,1,1,1.0,4.418840607796598,7.485036959239109,0.25389986462119213,0,2.0,0.9104122180505319,2.3186785353004296,True
1580,대조,0,4.0,33.0,271.94,3872.0,89.0,105.62,0.0,0.0,1,92.75,91.0,81.0,218.46,28.0,4.0,1,1,4.0,3.5263605246161616,5.609251990809968,0.38839449878649707,0,0.0,0.730157526542677,0.9954219435512953,True
1581,대조,0,,0.0,0.0,0.0,0.0,0.0,0.0,0.0,0,112.51,53.0,32.0,318.3,5.0,90.0,1,1,90.0,0.0,0.0,0.0,0,0.0,0.0714101617566582,-2.5652269516917934,True
1584,처치,1,1.0,68.0,1670.49,171210.0,129.0,442.64,0.0,2.0,0,133.77,42.0,42.0,495.36,35.0,1.0,1,1,1.0,4.23410650459726,7.421470723191943,0.2649761447240031,0,2.0,0.8994223675473738,2.190822851918458,True
1585,처치,1,1.0,24.0,1203.47,77621.0,115.0,387.46000000000004,0.0,0.0,1,123.46000000000001,47.0,46.0,462.74,12.0,1.0,1,1,1.0,3.2188758248682006,7.093794915144502,0.3219523544417393,0,0.0,0.7689123232873615,1.202179757696563,True
1586,처치,1,6.0,16.0,448.7,178.0,41.0,89.56,0.0,1.0,0,3.13,1.0,1.0,101.02,4.0,6.0,1,1,6.0,2.833213344056216,6.108580693776662,0.199598841096501,0,1.0,0.6771276212629915,0.7406026322602339,True
1587,대조,0,24.0,12.0,183.29,13897.0,17.0,36.64,0.0,0.0,0,1.23,1.0,1.0,12.8,3.0,24.0,1,1,24.0,2.5649493574615367,5.216510603843946,0.19990179496972013,0,0.0,0.5311704063974447,0.1248435232063964,True
1588,처치,1,2.0,34.0,628.01,306.0,94.0,231.79,0.0,0.0,1,146.13,63.0,54.0,398.36,23.0,2.0,1,1,2.0,3.5553480614894135,6.444147154825257,0.3690864795146574,0,0.0,0.7739240911360004,1.2306029725060583,True
1592,대조,0,61.0,2.0,95.77,23.0,2.0,9.98,0.0,0.0,0,0.0,0.0,0.0,27.82,3.0,61.0,0,1,61.0,1.0986122886681098,4.572337028892851,0.1042079983293307,0,0.0,0.31261794959155026,-0.7879084151224974,True
1593,처치,1,7.0,4.0,188.2,102.0,30.0,66.08,0.0,0.0,0,139.96,67.0,43.0,243.0,3.0,7.0,1,1,7.0,1.6094379124341003,5.2428046566177775,0.35111583421891607,0,0.0,0.37624355908330265,-0.5055232759302841,True
1594,대조,0,2.0,13.0,335.59,7823.0,29.0,97.46000000000001,0.0,0.0,0,65.6,31.0,19.0,138.29,4.0,2.0,1,1,2.0,2.6390573296152584,5.81886557246215,0.29041389791114164,0,0.0,0.5618424108455361,0.24864276456721773,True
1595,처치,1,6.0,24.0,659.78,67857.0,48.0,151.9,0.0,0.0,1,117.31,34.0,30.0,419.68,9.0,6.0,1,1,6.0,3.2188758248682006,6.493420955404908,0.23022825790414989,0,0.0,0.7430727817593263,1.062001149247635,True
1598,처치,1,3.0,57.0,1774.74,62604.0,194.0,660.05,0.0,1.0,0,703.96,282.0,194.0,1559.57,51.0,3.0,1,1,3.0,4.060443010546419,7.481972516438721,0.3719136324193966,0,1.0,0.8613193643714165,1.8262916540422474,True
1599,처치,1,2.0,16.0,883.53,524.0,168.0,396.08,0.0,0.0,0,267.56,118.0,92.0,529.35,11.0,2.0,1,1,2.0,2.833213344056216,6.785056430492151,0.44829264427919824,0,0.0,0.6499642175093523,0.6188819264434524,True
1601,처치,1,49.0,2.0,55.83,19.0,7.0,13.42,0.0,1.0,0,57.31,33.0,29.0,161.97,1.0,49.0,1,1,49.0,1.0986122886681098,4.04006435530903,0.24037255955579437,0,1.0,0.33217116913236816,-0.6983814937532212,True
1604,처치,1,2.0,30.0,144.76,95.0,34.0,67.22,0.0,0.0,1,19.31,9.0,8.0,62.39,16.0,2.0,1,1,2.0,3.4339872044851463,4.981961433511648,0.4643547941420282,0,0.0,0.6817431092360926,0.7617940249601844,True
1605,대조,0,41.0,2.0,42.4,32.0,9.0,10.88,0.0,0.0,0,38.22,19.0,17.0,106.11,17.0,41.0,1,1,41.0,1.0986122886681098,3.770459441106359,0.2566037735849057,0,0.0,0.2533647611945896,-1.0807465701446637,True
1607,처치,1,13.0,19.0,952.62,445.0,16.0,62.71,0.0,2.0,0,32.58,20.0,11.0,259.44,9.0,13.0,1,1,13.0,2.995732273553991,6.860265269245514,0.06582897692679138,0,2.0,0.7941483816508333,1.3501147124674087,True
1609,대조,0,1.0,51.0,4660.36,296948.0,271.0,811.08,0.0,0.0,1,466.23,205.0,148.0,2115.7400000000002,33.0,1.0,1,1,1.0,3.9512437185814275,8.447062530034641,0.17403805714579992,0,0.0,0.8817015379041083,2.0086428354750816,True
1613,처치,1,1.0,20.0,1022.08,441.0,121.0,496.95,0.0,3.0,0,285.15,139.0,77.0,634.96,13.0,1.0,1,1,1.0,3.044522437723423,6.930572964262583,0.4862143863494051,0,3.0,0.8349216830663001,1.620917918343231,True
1615,처치,1,18.0,4.0,50.79,23.0,9.0,12.59,0.0,0.0,0,83.11,12.0,9.0,146.89000000000001,6.0,18.0,1,1,18.0,1.6094379124341003,3.9471970804358,0.2478834416223666,0,0.0,0.3077734201297447,-0.8105494662614161,True
1617,처치,1,10.0,15.0,956.89,470.0,147.0,491.42,0.0,4.0,0,145.12,51.0,34.0,311.38,3.0,10.0,1,1,10.0,2.772588722239781,6.864732948831274,0.5135595522996373,0,4.0,0.8522962656427032,1.7527257234012317,True
1619,처치,1,5.0,27.0,449.8,49344.0,45.0,101.91,0.0,0.0,0,109.24000000000001,43.0,38.0,571.3100000000001,16.0,5.0,1,1,5.0,3.332204510175204,6.1110237821656215,0.22656736327256558,0,0.0,0.6801304772459902,0.7543714868158642,True
1620,처치,1,2.0,62.0,1639.01,105432.0,180.0,550.45,0.0,2.0,0,281.33,133.0,69.0,817.45,30.0,2.0,1,1,2.0,4.143134726391533,7.402457618360629,0.33584297838329236,0,2.0,0.894022360085335,2.1325026584829363,True
1621,처치,1,7.0,10.0,370.56,203.0,69.0,189.28,0.0,0.0,0,56.12,39.0,29.0,238.0,6.0,7.0,1,1,7.0,2.3978952727983707,5.9177103585193205,0.5107944732297064,0,0.0,0.5353132625327239,0.14148861728517645,True
1622,처치,1,15.0,12.0,287.99,10341.0,39.0,98.89,0.0,2.0,0,130.68,54.0,45.0,351.71000000000004,9.0,15.0,1,1,15.0,2.5649493574615367,5.666392085437642,0.3433799784714747,0,2.0,0.6833960054954566,0.7694227303695736,True
1624,대조,0,1.0,8.0,158.95,60.0,20.0,74.77,0.0,0.0,0,199.96,77.0,53.0,333.4,10.0,1.0,1,1,1.0,2.1972245773362196,5.074861266395527,0.47039949669707454,0,0.0,0.4439439442171645,-0.22517080622325697,True
1627,대조,0,1.0,8.0,232.83,21873.0,17.0,46.47,0.0,0.0,1,143.8,75.0,43.0,418.33,13.0,1.0,1,1,1.0,2.1972245773362196,5.454594355605302,0.19958768199974228,0,0.0,0.5387613889928005,0.15535727738974112,True
1630,처치,1,1.0,24.0,1389.86,460.0,120.0,499.9,0.0,0.0,0,341.40000000000003,104.0,71.0,748.52,13.0,1.0,1,1,1.0,3.2188758248682006,7.237677539841657,0.35967651418128443,0,0.0,0.7252091284246237,0.9704497248933551,True
1631,처치,1,1.0,55.0,2044.95,1166.0,296.0,781.43,0.0,0.0,1,284.29,154.0,108.0,685.1,25.0,1.0,1,1,1.0,4.02535169073515,7.623617508285297,0.38212670236436097,0,0.0,0.8610941435138023,1.8244074283114815,True
1632,대조,0,6.0,8.0,224.48,24237.0,27.0,70.18,0.0,0.0,0,87.71000000000001,52.0,23.0,237.79,6.0,6.0,1,1,6.0,2.1972245773362196,5.418231463213374,0.3126336421952958,0,0.0,0.4726740110319413,-0.10941297574209598,True
1634,처치,1,7.0,9.0,512.7,284.0,65.0,150.92,2.0,2.0,1,53.93,26.0,23.0,237.75,4.0,7.0,1,1,7.0,2.302585092994046,6.241639437473222,0.2943631753462063,1,2.0,0.7184710319950263,0.9368900392072019,True
1639,처치,1,6.0,22.0,365.78,237.0,44.0,115.11,0.0,1.0,0,81.63000000000001,36.0,27.0,236.48,8.0,6.0,1,1,6.0,3.1354942159291497,5.904762213268689,0.31469735906829244,0,1.0,0.7031758401706539,0.8624670797767048,True
1640,처치,1,1.0,24.0,658.9399999999999,70905.0,24.0,86.91,0.0,1.0,0,117.69,47.0,38.0,780.23,27.0,1.0,1,1,1.0,3.2188758248682006,6.49214892179708,0.1318936473730537,0,1.0,0.7423997296659612,1.0584787736736072,True
1642,처치,1,1.0,17.0,225.24,178.0,85.0,151.28,0.0,3.0,0,91.96000000000001,53.0,43.0,137.43,8.0,1.0,1,1,1.0,2.8903717578961645,5.421596382708208,0.671639140472385,0,3.0,0.7533983559547804,1.1168198555297018,True
1646,대조,0,13.0,11.0,124.67,18.0,4.0,19.48,0.0,0.0,0,3.66,2.0,2.0,4.66,1.0,13.0,1,1,13.0,2.4849066497880004,4.833659423627053,0.15625250661747012,0,0.0,0.4840057545761049,-0.06399881687410029,True
1648,처치,1,9.0,25.0,1115.91,94026.0,116.0,396.71,0.0,0.0,1,281.89,166.0,97.0,973.49,21.0,9.0,1,1,9.0,3.258096538021482,7.018321222859731,0.3555035800378166,0,0.0,0.7743409971986054,1.2329873187563787,True
1651,대조,0,5.0,6.0,278.02,92.0,36.0,76.15,0.0,0.0,0,37.09,17.0,15.0,86.26,5.0,5.0,1,1,5.0,1.9459101490553132,5.631283463839962,0.2739011581900583,0,0.0,0.44903131755674286,-0.20458533498710385,True
1653,처치,1,1.0,81.0,2341.1,170169.0,320.0,1084.74,0.0,0.0,1,645.4,308.0,185.0,1448.15,42.0,1.0,1,1,1.0,4.406719247264253,7.758803241794355,0.463346290205459,0,0.0,0.8895169927034892,2.08581688157072,True
1659,처치,1,4.0,24.0,359.34000000000003,232.0,80.0,139.28,0.0,0.0,0,116.11,93.0,76.0,265.23,14.0,4.0,1,1,4.0,3.2188758248682006,5.887048030187554,0.38759948795013077,0,0.0,0.6495996023440759,0.6172796827678356,True
1660,대조,0,30.0,6.0,90.22,30.0,4.0,42.29,0.0,0.0,0,0.0,0.0,0.0,0.0,0.0,30.0,0,0,30.0,1.9459101490553132,4.5132741712835545,0.46874307248947017,0,0.0,0.39609526931016314,-0.42176169346201675,True
1666,대조,0,8.0,11.0,129.76,66.0,6.0,15.61,0.0,0.0,0,65.46000000000001,29.0,22.0,239.6,19.0,8.0,1,1,8.0,2.4849066497880004,4.87336358185601,0.12029901356350185,0,0.0,0.4824836016244466,-0.07009427838879177,True
1667,처치,1,42.0,3.0,36.84,39.0,2.0,3.75,0.0,0.0,0,0.0,0.0,0.0,15.66,2.0,42.0,0,1,42.0,1.3862943611198906,3.6333667441836774,0.1017915309446254,0,0.0,0.281561313246445,-0.9367301339009301,True
1668,처치,1,2.0,10.0,158.12,76.0,9.0,19.17,0.0,1.0,0,58.03,24.0,16.0,327.66,10.0,2.0,1,1,2.0,2.3978952727983707,5.069658634545717,0.12123703516316722,0,1.0,0.5472459308939663,0.18954921656579132,True
1671,대조,0,39.0,2.0,124.71000000000001,71.0,24.0,60.980000000000004,0.0,2.0,0,7.29,4.0,4.0,30.33,2.0,39.0,1,1,39.0,1.0986122886681098,4.83397766692674,0.4889744206559217,0,2.0,0.4380450098408732,-0.24910009071104527,True
1672,처치,1,6.0,6.0,113.65,59.0,13.0,23.44,0.0,0.0,0,0.0,0.0,0.0,64.94,5.0,6.0,0,1,6.0,1.9459101490553132,4.741884009303914,0.2062472503299604,0,0.0,0.39229219428014367,-0.43768722805724425,True
1673,처치,1,3.0,14.0,813.7,19284.0,79.0,270.56,0.0,0.0,0,235.66,93.0,74.0,754.11,14.0,3.0,1,1,3.0,2.70805020110221,6.702819947316597,0.33250583753226004,0,0.0,0.6293890229281742,0.5295966108023525,True
1676,처치,1,14.0,16.0,575.55,29436.0,68.0,181.95000000000002,0.0,1.0,1,102.17,51.0,43.0,440.69,10.0,14.0,1,1,14.0,2.833213344056216,6.357062066217125,0.31613239510033886,0,1.0,0.7504977300677789,1.1012686134340997,True
1678,처치,1,7.0,10.0,343.74,190.0,39.0,123.06,0.0,1.0,1,34.01,10.0,8.0,78.26,4.0,7.0,1,1,7.0,2.3978952727983707,5.842790509726245,0.3580031419095828,0,1.0,0.6629033277637818,0.6762594187928543,True
1685,처치,1,13.0,11.0,72.92,19.0,5.0,6.9399999999999995,0.0,0.0,0,12.0,5.0,5.0,34.56,5.0,13.0,1,1,13.0,2.4849066497880004,4.302983427333428,0.09517279210093252,0,0.0,0.4490485188763878,-0.20451580747621956,True
1686,처치,1,5.0,14.0,163.21,12209.0,16.0,32.3,0.0,0.0,1,29.91,9.0,9.0,116.0,8.0,5.0,1,1,5.0,2.70805020110221,5.101146096503746,0.19790454016298017,0,0.0,0.5938901615672925,0.3800707280531989,True
1689,대조,0,6.0,18.0,575.4300000000001,22819.0,46.0,222.93,0.0,0.0,1,31.71,18.0,14.0,122.18,8.0,6.0,1,1,6.0,2.9444389791664403,6.356853909960411,0.3874146290600073,0,0.0,0.7017965414726038,0.8558675347796456,True
1692,처치,1,6.0,22.0,366.15,296.0,83.0,195.55,0.0,0.0,1,94.22,42.0,31.0,177.52,9.0,6.0,1,1,6.0,3.1354942159291497,5.905770483897619,0.5340707360371433,0,0.0,0.6992480243912516,0.8437195829793742,True
1693,처치,1,2.0,26.0,1336.15,660.0,171.0,402.48,0.0,1.0,1,300.6,136.0,115.0,833.75,20.0,2.0,1,1,2.0,3.295836866004329,7.198295762282399,0.3012236650076713,0,1.0,0.8265108561300236,1.561098026163722,True
1695,대조,0,6.0,18.0,110.84,38.0,8.0,17.8,0.0,0.0,1,25.94,23.0,7.0,79.78,5.0,6.0,1,1,6.0,2.9444389791664403,4.7170692784855,0.16059184409960303,0,0.0,0.6041982730828861,0.4229890144962739,True
1696,처치,1,14.0,9.0,385.49,160.0,56.0,151.69,0.0,0.0,1,69.48,36.0,33.0,259.57,7.0,14.0,1,1,14.0,2.302585092994046,5.957105994471543,0.3934991828581805,0,0.0,0.5971236596777,0.39349456005783773,True
1703,대조,0,2.0,28.0,469.16,195.0,61.0,260.83,0.0,0.0,0,326.89,118.0,76.0,682.09,27.0,2.0,1,1,2.0,3.367295829986474,6.153073062304395,0.5559510614715661,0,0.0,0.68231653677276,0.7644381919482526,True
1705,처치,1,1.0,21.0,266.1,196.0,64.0,102.14,0.0,2.0,0,16.009999999999998,12.0,8.0,134.33,10.0,1.0,1,1,1.0,3.091042453358316,5.587623120115915,0.3838406614054866,0,2.0,0.7331743040286959,1.0107878478781698,True
1707,대조,0,7.0,71.0,480.64,275.0,39.0,78.03,0.0,2.0,1,40.4,10.0,8.0,205.64000000000001,61.0,7.0,1,1,7.0,4.276666119016055,6.177196947024019,0.16234603861517977,0,2.0,0.8980817155149096,2.1760897016878196,True
1708,처치,1,9.0,5.0,472.34000000000003,237.0,62.0,194.54,0.0,0.0,1,81.0,54.0,31.0,175.13,3.0,9.0,1,1,9.0,1.791759469228055,6.159813946335054,0.41186433501291436,0,0.0,0.5309820202717266,0.12408705652101548,True
1709,대조,0,1.0,24.0,603.26,30508.0,47.0,157.23,0.0,0.0,1,47.34,24.0,20.0,134.14000000000001,8.0,1.0,1,1,1.0,3.2188758248682006,6.404004568888109,0.2606338892020024,0,0.0,0.7347593818354852,1.0189056668791239,True
1710,처치,1,4.0,22.0,1799.22,28892.0,148.0,344.67,1.0,3.0,1,156.58,86.0,68.0,778.57,17.0,4.0,1,1,4.0,3.1354942159291497,7.495664158637951,0.1915663454163471,1,3.0,0.8854327156026829,2.044914182636218,True
1717,대조,0,3.0,11.0,143.6,79.0,36.0,94.96,0.0,0.0,0,51.67,27.0,24.0,74.88,7.0,3.0,1,1,3.0,2.4849066497880004,4.973971309724664,0.6612813370473537,0,0.0,0.48006469530280166,-0.07978351309104292,True
1720,처치,1,4.0,24.0,804.85,280.0,63.0,251.61,0.0,0.0,1,132.64000000000001,49.0,45.0,454.65,15.0,4.0,1,1,4.0,3.2188758248682006,6.691897620968727,0.312617257874138,0,0.0,0.7512501363970508,1.1052908397008359,True
1723,처치,1,4.0,13.0,803.8100000000001,147.0,37.0,101.17999999999999,0.0,0.0,0,91.84,32.0,18.0,505.27,6.0,4.0,1,1,4.0,2.6390573296152584,6.690606224715595,0.12587551784625717,0,0.0,0.6214810332998351,0.49583921107196693,True
1729,처치,1,17.0,8.0,293.27,128.0,29.0,81.99,0.0,4.0,0,13.82,4.0,4.0,70.96000000000001,2.0,17.0,1,1,17.0,2.1972245773362196,5.684497713244334,0.2795717257135063,0,4.0,0.7549179082502867,1.1250157897550461,True
1731,처치,1,20.0,7.0,159.16,97.0,20.0,65.44,0.0,2.0,0,27.259999999999998,21.0,10.0,145.16,5.0,20.0,1,1,20.0,2.0794415416798357,5.07617331556691,0.41115858255843174,0,2.0,0.5833011584589328,0.33633986145519607,True
1732,처치,1,3.0,8.0,229.02,111.0,41.0,102.28,0.0,1.0,0,87.95,43.0,40.0,234.8,6.0,3.0,1,1,3.0,2.1972245773362196,5.438166261664436,0.446598550344948,0,1.0,0.5401700045637274,0.16102706724315574,True
1733,대조,0,,0.0,0.0,0.0,0.0,0.0,0.0,2.0,0,0.0,0.0,0.0,0.0,0.0,90.0,0,0,90.0,0.0,0.0,0.0,0,2.0,0.11876486706893664,-2.0041788521030033,True
1735,대조,0,2.0,13.0,398.40000000000003,115.0,33.0,95.95,0.0,0.0,0,167.75,53.0,43.0,560.48,16.0,2.0,1,1,2.0,2.6390573296152584,5.989963420981715,0.24083835341365462,0,0.0,0.5735486177758866,0.2963443387855258,True
1740,처치,1,1.0,79.0,2478.01,11519.0,292.0,869.99,0.0,0.0,1,699.64,349.0,236.0,2140.98,60.0,1.0,1,1,1.0,4.382026634673881,7.815614565911686,0.3510841360607907,0,0.0,0.889948537375439,2.090215539450784,True
1742,처치,1,3.0,50.0,232.21,129.0,23.0,61.95,0.0,0.0,0,82.85,34.0,32.0,202.09,24.0,3.0,1,1,3.0,3.9318256327243257,5.451939335203601,0.26678437621118817,0,0.0,0.7164531597326979,0.926935540493895,True
1744,대조,0,11.0,5.0,36.12,24.0,6.0,13.66,0.0,0.0,0,39.37,20.0,14.0,122.97999999999999,9.0,11.0,1,1,11.0,1.791759469228055,3.6141559079179997,0.3781838316722038,0,0.0,0.3055855701216101,-0.820839105495953,True
1745,처치,1,4.0,22.0,423.4,220.0,78.0,237.91,0.0,3.0,1,182.63,82.0,64.0,306.86,17.0,4.0,1,1,4.0,3.1354942159291497,6.050676406739828,0.5619036372224847,0,3.0,0.8476220478106122,1.7160708759889092,True
1746,처치,1,2.0,13.0,416.25,136.0,24.0,123.19,0.0,0.0,0,72.34,18.0,9.0,294.94,7.0,2.0,1,1,2.0,2.6390573296152584,6.033685562541945,0.29595195195195195,0,0.0,0.5759546638165008,0.30618857446932,True
1747,처치,1,5.0,18.0,712.69,40180.0,69.0,288.82,0.0,2.0,0,18.009999999999998,9.0,7.0,109.46000000000001,5.0,5.0,1,1,5.0,2.9444389791664403,6.570448694389438,0.4052533359525179,0,2.0,0.768704074706992,1.2010081245810194,True
1751,대조,0,2.0,33.0,1085.63,565.0,118.0,364.2,0.0,0.0,1,269.85,128.0,88.0,697.13,25.0,2.0,1,1,2.0,3.5263605246161616,6.99083644279207,0.33547341175170176,0,0.0,0.7959837182095897,1.3613789277671786,True
1754,처치,1,1.0,32.0,576.47,25887.0,99.0,239.52,0.0,2.0,0,157.54,103.0,41.0,473.29,17.0,1.0,1,1,1.0,3.4965075614664802,6.358656492994654,0.4154943015247975,0,2.0,0.8114117226034607,1.4592093856833799,True
1758,대조,0,9.0,15.0,496.27,206.0,61.0,190.95000000000002,0.0,0.0,0,135.65,66.0,46.0,392.7,11.0,9.0,1,1,9.0,2.772588722239781,6.2091331381419215,0.3847703870876741,0,0.0,0.6118932220829502,0.45527729098973285,True
1761,대조,0,11.0,5.0,253.94,109.0,35.0,126.28,0.0,0.0,0,94.53,41.0,31.0,181.44,3.0,11.0,1,1,11.0,1.791759469228055,5.541028223354775,0.49728282271402696,0,0.0,0.42382952821626824,-0.3070722565748125,True
1762,처치,1,3.0,52.0,2153.51,281742.0,197.0,556.75,0.0,1.0,1,356.85,186.0,140.0,1223.99,25.0,3.0,1,1,3.0,3.970291913552122,7.675318598493253,0.25853142079674574,0,1.0,0.8906509237072116,2.097407270520563,True
1763,처치,1,2.0,33.0,754.87,247.0,60.0,165.14,0.0,1.0,0,64.62,23.0,17.0,570.8,18.0,2.0,1,1,2.0,3.5263605246161616,6.62786940372116,0.21876614516406798,0,1.0,0.7823288783922349,1.2792899055350553,True
1765,대조,0,14.0,8.0,730.0600000000001,358.0,100.0,248.85,0.0,0.0,1,87.13,34.0,31.0,329.88,3.0,14.0,1,1,14.0,2.1972245773362196,6.5944955357248185,0.3408623948716544,0,0.0,0.6233213596402172,0.5036698007638576,True
1767,처치,1,1.0,121.0,2776.7400000000002,8828.0,395.0,1200.09,0.0,1.0,0,165.9,86.0,61.0,597.48,51.0,1.0,1,1,1.0,4.804021044733257,7.929392926421638,0.4321938676289461,0,1.0,0.9154118168019996,2.381579458685102,True
1768,대조,0,7.0,18.0,353.94,6760.0,61.0,157.2,0.0,0.0,0,45.71,17.0,14.0,169.86,11.0,7.0,1,1,7.0,2.9444389791664403,5.8719487611064185,0.44414307509747414,0,0.0,0.6125590799251295,0.45808202194120184,True
1769,처치,1,1.0,21.0,976.91,15114.0,86.0,321.59000000000003,0.0,2.0,0,216.83,74.0,53.0,527.99,11.0,1.0,1,1,1.0,3.091042453358316,6.885417641260422,0.32919102066720585,0,2.0,0.7960015370207937,1.361488657372987,True
1772,처치,1,9.0,17.0,371.05,150.0,57.0,109.71,0.0,1.0,0,26.53,17.0,16.0,69.87,2.0,9.0,1,1,9.0,2.8903717578961645,5.91902825384327,0.2956744374073575,0,1.0,0.6750890515044362,0.7312934701709206,True
1774,처치,1,5.0,7.0,457.98,234.0,36.0,107.92,0.0,0.0,0,121.08,41.0,32.0,355.81,5.0,5.0,1,1,5.0,2.0794415416798357,6.129006636126466,0.2356434778811302,0,0.0,0.5025758888086393,0.010303646390918632,True
1777,처치,1,2.0,10.0,133.91,56.0,10.0,27.73,0.0,0.0,0,11.940000000000001,4.0,3.0,58.620000000000005,3.0,2.0,1,1,2.0,2.3978952727983707,4.904607889450726,0.20707938167425885,0,0.0,0.4654785089952164,-0.13830600925713382,True
1779,처치,1,13.0,12.0,431.8,271.0,90.0,216.39000000000001,0.0,2.0,1,163.3,90.0,78.0,362.21,9.0,13.0,1,1,13.0,2.5649493574615367,6.070275727532271,0.5011347846225105,0,2.0,0.7566515284623941,1.134408359832209,True
1781,처치,1,9.0,11.0,394.4,22073.0,37.0,102.23,0.0,0.0,0,34.9,18.0,16.0,214.03,10.0,9.0,1,1,9.0,2.4849066497880004,5.979897910736517,0.25920385395537526,0,0.0,0.5562869445849642,0.22610616658535374,True
1783,대조,0,1.0,6.0,277.93,131.0,47.0,116.05,0.0,3.0,0,95.58,55.0,43.0,318.62,7.0,1.0,1,1,1.0,1.9459101490553132,5.630960854284337,0.41755118195229013,0,3.0,0.6496545083279834,0.6175209092658712,True
1784,대조,0,33.0,4.0,183.78,66.0,24.0,87.0,0.0,1.0,0,67.03,43.0,20.0,157.15,5.0,33.0,1,1,33.0,1.6094379124341003,5.2191659282425995,0.4733920992491022,0,1.0,0.46457764217064884,-0.14192719289881792,True
1785,대조,0,9.0,10.0,366.84,215.0,67.0,144.4,0.0,0.0,1,9.66,5.0,5.0,44.41,3.0,9.0,1,1,9.0,2.3978952727983707,5.907648061014871,0.3936321011885291,0,0.0,0.6032771378642993,0.4191387329394347,True
1791,처치,1,2.0,20.0,431.54,12374.0,79.0,215.84,0.0,0.0,1,80.57,37.0,32.0,296.11,15.0,2.0,1,1,2.0,3.044522437723423,6.069674807644542,0.500162209760393,0,0.0,0.6942738861833155,0.8201768830659076,True
1792,처치,1,,0.0,0.0,0.0,0.0,0.0,0.0,0.0,0,0.0,0.0,0.0,0.0,0.0,90.0,0,0,90.0,0.0,0.0,0.0,0,0.0,0.0714101617566582,-2.5652269516917934,True
1793,대조,0,1.0,8.0,194.91,128.0,19.0,41.21,0.0,0.0,0,26.439999999999998,18.0,14.0,154.68,8.0,1.0,1,1,1.0,2.1972245773362196,5.277655370099941,0.2114309168334103,0,0.0,0.4596616464098884,-0.16170485651129074,True
1794,대조,0,8.0,12.0,607.35,273.0,28.0,99.79,0.0,0.0,0,64.5,26.0,25.0,363.03,8.0,8.0,1,1,8.0,2.5649493574615367,6.410750374233458,0.16430394336050053,0,0.0,0.5961425543217159,0.389417865108285,True
1795,처치,1,1.0,159.0,1236.59,722.0,258.0,634.29,0.0,1.0,1,407.57,219.0,180.0,917.47,91.0,1.0,1,1,1.0,5.075173815233827,7.1209212190710724,0.512934764149799,0,1.0,0.9303847788768749,2.592615003579993,False
1796,대조,0,8.0,8.0,147.7,6759.0,20.0,56.62,0.0,0.0,1,52.73,35.0,19.0,226.07,4.0,8.0,1,1,8.0,2.1972245773362196,5.001930853466109,0.3833446174678402,0,0.0,0.5131347889406119,0.052551246363655116,True
1797,처치,1,3.0,16.0,627.3100000000001,259.0,120.0,351.66,0.0,0.0,1,193.12,86.0,77.0,326.26,11.0,3.0,1,1,3.0,2.833213344056216,6.443033675245956,0.5605840812357527,0,0.0,0.6890686982512547,0.7957689801495351,True
1798,대조,0,31.0,5.0,389.18,177.0,65.0,141.07,0.0,0.0,0,62.61,31.0,30.0,125.15,3.0,31.0,1,1,31.0,1.791759469228055,5.966608171109115,0.36248008633537177,0,0.0,0.4710372507186423,-0.11598083267768697,True
1800,처치,1,4.0,8.0,261.24,103337.0,4.0,4.29,0.0,0.0,1,131.18,67.0,42.0,529.86,9.0,4.0,1,1,4.0,2.1972245773362196,5.56926011499552,0.016421681212677997,0,0.0,0.5506557343273971,0.20332047965931763,True
1802,대조,0,2.0,8.0,552.92,247.0,42.0,180.13,0.0,1.0,1,118.25,38.0,35.0,389.04,3.0,2.0,1,1,2.0,2.1972245773362196,6.317020271987844,0.3257794979382189,0,1.0,0.6608114365422244,0.6669123420447959,True
1803,처치,1,4.0,32.0,2236.49,952.0,97.0,471.27,0.0,3.0,1,121.58,37.0,29.0,1063.34,17.0,4.0,1,1,4.0,3.4965075614664802,7.71310998086528,0.21071858134845228,0,3.0,0.9161199791995371,2.390759883743163,True
1804,처치,1,3.0,36.0,1146.51,69330.0,103.0,330.86,0.0,1.0,1,459.63,150.0,77.0,1116.1200000000001,27.0,3.0,1,1,3.0,3.6109179126442243,7.045349656493678,0.2885801257729981,0,1.0,0.8471352064237198,1.712306483110931,True
1806,처치,1,14.0,18.0,594.6800000000001,288.0,111.0,301.83,0.0,1.0,0,230.64,88.0,69.0,550.12,12.0,14.0,1,1,14.0,2.9444389791664403,6.389703610124407,0.5075502791417232,0,1.0,0.7111107687308037,0.9007848787038664,True
1808,대조,0,8.0,12.0,441.78,128.0,36.0,205.81,0.0,2.0,0,59.92,27.0,17.0,195.59,9.0,8.0,1,1,8.0,2.5649493574615367,6.093073032696079,0.4658653628502875,0,2.0,0.7015414502027965,0.8546489242156851,True
1809,처치,1,11.0,7.0,216.12,140.0,36.0,72.83,0.0,0.0,0,52.28,29.0,22.0,106.53,4.0,11.0,1,1,11.0,2.0794415416798357,5.380450196086559,0.33698870997593927,0,0.0,0.4569120168334412,-0.17278048940370389,True
1810,처치,1,3.0,17.0,196.64,84.0,31.0,59.72,0.0,0.0,0,83.99000000000001,68.0,42.0,382.15,21.0,3.0,1,1,3.0,2.8903717578961645,5.2864471939775495,0.30370219690805533,0,0.0,0.5643557967816738,0.2588590354198553,True
1812,처치,1,4.0,11.0,209.19,98.0,19.0,59.46,0.0,0.0,1,87.17,43.0,39.0,458.03000000000003,17.0,4.0,1,1,4.0,2.4849066497880004,5.348011883571888,0.28423920837516137,0,0.0,0.576028888607514,0.30649249386824223,True
1814,처치,1,8.0,6.0,525.8,188.0,56.0,218.77,0.0,0.0,1,109.45,36.0,32.0,322.42,6.0,8.0,1,1,8.0,1.9459101490553132,6.2668209698691255,0.41607074933434773,0,0.0,0.5600123823822614,0.241212310143184,True
1815,대조,0,1.0,13.0,686.98,13695.0,75.0,229.07,0.0,0.0,1,93.83,54.0,31.0,312.33,6.0,1.0,1,1,1.0,2.6390573296152584,6.533759767743368,0.3334449328946985,0,0.0,0.6692491150392027,0.7047908814724504,True
1816,처치,1,1.0,26.0,595.6,36112.0,106.0,185.89,0.0,0.0,1,65.58,52.0,34.0,214.5,11.0,1.0,1,1,1.0,3.295836866004329,6.391246872080648,0.3121054398925453,0,0.0,0.7426301045523761,1.0596837482939478,True
1818,대조,0,,0.0,0.0,0.0,0.0,0.0,0.0,1.0,0,0.0,0.0,0.0,0.0,0.0,90.0,0,0,90.0,0.0,0.0,0.0,0,1.0,0.0923978089009727,-2.2847029018973983,True
1820,대조,0,4.0,14.0,960.14,416.0,121.0,353.13,0.0,0.0,1,438.18,223.0,140.0,891.5600000000001,18.0,4.0,1,1,4.0,2.70805020110221,6.8681200799414475,0.36779011394171685,0,0.0,0.6996227418416715,0.8455020377111803,True
1822,처치,1,2.0,34.0,342.34,197.0,64.0,125.98,0.0,0.0,1,61.41,29.0,28.0,150.76,9.0,2.0,1,1,2.0,3.5553480614894135,5.838721209842783,0.36799672839866804,0,0.0,0.7442010793814506,1.067919596797638,True
1824,처치,1,9.0,22.0,404.56,193.0,31.0,127.12,0.0,0.0,0,58.89,21.0,20.0,188.19,11.0,9.0,1,1,9.0,3.1354942159291497,6.005268828084379,0.3142179157603322,0,0.0,0.6501683781972973,0.6197794145608255,True
1825,대조,0,9.0,5.0,204.25,8860.0,13.0,57.620000000000005,0.0,1.0,0,49.22,14.0,10.0,186.93,5.0,9.0,1,1,9.0,1.791759469228055,5.324228748332538,0.28210526315789475,0,1.0,0.47886846456087473,-0.08457652169925631,True
1829,처치,1,1.0,61.0,1188.33,39956.0,126.0,380.22,0.0,0.0,1,139.56,77.0,52.0,704.97,36.0,1.0,1,1,1.0,4.127134385045092,7.08114540233728,0.3199616268208326,0,0.0,0.8508873479534216,1.7415776694434624,True
1832,대조,0,6.0,6.0,89.42,42.0,3.0,17.330000000000002,0.0,0.0,0,10.18,5.0,5.0,88.59,7.0,6.0,1,1,6.0,1.9459101490553132,4.504465481866459,0.19380451800492063,0,0.0,0.3772897266068077,-0.501067961997438,True
1833,처치,1,24.0,20.0,442.91,227.0,69.0,188.86,0.0,1.0,1,123.65,64.0,43.0,221.5,7.0,24.0,1,1,24.0,3.044522437723423,6.095621839182552,0.42640717075703866,0,1.0,0.7666470679709326,1.1894745121479535,True
1834,처치,1,1.0,17.0,718.34,342.0,106.0,249.28,0.0,1.0,1,204.56,85.0,71.0,569.95,27.0,1.0,1,1,1.0,2.8903717578961645,6.5783341249476175,0.34702230141715623,0,1.0,0.7589621777666538,1.1469980845848646,True
1839,대조,0,1.0,9.0,214.78,144.0,88.0,144.48,0.0,0.0,0,48.14,39.0,34.0,141.97,5.0,1.0,1,1,1.0,2.302585092994046,5.374259370123194,0.6726883322469503,0,0.0,0.4778288812183082,-0.08874266860644851,True
1840,대조,0,14.0,5.0,23.69,11.0,6.0,17.53,0.0,0.0,0,35.56,29.0,14.0,122.69,10.0,14.0,1,1,14.0,1.791759469228055,3.206398303357088,0.7399746728577459,0,0.0,0.28248981275276946,-0.9321446569028249,True
1841,대조,0,10.0,3.0,228.05,97.0,25.0,69.12,0.0,0.0,1,34.39,17.0,13.0,102.96000000000001,2.0,10.0,1,1,10.0,1.3862943611198906,5.433940320332751,0.30309142731857047,0,0.0,0.4241094122783527,-0.30592622101096195,True
1847,처치,1,10.0,17.0,435.24,13033.0,52.0,182.82,0.0,0.0,1,94.19,29.0,19.0,209.19,7.0,10.0,1,1,10.0,2.8903717578961645,6.078192550617806,0.42004411359250066,0,0.0,0.6817754777937818,0.7619432138738726,True
1848,처치,1,4.0,17.0,2025.14,16701.0,145.0,476.48,0.0,0.0,1,0.0,0.0,0.0,38.0,1.0,4.0,0,1,4.0,2.8903717578961645,7.6138877840994015,0.2352824989877243,0,0.0,0.7612371175862251,1.1594739605106785,True
1849,처치,1,3.0,46.0,437.85,291.0,86.0,176.67,0.0,0.0,0,108.16,46.0,35.0,240.79,18.0,3.0,1,1,3.0,3.8501476017100584,6.0841576690381265,0.4034943473792394,0,0.0,0.7394902194320423,1.0433206502881798,True
1850,대조,0,1.0,36.0,1053.28,125786.0,125.0,273.27,0.0,0.0,1,125.29,68.0,55.0,591.38,23.0,1.0,1,1,1.0,3.6109179126442243,6.960613348470316,0.2594466808445997,0,0.0,0.8026296483475772,1.4028114760729955,True
1854,처치,1,7.0,22.0,586.73,32378.0,50.0,123.82000000000001,0.0,0.0,0,62.63,40.0,30.0,510.43,14.0,7.0,1,1,7.0,3.1354942159291497,6.37626765876805,0.21103403609837576,0,0.0,0.6716945381440899,0.7158592196955887,True
1856,처치,1,1.0,65.0,703.2,9639.0,101.0,233.12,2.0,2.0,0,121.81,79.0,65.0,422.11,36.0,1.0,1,1,1.0,4.189654742026425,6.557062406720952,0.3315130830489192,1,2.0,0.8649805599674913,1.8572882643411182,True
1857,대조,0,2.0,16.0,841.58,17136.0,128.0,424.3,0.0,0.0,0,71.3,23.0,20.0,241.01,6.0,2.0,1,1,2.0,2.833213344056216,6.736468613208144,0.5041707264906485,0,0.0,0.6465456455736627,0.6038894475338056,True
1858,처치,1,1.0,14.0,575.19,221.0,82.0,221.13,0.0,0.0,1,132.43,72.0,54.0,347.62,5.0,1.0,1,1,1.0,2.70805020110221,6.356437467414787,0.38444687842278197,0,0.0,0.6674320991409298,0.69659360860948,True
1859,대조,0,13.0,4.0,256.03000000000003,83.0,13.0,58.940000000000005,0.0,1.0,0,0.0,0.0,0.0,0.0,0.0,13.0,0,0,13.0,1.6094379124341003,5.549192809600136,0.2302073975705972,0,1.0,0.47081963160033014,-0.11685426189906852,True
1860,대조,0,,0.0,0.0,0.0,0.0,0.0,0.0,0.0,0,34.0,15.0,13.0,41.26,6.0,90.0,1,1,90.0,0.0,0.0,0.0,0,0.0,0.0714101617566582,-2.5652269516917934,True
1864,처치,1,3.0,27.0,2829.78,103661.0,281.0,980.94,0.0,0.0,1,354.57,128.0,94.0,1132.38,14.0,3.0,1,1,3.0,3.332204510175204,7.948307571036075,0.3466488560948201,0,0.0,0.8184553789311694,1.5059174100648252,True
1865,처치,1,5.0,21.0,1050.8700000000001,415.0,143.0,454.76,0.0,4.0,1,197.61,92.0,84.0,523.89,16.0,5.0,1,1,5.0,3.091042453358316,6.958324811517255,0.4327462007669835,0,4.0,0.9022125454231757,2.2220538377437293,True
1869,처치,1,8.0,17.0,432.2,205.0,69.0,172.09,0.0,0.0,1,150.04,76.0,72.0,347.36,9.0,8.0,1,1,8.0,2.8903717578961645,6.071199515126835,0.3981721425266081,0,0.0,0.679966129943452,0.7536161539035475,True
1873,처치,1,4.0,25.0,745.3100000000001,31633.0,103.0,202.78,0.0,3.0,1,135.9,74.0,65.0,685.54,30.0,4.0,1,1,4.0,3.258096538021482,6.615141063484794,0.27207470716882903,0,3.0,0.8755635031948222,1.9510721627724024,True
1877,대조,0,9.0,8.0,238.74,125.0,32.0,97.12,0.0,0.0,0,9.899999999999999,3.0,3.0,46.84,3.0,9.0,1,1,9.0,2.1972245773362196,5.4795550027789535,0.4068023791572422,0,0.0,0.47866724517850845,-0.08538285322955701,True
1879,처치,1,1.0,47.0,804.91,499.0,59.0,102.6,0.0,0.0,1,96.14,49.0,42.0,410.29,21.0,1.0,1,1,1.0,3.871201010907891,6.691972073740886,0.12746766719260538,0,0.0,0.816184362243737,1.4907069769802521,True
1881,대조,0,19.0,18.0,402.74,45730.0,42.0,94.36,0.0,0.0,0,67.13,33.0,30.0,214.26,12.0,19.0,1,1,19.0,2.9444389791664403,6.000771106428282,0.2342950787108308,0,0.0,0.632554847439624,0.5431928693805657,True
1883,처치,1,1.0,25.0,615.82,10672.0,84.0,247.15,0.0,2.0,0,38.25,13.0,8.0,65.72,3.0,1.0,1,1,1.0,3.258096538021482,6.424577247144958,0.4013348056250203,0,2.0,0.7916590189139132,1.3349546978269615,True
1887,대조,0,2.0,22.0,233.49,119.0,32.0,72.81,0.0,0.0,0,67.78,26.0,21.0,138.42000000000002,9.0,2.0,1,1,2.0,3.1354942159291497,5.457412943053815,0.3118334832326866,0,0.0,0.610020604636872,0.44739882936434716,True
1889,처치,1,11.0,3.0,210.25,91.0,6.0,86.62,0.0,0.0,0,98.1,37.0,32.0,316.72,3.0,11.0,1,1,11.0,1.3862943611198906,5.353042266237283,0.41198573127229493,0,0.0,0.3550460848159882,-0.5969312674829705,True
1890,대조,0,22.0,3.0,150.31,60.0,19.0,50.72,0.0,0.0,0,69.81,38.0,36.0,287.2,6.0,22.0,1,1,22.0,1.3862943611198906,5.019330712463479,0.3374359656709467,0,0.0,0.34424809173419296,-0.6444199344559345,True
1892,처치,1,2.0,79.0,1189.55,2734.0,132.0,495.38,0.0,0.0,1,62.25,34.0,19.0,137.56,7.0,2.0,1,1,2.0,4.382026634673881,7.082170664204995,0.41644319280400155,0,0.0,0.8692595335900962,1.8944275527925716,True
1894,대조,0,1.0,9.0,564.89,244.0,59.0,189.7,0.0,0.0,1,97.76,30.0,22.0,330.49,5.0,1.0,1,1,1.0,2.302585092994046,6.338399713025743,0.33581759280567897,0,0.0,0.6109109633855135,0.4511430224532119,True
1896,대조,0,4.0,14.0,484.19,235.0,98.0,245.37,0.0,0.0,1,55.15,25.0,23.0,167.07,6.0,4.0,1,1,4.0,2.70805020110221,6.184540566799797,0.5067638736859498,0,0.0,0.658578695423741,0.6569668091646063,True
1899,처치,1,8.0,9.0,1665.95,597.0,243.0,731.22,0.0,2.0,1,432.33,184.0,133.0,994.0,3.0,8.0,1,1,8.0,2.302585092994046,7.4187508882997655,0.4389207359164441,0,2.0,0.789880640645671,1.324206099126168,True
1900,대조,0,17.0,3.0,551.14,204.0,46.0,160.32,0.0,0.0,0,376.48,145.0,116.0,822.92,6.0,17.0,1,1,17.0,1.3862943611198906,6.313801637308577,0.29088797764633306,0,0.0,0.4224061646748696,-0.31290358792181777,True
1901,처치,1,1.0,102.0,1289.14,560.0,155.0,495.57,0.0,0.0,1,442.65000000000003,168.0,132.0,1155.25,76.0,1.0,1,1,1.0,4.634728988229636,7.162506018598858,0.3844190700777262,0,0.0,0.8874073119243405,2.0645273021912955,True
1906,처치,1,1.0,20.0,886.75,34266.0,103.0,337.07,0.0,0.0,0,181.8,73.0,61.0,577.35,10.0,1.0,1,1,1.0,3.044522437723423,6.788690171823197,0.38011840992387935,0,0.0,0.6780626758938701,0.7448828450238585,True
1911,처치,1,11.0,27.0,350.88,60291.0,47.0,85.47,0.0,0.0,1,90.65,39.0,33.0,207.47,14.0,11.0,1,1,11.0,3.332204510175204,5.863290208384473,0.24358755129958962,0,0.0,0.7266929492669596,0.9779081440647638,True
1912,처치,1,7.0,13.0,307.56,194.0,38.0,106.46,0.0,0.0,0,47.05,17.0,16.0,140.04,5.0,7.0,1,1,7.0,2.6390573296152584,5.731916313899973,0.3461438418519963,0,0.0,0.5600477389994434,0.24135580500906909,True
1914,대조,0,2.0,18.0,363.44,92.0,10.0,58.53,0.0,2.0,1,39.0,12.0,10.0,218.87,9.0,2.0,1,1,2.0,2.9444389791664403,5.898361928845658,0.1610444640105657,0,2.0,0.7836576704962306,1.287110268283558,True
1916,처치,1,2.0,18.0,318.71,8001.0,51.0,121.97,0.0,3.0,0,43.58,22.0,15.0,106.75,11.0,2.0,1,1,2.0,2.9444389791664403,5.767414334900974,0.3826990053653792,0,3.0,0.7782804329606575,1.2556735410939546,True
1918,처치,1,22.0,5.0,84.28,20000.0,4.0,13.49,0.0,0.0,0,0.0,0.0,0.0,8.99,1.0,22.0,0,1,22.0,1.791759469228055,4.445939960417534,0.16006169909824394,0,0.0,0.3658392972784535,-0.5501082381382265,True
1920,처치,1,3.0,22.0,482.78000000000003,138.0,53.0,156.1,0.0,1.0,1,24.39,14.0,13.0,66.22,6.0,3.0,1,1,3.0,3.1354942159291497,6.1816302579249855,0.3233356808484195,0,1.0,0.7676112972235422,1.194872068937735,True
1921,대조,0,2.0,12.0,125.82000000000001,91.0,43.0,86.74,1.0,1.0,1,142.19,72.0,43.0,312.63,15.0,2.0,1,1,2.0,2.5649493574615367,4.842768758271886,0.6893975520584962,1,1.0,0.6000049126222076,0.4054855774092624,True
1922,처치,1,2.0,15.0,420.77,177.0,64.0,143.93,0.0,0.0,0,32.629999999999995,17.0,14.0,216.85999999999999,6.0,2.0,1,1,2.0,2.772588722239781,6.0444601417599255,0.3420633600304204,0,0.0,0.5956278573977669,0.387280472684527,True
1925,대조,0,5.0,12.0,179.33,48.0,13.0,41.12,0.0,0.0,0,93.18,42.0,39.0,360.53000000000003,11.0,5.0,1,1,5.0,2.5649493574615367,5.19478850571918,0.22929794234093567,0,0.0,0.5123841867380582,0.04954688049025096,True
1927,처치,1,1.0,22.0,1164.95,633.0,119.0,416.63,0.0,0.0,1,101.50999999999999,44.0,32.0,280.89,11.0,1.0,1,1,1.0,3.1354942159291497,7.061291484344339,0.3576376668526546,0,0.0,0.7581171518497203,1.1423844172010122,True
1929,처치,1,13.0,5.0,460.07,223.0,82.0,207.98,0.0,2.0,1,134.92000000000002,75.0,53.0,287.4,3.0,13.0,1,1,13.0,1.791759469228055,6.13354987528733,0.45206164279348793,0,2.0,0.6662102293102214,0.691093914624788,True
1930,처치,1,2.0,25.0,393.59,179.0,27.0,80.18,0.0,0.0,0,73.86,31.0,22.0,209.76,6.0,2.0,1,1,2.0,3.258096538021482,5.977847251148797,0.20371452526741027,0,0.0,0.6602208537556098,0.664278569268961,True
1931,대조,0,3.0,19.0,523.97,233.0,84.0,304.62,0.0,0.0,1,45.31,27.0,24.0,70.66,7.0,3.0,1,1,3.0,2.995732273553991,6.263341118101765,0.5813691623566235,0,0.0,0.6992789391510694,0.8438665902658758,True
1932,대조,0,9.0,15.0,527.48,65862.0,29.0,103.28,0.0,0.0,0,179.32999999999998,42.0,28.0,778.14,15.0,9.0,1,1,9.0,2.772588722239781,6.27000496164248,0.19579889284901797,0,0.0,0.6173172135970041,0.4781766022425064,True
1933,대조,0,5.0,14.0,357.68,27988.0,51.0,141.15,0.0,1.0,0,40.129999999999995,13.0,11.0,123.11,5.0,5.0,1,1,5.0,2.70805020110221,5.882430626083847,0.3946264817714158,0,1.0,0.644437882252169,0.5946784689872354,True
1936,처치,1,3.0,82.0,867.79,42919.0,78.0,277.09,0.0,1.0,0,197.77,58.0,48.0,641.5,48.0,3.0,1,1,3.0,4.418840607796598,6.767101438984516,0.3193053618963113,0,1.0,0.8641429842225058,1.8501352680122976,True
1937,처치,1,3.0,18.0,577.25,4399.0,100.0,224.55,0.0,1.0,1,256.77,116.0,112.0,779.43,19.0,3.0,1,1,3.0,2.9444389791664403,6.360006301111548,0.38899956691208315,0,1.0,0.7551697615905762,1.1263775078387857,True
1939,처치,1,1.0,7.0,155.21,7063.0,9.0,50.87,0.0,1.0,1,76.45,33.0,25.0,196.73,5.0,1.0,1,1,1.0,2.0794415416798357,5.051201255842917,0.32774950067650277,0,1.0,0.5628274530919632,0.252645142183365,True
1940,대조,0,14.0,9.0,258.57,172.0,66.0,105.91,0.0,1.0,0,56.81,37.0,32.0,134.9,4.0,14.0,1,1,14.0,2.302585092994046,5.559026415748388,0.4095989480604865,0,1.0,0.5738001901505836,0.29737296142446284,True
1941,대조,0,2.0,28.0,167.86,92.0,38.0,86.68,0.0,0.0,0,16.01,6.0,6.0,26.450000000000003,7.0,2.0,1,1,2.0,3.367295829986474,5.129069969241354,0.5163826998689384,0,0.0,0.6202441719766338,0.4905847379204639,True
1942,대조,0,1.0,14.0,169.24,61.0,13.0,69.82000000000001,0.0,0.0,0,39.39,4.0,4.0,134.79,13.0,1.0,1,1,1.0,2.70805020110221,5.13720920615328,0.4125502245332073,0,0.0,0.5246877746941485,0.09883146628011553,True
1943,처치,1,3.0,23.0,1013.71,5531.0,132.0,440.54,0.0,3.0,0,15.3,22.0,13.0,112.96,6.0,3.0,1,1,3.0,3.1780538303479458,6.9223581363660704,0.4345818823924002,0,3.0,0.8465107597495369,1.707492443877924,True
1946,대조,0,8.0,10.0,843.99,326.0,109.0,432.92,0.0,0.0,1,221.96,74.0,67.0,458.3,5.0,8.0,1,1,8.0,2.3978952727983707,6.739324792967621,0.5129444661666608,0,0.0,0.6536085097256985,0.634938953033403,True
1948,대조,0,3.0,8.0,144.36,93.0,35.0,59.86,0.0,0.0,1,123.19,45.0,44.0,278.39,14.0,3.0,1,1,3.0,2.1972245773362196,4.979213424087916,0.41465779994458296,0,0.0,0.5068373544592988,0.02735112278757484,True
1949,대조,0,3.0,7.0,288.35,151.0,32.0,88.06,0.0,0.0,1,154.1,64.0,50.0,297.55,9.0,3.0,1,1,3.0,2.0794415416798357,5.667637028019848,0.30539275186405407,0,0.0,0.5363803988138433,0.14577921767681923,True
1950,대조,0,,0.0,0.0,0.0,0.0,0.0,0.0,0.0,0,0.0,0.0,0.0,0.0,0.0,90.0,0,0,90.0,0.0,0.0,0.0,0,0.0,0.0714101617566582,-2.5652269516917934,True
1953,대조,0,13.0,19.0,669.2,272.0,82.0,256.69,0.0,0.0,1,197.92000000000002,75.0,53.0,486.72,13.0,13.0,1,1,13.0,2.995732273553991,6.50757617530321,0.3835774058577406,0,0.0,0.7215926697029302,0.9523755520991901,True
1954,처치,1,1.0,26.0,328.55,195.0,56.0,186.98,0.0,3.0,0,55.05,27.0,20.0,183.45,15.0,1.0,1,1,1.0,3.295836866004329,5.797728087498729,0.5691066808704915,0,3.0,0.8121049831013714,1.4637462352351784,True
1955,대조,0,3.0,25.0,1420.83,51504.0,131.0,461.61,0.0,3.0,1,78.6,31.0,22.0,265.72,4.0,3.0,1,1,3.0,3.258096538021482,7.259700053286847,0.32488756571862926,0,3.0,0.8927248613633851,2.118881504201452,True
1957,대조,0,42.0,2.0,63.4,26.0,12.0,32.09,0.0,1.0,0,117.21000000000001,42.0,31.0,413.94,8.0,42.0,1,1,42.0,1.0986122886681098,4.165113633110308,0.5061514195583597,0,1.0,0.3319933031106659,-0.6991834014101992,True
1959,대조,0,4.0,11.0,748.1,45631.0,71.0,171.36,0.0,2.0,0,148.97,74.0,65.0,792.24,13.0,4.0,1,1,4.0,2.4849066497880004,6.618872485953837,0.22906028605801365,0,2.0,0.7194882185278354,0.9419244259023737,True
1961,대조,0,90.0,1.0,0.67,1.0,0.0,0.0,0.0,2.0,0,52.95,42.0,34.0,138.60999999999999,6.0,90.0,1,1,90.0,0.6931471805599453,0.5128236264286639,0.0,0,2.0,0.18966977571116145,-1.4521573114189177,True
1962,대조,0,2.0,8.0,194.64000000000001,86.0,24.0,61.230000000000004,0.0,0.0,1,117.5,39.0,32.0,240.25,12.0,2.0,1,1,2.0,2.1972245773362196,5.2762762356711566,0.31458076448828604,0,0.0,0.5267378989840641,0.10705371965192848,True
1963,처치,1,20.0,6.0,287.22,132.0,50.0,106.93,0.0,1.0,0,69.86,24.0,23.0,132.31,3.0,20.0,1,1,20.0,1.9459101490553132,5.663724077410215,0.3722930158066987,0,1.0,0.5337699702595446,0.13528584046421907,True
1964,대조,0,3.0,7.0,193.05,109.0,37.0,75.51,0.0,0.0,1,99.5,58.0,46.0,204.96,7.0,3.0,1,1,3.0,2.0794415416798357,5.268115857814915,0.3911421911421911,0,0.0,0.5088571606616266,0.03543234914710215,True
1965,처치,1,10.0,32.0,867.57,195361.0,46.0,127.91,0.0,2.0,1,108.47,56.0,45.0,426.07,14.0,10.0,1,1,10.0,3.4965075614664802,6.766848181166705,0.1474347891236442,0,2.0,0.8675778830498856,1.8797106105197836,True
1968,처치,1,6.0,11.0,235.42,123.0,41.0,83.25,0.0,0.0,0,93.12,65.0,39.0,204.05,9.0,6.0,1,1,6.0,2.4849066497880004,5.465609884322231,0.3536233115283324,0,0.0,0.5184433192840558,0.0738067637111172,True
1969,처치,1,2.0,39.0,327.65,220.0,76.0,151.69,0.0,0.0,0,96.15,61.0,46.0,197.97,20.0,2.0,1,1,2.0,3.6888794541139363,5.794993354709585,0.4629635281550435,0,0.0,0.7034072633174898,0.8635761051912282,True
1970,대조,0,5.0,11.0,260.1,140.0,40.0,103.51,0.0,0.0,0,36.77,22.0,18.0,99.13,8.0,5.0,1,1,5.0,2.4849066497880004,5.5649034757050835,0.3979623221837755,0,0.0,0.5238213658728184,0.09535765576629861,True
1971,처치,1,7.0,17.0,322.17,40284.0,29.0,81.98,0.0,2.0,0,11.67,4.0,4.0,77.08,8.0,7.0,1,1,7.0,2.8903717578961645,5.778178500556554,0.254461930036937,0,2.0,0.7247571505776652,0.9681828372394548,True
1972,처치,1,7.0,29.0,353.26,2660.0,51.0,104.14,0.0,0.0,0,68.14,36.0,33.0,184.24,8.0,7.0,1,1,7.0,3.4011973816621555,5.870031106824451,0.2947970333465436,0,0.0,0.676048209576222,0.7356696797083428,True
1974,처치,1,1.0,32.0,1045.58,57152.0,78.0,178.37,0.0,2.0,0,91.53,54.0,48.0,527.84,21.0,1.0,1,1,1.0,3.4965075614664802,6.953282984258099,0.1705943112913407,0,2.0,0.8358271252772914,1.627501816956461,True
1976,처치,1,1.0,27.0,455.78,199.0,45.0,119.15,0.0,0.0,1,93.56,65.0,51.0,315.84,16.0,1.0,1,1,1.0,3.332204510175204,6.124201874546176,0.26141998332528854,0,0.0,0.7332930592172604,1.0113949743894695,True
1979,대조,0,1.0,13.0,151.28,5214.0,36.0,66.97,0.0,1.0,1,27.15,22.0,21.0,57.65,8.0,1.0,1,1,1.0,2.6390573296152584,5.0257209315142966,0.4426890534108937,0,1.0,0.6401965756848796,0.5762174399556251,True
1980,대조,0,4.0,5.0,642.52,226.0,49.0,200.36,0.0,0.0,1,123.08,45.0,34.0,345.91,5.0,4.0,1,1,4.0,1.791759469228055,6.466953106584287,0.3118346510614456,0,0.0,0.5478747777166989,0.19208757110649047,True
1981,처치,1,20.0,9.0,127.43,67.0,21.0,79.46,0.0,0.0,0,6.09,4.0,3.0,28.87,3.0,20.0,1,1,20.0,2.302585092994046,4.855384008824965,0.6235580318606293,0,0.0,0.4605670014479426,-0.158060242953759,True
1982,처치,1,1.0,27.0,903.76,61902.0,198.0,302.39,0.0,0.0,1,7.16,4.0,4.0,66.48,4.0,1.0,1,1,1.0,3.332204510175204,6.807669715159781,0.3345910418695229,0,0.0,0.7671985410035871,1.1925596388471873,True
1985,처치,1,8.0,21.0,1519.54,613.0,160.0,564.3,0.0,2.0,1,298.0,88.0,61.0,833.39,13.0,8.0,1,1,8.0,3.091042453358316,7.3268208139072035,0.37136238598523236,0,2.0,0.8548275431889922,1.772977351706509,True
1987,대조,0,4.0,14.0,299.25,157.0,40.0,113.86,0.0,0.0,0,149.39,94.0,70.0,364.99,8.0,4.0,1,1,4.0,2.70805020110221,5.704615460960093,0.38048454469507104,0,0.0,0.5654350406233027,0.2632499809906624,True
1988,대조,0,5.0,28.0,1098.53,129912.0,116.0,503.15,0.0,1.0,0,367.92,105.0,67.0,840.52,18.0,5.0,1,1,5.0,3.367295829986474,7.002638094752188,0.4580211737503755,0,1.0,0.7837230474887076,1.2874959282507452,True
1989,처치,1,3.0,24.0,424.32,19168.0,76.0,139.03,0.0,0.0,1,90.37,66.0,50.0,274.25,13.0,3.0,1,1,3.0,3.2188758248682006,6.052841826782886,0.3276536576168929,0,0.0,0.7169552813461717,0.9294085679372779,True
1990,처치,1,3.0,21.0,610.59,68984.0,74.0,195.38,0.0,0.0,1,121.51,62.0,48.0,367.76,10.0,3.0,1,1,3.0,3.091042453358316,6.416062123365316,0.31998558771024743,0,0.0,0.7212982262958252,0.950910381794996,True
1993,대조,0,18.0,11.0,229.61,11689.0,25.0,69.18,0.0,0.0,0,17.0,13.0,13.0,37.95,4.0,18.0,1,1,18.0,2.4849066497880004,5.44072797202915,0.3012934976699621,0,0.0,0.5280096317048933,0.11215594618229702,True
1996,대조,0,3.0,20.0,480.35,174.0,42.0,136.15,0.0,0.0,0,48.21,18.0,18.0,188.15,7.0,3.0,1,1,3.0,3.044522437723423,6.176594656223975,0.28343915894660143,0,0.0,0.6435759260223591,0.5909187682808498,True
1997,대조,0,22.0,12.0,802.32,16724.0,77.0,207.05,0.0,0.0,1,86.59,36.0,30.0,345.05,6.0,22.0,1,1,22.0,2.5649493574615367,6.688753140168477,0.2580641140691993,0,0.0,0.6857704881905236,0.7804193581874351,True
1998,처치,1,4.0,44.0,539.69,298.0,85.0,139.09,0.0,2.0,0,91.19,66.0,51.0,251.43,27.0,4.0,1,1,4.0,3.8066624897703196,6.292846101672824,0.25772202560729307,0,2.0,0.837959008325414,1.6431198449534652,True
2002,대조,0,13.0,4.0,58.65,39.0,13.0,29.1,0.0,1.0,1,32.230000000000004,12.0,10.0,75.48,5.0,13.0,1,1,13.0,1.6094379124341003,4.0884941485439255,0.4961636828644502,0,1.0,0.43793319460343527,-0.24955433863443963,True
2004,처치,1,1.0,34.0,1423.33,623.0,185.0,588.52,0.0,0.0,1,388.46,151.0,133.0,1062.27,29.0,1.0,1,1,1.0,3.5553480614894135,7.261456806697024,0.41348106201653867,0,0.0,0.8092484234714548,1.4451340096446001,True
2006,처치,1,23.0,4.0,126.93,35.0,5.0,38.6,0.0,2.0,1,48.53,30.0,23.0,138.21,5.0,23.0,1,1,23.0,1.6094379124341003,4.851483239328943,0.30410462459623416,0,2.0,0.5692290713222027,0.2787064780865353,True
2007,처치,1,5.0,27.0,1283.77,113971.0,115.0,330.1,2.0,2.0,1,216.97,75.0,64.0,619.58,10.0,5.0,1,1,5.0,3.332204510175204,7.15833499298215,0.25713328711529326,1,2.0,0.8572461414244481,1.7926032117516641,True
2008,대조,0,1.0,13.0,528.58,232.0,66.0,201.98,0.0,1.0,0,31.74,11.0,10.0,127.58,4.0,1.0,1,1,1.0,2.6390573296152584,6.272084239559255,0.3821181278141435,0,1.0,0.6557030881743764,0.6442036761198822,True
2009,대조,0,,0.0,0.0,0.0,0.0,0.0,0.0,1.0,0,0.0,0.0,0.0,0.0,0.0,90.0,0,0,90.0,0.0,0.0,0.0,0,1.0,0.0923978089009727,-2.2847029018973983,True
2011,처치,1,8.0,16.0,195.72,111.0,30.0,64.65,0.0,0.0,1,79.15,28.0,21.0,162.9,10.0,8.0,1,1,8.0,2.833213344056216,5.281781397907937,0.3303188228080932,0,0.0,0.6247211769682747,0.5096361555709684,True
2012,처치,1,1.0,30.0,1008.6800000000001,46292.0,149.0,357.17,0.0,1.0,1,254.87,129.0,110.0,898.5,30.0,1.0,1,1,1.0,3.4339872044851463,6.917388727950375,0.35409644287583775,0,1.0,0.8267430535392675,1.562718217419228,True
2014,처치,1,75.0,1.0,78.76,41.0,13.0,31.93,0.0,0.0,0,0.0,0.0,0.0,0.0,0.0,75.0,0,0,75.0,0.6931471805599453,4.379022125653583,0.4054088369730828,0,0.0,0.2607367563678893,-1.0421427714737375,True
2015,처치,1,4.0,17.0,981.04,371.0,129.0,440.93,0.0,0.0,0,155.82,55.0,50.0,359.44,6.0,4.0,1,1,4.0,2.8903717578961645,6.889632040722447,0.44945160238114656,0,0.0,0.6655904325775827,0.688308023757214,True
2016,대조,0,4.0,29.0,552.42,420.0,139.0,300.04,0.0,1.0,0,46.01,25.0,21.0,90.52,8.0,4.0,1,1,4.0,3.4011973816621555,6.3161172069238525,0.5431374678686507,0,1.0,0.7533741106870473,1.1166893610957123,True
2017,처치,1,1.0,23.0,859.45,88164.0,156.0,261.1,0.0,0.0,1,359.89,169.0,140.0,896.1,19.0,1.0,1,1,1.0,3.1780538303479458,6.75745550821092,0.3037989411833149,0,0.0,0.7480080126294787,1.088016399131409,True
2019,처치,1,2.0,79.0,3678.33,1612.0,233.0,1205.3,0.0,0.0,0,474.28000000000003,245.0,135.0,1562.99,29.0,2.0,1,1,2.0,4.382026634673881,8.210485949369701,0.3276758746496372,0,0.0,0.8734332104882633,1.9316615155376295,True
2020,처치,1,5.0,46.0,1734.17,727.0,190.0,649.38,0.0,0.0,1,227.04,115.0,71.0,735.72,22.0,5.0,1,1,5.0,3.8501476017100584,7.458860670289901,0.37446155797874486,0,0.0,0.844238155945453,1.6901064300125113,True
2021,처치,1,3.0,12.0,192.45,103.0,18.0,55.699999999999996,0.0,0.0,0,31.63,12.0,8.0,62.7,3.0,3.0,1,1,3.0,2.5649493574615367,5.265019081146522,0.2894258248895817,0,0.0,0.5147801877683702,0.05913798032299974,True
2027,처치,1,1.0,25.0,270.08,131.0,34.0,100.14,0.0,1.0,0,65.9,46.0,29.0,215.64000000000001,15.0,1.0,1,1,1.0,3.258096538021482,5.6024139802679125,0.37077902843601895,0,1.0,0.6973085624421838,0.834514084839655,True
2029,대조,0,6.0,4.0,28.87,7.0,4.0,25.18,0.0,0.0,0,51.17,21.0,14.0,94.6,9.0,6.0,1,1,6.0,1.6094379124341003,3.3968546322280186,0.8721856598545202,0,0.0,0.26438634904419384,-1.0232935734320119,True
2032,처치,1,2.0,10.0,243.48,60.0,30.0,118.03999999999999,0.0,0.0,0,17.29,10.0,8.0,54.54,5.0,2.0,1,1,2.0,2.3978952727983707,5.499133505978156,0.4848036799737145,0,0.0,0.5029688836677698,0.011875674239594108,True
2033,대조,0,2.0,19.0,327.52,7589.0,19.0,78.11,0.0,0.0,0,76.79,31.0,24.0,376.51,14.0,2.0,1,1,2.0,2.995732273553991,5.794597718871992,0.2384892525647289,0,0.0,0.612313561107408,0.45704764034185663,True
2034,처치,1,3.0,21.0,555.55,36748.0,97.0,261.6,0.0,0.0,0,192.85,118.0,79.0,362.24,12.0,3.0,1,1,3.0,3.091042453358316,6.3217570139392345,0.47088470884708855,0,0.0,0.6572912588789652,0.6512463014731007,True
2035,처치,1,3.0,13.0,251.7,146.0,43.0,106.10000000000001,0.0,0.0,0,2.9699999999999998,3.0,3.0,18.2,3.0,3.0,1,1,3.0,2.6390573296152584,5.532203014394148,0.42153357171235606,0,0.0,0.5425620803300587,0.1706613318579897,True
2036,대조,0,13.0,10.0,912.87,16704.0,74.0,218.8,0.0,0.0,0,28.35,11.0,9.0,123.27,3.0,13.0,1,1,13.0,2.3978952727983707,6.8176883293907435,0.23968363512876972,0,0.0,0.6021354254757544,0.4143706969046268,True
2037,처치,1,3.0,14.0,264.69,130.0,42.0,105.21,0.0,1.0,0,19.27,9.0,8.0,95.87,5.0,3.0,1,1,3.0,2.70805020110221,5.582330215625433,0.39748384903094186,0,1.0,0.6240365247064098,0.5067169013449165,True
2039,대조,0,,0.0,0.0,0.0,0.0,0.0,0.0,1.0,0,0.0,0.0,0.0,0.0,0.0,90.0,0,0,90.0,0.0,0.0,0.0,0,1.0,0.0923978089009727,-2.2847029018973983,True
2041,처치,1,7.0,21.0,974.2,7736.0,88.0,326.23,0.0,0.0,1,269.19,85.0,64.0,701.54,13.0,7.0,1,1,7.0,3.091042453358316,6.8826425781670615,0.33486963662492303,0,0.0,0.7484207846426518,1.0902074545718743,True
2042,처치,1,19.0,5.0,710.35,279.0,61.0,280.89,0.0,0.0,0,242.26,72.0,44.0,669.77,5.0,19.0,1,1,19.0,1.791759469228055,6.567164573097176,0.39542479059618496,0,0.0,0.5002663719465448,0.0010654878869800501,True
2043,대조,0,8.0,7.0,192.82,9494.0,30.0,62.95,0.0,0.0,0,15.760000000000002,9.0,7.0,25.240000000000002,3.0,8.0,1,1,8.0,2.0794415416798357,5.266929893306404,0.32647028316564675,0,0.0,0.44676897976562124,-0.21373403517133147,True
2044,대조,0,3.0,7.0,238.22,73.0,12.0,37.87,0.0,1.0,0,11.01,5.0,5.0,43.33,3.0,3.0,1,1,3.0,2.0794415416798357,5.477383630621318,0.15897069935353875,0,1.0,0.5277561445264239,0.11113883441000127,True
2046,대조,0,5.0,10.0,157.4,52.0,14.0,49.519999999999996,0.0,1.0,0,6.99,2.0,2.0,13.5,4.0,5.0,1,1,5.0,2.3978952727983707,5.0651234793803255,0.31461245235069885,0,1.0,0.5479634891406088,0.1924457062650067,True
2047,처치,1,7.0,31.0,920.2,105268.0,89.0,236.79,0.0,1.0,0,188.38,88.0,53.0,608.63,17.0,7.0,1,1,7.0,3.4657359027997265,6.82567716794653,0.2573244946750706,0,1.0,0.7879989343660992,1.3129054362952968,True
2050,처치,1,3.0,21.0,674.15,75835.0,57.0,131.94,0.0,2.0,1,85.44,50.0,36.0,349.36,9.0,3.0,1,1,3.0,3.091042453358316,6.514934888407051,0.1957131202254691,0,2.0,0.82387613384757,1.5428326631546707,True
2053,처치,1,2.0,30.0,643.19,9940.0,107.0,237.93,0.0,0.0,1,88.66,42.0,37.0,281.66,15.0,2.0,1,1,2.0,3.4339872044851463,6.467993713647151,0.3699217960478241,0,0.0,0.7621429544988744,1.164464298365816,True
2055,대조,0,7.0,29.0,558.18,16668.0,58.0,127.98,0.0,0.0,0,55.49,18.0,16.0,255.73,15.0,7.0,1,1,7.0,3.4011973816621555,6.326471424900891,0.22928087713640763,0,0.0,0.7027890614319902,0.8606146743463312,True
2056,대조,0,8.0,11.0,234.77,76.0,24.0,59.4,0.0,0.0,0,66.46000000000001,36.0,32.0,301.53,7.0,8.0,1,1,8.0,2.4849066497880004,5.462856753546193,0.2530135877667504,0,0.0,0.5209258686614368,0.08375239684395533,True
2057,처치,1,8.0,21.0,446.40999999999997,35184.0,40.0,88.71,0.0,0.0,1,75.04,32.0,21.0,221.56,11.0,8.0,1,1,8.0,3.091042453358316,6.103475400169675,0.19871866669653457,0,0.0,0.7087050151822141,0.8891029351221705,True
2058,처치,1,9.0,15.0,526.91,219.0,51.0,105.78,0.0,3.0,1,160.18,59.0,47.0,515.3,17.0,9.0,1,1,9.0,2.772588722239781,6.26892581463178,0.20075534721299654,0,3.0,0.8303885421195196,1.5883834349574082,True
2059,처치,1,4.0,8.0,403.68,166.0,57.0,243.92,0.0,0.0,0,26.67,13.0,10.0,91.45,2.0,4.0,1,1,4.0,2.1972245773362196,6.00309663133769,0.6042409829567974,0,0.0,0.5076212955072322,0.030487543299089478,True
2062,대조,0,15.0,28.0,872.82,12526.0,175.0,470.8,0.0,2.0,1,0.0,0.0,0.0,0.0,0.0,15.0,0,0,15.0,3.367295829986474,6.772874404788242,0.5394010219747485,0,2.0,0.8591887335188447,1.8085681527666861,True
2063,대조,0,4.0,9.0,286.29,174.0,48.0,112.74,0.0,2.0,1,87.44,44.0,29.0,153.07,4.0,4.0,1,1,4.0,2.302585092994046,5.660492158557335,0.39379650005239436,0,2.0,0.6982101908594109,0.8387894116334835,True
2064,처치,1,1.0,41.0,928.44,342.0,96.0,285.86,0.0,0.0,1,191.24,77.0,68.0,629.42,22.0,1.0,1,1,1.0,3.7376696182833684,6.834582254244222,0.3078928094437982,0,0.0,0.8089190924144543,1.4430019644029397,True
2065,대조,0,1.0,8.0,445.66,173.0,71.0,202.01,0.0,0.0,0,193.51,58.0,52.0,349.64,6.0,1.0,1,1,1.0,2.1972245773362196,6.1017976787923285,0.4532827716196203,0,0.0,0.5128552748584004,0.05143243426657596,True
2066,처치,1,2.0,32.0,596.58,18384.0,36.0,105.17,1.0,1.0,0,7.8100000000000005,4.0,4.0,90.77,10.0,2.0,1,1,2.0,3.4965075614664802,6.3928881660564265,0.1762881759361695,1,1.0,0.7553629726273838,1.127422801089213,True
2069,처치,1,12.0,6.0,167.64,77.0,37.0,101.08,0.0,1.0,1,42.65,21.0,20.0,71.42,4.0,12.0,1,1,12.0,1.9459101490553132,5.127766265352998,0.6029587210689573,0,1.0,0.5556517795747872,0.22353326703453305,True
2070,처치,1,1.0,86.0,693.3100000000001,12201.0,92.0,283.03,0.0,0.0,1,452.55,228.0,135.0,1192.24,63.0,1.0,1,1,1.0,4.465908118654584,6.542918546651329,0.40823008466631083,0,0.0,0.8576976212505981,1.7962973931915902,True
2071,대조,0,2.0,60.0,480.21000000000004,210.0,60.0,160.78,0.0,0.0,0,55.88,27.0,26.0,156.57,25.0,2.0,1,1,2.0,4.110873864173311,6.176303765264477,0.3348118531475812,0,0.0,0.7725309527522178,1.222657903176013,True
2074,처치,1,6.0,4.0,94.21,53.0,13.0,29.87,0.0,0.0,0,28.330000000000002,5.0,5.0,44.730000000000004,2.0,6.0,1,1,6.0,1.6094379124341003,4.5560849782976,0.3170576371935039,0,0.0,0.33347328202916254,-0.6925174775024949,True
2075,대조,0,2.0,15.0,411.24,18562.0,67.0,152.09,0.0,0.0,0,226.84,119.0,99.0,826.32,29.0,2.0,1,1,2.0,2.772588722239781,6.021605704019969,0.36983270109911487,0,0.0,0.5939157909056836,0.3801769935035423,True
2078,처치,1,8.0,7.0,92.16,32.0,9.0,14.379999999999999,0.0,3.0,0,7.99,2.0,2.0,9.98,1.0,8.0,1,1,8.0,2.0794415416798357,4.53431844501614,0.1560329861111111,0,3.0,0.6075035744099266,0.4368306285956294,True
2081,처치,1,,0.0,0.0,0.0,0.0,0.0,0.0,0.0,0,29.91,15.0,8.0,75.61,3.0,90.0,1,1,90.0,0.0,0.0,0.0,0,0.0,0.0714101617566582,-2.5652269516917934,True
2082,처치,1,6.0,24.0,674.87,70544.0,79.0,229.88,0.0,1.0,1,160.68,77.0,65.0,340.8,12.0,6.0,1,1,6.0,3.2188758248682006,6.516000749857161,0.340628565501504,0,1.0,0.7932739230917796,1.3447739713636473,True
2084,처치,1,7.0,13.0,347.24,185.0,66.0,163.85,0.0,0.0,1,129.57,65.0,43.0,288.4,12.0,7.0,1,1,7.0,2.6390573296152584,5.852891897244042,0.4718638405713627,0,0.0,0.631490563176701,0.5386166781254896,True
2085,처치,1,2.0,71.0,1943.81,113897.0,176.0,593.83,0.0,0.0,1,414.22,185.0,122.0,1328.78,28.0,2.0,1,1,2.0,4.276666119016055,7.5729195649056,0.3054979653361183,0,0.0,0.8773108624723428,1.9672075716745698,True
2092,처치,1,2.0,29.0,444.55,39135.0,20.0,72.31,0.0,0.0,1,13.280000000000001,6.0,5.0,203.47,16.0,2.0,1,1,2.0,3.4011973816621555,6.099309474058729,0.1626588685187268,0,0.0,0.7413411090744536,1.0529506852983543,True
2094,대조,0,4.0,8.0,303.78,164.0,45.0,147.83,0.0,0.0,1,160.22,56.0,45.0,361.71,9.0,4.0,1,1,4.0,2.1972245773362196,5.719590204861714,0.48663506484956226,0,0.0,0.5566197925268512,0.2274547500546757,True
2097,처치,1,7.0,37.0,1415.24,88385.0,111.0,545.86,0.0,2.0,1,288.11,101.0,51.0,843.76,17.0,7.0,1,1,7.0,3.6375861597263857,7.255760751417023,0.38570136513948167,0,2.0,0.8885848365816396,2.0763666908730984,True
2098,대조,0,51.0,3.0,253.86,110.0,50.0,147.32,0.0,0.0,0,29.5,9.0,8.0,55.54,1.0,51.0,1,1,51.0,1.3862943611198906,5.540714374784133,0.5803198613408965,0,0.0,0.3993370257248312,-0.4082282659716918,True
2099,대조,0,7.0,11.0,106.11,53.0,8.0,28.17,0.0,0.0,0,13.06,8.0,6.0,154.27,9.0,7.0,1,1,7.0,2.4849066497880004,4.673856343776539,0.265479219677693,0,0.0,0.4669627739938708,-0.1323417227235588,True
2100,처치,1,10.0,12.0,477.19,11462.0,95.0,276.01,0.0,0.0,1,129.92,98.0,53.0,241.20000000000002,9.0,10.0,1,1,10.0,2.5649493574615367,6.170008143053166,0.5784069238668036,0,0.0,0.6426042199689459,0.586685218439235,True
2102,대조,0,3.0,16.0,298.02,126.0,51.0,186.89000000000001,0.0,1.0,1,206.87,64.0,55.0,295.49,8.0,3.0,1,1,3.0,2.833213344056216,5.7005104607857815,0.6271055633850078,0,1.0,0.7056650722815618,0.8744223942034834,True
2108,처치,1,1.0,23.0,293.23,170.0,52.0,158.25,0.0,0.0,0,177.58,84.0,51.0,395.98,14.0,1.0,1,1,1.0,3.1780538303479458,5.6843617744165975,0.5396787504689151,0,0.0,0.6276951515799156,0.5223416175107782,True
2109,처치,1,1.0,24.0,604.74,308.0,149.0,379.22,0.0,0.0,0,127.97,55.0,38.0,199.28,10.0,1.0,1,1,1.0,3.2188758248682006,6.406450851099783,0.6270794060257301,0,0.0,0.6765118165259325,0.7377873284610053,True
2112,처치,1,1.0,17.0,801.35,8365.0,123.0,321.2,0.0,1.0,1,213.9,111.0,72.0,466.27,12.0,1.0,1,1,1.0,2.8903717578961645,6.687544921645369,0.4008236101578586,0,1.0,0.7639554999838765,1.1744891947348717,True
2114,처치,1,7.0,16.0,385.4,207.0,85.0,161.59,0.0,2.0,0,110.51,58.0,50.0,268.36,13.0,7.0,1,1,7.0,2.833213344056216,5.9568731023383625,0.4192786715101194,0,2.0,0.7263839609026875,0.9763529403263349,True
2117,처치,1,6.0,14.0,198.4,144.0,76.0,109.23,0.0,1.0,0,43.54,41.0,32.0,95.41,5.0,6.0,1,1,6.0,2.70805020110221,5.295312857527738,0.550554435483871,0,1.0,0.6070872420893094,0.4350849102261406,True
2123,처치,1,13.0,11.0,730.04,356.0,91.0,235.16,0.0,0.0,1,108.19,48.0,38.0,325.75,4.0,13.0,1,1,13.0,2.4849066497880004,6.594468177814961,0.32211933592679853,0,0.0,0.6620879860807232,0.6726129088456275,True
2128,대조,0,7.0,10.0,89.58,33.0,9.0,20.970000000000002,0.0,0.0,0,5.63,3.0,3.0,67.09,4.0,7.0,1,1,7.0,2.3978952727983707,4.506233438128068,0.2340924313462827,0,0.0,0.4431712558659175,-0.2283014540601358,True
2129,처치,1,5.0,25.0,1140.87,81874.0,117.0,364.19,0.0,2.0,1,213.97,121.0,87.0,532.56,11.0,5.0,1,1,5.0,3.258096538021482,7.040422548359685,0.31922129602846955,0,2.0,0.8565372474580324,1.7868223674626982,True
2130,처치,1,12.0,9.0,629.21,237.0,66.0,213.14000000000001,0.0,0.0,1,123.27000000000001,59.0,29.0,319.43,9.0,12.0,1,1,12.0,2.302585092994046,6.446053097175699,0.33874223232307177,0,0.0,0.6270541859806582,0.5195998195552464,True
2131,처치,1,1.0,26.0,1188.94,521.0,164.0,519.92,0.0,0.0,0,119.57,51.0,31.0,180.8,5.0,1.0,1,1,1.0,3.295836866004329,7.0816581646663685,0.4372970881625649,0,0.0,0.7254817929151786,0.9718183891685928,True
2133,처치,1,4.0,17.0,730.32,21323.0,74.0,213.31,0.0,1.0,1,174.28,62.0,52.0,621.62,11.0,4.0,1,1,4.0,2.8903717578961645,6.594851120460304,0.29207744550334097,0,1.0,0.7620850787307164,1.1641450652275567,True
2134,처치,1,1.0,15.0,1420.13,617.0,180.0,583.67,0.0,2.0,1,251.93,106.0,71.0,666.44,4.0,1.0,1,1,1.0,2.772588722239781,7.259207608782425,0.4109975847281586,0,2.0,0.8231631090542427,1.5379265818089094,True
2137,처치,1,3.0,37.0,741.64,108722.0,58.0,170.73,0.0,1.0,0,142.92,75.0,42.0,261.78000000000003,13.0,3.0,1,1,3.0,3.6375861597263857,6.610211405091677,0.230206029879726,0,1.0,0.7931819179885795,1.3442130240987022,True
2138,처치,1,12.0,12.0,349.07,240.0,64.0,162.71,0.0,0.0,0,0.0,0.0,0.0,48.06,2.0,12.0,0,1,12.0,2.5649493574615367,5.858133134486126,0.466124273068439,0,0.0,0.5609098505021255,0.2448554543931473,True
2139,대조,0,1.0,85.0,1455.9,30373.0,183.0,580.1,0.0,0.0,0,212.87,64.0,55.0,603.59,31.0,1.0,1,1,1.0,4.454347296253507,7.28406616965995,0.39844769558348786,0,0.0,0.8481070232382814,1.7198306618780035,True
2142,처치,1,7.0,11.0,943.79,423.0,108.0,309.96,0.0,0.0,0,180.5,76.0,64.0,485.14,7.0,7.0,1,1,7.0,2.4849066497880004,6.850962680576504,0.32842051727608895,0,0.0,0.6107875807068263,0.4506239807065552,True
2144,대조,0,3.0,4.0,479.23,155.0,35.0,185.62,0.0,0.0,0,60.29,8.0,8.0,179.87,6.0,3.0,1,1,3.0,1.6094379124341003,6.174265155804915,0.3873296746864762,0,0.0,0.4327020625851869,-0.27083521453495435,True
2146,처치,1,35.0,5.0,124.9,40.0,16.0,51.84,0.0,1.0,0,7.68,3.0,3.0,52.010000000000005,3.0,35.0,1,1,35.0,1.791759469228055,4.835487941050301,0.41505204163330667,0,1.0,0.4683225430593814,-0.12687976842754772,True
2147,처치,1,7.0,12.0,842.66,41498.0,150.0,367.06,0.0,0.0,1,226.55,130.0,93.0,527.92,8.0,7.0,1,1,7.0,2.5649493574615367,6.737749569830779,0.43559680060759975,0,0.0,0.6755537271251632,0.7334127375788283,True
2148,처치,1,1.0,13.0,238.24,158.0,42.0,104.25,1.0,2.0,1,119.07000000000001,66.0,56.0,277.89,14.0,1.0,1,1,1.0,2.6390573296152584,5.477467232176356,0.4375839489590329,1,2.0,0.7121793927372486,0.9059924411583211,True
2149,처치,1,1.0,18.0,633.54,75245.0,17.0,98.13,0.0,1.0,0,127.43,113.0,23.0,474.06,13.0,1.0,1,1,1.0,2.9444389791664403,6.452900326932563,0.15489156170091864,0,1.0,0.707473455070013,0.883144695026256,True
2154,대조,0,1.0,23.0,632.25,24886.0,87.0,255.99,0.0,0.0,1,86.4,46.0,34.0,186.0,11.0,1.0,1,1,1.0,3.1780538303479458,6.450865288881785,0.4048873072360617,0,0.0,0.7314743954635533,1.0021159462592886,True
2156,처치,1,2.0,14.0,902.59,32546.0,146.0,329.79,0.0,0.0,1,216.42,120.0,92.0,570.13,10.0,2.0,1,1,2.0,2.70805020110221,6.806375717688874,0.36538184557772635,0,0.0,0.6946153098900402,0.8217859204592401,True
2158,대조,0,6.0,18.0,479.65,51521.0,116.0,206.68,0.0,0.0,1,73.29,46.0,40.0,252.61,10.0,6.0,1,1,6.0,2.9444389791664403,6.175139354511825,0.43089752944855625,0,0.0,0.6911547293331153,0.8055233102822709,True
2159,처치,1,7.0,25.0,369.96000000000004,16614.0,32.0,134.83,0.0,0.0,0,31.95,16.0,10.0,162.53,16.0,7.0,1,1,7.0,3.258096538021482,5.916094240083205,0.3644448048437669,0,0.0,0.6592896932034314,0.660130457024501,True
2161,대조,0,36.0,3.0,111.65,44802.0,0.0,0.0,0.0,1.0,0,0.0,0.0,0.0,0.0,0.0,36.0,0,0,36.0,1.3862943611198906,4.724285666878253,0.0,0,1.0,0.4058641941405114,-0.38108931616979635,True
2164,처치,1,12.0,9.0,447.35,244.0,72.0,230.09,0.0,0.0,0,0.0,0.0,0.0,0.0,0.0,12.0,0,0,12.0,2.302585092994046,6.105574177398057,0.5143400022353861,0,0.0,0.5381548508967267,0.1529166858962741,True
2168,처치,1,3.0,26.0,777.26,463.0,156.0,305.22,0.0,2.0,1,139.92,90.0,77.0,339.96,15.0,3.0,1,1,3.0,3.295836866004329,6.657060658580637,0.3926871317191159,0,2.0,0.8450889795068928,1.6965910322568223,True
2170,처치,1,1.0,40.0,889.77,489.0,105.0,234.56,0.0,1.0,0,81.43,40.0,26.0,380.09000000000003,27.0,1.0,1,1,1.0,3.713572066704308,6.792086257222935,0.2636186879755443,0,1.0,0.8069232180784413,1.4301405752787102,True
2173,대조,0,,0.0,0.0,0.0,0.0,0.0,0.0,0.0,1,184.27,108.0,58.0,304.13,7.0,90.0,1,1,90.0,0.0,0.0,0.0,0,0.0,0.09144392020011459,-2.296130723436789,True
2176,처치,1,1.0,21.0,520.3100000000001,58344.0,80.0,205.78,0.0,0.0,0,50.82,31.0,24.0,102.51,5.0,1.0,1,1,1.0,3.091042453358316,6.256344874402273,0.39549499336933747,0,0.0,0.6522784818360322,0.6290696658631669,True
2179,처치,1,3.0,11.0,254.37,4528.0,23.0,78.13,0.0,0.0,1,33.19,22.0,16.0,80.55,4.0,3.0,1,1,3.0,2.4849066497880004,5.542713473895698,0.30715100051106653,0,0.0,0.5876908780983691,0.35442772824490804,True
2181,처치,1,85.0,1.0,22.0,8.0,6.0,22.0,0.0,0.0,1,15.56,2.0,2.0,53.75,2.0,85.0,1,1,85.0,0.6931471805599453,3.1354942159291497,1.0,0,0.0,0.25127511414782927,-1.091823196249088,True
2182,처치,1,19.0,11.0,162.06,77.0,14.0,49.58,0.0,2.0,1,15.309999999999999,13.0,9.0,41.64,4.0,19.0,1,1,19.0,2.4849066497880004,5.094118231234765,0.3059360730593607,0,2.0,0.701108719959424,0.8525830723123413,True
2183,처치,1,2.0,12.0,336.81,27743.0,52.0,167.33,0.0,1.0,1,157.15,90.0,58.0,503.84000000000003,18.0,2.0,1,1,2.0,2.5649493574615367,5.822483607251102,0.4968082895400968,0,1.0,0.6787014871462058,0.7478107572934206,True
2184,대조,0,4.0,27.0,521.83,25344.0,59.0,174.74,0.0,0.0,1,50.76,33.0,17.0,349.73,21.0,4.0,1,1,4.0,3.332204510175204,6.259256363424289,0.334860011881264,0,0.0,0.7419175674693264,1.0559591021177417,True
2186,대조,0,2.0,9.0,613.17,198.0,61.0,316.41,0.0,1.0,1,102.4,28.0,25.0,232.38,9.0,2.0,1,1,2.0,2.302585092994046,6.420271762789066,0.5160232888106072,0,1.0,0.6794049821294813,0.7510386887934,True
2187,처치,1,2.0,9.0,364.13,119.0,39.0,106.36,0.0,0.0,0,50.42,19.0,15.0,98.86,3.0,2.0,1,1,2.0,2.302585092994046,5.9002534545545755,0.29209348309669625,0,0.0,0.5173432328622874,0.06940077358596321,True
2188,처치,1,1.0,26.0,667.32,42838.0,103.0,291.31,0.0,1.0,1,190.08,104.0,71.0,478.87,17.0,1.0,1,1,1.0,3.295836866004329,6.504767100748865,0.43653719355032067,0,1.0,0.7968000393100354,1.3664132333558616,True
2190,처치,1,1.0,42.0,1558.85,156164.0,176.0,469.04,0.0,0.0,1,150.41,90.0,62.0,660.11,18.0,1.0,1,1,1.0,3.7612001156935624,7.352344941774351,0.30088847547871833,0,0.0,0.8315236934969256,1.5964646674318368,True
2193,처치,1,8.0,16.0,1311.41,26972.0,137.0,388.15000000000003,0.0,2.0,1,219.93,101.0,85.0,942.11,16.0,8.0,1,1,8.0,2.833213344056216,7.17962042068608,0.2959791369594559,0,2.0,0.8294815002595202,1.5819570133884655,True
2198,대조,0,2.0,67.0,769.4399999999999,32653.0,56.0,113.11,0.0,0.0,1,124.98,67.0,56.0,599.73,38.0,2.0,1,1,2.0,4.219507705176107,6.646961780216022,0.14700301517987108,0,0.0,0.8441802282973204,1.6896659826692995,True
2200,처치,1,5.0,23.0,1137.19,62287.0,165.0,437.89,2.0,5.0,1,214.88,89.0,82.0,480.1,17.0,5.0,1,1,5.0,3.1780538303479458,7.037194560328285,0.3850631820540103,1,5.0,0.9244969819725395,2.505077156995174,False
2203,처치,1,3.0,6.0,338.18,99.0,14.0,65.11,0.0,1.0,1,115.93,34.0,28.0,506.33,9.0,3.0,1,1,3.0,1.9459101490553132,5.826530939915254,0.1925306050032527,0,1.0,0.5970342863977912,0.3931230624783753,True
2204,대조,0,3.0,33.0,395.21,402.0,89.0,154.38,0.0,0.0,0,103.47,54.0,46.0,277.18,17.0,3.0,1,1,3.0,3.5263605246161616,5.981944373723823,0.39062776751600414,0,0.0,0.6948336159215212,0.822815265918502,True
2205,처치,1,1.0,8.0,254.46,124.0,24.0,46.9,0.0,1.0,0,4.99,3.0,3.0,6.99,1.0,1.0,1,1,1.0,2.1972245773362196,5.543065841614631,0.18431187612984357,0,1.0,0.5476282188030106,0.19109225735088423,True
2207,처치,1,1.0,68.0,1008.23,553.0,149.0,429.55,0.0,1.0,0,89.54,49.0,33.0,283.6,26.0,1.0,1,1,1.0,4.23410650459726,6.916942942841131,0.42604366067266397,0,1.0,0.8543485799699951,1.7691230508123283,True
2208,처치,1,3.0,24.0,1890.47,17736.0,246.0,814.0500000000001,0.0,2.0,1,272.88,114.0,83.0,662.19,15.0,3.0,1,1,3.0,3.2188758248682006,7.545109583519075,0.43060720349965886,0,2.0,0.8685242368498148,1.88797296786906,True
2210,처치,1,3.0,15.0,502.63,256.0,46.0,181.08,0.0,0.0,0,74.22,30.0,16.0,152.48,1.0,3.0,1,1,3.0,2.772588722239781,6.22184187148407,0.3602650060680819,0,0.0,0.607765190559175,0.4379279434986983,True
2211,대조,0,1.0,17.0,465.07,25510.0,65.0,138.48,0.0,0.0,0,28.52,15.0,15.0,142.77,7.0,1.0,1,1,1.0,2.8903717578961645,6.144335837436838,0.2977616272819145,0,0.0,0.6183229463348879,0.4824360460590947,True
2213,처치,1,17.0,2.0,61.13,28.0,13.0,20.08,0.0,2.0,0,28.33,9.0,9.0,173.7,5.0,17.0,1,1,17.0,1.0986122886681098,4.129228964075603,0.3284802879110093,0,2.0,0.3746754425420705,-0.5122106422174916,True
2215,처치,1,9.0,18.0,324.93,129.0,62.0,147.45,0.0,2.0,0,159.25,60.0,47.0,302.77,14.0,9.0,1,1,9.0,2.9444389791664403,5.786682634383844,0.4537900470870649,0,2.0,0.7316644144253165,1.0030835764409782,True
2221,처치,1,3.0,17.0,379.77,210.0,85.0,178.39,0.0,0.0,1,98.62,60.0,50.0,203.18,10.0,3.0,1,1,3.0,2.8903717578961645,5.942195518301179,0.46973167970087154,0,0.0,0.6678455071457261,0.6984566694581489,True
2222,처치,1,7.0,5.0,546.78,212.0,38.0,102.08,0.0,0.0,0,85.55,33.0,30.0,229.13,3.0,7.0,1,1,7.0,1.791759469228055,6.3058737464874195,0.18669300267017813,0,0.0,0.47373281760002167,-0.10516554828411655,True
2223,대조,0,35.0,3.0,28.53,9.0,0.0,0.0,0.0,2.0,0,6.99,1.0,1.0,42.559999999999995,1.0,35.0,1,1,35.0,1.3862943611198906,3.3854066957558313,0.0,0,2.0,0.3860326975724799,-0.46401959873951376,True
2224,대조,0,1.0,14.0,499.83,198.0,102.0,261.04,0.0,3.0,1,181.67000000000002,75.0,66.0,316.6,8.0,1.0,1,1,1.0,2.70805020110221,6.216266722145061,0.5222575675729749,0,3.0,0.8169357733935878,1.4957234227025615,True
2226,처치,1,1.0,131.0,1759.67,113729.0,199.0,425.31,0.0,1.0,0,399.5,207.0,169.0,1361.67,79.0,1.0,1,1,1.0,4.882801922586371,7.47344969740944,0.24169872760233452,0,1.0,0.9099235548458363,2.3127018899142815,True
2228,처치,1,6.0,40.0,1116.35,30605.0,92.0,333.44,0.0,2.0,0,186.88,49.0,37.0,594.97,16.0,6.0,1,1,6.0,3.713572066704308,7.018715089290395,0.29868768755318675,0,2.0,0.8567277274309234,1.7883733399163555,True
2230,대조,0,4.0,4.0,191.35,75.0,26.0,75.22,0.0,0.0,0,16.69,9.0,9.0,103.55,4.0,4.0,1,1,4.0,1.6094379124341003,5.259316629198304,0.39310164619806637,0,0.0,0.3744097973032073,-0.5133446161858016,True
2231,대조,0,17.0,7.0,298.02,89.0,38.0,114.64,0.0,0.0,1,41.03,21.0,19.0,117.81,2.0,17.0,1,1,17.0,2.0794415416798357,5.7005104607857815,0.38467216965304346,0,0.0,0.5504036714256266,0.20230182450108417,True
2233,처치,1,3.0,34.0,927.45,78019.0,77.0,189.76,2.0,3.0,1,147.82,66.0,58.0,587.03,19.0,3.0,1,1,3.0,3.5553480614894135,6.833516529046604,0.20460402178014986,1,3.0,0.8922351162696935,2.113777829597722,True
2234,대조,0,6.0,26.0,1100.14,51100.0,116.0,469.22,0.0,0.0,1,50.85,17.0,14.0,132.32999999999998,3.0,6.0,1,1,6.0,3.295836866004329,7.00410128576878,0.42650935335502754,0,0.0,0.775294739750032,1.2384536773894672,True
2236,처치,1,1.0,40.0,636.47,64627.0,46.0,92.82,0.0,0.0,0,85.97,34.0,22.0,371.24,29.0,1.0,1,1,1.0,3.713572066704308,6.4575072171017505,0.1458356246170283,0,0.0,0.7434097242684964,1.0637667837201958,True
2238,처치,1,1.0,33.0,458.71,311.0,97.0,246.34,0.0,0.0,0,54.85,23.0,19.0,89.48,10.0,1.0,1,1,1.0,3.5263605246161616,6.130595855892963,0.5370277517385712,0,0.0,0.7006717032716995,0.850498497629184,True
2239,대조,0,2.0,21.0,698.97,13582.0,84.0,296.29,0.0,0.0,0,0.0,0.0,0.0,22.88,1.0,2.0,0,1,2.0,3.091042453358316,6.551037476982154,0.423895160021174,0,0.0,0.6705986799729104,0.7108940404995512,True
2240,대조,0,20.0,21.0,467.37,206.0,67.0,202.37,1.0,3.0,0,247.31,102.0,70.0,482.82,12.0,20.0,1,1,20.0,3.091042453358316,6.149258581850039,0.4329974110447825,1,3.0,0.8079371427987483,1.4366615622223629,True
2241,대조,0,2.0,13.0,477.98,285.0,109.0,262.09,0.0,0.0,0,100.52000000000001,33.0,17.0,131.38,7.0,2.0,1,1,2.0,2.6390573296152584,6.171658842885763,0.5483283819406669,0,0.0,0.5828634216507073,0.334539196533458,True
2244,처치,1,2.0,49.0,976.87,10330.0,169.0,407.61,1.0,2.0,0,161.93,78.0,59.0,316.54,21.0,2.0,1,1,2.0,3.912023005428146,6.885376736864217,0.41726125277672566,1,2.0,0.8557297498966874,1.7802663360221898,True
2245,처치,1,15.0,14.0,278.33,147.0,51.0,99.64,0.0,1.0,0,81.4,53.0,46.0,258.12,8.0,15.0,1,1,15.0,2.70805020110221,5.632393878568548,0.3579923112851651,0,1.0,0.6375543680156022,0.5647650742441089,True
2247,처치,1,3.0,7.0,278.8,117.0,32.0,142.41,0.0,0.0,0,90.5,26.0,15.0,219.78,4.0,3.0,1,1,3.0,2.0794415416798357,5.634075062231381,0.5107962697274031,0,0.0,0.46519518166696894,-0.1394447917460285,True
2248,대조,0,5.0,9.0,300.56,157.0,51.0,114.39,0.0,0.0,0,19.22,3.0,3.0,45.160000000000004,2.0,5.0,1,1,5.0,2.302585092994046,5.708969001343501,0.3805895661431994,0,0.0,0.5064329987975694,0.025733415170435793,True
2250,대조,0,22.0,7.0,363.78,190.0,81.0,260.86,0.0,0.0,1,216.25,108.0,51.0,393.11,10.0,22.0,1,1,22.0,2.0794415416798357,5.899294432135852,0.7170817527076806,0,0.0,0.5651864067534665,0.26223818221625916,True
2251,대조,0,49.0,2.0,172.05,89.0,13.0,64.36,0.0,1.0,0,151.23,82.0,58.0,353.17,5.0,49.0,1,1,49.0,1.0986122886681098,5.1535805700813535,0.37407730310956117,0,1.0,0.4004172769082573,-0.4037267561251528,True
2252,대조,0,1.0,25.0,1063.47,53027.0,137.0,387.63,0.0,0.0,1,188.52,87.0,60.0,526.89,13.0,1.0,1,1,1.0,3.258096538021482,6.9702323016912215,0.3644954723687551,0,0.0,0.7669080521624834,1.1909339127073226,True
2254,대조,0,1.0,10.0,283.03000000000003,15457.0,24.0,77.33,0.0,0.0,1,52.6,28.0,20.0,151.21,19.0,1.0,1,1,1.0,2.3978952727983707,5.649079866385166,0.27322191993781575,0,0.0,0.5805403737121997,0.3249920697961709,True
2258,대조,0,12.0,8.0,215.69,79.0,31.0,86.24,0.0,1.0,0,19.25,9.0,6.0,37.07,3.0,12.0,1,1,12.0,2.1972245773362196,5.3784677607308655,0.3998330937920163,0,1.0,0.5446357337330443,0.1790195088716402,True
2260,처치,1,3.0,14.0,705.17,90226.0,47.0,148.76,0.0,0.0,1,69.88,35.0,24.0,297.89,7.0,3.0,1,1,3.0,2.70805020110221,6.559856001708345,0.2109562233220358,0,0.0,0.6823243099455127,0.7644740528043805,True
2261,처치,1,1.0,103.0,2410.63,125872.0,208.0,669.07,0.0,0.0,0,317.14,114.0,107.0,922.0600000000001,71.0,1.0,1,1,1.0,4.6443908991413725,7.788058146411818,0.277549852113348,0,0.0,0.8779364934552945,1.9730328053577093,True
2262,처치,1,3.0,17.0,211.12,111.0,48.0,97.47,0.0,3.0,0,31.52,16.0,16.0,82.54,11.0,3.0,1,1,3.0,2.8903717578961645,5.357152152268929,0.46168056081849185,0,3.0,0.7528681923060366,1.1139683403754326,True
2263,처치,1,18.0,34.0,335.76,5830.0,62.0,128.24,0.0,3.0,0,102.77,60.0,52.0,262.35,28.0,18.0,1,1,18.0,3.5553480614894135,5.819370510469463,0.3819394805813677,0,3.0,0.8445325470036004,1.692346871251502,True
2264,처치,1,2.0,42.0,2403.48,883.0,244.0,927.02,0.0,0.0,1,519.57,229.0,144.0,1360.25,27.0,2.0,1,1,2.0,3.7612001156935624,7.785088942945549,0.385699069682294,0,0.0,0.8472821166310703,1.7134413969130124,True
2266,처치,1,1.0,19.0,1382.43,616.0,155.0,383.29,0.0,1.0,1,196.47,99.0,88.0,988.24,20.0,1.0,1,1,1.0,2.995732273553991,7.232321201633247,0.2772581613535586,0,1.0,0.80029561952706,1.3881430083706259,True
2269,처치,1,7.0,34.0,383.28000000000003,199.0,72.0,233.26000000000002,0.0,0.0,1,109.34,56.0,38.0,265.61,17.0,7.0,1,1,7.0,3.5553480614894135,5.951371453541538,0.608589021081194,0,0.0,0.7517341725599257,1.1078827105742444,True
2273,처치,1,18.0,6.0,122.76,60.0,19.0,50.06,0.0,0.0,0,24.26,9.0,9.0,123.24,3.0,18.0,1,1,18.0,1.9459101490553132,4.81834420626481,0.4077875529488433,0,0.0,0.4059135810618323,-0.3808845127909268,True
2274,처치,1,7.0,2.0,315.09,143.0,53.0,182.53,0.0,3.0,0,220.76,75.0,45.0,585.6800000000001,5.0,7.0,1,1,7.0,1.0986122886681098,5.75602698316279,0.5792948046589864,0,3.0,0.5401259377681368,0.1608496562140013,True
2275,대조,0,11.0,11.0,192.1,100.0,36.0,79.45,0.0,0.0,0,72.29,32.0,28.0,147.02,13.0,11.0,1,1,11.0,2.4849066497880004,5.263208189434469,0.4135866736074961,0,0.0,0.508834836984687,0.035343026480728956,True
2278,처치,1,21.0,4.0,53.49,16.0,5.0,20.36,0.0,1.0,0,17.03,2.0,2.0,40.77,3.0,21.0,1,1,21.0,1.6094379124341003,3.998017198595007,0.3806318938119274,0,1.0,0.37515760520997715,-0.510153231363444,True
2279,대조,0,9.0,7.0,127.57000000000001,69.0,22.0,49.86,0.0,0.0,1,32.01,20.0,16.0,69.86,5.0,9.0,1,1,9.0,2.0794415416798357,4.856473503096157,0.3908442423767343,0,0.0,0.48660771568234396,-0.05358195318824217,True
2281,대조,0,24.0,8.0,379.41,204.0,47.0,150.81,0.0,0.0,0,117.62,62.0,41.0,308.94,11.0,24.0,1,1,24.0,2.1972245773362196,5.9412496184434795,0.39748556970032417,0,0.0,0.5232487972619343,0.09306229546883527,True
2282,대조,0,8.0,7.0,64.49,39.0,21.0,34.87,0.0,1.0,1,28.69,18.0,16.0,50.910000000000004,4.0,8.0,1,1,8.0,2.0794415416798357,4.181897459229962,0.5407039851139711,0,1.0,0.5092109328615774,0.03684790012115078,True
2284,처치,1,3.0,41.0,2520.32,62236.0,262.0,822.21,0.0,1.0,1,423.85,138.0,104.0,1259.83,17.0,3.0,1,1,3.0,3.7376696182833684,7.832537852888958,0.32623238318943626,0,1.0,0.8806203171697133,1.998317539088283,True
2286,대조,0,,0.0,0.0,0.0,0.0,0.0,0.0,1.0,0,16.240000000000002,2.0,2.0,38.8,2.0,90.0,1,1,90.0,0.0,0.0,0.0,0,1.0,0.0923978089009727,-2.2847029018973983,True
2289,처치,1,3.0,9.0,213.76,121.0,37.0,76.89,0.0,0.0,0,48.59,27.0,20.0,130.32,8.0,3.0,1,1,3.0,2.302585092994046,5.3695211255543684,0.35970247005988026,0,0.0,0.4820122603528168,-0.07198202320086265,True
2293,대조,0,17.0,12.0,695.67,8720.0,46.0,184.98,0.0,0.0,0,21.490000000000002,16.0,11.0,75.96000000000001,1.0,17.0,1,1,17.0,2.5649493574615367,6.546311840968295,0.2659019362628833,0,0.0,0.611769646311626,0.4547569582131306,True
2294,처치,1,3.0,21.0,744.49,81128.0,95.0,251.79,0.0,3.0,1,188.2,87.0,69.0,475.92,11.0,3.0,1,1,3.0,3.091042453358316,6.614041720298596,0.3382046770272267,0,3.0,0.863546440390699,1.8450633436226744,True
2295,처치,1,1.0,15.0,1292.25,658.0,148.0,506.61,0.0,2.0,1,228.14000000000001,128.0,80.0,473.67,4.0,1.0,1,1,1.0,2.772588722239781,7.164913708883624,0.3920371445153802,0,2.0,0.8195407533904167,1.513239154802586,True
2298,대조,0,7.0,15.0,528.38,240.0,90.0,266.97,0.0,0.0,1,54.79,20.0,17.0,157.33,4.0,7.0,1,1,7.0,2.772588722239781,6.271706510462068,0.5052613649267573,0,0.0,0.6747653158834545,0.729817923533736,True
2299,대조,0,8.0,12.0,416.56,252.0,103.0,182.26,0.0,0.0,0,40.03,31.0,27.0,175.24,9.0,8.0,1,1,8.0,2.5649493574615367,6.034428246540098,0.4375360092183599,0,0.0,0.5692566705333681,0.27881903355382476,True
2300,처치,1,8.0,12.0,641.22,328.0,112.0,261.63,0.0,0.0,1,147.95,52.0,47.0,473.07,12.0,8.0,1,1,8.0,2.5649493574615367,6.464930924116604,0.4080190886123327,0,0.0,0.6603026762760702,0.664643333529916,True
2301,처치,1,1.0,31.0,807.05,4049.0,76.0,272.91,0.0,1.0,0,102.6,44.0,29.0,399.13,14.0,1.0,1,1,1.0,3.4657359027997265,6.694623937794653,0.3381574871445388,0,1.0,0.7778657687867913,1.2532721313470474,True
2302,처치,1,26.0,10.0,347.31,202.0,52.0,107.72,0.0,0.0,1,58.71,28.0,18.0,152.97,5.0,26.0,1,1,26.0,2.3978952727983707,5.85309288784123,0.31015519276726844,0,0.0,0.6150526213539116,0.4686011812182386,True
2303,처치,1,11.0,8.0,388.34,114.0,37.0,156.16,0.0,0.0,0,50.85,14.0,12.0,251.07,9.0,11.0,1,1,11.0,2.1972245773362196,5.964452997861132,0.40212185198537365,0,0.0,0.5130745374905068,0.05231007489531672,True
2310,대조,0,20.0,6.0,149.27,94.0,39.0,69.65,0.0,0.0,0,29.330000000000002,16.0,15.0,67.24,4.0,20.0,1,1,20.0,1.9459101490553132,5.012433676037635,0.4666041401487238,0,0.0,0.4198109142309165,-0.32354965466449737,True
2314,처치,1,9.0,13.0,730.13,13969.0,148.0,262.59000000000003,0.0,0.0,1,146.57,117.0,88.0,408.54,7.0,9.0,1,1,9.0,2.6390573296152584,6.5945912825156645,0.3596482818128279,0,0.0,0.6789719511267502,0.7490513186336936,True
2316,대조,0,23.0,4.0,88.27000000000001,19.0,1.0,13.98,0.0,1.0,0,0.0,0.0,0.0,0.0,0.0,23.0,0,0,23.0,1.6094379124341003,4.4916654851912705,0.15837770476945734,0,1.0,0.41033514509106184,-0.3625800801370772,True
2319,대조,0,18.0,6.0,172.49,77.0,18.0,49.9,0.0,1.0,0,31.490000000000002,7.0,7.0,55.83,2.0,18.0,1,1,18.0,1.9459101490553132,5.156119960838237,0.28929213287726824,0,1.0,0.49863102261690423,-0.005475923215640739,True
2327,처치,1,2.0,11.0,243.56,212.0,59.0,117.82,0.0,0.0,0,32.99,15.0,12.0,45.61,1.0,2.0,1,1,2.0,2.4849066497880004,5.499460677582579,0.48374117260633925,0,0.0,0.5159930226912003,0.06399392093386697,True
2328,처치,1,5.0,19.0,1858.75,8868.0,144.0,694.44,0.0,3.0,1,269.57,93.0,57.0,795.0,10.0,5.0,1,1,5.0,2.995732273553991,7.52819734907145,0.3736059179556154,0,3.0,0.884911780604866,2.0397889976586963,True
2334,처치,1,1.0,45.0,1805.13,692.0,230.0,683.6,0.0,2.0,1,186.78,73.0,60.0,519.36,18.0,1.0,1,1,1.0,3.828641396489095,7.498941713667615,0.3786984870895725,0,2.0,0.9033069484404832,2.2345208721740715,True
2336,처치,1,4.0,5.0,95.10000000000001,48.0,9.0,18.38,0.0,1.0,0,5.75,3.0,3.0,14.74,2.0,4.0,1,1,4.0,1.791759469228055,4.565389315976247,0.19327024185068345,0,1.0,0.42470998250217695,-0.3034677500234218,True
2342,대조,0,2.0,30.0,819.89,195696.0,59.0,172.41,0.0,0.0,1,117.18,92.0,38.0,312.88,18.0,2.0,1,1,2.0,3.4339872044851463,6.710389117528287,0.21028430643135054,0,0.0,0.7747163913241302,1.2351369242334664,True
2343,처치,1,7.0,25.0,559.3100000000001,20938.0,61.0,148.66,0.0,1.0,1,67.54,46.0,36.0,344.38,18.0,7.0,1,1,7.0,3.258096538021482,6.328490201993626,0.26579177915646063,0,1.0,0.7898471731447745,1.3240044620636726,True
2344,처치,1,3.0,6.0,274.0,5245.0,30.0,112.0,0.0,0.0,0,65.46000000000001,31.0,17.0,184.02,5.0,3.0,1,1,3.0,1.9459101490553132,5.616771097666572,0.40875912408759124,0,0.0,0.44513271605975313,-0.22035648107662403,True
2345,처치,1,4.0,26.0,884.21,11550.0,117.0,395.41,0.0,1.0,0,0.0,0.0,0.0,0.0,0.0,4.0,0,0,4.0,3.295836866004329,6.785824904995146,0.44719014713699234,0,1.0,0.765539764648728,1.1832951582853883,True
2346,처치,1,20.0,4.0,121.68,54.0,11.0,26.11,0.0,0.0,0,43.99,19.0,16.0,132.25,4.0,20.0,1,1,20.0,1.6094379124341003,4.809579339246051,0.2145792241946088,0,0.0,0.3611424097899292,-0.5704091985226813,True
2347,대조,0,14.0,17.0,765.56,27217.0,52.0,181.56,0.0,0.0,1,63.68,37.0,26.0,163.88,6.0,14.0,1,1,14.0,2.8903717578961645,6.641912973134812,0.2371597262134908,0,0.0,0.7179249405755959,0.934191820301978,True
2350,처치,1,5.0,9.0,322.32,10890.0,45.0,131.11,0.0,0.0,0,54.66,22.0,16.0,163.42,4.0,5.0,1,1,5.0,2.302585092994046,5.778642544865644,0.4067696698932738,0,0.0,0.5108867257391403,0.043553786532912156,True
2351,처치,1,1.0,53.0,2384.76,159238.0,264.0,623.51,0.0,1.0,1,421.34000000000003,202.0,160.0,1366.54,29.0,1.0,1,1,1.0,3.9889840465642745,7.777273010842597,0.2614560794377631,0,1.0,0.8936590239527575,2.128673610859309,True
2356,대조,0,13.0,9.0,306.25,151.0,52.0,108.39,0.0,1.0,0,37.61,30.0,25.0,108.22,11.0,13.0,1,1,13.0,2.302585092994046,5.7276617484461445,0.3539265306122449,0,1.0,0.5844386299723562,0.34102147460994386,True
2358,대조,0,4.0,14.0,275.72,95.0,30.0,104.85,0.0,0.0,0,97.9,17.0,14.0,171.41,6.0,4.0,1,1,4.0,2.70805020110221,5.623006164628913,0.38027709270274185,0,0.0,0.560039638097553,0.24132292727238475,True
2359,처치,1,4.0,30.0,502.93,60766.0,61.0,163.56,0.0,0.0,1,35.89,20.0,17.0,128.11,11.0,4.0,1,1,4.0,3.4339872044851463,6.222437369536525,0.32521424452707137,0,0.0,0.7516099300146487,1.1072171059304368,True
2364,대조,0,1.0,15.0,1169.54,486.0,158.0,436.18,0.0,0.0,1,197.26,79.0,71.0,562.2,13.0,1.0,1,1,1.0,2.772588722239781,7.065220459777225,0.37295004873711035,0,0.0,0.7162746156312876,0.9260568209028944,True
2369,처치,1,2.0,13.0,521.97,47496.0,57.0,147.54,0.0,0.0,0,31.33,7.0,7.0,112.69,5.0,2.0,1,1,2.0,2.6390573296152584,6.259524101043024,0.2826599229840795,0,0.0,0.5908178626259267,0.36734740427256496,True
2370,처치,1,1.0,20.0,721.52,37085.0,89.0,237.44,0.0,0.0,1,195.5,96.0,66.0,448.85,16.0,1.0,1,1,1.0,3.044522437723423,6.582745101264357,0.32908304690098683,0,0.0,0.7232004565695604,0.9603928661106471,True
2371,처치,1,1.0,12.0,264.83,99.0,28.0,73.52,0.0,3.0,0,59.77,24.0,22.0,170.53,13.0,1.0,1,1,1.0,2.5649493574615367,5.582857006727321,0.2776120530151418,0,3.0,0.726977290019044,0.9793402606390005,True
2372,처치,1,5.0,8.0,305.54,134.0,54.0,142.44,0.0,0.0,0,159.64,70.0,57.0,313.23,3.0,5.0,1,1,5.0,2.1972245773362196,5.725348252570762,0.4661910060875826,0,0.0,0.49105487593152464,-0.03578431432068129,True
2373,대조,0,7.0,24.0,625.1800000000001,30863.0,61.0,186.87,0.0,0.0,0,65.72,35.0,28.0,145.36,8.0,7.0,1,1,7.0,3.2188758248682006,6.439637869704517,0.2989059150964522,0,0.0,0.6856101481316703,0.7796753867380563,True
2375,대조,0,3.0,25.0,654.75,267.0,68.0,327.71999999999997,0.0,0.0,0,55.839999999999996,26.0,16.0,119.4,10.0,3.0,1,1,3.0,3.258096538021482,6.485779618746983,0.5005269186712485,0,0.0,0.688717040330903,0.794128168301396,True
2376,대조,0,1.0,32.0,554.59,30514.0,55.0,141.24,0.0,0.0,1,89.44,44.0,33.0,357.02,17.0,1.0,1,1,1.0,3.4965075614664802,6.320030612158098,0.25467462449737643,0,0.0,0.7617759028247254,1.1624406062236077,True
2377,대조,0,1.0,8.0,189.06,4425.0,46.0,75.72,0.0,1.0,0,38.910000000000004,17.0,16.0,88.75,4.0,1.0,1,1,1.0,2.1972245773362196,5.247339811783169,0.40050777530942555,0,1.0,0.5260087239745062,0.10412888158683975,True
2378,대조,0,2.0,28.0,1531.9,21523.0,176.0,516.17,0.0,0.0,1,289.31,114.0,75.0,702.98,15.0,2.0,1,1,2.0,3.367295829986474,7.334916645172062,0.33694758143481945,0,0.0,0.7955577428549746,1.358757857550982,True
2380,처치,1,1.0,33.0,707.53,60881.0,152.0,363.45,0.0,1.0,1,273.09,182.0,107.0,537.94,16.0,1.0,1,1,1.0,3.5263605246161616,6.56319240121242,0.513688465506763,0,1.0,0.8201251859272567,1.5171958628110305,True
2381,처치,1,3.0,10.0,288.1,10505.0,59.0,107.33,0.0,0.0,0,17.27,12.0,9.0,128.94,8.0,3.0,1,1,3.0,2.3978952727983707,5.666772649022301,0.37254425546685177,0,0.0,0.5160991279305716,0.06441877945735126,True
2384,대조,0,56.0,4.0,125.98,51.0,18.0,58.66,0.0,1.0,0,1.0,1.0,1.0,2.59,1.0,56.0,1,1,56.0,1.6094379124341003,4.844029593742304,0.4656294649944435,0,1.0,0.46017589421587884,-0.15963456134216938,True
2385,처치,1,1.0,149.0,2835.17,126599.0,308.0,948.26,0.0,2.0,0,186.24,88.0,64.0,740.74,43.0,1.0,1,1,1.0,5.0106352940962555,7.950209829437984,0.33446318915620576,0,2.0,0.9423801833543168,2.7945422373048423,False
2386,대조,0,1.0,6.0,270.01,106.0,26.0,108.68,0.0,0.0,0,2.99,2.0,2.0,71.17999999999999,3.0,1.0,1,1,1.0,1.9459101490553132,5.602155720567903,0.40250361097737125,0,0.0,0.4424381984870078,-0.23127256166430843,True
2388,대조,0,12.0,10.0,368.05,147.0,52.0,143.83,0.0,1.0,0,0.0,0.0,0.0,24.05,3.0,12.0,0,1,12.0,2.3978952727983707,5.910932136216061,0.3907892949327537,0,1.0,0.6088198206938469,0.4423540925230107,True
2391,대조,0,2.0,6.0,90.47,49.0,18.0,40.17,0.0,1.0,0,37.11,25.0,19.0,56.15,6.0,2.0,1,1,2.0,1.9459101490553132,4.516011049668273,0.44401459047197966,0,1.0,0.4401613777057864,-0.24050714054163894,True
2393,처치,1,10.0,7.0,605.25,283.0,74.0,265.44,0.0,0.0,1,163.38,65.0,39.0,303.04,6.0,10.0,1,1,10.0,2.0794415416798357,6.407292442251693,0.4385625774473358,0,0.0,0.5902949016740608,0.36518461684843967,True
2398,대조,0,5.0,9.0,190.44,80.0,25.0,63.61,0.0,0.0,0,131.13,59.0,43.0,281.7,12.0,5.0,1,1,5.0,2.302585092994046,5.254574443600118,0.33401596303297626,0,0.0,0.4763219107940237,-0.0947832531287485,True
2400,대조,0,1.0,54.0,2197.09,182312.0,226.0,740.11,0.0,0.0,1,391.19,194.0,114.0,1438.98,46.0,1.0,1,1,1.0,4.007333185232471,7.695344080440121,0.3368592092267499,0,0.0,0.8622951347705095,1.834484858582739,True
2405,처치,1,21.0,15.0,406.29,170.0,79.0,215.04,0.0,0.0,1,90.17,41.0,34.0,210.51,16.0,21.0,1,1,21.0,2.772588722239781,6.009525462425637,0.529277117329986,0,0.0,0.6701692354274581,0.7089505823925054,True
2407,처치,1,1.0,23.0,895.65,26801.0,123.0,340.96,0.0,2.0,1,197.19,134.0,88.0,565.99,11.0,1.0,1,1,1.0,3.1780538303479458,6.798665596394433,0.3806844191369396,0,2.0,0.8398994631695356,1.6574802248796345,True
2410,처치,1,2.0,13.0,569.16,242.0,58.0,111.63,0.0,2.0,0,26.42,9.0,9.0,134.97,4.0,2.0,1,1,2.0,2.6390573296152584,6.345917023193615,0.19613114062829434,0,2.0,0.7220412343668313,0.9546094709445949,True
2411,처치,1,29.0,19.0,601.62,218.0,67.0,194.39000000000001,0.0,0.0,1,2.28,2.0,2.0,23.26,3.0,29.0,1,1,29.0,2.995732273553991,6.4012868156575555,0.32311093381204087,0,0.0,0.7278090686328704,0.9835349718394267,True
2412,처치,1,1.0,45.0,2378.37,1223.0,256.0,827.52,0.0,0.0,0,594.61,303.0,186.0,1502.46,32.0,1.0,1,1,1.0,3.828641396489095,7.774591025742382,0.3479357711373756,0,0.0,0.8145012155559742,1.4795275912726642,True
2415,처치,1,6.0,7.0,112.76,44.0,12.0,34.92,0.0,0.0,0,34.63,23.0,21.0,78.39,4.0,6.0,1,1,6.0,2.0794415416798357,4.73409096605493,0.3096842852075204,0,0.0,0.41009580697093456,-0.36356933107810147,True
2416,처치,1,12.0,20.0,639.36,203.0,58.0,198.09,0.0,0.0,0,84.56,30.0,28.0,298.72,10.0,12.0,1,1,12.0,3.044522437723423,6.462030518209894,0.30982545045045046,0,0.0,0.6679975669125218,0.6991422337171116,True
2420,처치,1,2.0,7.0,517.13,268.0,83.0,305.95,0.0,2.0,1,129.38,51.0,42.0,252.6,8.0,2.0,1,1,2.0,2.0794415416798357,6.250226176023937,0.5916307311507745,0,2.0,0.70054701757021,0.8499040651862467,True
2423,대조,0,4.0,8.0,465.1,269.0,99.0,198.32,0.0,0.0,0,65.88,35.0,31.0,169.91,5.0,4.0,1,1,4.0,2.1972245773362196,6.144400203378695,0.42640292410234354,0,0.0,0.5186461890957181,0.0746193608032393,True
2425,처치,1,4.0,23.0,821.96,43837.0,66.0,204.76,0.0,0.0,0,10.71,4.0,3.0,72.49,5.0,4.0,1,1,4.0,3.1780538303479458,6.712907596822775,0.24911187892354858,0,0.0,0.6941611354982447,0.8196457406099907,True
2426,처치,1,3.0,15.0,468.19,36685.0,50.0,139.4,0.0,0.0,1,44.97,18.0,16.0,174.07,9.0,3.0,1,1,3.0,2.772588722239781,6.151007803679223,0.2977423695508234,0,0.0,0.6660001594890486,0.6901493945489414,True
2429,대조,0,21.0,6.0,154.59,90.0,31.0,97.03,0.0,1.0,0,108.28999999999999,58.0,26.0,212.64000000000001,6.0,21.0,1,1,21.0,1.9459101490553132,5.047224342326872,0.627660262630183,0,1.0,0.49108956735669357,-0.03564550436443398,True
2437,처치,1,5.0,7.0,590.0600000000001,245.0,61.0,185.03,0.0,0.0,1,102.98,37.0,30.0,216.91,4.0,5.0,1,1,5.0,2.0794415416798357,6.381917535095643,0.3135782801748974,0,0.0,0.5853265084060507,0.34467838223700653,True
2438,처치,1,4.0,16.0,279.48,22836.0,29.0,70.18,0.0,0.0,0,22.84,11.0,10.0,110.31,10.0,4.0,1,1,4.0,2.833213344056216,5.636502421172924,0.2511092028052097,0,0.0,0.580350121935268,0.3242108399564511,True
2439,처치,1,1.0,10.0,120.52,103.0,42.0,82.06,0.0,0.0,0,8.76,4.0,4.0,10.43,3.0,1.0,1,1,1.0,2.3978952727983707,4.800078858287518,0.6808828410222371,0,0.0,0.45353521930137136,-0.1863969327174621,True
2440,처치,1,3.0,14.0,217.20000000000002,93.0,43.0,134.16,0.0,0.0,0,26.44,11.0,9.0,50.88,4.0,3.0,1,1,3.0,2.70805020110221,5.38541207339897,0.6176795580110497,0,0.0,0.5413175152235996,0.1656477945921617,True
2441,대조,0,7.0,12.0,125.53999999999999,97.0,33.0,57.56,0.0,1.0,0,38.33,29.0,24.0,76.54,8.0,7.0,1,1,7.0,2.5649493574615367,4.840558463718738,0.4584992830970209,0,1.0,0.5582684728132382,0.23413768776934737,True
2443,처치,1,3.0,36.0,869.67,84680.0,73.0,191.86,2.0,3.0,0,98.55,66.0,40.0,297.02,16.0,3.0,1,1,3.0,3.6109179126442243,6.769263030204804,0.22061241620384747,1,3.0,0.8653043951352324,1.8600638931017077,True
2445,처치,1,12.0,21.0,675.51,442.0,71.0,233.41,0.0,3.0,1,168.82,100.0,48.0,328.49,8.0,12.0,1,1,12.0,3.091042453358316,6.516947229467592,0.34553152432976564,0,3.0,0.8642600915384705,1.8511331384671157,True
2446,처치,1,3.0,27.0,871.56,101008.0,62.0,313.73,0.0,1.0,1,43.75,21.0,16.0,377.86,12.0,3.0,1,1,3.0,3.332204510175204,6.7714314196204874,0.3599637431731608,0,1.0,0.8130072649279704,1.4696702792409324,True
2447,처치,1,9.0,10.0,625.77,221.0,60.0,181.86,0.0,0.0,1,87.29,33.0,25.0,290.05,6.0,9.0,1,1,9.0,2.3978952727983707,6.440579647179448,0.2906179586749125,0,0.0,0.6378257947212165,0.5659398709101984,True
2448,처치,1,10.0,12.0,877.68,337.0,114.0,410.92,2.0,3.0,1,312.11,120.0,83.0,611.01,16.0,10.0,1,1,10.0,2.5649493574615367,6.778420781345985,0.4681888615440708,1,3.0,0.8210169728401967,1.5232528016041826,True
2450,대조,0,24.0,4.0,67.73,26.0,14.0,42.55,0.0,0.0,0,18.78,11.0,9.0,77.86,3.0,24.0,1,1,24.0,1.6094379124341003,4.230185785133514,0.6282297357153402,0,0.0,0.3260648030210733,-0.7260378154889965,True
2452,처치,1,2.0,24.0,645.0600000000001,4635.0,103.0,302.03000000000003,0.0,2.0,0,27.87,11.0,9.0,90.08,6.0,2.0,1,1,2.0,3.2188758248682006,6.470892378726557,0.468220010541655,0,2.0,0.7900545760213381,1.325254415520819,True
2453,처치,1,2.0,11.0,181.72,76.0,20.0,34.980000000000004,0.0,2.0,1,119.68,36.0,32.0,435.63,10.0,2.0,1,1,2.0,2.4849066497880004,5.207954926467646,0.19249394673123488,0,2.0,0.6954804272545865,0.8258675055956647,True
2455,처치,1,1.0,11.0,1067.43,386.0,66.0,399.43,0.0,0.0,1,92.28,46.0,19.0,490.38,8.0,1.0,1,1,1.0,2.4849066497880004,6.97394556021261,0.3741978396709854,0,0.0,0.6747125481258542,0.7295774868182561,True
2456,대조,0,47.0,3.0,95.22,61.0,15.0,52.93,0.0,0.0,0,76.72,41.0,31.0,172.51,10.0,47.0,1,1,47.0,1.3862943611198906,4.5666372362713075,0.5558706154169292,0,0.0,0.3354594351826865,-0.6835948813590209,True
2457,대조,0,20.0,9.0,101.5,65.0,21.0,32.66,1.0,1.0,0,24.490000000000002,15.0,15.0,126.17999999999999,5.0,20.0,1,1,20.0,2.302585092994046,4.629862798578463,0.3217733990147783,1,1.0,0.4999875785829226,-4.968566831981095e-05,True
2459,처치,1,1.0,142.0,3105.87,78801.0,400.0,1050.61,0.0,4.0,0,464.63,226.0,148.0,1898.69,109.0,1.0,1,1,1.0,4.962844630259907,8.041371067513504,0.33826592870918615,0,4.0,0.9661507494678199,3.3514030191250863,False
2466,처치,1,32.0,10.0,251.89000000000001,99.0,31.0,85.68,0.0,0.0,0,48.68,20.0,16.0,250.08,3.0,32.0,1,1,32.0,2.3978952727983707,5.5329546115734605,0.34014847751002425,0,0.0,0.5334589697505365,0.13403619030538483,True
2468,대조,0,1.0,22.0,680.16,379.0,102.0,251.26,0.0,0.0,0,189.06,91.0,73.0,443.21,9.0,1.0,1,1,1.0,3.1354942159291497,6.523797227158404,0.3694130792754646,0,0.0,0.6744579609842283,0.7284177420831454,True
2470,처치,1,10.0,10.0,86.67,46.0,15.0,45.46,0.0,0.0,0,39.83,16.0,14.0,74.9,8.0,10.0,1,1,10.0,2.3978952727983707,4.473579765600494,0.5245182877581631,0,0.0,0.4411933005956959,-0.23632051346595953,True
2472,대조,0,4.0,5.0,302.77,136.0,30.0,126.91,0.0,0.0,0,113.31,46.0,22.0,272.67,11.0,4.0,1,1,4.0,1.791759469228055,5.716270836108562,0.41916306106945866,0,0.0,0.4298448474831851,-0.28248419741759345,True
2474,처치,1,3.0,7.0,57.83,40.0,15.0,27.7,0.0,1.0,0,44.12,21.0,19.0,59.03,4.0,3.0,1,1,3.0,2.0794415416798357,4.0746519288763645,0.47899014352412245,0,1.0,0.43120210150392513,-0.2769482906545036,True
2475,대조,0,6.0,19.0,933.85,344.0,94.0,250.1,0.0,0.0,0,59.84,26.0,22.0,345.31,11.0,6.0,1,1,6.0,2.995732273553991,6.840386088611283,0.26781603041173635,0,0.0,0.6795096790876597,0.7515194019728311,True
2477,대조,0,81.0,2.0,32.54,6481.0,2.0,8.9,0.0,1.0,0,81.15,24.0,17.0,223.39000000000001,4.0,81.0,1,1,81.0,1.0986122886681098,3.5127387563950627,0.27350952673632456,0,1.0,0.326075611677243,-0.7259886289882932,True
2478,처치,1,3.0,23.0,421.34,215.0,62.0,128.34,0.0,1.0,0,89.04,48.0,42.0,224.4,8.0,3.0,1,1,3.0,3.1780538303479458,6.045810676848095,0.30459961076565245,0,1.0,0.7140939323911459,0.9153511897181754,True
2481,처치,1,3.0,18.0,563.38,73640.0,63.0,162.58,0.0,1.0,0,127.46000000000001,49.0,34.0,306.38,8.0,3.0,1,1,3.0,2.9444389791664403,6.335727783489703,0.2885796442898222,0,1.0,0.7014538540888654,0.8542306020579826,True
2482,처치,1,38.0,8.0,87.02,38.0,11.0,34.01,0.0,1.0,0,6.32,7.0,3.0,9.11,1.0,38.0,1,1,38.0,2.1972245773362196,4.477564061382945,0.3908296943231441,0,1.0,0.507711996592464,0.030850432959945277,True
2483,대조,0,1.0,12.0,112.54,96.0,27.0,33.7,0.0,0.0,1,38.96,27.0,24.0,111.22,7.0,1.0,1,1,1.0,2.5649493574615367,4.73215519774258,0.2994490847698596,0,0.0,0.5442500683247081,0.17746456201216265,True
2484,대조,0,2.0,21.0,1031.59,12959.0,121.0,415.03,0.0,0.0,0,283.25,85.0,64.0,922.18,14.0,2.0,1,1,2.0,3.091042453358316,6.939825488106577,0.40232068942118476,0,0.0,0.6934154175446124,0.8161355880692552,True
2485,처치,1,5.0,9.0,183.51,16024.0,21.0,61.33,0.0,0.0,0,3.59,1.0,1.0,18.45,5.0,5.0,1,1,5.0,2.302585092994046,5.217703662553791,0.3342052204239551,0,0.0,0.47384898277481663,-0.10469960733193574,True
2486,대조,0,5.0,9.0,454.28000000000003,16011.0,84.0,168.83,0.0,0.0,1,174.46,106.0,75.0,357.97,6.0,5.0,1,1,5.0,2.302585092994046,6.120912614294869,0.3716430395350885,0,0.0,0.6000942432646149,0.40585780380282455,True
2492,대조,0,13.0,3.0,218.13,108.0,24.0,61.02,0.0,1.0,0,67.73,30.0,29.0,258.84,3.0,13.0,1,1,13.0,1.3862943611198906,5.389665161007312,0.27974143859166556,0,1.0,0.42683311060305784,-0.29478383464905134,True
2493,대조,0,5.0,31.0,721.5,36235.0,105.0,352.92,0.0,1.0,0,23.01,7.0,7.0,42.51,3.0,5.0,1,1,5.0,3.4657359027997265,6.582717419986587,0.4891476091476092,0,1.0,0.7742346932165434,1.2323790547040598,True
2494,대조,0,3.0,7.0,366.64,25937.0,28.0,90.34,0.0,0.0,1,143.11,71.0,48.0,314.91,5.0,3.0,1,1,3.0,2.0794415416798357,5.907104198489908,0.2463997381627755,0,0.0,0.5528474663062095,0.21218235891657405,True
2496,처치,1,1.0,9.0,591.39,288.0,97.0,333.04,0.0,0.0,1,182.95,67.0,52.0,481.51,9.0,1.0,1,1,1.0,2.302585092994046,6.384165201765009,0.5631478381440336,0,0.0,0.6119645085247339,0.45557747990976377,True
2497,처치,1,1.0,29.0,1118.0,470.0,102.0,398.09,0.0,0.0,1,189.69,76.0,49.0,532.44,18.0,1.0,1,1,1.0,3.4011973816621555,7.020190708311925,0.35607334525939177,0,0.0,0.7841746857344591,1.290162458734684,True
2499,처치,1,24.0,4.0,243.23,139.0,32.0,85.78,0.0,0.0,1,85.18,34.0,26.0,239.69,7.0,24.0,1,1,24.0,1.6094379124341003,5.498110404253996,0.35267031205032273,0,0.0,0.4733689465170235,-0.10662511688018954,True
