household_key,group,treatment,recency_days,pre_baskets,pre_sales,pre_quantity,pre_target_purchase_count,pre_target_sales,pre_coupon_redemptions,pre_campaign_count_raw,has_demographic,target_sales,target_quantity,target_purchase_count,total_sales,baskets,recency_days_filled,target_purchase,any_purchase,pre_recency_capped,log_pre_baskets,log_pre_sales,pre_target_share,pre_coupon_user,pre_campaign_count_c
2,대조,0,15.0,13.0,425.39,171.0,1.0,4.39,0.0,0.0,0,7.28,2.0,2.0,232.95,5.0,15.0,1,1,15.0,2.6390573296152584,6.05535442041903,0.010319941700557136,0,0.0
3,대조,0,8.0,12.0,880.61,529.0,0.0,0.0,0.0,0.0,0,1.39,1.0,1.0,421.77,8.0,8.0,1,1,8.0,2.5649493574615367,6.781749781347023,0.0,0,0.0
4,대조,0,6.0,6.0,307.17,100.0,0.0,0.0,0.0,0.0,0,4.0,2.0,1.0,296.90000000000003,6.0,6.0,1,1,6.0,1.9459101490553132,5.730651578758223,0.0,0,0.0
6,대조,0,1.0,37.0,954.82,371.0,0.0,0.0,0.0,0.0,0,0.0,0.0,0.0,818.6800000000001,29.0,1.0,0,1,1.0,3.6375861597263857,6.862569610804818,0.0,0,0.0
7,대조,0,2.0,9.0,383.07,137.0,0.0,0.0,0.0,0.0,1,0.0,0.0,0.0,72.58,1.0,2.0,0,1,2.0,2.302585092994046,5.950824827641287,0.0,0,0.0
13,대조,0,2.0,44.0,2044.34,277629.0,1.0,5.99,0.0,0.0,1,0.0,0.0,0.0,1536.73,32.0,2.0,0,1,2.0,3.8066624897703196,7.623319313826082,0.0029300409912245517,0,0.0
14,대조,0,1.0,7.0,62.37,40.0,1.0,1.0,0.0,0.0,0,3.34,2.0,2.0,137.97,10.0,1.0,1,1,1.0,2.0794415416798357,4.148990563335426,0.0160333493666827,0,0.0
16,대조,0,1.0,20.0,341.48,11390.0,0.0,0.0,0.0,0.0,1,0.0,0.0,0.0,256.54,15.0,1.0,0,1,1.0,3.044522437723423,5.836213261836691,0.0,0,0.0
18,대조,0,2.0,23.0,871.76,28940.0,1.0,4.0,0.0,0.0,1,3.69,1.0,1.0,1028.0,16.0,2.0,1,1,2.0,3.1780538303479458,6.77166060395445,0.004588418830870882,0,0.0
19,대조,0,2.0,39.0,1123.66,64869.0,10.0,14.7,0.0,0.0,1,5.9399999999999995,4.0,4.0,695.35,26.0,2.0,1,1,2.0,3.6888794541139363,7.025236046737959,0.01308224907890287,0,0.0
20,대조,0,4.0,21.0,433.23,25304.0,0.0,0.0,0.0,0.0,1,0.0,0.0,0.0,772.73,40.0,4.0,0,1,4.0,3.091042453358316,6.073574347641472,0.0,0,0.0
23,대조,0,1.0,17.0,662.04,60033.0,0.0,0.0,0.0,0.0,0,0.0,0.0,0.0,561.63,18.0,1.0,0,1,1.0,2.8903717578961645,6.496835320191009,0.0,0,0.0
25,대조,0,3.0,10.0,407.76,183.0,0.0,0.0,0.0,0.0,1,0.0,0.0,0.0,282.13,6.0,3.0,0,1,3.0,2.3978952727983707,6.013128186744009,0.0,0,0.0
26,대조,0,33.0,17.0,225.6,127.0,0.0,0.0,0.0,0.0,0,0.0,0.0,0.0,116.83,3.0,33.0,0,1,33.0,2.8903717578961645,5.423186348593906,0.0,0,0.0
28,대조,0,5.0,27.0,436.5,138.0,4.0,5.46,0.0,0.0,0,1.68,1.0,1.0,255.17000000000002,15.0,5.0,1,1,5.0,3.332204510175204,6.081076705797669,0.012508591065292096,0,0.0
29,대조,0,1.0,12.0,385.0,234.0,0.0,0.0,0.0,0.0,0,0.0,0.0,0.0,254.86,13.0,1.0,0,1,1.0,2.5649493574615367,5.955837369464831,0.0,0,0.0
31,대조,0,12.0,3.0,387.04,16708.0,8.0,17.65,0.0,0.0,1,0.0,0.0,0.0,127.71000000000001,3.0,12.0,0,1,12.0,1.3862943611198906,5.961108427093083,0.04560252170318313,0,0.0
36,대조,0,7.0,22.0,830.27,8799.0,3.0,7.43,0.0,0.0,0,0.0,0.0,0.0,42.879999999999995,5.0,7.0,0,1,7.0,3.1354942159291497,6.722954651830999,0.008948896142218795,0,0.0
37,대조,0,5.0,4.0,157.5,56.0,0.0,0.0,0.0,0.0,0,0.0,0.0,0.0,323.17,7.0,5.0,0,1,5.0,1.6094379124341003,5.065754593317335,0.0,0,0.0
40,대조,0,1.0,55.0,1673.3600000000001,97854.0,10.0,17.64,0.0,0.0,1,3.74,2.0,2.0,1108.29,37.0,1.0,1,1,1.0,4.02535169073515,7.423186281692116,0.010541664674666539,0,0.0
41,대조,0,1.0,8.0,229.56,106.0,0.0,0.0,0.0,0.0,0,0.0,0.0,0.0,154.8,5.0,1.0,0,1,1.0,2.1972245773362196,5.440511132251212,0.0,0,0.0
42,대조,0,4.0,13.0,334.75,204.0,0.0,0.0,0.0,0.0,1,0.0,0.0,0.0,221.14,10.0,4.0,0,1,4.0,2.6390573296152584,5.816366835403347,0.0,0,0.0
43,대조,0,5.0,10.0,47.36,1149.0,0.0,0.0,0.0,0.0,1,0.0,0.0,0.0,214.72,20.0,5.0,0,1,5.0,2.3978952727983707,3.878673025746592,0.0,0,0.0
45,대조,0,2.0,15.0,202.0,66.0,1.0,1.99,0.0,0.0,0,5.0,3.0,1.0,174.49,12.0,2.0,1,1,2.0,2.772588722239781,5.313205979041787,0.009851485148514852,0,0.0
46,대조,0,6.0,5.0,199.22,73.0,0.0,0.0,0.0,0.0,1,3.78,2.0,1.0,1205.81,15.0,6.0,1,1,6.0,1.791759469228055,5.2994167619913375,0.0,0,0.0
47,대조,0,12.0,18.0,324.61,118.0,2.0,2.0,0.0,0.0,0,0.0,0.0,0.0,265.58,9.0,12.0,0,1,12.0,2.9444389791664403,5.785700346187478,0.0061612396414158525,0,0.0
48,대조,0,28.0,6.0,75.18,3128.0,0.0,0.0,0.0,0.0,1,0.0,0.0,0.0,12.94,1.0,28.0,0,1,28.0,1.9459101490553132,4.333098961050458,0.0,0,0.0
49,대조,0,11.0,6.0,233.0,47908.0,0.0,0.0,0.0,0.0,1,0.0,0.0,0.0,532.35,9.0,11.0,0,1,11.0,1.9459101490553132,5.455321115357702,0.0,0,0.0
51,대조,0,1.0,11.0,324.2,138.0,1.0,2.39,0.0,0.0,0,2.39,1.0,1.0,205.47,9.0,1.0,1,1,1.0,2.4849066497880004,5.784440377673656,0.007371992597162246,0,0.0
52,대조,0,1.0,24.0,569.12,10016.0,0.0,0.0,0.0,0.0,1,0.0,0.0,0.0,547.5,12.0,1.0,0,1,1.0,3.2188758248682006,6.3458468649868305,0.0,0,0.0
55,대조,0,1.0,23.0,261.5,57.0,0.0,0.0,0.0,0.0,1,0.0,0.0,0.0,143.25,16.0,1.0,0,1,1.0,3.1780538303479458,5.570251082031678,0.0,0,0.0
56,대조,0,5.0,30.0,772.44,8613.0,0.0,0.0,0.0,0.0,1,1.67,1.0,1.0,993.05,25.0,5.0,1,1,5.0,3.4339872044851463,6.6508480975151185,0.0,0,0.0
57,대조,0,8.0,21.0,328.15,32755.0,0.0,0.0,0.0,0.0,1,0.0,0.0,0.0,604.47,24.0,8.0,0,1,8.0,3.091042453358316,5.796513573913885,0.0,0,0.0
58,대조,0,1.0,46.0,1690.19,252508.0,3.0,12.15,0.0,0.0,1,2.29,1.0,1.0,1037.51,27.0,1.0,1,1,1.0,3.8501476017100584,7.433187702137281,0.007188540933267857,0,0.0
64,대조,0,1.0,17.0,144.94,89.0,2.0,3.34,0.0,0.0,0,3.3899999999999997,2.0,2.0,392.01,34.0,1.0,1,1,1.0,2.8903717578961645,4.983195578337474,0.023044018214433557,0,0.0
65,대조,0,14.0,10.0,153.39000000000001,38.0,0.0,0.0,0.0,0.0,0,0.0,0.0,0.0,208.84,9.0,14.0,0,1,14.0,2.3978952727983707,5.039481868653835,0.0,0,0.0
67,대조,0,5.0,27.0,1386.22,610.0,5.0,17.57,0.0,0.0,1,13.24,6.0,4.0,918.0600000000001,17.0,5.0,1,1,5.0,3.332204510175204,7.235057023454065,0.012674755810765968,0,0.0
69,대조,0,1.0,12.0,759.91,369.0,5.0,12.530000000000001,0.0,0.0,0,18.2,10.0,5.0,922.45,14.0,1.0,1,1,1.0,2.5649493574615367,6.634515085427567,0.016488794725691203,0,0.0
71,대조,0,7.0,21.0,953.8100000000001,11814.0,0.0,0.0,0.0,0.0,1,0.0,0.0,0.0,120.69,5.0,7.0,0,1,7.0,3.091042453358316,6.8615123678074,0.0,0,0.0
72,대조,0,3.0,16.0,847.47,21914.0,0.0,0.0,0.0,0.0,0,12.98,2.0,2.0,601.37,14.0,3.0,1,1,3.0,2.833213344056216,6.743434727537734,0.0,0,0.0
73,대조,0,6.0,29.0,323.24,31255.0,0.0,0.0,0.0,0.0,0,0.0,0.0,0.0,269.51,16.0,6.0,0,1,6.0,3.4011973816621555,5.7814839823200534,0.0,0,0.0
74,대조,0,2.0,18.0,298.04,193.0,1.0,1.99,0.0,0.0,1,0.0,0.0,0.0,229.77,13.0,2.0,0,1,2.0,2.9444389791664403,5.700577343707253,0.006676956113273386,0,0.0
77,대조,0,4.0,10.0,736.11,325.0,1.0,0.99,0.0,0.0,1,0.0,0.0,0.0,136.09,5.0,4.0,0,1,4.0,2.3978952727983707,6.60273713478345,0.0013449076904267026,0,0.0
78,대조,0,2.0,25.0,276.47,159.0,2.0,5.78,0.0,0.0,1,1.67,1.0,1.0,187.3,17.0,2.0,1,1,2.0,3.258096538021482,5.625712819234279,0.020906427460483958,0,0.0
79,대조,0,2.0,14.0,211.72,81.0,0.0,0.0,0.0,0.0,0,1.49,1.0,1.0,532.75,19.0,2.0,1,1,2.0,2.70805020110221,5.359976746934764,0.0,0,0.0
80,대조,0,15.0,8.0,251.32,35212.0,1.0,4.39,0.0,0.0,1,0.0,0.0,0.0,157.21,6.0,15.0,0,1,15.0,2.1972245773362196,5.530698123214728,0.017467770173484002,0,0.0
81,대조,0,1.0,32.0,1710.79,902.0,2.0,14.98,0.0,0.0,0,20.37,3.0,3.0,762.3000000000001,19.0,1.0,1,1,1.0,3.4965075614664802,7.445294885626497,0.008756188661378662,0,0.0
86,대조,0,22.0,7.0,294.8,15072.0,0.0,0.0,0.0,0.0,1,6.77,3.0,3.0,616.44,6.0,22.0,1,1,22.0,2.0794415416798357,5.689683550276699,0.0,0,0.0
88,대조,0,1.0,33.0,1766.63,902.0,10.0,21.67,0.0,0.0,0,7.5,4.0,4.0,1077.47,18.0,1.0,1,1,1.0,3.5263605246161616,7.477394945278208,0.012266292319274551,0,0.0
91,대조,0,,0.0,0.0,0.0,0.0,0.0,0.0,0.0,0,0.0,0.0,0.0,38.11,2.0,90.0,0,1,90.0,0.0,0.0,0.0,0,0.0
92,대조,0,2.0,6.0,144.72,81.0,0.0,0.0,0.0,0.0,0,0.0,0.0,0.0,200.07,9.0,2.0,0,1,2.0,1.9459101490553132,4.981686972140363,0.0,0,0.0
95,대조,0,2.0,43.0,841.71,39001.0,5.0,7.57,0.0,0.0,0,2.78,2.0,1.0,359.11,23.0,2.0,1,1,2.0,3.784189633918261,6.7366228893271005,0.008993596369295838,0,0.0
97,대조,0,1.0,21.0,570.68,249.0,1.0,1.0,0.0,0.0,1,0.0,0.0,0.0,546.34,12.0,1.0,0,1,1.0,3.091042453358316,6.3485793942751,0.00175229550711432,0,0.0
98,대조,0,1.0,13.0,117.64,68.0,3.0,4.12,0.0,0.0,1,3.99,1.0,1.0,94.38,12.0,1.0,1,1,1.0,2.6390573296152584,4.776093697829677,0.035022101326079566,0,0.0
99,대조,0,2.0,34.0,977.13,22950.0,0.0,0.0,0.0,0.0,0,0.0,0.0,0.0,586.14,22.0,2.0,0,1,2.0,3.5553480614894135,6.885642585536539,0.0,0,0.0
101,대조,0,5.0,25.0,722.12,27697.0,1.0,1.68,0.0,0.0,1,0.0,0.0,0.0,881.35,29.0,5.0,0,1,5.0,3.258096538021482,6.583575183490155,0.0023264831329972858,0,0.0
103,대조,0,7.0,17.0,141.58,84.0,0.0,0.0,0.0,0.0,0,0.0,0.0,0.0,173.15,11.0,7.0,0,1,7.0,2.8903717578961645,4.959903245689483,0.0,0,0.0
104,대조,0,5.0,4.0,17.32,10.0,0.0,0.0,0.0,0.0,1,0.0,0.0,0.0,846.05,17.0,5.0,0,1,5.0,1.6094379124341003,2.9079933592459843,0.0,0,0.0
108,대조,0,1.0,8.0,445.24,189.0,1.0,2.99,0.0,0.0,0,0.0,0.0,0.0,339.54,12.0,1.0,0,1,1.0,2.1972245773362196,6.100856923879179,0.0067154792920672,0,0.0
109,대조,0,5.0,12.0,537.96,210.0,5.0,6.699999999999999,0.0,0.0,1,4.72,3.0,3.0,207.66,7.0,5.0,1,1,5.0,2.5649493574615367,6.289641356652404,0.012454457580489254,0,0.0
110,대조,0,1.0,37.0,756.74,48622.0,8.0,9.44,0.0,0.0,1,3.85,2.0,2.0,421.46,17.0,1.0,1,1,1.0,3.6375861597263857,6.630340318886134,0.012474561936728598,0,0.0
111,대조,0,1.0,9.0,304.68,155.0,0.0,0.0,0.0,0.0,0,0.0,0.0,0.0,153.93,5.0,1.0,0,1,1.0,2.302585092994046,5.722538803138645,0.0,0,0.0
112,대조,0,5.0,8.0,167.36,22856.0,0.0,0.0,0.0,0.0,0,0.0,0.0,0.0,9.98,2.0,5.0,0,1,5.0,2.1972245773362196,5.12610454390237,0.0,0,0.0
113,대조,0,3.0,39.0,2516.57,231765.0,1.0,0.99,0.0,0.0,1,1.29,1.0,1.0,1493.39,19.0,3.0,1,1,3.0,3.6888794541139363,7.831049429568618,0.00039339259388771223,0,0.0
115,대조,0,3.0,15.0,1313.06,109674.0,2.0,2.0,0.0,0.0,0,10.469999999999999,5.0,4.0,1437.3,19.0,3.0,1,1,3.0,2.772588722239781,7.18087686010253,0.001523159642362116,0,0.0
118,대조,0,9.0,15.0,624.84,26433.0,0.0,0.0,0.0,0.0,1,0.0,0.0,0.0,551.25,11.0,9.0,0,1,9.0,2.772588722239781,6.439094747376825,0.0,0,0.0
119,대조,0,,0.0,0.0,0.0,0.0,0.0,0.0,0.0,1,0.0,0.0,0.0,216.09,4.0,90.0,0,1,90.0,0.0,0.0,0.0,0,0.0
121,대조,0,2.0,9.0,224.75,118.0,0.0,0.0,0.0,0.0,1,3.7,2.0,1.0,235.87,12.0,2.0,1,1,2.0,2.302585092994046,5.419428192297095,0.0,0,0.0
123,대조,0,9.0,32.0,690.86,39605.0,4.0,6.83,0.0,0.0,1,5.029999999999999,3.0,3.0,344.99,16.0,9.0,1,1,9.0,3.4965075614664802,6.53938362301108,0.009886228758359147,0,0.0
127,대조,0,20.0,16.0,186.7,11256.0,2.0,4.99,0.0,0.0,1,0.0,0.0,0.0,238.91,16.0,20.0,0,1,20.0,2.833213344056216,5.234844943592463,0.026727370112479918,0,0.0
133,대조,0,1.0,13.0,815.18,342.0,1.0,5.99,0.0,0.0,1,0.0,0.0,0.0,267.1,6.0,1.0,0,1,1.0,2.6390573296152584,6.704634918873394,0.007348070364827401,0,0.0
136,대조,0,29.0,11.0,523.3,264.0,0.0,0.0,0.0,0.0,1,0.0,0.0,0.0,220.83,6.0,29.0,0,1,29.0,2.4849066497880004,6.262064039578487,0.0,0,0.0
137,대조,0,13.0,9.0,320.67,182.0,2.0,3.36,0.0,0.0,0,0.0,0.0,0.0,387.26,9.0,13.0,0,1,13.0,2.302585092994046,5.773526175311485,0.010478061558611656,0,0.0
139,대조,0,22.0,3.0,154.21,109.0,0.0,0.0,0.0,0.0,1,0.0,0.0,0.0,236.28,4.0,22.0,0,1,22.0,1.3862943611198906,5.044779038663093,0.0,0,0.0
143,대조,0,1.0,80.0,1050.78,14930.0,2.0,4.29,0.0,0.0,0,5.97,3.0,3.0,1249.96,71.0,1.0,1,1,1.0,4.394449154672439,6.958239245952589,0.004082681436647063,0,0.0
144,대조,0,19.0,8.0,156.07,67.0,0.0,0.0,0.0,0.0,0,1.29,1.0,1.0,590.87,21.0,19.0,1,1,19.0,2.1972245773362196,5.0566915658549405,0.0,0,0.0
151,대조,0,14.0,16.0,475.92,28586.0,1.0,1.0,0.0,0.0,0,0.0,0.0,0.0,362.23,10.0,14.0,0,1,14.0,2.833213344056216,6.167348761937931,0.0021011934778954445,0,0.0
155,대조,0,8.0,12.0,408.94,193.0,1.0,1.79,0.0,0.0,1,0.0,0.0,0.0,205.53,5.0,8.0,0,1,8.0,2.5649493574615367,6.016010807525982,0.00437717024502372,0,0.0
156,대조,0,1.0,144.0,1393.52,105674.0,1.0,3.99,0.0,0.0,0,3.99,1.0,1.0,836.44,75.0,1.0,1,1,1.0,4.976733742420574,7.240305549022783,0.002863252769963833,0,0.0
157,대조,0,3.0,25.0,450.55,171.0,2.0,4.18,0.0,0.0,1,0.0,0.0,0.0,193.37,17.0,3.0,0,1,3.0,3.258096538021482,6.112686108696808,0.009277549661524801,0,0.0
158,대조,0,3.0,27.0,225.62,97.0,0.0,0.0,0.0,0.0,1,0.0,0.0,0.0,272.04,24.0,3.0,0,1,3.0,3.332204510175204,5.423274605952421,0.0,0,0.0
160,대조,0,3.0,7.0,154.6,76.0,2.0,5.88,0.0,0.0,0,0.0,0.0,0.0,204.95000000000002,7.0,3.0,0,1,3.0,2.0794415416798357,5.047288611744291,0.03803363518758086,0,0.0
161,대조,0,2.0,26.0,490.79,251.0,0.0,0.0,0.0,0.0,1,0.0,0.0,0.0,0.0,0.0,2.0,0,0,2.0,3.295836866004329,6.1980517961064745,0.0,0,0.0
164,대조,0,3.0,20.0,627.5,26366.0,2.0,2.0,0.0,0.0,1,0.0,0.0,0.0,356.87,11.0,3.0,0,1,3.0,3.044522437723423,6.443336028030302,0.0031872509960159364,0,0.0
166,대조,0,3.0,18.0,329.06,133.0,0.0,0.0,0.0,0.0,1,0.0,0.0,0.0,193.04,9.0,3.0,0,1,3.0,2.9444389791664403,5.7992744561154215,0.0,0,0.0
179,대조,0,7.0,5.0,69.74,24.0,0.0,0.0,0.0,0.0,0,0.0,0.0,0.0,142.84,7.0,7.0,0,1,7.0,1.791759469228055,4.259011183777335,0.0,0,0.0
180,대조,0,15.0,15.0,627.0600000000001,284.0,1.0,5.99,0.0,0.0,0,0.0,0.0,0.0,335.14,12.0,15.0,0,1,15.0,2.772588722239781,6.442635703305684,0.009552514910853824,0,0.0
184,대조,0,7.0,33.0,789.45,59636.0,2.0,3.26,0.0,0.0,1,0.0,0.0,0.0,708.21,22.0,7.0,0,1,7.0,3.5263605246161616,6.6726024035421965,0.004129457217049845,0,0.0
185,대조,0,2.0,7.0,126.04,68.0,0.0,0.0,0.0,0.0,0,0.0,0.0,0.0,398.45,8.0,2.0,0,1,2.0,2.0794415416798357,4.844501997498826,0.0,0,0.0
188,대조,0,1.0,5.0,252.98,125.0,3.0,8.4,0.0,0.0,0,2.4299999999999997,2.0,2.0,640.76,10.0,1.0,1,1,1.0,1.791759469228055,5.537255523760887,0.03320420586607637,0,0.0
193,대조,0,16.0,21.0,709.77,101682.0,0.0,0.0,0.0,0.0,1,0.0,0.0,0.0,375.92,7.0,16.0,0,1,16.0,3.091042453358316,6.56634888942469,0.0,0,0.0
194,대조,0,25.0,14.0,204.48,106.0,2.0,5.98,0.0,0.0,0,0.0,0.0,0.0,321.32,10.0,25.0,0,1,25.0,2.70805020110221,5.325348705599067,0.029244913928012522,0,0.0
195,대조,0,1.0,20.0,796.41,56799.0,0.0,0.0,0.0,0.0,0,0.0,0.0,0.0,377.57,10.0,1.0,0,1,1.0,3.044522437723423,6.681368975626082,0.0,0,0.0
196,대조,0,6.0,27.0,932.95,469.0,3.0,5.11,0.0,0.0,0,1.67,1.0,1.0,618.79,19.0,6.0,1,1,6.0,3.332204510175204,6.839422903605312,0.005477249584650839,0,0.0
198,대조,0,1.0,99.0,1410.6200000000001,732.0,11.0,19.03,0.0,0.0,1,2.29,1.0,1.0,1457.97,88.0,1.0,1,1,1.0,4.605170185988092,7.252493260020382,0.013490521898172434,0,0.0
200,대조,0,,0.0,0.0,0.0,0.0,0.0,0.0,0.0,0,1.68,1.0,1.0,172.48000000000002,1.0,90.0,1,1,90.0,0.0,0.0,0.0,0,0.0
205,대조,0,68.0,2.0,24.15,14.0,0.0,0.0,0.0,0.0,0,0.0,0.0,0.0,0.0,0.0,68.0,0,0,68.0,1.0986122886681098,3.224857896545748,0.0,0,0.0
209,대조,0,6.0,20.0,479.06,13678.0,1.0,4.99,0.0,0.0,1,0.0,0.0,0.0,878.82,12.0,6.0,0,1,6.0,3.044522437723423,6.173911096090087,0.010416231787250032,0,0.0
210,대조,0,9.0,17.0,469.17,278.0,9.0,11.34,0.0,0.0,0,2.08,2.0,1.0,230.44,10.0,9.0,1,1,9.0,2.8903717578961645,6.153094331433318,0.024170343372338383,0,0.0
211,대조,0,6.0,13.0,514.99,315.0,1.0,4.49,0.0,0.0,1,0.0,0.0,0.0,198.76000000000002,7.0,6.0,0,1,6.0,2.6390573296152584,6.24608738544881,0.008718615895454281,0,0.0
215,대조,0,8.0,17.0,306.83,19671.0,0.0,0.0,0.0,0.0,0,0.0,0.0,0.0,124.27,7.0,8.0,0,1,8.0,2.8903717578961645,5.729547682542227,0.0,0,0.0
216,대조,0,4.0,18.0,495.93,195.0,1.0,2.39,0.0,0.0,1,0.0,0.0,0.0,128.01,12.0,4.0,0,1,4.0,2.9444389791664403,6.208449171106608,0.004819228520154054,0,0.0
217,대조,0,2.0,12.0,455.42,43910.0,1.0,3.18,0.0,0.0,0,0.0,0.0,0.0,262.3,7.0,2.0,0,1,2.0,2.5649493574615367,6.1234134382372645,0.006982565543893549,0,0.0
218,대조,0,5.0,27.0,1264.91,125015.0,3.0,12.11,0.0,0.0,1,5.0,3.0,2.0,837.59,16.0,5.0,1,1,5.0,3.332204510175204,7.143546510129711,0.009573803669826311,0,0.0
220,대조,0,4.0,17.0,363.72,50256.0,1.0,1.58,0.0,0.0,1,0.0,0.0,0.0,173.78,7.0,4.0,0,1,4.0,2.8903717578961645,5.899129935905186,0.004344000879797647,0,0.0
221,대조,0,8.0,10.0,443.89,254.0,7.0,10.08,0.0,0.0,1,0.0,0.0,0.0,201.37,7.0,8.0,0,1,8.0,2.3978952727983707,6.097827060598271,0.022708328639978372,0,0.0
222,대조,0,1.0,31.0,1339.32,127116.0,2.0,3.16,0.0,0.0,1,0.0,0.0,0.0,537.73,11.0,1.0,0,1,1.0,3.4657359027997265,7.2006636704055,0.0023594062658662605,0,0.0
223,대조,0,7.0,27.0,768.64,10227.0,1.0,2.99,0.0,0.0,0,0.0,0.0,0.0,198.10999999999999,10.0,7.0,0,1,7.0,3.332204510175204,6.6459228730528155,0.0038899875104079938,0,0.0
226,대조,0,4.0,17.0,521.33,5489.0,0.0,0.0,0.0,0.0,0,0.0,0.0,0.0,200.32,8.0,4.0,0,1,4.0,2.8903717578961645,6.258299572046617,0.0,0,0.0
227,대조,0,1.0,9.0,121.32,138.0,0.0,0.0,0.0,0.0,0,0.0,0.0,0.0,153.45,10.0,1.0,0,1,1.0,2.302585092994046,4.8066405616208066,0.0,0,0.0
228,대조,0,6.0,13.0,201.73,22668.0,0.0,0.0,0.0,0.0,0,0.0,0.0,0.0,115.27,4.0,6.0,0,1,6.0,2.6390573296152584,5.311875044480103,0.0,0,0.0
230,대조,0,5.0,25.0,764.96,47780.0,2.0,2.78,0.0,0.0,1,11.17,7.0,5.0,508.72,19.0,5.0,1,1,5.0,3.258096538021482,6.6411299490559665,0.00363417695042878,0,0.0
232,대조,0,1.0,191.0,3065.75,129617.0,10.0,19.81,0.0,0.0,1,14.65,8.0,6.0,1972.96,119.0,1.0,1,1,1.0,5.2574953720277815,8.028373647912861,0.006461714099323167,0,0.0
242,대조,0,8.0,14.0,582.26,350.0,0.0,0.0,0.0,0.0,1,5.0600000000000005,3.0,3.0,681.89,9.0,8.0,1,1,8.0,2.70805020110221,6.368633056061032,0.0,0,0.0
243,대조,0,2.0,29.0,818.38,56445.0,0.0,0.0,0.0,0.0,1,1.89,1.0,1.0,872.8100000000001,28.0,2.0,1,1,2.0,3.4011973816621555,6.7085479567113975,0.0,0,0.0
245,대조,0,40.0,7.0,120.82000000000001,10313.0,0.0,0.0,0.0,0.0,0,0.0,0.0,0.0,222.02,6.0,40.0,0,1,40.0,2.0794415416798357,4.802544545408338,0.0,0,0.0
246,대조,0,7.0,4.0,42.56,17.0,1.0,1.68,0.0,0.0,0,3.3499999999999996,2.0,2.0,91.76,5.0,7.0,1,1,7.0,1.6094379124341003,3.77413929806476,0.039473684210526314,0,0.0
249,대조,0,2.0,12.0,158.45,79.0,0.0,0.0,0.0,0.0,1,0.0,0.0,0.0,450.7,10.0,2.0,0,1,2.0,2.5649493574615367,5.0717303934560665,0.0,0,0.0
251,대조,0,15.0,7.0,344.67,127.0,0.0,0.0,0.0,0.0,0,0.0,0.0,0.0,324.61,8.0,15.0,0,1,15.0,2.0794415416798357,5.845484562716465,0.0,0,0.0
253,대조,0,1.0,65.0,1643.28,1221.0,3.0,8.35,0.0,0.0,1,5.37,3.0,3.0,1034.75,36.0,1.0,1,1,1.0,4.189654742026425,7.405057877415653,0.00508130081300813,0,0.0
261,대조,0,1.0,18.0,507.8,38731.0,0.0,0.0,0.0,0.0,0,0.0,0.0,0.0,74.51,2.0,1.0,0,1,1.0,2.9444389791664403,6.232055012025913,0.0,0,0.0
262,대조,0,2.0,60.0,896.09,394.0,2.0,1.76,0.0,0.0,0,29.240000000000002,10.0,5.0,1249.27,72.0,2.0,1,1,2.0,4.110873864173311,6.799156191473792,0.001964088428617661,0,0.0
263,대조,0,1.0,55.0,690.27,328.0,3.0,4.96,0.0,0.0,1,7.34,4.0,4.0,552.44,23.0,1.0,1,1,1.0,4.02535169073515,6.538530485510215,0.007185594042910745,0,0.0
264,대조,0,5.0,10.0,366.55,163.0,0.0,0.0,0.0,0.0,1,0.78,1.0,1.0,174.82,6.0,5.0,1,1,5.0,2.3978952727983707,5.906859363820097,0.0,0,0.0
265,대조,0,2.0,20.0,108.31,38.0,1.0,2.99,0.0,0.0,0,6.4,5.0,4.0,247.04999999999998,5.0,2.0,1,1,2.0,3.044522437723423,4.694187882305744,0.02760594589603915,0,0.0
266,대조,0,5.0,14.0,619.25,290.0,0.0,0.0,0.0,0.0,0,0.0,0.0,0.0,194.26000000000002,4.0,5.0,0,1,5.0,2.70805020110221,6.43012262257191,0.0,0,0.0
273,대조,0,15.0,5.0,31.61,16.0,0.0,0.0,0.0,0.0,0,0.0,0.0,0.0,86.84,9.0,15.0,0,1,15.0,1.791759469228055,3.484618989801228,0.0,0,0.0
275,대조,0,3.0,40.0,766.49,19428.0,1.0,1.58,0.0,0.0,0,0.0,0.0,0.0,651.99,29.0,3.0,0,1,3.0,3.713572066704308,6.643125450060509,0.0020613445707054236,0,0.0
276,대조,0,36.0,5.0,110.48,5236.0,0.0,0.0,0.0,0.0,1,0.78,1.0,1.0,502.0,16.0,36.0,1,1,36.0,1.791759469228055,4.713845202613747,0.0,0,0.0
279,대조,0,6.0,1.0,57.16,27.0,1.0,3.99,0.0,0.0,0,0.0,0.0,0.0,321.69,9.0,6.0,0,1,6.0,0.6931471805599453,4.063197833225264,0.0698040587823653,0,0.0
280,대조,0,10.0,7.0,235.08,20376.0,0.0,0.0,0.0,0.0,0,0.0,0.0,0.0,275.94,10.0,10.0,0,1,10.0,2.0794415416798357,5.464170730634684,0.0,0,0.0
282,대조,0,3.0,9.0,367.64,177.0,0.0,0.0,0.0,0.0,1,1.29,1.0,1.0,386.53000000000003,9.0,3.0,1,1,3.0,2.302585092994046,5.909820558067472,0.0,0,0.0
283,대조,0,3.0,11.0,782.4300000000001,280.0,2.0,2.9699999999999998,0.0,0.0,1,0.0,0.0,0.0,206.81,3.0,3.0,0,1,3.0,2.4849066497880004,6.663681715111736,0.0037958667229017287,0,0.0
289,대조,0,6.0,15.0,535.7,33634.0,0.0,0.0,0.0,0.0,1,0.0,0.0,0.0,866.79,31.0,6.0,0,1,6.0,2.772588722239781,6.285439279182783,0.0,0,0.0
290,대조,0,,0.0,0.0,0.0,0.0,0.0,0.0,0.0,1,2.67,2.0,2.0,366.57,26.0,90.0,1,1,90.0,0.0,0.0,0.0,0,0.0
291,대조,0,,0.0,0.0,0.0,0.0,0.0,0.0,0.0,0,0.0,0.0,0.0,60.36,1.0,90.0,0,1,90.0,0.0,0.0,0.0,0,0.0
293,대조,0,16.0,14.0,267.99,112.0,3.0,5.75,0.0,0.0,0,5.0,3.0,2.0,691.99,13.0,16.0,1,1,16.0,2.70805020110221,5.594674204189652,0.021456024478525317,0,0.0
297,대조,0,3.0,25.0,386.9,175.0,5.0,8.0,0.0,0.0,0,1.29,1.0,1.0,307.27,12.0,3.0,1,1,3.0,3.258096538021482,5.9607475744459215,0.020677177565262342,0,0.0
301,대조,0,9.0,6.0,753.29,284.0,2.0,3.36,0.0,0.0,1,0.0,0.0,0.0,14.969999999999999,2.0,9.0,0,1,9.0,1.9459101490553132,6.625776909447034,0.004460433564762575,0,0.0
302,대조,0,8.0,20.0,424.8,195.0,1.0,2.0,0.0,0.0,1,0.0,0.0,0.0,242.81,5.0,8.0,0,1,8.0,3.044522437723423,6.053969752459379,0.004708097928436911,0,0.0
303,대조,0,2.0,29.0,552.35,17870.0,0.0,0.0,0.0,0.0,0,0.0,0.0,0.0,258.19,13.0,2.0,0,1,2.0,3.4011973816621555,6.315990712710795,0.0,0,0.0
304,처치,1,2.0,34.0,1109.18,89105.0,3.0,8.719999999999999,0.0,0.0,1,1.34,1.0,1.0,788.48,37.0,2.0,1,1,2.0,3.5553480614894135,7.01227744332168,0.007861663571286896,0,0.0
306,대조,0,5.0,20.0,882.29,18728.0,5.0,22.95,0.0,0.0,1,0.0,0.0,0.0,272.56,7.0,5.0,0,1,5.0,3.044522437723423,6.78365357250507,0.02601185551235988,0,0.0
308,대조,0,5.0,6.0,221.78,69.0,1.0,3.99,0.0,0.0,0,0.0,0.0,0.0,69.84,2.0,5.0,0,1,5.0,1.9459101490553132,5.4061847374170435,0.017990801695373794,0,0.0
312,대조,0,6.0,6.0,307.08,150.0,0.0,0.0,0.0,0.0,0,0.0,0.0,0.0,238.64000000000001,5.0,6.0,0,1,6.0,1.9459101490553132,5.730359489506653,0.0,0,0.0
314,대조,0,12.0,1.0,111.11,52.0,0.0,0.0,0.0,0.0,1,0.0,0.0,0.0,0.0,0.0,12.0,0,0,12.0,0.6931471805599453,4.719480532165502,0.0,0,0.0
317,대조,0,3.0,8.0,924.04,376.0,9.0,10.63,0.0,0.0,1,0.0,0.0,0.0,578.17,7.0,3.0,0,1,3.0,2.1972245773362196,6.829836979820707,0.011503831002986884,0,0.0
318,대조,0,2.0,16.0,172.23,2077.0,0.0,0.0,0.0,0.0,0,0.0,0.0,0.0,52.06,5.0,2.0,0,1,2.0,2.833213344056216,5.154620191290849,0.0,0,0.0
321,대조,0,1.0,13.0,684.75,255.0,1.0,0.6,0.0,0.0,1,1.6,2.0,1.0,608.16,10.0,1.0,1,1,1.0,2.6390573296152584,6.530513129817713,0.0008762322015334063,0,0.0
322,대조,0,11.0,17.0,663.02,309.0,0.0,0.0,0.0,0.0,0,0.0,0.0,0.0,424.7,10.0,11.0,0,1,11.0,2.8903717578961645,6.498312269504749,0.0,0,0.0
328,대조,0,2.0,41.0,2355.28,66717.0,3.0,5.58,0.0,0.0,0,0.0,0.0,0.0,1969.03,30.0,2.0,0,1,2.0,3.7376696182833684,7.764839383210759,0.002369145069800618,0,0.0
329,대조,0,4.0,22.0,353.58,182.0,2.0,2.6799999999999997,0.0,0.0,1,1.85,1.0,1.0,260.46,15.0,4.0,1,1,4.0,3.1354942159291497,5.870933990470235,0.007579614231574184,0,0.0
330,대조,0,1.0,10.0,17.84,2740.0,0.0,0.0,0.0,0.0,0,1.89,1.0,1.0,26.6,9.0,1.0,1,1,1.0,2.3978952727983707,2.935982269148217,0.0,0,0.0
331,대조,0,3.0,9.0,196.9,68.0,0.0,0.0,0.0,0.0,0,1.39,1.0,1.0,183.4,6.0,3.0,1,1,3.0,2.302585092994046,5.28776185260852,0.0,0,0.0
333,대조,0,12.0,13.0,347.29,206.0,2.0,5.48,0.0,0.0,0,4.59,2.0,2.0,301.24,5.0,12.0,1,1,12.0,2.6390573296152584,5.853035466078366,0.015779319876760057,0,0.0
335,대조,0,7.0,23.0,334.28000000000003,168.0,2.0,7.98,0.0,0.0,0,0.0,0.0,0.0,291.59000000000003,15.0,7.0,0,1,7.0,3.1780538303479458,5.814966003616816,0.02387220294364006,0,0.0
336,대조,0,2.0,12.0,270.3,126.0,0.0,0.0,0.0,0.0,0,0.0,0.0,0.0,243.91,14.0,2.0,0,1,2.0,2.5649493574615367,5.603225219664886,0.0,0,0.0
337,대조,0,5.0,10.0,136.59,98.0,0.0,0.0,0.0,0.0,0,0.0,0.0,0.0,233.34,13.0,5.0,0,1,5.0,2.3978952727983707,4.924278248439725,0.0,0,0.0
338,대조,0,9.0,12.0,223.06,150.0,2.0,3.36,0.0,0.0,0,5.0,3.0,1.0,213.8,11.0,9.0,1,1,9.0,2.5649493574615367,5.411913873130577,0.015063211691921456,0,0.0
339,대조,0,8.0,7.0,133.34,104.0,0.0,0.0,0.0,0.0,0,0.0,0.0,0.0,219.32,9.0,8.0,0,1,8.0,2.0794415416798357,4.900373899838718,0.0,0,0.0
342,대조,0,13.0,4.0,360.40000000000003,167.0,0.0,0.0,0.0,0.0,0,1.68,1.0,1.0,330.62,6.0,13.0,1,1,13.0,1.6094379124341003,5.889985378158128,0.0,0,0.0
343,대조,0,20.0,8.0,121.7,51.0,0.0,0.0,0.0,0.0,0,0.0,0.0,0.0,158.54,7.0,20.0,0,1,20.0,2.1972245773362196,4.809742351716865,0.0,0,0.0
345,대조,0,3.0,19.0,391.78000000000003,272.0,1.0,2.0,0.0,0.0,0,1.39,1.0,1.0,235.98,10.0,3.0,1,1,3.0,2.995732273553991,5.973249658687077,0.005104905814487722,0,0.0
346,대조,0,1.0,13.0,134.15,53.0,0.0,0.0,0.0,0.0,1,0.0,0.0,0.0,616.95,14.0,1.0,0,1,1.0,2.6390573296152584,4.906385272722456,0.0,0,0.0
348,대조,0,22.0,4.0,73.91,40.0,0.0,0.0,0.0,0.0,0,0.0,0.0,0.0,34.33,2.0,22.0,0,1,22.0,1.6094379124341003,4.316287392959792,0.0,0,0.0
351,대조,0,4.0,45.0,1022.39,38440.0,1.0,1.29,0.0,0.0,1,0.0,0.0,0.0,838.09,37.0,4.0,0,1,4.0,3.828641396489095,6.930875924972851,0.0012617494302565558,0,0.0
353,대조,0,1.0,24.0,522.63,179.0,0.0,0.0,0.0,0.0,1,0.0,0.0,0.0,237.76000000000002,16.0,1.0,0,1,1.0,3.2188758248682006,6.260785328039943,0.0,0,0.0
354,대조,0,1.0,31.0,1598.44,741.0,8.0,19.62,0.0,0.0,1,1.85,1.0,1.0,891.89,17.0,1.0,1,1,1.0,3.4657359027997265,7.3774088469635775,0.012274467605915768,0,0.0
356,대조,0,9.0,18.0,181.69,82.0,0.0,0.0,0.0,0.0,0,0.0,0.0,0.0,159.93,10.0,9.0,0,1,9.0,2.9444389791664403,5.2077907273484785,0.0,0,0.0
358,대조,0,2.0,50.0,1518.89,573.0,5.0,10.71,0.0,0.0,1,10.68,7.0,6.0,1675.56,36.0,2.0,1,1,2.0,3.9318256327243257,7.326393242800549,0.007051201864519485,0,0.0
362,대조,0,2.0,16.0,423.45,17374.0,1.0,1.89,0.0,0.0,1,0.0,0.0,0.0,194.71,6.0,2.0,0,1,2.0,2.833213344056216,6.050794213183977,0.004463336875664187,0,0.0
369,대조,0,11.0,6.0,71.91,2255.0,0.0,0.0,0.0,0.0,0,0.0,0.0,0.0,35.46,3.0,11.0,0,1,11.0,1.9459101490553132,4.289225803818339,0.0,0,0.0
370,대조,0,45.0,20.0,558.57,64134.0,9.0,12.66,0.0,0.0,1,0.0,0.0,0.0,0.0,0.0,45.0,0,0,45.0,3.044522437723423,6.327168631633044,0.0226650196036307,0,0.0
371,대조,0,4.0,17.0,1871.97,938.0,2.0,8.379999999999999,0.0,0.0,1,3.99,1.0,1.0,1326.31,13.0,4.0,1,1,4.0,2.8903717578961645,7.535280685230923,0.004476567466358969,0,0.0
376,대조,0,1.0,80.0,745.96,443.0,6.0,8.379999999999999,0.0,0.0,0,5.02,3.0,3.0,500.1,49.0,1.0,1,1,1.0,4.394449154672439,6.616011636175671,0.011233846318837469,0,0.0
377,대조,0,1.0,23.0,577.78,292.0,1.0,3.99,0.0,0.0,1,2.79,1.0,1.0,435.63,19.0,1.0,1,1,1.0,3.1780538303479458,6.360922439910144,0.0069057426702205,0,0.0
380,대조,0,3.0,15.0,1051.51,553.0,5.0,11.74,0.0,0.0,0,12.85,5.0,5.0,978.44,17.0,3.0,1,1,3.0,2.772588722239781,6.958933066699049,0.011164896196897795,0,0.0
383,대조,0,3.0,24.0,900.22,30697.0,1.0,3.99,0.0,0.0,1,7.98,2.0,1.0,604.48,12.0,3.0,1,1,3.0,3.2188758248682006,6.803749400943882,0.004432249894470241,0,0.0
386,대조,0,7.0,39.0,1033.11,31792.0,5.0,9.5,0.0,0.0,1,1.68,1.0,1.0,479.15,23.0,7.0,1,1,7.0,3.6888794541139363,6.94129643238883,0.009195535809352345,0,0.0
387,대조,0,14.0,18.0,664.1,224.0,2.0,10.88,0.0,0.0,1,3.49,1.0,1.0,824.61,22.0,14.0,1,1,14.0,2.9444389791664403,6.499937405290376,0.016383074838126788,0,0.0
389,대조,0,1.0,42.0,2501.2,36397.0,4.0,9.26,0.0,0.0,1,11.59,3.0,3.0,1518.84,21.0,1.0,1,1,1.0,3.7612001156935624,7.824925623883299,0.003702222932992164,0,0.0
390,대조,0,1.0,18.0,265.0,74.0,0.0,0.0,0.0,0.0,1,4.46,1.0,1.0,210.1,13.0,1.0,1,1,1.0,2.9444389791664403,5.583496308781699,0.0,0,0.0
391,대조,0,13.0,1.0,12.760000000000002,5.0,0.0,0.0,0.0,0.0,1,0.0,0.0,0.0,0.0,0.0,13.0,0,0,13.0,0.6931471805599453,2.6217658325051976,0.0,0,0.0
392,대조,0,1.0,13.0,1298.27,372.0,1.0,3.99,0.0,0.0,1,0.0,0.0,0.0,1142.57,11.0,1.0,0,1,1.0,2.6390573296152584,7.16955784726632,0.003073320649787795,0,0.0
393,대조,0,1.0,13.0,298.95,141.0,0.0,0.0,0.0,0.0,0,1.85,1.0,1.0,248.78,15.0,1.0,1,1,1.0,2.6390573296152584,5.703615794099102,0.0,0,0.0
394,대조,0,3.0,4.0,79.39,28.0,0.0,0.0,0.0,0.0,0,3.99,1.0,1.0,237.14000000000001,4.0,3.0,1,1,3.0,1.6094379124341003,4.386889790339869,0.0,0,0.0
396,대조,0,1.0,9.0,91.75,32.0,0.0,0.0,0.0,0.0,0,0.0,0.0,0.0,163.34,16.0,1.0,0,1,1.0,2.302585092994046,4.529907701487544,0.0,0,0.0
397,대조,0,2.0,42.0,1117.8700000000001,102696.0,9.0,13.39,0.0,0.0,0,7.7,5.0,4.0,609.13,25.0,2.0,1,1,2.0,3.7612001156935624,7.020074526406679,0.011978136992673565,0,0.0
398,대조,0,3.0,12.0,442.3,1369.0,4.0,5.0,0.0,0.0,0,0.0,0.0,0.0,116.52,5.0,3.0,0,1,3.0,2.5649493574615367,6.094246741751008,0.011304544426859598,0,0.0
400,대조,0,1.0,57.0,3136.61,166237.0,2.0,5.98,0.0,0.0,1,3.0,2.0,1.0,1932.64,32.0,1.0,1,1,1.0,4.060443010546419,8.051216642586416,0.0019065169083819793,0,0.0
402,대조,0,10.0,6.0,97.86,8357.0,0.0,0.0,0.0,0.0,0,0.0,0.0,0.0,362.95,9.0,10.0,0,1,10.0,1.9459101490553132,4.593704707878813,0.0,0,0.0
408,대조,0,7.0,6.0,239.86,72.0,1.0,3.99,0.0,0.0,0,3.99,1.0,1.0,209.14000000000001,4.0,7.0,1,1,7.0,1.9459101490553132,5.484215851832334,0.016634703577086633,0,0.0
410,대조,0,,0.0,0.0,0.0,0.0,0.0,0.0,0.0,1,0.0,0.0,0.0,154.84,17.0,90.0,0,1,90.0,0.0,0.0,0.0,0,0.0
411,대조,0,12.0,33.0,915.99,111403.0,2.0,5.88,0.0,0.0,1,0.0,0.0,0.0,358.11,11.0,12.0,0,1,12.0,3.5263605246161616,6.821096567071595,0.006419284053319359,0,0.0
412,대조,0,6.0,14.0,273.97,2077.0,1.0,1.25,0.0,0.0,1,3.99,1.0,1.0,172.19,8.0,6.0,1,1,6.0,2.70805020110221,5.616662000806635,0.004562543344161769,0,0.0
414,대조,0,4.0,13.0,213.87,98.0,0.0,0.0,0.0,0.0,0,0.0,0.0,0.0,284.78000000000003,12.0,4.0,0,1,4.0,2.6390573296152584,5.370033194089637,0.0,0,0.0
418,대조,0,1.0,55.0,614.51,50446.0,1.0,1.89,0.0,0.0,1,10.16,4.0,3.0,474.07,34.0,1.0,1,1,1.0,4.02535169073515,6.422451192446224,0.0030756212266684025,0,0.0
419,대조,0,36.0,2.0,38.95,16.0,0.0,0.0,0.0,0.0,0,0.0,0.0,0.0,101.52,3.0,36.0,0,1,36.0,1.0986122886681098,3.6876286722122837,0.0,0,0.0
421,대조,0,4.0,36.0,863.82,87016.0,3.0,8.98,0.0,0.0,0,3.7,2.0,1.0,1001.95,33.0,4.0,1,1,4.0,3.6109179126442243,6.762521392792085,0.010395684286078118,0,0.0
426,대조,0,1.0,32.0,1040.09,93357.0,0.0,0.0,0.0,0.0,1,0.0,0.0,0.0,927.26,26.0,1.0,0,1,1.0,3.4965075614664802,6.948023520209334,0.0,0,0.0
428,대조,0,2.0,12.0,392.79,243.0,2.0,3.24,0.0,0.0,1,0.0,0.0,0.0,379.26,14.0,2.0,0,1,2.0,2.5649493574615367,5.97581777228179,0.00824868250210036,0,0.0
434,대조,0,7.0,19.0,655.32,3744.0,1.0,1.68,0.0,0.0,1,3.24,2.0,2.0,466.72,11.0,7.0,1,1,7.0,2.995732273553991,6.486648474884016,0.002563633034242812,0,0.0
436,대조,0,2.0,5.0,548.74,228.0,0.0,0.0,0.0,0.0,0,0.0,0.0,0.0,117.86,4.0,2.0,0,1,2.0,1.791759469228055,6.309445439183026,0.0,0,0.0
438,대조,0,81.0,2.0,18.37,7.0,0.0,0.0,0.0,0.0,1,0.0,0.0,0.0,29.82,2.0,81.0,0,1,81.0,1.0986122886681098,2.9637254774189046,0.0,0,0.0
441,대조,0,10.0,10.0,452.05,210.0,0.0,0.0,0.0,0.0,1,0.0,0.0,0.0,249.3,7.0,10.0,0,1,10.0,2.3978952727983707,6.11600249466807,0.0,0,0.0
442,대조,0,10.0,5.0,113.12,56.0,0.0,0.0,0.0,0.0,1,0.0,0.0,0.0,290.99,4.0,10.0,0,1,10.0,1.791759469228055,4.737250526345299,0.0,0,0.0
443,대조,0,7.0,11.0,106.87,48.0,0.0,0.0,0.0,0.0,1,13.06,7.0,6.0,362.86,16.0,7.0,1,1,7.0,2.4849066497880004,4.680926798387338,0.0,0,0.0
445,대조,0,1.0,43.0,552.54,205.0,0.0,0.0,0.0,0.0,0,0.0,0.0,0.0,132.52,15.0,1.0,0,1,1.0,3.784189633918261,6.31633401692687,0.0,0,0.0
450,대조,0,13.0,9.0,233.41,126.0,1.0,1.0,0.0,0.0,0,1.0,1.0,1.0,260.52,9.0,13.0,1,1,13.0,2.302585092994046,5.457071718908896,0.004284306584979221,0,0.0
451,대조,0,15.0,11.0,149.82,55.0,0.0,0.0,0.0,0.0,1,0.0,0.0,0.0,212.42,12.0,15.0,0,1,15.0,2.4849066497880004,5.016087072774501,0.0,0,0.0
458,대조,0,5.0,17.0,207.64000000000001,131.0,0.0,0.0,0.0,0.0,1,4.38,2.0,2.0,146.36,11.0,5.0,1,1,5.0,2.8903717578961645,5.340610278738288,0.0,0,0.0
459,대조,0,9.0,8.0,78.42,45.0,1.0,1.89,0.0,0.0,0,2.39,1.0,1.0,132.68,10.0,9.0,1,1,9.0,2.1972245773362196,4.374750225703106,0.02410099464422341,0,0.0
460,대조,0,1.0,12.0,77.37,6821.0,0.0,0.0,0.0,0.0,1,1.89,1.0,1.0,166.67000000000002,22.0,1.0,1,1,1.0,2.5649493574615367,4.361441201064773,0.0,0,0.0
462,대조,0,12.0,12.0,178.0,78.0,2.0,5.98,0.0,0.0,1,0.0,0.0,0.0,63.26,4.0,12.0,0,1,12.0,2.5649493574615367,5.187385805840755,0.03359550561797753,0,0.0
463,대조,0,3.0,95.0,1269.41,157407.0,0.0,0.0,0.0,0.0,0,0.0,0.0,0.0,291.39,35.0,3.0,0,1,3.0,4.564348191467836,7.147094961998415,0.0,0,0.0
467,대조,0,23.0,3.0,32.94,22.0,0.0,0.0,0.0,0.0,0,1.89,1.0,1.0,412.9,9.0,23.0,1,1,23.0,1.3862943611198906,3.52459425980608,0.0,0,0.0
468,대조,0,1.0,27.0,493.76,211.0,3.0,5.47,0.0,0.0,0,2.39,1.0,1.0,672.01,39.0,1.0,1,1,1.0,3.332204510175204,6.204072796506809,0.011078256642903435,0,0.0
470,대조,0,5.0,17.0,273.36,99.0,1.0,0.99,0.0,0.0,0,3.7800000000000002,2.0,2.0,297.48,16.0,5.0,1,1,5.0,2.8903717578961645,5.614441112631121,0.0036215978928884987,0,0.0
472,대조,0,1.0,16.0,1999.72,662.0,5.0,15.84,0.0,0.0,0,10.56,8.0,7.0,816.92,17.0,1.0,1,1,1.0,2.833213344056216,7.60126239475763,0.007921108955253735,0,0.0
473,대조,0,38.0,7.0,316.19,34981.0,0.0,0.0,0.0,0.0,1,2.78,2.0,2.0,516.74,9.0,38.0,1,1,38.0,2.0794415416798357,5.7595009634125445,0.0,0,0.0
475,대조,0,1.0,3.0,303.81,149.0,0.0,0.0,0.0,0.0,0,2.29,1.0,1.0,229.95,4.0,1.0,1,1,1.0,1.3862943611198906,5.719688631673257,0.0,0,0.0
476,대조,0,19.0,5.0,177.29,76.0,1.0,3.5,0.0,0.0,0,0.0,0.0,0.0,0.0,0.0,19.0,0,0,19.0,1.791759469228055,5.1834114380466785,0.019741666196626997,0,0.0
479,대조,0,10.0,65.0,372.65,230.0,1.0,2.99,0.0,0.0,0,3.77,3.0,2.0,432.22,26.0,10.0,1,1,10.0,4.189654742026425,5.923319530376299,0.008023614651818061,0,0.0
481,대조,0,15.0,17.0,683.74,364.0,2.0,1.99,0.0,0.0,0,2.29,1.0,1.0,149.77,3.0,15.0,1,1,15.0,2.8903717578961645,6.529039204166525,0.0029104630415070056,0,0.0
482,대조,0,13.0,6.0,228.31,115.0,0.0,0.0,0.0,0.0,0,0.0,0.0,0.0,319.22,5.0,13.0,0,1,13.0,1.9459101490553132,5.435074799902897,0.0,0,0.0
483,대조,0,4.0,9.0,367.74,116.0,0.0,0.0,0.0,0.0,1,0.0,0.0,0.0,124.38,4.0,4.0,0,1,4.0,2.302585092994046,5.910091788642244,0.0,0,0.0
484,대조,0,3.0,23.0,445.40000000000003,8296.0,1.0,0.88,0.0,0.0,1,1.68,1.0,1.0,154.17000000000002,7.0,3.0,1,1,3.0,3.1780538303479458,6.101215411067101,0.001975752132914234,0,0.0
485,대조,0,1.0,34.0,1075.99,165657.0,0.0,0.0,0.0,0.0,1,0.0,0.0,0.0,793.8100000000001,21.0,1.0,0,1,1.0,3.5553480614894135,6.981925392062214,0.0,0,0.0
489,대조,0,6.0,12.0,591.07,31493.0,1.0,2.39,0.0,0.0,1,6.449999999999999,4.0,3.0,735.43,17.0,6.0,1,1,6.0,2.5649493574615367,6.383624871137068,0.004043514304566295,0,0.0
491,대조,0,2.0,18.0,432.57,81151.0,0.0,0.0,0.0,0.0,1,0.0,0.0,0.0,498.4,9.0,2.0,0,1,2.0,2.9444389791664403,6.072053259539941,0.0,0,0.0
492,대조,0,3.0,18.0,1310.29,38159.0,4.0,6.03,0.0,0.0,1,8.75,4.0,4.0,1003.1,15.0,3.0,1,1,3.0,2.9444389791664403,7.17876666448832,0.004602034664081997,0,0.0
493,대조,0,2.0,11.0,369.21000000000004,129.0,0.0,0.0,0.0,0.0,1,7.07,3.0,3.0,713.16,18.0,2.0,1,1,2.0,2.4849066497880004,5.914070412200284,0.0,0,0.0
498,대조,0,,0.0,0.0,0.0,0.0,0.0,0.0,0.0,0,0.0,0.0,0.0,0.0,0.0,90.0,0,0,90.0,0.0,0.0,0.0,0,0.0
502,대조,0,7.0,18.0,889.24,465.0,1.0,1.39,0.0,0.0,0,0.0,0.0,0.0,69.03,3.0,7.0,0,1,7.0,2.9444389791664403,6.7914910892950235,0.001563132562637758,0,0.0
503,대조,0,1.0,20.0,614.45,1002.0,5.0,10.42,0.0,0.0,0,8.27,3.0,3.0,486.53000000000003,14.0,1.0,1,1,1.0,3.044522437723423,6.422353707556304,0.016958255350313287,0,0.0
507,대조,0,13.0,21.0,320.25,7795.0,4.0,9.44,0.0,0.0,0,0.0,0.0,0.0,117.38,8.0,13.0,0,1,13.0,3.091042453358316,5.77221963620943,0.02947697111631538,0,0.0
508,대조,0,2.0,15.0,224.93,116.0,0.0,0.0,0.0,0.0,0,0.0,0.0,0.0,151.84,9.0,2.0,0,1,2.0,2.772588722239781,5.42022521678137,0.0,0,0.0
510,대조,0,4.0,55.0,1431.95,76506.0,0.0,0.0,0.0,0.0,1,0.0,0.0,0.0,801.77,40.0,4.0,0,1,4.0,4.02535169073515,7.267490535384127,0.0,0,0.0
513,대조,0,1.0,19.0,1361.55,608.0,2.0,7.99,0.0,0.0,1,0.0,0.0,0.0,929.0600000000001,14.0,1.0,0,1,1.0,2.995732273553991,7.217113223111778,0.0058683118504645445,0,0.0
514,대조,0,5.0,8.0,273.52,181.0,3.0,6.5,0.0,0.0,0,0.0,0.0,0.0,201.24,4.0,5.0,0,1,5.0,2.1972245773362196,5.615024118040433,0.023764258555133082,0,0.0
515,대조,0,,0.0,0.0,0.0,0.0,0.0,0.0,0.0,0,0.0,0.0,0.0,156.29,5.0,90.0,0,1,90.0,0.0,0.0,0.0,0,0.0
517,대조,0,15.0,13.0,357.44,22332.0,4.0,7.85,0.0,0.0,0,4.0,2.0,1.0,407.96000000000004,9.0,15.0,1,1,15.0,2.6390573296152584,5.8817612820160186,0.021961727842435094,0,0.0
518,대조,0,8.0,8.0,249.88,101.0,1.0,1.49,0.0,0.0,1,0.0,0.0,0.0,291.89,15.0,8.0,0,1,8.0,2.1972245773362196,5.524974737162043,0.005962862173843445,0,0.0
520,대조,0,5.0,22.0,429.59000000000003,278.0,1.0,2.0,0.0,0.0,0,0.0,0.0,0.0,188.84,9.0,5.0,0,1,5.0,3.1354942159291497,6.065156361251399,0.004655601852929537,0,0.0
523,대조,0,38.0,37.0,546.99,60382.0,0.0,0.0,0.0,0.0,1,0.0,0.0,0.0,17.21,2.0,38.0,0,1,38.0,3.6375861597263857,6.306257038606333,0.0,0,0.0
524,대조,0,1.0,20.0,863.05,400.0,0.0,0.0,0.0,0.0,0,1.67,1.0,1.0,298.49,10.0,1.0,1,1,1.0,3.044522437723423,6.761630637500001,0.0,0,0.0
527,대조,0,3.0,19.0,435.61,185.0,0.0,0.0,0.0,0.0,1,0.0,0.0,0.0,364.38,12.0,3.0,0,1,3.0,2.995732273553991,6.079040348113737,0.0,0,0.0
529,대조,0,5.0,23.0,552.69,313.0,2.0,3.01,0.0,0.0,0,1.79,1.0,1.0,221.0,5.0,5.0,1,1,5.0,3.1780538303479458,6.316604963344358,0.00544609093705332,0,0.0
530,대조,0,8.0,4.0,88.83,38.0,1.0,1.39,0.0,0.0,0,0.0,0.0,0.0,313.97,11.0,8.0,0,1,8.0,1.6094379124341003,4.497918995241116,0.015647866711696497,0,0.0
533,대조,0,2.0,7.0,316.6,131.0,1.0,1.68,0.0,0.0,0,1.67,1.0,1.0,597.83,11.0,2.0,1,1,2.0,2.0794415416798357,5.760792729372981,0.005306380290587492,0,0.0
534,대조,0,1.0,65.0,143.24,1884.0,2.0,2.67,0.0,0.0,1,0.0,0.0,0.0,210.0,59.0,1.0,0,1,1.0,4.189654742026425,4.971478578895062,0.01864004468025691,0,0.0
536,대조,0,6.0,17.0,345.21,198.0,0.0,0.0,0.0,0.0,0,0.0,0.0,0.0,187.44,11.0,6.0,0,1,6.0,2.8903717578961645,5.847045527362495,0.0,0,0.0
537,대조,0,10.0,14.0,303.51,106.0,0.0,0.0,0.0,0.0,0,13.22,4.0,4.0,336.49,7.0,10.0,1,1,10.0,2.70805020110221,5.718703927333203,0.0,0,0.0
538,대조,0,3.0,6.0,262.6,130.0,1.0,3.99,0.0,0.0,0,1.89,1.0,1.0,466.55,8.0,3.0,1,1,3.0,1.9459101490553132,5.574432802628352,0.015194211728865193,0,0.0
540,대조,0,6.0,6.0,126.28,48.0,0.0,0.0,0.0,0.0,1,0.0,0.0,0.0,254.91,7.0,6.0,0,1,6.0,1.9459101490553132,4.846389384029531,0.0,0,0.0
541,대조,0,21.0,4.0,98.67,35.0,0.0,0.0,0.0,0.0,0,0.0,0.0,0.0,79.66,3.0,21.0,0,1,21.0,1.6094379124341003,4.601864728979365,0.0,0,0.0
542,대조,0,3.0,14.0,234.52,7549.0,1.0,2.69,0.0,0.0,1,0.0,0.0,0.0,257.53000000000003,20.0,3.0,0,1,3.0,2.70805020110221,5.461795835540512,0.011470237079993176,0,0.0
543,대조,0,2.0,16.0,543.57,275.0,0.0,0.0,0.0,0.0,1,0.0,0.0,0.0,284.72,8.0,2.0,0,1,2.0,2.833213344056216,6.2999964924204805,0.0,0,0.0
544,대조,0,1.0,13.0,76.49,44.0,0.0,0.0,0.0,0.0,0,0.0,0.0,0.0,376.68,19.0,1.0,0,1,1.0,2.6390573296152584,4.350148895775859,0.0,0,0.0
545,대조,0,18.0,6.0,349.42,213.0,0.0,0.0,0.0,0.0,0,0.0,0.0,0.0,360.7,7.0,18.0,0,1,18.0,1.9459101490553132,5.8591324350589415,0.0,0,0.0
546,대조,0,1.0,28.0,889.99,64412.0,0.0,0.0,0.0,0.0,1,1.64,1.0,1.0,507.43,23.0,1.0,1,1,1.0,3.367295829986474,6.7923332040632705,0.0,0,0.0
548,대조,0,8.0,15.0,663.75,298.0,0.0,0.0,0.0,0.0,1,6.79,4.0,2.0,552.19,10.0,8.0,1,1,8.0,2.772588722239781,6.499411030123129,0.0,0,0.0
549,대조,0,43.0,37.0,936.79,415.0,0.0,0.0,0.0,0.0,0,0.0,0.0,0.0,0.0,0.0,43.0,0,0,43.0,3.6375861597263857,6.843526043344208,0.0,0,0.0
553,대조,0,1.0,40.0,994.12,49070.0,2.0,3.13,0.0,0.0,1,11.31,8.0,8.0,627.38,28.0,1.0,1,1,1.0,3.713572066704308,6.902863332901709,0.0031485132579567856,0,0.0
558,대조,0,9.0,12.0,435.18,173.0,2.0,4.29,0.0,0.0,0,0.0,0.0,0.0,494.18,13.0,9.0,0,1,9.0,2.5649493574615367,6.07805500218908,0.009857989797325245,0,0.0
563,대조,0,19.0,12.0,354.93,13404.0,2.0,7.17,0.0,0.0,0,4.449999999999999,3.0,3.0,256.52,7.0,19.0,1,1,19.0,2.5649493574615367,5.874734082304489,0.020201166427182823,0,0.0
566,대조,0,11.0,43.0,278.84000000000003,19340.0,0.0,0.0,0.0,0.0,0,0.0,0.0,0.0,87.13,7.0,11.0,0,1,11.0,3.784189633918261,5.634218011270292,0.0,0,0.0
568,대조,0,1.0,15.0,701.51,379.0,0.0,0.0,0.0,0.0,0,3.7,2.0,2.0,368.69,5.0,1.0,1,1,1.0,2.772588722239781,6.554659635982031,0.0,0,0.0
570,대조,0,73.0,4.0,192.5,62.0,2.0,5.99,0.0,0.0,0,5.0,3.0,1.0,263.03000000000003,5.0,73.0,1,1,73.0,1.6094379124341003,5.2652775124698366,0.03111688311688312,0,0.0
573,대조,0,2.0,12.0,589.42,210.0,6.0,11.030000000000001,0.0,0.0,0,0.0,0.0,0.0,292.39,14.0,2.0,0,1,2.0,2.5649493574615367,6.380834148051259,0.018713311390858814,0,0.0
574,대조,0,16.0,13.0,660.41,34012.0,0.0,0.0,0.0,0.0,1,8.129999999999999,4.0,4.0,639.19,11.0,16.0,1,1,16.0,2.6390573296152584,6.494373919876999,0.0,0,0.0
577,대조,0,14.0,9.0,652.6800000000001,234.0,1.0,2.39,0.0,0.0,0,1.34,1.0,1.0,542.57,4.0,14.0,1,1,14.0,2.302585092994046,6.482617935076452,0.003661825090396519,0,0.0
578,대조,0,1.0,11.0,318.44,108.0,0.0,0.0,0.0,0.0,1,0.0,0.0,0.0,138.66,5.0,1.0,0,1,1.0,2.4849066497880004,5.7665694627549655,0.0,0,0.0
580,대조,0,5.0,12.0,161.54,46.0,0.0,0.0,0.0,0.0,0,0.0,0.0,0.0,107.85000000000001,7.0,5.0,0,1,5.0,2.5649493574615367,5.090924125325059,0.0,0,0.0
581,대조,0,5.0,8.0,297.26,150.0,0.0,0.0,0.0,0.0,0,0.0,0.0,0.0,327.11,10.0,5.0,0,1,5.0,2.1972245773362196,5.697965589334636,0.0,0,0.0
582,대조,0,3.0,34.0,1031.9,12859.0,0.0,0.0,0.0,0.0,1,0.0,0.0,0.0,676.1800000000001,10.0,3.0,0,1,3.0,3.5553480614894135,6.940125659012588,0.0,0,0.0
584,대조,0,1.0,17.0,459.03,74909.0,1.0,1.5,0.0,0.0,0,0.0,0.0,0.0,125.85,9.0,1.0,0,1,1.0,2.8903717578961645,6.131291704747883,0.003267760277106072,0,0.0
586,대조,0,3.0,22.0,476.46,22493.0,6.0,18.11,0.0,0.0,1,7.680000000000001,2.0,2.0,459.98,16.0,3.0,1,1,3.0,3.1354942159291497,6.1684803867784055,0.0380094866305671,0,0.0
588,대조,0,2.0,33.0,1263.54,17620.0,4.0,6.3,0.0,0.0,1,3.68,3.0,3.0,1732.47,44.0,2.0,1,1,2.0,3.5263605246161616,7.1424636986662495,0.0049859917374994065,0,0.0
591,대조,0,2.0,53.0,2192.88,797.0,1.0,2.0,0.0,0.0,0,0.0,0.0,0.0,1227.3,39.0,2.0,0,1,2.0,3.9889840465642745,7.693426944717674,0.0009120426106307687,0,0.0
594,대조,0,1.0,27.0,575.09,18083.0,2.0,1.98,0.0,0.0,0,5.69,1.0,1.0,339.27,17.0,1.0,1,1,1.0,3.332204510175204,6.356263898490131,0.003442939366012276,0,0.0
595,대조,0,6.0,18.0,257.42,120.0,0.0,0.0,0.0,0.0,1,0.0,0.0,0.0,389.26,22.0,6.0,0,1,6.0,2.9444389791664403,5.554586168294074,0.0,0,0.0
596,대조,0,2.0,23.0,557.09,204.0,1.0,2.29,0.0,0.0,1,0.0,0.0,0.0,208.55,11.0,2.0,0,1,2.0,3.1780538303479458,6.324520239698006,0.004110646394657955,0,0.0
597,대조,0,1.0,18.0,376.18,209.0,3.0,6.14,0.0,0.0,1,4.7299999999999995,3.0,3.0,597.03,14.0,1.0,1,1,1.0,2.9444389791664403,5.932722527084219,0.016321973523313306,0,0.0
600,대조,0,14.0,6.0,78.75,4379.0,0.0,0.0,0.0,0.0,0,4.5,2.0,1.0,473.38,14.0,14.0,1,1,14.0,1.9459101490553132,4.378896741664954,0.0,0,0.0
604,대조,0,17.0,8.0,399.37,159.0,2.0,4.390000000000001,0.0,0.0,0,0.0,0.0,0.0,97.16,2.0,17.0,0,1,17.0,2.1972245773362196,5.992389119559117,0.010992312892806172,0,0.0
605,대조,0,8.0,11.0,372.41,211.0,1.0,1.39,0.0,0.0,1,3.99,1.0,1.0,709.12,15.0,8.0,1,1,8.0,2.4849066497880004,5.922677011680996,0.003732445423055234,0,0.0
606,대조,0,1.0,15.0,559.34,11323.0,0.0,0.0,0.0,0.0,1,6.46,4.0,4.0,140.38,2.0,1.0,1,1,1.0,2.772588722239781,6.328543742349682,0.0,0,0.0
607,대조,0,1.0,77.0,1048.26,71798.0,2.0,3.6799999999999997,0.0,0.0,1,0.0,0.0,0.0,647.47,27.0,1.0,0,1,1.0,4.356708826689592,6.955840432785392,0.0035105794363993665,0,0.0
608,대조,0,4.0,38.0,730.33,323.0,2.0,7.08,0.0,0.0,1,0.99,1.0,1.0,527.73,25.0,4.0,1,1,4.0,3.6635616461296463,6.594864794271538,0.009694247805786425,0,0.0
612,대조,0,3.0,13.0,185.88,3323.0,0.0,0.0,0.0,0.0,0,0.0,0.0,0.0,265.77,11.0,3.0,0,1,3.0,2.6390573296152584,5.230466699639862,0.0,0,0.0
614,대조,0,1.0,9.0,224.54,129.0,3.0,7.27,0.0,0.0,1,2.5,1.0,1.0,321.72,12.0,1.0,1,1,1.0,2.302585092994046,5.418497526804142,0.03237730471185535,0,0.0
618,대조,0,1.0,107.0,797.82,69945.0,1.0,2.0,0.0,0.0,0,2.79,1.0,1.0,607.49,59.0,1.0,1,1,1.0,4.68213122712422,6.68313563878456,0.0025068311147877966,0,0.0
621,대조,0,2.0,16.0,256.06,90.0,3.0,8.97,0.0,0.0,1,2.59,1.0,1.0,247.32,12.0,2.0,1,1,2.0,2.833213344056216,5.549309520681986,0.03503085214402875,0,0.0
623,대조,0,2.0,29.0,1148.5,53290.0,0.0,0.0,0.0,0.0,1,3.7,2.0,1.0,784.87,13.0,2.0,1,1,2.0,3.4011973816621555,7.047082344203236,0.0,0,0.0
632,대조,0,2.0,26.0,920.46,52213.0,5.0,7.29,0.0,0.0,0,2.58,2.0,2.0,227.36,11.0,2.0,1,1,2.0,3.295836866004329,6.825959368679954,0.007919953066944789,0,0.0
633,대조,0,10.0,28.0,1044.43,48990.0,1.0,2.29,0.0,0.0,0,1.39,1.0,1.0,730.88,20.0,10.0,1,1,10.0,3.367295829986474,6.952183563016483,0.0021925835144528593,0,0.0
634,대조,0,2.0,6.0,276.84000000000003,129.0,1.0,1.34,0.0,0.0,0,0.0,0.0,0.0,462.83,8.0,2.0,0,1,2.0,1.9459101490553132,5.627045408435818,0.0048403409911862445,0,0.0
635,대조,0,5.0,12.0,79.65,45.0,0.0,0.0,0.0,0.0,0,0.0,0.0,0.0,32.46,4.0,5.0,0,1,5.0,2.5649493574615367,4.390118804571218,0.0,0,0.0
636,대조,0,1.0,26.0,686.71,545.0,11.0,30.27,0.0,0.0,0,4.68,6.0,6.0,808.12,19.0,1.0,1,1,1.0,3.295836866004329,6.533367237444439,0.04407974254051929,0,0.0
637,대조,0,3.0,6.0,134.19,72.0,3.0,7.359999999999999,0.0,0.0,0,0.0,0.0,0.0,301.58,11.0,3.0,0,1,3.0,1.9459101490553132,4.906681196376314,0.05484760414337879,0,0.0
638,대조,0,1.0,19.0,919.23,68482.0,1.0,4.17,0.0,0.0,0,0.0,0.0,0.0,1163.31,23.0,1.0,0,1,1.0,2.995732273553991,6.824623638798293,0.004536405469795372,0,0.0
639,대조,0,,0.0,0.0,0.0,0.0,0.0,0.0,0.0,0,0.0,0.0,0.0,0.0,0.0,90.0,0,0,90.0,0.0,0.0,0.0,0,0.0
640,대조,0,7.0,24.0,608.95,49785.0,1.0,1.58,0.0,0.0,0,0.0,0.0,0.0,277.89,11.0,7.0,0,1,7.0,3.2188758248682006,6.413376986594747,0.002594630100993513,0,0.0
644,대조,0,2.0,58.0,859.42,62586.0,1.0,2.5,0.0,0.0,1,1.34,1.0,1.0,447.01,27.0,2.0,1,1,2.0,4.07753744390572,6.757420642125738,0.0029089385864885624,0,0.0
646,대조,0,11.0,11.0,461.51,47044.0,1.0,1.99,0.0,0.0,0,0.0,0.0,0.0,56.410000000000004,3.0,11.0,0,1,11.0,2.4849066497880004,6.136668178340358,0.0043119325691750995,0,0.0
647,대조,0,18.0,15.0,621.04,62522.0,1.0,1.68,0.0,0.0,1,0.0,0.0,0.0,777.49,20.0,18.0,0,1,18.0,2.772588722239781,6.433004399353137,0.002705139765554554,0,0.0
653,대조,0,1.0,58.0,2229.6,287483.0,1.0,1.34,0.0,0.0,0,7.07,3.0,3.0,1566.42,39.0,1.0,1,1,1.0,4.07753744390572,7.7100258865604365,0.0006010046645138142,0,0.0
656,대조,0,36.0,7.0,396.13,164.0,1.0,1.25,0.0,0.0,0,2.39,1.0,1.0,243.39000000000001,5.0,36.0,1,1,36.0,2.0794415416798357,5.984263683004597,0.003155529750334486,0,0.0
660,대조,0,3.0,24.0,1179.97,72831.0,3.0,4.46,0.0,0.0,1,2.67,2.0,2.0,798.69,16.0,3.0,1,1,3.0,3.2188758248682006,7.074091413673197,0.003779757112468961,0,0.0
661,대조,0,3.0,37.0,1302.38,420.0,2.0,13.76,0.0,0.0,1,9.69,1.0,1.0,897.25,47.0,3.0,1,1,3.0,3.6375861597263857,7.172716169296894,0.010565272808243369,0,0.0
662,대조,0,77.0,4.0,116.28,47.0,0.0,0.0,0.0,0.0,0,0.0,0.0,0.0,52.43,3.0,77.0,0,1,77.0,1.6094379124341003,4.764564238138341,0.0,0,0.0
663,대조,0,11.0,10.0,345.22,230.0,0.0,0.0,0.0,0.0,0,0.99,1.0,1.0,285.98,13.0,11.0,1,1,11.0,2.3978952727983707,5.847074411148584,0.0,0,0.0
671,대조,0,2.0,22.0,1017.16,114361.0,0.0,0.0,0.0,0.0,1,0.0,0.0,0.0,297.58,11.0,2.0,0,1,2.0,3.1354942159291497,6.925752355683792,0.0,0,0.0
672,대조,0,3.0,14.0,318.96,5755.0,6.0,13.62,0.0,0.0,1,6.34,4.0,4.0,634.72,21.0,3.0,1,1,3.0,2.70805020110221,5.768195987980621,0.0427012791572611,0,0.0
675,대조,0,1.0,26.0,593.07,25567.0,3.0,6.37,0.0,0.0,1,6.98,2.0,2.0,475.23,18.0,1.0,1,1,1.0,3.295836866004329,6.3869971575373,0.01074072200583405,0,0.0
676,대조,0,1.0,32.0,1056.23,553.0,6.0,16.43,0.0,0.0,0,2.29,1.0,1.0,1147.64,52.0,1.0,1,1,1.0,3.4965075614664802,6.963407559172014,0.015555324124480463,0,0.0
679,대조,0,1.0,6.0,377.73,127.0,0.0,0.0,0.0,0.0,0,0.0,0.0,0.0,301.56,15.0,1.0,0,1,1.0,1.9459101490553132,5.936823550148803,0.0,0,0.0
680,대조,0,6.0,14.0,418.89,212.0,4.0,8.65,0.0,0.0,1,7.06,4.0,4.0,607.22,12.0,6.0,1,1,6.0,2.70805020110221,6.039992772212467,0.02064981259996658,0,0.0
684,대조,0,1.0,15.0,223.55,10287.0,0.0,0.0,0.0,0.0,0,0.0,0.0,0.0,302.83,18.0,1.0,0,1,1.0,2.772588722239781,5.4140983995337475,0.0,0,0.0
685,대조,0,2.0,24.0,704.21,12097.0,0.0,0.0,0.0,0.0,1,6.93,4.0,3.0,274.83,10.0,2.0,1,1,2.0,3.2188758248682006,6.558495630797537,0.0,0,0.0
687,대조,0,6.0,8.0,266.06,120.0,1.0,1.89,0.0,0.0,0,4.79,1.0,1.0,241.75,5.0,6.0,1,1,6.0,2.1972245773362196,5.5874733522558175,0.007103660828384575,0,0.0
688,대조,0,54.0,2.0,154.04,54.0,0.0,0.0,0.0,0.0,1,0.0,0.0,0.0,136.25,2.0,54.0,0,1,54.0,1.0986122886681098,5.043683148142456,0.0,0,0.0
690,대조,0,1.0,30.0,642.67,23983.0,0.0,0.0,0.0,0.0,1,0.0,0.0,0.0,421.16,28.0,1.0,0,1,1.0,3.4339872044851463,6.4671861724109005,0.0,0,0.0
692,대조,0,6.0,11.0,384.68,7695.0,0.0,0.0,0.0,0.0,1,1.89,1.0,1.0,341.73,11.0,6.0,1,1,6.0,2.4849066497880004,5.955008010097367,0.0,0,0.0
694,대조,0,1.0,56.0,574.51,275.0,0.0,0.0,0.0,0.0,0,0.0,0.0,0.0,179.23000000000002,18.0,1.0,0,1,1.0,4.04305126783455,6.355256604205587,0.0,0,0.0
695,대조,0,3.0,28.0,663.36,24278.0,3.0,7.130000000000001,0.0,0.0,1,0.0,0.0,0.0,792.29,16.0,3.0,0,1,3.0,3.367295829986474,6.498824171230798,0.01074831162566329,0,0.0
696,대조,0,1.0,34.0,1678.3600000000001,62195.0,11.0,34.71,0.0,0.0,1,25.28,11.0,7.0,1373.88,32.0,1.0,1,1,1.0,3.5553480614894135,7.42616804743556,0.02068090278605305,0,0.0
697,대조,0,22.0,6.0,372.53,14684.0,0.0,0.0,0.0,0.0,0,12.49,1.0,1.0,184.82,5.0,22.0,1,1,22.0,1.9459101490553132,5.922998322632431,0.0,0,0.0
699,대조,0,2.0,23.0,1514.8600000000001,124206.0,0.0,0.0,0.0,0.0,1,0.0,0.0,0.0,1165.86,18.0,2.0,0,1,2.0,3.1780538303479458,7.323738213652991,0.0,0,0.0
700,대조,0,15.0,8.0,334.25,149.0,2.0,5.67,0.0,0.0,0,0.0,0.0,0.0,136.72,2.0,15.0,0,1,15.0,2.1972245773362196,5.8148765221617875,0.016963350785340316,0,0.0
702,대조,0,3.0,30.0,753.28,26689.0,0.0,0.0,0.0,0.0,0,0.0,0.0,0.0,720.6800000000001,31.0,3.0,0,1,3.0,3.4339872044851463,6.625763651858722,0.0,0,0.0
703,대조,0,2.0,20.0,1106.29,100652.0,4.0,8.36,0.0,0.0,0,6.569999999999999,3.0,3.0,1161.8700000000001,23.0,2.0,1,1,2.0,3.044522437723423,7.009670867687034,0.007556788907067766,0,0.0
705,대조,0,6.0,7.0,147.75,56.0,0.0,0.0,0.0,0.0,0,3.99,1.0,1.0,117.68,7.0,6.0,1,1,6.0,2.0794415416798357,5.002267044425739,0.0,0,0.0
707,대조,0,1.0,85.0,3024.06,308026.0,1.0,2.99,0.0,0.0,1,1.67,1.0,1.0,1984.5,47.0,1.0,1,1,1.0,4.454347296253507,8.01468620497898,0.000988736995959075,0,0.0
709,대조,0,5.0,21.0,643.0,331.0,1.0,2.69,0.0,0.0,0,17.939999999999998,7.0,6.0,1022.31,23.0,5.0,1,1,5.0,3.091042453358316,6.467698726104354,0.004183514774494556,0,0.0
714,대조,0,8.0,37.0,566.96,290.0,5.0,25.01,0.0,0.0,1,16.45,7.0,7.0,325.41,24.0,8.0,1,1,8.0,3.6375861597263857,6.342050993706157,0.04411245943276421,0,0.0
715,대조,0,5.0,24.0,411.25,11196.0,1.0,1.49,0.0,0.0,1,0.0,0.0,0.0,174.04,12.0,5.0,0,1,5.0,3.2188758248682006,6.021629961439708,0.0036231003039513677,0,0.0
716,대조,0,14.0,9.0,110.28,78.0,0.0,0.0,0.0,0.0,1,0.0,0.0,0.0,97.41,6.0,14.0,0,1,14.0,2.302585092994046,4.712049547615187,0.0,0,0.0
720,대조,0,6.0,20.0,219.15,61.0,0.0,0.0,0.0,0.0,0,0.0,0.0,0.0,173.35,9.0,6.0,0,1,6.0,3.044522437723423,5.394309132201763,0.0,0,0.0
722,대조,0,1.0,16.0,831.06,7886.0,4.0,4.0,0.0,0.0,1,0.0,0.0,0.0,427.6,10.0,1.0,0,1,1.0,2.833213344056216,6.723904553605634,0.004813130219238082,0,0.0
725,대조,0,1.0,17.0,526.7,424.0,0.0,0.0,0.0,0.0,1,1.39,1.0,1.0,362.21,14.0,1.0,1,1,1.0,2.8903717578961645,6.268527940411622,0.0,0,0.0
726,대조,0,13.0,5.0,164.94,81.0,0.0,0.0,0.0,0.0,0,0.0,0.0,0.0,30.740000000000002,3.0,13.0,0,1,13.0,1.791759469228055,5.111626277236139,0.0,0,0.0
727,대조,0,5.0,13.0,686.54,292.0,3.0,6.41,0.0,0.0,0,24.4,12.0,7.0,640.63,17.0,5.0,1,1,5.0,2.6390573296152584,6.533120009666412,0.00933667375535293,0,0.0
728,대조,0,1.0,87.0,2352.35,171351.0,11.0,20.470000000000002,0.0,0.0,0,11.99,1.0,1.0,1103.02,49.0,1.0,1,1,1.0,4.477336814478207,7.763595123947074,0.00870193636151083,0,0.0
729,대조,0,2.0,4.0,206.18,89.0,0.0,0.0,0.0,0.0,0,0.0,0.0,0.0,217.21,7.0,2.0,0,1,2.0,1.6094379124341003,5.333587980629956,0.0,0,0.0
731,대조,0,12.0,41.0,421.16,42263.0,0.0,0.0,0.0,0.0,1,0.0,0.0,0.0,257.81,13.0,12.0,0,1,12.0,3.7376696182833684,6.045384389097412,0.0,0,0.0
733,대조,0,16.0,7.0,140.98000000000002,112.0,0.0,0.0,0.0,0.0,1,0.0,0.0,0.0,234.99,9.0,16.0,0,1,16.0,2.0794415416798357,4.95568620261124,0.0,0,0.0
734,대조,0,7.0,7.0,214.72,83.0,1.0,3.99,0.0,0.0,0,0.0,0.0,0.0,136.87,6.0,7.0,0,1,7.0,2.0794415416798357,5.373981270469026,0.018582339791356185,0,0.0
738,대조,0,1.0,26.0,325.55,1094.0,1.0,3.99,0.0,0.0,0,7.05,3.0,2.0,507.93,16.0,1.0,1,1,1.0,3.295836866004329,5.788583076348666,0.012256181846106589,0,0.0
741,대조,0,7.0,4.0,175.14,7754.0,0.0,0.0,0.0,0.0,1,4.28,2.0,2.0,448.71,11.0,7.0,1,1,7.0,1.6094379124341003,5.171279133377313,0.0,0,0.0
742,대조,0,2.0,71.0,854.83,22627.0,10.0,13.46,0.0,0.0,1,0.0,0.0,0.0,240.73,32.0,2.0,0,1,2.0,4.276666119016055,6.752071758287681,0.01574582080647614,0,0.0
743,대조,0,1.0,10.0,246.52,7032.0,1.0,2.59,0.0,0.0,0,0.0,0.0,0.0,220.04,7.0,1.0,0,1,1.0,2.3978952727983707,5.511491386824756,0.010506246957650494,0,0.0
744,대조,0,2.0,22.0,492.64,20608.0,1.0,3.49,0.0,0.0,0,0.0,0.0,0.0,554.17,17.0,2.0,0,1,2.0,3.1354942159291497,6.201806506584982,0.007084280610587854,0,0.0
747,대조,0,5.0,26.0,250.53,158.0,0.0,0.0,0.0,0.0,0,0.0,0.0,0.0,116.59,16.0,5.0,0,1,5.0,3.295836866004329,5.527562266720222,0.0,0,0.0
748,대조,0,17.0,5.0,215.4,78.0,0.0,0.0,0.0,0.0,1,0.0,0.0,0.0,0.0,0.0,17.0,0,0,17.0,1.791759469228055,5.377128546972327,0.0,0,0.0
749,대조,0,1.0,12.0,133.26,72.0,4.0,5.0,0.0,0.0,0,0.0,0.0,0.0,272.2,15.0,1.0,0,1,1.0,2.5649493574615367,4.899778218510606,0.037520636349992496,0,0.0
752,대조,0,3.0,13.0,398.77,14680.0,3.0,8.56,0.0,0.0,1,1.67,1.0,1.0,714.34,15.0,3.0,1,1,3.0,2.6390573296152584,5.990889381732085,0.021466007974521657,0,0.0
757,대조,0,37.0,3.0,133.78,58.0,0.0,0.0,0.0,0.0,0,0.0,0.0,0.0,286.61,4.0,37.0,0,1,37.0,1.3862943611198906,4.903643819518071,0.0,0,0.0
759,대조,0,13.0,4.0,90.22,32.0,0.0,0.0,0.0,0.0,0,2.5,1.0,1.0,120.85,2.0,13.0,1,1,13.0,1.6094379124341003,4.5132741712835545,0.0,0,0.0
761,대조,0,15.0,27.0,1221.67,61792.0,0.0,0.0,0.0,0.0,1,0.0,0.0,0.0,581.24,11.0,15.0,0,1,15.0,3.332204510175204,7.108792270985882,0.0,0,0.0
763,대조,0,1.0,9.0,563.86,3872.0,3.0,14.07,0.0,0.0,0,4.69,1.0,1.0,451.04,6.0,1.0,1,1,1.0,2.302585092994046,6.336577912831399,0.02495300251835562,0,0.0
764,대조,0,3.0,11.0,349.35,182.0,1.0,2.49,0.0,0.0,1,0.0,0.0,0.0,51.0,3.0,3.0,0,1,3.0,2.4849066497880004,5.858932654816543,0.007127522541863461,0,0.0
768,대조,0,1.0,66.0,990.89,79284.0,3.0,11.32,0.0,0.0,1,1.34,1.0,1.0,536.7,44.0,1.0,1,1,1.0,4.204692619390966,6.89961221403967,0.01142407330783437,0,0.0
769,대조,0,1.0,8.0,366.94,247.0,6.0,9.44,0.0,0.0,0,0.0,0.0,0.0,268.77,9.0,1.0,0,1,1.0,2.1972245773362196,5.907919881397637,0.02572627677549463,0,0.0
776,대조,0,8.0,7.0,918.54,433.0,7.0,23.5,0.0,0.0,0,1.39,1.0,1.0,394.83,6.0,8.0,1,1,8.0,2.0794415416798357,6.823873545001404,0.02558407908202147,0,0.0
779,대조,0,1.0,14.0,800.34,255.0,3.0,12.780000000000001,0.0,0.0,1,0.0,0.0,0.0,296.26,8.0,1.0,0,1,1.0,2.70805020110221,6.686285326419936,0.015968213509258564,0,0.0
780,대조,0,3.0,23.0,210.63,124.0,0.0,0.0,0.0,0.0,0,0.0,0.0,0.0,46.980000000000004,13.0,3.0,0,1,3.0,3.1780538303479458,5.354839466872362,0.0,0,0.0
786,대조,0,1.0,44.0,1107.45,356.0,1.0,0.99,0.0,0.0,1,1.29,1.0,1.0,948.55,47.0,1.0,1,1,1.0,3.8066624897703196,7.010717922039962,0.0008939455505891914,0,0.0
787,대조,0,8.0,33.0,447.1,178.0,2.0,5.96,0.0,0.0,1,2.5,1.0,1.0,253.22,21.0,8.0,1,1,8.0,3.5263605246161616,6.105016421792097,0.01333035115186759,0,0.0
790,대조,0,3.0,3.0,48.17,21229.0,0.0,0.0,0.0,0.0,1,0.0,0.0,0.0,125.46000000000001,3.0,3.0,0,1,3.0,1.3862943611198906,3.895283681423848,0.0,0,0.0
793,대조,0,9.0,12.0,108.88,9149.0,0.0,0.0,0.0,0.0,0,0.0,0.0,0.0,110.72,8.0,9.0,0,1,9.0,2.5649493574615367,4.699388861227073,0.0,0,0.0
795,대조,0,4.0,11.0,298.28,118.0,2.0,2.37,0.0,0.0,0,9.540000000000001,4.0,4.0,201.05,7.0,4.0,1,1,4.0,2.4849066497880004,5.701379590039891,0.007945554512538556,0,0.0
797,대조,0,1.0,14.0,482.39,132.0,1.0,2.29,0.0,0.0,1,3.13,2.0,2.0,591.09,13.0,1.0,1,1,1.0,2.70805020110221,6.180823781253587,0.004747196251995274,0,0.0
800,대조,0,1.0,70.0,1421.4,612.0,3.0,8.780000000000001,0.0,0.0,1,5.5,2.0,2.0,1135.56,49.0,1.0,1,1,1.0,4.2626798770413155,7.26010086475964,0.006177008583087098,0,0.0
802,대조,0,6.0,11.0,444.72,170.0,1.0,5.0,0.0,0.0,1,1.79,1.0,1.0,164.98,7.0,6.0,1,1,6.0,2.4849066497880004,6.099690952178853,0.011243029321820471,0,0.0
803,대조,0,2.0,5.0,228.44,100.0,0.0,0.0,0.0,0.0,1,0.0,0.0,0.0,87.15,3.0,2.0,0,1,2.0,1.791759469228055,5.435641557411255,0.0,0,0.0
804,대조,0,3.0,26.0,834.48,557.0,3.0,3.98,0.0,0.0,0,0.0,0.0,0.0,631.95,30.0,3.0,0,1,3.0,3.295836866004329,6.728006409987116,0.004769437254338031,0,0.0
806,대조,0,7.0,18.0,1032.15,8467.0,6.0,10.65,0.0,0.0,1,0.0,0.0,0.0,524.65,14.0,7.0,0,1,7.0,2.9444389791664403,6.940367666709614,0.010318267693649179,0,0.0
807,대조,0,21.0,11.0,329.4,26351.0,2.0,2.88,0.0,0.0,0,1.89,1.0,1.0,268.46,8.0,21.0,1,1,21.0,2.4849066497880004,5.800304041646823,0.008743169398907104,0,0.0
808,대조,0,5.0,35.0,311.41,14687.0,1.0,2.5,0.0,0.0,1,0.0,0.0,0.0,232.67,25.0,5.0,0,1,5.0,3.58351893845611,5.744316427696492,0.008028001669824347,0,0.0
820,대조,0,1.0,45.0,1146.75,5403.0,6.0,17.740000000000002,0.0,0.0,0,6.58,2.0,2.0,275.01,5.0,1.0,1,1,1.0,3.828641396489095,7.045558783129332,0.015469805973403097,0,0.0
823,대조,0,15.0,22.0,377.53,36147.0,0.0,0.0,0.0,0.0,1,0.0,0.0,0.0,272.59000000000003,14.0,15.0,0,1,15.0,3.1354942159291497,5.9362953299743575,0.0,0,0.0
825,대조,0,1.0,50.0,2179.39,183201.0,2.0,5.88,0.0,0.0,1,1.67,1.0,1.0,1362.91,33.0,1.0,1,1,1.0,3.9318256327243257,7.687259038865171,0.002698002652118253,0,0.0
830,대조,0,8.0,56.0,255.74,214.0,2.0,5.74,0.0,0.0,0,8.99,4.0,2.0,362.89,55.0,8.0,1,1,8.0,4.04305126783455,5.54806389965678,0.02244467036834285,0,0.0
831,대조,0,1.0,24.0,1306.93,436.0,0.0,0.0,0.0,0.0,1,1.39,1.0,1.0,972.4200000000001,17.0,1.0,1,1,1.0,3.2188758248682006,7.176201013765496,0.0,0,0.0
836,대조,0,1.0,3.0,107.64,58.0,0.0,0.0,0.0,0.0,0,0.0,0.0,0.0,256.69,13.0,1.0,0,1,1.0,1.3862943611198906,4.688039663810386,0.0,0,0.0
840,대조,0,3.0,19.0,1394.8,457.0,12.0,17.18,0.0,0.0,1,16.46,10.0,9.0,1302.61,24.0,3.0,1,1,3.0,2.995732273553991,7.241223006583051,0.012317178090048753,0,0.0
841,대조,0,22.0,6.0,33.06,20.0,0.0,0.0,0.0,0.0,0,0.0,0.0,0.0,161.83,13.0,22.0,0,1,22.0,1.9459101490553132,3.5281236752345424,0.0,0,0.0
842,대조,0,2.0,66.0,385.6,196.0,0.0,0.0,0.0,0.0,0,0.0,0.0,0.0,743.91,62.0,2.0,0,1,2.0,4.204692619390966,5.95739056677423,0.0,0,0.0
844,대조,0,2.0,26.0,983.55,10851.0,4.0,10.86,0.0,0.0,1,0.0,0.0,0.0,832.48,16.0,2.0,0,1,2.0,3.295836866004329,6.892184683991179,0.011041634894006405,0,0.0
845,대조,0,1.0,13.0,542.76,214.0,6.0,10.23,0.0,0.0,1,9.44,4.0,4.0,618.92,13.0,1.0,1,1,1.0,2.6390573296152584,6.298507973038383,0.01884810966172894,0,0.0
849,대조,0,8.0,9.0,588.11,238.0,0.0,0.0,0.0,0.0,0,0.0,0.0,0.0,797.17,11.0,8.0,0,1,8.0,2.302585092994046,6.378612923430248,0.0,0,0.0
850,대조,0,5.0,19.0,185.79,109.0,2.0,5.0,0.0,0.0,0,0.0,0.0,0.0,48.32,11.0,5.0,0,1,5.0,2.995732273553991,5.229984991171212,0.026912105064858173,0,0.0
852,대조,0,4.0,21.0,348.78,100.0,2.0,9.98,0.0,0.0,1,0.0,0.0,0.0,86.71,6.0,4.0,0,1,4.0,3.091042453358316,5.857304385421045,0.028614026033602847,0,0.0
853,대조,0,1.0,74.0,2235.26,96432.0,0.0,0.0,0.0,0.0,1,1.89,1.0,1.0,1224.38,46.0,1.0,1,1,1.0,4.31748811353631,7.712560106584871,0.0,0,0.0
854,대조,0,49.0,6.0,56.86,23.0,0.0,0.0,0.0,0.0,0,6.28,2.0,2.0,60.75,7.0,49.0,1,1,49.0,1.9459101490553132,4.058026299547989,0.0,0,0.0
855,대조,0,3.0,25.0,803.14,342.0,2.0,3.36,0.0,0.0,0,4.53,2.0,2.0,1024.24,31.0,3.0,1,1,3.0,3.258096538021482,6.689773383373444,0.0041835794506561745,0,0.0
856,대조,0,2.0,25.0,435.91,18846.0,1.0,3.0,0.0,0.0,1,0.0,0.0,0.0,434.66,19.0,2.0,0,1,2.0,3.258096538021482,6.0797272242282965,0.006882154573191713,0,0.0
857,대조,0,6.0,2.0,221.34,105.0,0.0,0.0,0.0,0.0,1,5.18,2.0,2.0,699.74,10.0,6.0,1,1,6.0,1.0986122886681098,5.404207741805469,0.0,0,0.0
859,대조,0,1.0,48.0,1298.16,93037.0,3.0,3.67,0.0,0.0,1,2.68,2.0,2.0,668.41,20.0,1.0,1,1,1.0,3.8918202981106265,7.169473180756108,0.002827078326246379,0,0.0
861,대조,0,6.0,7.0,225.78,75.0,0.0,0.0,0.0,0.0,0,0.0,0.0,0.0,24.5,2.0,6.0,0,1,6.0,2.0794415416798357,5.423980384543694,0.0,0,0.0
862,대조,0,15.0,1.0,39.15,13.0,0.0,0.0,0.0,0.0,0,0.0,0.0,0.0,60.21,1.0,15.0,0,1,15.0,0.6931471805599453,3.6926224403927708,0.0,0,0.0
863,대조,0,,0.0,0.0,0.0,0.0,0.0,0.0,0.0,1,0.0,0.0,0.0,89.52,10.0,90.0,0,1,90.0,0.0,0.0,0.0,0,0.0
867,대조,0,4.0,20.0,538.09,36302.0,0.0,0.0,0.0,0.0,1,11.49,1.0,1.0,484.67,20.0,4.0,1,1,4.0,3.044522437723423,6.289882532851338,0.0,0,0.0
868,대조,0,20.0,15.0,620.03,71546.0,0.0,0.0,0.0,0.0,1,13.26,4.0,3.0,500.84,13.0,20.0,1,1,20.0,2.772588722239781,6.431379389945372,0.0,0,0.0
871,대조,0,1.0,29.0,2034.08,698.0,2.0,4.79,0.0,0.0,1,0.0,0.0,0.0,1002.5600000000001,14.0,1.0,0,1,1.0,3.4011973816621555,7.6182904091433095,0.002354872964681822,0,0.0
873,대조,0,2.0,28.0,671.98,54414.0,0.0,0.0,0.0,0.0,0,0.0,0.0,0.0,264.66,9.0,2.0,0,1,2.0,3.367295829986474,6.511715611521128,0.0,0,0.0
878,대조,0,4.0,35.0,991.63,19788.0,3.0,5.66,0.0,0.0,1,11.8,11.0,7.0,748.62,18.0,4.0,1,1,4.0,3.58351893845611,6.900357986351662,0.005707774068957172,0,0.0
879,대조,0,29.0,5.0,135.84,22451.0,0.0,0.0,0.0,0.0,1,2.99,1.0,1.0,61.519999999999996,2.0,29.0,1,1,29.0,1.791759469228055,4.918812360109404,0.0,0,0.0
881,대조,0,2.0,20.0,549.72,357.0,2.0,5.38,0.0,0.0,0,0.0,0.0,0.0,477.65,16.0,2.0,0,1,2.0,3.044522437723423,6.311226513023175,0.009786800553008804,0,0.0
882,대조,0,1.0,66.0,1832.07,103608.0,2.0,6.99,0.0,0.0,1,0.0,0.0,0.0,118.44,11.0,1.0,0,1,1.0,4.204692619390966,7.5137474358721255,0.0038153564001375496,0,0.0
884,대조,0,8.0,9.0,64.2,33.0,0.0,0.0,0.0,0.0,0,0.0,0.0,0.0,89.18,5.0,8.0,0,1,8.0,2.302585092994046,4.177459468932607,0.0,0,0.0
885,대조,0,13.0,1.0,10.27,4.0,0.0,0.0,0.0,0.0,0,0.0,0.0,0.0,87.42,4.0,13.0,0,1,13.0,0.6931471805599453,2.422144328051685,0.0,0,0.0
886,대조,0,1.0,39.0,772.5,19612.0,0.0,0.0,0.0,0.0,1,3.5,1.0,1.0,1060.17,35.0,1.0,1,1,1.0,3.6888794541139363,6.6509256700131205,0.0,0,0.0
888,대조,0,1.0,10.0,679.21,364.0,3.0,8.879999999999999,0.0,0.0,1,3.74,2.0,2.0,1200.9,11.0,1.0,1,1,1.0,2.3978952727983707,6.522401574023394,0.013074012455646999,0,0.0
891,대조,0,4.0,14.0,746.66,380.0,2.0,10.48,0.0,0.0,0,7.88,2.0,2.0,626.69,6.0,4.0,1,1,4.0,2.70805020110221,6.616948329182831,0.014035839605710766,0,0.0
893,대조,0,1.0,7.0,221.81,162.0,1.0,1.34,0.0,0.0,0,0.0,0.0,0.0,100.21,2.0,1.0,0,1,1.0,2.0794415416798357,5.4063193903493145,0.006041206437942383,0,0.0
898,대조,0,2.0,42.0,1130.48,95912.0,7.0,13.290000000000001,0.0,0.0,1,6.26,4.0,4.0,1196.44,45.0,2.0,1,1,2.0,3.7612001156935624,7.031281789265586,0.01175606821880971,0,0.0
900,대조,0,2.0,212.0,2571.9700000000003,187085.0,3.0,5.85,0.0,0.0,1,3.58,2.0,3.0,1582.45,147.0,2.0,1,1,2.0,5.3612921657094255,7.85281615267238,0.0022745210869489145,0,0.0
903,대조,0,8.0,7.0,202.77,76.0,1.0,2.99,0.0,0.0,1,10.0,4.0,2.0,291.93,9.0,8.0,1,1,8.0,2.0794415416798357,5.316991906812845,0.014745771070671205,0,0.0
908,대조,0,1.0,33.0,872.94,63116.0,1.0,2.5,0.0,0.0,1,3.69,1.0,1.0,1080.85,33.0,1.0,1,1,1.0,3.5263605246161616,6.773011723413441,0.002863885261300891,0,0.0
911,대조,0,1.0,6.0,152.28,10143.0,0.0,0.0,0.0,0.0,1,6.28,2.0,2.0,438.27,10.0,1.0,1,1,1.0,1.9459101490553132,5.03226631422255,0.0,0,0.0
913,대조,0,13.0,11.0,395.74,9639.0,3.0,9.38,0.0,0.0,0,0.0,0.0,0.0,157.73,6.0,13.0,0,1,13.0,2.4849066497880004,5.983281154299963,0.023702430888967504,0,0.0
915,대조,0,2.0,15.0,140.42,82.0,0.0,0.0,0.0,0.0,1,0.0,0.0,0.0,130.71,12.0,2.0,0,1,2.0,2.772588722239781,4.951734186176095,0.0,0,0.0
916,대조,0,13.0,25.0,435.72,30412.0,1.0,1.79,0.0,0.0,0,0.0,0.0,0.0,21.58,7.0,13.0,0,1,13.0,3.258096538021482,6.079292257473503,0.004108142844028275,0,0.0
919,대조,0,2.0,35.0,276.05,7826.0,0.0,0.0,0.0,0.0,0,0.0,0.0,0.0,257.97,21.0,2.0,0,1,2.0,3.58351893845611,5.6241979953133585,0.0,0,0.0
920,대조,0,1.0,21.0,375.25,162.0,0.0,0.0,0.0,0.0,1,2.79,1.0,1.0,553.78,16.0,1.0,1,1,1.0,3.091042453358316,5.930253816063085,0.0,0,0.0
923,대조,0,4.0,32.0,625.14,38340.0,0.0,0.0,0.0,0.0,0,0.0,0.0,0.0,393.14,20.0,4.0,0,1,4.0,3.4965075614664802,6.43957398826844,0.0,0,0.0
925,대조,0,6.0,1.0,20.86,11.0,1.0,1.89,0.0,0.0,0,0.0,0.0,0.0,77.6,10.0,6.0,0,1,6.0,0.6931471805599453,3.0846584827483925,0.09060402684563758,0,0.0
927,대조,0,25.0,4.0,191.91,103.0,1.0,1.0,0.0,0.0,0,0.0,0.0,0.0,33.45,2.0,25.0,0,1,25.0,1.6094379124341003,5.262223758899798,0.005210775884529207,0,0.0
929,대조,0,2.0,42.0,790.39,107326.0,3.0,3.3899999999999997,0.0,0.0,1,0.0,0.0,0.0,378.62,13.0,2.0,0,1,2.0,3.7612001156935624,6.673790893036262,0.004289021875276762,0,0.0
931,대조,0,12.0,9.0,991.06,30539.0,7.0,26.060000000000002,0.0,0.0,0,21.92,9.0,5.0,753.53,5.0,12.0,1,1,12.0,2.302585092994046,6.8997835893267645,0.02629507799729583,0,0.0
935,대조,0,17.0,12.0,368.63,35280.0,1.0,1.89,0.0,0.0,0,2.39,1.0,1.0,58.06,1.0,17.0,1,1,17.0,2.5649493574615367,5.912502505304687,0.005127092206277297,0,0.0
939,대조,0,10.0,26.0,703.16,10188.0,1.0,0.99,0.0,0.0,1,0.0,0.0,0.0,132.84,3.0,10.0,0,1,10.0,3.295836866004329,6.557005603062781,0.0014079299163774958,0,0.0
940,대조,0,17.0,4.0,178.67,98.0,5.0,5.73,0.0,0.0,0,0.0,0.0,0.0,138.26,11.0,17.0,0,1,17.0,1.6094379124341003,5.1911218349444805,0.03207029719594784,0,0.0
941,대조,0,3.0,16.0,177.97,63.0,1.0,2.39,0.0,0.0,1,5.88,2.0,2.0,330.34000000000003,11.0,3.0,1,1,3.0,2.833213344056216,5.187218194029317,0.013429229645445863,0,0.0
942,대조,0,1.0,6.0,120.73,51.0,1.0,3.99,0.0,0.0,0,1.39,1.0,1.0,552.74,24.0,1.0,1,1,1.0,1.9459101490553132,4.801805477421505,0.033048952207404954,0,0.0
943,대조,0,88.0,1.0,24.91,13.0,0.0,0.0,0.0,0.0,0,0.0,0.0,0.0,0.0,0.0,88.0,0,0,88.0,0.6931471805599453,3.2546289945740186,0.0,0,0.0
944,대조,0,5.0,9.0,328.3,18361.0,2.0,7.74,0.0,0.0,0,0.0,0.0,0.0,115.3,6.0,5.0,0,1,5.0,2.302585092994046,5.7969691893823185,0.023575997563204387,0,0.0
949,대조,0,1.0,32.0,992.35,84862.0,2.0,3.4699999999999998,0.0,0.0,1,5.140000000000001,2.0,2.0,604.84,12.0,1.0,1,1,1.0,3.4965075614664802,6.9010830692140726,0.0034967501385599837,0,0.0
952,대조,0,8.0,11.0,152.83,8267.0,0.0,0.0,0.0,0.0,0,0.0,0.0,0.0,262.46,16.0,8.0,0,1,8.0,2.4849066497880004,5.03584809656766,0.0,0,0.0
953,대조,0,2.0,7.0,157.38,95.0,0.0,0.0,0.0,0.0,0,0.0,0.0,0.0,13.9,1.0,2.0,0,1,2.0,2.0794415416798357,5.064997208782266,0.0,0,0.0
955,대조,0,1.0,42.0,602.52,14994.0,0.0,0.0,0.0,0.0,1,0.0,0.0,0.0,375.03000000000003,25.0,1.0,0,1,1.0,3.7612001156935624,6.402779180005038,0.0,0,0.0
956,대조,0,1.0,84.0,1536.51,155000.0,4.0,4.79,0.0,0.0,1,0.0,0.0,0.0,842.3100000000001,52.0,1.0,0,1,1.0,4.442651256490317,7.337919503724562,0.003117454491021861,0,0.0
957,대조,0,1.0,60.0,317.36,201.0,0.0,0.0,0.0,0.0,0,1.98,2.0,2.0,152.96,18.0,1.0,1,1,1.0,4.110873864173311,5.763182817937649,0.0,0,0.0
961,대조,0,7.0,13.0,638.84,255.0,1.0,1.39,0.0,0.0,0,5.56,4.0,4.0,531.0,7.0,7.0,1,1,7.0,2.6390573296152584,6.461218145098508,0.0021758186713418067,0,0.0
964,대조,0,9.0,6.0,233.0,141.0,0.0,0.0,0.0,0.0,0,1.67,1.0,1.0,330.48,4.0,9.0,1,1,9.0,1.9459101490553132,5.455321115357702,0.0,0,0.0
965,대조,0,34.0,17.0,321.94,172.0,0.0,0.0,0.0,0.0,0,3.49,1.0,1.0,197.67,5.0,34.0,1,1,34.0,2.8903717578961645,5.777466547453475,0.0,0,0.0
971,대조,0,13.0,13.0,391.01,162.0,4.0,8.85,0.0,0.0,1,0.0,0.0,0.0,106.45,7.0,13.0,0,1,13.0,2.6390573296152584,5.971287349669164,0.02263369223293522,0,0.0
972,대조,0,1.0,28.0,1208.19,406.0,3.0,11.23,0.0,0.0,0,6.17,3.0,3.0,499.85,20.0,1.0,1,1,1.0,3.367295829986474,7.097705992940575,0.009294895670382969,0,0.0
973,대조,0,14.0,12.0,848.2900000000001,15078.0,3.0,5.53,0.0,0.0,1,13.34,3.0,3.0,1653.08,12.0,14.0,1,1,14.0,2.5649493574615367,6.744400706314196,0.0065189970411062255,0,0.0
975,대조,0,8.0,15.0,489.33,191.0,1.0,2.39,0.0,0.0,0,4.890000000000001,2.0,2.0,586.4300000000001,25.0,8.0,1,1,8.0,2.772588722239781,6.195078633813687,0.004884229456603929,0,0.0
976,대조,0,16.0,7.0,291.28000000000003,125.0,0.0,0.0,0.0,0.0,1,1.39,1.0,1.0,664.95,10.0,16.0,1,1,16.0,2.0794415416798357,5.677712246923017,0.0,0,0.0
978,대조,0,6.0,12.0,778.9300000000001,259.0,2.0,7.49,0.0,0.0,0,0.0,0.0,0.0,85.09,6.0,6.0,0,1,6.0,2.5649493574615367,6.659204172066697,0.009615754945887307,0,0.0
982,대조,0,1.0,73.0,3134.87,279570.0,14.0,33.79,0.0,0.0,1,10.98,7.0,5.0,2375.94,49.0,1.0,1,1,1.0,4.30406509320417,8.050661926529422,0.010778756375862475,0,0.0
983,대조,0,9.0,23.0,383.77,218.0,1.0,2.0,0.0,0.0,1,0.0,0.0,0.0,405.98,18.0,9.0,0,1,9.0,3.1780538303479458,5.952645753174349,0.005211454777601167,0,0.0
984,대조,0,14.0,7.0,272.83,101.0,0.0,0.0,0.0,0.0,0,0.0,0.0,0.0,0.0,0.0,14.0,0,0,14.0,2.0794415416798357,5.612507475880589,0.0,0,0.0
989,대조,0,11.0,36.0,690.74,282.0,5.0,4.95,0.0,0.0,0,0.0,0.0,0.0,185.81,10.0,11.0,0,1,11.0,3.6109179126442243,6.5392101624729175,0.007166227524104583,0,0.0
995,대조,0,3.0,6.0,455.99,145.0,1.0,4.69,0.0,0.0,0,0.0,0.0,0.0,50.69,2.0,3.0,0,1,3.0,1.9459101490553132,6.124661508816719,0.010285313274413913,0,0.0
998,대조,0,4.0,47.0,1536.2,44092.0,8.0,18.34,0.0,0.0,0,5.04,3.0,2.0,1031.14,28.0,4.0,1,1,4.0,3.871201010907891,7.337717858690689,0.011938549668011977,0,0.0
1000,대조,0,10.0,5.0,92.08,51.0,0.0,0.0,0.0,0.0,0,0.0,0.0,0.0,439.44,11.0,10.0,0,1,10.0,1.791759469228055,4.533459338434091,0.0,0,0.0
1001,대조,0,7.0,12.0,402.02,214.0,0.0,0.0,0.0,0.0,1,0.0,0.0,0.0,0.0,0.0,7.0,0,0,7.0,2.5649493574615367,5.998986188506828,0.0,0,0.0
1004,대조,0,5.0,34.0,508.66,68443.0,3.0,6.55,0.0,0.0,1,3.7,2.0,1.0,437.88,23.0,5.0,1,1,5.0,3.5553480614894135,6.2337438367306675,0.0128769708646247,0,0.0
1005,대조,0,29.0,15.0,194.32,131.0,0.0,0.0,0.0,0.0,0,0.0,0.0,0.0,245.87,17.0,29.0,0,1,29.0,2.772588722239781,5.274639239193459,0.0,0,0.0
1007,대조,0,2.0,19.0,311.22,174.0,3.0,3.6799999999999997,0.0,0.0,0,0.0,0.0,0.0,131.3,15.0,2.0,0,1,2.0,2.995732273553991,5.74370806752852,0.011824432877064453,0,0.0
1010,대조,0,6.0,6.0,181.82,21482.0,0.0,0.0,0.0,0.0,0,1.89,1.0,1.0,109.5,5.0,6.0,1,1,6.0,1.9459101490553132,5.208502062225673,0.0,0,0.0
1011,대조,0,5.0,17.0,441.41,16410.0,1.0,1.0,0.0,0.0,0,0.0,0.0,0.0,361.84,12.0,5.0,0,1,5.0,2.8903717578961645,6.092237053930959,0.002265467479214336,0,0.0
1014,대조,0,2.0,23.0,610.66,309.0,0.0,0.0,0.0,0.0,1,0.0,0.0,0.0,759.57,30.0,2.0,0,1,2.0,3.1780538303479458,6.416176572578603,0.0,0,0.0
1015,대조,0,2.0,19.0,579.24,389.0,3.0,3.3899999999999997,0.0,0.0,1,0.0,0.0,0.0,461.98,15.0,2.0,0,1,2.0,2.995732273553991,6.363441811055157,0.005852496374559767,0,0.0
1016,대조,0,23.0,2.0,203.87,67.0,0.0,0.0,0.0,0.0,0,3.78,2.0,2.0,725.67,13.0,23.0,1,1,23.0,1.0986122886681098,5.3223756316411075,0.0,0,0.0
1017,대조,0,23.0,4.0,120.74,77.0,0.0,0.0,0.0,0.0,0,1.79,1.0,1.0,250.07,6.0,23.0,1,1,23.0,1.6094379124341003,4.801887623065778,0.0,0,0.0
1019,대조,0,10.0,4.0,135.36,53.0,0.0,0.0,0.0,0.0,0,0.0,0.0,0.0,206.1,7.0,10.0,0,1,10.0,1.6094379124341003,4.915298447269702,0.0,0,0.0
1020,대조,0,3.0,20.0,960.08,14811.0,10.0,21.72,0.0,0.0,1,13.84,6.0,6.0,853.49,13.0,3.0,1,1,3.0,3.044522437723423,6.868057652123591,0.022623114740438294,0,0.0
1024,대조,0,8.0,16.0,1104.21,41342.0,3.0,6.859999999999999,0.0,0.0,1,25.66,10.0,5.0,1096.74,17.0,8.0,1,1,8.0,2.833213344056216,7.007790641144411,0.006212586373968719,0,0.0
1025,대조,0,7.0,9.0,101.37,40.0,0.0,0.0,0.0,0.0,0,1.67,1.0,1.0,419.27,12.0,7.0,1,1,7.0,2.302585092994046,4.628593700931679,0.0,0,0.0
1031,대조,0,28.0,32.0,933.33,100219.0,1.0,2.59,0.0,0.0,1,0.0,0.0,0.0,0.0,0.0,28.0,0,0,28.0,3.4965075614664802,6.839829694884179,0.002775009910749681,0,0.0
1032,대조,0,4.0,12.0,151.89000000000001,71.0,0.0,0.0,0.0,0.0,0,0.0,0.0,0.0,411.14,15.0,4.0,0,1,4.0,2.5649493574615367,5.029718708572522,0.0,0,0.0
1034,대조,0,21.0,9.0,40.16,32.0,0.0,0.0,0.0,0.0,0,0.0,0.0,0.0,151.52,15.0,21.0,0,1,21.0,2.302585092994046,3.717466910965849,0.0,0,0.0
1038,대조,0,1.0,44.0,235.34,173.0,0.0,0.0,0.0,0.0,1,0.0,0.0,0.0,377.23,37.0,1.0,0,1,1.0,3.8066624897703196,5.46527144621087,0.0,0,0.0
1039,대조,0,8.0,14.0,1004.74,334.0,0.0,0.0,0.0,0.0,0,0.0,0.0,0.0,771.85,7.0,8.0,0,1,8.0,2.70805020110221,6.913478867951732,0.0,0,0.0
1040,대조,0,1.0,28.0,724.45,260.0,0.0,0.0,0.0,0.0,1,0.0,0.0,0.0,608.95,25.0,1.0,0,1,1.0,3.367295829986474,6.586792151961694,0.0,0,0.0
1041,대조,0,3.0,28.0,876.82,365.0,1.0,2.5,0.0,0.0,1,0.0,0.0,0.0,504.33,10.0,3.0,0,1,3.0,3.367295829986474,6.777441561227888,0.0028512123354850483,0,0.0
1045,대조,0,2.0,57.0,811.39,87109.0,0.0,0.0,0.0,0.0,1,0.0,0.0,0.0,727.85,35.0,2.0,0,1,2.0,4.060443010546419,6.699980520423184,0.0,0,0.0
1047,대조,0,1.0,18.0,317.84,150.0,0.0,0.0,0.0,0.0,0,0.0,0.0,0.0,60.07,9.0,1.0,0,1,1.0,2.9444389791664403,5.764689409559723,0.0,0,0.0
1048,대조,0,41.0,12.0,135.6,57.0,0.0,0.0,0.0,0.0,0,0.0,0.0,0.0,78.42999999999999,9.0,41.0,0,1,41.0,2.5649493574615367,4.91705694713669,0.0,0,0.0
1050,대조,0,1.0,16.0,481.91,106769.0,1.0,2.0,0.0,0.0,0,2.79,1.0,1.0,475.62,16.0,1.0,1,1,1.0,2.833213344056216,6.179830300886247,0.0041501525181050405,0,0.0
1053,대조,0,7.0,14.0,594.48,34194.0,3.0,6.77,0.0,0.0,1,0.0,0.0,0.0,380.54,13.0,7.0,0,1,7.0,2.70805020110221,6.389367803008857,0.011388103889113174,0,0.0
1056,대조,0,1.0,6.0,679.08,283.0,0.0,0.0,0.0,0.0,0,0.0,0.0,0.0,391.88,9.0,1.0,0,1,1.0,1.9459101490553132,6.522210438309103,0.0,0,0.0
1058,대조,0,10.0,76.0,314.47,164.0,0.0,0.0,0.0,0.0,0,2.69,1.0,1.0,397.65,79.0,10.0,1,1,10.0,4.343805421853684,5.754063590296964,0.0,0,0.0
1061,대조,0,2.0,14.0,179.97,100.0,1.0,3.0,0.0,0.0,0,2.29,1.0,1.0,166.89000000000001,9.0,2.0,1,1,2.0,2.70805020110221,5.19833127167211,0.016669444907484583,0,0.0
1062,대조,0,1.0,32.0,253.6,158.0,0.0,0.0,0.0,0.0,1,0.0,0.0,0.0,148.84,15.0,1.0,0,1,1.0,3.4965075614664802,5.539693686123306,0.0,0,0.0
1064,대조,0,17.0,5.0,84.18,40.0,1.0,1.65,0.0,0.0,0,16.16,9.0,8.0,595.25,6.0,17.0,1,1,17.0,1.791759469228055,4.444766664495067,0.01960085531004989,0,0.0
1066,대조,0,2.0,42.0,472.84000000000003,358.0,0.0,0.0,0.0,0.0,1,0.0,0.0,0.0,314.31,25.0,2.0,0,1,2.0,3.7612001156935624,6.16086971196871,0.0,0,0.0
1067,대조,0,19.0,9.0,299.38,11706.0,0.0,0.0,0.0,0.0,0,0.0,0.0,0.0,222.34,3.0,19.0,0,1,19.0,2.302585092994046,5.705048339777434,0.0,0,0.0
1069,대조,0,41.0,3.0,307.59,81.0,0.0,0.0,0.0,0.0,1,15.0,5.0,3.0,286.12,4.0,41.0,1,1,41.0,1.3862943611198906,5.7320135349970265,0.0,0,0.0
1071,대조,0,1.0,17.0,187.42,122.0,2.0,1.98,0.0,0.0,0,17.880000000000003,6.0,6.0,486.53000000000003,10.0,1.0,1,1,1.0,2.8903717578961645,5.238673513620522,0.010564507523209903,0,0.0
1072,대조,0,7.0,9.0,241.71,211.0,1.0,1.58,0.0,0.0,0,3.5599999999999996,2.0,2.0,487.13,7.0,7.0,1,1,7.0,2.302585092994046,5.491867315015168,0.006536758925985685,0,0.0
1073,대조,0,2.0,14.0,461.6,49806.0,2.0,2.78,0.0,0.0,0,0.0,0.0,0.0,192.01,9.0,2.0,0,1,2.0,2.70805020110221,6.136862749797339,0.006022530329289427,0,0.0
1074,대조,0,8.0,19.0,875.36,42288.0,0.0,0.0,0.0,0.0,1,0.0,0.0,0.0,524.07,11.0,8.0,0,1,8.0,2.995732273553991,6.775776965420019,0.0,0,0.0
1075,대조,0,24.0,7.0,98.53,41.0,0.0,0.0,0.0,0.0,0,0.0,0.0,0.0,453.01,13.0,24.0,0,1,24.0,2.0794415416798357,4.600459106257972,0.0,0,0.0
1076,대조,0,1.0,15.0,424.36,124.0,0.0,0.0,0.0,0.0,1,0.0,0.0,0.0,97.51,5.0,1.0,0,1,1.0,2.772588722239781,6.052935869196083,0.0,0,0.0
1078,대조,0,1.0,59.0,1566.77,202468.0,0.0,0.0,0.0,0.0,0,0.0,0.0,0.0,969.82,35.0,1.0,0,1,1.0,4.0943445622221,7.357409506477782,0.0,0,0.0
1081,대조,0,9.0,24.0,1521.67,12513.0,6.0,19.03,0.0,0.0,1,11.55,6.0,5.0,1565.33,17.0,9.0,1,1,9.0,3.2188758248682006,7.328220651807197,0.012505996700992988,0,0.0
1083,대조,0,7.0,5.0,104.75,48.0,0.0,0.0,0.0,0.0,0,0.0,0.0,0.0,179.6,8.0,7.0,0,1,7.0,1.791759469228055,4.661077817926388,0.0,0,0.0
1084,대조,0,1.0,20.0,207.38,146.0,0.0,0.0,0.0,0.0,1,0.0,0.0,0.0,429.76,47.0,1.0,0,1,1.0,3.044522437723423,5.339363335984038,0.0,0,0.0
1085,대조,0,2.0,16.0,572.12,46724.0,3.0,5.37,0.0,0.0,0,2.5700000000000003,2.0,2.0,453.44,13.0,2.0,1,1,2.0,2.833213344056216,6.351095118872347,0.009386142767251625,0,0.0
1087,대조,0,1.0,38.0,681.05,81971.0,1.0,3.19,0.0,0.0,0,2.5,1.0,1.0,603.22,21.0,1.0,1,1,1.0,3.6635616461296463,6.525102968939129,0.004683943910138756,0,0.0
1088,대조,0,1.0,12.0,173.51,114.0,0.0,0.0,0.0,0.0,0,0.0,0.0,0.0,166.86,11.0,1.0,0,1,1.0,2.5649493574615367,5.16198204659078,0.0,0,0.0
1089,대조,0,6.0,23.0,544.61,6228.0,2.0,3.36,0.0,0.0,0,0.0,0.0,0.0,185.14,6.0,6.0,0,1,6.0,3.1780538303479458,6.301904434807036,0.0061695525238243875,0,0.0
1091,대조,0,3.0,32.0,1559.46,273266.0,1.0,2.59,0.0,0.0,1,0.0,0.0,0.0,924.14,19.0,3.0,0,1,3.0,3.4965075614664802,7.3527359285723115,0.0016608313134033575,0,0.0
1094,대조,0,2.0,9.0,398.81,163.0,0.0,0.0,0.0,0.0,1,4.5,3.0,2.0,830.82,12.0,2.0,1,1,2.0,2.302585092994046,5.990989434259745,0.0,0,0.0
1097,대조,0,1.0,23.0,1563.57,108230.0,1.0,3.5,0.0,0.0,0,7.0,2.0,2.0,625.61,9.0,1.0,1,1,1.0,3.1780538303479458,7.355366304837317,0.0022384670977314736,0,0.0
1102,대조,0,2.0,9.0,393.67,124.0,1.0,8.99,0.0,0.0,0,0.0,0.0,0.0,196.82,13.0,2.0,0,1,2.0,2.302585092994046,5.9780499726861205,0.02283638580536998,0,0.0
1103,대조,0,1.0,44.0,1343.31,116433.0,3.0,5.37,0.0,0.0,1,12.870000000000001,9.0,9.0,770.71,24.0,1.0,1,1,1.0,3.8066624897703196,7.20363614924828,0.003997588047435067,0,0.0
1110,대조,0,,0.0,0.0,0.0,0.0,0.0,0.0,0.0,0,0.0,0.0,0.0,171.89,5.0,90.0,0,1,90.0,0.0,0.0,0.0,0,0.0
1111,대조,0,1.0,57.0,2606.05,1442.0,4.0,19.96,0.0,0.0,0,20.02,4.0,4.0,2259.7400000000002,55.0,1.0,1,1,1.0,4.060443010546419,7.865974592882687,0.0076591009382014925,0,0.0
1117,대조,0,5.0,29.0,477.48,10017.0,0.0,0.0,0.0,0.0,0,0.0,0.0,0.0,696.85,35.0,5.0,0,1,5.0,3.4011973816621555,6.170614412736302,0.0,0,0.0
1119,대조,0,9.0,11.0,452.21,271.0,5.0,6.68,0.0,0.0,0,1.29,1.0,1.0,154.45,7.0,9.0,1,1,9.0,2.4849066497880004,6.1163555942237435,0.014771898011985581,0,0.0
1120,대조,0,4.0,12.0,296.37,115.0,2.0,2.78,0.0,0.0,1,0.0,0.0,0.0,232.56,11.0,4.0,0,1,4.0,2.5649493574615367,5.694977154694463,0.009380166683537468,0,0.0
1122,대조,0,7.0,24.0,393.56,14021.0,5.0,11.43,0.0,0.0,0,2.69,1.0,1.0,209.33,12.0,7.0,1,1,7.0,3.2188758248682006,5.977771219975979,0.029042585628620794,0,0.0
1124,대조,0,12.0,10.0,62.809999999999995,41.0,0.0,0.0,0.0,0.0,0,0.0,0.0,0.0,180.94,7.0,12.0,0,1,12.0,2.3978952727983707,4.155909917880256,0.0,0,0.0
1125,대조,0,,0.0,0.0,0.0,0.0,0.0,0.0,0.0,0,0.0,0.0,0.0,0.0,0.0,90.0,0,0,90.0,0.0,0.0,0.0,0,0.0
1126,대조,0,2.0,4.0,296.02,132.0,1.0,1.89,0.0,0.0,0,1.89,1.0,1.0,454.1,5.0,2.0,1,1,2.0,1.6094379124341003,5.693799476602799,0.006384703736234038,0,0.0
1127,대조,0,,0.0,0.0,0.0,0.0,0.0,0.0,0.0,0,0.0,0.0,0.0,0.0,0.0,90.0,0,0,90.0,0.0,0.0,0.0,0,0.0
1128,대조,0,1.0,28.0,334.64,22287.0,2.0,2.56,0.0,0.0,1,0.0,0.0,0.0,315.74,25.0,1.0,0,1,1.0,3.367295829986474,5.816039157001868,0.007650011953143678,0,0.0
1131,대조,0,24.0,1.0,32.32,21.0,0.0,0.0,0.0,0.0,1,0.0,0.0,0.0,129.7,6.0,24.0,0,1,24.0,0.6931471805599453,3.506157817298642,0.0,0,0.0
1132,대조,0,10.0,9.0,169.98,92.0,0.0,0.0,0.0,0.0,0,0.0,0.0,0.0,368.93,6.0,10.0,0,1,10.0,2.302585092994046,5.141546590598088,0.0,0,0.0
1133,대조,0,2.0,3.0,22.18,19.0,0.0,0.0,0.0,0.0,0,0.0,0.0,0.0,170.39,15.0,2.0,0,1,2.0,1.3862943611198906,3.1432898379116057,0.0,0,0.0
1134,대조,0,16.0,2.0,225.79,93.0,0.0,0.0,0.0,0.0,0,0.0,0.0,0.0,1024.46,8.0,16.0,0,1,16.0,1.0986122886681098,5.424024479170771,0.0,0,0.0
1136,대조,0,8.0,5.0,387.82,194.0,1.0,5.0,0.0,0.0,0,0.0,0.0,0.0,209.28,3.0,8.0,0,1,8.0,1.791759469228055,5.963116511592494,0.012892579031509463,0,0.0
1137,대조,0,3.0,20.0,273.8,8535.0,0.0,0.0,0.0,0.0,1,0.0,0.0,0.0,205.47,13.0,3.0,0,1,3.0,3.044522437723423,5.616043560348194,0.0,0,0.0
1139,대조,0,1.0,18.0,937.1,335.0,4.0,11.97,0.0,0.0,0,4.99,1.0,1.0,670.05,10.0,1.0,1,1,1.0,2.9444389791664403,6.843856553131905,0.01277345000533561,0,0.0
1141,대조,0,1.0,15.0,146.29,100.0,0.0,0.0,0.0,0.0,0,0.0,0.0,0.0,88.03,9.0,1.0,0,1,1.0,2.772588722239781,4.992403432501452,0.0,0,0.0
1142,대조,0,1.0,32.0,1509.55,90572.0,4.0,8.53,0.0,0.0,1,7.630000000000001,4.0,3.0,1274.15,29.0,1.0,1,1,1.0,3.4965075614664802,7.32022910190086,0.005650690603159882,0,0.0
1145,대조,0,9.0,10.0,348.3,128.0,0.0,0.0,0.0,0.0,0,4.46,1.0,1.0,487.74,10.0,9.0,1,1,9.0,2.3978952727983707,5.855931151812786,0.0,0,0.0
1146,대조,0,2.0,54.0,1255.25,619.0,6.0,9.379999999999999,0.0,0.0,1,0.0,0.0,0.0,728.34,30.0,2.0,0,1,2.0,4.007333185232471,7.135886371807386,0.007472615016928898,0,0.0
1151,대조,0,7.0,9.0,167.12,38.0,0.0,0.0,0.0,0.0,1,0.0,0.0,0.0,246.61,4.0,7.0,0,1,7.0,2.302585092994046,5.124678010136916,0.0,0,0.0
1153,대조,0,4.0,13.0,353.88,186.0,0.0,0.0,0.0,0.0,0,0.0,0.0,0.0,69.93,7.0,4.0,0,1,4.0,2.6390573296152584,5.871779704162003,0.0,0,0.0
1154,대조,0,4.0,17.0,443.76,185.0,0.0,0.0,0.0,0.0,1,7.05,3.0,3.0,449.45,19.0,4.0,1,1,4.0,2.8903717578961645,6.0975348108350484,0.0,0,0.0
1157,대조,0,5.0,15.0,431.02,157.0,1.0,3.99,0.0,0.0,0,0.0,0.0,0.0,569.86,17.0,5.0,0,1,5.0,2.772588722239781,6.068471883468766,0.009257111038930909,0,0.0
1158,대조,0,5.0,20.0,318.87,163.0,0.0,0.0,0.0,0.0,1,1.85,1.0,1.0,363.35,17.0,5.0,1,1,5.0,3.044522437723423,5.767914663251885,0.0,0,0.0
1159,대조,0,1.0,64.0,1403.15,103256.0,2.0,4.27,0.0,0.0,1,3.99,1.0,1.0,578.85,39.0,1.0,1,1,1.0,4.174387269895637,7.247187416485864,0.003043152905961586,0,0.0
1160,대조,0,1.0,11.0,198.25,4323.0,1.0,1.67,0.0,0.0,1,0.0,0.0,0.0,489.55,14.0,1.0,0,1,1.0,2.4849066497880004,5.294560317670324,0.008423707440100882,0,0.0
1163,대조,0,3.0,30.0,871.63,58228.0,2.0,3.36,0.0,0.0,1,0.0,0.0,0.0,505.99,20.0,3.0,0,1,3.0,3.4339872044851463,6.771511640112282,0.0038548466665901814,0,0.0
1164,대조,0,5.0,13.0,564.84,233.0,2.0,5.89,0.0,0.0,1,0.0,0.0,0.0,181.86,6.0,5.0,0,1,5.0,2.6390573296152584,6.338311352727734,0.010427731747043409,0,0.0
1165,대조,0,29.0,8.0,184.71,69.0,2.0,3.34,0.0,0.0,0,0.0,0.0,0.0,179.97,8.0,29.0,0,1,29.0,2.1972245773362196,5.224186317204961,0.018082399436955224,0,0.0
1166,대조,0,1.0,84.0,1853.06,206810.0,1.0,10.99,0.0,0.0,1,13.39,8.0,6.0,1280.3,39.0,1.0,1,1,1.0,4.442651256490317,7.525133108061694,0.005930730791231801,0,0.0
1167,대조,0,14.0,20.0,821.61,19027.0,4.0,10.34,0.0,0.0,1,23.11,9.0,5.0,683.12,15.0,14.0,1,1,14.0,3.044522437723423,6.712482212299141,0.012585046433222575,0,0.0
1169,대조,0,5.0,23.0,922.0600000000001,437.0,4.0,6.25,0.0,0.0,1,0.0,0.0,0.0,658.37,13.0,5.0,0,1,5.0,3.1780538303479458,6.82769423780721,0.006778300761338741,0,0.0
1174,대조,0,2.0,13.0,346.11,196.0,2.0,6.069999999999999,0.0,0.0,1,5.78,2.0,2.0,427.84,38.0,2.0,1,1,2.0,2.6390573296152584,5.8496417325939065,0.017537777007309813,0,0.0
1175,대조,0,1.0,21.0,1088.33,73587.0,1.0,2.39,0.0,0.0,1,0.0,0.0,0.0,1074.42,16.0,1.0,0,1,1.0,3.091042453358316,6.993318107331582,0.0021960251026802535,0,0.0
1179,대조,0,1.0,17.0,1053.88,440.0,0.0,0.0,0.0,0.0,1,3.58,2.0,2.0,717.88,11.0,1.0,1,1,1.0,2.8903717578961645,6.961182295364989,0.0,0,0.0
1180,대조,0,16.0,15.0,401.05,23485.0,1.0,1.89,0.0,0.0,0,0.0,0.0,0.0,356.93,13.0,16.0,0,1,16.0,2.772588722239781,5.996576458994158,0.004712629347961601,0,0.0
1181,대조,0,8.0,9.0,235.53,154.0,2.0,15.58,0.0,0.0,0,6.19,4.0,3.0,349.96,6.0,8.0,1,1,8.0,2.302585092994046,5.466075049781512,0.0661486859423428,0,0.0
1186,대조,0,6.0,6.0,318.5,118.0,0.0,0.0,0.0,0.0,1,5.18,2.0,2.0,742.57,7.0,6.0,1,1,6.0,1.9459101490553132,5.766757273817589,0.0,0,0.0
1187,대조,0,,0.0,0.0,0.0,0.0,0.0,0.0,0.0,0,6.949999999999999,5.0,3.0,248.15,15.0,90.0,1,1,90.0,0.0,0.0,0.0,0,0.0
1188,대조,0,7.0,21.0,655.2,12188.0,5.0,7.94,0.0,0.0,1,0.0,0.0,0.0,209.45,8.0,7.0,0,1,7.0,3.091042453358316,6.486465620527001,0.012118437118437119,0,0.0
1190,대조,0,2.0,39.0,374.85,22992.0,4.0,4.32,0.0,0.0,1,3.36,2.0,2.0,268.45,18.0,2.0,1,1,2.0,3.6888794541139363,5.929190127623478,0.011524609843937574,0,0.0
1191,대조,0,2.0,9.0,343.65000000000003,145.0,3.0,5.98,0.0,0.0,0,2.67,2.0,2.0,204.66,11.0,2.0,1,1,2.0,2.302585092994046,5.842529409331661,0.017401425869343807,0,0.0
1193,대조,0,7.0,30.0,507.19,302.0,0.0,0.0,0.0,0.0,0,0.0,0.0,0.0,356.1,18.0,7.0,0,1,7.0,3.4339872044851463,6.230855393400058,0.0,0,0.0
1203,대조,0,1.0,10.0,956.1800000000001,6402.0,0.0,0.0,0.0,0.0,0,0.0,0.0,0.0,408.15,9.0,1.0,0,1,1.0,2.3978952727983707,6.863991461540961,0.0,0,0.0
1204,대조,0,33.0,4.0,24.75,13.0,0.0,0.0,0.0,0.0,0,0.0,0.0,0.0,278.01,14.0,33.0,0,1,33.0,1.6094379124341003,3.248434627109745,0.0,0,0.0
1206,대조,0,7.0,68.0,980.24,510.0,3.0,11.870000000000001,0.0,0.0,0,3.17,2.0,2.0,558.61,20.0,7.0,1,1,7.0,4.23410650459726,6.888817077961886,0.012109279360156697,0,0.0
1207,대조,0,8.0,19.0,123.34,70.0,0.0,0.0,0.0,0.0,0,0.0,0.0,0.0,62.76,12.0,8.0,0,1,8.0,2.995732273553991,4.823019748841191,0.0,0,0.0
1211,대조,0,3.0,26.0,1225.18,87257.0,1.0,2.99,0.0,0.0,0,9.48,2.0,2.0,1104.33,19.0,3.0,1,1,3.0,3.295836866004329,7.111658924642641,0.0024404577286602784,0,0.0
1216,대조,0,1.0,15.0,631.17,300.0,3.0,7.27,0.0,0.0,0,5.67,3.0,3.0,832.95,20.0,1.0,1,1,1.0,2.772588722239781,6.449158345318021,0.011518291427032337,0,0.0
1217,대조,0,9.0,5.0,321.11,131.0,1.0,3.36,0.0,0.0,0,9.02,4.0,3.0,201.7,3.0,9.0,1,1,9.0,1.791759469228055,5.774893102114154,0.010463704026657531,0,0.0
1218,대조,0,4.0,9.0,150.26,29693.0,0.0,0.0,0.0,0.0,1,0.0,0.0,0.0,147.12,9.0,4.0,0,1,4.0,2.302585092994046,5.019000210427883,0.0,0,0.0
1219,대조,0,6.0,12.0,71.22,41.0,1.0,1.79,0.0,0.0,1,0.0,0.0,0.0,102.0,14.0,6.0,0,1,6.0,2.5649493574615367,4.279717015849312,0.025133389497332213,0,0.0
1222,대조,0,11.0,20.0,948.23,436.0,2.0,6.33,0.0,0.0,1,0.0,0.0,0.0,944.1,27.0,11.0,0,1,11.0,3.044522437723423,6.855651129624742,0.006675595583350031,0,0.0
1223,대조,0,66.0,3.0,83.15,39.0,0.0,0.0,0.0,0.0,0,0.0,0.0,0.0,71.77,6.0,66.0,0,1,66.0,1.3862943611198906,4.432600920636815,0.0,0,0.0
1224,대조,0,4.0,17.0,574.88,383.0,5.0,6.54,0.0,0.0,0,0.0,0.0,0.0,187.77,5.0,4.0,0,1,4.0,2.8903717578961645,6.355899305658155,0.011376287225160034,0,0.0
1226,대조,0,15.0,11.0,850.79,441.0,5.0,15.75,0.0,0.0,1,21.11,8.0,6.0,780.23,10.0,15.0,1,1,15.0,2.4849066497880004,6.7473400175751665,0.01851220630237779,0,0.0
1227,대조,0,14.0,8.0,173.63,79.0,0.0,0.0,0.0,0.0,0,10.74,3.0,3.0,400.2,4.0,14.0,1,1,14.0,2.1972245773362196,5.162669449951753,0.0,0,0.0
1228,대조,0,2.0,112.0,1863.31,133202.0,1.0,2.0,0.0,0.0,1,0.0,0.0,0.0,1268.75,62.0,2.0,0,1,2.0,4.727387818712341,7.530646290430601,0.0010733587003772856,0,0.0
1236,대조,0,1.0,45.0,1027.06,500.0,2.0,2.67,0.0,0.0,1,5.88,2.0,2.0,365.77,23.0,1.0,1,1,1.0,3.828641396489095,6.9354288100706505,0.0025996533795493936,0,0.0
1239,대조,0,21.0,5.0,472.7,209.0,1.0,8.99,0.0,0.0,0,2.78,2.0,2.0,237.38,5.0,21.0,1,1,21.0,1.791759469228055,6.160574209929706,0.01901840490797546,0,0.0
1240,대조,0,1.0,31.0,1521.0,24256.0,2.0,2.8899999999999997,0.0,0.0,1,0.0,0.0,0.0,663.22,9.0,1.0,0,1,1.0,3.4657359027997265,7.3277805384216315,0.0019000657462195922,0,0.0
1246,대조,0,25.0,11.0,848.57,60512.0,0.0,0.0,0.0,0.0,0,0.0,0.0,0.0,490.34000000000003,8.0,25.0,0,1,25.0,2.4849066497880004,6.744730339129773,0.0,0,0.0
1248,대조,0,4.0,32.0,1818.69,62774.0,1.0,5.49,0.0,0.0,1,1.79,1.0,1.0,890.19,16.0,4.0,1,1,4.0,3.4965075614664802,7.506421435892766,0.003018656285568184,0,0.0
1251,대조,0,1.0,12.0,74.8,23.0,1.0,1.67,0.0,0.0,0,0.0,0.0,0.0,43.48,12.0,1.0,0,1,1.0,2.5649493574615367,4.328098292648326,0.02232620320855615,0,0.0
1257,대조,0,,0.0,0.0,0.0,0.0,0.0,0.0,0.0,1,0.0,0.0,0.0,0.0,0.0,90.0,0,0,90.0,0.0,0.0,0.0,0,0.0
1259,대조,0,5.0,6.0,254.38,131.0,0.0,0.0,0.0,0.0,0,0.0,0.0,0.0,149.25,3.0,5.0,0,1,5.0,1.9459101490553132,5.542752631996535,0.0,0,0.0
1261,대조,0,5.0,20.0,357.32,295.0,0.0,0.0,0.0,0.0,1,0.0,0.0,0.0,486.35,18.0,5.0,0,1,5.0,3.044522437723423,5.881426441899045,0.0,0,0.0
1265,대조,0,4.0,4.0,176.89000000000001,89.0,0.0,0.0,0.0,0.0,0,0.0,0.0,0.0,197.5,4.0,4.0,0,1,4.0,1.6094379124341003,5.181165381737179,0.0,0,0.0
1269,대조,0,7.0,14.0,442.1,220.0,1.0,1.29,0.0,0.0,0,11.99,1.0,1.0,418.35,12.0,7.0,1,1,7.0,2.70805020110221,6.093795478205444,0.002917891879665234,0,0.0
1270,대조,0,12.0,7.0,255.51999999999998,63.0,0.0,0.0,0.0,0.0,1,0.0,0.0,0.0,433.19,9.0,12.0,0,1,12.0,2.0794415416798357,5.547206634280662,0.0,0,0.0
1271,대조,0,5.0,15.0,565.74,263.0,1.0,2.39,0.0,0.0,0,0.0,0.0,0.0,417.73,14.0,5.0,0,1,5.0,2.772588722239781,6.339900644767924,0.00422455544949977,0,0.0
1272,대조,0,2.0,38.0,1278.91,12134.0,1.0,2.99,0.0,0.0,1,15.35,6.0,6.0,999.48,26.0,2.0,1,1,2.0,3.6635616461296463,7.154545041941623,0.0023379283921464373,0,0.0
1277,대조,0,7.0,50.0,948.75,368.0,1.0,3.99,0.0,0.0,0,15.98,2.0,2.0,719.28,29.0,7.0,1,1,7.0,3.9318256327243257,6.856198792067735,0.0042055335968379445,0,0.0
1279,대조,0,1.0,26.0,514.76,286.0,5.0,7.44,0.0,0.0,0,1.29,1.0,1.0,600.59,27.0,1.0,1,1,1.0,3.295836866004329,6.245641541002365,0.014453337477659492,0,0.0
1282,대조,0,3.0,33.0,776.9,397.0,7.0,16.46,0.0,0.0,0,8.43,5.0,3.0,664.8,24.0,3.0,1,1,3.0,3.5263605246161616,6.6565979812127285,0.02118676792379972,0,0.0
1284,대조,0,19.0,7.0,81.06,42.0,0.0,0.0,0.0,0.0,0,2.39,1.0,1.0,45.4,1.0,19.0,1,1,19.0,2.0794415416798357,4.40745068701404,0.0,0,0.0
1285,대조,0,3.0,20.0,581.6800000000001,35115.0,0.0,0.0,0.0,0.0,1,0.0,0.0,0.0,382.12,17.0,3.0,0,1,3.0,3.044522437723423,6.367638150580747,0.0,0,0.0
1288,대조,0,68.0,7.0,133.78,64.0,0.0,0.0,0.0,0.0,0,0.0,0.0,0.0,171.70000000000002,4.0,68.0,0,1,68.0,2.0794415416798357,4.903643819518071,0.0,0,0.0
1289,대조,0,1.0,77.0,213.73,148.0,0.0,0.0,0.0,0.0,0,0.0,0.0,0.0,171.78,55.0,1.0,0,1,1.0,4.356708826689592,5.369381424979041,0.0,0,0.0
1291,대조,0,5.0,10.0,203.17000000000002,103.0,0.0,0.0,0.0,0.0,1,0.0,0.0,0.0,378.51,12.0,5.0,0,1,5.0,2.3978952727983707,5.318952980148108,0.0,0,0.0
1293,대조,0,5.0,12.0,94.77,95.0,0.0,0.0,0.0,0.0,0,0.0,0.0,0.0,88.95,9.0,5.0,0,1,5.0,2.5649493574615367,4.561949483533528,0.0,0,0.0
1294,대조,0,13.0,7.0,554.2,276.0,1.0,2.39,0.0,0.0,0,0.0,0.0,0.0,325.04,6.0,13.0,0,1,13.0,2.0794415416798357,6.319328409192595,0.004312522555034283,0,0.0
1296,대조,0,6.0,13.0,308.56,198.0,2.0,3.33,0.0,0.0,1,0.0,0.0,0.0,127.45,5.0,6.0,0,1,6.0,2.6390573296152584,5.735151934402259,0.010792066372828623,0,0.0
1297,대조,0,51.0,4.0,64.46000000000001,26.0,0.0,0.0,0.0,0.0,1,0.0,0.0,0.0,136.83,11.0,51.0,0,1,51.0,1.6094379124341003,4.181439269073034,0.0,0,0.0
1300,대조,0,11.0,6.0,87.01,39.0,0.0,0.0,0.0,0.0,1,0.0,0.0,0.0,76.5,7.0,11.0,0,1,11.0,1.9459101490553132,4.47745044438572,0.0,0,0.0
1303,대조,0,4.0,16.0,354.90000000000003,48128.0,0.0,0.0,0.0,0.0,0,0.0,0.0,0.0,980.76,29.0,4.0,0,1,4.0,2.833213344056216,5.874649792516147,0.0,0,0.0
1304,대조,0,21.0,6.0,60.93,41.0,1.0,1.58,0.0,0.0,0,0.0,0.0,0.0,49.64,7.0,21.0,0,1,21.0,1.9459101490553132,4.1260047149499695,0.025931396684720172,0,0.0
1305,대조,0,1.0,108.0,1999.5,53471.0,2.0,1.98,0.0,0.0,1,0.0,0.0,0.0,491.27,24.0,1.0,0,1,1.0,4.6913478822291435,7.60115242829729,0.0009902475618904726,0,0.0
1306,대조,0,2.0,8.0,157.19,78.0,1.0,1.99,0.0,0.0,1,6.48,4.0,2.0,430.2,22.0,2.0,1,1,2.0,2.1972245773362196,5.063796842210488,0.01265983841211273,0,0.0
1307,대조,0,3.0,32.0,362.66,35393.0,1.0,2.99,0.0,0.0,0,0.0,0.0,0.0,233.32,12.0,3.0,0,1,3.0,3.4965075614664802,5.896219365191249,0.008244636849942094,0,0.0
1312,대조,0,2.0,34.0,1380.72,565.0,13.0,28.509999999999998,0.0,0.0,0,15.040000000000001,10.0,8.0,754.97,14.0,2.0,1,1,2.0,3.5553480614894135,7.231084378880061,0.020648647082681496,0,0.0
1314,대조,0,1.0,58.0,1800.17,174304.0,3.0,11.370000000000001,0.0,0.0,0,10.879999999999999,2.0,2.0,1627.43,46.0,1.0,1,1,1.0,4.07753744390572,7.4961917327257535,0.006316070148930379,0,0.0
1316,대조,0,13.0,7.0,351.1,185.0,0.0,0.0,0.0,0.0,1,0.0,0.0,0.0,208.06,4.0,13.0,0,1,13.0,2.0794415416798357,5.863915226161007,0.0,0,0.0
1318,대조,0,2.0,7.0,721.64,280.0,1.0,4.69,0.0,0.0,1,5.98,2.0,2.0,715.02,6.0,2.0,1,1,2.0,2.0794415416798357,6.582911172841588,0.006499085416551189,0,0.0
1319,대조,0,6.0,7.0,282.77,142.0,0.0,0.0,0.0,0.0,0,0.0,0.0,0.0,83.71,6.0,6.0,0,1,6.0,2.0794415416798357,5.648164050893189,0.0,0,0.0
1321,대조,0,6.0,22.0,309.15,170.0,1.0,0.99,0.0,0.0,1,0.0,0.0,0.0,193.42,26.0,6.0,0,1,6.0,3.1354942159291497,5.737056051419127,0.0032023289665211066,0,0.0
1325,대조,0,,0.0,0.0,0.0,0.0,0.0,0.0,0.0,0,0.0,0.0,0.0,293.46,4.0,90.0,0,1,90.0,0.0,0.0,0.0,0,0.0
1326,대조,0,6.0,24.0,296.09,122.0,0.0,0.0,0.0,0.0,1,14.690000000000001,7.0,4.0,542.1,23.0,6.0,1,1,6.0,3.2188758248682006,5.694035123201321,0.0,0,0.0
1330,대조,0,1.0,21.0,504.47,33386.0,3.0,3.0,0.0,0.0,0,0.0,0.0,0.0,24.43,2.0,1.0,0,1,1.0,3.091042453358316,6.225488689518404,0.005946835292485182,0,0.0
1333,대조,0,9.0,18.0,993.33,326.0,2.0,2.3899999999999997,0.0,0.0,1,7.27,3.0,3.0,683.97,11.0,9.0,1,1,9.0,2.9444389791664403,6.9020691435111505,0.0024060483424441018,0,0.0
1336,대조,0,9.0,18.0,742.23,375.0,1.0,3.36,0.0,0.0,0,0.0,0.0,0.0,710.27,17.0,9.0,0,1,9.0,2.9444389791664403,6.611005552669875,0.004526898670223515,0,0.0
1337,대조,0,1.0,34.0,1765.67,84552.0,5.0,8.02,0.0,0.0,1,1.85,1.0,1.0,1316.67,22.0,1.0,1,1,1.0,3.5553480614894135,7.476851697662776,0.004542185119529697,0,0.0
1344,대조,0,1.0,7.0,500.66,208.0,0.0,0.0,0.0,0.0,0,9.08,4.0,4.0,96.14,1.0,1.0,1,1,1.0,2.0794415416798357,6.217922599390022,0.0,0,0.0
1345,대조,0,1.0,14.0,333.36,129.0,0.0,0.0,0.0,0.0,0,3.99,1.0,1.0,143.24,3.0,1.0,1,1,1.0,2.70805020110221,5.812218256830955,0.0,0,0.0
1347,대조,0,2.0,18.0,229.63,1646.0,1.0,4.0,0.0,0.0,0,0.0,0.0,0.0,99.93,7.0,2.0,0,1,2.0,2.9444389791664403,5.440814694776582,0.017419326743021383,0,0.0
1349,대조,0,1.0,38.0,1083.02,10490.0,3.0,6.99,0.0,0.0,0,13.700000000000001,5.0,5.0,642.46,22.0,1.0,1,1,1.0,3.6635616461296463,6.98843163201389,0.006454174438145187,0,0.0
1351,대조,0,3.0,10.0,49.010000000000005,20.0,0.0,0.0,0.0,0.0,0,0.0,0.0,0.0,88.23,11.0,3.0,0,1,3.0,2.3978952727983707,3.9122229854308124,0.0,0,0.0
1352,대조,0,6.0,23.0,1005.38,70430.0,3.0,8.77,0.0,0.0,1,4.69,1.0,1.0,598.23,12.0,6.0,1,1,6.0,3.1780538303479458,6.914115012934719,0.008723069884023951,0,0.0
1353,대조,0,4.0,15.0,377.6,235.0,3.0,4.84,0.0,0.0,0,0.0,0.0,0.0,374.42,12.0,4.0,0,1,4.0,2.772588722239781,5.936480238775222,0.01281779661016949,0,0.0
1354,대조,0,8.0,7.0,202.71,112.0,1.0,1.39,0.0,0.0,1,0.0,0.0,0.0,299.69,9.0,8.0,0,1,8.0,2.0794415416798357,5.316697413829466,0.006857086478220116,0,0.0
1356,대조,0,14.0,10.0,275.95,131.0,1.0,0.99,0.0,0.0,0,0.0,0.0,0.0,231.63,8.0,14.0,0,1,14.0,2.3978952727983707,5.623836984479113,0.003587606450443921,0,0.0
1363,대조,0,61.0,1.0,13.0,1.0,0.0,0.0,0.0,0.0,1,4.68,3.0,2.0,239.4,1.0,61.0,1,1,61.0,0.6931471805599453,2.6390573296152584,0.0,0,0.0
1367,대조,0,1.0,34.0,1213.56,97280.0,1.0,2.59,0.0,0.0,1,1.29,1.0,1.0,945.6800000000001,20.0,1.0,1,1,1.0,3.5553480614894135,7.102137150268458,0.002134216684795148,0,0.0
1369,대조,0,15.0,18.0,343.24,133.0,0.0,0.0,0.0,0.0,1,0.0,0.0,0.0,177.25,8.0,15.0,0,1,15.0,2.9444389791664403,5.8413390885303444,0.0,0,0.0
1370,대조,0,2.0,11.0,1106.45,456.0,6.0,7.17,0.0,0.0,1,5.56,4.0,4.0,866.64,9.0,2.0,1,1,2.0,2.4849066497880004,7.009815354173284,0.006480184373446608,0,0.0
1374,대조,0,3.0,19.0,391.76,199.0,0.0,0.0,0.0,0.0,0,0.0,0.0,0.0,251.15,10.0,3.0,0,1,3.0,2.995732273553991,5.97319873830109,0.0,0,0.0
1376,대조,0,4.0,48.0,1774.72,196787.0,9.0,27.82,0.0,0.0,1,26.04,6.0,6.0,1510.03,27.0,4.0,1,1,4.0,3.8918202981106265,7.481961253465183,0.015675712225027047,0,0.0
1379,대조,0,1.0,68.0,1592.58,209988.0,1.0,3.99,0.0,0.0,0,6.68,2.0,2.0,1098.8700000000001,58.0,1.0,1,1,1.0,4.23410650459726,7.373738336550776,0.002505368647100931,0,0.0
1383,대조,0,6.0,20.0,244.96,94.0,0.0,0.0,0.0,0.0,0,0.0,0.0,0.0,97.18,10.0,6.0,0,1,6.0,3.044522437723423,5.505168921085269,0.0,0,0.0
1387,대조,0,16.0,9.0,298.91,123.0,0.0,0.0,0.0,0.0,0,0.0,0.0,0.0,223.51,4.0,16.0,0,1,16.0,2.302585092994046,5.703482429647199,0.0,0,0.0
1389,대조,0,5.0,10.0,675.28,228.0,0.0,0.0,0.0,0.0,1,0.0,0.0,0.0,0.0,0.0,5.0,0,0,5.0,2.3978952727983707,6.516607191468766,0.0,0,0.0
1390,대조,0,58.0,2.0,6.99,4.0,0.0,0.0,0.0,0.0,0,6.72,4.0,4.0,625.0,18.0,58.0,1,1,58.0,1.0986122886681098,2.0781907597781832,0.0,0,0.0
1394,대조,0,8.0,24.0,710.51,306.0,2.0,7.56,0.0,0.0,1,7.77,3.0,2.0,561.42,17.0,8.0,1,1,8.0,3.2188758248682006,6.567389472244913,0.010640244331536501,0,0.0
1396,대조,0,2.0,49.0,1665.76,31652.0,4.0,8.05,0.0,0.0,1,2.99,2.0,2.0,757.44,25.0,2.0,1,1,2.0,3.912023005428146,7.418636901180187,0.004832628950148882,0,0.0
1397,대조,0,2.0,39.0,760.59,4027.0,1.0,1.29,0.0,0.0,1,0.0,0.0,0.0,621.9,29.0,2.0,0,1,2.0,3.6888794541139363,6.635408353138852,0.0016960517492998857,0,0.0
1402,대조,0,2.0,20.0,552.52,228.0,1.0,1.58,0.0,0.0,1,0.0,0.0,0.0,315.83,26.0,2.0,0,1,2.0,3.044522437723423,6.316297885190556,0.002859624990950554,0,0.0
1403,대조,0,1.0,39.0,687.48,112761.0,0.0,0.0,0.0,0.0,0,1.34,1.0,1.0,435.61,27.0,1.0,1,1,1.0,3.6888794541139363,6.53448626909029,0.0,0,0.0
1406,대조,0,11.0,12.0,299.74,115.0,1.0,2.59,0.0,0.0,0,2.98,2.0,1.0,651.54,16.0,11.0,1,1,11.0,2.5649493574615367,5.706246104094174,0.008640822045773003,0,0.0
1408,대조,0,13.0,5.0,67.98,23.0,0.0,0.0,0.0,0.0,0,0.0,0.0,0.0,0.0,0.0,13.0,0,0,13.0,1.791759469228055,4.233816607508695,0.0,0,0.0
1409,대조,0,9.0,10.0,381.34000000000003,167.0,0.0,0.0,0.0,0.0,0,5.27,3.0,3.0,370.7,6.0,9.0,1,1,9.0,2.3978952727983707,5.946310265100872,0.0,0,0.0
1412,대조,0,8.0,7.0,311.89,122.0,0.0,0.0,0.0,0.0,1,0.0,0.0,0.0,405.46,7.0,8.0,0,1,8.0,2.0794415416798357,5.745851691071772,0.0,0,0.0
1417,대조,0,51.0,3.0,15.91,10.0,0.0,0.0,0.0,0.0,0,0.0,0.0,0.0,0.0,0.0,51.0,0,0,51.0,1.3862943611198906,2.827905162910489,0.0,0,0.0
1418,대조,0,7.0,12.0,524.89,231.0,1.0,1.04,0.0,0.0,1,0.0,0.0,0.0,182.39000000000001,8.0,7.0,0,1,7.0,2.5649493574615367,6.265092065392643,0.0019813675246242073,0,0.0
1419,대조,0,1.0,100.0,1325.77,689.0,5.0,11.26,0.0,0.0,1,0.78,1.0,1.0,777.02,76.0,1.0,1,1,1.0,4.61512051684126,7.190502696024384,0.008493177549650392,0,0.0
1423,대조,0,4.0,45.0,164.94,114.0,1.0,2.29,0.0,0.0,1,3.09,1.0,1.0,160.12,25.0,4.0,1,1,4.0,3.828641396489095,5.111626277236139,0.013883836546623014,0,0.0
1424,대조,0,12.0,10.0,67.1,45.0,0.0,0.0,0.0,0.0,0,0.0,0.0,0.0,58.72,7.0,12.0,0,1,12.0,2.3978952727983707,4.220977213155467,0.0,0,0.0
1425,대조,0,1.0,28.0,835.51,421.0,2.0,21.98,0.0,0.0,1,0.0,0.0,0.0,462.66,14.0,1.0,0,1,1.0,3.367295829986474,6.729238474928048,0.02630728537061196,0,0.0
1428,대조,0,18.0,9.0,187.08,95.0,0.0,0.0,0.0,0.0,1,2.99,1.0,1.0,335.63,8.0,18.0,1,1,18.0,2.302585092994046,5.236867404231814,0.0,0,0.0
1429,대조,0,11.0,14.0,142.01,94.0,0.0,0.0,0.0,0.0,1,2.1,2.0,2.0,100.76,5.0,11.0,1,1,11.0,2.70805020110221,4.962914557884844,0.0,0,0.0
1430,대조,0,1.0,47.0,2807.12,269411.0,2.0,4.29,0.0,0.0,1,5.88,2.0,2.0,1593.38,32.0,1.0,1,1,1.0,3.871201010907891,7.940270499275321,0.00152825671862977,0,0.0
1431,대조,0,4.0,29.0,472.14,166.0,8.0,24.26,0.0,0.0,0,9.17,4.0,3.0,328.56,15.0,4.0,1,1,4.0,3.4011973816621555,6.159391327784261,0.051383064345321305,0,0.0
1434,대조,0,2.0,32.0,702.5,300.0,4.0,10.020000000000001,0.0,0.0,0,2.61,1.0,1.0,473.72,26.0,2.0,1,1,2.0,3.4965075614664802,6.556067876554444,0.014263345195729539,0,0.0
1437,대조,0,12.0,17.0,648.6,1528.0,1.0,1.58,0.0,0.0,1,7.890000000000001,3.0,3.0,528.49,17.0,12.0,1,1,12.0,2.8903717578961645,6.476356788847468,0.0024360160345359236,0,0.0
1438,대조,0,6.0,10.0,405.26,149.0,0.0,0.0,0.0,0.0,1,0.0,0.0,0.0,261.89,3.0,6.0,0,1,6.0,2.3978952727983707,6.006993348725609,0.0,0,0.0
1440,대조,0,13.0,19.0,453.93,25892.0,0.0,0.0,0.0,0.0,0,0.0,0.0,0.0,43.78,1.0,13.0,0,1,13.0,2.995732273553991,6.120143560961571,0.0,0,0.0
1443,대조,0,2.0,57.0,602.05,273.0,1.0,4.0,0.0,0.0,1,4.19,1.0,1.0,223.12,21.0,2.0,1,1,2.0,4.060443010546419,6.402000112029252,0.006643966447969438,0,0.0
1445,대조,0,3.0,17.0,227.48,70.0,0.0,0.0,0.0,0.0,1,10.99,1.0,1.0,484.8,17.0,3.0,1,1,3.0,2.8903717578961645,5.431448679151219,0.0,0,0.0
1446,대조,0,9.0,9.0,355.88,158.0,1.0,8.99,0.0,0.0,0,0.0,0.0,0.0,255.22,5.0,9.0,0,1,9.0,2.302585092994046,5.877399590820009,0.025261324041811847,0,0.0
1447,대조,0,52.0,2.0,3.97,4.0,0.0,0.0,0.0,0.0,0,0.0,0.0,0.0,0.0,0.0,52.0,0,0,52.0,1.0986122886681098,1.6034198401085376,0.0,0,0.0
1448,대조,0,43.0,3.0,51.95,18.0,0.0,0.0,0.0,0.0,0,0.0,0.0,0.0,0.0,0.0,43.0,0,0,43.0,1.3862943611198906,3.9693480720474157,0.0,0,0.0
1451,대조,0,2.0,24.0,728.77,57884.0,0.0,0.0,0.0,0.0,1,2.84,2.0,1.0,730.74,24.0,2.0,1,1,2.0,3.2188758248682006,6.59272941600478,0.0,0,0.0
1454,대조,0,18.0,5.0,68.4,11772.0,0.0,0.0,0.0,0.0,1,0.0,0.0,0.0,12.38,1.0,18.0,0,1,18.0,1.791759469228055,4.239886867512759,0.0,0,0.0
1456,대조,0,4.0,17.0,390.57,218.0,2.0,4.18,0.0,0.0,0,0.0,0.0,0.0,145.45,11.0,4.0,0,1,4.0,2.8903717578961645,5.970164298937279,0.01070230688480938,0,0.0
1458,대조,0,4.0,21.0,668.13,29390.0,0.0,0.0,0.0,0.0,0,0.0,0.0,0.0,282.84000000000003,11.0,4.0,0,1,4.0,3.091042453358316,6.5059783611309845,0.0,0,0.0
1459,대조,0,12.0,6.0,306.55,126.0,1.0,2.0,0.0,0.0,0,0.0,0.0,0.0,416.45,9.0,12.0,0,1,12.0,1.9459101490553132,5.728637675654378,0.0065242211710976996,0,0.0
1461,대조,0,1.0,32.0,747.44,35029.0,1.0,2.5,0.0,0.0,1,0.0,0.0,0.0,821.5600000000001,28.0,1.0,0,1,1.0,3.4965075614664802,6.617991040326031,0.0033447500802740015,0,0.0
1462,대조,0,1.0,16.0,607.99,10819.0,0.0,0.0,0.0,0.0,1,0.0,0.0,0.0,411.64,15.0,1.0,0,1,1.0,2.833213344056216,6.411801847213834,0.0,0,0.0
1464,대조,0,1.0,15.0,408.91,197.0,0.0,0.0,0.0,0.0,0,0.0,0.0,0.0,395.6,11.0,1.0,0,1,1.0,2.772588722239781,6.015937623406903,0.0,0,0.0
1467,대조,0,17.0,2.0,57.31999999999999,13.0,0.0,0.0,0.0,0.0,1,0.0,0.0,0.0,153.02,54.0,17.0,0,1,17.0,1.0986122886681098,4.065945087700403,0.0,0,0.0
1468,대조,0,32.0,17.0,694.75,31698.0,0.0,0.0,0.0,0.0,1,1.29,1.0,1.0,171.61,3.0,32.0,1,1,32.0,2.8903717578961645,6.544990400406,0.0,0,0.0
1473,대조,0,6.0,18.0,706.5500000000001,291.0,0.0,0.0,0.0,0.0,0,0.0,0.0,0.0,357.86,11.0,6.0,0,1,6.0,2.9444389791664403,6.561808298398381,0.0,0,0.0
1474,대조,0,57.0,1.0,15.870000000000001,4.0,0.0,0.0,0.0,0.0,1,0.0,0.0,0.0,0.0,0.0,57.0,0,0,57.0,0.6931471805599453,2.825536896557877,0.0,0,0.0
1475,대조,0,1.0,52.0,2003.89,64618.0,2.0,7.880000000000001,0.0,0.0,1,0.0,0.0,0.0,1066.09,27.0,1.0,0,1,1.0,3.970291913552122,7.603344475392756,0.003932351576184321,0,0.0
1479,대조,0,1.0,101.0,1059.69,506.0,6.0,11.32,0.0,0.0,1,1.99,1.0,1.0,382.78000000000003,31.0,1.0,1,1,1.0,4.624972813284271,6.9666749187305825,0.010682369372174882,0,0.0
1481,대조,0,7.0,6.0,58.400000000000006,10083.0,0.0,0.0,0.0,0.0,1,0.0,0.0,0.0,66.9,6.0,7.0,0,1,7.0,1.9459101490553132,4.084294226368599,0.0,0,0.0
1483,대조,0,1.0,16.0,675.5600000000001,22263.0,2.0,6.72,0.0,0.0,1,3.2800000000000002,2.0,2.0,483.44,8.0,1.0,1,1,1.0,2.833213344056216,6.517021135473967,0.009947302978269878,0,0.0
1484,대조,0,8.0,9.0,448.98,247.0,0.0,0.0,0.0,0.0,1,0.0,0.0,0.0,368.84,9.0,8.0,0,1,8.0,2.302585092994046,6.109203137332237,0.0,0,0.0
1488,대조,0,5.0,13.0,398.14,231.0,1.0,3.99,0.0,0.0,1,0.0,0.0,0.0,251.87,6.0,5.0,0,1,5.0,2.6390573296152584,5.989312232539839,0.010021600442055559,0,0.0
1489,대조,0,2.0,74.0,2742.96,102665.0,6.0,14.780000000000001,0.0,0.0,0,3.13,2.0,2.0,2069.57,70.0,2.0,1,1,2.0,4.31748811353631,7.917157411480051,0.005388339603931519,0,0.0
1491,대조,0,1.0,52.0,773.02,307.0,2.0,2.99,0.0,0.0,1,3.69,1.0,1.0,708.4300000000001,34.0,1.0,1,1,1.0,3.970291913552122,6.651597713049167,0.003867946495562858,0,0.0
1492,대조,0,5.0,13.0,166.0,71.0,1.0,1.89,0.0,0.0,1,0.0,0.0,0.0,174.77,11.0,5.0,0,1,5.0,2.6390573296152584,5.117993812416755,0.011385542168674698,0,0.0
1493,대조,0,5.0,2.0,126.98,51.0,0.0,0.0,0.0,0.0,0,0.0,0.0,0.0,306.89,5.0,5.0,0,1,5.0,1.0986122886681098,4.851874001711314,0.0,0,0.0
1494,대조,0,8.0,14.0,374.06,220.0,2.0,3.36,0.0,0.0,1,1.68,1.0,1.0,265.34000000000003,10.0,8.0,1,1,8.0,2.70805020110221,5.927086013171776,0.008982516173875849,0,0.0
1495,대조,0,2.0,27.0,226.25,179.0,1.0,1.0,0.0,0.0,0,0.0,0.0,0.0,240.95,22.0,2.0,0,1,2.0,3.332204510175204,5.426050733057588,0.004419889502762431,0,0.0
1499,대조,0,1.0,14.0,293.51,111.0,1.0,2.69,0.0,0.0,1,1.79,1.0,1.0,184.44,9.0,1.0,1,1,1.0,2.70805020110221,5.685312958372539,0.009164934755204253,0,0.0
1501,대조,0,3.0,26.0,1259.09,93507.0,1.0,1.79,0.0,0.0,0,0.0,0.0,0.0,1188.84,28.0,3.0,0,1,3.0,3.295836866004329,7.138938425966053,0.001421661676290019,0,0.0
1505,대조,0,3.0,26.0,879.1,374.0,3.0,7.43,0.0,0.0,1,0.0,0.0,0.0,653.19,13.0,3.0,0,1,3.0,3.295836866004329,6.780035537379766,0.008451825730861107,0,0.0
1506,대조,0,10.0,11.0,223.07,148.0,1.0,1.58,0.0,0.0,0,1.67,1.0,1.0,345.46,11.0,10.0,1,1,10.0,2.4849066497880004,5.411958503037085,0.007082978437261847,0,0.0
1508,대조,0,2.0,19.0,541.8,55835.0,0.0,0.0,0.0,0.0,0,0.0,0.0,0.0,128.49,5.0,2.0,0,1,2.0,2.995732273553991,6.296740927960714,0.0,0,0.0
1509,대조,0,8.0,27.0,982.61,113418.0,1.0,1.79,0.0,0.0,1,0.0,0.0,0.0,516.91,14.0,8.0,0,1,8.0,3.332204510175204,6.891229477024802,0.001821678997771242,0,0.0
1510,대조,0,1.0,185.0,1222.75,10156.0,1.0,0.99,0.0,0.0,0,1.05,1.0,1.0,1070.95,127.0,1.0,1,1,1.0,5.225746673713202,7.10967519384472,0.0008096503782457575,0,0.0
1511,대조,0,4.0,21.0,389.37,186.0,3.0,4.92,0.0,0.0,0,6.02,3.0,3.0,337.93,17.0,4.0,1,1,4.0,3.091042453358316,5.96709500732397,0.012635796286308652,0,0.0
1515,대조,0,1.0,21.0,803.5500000000001,287.0,4.0,5.390000000000001,0.0,0.0,0,4.17,3.0,3.0,637.41,8.0,1.0,1,1,1.0,3.091042453358316,6.690283114905159,0.006707734428473648,0,0.0
1517,대조,0,11.0,17.0,413.44,215.0,3.0,4.95,0.0,0.0,1,3.12,4.0,2.0,228.64000000000001,11.0,11.0,1,1,11.0,2.8903717578961645,6.026928211383551,0.011972716718266255,0,0.0
1518,대조,0,17.0,8.0,365.87,3705.0,0.0,0.0,0.0,0.0,0,0.0,0.0,0.0,0.0,0.0,17.0,0,0,17.0,2.1972245773362196,5.905007561869388,0.0,0,0.0
1520,대조,0,1.0,20.0,581.34,81526.0,1.0,1.0,0.0,0.0,0,0.0,0.0,0.0,349.05,17.0,1.0,0,1,1.0,3.044522437723423,6.367054469597326,0.001720163759589913,0,0.0
1524,대조,0,1.0,11.0,407.02,44506.0,0.0,0.0,0.0,0.0,1,0.0,0.0,0.0,109.61,1.0,1.0,0,1,1.0,2.4849066497880004,6.011316192810583,0.0,0,0.0
1526,대조,0,1.0,34.0,511.45,309.0,0.0,0.0,0.0,0.0,0,0.0,0.0,0.0,324.87,22.0,1.0,0,1,1.0,3.5553480614894135,6.239203145277572,0.0,0,0.0
1529,대조,0,1.0,32.0,1307.65,92639.0,4.0,13.55,0.0,0.0,1,12.45,4.0,4.0,1067.41,29.0,1.0,1,1,1.0,3.4965075614664802,7.176751350478436,0.01036209995029251,0,0.0
1532,대조,0,7.0,33.0,566.8,44767.0,3.0,8.17,0.0,0.0,0,3.89,1.0,1.0,170.73000000000002,7.0,7.0,1,1,7.0,3.5263605246161616,6.341769244038871,0.014414255469301342,0,0.0
1535,대조,0,1.0,21.0,769.23,422.0,0.0,0.0,0.0,0.0,0,0.0,0.0,0.0,680.05,19.0,1.0,0,1,1.0,3.091042453358316,6.64668917154408,0.0,0,0.0
1537,대조,0,11.0,24.0,464.1,13783.0,0.0,0.0,0.0,0.0,1,0.0,0.0,0.0,183.09,13.0,11.0,0,1,11.0,3.2188758248682006,6.142252436230051,0.0,0,0.0
1540,대조,0,1.0,7.0,265.72,169.0,3.0,7.5,0.0,0.0,1,0.0,0.0,0.0,394.28,16.0,1.0,0,1,1.0,2.0794415416798357,5.586199419002484,0.028225199458076167,0,0.0
1541,대조,0,1.0,14.0,990.04,356.0,4.0,6.61,0.0,0.0,1,3.7,2.0,2.0,764.65,13.0,1.0,1,1,1.0,2.70805020110221,6.898754896784838,0.0066764979192759895,0,0.0
1545,대조,0,2.0,21.0,570.5600000000001,31518.0,2.0,6.39,0.0,0.0,1,0.0,0.0,0.0,262.75,14.0,2.0,0,1,2.0,3.091042453358316,6.348369464600769,0.011199523275378574,0,0.0
1546,대조,0,4.0,10.0,355.45,272.0,0.0,0.0,0.0,0.0,0,0.0,0.0,0.0,207.15,6.0,4.0,0,1,4.0,2.3978952727983707,5.876193977563638,0.0,0,0.0
1547,대조,0,65.0,18.0,80.85,18994.0,0.0,0.0,0.0,0.0,0,0.0,0.0,0.0,0.0,0.0,65.0,0,0,65.0,2.9444389791664403,4.404888303817144,0.0,0,0.0
1555,대조,0,2.0,18.0,267.03000000000003,147.0,3.0,3.7699999999999996,0.0,0.0,0,1.39,1.0,1.0,203.26,13.0,2.0,1,1,2.0,2.9444389791664403,5.591098914544516,0.014118263865483276,0,0.0
1556,대조,0,2.0,23.0,589.24,417.0,4.0,8.23,0.0,0.0,1,22.79,8.0,7.0,619.61,13.0,2.0,1,1,2.0,3.1780538303479458,6.380529233848366,0.013967144117846718,0,0.0
1557,대조,0,2.0,29.0,803.34,85114.0,1.0,5.49,0.0,0.0,1,3.78,2.0,2.0,616.84,15.0,2.0,1,1,2.0,3.4011973816621555,6.6900220653602025,0.0068339681828366566,0,0.0
1563,대조,0,15.0,17.0,586.66,7250.0,2.0,4.57,0.0,0.0,1,5.28,2.0,2.0,1110.3600000000001,16.0,15.0,1,1,15.0,2.8903717578961645,6.376148549365924,0.007789861248423279,0,0.0
1566,대조,0,22.0,5.0,58.129999999999995,23.0,0.0,0.0,0.0,0.0,1,0.0,0.0,0.0,100.02000000000001,5.0,22.0,0,1,22.0,1.791759469228055,4.079738409832738,0.0,0,0.0
1567,대조,0,1.0,17.0,465.53000000000003,325.0,2.0,4.78,0.0,0.0,1,0.0,0.0,0.0,272.82,7.0,1.0,0,1,1.0,2.8903717578961645,6.145322326901356,0.010267866732541405,0,0.0
1568,대조,0,8.0,6.0,547.66,238.0,2.0,5.0,0.0,0.0,1,0.0,0.0,0.0,581.63,13.0,8.0,0,1,8.0,1.9459101490553132,6.3074789418267985,0.009129752035934705,0,0.0
1572,대조,0,21.0,16.0,776.32,46860.0,4.0,6.24,0.0,0.0,1,0.0,0.0,0.0,0.0,0.0,21.0,0,0,21.0,2.833213344056216,6.655852105996503,0.008037922506183017,0,0.0
1575,대조,0,10.0,3.0,27.39,10.0,0.0,0.0,0.0,0.0,0,0.0,0.0,0.0,21.119999999999997,2.0,10.0,0,1,10.0,1.3862943611198906,3.34603697048488,0.0,0,0.0
1577,대조,0,7.0,20.0,1090.1,499.0,3.0,8.93,0.0,0.0,0,8.18,2.0,2.0,333.75,5.0,7.0,1,1,7.0,3.044522437723423,6.994941640661053,0.008191908999174389,0,0.0
1578,대조,0,1.0,22.0,663.61,13777.0,5.0,13.65,0.0,0.0,1,0.0,0.0,0.0,412.28000000000003,15.0,1.0,0,1,1.0,3.1354942159291497,6.499200402451892,0.020569310287668962,0,0.0
1580,대조,0,10.0,1.0,11.620000000000001,12.0,0.0,0.0,0.0,0.0,1,0.0,0.0,0.0,16.240000000000002,2.0,10.0,0,1,10.0,0.6931471805599453,2.5352828571130672,0.0,0,0.0
1581,대조,0,,0.0,0.0,0.0,0.0,0.0,0.0,0.0,0,0.0,0.0,0.0,0.0,0.0,90.0,0,0,90.0,0.0,0.0,0.0,0,0.0
1585,대조,0,9.0,14.0,844.24,22482.0,1.0,1.58,0.0,0.0,1,1.89,1.0,1.0,965.78,20.0,9.0,1,1,9.0,2.70805020110221,6.739620610698727,0.001871505732966929,0,0.0
1586,대조,0,1.0,15.0,445.0,188.0,0.0,0.0,0.0,0.0,0,1.39,1.0,1.0,312.73,10.0,1.0,1,1,1.0,2.772588722239781,6.100318952020064,0.0,0,0.0
1587,대조,0,31.0,10.0,59.96,5584.0,1.0,1.68,0.0,0.0,0,0.0,0.0,0.0,101.72,4.0,31.0,0,1,31.0,2.3978952727983707,4.110217911378391,0.02801867911941294,0,0.0
1588,대조,0,5.0,38.0,702.82,291.0,0.0,0.0,0.0,0.0,1,0.0,0.0,0.0,466.27000000000004,31.0,5.0,0,1,5.0,3.6635616461296463,6.556522641647692,0.0,0,0.0
1591,대조,0,15.0,3.0,50.63,27.0,0.0,0.0,0.0,0.0,1,6.94,3.0,3.0,316.03000000000003,4.0,15.0,1,1,15.0,1.3862943611198906,3.9441028988915576,0.0,0,0.0
1592,대조,0,20.0,4.0,161.46,13721.0,0.0,0.0,0.0,0.0,0,0.0,0.0,0.0,43.36,3.0,20.0,0,1,20.0,1.6094379124341003,5.090431817622808,0.0,0,0.0
1593,대조,0,15.0,4.0,194.05,98.0,0.0,0.0,0.0,0.0,0,2.39,1.0,1.0,280.63,6.0,15.0,1,1,15.0,1.6094379124341003,5.273255935952665,0.0,0,0.0
1594,대조,0,2.0,3.0,115.08,45.0,0.0,0.0,0.0,0.0,0,0.0,0.0,0.0,331.72,8.0,2.0,0,1,2.0,1.3862943611198906,4.754279608575932,0.0,0,0.0
1595,대조,0,7.0,26.0,1150.08,99652.0,0.0,0.0,0.0,0.0,1,0.0,0.0,0.0,629.33,13.0,7.0,0,1,7.0,3.295836866004329,7.048455911084991,0.0,0,0.0
1598,대조,0,2.0,26.0,525.87,25416.0,2.0,4.68,0.0,0.0,0,8.97,3.0,3.0,1336.56,55.0,2.0,1,1,2.0,3.295836866004329,6.2669538387941275,0.00889953790860859,0,0.0
1599,대조,0,17.0,17.0,299.79,209.0,0.0,0.0,0.0,0.0,0,0.0,0.0,0.0,490.48,13.0,17.0,0,1,17.0,2.8903717578961645,5.706412346842217,0.0,0,0.0
1604,대조,0,6.0,12.0,65.54,39.0,0.0,0.0,0.0,0.0,1,0.0,0.0,0.0,83.93,14.0,6.0,0,1,6.0,2.5649493574615367,4.197803270590331,0.0,0,0.0
1605,대조,0,9.0,9.0,105.46,77.0,1.0,3.99,0.0,0.0,0,5.1899999999999995,5.0,3.0,242.16,9.0,9.0,1,1,9.0,2.302585092994046,4.667769327744611,0.03783424995258866,0,0.0
1609,대조,0,2.0,50.0,3494.9700000000003,295917.0,8.0,21.13,0.0,0.0,1,16.48,7.0,6.0,2643.09,34.0,2.0,1,1,2.0,3.9318256327243257,8.159366155502909,0.006045831580814713,0,0.0
1615,대조,0,5.0,9.0,107.87,46.0,0.0,0.0,0.0,0.0,0,0.0,0.0,0.0,273.26,5.0,5.0,0,1,5.0,2.302585092994046,4.690154509893088,0.0,0,0.0
1618,대조,0,6.0,12.0,374.47,38277.0,0.0,0.0,0.0,0.0,1,4.2299999999999995,2.0,2.0,927.29,16.0,6.0,1,1,6.0,2.5649493574615367,5.92817857453717,0.0,0,0.0
1619,대조,0,3.0,22.0,563.89,82542.0,1.0,1.89,0.0,0.0,0,8.99,4.0,4.0,340.8,13.0,3.0,1,1,3.0,3.1354942159291497,6.336631021926344,0.0033517175335615102,0,0.0
1620,대조,0,2.0,43.0,1157.88,58340.0,10.0,24.400000000000002,0.0,0.0,0,0.0,0.0,0.0,1136.15,35.0,2.0,0,1,2.0,3.784189633918261,7.055209300447016,0.021072995474487856,0,0.0
1621,대조,0,13.0,4.0,368.37,137.0,0.0,0.0,0.0,0.0,0,0.0,0.0,0.0,309.66,6.0,13.0,0,1,13.0,1.6094379124341003,5.911798851689727,0.0,0,0.0
1624,대조,0,16.0,4.0,29.41,12.0,0.0,0.0,0.0,0.0,0,0.0,0.0,0.0,12.65,3.0,16.0,0,1,16.0,1.6094379124341003,3.4147715016892732,0.0,0,0.0
1627,대조,0,4.0,7.0,98.24,62.0,0.0,0.0,0.0,0.0,1,0.0,0.0,0.0,31.87,3.0,4.0,0,1,4.0,2.0794415416798357,4.5975411588236,0.0,0,0.0
1630,대조,0,1.0,30.0,1632.81,412.0,1.0,3.09,0.0,0.0,0,0.0,0.0,0.0,872.72,20.0,1.0,0,1,1.0,3.4339872044851463,7.398669989589245,0.0018924430889080788,0,0.0
1631,대조,0,2.0,46.0,1483.78,1035.0,6.0,9.87,0.0,0.0,1,3.67,2.0,2.0,1342.14,43.0,2.0,1,1,2.0,3.8501476017100584,7.303021892113631,0.006651929531332138,0,0.0
1632,대조,0,7.0,9.0,303.11,5390.0,0.0,0.0,0.0,0.0,0,0.0,0.0,0.0,333.66,11.0,7.0,0,1,7.0,2.302585092994046,5.717389478062418,0.0,0,0.0
1639,대조,0,5.0,11.0,207.39000000000001,108.0,0.0,0.0,0.0,0.0,0,1.85,1.0,1.0,608.8100000000001,29.0,5.0,1,1,5.0,2.4849066497880004,5.339411324082999,0.0,0,0.0
1640,대조,0,14.0,20.0,706.45,23140.0,5.0,25.94,0.0,0.0,0,19.26,4.0,3.0,709.3100000000001,23.0,14.0,1,1,14.0,3.044522437723423,6.561666955641962,0.036718805294076014,0,0.0
1646,대조,0,12.0,12.0,258.64,69.0,0.0,0.0,0.0,0.0,0,0.0,0.0,0.0,168.41,10.0,12.0,0,1,12.0,2.5649493574615367,5.559296056165268,0.0,0,0.0
1648,대조,0,36.0,2.0,87.99,44.0,0.0,0.0,0.0,0.0,1,0.0,0.0,0.0,245.74,4.0,36.0,0,1,36.0,1.0986122886681098,4.488524003868771,0.0,0,0.0
1651,대조,0,14.0,3.0,72.67,26.0,0.0,0.0,0.0,0.0,0,0.0,0.0,0.0,117.67,4.0,14.0,0,1,14.0,1.3862943611198906,4.299595660694722,0.0,0,0.0
1653,대조,0,4.0,64.0,2751.82,90583.0,7.0,19.77,0.0,0.0,1,5.1899999999999995,3.0,2.0,1879.1000000000001,50.0,4.0,1,1,4.0,4.174387269895637,7.920381119786724,0.007184336184779527,0,0.0
1659,대조,0,2.0,4.0,114.31,61.0,0.0,0.0,0.0,0.0,0,0.0,0.0,0.0,197.53,14.0,2.0,0,1,2.0,1.6094379124341003,4.747624153783025,0.0,0,0.0
1660,대조,0,3.0,9.0,636.82,11670.0,6.0,19.0,0.0,0.0,0,7.220000000000001,4.0,3.0,388.18,7.0,3.0,1,1,3.0,2.302585092994046,6.458056111876723,0.029835746364749848,0,0.0
1663,대조,0,23.0,12.0,80.19,16148.0,0.0,0.0,0.0,0.0,0,0.0,0.0,0.0,114.52,12.0,23.0,0,1,23.0,2.5649493574615367,4.396792086874355,0.0,0,0.0
1666,대조,0,3.0,18.0,273.03999999999996,79.0,2.0,3.78,0.0,0.0,0,0.0,0.0,0.0,150.41,8.0,3.0,0,1,3.0,2.9444389791664403,5.613274081134699,0.013844125402871376,0,0.0
1667,대조,0,27.0,3.0,30.77,22.0,0.0,0.0,0.0,0.0,0,0.0,0.0,0.0,213.08,8.0,27.0,0,1,27.0,1.3862943611198906,3.4585224482814247,0.0,0,0.0
1668,대조,0,23.0,13.0,313.43,35037.0,0.0,0.0,0.0,0.0,0,0.0,0.0,0.0,440.47,19.0,23.0,0,1,23.0,2.6390573296152584,5.7507614758501955,0.0,0,0.0
1672,대조,0,7.0,7.0,147.33,133.0,0.0,0.0,0.0,0.0,0,2.99,1.0,1.0,384.31,15.0,7.0,1,1,7.0,2.0794415416798357,4.999439521335521,0.0,0,0.0
1673,대조,0,4.0,26.0,1053.0,78320.0,1.0,1.58,0.0,0.0,0,4.99,1.0,1.0,514.59,13.0,4.0,1,1,4.0,3.295836866004329,6.960347729101308,0.0015004748338081672,0,0.0
1678,대조,0,1.0,20.0,929.49,326.0,5.0,10.75,0.0,0.0,1,2.79,1.0,1.0,737.78,18.0,1.0,1,1,1.0,3.044522437723423,6.835711329114294,0.011565482146123143,0,0.0
1681,대조,0,76.0,7.0,86.51,12380.0,0.0,0.0,0.0,0.0,0,0.0,0.0,0.0,134.14,4.0,76.0,0,1,76.0,2.0794415416798357,4.47175307254774,0.0,0,0.0
1685,대조,0,1.0,20.0,263.71,155.0,0.0,0.0,0.0,0.0,0,0.0,0.0,0.0,97.0,10.0,1.0,0,1,1.0,3.044522437723423,5.578634887136764,0.0,0,0.0
1686,대조,0,15.0,10.0,233.99,128.0,0.0,0.0,0.0,0.0,1,0.0,0.0,0.0,118.55,9.0,15.0,0,1,15.0,2.3978952727983707,5.459542960047257,0.0,0,0.0
1687,대조,0,5.0,21.0,582.02,236.0,0.0,0.0,0.0,0.0,0,0.0,0.0,0.0,473.59,10.0,5.0,0,1,5.0,3.091042453358316,6.368221491079402,0.0,0,0.0
1689,대조,0,8.0,19.0,271.66,16681.0,0.0,0.0,0.0,0.0,1,0.0,0.0,0.0,160.71,12.0,8.0,0,1,8.0,2.995732273553991,5.608225597757984,0.0,0,0.0
1692,대조,0,4.0,20.0,324.28,6799.0,1.0,4.69,0.0,0.0,1,0.0,0.0,0.0,74.76,10.0,4.0,0,1,4.0,3.044522437723423,5.784686349880037,0.014462809917355374,0,0.0
1694,대조,0,1.0,37.0,1120.8,626.0,4.0,8.12,0.0,0.0,1,0.0,0.0,0.0,851.14,28.0,1.0,0,1,1.0,3.6375861597263857,7.0226898170742365,0.007244825124910778,0,0.0
1695,대조,0,4.0,42.0,367.06,32513.0,0.0,0.0,0.0,0.0,1,0.0,0.0,0.0,50.370000000000005,7.0,4.0,0,1,4.0,3.7612001156935624,5.908245968357049,0.0,0,0.0
1696,대조,0,4.0,11.0,552.23,206.0,0.0,0.0,0.0,0.0,1,0.0,0.0,0.0,440.79,8.0,4.0,0,1,4.0,2.4849066497880004,6.3157738282551374,0.0,0,0.0
1703,대조,0,20.0,15.0,364.03,225.0,0.0,0.0,0.0,0.0,0,0.0,0.0,0.0,39.1,5.0,20.0,0,1,20.0,2.772588722239781,5.899979541985754,0.0,0,0.0
1705,대조,0,2.0,25.0,325.3,200.0,5.0,7.21,0.0,0.0,0,0.0,0.0,0.0,164.16,17.0,2.0,0,1,2.0,3.258096538021482,5.787817203599275,0.022164156163541344,0,0.0
1708,대조,0,1.0,13.0,638.67,322.0,1.0,1.39,0.0,0.0,1,0.0,0.0,0.0,487.03000000000003,7.0,1.0,0,1,1.0,2.6390573296152584,6.4609524183734335,0.002176397826733681,0,0.0
1709,대조,0,2.0,4.0,89.42,36.0,0.0,0.0,0.0,0.0,1,0.0,0.0,0.0,199.68,6.0,2.0,0,1,2.0,1.6094379124341003,4.504465481866459,0.0,0,0.0
1716,대조,0,80.0,8.0,78.02,40.0,1.0,3.58,0.0,0.0,0,1.34,1.0,1.0,180.91,10.0,80.0,1,1,80.0,2.1972245773362196,4.369700984983244,0.045885670340938225,0,0.0
1717,대조,0,12.0,6.0,75.56,36.0,0.0,0.0,0.0,0.0,0,0.0,0.0,0.0,207.19,8.0,12.0,0,1,12.0,1.9459101490553132,4.338074747144699,0.0,0,0.0
1720,대조,0,2.0,17.0,501.45,205.0,3.0,6.5,0.0,0.0,1,3.7,2.0,1.0,537.5,14.0,2.0,1,1,2.0,2.8903717578961645,6.219496132494967,0.012962409013859807,0,0.0
1723,대조,0,1.0,18.0,619.41,19391.0,0.0,0.0,0.0,0.0,0,0.0,0.0,0.0,377.34,4.0,1.0,0,1,1.0,2.9444389791664403,6.43038054980562,0.0,0,0.0
1731,대조,0,5.0,15.0,644.47,18747.0,1.0,1.68,0.0,0.0,0,5.0,3.0,1.0,432.08,4.0,5.0,1,1,5.0,2.772588722239781,6.469978733606363,0.002606793178891182,0,0.0
1732,대조,0,8.0,18.0,699.0,317.0,3.0,7.25,0.0,0.0,0,2.29,1.0,1.0,361.49,10.0,8.0,1,1,8.0,2.9444389791664403,6.551080335043404,0.010371959942775394,0,0.0
1735,대조,0,8.0,12.0,547.9,29946.0,1.0,2.69,0.0,0.0,0,0.0,0.0,0.0,183.0,2.0,8.0,0,1,8.0,2.5649493574615367,6.3079162755558436,0.00490965504654134,0,0.0
1740,대조,0,,0.0,0.0,0.0,0.0,0.0,0.0,0.0,1,0.0,0.0,0.0,695.1,21.0,90.0,0,1,90.0,0.0,0.0,0.0,0,0.0
1742,대조,0,2.0,30.0,190.73,91.0,1.0,1.68,0.0,0.0,0,0.0,0.0,0.0,248.89000000000001,37.0,2.0,0,1,2.0,3.4339872044851463,5.2560881323303,0.008808262989566404,0,0.0
1744,대조,0,11.0,4.0,119.75,103.0,0.0,0.0,0.0,0.0,0,0.0,0.0,0.0,78.67,3.0,11.0,0,1,11.0,1.6094379124341003,4.793722292532682,0.0,0,0.0
1746,대조,0,3.0,6.0,434.15,186.0,1.0,1.58,0.0,0.0,0,0.0,0.0,0.0,149.05,4.0,3.0,0,1,3.0,1.9459101490553132,6.075690799235523,0.003639295174478867,0,0.0
1749,대조,0,1.0,18.0,528.41,61049.0,0.0,0.0,0.0,0.0,1,0.0,0.0,0.0,460.09000000000003,8.0,1.0,0,1,1.0,2.9444389791664403,6.271763178923251,0.0,0,0.0
1751,대조,0,6.0,4.0,73.29,38.0,0.0,0.0,0.0,0.0,1,1.89,1.0,1.0,132.77,3.0,6.0,1,1,6.0,1.6094379124341003,4.307976353163715,0.0,0,0.0
1752,대조,0,6.0,21.0,496.46,260.0,0.0,0.0,0.0,0.0,0,2.5,1.0,1.0,466.33,20.0,6.0,1,1,6.0,3.091042453358316,6.209515151356182,0.0,0,0.0
1753,대조,0,1.0,52.0,484.04,74152.0,2.0,1.76,0.0,0.0,1,0.0,0.0,0.0,351.0,55.0,1.0,0,1,1.0,3.970291913552122,6.184231361763476,0.003636063135278076,0,0.0
1754,대조,0,4.0,30.0,533.39,7191.0,2.0,1.98,0.0,0.0,0,0.0,0.0,0.0,290.17,19.0,4.0,0,1,4.0,3.4339872044851463,6.281125909472503,0.003712105588781192,0,0.0
1758,대조,0,3.0,2.0,15.260000000000002,5.0,0.0,0.0,0.0,0.0,0,0.78,1.0,1.0,49.87,3.0,3.0,1,1,3.0,1.0986122886681098,2.7887081041196646,0.0,0,0.0
1759,대조,0,8.0,5.0,268.58,140.0,1.0,1.85,0.0,0.0,1,7.1899999999999995,4.0,3.0,510.46999999999997,35.0,8.0,1,1,8.0,1.791759469228055,5.596865192310124,0.006888078040062552,0,0.0
1761,대조,0,,0.0,0.0,0.0,0.0,0.0,0.0,0.0,0,0.0,0.0,0.0,114.01,2.0,90.0,0,1,90.0,0.0,0.0,0.0,0,0.0
1762,대조,0,1.0,52.0,1791.89,158997.0,1.0,3.16,0.0,0.0,1,4.92,3.0,3.0,1432.9,41.0,1.0,1,1,1.0,3.970291913552122,7.491584122029912,0.0017635011077688921,0,0.0
1763,대조,0,1.0,6.0,78.11,29.0,0.0,0.0,0.0,0.0,0,0.0,0.0,0.0,232.38,12.0,1.0,0,1,1.0,1.9459101490553132,4.370839289033305,0.0,0,0.0
1764,대조,0,7.0,8.0,262.58,117.0,0.0,0.0,0.0,0.0,1,18.05,7.0,6.0,864.51,8.0,7.0,1,1,7.0,2.1972245773362196,5.574356927215743,0.0,0,0.0
1765,대조,0,21.0,5.0,157.37,70.0,0.0,0.0,0.0,0.0,1,5.98,2.0,1.0,303.1,2.0,21.0,1,1,21.0,1.791759469228055,5.064934067503635,0.0,0,0.0
1767,대조,0,1.0,83.0,1121.66,618.0,7.0,18.14,0.0,0.0,0,18.27,9.0,8.0,1271.92,96.0,1.0,1,1,1.0,4.430816798843313,7.023456148434196,0.016172458677317546,0,0.0
1768,대조,0,6.0,3.0,12.61,8.0,0.0,0.0,0.0,0.0,0,0.0,0.0,0.0,116.54,6.0,6.0,0,1,6.0,1.3862943611198906,2.6108048166633746,0.0,0,0.0
1769,대조,0,2.0,24.0,1291.75,358.0,0.0,0.0,0.0,0.0,0,9.97,5.0,5.0,660.86,18.0,2.0,1,1,2.0,3.2188758248682006,7.164527011276331,0.0,0,0.0
1772,대조,0,6.0,16.0,428.59000000000003,224.0,2.0,5.75,0.0,0.0,0,0.0,0.0,0.0,340.34,9.0,6.0,0,1,6.0,2.833213344056216,6.062831265456319,0.013416085302970204,0,0.0
1774,대조,0,6.0,14.0,467.93,225.0,0.0,0.0,0.0,0.0,0,6.67,2.0,2.0,534.33,9.0,6.0,1,1,6.0,2.70805020110221,6.1504535035754895,0.0,0,0.0
1776,대조,0,2.0,77.0,1167.48,663.0,1.0,1.68,0.0,0.0,0,0.0,0.0,0.0,829.1,64.0,2.0,0,1,2.0,4.356708826689592,7.0634590378718,0.0014389968136499125,0,0.0
1777,대조,0,12.0,12.0,134.13,54.0,0.0,0.0,0.0,0.0,0,1.89,1.0,1.0,205.87,11.0,12.0,1,1,12.0,2.5649493574615367,4.9062372780499945,0.0,0,0.0
1778,대조,0,4.0,32.0,1272.3,133104.0,0.0,0.0,0.0,0.0,1,8.35,4.0,4.0,1071.58,33.0,4.0,1,1,4.0,3.4965075614664802,7.1493672345793895,0.0,0,0.0
1781,대조,0,1.0,10.0,331.24,20946.0,0.0,0.0,0.0,0.0,0,2.99,1.0,1.0,453.38,13.0,1.0,1,1,1.0,2.3978952727983707,5.805857599322498,0.0,0,0.0
1785,대조,0,2.0,8.0,91.88,54.0,0.0,0.0,0.0,0.0,1,0.0,0.0,0.0,105.51,4.0,2.0,0,1,2.0,2.1972245773362196,4.531308337389636,0.0,0,0.0
1788,대조,0,8.0,16.0,1013.5,34814.0,0.0,0.0,0.0,0.0,1,0.0,0.0,0.0,798.19,16.0,8.0,0,1,8.0,2.833213344056216,6.922151159265869,0.0,0,0.0
1791,대조,0,2.0,20.0,288.44,118.0,0.0,0.0,0.0,0.0,1,0.78,1.0,1.0,465.31,19.0,2.0,1,1,2.0,3.044522437723423,5.667948021646985,0.0,0,0.0
1792,대조,0,1.0,42.0,1050.69,571.0,2.0,4.08,0.0,0.0,0,0.0,0.0,0.0,961.98,25.0,1.0,0,1,1.0,3.7612001156935624,6.95815367306583,0.003883162493218742,0,0.0
1793,대조,0,34.0,13.0,201.14000000000001,89.0,0.0,0.0,0.0,0.0,0,0.0,0.0,0.0,144.54,4.0,34.0,0,1,34.0,2.6390573296152584,5.3089605266465165,0.0,0,0.0
1794,대조,0,7.0,11.0,354.44,4125.0,0.0,0.0,0.0,0.0,0,0.0,0.0,0.0,201.0,4.0,7.0,0,1,7.0,2.4849066497880004,5.873356458627653,0.0,0,0.0
1796,대조,0,12.0,7.0,416.21,5816.0,6.0,16.03,0.0,0.0,1,1.67,1.0,1.0,321.43,6.0,12.0,1,1,12.0,2.0794415416798357,6.033589692158629,0.03851421157588718,0,0.0
1797,대조,0,1.0,14.0,653.87,294.0,3.0,5.87,0.0,0.0,1,8.370000000000001,3.0,3.0,620.51,9.0,1.0,1,1,1.0,2.70805020110221,6.484436742654381,0.008977319650695093,0,0.0
1798,대조,0,6.0,4.0,283.64,139.0,3.0,3.8899999999999997,0.0,0.0,0,1.68,1.0,1.0,262.97,5.0,6.0,1,1,6.0,1.6094379124341003,5.651225223917525,0.01371456776195177,0,0.0
1800,대조,0,55.0,4.0,206.11,34152.0,0.0,0.0,0.0,0.0,1,10.48,2.0,2.0,702.3100000000001,19.0,55.0,1,1,55.0,1.6094379124341003,5.33325005308806,0.0,0,0.0
1802,대조,0,4.0,9.0,573.42,223.0,0.0,0.0,0.0,0.0,1,0.0,0.0,0.0,489.76,5.0,4.0,0,1,4.0,2.302585092994046,6.353360836069354,0.0,0,0.0
1804,대조,0,3.0,37.0,1093.8,16104.0,5.0,11.649999999999999,0.0,0.0,1,5.63,3.0,3.0,1063.28,31.0,3.0,1,1,3.0,3.6375861597263857,6.998326977166524,0.010650941671237885,0,0.0
1806,대조,0,3.0,20.0,736.42,406.0,4.0,6.1899999999999995,0.0,0.0,0,0.0,0.0,0.0,272.77,10.0,3.0,0,1,3.0,3.044522437723423,6.603157607753912,0.008405529453301105,0,0.0
1807,대조,0,4.0,29.0,1253.75,557.0,0.0,0.0,0.0,0.0,0,2.29,1.0,1.0,965.66,24.0,4.0,1,1,4.0,3.4011973816621555,7.134691628535043,0.0,0,0.0
1809,대조,0,5.0,5.0,104.61,66.0,0.0,0.0,0.0,0.0,0,5.49,4.0,4.0,192.82,8.0,5.0,1,1,5.0,1.791759469228055,4.659753063758383,0.0,0,0.0
1810,대조,0,3.0,55.0,689.08,197.0,2.0,1.76,0.0,0.0,0,0.0,0.0,0.0,358.26,27.0,3.0,0,1,3.0,4.02535169073515,6.536807532899533,0.0025541301445405466,0,0.0
1812,대조,0,3.0,13.0,161.8,3537.0,2.0,3.1900000000000004,0.0,0.0,1,1.89,1.0,1.0,190.9,11.0,3.0,1,1,3.0,2.6390573296152584,5.09252245356844,0.019715698393077876,0,0.0
1814,대조,0,8.0,5.0,294.34,101.0,0.0,0.0,0.0,0.0,1,3.7,2.0,2.0,1029.64,9.0,8.0,1,1,8.0,1.791759469228055,5.688127235045628,0.0,0,0.0
1815,대조,0,3.0,4.0,115.77,75.0,3.0,3.0,0.0,0.0,1,0.0,0.0,0.0,356.81,5.0,3.0,0,1,3.0,1.6094379124341003,4.760206188087624,0.025913449080072558,0,0.0
1816,대조,0,6.0,24.0,606.8100000000001,47197.0,2.0,2.78,0.0,0.0,1,1.85,1.0,1.0,314.28,10.0,6.0,1,1,6.0,3.2188758248682006,6.409862333127867,0.004581335179051103,0,0.0
1820,대조,0,,0.0,0.0,0.0,0.0,0.0,0.0,0.0,1,0.0,0.0,0.0,402.68,8.0,90.0,0,1,90.0,0.0,0.0,0.0,0,0.0
1821,대조,0,58.0,1.0,17.720000000000002,7.0,0.0,0.0,0.0,0.0,0,3.99,1.0,1.0,310.27,8.0,58.0,1,1,58.0,0.6931471805599453,2.929592471049446,0.0,0,0.0
1822,대조,0,1.0,42.0,877.0600000000001,404.0,0.0,0.0,0.0,0.0,1,1.29,1.0,1.0,520.35,34.0,1.0,1,1,1.0,3.7612001156935624,6.777714928430082,0.0,0,0.0
1823,대조,0,4.0,39.0,1517.47,100934.0,8.0,16.900000000000002,0.0,0.0,1,11.86,4.0,4.0,1401.59,32.0,4.0,1,1,4.0,3.6888794541139363,7.3254585279521525,0.011136958226521778,0,0.0
1824,대조,0,3.0,18.0,316.62,126.0,0.0,0.0,0.0,0.0,0,4.87,2.0,2.0,413.97,22.0,3.0,1,1,3.0,2.9444389791664403,5.760855699682501,0.0,0,0.0
1825,대조,0,25.0,8.0,410.37,40624.0,0.0,0.0,0.0,0.0,0,0.0,0.0,0.0,272.81,3.0,25.0,0,1,25.0,2.1972245773362196,6.0194930528292625,0.0,0,0.0
1826,대조,0,4.0,16.0,399.3,278.0,0.0,0.0,0.0,0.0,0,0.0,0.0,0.0,191.99,7.0,4.0,0,1,4.0,2.833213344056216,5.992214265998528,0.0,0,0.0
1829,대조,0,1.0,52.0,1088.64,49641.0,0.0,0.0,0.0,0.0,1,0.0,0.0,0.0,964.39,39.0,1.0,0,1,1.0,3.970291913552122,6.993602645440956,0.0,0,0.0
1832,대조,0,13.0,12.0,493.43,270.0,0.0,0.0,0.0,0.0,0,0.0,0.0,0.0,25.31,2.0,13.0,0,1,13.0,2.5649493574615367,6.203405583914198,0.0,0,0.0
1833,대조,0,5.0,11.0,462.57,5270.0,3.0,12.25,0.0,0.0,1,0.0,0.0,0.0,317.24,5.0,5.0,0,1,5.0,2.4849066497880004,6.13895739841403,0.02648247832760447,0,0.0
1834,대조,0,4.0,25.0,762.42,332.0,1.0,0.99,0.0,0.0,1,1.56,2.0,2.0,579.21,23.0,4.0,1,1,4.0,3.258096538021482,6.637808338553229,0.0012984968914771387,0,0.0
1836,대조,0,1.0,18.0,669.5,27540.0,1.0,1.29,0.0,0.0,0,3.99,1.0,1.0,392.05,13.0,1.0,1,1,1.0,2.9444389791664403,6.508023702721733,0.0019268110530246453,0,0.0
1837,대조,0,1.0,4.0,412.34000000000003,130.0,0.0,0.0,0.0,0.0,0,0.0,0.0,0.0,244.15,5.0,1.0,0,1,1.0,1.6094379124341003,6.024270498833159,0.0,0,0.0
1839,대조,0,7.0,10.0,227.94,116.0,0.0,0.0,0.0,0.0,0,0.0,0.0,0.0,169.57999999999998,8.0,7.0,0,1,7.0,2.3978952727983707,5.43345996049033,0.0,0,0.0
1840,대조,0,,0.0,0.0,0.0,0.0,0.0,0.0,0.0,0,0.0,0.0,0.0,0.0,0.0,90.0,0,0,90.0,0.0,0.0,0.0,0,0.0
1841,대조,0,5.0,5.0,360.39,162.0,1.0,4.99,0.0,0.0,1,0.0,0.0,0.0,167.37,3.0,5.0,0,1,5.0,1.791759469228055,5.889957707603747,0.013846111157357309,0,0.0
1845,대조,0,2.0,27.0,2664.58,1046.0,10.0,25.380000000000003,0.0,0.0,1,18.14,8.0,8.0,1668.84,17.0,2.0,1,1,2.0,3.332204510175204,7.888176948943175,0.009524953275938422,0,0.0
1847,대조,0,17.0,10.0,247.54000000000002,80.0,0.0,0.0,0.0,0.0,1,1.89,1.0,1.0,267.86,13.0,17.0,1,1,17.0,2.3978952727983707,5.515603798377849,0.0,0,0.0
1848,대조,0,3.0,20.0,1864.65,639.0,0.0,0.0,0.0,0.0,1,7.56,4.0,3.0,1646.29,14.0,3.0,1,1,3.0,3.044522437723423,7.531364796826192,0.0,0,0.0
1849,대조,0,5.0,18.0,396.85,266.0,1.0,2.0,0.0,0.0,0,0.0,0.0,0.0,270.39,11.0,5.0,0,1,5.0,2.9444389791664403,5.986075049823544,0.005039687539372559,0,0.0
1850,대조,0,3.0,29.0,777.22,51666.0,2.0,3.59,0.0,0.0,1,7.98,2.0,2.0,1311.43,30.0,3.0,1,1,3.0,3.4011973816621555,6.65700926055431,0.004619026787782095,0,0.0
1854,대조,0,1.0,45.0,1241.6200000000001,74856.0,1.0,2.29,0.0,0.0,0,0.0,0.0,0.0,492.56,20.0,1.0,0,1,1.0,3.828641396489095,7.124977332784147,0.0018443646204152637,0,0.0
1857,대조,0,8.0,4.0,56.92,10294.0,0.0,0.0,0.0,0.0,0,0.0,0.0,0.0,108.63,10.0,8.0,0,1,8.0,1.6094379124341003,4.059062748077461,0.0,0,0.0
1858,대조,0,15.0,8.0,217.34,103.0,0.0,0.0,0.0,0.0,1,0.0,0.0,0.0,184.7,5.0,15.0,0,1,15.0,2.1972245773362196,5.386053480852124,0.0,0,0.0
1860,대조,0,6.0,20.0,419.79,27264.0,0.0,0.0,0.0,0.0,0,0.0,0.0,0.0,48.809999999999995,6.0,6.0,0,1,6.0,3.044522437723423,6.042133896882571,0.0,0,0.0
1864,대조,0,3.0,33.0,3181.12,61427.0,1.0,2.59,0.0,0.0,1,2.39,1.0,1.0,1852.73,17.0,3.0,1,1,3.0,3.5263605246161616,8.065302920317382,0.0008141786540589478,0,0.0
1869,대조,0,2.0,18.0,460.92,269.0,2.0,2.9299999999999997,0.0,0.0,1,9.18,4.0,4.0,473.90999999999997,11.0,2.0,1,1,2.0,2.9444389791664403,6.135391715914625,0.006356851514362579,0,0.0
1877,대조,0,6.0,7.0,184.55,64.0,0.0,0.0,0.0,0.0,0,2.67,2.0,2.0,200.58,4.0,6.0,1,1,6.0,2.0794415416798357,5.223324387506607,0.0,0,0.0
1879,대조,0,1.0,51.0,734.04,525.0,0.0,0.0,0.0,0.0,1,0.0,0.0,0.0,484.85,29.0,1.0,0,1,1.0,3.9512437185814275,6.599924919500733,0.0,0,0.0
1881,대조,0,1.0,15.0,365.84000000000003,12201.0,1.0,1.68,0.0,0.0,0,1.85,1.0,1.0,150.24,7.0,1.0,1,1,1.0,2.772588722239781,5.904925785690743,0.004592171441067132,0,0.0
1887,대조,0,22.0,3.0,25.810000000000002,12.0,0.0,0.0,0.0,0.0,0,0.0,0.0,0.0,50.21,5.0,22.0,0,1,22.0,1.3862943611198906,3.288774952247868,0.0,0,0.0
1889,대조,0,2.0,13.0,439.02,36508.0,0.0,0.0,0.0,0.0,0,0.0,0.0,0.0,314.84000000000003,6.0,2.0,0,1,2.0,2.6390573296152584,6.086820180424735,0.0,0,0.0
1890,대조,0,62.0,3.0,27.04,11.0,0.0,0.0,0.0,0.0,0,0.0,0.0,0.0,72.92,2.0,62.0,0,1,62.0,1.3862943611198906,3.3336320621663895,0.0,0,0.0
1892,대조,0,1.0,74.0,1356.2,46401.0,2.0,4.78,0.0,0.0,1,5.69,3.0,3.0,665.67,35.0,1.0,1,1,1.0,4.31748811353631,7.213179032910075,0.0035245539006046305,0,0.0
1894,대조,0,2.0,3.0,64.4,12.0,0.0,0.0,0.0,0.0,1,4.63,3.0,3.0,193.89000000000001,4.0,2.0,1,1,2.0,1.3862943611198906,4.180522258463153,0.0,0,0.0
1895,대조,0,15.0,2.0,49.300000000000004,5.0,0.0,0.0,0.0,0.0,0,0.0,0.0,0.0,79.77,7.0,15.0,0,1,15.0,1.0986122886681098,3.918005077105694,0.0,0,0.0
1896,대조,0,14.0,9.0,181.83,5319.0,3.0,9.99,0.0,0.0,1,0.0,0.0,0.0,168.63,8.0,14.0,0,1,14.0,2.302585092994046,5.208556759340413,0.05494142880712753,0,0.0
1900,대조,0,14.0,7.0,1135.09,348.0,3.0,5.78,0.0,0.0,0,14.56,4.0,2.0,811.92,7.0,14.0,1,1,14.0,2.0794415416798357,7.035347821495047,0.00509210723378763,0,0.0
1901,대조,0,1.0,112.0,1473.73,680.0,8.0,17.94,0.0,0.0,1,9.18,3.0,3.0,1628.84,97.0,1.0,1,1,1.0,4.727387818712341,7.296230201170611,0.012173193190068737,0,0.0
1905,대조,0,14.0,5.0,106.77000000000001,52.0,0.0,0.0,0.0,0.0,0,0.0,0.0,0.0,109.94,9.0,14.0,0,1,14.0,1.791759469228055,4.6799993266087405,0.0,0,0.0
1906,대조,0,8.0,22.0,1003.39,32235.0,5.0,9.65,0.0,0.0,0,6.28,2.0,2.0,1045.56,14.0,8.0,1,1,8.0,3.1354942159291497,6.912135671041115,0.00961739702408834,0,0.0
1907,대조,0,2.0,76.0,1450.36,47245.0,13.0,30.39,0.0,0.0,1,6.78,2.0,2.0,1255.19,51.0,2.0,1,1,2.0,4.343805421853684,7.280256326866634,0.020953418461623324,0,0.0
1911,대조,0,1.0,19.0,200.23,32525.0,2.0,7.4799999999999995,0.0,0.0,1,0.0,0.0,0.0,140.9,15.0,1.0,0,1,1.0,2.995732273553991,5.304448532478276,0.037357039404684614,0,0.0
1912,대조,0,1.0,19.0,397.86,284.0,2.0,3.16,0.0,0.0,0,3.57,2.0,2.0,357.36,20.0,1.0,1,1,1.0,2.995732273553991,5.988610478125076,0.00794249233398683,0,0.0
1918,대조,0,1.0,23.0,973.98,36687.0,7.0,11.05,0.0,0.0,0,4.17,3.0,3.0,462.63,7.0,1.0,1,1,1.0,3.1780538303479458,6.882416957966943,0.01134520216020863,0,0.0
1919,대조,0,10.0,16.0,436.62,17393.0,0.0,0.0,0.0,0.0,1,0.0,0.0,0.0,514.57,14.0,10.0,0,1,10.0,2.833213344056216,6.081350953902505,0.0,0,0.0
1921,대조,0,21.0,21.0,321.87,13470.0,0.0,0.0,0.0,0.0,1,0.0,0.0,0.0,121.84,12.0,21.0,0,1,21.0,3.091042453358316,5.777249765426953,0.0,0,0.0
1922,대조,0,4.0,7.0,181.18,17292.0,0.0,0.0,0.0,0.0,0,3.99,1.0,1.0,325.02,18.0,4.0,1,1,4.0,2.0794415416798357,5.204995209316664,0.0,0,0.0
1924,대조,0,1.0,30.0,482.57,25357.0,0.0,0.0,0.0,0.0,0,0.0,0.0,0.0,698.15,23.0,1.0,0,1,1.0,3.4339872044851463,6.18119608207695,0.0,0,0.0
1925,대조,0,6.0,23.0,1015.64,16652.0,1.0,2.99,0.0,0.0,0,0.0,0.0,0.0,38.6,6.0,6.0,0,1,6.0,3.1780538303479458,6.924258351081152,0.0029439565200267814,0,0.0
1927,대조,0,5.0,10.0,446.69,203.0,1.0,3.99,0.0,0.0,1,11.39,7.0,6.0,969.55,11.0,5.0,1,1,5.0,2.3978952727983707,6.1041010286114865,0.00893236920459379,0,0.0
1930,대조,0,1.0,55.0,469.6,187.0,0.0,0.0,0.0,0.0,0,2.69,1.0,1.0,326.31,17.0,1.0,1,1,1.0,4.02535169073515,6.154008476293262,0.0,0,0.0
1931,대조,0,4.0,17.0,341.75,163.0,0.0,0.0,0.0,0.0,1,5.0,2.0,2.0,98.4,6.0,4.0,1,1,4.0,2.8903717578961645,5.837001318442423,0.0,0,0.0
1932,대조,0,32.0,2.0,22.44,7895.0,0.0,0.0,0.0,0.0,0,0.0,0.0,0.0,18.02,2.0,32.0,0,1,32.0,1.0986122886681098,3.154443964708812,0.0,0,0.0
1933,대조,0,16.0,11.0,337.44,18517.0,1.0,1.59,0.0,0.0,0,0.0,0.0,0.0,56.01,3.0,16.0,0,1,16.0,2.4849066497880004,5.8243468240563,0.00471194879089616,0,0.0
1935,대조,0,3.0,23.0,1384.1100000000001,99352.0,0.0,0.0,0.0,0.0,1,0.0,0.0,0.0,1313.59,16.0,3.0,0,1,3.0,3.1780538303479458,7.23353483785032,0.0,0,0.0
1941,대조,0,8.0,23.0,146.34,6911.0,0.0,0.0,0.0,0.0,0,0.0,0.0,0.0,38.94,7.0,8.0,0,1,8.0,3.1780538303479458,4.9927428412546675,0.0,0,0.0
1942,대조,0,4.0,23.0,392.63,123.0,3.0,4.7700000000000005,0.0,0.0,0,1.89,1.0,1.0,159.03,14.0,4.0,1,1,4.0,3.1780538303479458,5.975411381785734,0.012148842421618318,0,0.0
1946,대조,0,9.0,3.0,40.269999999999996,9490.0,0.0,0.0,0.0,0.0,1,1.85,1.0,1.0,130.78,4.0,9.0,1,1,9.0,1.3862943611198906,3.7201358437644902,0.0,0,0.0
1947,대조,0,6.0,6.0,419.26,155.0,1.0,2.59,0.0,0.0,0,2.59,1.0,1.0,863.44,8.0,6.0,1,1,6.0,1.9459101490553132,6.040873567365525,0.006177550923054906,0,0.0
1948,대조,0,14.0,1.0,26.06,18.0,0.0,0.0,0.0,0.0,1,0.0,0.0,0.0,74.03,4.0,14.0,0,1,14.0,0.6931471805599453,3.2980566227426418,0.0,0,0.0
1949,대조,0,,0.0,0.0,0.0,0.0,0.0,0.0,0.0,1,0.0,0.0,0.0,0.0,0.0,90.0,0,0,90.0,0.0,0.0,0.0,0,0.0
1950,대조,0,,0.0,0.0,0.0,0.0,0.0,0.0,0.0,0,0.0,0.0,0.0,37.57,2.0,90.0,0,1,90.0,0.0,0.0,0.0,0,0.0
1953,대조,0,5.0,16.0,158.19,78.0,0.0,0.0,0.0,0.0,1,0.0,0.0,0.0,330.01,11.0,5.0,0,1,5.0,2.833213344056216,5.0700984573670445,0.0,0,0.0
1954,대조,0,7.0,17.0,274.29,154.0,0.0,0.0,0.0,0.0,0,0.0,0.0,0.0,183.75,13.0,7.0,0,1,7.0,2.8903717578961645,5.617825087478658,0.0,0,0.0
1962,대조,0,6.0,19.0,502.51,204.0,0.0,0.0,0.0,0.0,1,0.0,0.0,0.0,128.44,7.0,6.0,0,1,6.0,2.995732273553991,6.221603572934578,0.0,0,0.0
1964,대조,0,3.0,10.0,232.57,140.0,0.0,0.0,0.0,0.0,1,3.36,2.0,1.0,229.03,8.0,3.0,1,1,3.0,2.3978952727983707,5.453481818049386,0.0,0,0.0
1965,대조,0,1.0,25.0,658.08,95621.0,0.0,0.0,0.0,0.0,1,1.05,1.0,1.0,558.78,21.0,1.0,1,1,1.0,3.258096538021482,6.490844923189231,0.0,0,0.0
1966,대조,0,1.0,13.0,657.36,367.0,2.0,3.5599999999999996,0.0,0.0,0,0.0,0.0,0.0,543.2,11.0,1.0,0,1,1.0,2.6390573296152584,6.489751894175868,0.005415601801143969,0,0.0
1968,대조,0,10.0,7.0,206.14,139.0,5.0,9.55,0.0,0.0,0,5.56,4.0,2.0,310.05,9.0,10.0,1,1,10.0,2.0794415416798357,5.333394893160733,0.046327738430193076,0,0.0
1969,대조,0,2.0,28.0,260.2,157.0,0.0,0.0,0.0,0.0,0,0.0,0.0,0.0,160.67,20.0,2.0,0,1,2.0,3.367295829986474,5.565286397402276,0.0,0,0.0
1970,대조,0,3.0,5.0,21.61,9.0,0.0,0.0,0.0,0.0,0,0.0,0.0,0.0,13.61,1.0,3.0,0,1,3.0,1.791759469228055,3.1183922862898785,0.0,0,0.0
1972,대조,0,1.0,25.0,429.36,4900.0,0.0,0.0,0.0,0.0,0,3.34,2.0,2.0,573.77,21.0,1.0,1,1,1.0,3.258096538021482,6.0646220677257086,0.0,0,0.0
1976,대조,0,1.0,28.0,818.33,379.0,5.0,7.029999999999999,0.0,0.0,1,6.73,3.0,3.0,260.69,17.0,1.0,1,1,1.0,3.367295829986474,6.708486933101344,0.008590666357093104,0,0.0
1978,대조,0,1.0,16.0,191.78,4078.0,0.0,0.0,0.0,0.0,0,0.0,0.0,0.0,343.88,16.0,1.0,0,1,1.0,2.833213344056216,5.261549642355822,0.0,0,0.0
1980,대조,0,1.0,7.0,528.46,18269.0,1.0,2.99,0.0,0.0,1,7.57,3.0,3.0,506.21,5.0,1.0,1,1,1.0,2.0794415416798357,6.271857619222886,0.005657949513681262,0,0.0
1981,대조,0,8.0,14.0,194.56,118.0,0.0,0.0,0.0,0.0,0,0.0,0.0,0.0,104.29,12.0,8.0,0,1,8.0,2.70805020110221,5.275867237710445,0.0,0,0.0
1982,대조,0,1.0,30.0,862.87,77117.0,4.0,7.52,0.0,0.0,1,0.0,0.0,0.0,350.93,18.0,1.0,0,1,1.0,3.4339872044851463,6.761422294520406,0.008715101927289162,0,0.0
1985,대조,0,1.0,22.0,836.94,353.0,0.0,0.0,0.0,0.0,1,11.98,5.0,5.0,830.45,13.0,1.0,1,1,1.0,3.1354942159291497,6.730946498873403,0.0,0,0.0
1987,대조,0,4.0,11.0,148.26,105.0,1.0,2.19,0.0,0.0,0,0.0,0.0,0.0,72.56,3.0,4.0,0,1,4.0,2.4849066497880004,5.005689751703241,0.014771347632537435,0,0.0
1988,대조,0,4.0,23.0,409.3,27547.0,0.0,0.0,0.0,0.0,0,2.78,2.0,1.0,1076.8,14.0,4.0,1,1,4.0,3.1780538303479458,6.016888599448141,0.0,0,0.0
1989,대조,0,2.0,18.0,422.0,8683.0,2.0,3.78,0.0,0.0,1,3.78,2.0,2.0,347.02,21.0,2.0,1,1,2.0,2.9444389791664403,6.0473721790462776,0.00895734597156398,0,0.0
1990,대조,0,5.0,22.0,734.16,69435.0,1.0,7.48,0.0,0.0,1,7.98,2.0,1.0,316.78,12.0,5.0,1,1,5.0,3.1354942159291497,6.600088162597273,0.010188514765173805,0,0.0
1993,대조,0,8.0,7.0,105.82,61.0,2.0,1.76,0.0,0.0,0,2.69,1.0,1.0,108.77,7.0,8.0,1,1,8.0,2.0794415416798357,4.671145174911624,0.016632016632016633,0,0.0
1996,대조,0,4.0,19.0,439.55,132.0,1.0,1.68,0.0,0.0,0,0.0,0.0,0.0,188.89000000000001,6.0,4.0,0,1,4.0,2.995732273553991,6.088023946312739,0.003822090774655898,0,0.0
1997,대조,0,6.0,7.0,570.8100000000001,190.0,4.0,4.0,0.0,0.0,1,0.0,0.0,0.0,348.21,7.0,6.0,0,1,6.0,2.0794415416798357,6.348806768367676,0.007007585711532733,0,0.0
2002,대조,0,2.0,10.0,250.75,15639.0,2.0,1.98,0.0,0.0,1,0.0,0.0,0.0,176.89,7.0,2.0,0,1,2.0,2.3978952727983707,5.528436531598672,0.007896311066799602,0,0.0
2004,대조,0,1.0,34.0,1241.96,561.0,0.0,0.0,0.0,0.0,1,7.92,3.0,3.0,930.53,25.0,1.0,1,1,1.0,3.5553480614894135,7.125250910783746,0.0,0,0.0
2007,대조,0,6.0,15.0,791.01,49865.0,2.0,6.98,0.0,0.0,1,0.0,0.0,0.0,831.74,11.0,6.0,0,1,6.0,2.772588722239781,6.674574017997341,0.008824161515025096,0,0.0
2008,대조,0,21.0,5.0,53.480000000000004,19.0,0.0,0.0,0.0,0.0,0,3.53,2.0,2.0,426.04,4.0,21.0,1,1,21.0,1.791759469228055,3.997833661841257,0.0,0,0.0
2011,대조,0,2.0,15.0,129.02,55.0,0.0,0.0,0.0,0.0,1,0.0,0.0,0.0,183.83,18.0,2.0,0,1,2.0,2.772588722239781,4.867688284776323,0.0,0,0.0
2012,대조,0,4.0,38.0,1154.44,31582.0,2.0,10.33,0.0,0.0,1,0.0,0.0,0.0,558.08,17.0,4.0,0,1,4.0,3.6635616461296463,7.052236502792911,0.008948061397733966,0,0.0
2013,대조,0,1.0,23.0,444.85,249.0,3.0,5.38,0.0,0.0,1,0.0,0.0,0.0,164.39000000000001,7.0,1.0,0,1,1.0,3.1780538303479458,6.099982572580888,0.012093964257614926,0,0.0
2014,대조,0,6.0,16.0,265.03000000000003,156.0,2.0,2.78,0.0,0.0,0,4.0,2.0,1.0,321.12,8.0,6.0,1,1,6.0,2.833213344056216,5.58360908437718,0.01048937856091763,0,0.0
2015,대조,0,12.0,15.0,717.38,232.0,4.0,11.510000000000002,0.0,0.0,0,17.13,7.0,7.0,627.73,11.0,12.0,1,1,12.0,2.772588722239781,6.576998676956808,0.016044495246591767,0,0.0
2017,대조,0,14.0,16.0,578.33,40437.0,2.0,3.26,0.0,0.0,1,1.67,1.0,1.0,428.76,10.0,14.0,1,1,14.0,2.833213344056216,6.361872263400744,0.005636920097522175,0,0.0
2018,대조,0,6.0,3.0,48.940000000000005,15.0,0.0,0.0,0.0,0.0,1,0.0,0.0,0.0,270.61,5.0,6.0,0,1,6.0,1.3862943611198906,3.910822284851627,0.0,0,0.0
2019,대조,0,64.0,6.0,78.53999999999999,47.0,0.0,0.0,0.0,0.0,0,10.620000000000001,7.0,5.0,928.32,50.0,64.0,1,1,64.0,1.9459101490553132,4.376260039779544,0.0,0,0.0
2020,대조,0,1.0,31.0,829.73,394.0,2.0,10.99,0.0,0.0,1,1.98,2.0,2.0,1230.06,34.0,1.0,1,1,1.0,3.4657359027997265,6.722304832313548,0.013245272558543141,0,0.0
2021,대조,0,6.0,11.0,157.48,71.0,0.0,0.0,0.0,0.0,0,0.0,0.0,0.0,213.27,11.0,6.0,0,1,6.0,2.4849066497880004,5.0656284023902955,0.0,0,0.0
2024,대조,0,5.0,20.0,632.73,7571.0,4.0,13.31,0.0,0.0,1,8.09,4.0,3.0,632.9,11.0,5.0,1,1,5.0,3.044522437723423,6.451622996222018,0.02103582886855373,0,0.0
2027,대조,0,14.0,10.0,150.31,76.0,0.0,0.0,0.0,0.0,0,4.0,2.0,1.0,254.38,17.0,14.0,1,1,14.0,2.3978952727983707,5.019330712463479,0.0,0,0.0
2029,대조,0,29.0,3.0,27.3,18.0,1.0,2.78,0.0,0.0,0,0.0,0.0,0.0,133.27,4.0,29.0,0,1,29.0,1.3862943611198906,3.342861804649192,0.10183150183150182,0,0.0
2032,대조,0,1.0,8.0,57.22,20.0,0.0,0.0,0.0,0.0,0,0.0,0.0,0.0,587.02,12.0,1.0,0,1,1.0,2.1972245773362196,4.064228938317477,0.0,0,0.0
2033,대조,0,15.0,5.0,121.75,45.0,0.0,0.0,0.0,0.0,0,0.0,0.0,0.0,123.59,5.0,15.0,0,1,15.0,1.791759469228055,4.81014976667463,0.0,0,0.0
2034,대조,0,6.0,10.0,98.53,21004.0,0.0,0.0,0.0,0.0,0,4.49,1.0,1.0,418.53000000000003,13.0,6.0,1,1,6.0,2.3978952727983707,4.600459106257972,0.0,0,0.0
2035,대조,0,5.0,14.0,276.83,138.0,0.0,0.0,0.0,0.0,0,0.0,0.0,0.0,250.02,18.0,5.0,0,1,5.0,2.70805020110221,5.627009415850288,0.0,0,0.0
2036,대조,0,23.0,5.0,328.5,148.0,1.0,1.29,0.0,0.0,0,0.0,0.0,0.0,367.3,4.0,23.0,0,1,23.0,1.791759469228055,5.797576353942562,0.003926940639269407,0,0.0
2041,대조,0,23.0,12.0,438.44,151.0,0.0,0.0,0.0,0.0,1,0.0,0.0,0.0,272.75,6.0,23.0,0,1,23.0,2.5649493574615367,6.085501189034365,0.0,0,0.0
2042,대조,0,8.0,4.0,925.92,377.0,2.0,4.35,0.0,0.0,0,2.5,1.0,1.0,393.32,4.0,8.0,1,1,8.0,1.6094379124341003,6.83186726194968,0.004698030067392431,0,0.0
2043,대조,0,2.0,9.0,271.15,169.0,0.0,0.0,0.0,0.0,0,5.0,2.0,2.0,90.58,4.0,2.0,1,1,2.0,2.302585092994046,5.606353384880209,0.0,0,0.0
2046,대조,0,5.0,12.0,231.35999999999999,16208.0,0.0,0.0,0.0,0.0,0,0.0,0.0,0.0,61.69,3.0,5.0,0,1,5.0,2.5649493574615367,5.4482878931243315,0.0,0,0.0
2047,대조,0,22.0,9.0,771.1,18047.0,11.0,14.0,0.0,0.0,0,0.0,0.0,0.0,652.28,20.0,22.0,0,1,22.0,2.302585092994046,6.64911407531477,0.01815588120866295,0,0.0
2053,대조,0,1.0,23.0,346.98,10135.0,1.0,1.85,0.0,0.0,1,0.0,0.0,0.0,378.34,14.0,1.0,0,1,1.0,3.1780538303479458,5.85214500685857,0.005331719407458643,0,0.0
2055,대조,0,48.0,1.0,37.18,10.0,0.0,0.0,0.0,0.0,0,0.0,0.0,0.0,21.67,2.0,48.0,0,1,48.0,0.6931471805599453,3.6423118182976015,0.0,0,0.0
2056,대조,0,5.0,13.0,260.08,81.0,0.0,0.0,0.0,0.0,0,3.49,1.0,1.0,196.79,13.0,5.0,1,1,5.0,2.6390573296152584,5.564826873767017,0.0,0,0.0
2057,대조,0,8.0,17.0,470.67,37743.0,0.0,0.0,0.0,0.0,1,0.0,0.0,0.0,366.63,12.0,8.0,0,1,8.0,2.8903717578961645,6.156279588522065,0.0,0,0.0
2059,대조,0,3.0,4.0,157.79,74.0,1.0,0.99,0.0,0.0,0,3.7,2.0,1.0,262.72,9.0,3.0,1,1,3.0,1.6094379124341003,5.067582574538005,0.006274161860700932,0,0.0
2064,대조,0,11.0,19.0,267.11,9358.0,0.0,0.0,0.0,0.0,1,0.0,0.0,0.0,292.93,12.0,11.0,0,1,11.0,2.995732273553991,5.59139734406141,0.0,0,0.0
2065,대조,0,4.0,4.0,98.23,51.0,0.0,0.0,0.0,0.0,0,3.36,2.0,2.0,203.64000000000001,4.0,4.0,1,1,4.0,1.6094379124341003,4.5974403879261505,0.0,0,0.0
2066,대조,0,6.0,19.0,465.93,195.0,0.0,0.0,0.0,0.0,0,3.7,2.0,1.0,394.54,14.0,6.0,1,1,6.0,2.995732273553991,6.14617935350021,0.0,0,0.0
2068,대조,0,3.0,13.0,373.95,27194.0,1.0,0.99,0.0,0.0,1,0.0,0.0,0.0,147.99,7.0,3.0,0,1,3.0,2.6390573296152584,5.926792683747398,0.002647412755716005,0,0.0
2070,대조,0,2.0,50.0,270.05,17636.0,0.0,0.0,0.0,0.0,1,1.79,1.0,1.0,204.0,48.0,2.0,1,1,2.0,3.9318256327243257,5.602303305706347,0.0,0,0.0
2071,대조,0,6.0,12.0,119.77,58.0,1.0,8.99,0.0,0.0,0,0.0,0.0,0.0,147.98,9.0,6.0,0,1,6.0,2.5649493574615367,4.793887910287284,0.07506053268765134,0,0.0
2074,대조,0,6.0,4.0,145.21,82.0,0.0,0.0,0.0,0.0,0,0.78,1.0,1.0,220.92000000000002,7.0,6.0,1,1,6.0,1.6094379124341003,4.985043944429346,0.0,0,0.0
2075,대조,0,58.0,1.0,9.379999999999999,6.0,0.0,0.0,0.0,0.0,0,4.46,1.0,1.0,79.51,3.0,58.0,1,1,58.0,0.6931471805599453,2.3398808777377424,0.0,0,0.0
2079,대조,0,1.0,19.0,848.37,8184.0,0.0,0.0,0.0,0.0,0,2.78,2.0,1.0,488.77,17.0,1.0,1,1,1.0,2.995732273553991,6.744494898206698,0.0,0,0.0
2080,대조,0,16.0,61.0,1474.58,44905.0,0.0,0.0,0.0,0.0,0,0.0,0.0,0.0,766.11,7.0,16.0,0,1,16.0,4.127134385045092,7.296806411822047,0.0,0,0.0
2081,대조,0,7.0,8.0,160.89000000000001,116.0,0.0,0.0,0.0,0.0,0,3.5,1.0,1.0,202.73,5.0,7.0,1,1,7.0,2.1972245773362196,5.086917092253414,0.0,0,0.0
2082,대조,0,5.0,27.0,733.89,69225.0,0.0,0.0,0.0,0.0,1,0.0,0.0,0.0,735.89,24.0,5.0,0,1,5.0,3.332204510175204,6.599720828148736,0.0,0,0.0
2083,대조,0,4.0,64.0,1298.95,87371.0,3.0,7.92,0.0,0.0,0,1.89,1.0,1.0,789.36,36.0,4.0,1,1,4.0,4.174387269895637,7.170081081171503,0.00609723237999923,0,0.0
2084,대조,0,8.0,19.0,312.17,73.0,0.0,0.0,0.0,0.0,1,0.0,0.0,0.0,210.99,15.0,8.0,0,1,8.0,2.995732273553991,5.746746174088317,0.0,0,0.0
2085,대조,0,1.0,32.0,1020.5,20240.0,1.0,2.99,0.0,0.0,1,20.23,9.0,7.0,1349.1100000000001,39.0,1.0,1,1,1.0,3.4965075614664802,6.929027414257677,0.002929936305732484,0,0.0
2086,대조,0,2.0,81.0,650.73,283.0,0.0,0.0,0.0,0.0,1,3.99,1.0,1.0,551.88,38.0,2.0,1,1,2.0,4.406719247264253,6.479630365729802,0.0,0,0.0
2087,대조,0,4.0,35.0,1060.51,84976.0,0.0,0.0,0.0,0.0,1,0.0,0.0,0.0,808.7,18.0,4.0,0,1,4.0,3.58351893845611,6.967447701730119,0.0,0,0.0
2092,대조,0,4.0,31.0,657.15,56659.0,0.0,0.0,0.0,0.0,1,0.0,0.0,0.0,689.16,30.0,4.0,0,1,4.0,3.4657359027997265,6.4894328688714165,0.0,0,0.0
2094,대조,0,7.0,12.0,388.16,191.0,0.0,0.0,0.0,0.0,1,0.0,0.0,0.0,111.25,2.0,7.0,0,1,7.0,2.5649493574615367,5.963990570107227,0.0,0,0.0
2098,대조,0,,0.0,0.0,0.0,0.0,0.0,0.0,0.0,0,0.0,0.0,0.0,9.74,1.0,90.0,0,1,90.0,0.0,0.0,0.0,0,0.0
2099,대조,0,22.0,2.0,18.69,12.0,0.0,0.0,0.0,0.0,0,0.0,0.0,0.0,80.0,2.0,22.0,0,1,22.0,1.0986122886681098,2.9801108926510342,0.0,0,0.0
2100,대조,0,87.0,1.0,61.83,39.0,1.0,2.99,0.0,0.0,1,2.99,1.0,1.0,533.82,11.0,87.0,1,1,87.0,0.6931471805599453,4.140432666414855,0.048358402070192465,0,0.0
2102,대조,0,8.0,11.0,264.18,87.0,1.0,6.99,0.0,0.0,1,0.0,0.0,0.0,54.06,5.0,8.0,0,1,8.0,2.4849066497880004,5.580408840686573,0.026459232341585284,0,0.0
2108,대조,0,5.0,17.0,168.94,106.0,0.0,0.0,0.0,0.0,0,1.79,1.0,1.0,174.06,15.0,5.0,1,1,5.0,2.8903717578961645,5.135445433575395,0.0,0,0.0
2109,대조,0,2.0,8.0,180.56,84.0,0.0,0.0,0.0,0.0,0,0.0,0.0,0.0,208.89,10.0,2.0,0,1,2.0,2.1972245773362196,5.201586177588265,0.0,0,0.0
2112,대조,0,2.0,14.0,624.64,320.0,3.0,5.25,0.0,0.0,1,0.0,0.0,0.0,289.08,8.0,2.0,0,1,2.0,2.70805020110221,6.438775125806041,0.00840484118852459,0,0.0
2115,대조,0,1.0,49.0,2054.39,260399.0,4.0,6.17,0.0,0.0,1,9.65,5.0,5.0,1496.3700000000001,35.0,1.0,1,1,1.0,3.912023005428146,7.628220889946093,0.0030033245878338583,0,0.0
2123,대조,0,10.0,5.0,324.44,139.0,0.0,0.0,0.0,0.0,1,3.39,1.0,1.0,400.67,6.0,10.0,1,1,10.0,1.791759469228055,5.785178112860195,0.0,0,0.0
2124,대조,0,2.0,42.0,1329.61,214901.0,0.0,0.0,0.0,0.0,1,0.78,1.0,1.0,968.46,32.0,2.0,1,1,2.0,3.7612001156935624,7.19339276268613,0.0,0,0.0
2128,대조,0,10.0,32.0,823.97,31883.0,2.0,6.68,0.0,0.0,0,0.0,0.0,0.0,75.86,5.0,10.0,0,1,10.0,3.4965075614664802,6.715347022037144,0.008107091277595057,0,0.0
2129,대조,0,2.0,28.0,1220.55,80431.0,5.0,5.0,0.0,0.0,1,4.76,2.0,2.0,914.76,23.0,2.0,1,1,2.0,3.367295829986474,7.107875823138807,0.004096513866699439,0,0.0
2130,대조,0,14.0,10.0,496.22,2323.0,2.0,11.98,0.0,0.0,1,3.99,1.0,1.0,423.45,7.0,14.0,1,1,14.0,2.3978952727983707,6.209032584089006,0.024142517431784288,0,0.0
2131,대조,0,2.0,46.0,1036.75,484.0,2.0,4.88,0.0,0.0,0,2.39,1.0,1.0,408.91,13.0,2.0,1,1,2.0,3.8501476017100584,6.944810186933148,0.004707017120810224,0,0.0
2133,대조,0,7.0,18.0,833.59,17327.0,5.0,8.67,0.0,0.0,1,9.56,4.0,3.0,654.66,9.0,7.0,1,1,7.0,2.9444389791664403,6.726940586297987,0.010400796554661165,0,0.0
2137,대조,0,34.0,20.0,195.59,8776.0,1.0,0.99,0.0,0.0,0,0.78,1.0,1.0,349.3,12.0,34.0,1,1,34.0,3.044522437723423,5.281120341719515,0.005061608466690526,0,0.0
2138,대조,0,14.0,8.0,251.06,121.0,1.0,3.99,0.0,0.0,0,0.0,0.0,0.0,456.12,13.0,14.0,0,1,14.0,2.1972245773362196,5.529667154409346,0.015892615311081017,0,0.0
2139,대조,0,1.0,36.0,466.11,200.0,2.0,3.26,0.0,0.0,0,0.0,0.0,0.0,441.15,47.0,1.0,0,1,1.0,3.6109179126442243,6.146564775970829,0.006994057196799039,0,0.0
2141,대조,0,7.0,12.0,753.28,350.0,2.0,6.68,0.0,0.0,0,0.0,0.0,0.0,706.0,9.0,7.0,0,1,7.0,2.5649493574615367,6.625763651858722,0.008867884451996601,0,0.0
2142,대조,0,10.0,18.0,1175.08,564.0,0.0,0.0,0.0,0.0,0,2.78,2.0,1.0,900.09,9.0,10.0,1,1,10.0,2.9444389791664403,7.0699421533557105,0.0,0,0.0
2144,대조,0,4.0,1.0,47.67,16.0,0.0,0.0,0.0,0.0,0,10.0,10.0,1.0,186.46,1.0,4.0,1,1,4.0,0.6931471805599453,3.885062823845363,0.0,0,0.0
2145,대조,0,7.0,6.0,256.65000000000003,83.0,1.0,2.59,0.0,0.0,0,0.0,0.0,0.0,195.29,5.0,7.0,0,1,7.0,1.9459101490553132,5.551602074774234,0.010091564387297875,0,0.0
2146,대조,0,1.0,13.0,190.66,66.0,0.0,0.0,0.0,0.0,0,11.77,3.0,3.0,214.8,7.0,1.0,1,1,1.0,2.6390573296152584,5.255722968915616,0.0,0,0.0
2147,대조,0,7.0,10.0,518.86,13884.0,0.0,0.0,0.0,0.0,1,1.49,1.0,1.0,551.62,13.0,7.0,1,1,7.0,2.3978952727983707,6.253559544557132,0.0,0,0.0
2149,대조,0,8.0,14.0,374.61,58222.0,0.0,0.0,0.0,0.0,0,0.0,0.0,0.0,407.19,11.0,8.0,0,1,8.0,2.70805020110221,5.928551371047852,0.0,0,0.0
2154,대조,0,7.0,2.0,70.35,32.0,0.0,0.0,0.0,0.0,1,0.0,0.0,0.0,85.57,4.0,7.0,0,1,7.0,1.0986122886681098,4.267597343922845,0.0,0,0.0
2156,대조,0,2.0,16.0,878.65,42101.0,0.0,0.0,0.0,0.0,1,0.0,0.0,0.0,504.8,12.0,2.0,0,1,2.0,2.833213344056216,6.779524101085055,0.0,0,0.0
2158,대조,0,9.0,25.0,502.67,86480.0,0.0,0.0,0.0,0.0,1,4.7299999999999995,3.0,2.0,237.17,12.0,9.0,1,1,9.0,3.258096538021482,6.221921291716416,0.0,0,0.0
2159,대조,0,13.0,20.0,353.38,3991.0,1.0,8.07,0.0,0.0,0,0.0,0.0,0.0,208.58,11.0,13.0,0,1,13.0,3.044522437723423,5.870369783729923,0.02283660648593582,0,0.0
2162,대조,0,7.0,18.0,1838.54,92414.0,0.0,0.0,0.0,0.0,1,7.76,4.0,2.0,1270.47,18.0,7.0,1,1,7.0,2.9444389791664403,7.517270819347822,0.0,0,0.0
2164,대조,0,3.0,15.0,525.9,385.0,2.0,2.84,0.0,0.0,0,0.0,0.0,0.0,266.61,8.0,3.0,0,1,3.0,2.772588722239781,6.26701077721524,0.005400266210306142,0,0.0
2167,대조,0,1.0,25.0,620.57,314.0,3.0,5.04,0.0,0.0,0,10.49,5.0,5.0,450.59,16.0,1.0,1,1,1.0,3.258096538021482,6.432248535340501,0.008121565657379506,0,0.0
2170,대조,0,3.0,30.0,907.96,457.0,4.0,22.82,0.0,0.0,0,13.99,1.0,1.0,628.62,21.0,3.0,1,1,3.0,3.4339872044851463,6.812301088808817,0.025133265782633595,0,0.0
2171,대조,0,4.0,14.0,527.77,233.0,0.0,0.0,0.0,0.0,0,3.0,1.0,1.0,336.46,8.0,4.0,1,1,4.0,2.70805020110221,6.2705535547042395,0.0,0,0.0
2173,대조,0,23.0,3.0,65.7,24.0,0.0,0.0,0.0,0.0,1,0.0,0.0,0.0,2.99,1.0,23.0,0,1,23.0,1.3862943611198906,4.200204952921578,0.0,0,0.0
2176,대조,0,1.0,28.0,338.76,9726.0,1.0,1.68,0.0,0.0,0,4.859999999999999,2.0,2.0,750.33,86.0,1.0,1,1,1.0,3.367295829986474,5.828239486005016,0.00495926319518243,0,0.0
2178,대조,0,8.0,18.0,426.49,16643.0,2.0,3.58,0.0,0.0,0,8.61,6.0,5.0,545.79,13.0,8.0,1,1,8.0,2.9444389791664403,6.057930896290356,0.008394100682313771,0,0.0
2179,대조,0,55.0,5.0,96.31,12319.0,0.0,0.0,0.0,0.0,1,0.0,0.0,0.0,157.97,3.0,55.0,0,1,55.0,1.791759469228055,4.577901758833898,0.0,0,0.0
2181,대조,0,8.0,4.0,112.42,46.0,0.0,0.0,0.0,0.0,1,2.59,1.0,1.0,184.60999999999999,4.0,8.0,1,1,8.0,1.6094379124341003,4.731097742585882,0.0,0,0.0
2183,대조,0,3.0,19.0,399.21,37580.0,0.0,0.0,0.0,0.0,1,0.0,0.0,0.0,219.64000000000001,10.0,3.0,0,1,3.0,2.995732273553991,5.991989409343697,0.0,0,0.0
2184,대조,0,7.0,48.0,1076.98,41302.0,4.0,9.27,0.0,0.0,1,27.17,14.0,11.0,799.8100000000001,21.0,7.0,1,1,7.0,3.8918202981106265,6.98284419842114,0.008607402180170476,0,0.0
2186,대조,0,19.0,5.0,436.33,194.0,0.0,0.0,0.0,0.0,1,0.0,0.0,0.0,579.24,6.0,19.0,0,1,19.0,1.791759469228055,6.0806880588556576,0.0,0,0.0
2187,대조,0,15.0,9.0,435.88,197.0,0.0,0.0,0.0,0.0,0,0.0,0.0,0.0,272.29,6.0,15.0,0,1,15.0,2.302585092994046,6.079658557843898,0.0,0,0.0
2188,대조,0,7.0,16.0,398.02,158.0,3.0,5.37,0.0,0.0,1,0.0,0.0,0.0,352.73,12.0,7.0,0,1,7.0,2.833213344056216,5.989011540946915,0.013491784332445607,0,0.0
2190,대조,0,6.0,29.0,1453.05,142388.0,12.0,30.990000000000002,0.0,0.0,1,11.32,5.0,5.0,1115.82,25.0,6.0,1,1,6.0,3.4011973816621555,7.282108045397675,0.021327552389800768,0,0.0
2198,대조,0,1.0,42.0,683.46,8732.0,2.0,3.87,0.0,0.0,1,4.0,3.0,3.0,151.76,18.0,1.0,1,1,1.0,3.7612001156935624,6.528630206205813,0.005662365025019753,0,0.0
2199,대조,0,1.0,32.0,1119.71,94226.0,1.0,1.89,0.0,0.0,1,1.89,1.0,1.0,673.84,17.0,1.0,1,1,1.0,3.4965075614664802,7.0217176920127296,0.001687937055130346,0,0.0
2204,대조,0,9.0,36.0,608.18,19734.0,2.0,3.0,0.0,0.0,0,0.0,0.0,0.0,184.04,20.0,9.0,0,1,9.0,3.6109179126442243,6.412113790541186,0.004932750172646256,0,0.0
2205,대조,0,1.0,21.0,371.14,24250.0,5.0,7.71,0.0,0.0,0,12.34,7.0,5.0,312.87,15.0,1.0,1,1,1.0,3.091042453358316,5.919270127559495,0.02077383197715148,0,0.0
2207,대조,0,2.0,79.0,581.97,12962.0,2.0,4.359999999999999,0.0,0.0,0,3.74,2.0,2.0,636.67,33.0,2.0,1,1,2.0,4.382026634673881,6.3681357270504995,0.0074917951097135576,0,0.0
2209,대조,0,4.0,44.0,1715.7,210621.0,1.0,1.79,0.0,0.0,1,1.34,1.0,1.0,1185.45,32.0,4.0,1,1,4.0,3.8066624897703196,7.448159122276883,0.0010433059392667716,0,0.0
2210,대조,0,35.0,1.0,10.93,7.0,0.0,0.0,0.0,0.0,0,6.14,4.0,2.0,393.99,10.0,35.0,1,1,35.0,0.6931471805599453,2.4790562361098245,0.0,0,0.0
2211,대조,0,8.0,2.0,39.8,12.0,0.0,0.0,0.0,0.0,0,0.0,0.0,0.0,44.3,2.0,8.0,0,1,8.0,1.0986122886681098,3.708682081410116,0.0,0,0.0
2221,대조,0,6.0,15.0,272.41,154.0,2.0,3.78,0.0,0.0,1,0.0,0.0,0.0,282.59000000000003,14.0,6.0,0,1,6.0,2.772588722239781,5.610972500065717,0.013876142579200468,0,0.0
2222,대조,0,11.0,4.0,301.09000000000003,117.0,2.0,2.6799999999999997,0.0,0.0,0,0.0,0.0,0.0,386.92,4.0,11.0,0,1,11.0,1.6094379124341003,5.710724986222776,0.008900993058553918,0,0.0
2225,대조,0,8.0,15.0,403.49,29212.0,1.0,1.89,0.0,0.0,0,5.67,3.0,3.0,344.64,11.0,8.0,1,1,8.0,2.772588722239781,6.0026270143140925,0.004684130957396713,0,0.0
2226,대조,0,6.0,61.0,344.24,29372.0,0.0,0.0,0.0,0.0,0,0.0,0.0,0.0,1295.47,86.0,6.0,0,1,6.0,4.127134385045092,5.844239827351457,0.0,0,0.0
2230,대조,0,16.0,12.0,307.45,124.0,0.0,0.0,0.0,0.0,0,0.0,0.0,0.0,27.28,2.0,16.0,0,1,16.0,2.5649493574615367,5.731559755655647,0.0,0,0.0
2231,대조,0,9.0,10.0,413.27,170.0,0.0,0.0,0.0,0.0,1,0.0,0.0,0.0,654.87,9.0,9.0,0,1,9.0,2.3978952727983707,6.026517935165369,0.0,0,0.0
2233,대조,0,1.0,51.0,1248.81,131364.0,1.0,1.39,0.0,0.0,1,4.79,3.0,3.0,1040.06,39.0,1.0,1,1,1.0,3.9512437185814275,7.130746818743176,0.0011130596327703973,0,0.0
2234,대조,0,2.0,20.0,877.76,44209.0,1.0,3.99,0.0,0.0,1,9.850000000000001,5.0,2.0,912.72,21.0,2.0,1,1,2.0,3.044522437723423,6.778511822860978,0.004545661684287277,0,0.0
2235,대조,0,9.0,11.0,290.31,99.0,4.0,10.23,0.0,0.0,1,3.7,2.0,1.0,428.87,9.0,9.0,1,1,9.0,2.4849066497880004,5.674387992246747,0.03523819365505839,0,0.0
2236,대조,0,3.0,53.0,463.73,36718.0,0.0,0.0,0.0,0.0,0,6.99,1.0,1.0,350.09000000000003,29.0,3.0,1,1,3.0,3.9889840465642745,6.1414565917863815,0.0,0,0.0
2237,대조,0,2.0,27.0,770.1,30630.0,1.0,1.67,0.0,0.0,1,2.74,1.0,1.0,367.67,13.0,2.0,1,1,2.0,3.332204510175204,6.647818066838915,0.002168549539020906,0,0.0
2238,대조,0,38.0,8.0,90.47,42.0,0.0,0.0,0.0,0.0,0,1.89,1.0,1.0,254.36,16.0,38.0,1,1,38.0,2.1972245773362196,4.516011049668273,0.0,0,0.0
2239,대조,0,,0.0,0.0,0.0,0.0,0.0,0.0,0.0,0,0.0,0.0,0.0,107.24,2.0,90.0,0,1,90.0,0.0,0.0,0.0,0,0.0
2241,대조,0,4.0,4.0,28.15,15.0,0.0,0.0,0.0,0.0,0,0.0,0.0,0.0,54.09,3.0,4.0,0,1,4.0,1.6094379124341003,3.3724549127965013,0.0,0,0.0
2243,대조,0,1.0,4.0,295.31,145.0,2.0,5.98,0.0,0.0,1,11.04,4.0,3.0,227.73,2.0,1.0,1,1,1.0,1.6094379124341003,5.691406203588145,0.020249906877518542,0,0.0
2245,대조,0,3.0,16.0,418.77,218.0,0.0,0.0,0.0,0.0,0,0.0,0.0,0.0,491.61,11.0,3.0,0,1,3.0,2.833213344056216,6.039706942231721,0.0,0,0.0
2247,대조,0,2.0,7.0,817.07,318.0,5.0,14.83,0.0,0.0,0,0.0,0.0,0.0,547.22,9.0,2.0,0,1,2.0,2.0794415416798357,6.706947907513579,0.018150219687419682,0,0.0
2248,대조,0,,0.0,0.0,0.0,0.0,0.0,0.0,0.0,0,0.0,0.0,0.0,0.0,0.0,90.0,0,0,90.0,0.0,0.0,0.0,0,0.0
2250,대조,0,5.0,10.0,310.37,26821.0,0.0,0.0,0.0,0.0,1,0.0,0.0,0.0,177.81,9.0,5.0,0,1,5.0,2.3978952727983707,5.740981915645308,0.0,0,0.0
2252,대조,0,10.0,16.0,594.14,401.0,2.0,4.09,0.0,0.0,1,0.0,0.0,0.0,697.17,14.0,10.0,0,1,10.0,2.833213344056216,6.388796671985958,0.006883899417645673,0,0.0
2254,대조,0,14.0,9.0,203.24,25324.0,1.0,1.04,0.0,0.0,1,0.0,0.0,0.0,218.82,7.0,14.0,0,1,14.0,2.302585092994046,5.319295772933229,0.005117102932493603,0,0.0
2260,대조,0,9.0,25.0,1209.74,183170.0,1.0,11.99,0.0,0.0,1,0.0,0.0,0.0,1161.04,18.0,9.0,0,1,9.0,3.258096538021482,7.098987021905848,0.009911220592854663,0,0.0
2261,대조,0,1.0,45.0,2108.36,170518.0,9.0,22.85,0.0,0.0,0,3.69,1.0,1.0,1236.73,43.0,1.0,1,1,1.0,3.828641396489095,7.6541398629245,0.010837807585042403,0,0.0
2264,대조,0,3.0,53.0,2955.13,954.0,5.0,7.66,0.0,0.0,1,1.29,1.0,1.0,1869.56,35.0,3.0,1,1,3.0,3.9889840465642745,7.9916362594501935,0.002592102547096067,0,0.0
2269,대조,0,1.0,26.0,465.45,236.0,0.0,0.0,0.0,0.0,1,0.0,0.0,0.0,313.68,24.0,1.0,0,1,1.0,3.295836866004329,6.14515083340697,0.0,0,0.0
2270,대조,0,3.0,40.0,640.22,355.0,4.0,5.87,0.0,0.0,0,1.39,1.0,1.0,579.27,28.0,3.0,1,1,3.0,3.713572066704308,6.463372611764861,0.009168723251382337,0,0.0
2273,대조,0,12.0,6.0,120.01,67.0,0.0,0.0,0.0,0.0,0,2.59,1.0,1.0,523.75,8.0,12.0,1,1,12.0,1.9459101490553132,4.7958731868099616,0.0,0,0.0
2275,대조,0,4.0,13.0,130.5,49.0,1.0,1.68,0.0,0.0,0,0.0,0.0,0.0,101.47,4.0,4.0,0,1,4.0,2.6390573296152584,4.879006851617819,0.012873563218390805,0,0.0
2277,대조,0,26.0,12.0,473.33,245.0,2.0,4.37,0.0,0.0,0,10.0,5.0,2.0,807.9,20.0,26.0,1,1,26.0,2.5649493574615367,6.161903281990163,0.009232459383516786,0,0.0
2278,대조,0,25.0,3.0,47.36,19.0,0.0,0.0,0.0,0.0,0,0.0,0.0,0.0,475.4,13.0,25.0,0,1,25.0,1.3862943611198906,3.878673025746592,0.0,0,0.0
2279,대조,0,26.0,6.0,88.0,41.0,1.0,1.79,0.0,0.0,1,0.0,0.0,0.0,0.0,0.0,26.0,0,0,26.0,1.9459101490553132,4.48863636973214,0.02034090909090909,0,0.0
2281,대조,0,32.0,4.0,135.11,91.0,0.0,0.0,0.0,0.0,0,0.0,0.0,0.0,0.0,0.0,32.0,0,0,32.0,1.6094379124341003,4.913463382343982,0.0,0,0.0
2288,대조,0,1.0,26.0,314.23,163.0,0.0,0.0,0.0,0.0,0,0.0,0.0,0.0,282.3,18.0,1.0,0,1,1.0,3.295836866004329,5.7533025311195924,0.0,0,0.0
2289,대조,0,2.0,9.0,279.19,139.0,0.0,0.0,0.0,0.0,0,2.59,1.0,1.0,237.82,7.0,2.0,1,1,2.0,2.302585092994046,5.635467944472328,0.0,0,0.0
2293,대조,0,55.0,4.0,83.36,39.0,0.0,0.0,0.0,0.0,0,0.0,0.0,0.0,188.57,5.0,55.0,0,1,55.0,1.6094379124341003,4.435093355610574,0.0,0,0.0
2294,대조,0,3.0,66.0,3030.35,67721.0,2.0,11.690000000000001,0.0,0.0,1,4.47,3.0,2.0,2128.61,31.0,3.0,1,1,3.0,4.204692619390966,8.016763343832366,0.0038576402065767985,0,0.0
2296,대조,0,1.0,34.0,1895.95,801.0,11.0,18.759999999999998,0.0,0.0,1,0.0,0.0,0.0,982.42,17.0,1.0,0,1,1.0,3.5553480614894135,7.548002612181221,0.009894775706110392,0,0.0
2298,대조,0,18.0,9.0,354.04,161.0,0.0,0.0,0.0,0.0,1,0.0,0.0,0.0,132.08,11.0,18.0,0,1,18.0,2.302585092994046,5.8722304591842835,0.0,0,0.0
2299,대조,0,2.0,14.0,431.44,244.0,6.0,9.98,0.0,0.0,0,1.85,1.0,1.0,159.89000000000001,4.0,2.0,1,1,2.0,2.70805020110221,6.069443588424571,0.023131837567216762,0,0.0
2300,대조,0,8.0,19.0,527.72,310.0,6.0,9.89,0.0,0.0,1,3.1900000000000004,2.0,2.0,423.37,11.0,8.0,1,1,8.0,2.995732273553991,6.270458991162197,0.01874099901462897,0,0.0
2301,대조,0,1.0,27.0,1009.79,9961.0,0.0,0.0,0.0,0.0,0,0.0,0.0,0.0,916.35,22.0,1.0,0,1,1.0,3.332204510175204,6.918487482311164,0.0,0,0.0
2302,대조,0,4.0,12.0,241.91,139.0,1.0,1.59,0.0,0.0,1,0.0,0.0,0.0,202.36,7.0,4.0,0,1,4.0,2.5649493574615367,5.492691004366133,0.006572692323591419,0,0.0
2303,대조,0,10.0,6.0,208.59,63.0,0.0,0.0,0.0,0.0,0,0.0,0.0,0.0,246.13,10.0,10.0,0,1,10.0,1.9459101490553132,5.345153241385068,0.0,0,0.0
2310,대조,0,9.0,6.0,243.41,96.0,2.0,2.04,0.0,0.0,0,1.29,1.0,1.0,156.17,7.0,9.0,1,1,9.0,1.9459101490553132,5.49884714299066,0.008380921079659834,0,0.0
2312,대조,0,2.0,56.0,2184.07,1016.0,3.0,9.65,0.0,0.0,1,0.0,0.0,0.0,1540.83,27.0,2.0,0,1,2.0,4.04305126783455,7.689403143629802,0.004418356554506037,0,0.0
2314,대조,0,1.0,14.0,771.32,351.0,0.0,0.0,0.0,0.0,1,0.0,0.0,0.0,652.12,7.0,1.0,0,1,1.0,2.70805020110221,6.649398971912182,0.0,0,0.0
2316,대조,0,67.0,4.0,120.1,28.0,0.0,0.0,0.0,0.0,0,2.5,1.0,1.0,65.39,3.0,67.0,1,1,67.0,1.6094379124341003,4.796616650559047,0.0,0,0.0
2322,대조,0,3.0,46.0,3283.84,209738.0,0.0,0.0,0.0,0.0,1,1.99,1.0,1.0,3476.69,44.0,3.0,1,1,3.0,3.8501476017100584,8.097073223492037,0.0,0,0.0
2327,대조,0,12.0,5.0,154.27,16802.0,0.0,0.0,0.0,0.0,0,0.0,0.0,0.0,216.32,7.0,12.0,0,1,12.0,1.791759469228055,5.045165536993078,0.0,0,0.0
2329,대조,0,1.0,24.0,835.02,27435.0,3.0,6.68,0.0,0.0,0,0.78,1.0,1.0,429.56,21.0,1.0,1,1,1.0,3.2188758248682006,6.728652536243517,0.007999808387823045,0,0.0
2330,대조,0,5.0,9.0,702.6,50174.0,2.0,8.99,0.0,0.0,1,1.39,1.0,1.0,969.02,13.0,5.0,1,1,5.0,2.302585092994046,6.556210012863403,0.012795331625391404,0,0.0
2336,대조,0,15.0,6.0,400.84,283.0,0.0,0.0,0.0,0.0,0,2.39,1.0,1.0,379.48,7.0,15.0,1,1,15.0,1.9459101490553132,5.99605399944179,0.0,0,0.0
2337,대조,0,1.0,184.0,2125.0,1206.0,12.0,23.42,0.0,0.0,1,11.82,7.0,6.0,1532.88,146.0,1.0,1,1,1.0,5.220355825078324,7.661997558901893,0.011021176470588236,0,0.0
2338,대조,0,40.0,5.0,115.97999999999999,23011.0,0.0,0.0,0.0,0.0,0,4.58,2.0,1.0,146.19,4.0,40.0,1,1,40.0,1.791759469228055,4.76200298001488,0.0,0,0.0
2341,대조,0,1.0,45.0,613.1,483.0,4.0,7.58,0.0,0.0,1,1.68,1.0,1.0,384.75,20.0,1.0,1,1,1.0,3.828641396489095,6.420157781335353,0.012363399119230142,0,0.0
2342,대조,0,4.0,20.0,791.31,124673.0,0.0,0.0,0.0,0.0,1,0.0,0.0,0.0,639.45,19.0,4.0,0,1,4.0,3.044522437723423,6.674952729373308,0.0,0,0.0
2343,대조,0,2.0,48.0,847.38,74161.0,4.0,8.15,0.0,0.0,1,3.34,2.0,2.0,620.63,29.0,2.0,1,1,2.0,3.8918202981106265,6.743328648626711,0.009617880997899408,0,0.0
2344,대조,0,4.0,9.0,428.66,215.0,1.0,1.89,0.0,0.0,0,0.0,0.0,0.0,381.29,9.0,4.0,0,1,4.0,2.302585092994046,6.062994198246903,0.00440908878831708,0,0.0
2345,대조,0,1.0,18.0,423.59000000000003,3602.0,2.0,1.98,0.0,0.0,0,2.5,1.0,1.0,414.52,7.0,1.0,1,1,1.0,2.9444389791664403,6.051123997413857,0.004674331310937463,0,0.0
2346,대조,0,4.0,4.0,130.45,57.0,0.0,0.0,0.0,0.0,0,0.0,0.0,0.0,208.51,4.0,4.0,0,1,4.0,1.6094379124341003,4.87862655117589,0.0,0,0.0
2347,대조,0,1.0,5.0,85.43,38.0,0.0,0.0,0.0,0.0,1,0.0,0.0,0.0,43.81,2.0,1.0,0,1,1.0,1.791759469228055,4.459334837764547,0.0,0,0.0
2350,대조,0,2.0,8.0,420.6,180.0,2.0,3.07,0.0,0.0,0,0.0,0.0,0.0,415.94,14.0,2.0,0,1,2.0,2.1972245773362196,6.044056997227153,0.0072990965287684255,0,0.0
2354,대조,0,8.0,12.0,644.84,55438.0,1.0,1.89,0.0,0.0,0,4.24,2.0,2.0,395.7,8.0,8.0,1,1,8.0,2.5649493574615367,6.47055179508676,0.002930959617889709,0,0.0
2356,대조,0,1.0,23.0,560.81,340.0,2.0,2.56,0.0,0.0,0,0.0,0.0,0.0,50.73,8.0,1.0,0,1,1.0,3.1780538303479458,6.331163714440526,0.00456482587685669,0,0.0
2358,대조,0,4.0,8.0,312.9,105.0,0.0,0.0,0.0,0.0,0,0.0,0.0,0.0,407.22,11.0,4.0,0,1,4.0,2.1972245773362196,5.749074463847908,0.0,0,0.0
2359,대조,0,18.0,18.0,278.7,13732.0,0.0,0.0,0.0,0.0,1,5.0,2.0,1.0,658.8,29.0,18.0,1,1,18.0,2.9444389791664403,5.633717600207914,0.0,0,0.0
2360,대조,0,1.0,51.0,1448.61,166871.0,13.0,26.82,0.0,0.0,1,13.98,6.0,6.0,1315.96,48.0,1.0,1,1,1.0,3.9512437185814275,7.279049833719666,0.01851429991509102,0,0.0
2361,대조,0,1.0,16.0,745.91,251.0,4.0,9.34,0.0,0.0,1,6.74,4.0,4.0,345.76,6.0,1.0,1,1,1.0,2.833213344056216,6.615944695946576,0.012521617889557721,0,0.0
2364,대조,0,1.0,14.0,1048.76,464.0,2.0,7.18,0.0,0.0,1,12.08,3.0,3.0,1022.1800000000001,16.0,1.0,1,1,1.0,2.70805020110221,6.956316845596567,0.0068461802509630415,0,0.0
2366,대조,0,8.0,25.0,818.53,57741.0,1.0,1.68,0.0,0.0,0,4.52,3.0,3.0,570.34,15.0,8.0,1,1,8.0,3.258096538021482,6.708731005201454,0.0020524598976213457,0,0.0
2367,대조,0,1.0,23.0,922.34,6816.0,2.0,5.98,0.0,0.0,1,4.970000000000001,3.0,3.0,840.34,21.0,1.0,1,1,1.0,3.1780538303479458,6.827997530703815,0.006483509334952404,0,0.0
2369,대조,0,11.0,10.0,240.23000000000002,78354.0,0.0,0.0,0.0,0.0,0,0.0,0.0,0.0,325.16,11.0,11.0,0,1,11.0,2.3978952727983707,5.485750835228168,0.0,0,0.0
2370,대조,0,2.0,26.0,700.82,42517.0,3.0,5.25,0.0,0.0,1,2.17,2.0,1.0,626.58,18.0,2.0,1,1,2.0,3.295836866004329,6.55367696089067,0.007491224565508975,0,0.0
2372,대조,0,6.0,9.0,266.03000000000003,22436.0,0.0,0.0,0.0,0.0,0,4.79,1.0,1.0,367.94,5.0,6.0,1,1,6.0,2.302585092994046,5.58736101163895,0.0,0,0.0
2373,대조,0,5.0,19.0,400.96,275.0,2.0,2.5,0.0,0.0,0,0.0,0.0,0.0,60.79,5.0,5.0,0,1,5.0,2.995732273553991,5.996352581180758,0.006235035913806864,0,0.0
2374,대조,0,10.0,13.0,760.52,17962.0,1.0,9.56,0.0,0.0,1,0.0,0.0,0.0,497.72,7.0,10.0,0,1,10.0,2.6390573296152584,6.63531643594305,0.012570346604954506,0,0.0
2375,대조,0,,0.0,0.0,0.0,0.0,0.0,0.0,0.0,0,0.0,0.0,0.0,60.75,5.0,90.0,0,1,90.0,0.0,0.0,0.0,0,0.0
2376,대조,0,1.0,12.0,277.49,91.0,0.0,0.0,0.0,0.0,1,0.0,0.0,0.0,67.59,8.0,1.0,0,1,1.0,2.5649493574615367,5.629382152079951,0.0,0,0.0
2377,대조,0,16.0,9.0,108.52,3812.0,0.0,0.0,0.0,0.0,0,0.0,0.0,0.0,21.96,2.0,16.0,0,1,16.0,2.302585092994046,4.696107180980193,0.0,0,0.0
2378,대조,0,2.0,9.0,191.01,71.0,0.0,0.0,0.0,0.0,1,0.0,0.0,0.0,156.10999999999999,6.0,2.0,0,1,2.0,2.302585092994046,5.2575474540048255,0.0,0,0.0
2379,대조,0,6.0,8.0,253.91,91.0,0.0,0.0,0.0,0.0,0,0.0,0.0,0.0,137.89000000000001,9.0,6.0,0,1,6.0,2.1972245773362196,5.54091054168356,0.0,0,0.0
2380,대조,0,22.0,2.0,54.82,30.0,0.0,0.0,0.0,0.0,1,1.56,2.0,2.0,624.38,27.0,22.0,1,1,22.0,1.0986122886681098,4.022132228108176,0.0,0,0.0
2381,대조,0,2.0,19.0,385.39,26674.0,5.0,6.07,0.0,0.0,0,4.53,3.0,3.0,134.41,8.0,2.0,1,1,2.0,2.995732273553991,5.956847222086288,0.01575027893821843,0,0.0
2385,대조,0,22.0,9.0,362.81,139.0,6.0,10.36,0.0,0.0,0,0.0,0.0,0.0,580.61,31.0,22.0,0,1,22.0,2.302585092994046,5.89663175333681,0.028554890989774262,0,0.0
2386,대조,0,16.0,8.0,130.55,34.0,0.0,0.0,0.0,0.0,0,0.0,0.0,0.0,140.02,7.0,16.0,0,1,16.0,2.1972245773362196,4.879387007486302,0.0,0,0.0
2388,대조,0,1.0,10.0,277.18,95.0,0.0,0.0,0.0,0.0,0,0.0,0.0,0.0,132.45,3.0,1.0,0,1,1.0,2.3978952727983707,5.628268386178984,0.0,0,0.0
2390,대조,0,42.0,4.0,58.92,35.0,0.0,0.0,0.0,0.0,1,0.0,0.0,0.0,216.48000000000002,10.0,42.0,0,1,42.0,1.6094379124341003,4.0930103392089645,0.0,0,0.0
2393,대조,0,2.0,5.0,271.71,90.0,2.0,7.98,0.0,0.0,1,0.0,0.0,0.0,398.96,6.0,2.0,0,1,2.0,1.791759469228055,5.608408959512903,0.029369548415590155,0,0.0
2394,대조,0,7.0,16.0,280.08,80486.0,0.0,0.0,0.0,0.0,0,1.39,1.0,1.0,330.54,17.0,7.0,1,1,7.0,2.833213344056216,5.638639326323997,0.0,0,0.0
2395,대조,0,1.0,33.0,632.87,392.0,6.0,8.39,0.0,0.0,0,3.7,2.0,2.0,843.61,27.0,1.0,1,1,1.0,3.5263605246161616,6.451843886093538,0.013257067012182598,0,0.0
2398,대조,0,20.0,11.0,278.51,103.0,0.0,0.0,0.0,0.0,0,6.89,5.0,3.0,306.51,9.0,20.0,1,1,20.0,2.4849066497880004,5.633038070130444,0.0,0,0.0
2400,대조,0,3.0,49.0,1876.07,101124.0,7.0,26.18,0.0,0.0,1,24.490000000000002,14.0,6.0,1229.13,36.0,3.0,1,1,3.0,3.912023005428146,7.537467329444665,0.013954703182717063,0,0.0
2405,대조,0,3.0,16.0,320.82,37723.0,0.0,0.0,0.0,0.0,1,0.0,0.0,0.0,269.12,9.0,3.0,0,1,3.0,2.833213344056216,5.773992383031004,0.0,0,0.0
2406,대조,0,4.0,10.0,439.8,40998.0,3.0,4.74,0.0,0.0,1,0.0,0.0,0.0,388.85,13.0,4.0,0,1,4.0,2.3978952727983707,6.088591257838705,0.01077762619372442,0,0.0
2411,대조,0,5.0,7.0,149.07,50.0,0.0,0.0,0.0,0.0,1,8.280000000000001,3.0,3.0,429.33,15.0,5.0,1,1,5.0,2.0794415416798357,5.011101851907898,0.0,0,0.0
2412,대조,0,7.0,52.0,1874.79,985.0,7.0,19.37,0.0,0.0,0,19.05,8.0,8.0,1914.3600000000001,47.0,7.0,1,1,7.0,3.970291913552122,7.5367851830018795,0.010331823830935732,0,0.0
2415,대조,0,2.0,58.0,587.67,277.0,0.0,0.0,0.0,0.0,0,2.39,1.0,1.0,280.87,17.0,2.0,1,1,2.0,4.07753744390572,6.37786575499392,0.0,0,0.0
2416,대조,0,2.0,9.0,416.17,8007.0,11.0,23.73,0.0,0.0,0,6.68,2.0,2.0,510.22,12.0,2.0,1,1,2.0,2.302585092994046,6.033493812583302,0.05701996780161953,0,0.0
2419,대조,0,2.0,12.0,157.92,4340.0,0.0,0.0,0.0,0.0,0,0.0,0.0,0.0,145.52,10.0,2.0,0,1,2.0,2.5649493574615367,5.068400930946398,0.0,0,0.0
2421,대조,0,8.0,7.0,1034.02,437.0,5.0,10.51,0.0,0.0,1,4.84,3.0,3.0,1174.44,9.0,8.0,1,1,8.0,2.0794415416798357,6.942176029184267,0.010164213458153614,0,0.0
2423,대조,0,10.0,10.0,409.97,217.0,0.0,0.0,0.0,0.0,0,0.0,0.0,0.0,188.43,4.0,10.0,0,1,10.0,2.3978952727983707,6.018520219131408,0.0,0,0.0
2424,대조,0,8.0,15.0,340.53000000000003,167.0,2.0,3.18,0.0,0.0,0,0.0,0.0,0.0,563.92,16.0,8.0,0,1,8.0,2.772588722239781,5.833435522883059,0.009338384283323054,0,0.0
2425,대조,0,1.0,29.0,1249.34,126313.0,5.0,8.450000000000001,0.0,0.0,0,5.29,3.0,3.0,737.52,21.0,1.0,1,1,1.0,3.4011973816621555,7.131170793311053,0.006763571165575425,0,0.0
2426,대조,0,2.0,15.0,349.81,24224.0,2.0,4.99,0.0,0.0,1,0.0,0.0,0.0,267.68,10.0,2.0,0,1,2.0,2.772588722239781,5.860244766363111,0.014264886652754353,0,0.0
2429,대조,0,8.0,9.0,234.77,116.0,0.0,0.0,0.0,0.0,0,0.0,0.0,0.0,127.26,2.0,8.0,0,1,8.0,2.302585092994046,5.462856753546193,0.0,0,0.0
2430,대조,0,2.0,6.0,241.08,9141.0,2.0,5.57,0.0,0.0,0,1.85,1.0,1.0,274.12,9.0,2.0,1,1,2.0,1.9459101490553132,5.489268250040046,0.02310436369669819,0,0.0
2432,대조,0,5.0,24.0,661.43,34585.0,3.0,1.68,0.0,0.0,1,0.0,0.0,0.0,483.04,20.0,5.0,0,1,5.0,3.2188758248682006,6.495914891900568,0.002539951317599746,0,0.0
2437,대조,0,5.0,10.0,832.0600000000001,299.0,1.0,1.39,0.0,0.0,1,9.38,2.0,1.0,566.38,9.0,5.0,1,1,5.0,2.3978952727983707,6.725105668384417,0.0016705526043794916,0,0.0
2438,대조,0,4.0,23.0,338.69,50090.0,0.0,0.0,0.0,0.0,0,0.0,0.0,0.0,258.09,10.0,4.0,0,1,4.0,3.1780538303479458,5.828033436994058,0.0,0,0.0
2439,대조,0,1.0,18.0,109.44,94.0,0.0,0.0,0.0,0.0,0,0.0,0.0,0.0,117.22,10.0,1.0,0,1,1.0,2.9444389791664403,4.704472387061954,0.0,0,0.0
2440,대조,0,3.0,10.0,152.4,100.0,0.0,0.0,0.0,0.0,0,0.0,0.0,0.0,233.67000000000002,10.0,3.0,0,1,3.0,2.3978952727983707,5.0330488889331555,0.0,0,0.0
2441,대조,0,13.0,15.0,184.47,92.0,0.0,0.0,0.0,0.0,0,5.13,2.0,2.0,74.16,6.0,13.0,1,1,13.0,2.772588722239781,5.222893143901196,0.0,0,0.0
2446,대조,0,7.0,30.0,1108.69,123706.0,4.0,7.79,0.0,0.0,1,0.0,0.0,0.0,734.27,24.0,7.0,0,1,7.0,3.4339872044851463,7.01183597602138,0.007026310330209526,0,0.0
2447,대조,0,26.0,25.0,1581.55,476.0,5.0,16.55,0.0,0.0,1,13.309999999999999,6.0,7.0,907.37,14.0,26.0,1,1,26.0,3.258096538021482,7.366792749095821,0.010464417817963392,0,0.0
2450,대조,0,3.0,20.0,744.05,113458.0,6.0,6.04,0.0,0.0,0,0.0,0.0,0.0,414.89,10.0,3.0,0,1,3.0,3.044522437723423,6.613451330221469,0.008117734023251126,0,0.0
2453,대조,0,2.0,11.0,626.3,205.0,0.0,0.0,0.0,0.0,1,7.99,3.0,2.0,714.71,13.0,2.0,1,1,2.0,2.4849066497880004,6.441424895102697,0.0,0,0.0
2455,대조,0,11.0,10.0,433.45,205.0,1.0,8.99,0.0,0.0,1,2.78,2.0,1.0,273.56,8.0,11.0,1,1,11.0,2.3978952727983707,6.074080863285215,0.02074056984657977,0,0.0
2456,대조,0,2.0,13.0,226.19,124.0,4.0,8.78,0.0,0.0,0,0.0,0.0,0.0,122.8,9.0,2.0,0,1,2.0,2.6390573296152584,5.4257866717938406,0.03881692382510279,0,0.0
2457,대조,0,2.0,16.0,312.22,150.0,2.0,6.49,0.0,0.0,0,0.0,0.0,0.0,115.69,5.0,2.0,0,1,2.0,2.833213344056216,5.746905819038288,0.020786624815834986,0,0.0
2462,대조,0,1.0,27.0,1570.35,568.0,1.0,3.99,0.0,0.0,0,12.86,4.0,4.0,1397.44,19.0,1.0,1,1,1.0,3.332204510175204,7.359690401475152,0.0025408348457350276,0,0.0
2466,대조,0,5.0,9.0,118.84,64.0,0.0,0.0,0.0,0.0,0,4.17,3.0,2.0,230.92000000000002,11.0,5.0,1,1,5.0,2.302585092994046,4.786157519768909,0.0,0,0.0
2467,대조,0,3.0,58.0,1706.99,20621.0,1.0,1.34,0.0,0.0,1,0.0,0.0,0.0,884.71,35.0,3.0,0,1,3.0,4.07753744390572,7.443072519530439,0.0007850075278706964,0,0.0
2468,대조,0,11.0,11.0,272.89,137.0,0.0,0.0,0.0,0.0,0,0.0,0.0,0.0,491.22,13.0,11.0,0,1,11.0,2.4849066497880004,5.612726565927474,0.0,0,0.0
2470,대조,0,6.0,18.0,192.26,100.0,0.0,0.0,0.0,0.0,0,0.0,0.0,0.0,56.910000000000004,8.0,6.0,0,1,6.0,2.9444389791664403,5.264036432571163,0.0,0,0.0
2472,대조,0,17.0,3.0,40.78,39.0,0.0,0.0,0.0,0.0,0,0.0,0.0,0.0,14.66,2.0,17.0,0,1,17.0,1.3862943611198906,3.7324177561284198,0.0,0,0.0
2475,대조,0,1.0,15.0,370.26,142.0,0.0,0.0,0.0,0.0,0,0.0,0.0,0.0,736.21,13.0,1.0,0,1,1.0,2.772588722239781,5.916902625781077,0.0,0,0.0
2477,대조,0,47.0,6.0,115.98,23297.0,0.0,0.0,0.0,0.0,0,0.0,0.0,0.0,110.64,4.0,47.0,0,1,47.0,1.9459101490553132,4.76200298001488,0.0,0,0.0
2479,대조,0,2.0,23.0,2417.22,117907.0,1.0,3.34,0.0,0.0,1,10.23,3.0,3.0,1531.13,13.0,2.0,1,1,2.0,3.1780538303479458,7.790787011320452,0.0013817525918203557,0,0.0
2481,대조,0,8.0,20.0,664.15,22205.0,0.0,0.0,0.0,0.0,0,0.0,0.0,0.0,770.29,19.0,8.0,0,1,8.0,3.044522437723423,6.500012579129915,0.0,0,0.0
2483,대조,0,,0.0,0.0,0.0,0.0,0.0,0.0,0.0,1,0.0,0.0,0.0,0.0,0.0,90.0,0,0,90.0,0.0,0.0,0.0,0,0.0
2484,대조,0,8.0,24.0,1082.0,103721.0,0.0,0.0,0.0,0.0,0,0.0,0.0,0.0,699.98,15.0,8.0,0,1,8.0,3.2188758248682006,6.9874902470009905,0.0,0,0.0
2485,대조,0,1.0,17.0,309.8,18856.0,0.0,0.0,0.0,0.0,0,3.58,2.0,2.0,313.56,15.0,1.0,1,1,1.0,2.8903717578961645,5.739149618493492,0.0,0,0.0
2486,대조,0,37.0,3.0,125.99,3841.0,2.0,2.6799999999999997,0.0,0.0,1,6.68,4.0,4.0,228.99,5.0,37.0,1,1,37.0,1.3862943611198906,4.844108343200942,0.02127152948646718,0,0.0
2489,대조,0,1.0,19.0,1719.44,22196.0,4.0,8.05,0.0,0.0,1,6.83,3.0,3.0,1305.81,14.0,1.0,1,1,1.0,2.995732273553991,7.450335351046177,0.00468175685106779,0,0.0
2493,대조,0,11.0,20.0,656.65,19978.0,1.0,4.69,0.0,0.0,0,0.0,0.0,0.0,366.73,15.0,11.0,0,1,11.0,3.044522437723423,6.488672874914788,0.007142313256681643,0,0.0
2494,대조,0,,0.0,0.0,0.0,0.0,0.0,0.0,0.0,1,4.39,1.0,1.0,163.62,3.0,90.0,1,1,90.0,0.0,0.0,0.0,0,0.0
2496,대조,0,8.0,10.0,884.07,28252.0,5.0,8.33,0.0,0.0,1,5.28,2.0,2.0,407.93,6.0,8.0,1,1,8.0,2.3978952727983707,6.7856667379252,0.009422330810908638,0,0.0
2497,대조,0,3.0,29.0,1080.14,443.0,6.0,11.76,0.0,0.0,1,1.99,1.0,1.0,683.32,26.0,3.0,1,1,3.0,3.4011973816621555,6.985771318966778,0.010887477549206583,0,0.0
2498,대조,0,3.0,4.0,43.4,18.0,0.0,0.0,0.0,0.0,1,0.0,0.0,0.0,273.31,16.0,3.0,0,1,3.0,1.6094379124341003,3.7932394694381792,0.0,0,0.0
2499,대조,0,9.0,12.0,170.79999999999998,27403.0,0.0,0.0,0.0,0.0,1,9.76,4.0,4.0,361.85,13.0,9.0,1,1,9.0,2.5649493574615367,5.146331009550155,0.0,0,0.0
2500,대조,0,10.0,10.0,409.76,31013.0,0.0,0.0,0.0,0.0,0,0.0,0.0,0.0,375.44,6.0,10.0,0,1,10.0,2.3978952727983707,6.018009102330094,0.0,0,0.0
