household_key,group,treatment,recency_days,pre_baskets,pre_sales,pre_quantity,pre_target_purchase_count,pre_target_sales,pre_coupon_redemptions,pre_campaign_count_raw,has_demographic,target_sales,target_quantity,target_purchase_count,total_sales,baskets,recency_days_filled,target_purchase,any_purchase,pre_recency_capped,log_pre_baskets,log_pre_sales,pre_target_share,pre_coupon_user,pre_campaign_count_c,p_score,logit_p,in_support
2,대조,0,15.0,8.0,395.05,156.0,68.0,206.75,0.0,0.0,0,27.32,13.0,11.0,107.52,1.0,15.0,1,1,15.0,2.1972245773362196,5.981540465910289,0.5233514744968991,0,0.0,0.20748881606887518,-1.3401291781128633,True
4,대조,0,8.0,3.0,68.0,25.0,7.0,36.27,0.0,1.0,0,0.0,0.0,0.0,0.0,0.0,8.0,0,0,8.0,1.3862943611198906,4.23410650459726,0.5333823529411765,0,1.0,0.20653023242703195,-1.3459686334534935,True
6,처치,1,1.0,41.0,909.07,47214.0,136.0,490.31,0.0,2.0,0,249.08,94.0,72.0,493.46,24.0,1.0,1,1,1.0,3.7376696182833684,6.813521519629391,0.539353405128318,0,2.0,0.8148047078299996,1.4815375605917736,True
7,대조,0,26.0,6.0,534.58,214.0,95.0,307.81,0.0,2.0,1,199.38,71.0,66.0,327.01,4.0,26.0,1,1,26.0,1.9459101490553132,6.2833502718203365,0.5757978225896966,0,2.0,0.5407540970156491,0.16337883839309747,True
16,대조,0,64.0,8.0,97.49,9002.0,8.0,27.31,0.0,2.0,1,7.59,3.0,3.0,11.34,2.0,64.0,1,1,64.0,2.1972245773362196,4.589955020181611,0.280131295517489,0,2.0,0.7227412622533974,0.9581001497381058,True
17,처치,1,34.0,9.0,507.43,36786.0,48.0,314.92,0.0,3.0,1,181.76,79.0,29.0,236.28,5.0,34.0,1,1,34.0,2.302585092994046,6.231327546228959,0.6206176221350729,0,3.0,0.7605867084780709,1.1558988085685038,True
18,처치,1,8.0,22.0,1037.06,34420.0,132.0,383.55,2.0,1.0,1,261.3,104.0,81.0,549.35,12.0,8.0,1,1,8.0,3.1354942159291497,6.945108865523486,0.36984359632036723,1,1.0,0.8297726361847199,1.5840167532674698,True
20,처치,1,1.0,71.0,1419.56,60144.0,192.0,523.61,0.0,3.0,1,257.03000000000003,114.0,85.0,820.22,38.0,1.0,1,1,1.0,4.276666119016055,7.258806439050579,0.3688537293245795,0,3.0,0.9671049937658315,3.380986206304349,True
22,처치,1,2.0,22.0,864.78,109566.0,96.0,289.82,1.0,5.0,1,209.89,65.0,58.0,441.14,10.0,2.0,1,1,2.0,3.1354942159291497,6.76363083471797,0.33513726034367125,1,5.0,0.9866254826423565,4.300939310492511,False
23,처치,1,5.0,11.0,227.74,15708.0,32.0,101.02000000000001,0.0,1.0,0,61.410000000000004,26.0,21.0,171.14000000000001,11.0,5.0,1,1,5.0,2.4849066497880004,5.432585987353071,0.443576007728111,0,1.0,0.44321233237770796,-0.22813499930014283,True
25,처치,1,4.0,12.0,454.08000000000004,193.0,63.0,128.44,0.0,2.0,1,101.31,57.0,49.0,428.46000000000004,10.0,4.0,1,1,4.0,2.5649493574615367,6.120473227671516,0.28285764622973925,0,2.0,0.7605972514374796,1.1559567077064832,True
26,처치,1,5.0,17.0,474.63,201.0,80.0,313.84000000000003,0.0,0.0,0,32.66,20.0,17.0,48.6,5.0,5.0,1,1,5.0,2.8903717578961645,6.164640241044268,0.6612308535069423,0,0.0,0.3100650978218409,-0.7998149800637984,True
27,처치,1,1.0,73.0,993.72,512.0,168.0,240.77,0.0,4.0,1,157.49,204.0,120.0,612.92,41.0,1.0,1,1,1.0,4.30406509320417,6.902461290521027,0.2422915911926901,0,4.0,0.986049678057622,4.258204150451272,False
31,대조,0,1.0,10.0,689.15,46667.0,103.0,264.56,0.0,0.0,1,162.59,75.0,56.0,461.41,8.0,1.0,1,1,1.0,2.3978952727983707,6.536908965269587,0.38389320177029673,0,0.0,0.37532722118392475,-0.5094297234308941,True
32,처치,1,7.0,13.0,526.78,13377.0,71.0,206.18,0.0,4.0,0,79.36,27.0,26.0,209.34,5.0,7.0,1,1,7.0,2.6390573296152584,6.268679530209919,0.39139678803295497,0,4.0,0.8696561677118438,1.8979221012926566,True
36,처치,1,1.0,37.0,975.6,467.0,200.0,765.52,0.0,1.0,0,282.29,116.0,72.0,504.14,19.0,1.0,1,1,1.0,3.6375861597263857,6.88407715162756,0.7846658466584665,0,1.0,0.6040983100462839,0.42257102692652215,True
37,대조,0,9.0,7.0,303.69,120.0,8.0,32.36,0.0,1.0,0,30.48,21.0,9.0,37.96,2.0,9.0,1,1,9.0,2.0794415416798357,5.71929486628671,0.10655602752807139,0,1.0,0.4275551926947317,-0.2918329385652547,True
38,대조,0,35.0,4.0,55.93,20.0,8.0,28.08,0.0,1.0,0,5.98,2.0,1.0,108.93,3.0,35.0,1,1,35.0,1.6094379124341003,4.0418224429629905,0.5020561416055783,0,1.0,0.2594254133229055,-1.0489571166680394,True
39,처치,1,3.0,5.0,343.32,147.0,60.0,170.45,0.0,3.0,1,105.52,55.0,46.0,233.7,5.0,3.0,1,1,3.0,1.791759469228055,5.841571457533365,0.49647559128509844,0,3.0,0.6898703846607551,0.7995134075363981,True
41,대조,0,2.0,12.0,656.42,331.0,127.0,377.55,0.0,0.0,0,189.04,93.0,72.0,335.03,7.0,2.0,1,1,2.0,2.5649493574615367,6.488323083645357,0.5751652905152189,0,0.0,0.2544333464493131,-1.0751056363700702,True
42,처치,1,5.0,16.0,333.26,227.0,74.0,171.13,0.0,1.0,1,71.72,35.0,28.0,114.67,4.0,5.0,1,1,5.0,2.833213344056216,5.811919133260779,0.5135029706535438,0,1.0,0.6314091912702624,0.5382670236841528,True
43,대조,0,1.0,17.0,104.86,3957.0,23.0,57.59,0.0,3.0,1,9.02,7.0,6.0,20.76,5.0,1.0,1,1,1.0,2.8903717578961645,4.662117466429842,0.5492084684341026,0,3.0,0.8816679914020158,2.008321252360499,True
45,대조,0,4.0,2.0,24.22,6.0,6.0,24.22,0.0,1.0,0,4.99,1.0,1.0,9.16,1.0,4.0,1,1,4.0,1.0986122886681098,3.2276373305367736,1.0,0,1.0,0.11145481755247161,-2.0759662137730044,True
47,처치,1,6.0,16.0,531.72,149.0,63.0,261.2,0.0,1.0,0,77.75,31.0,30.0,161.82,12.0,6.0,1,1,6.0,2.833213344056216,6.277995957802367,0.4912359888663206,0,1.0,0.4973362990724045,-0.010654904510840913,True
48,대조,0,2.0,21.0,476.7,7243.0,110.0,362.41,0.0,0.0,1,110.77,39.0,35.0,124.73,5.0,2.0,1,1,2.0,3.091042453358316,6.168982920395917,0.7602475351374031,0,0.0,0.45479394257138056,-0.18131936732804915,True
49,처치,1,4.0,17.0,1310.42,53430.0,221.0,628.11,0.0,2.0,1,231.24,133.0,80.0,506.88,9.0,4.0,1,1,4.0,2.8903717578961645,7.178865798590151,0.4793196074540987,0,2.0,0.7604609695059511,1.1552084180880804,True
51,처치,1,6.0,13.0,469.24,209.0,62.0,199.74,0.0,2.0,0,129.88,60.0,42.0,257.11,4.0,6.0,1,1,6.0,2.6390573296152584,6.153243202670607,0.4256670360583071,0,2.0,0.6320181144518108,0.5408843429398489,True
55,처치,1,2.0,20.0,126.46000000000001,79.0,21.0,48.87,0.0,2.0,1,19.98,8.0,8.0,40.88,10.0,2.0,1,1,2.0,3.044522437723423,4.8478025898861485,0.3864463071326901,0,2.0,0.8418075464847043,1.6717390689797245,True
56,대조,0,1.0,31.0,1248.9,450.0,158.0,558.19,2.0,1.0,1,110.33,53.0,42.0,323.16,18.0,1.0,1,1,1.0,3.4657359027997265,7.130818827096176,0.4469453118744495,1,1.0,0.8602168564049201,1.8170922686838333,True
57,처치,1,2.0,17.0,145.01,94.0,25.0,70.68,0.0,2.0,1,11.81,8.0,6.0,20.52,4.0,2.0,1,1,2.0,2.8903717578961645,4.983675112513472,0.48741466105785813,0,2.0,0.7990668744297577,1.3804724958295636,True
64,처치,1,1.0,32.0,468.64,274.0,79.0,237.62,0.0,1.0,0,140.29,49.0,41.0,277.88,14.0,1.0,1,1,1.0,3.4965075614664802,6.151966443762011,0.5070416524411062,0,1.0,0.6623329728403672,0.6737081264262067,True
65,처치,1,1.0,28.0,449.9,124.0,32.0,125.25,0.0,4.0,0,74.69,18.0,17.0,116.74,10.0,1.0,1,1,1.0,3.367295829986474,6.111245585427039,0.2783951989330963,0,4.0,0.9427426060228238,2.8012365065848064,True
67,처치,1,1.0,23.0,1163.55,32908.0,176.0,628.88,9.0,2.0,1,309.61,166.0,111.0,745.0,20.0,1.0,1,1,1.0,3.1780538303479458,7.060090025285416,0.540483864036784,1,2.0,0.8891732461216981,2.082323887893292,True
71,처치,1,11.0,9.0,249.21,56.0,19.0,49.37,0.0,0.0,1,148.55,80.0,46.0,235.71,5.0,11.0,1,1,11.0,2.302585092994046,5.52230056525969,0.19810601500742345,0,0.0,0.4296899423995312,-0.28311628922952514,True
74,처치,1,3.0,20.0,402.02,258.0,118.0,258.39,0.0,2.0,1,20.490000000000002,16.0,12.0,32.63,1.0,3.0,1,1,3.0,3.044522437723423,5.998986188506828,0.6427292174518681,0,2.0,0.7779388153887721,1.253694927369964,True
77,대조,0,13.0,8.0,449.57,228.0,90.0,227.11,0.0,1.0,1,172.07,82.0,64.0,360.44,6.0,13.0,1,1,13.0,2.1972245773362196,6.110513447885599,0.5051716084258292,0,1.0,0.4640952494158084,-0.1438666310727785,True
78,처치,1,1.0,32.0,288.11,191.0,54.0,134.46,0.0,2.0,1,118.74000000000001,76.0,44.0,296.04,17.0,1.0,1,1,1.0,3.4965075614664802,5.666807238531306,0.46669674776994896,0,2.0,0.8767357098915187,1.961874839645973,True
79,대조,0,1.0,24.0,498.67,14891.0,59.0,231.54999999999998,0.0,0.0,0,135.54,57.0,50.0,510.9,16.0,1.0,1,1,1.0,3.2188758248682006,6.213947880526312,0.46433513144965605,0,0.0,0.44086838299826003,-0.23763851659873242,True
80,처치,1,6.0,14.0,471.8,13745.0,86.0,274.17,0.0,0.0,1,175.65,106.0,67.0,275.09,7.0,6.0,1,1,6.0,2.70805020110221,6.158672466091889,0.5811148791860958,0,0.0,0.4081671537400598,-0.37154745968061687,True
83,대조,0,2.0,13.0,136.54,42.0,12.0,73.33,0.0,1.0,0,12.4,5.0,6.0,94.76,10.0,2.0,1,1,2.0,2.6390573296152584,4.92391478389169,0.5370587373663396,0,1.0,0.4696227663842675,-0.12165876718906303,True
85,처치,1,8.0,31.0,653.52,330.0,140.0,347.82,0.0,3.0,1,35.49,18.0,12.0,59.55,4.0,8.0,1,1,8.0,3.4657359027997265,6.483902142560694,0.5322254865956666,0,3.0,0.9193674260306123,2.4337831417403932,True
86,대조,0,16.0,10.0,914.91,344.0,79.0,278.87,0.0,1.0,1,218.44,66.0,53.0,405.8,2.0,16.0,1,1,16.0,2.3978952727983707,6.819918106571852,0.30480593719600835,0,1.0,0.5549237751683535,0.22058520302115875,True
91,처치,1,1.0,24.0,618.16,50828.0,61.0,191.37,0.0,0.0,0,131.55,44.0,41.0,341.3,20.0,1.0,1,1,1.0,3.2188758248682006,6.4283637207056765,0.30958004400155303,0,0.0,0.4793946147895931,-0.08246824803785796,True
92,대조,0,5.0,3.0,83.12,44.0,18.0,41.42,0.0,1.0,0,125.55,66.0,52.0,147.31,5.0,5.0,1,1,5.0,1.3862943611198906,4.432244350834499,0.4983156881616939,0,1.0,0.20953620585348895,-1.327723309660901,True
96,대조,0,,0.0,0.0,0.0,0.0,0.0,0.0,2.0,0,0.0,0.0,0.0,0.0,0.0,90.0,0,0,90.0,0.0,0.0,0.0,0,2.0,0.2626252500019945,-1.0323681321800022,True
97,처치,1,8.0,37.0,877.72,88062.0,143.0,312.69,0.0,2.0,1,154.46,78.0,73.0,601.5,22.0,8.0,1,1,8.0,3.6375861597263857,6.778466303139552,0.3562525634598733,0,2.0,0.8927239956478339,2.1188724644401447,True
98,대조,0,7.0,13.0,221.01,174.0,66.0,122.27,0.0,2.0,1,57.38,35.0,31.0,105.13,5.0,7.0,1,1,7.0,2.6390573296152584,5.402722425902827,0.5532328853898014,0,2.0,0.730992486204776,0.9996638693713232,True
99,처치,1,1.0,36.0,858.12,471.0,222.0,572.05,0.0,1.0,0,390.93,219.0,158.0,606.38,18.0,1.0,1,1,1.0,3.6109179126442243,6.755908609549961,0.6666317065212324,0,1.0,0.6328375820252488,0.5444094987973145,True
103,대조,0,53.0,4.0,62.31,35.0,15.0,36.71,0.0,1.0,0,2.99,1.0,1.0,17.97,1.0,53.0,1,1,53.0,1.6094379124341003,4.148043294556035,0.5891510190980581,0,1.0,0.2395345339024492,-1.1552331030817828,True
108,처치,1,13.0,7.0,97.1,46.0,15.0,39.589999999999996,0.0,3.0,0,8.45,1.0,1.0,8.45,1.0,13.0,1,1,13.0,2.0794415416798357,4.585987366571318,0.40772399588053554,0,3.0,0.6929083122384019,0.8137513246625424,True
109,처치,1,3.0,20.0,714.86,275.0,115.0,289.18,0.0,2.0,1,112.6,52.0,51.0,271.22,10.0,3.0,1,1,3.0,3.044522437723423,6.573484617115764,0.4045267604845704,0,2.0,0.8125013784567476,1.466346117150484,True
110,처치,1,2.0,25.0,310.38,9236.0,90.0,185.76,0.0,1.0,1,149.93,70.0,51.0,189.56,8.0,2.0,1,1,2.0,3.258096538021482,5.741014031261528,0.5984921708872994,0,1.0,0.7087820158418933,0.8894759530851772,True
111,대조,0,23.0,11.0,258.41,97.0,55.0,142.17000000000002,0.0,0.0,0,3.49,3.0,3.0,8.379999999999999,1.0,23.0,1,1,23.0,2.4849066497880004,5.558409821640448,0.5501722069579351,0,0.0,0.26429012127434093,-1.0237884105327693,True
112,처치,1,10.0,12.0,334.99,26478.0,13.0,62.870000000000005,0.0,0.0,0,22.979999999999997,2.0,2.0,87.64,5.0,10.0,1,1,10.0,2.5649493574615367,5.817081397615548,0.18767724409683872,0,0.0,0.3647592430724021,-0.5547665438787512,True
114,처치,1,5.0,12.0,574.45,819.0,100.0,342.67,0.0,2.0,1,100.61,43.0,37.0,211.52,4.0,5.0,1,1,5.0,2.5649493574615367,6.3551523434145,0.5965184089128731,0,2.0,0.6835321522218512,0.7700520459912574,True
116,대조,0,4.0,12.0,113.03,57.0,26.0,40.61,0.0,2.0,0,24.74,25.0,18.0,54.66,7.0,4.0,1,1,4.0,2.5649493574615367,4.736461571669267,0.3592851455365832,0,2.0,0.6662636365412129,0.6913340925453924,True
118,처치,1,5.0,13.0,563.11,31650.0,102.0,222.77,0.0,2.0,1,190.07,114.0,93.0,429.12,7.0,5.0,1,1,5.0,2.6390573296152584,6.335249267942109,0.395606542238639,0,2.0,0.7466094224277128,1.080610103663143,True
119,대조,0,25.0,10.0,446.32,137.0,74.0,275.71,0.0,1.0,1,70.39,22.0,21.0,148.62,5.0,25.0,1,1,25.0,2.3978952727983707,6.103274222159987,0.6177406345223158,0,1.0,0.48495880090185606,-0.06018295497766433,True
121,처치,1,11.0,27.0,485.54,233.0,100.0,298.21,0.0,1.0,1,82.81,33.0,31.0,114.99000000000001,8.0,11.0,1,1,11.0,3.332204510175204,6.187319118184521,0.6141821477118259,0,1.0,0.7116545718590662,0.9034334771107865,True
122,처치,1,1.0,15.0,195.1,65.0,27.0,85.69,0.0,3.0,0,29.82,11.0,10.0,62.88,5.0,1.0,1,1,1.0,2.772588722239781,5.2786247332023,0.43921066119938496,0,3.0,0.805550287021833,1.4213520457117979,True
123,처치,1,1.0,19.0,422.67,206.0,112.0,285.09,0.0,1.0,1,120.69,51.0,48.0,225.46,11.0,1.0,1,1,1.0,2.995732273553991,6.048954850311007,0.6744978351905742,0,1.0,0.6214137103637657,0.4955530355869499,True
132,처치,1,2.0,18.0,290.58,124.0,65.0,169.21,0.0,4.0,0,85.04,42.0,40.0,168.97,7.0,2.0,1,1,2.0,2.9444389791664403,5.675314410676676,0.5823181223759378,0,4.0,0.8867692403332231,2.0581569336403565,True
134,처치,1,5.0,15.0,882.43,445.0,153.0,455.19,0.0,3.0,1,367.99,137.0,87.0,617.08,5.0,5.0,1,1,5.0,2.772588722239781,6.783812058286963,0.5158369502396791,0,3.0,0.8452734649908424,1.6980009337466082,True
136,대조,0,5.0,20.0,679.06,363.0,126.0,286.37,0.0,1.0,1,68.98,39.0,31.0,155.1,6.0,5.0,1,1,5.0,3.044522437723423,6.522181029571765,0.42171531234353377,0,1.0,0.6873636962673696,0.7878230038843425,True
137,대조,0,6.0,6.0,57.15,18.0,5.0,10.379999999999999,0.0,1.0,0,0.0,0.0,0.0,0.0,0.0,6.0,0,0,6.0,1.9459101490553132,4.063025878964673,0.1816272965879265,0,1.0,0.415635107906657,-0.34071787205097653,True
138,대조,0,4.0,8.0,388.46000000000004,152.0,79.0,251.39000000000001,0.0,2.0,0,94.60000000000001,37.0,35.0,280.16,5.0,4.0,1,1,4.0,2.1972245773362196,5.964761164273432,0.6471451372084641,0,2.0,0.4614639684472026,-0.15445042929528788,True
139,처치,1,4.0,16.0,504.29,30434.0,87.0,192.22,0.0,0.0,1,222.74,116.0,85.0,340.47,8.0,4.0,1,1,4.0,2.833213344056216,6.225132521878404,0.3811695651311745,0,0.0,0.495300810955253,-0.018797309644412643,True
140,처치,1,1.0,7.0,276.66,145.0,64.0,185.09,0.0,2.0,0,47.03,24.0,17.0,71.9,5.0,1.0,1,1,1.0,2.0794415416798357,5.626397343606657,0.6690161208703824,0,2.0,0.4336703242115468,-0.2668917508836869,True
142,처치,1,4.0,21.0,280.72,114.0,39.0,116.02000000000001,0.0,4.0,0,21.63,9.0,8.0,51.81,9.0,4.0,1,1,4.0,3.091042453358316,5.64091366987721,0.4132943858649188,0,4.0,0.9175587419741722,2.409630586027485,True
145,대조,0,31.0,4.0,156.74,46.0,13.0,16.7,0.0,1.0,0,24.26,5.0,4.0,79.72,3.0,31.0,1,1,31.0,1.6094379124341003,5.060948107969845,0.10654587214495341,0,1.0,0.3309145379182897,-0.7040516495419034,True
149,처치,1,5.0,33.0,1749.31,174103.0,206.0,603.35,0.0,3.0,1,374.85,142.0,132.0,1405.29,23.0,5.0,1,1,5.0,3.5263605246161616,7.467548194086759,0.34490742064013813,0,3.0,0.9312626695054782,2.606248938591018,True
151,대조,0,,0.0,0.0,0.0,0.0,0.0,0.0,1.0,0,0.99,1.0,1.0,13.99,1.0,90.0,1,1,90.0,0.0,0.0,0.0,0,1.0,0.15483169392656282,-1.6971971049821566,True
155,처치,1,24.0,4.0,297.29,117.0,58.0,149.92000000000002,0.0,1.0,1,110.03,46.0,40.0,265.52,6.0,24.0,1,1,24.0,1.6094379124341003,5.698066167660092,0.5042887416327492,0,1.0,0.33019076396142094,-0.7073223894621502,True
158,처치,1,2.0,31.0,375.8,110.0,72.0,115.05,1.0,2.0,1,69.29,44.0,36.0,229.5,19.0,2.0,1,1,2.0,3.4657359027997265,5.931714542702208,0.30614688664183076,1,2.0,0.9411858758083039,2.772758616760908,True
160,대조,0,23.0,7.0,178.60999999999999,10508.0,16.0,91.96,0.0,1.0,0,38.96,18.0,14.0,63.17,4.0,23.0,1,1,23.0,2.0794415416798357,5.19078783360537,0.5148647892055316,0,1.0,0.33157844144984394,-0.7010546427401814,True
161,처치,1,1.0,45.0,863.85,30940.0,107.0,304.36,0.0,0.0,1,350.84,128.0,111.0,767.49,34.0,1.0,1,1,1.0,3.828641396489095,6.762556081489932,0.35232968686693295,0,0.0,0.7295329986829727,0.9922545021870355,True
164,처치,1,2.0,21.0,818.88,4101.0,220.0,508.67,0.0,0.0,1,237.21,125.0,98.0,393.79,8.0,2.0,1,1,2.0,3.091042453358316,6.709157988085927,0.6211777061352091,0,0.0,0.4802342206287493,-0.07910434128635467,True
165,처치,1,3.0,24.0,533.15,40614.0,109.0,305.17,1.0,5.0,1,106.71000000000001,59.0,45.0,173.55,11.0,3.0,1,1,3.0,3.2188758248682006,6.280676698391896,0.5723905092375504,1,5.0,0.984733020759896,4.16667828303391,False
166,처치,1,10.0,18.0,489.15000000000003,197.0,60.0,207.97,0.0,0.0,1,181.34,52.0,38.0,311.26,10.0,10.0,1,1,10.0,2.9444389791664403,6.194711466707735,0.4251661044669324,0,0.0,0.5128467850508696,0.05139845258829481,True
179,대조,0,17.0,4.0,55.11,17.0,3.0,11.82,0.0,1.0,0,13.65,5.0,3.0,52.08,1.0,17.0,1,1,17.0,1.6094379124341003,4.0273140497628805,0.21448013064779534,0,1.0,0.3270123205046003,-0.721729175063676,True
180,처치,1,19.0,6.0,74.73,1729.0,7.0,17.84,0.0,1.0,0,75.41,36.0,17.0,146.1,4.0,19.0,1,1,19.0,1.9459101490553132,4.327174383125731,0.23872608055667066,0,1.0,0.393917863842254,-0.43087309493880555,True
181,대조,0,62.0,7.0,348.77,28955.0,65.0,169.15,0.0,2.0,0,74.88,37.0,34.0,130.71,3.0,62.0,1,1,62.0,2.0794415416798357,5.85727579561331,0.4849901080941595,0,2.0,0.48459849360367924,-0.06162552114322156,True
183,처치,1,2.0,17.0,264.67,80.0,30.0,179.47,0.0,2.0,0,75.73,20.0,20.0,114.01,12.0,2.0,1,1,2.0,2.8903717578961645,5.5822549370948344,0.6780896966033173,0,2.0,0.6392097610877742,0.5719359313137755,True
184,처치,1,4.0,44.0,1355.56,132240.0,115.0,657.9,0.0,4.0,1,257.74,83.0,48.0,461.28000000000003,13.0,4.0,1,1,4.0,3.8066624897703196,7.212707362598872,0.485334474313199,0,4.0,0.9685758938154427,3.4282515307450394,True
185,대조,0,2.0,6.0,306.68,3762.0,77.0,200.42,0.0,1.0,0,22.94,11.0,9.0,108.15,6.0,2.0,1,1,2.0,1.9459101490553132,5.72906028184047,0.6535150645624103,0,1.0,0.2566229979751009,-1.0635952472340064,True
187,대조,0,17.0,5.0,54.55,38.0,14.0,37.43,0.0,2.0,0,22.560000000000002,6.0,6.0,25.83,3.0,17.0,1,1,17.0,1.791759469228055,4.017283516085639,0.6861594867094409,0,2.0,0.39915857284800155,-0.40897228776692257,True
188,처치,1,,0.0,0.0,0.0,0.0,0.0,0.0,1.0,0,0.0,0.0,0.0,0.0,0.0,90.0,0,0,90.0,0.0,0.0,0.0,0,1.0,0.15483169392656282,-1.6971971049821566,True
192,대조,0,5.0,11.0,414.83,159.0,58.0,205.3,0.0,2.0,1,131.58,44.0,41.0,298.35,8.0,5.0,1,1,5.0,2.4849066497880004,6.030276522893371,0.4949015259262831,0,2.0,0.6981489908818642,0.8384989856216772,True
193,처치,1,10.0,20.0,899.99,130021.0,70.0,243.34,0.0,2.0,1,72.24,36.0,25.0,378.94,9.0,10.0,1,1,10.0,3.044522437723423,6.803494158767612,0.270380782008689,0,2.0,0.8317676140156455,1.5982068182282427,True
194,대조,0,21.0,8.0,219.46,70.0,25.0,54.31,0.0,1.0,0,66.74000000000001,34.0,33.0,181.89000000000001,5.0,21.0,1,1,21.0,2.1972245773362196,5.39571627253517,0.2474710653422036,0,1.0,0.4272252108164468,-0.2931813013927873,True
195,처치,1,2.0,6.0,431.36,16099.0,97.0,248.96,0.0,1.0,0,82.16,39.0,30.0,197.23,4.0,2.0,1,1,2.0,1.9459101490553132,6.0692585745480025,0.5771513353115727,0,1.0,0.26656161782411053,-1.0121381606127078,True
200,대조,0,1.0,11.0,20.4,16.0,2.0,2.35,0.0,0.0,0,130.25,36.0,31.0,220.1,17.0,1.0,1,1,1.0,2.4849066497880004,3.0633909220278057,0.11519607843137256,0,0.0,0.43479067177195146,-0.26233145401952485,True
205,처치,1,21.0,19.0,441.25,180.0,94.0,301.69,0.0,0.0,0,541.12,181.0,134.0,745.09,18.0,21.0,1,1,21.0,2.995732273553991,6.091875333039894,0.6837167138810198,0,0.0,0.33104785134988923,-0.7034495999484706,True
208,처치,1,1.0,26.0,823.16,56549.0,116.0,367.22,1.0,4.0,1,140.8,55.0,44.0,298.45,6.0,1.0,1,1,1.0,3.295836866004329,6.714364685817275,0.44611011225035235,1,4.0,0.9754042356252179,3.680277737489248,True
211,처치,1,2.0,21.0,325.69,192.0,51.0,115.4,0.0,0.0,1,113.18,53.0,44.0,221.83,14.0,2.0,1,1,2.0,3.091042453358316,5.789011709017037,0.35432466455832234,0,0.0,0.580944843633526,0.3266532694755765,True
214,처치,1,7.0,14.0,481.67,210.0,128.0,343.47,1.0,2.0,1,165.73,85.0,72.0,243.86,9.0,7.0,1,1,7.0,2.70805020110221,6.179333190331053,0.7130815703697553,1,2.0,0.8161497102327687,1.4904760227055271,True
215,처치,1,2.0,18.0,130.76,101.0,51.0,69.03,0.0,0.0,0,108.41,52.0,50.0,180.18,15.0,2.0,1,1,2.0,2.9444389791664403,4.880982085869385,0.5279137350871826,0,0.0,0.38854469544036463,-0.4534336516064082,True
216,처치,1,2.0,17.0,378.35,212.0,36.0,150.96,0.0,1.0,1,98.03,33.0,26.0,392.90999999999997,14.0,2.0,1,1,2.0,2.8903717578961645,5.938459261784084,0.39899563895863616,0,1.0,0.6715348261112691,0.7151350610322464,True
217,대조,0,1.0,10.0,417.8,23343.0,61.0,174.04,0.0,1.0,0,47.75,14.0,13.0,141.65,3.0,1.0,1,1,1.0,2.3978952727983707,6.037393478996382,0.4165629487793202,0,1.0,0.41250678814878333,-0.3536120298981633,True
218,처치,1,3.0,27.0,1378.19,240880.0,93.0,318.24,0.0,1.0,1,165.56,55.0,53.0,555.24,6.0,3.0,1,1,3.0,3.332204510175204,7.229251649303096,0.23091155791291476,0,1.0,0.7739262101704677,1.2306150836958618,True
220,처치,1,3.0,11.0,421.63,28451.0,52.0,116.01,0.0,1.0,1,67.16,31.0,23.0,142.94,6.0,3.0,1,1,3.0,2.4849066497880004,6.046497091777351,0.2751464554230012,0,1.0,0.604511898401283,0.42430065060524413,True
221,처치,1,4.0,14.0,423.87,11890.0,86.0,184.17000000000002,0.0,1.0,1,113.85000000000001,71.0,57.0,288.94,10.0,4.0,1,1,4.0,2.70805020110221,6.051783239779927,0.4344964257909265,0,1.0,0.6160728606188643,0.4729124433747648,True
222,처치,1,2.0,10.0,367.2,191.0,98.0,211.25,1.0,1.0,1,153.31,70.0,64.0,305.43,7.0,2.0,1,1,2.0,2.3978952727983707,5.908626268798978,0.5752995642701525,1,1.0,0.6657146530940861,0.688866169625868,True
226,대조,0,,0.0,0.0,0.0,0.0,0.0,0.0,1.0,0,0.0,0.0,0.0,0.0,0.0,90.0,0,0,90.0,0.0,0.0,0.0,0,1.0,0.15483169392656282,-1.6971971049821566,True
227,대조,0,2.0,17.0,223.8,207.0,141.0,170.41,0.0,0.0,0,65.08,64.0,49.0,78.41,7.0,2.0,1,1,2.0,2.8903717578961645,5.415211118019536,0.7614387846291331,0,0.0,0.3024262741084447,-0.8357706825022755,True
228,처치,1,3.0,10.0,283.05,5256.0,33.0,185.5,0.0,0.0,0,95.08,62.0,61.0,304.2,10.0,3.0,1,1,3.0,2.3978952727983707,5.649150279003136,0.6553612435965377,0,0.0,0.22250344585019,-1.2511366236283896,True
230,처치,1,1.0,20.0,418.3,24586.0,96.0,215.24,0.0,1.0,1,171.6,90.0,80.0,337.78,11.0,1.0,1,1,1.0,3.044522437723423,6.038586654176717,0.5145589289983266,0,1.0,0.6751490343899341,0.7315669483884923,True
236,대조,0,12.0,2.0,15.51,7.0,3.0,11.99,0.0,2.0,0,96.42,29.0,20.0,133.6,4.0,12.0,1,1,12.0,1.0986122886681098,2.8039662579320366,0.7730496453900709,0,2.0,0.24934306634818693,-1.10211900997915,True
242,처치,1,9.0,12.0,717.23,282.0,118.0,393.37,0.0,1.0,1,283.3,102.0,79.0,439.73,7.0,9.0,1,1,9.0,2.5649493574615367,6.576789852013997,0.5484572591776696,0,1.0,0.5344437439853559,0.13799353498752379,True
243,처치,1,3.0,36.0,1301.68,110312.0,184.0,618.22,3.0,3.0,1,280.18,97.0,83.0,603.03,14.0,3.0,1,1,3.0,3.6109179126442243,7.1721789598567165,0.4749400774383873,1,3.0,0.9630961004517898,3.2618359753278328,True
245,대조,0,6.0,3.0,113.65,56.0,16.0,51.2,0.0,1.0,0,57.92,30.0,22.0,142.56,6.0,6.0,1,1,6.0,1.3862943611198906,4.741884009303914,0.45050593928728555,0,1.0,0.21323016470430184,-1.305563579551513,True
246,대조,0,30.0,8.0,147.5,3581.0,31.0,67.36,0.0,1.0,0,10.01,4.0,4.0,16.0,2.0,30.0,1,1,30.0,2.1972245773362196,5.000584958242754,0.4566779661016949,0,1.0,0.38013123380659253,-0.4889912429817119,True
248,대조,0,10.0,5.0,524.5,214.0,72.0,184.07,0.0,1.0,1,287.55,124.0,86.0,466.3,7.0,10.0,1,1,10.0,1.791759469228055,6.264350190317006,0.35094375595805527,0,1.0,0.3999125794741662,-0.4058293735716155,True
249,처치,1,1.0,20.0,387.05,200.0,73.0,123.68,0.0,1.0,1,88.82,43.0,39.0,235.01,11.0,1.0,1,1,1.0,3.044522437723423,5.961134197300148,0.3195452783878052,0,1.0,0.7239915784418285,0.9643483821880725,True
251,대조,0,31.0,12.0,365.38,164.0,75.0,256.02,0.0,1.0,0,86.05,23.0,23.0,128.99,6.0,31.0,1,1,31.0,2.5649493574615367,5.903671046157313,0.7006951666757896,0,1.0,0.38142489590055106,-0.48350464780895686,True
257,처치,1,11.0,18.0,257.12,167.0,59.0,135.69,0.0,2.0,1,187.07,108.0,71.0,287.65,7.0,11.0,1,1,11.0,2.9444389791664403,5.553424593067639,0.527730242688239,0,2.0,0.7911702677700371,1.331993959341231,True
258,처치,1,2.0,28.0,310.72,221.0,107.0,154.51,0.0,3.0,0,103.95,51.0,49.0,200.54,15.0,2.0,1,1,2.0,3.367295829986474,5.74210534897536,0.4972644181256436,0,3.0,0.8726180921100906,1.9243082712706665,True
261,대조,0,4.0,14.0,370.19,39322.0,27.0,94.84,0.0,0.0,0,7.99,3.0,3.0,53.43,2.0,4.0,1,1,4.0,2.70805020110221,5.916714060893994,0.2561927658769821,0,0.0,0.37821844973373486,-0.4971168876496374,True
264,대조,0,7.0,13.0,369.46,164.0,30.0,107.34,0.0,0.0,1,39.39,16.0,14.0,167.16,6.0,7.0,1,1,7.0,2.6390573296152584,5.914745476694577,0.29053212797055167,0,0.0,0.47939935329597316,-0.08244926177485791,True
266,처치,1,5.0,3.0,197.25,83.0,37.0,102.54,0.0,1.0,0,98.99000000000001,44.0,36.0,188.69,3.0,5.0,1,1,5.0,1.3862943611198906,5.289528860514958,0.5198479087452472,0,1.0,0.19087214293257018,-1.4443531527550277,True
271,처치,1,38.0,4.0,31.78,11.0,0.0,0.0,0.0,3.0,0,8.39,4.0,3.0,37.24,2.0,38.0,1,1,38.0,1.6094379124341003,3.4898185733156835,0.0,0,3.0,0.7147685843447231,0.9186579965035101,True
273,처치,1,5.0,23.0,399.1,161.0,55.0,171.89000000000001,0.0,0.0,0,68.47,32.0,26.0,164.56,8.0,5.0,1,1,5.0,3.1780538303479458,5.9917145158631895,0.43069406163868706,0,0.0,0.44610692630106435,-0.21641299199977582,True
275,처치,1,4.0,57.0,1268.21,43607.0,200.0,542.43,0.0,1.0,0,164.28,82.0,60.0,375.61,21.0,4.0,1,1,4.0,4.060443010546419,7.146149938656886,0.427713075910141,0,1.0,0.7766953835038091,1.2465113990799794,True
278,대조,0,2.0,11.0,183.66,60.0,23.0,111.76,0.0,3.0,0,94.33,32.0,19.0,163.24,8.0,2.0,1,1,2.0,2.4849066497880004,5.2185162963444816,0.6085157355983883,0,3.0,0.7178250268117672,0.933698493278015,True
279,대조,0,7.0,17.0,623.5500000000001,58828.0,109.0,322.83,1.0,1.0,0,44.13,19.0,16.0,55.15,2.0,7.0,1,1,7.0,2.8903717578961645,6.437031390411918,0.5177291315852778,1,1.0,0.6654785096629883,0.6878052216431219,True
280,대조,0,12.0,13.0,226.68,20851.0,23.0,130.48,0.0,1.0,0,144.05,61.0,41.0,196.51,8.0,12.0,1,1,12.0,2.6390573296152584,5.427941134341542,0.575613199223575,0,1.0,0.4459471643403719,-0.21705957402859025,True
282,처치,1,7.0,21.0,765.0,34207.0,109.0,368.57,4.0,3.0,1,61.33,20.0,20.0,214.9,7.0,7.0,1,1,7.0,3.091042453358316,6.641182169740591,0.4817908496732026,1,3.0,0.9410770925623111,2.7707951265471826,True
283,대조,0,6.0,9.0,848.1,331.0,159.0,452.93,0.0,1.0,1,246.67000000000002,83.0,81.0,561.47,5.0,6.0,1,1,6.0,2.302585092994046,6.744176965005318,0.5340525881381912,0,1.0,0.4657054230912378,-0.13739403406066145,True
285,대조,0,3.0,19.0,296.71,173.0,79.0,208.78,0.0,4.0,0,160.09,66.0,56.0,305.54,15.0,3.0,1,1,3.0,2.995732273553991,5.696119858320856,0.7036500286475009,0,4.0,0.8776067107888208,1.9699590138138128,True
286,대조,0,36.0,8.0,153.21,74.0,13.0,55.25,0.0,1.0,0,0.0,0.0,0.0,0.0,0.0,36.0,0,0,36.0,2.1972245773362196,5.038315309869565,0.3606161477710332,0,1.0,0.40596574847922706,-0.3806681875018236,True
288,처치,1,1.0,7.0,265.63,14227.0,40.0,122.02,0.0,2.0,0,120.63,48.0,40.0,274.59,8.0,1.0,1,1,1.0,2.0794415416798357,5.585861929545826,0.45936076497383577,0,2.0,0.49469744048700814,-0.021211033267199888,True
289,처치,1,3.0,21.0,652.49,127235.0,65.0,162.15,0.0,3.0,1,209.58,101.0,88.0,546.96,14.0,3.0,1,1,3.0,3.091042453358316,6.482327230728375,0.2485095557020031,0,3.0,0.9144300231833468,2.3689664621926667,True
293,처치,1,2.0,27.0,933.0,374.0,204.0,669.39,0.0,2.0,0,169.65,71.0,53.0,232.64000000000001,6.0,2.0,1,1,2.0,3.332204510175204,6.839476438228843,0.717459807073955,0,2.0,0.7009677589013711,0.851910495630073,True
297,처치,1,11.0,13.0,272.81,128.0,50.0,154.44,0.0,1.0,0,62.95,21.0,18.0,106.83,4.0,11.0,1,1,11.0,2.6390573296152584,5.612434435196896,0.5661082804882519,0,1.0,0.44369447029599723,-0.22618146158109226,True
302,대조,0,1.0,11.0,152.99,60.0,25.0,72.46000000000001,0.0,1.0,1,109.15,24.0,22.0,216.72,12.0,1.0,1,1,1.0,2.4849066497880004,5.036887665240322,0.4736257271717106,0,1.0,0.5752721984083475,0.3033948204258602,True
303,처치,1,1.0,40.0,949.59,19234.0,153.0,442.52,0.0,1.0,0,345.92,195.0,151.0,637.05,29.0,1.0,1,1,1.0,3.713572066704308,6.8570828444527905,0.46601164713192006,0,1.0,0.7050325955539843,0.8713791797401812,True
305,처치,1,9.0,22.0,535.96,14561.0,78.0,273.48,0.0,3.0,0,139.19,43.0,33.0,296.77,8.0,9.0,1,1,9.0,3.1354942159291497,6.2859236038387865,0.5102619598477498,0,3.0,0.8336674376207672,1.6118453949060176,True
307,처치,1,1.0,64.0,391.59000000000003,211.0,64.0,127.07000000000001,1.0,2.0,0,29.73,16.0,14.0,145.24,28.0,1.0,1,1,1.0,4.174387269895637,5.97276581030044,0.3244975612247504,1,2.0,0.9507239016419561,2.959784552985426,True
308,대조,0,13.0,17.0,496.2,24790.0,53.0,175.36,0.0,0.0,0,22.39,9.0,9.0,55.31,4.0,13.0,1,1,13.0,2.8903717578961645,6.208992359636556,0.35340588472390166,0,0.0,0.38987411361917035,-0.4478414055665426,True
312,처치,1,7.0,7.0,523.99,207.0,94.0,279.17,0.0,1.0,0,42.089999999999996,14.0,14.0,180.42,4.0,7.0,1,1,7.0,2.0794415416798357,6.2633792147911675,0.5327773430790664,0,1.0,0.30125073542144315,-0.8413490459523709,True
314,대조,0,7.0,5.0,565.02,359.0,202.0,437.17,0.0,0.0,1,284.85,169.0,115.0,396.76,4.0,7.0,1,1,7.0,1.791759469228055,6.338629413267938,0.7737248239000389,0,0.0,0.17276159607736902,-1.5661803423347345,True
318,처치,1,8.0,19.0,192.84,4952.0,32.0,65.22,0.0,1.0,0,24.03,16.0,10.0,86.95,3.0,8.0,1,1,8.0,2.995732273553991,5.2670330765082705,0.3382078406969508,0,1.0,0.6091159258025217,0.4435975733539145,True
319,처치,1,2.0,19.0,688.58,49120.0,137.0,323.77,0.0,3.0,1,59.43,31.0,27.0,172.2,4.0,2.0,1,1,2.0,2.995732273553991,6.536082716608722,0.47019954108455075,0,3.0,0.8816858640614161,2.008492573228516,True
321,처치,1,2.0,24.0,1021.6,357.0,170.0,651.61,2.0,4.0,1,195.79,62.0,44.0,260.37,5.0,2.0,1,1,2.0,3.2188758248682006,6.930103682645899,0.6378328112764291,1,4.0,0.9663217445674388,3.3566444579558565,True
322,처치,1,20.0,11.0,323.96,145.0,63.0,186.74,0.0,1.0,0,26.94,15.0,13.0,40.3,1.0,20.0,1,1,20.0,2.4849066497880004,5.783702097832075,0.5764291887887394,0,1.0,0.39790211412374166,-0.4142140025916026,True
324,처치,1,9.0,19.0,834.57,77710.0,124.0,332.59000000000003,0.0,4.0,1,414.07,181.0,160.0,892.5600000000001,12.0,9.0,1,1,9.0,2.995732273553991,6.728114126692287,0.3985166013635765,0,4.0,0.9391948599245357,2.737348650122116,True
329,처치,1,5.0,21.0,311.88,180.0,99.0,187.64000000000001,0.0,3.0,1,154.57,85.0,69.0,293.02,12.0,5.0,1,1,5.0,3.091042453358316,5.745819730447258,0.6016416570475824,0,3.0,0.8851336994692319,2.041969858509585,True
330,대조,0,1.0,75.0,675.74,25986.0,177.0,326.97,0.0,1.0,0,61.93,45.0,42.0,119.66,23.0,1.0,1,1,1.0,4.330733340286331,6.517287151879881,0.483869535620209,0,1.0,0.8219685748058371,1.5297420834178823,True
331,대조,0,3.0,8.0,212.36,115.0,48.0,107.51,0.0,2.0,0,105.08999999999999,33.0,24.0,179.21,11.0,3.0,1,1,3.0,2.1972245773362196,5.362980879873759,0.506262949708043,0,2.0,0.5179658842482044,0.07189448845199624,True
333,대조,0,59.0,2.0,63.9,37.0,15.0,48.019999999999996,0.0,1.0,0,0.0,0.0,0.0,0.0,0.0,59.0,0,0,59.0,1.0986122886681098,4.1728476237100445,0.7514866979655711,0,1.0,0.13298925905237666,-1.874782999384164,True
335,대조,0,12.0,25.0,629.13,179.0,58.0,255.79,0.0,2.0,0,24.03,8.0,6.0,36.01,3.0,12.0,1,1,12.0,3.258096538021482,6.445926147304858,0.40657733695738557,0,2.0,0.7645449137019609,1.177760593851816,True
336,대조,0,2.0,36.0,771.73,76467.0,55.0,188.93,0.0,2.0,0,376.98,163.0,115.0,788.63,15.0,2.0,1,1,2.0,3.6109179126442243,6.649929699085574,0.24481360061161286,0,2.0,0.8463755896727203,1.7064524910209518,True
337,대조,0,3.0,10.0,136.84,68.0,13.0,49.36,0.0,1.0,0,47.85,26.0,20.0,88.45,4.0,3.0,1,1,3.0,2.3978952727983707,4.926093592219674,0.3607132417421806,0,1.0,0.4576840606334675,-0.16966962343991138,True
338,처치,1,6.0,30.0,478.73,285.0,129.0,371.45,0.0,1.0,0,92.32,60.0,41.0,144.93,14.0,6.0,1,1,6.0,3.4339872044851463,6.173223445639461,0.7759070875023499,0,1.0,0.5740354638456043,0.2983350837740107,True
339,대조,0,7.0,14.0,333.29,246.0,94.0,231.6,0.0,1.0,0,19.69,20.0,12.0,20.44,1.0,7.0,1,1,7.0,2.70805020110221,5.812008879727072,0.6948903357436466,0,1.0,0.4194163636338591,-0.3251697327094677,True
342,대조,0,3.0,6.0,225.42000000000002,119.0,27.0,109.14,0.0,1.0,0,146.59,52.0,35.0,217.77,7.0,3.0,1,1,3.0,1.9459101490553132,5.422391681649963,0.48416289592760176,0,1.0,0.30248364982962334,-0.8354987286651364,True
343,처치,1,2.0,6.0,134.59,34.0,9.0,17.3,0.0,0.0,0,7.109999999999999,3.0,2.0,26.46,1.0,2.0,1,1,2.0,1.9459101490553132,4.909635626474218,0.1285385244074597,0,0.0,0.2618593851580786,-1.036326679649821,True
345,처치,1,8.0,21.0,553.96,323.0,137.0,334.37,0.0,5.0,0,448.92,184.0,141.0,619.99,16.0,8.0,1,1,8.0,3.091042453358316,6.318896039077046,0.6035995378727705,0,5.0,0.941802466458299,2.783952581852159,True
346,처치,1,3.0,23.0,1002.35,491.0,159.0,489.07,0.0,1.0,1,248.55,118.0,91.0,448.21,11.0,3.0,1,1,3.0,3.1780538303479458,6.911099680232526,0.48792338005686636,0,1.0,0.6917610352874513,0.8083652296436972,True
348,처치,1,7.0,19.0,554.85,330.0,108.0,360.13,0.0,0.0,0,181.67000000000002,75.0,63.0,269.35,13.0,7.0,1,1,7.0,2.995732273553991,6.320498473679624,0.6490583040461385,0,0.0,0.3335403081393714,-0.6922159384232103,True
350,대조,0,12.0,12.0,473.51,67102.0,30.0,129.94,0.0,3.0,1,56.08,18.0,5.0,147.85,4.0,12.0,1,1,12.0,2.5649493574615367,6.162282692643507,0.2744187028785031,0,3.0,0.861571375498614,1.8284030565653295,True
351,처치,1,5.0,42.0,1415.79,623.0,244.0,870.5500000000001,0.0,3.0,1,447.82,181.0,121.0,646.99,21.0,5.0,1,1,5.0,3.7612001156935624,7.256149028284483,0.6148863885180712,0,3.0,0.9284158909781938,2.5626066824770835,True
353,처치,1,6.0,24.0,608.45,278.0,91.0,299.55,1.0,1.0,1,236.93,84.0,61.0,360.95,10.0,6.0,1,1,6.0,3.2188758248682006,6.412556911101846,0.49231654203303477,1,1.0,0.830095125141544,1.5863015820456585,True
356,처치,1,2.0,28.0,604.28,31680.0,52.0,111.46,0.0,0.0,0,48.72,31.0,26.0,215.46,15.0,2.0,1,1,2.0,3.367295829986474,6.405691160884719,0.18445091679353942,0,0.0,0.554486379514622,0.21881442302072807,True
361,처치,1,2.0,26.0,1113.85,636.0,237.0,601.86,0.0,5.0,1,284.3,148.0,119.0,556.36,11.0,2.0,1,1,2.0,3.295836866004329,7.016475145696379,0.5403420568299143,0,5.0,0.9712061219563263,3.5183759271642674,True
362,처치,1,10.0,11.0,384.68,186.0,83.0,198.70000000000002,0.0,1.0,1,89.24,49.0,42.0,175.53,5.0,10.0,1,1,10.0,2.4849066497880004,5.955008010097367,0.5165332224186338,0,1.0,0.5394980573532607,0.1583221096174868,True
364,처치,1,5.0,8.0,184.62,79.0,35.0,103.54,0.0,3.0,0,2.29,1.0,1.0,2.29,1.0,5.0,1,1,5.0,2.1972245773362196,5.223701573167247,0.5608276459755173,0,3.0,0.6658401382423755,0.689430102571145,True
365,처치,1,8.0,19.0,697.76,31458.0,80.0,410.71000000000004,0.0,5.0,0,303.38,72.0,55.0,491.23,10.0,8.0,1,1,8.0,2.995732273553991,6.549307335637029,0.5886121302453566,0,5.0,0.9356734654712417,2.677294340183152,True
367,처치,1,4.0,18.0,1071.29,571.0,184.0,489.97,9.0,4.0,1,286.42,102.0,87.0,596.51,9.0,4.0,1,1,4.0,2.9444389791664403,6.977551827434223,0.45736448580683103,1,4.0,0.9635325290758266,3.2741855929802015,True
368,대조,0,,0.0,0.0,0.0,0.0,0.0,0.0,3.0,0,0.0,0.0,0.0,0.0,0.0,90.0,0,0,90.0,0.0,0.0,0.0,0,3.0,0.40913578097907916,-0.36753915937784787,True
369,대조,0,55.0,3.0,170.98,61.0,41.0,152.9,0.0,0.0,0,30.8,17.0,12.0,82.48,4.0,55.0,1,1,55.0,1.3862943611198906,5.14737819098275,0.8942566382032987,0,0.0,0.07515649614380862,-2.5100519833495847,False
370,대조,0,3.0,37.0,956.64,103436.0,136.0,311.55,0.0,0.0,1,172.5,77.0,67.0,459.86,21.0,3.0,1,1,3.0,3.6375861597263857,6.864471924465779,0.3256710988459609,0,0.0,0.6929004462007458,0.813714358098002,True
377,처치,1,1.0,11.0,166.02,84.0,43.0,112.25,0.0,2.0,1,176.15,92.0,66.0,240.9,12.0,1.0,1,1,1.0,2.4849066497880004,5.118113565725084,0.6761233586314901,0,2.0,0.6740198680946117,0.7264231539290382,True
378,처치,1,2.0,47.0,520.72,20493.0,117.0,200.68,2.0,2.0,1,83.01,66.0,63.0,223.19,23.0,2.0,1,1,2.0,3.871201010907891,6.257131045502082,0.3853894607466585,1,2.0,0.9555873097949199,3.0688008915035043,True
383,처치,1,2.0,24.0,754.65,7337.0,179.0,516.62,1.0,1.0,1,247.52,130.0,102.0,410.17,9.0,2.0,1,1,2.0,3.2188758248682006,6.6275783060161295,0.6845822566752799,1,1.0,0.7926139025712086,1.3407539601652245,True
384,대조,0,18.0,11.0,571.73,193.0,87.0,259.6,0.0,2.0,0,113.97,55.0,50.0,244.85,5.0,18.0,1,1,18.0,2.4849066497880004,6.350414401474677,0.45406048309516733,0,2.0,0.5817998706199152,0.33016642731391294,True
386,처치,1,1.0,65.0,1232.05,31800.0,349.0,660.94,0.0,1.0,1,55.42,51.0,43.0,113.76,12.0,1.0,1,1,1.0,4.189654742026425,7.1172460538425595,0.5364555009942779,0,1.0,0.8560642791288755,1.7829786486846115,True
387,처치,1,3.0,16.0,570.48,228.0,74.0,227.64,0.0,1.0,1,157.82,53.0,46.0,375.86,8.0,3.0,1,1,3.0,2.833213344056216,6.348229486996957,0.39903239377366423,0,1.0,0.6483932155523344,0.6119838648879073,True
390,처치,1,23.0,9.0,215.11,105.0,34.0,94.17,0.0,1.0,1,38.97,22.0,18.0,129.61,7.0,23.0,1,1,23.0,2.302585092994046,5.3757875373149355,0.43777602157035933,0,1.0,0.5312328310399781,0.12509419794541565,True
391,대조,0,9.0,14.0,593.39,237.0,93.0,270.95,0.0,0.0,1,0.0,0.0,0.0,7.99,1.0,9.0,0,1,9.0,2.70805020110221,6.3875356695742775,0.45661369419774517,0,0.0,0.4373663792747225,-0.25185741347736174,True
398,대조,0,2.0,29.0,324.64,20376.0,38.0,100.31,0.0,0.0,0,32.78,18.0,14.0,199.08,18.0,2.0,1,1,2.0,3.4011973816621555,5.785792476705777,0.30898841793987186,0,0.0,0.5441753160754946,0.1771631966241122,True
400,대조,0,2.0,51.0,3040.96,157789.0,343.0,1185.41,0.0,0.0,1,621.77,196.0,177.0,1648.97,29.0,2.0,1,1,2.0,3.9512437185814275,8.020257323488867,0.3898144007155635,0,0.0,0.7195641049116028,0.9423004579958845,True
402,대조,0,6.0,11.0,174.58,15391.0,19.0,55.88,0.0,1.0,0,18.39,6.0,6.0,29.84,2.0,6.0,1,1,6.0,2.4849066497880004,5.1680947794980625,0.32008248367510594,0,1.0,0.4856674803209971,-0.05734578887401459,True
403,대조,0,1.0,9.0,236.12,88.0,44.0,163.2,0.0,1.0,0,35.64,2.0,2.0,35.64,2.0,1.0,1,1,1.0,2.302585092994046,5.468566342107722,0.6911739793325428,0,1.0,0.3300393355819105,-0.7080071547477921,True
404,처치,1,3.0,37.0,926.6,40533.0,129.0,323.74,0.0,5.0,1,134.42000000000002,58.0,49.0,328.27,12.0,3.0,1,1,3.0,3.6375861597263857,6.832600605381376,0.3493848478307792,0,5.0,0.9839201274020524,4.113976381712078,False
405,대조,0,1.0,17.0,607.68,114137.0,72.0,153.3,0.0,2.0,0,121.84,68.0,47.0,339.95,10.0,1.0,1,1,1.0,2.8903717578961645,6.411292678051914,0.2522709320695103,0,2.0,0.7257147034380541,0.9729881741065511,True
409,처치,1,2.0,19.0,513.11,42997.0,114.0,219.99,0.0,5.0,1,227.71,114.0,100.0,461.95,14.0,2.0,1,1,2.0,2.995732273553991,6.242437250340868,0.4287384771296603,0,5.0,0.9682419663074704,3.41733629821609,True
410,대조,0,5.0,26.0,242.79,150.0,70.0,159.42,0.0,1.0,1,76.19,41.0,28.0,128.95,17.0,5.0,1,1,5.0,3.295836866004329,5.496307198978706,0.656616829358705,0,1.0,0.7086771699592413,0.8889680574811752,True
411,처치,1,6.0,23.0,950.83,420.0,110.0,479.6,0.0,2.0,1,142.81,56.0,34.0,307.91,9.0,6.0,1,1,6.0,3.1780538303479458,6.858386447417018,0.5044014177087387,0,2.0,0.8116499207900475,1.4607667604810177,True
413,처치,1,2.0,63.0,1012.85,187242.0,79.0,192.71,0.0,4.0,1,184.1,78.0,54.0,426.63,16.0,2.0,1,1,2.0,4.1588830833596715,6.921510244214473,0.19026509354790938,0,4.0,0.9847108301449063,4.165203299469831,False
419,대조,0,23.0,6.0,327.16,157.0,41.0,172.19,0.0,0.0,0,0.0,0.0,0.0,2.21,1.0,23.0,0,1,23.0,1.9459101490553132,5.793501294324071,0.5263173982149406,0,0.0,0.17041982037767064,-1.5826548407415326,True
420,처치,1,16.0,4.0,59.77,35.0,12.0,24.93,0.0,3.0,0,0.0,0.0,0.0,0.0,0.0,16.0,0,0,16.0,1.6094379124341003,4.107096246147264,0.4170988790363058,0,3.0,0.5904547457165238,0.36584558721406946,True
421,처치,1,2.0,17.0,712.1800000000001,47090.0,119.0,344.16,1.0,2.0,0,73.62,34.0,21.0,236.91,11.0,2.0,1,1,2.0,2.8903717578961645,6.569733842970994,0.48324861692268806,1,2.0,0.798447530629164,1.3766195141863704,True
426,처치,1,3.0,34.0,1134.16,158400.0,192.0,443.1,3.0,1.0,1,218.35,117.0,106.0,631.29,22.0,3.0,1,1,3.0,3.5553480614894135,7.03452888914328,0.39068561754955206,1,1.0,0.879325567269536,1.986058932075526,True
428,처치,1,9.0,12.0,425.89,301.0,112.0,247.16,0.0,2.0,1,152.65,91.0,60.0,257.11,8.0,9.0,1,1,9.0,2.5649493574615367,6.056526368799931,0.5803376458709996,0,2.0,0.6946314415591468,0.8218619695666356,True
430,대조,0,38.0,3.0,18.150000000000002,10.0,6.0,10.38,0.0,1.0,0,40.769999999999996,18.0,16.0,50.97,5.0,38.0,1,1,38.0,1.3862943611198906,2.9523027156266552,0.5719008264462809,0,1.0,0.22373176341839093,-1.2440502765945818,True
432,처치,1,1.0,42.0,427.7,8143.0,71.0,169.75,0.0,1.0,1,146.49,48.0,44.0,352.81,28.0,1.0,1,1,1.0,3.7612001156935624,6.0607573736039315,0.39689034369885434,0,1.0,0.8335172864228761,1.6107629598643587,True
433,처치,1,10.0,5.0,35.410000000000004,23.0,5.0,13.93,0.0,1.0,0,13.15,7.0,7.0,26.04,5.0,10.0,1,1,10.0,1.791759469228055,3.594843462187342,0.39339169726066076,0,1.0,0.3332286745319956,-0.6936181821455177,True
436,대조,0,5.0,5.0,387.38,146.0,60.0,230.01,0.0,0.0,0,62.96,20.0,14.0,101.03,1.0,5.0,1,1,5.0,1.791759469228055,5.961984241785474,0.5937580670143012,0,0.0,0.1365575592196352,-1.8441810323145353,True
438,대조,0,5.0,18.0,1048.3,438.0,186.0,585.21,0.0,0.0,1,345.35,132.0,111.0,570.47,5.0,5.0,1,1,5.0,2.9444389791664403,6.955878554163865,0.5582466851092245,0,0.0,0.4539240220191125,-0.18482828821949437,True
439,대조,0,,0.0,0.0,0.0,0.0,0.0,0.0,1.0,0,0.0,0.0,0.0,0.0,0.0,90.0,0,0,90.0,0.0,0.0,0.0,0,1.0,0.15483169392656282,-1.6971971049821566,True
441,처치,1,4.0,8.0,310.81,146.0,42.0,134.49,0.0,0.0,1,105.78,36.0,35.0,244.76,9.0,4.0,1,1,4.0,2.1972245773362196,5.74239402795031,0.43270808532544003,0,0.0,0.33436153366639565,-0.688523836112604,True
442,대조,0,5.0,14.0,184.19,20641.0,25.0,62.56,0.0,2.0,1,263.07,157.0,111.0,547.23,34.0,5.0,1,1,5.0,2.70805020110221,5.221382325073914,0.3396492752049514,0,2.0,0.7918615445161135,1.3361830493833473,True
443,처치,1,1.0,11.0,402.93,260.0,84.0,269.04,2.0,2.0,1,190.23,121.0,81.0,302.82,14.0,1.0,1,1,1.0,2.4849066497880004,6.0012415956219,0.667709031345395,1,2.0,0.7904577844063565,1.3276870260869025,True
445,처치,1,1.0,50.0,672.0600000000001,248.0,99.0,285.54,0.0,2.0,0,66.06,31.0,31.0,223.46,29.0,1.0,1,1,1.0,3.9318256327243257,6.511834478716894,0.4248727792161414,0,2.0,0.8638652362393667,1.847771474950163,True
447,처치,1,72.0,1.0,6.890000000000001,6.0,0.0,0.0,0.0,3.0,0,0.0,0.0,0.0,30.01,1.0,72.0,0,1,72.0,0.6931471805599453,2.065596134857783,0.0,0,3.0,0.5318144757108049,0.12743006186875153,True
450,대조,0,3.0,10.0,245.5,129.0,58.0,127.95,0.0,0.0,0,45.06,29.0,25.0,88.83,4.0,3.0,1,1,3.0,2.3978952727983707,5.5073619934827445,0.5211812627291242,0,0.0,0.2532242642838536,-1.0814894039494338,True
451,처치,1,2.0,22.0,396.63,7325.0,60.0,199.84,0.0,1.0,1,76.87,32.0,24.0,200.96,15.0,2.0,1,1,2.0,3.1354942159291497,5.9855219246523035,0.5038448932254243,0,1.0,0.6994314651477204,0.8445920150268076,True
459,대조,0,7.0,12.0,164.16,54.0,25.0,65.01,0.0,1.0,0,27.54,13.0,12.0,102.22,6.0,7.0,1,1,7.0,2.5649493574615367,5.10691470101789,0.39601608187134507,0,1.0,0.48636063344335023,-0.05457100487450803,True
460,처치,1,2.0,20.0,108.47,6206.0,31.0,56.19,0.0,2.0,1,26.57,14.0,14.0,29.24,7.0,2.0,1,1,2.0,3.044522437723423,4.695650539116466,0.5180234166128883,0,2.0,0.8229668415980321,1.5365788595580518,True
462,처치,1,8.0,16.0,223.69,105.0,55.0,136.66,0.0,0.0,1,108.44,51.0,37.0,165.9,9.0,8.0,1,1,8.0,2.833213344056216,5.414721674418139,0.6109347758058027,0,0.0,0.4513367856245211,-0.19527098653328323,True
463,처치,1,1.0,97.0,835.96,59856.0,149.0,423.82,0.0,2.0,0,274.29,106.0,87.0,487.75,58.0,1.0,1,1,1.0,4.584967478670572,6.729776279622301,0.5069859801904397,0,2.0,0.9175772618348407,2.40987543801272,True
469,처치,1,4.0,23.0,1163.46,5835.0,177.0,488.42,0.0,2.0,1,270.16,121.0,95.0,458.16,12.0,4.0,1,1,4.0,3.1780538303479458,7.060012739228212,0.41979956337132346,0,2.0,0.8228762217207198,1.535956990003532,True
470,처치,1,4.0,23.0,366.86,10952.0,54.0,75.72,0.0,2.0,0,23.31,14.0,14.0,132.62,9.0,4.0,1,1,4.0,3.1780538303479458,5.907702431002652,0.20640026168020498,0,2.0,0.7990128820177832,1.3801362519473446,True
473,대조,0,11.0,13.0,567.22,47294.0,86.0,260.96000000000004,0.0,1.0,1,154.21,79.0,47.0,266.88,5.0,11.0,1,1,11.0,2.6390573296152584,6.342508667674258,0.4600684037939424,0,1.0,0.5848187904563481,0.3425869649128478,True
475,대조,0,15.0,6.0,104.08,60.0,22.0,50.26,0.0,1.0,0,73.0,39.0,37.0,118.7,4.0,15.0,1,1,15.0,1.9459101490553132,4.654721964817339,0.4828977709454266,0,1.0,0.3212079880032815,-0.7482259144464841,True
476,대조,0,1.0,7.0,408.99,184.0,76.0,229.28,0.0,0.0,0,47.39,18.0,12.0,102.14,6.0,1.0,1,1,1.0,2.0794415416798357,6.016132769157005,0.5606005036797965,0,0.0,0.1804200535226125,-1.5135041857305895,True
479,처치,1,1.0,8.0,256.46,152.0,47.0,136.7,0.0,1.0,0,120.07,61.0,49.0,232.49,5.0,1.0,1,1,1.0,2.1972245773362196,5.550864368231489,0.5330265928409889,0,1.0,0.3442375222064006,-0.6444667562065701,True
480,처치,1,3.0,6.0,269.28000000000003,31306.0,42.0,100.49000000000001,0.0,3.0,0,64.56,19.0,18.0,91.92,3.0,3.0,1,1,3.0,1.9459101490553132,5.599458458683974,0.37318033273915624,0,3.0,0.6463294388446166,0.6029434794105437,True
481,대조,0,5.0,5.0,393.57,176.0,67.0,222.98,0.0,1.0,0,0.0,0.0,0.0,0.0,0.0,5.0,0,0,5.0,1.791759469228055,5.977796564342562,0.5665574103717255,0,1.0,0.24053750357317424,-1.1497349241218104,True
482,대조,0,28.0,10.0,174.02,2898.0,40.0,96.62,0.0,0.0,0,24.380000000000003,9.0,8.0,46.339999999999996,7.0,28.0,1,1,28.0,2.3978952727983707,5.164900253107685,0.5552235375244224,0,0.0,0.2541609319020559,-1.0765421939706052,True
483,처치,1,16.0,21.0,606.89,300.0,107.0,371.01,0.0,1.0,1,261.16,145.0,92.0,431.15,9.0,16.0,1,1,16.0,3.091042453358316,6.409993944545348,0.6113298950386397,0,1.0,0.6532328550187677,0.633280155626972,True
484,처치,1,10.0,14.0,388.84000000000003,175.0,83.0,191.38,0.0,1.0,1,126.87,57.0,52.0,251.05,12.0,10.0,1,1,10.0,2.70805020110221,5.965736398535251,0.49218187429276816,0,1.0,0.6028884425315848,0.41751493312461907,True
485,대조,0,4.0,19.0,599.54,69535.0,105.0,277.38,0.0,0.0,1,276.5,122.0,86.0,463.45,15.0,4.0,1,1,4.0,2.995732273553991,6.397829250458982,0.4626547019381526,0,0.0,0.5095232956596389,0.038097790029613735,True
489,처치,1,5.0,32.0,998.2,100124.0,146.0,330.72,0.0,4.0,1,169.08,93.0,79.0,490.25,20.0,5.0,1,1,5.0,3.4965075614664802,6.906954958811368,0.33131636946503706,0,4.0,0.9649635577490003,3.3157016096546212,True
490,처치,1,20.0,9.0,421.03000000000003,264.0,49.0,195.03,1.0,3.0,1,106.2,87.0,37.0,219.43,5.0,20.0,1,1,20.0,2.302585092994046,6.045076401556628,0.46322114813671234,1,3.0,0.8848370794106512,2.039055710433242,True
491,처치,1,9.0,15.0,614.49,44961.0,73.0,304.23,0.0,2.0,1,118.35,40.0,30.0,213.31,8.0,9.0,1,1,9.0,2.772588722239781,6.422418698538829,0.49509349216423376,0,2.0,0.7496897979663544,1.0969585614310269,True
493,처치,1,1.0,42.0,917.07,31523.0,141.0,403.75,0.0,2.0,1,166.63,69.0,64.0,457.02,21.0,1.0,1,1,1.0,3.7612001156935624,6.822273640436711,0.44026083068904226,0,2.0,0.8951146196976892,2.144083639034174,True
498,대조,0,32.0,13.0,145.56,73.0,38.0,98.45,0.0,0.0,0,66.04,18.0,17.0,109.3,10.0,32.0,1,1,32.0,2.6390573296152584,4.9874349009258205,0.6763533937895027,0,0.0,0.2799512094788852,-0.944703638202337,True
502,대조,0,6.0,11.0,619.96,372.0,122.0,422.57,0.0,0.0,0,0.0,0.0,0.0,0.0,0.0,6.0,0,0,6.0,2.4849066497880004,6.431266667620596,0.6816084908703787,0,0.0,0.2186310943456836,-1.273661579961756,True
507,대조,0,11.0,7.0,210.0,137.0,35.0,91.82000000000001,0.0,1.0,0,0.0,0.0,0.0,53.459999999999994,2.0,11.0,0,1,11.0,2.0794415416798357,5.351858133476067,0.43723809523809526,0,1.0,0.34693784239411873,-0.6325266771500052,True
508,대조,0,7.0,3.0,99.61,49.0,20.0,60.269999999999996,0.0,1.0,0,24.33,15.0,12.0,55.45,7.0,7.0,1,1,7.0,1.3862943611198906,4.611251656303959,0.6050597329585382,0,1.0,0.1870672296345911,-1.4691803438446132,True
511,처치,1,2.0,41.0,617.0,23842.0,114.0,272.09,0.0,2.0,0,137.71,86.0,59.0,343.39,28.0,2.0,1,1,2.0,3.7376696182833684,6.42648845745769,0.4409886547811993,0,2.0,0.837062071285177,1.6365289041299358,True
513,처치,1,2.0,26.0,1712.16,478.0,116.0,530.01,0.0,2.0,1,291.35,97.0,55.0,830.4,12.0,2.0,1,1,2.0,3.295836866004329,7.446094897348168,0.30955634987384356,0,2.0,0.8511341229656786,1.7435239760285821,True
514,대조,0,8.0,9.0,349.28000000000003,193.0,100.0,266.12,0.0,1.0,0,90.86,58.0,46.0,100.01,3.0,8.0,1,1,8.0,2.302585092994046,5.858732834654024,0.7619102153000458,0,1.0,0.30382521463359585,-0.8291481730121207,True
517,처치,1,2.0,17.0,530.37,266.0,105.0,231.12,0.0,2.0,0,166.74,66.0,54.0,362.64,8.0,2.0,1,1,2.0,2.8903717578961645,6.27545857708399,0.43577125403020534,0,2.0,0.6849485623811629,0.7766078245056942,True
518,처치,1,6.0,34.0,1314.01,620.0,183.0,563.24,2.0,1.0,1,162.57,69.0,51.0,313.71,12.0,6.0,1,1,6.0,3.5553480614894135,7.181599549145688,0.42864209557004895,1,1.0,0.8729728669985765,1.9275037658515932,True
519,대조,0,33.0,3.0,54.24,27.0,16.0,30.560000000000002,0.0,1.0,0,16.189999999999998,5.0,5.0,36.8,2.0,33.0,1,1,33.0,1.3862943611198906,4.0116873285410914,0.5634218289085546,0,1.0,0.20598904241537958,-1.349274286419842,True
520,대조,0,6.0,12.0,248.19,164.0,58.0,142.52,0.0,0.0,0,43.36,18.0,13.0,70.89,4.0,6.0,1,1,6.0,2.5649493574615367,5.518215657697217,0.5742374793504976,0,0.0,0.2750966921638623,-0.9689156337228259,True
523,처치,1,2.0,50.0,833.85,59506.0,186.0,365.83,0.0,0.0,1,154.77,71.0,63.0,348.27,17.0,2.0,1,1,2.0,3.9318256327243257,6.727252067994966,0.43872399112550214,0,0.0,0.7319047079310183,1.0043078403316834,True
524,처치,1,3.0,15.0,268.67,6776.0,84.0,210.10999999999999,0.0,3.0,0,44.81,15.0,14.0,53.1,4.0,3.0,1,1,3.0,2.772588722239781,5.5971989892534175,0.7820374437041723,0,3.0,0.7297163013610811,0.9931836872727061,True
527,대조,0,4.0,22.0,571.09,200.0,87.0,279.17,0.0,1.0,1,123.55,62.0,46.0,267.53000000000003,11.0,4.0,1,1,4.0,3.1354942159291497,6.349296321660083,0.4888371360030818,0,1.0,0.6949768682482965,0.8234909463744904,True
529,대조,0,14.0,9.0,330.26,154.0,58.0,226.41,0.0,2.0,0,76.54,47.0,40.0,126.69,2.0,14.0,1,1,14.0,2.302585092994046,5.802903565524009,0.6855507781747714,0,2.0,0.4828435987358107,-0.06865255663849067,True
530,대조,0,10.0,7.0,107.84,51.0,18.0,52.440000000000005,0.0,1.0,0,0.0,0.0,0.0,0.0,0.0,10.0,0,0,10.0,2.0794415416798357,4.689878913915045,0.4862759643916914,0,1.0,0.350156169842659,-0.6183528182094189,True
533,대조,0,7.0,10.0,273.9,165.0,61.0,135.93,0.0,2.0,0,32.0,15.0,12.0,65.92,3.0,7.0,1,1,7.0,2.3978952727983707,5.6164073951712,0.4962760131434831,0,2.0,0.5661956827716584,0.26634619727091374,True
534,대조,0,1.0,58.0,175.42,5497.0,57.0,81.62,0.0,2.0,1,41.38,28.0,28.0,91.0,29.0,1.0,1,1,1.0,4.07753744390572,5.172867515830621,0.46528332003192346,0,2.0,0.932221125672908,2.6213194875530443,True
536,처치,1,30.0,6.0,28.830000000000002,18.0,6.0,11.66,0.0,3.0,0,83.92,51.0,31.0,153.18,8.0,30.0,1,1,30.0,1.9459101490553132,3.395514598526657,0.4044398196323274,0,3.0,0.6923473335164084,0.8111163163288967,True
537,대조,0,30.0,3.0,66.94,14.0,4.0,24.75,0.0,1.0,0,0.0,0.0,0.0,0.0,0.0,30.0,0,0,30.0,1.3862943611198906,4.218624962732438,0.36973409023005677,0,1.0,0.24060231727574008,-1.1493801616052872,True
538,대조,0,5.0,13.0,724.8100000000001,26753.0,113.0,397.93,0.0,1.0,0,323.5,132.0,101.0,558.08,10.0,5.0,1,1,5.0,2.6390573296152584,6.587288272584304,0.5490128447455195,0,1.0,0.4224488422161511,-0.3127286674256753,True
540,대조,0,7.0,10.0,362.49,117.0,71.0,238.8,0.0,1.0,1,334.46,134.0,107.0,552.54,14.0,7.0,1,1,7.0,2.3978952727983707,5.895751786278789,0.6587767938425888,0,1.0,0.4773784238797912,-0.09054812051617722,True
542,처치,1,9.0,9.0,140.13,62.0,34.0,84.8,0.0,0.0,1,84.28,36.0,32.0,172.3,7.0,9.0,1,1,9.0,2.302585092994046,4.949681451425915,0.6051523585242276,0,0.0,0.3338276418417125,-0.690923615701018,True
545,처치,1,17.0,8.0,409.84,7850.0,80.0,171.9,4.0,1.0,0,44.36,25.0,24.0,93.41,2.0,17.0,1,1,17.0,2.1972245773362196,6.018203844297603,0.4194319734530549,1,1.0,0.5317525904183116,0.12718151638284145,True
546,처치,1,2.0,25.0,570.8,21987.0,88.0,183.98,0.0,1.0,1,116.39,64.0,36.0,310.73,9.0,2.0,1,1,2.0,3.258096538021482,6.348789279888211,0.3223195515066573,0,1.0,0.7580962101576405,1.1422702194444156,True
548,처치,1,6.0,13.0,538.24,11632.0,131.0,294.57,0.0,1.0,1,129.51,63.0,50.0,218.6,5.0,6.0,1,1,6.0,2.6390573296152584,6.290160740822864,0.5472837395957194,0,1.0,0.5612683235693282,0.2463110755215351,True
549,대조,0,25.0,9.0,200.9,73.0,30.0,107.96000000000001,0.0,0.0,0,29.02,12.0,10.0,34.02,2.0,25.0,1,1,25.0,2.302585092994046,5.307772525318792,0.5373817819810851,0,0.0,0.236596642242144,-1.1714297789900643,True
558,처치,1,5.0,20.0,296.75,134.0,72.0,192.88,0.0,1.0,0,101.83,38.0,36.0,139.36,10.0,5.0,1,1,5.0,3.044522437723423,5.696254208235409,0.6499747262005054,0,1.0,0.5221441270931582,0.08863448940553563,True
562,대조,0,1.0,13.0,556.2,151.0,41.0,155.52,0.0,1.0,0,112.36,50.0,31.0,248.82999999999998,5.0,1.0,1,1,1.0,2.6390573296152584,6.322924241905651,0.2796116504854369,0,1.0,0.5061284127340804,0.02451487860703484,True
563,처치,1,1.0,5.0,215.34,120.0,57.0,122.96000000000001,0.0,0.0,0,0.0,0.0,0.0,2.99,1.0,1.0,0,1,1.0,1.791759469228055,5.376851244202143,0.5710039936844061,0,0.0,0.1472301921358916,-1.756492354366899,True
566,처치,1,4.0,10.0,147.99,57.0,23.0,56.14,0.0,0.0,0,6.49,2.0,2.0,17.46,1.0,4.0,1,1,4.0,2.3978952727983707,5.003879189599248,0.3793499560781134,0,0.0,0.2965069610928105,-0.8639872858522972,True
567,처치,1,3.0,48.0,487.39,5681.0,87.0,200.87,0.0,2.0,1,218.91,72.0,59.0,638.48,38.0,3.0,1,1,3.0,3.8918202981106265,6.1911142670064585,0.4121340199839964,0,2.0,0.915340679550024,2.3806611151088144,True
569,처치,1,3.0,14.0,523.62,147.0,60.0,280.93,0.0,4.0,1,90.67,15.0,11.0,260.73,5.0,3.0,1,1,3.0,2.70805020110221,6.2626741909912305,0.5365150299835759,0,4.0,0.9110945057862817,2.32707268760428,True
570,대조,0,16.0,3.0,125.86,56.0,29.0,89.46000000000001,0.0,1.0,0,128.3,57.0,40.0,142.26,5.0,16.0,1,1,16.0,1.3862943611198906,4.843084116205751,0.7107897664071191,0,1.0,0.16616629638888472,-1.613044913947396,True
572,대조,0,,0.0,0.0,0.0,0.0,0.0,0.0,2.0,0,86.61,32.0,28.0,154.14000000000001,6.0,90.0,1,1,90.0,0.0,0.0,0.0,0,2.0,0.2626252500019945,-1.0323681321800022,True
575,처치,1,3.0,42.0,1562.3600000000001,34330.0,293.0,684.07,0.0,5.0,1,429.16,285.0,182.0,788.42,21.0,3.0,1,1,3.0,3.7612001156935624,7.354592630196033,0.43784403082516193,0,5.0,0.9834538794234335,4.084919074300606,False
576,처치,1,25.0,16.0,372.71999999999997,136.0,73.0,227.98,0.0,6.0,1,67.78,31.0,19.0,128.21,3.0,25.0,1,1,25.0,2.833213344056216,5.923506853924755,0.6116655934749946,0,6.0,0.9768743633913746,3.743416237455621,True
577,처치,1,39.0,3.0,456.02,133.0,65.0,214.94,0.0,0.0,0,61.38,29.0,24.0,163.29,2.0,39.0,1,1,39.0,1.3862943611198906,6.124727153612752,0.47133897636068595,0,0.0,0.10595939710182814,-2.1326952167322775,True
578,대조,0,8.0,22.0,409.18,15041.0,75.0,203.08,0.0,1.0,1,250.03,79.0,69.0,368.14,15.0,8.0,1,1,8.0,3.1354942159291497,6.016596087745587,0.4963096925558434,0,1.0,0.7009285816947354,0.8517235991606663,True
580,처치,1,9.0,10.0,154.25,38.0,23.0,48.27,0.0,1.0,0,17.9,8.0,7.0,70.96000000000001,6.0,9.0,1,1,9.0,2.3978952727983707,5.045036720813588,0.3129335494327391,0,1.0,0.4686348443808134,-0.1256255784842574,True
582,처치,1,1.0,19.0,378.3,9502.0,60.0,189.27,0.0,1.0,1,167.24,32.0,29.0,302.56,4.0,1.0,1,1,1.0,2.995732273553991,5.938327448694853,0.5003172085646312,0,1.0,0.6699385947098563,0.707907344710926,True
583,처치,1,14.0,16.0,158.33,90.0,33.0,93.56,0.0,4.0,1,47.47,33.0,22.0,212.81,9.0,14.0,1,1,14.0,2.833213344056216,5.0709775231024175,0.5909177035306006,0,4.0,0.9259239693269141,2.5257001174412763,True
584,대조,0,23.0,14.0,171.48,10447.0,30.0,86.07,0.0,1.0,0,0.0,0.0,0.0,20.0,1.0,23.0,0,1,23.0,2.70805020110221,5.150281287720632,0.501924422673198,0,1.0,0.49315405909176063,-0.027385475015193794,True
594,처치,1,5.0,12.0,401.13,194.0,70.0,143.91,0.0,1.0,0,66.63,37.0,29.0,122.52,5.0,5.0,1,1,5.0,2.5649493574615367,5.996775419426559,0.35876149876598606,0,1.0,0.4731219622161397,-0.10761589091094427,True
598,대조,0,4.0,29.0,485.87,6050.0,85.0,243.66,0.0,5.0,1,166.79,85.0,63.0,337.65,17.0,4.0,1,1,4.0,3.4011973816621555,6.1879971469959,0.5014921686870973,0,5.0,0.977293569465015,3.7621389195747734,True
603,처치,1,19.0,13.0,252.25,14394.0,31.0,101.81,0.0,3.0,0,0.0,0.0,0.0,0.0,0.0,19.0,0,0,19.0,2.6390573296152584,5.5343771431287925,0.40360753221010903,0,3.0,0.7860501372424001,1.3012788768419352,True
604,대조,0,13.0,7.0,263.31,92.0,34.0,106.48,0.0,1.0,0,56.99,21.0,18.0,113.21,5.0,13.0,1,1,13.0,2.0794415416798357,5.5771226566871475,0.40439026242831644,0,1.0,0.3501789526413457,-0.6182526961499428,True
605,처치,1,5.0,26.0,1446.77,101720.0,268.0,649.78,5.0,3.0,1,110.92999999999999,38.0,34.0,207.16,3.0,5.0,1,1,5.0,3.295836866004329,7.277779720550282,0.44912460169895696,1,3.0,0.9503961002818596,2.9528093913713453,True
606,처치,1,1.0,12.0,335.29,145.0,65.0,189.71,0.0,1.0,1,231.94,90.0,84.0,392.27,8.0,1.0,1,1,1.0,2.5649493574615367,5.817973882948782,0.5658087029138954,0,1.0,0.5490745242522319,0.19693209414302418,True
607,처치,1,19.0,9.0,65.23,7704.0,15.0,22.2,0.0,1.0,1,0.0,0.0,0.0,0.0,1.0,19.0,0,1,19.0,2.302585092994046,4.193133532496888,0.34033420205426945,0,1.0,0.5897112118298802,0.36277167245189196,True
609,처치,1,1.0,36.0,451.68,5829.0,94.0,207.9,0.0,2.0,1,101.4,53.0,43.0,278.43,22.0,1.0,1,1,1.0,3.6109179126442243,6.115185474097741,0.4602816153028693,0,2.0,0.8849672557456857,2.040333824685212,True
618,처치,1,3.0,78.0,1394.09,85616.0,192.0,601.0,0.0,1.0,0,99.3,46.0,40.0,377.08,33.0,3.0,1,1,3.0,4.3694478524670215,7.240714208303422,0.4311055957649793,0,1.0,0.8254729957177882,1.5538770681845,True
621,처치,1,1.0,19.0,659.5600000000001,236.0,83.0,310.14,0.0,0.0,1,173.78,64.0,53.0,270.45,13.0,1.0,1,1,1.0,2.995732273553991,6.4930879601091736,0.4702225726241736,0,0.0,0.5045717525984272,0.01828752003977361,True
622,처치,1,3.0,26.0,445.27,3935.0,48.0,181.34,0.0,3.0,1,41.79,13.0,13.0,162.54,15.0,3.0,1,1,3.0,3.295836866004329,6.100924150016726,0.40725851730410767,0,3.0,0.9198489589877881,2.4402966142808173,True
624,처치,1,4.0,18.0,579.08,37322.0,69.0,237.79,0.0,3.0,1,223.37,142.0,61.0,504.46,13.0,4.0,1,1,4.0,2.9444389791664403,6.363166025063338,0.41063410927678384,0,3.0,0.8852159977569536,2.042779559599616,True
630,처치,1,1.0,24.0,1429.18,156659.0,212.0,781.78,2.0,4.0,1,283.63,163.0,97.0,519.15,14.0,1.0,1,1,1.0,3.2188758248682006,7.265555589458344,0.5470129724737262,1,4.0,0.9684753402978782,3.4249529335231643,True
631,처치,1,1.0,65.0,1308.1,155123.0,192.0,468.22,0.0,3.0,1,300.95,130.0,116.0,768.4300000000001,44.0,1.0,1,1,1.0,4.189654742026425,7.177095157186053,0.35793899548964153,0,3.0,0.9648286367741896,3.3117183003220636,True
632,처치,1,3.0,13.0,584.48,10827.0,111.0,311.29,0.0,0.0,0,113.46,29.0,24.0,206.77,6.0,3.0,1,1,3.0,2.6390573296152584,6.372432023615747,0.5325930741856009,0,0.0,0.2816617094734012,-0.9362338757795562,True
633,처치,1,3.0,21.0,774.91,23439.0,119.0,450.84000000000003,0.0,0.0,0,99.72,33.0,29.0,139.46,5.0,3.0,1,1,3.0,3.091042453358316,6.654036534075647,0.5817965957336981,0,0.0,0.36528732086662596,-0.5524881983148574,True
634,처치,1,35.0,1.0,1.88,1.0,0.0,0.0,0.0,2.0,0,0.0,0.0,0.0,0.0,0.0,35.0,0,0,35.0,0.6931471805599453,1.0577902941478545,0.0,0,2.0,0.3916343003445765,-0.4404476837687881,True
635,대조,0,65.0,4.0,127.85000000000001,36.0,31.0,118.06,0.0,1.0,0,0.0,0.0,0.0,0.0,0.0,65.0,0,0,65.0,1.6094379124341003,4.8586489370983745,0.9234258897145091,0,1.0,0.16623087641299003,-1.6125788899779692,True
638,처치,1,3.0,28.0,1380.74,73641.0,214.0,713.19,0.0,1.0,0,298.37,118.0,94.0,808.6,22.0,3.0,1,1,3.0,3.367295829986474,7.23109885348798,0.516527369381636,0,1.0,0.6018677264809009,0.4132534021171621,True
639,대조,0,5.0,30.0,208.3,98.0,41.0,127.85,0.0,0.0,0,55.67,19.0,33.0,110.02,9.0,5.0,1,1,5.0,3.4339872044851463,5.343768629451954,0.613778204512722,0,0.0,0.4771908428517028,-0.09129999647294981,True
640,처치,1,31.0,7.0,142.5,5661.0,22.0,107.72,0.0,1.0,0,0.0,0.0,0.0,0.0,0.0,31.0,0,0,31.0,2.0794415416798357,4.966335035199676,0.7559298245614035,0,1.0,0.27845863302157836,-0.9521201978563449,True
642,처치,1,17.0,11.0,444.49,158.0,86.0,259.72,0.0,5.0,0,0.0,0.0,0.0,0.0,0.0,17.0,0,0,17.0,2.4849066497880004,6.09917479996982,0.5843101082139082,0,5.0,0.900369690055072,2.201339010698854,True
644,처치,1,5.0,23.0,498.23,5746.0,149.0,209.3,0.0,3.0,1,57.36,46.0,41.0,178.91,12.0,5.0,1,1,5.0,3.1780538303479458,6.213066911403363,0.4200871083636072,0,3.0,0.9081696927417457,2.2914888598534904,True
646,대조,0,5.0,9.0,333.34000000000003,18912.0,64.0,144.92,0.0,0.0,0,61.68,24.0,19.0,130.67,2.0,5.0,1,1,5.0,2.302585092994046,5.8121584392744845,0.43475130497390047,0,0.0,0.2472594560190395,-1.113282390777971,True
650,처치,1,3.0,10.0,95.42,48.0,22.0,42.67,0.0,3.0,0,24.259999999999998,15.0,15.0,67.88,4.0,3.0,1,1,3.0,2.3978952727983707,4.568713648977476,0.4471808845105848,0,3.0,0.750024163938858,1.0987411671611467,True
654,대조,0,3.0,18.0,181.75,98.0,42.0,88.05,0.0,2.0,0,36.07,26.0,26.0,72.22,14.0,3.0,1,1,3.0,2.9444389791664403,5.208119098629888,0.4844566712517194,0,2.0,0.7091994210454642,0.8914990212907784,True
661,처치,1,2.0,69.0,1435.32,327.0,111.0,504.97,0.0,2.0,1,206.05,48.0,43.0,710.64,42.0,2.0,1,1,2.0,4.248495242049359,7.269839566008378,0.3518170164144581,0,2.0,0.9373536993203401,2.7055560594215033,True
662,대조,0,9.0,8.0,438.78000000000003,179.0,91.0,260.66,0.0,0.0,0,63.43,27.0,22.0,172.83,4.0,9.0,1,1,9.0,2.1972245773362196,6.086274601870625,0.5940562468663112,0,0.0,0.19239446414985772,-1.4345259759005031,True
665,대조,0,1.0,8.0,130.19,56.0,8.0,23.54,0.0,1.0,0,0.0,0.0,0.0,0.0,0.0,1.0,0,0,1.0,2.1972245773362196,4.876646654092939,0.18081265842230584,0,1.0,0.4583974478416182,-0.16679583599465114,True
669,처치,1,3.0,10.0,746.73,288.0,141.0,495.86,0.0,3.0,0,382.58000000000004,146.0,110.0,669.52,10.0,3.0,1,1,3.0,2.3978952727983707,6.617041950244964,0.6640418893040323,0,3.0,0.6524133662680943,0.6296644187422755,True
670,처치,1,1.0,34.0,908.93,37366.0,150.0,411.58,0.0,2.0,1,263.3,95.0,84.0,628.76,21.0,1.0,1,1,1.0,3.5553480614894135,6.813367673475241,0.4528181488123398,0,2.0,0.871722334446758,1.9162737727994466,True
671,처치,1,4.0,17.0,537.37,31276.0,34.0,137.58,0.0,1.0,1,115.8,62.0,40.0,328.95,11.0,4.0,1,1,4.0,2.8903717578961645,6.288546056124276,0.2560247129538307,0,1.0,0.699054827584467,0.8428010796176738,True
672,처치,1,5.0,16.0,268.44,11926.0,52.0,110.22,0.0,0.0,1,34.52,18.0,14.0,52.26,3.0,5.0,1,1,5.0,2.833213344056216,5.596345731053962,0.4105945462673223,0,0.0,0.5037481464031989,0.014992866455411433,True
679,처치,1,2.0,72.0,1602.83,653.0,244.0,730.65,1.0,2.0,0,156.17,51.0,43.0,563.28,25.0,2.0,1,1,2.0,4.290459441148391,7.380149797772242,0.45584996537374517,1,2.0,0.9415272963693557,2.7789432993635925,True
680,처치,1,2.0,22.0,713.83,409.0,141.0,376.75,2.0,1.0,1,118.9,69.0,43.0,190.76,5.0,2.0,1,1,2.0,3.1354942159291497,6.572044752186324,0.5277867279324209,1,1.0,0.8085144845237593,1.4403864256009964,True
681,처치,1,17.0,5.0,210.4,66.0,28.0,92.3,0.0,4.0,0,105.11,34.0,30.0,215.38,6.0,17.0,1,1,17.0,1.791759469228055,5.353752073436137,0.4386882129277566,0,4.0,0.7431439532028661,1.0623739730800965,True
682,대조,0,4.0,58.0,1506.56,134555.0,262.0,659.93,0.0,2.0,1,191.44,103.0,83.0,550.82,35.0,4.0,1,1,4.0,4.07753744390572,7.318247728804327,0.4380376486830926,0,2.0,0.9186193406359915,2.423734181313488,True
685,처치,1,2.0,63.0,1386.87,546.0,177.0,490.32,0.0,0.0,1,267.52,109.0,89.0,692.54,23.0,2.0,1,1,2.0,4.1588830833596715,7.235525476738021,0.3535443120119406,0,0.0,0.7831795341607001,1.284292295085785,True
690,처치,1,5.0,43.0,888.02,38295.0,110.0,316.61,0.0,2.0,1,70.05,27.0,25.0,217.02,17.0,5.0,1,1,5.0,3.784189633918261,6.790119732448698,0.35653476273056917,0,2.0,0.9062796122342118,2.269032130080395,True
691,대조,0,4.0,11.0,370.58,162.0,55.0,192.12,0.0,2.0,0,11.06,4.0,4.0,39.61,1.0,4.0,1,1,4.0,2.4849066497880004,5.917764184178025,0.5184305682983432,0,2.0,0.5740149078374777,0.29825101709122226,True
692,처치,1,4.0,20.0,673.67,34886.0,106.0,257.86,1.0,2.0,1,113.33,59.0,58.0,303.22,9.0,4.0,1,1,4.0,3.044522437723423,6.514223682438503,0.3827690115338371,1,2.0,0.8988242915686727,2.1842288738366493,True
693,처치,1,4.0,51.0,1360.17,573.0,257.0,749.22,0.0,3.0,1,283.72,102.0,90.0,668.31,21.0,4.0,1,1,4.0,3.9512437185814275,7.21609990300686,0.5508282052978671,0,3.0,0.9447049432679562,2.838189134878461,True
694,처치,1,5.0,3.0,9.629999999999999,6.0,5.0,5.79,0.0,1.0,0,0.0,0.0,0.0,0.0,0.0,5.0,0,0,5.0,1.3862943611198906,2.3636801923538564,0.6012461059190032,0,1.0,0.22712860835094414,-1.2245962454688661,True
696,처치,1,4.0,55.0,2616.31,186896.0,325.0,1027.86,0.0,0.0,1,540.13,230.0,171.0,1260.64,26.0,4.0,1,1,4.0,4.02535169073515,7.86990235176237,0.39286628878076374,0,0.0,0.7374280767722421,1.0326435226866224,True
697,처치,1,1.0,11.0,491.09000000000003,28302.0,84.0,202.39000000000001,0.0,1.0,0,61.120000000000005,30.0,27.0,111.88,3.0,1.0,1,1,1.0,2.4849066497880004,6.1986616265925045,0.4121240505813598,0,1.0,0.43163255183851457,-0.2751934734860769,True
698,대조,0,15.0,12.0,141.94,117.0,30.0,62.3,0.0,3.0,0,43.06,19.0,17.0,80.97,2.0,15.0,1,1,15.0,2.5649493574615367,4.962424961791832,0.43891785261378047,0,3.0,0.7761837624759776,1.2435639524906246,True
699,처치,1,1.0,22.0,1578.53,132602.0,173.0,553.55,0.0,2.0,1,195.83,60.0,53.0,880.62,14.0,1.0,1,1,1.0,3.1354942159291497,7.364882613414095,0.35067436158958015,0,2.0,0.8231250381113226,1.5376650658712125,True
705,대조,0,5.0,14.0,237.36,170.0,64.0,180.62,0.0,1.0,0,94.18,40.0,30.0,125.2,11.0,5.0,1,1,5.0,2.70805020110221,5.473782135878778,0.7609538254128749,0,1.0,0.40961024520737255,-0.36557683401638347,True
706,처치,1,19.0,15.0,511.16,9190.0,82.0,266.94,0.0,3.0,1,163.92,63.0,50.0,498.86,14.0,19.0,1,1,19.0,2.772588722239781,6.238637076221553,0.5222239611863213,0,3.0,0.8523590100588901,1.753224228144764,True
708,대조,0,5.0,12.0,286.74,133.0,63.0,192.7,0.0,3.0,1,146.81,60.0,45.0,260.16,5.0,5.0,1,1,5.0,2.5649493574615367,5.662057294608887,0.6720373857850317,0,3.0,0.8056835976325234,1.4222033361032054,True
710,처치,1,2.0,31.0,490.8,269.0,79.0,215.99,0.0,3.0,0,118.2,51.0,49.0,343.21000000000004,22.0,2.0,1,1,2.0,3.4657359027997265,6.198072129782092,0.44007742461287697,0,3.0,0.885316828556201,2.0437722839531656,True
714,처치,1,2.0,46.0,731.78,532.0,132.0,390.47,0.0,3.0,1,157.12,97.0,57.0,239.9,24.0,2.0,1,1,2.0,3.8501476017100584,6.596845520411052,0.5335893301265409,0,3.0,0.9436690211152995,2.818530861005609,True
715,처치,1,1.0,33.0,591.3,514.0,109.0,279.77,0.0,1.0,1,62.35,37.0,28.0,430.02,12.0,1.0,1,1,1.0,3.5263605246161616,6.384013263282919,0.47314392017588364,0,1.0,0.776236433764063,1.2438671699234922,True
716,처치,1,6.0,5.0,54.38,29.0,14.0,40.64,0.0,0.0,1,82.02,36.0,24.0,110.67,11.0,6.0,1,1,6.0,1.791759469228055,4.014218517742816,0.7473335785215153,0,0.0,0.21634798857098192,-1.2870768893198368,True
720,대조,0,3.0,10.0,241.06,59.0,36.0,127.29,0.0,1.0,0,93.64999999999999,26.0,18.0,111.01,6.0,3.0,1,1,3.0,2.3978952727983707,5.489185629310458,0.5280428109184435,0,1.0,0.3958919892811081,-0.4226115879313221,True
722,대조,0,3.0,19.0,905.04,7453.0,207.0,693.86,0.0,3.0,1,268.1,135.0,88.0,434.62,8.0,3.0,1,1,3.0,2.995732273553991,6.809083455178767,0.7666622469725095,0,3.0,0.8373006763653968,1.6382793799192141,True
728,처치,1,1.0,74.0,920.74,55973.0,110.0,408.99,0.0,1.0,0,46.07,26.0,21.0,144.41,22.0,1.0,1,1,1.0,4.31748811353631,6.8262631881267355,0.4441970588874167,0,1.0,0.8217894905556781,1.5285187791888721,True
729,대조,0,21.0,1.0,98.32,42.0,16.0,45.75,0.0,1.0,0,16.810000000000002,7.0,5.0,19.27,1.0,21.0,1,1,21.0,0.6931471805599453,4.598346960639966,0.4653173311635476,0,1.0,0.11666557351444712,-2.0243923719469223,True
730,대조,0,8.0,12.0,153.12,61.0,31.0,90.76,0.0,1.0,0,63.2,9.0,9.0,85.9,5.0,8.0,1,1,8.0,2.5649493574615367,5.037731519757957,0.5927377220480669,0,1.0,0.4320943857109614,-0.27331118306502766,True
731,처치,1,2.0,49.0,852.49,79665.0,107.0,366.02,0.0,2.0,1,8.370000000000001,3.0,3.0,57.71,4.0,2.0,1,1,2.0,3.912023005428146,6.749333825704229,0.4293540100177128,0,2.0,0.9106640333649852,2.3217698717327524,True
733,처치,1,9.0,10.0,356.01,232.0,55.0,115.74,0.0,0.0,1,48.85,52.0,24.0,154.15,5.0,9.0,1,1,9.0,2.3978952727983707,5.877763792591814,0.32510322743743153,0,0.0,0.40884145854304416,-0.36875679211732043,True
734,대조,0,30.0,15.0,275.59,12435.0,38.0,190.25,0.0,0.0,0,39.51,16.0,10.0,60.65,6.0,30.0,1,1,30.0,2.772588722239781,5.622536265287162,0.6903370949599043,0,0.0,0.2910232901032596,-0.8904193780757322,True
737,대조,0,3.0,8.0,392.21000000000004,145.0,62.0,279.92,0.0,1.0,0,69.98,36.0,31.0,120.4,6.0,3.0,1,1,3.0,2.1972245773362196,5.974343820299564,0.7136992937456974,0,1.0,0.28962304995805244,-0.8972154949607573,True
740,대조,0,1.0,17.0,757.96,371.0,143.0,485.12,0.0,4.0,1,181.84,76.0,53.0,322.08,6.0,1.0,1,1,1.0,2.8903717578961645,6.631949075084622,0.6400337748693862,0,4.0,0.9135336610201678,2.3575650300870383,True
741,대조,0,6.0,11.0,524.55,227.0,112.0,333.38,0.0,2.0,1,180.31,65.0,54.0,348.48,9.0,6.0,1,1,6.0,2.4849066497880004,6.2644453332693635,0.6355542846249166,0,2.0,0.65741633378074,0.6518015981497046,True
744,처치,1,1.0,28.0,877.1800000000001,75490.0,170.0,410.25,0.0,2.0,0,238.71,96.0,89.0,402.78000000000003,15.0,1.0,1,1,1.0,3.367295829986474,6.777851584012676,0.4676919218404432,0,2.0,0.7653539182185045,1.182260021075396,True
747,처치,1,8.0,19.0,163.6,96.0,31.0,63.0,0.0,1.0,0,28.15,21.0,17.0,75.28,8.0,8.0,1,1,8.0,2.995732273553991,5.103518288242969,0.38508557457212717,0,1.0,0.6004051828878545,0.4071536556130858,True
748,대조,0,1.0,19.0,850.71,7701.0,132.0,508.95,0.0,0.0,1,308.25,144.0,108.0,403.23,17.0,1.0,1,1,1.0,2.995732273553991,6.747246093301543,0.5982649786648799,0,0.0,0.46099611070269886,-0.15633318034042268,True
749,처치,1,23.0,18.0,74.78,53.0,35.0,56.68,0.0,1.0,0,15.729999999999999,5.0,5.0,23.71,4.0,23.0,1,1,23.0,2.9444389791664403,4.327834405590455,0.7579566729071944,0,1.0,0.5030257069464429,0.012102975522629136,True
752,처치,1,5.0,13.0,476.59,63159.0,54.0,170.21,0.0,1.0,1,14.8,5.0,4.0,43.55,3.0,5.0,1,1,5.0,2.6390573296152584,6.168752623835738,0.3571413584003022,0,1.0,0.6172510235424951,0.4778964261000026,True
754,처치,1,20.0,3.0,157.88,73.0,23.0,58.72,0.0,3.0,0,51.03,36.0,19.0,87.13,5.0,20.0,1,1,20.0,1.3862943611198906,5.068149200296863,0.3719280466176843,0,3.0,0.5209282693031231,0.08376201626169726,True
755,처치,1,3.0,36.0,1306.21,346810.0,53.0,152.79,0.0,4.0,1,143.48,62.0,50.0,741.21,19.0,3.0,1,1,3.0,3.6109179126442243,7.175650374015278,0.11697200297042588,0,4.0,0.9747207243506454,3.652166077646443,True
757,대조,0,2.0,10.0,507.23,10879.0,97.0,284.15,0.0,0.0,0,34.89,12.0,12.0,123.58,3.0,2.0,1,1,2.0,2.3978952727983707,6.2309341010209645,0.5601995150129132,0,0.0,0.23072526895564324,-1.20422047239045,True
759,대조,0,37.0,1.0,18.86,6.0,1.0,4.99,0.0,1.0,0,27.1,10.0,10.0,74.2,3.0,37.0,1,1,37.0,0.6931471805599453,2.9887076586170265,0.2645811240721103,0,1.0,0.1657419536919528,-1.6161106795024691,True
760,대조,0,1.0,14.0,337.44,97.0,39.0,258.37,0.0,2.0,0,128.95,38.0,27.0,223.51,7.0,1.0,1,1,1.0,2.70805020110221,5.8243468240563,0.7656768610715979,0,2.0,0.5634232776519293,0.2550670440200118,True
763,처치,1,5.0,3.0,340.87,201.0,55.0,171.65,0.0,1.0,0,0.0,0.0,0.0,0.0,0.0,5.0,0,0,5.0,1.3862943611198906,5.8344305478407765,0.5035644087188664,0,1.0,0.1848261060596869,-1.4839860414921842,True
764,처치,1,4.0,14.0,426.56,18182.0,92.0,229.87,0.0,0.0,1,213.65,100.0,77.0,474.85,19.0,4.0,1,1,4.0,2.70805020110221,6.058094629405745,0.5388925356339085,0,0.0,0.4224399980716284,-0.3127649161284106,True
769,대조,0,8.0,5.0,79.67,7267.0,4.0,36.29,0.0,1.0,0,25.78,5.0,5.0,57.4,3.0,8.0,1,1,8.0,1.791759469228055,4.390366758948883,0.455503953809464,0,1.0,0.2992358481758863,-0.850939332749448,True
778,대조,0,14.0,2.0,6.58,7.0,2.0,3.99,0.0,3.0,0,12.95,12.0,9.0,43.64,9.0,14.0,1,1,14.0,1.0986122886681098,2.0255131996542803,0.6063829787234043,0,3.0,0.45972662835685163,-0.16144322859941737,True
779,대조,0,34.0,10.0,470.5,160.0,66.0,224.5,0.0,1.0,1,144.31,61.0,46.0,263.01,8.0,34.0,1,1,34.0,2.3978952727983707,6.155919102073512,0.4771519659936238,0,1.0,0.5246528157611712,0.09869128928812122,True
780,처치,1,67.0,3.0,17.44,8.0,2.0,8.66,0.0,1.0,0,0.0,0.0,0.0,0.0,0.0,67.0,0,0,67.0,1.3862943611198906,2.914522218128448,0.49655963302752293,0,1.0,0.24146944499794906,-1.144640138093667,True
784,처치,1,12.0,8.0,273.34000000000003,26640.0,26.0,67.05,0.0,2.0,1,29.69,18.0,17.0,116.53999999999999,8.0,12.0,1,1,12.0,2.1972245773362196,5.614368213050261,0.24529889514889877,0,2.0,0.7053617267988318,0.8729623474734972,True
785,대조,0,13.0,3.0,30.85,14.0,9.0,25.82,0.0,1.0,1,111.32000000000001,43.0,43.0,250.47,15.0,13.0,1,1,13.0,1.3862943611198906,3.4610373820181723,0.8369529983792544,0,1.0,0.2523374386442982,-1.086184520973331,True
787,처치,1,6.0,21.0,321.67,122.0,23.0,50.94,0.0,1.0,1,30.14,18.0,16.0,132.67,13.0,6.0,1,1,6.0,3.091042453358316,5.776630129133619,0.15836105325333416,0,1.0,0.771989119510389,1.219577106765525,True
790,대조,0,6.0,8.0,498.42,218.0,101.0,289.03000000000003,0.0,0.0,1,211.08,74.0,70.0,395.36,5.0,6.0,1,1,6.0,2.1972245773362196,6.21344742510144,0.5798924601741503,0,0.0,0.2874460745266077,-0.9078203183732187,True
793,대조,0,13.0,22.0,305.37,9653.0,56.0,150.74,0.0,0.0,0,64.33,26.0,22.0,134.9,8.0,13.0,1,1,13.0,3.1354942159291497,5.724793521845665,0.49363067753872353,0,0.0,0.42502219044281075,-0.30219006761021444,True
795,대조,0,10.0,6.0,189.17000000000002,95.0,33.0,94.3,0.0,1.0,0,5.67,2.0,2.0,7.02,1.0,10.0,1,1,10.0,1.9459101490553132,5.247918408964185,0.4984934186181741,0,1.0,0.30338750734471465,-0.831218400989922,True
802,처치,1,7.0,8.0,234.96,79.0,37.0,114.73,0.0,1.0,1,88.26,30.0,20.0,134.03,3.0,7.0,1,1,7.0,2.1972245773362196,5.4636622991348744,0.48829588014981273,0,1.0,0.4857718079293627,-0.056928137755060164,True
803,대조,0,2.0,12.0,346.24,158.0,71.0,196.98,0.0,1.0,1,181.35,72.0,64.0,254.31,9.0,2.0,1,1,2.0,2.5649493574615367,5.850016183523607,0.5689117375231053,0,1.0,0.5474133954123576,0.19022513110244485,True
807,처치,1,13.0,12.0,327.34000000000003,27272.0,48.0,98.23,0.0,2.0,0,100.42,49.0,39.0,328.14,7.0,13.0,1,1,13.0,2.5649493574615367,5.794049656866372,0.30008553797275,0,2.0,0.6567528557877089,0.6488570521538537,True
808,대조,0,7.0,23.0,384.73,26605.0,43.0,137.8,0.0,1.0,1,34.39,25.0,18.0,110.64,17.0,7.0,1,1,7.0,3.1780538303479458,5.9551376428479665,0.3581732643672186,0,1.0,0.742944522140995,1.0613294458009275,True
812,대조,0,21.0,6.0,154.92000000000002,65.0,22.0,115.62,0.0,2.0,0,15.97,5.0,3.0,46.81,5.0,21.0,1,1,21.0,1.9459101490553132,5.049343055199305,0.7463206816421378,0,2.0,0.3948147214229652,-0.42711806155959275,True
817,처치,1,3.0,23.0,675.32,275.0,169.0,435.2,0.0,4.0,1,247.48,116.0,110.0,415.67,13.0,3.0,1,1,3.0,3.1780538303479458,6.51666633681848,0.6444352307054433,0,4.0,0.9349261952606658,2.664945507343513,True
820,처치,1,1.0,9.0,78.82000000000001,32.0,15.0,43.08,0.0,0.0,0,33.32,9.0,8.0,65.98,7.0,1.0,1,1,1.0,2.302585092994046,4.379774099620588,0.5465617863486424,0,0.0,0.25167015243475566,-1.0897245422362836,True
823,처치,1,2.0,19.0,717.53,26629.0,54.0,252.45000000000002,0.0,0.0,1,11.79,4.0,3.0,72.94,6.0,2.0,1,1,2.0,2.995732273553991,6.577207458300864,0.3518319791506976,0,0.0,0.5363992043141637,0.14585484024104936,True
830,처치,1,10.0,9.0,133.14,86.0,39.0,97.02,0.0,2.0,0,9.71,8.0,6.0,12.21,2.0,10.0,1,1,10.0,2.302585092994046,4.898884030671591,0.7287066246056783,0,2.0,0.4943325934314608,-0.022670597198333826,True
831,대조,0,1.0,26.0,972.95,340.0,151.0,458.45,0.0,0.0,1,328.12,121.0,109.0,756.89,15.0,1.0,1,1,1.0,3.295836866004329,6.881359967622606,0.4711958476797368,0,0.0,0.5715074192105054,0.2880040416352049,True
834,대조,0,6.0,1.0,9.0,3.0,1.0,9.0,0.0,2.0,0,0.0,0.0,0.0,7.7299999999999995,1.0,6.0,0,1,6.0,0.6931471805599453,2.302585092994046,1.0,0,2.0,0.15013271701741804,-1.7335605166008818,True
836,대조,0,2.0,16.0,427.5,210.0,67.0,236.05,0.0,2.0,0,71.38,23.0,20.0,156.38,9.0,2.0,1,1,2.0,2.833213344056216,6.060290738037835,0.5521637426900585,0,2.0,0.6470669412718468,0.6061713496283082,True
841,대조,0,1.0,15.0,314.44,17403.0,41.0,208.75,0.0,0.0,0,233.82,56.0,36.0,435.71,25.0,1.0,1,1,1.0,2.772588722239781,5.753968489569372,0.6638786413942247,0,0.0,0.2926228609880743,-0.8826793432838864,True
850,처치,1,7.0,8.0,158.58,5381.0,30.0,96.34,0.0,1.0,0,28.3,14.0,12.0,113.35000000000001,7.0,7.0,1,1,7.0,2.1972245773362196,5.072545363880135,0.6075167108084247,0,1.0,0.3368903153101049,-0.6771830099236885,True
852,대조,0,4.0,14.0,525.84,214.0,113.0,340.1,0.0,0.0,1,125.0,30.0,27.0,151.42000000000002,6.0,4.0,1,1,4.0,2.70805020110221,6.266896897130846,0.6467746843146204,0,0.0,0.3871472316843759,-0.4593196605864076,True
853,처치,1,1.0,69.0,1786.5,75638.0,81.0,357.51,0.0,1.0,1,161.82,58.0,50.0,614.61,26.0,1.0,1,1,1.0,4.248495242049359,7.488573274568163,0.20011754827875733,0,1.0,0.8994944195648737,2.1916195967659884,True
854,대조,0,15.0,3.0,12.48,7.0,4.0,11.48,0.0,1.0,0,10.57,4.0,3.0,20.73,3.0,15.0,1,1,15.0,1.3862943611198906,2.601207105484161,0.9198717948717948,0,1.0,0.16605601289403413,-1.6138410798465235,True
856,처치,1,1.0,29.0,863.65,54371.0,144.0,434.03,0.0,3.0,1,197.79,80.0,53.0,433.94,15.0,1.0,1,1,1.0,3.4011973816621555,6.762324800771931,0.502553117582354,0,3.0,0.9144198690763532,2.3688367005038584,True
861,대조,0,51.0,5.0,178.65,69.0,43.0,125.01,0.0,1.0,0,127.56,52.0,47.0,174.97,5.0,51.0,1,1,51.0,1.791759469228055,5.191010513559528,0.6997481108312342,0,1.0,0.2305756453770412,-1.2050636557556453,True
862,처치,1,2.0,16.0,390.99,212.0,64.0,216.68,0.0,0.0,0,21.25,11.0,9.0,42.15,2.0,2.0,1,1,2.0,2.833213344056216,5.97123632926099,0.5541829714314944,0,0.0,0.3282148222709116,-0.7162702734689562,True
863,대조,0,3.0,35.0,564.27,44009.0,124.0,298.25,0.0,1.0,1,82.51,29.0,22.0,101.29,11.0,3.0,1,1,3.0,3.58351893845611,6.337303493106213,0.5285590231626703,0,1.0,0.7764651197254181,1.2451842559702748,True
864,처치,1,3.0,14.0,1250.3,506.0,189.0,527.06,1.0,4.0,1,304.88,133.0,117.0,713.18,10.0,3.0,1,1,3.0,2.70805020110221,7.131938289871009,0.4215468287610973,1,4.0,0.9548893847442409,3.0524779159415734,True
867,처치,1,4.0,20.0,722.59,63702.0,122.0,357.04,0.0,1.0,1,243.9,97.0,70.0,446.33,9.0,4.0,1,1,4.0,3.044522437723423,6.584224933635706,0.4941114601641318,0,1.0,0.6676425199711111,0.6975417438339604,True
877,대조,0,10.0,8.0,660.45,17279.0,100.0,307.16,8.0,3.0,0,57.45,41.0,26.0,167.70000000000002,3.0,10.0,1,1,10.0,2.1972245773362196,6.49443439490839,0.4650768415474298,1,3.0,0.7943244597454242,1.3511921374639277,True
879,대조,0,3.0,22.0,525.58,65168.0,61.0,176.69,0.0,0.0,1,99.83,33.0,25.0,190.15,10.0,3.0,1,1,3.0,3.1354942159291497,6.2664032668498955,0.336180981011454,0,0.0,0.5849117939303622,0.34297001386487136,True
882,처치,1,17.0,12.0,130.23,67.0,20.0,61.07,0.0,1.0,1,127.92,54.0,45.0,180.88,22.0,17.0,1,1,17.0,2.5649493574615367,4.876951508908196,0.468939568455809,0,1.0,0.6020512641526644,0.41401940549823674,True
883,처치,1,1.0,40.0,1205.01,51095.0,205.0,668.85,0.0,5.0,1,474.3,193.0,142.0,993.43,27.0,1.0,1,1,1.0,3.713572066704308,7.095072669126717,0.5550576343764783,0,5.0,0.9806896589927763,3.9276153019237894,True
884,대조,0,27.0,4.0,24.21,16.0,1.0,0.89,0.0,0.0,0,2.99,1.0,1.0,6.8100000000000005,1.0,27.0,1,1,27.0,1.6094379124341003,3.2272407411998283,0.03676166873192895,0,0.0,0.2509991006923076,-1.0932908279681335,True
885,대조,0,2.0,17.0,378.62,9653.0,46.0,157.21,0.0,0.0,0,23.17,4.0,4.0,37.14,1.0,2.0,1,1,2.0,2.8903717578961645,5.939170752386848,0.41521842480587395,0,0.0,0.3791014707470003,-0.4933637675438712,True
886,처치,1,7.0,30.0,727.23,96116.0,39.0,88.71000000000001,0.0,1.0,1,45.68,25.0,15.0,291.53,14.0,7.0,1,1,7.0,3.4339872044851463,6.590616932365962,0.1219834165257209,0,1.0,0.8222371714463043,1.5315786452090276,True
893,대조,0,12.0,23.0,915.46,397.0,136.0,509.6,0.0,0.0,0,323.2,113.0,88.0,671.62,11.0,12.0,1,1,12.0,3.1780538303479458,6.820518422028356,0.5566600397614314,0,0.0,0.3898072209089983,-0.44812262698372984,True
896,처치,1,3.0,14.0,647.9,16819.0,136.0,335.12,0.0,3.0,0,112.24000000000001,60.0,51.0,229.12,4.0,3.0,1,1,3.0,2.70805020110221,6.4752786216271225,0.5172403148634048,0,3.0,0.7570796540962116,1.136734876309095,True
898,처치,1,2.0,35.0,1172.91,121367.0,192.0,478.24,0.0,2.0,1,358.83,155.0,127.0,648.2,25.0,2.0,1,1,2.0,3.58351893845611,7.068095336461363,0.4077380191148511,0,2.0,0.8776650773627879,1.9705025091110748,True
900,처치,1,1.0,146.0,2427.65,203095.0,165.0,707.28,0.0,3.0,1,436.6,138.0,106.0,1639.29,116.0,1.0,1,1,1.0,4.990432586778736,7.795090826400871,0.2913434803204745,0,3.0,0.9845693072798548,4.155845734318857,False
901,처치,1,4.0,6.0,244.44,148.0,61.0,159.05,0.0,2.0,0,117.03,51.0,40.0,225.63,4.0,4.0,1,1,4.0,1.9459101490553132,5.503052518178891,0.650670921289478,0,2.0,0.40837580494698106,-0.37068378663901275,True
903,처치,1,4.0,10.0,593.66,166.0,70.0,270.9,0.0,2.0,1,35.6,13.0,13.0,135.85,3.0,4.0,1,1,4.0,2.3978952727983707,6.387989813646672,0.45632180035710673,0,2.0,0.6799847994567968,0.7537019478171868,True
906,처치,1,3.0,49.0,974.13,68184.0,107.0,522.4300000000001,0.0,4.0,1,239.06,215.0,52.0,448.9,26.0,3.0,1,1,3.0,3.912023005428146,6.8825707954430815,0.5363041893792411,0,4.0,0.9710930216498164,3.5143392321735583,True
907,대조,0,6.0,10.0,272.79,174.0,46.0,118.19,0.0,2.0,0,2.02,2.0,2.0,30.37,3.0,6.0,1,1,6.0,2.3978952727983707,5.612361389177871,0.43326368268631543,0,2.0,0.5839515957085762,0.33901648537035345,True
908,처치,1,1.0,29.0,886.69,26270.0,90.0,462.90000000000003,0.0,1.0,1,119.0,48.0,33.0,315.95,11.0,1.0,1,1,1.0,3.4011973816621555,6.788622582943796,0.5220539309115926,0,1.0,0.7337853584496524,1.013913652153166,True
911,처치,1,2.0,9.0,601.75,283.0,154.0,373.57,0.0,1.0,1,94.22,57.0,46.0,208.95000000000002,4.0,2.0,1,1,2.0,2.302585092994046,6.401502517061281,0.6208059825508933,0,1.0,0.44973616733387356,-0.201736742953142,True
913,대조,0,2.0,10.0,202.04,73.0,37.0,133.09,0.0,2.0,0,85.97,30.0,26.0,143.56,6.0,2.0,1,1,2.0,2.3978952727983707,5.313403003966077,0.658730944367452,0,2.0,0.5275506464767253,0.11031432014129992,True
915,처치,1,3.0,19.0,170.81,103.0,43.0,87.4,0.0,0.0,1,37.43,25.0,24.0,102.38,15.0,3.0,1,1,3.0,2.995732273553991,5.146389215073875,0.5116796440489433,0,0.0,0.5288273479539941,0.11543741250705626,True
916,처치,1,1.0,17.0,215.57,79.0,49.0,110.58,0.0,2.0,0,130.43,90.0,75.0,343.06,23.0,1.0,1,1,1.0,2.8903717578961645,5.377913820819179,0.5129656260147516,0,2.0,0.686457014793424,0.783607143664105,True
918,대조,0,3.0,10.0,419.26,248.0,91.0,256.02,0.0,3.0,0,26.68,12.0,7.0,38.86,3.0,3.0,1,1,3.0,2.3978952727983707,6.040873567365525,0.6106473310117826,0,3.0,0.6798003988968648,0.7528546692597193,True
919,대조,0,2.0,16.0,100.71,98.0,39.0,61.53,0.0,1.0,0,17.06,15.0,10.0,33.2,2.0,2.0,1,1,2.0,2.833213344056216,4.622125626637505,0.6109621686029193,0,1.0,0.5069330141820617,0.02773383425071057,True
920,처치,1,1.0,42.0,761.71,26515.0,153.0,409.71,0.0,3.0,1,360.0,155.0,89.0,681.83,21.0,1.0,1,1,1.0,3.7612001156935624,6.636877880399306,0.537881871053288,0,3.0,0.9379875409100493,2.7164013483856726,True
922,처치,1,3.0,21.0,448.69,48330.0,54.0,169.44,0.0,3.0,1,161.96,59.0,44.0,237.41,10.0,3.0,1,1,3.0,3.091042453358316,6.108558456482495,0.3776326639773563,0,3.0,0.9055415945877069,2.2603736285240745,True
924,처치,1,7.0,11.0,271.21,88.0,48.0,192.75,0.0,2.0,0,79.41,25.0,24.0,115.96000000000001,7.0,7.0,1,1,7.0,2.4849066497880004,5.606573827235426,0.7107038826001991,0,2.0,0.5277599241795861,0.11115399976278109,True
925,대조,0,51.0,10.0,39.04,18.0,9.0,16.26,0.0,1.0,0,0.0,0.0,0.0,0.0,0.0,51.0,0,0,51.0,2.3978952727983707,3.68987895444702,0.4164959016393443,0,1.0,0.47822672283836654,-0.08714822299167511,True
926,처치,1,2.0,35.0,1065.76,121853.0,139.0,379.75,0.0,7.0,1,111.10000000000001,55.0,38.0,279.73,15.0,2.0,1,1,2.0,3.58351893845611,6.972381296291807,0.35631849572136315,0,6.0,0.9909801115068368,4.699262493192315,False
927,대조,0,3.0,14.0,670.35,294.0,110.0,351.41,0.0,0.0,0,27.79,14.0,14.0,48.05,3.0,3.0,1,1,3.0,2.70805020110221,6.509290610518717,0.5242186917282017,0,0.0,0.2953731721975843,-0.8694287929919763,True
928,처치,1,2.0,22.0,341.71,98.0,45.0,148.47,0.0,2.0,0,118.99000000000001,53.0,47.0,266.98,10.0,2.0,1,1,2.0,3.1354942159291497,5.836884608495686,0.4344912352579673,0,2.0,0.7465431706047336,1.0802599357046265,True
929,처치,1,3.0,28.0,702.4,31538.0,196.0,393.38,2.0,1.0,1,256.83,209.0,141.0,594.44,33.0,3.0,1,1,3.0,3.367295829986474,6.555925720039882,0.5600512528473804,1,1.0,0.8384303931899151,1.6465955126008864,True
931,대조,0,8.0,5.0,814.74,337.0,121.0,390.81,10.0,1.0,0,138.44,69.0,48.0,279.58,4.0,8.0,1,1,8.0,1.791759469228055,6.704095676740615,0.47967449738566903,1,1.0,0.39163387168198066,-0.4404494829306348,True
935,대조,0,11.0,6.0,186.16000000000003,52089.0,7.0,17.17,0.0,1.0,0,8.27,3.0,3.0,58.45,2.0,11.0,1,1,11.0,1.9459101490553132,5.231963865998016,0.09223248818220885,0,1.0,0.4105826805758839,-0.3615571317855733,True
936,처치,1,2.0,102.0,1682.25,10055.0,271.0,926.13,0.0,4.0,0,253.92,99.0,66.0,532.85,32.0,2.0,1,1,2.0,4.634728988229636,7.428481727425391,0.5505305394560855,0,4.0,0.9750753502978816,3.666657488696876,True
938,대조,0,14.0,5.0,267.73,99.0,27.0,107.61,0.0,1.0,0,0.0,0.0,0.0,0.0,0.0,14.0,0,0,14.0,1.791759469228055,5.593707158068019,0.4019347850446345,0,1.0,0.28569076684420813,-0.9164059771836242,True
939,처치,1,5.0,29.0,932.89,752.0,192.0,444.17,0.0,0.0,1,220.08,130.0,95.0,468.94,14.0,5.0,1,1,5.0,3.4011973816621555,6.839358658273784,0.4761225868001587,0,0.0,0.5981379923282271,0.3977127185399858,True
940,대조,0,2.0,14.0,213.15,79.0,29.0,83.22,0.0,0.0,0,24.22,11.0,10.0,102.34,8.0,2.0,1,1,2.0,2.70805020110221,5.36667670406138,0.3904292751583392,0,0.0,0.3558763895131896,-0.593307199347121,True
941,처치,1,2.0,17.0,293.78000000000003,93.0,42.0,134.32,0.0,3.0,1,44.730000000000004,18.0,17.0,204.57,12.0,2.0,1,1,2.0,2.8903717578961645,5.686229315408612,0.45721288038668384,0,3.0,0.8813001609382968,2.0048003269462993,True
944,대조,0,3.0,18.0,552.05,63297.0,61.0,217.08,0.0,0.0,0,46.48,16.0,13.0,98.91,4.0,3.0,1,1,3.0,2.9444389791664403,6.315448413348263,0.3932252513359298,0,0.0,0.3889393848922327,-0.4517726520690052,True
946,대조,0,2.0,22.0,405.7,256.0,130.0,280.62,0.0,1.0,1,53.86,25.0,26.0,88.75,9.0,2.0,1,1,2.0,3.1354942159291497,6.008075812913178,0.6916933694848411,0,1.0,0.6515683019116263,0.6259400062764301,True
947,처치,1,1.0,18.0,169.66,118.0,57.0,88.32,0.0,5.0,1,34.09,25.0,15.0,112.76,10.0,1.0,1,1,1.0,2.9444389791664403,5.139673273108439,0.5205705528704467,0,5.0,0.9669482716271164,3.3760711397283876,True
952,처치,1,2.0,18.0,377.82,19851.0,81.0,150.47,0.0,2.0,0,127.38,55.0,47.0,212.57,15.0,2.0,1,1,2.0,2.9444389791664403,5.9370611582285955,0.3982584299401832,0,2.0,0.7134770420508196,0.9123315944739554,True
953,대조,0,7.0,16.0,121.58,94.0,33.0,46.02,0.0,1.0,0,52.44,38.0,29.0,89.19,4.0,7.0,1,1,7.0,2.833213344056216,4.808763878057586,0.37851620332291497,0,1.0,0.5687616081587615,0.2768003294926548,True
954,처치,1,3.0,7.0,304.62,140.0,54.0,145.56,0.0,2.0,0,99.74,48.0,37.0,167.04,3.0,3.0,1,1,3.0,2.0794415416798357,5.7223425001771115,0.4778412448296238,0,2.0,0.4858761904294317,-0.05651027185761131,True
956,처치,1,2.0,92.0,1422.77,161436.0,143.0,497.85,0.0,1.0,1,358.56,127.0,95.0,897.9,49.0,2.0,1,1,2.0,4.532599493153256,7.261063562072737,0.34991600891219243,0,1.0,0.9121065580750785,2.3396316296985527,True
957,처치,1,1.0,118.0,982.14,37804.0,124.0,351.35,0.0,1.0,0,173.07,70.0,59.0,522.02,68.0,1.0,1,1,1.0,4.77912349311153,6.890751531165951,0.3577392225141019,0,1.0,0.8910715765551003,2.101733756191602,True
960,처치,1,6.0,14.0,360.33,108.0,36.0,105.71000000000001,0.0,3.0,1,49.34,21.0,14.0,157.96,7.0,6.0,1,1,6.0,2.70805020110221,5.889791668196679,0.2933699664196709,0,3.0,0.8789978199088304,1.982973854770544,True
961,처치,1,16.0,11.0,700.36,328.0,114.0,384.63,0.0,2.0,0,99.86,32.0,29.0,202.82,3.0,16.0,1,1,16.0,2.4849066497880004,6.55302130728033,0.5491889885201896,0,2.0,0.5494282284250377,0.19836077307104177,True
964,처치,1,23.0,15.0,202.33,99.0,40.0,109.62,0.0,0.0,0,39.76,20.0,15.0,59.67,2.0,23.0,1,1,23.0,2.772588722239781,5.31483027492225,0.5417881678446103,0,0.0,0.3343577031577083,-0.6885410469883737,True
965,대조,0,36.0,2.0,26.96,15.0,1.0,2.79,0.0,1.0,0,118.36,61.0,37.0,162.57,3.0,36.0,1,1,36.0,1.0986122886681098,3.3307749173656096,0.10348664688427299,0,1.0,0.2600913579860968,-1.0454937756721008,True
968,처치,1,1.0,17.0,1290.6200000000001,653.0,212.0,628.03,0.0,5.0,1,430.32,188.0,151.0,822.8100000000001,10.0,1.0,1,1,1.0,2.8903717578961645,7.16365252343441,0.4866110861446436,0,5.0,0.9585938660389289,3.1420384546635187,True
971,처치,1,8.0,21.0,800.83,368.0,164.0,429.58,0.0,0.0,1,157.46,74.0,65.0,359.37,12.0,8.0,1,1,8.0,3.091042453358316,6.68689661532287,0.5364184658416892,0,0.0,0.5056585649532465,0.022635226199854128,True
976,대조,0,3.0,14.0,1478.59,537.0,227.0,752.67,0.0,1.0,1,214.96,100.0,78.0,454.21,5.0,3.0,1,1,3.0,2.70805020110221,7.299520301352058,0.5090457801013127,0,1.0,0.5629456101386178,0.25312536698288307,True
979,처치,1,3.0,29.0,1973.39,17570.0,401.0,1129.2,0.0,5.0,1,692.22,247.0,207.0,1329.8600000000001,20.0,3.0,1,1,3.0,3.4011973816621555,7.588014768868421,0.5722132979289446,0,5.0,0.971541698038277,3.530444262339263,True
983,처치,1,6.0,21.0,349.07,154.0,80.0,232.33,0.0,2.0,1,97.24,32.0,30.0,172.58,11.0,6.0,1,1,6.0,3.091042453358316,5.858133134486126,0.665568510613917,0,2.0,0.7844548859150463,1.2918188299832187,True
984,대조,0,4.0,5.0,221.08,136.0,52.0,169.91,0.0,0.0,0,3.5199999999999996,2.0,2.0,3.5199999999999996,1.0,4.0,1,1,4.0,1.791759469228055,5.40303767731844,0.7685453229600144,0,0.0,0.12070214825293217,-1.985797767012511,True
986,처치,1,9.0,7.0,212.06,93.0,43.0,120.26,0.0,1.0,1,136.6,59.0,45.0,200.55,10.0,9.0,1,1,9.0,2.0794415416798357,5.361573816183052,0.5671036499104027,0,1.0,0.43567484541041074,-0.2587344028878949,True
987,처치,1,5.0,7.0,263.67,157.0,57.0,151.06,0.0,2.0,0,43.86,14.0,8.0,80.6,3.0,5.0,1,1,5.0,2.0794415416798357,5.578483766958155,0.572913111085827,0,2.0,0.46258468571041633,-0.14994154834899517,True
988,처치,1,7.0,43.0,999.01,87961.0,135.0,326.82,0.0,2.0,0,9.62,7.0,5.0,38.32,2.0,7.0,1,1,7.0,3.784189633918261,6.907765278932137,0.32714387243370935,0,2.0,0.8539516750873345,1.7659370461438126,True
995,처치,1,22.0,3.0,218.31,91.0,40.0,98.0,0.0,2.0,0,0.0,0.0,0.0,0.0,0.0,22.0,0,0,22.0,1.3862943611198906,5.390486254019414,0.44890293619165406,0,2.0,0.3310119824540369,-0.7036115734859293,True
996,처치,1,9.0,13.0,145.23,67.0,31.0,77.0,0.0,4.0,1,93.61,52.0,46.0,234.43,13.0,9.0,1,1,9.0,2.6390573296152584,4.985180724623787,0.5301934861943125,0,4.0,0.9169165610538398,2.4011710855588713,True
999,처치,1,4.0,3.0,68.81,18.0,8.0,48.31,0.0,2.0,0,9.81,10.0,6.0,17.27,1.0,4.0,1,1,4.0,1.3862943611198906,4.24577726598231,0.7020781863101293,0,2.0,0.29364011381247024,-0.8777699465852523,True
1000,처치,1,1.0,22.0,582.15,389.0,127.0,193.26,0.0,1.0,0,121.91,66.0,63.0,315.1,9.0,1.0,1,1,1.0,3.1354942159291497,6.368444443137059,0.33197629476938934,0,1.0,0.6168483134700016,0.4761921892576818,True
1001,대조,0,45.0,10.0,602.09,252.0,74.0,277.58,0.0,1.0,1,228.62,107.0,44.0,368.22,7.0,45.0,1,1,45.0,2.3978952727983707,6.402066439321299,0.46102742114966194,0,1.0,0.52352204599021,0.0941576865904201,True
1003,대조,0,3.0,14.0,599.93,311.0,153.0,389.69,0.0,2.0,1,267.11,104.0,84.0,432.47,9.0,3.0,1,1,3.0,2.70805020110221,6.398478455205996,0.6495591152301102,0,2.0,0.7011412932471668,0.8527385172415468,True
1004,처치,1,2.0,28.0,466.97,63073.0,51.0,191.69,0.0,3.0,1,123.1,43.0,37.0,243.0,19.0,2.0,1,1,2.0,3.367295829986474,6.148404191298887,0.41049746236374923,0,3.0,0.9245319638838126,2.5055784205561658,True
1005,처치,1,3.0,32.0,448.28000000000003,285.0,117.0,238.11,4.0,1.0,0,123.39,61.0,56.0,220.06,20.0,3.0,1,1,3.0,3.4965075614664802,6.107646301397391,0.5311635584902293,1,1.0,0.7920744207402584,1.3374751293230631,True
1007,처치,1,7.0,15.0,146.86,5782.0,49.0,79.59,0.0,1.0,0,13.48,10.0,10.0,20.8,6.0,7.0,1,1,7.0,2.772588722239781,4.996265880128954,0.5419447092469017,0,1.0,0.5013679706209176,0.0054718961367616736,True
1010,대조,0,1.0,16.0,419.32,32023.0,53.0,117.0,0.0,0.0,0,87.15,46.0,40.0,207.61,10.0,1.0,1,1,1.0,2.833213344056216,6.04101632593723,0.27902318038729373,0,0.0,0.3995591124512985,-0.40730247760845045,True
1011,처치,1,3.0,20.0,383.91,20436.0,54.0,152.6,0.0,2.0,0,160.02,66.0,60.0,382.86,17.0,3.0,1,1,3.0,3.044522437723423,5.953009540726433,0.3974889948164934,0,2.0,0.7341930409468659,1.0160016651259978,True
1012,처치,1,4.0,13.0,178.88,82.0,43.0,111.82000000000001,0.0,3.0,1,38.16,22.0,19.0,94.8,11.0,4.0,1,1,4.0,2.6390573296152584,5.192289961902507,0.6251118067978534,0,3.0,0.8324934191185458,1.6034026775228094,True
1015,처치,1,4.0,12.0,485.79,341.0,123.0,300.89,1.0,3.0,1,144.28,81.0,49.0,271.61,5.0,4.0,1,1,4.0,2.5649493574615367,6.1878328185852025,0.6193828609069763,1,3.0,0.8921005860972463,2.1123794505120763,True
1016,대조,0,16.0,3.0,64.65,29.0,7.0,22.09,0.0,2.0,0,87.8,33.0,27.0,200.33,4.0,16.0,1,1,16.0,1.3862943611198906,4.184337600748806,0.34168600154679035,0,2.0,0.38870467697024474,-0.45276031602120254,True
1018,처치,1,6.0,11.0,219.91,10079.0,22.0,116.09,0.0,3.0,1,37.51,10.0,8.0,58.17,5.0,6.0,1,1,6.0,2.4849066497880004,5.397755378754094,0.5278977763630577,0,3.0,0.8225042896232658,1.5334072562415548,True
1019,대조,0,2.0,6.0,232.93,78.0,33.0,128.0,0.0,1.0,0,0.0,0.0,0.0,0.0,0.0,2.0,0,0,2.0,1.9459101490553132,5.455021925305676,0.5495213154166487,0,1.0,0.2860742543764575,-0.9145275513967622,True
1021,대조,0,18.0,6.0,80.23,25.0,4.0,16.16,0.0,1.0,1,55.37,22.0,16.0,126.23,8.0,18.0,1,1,18.0,1.9459101490553132,4.397284637062863,0.20142091486974947,0,1.0,0.532250140907154,0.12917990460264783,True
1031,처치,1,3.0,51.0,1364.5,111506.0,173.0,574.04,0.0,0.0,1,194.96,71.0,67.0,588.59,23.0,3.0,1,1,3.0,3.9512437185814275,7.21927594091376,0.4206962257237083,0,0.0,0.7296527337962171,0.9928614101154926,True
1032,처치,1,3.0,18.0,543.39,174.0,68.0,285.72,0.0,3.0,0,268.45,58.0,52.0,397.46000000000004,10.0,3.0,1,1,3.0,2.9444389791664403,6.2996659017621655,0.5258101915751119,0,3.0,0.8008769287246884,1.3917842060444867,True
1034,대조,0,32.0,8.0,72.9,30.0,14.0,42.97,0.0,1.0,0,2.69,1.0,1.0,3.6799999999999997,1.0,32.0,1,1,32.0,2.1972245773362196,4.302712827954156,0.5894375857338819,0,1.0,0.3620558447110002,-0.5664522815334768,True
1038,처치,1,2.0,43.0,226.99,182.0,64.0,136.56,0.0,0.0,1,70.73,45.0,41.0,140.99,33.0,2.0,1,1,2.0,3.784189633918261,5.429301768343455,0.601612405832856,0,0.0,0.6904355826869062,0.8021564737235365,True
1040,처치,1,2.0,36.0,893.24,332.0,126.0,398.93,1.0,3.0,1,191.85,66.0,65.0,448.46,19.0,2.0,1,1,2.0,3.6109179126442243,6.795974195521388,0.4466100935918678,1,3.0,0.9655920366052716,3.334453391032979,True
1046,대조,0,3.0,32.0,573.38,14947.0,129.0,372.61,0.0,2.0,0,86.42,41.0,34.0,304.95,16.0,3.0,1,1,3.0,3.4965075614664802,6.353291198186317,0.6498482681642193,0,2.0,0.760090703743916,1.1531768535492777,True
1047,처치,1,2.0,10.0,88.74,49.0,13.0,26.86,0.0,1.0,0,14.17,7.0,7.0,43.95,3.0,2.0,1,1,2.0,2.3978952727983707,4.496916600547837,0.30268199233716475,0,1.0,0.48570702988737036,-0.057187460871518,True
1048,대조,0,1.0,30.0,634.1,65566.0,84.0,240.20000000000002,0.0,0.0,0,108.51,37.0,37.0,282.82,15.0,1.0,1,1,1.0,3.4339872044851463,6.45378246680893,0.3788046049519003,0,0.0,0.5147636303037197,0.059071692606007566,True
1051,대조,0,15.0,6.0,139.8,75.0,36.0,83.15,0.0,1.0,0,11.53,8.0,6.0,23.2,1.0,15.0,1,1,15.0,1.9459101490553132,4.9473404437239425,0.5947782546494993,0,1.0,0.28733499195107404,-0.9083627211435746,True
1053,처치,1,5.0,15.0,931.7,348.0,159.0,638.74,0.0,3.0,1,286.03000000000003,117.0,90.0,574.5600000000001,7.0,5.0,1,1,5.0,2.772588722239781,6.838083605732818,0.6855640227541053,0,3.0,0.8170983333544164,1.4968107789927296,True
1055,대조,0,8.0,4.0,41.93,23.0,15.0,28.62,0.0,5.0,0,24.580000000000002,11.0,8.0,55.46,4.0,8.0,1,1,8.0,1.6094379124341003,3.7595708822364693,0.6825661817314572,0,5.0,0.8060848902020104,1.4247685748547452,True
1057,처치,1,1.0,31.0,1369.49,548.0,126.0,485.74,0.0,4.0,1,129.92000000000002,76.0,52.0,485.87,16.0,1.0,1,1,1.0,3.4657359027997265,7.222923619109142,0.3546867812105236,0,4.0,0.9616435713201755,3.221721728455177,True
1058,처치,1,1.0,93.0,758.63,18510.0,99.0,321.08,0.0,1.0,0,36.14,19.0,13.0,129.85999999999999,34.0,1.0,1,1,1.0,4.543294782270004,6.632831472629019,0.42323662391416106,0,1.0,0.8591748175367215,1.8084531336728131,True
1060,처치,1,6.0,9.0,1065.69,457.0,179.0,490.09000000000003,0.0,5.0,1,253.21,107.0,94.0,549.55,5.0,6.0,1,1,6.0,2.302585092994046,6.972315674880454,0.45988045303981456,0,5.0,0.929750395090169,2.5828614736087645,True
1061,처치,1,3.0,11.0,619.38,8982.0,72.0,314.88,0.0,0.0,0,468.58,162.0,115.0,954.37,11.0,3.0,1,1,3.0,2.4849066497880004,6.430332193516472,0.5083793470890245,0,0.0,0.2544443399953102,-1.0750476840120065,True
1062,처치,1,5.0,33.0,197.14000000000001,131.0,70.0,135.68,0.0,0.0,1,64.57000000000001,49.0,39.0,107.0,18.0,5.0,1,1,5.0,3.5263605246161616,5.288973851544884,0.6882418585776605,0,0.0,0.6106253194825627,0.4499414769623275,True
1064,대조,0,11.0,8.0,947.9000000000001,320.0,161.0,337.8,2.0,2.0,0,18.88,11.0,4.0,23.88,2.0,11.0,1,1,11.0,2.1972245773362196,6.855303418979713,0.35636670534866544,1,2.0,0.684199325129529,0.7731380473408438,True
1065,대조,0,13.0,8.0,690.61,321.0,107.0,325.7,0.0,3.0,0,214.44,83.0,62.0,457.57,5.0,13.0,1,1,13.0,2.1972245773362196,6.539022212929588,0.4716120531124658,0,3.0,0.6578202348663252,0.6535954666944136,True
1066,처치,1,1.0,43.0,521.08,340.0,130.0,258.45,2.0,2.0,1,192.88,92.0,80.0,335.25,26.0,1.0,1,1,1.0,3.784189633918261,6.2578208328450105,0.4959890995624472,1,2.0,0.9453460690369825,2.85052992925053,True
1067,대조,0,12.0,4.0,306.51,16703.0,37.0,165.75,0.0,1.0,0,65.91,39.0,20.0,97.62,4.0,12.0,1,1,12.0,1.6094379124341003,5.728507607043001,0.540765391014975,0,1.0,0.21736892140719777,-1.2810654123050083,True
1070,처치,1,4.0,18.0,625.99,81811.0,92.0,204.15,0.0,4.0,1,176.98,92.0,75.0,289.53000000000003,6.0,4.0,1,1,4.0,2.9444389791664403,6.4409305915424175,0.32612342050192494,0,4.0,0.9424896020194192,2.79655912102156,True
1071,처치,1,2.0,5.0,135.19,124.0,45.0,68.13,0.0,2.0,0,143.58,100.0,77.0,287.61,10.0,2.0,1,1,2.0,1.791759469228055,4.914050969580866,0.5039573932983209,0,2.0,0.42561205807967495,-0.2997767554549107,True
1072,처치,1,3.0,13.0,428.14,5570.0,105.0,207.21,0.0,1.0,0,147.6,93.0,73.0,270.81,8.0,3.0,1,1,3.0,2.6390573296152584,6.061783206016935,0.4839772037184099,0,1.0,0.4545851450638159,-0.18216147286775458,True
1073,처치,1,1.0,24.0,532.83,214.0,112.0,291.09,0.0,2.0,0,107.91,53.0,44.0,237.34,10.0,1.0,1,1,1.0,3.2188758248682006,6.280077436215495,0.5463093294296492,0,2.0,0.7292010438470664,0.990572787948019,True
1075,대조,0,6.0,5.0,98.87,52.0,24.0,58.97,0.0,1.0,0,17.060000000000002,4.0,3.0,21.240000000000002,3.0,6.0,1,1,6.0,1.791759469228055,4.603869340255043,0.5964397693941539,0,1.0,0.2617984631043613,-1.0366418895805465,True
1076,대조,0,5.0,9.0,120.63,35.0,14.0,56.480000000000004,0.0,0.0,1,127.82000000000001,22.0,11.0,181.69,4.0,5.0,1,1,5.0,2.302585092994046,4.800983649630345,0.46820857166542323,0,0.0,0.3731923225797293,-0.5185458621074197,True
1083,대조,0,17.0,3.0,75.69,31.0,17.0,41.62,0.0,1.0,0,142.62,41.0,33.0,211.09,3.0,17.0,1,1,17.0,1.3862943611198906,4.339771321776768,0.5498744880433346,0,1.0,0.20203994590434973,-1.373593108820055,True
1084,처치,1,13.0,30.0,479.74,192.0,97.0,301.06,0.0,4.0,1,91.13,41.0,30.0,138.62,6.0,13.0,1,1,13.0,3.4339872044851463,6.1753265834205155,0.6275482553049568,0,4.0,0.9521375861737276,2.9903790312823304,True
1088,대조,0,3.0,16.0,208.84,5172.0,35.0,97.55,0.0,0.0,0,33.46,17.0,11.0,62.47,6.0,3.0,1,1,3.0,2.833213344056216,5.346345335558619,0.467104003064547,0,0.0,0.36614571993619965,-0.5487876897827091,True
1089,처치,1,8.0,10.0,94.91,36.0,22.0,58.37,0.0,0.0,0,7.28,2.0,2.0,8.82,1.0,8.0,1,1,8.0,2.3978952727983707,4.563410251739859,0.6150036877041407,0,0.0,0.25220767527562593,-1.0868724423250438,True
1097,처치,1,2.0,20.0,780.39,28563.0,69.0,346.79,0.0,1.0,0,339.02,83.0,57.0,629.59,19.0,2.0,1,1,2.0,3.044522437723423,6.661074384996209,0.4443803739156063,0,1.0,0.5550361172602336,0.2210400712837907,True
1102,대조,0,18.0,9.0,216.06,100.0,30.0,81.84,0.0,2.0,0,123.28,49.0,45.0,198.24,7.0,18.0,1,1,18.0,2.302585092994046,5.380173813017869,0.3787836712024438,0,2.0,0.5819910303583508,0.33095214508989285,True
1110,대조,0,3.0,36.0,1660.96,423.0,158.0,388.22,0.0,0.0,0,200.05,136.0,86.0,906.29,24.0,3.0,1,1,3.0,3.6109179126442243,7.4157529077370805,0.23373229939312207,0,0.0,0.5763489211146889,0.30780305383370915,True
1113,처치,1,17.0,12.0,371.22,155.0,61.0,180.73,2.0,4.0,1,235.68,101.0,78.0,396.81,19.0,17.0,1,1,17.0,2.5649493574615367,5.919485077315818,0.4868541565648402,1,4.0,0.9508455785124563,2.962384869748711,True
1116,처치,1,3.0,6.0,240.09,139.0,40.0,153.51,0.0,2.0,0,18.330000000000002,7.0,5.0,54.84,2.0,3.0,1,1,3.0,1.9459101490553132,5.485170307761209,0.639385230538548,0,2.0,0.41191011612145656,-0.356074639160787,True
1117,처치,1,6.0,25.0,470.74,11764.0,58.0,190.46,0.0,3.0,0,20.66,9.0,8.0,178.09,9.0,6.0,1,1,6.0,3.258096538021482,6.156427986355729,0.40459701746186855,0,3.0,0.8669316558904228,1.874097283680381,True
1119,처치,1,1.0,11.0,297.36,151.0,61.0,146.53,0.0,0.0,0,36.42,23.0,20.0,131.37,3.0,1.0,1,1,1.0,2.4849066497880004,5.698300811086963,0.4927697067527576,0,0.0,0.2730406659470299,-0.9792497957110721,True
1120,대조,0,69.0,5.0,76.64,30.0,13.0,31.37,0.0,1.0,1,73.99,39.0,32.0,144.66,4.0,69.0,1,1,69.0,1.791759469228055,4.35208275830081,0.4093162839248434,0,1.0,0.4376793370997534,-0.2505857265565194,True
1121,대조,0,23.0,5.0,229.68,123.0,52.0,129.35,0.0,2.0,0,16.86,10.0,9.0,77.47,4.0,23.0,1,1,23.0,1.791759469228055,5.441031468747212,0.5631748519679554,0,2.0,0.39696035221506765,-0.418146538228707,True
1122,처치,1,6.0,5.0,32.81,22.0,4.0,6.91,0.0,1.0,0,0.0,0.0,0.0,0.0,0.0,6.0,0,0,6.0,1.791759469228055,3.520756616719795,0.2106065224017068,0,1.0,0.38308723292683344,-0.4764649060747689,True
1123,처치,1,4.0,12.0,441.25,157.0,41.0,143.18,0.0,2.0,1,112.89,43.0,27.0,305.44,6.0,4.0,1,1,4.0,2.5649493574615367,6.091875333039894,0.3244872521246459,0,2.0,0.7523341120996414,1.1110999116519307,True
1124,대조,0,4.0,8.0,473.26,290.0,127.0,318.4,0.0,1.0,0,213.76,89.0,62.0,287.52,2.0,4.0,1,1,4.0,2.1972245773362196,6.1617556945179635,0.6727802899040696,0,1.0,0.29527653397352804,-0.8698931585405979,True
1125,대조,0,1.0,13.0,28.07,50.0,5.0,0.9,0.0,0.0,0,2.17,3.0,3.0,9.05,3.0,1.0,1,1,1.0,2.6390573296152584,3.3697067145707846,0.03206270039187745,0,0.0,0.4902591990937167,-0.038968134019305455,True
1126,대조,0,1.0,4.0,353.53000000000003,152.0,51.0,191.03,0.0,2.0,0,63.92,24.0,17.0,113.08,1.0,1.0,1,1,1.0,1.6094379124341003,5.870792968625717,0.5403501824456198,0,2.0,0.3465412141755676,-0.6342777084558847,True
1127,대조,0,13.0,9.0,926.59,388.0,169.0,591.7,0.0,0.0,0,55.13,20.0,16.0,89.58,3.0,13.0,1,1,13.0,2.302585092994046,6.832589824814426,0.6385780118499013,0,0.0,0.1892561466715326,-1.4548507927952492,True
1130,처치,1,2.0,38.0,469.43,274.0,112.0,305.39,0.0,4.0,1,264.01,132.0,76.0,458.22,27.0,2.0,1,1,2.0,3.6635616461296463,6.15364717006105,0.650554928317321,0,4.0,0.960907537371321,3.2019485125636558,True
1132,대조,0,74.0,2.0,27.68,25.0,8.0,12.54,0.0,2.0,0,163.3,65.0,52.0,290.51,6.0,74.0,1,1,74.0,1.0986122886681098,3.3562000157314196,0.45303468208092484,0,2.0,0.31551866584500976,-0.7744435320703748,True
1133,대조,0,9.0,11.0,177.81,97.0,51.0,143.43,0.0,0.0,0,58.51,30.0,19.0,115.89,9.0,9.0,1,1,9.0,2.4849066497880004,5.186323789587112,0.8066475451324447,0,0.0,0.21698424841529138,-1.283328049797021,True
1134,처치,1,5.0,3.0,377.0,169.0,73.0,221.24,0.0,4.0,0,270.73,90.0,73.0,525.89,4.0,5.0,1,1,5.0,1.3862943611198906,5.934894195619588,0.58684350132626,0,4.0,0.5996180310459986,0.40387382372283315,True
1136,대조,0,1.0,4.0,61.1,45.0,13.0,36.25,0.0,2.0,0,62.23,15.0,10.0,73.21000000000001,4.0,1.0,1,1,1.0,1.6094379124341003,4.128745988939433,0.5932896890343698,0,2.0,0.3755250406064662,-0.5085860766971033,True
1138,처치,1,2.0,34.0,747.1,350.0,38.0,111.26,0.0,4.0,1,140.2,33.0,25.0,408.43,15.0,2.0,1,1,2.0,3.5553480614894135,6.617536658878359,0.14892250033462723,0,4.0,0.973840350308898,3.6170292433340117,True
1139,처치,1,8.0,9.0,778.45,220.0,97.0,402.12,0.0,3.0,0,117.7,35.0,28.0,288.14,2.0,8.0,1,1,8.0,2.302585092994046,6.65858854275869,0.5165649688483525,0,3.0,0.6675755354693508,0.6972398856799361,True
1141,처치,1,6.0,4.0,122.72,47.0,15.0,52.97,0.0,0.0,0,29.88,21.0,18.0,59.53,5.0,6.0,1,1,6.0,1.6094379124341003,4.818020947816869,0.4316329856584094,0,0.0,0.15129071704475316,-1.7245134404842761,True
1151,대조,0,1.0,31.0,682.3,301.0,138.0,514.49,0.0,0.0,1,286.38,56.0,44.0,352.44,18.0,1.0,1,1,1.0,3.4657359027997265,6.526934001786732,0.7540524695881577,0,0.0,0.5441974738307918,0.17725252527978413,True
1153,대조,0,10.0,6.0,109.88,44.0,27.0,109.88,0.0,1.0,0,80.57,44.0,29.0,114.07,9.0,10.0,1,1,10.0,1.9459101490553132,4.708448535441593,1.0,0,1.0,0.20575327448690625,-1.3507163960880726,True
1154,처치,1,9.0,15.0,542.3,262.0,125.0,345.18,0.0,3.0,1,68.07,26.0,26.0,102.7,5.0,9.0,1,1,9.0,2.772588722239781,6.297661653557477,0.6365111561866127,0,3.0,0.8337394447331951,1.61236476931234,True
1157,처치,1,2.0,17.0,361.48,107.0,41.0,186.35,0.0,1.0,0,74.99,21.0,19.0,97.00999999999999,4.0,2.0,1,1,2.0,2.8903717578961645,5.892969300358883,0.5155195308177493,0,1.0,0.5152344142550596,0.06095652467885043,True
1158,처치,1,2.0,36.0,627.52,57010.0,126.0,284.85,0.0,2.0,1,133.58,68.0,50.0,251.88,22.0,2.0,1,1,2.0,3.6109179126442243,6.443367849321931,0.4539297552269251,0,2.0,0.8821328053500641,2.012784096049669,True
1159,처치,1,,0.0,0.0,0.0,0.0,0.0,0.0,3.0,1,152.53,63.0,54.0,374.47,12.0,90.0,1,1,90.0,0.0,0.0,0.0,0,3.0,0.5392640242097324,0.1573801335094659,True
1160,처치,1,18.0,18.0,403.86,11397.0,90.0,194.98,0.0,1.0,1,194.52,104.0,78.0,295.12,7.0,18.0,1,1,18.0,2.9444389791664403,6.003541328333431,0.4827910662110632,0,1.0,0.6621202972598595,0.6727573342639823,True
1164,처치,1,8.0,19.0,712.09,292.0,106.0,303.71999999999997,0.0,1.0,1,240.20000000000002,96.0,70.0,505.51,10.0,8.0,1,1,8.0,2.995732273553991,6.5696076396572884,0.4265191197741858,0,1.0,0.6742149266999167,0.727311062836592,True
1165,대조,0,6.0,12.0,293.55,11002.0,34.0,98.85,0.0,0.0,0,19.83,7.0,7.0,38.03,3.0,6.0,1,1,6.0,2.5649493574615367,5.685448767967697,0.3367399080224834,0,0.0,0.3288382511124186,-0.7134441724709625,True
1172,대조,0,3.0,29.0,769.27,292.0,141.0,446.85,0.0,2.0,1,233.56,95.0,69.0,465.87,16.0,3.0,1,1,3.0,3.4011973816621555,6.6467411027352625,0.5808753753558569,0,2.0,0.8357346467812219,1.6268280268516477,True
1174,처치,1,1.0,14.0,156.83,93.0,43.0,105.37,0.0,1.0,1,146.49,69.0,49.0,287.0,13.0,1.0,1,1,1.0,2.70805020110221,5.0615185044108255,0.671874003698272,0,1.0,0.5756301093529088,0.3048598246251197,True
1175,처치,1,1.0,23.0,1079.66,101111.0,117.0,336.39,2.0,2.0,1,139.36,52.0,48.0,481.46,9.0,1.0,1,1,1.0,3.1780538303479458,6.985327244577022,0.31157030917140577,1,2.0,0.9132389638952938,2.3538399530926153,True
1178,처치,1,3.0,34.0,552.49,27767.0,117.0,301.04,0.0,5.0,1,189.49,69.0,62.0,340.33,18.0,3.0,1,1,3.0,3.5553480614894135,6.316243685138149,0.5448786403373816,0,5.0,0.9793392498046216,3.858642334850806,True
1181,처치,1,2.0,14.0,253.97,168.0,54.0,128.02,0.0,2.0,0,125.72,74.0,47.0,247.37,6.0,2.0,1,1,2.0,2.70805020110221,5.541145891178645,0.5040752844824192,0,2.0,0.6426396142499642,0.5868393351199326,True
1182,대조,0,7.0,7.0,105.75,1784.0,19.0,55.25,0.0,3.0,0,3.46,3.0,2.0,6.45,1.0,7.0,1,1,7.0,2.0794415416798357,4.670489652108734,0.5224586288416075,0,3.0,0.6616908818663515,0.6708384728350317,True
1184,대조,0,,0.0,0.0,0.0,0.0,0.0,0.0,1.0,0,0.0,0.0,0.0,0.0,0.0,90.0,0,0,90.0,0.0,0.0,0.0,0,1.0,0.15483169392656282,-1.6971971049821566,True
1186,처치,1,7.0,17.0,1025.64,16673.0,109.0,532.37,0.0,3.0,1,260.69,80.0,69.0,594.84,9.0,7.0,1,1,7.0,2.8903717578961645,6.934046612936205,0.519061269061269,0,3.0,0.8583206960610064,1.8014117207325295,True
1187,처치,1,1.0,41.0,830.48,425.0,167.0,464.36,0.0,3.0,0,139.69,74.0,51.0,240.73,8.0,1.0,1,1,1.0,3.7376696182833684,6.72320724542729,0.5591465176765245,0,3.0,0.8940939041257787,2.1332579943270384,True
1188,처치,1,2.0,12.0,237.29,201.0,116.0,159.17,0.0,1.0,1,192.83,154.0,130.0,324.5,14.0,2.0,1,1,2.0,2.5649493574615367,5.47348841931315,0.6707825867082473,0,1.0,0.5282943495204834,0.11329843933723169,True
1191,대조,0,1.0,15.0,439.39,181.0,102.0,285.83,0.0,1.0,0,127.56,35.0,28.0,231.95,8.0,1.0,1,1,1.0,2.772588722239781,6.0876606979603896,0.6505154873802317,0,1.0,0.4407257027142775,-0.2382173530023507,True
1193,처치,1,4.0,10.0,75.37,35.0,2.0,3.64,0.0,1.0,0,17.6,13.0,13.0,87.19,7.0,4.0,1,1,4.0,2.3978952727983707,4.335589948900293,0.048295077617089024,0,1.0,0.5630429245433783,0.25352090299015134,True
1204,대조,0,2.0,17.0,477.21,197.0,71.0,243.51,0.0,1.0,0,121.43,46.0,27.0,183.04,5.0,2.0,1,1,2.0,2.8903717578961645,6.170049966557982,0.5102784937448922,0,1.0,0.5093251709822528,0.03730500966280649,True
1207,처치,1,1.0,21.0,181.06,116.0,40.0,74.46,0.0,1.0,0,13.96,6.0,6.0,43.92,9.0,1.0,1,1,1.0,3.091042453358316,5.204336303077143,0.4112448911962885,0,1.0,0.6138160483495821,0.4633814731109392,True
1211,대조,0,2.0,24.0,1166.8,44183.0,95.0,658.73,0.0,2.0,0,287.14,84.0,40.0,663.51,9.0,2.0,1,1,2.0,3.2188758248682006,7.062876915849437,0.5645611930065135,0,2.0,0.7080633297578676,0.8859966424905632,True
1217,대조,0,18.0,7.0,265.33,11513.0,45.0,121.83,0.0,0.0,0,14.17,10.0,6.0,35.17,1.0,18.0,1,1,18.0,2.0794415416798357,5.584736141375288,0.45916405984999814,0,0.0,0.20661368619698217,-1.3454594584776798,True
1218,대조,0,20.0,16.0,633.53,22708.0,138.0,369.43,0.0,0.0,1,329.1,194.0,143.0,459.54,9.0,20.0,1,1,20.0,2.833213344056216,6.452884567360593,0.5831294492762774,0,0.0,0.4326831942596782,-0.27091208073941137,True
1219,대조,0,8.0,18.0,93.04,75.0,17.0,49.15,0.0,1.0,1,52.01,14.0,11.0,90.34,8.0,8.0,1,1,8.0,2.9444389791664403,4.543720223671869,0.5282674118658641,0,1.0,0.6843480011851285,0.7738262247327696,True
1223,대조,0,3.0,2.0,69.08,24.0,8.0,47.81,0.0,0.0,0,416.7,161.0,92.0,654.53,13.0,3.0,1,1,3.0,1.0986122886681098,4.249637446628136,0.6920961204400695,0,0.0,0.07612855067605524,-2.496149570205618,False
1224,처치,1,29.0,13.0,226.18,128.0,51.0,113.35000000000001,0.0,0.0,0,41.84,19.0,14.0,67.57,5.0,29.0,1,1,29.0,2.6390573296152584,5.425742654803275,0.5011495269254577,0,0.0,0.3119810198046624,-0.7908740730464323,True
1227,대조,0,3.0,22.0,819.03,37697.0,149.0,477.66,0.0,0.0,0,258.76,138.0,115.0,458.56,12.0,3.0,1,1,3.0,3.1354942159291497,6.709340924954924,0.5832020805098714,0,0.0,0.374314135423102,-0.5137530522210099,True
1228,처치,1,1.0,95.0,2354.71,128908.0,282.0,1047.36,1.0,2.0,1,343.45,125.0,107.0,966.8000000000001,56.0,1.0,1,1,1.0,4.564348191467836,7.764597447212261,0.4447936263913602,1,2.0,0.9723541826304113,3.560245677523913,True
1233,대조,0,53.0,3.0,8.0,2078.0,0.0,0.0,0.0,1.0,0,56.07,22.0,17.0,100.08,2.0,53.0,1,1,53.0,1.3862943611198906,2.1972245773362196,0.0,0,1.0,0.3774551048007042,-0.5003641126039959,True
1237,대조,0,4.0,6.0,314.33,146.0,56.0,189.92000000000002,0.0,1.0,0,31.53,15.0,11.0,72.09,1.0,4.0,1,1,4.0,1.9459101490553132,5.753619709503373,0.6042057710049948,0,1.0,0.2672010546730444,-1.008869985337294,True
1239,처치,1,23.0,2.0,171.94,98.0,37.0,106.81,0.0,1.0,0,64.22,28.0,17.0,133.1,1.0,23.0,1,1,23.0,1.0986122886681098,5.152944713532285,0.6212050715365826,0,1.0,0.13698802248610498,-1.840535075016564,True
1246,대조,0,6.0,4.0,191.74,65.0,26.0,91.73,0.0,3.0,0,104.07000000000001,30.0,28.0,170.94,4.0,6.0,1,1,6.0,1.6094379124341003,5.261342130423142,0.4784082611870241,0,3.0,0.5420591649156928,0.16863516111217913,True
1247,처치,1,2.0,21.0,1284.25,619.0,349.0,834.35,2.0,3.0,1,310.73,139.0,117.0,487.67,8.0,2.0,1,1,2.0,3.091042453358316,7.158708530935614,0.6496788008565311,1,3.0,0.9255736068357485,2.520603035055763,True
1251,대조,0,4.0,6.0,46.43,12.0,2.0,4.970000000000001,0.0,1.0,0,0.99,1.0,1.0,2.3200000000000003,2.0,4.0,1,1,4.0,1.9459101490553132,3.85925493988949,0.10704286021968556,0,1.0,0.4418573881542476,-0.23362732773177539,True
1256,처치,1,7.0,19.0,401.79,13816.0,65.0,236.03,1.0,6.0,1,182.51,56.0,55.0,343.53000000000003,10.0,7.0,1,1,7.0,2.995732273553991,5.9984153343197475,0.5874461783518753,1,6.0,0.9901783529618983,4.613296250286304,False
1257,대조,0,4.0,9.0,469.67,242.0,105.0,267.73,0.0,0.0,1,179.09,83.0,73.0,341.75,7.0,4.0,1,1,4.0,2.302585092994046,6.154157211512974,0.5700385376966807,0,0.0,0.3140975309890088,-0.7810318982401663,True
1258,대조,0,3.0,40.0,646.52,16974.0,96.0,319.39,0.0,5.0,1,221.63,83.0,53.0,382.85,21.0,3.0,1,1,3.0,3.713572066704308,6.4731496811275555,0.4940141062921487,0,5.0,0.9831283974918571,4.065107845977575,True
1259,대조,0,13.0,4.0,135.74,87.0,22.0,54.769999999999996,0.0,1.0,0,57.62,35.0,24.0,102.71,3.0,13.0,1,1,13.0,1.6094379124341003,4.918081312485648,0.40349196994253717,0,1.0,0.2619368224565465,-1.035926088342713,True
1260,처치,1,1.0,18.0,1402.22,546.0,293.0,829.3000000000001,0.0,1.0,1,362.0,139.0,124.0,721.0500000000001,11.0,1.0,1,1,1.0,2.9444389791664403,7.246524874652033,0.5914193207913166,0,1.0,0.6009646247933067,0.40948599960026955,True
1261,처치,1,1.0,48.0,802.87,23476.0,148.0,397.68,0.0,1.0,1,168.67000000000002,111.0,72.0,360.46,36.0,1.0,1,1,1.0,3.8918202981106265,6.689437564563191,0.49532302863477273,0,1.0,0.8272253754751125,1.5660891828594081,True
1263,처치,1,3.0,15.0,621.06,238.0,93.0,373.88,0.0,3.0,1,134.89000000000001,42.0,32.0,200.54,7.0,3.0,1,1,3.0,2.772588722239781,6.43303655110943,0.6020030270827296,0,3.0,0.8369623287201224,1.6357977757228144,True
1264,처치,1,7.0,37.0,1510.39,32726.0,149.0,644.03,0.0,4.0,1,82.68,55.0,30.0,255.31,8.0,7.0,1,1,7.0,3.6375861597263857,7.320785036182569,0.4263998040241262,0,4.0,0.9647493541368966,3.309384479507908,True
1265,대조,0,2.0,16.0,456.19,259.0,136.0,274.39,0.0,0.0,0,53.81,41.0,34.0,81.81,8.0,2.0,1,1,2.0,2.833213344056216,6.125099059415487,0.601481838707556,0,0.0,0.31277005640115163,-0.7872006665890001,True
1266,처치,1,7.0,20.0,163.6,116.0,22.0,107.39,0.0,3.0,0,42.84,31.0,13.0,59.230000000000004,9.0,7.0,1,1,7.0,3.044522437723423,5.103518288242969,0.6564180929095355,0,3.0,0.8138120359041293,1.474972702118322,True
1269,처치,1,3.0,26.0,565.68,268.0,114.0,348.23,0.0,1.0,0,95.5,63.0,36.0,143.12,6.0,3.0,1,1,3.0,3.295836866004329,6.33979477051115,0.6155953896195729,0,1.0,0.5793993324550959,0.3203080828105896,True
1270,대조,0,12.0,13.0,576.93,201.0,89.0,411.75,0.0,2.0,1,154.62,54.0,45.0,310.87,7.0,12.0,1,1,12.0,2.6390573296152584,6.359452754071865,0.7136914357027716,0,2.0,0.6712730357649583,0.7139484526784254,True
1271,처치,1,9.0,20.0,556.99,298.0,141.0,359.03000000000003,0.0,2.0,0,277.87,102.0,94.0,420.62,13.0,9.0,1,1,9.0,3.044522437723423,6.3243410410737715,0.6445896694734197,0,2.0,0.6667593874952265,0.693564453311925,True
1277,처치,1,5.0,39.0,818.59,7561.0,125.0,345.11,0.0,2.0,0,56.89,25.0,13.0,127.48,11.0,5.0,1,1,5.0,3.6888794541139363,6.708804215216617,0.4215907841532391,0,2.0,0.8290219571498207,1.578711497219934,True
1279,처치,1,15.0,30.0,648.11,347.0,159.0,402.4,0.0,2.0,0,277.48,150.0,116.0,547.32,18.0,15.0,1,1,15.0,3.4339872044851463,6.475602193867448,0.6208822576414497,0,2.0,0.7524833858846999,1.1119012103263919,True
1285,대조,0,2.0,22.0,694.8,473.0,245.0,448.64,1.0,1.0,1,221.32,139.0,125.0,359.98,9.0,2.0,1,1,2.0,3.1354942159291497,6.545062262717842,0.6457109959700633,1,1.0,0.7870999470955098,1.3075324175400012,True
1287,처치,1,4.0,13.0,208.93,133.0,70.0,111.2,0.0,3.0,0,59.5,47.0,45.0,123.66,10.0,4.0,1,1,4.0,2.6390573296152584,5.346774141816231,0.5322356770210118,0,3.0,0.7629360641900155,1.1688443563750375,True
1288,대조,0,4.0,8.0,440.07,166.0,58.0,245.99,0.0,1.0,0,24.42,13.0,8.0,68.35,1.0,4.0,1,1,4.0,2.1972245773362196,6.089203593009278,0.5589792533006113,0,1.0,0.3249485591133652,-0.7311220065387257,True
1291,처치,1,5.0,16.0,554.71,258.0,115.0,318.63,0.0,1.0,1,117.95,64.0,55.0,243.76,8.0,5.0,1,1,5.0,2.833213344056216,6.320246575445179,0.574408249355519,0,1.0,0.6019745145305007,0.41369907266841943,True
1292,대조,0,49.0,2.0,55.21,27.0,19.0,49.480000000000004,0.0,1.0,0,106.12,22.0,20.0,125.19,1.0,49.0,1,1,49.0,1.0986122886681098,4.029094677013983,0.8962144539032785,0,1.0,0.11619579379669194,-2.0289589061110163,True
1293,처치,1,5.0,27.0,463.69,325.0,135.0,260.42,0.0,0.0,0,170.72,98.0,92.0,300.37,17.0,5.0,1,1,5.0,3.332204510175204,6.141370516599652,0.5616252237486252,0,0.0,0.4445589768478878,-0.2226797070251178,True
1294,처치,1,2.0,9.0,975.9300000000001,414.0,209.0,565.5,0.0,1.0,0,240.18,98.0,82.0,376.96,3.0,2.0,1,1,2.0,2.302585092994046,6.884415001574209,0.5794472964249485,0,1.0,0.32502285632634403,-0.7307833220601317,True
1297,처치,1,1.0,17.0,247.19,136.0,60.0,164.54,0.0,3.0,1,132.37,43.0,39.0,166.42,12.0,1.0,1,1,1.0,2.8903717578961645,5.514194581870202,0.665641813989239,0,3.0,0.8560677619677399,1.7830069145827847,True
1299,처치,1,5.0,32.0,944.27,70456.0,137.0,407.04,2.0,5.0,1,204.57,100.0,83.0,380.72,13.0,5.0,1,1,5.0,3.4965075614664802,6.851470600970903,0.43106314931110806,1,5.0,0.9896241569988398,4.557844915712462,False
1300,대조,0,4.0,8.0,318.3,13628.0,58.0,167.45,0.0,1.0,1,252.18,112.0,93.0,411.78,9.0,4.0,1,1,4.0,2.1972245773362196,5.766131099720736,0.5260760289035501,0,1.0,0.4666208691344562,-0.13371540169559645,True
1301,처치,1,18.0,11.0,116.53999999999999,28.0,3.0,6.38,0.0,3.0,0,34.78,23.0,20.0,77.52,1.0,18.0,1,1,18.0,2.4849066497880004,4.766778701184505,0.054745151879183114,0,3.0,0.8353892970774183,1.6243145302869997,True
1303,대조,0,4.0,30.0,781.58,68922.0,88.0,303.91,0.0,2.0,0,172.49,59.0,56.0,447.01,18.0,4.0,1,1,4.0,3.4339872044851463,6.662596153610247,0.38884055375009596,0,2.0,0.7950598741238237,1.3556995576004431,True
1304,대조,0,24.0,13.0,106.17999999999999,62.0,24.0,75.08,0.0,0.0,0,39.12,15.0,13.0,81.57,8.0,24.0,1,1,24.0,2.6390573296152584,4.674509664066704,0.7071011489922773,0,0.0,0.279094916107927,-0.9489555584619241,True
1307,처치,1,20.0,22.0,255.78,11647.0,35.0,100.37,0.0,1.0,0,91.41,48.0,35.0,255.04,24.0,20.0,1,1,20.0,3.1354942159291497,5.548219687162938,0.3924075377277348,0,1.0,0.6224969681549792,0.5001601578588672,True
1318,처치,1,2.0,12.0,987.75,17282.0,160.0,535.26,1.0,1.0,1,173.31,54.0,41.0,298.61,6.0,2.0,1,1,2.0,2.5649493574615367,6.896441519081864,0.5418982536066819,1,1.0,0.6889905473107188,0.7954042452700003,True
1319,대조,0,5.0,5.0,53.230000000000004,27.0,18.0,44.88,0.0,1.0,0,1.0,1.0,1.0,7.55,1.0,5.0,1,1,5.0,1.791759469228055,3.993234260852969,0.8431335712943828,0,1.0,0.221750554953286,-1.2554939724486502,True
1325,대조,0,3.0,14.0,652.2,243.0,119.0,339.48,0.0,1.0,0,172.31,56.0,50.0,291.5,7.0,3.0,1,1,3.0,2.70805020110221,6.48188336109631,0.5205151793928243,0,1.0,0.4508095268317752,-0.19740041188989108,True
1330,대조,0,2.0,18.0,494.07,15352.0,78.0,195.92,0.0,1.0,0,34.95,25.0,23.0,115.86,5.0,2.0,1,1,2.0,2.9444389791664403,6.204699166712067,0.39654299997975995,0,1.0,0.5549778978137725,0.2208043404274259,True
1331,처치,1,39.0,9.0,108.75,59.0,18.0,32.16,0.0,2.0,0,4.99,2.0,2.0,14.17,2.0,39.0,1,1,39.0,2.302585092994046,4.698205051955281,0.29572413793103447,0,2.0,0.6238398435969807,0.5058786739438885,True
1333,대조,0,4.0,26.0,1305.6299999999999,418.0,206.0,798.34,0.0,0.0,1,349.54,152.0,127.0,778.21,11.0,4.0,1,1,4.0,3.295836866004329,7.175206582498185,0.6114596018780206,0,0.0,0.5239707474258055,0.09595654990852454,True
1336,처치,1,1.0,16.0,939.41,489.0,180.0,460.69,0.0,4.0,0,344.05,150.0,115.0,519.78,8.0,1.0,1,1,1.0,2.833213344056216,6.846315950382239,0.490403551165093,0,4.0,0.8724075274626193,1.9224152862267054,True
1345,대조,0,9.0,10.0,218.01,93.0,28.0,83.23,0.0,1.0,0,0.0,0.0,0.0,19.43,1.0,9.0,0,1,9.0,2.3978952727983707,5.389117390874476,0.38177147837255176,0,1.0,0.4398603971732021,-0.241728646006741,True
1347,대조,0,5.0,15.0,513.15,18206.0,63.0,240.31,0.0,0.0,0,126.63,61.0,36.0,327.51,13.0,5.0,1,1,5.0,2.772588722239781,6.242515051675199,0.4683036149274092,0,0.0,0.32988662688419584,-0.7086978711400361,True
1349,대조,0,3.0,26.0,817.98,393.0,175.0,440.94,0.0,1.0,0,210.11,90.0,83.0,418.47,16.0,3.0,1,1,3.0,3.295836866004329,6.7080596635304754,0.539059634709895,0,1.0,0.5912067653924092,0.3689563237022078,True
1350,처치,1,1.0,17.0,413.32,5681.0,78.0,258.53,0.0,2.0,0,16.6,9.0,8.0,23.65,3.0,1.0,1,1,1.0,2.8903717578961645,6.026638622115636,0.6254959837414109,0,2.0,0.6421186078885247,0.584571409560918,True
1351,처치,1,36.0,8.0,47.56,34.0,17.0,25.48,0.0,1.0,0,6.5,4.0,4.0,15.190000000000001,4.0,36.0,1,1,36.0,2.1972245773362196,3.8828001467512427,0.5357443229604709,0,1.0,0.3873495085464095,-0.45846720425324733,True
1352,처치,1,1.0,20.0,764.13,101945.0,115.0,220.21,0.0,2.0,1,163.23,84.0,76.0,343.55,11.0,1.0,1,1,1.0,3.044522437723423,6.640045754029804,0.28818394775758055,0,2.0,0.8309737119499764,1.592543906700996,True
1354,대조,0,1.0,11.0,334.61,155.0,77.0,200.15,0.0,0.0,1,141.39,43.0,38.0,224.7,9.0,1.0,1,1,1.0,2.4849066497880004,5.815949771526949,0.5981590508353007,0,0.0,0.3570364447520248,-0.5882501806808653,True
1356,처치,1,6.0,20.0,535.15,238.0,137.0,331.39,1.0,1.0,0,16.97,9.0,6.0,58.5,4.0,6.0,1,1,6.0,3.044522437723423,6.2844139726661545,0.6192469401102495,1,1.0,0.6786299011461941,0.7474824994535015,True
1357,처치,1,4.0,12.0,619.1,31723.0,48.0,337.89,1.0,2.0,1,170.39000000000001,85.0,22.0,346.2,6.0,4.0,1,1,4.0,2.5649493574615367,6.429880755355832,0.5457761266354385,1,2.0,0.8185195147222772,1.5063491097889843,True
1363,대조,0,5.0,19.0,1237.63,484.0,194.0,648.98,0.0,0.0,1,324.47,111.0,98.0,623.62,8.0,5.0,1,1,5.0,2.995732273553991,7.121761209105198,0.5243731971590863,0,0.0,0.47247612719065346,-0.11020689964361795,True
1364,처치,1,3.0,20.0,284.9,111.0,47.0,128.45,0.0,2.0,1,148.87,64.0,61.0,267.4,13.0,3.0,1,1,3.0,3.044522437723423,5.655642099328266,0.45085995085995084,0,2.0,0.8192601026905028,1.5113426528294416,True
1366,처치,1,6.0,26.0,420.81,3544.0,92.0,217.59,0.0,3.0,0,296.76,130.0,115.0,608.34,23.0,6.0,1,1,6.0,3.295836866004329,6.04455497568209,0.5170742140158266,0,3.0,0.857648977998662,1.7958989060304245,True
1369,처치,1,15.0,13.0,294.09000000000003,102.0,54.0,154.29,0.0,1.0,1,113.43,49.0,46.0,279.86,11.0,15.0,1,1,15.0,2.6390573296152584,5.687280394556695,0.5246353157196776,0,1.0,0.5841056904711475,0.33965077893898693,True
1375,처치,1,1.0,25.0,1144.53,12681.0,180.0,689.03,0.0,2.0,0,97.98,56.0,23.0,120.93,5.0,1.0,1,1,1.0,3.258096538021482,7.04362269098754,0.6020200431618219,0,2.0,0.7079552988250968,0.8854740776805866,True
1376,처치,1,2.0,34.0,1467.78,171161.0,165.0,453.34000000000003,0.0,0.0,1,284.2,127.0,100.0,638.36,11.0,2.0,1,1,2.0,3.5553480614894135,7.292187403215785,0.30886100096744745,0,0.0,0.6684820803702309,0.7013277260904869,True
1378,처치,1,2.0,17.0,998.9,415.0,258.0,760.2,0.0,7.0,1,294.23,124.0,109.0,417.93,5.0,2.0,1,1,2.0,2.8903717578961645,6.907655273981804,0.7610371408549405,0,6.0,0.9712150243422613,3.518694317590664,True
1382,처치,1,2.0,9.0,170.78,58.0,21.0,79.63,0.0,3.0,1,72.47,20.0,18.0,152.07999999999998,8.0,2.0,1,1,2.0,2.302585092994046,5.146214588338078,0.4662723972362103,0,3.0,0.8084996658741069,1.4402907123487554,True
1383,처치,1,4.0,16.0,126.93,57.0,17.0,56.48,0.0,2.0,0,55.87,11.0,9.0,94.31,11.0,4.0,1,1,4.0,2.833213344056216,4.851483239328943,0.44496966832112184,0,2.0,0.7025903422855507,0.8596634867376339,True
1387,대조,0,9.0,14.0,338.77,131.0,50.0,196.04,0.0,1.0,0,42.230000000000004,14.0,14.0,95.79,4.0,9.0,1,1,9.0,2.70805020110221,5.828268918112504,0.5786817014493609,0,1.0,0.45201159301814864,-0.19254630380807505,True
1388,처치,1,2.0,15.0,832.92,342.0,112.0,384.11,0.0,4.0,1,157.6,38.0,33.0,338.7,5.0,2.0,1,1,2.0,2.772588722239781,6.726137474496426,0.4611607357249196,0,4.0,0.919164892574726,2.4310541633508453,True
1389,처치,1,61.0,3.0,196.03,88.0,32.0,85.54,0.0,0.0,1,171.18,45.0,31.0,363.94,6.0,61.0,1,1,61.0,1.3862943611198906,5.283356001407877,0.4363617813599959,0,0.0,0.18681759434311768,-1.4708227360925374,True
1391,처치,1,6.0,15.0,718.53,51788.0,130.0,341.2,0.0,4.0,1,286.17,146.0,108.0,597.98,13.0,6.0,1,1,6.0,2.772588722239781,6.578598221080144,0.47485839143807496,0,4.0,0.919256229722087,2.432284086254619,True
1392,처치,1,1.0,19.0,348.23,19123.0,49.0,148.57,0.0,2.0,0,0.0,0.0,0.0,0.0,0.0,1.0,0,0,1.0,2.995732273553991,5.85573073092826,0.4266433104557332,0,2.0,0.7193971456563794,0.9414732236778931,True
1393,처치,1,2.0,25.0,580.71,238.0,138.0,403.18,0.0,4.0,1,301.25,112.0,100.0,496.94,15.0,2.0,1,1,2.0,3.258096538021482,6.365972041760872,0.6942880267259045,0,4.0,0.937422994924588,2.7067367361641232,True
1394,처치,1,1.0,20.0,526.64,208.0,97.0,258.95,1.0,3.0,1,169.37,78.0,73.0,377.76,9.0,1.0,1,1,1.0,3.044522437723423,6.268414232980719,0.4917021114993164,1,3.0,0.939862727637822,2.749104008442806,True
1396,처치,1,1.0,36.0,922.51,5102.0,213.0,551.63,1.0,1.0,1,281.34,152.0,124.0,734.58,23.0,1.0,1,1,1.0,3.6109179126442243,6.828181627950999,0.5979664177082091,1,1.0,0.8613822469337329,1.8268181958033731,True
1402,처치,1,3.0,22.0,189.85,91.0,47.0,112.88,0.0,0.0,1,28.13,17.0,17.0,54.32,12.0,3.0,1,1,3.0,3.1354942159291497,5.251487779191239,0.5945746642085857,0,0.0,0.5384886262199081,0.15425967626440246,True
1403,처치,1,5.0,21.0,883.62,97276.0,66.0,291.29,0.0,1.0,0,0.0,0.0,0.0,75.76,4.0,5.0,0,1,5.0,3.091042453358316,6.785158174267498,0.32965528168217106,0,1.0,0.5960740262149158,0.38913323644446535,True
1405,대조,0,7.0,5.0,129.85,56.0,25.0,97.39,0.0,2.0,0,75.41,8.0,6.0,81.5,3.0,7.0,1,1,7.0,1.791759469228055,4.874051628976154,0.7500192529842126,0,2.0,0.35956590602963157,-0.5772487309760063,True
1408,대조,0,2.0,20.0,396.74,216.0,87.0,212.33,0.0,0.0,0,35.63,15.0,12.0,134.77,9.0,2.0,1,1,2.0,3.044522437723423,5.985798525481355,0.5351867721933761,0,0.0,0.38320343653906563,-0.47597323661189017,True
1409,처치,1,1.0,19.0,1067.84,354.0,128.0,580.0,0.0,1.0,0,304.73,76.0,73.0,561.54,10.0,1.0,1,1,1.0,2.995732273553991,6.974329227231778,0.543152532214564,0,1.0,0.5056720705031418,0.02268925533587747,True
1412,처치,1,1.0,15.0,718.71,295.0,104.0,318.68,0.0,2.0,1,246.29,84.0,74.0,489.58,8.0,1.0,1,1,1.0,2.772588722239781,6.578848353095567,0.44340554604778004,0,2.0,0.7571865697101586,1.1373163105336945,True
1417,대조,0,7.0,20.0,1449.05,94045.0,155.0,644.1800000000001,0.0,0.0,0,83.88,55.0,25.0,221.44,4.0,7.0,1,1,7.0,3.044522437723423,7.279353317578724,0.4445533280425107,0,0.0,0.37548958077953565,-0.5087372902983761,True
1418,처치,1,8.0,14.0,585.22,138.0,61.0,372.99,0.0,1.0,1,65.97,3.0,2.0,82.69999999999999,2.0,8.0,1,1,8.0,2.70805020110221,6.373695145743232,0.6373500563890503,0,1.0,0.5513452877763585,0.20610769266072834,True
1419,대조,0,1.0,47.0,874.02,21125.0,144.0,445.14,0.0,0.0,1,209.88,106.0,73.0,444.51,30.0,1.0,1,1,1.0,3.871201010907891,6.774246743239251,0.509301846639665,0,0.0,0.7015346967124754,0.8546166698802599,True
1421,처치,1,6.0,31.0,920.99,129523.0,120.0,301.36,2.0,4.0,1,198.16,105.0,95.0,470.15000000000003,22.0,6.0,1,1,6.0,3.4657359027997265,6.826534377510791,0.32721310763417627,1,4.0,0.9817199005612277,3.9834930282542493,True
1423,처치,1,7.0,18.0,233.11,3596.0,57.0,145.03,0.0,1.0,1,195.26,100.0,50.0,253.17,12.0,7.0,1,1,7.0,2.9444389791664403,5.455791090372227,0.6221526318047274,0,1.0,0.6382420632051176,0.5677423155290591,True
1424,대조,0,11.0,9.0,110.85,56.0,30.0,70.09,0.0,1.0,0,19.36,7.0,7.0,37.68,5.0,11.0,1,1,11.0,2.302585092994046,4.717158687936139,0.6322958953540821,0,1.0,0.36429912488160415,-0.5567528287430421,True
1425,처치,1,2.0,13.0,436.37,206.0,82.0,195.13,0.0,2.0,1,129.8,72.0,65.0,344.36,13.0,2.0,1,1,2.0,2.6390573296152584,6.080779518784841,0.44716639549006576,0,2.0,0.7403190425403182,1.047627441018025,True
1426,대조,0,15.0,3.0,184.27,80.0,39.0,112.46000000000001,0.0,2.0,0,74.44,22.0,19.0,118.44,3.0,15.0,1,1,15.0,1.3862943611198906,5.221814220561922,0.6103001031095675,0,2.0,0.294544646320307,-0.8734128940482413,True
1428,대조,0,5.0,37.0,1112.47,62927.0,163.0,434.66,0.0,0.0,1,90.6,40.0,34.0,284.84,15.0,5.0,1,1,5.0,3.6375861597263857,7.015236544259938,0.39071615414348254,0,0.0,0.6733296576325113,0.7232835076720472,True
1429,대조,0,7.0,13.0,88.81,64.0,26.0,64.62,1.0,1.0,1,39.49,25.0,17.0,49.230000000000004,6.0,7.0,1,1,7.0,2.6390573296152584,4.497696327682858,0.727620763427542,1,1.0,0.714479961905969,0.9172427394567579,True
1431,처치,1,3.0,21.0,332.83,137.0,39.0,111.5,0.0,1.0,0,73.34,23.0,20.0,268.91,20.0,3.0,1,1,3.0,3.091042453358316,5.810631881365446,0.3350058588468588,0,1.0,0.6193482320625051,0.48678272422747076,True
1434,처치,1,1.0,28.0,534.54,274.0,134.0,327.45,0.0,2.0,0,155.3,80.0,71.0,251.24,15.0,1.0,1,1,1.0,3.367295829986474,6.28327558364344,0.6125827814569537,0,2.0,0.744303773416595,1.0684591241191759,True
1438,대조,0,13.0,6.0,297.86,102.0,50.0,176.99,0.0,1.0,1,77.78,25.0,18.0,127.88,4.0,13.0,1,1,13.0,1.9459101490553132,5.699975236313247,0.5942053313637279,0,1.0,0.38603455504588124,-0.46401176168475905,True
1440,대조,0,2.0,24.0,514.1,45838.0,67.0,166.51,0.0,0.0,0,129.9,45.0,35.0,332.53,15.0,2.0,1,1,2.0,3.2188758248682006,6.24436105657154,0.3238864034234584,0,0.0,0.48027874937366083,-0.07892594815145818,True
1443,대조,0,5.0,9.0,120.15,30.0,12.0,49.58,0.0,1.0,1,2.0,1.0,1.0,2.0,1.0,5.0,1,1,5.0,2.302585092994046,4.797029447262535,0.41265085310029126,0,1.0,0.5524711523983996,0.21066021962380194,True
1447,대조,0,10.0,10.0,194.8,40.0,21.0,161.12,0.0,0.0,0,38.620000000000005,46.0,17.0,40.9,2.0,10.0,1,1,10.0,2.3978952727983707,5.27709373009641,0.8271047227926078,0,0.0,0.19672514118705323,-1.4068894131996914,True
1448,대조,0,11.0,31.0,501.93,178.0,32.0,167.91,0.0,0.0,0,38.99,9.0,6.0,105.92999999999999,5.0,11.0,1,1,11.0,3.4657359027997265,6.22045099540545,0.33452871914410376,0,0.0,0.5426627559037206,0.17106698049069213,True
1452,처치,1,3.0,53.0,280.38,12597.0,104.0,153.3,0.0,4.0,1,62.32,60.0,35.0,130.75,23.0,3.0,1,1,3.0,3.9889840465642745,5.639706068949067,0.5467579713246309,0,4.0,0.9762371178596039,3.7155807161893466,True
1454,처치,1,3.0,46.0,1598.8700000000001,91585.0,230.0,655.95,0.0,1.0,1,227.52,115.0,86.0,513.34,17.0,3.0,1,1,3.0,3.8501476017100584,7.377677654926913,0.41025849506213763,0,1.0,0.8245503226715545,1.547485911385977,True
1456,처치,1,3.0,10.0,182.11,53.0,18.0,71.46000000000001,0.0,0.0,0,28.28,11.0,10.0,48.24,3.0,3.0,1,1,3.0,2.3978952727983707,5.210087065153623,0.3924001976827193,0,0.0,0.28876305128750823,-0.9013991754044209,True
1458,처치,1,1.0,17.0,411.76,10082.0,81.0,210.24,0.0,1.0,0,115.21000000000001,63.0,52.0,257.83,11.0,1.0,1,1,1.0,2.8903717578961645,6.0228663102475135,0.5105886924421994,0,1.0,0.5131016033078346,0.052418412396464296,True
1460,대조,0,6.0,10.0,501.98,10907.0,76.0,210.01,0.0,1.0,0,17.83,5.0,5.0,44.97,3.0,6.0,1,1,6.0,2.3978952727983707,6.220550407877821,0.41836328140563367,0,1.0,0.40761886183507345,-0.373817666558343,True
1461,처치,1,3.0,35.0,856.57,69046.0,128.0,557.64,0.0,2.0,1,216.75,102.0,66.0,379.66,17.0,3.0,1,1,3.0,3.58351893845611,6.7541028083613925,0.6510150950885508,0,2.0,0.8486945585511064,1.7243987706645831,True
1463,처치,1,1.0,20.0,525.36,58778.0,60.0,147.87,1.0,3.0,0,47.15,41.0,23.0,105.83,6.0,1.0,1,1,1.0,3.044522437723423,6.26598538928194,0.2814641388761992,1,3.0,0.9217563760235158,2.466453611021032,True
1464,대조,0,12.0,11.0,415.58,219.0,111.0,299.55,0.0,1.0,0,161.3,60.0,57.0,273.52,6.0,12.0,1,1,12.0,2.4849066497880004,6.032078519993237,0.7207998459983638,0,1.0,0.3521975898406453,-0.6093933743771132,True
1467,처치,1,1.0,221.0,592.79,21231.0,75.0,151.93,0.0,0.0,1,40.38,28.0,18.0,237.49,86.0,1.0,1,1,1.0,5.402677381872279,6.386525721500753,0.2562964962296935,0,0.0,0.9416836687514167,2.7817872315992496,True
1468,대조,0,4.0,18.0,1015.09,23061.0,217.0,587.4,0.0,1.0,1,191.32,70.0,64.0,504.49,12.0,4.0,1,1,4.0,2.9444389791664403,6.923717206892379,0.5786679013683516,0,1.0,0.6129290591844121,0.4596412161391665,True
1474,대조,0,7.0,15.0,418.19,168.0,54.0,177.67,0.0,0.0,1,238.68,107.0,91.0,562.81,14.0,7.0,1,1,7.0,2.772588722239781,6.038324277760466,0.4248547311030871,0,0.0,0.47220553906057544,-0.11129257448392603,True
1476,처치,1,1.0,53.0,1423.1100000000001,156496.0,107.0,348.97,0.0,4.0,0,125.54,38.0,31.0,541.94,20.0,1.0,1,1,1.0,3.9889840465642745,7.261302336179522,0.2452164625362762,0,4.0,0.9665424805672137,3.363448693166684,True
1479,대조,0,2.0,100.0,1151.98,32074.0,164.0,496.05,0.0,0.0,1,386.33,164.0,132.0,880.34,70.0,2.0,1,1,2.0,4.61512051684126,7.050105174064842,0.4306064341394816,0,0.0,0.8442807475376757,1.6904303563402032,True
1483,처치,1,1.0,21.0,702.17,18609.0,128.0,321.94,0.0,2.0,1,49.88,26.0,23.0,112.17,6.0,1.0,1,1,1.0,3.091042453358316,6.555598683344872,0.4584929575458935,0,2.0,0.8106096586963762,1.4539764464468063,True
1484,대조,0,1.0,27.0,589.5,293.0,138.0,331.21,0.0,0.0,1,127.19,44.0,42.0,223.37,8.0,1.0,1,1,1.0,3.332204510175204,6.380969635637417,0.5618490245971162,0,0.0,0.5683498520456568,0.2751217483640158,True
1485,처치,1,7.0,8.0,168.54,47.0,15.0,42.35,0.0,2.0,1,128.07,32.0,25.0,310.03,5.0,7.0,1,1,7.0,2.1972245773362196,5.13308888718026,0.2512756615640204,0,2.0,0.714257903498863,0.9161544629976046,True
1488,처치,1,2.0,14.0,341.41,10466.0,65.0,150.74,0.0,1.0,1,183.56,89.0,74.0,404.86,6.0,2.0,1,1,2.0,2.70805020110221,5.836008849448588,0.44152192378664945,0,1.0,0.6194810904208768,0.4873463039392031,True
1490,처치,1,1.0,38.0,805.61,52630.0,127.0,432.73,0.0,3.0,0,199.72,65.0,62.0,378.3,18.0,1.0,1,1,1.0,3.6635616461296463,6.692840280081237,0.5371457653206887,0,3.0,0.8894056304743327,2.0846842293555614,True
1491,처치,1,10.0,29.0,519.92,256.0,119.0,325.11,0.0,3.0,1,249.31,107.0,84.0,383.16,18.0,10.0,1,1,10.0,3.4011973816621555,6.255596479099502,0.6253077396522543,0,3.0,0.9075851135926281,2.2844992768478902,True
1492,처치,1,4.0,12.0,144.67,82.0,32.0,89.8,0.0,2.0,1,37.09,22.0,15.0,65.32000000000001,5.0,4.0,1,1,4.0,2.5649493574615367,4.9813437894608565,0.6207230248150964,0,2.0,0.7086987387824998,0.8890725326202392,True
1493,대조,0,53.0,1.0,19.25,13.0,3.0,8.5,0.0,1.0,0,8.32,3.0,3.0,45.61,2.0,53.0,1,1,53.0,0.6931471805599453,3.0081547935525483,0.44155844155844154,0,1.0,0.13977606011764684,-1.817151179220482,True
1495,대조,0,2.0,22.0,237.3,169.0,76.0,146.47,0.0,0.0,0,77.21,35.0,34.0,119.65,13.0,2.0,1,1,2.0,3.1354942159291497,5.473530384104697,0.6172355667930889,0,0.0,0.39631793143292426,-0.420830936514548,True
1499,대조,0,9.0,16.0,351.67,159.0,63.0,245.24,0.0,1.0,1,128.37,47.0,26.0,179.06,6.0,9.0,1,1,9.0,2.833213344056216,5.8655327755013085,0.6973583188784941,0,1.0,0.5798299142284272,0.32207521378003073,True
1501,처치,1,5.0,24.0,1006.75,77646.0,158.0,397.43,0.0,1.0,0,229.35,101.0,92.0,754.33,22.0,5.0,1,1,5.0,3.2188758248682006,6.915475401997275,0.39476533399553015,0,1.0,0.6066632407087352,0.43330770538717656,True
1502,대조,0,11.0,3.0,116.56,29.0,7.0,16.77,0.0,4.0,0,59.99,1.0,1.0,59.99,1.0,11.0,1,1,11.0,1.3862943611198906,4.766948841550716,0.14387439945092656,0,4.0,0.738984290498609,1.0406960677677146,True
1505,처치,1,3.0,12.0,366.19,147.0,74.0,188.05,0.0,1.0,1,134.57,77.0,66.0,329.38,8.0,3.0,1,1,3.0,2.5649493574615367,5.905879425260039,0.5135312269586827,0,1.0,0.5617549774466173,0.2482876054482202,True
1506,처치,1,1.0,27.0,414.99,251.0,148.0,286.76,0.0,0.0,0,110.25,60.0,62.0,145.59,11.0,1.0,1,1,1.0,3.332204510175204,6.030661221510797,0.6910046025205426,0,0.0,0.4107317614951138,-0.3609411404050707,True
1508,처치,1,3.0,10.0,242.92000000000002,16092.0,46.0,162.85,0.0,1.0,0,79.85000000000001,31.0,16.0,113.65,7.0,3.0,1,1,3.0,2.3978952727983707,5.496840302679999,0.6703853120368845,0,1.0,0.35725812305202587,-0.587284653825271,True
1509,처치,1,10.0,26.0,986.97,98121.0,91.0,311.69,0.0,0.0,1,150.68,40.0,39.0,525.68,15.0,10.0,1,1,10.0,3.295836866004329,6.895652332914391,0.3158049383466569,0,0.0,0.6149164878829386,0.46802624117069297,True
1511,처치,1,2.0,23.0,606.07,302.0,110.0,354.3,0.0,1.0,0,254.95,109.0,76.0,424.78000000000003,14.0,2.0,1,1,2.0,3.1780538303479458,6.408644105662574,0.5845859389179467,0,1.0,0.5561886301427771,0.22570787006357762,True
1512,대조,0,5.0,11.0,128.4,35854.0,3.0,6.94,0.0,1.0,0,0.0,0.0,0.0,28.66,2.0,5.0,0,1,5.0,2.4849066497880004,4.8629083820668,0.054049844236760125,0,1.0,0.569861712837826,0.2812869673002058,True
1518,대조,0,29.0,5.0,96.46000000000001,59.0,18.0,61.28,0.0,1.0,0,114.29,27.0,11.0,118.43,1.0,29.0,1,1,29.0,1.791759469228055,4.57944203741536,0.635289239062824,0,1.0,0.25504268606893116,-1.0718959925032479,True
1520,처치,1,3.0,19.0,656.29,136122.0,67.0,137.38,0.0,1.0,0,110.87,72.0,55.0,300.33,10.0,3.0,1,1,3.0,2.995732273553991,6.488125321400568,0.20932819332916852,0,1.0,0.6129298690324447,0.45964462966283853,True
1524,대조,0,5.0,9.0,380.34000000000003,24929.0,72.0,163.8,0.0,1.0,1,108.36,48.0,45.0,265.64,5.0,5.0,1,1,5.0,2.302585092994046,5.943691365636298,0.43066729768102224,0,1.0,0.5167625887438858,0.06707549206592033,True
1526,처치,1,19.0,31.0,477.18,240.0,89.0,211.79,0.0,1.0,0,81.77,38.0,38.0,186.05,15.0,19.0,1,1,19.0,3.4657359027997265,6.169987230644788,0.4438367073221845,0,1.0,0.6721352190753315,0.7178582690375004,True
1530,대조,0,34.0,4.0,94.24000000000001,27.0,14.0,44.870000000000005,0.0,1.0,0,0.0,0.0,0.0,38.68,1.0,34.0,0,1,34.0,1.6094379124341003,4.556400021618662,0.47612478777589134,0,1.0,0.2545419398650691,-1.074533259661355,True
1532,대조,0,43.0,1.0,18.97,6.0,0.0,0.0,0.0,1.0,0,0.44,1.0,1.0,44.78,2.0,43.0,1,1,43.0,0.6931471805599453,2.994231147427724,0.0,0,1.0,0.2124280123800354,-1.3103516136725037,True
1535,처치,1,1.0,67.0,1543.8600000000001,775.0,258.0,898.36,0.0,2.0,0,390.64,138.0,110.0,590.02,21.0,1.0,1,1,1.0,4.219507705176107,7.342688570339337,0.5818921404790589,0,2.0,0.8673251350950328,1.8775124076517542,True
1537,처치,1,2.0,20.0,525.33,15585.0,112.0,304.11,0.0,1.0,1,18.89,8.0,6.0,51.54,6.0,2.0,1,1,2.0,3.044522437723423,6.265928392445249,0.5788932670892581,0,1.0,0.6532718854088729,0.6334524647996034,True
1542,처치,1,11.0,13.0,308.01,100.0,38.0,140.78,0.0,2.0,0,37.14,14.0,11.0,99.5,7.0,11.0,1,1,11.0,2.6390573296152584,5.73337363883364,0.45706308236745563,0,2.0,0.63441738107126,0.5512147703721233,True
1544,처치,1,9.0,4.0,325.36,17368.0,40.0,106.78,0.0,3.0,0,37.96,24.0,20.0,111.49,4.0,9.0,1,1,9.0,1.6094379124341003,5.788001066560599,0.3281903122694861,0,3.0,0.5710225613188121,0.2860243937589643,True
1545,처치,1,1.0,34.0,743.5600000000001,308.0,123.0,427.0,0.0,1.0,1,112.62,42.0,39.0,225.86,11.0,1.0,1,1,1.0,3.5553480614894135,6.612793439877455,0.5742643498843402,0,1.0,0.7564168201596164,1.1331340884822567,True
1547,처치,1,27.0,56.0,267.21,44410.0,22.0,45.91,0.0,0.0,0,2.5,2.0,2.0,112.82000000000001,16.0,27.0,1,1,27.0,4.04305126783455,5.591770255760243,0.17181243216945474,0,0.0,0.7372110638241229,1.0315230476465238,True
1548,처치,1,9.0,5.0,119.63,54.0,20.0,54.95,0.0,3.0,0,23.6,12.0,8.0,55.2,2.0,9.0,1,1,9.0,1.791759469228055,4.792728009577292,0.45933294324166185,0,3.0,0.6062323941214415,0.43150249872297747,True
1549,처치,1,4.0,30.0,312.08,14903.0,70.0,170.2,0.0,3.0,1,51.269999999999996,27.0,25.0,108.18,9.0,4.0,1,1,4.0,3.4339872044851463,5.746458748936638,0.5453729812868495,0,3.0,0.9215365388443123,2.463409374367768,True
1551,대조,0,,0.0,0.0,0.0,0.0,0.0,0.0,1.0,0,0.0,0.0,0.0,0.0,0.0,90.0,0,0,90.0,0.0,0.0,0.0,0,1.0,0.15483169392656282,-1.6971971049821566,True
1563,처치,1,2.0,17.0,440.35,125.0,50.0,214.47,0.0,1.0,1,114.76,56.0,43.0,230.06,12.0,2.0,1,1,2.0,2.8903717578961645,6.089838211466242,0.48704439650278186,0,1.0,0.6450985240047188,0.5975628369770202,True
1566,대조,0,1.0,75.0,2652.98,100122.0,353.0,1230.15,0.0,0.0,1,644.57,210.0,153.0,1190.3500000000001,42.0,1.0,1,1,1.0,4.330733340286331,7.883815679068732,0.46368611900579726,0,0.0,0.7801713477865686,1.266665182894678,True
1567,처치,1,1.0,31.0,293.85,206.0,79.0,174.1,0.0,1.0,1,145.32,100.0,83.0,264.87,24.0,1.0,1,1,1.0,3.4657359027997265,5.686466752446513,0.5924791560319891,0,1.0,0.7536386142581498,1.118113456007823,True
1568,처치,1,3.0,19.0,664.49,310.0,100.0,377.82,2.0,2.0,1,230.77,90.0,53.0,473.6,7.0,3.0,1,1,3.0,2.995732273553991,6.500523611426252,0.5685864347093259,1,2.0,0.8722171921981025,1.920706457864538,True
1569,대조,0,2.0,8.0,172.0,78.0,40.0,93.61,0.0,2.0,0,18.310000000000002,6.0,6.0,28.86,2.0,2.0,1,1,2.0,2.1972245773362196,5.153291594497779,0.5442441860465116,0,2.0,0.5125824732549074,0.050340521271445844,True
1572,대조,0,12.0,8.0,343.38,123.0,56.0,180.72,0.0,0.0,1,42.480000000000004,17.0,12.0,56.14,3.0,12.0,1,1,12.0,2.1972245773362196,5.841745698858039,0.5262973964703827,0,0.0,0.30905997093172993,-0.8045176926363719,True
1575,대조,0,14.0,11.0,416.22,256.0,156.0,318.7,0.0,0.0,0,125.99,73.0,58.0,187.62,7.0,14.0,1,1,14.0,2.4849066497880004,6.03361366061614,0.7657008312911441,0,0.0,0.20990841507650596,-1.3254775521178233,True
1578,처치,1,4.0,10.0,159.99,95.0,38.0,85.98,0.0,0.0,1,95.35,57.0,45.0,169.42,8.0,4.0,1,1,4.0,2.3978952727983707,5.081342251254203,0.5374085880367523,0,0.0,0.37067760514195136,-0.5293109808524075,True
1579,처치,1,1.0,76.0,1690.23,150427.0,180.0,489.16,0.0,3.0,0,329.49,167.0,151.0,1136.22,65.0,1.0,1,1,1.0,4.343805421853684,7.433211353842274,0.28940440058453587,0,3.0,0.952516966235327,2.998735455829161,True
1580,대조,0,2.0,53.0,502.6,2496.0,172.0,268.29,0.0,0.0,1,57.230000000000004,43.0,39.0,124.33,17.0,2.0,1,1,2.0,3.9889840465642745,6.221782302170192,0.5338042180660565,0,0.0,0.7327301329964822,1.0085185804983232,True
1581,대조,0,4.0,13.0,566.65,231.0,94.0,293.37,0.0,0.0,0,0.0,0.0,0.0,3.34,1.0,4.0,0,1,4.0,2.6390573296152584,6.341505031610542,0.5177269919703521,0,0.0,0.28587361287794893,-0.9155101593172976,True
1582,대조,0,7.0,2.0,87.79,46.0,22.0,53.65,0.0,4.0,0,52.4,22.0,19.0,166.95,3.0,7.0,1,1,7.0,1.0986122886681098,4.4862740310442355,0.6111174393438887,0,4.0,0.557795963130255,0.23222184059930598,True
1584,처치,1,2.0,54.0,925.51,46074.0,124.0,456.58,0.0,3.0,0,94.71000000000001,30.0,28.0,306.86,14.0,2.0,1,1,2.0,4.007333185232471,6.831424838975316,0.49332800293892015,0,3.0,0.9226185690373238,2.4784690560074334,True
1585,처치,1,3.0,20.0,821.44,60994.0,82.0,283.07,0.0,1.0,1,357.59,79.0,70.0,1102.2,18.0,3.0,1,1,3.0,3.044522437723423,6.712275531650401,0.3446021620568757,0,1.0,0.7017464705826911,0.8556282911156398,True
1586,처치,1,3.0,7.0,232.39,53.0,32.0,202.94,0.0,3.0,0,61.4,17.0,14.0,70.67,3.0,3.0,1,1,3.0,2.0794415416798357,5.45271087403313,0.873273376651319,0,3.0,0.5453788453320482,0.18201623720151094,True
1587,처치,1,11.0,9.0,61.8,3534.0,8.0,21.16,0.0,0.0,0,0.0,0.0,0.0,17.8,2.0,11.0,0,1,11.0,2.302585092994046,4.139955073474153,0.34239482200647253,0,0.0,0.304484361301581,-0.8260337694428368,True
1588,처치,1,18.0,36.0,720.62,6334.0,143.0,419.94,1.0,2.0,1,255.05,107.0,102.0,428.33,15.0,18.0,1,1,18.0,3.6109179126442243,6.5814986845505805,0.582748189059421,1,2.0,0.9269432346503254,2.5406555816483785,True
1591,대조,0,2.0,19.0,821.12,57236.0,131.0,358.25,11.0,2.0,1,180.52,80.0,64.0,369.08,9.0,2.0,1,1,2.0,2.995732273553991,6.711886369802808,0.43629432969602494,1,2.0,0.8859525172530346,2.0500484799034413,True
1592,대조,0,3.0,12.0,581.25,40007.0,46.0,178.35,0.0,0.0,0,125.51,53.0,42.0,287.8,8.0,3.0,1,1,3.0,2.5649493574615367,6.3668999087644504,0.30683870967741933,0,0.0,0.320184540852089,-0.7529238579982638,True
1593,대조,0,4.0,7.0,372.56,162.0,69.0,239.75,1.0,1.0,0,0.0,0.0,0.0,0.0,0.0,4.0,0,0,4.0,2.0794415416798357,5.923078634241517,0.6435205067640112,1,1.0,0.438544083081797,-0.24707292329811725,True
1594,대조,0,4.0,16.0,399.5,18746.0,49.0,179.07,0.0,0.0,0,125.8,52.0,43.0,299.31,17.0,4.0,1,1,4.0,2.833213344056216,5.992713766508414,0.44823529411764707,0,0.0,0.35525538382399235,-0.5960173725849126,True
1595,처치,1,3.0,17.0,668.8,41382.0,90.0,315.11,0.0,1.0,1,70.0,23.0,20.0,176.51,7.0,3.0,1,1,3.0,2.8903717578961645,6.506979160360104,0.47115729665071776,0,1.0,0.6390997330227095,0.5714588675140178,True
1601,대조,0,27.0,3.0,358.86,166.0,85.0,169.84,0.0,2.0,0,0.0,0.0,0.0,0.0,0.0,27.0,0,0,27.0,1.3862943611198906,5.885715066924373,0.4732764866521763,0,2.0,0.31362310254598097,-0.7832349354563056,True
1604,처치,1,1.0,25.0,108.48,58.0,9.0,18.78,0.0,1.0,1,5.890000000000001,4.0,3.0,56.25,14.0,1.0,1,1,1.0,3.258096538021482,4.695741884172478,0.17311946902654868,0,1.0,0.8162006776958121,1.4908157304998098,True
1605,대조,0,8.0,21.0,131.59,65.0,48.0,108.28,0.0,0.0,0,0.0,0.0,0.0,0.0,0.0,8.0,0,0,8.0,3.091042453358316,4.887261660126628,0.8228588798540922,0,0.0,0.34542516210429786,-0.6392099101956971,True
1607,처치,1,3.0,19.0,538.51,266.0,20.0,55.21,0.0,3.0,0,62.39,27.0,16.0,248.46,8.0,3.0,1,1,3.0,2.995732273553991,6.290661320207592,0.10252363001615569,0,3.0,0.8736255124501988,1.933402186040472,True
1615,대조,0,5.0,7.0,164.33,79.0,27.0,48.67,0.0,1.0,0,3.5,3.0,2.0,15.02,3.0,5.0,1,1,5.0,2.0794415416798357,5.107943476563253,0.29617233615286315,0,1.0,0.39036011687885436,-0.4457987376136017,True
1618,처치,1,2.0,16.0,758.6,73293.0,125.0,326.43,1.0,2.0,1,109.65,33.0,31.0,236.38,7.0,2.0,1,1,2.0,2.833213344056216,6.632791978938131,0.4303058265225415,1,2.0,0.8694630977377651,1.8962199293640871,True
1619,처치,1,1.0,25.0,950.72,56795.0,163.0,553.03,0.0,1.0,0,158.67000000000002,58.0,52.0,444.42,20.0,1.0,1,1,1.0,3.258096538021482,6.858270873883229,0.5816959777852574,0,1.0,0.5655942274939734,0.26389785155453255,True
1621,대조,0,3.0,10.0,401.1,143.0,72.0,196.21,0.0,1.0,0,71.46000000000001,27.0,25.0,96.12,4.0,3.0,1,1,3.0,2.3978952727983707,5.996700813903228,0.48917975567190225,0,1.0,0.3935897992016825,-0.432247407903773,True
1622,대조,0,4.0,17.0,523.52,25698.0,89.0,249.17000000000002,0.0,3.0,0,150.76,66.0,55.0,378.43,9.0,4.0,1,1,4.0,2.8903717578961645,6.262483558663224,0.47595125305623476,0,3.0,0.8017345097143019,1.3971705252200168,True
1624,대조,0,2.0,14.0,436.18,178.0,87.0,281.56,0.0,0.0,0,243.5,104.0,78.0,432.38,14.0,2.0,1,1,2.0,2.70805020110221,6.0803450096018565,0.6455133201889128,0,0.0,0.2761986463993685,-0.963396641094264,True
1627,대조,0,5.0,24.0,857.5699999999999,78747.0,101.0,338.48,0.0,0.0,1,101.75,55.0,42.0,427.2,13.0,5.0,1,1,5.0,3.2188758248682006,6.755268214579044,0.3946966428396516,0,0.0,0.5770416219678125,0.3106406219147381,True
1630,처치,1,2.0,25.0,1268.4,424.0,149.0,640.69,1.0,1.0,0,325.09,110.0,77.0,653.75,14.0,2.0,1,1,2.0,3.258096538021482,7.14629962687237,0.5051166824345632,1,1.0,0.7325659503476896,1.0076803788593018,True
1632,대조,0,4.0,10.0,467.13,18976.0,60.0,210.37,0.0,0.0,0,74.42,58.0,25.0,104.2,4.0,4.0,1,1,4.0,2.3978952727983707,6.14874603512232,0.4503457281698885,0,0.0,0.2557141114535253,-1.0683651515110175,True
1639,처치,1,9.0,11.0,409.89,191.0,70.0,211.28,0.0,2.0,0,58.68,32.0,24.0,98.47,4.0,9.0,1,1,9.0,2.4849066497880004,6.018325538771608,0.5154553660738247,0,2.0,0.5725814667081043,0.2923913204136925,True
1640,처치,1,3.0,33.0,873.09,71472.0,76.0,236.01,0.0,3.0,0,0.0,0.0,0.0,0.0,0.0,3.0,0,0,3.0,3.5263605246161616,6.7731833451823675,0.2703157750060131,0,3.0,0.903870289432659,2.2409874337294866,True
1642,처치,1,6.0,14.0,225.89000000000001,143.0,89.0,179.57,1.0,4.0,0,110.79,60.0,55.0,132.94,9.0,6.0,1,1,6.0,2.70805020110221,5.424465318536048,0.7949444419850369,1,4.0,0.9073378303266781,2.281554555666018,True
1646,처치,1,4.0,3.0,10.59,6.0,4.0,7.6,0.0,0.0,0,21.28,4.0,4.0,22.53,2.0,4.0,1,1,4.0,1.3862943611198906,2.4501426573516603,0.7176581680830972,0,0.0,0.11578246083686337,-2.032990024543876,True
1651,대조,0,2.0,13.0,303.54,161.0,72.0,183.52,0.0,0.0,0,113.56,22.0,12.0,135.36,5.0,2.0,1,1,2.0,2.6390573296152584,5.718802441412587,0.6045990643737233,0,0.0,0.279006799234626,-0.9493935554156727,True
1659,처치,1,1.0,21.0,491.99,339.0,165.0,259.49,0.0,1.0,0,215.79,100.0,90.0,361.18,14.0,1.0,1,1,1.0,3.091042453358316,6.200488889861308,0.5274294192971402,0,1.0,0.5554999305144666,0.2229182727163511,True
1660,처치,1,21.0,3.0,141.95,74.0,27.0,93.92,0.0,0.0,0,7.99,2.0,2.0,29.74,3.0,21.0,1,1,21.0,1.3862943611198906,4.9624949187683205,0.6616414230362805,0,0.0,0.09686075963340628,-2.2326022595206867,True
1663,대조,0,1.0,35.0,372.87,69373.0,19.0,91.3,0.0,1.0,0,17.259999999999998,6.0,6.0,187.9,26.0,1.0,1,1,1.0,3.58351893845611,5.923908143406992,0.24485745702255476,0,1.0,0.7484818357934775,1.0905317256712566,True
1666,대조,0,1.0,24.0,282.09,3900.0,52.0,142.53,0.0,0.0,0,31.990000000000002,13.0,12.0,50.56,5.0,1.0,1,1,1.0,3.2188758248682006,5.645764868286627,0.5052642773582899,0,0.0,0.4442622508011966,-0.22388146585259713,True
1667,대조,0,1.0,2.0,9.6,11.0,0.0,0.0,0.0,1.0,0,0.0,0.0,0.0,23.71,2.0,1.0,0,1,1.0,1.0986122886681098,2.3608540011180215,0.0,0,1.0,0.3030363753521383,-0.8328803719741016,True
1668,대조,0,5.0,11.0,461.57,12446.0,62.0,268.84,0.0,2.0,0,70.46000000000001,33.0,25.0,195.86,8.0,5.0,1,1,5.0,2.4849066497880004,6.136797896851371,0.5824468661308143,0,2.0,0.5501786900435048,0.20139270153096778,True
1671,대조,0,7.0,5.0,141.68,64.0,22.0,50.92,0.0,2.0,0,105.88,53.0,42.0,152.52,3.0,7.0,1,1,7.0,1.791759469228055,4.960604360490691,0.35940146809712026,0,2.0,0.4658347472264208,-0.13687430166205217,True
1672,처치,1,11.0,9.0,106.35,66.0,10.0,35.12,0.0,1.0,0,3.99,1.0,1.0,61.800000000000004,3.0,11.0,1,1,11.0,2.302585092994046,4.67609452432479,0.33023037141513867,0,1.0,0.44901767721125296,-0.20464046943695044,True
1675,처치,1,6.0,20.0,910.44,20708.0,116.0,379.08,0.0,6.0,0,110.6,58.0,43.0,295.63,10.0,6.0,1,1,6.0,3.044522437723423,6.81502576638986,0.4163701067615658,0,6.0,0.9724046811838535,3.5621259062546717,True
1676,처치,1,2.0,17.0,737.9,21862.0,140.0,332.33,0.0,2.0,1,64.47,25.0,24.0,178.31,7.0,2.0,1,1,2.0,2.8903717578961645,6.605162593794602,0.4503726792248272,0,2.0,0.7771954401314556,1.2493968763995293,True
1678,처치,1,11.0,8.0,172.16,72.0,30.0,101.86,0.0,2.0,1,12.61,5.0,4.0,17.48,4.0,11.0,1,1,11.0,2.1972245773362196,5.15421602257378,0.5916589219330856,0,2.0,0.6279099721356195,0.523260964338258,True
1681,처치,1,,0.0,0.0,0.0,0.0,0.0,0.0,1.0,0,198.81,68.0,60.0,319.52,8.0,90.0,1,1,90.0,0.0,0.0,0.0,0,1.0,0.15483169392656282,-1.6971971049821566,True
1683,대조,0,7.0,8.0,161.27,55.0,21.0,70.41,0.0,3.0,0,0.0,0.0,0.0,8.07,2.0,7.0,0,1,7.0,2.1972245773362196,5.089261614551446,0.4365970112234141,0,3.0,0.7000283339536255,0.8474327876170744,True
1685,처치,1,2.0,12.0,89.68,42.0,20.0,46.82,0.0,1.0,0,18.04,6.0,6.0,25.42,4.0,2.0,1,1,2.0,2.5649493574615367,4.507336825639328,0.522078501338091,0,1.0,0.4658189180895247,-0.13693791536332892,True
1686,대조,0,5.0,13.0,163.27,100.0,30.0,72.59,0.0,1.0,1,38.04,30.0,14.0,91.82,7.0,5.0,1,1,5.0,2.6390573296152584,5.101511415553109,0.444600967722178,0,1.0,0.6204731957775524,0.4915571812280206,True
1687,처치,1,3.0,18.0,635.01,255.0,149.0,401.18,2.0,3.0,0,212.8,94.0,81.0,328.37,7.0,3.0,1,1,3.0,2.9444389791664403,6.455214286486953,0.6317695784318358,1,3.0,0.8742794486162537,1.9393384620825151,True
1689,처치,1,3.0,16.0,427.25,7614.0,55.0,267.34,0.0,0.0,1,87.24000000000001,35.0,16.0,373.77,10.0,3.0,1,1,3.0,2.833213344056216,6.05970713720423,0.625722644821533,0,0.0,0.4297473689222089,-0.282881953157008,True
1692,처치,1,5.0,21.0,360.38,238.0,78.0,203.7,0.0,1.0,1,40.0,21.0,18.0,81.56,13.0,5.0,1,1,5.0,3.091042453358316,5.889930036283685,0.5652366946001443,0,1.0,0.6767288656861234,0.7387793026537613,True
1693,처치,1,1.0,32.0,1452.74,664.0,269.0,742.0600000000001,2.0,2.0,1,162.13,65.0,58.0,300.29,10.0,1.0,1,1,1.0,3.4965075614664802,7.2818948250473925,0.5108002808486034,1,2.0,0.9186591806617006,2.4242672212262644,True
1695,처치,1,6.0,12.0,134.18,67.0,20.0,63.0,0.0,0.0,1,41.89,26.0,19.0,70.9,10.0,6.0,1,1,6.0,2.5649493574615367,4.906607223672208,0.4695185571620211,0,0.0,0.4358729012249104,-0.25792888864869723,True
1703,처치,1,2.0,51.0,1108.8700000000001,570.0,162.0,683.4,0.0,0.0,0,310.24,121.0,69.0,455.41,28.0,2.0,1,1,2.0,3.9512437185814275,7.011998170330518,0.6163030833190545,0,0.0,0.565787403712817,0.26468412847081624,True
1708,처치,1,3.0,7.0,296.7,193.0,49.0,123.35,3.0,1.0,1,83.02,39.0,29.0,158.57,2.0,3.0,1,1,3.0,2.0794415416798357,5.69608626802173,0.41573980451634646,1,1.0,0.6373936093093179,0.564069452952395,True
1709,처치,1,3.0,16.0,307.9,176.0,74.0,201.78,0.0,0.0,1,117.63,60.0,48.0,231.22,10.0,3.0,1,1,3.0,2.833213344056216,5.733017599924536,0.6553426437154921,0,0.0,0.4299687298630205,-0.2819787344187846,True
1710,처치,1,2.0,35.0,1697.35,121960.0,281.0,766.13,2.0,5.0,1,397.8,161.0,133.0,768.53,12.0,2.0,1,1,2.0,3.58351893845611,7.437412470483252,0.45136830942351314,1,5.0,0.9896604961638958,4.561390068119743,False
1717,대조,0,9.0,12.0,139.09,63.0,44.0,109.85,0.0,0.0,0,87.19,48.0,35.0,156.86,7.0,9.0,1,1,9.0,2.5649493574615367,4.942285073208023,0.7897764037673448,0,0.0,0.2396805614672768,-1.154431615935572,True
1722,처치,1,3.0,46.0,1742.41,78010.0,293.0,762.9,0.0,3.0,1,421.66,279.0,177.0,708.96,18.0,3.0,1,1,3.0,3.8501476017100584,7.463598244479346,0.4378418397506901,0,3.0,0.9446002750583695,2.8361872198638927,True
1723,처치,1,13.0,13.0,978.0600000000001,172.0,48.0,237.91,0.0,1.0,0,169.75,56.0,45.0,495.49,11.0,13.0,1,1,13.0,2.6390573296152584,6.886592927680116,0.24324683557245974,0,1.0,0.5023902055586085,0.009560895064455597,True
1726,처치,1,7.0,24.0,1095.64,87801.0,124.0,456.23,5.0,3.0,1,261.46,90.0,75.0,603.05,11.0,7.0,1,1,7.0,3.2188758248682006,7.000006238686244,0.41640502354788067,1,3.0,0.9498223395686615,2.940705039802657,True
1729,처치,1,2.0,4.0,100.71000000000001,43.0,10.0,36.83,0.0,5.0,0,29.119999999999997,6.0,5.0,80.69,4.0,2.0,1,1,2.0,1.6094379124341003,4.622125626637505,0.36570350511369276,0,5.0,0.8449224805481531,1.6953197667586666,True
1731,처치,1,33.0,6.0,275.59000000000003,175.0,46.0,124.45,0.0,3.0,0,0.0,0.0,0.0,0.0,0.0,33.0,0,0,33.0,1.9459101490553132,5.622536265287162,0.4515766174389491,0,3.0,0.626951676737342,0.519161502832929,True
1732,처치,1,16.0,10.0,364.05,204.0,100.0,210.19,0.0,2.0,0,213.45000000000002,105.0,88.0,400.26,8.0,16.0,1,1,16.0,2.3978952727983707,5.900034330502095,0.5773657464633979,0,2.0,0.5362603819533645,0.14529660363119273,True
1733,대조,0,,0.0,0.0,0.0,0.0,0.0,0.0,2.0,0,125.92,38.0,38.0,212.93,3.0,90.0,1,1,90.0,0.0,0.0,0.0,0,2.0,0.2626252500019945,-1.0323681321800022,True
1735,처치,1,30.0,20.0,587.08,25908.0,64.0,232.33,0.0,0.0,0,160.75,43.0,36.0,244.72,3.0,30.0,1,1,30.0,3.044522437723423,6.376862993065832,0.39573822988349117,0,0.0,0.4136226708928597,-0.3490093534217059,True
1740,처치,1,1.0,87.0,2927.42,162671.0,421.0,1347.6200000000001,0.0,1.0,1,609.6,299.0,181.0,1260.6100000000001,42.0,1.0,1,1,1.0,4.477336814478207,7.982218307417243,0.4603439205853619,0,1.0,0.8886896255159819,2.077425581067612,True
1742,처치,1,1.0,42.0,361.04,176.0,75.0,162.41,0.0,1.0,0,77.99,40.0,29.0,192.62,18.0,1.0,1,1,1.0,3.7612001156935624,5.89175470295897,0.44983935298027916,0,1.0,0.7394282371551077,1.0429989306294725,True
1744,대조,0,1.0,17.0,197.18,101.0,48.0,155.48,0.0,0.0,0,63.989999999999995,26.0,15.0,75.32,6.0,1.0,1,1,1.0,2.8903717578961645,5.289175708630753,0.7885181052845115,0,0.0,0.29864944583629444,-0.853737375689755,True
1745,처치,1,5.0,26.0,439.24,235.0,86.0,322.25,0.0,4.0,1,86.87,37.0,27.0,120.73,4.0,5.0,1,1,5.0,3.295836866004329,6.087320032751504,0.733653583462344,0,4.0,0.9388576682712313,2.731459436464761,True
1746,대조,0,16.0,10.0,343.83,91.0,47.0,262.98,0.0,1.0,0,0.0,0.0,0.0,0.0,0.0,16.0,0,0,16.0,2.3978952727983707,5.843051541965209,0.764854724718611,0,1.0,0.32535943523608885,-0.7292495266146855,True
1747,처치,1,3.0,7.0,219.94,12782.0,41.0,121.64,0.0,3.0,0,16.35,10.0,9.0,29.830000000000002,2.0,3.0,1,1,3.0,2.0794415416798357,5.397891171444129,0.5530599254342093,0,3.0,0.6356406254574336,0.5564926760413481,True
1749,처치,1,8.0,28.0,757.01,52676.0,79.0,228.71,0.0,2.0,1,106.47,22.0,18.0,245.35999999999999,7.0,8.0,1,1,8.0,3.367295829986474,6.630696578167487,0.3021228253259534,0,2.0,0.8716490547075376,1.915618610453529,True
1753,처치,1,1.0,96.0,739.48,12857.0,120.0,307.47,2.0,2.0,1,106.7,53.0,48.0,273.72,56.0,1.0,1,1,1.0,4.574710978503383,6.607298624565257,0.41579217828744525,1,2.0,0.9765327745065295,3.72840352514168,True
1756,대조,0,25.0,5.0,118.42,9043.0,15.0,34.42,0.0,4.0,0,51.980000000000004,14.0,12.0,96.34,3.0,25.0,1,1,25.0,1.791759469228055,4.782646691118846,0.2906603614254349,0,4.0,0.7852180673525583,1.2963382253559557,True
1758,대조,0,2.0,14.0,486.41,205.0,74.0,239.03,0.0,0.0,0,90.96,48.0,42.0,196.47,5.0,2.0,1,1,2.0,2.70805020110221,6.189105658009769,0.49141670607101,0,0.0,0.31052518444670607,-0.7976651634867636,True
1761,대조,0,5.0,5.0,350.63,165.0,75.0,236.51,0.0,0.0,0,71.47,31.0,21.0,108.82,2.0,5.0,1,1,5.0,1.791759469228055,5.862579486403199,0.6745287054730057,0,0.0,0.12713759602289096,-1.926507997342372,True
1765,대조,0,10.0,4.0,361.33,140.0,47.0,139.98,0.0,0.0,1,224.27,120.0,93.0,411.90000000000003,18.0,10.0,1,1,10.0,1.6094379124341003,5.892555398778768,0.3874020978053303,0,0.0,0.22052553553834564,-1.262606433480422,True
1768,처치,1,4.0,17.0,288.83,114.0,48.0,190.9,0.0,0.0,0,61.36,37.0,26.0,62.36,3.0,4.0,1,1,4.0,2.8903717578961645,5.669294544197528,0.6609424228785099,0,0.0,0.32153800074455263,-0.7467127357486312,True
1769,처치,1,2.0,24.0,877.91,1299.0,129.0,641.5,0.0,3.0,0,485.84,138.0,103.0,866.16,15.0,2.0,1,1,2.0,3.2188758248682006,6.778682503364559,0.7307127154264105,0,3.0,0.8005942092702097,1.3900123156674897,True
1772,처치,1,2.0,7.0,166.04,100.0,35.0,64.18,0.0,2.0,0,67.05,33.0,33.0,122.63,8.0,2.0,1,1,2.0,2.0794415416798357,5.118233304694274,0.3865333654541075,0,2.0,0.5282245329904305,0.11301827827452049,True
1773,대조,0,6.0,16.0,609.79,28546.0,68.0,289.03000000000003,1.0,2.0,0,123.74000000000001,29.0,23.0,225.69,10.0,6.0,1,1,6.0,2.833213344056216,6.41475320123927,0.4739828465537317,1,2.0,0.7934050277636829,1.3455736243944865,True
1774,처치,1,27.0,7.0,595.01,307.0,148.0,349.62,0.0,1.0,0,149.87,60.0,52.0,298.4,6.0,27.0,1,1,27.0,2.0794415416798357,6.390257445448082,0.5875867632476766,0,1.0,0.28657476706712615,-0.9120781730797743,True
1776,처치,1,8.0,21.0,231.7,183.0,107.0,175.92,0.0,3.0,0,102.92,71.0,54.0,133.6,9.0,8.0,1,1,8.0,3.091042453358316,5.449750070308246,0.7592576607682348,0,3.0,0.7970937526845003,1.36822826736914,True
1777,대조,0,35.0,3.0,63.57,12.0,6.0,27.630000000000003,0.0,1.0,0,73.93,26.0,19.0,113.04,10.0,35.0,1,1,35.0,1.3862943611198906,4.167749906638376,0.4346389806512506,0,1.0,0.2284376880276425,-1.217153962795259,True
1779,처치,1,6.0,18.0,641.34,31830.0,140.0,308.47,0.0,3.0,1,304.42,159.0,124.0,527.0,14.0,6.0,1,1,6.0,2.9444389791664403,6.46511775851959,0.4809773287179967,0,3.0,0.8756078639382165,1.9514793834383035,True
1781,처치,1,9.0,19.0,736.84,36866.0,94.0,364.19,0.0,1.0,0,67.54,30.0,24.0,150.53,8.0,9.0,1,1,9.0,2.995732273553991,6.603726998927463,0.494259269312198,0,1.0,0.5302274308755054,0.1210573472530556,True
1783,대조,0,7.0,11.0,538.12,229.0,125.0,303.25,0.0,3.0,0,312.48,137.0,119.0,730.89,12.0,7.0,1,1,7.0,2.4849066497880004,6.289938180637962,0.5635360142719096,0,3.0,0.7051989948921706,0.8721794554761203,True
1784,대조,0,32.0,5.0,277.72,118.0,47.0,145.23,0.0,1.0,0,77.63,32.0,27.0,121.84,2.0,32.0,1,1,32.0,1.791759469228055,5.630207693664138,0.5229367708483363,0,1.0,0.25841103194191894,-1.054243674004617,True
1785,대조,0,4.0,10.0,165.26,84.0,37.0,95.91,0.0,0.0,1,110.82000000000001,51.0,46.0,210.05,8.0,4.0,1,1,4.0,2.3978952727983707,5.113552828102942,0.5803582234055428,0,0.0,0.3584260943374873,-0.5822018986880139,True
1788,처치,1,2.0,28.0,1620.97,62780.0,259.0,717.74,0.0,3.0,1,228.84,91.0,84.0,592.31,15.0,2.0,1,1,2.0,3.367295829986474,7.391396738819971,0.44278425880799765,0,3.0,0.9117543837834695,2.335246617795999,True
1790,대조,0,7.0,8.0,430.97,188.0,80.0,230.32,0.0,2.0,0,56.07,21.0,20.0,124.93,4.0,7.0,1,1,7.0,2.1972245773362196,6.068356141388289,0.5344223495834977,0,2.0,0.49127630833844915,-0.03489830807880989,True
1791,처치,1,3.0,20.0,476.55,199.0,72.0,263.58,1.0,1.0,1,142.87,52.0,42.0,268.3,14.0,3.0,1,1,3.0,3.044522437723423,6.168668866480747,0.5531004091910607,1,1.0,0.7957679900000498,1.3600510219842366,True
1792,대조,0,,0.0,0.0,0.0,0.0,0.0,0.0,1.0,0,0.0,0.0,0.0,0.0,0.0,90.0,0,0,90.0,0.0,0.0,0.0,0,1.0,0.15483169392656282,-1.6971971049821566,True
1793,대조,0,14.0,12.0,445.27,8112.0,148.0,306.72,0.0,0.0,0,166.64,74.0,57.0,204.52,3.0,14.0,1,1,14.0,2.5649493574615367,6.100924150016726,0.6888404788106094,0,0.0,0.2385069974368536,-1.160882334019579,True
1794,처치,1,2.0,11.0,492.29,222.0,109.0,279.6,0.0,0.0,0,141.19,58.0,50.0,233.57,4.0,2.0,1,1,2.0,2.4849066497880004,6.2010972363942445,0.5679579109874261,0,0.0,0.24612839672988385,-1.1193687283707423,True
1796,대조,0,2.0,9.0,335.87,142.0,62.0,192.39000000000001,0.0,0.0,1,168.84,67.0,50.0,326.83,7.0,2.0,1,1,2.0,2.302585092994046,5.819697099252557,0.5728109089826421,0,0.0,0.32104206972918253,-0.7489869943861743,True
1798,처치,1,4.0,7.0,341.18,169.0,93.0,256.29,0.0,0.0,0,101.33,52.0,42.0,171.62,3.0,4.0,1,1,4.0,2.0794415416798357,5.835336914396502,0.7511870566856206,0,0.0,0.15282301569815776,-1.7126291354493823,True
1800,대조,0,2.0,19.0,1067.38,213066.0,80.0,264.35,0.0,1.0,1,38.78,14.0,11.0,264.19,7.0,2.0,1,1,2.0,2.995732273553991,6.973898761479911,0.2476625007026551,0,1.0,0.7084971619248305,0.8880963115208054,True
1802,처치,1,2.0,6.0,723.48,229.0,83.0,370.88,0.0,1.0,1,471.79,124.0,105.0,840.63,6.0,2.0,1,1,2.0,1.9459101490553132,6.585454156134709,0.5126333830928291,0,1.0,0.3850298569017104,-0.468252837145415,True
1808,처치,1,20.0,18.0,372.2,129.0,39.0,155.10999999999999,0.0,2.0,0,33.49,13.0,10.0,49.58,3.0,20.0,1,1,20.0,2.9444389791664403,5.922114468973189,0.41673831273508866,0,2.0,0.7105425722434766,0.898020632634249,True
1809,대조,0,4.0,7.0,179.97,105.0,44.0,100.94,0.0,1.0,0,64.6,31.0,31.0,95.64,3.0,4.0,1,1,4.0,2.0794415416798357,5.19833127167211,0.5608712563204978,0,1.0,0.31854212106502505,-0.76047972831144,True
1810,처치,1,1.0,50.0,818.37,94156.0,98.0,187.06,0.0,1.0,0,51.550000000000004,50.0,24.0,404.56,30.0,1.0,1,1,1.0,3.9318256327243257,6.708535752287294,0.22857631633613157,0,1.0,0.8002455266812174,1.387829609949939,True
1812,대조,0,3.0,24.0,568.84,24312.0,49.0,137.04,0.0,1.0,1,96.48,43.0,37.0,222.34,11.0,3.0,1,1,3.0,3.2188758248682006,6.345355619670099,0.24091132831727724,0,1.0,0.7677793376360922,1.195814320569951,True
1814,대조,0,36.0,7.0,345.89,99.0,49.0,194.85,0.0,1.0,1,194.48000000000002,71.0,57.0,454.65000000000003,7.0,36.0,1,1,36.0,2.0794415416798357,5.84900772680898,0.5633293821735234,0,1.0,0.4259071519729486,-0.2985697699841464,True
1815,대조,0,18.0,13.0,710.69,38422.0,110.0,319.83,0.0,0.0,1,196.93,116.0,53.0,502.04,13.0,18.0,1,1,18.0,2.6390573296152584,6.567642423342383,0.4500274381235137,0,0.0,0.4175793310745255,-0.3327184446889876,True
1818,대조,0,,0.0,0.0,0.0,0.0,0.0,0.0,1.0,0,0.0,0.0,0.0,4.0,1.0,90.0,0,1,90.0,0.0,0.0,0.0,0,1.0,0.15483169392656282,-1.6971971049821566,True
1822,처치,1,1.0,18.0,408.65000000000003,4027.0,71.0,160.71,0.0,1.0,1,100.46000000000001,49.0,39.0,187.18,12.0,1.0,1,1,1.0,2.9444389791664403,6.015303136587824,0.39327052489905784,0,1.0,0.6834091466361533,0.7694834667738014,True
1824,처치,1,3.0,18.0,445.41,183.0,87.0,273.61,0.0,1.0,0,176.6,85.0,57.0,270.07,15.0,3.0,1,1,3.0,2.9444389791664403,6.1012378122498845,0.6142879594081857,0,1.0,0.49538417557885606,-0.018463822212698038,True
1825,대조,0,8.0,10.0,333.61,19319.0,35.0,129.68,0.0,1.0,0,62.22,29.0,24.0,221.9,4.0,8.0,1,1,8.0,2.3978952727983707,5.812965674537693,0.3887173645873925,0,1.0,0.4266749776081927,-0.2954302383810346,True
1826,대조,0,1.0,16.0,140.6,136.0,33.0,75.6,0.0,1.0,0,89.21000000000001,66.0,43.0,148.07,6.0,1.0,1,1,1.0,2.833213344056216,4.953006181259619,0.5376955903271693,0,1.0,0.5190722873398975,0.07632618215034982,True
1828,처치,1,84.0,1.0,109.14,44.0,14.0,47.480000000000004,0.0,5.0,0,0.0,0.0,0.0,0.0,0.0,84.0,0,0,84.0,0.6931471805599453,4.7017522838343355,0.43503756642844055,0,5.0,0.6631719845116106,0.6774618997455667,True
1829,처치,1,2.0,59.0,1114.94,74713.0,133.0,432.92,0.0,1.0,1,175.96,71.0,50.0,393.13,15.0,2.0,1,1,2.0,4.0943445622221,7.017452378055091,0.3882899528225734,0,1.0,0.8659132654637461,1.8652978849739856,True
1831,처치,1,2.0,34.0,1040.7,110347.0,148.0,451.6,0.0,4.0,1,197.86,92.0,73.0,577.49,13.0,2.0,1,1,2.0,3.5553480614894135,6.948609272990403,0.4339386951090612,0,4.0,0.9627977135761656,3.2534731087443727,True
1832,대조,0,1.0,13.0,192.02,96.0,25.0,57.8,0.0,0.0,0,2.0,2.0,2.0,23.26,2.0,1.0,1,1,1.0,2.6390573296152584,5.26279381047899,0.30101031142589313,0,0.0,0.36554633809349485,-0.5513712024438563,True
1834,처치,1,3.0,38.0,870.55,69327.0,114.0,295.16,0.0,2.0,1,193.15,93.0,59.0,317.29,8.0,3.0,1,1,3.0,3.6635616461296463,6.770273235660874,0.33905002584572974,0,2.0,0.8970719648627948,2.165106031182155,True
1836,처치,1,8.0,12.0,231.57999999999998,17195.0,13.0,54.84,0.0,3.0,0,51.46,25.0,23.0,231.5,9.0,8.0,1,1,8.0,2.5649493574615367,5.4492342518648975,0.236808014509025,0,3.0,0.8056483422256875,1.4219781602305914,True
1839,대조,0,5.0,13.0,264.1,237.0,180.0,228.15,0.0,0.0,0,133.38,82.0,75.0,162.05,11.0,5.0,1,1,5.0,2.6390573296152584,5.5801071132949795,0.8638773191972737,0,0.0,0.22581389245244496,-1.2321011184155533,True
1840,대조,0,7.0,24.0,218.04,130.0,34.0,148.03,0.0,0.0,0,50.92,39.0,14.0,74.72,6.0,7.0,1,1,7.0,3.2188758248682006,5.3892543615401385,0.6789121262153733,0,0.0,0.4026337592264031,-0.3945030312185423,True
1841,대조,0,4.0,5.0,306.07,131.0,49.0,130.63,0.0,0.0,1,115.15,36.0,35.0,232.76,4.0,4.0,1,1,4.0,1.791759469228055,5.727075734625493,0.4267977913549188,0,0.0,0.24932752339266825,-1.102202053135522,True
1847,대조,0,1.0,12.0,395.95,163.0,54.0,213.68,0.0,1.0,1,50.8,24.0,18.0,126.98,6.0,1.0,1,1,1.0,2.5649493574615367,5.983810328171122,0.5396640990023993,0,1.0,0.5521251767073463,0.20926100888725463,True
1848,처치,1,6.0,8.0,856.0600000000001,39362.0,108.0,367.62,0.0,1.0,1,186.18,58.0,55.0,653.72,7.0,6.0,1,1,6.0,2.1972245773362196,6.753507927815689,0.429432516412401,0,1.0,0.4681300951601585,-0.12765268126267804,True
1849,처치,1,44.0,17.0,237.24,135.0,43.0,128.82,0.0,1.0,0,87.1,39.0,31.0,160.5,9.0,44.0,1,1,44.0,2.8903717578961645,5.473278568935699,0.5429944360141629,0,1.0,0.5216863429345555,0.08679982805552248,True
1850,대조,0,2.0,41.0,1154.38,123693.0,183.0,434.71,0.0,0.0,1,135.48,58.0,56.0,497.48,14.0,2.0,1,1,2.0,3.7376696182833684,7.052184573174842,0.37657443822658043,0,0.0,0.6982346971752341,0.838905716338589,True
1854,처치,1,1.0,32.0,1018.9300000000001,43948.0,119.0,329.78000000000003,0.0,1.0,0,174.48000000000002,84.0,72.0,569.78,18.0,1.0,1,1,1.0,3.4965075614664802,6.9274892764723655,0.3236532440893879,0,1.0,0.6903434565210897,0.8017254778065778,True
1858,대조,0,4.0,10.0,562.21,253.0,130.0,327.9,0.0,1.0,1,110.64,49.0,39.0,178.39,4.0,4.0,1,1,4.0,2.3978952727983707,6.33365256036802,0.5832340228740149,0,1.0,0.48715367233403917,-0.05139662184011715,True
1859,대조,0,6.0,3.0,107.17,34.0,18.0,73.28,0.0,1.0,0,72.56,21.0,20.0,167.4,3.0,6.0,1,1,6.0,1.3862943611198906,4.683704063642198,0.683773444060838,0,1.0,0.1725232555732147,-1.5678489611426831,True
1860,대조,0,1.0,11.0,107.56,51.0,33.0,88.34,0.0,0.0,0,43.4,31.0,26.0,52.49,6.0,1.0,1,1,1.0,2.4849066497880004,4.687303015526614,0.8213090368166605,0,0.0,0.22285151140268838,-1.249125755603172,True
1861,처치,1,1.0,16.0,144.91,91.0,27.0,61.08,0.0,4.0,1,218.12,96.0,79.0,367.63,24.0,1.0,1,1,1.0,2.833213344056216,4.982989993275931,0.4215030018632254,0,4.0,0.9385591809007712,2.7262714926258877,True
1862,처치,1,6.0,11.0,228.2,14070.0,45.0,104.53999999999999,0.0,3.0,0,53.24,26.0,25.0,85.53,2.0,6.0,1,1,6.0,2.4849066497880004,5.434594984840585,0.4581069237510955,0,3.0,0.7474161234731473,1.084878711749224,True
1872,처치,1,4.0,19.0,631.09,22154.0,92.0,248.3,0.0,3.0,0,249.73,138.0,62.0,641.78,19.0,4.0,1,1,4.0,2.995732273553991,6.44903178907151,0.39344625964600927,0,3.0,0.8294659381484671,1.5818469926489538,True
1873,처치,1,1.0,41.0,928.69,52681.0,136.0,451.44,0.0,4.0,1,114.03,56.0,50.0,477.8,25.0,1.0,1,1,1.0,3.7376696182833684,6.834851197246064,0.4861040820941326,0,4.0,0.9675518607592106,3.3951259271618444,True
1877,대조,0,6.0,12.0,369.67,138.0,47.0,146.94,0.0,0.0,0,82.0,26.0,18.0,165.65,4.0,6.0,1,1,6.0,2.5649493574615367,5.9153121789077385,0.3974896529336976,0,0.0,0.3083167800912872,-0.8080003148957122,True
1879,처치,1,1.0,42.0,939.5600000000001,547.0,124.0,302.49,0.0,1.0,1,68.39,43.0,36.0,320.42,16.0,1.0,1,1,1.0,3.7612001156935624,6.846475442559486,0.3219485716718464,0,1.0,0.8338071392307819,1.6128532018539143,True
1881,처치,1,2.0,20.0,422.97,31873.0,72.0,147.56,0.0,0.0,0,128.5,60.0,53.0,228.82,10.0,2.0,1,1,2.0,3.044522437723423,6.049662698011744,0.3488663498593281,0,0.0,0.43331504848603036,-0.26833845014342833,True
1887,처치,1,9.0,12.0,161.23,75.0,32.0,95.77,0.0,0.0,0,51.59,26.0,24.0,61.26,8.0,9.0,1,1,9.0,2.5649493574615367,5.089015081422308,0.5939961545618061,0,0.0,0.2799347798934713,-0.9447851443037553,True
1889,대조,0,18.0,5.0,331.48,163.0,59.0,186.66,0.0,1.0,0,7.28,3.0,3.0,32.63,1.0,18.0,1,1,18.0,1.791759469228055,5.8065797079108625,0.5631108965850127,0,1.0,0.24535278803772545,-1.1235532451371641,True
1890,대조,0,6.0,9.0,364.47,134.0,76.0,169.92000000000002,0.0,0.0,0,81.44,47.0,46.0,153.46,4.0,6.0,1,1,6.0,2.302585092994046,5.901184196477774,0.46621121079924277,0,0.0,0.23889698539124346,-1.1587362805765558,True
1895,대조,0,37.0,8.0,107.28,43.0,13.0,77.28999999999999,0.0,2.0,0,8.03,4.0,4.0,9.42,2.0,37.0,1,1,37.0,2.1972245773362196,4.684720464746101,0.7204511558538403,0,2.0,0.4770481055676562,-0.09187214373166284,True
1896,대조,0,5.0,18.0,739.5,14937.0,165.0,450.73,0.0,0.0,1,257.56,90.0,87.0,375.12,13.0,5.0,1,1,5.0,2.9444389791664403,6.607325633707854,0.6095064232589588,0,0.0,0.4485594863246306,-0.20649266344388903,True
1900,처치,1,7.0,11.0,1501.58,540.0,218.0,748.5500000000001,0.0,0.0,0,392.62,119.0,99.0,876.38,6.0,7.0,1,1,7.0,2.4849066497880004,7.314938909584265,0.498508237989318,0,0.0,0.2391646878083339,-1.157264539747408,True
1905,대조,0,8.0,13.0,332.4,126.0,63.0,207.64000000000001,0.0,2.0,0,19.85,7.0,6.0,31.72,3.0,8.0,1,1,8.0,2.6390573296152584,5.809342970316694,0.6246690734055356,0,2.0,0.5864352808680253,0.34924829630310705,True
1911,처치,1,9.0,21.0,264.44,20720.0,53.0,136.99,0.0,1.0,1,26.130000000000003,6.0,6.0,147.09,10.0,9.0,1,1,9.0,3.091042453358316,5.581388826442135,0.5180381182877023,0,1.0,0.6957957146863978,0.827356636984899,True
1912,처치,1,17.0,5.0,170.99,108.0,32.0,88.83,0.0,1.0,0,103.74000000000001,68.0,34.0,201.4,5.0,17.0,1,1,17.0,1.791759469228055,5.147436335588401,0.5195040645651792,0,1.0,0.26834448868774596,-1.00303822959118,True
1916,처치,1,4.0,25.0,302.11,156.0,68.0,194.72,0.0,4.0,0,287.34,147.0,95.0,481.37,17.0,4.0,1,1,4.0,3.258096538021482,5.714095775931265,0.6445334480818244,0,4.0,0.9096627526545685,2.3095240695225514,True
1918,처치,1,3.0,3.0,145.87,55.0,20.0,69.14,0.0,1.0,0,0.0,0.0,0.0,0.0,0.0,3.0,0,0,3.0,1.3862943611198906,4.989547841765771,0.47398368410228287,0,1.0,0.20423775815727419,-1.360015653713539,True
1919,대조,0,11.0,17.0,623.06,30778.0,130.0,312.42,0.0,4.0,1,137.15,72.0,45.0,300.56,5.0,11.0,1,1,11.0,2.8903717578961645,6.436246517593097,0.5014284338586975,0,4.0,0.926970637522187,2.5410603043300775,True
1920,처치,1,32.0,9.0,121.35,53.0,33.0,85.64,0.0,2.0,1,1.0,1.0,1.0,1.0,1.0,32.0,1,1,32.0,2.302585092994046,4.806885789888681,0.7057272352698806,0,2.0,0.6329999134180759,0.5451082013912844,True
1921,대조,0,1.0,23.0,386.79,24584.0,87.0,249.59,0.0,1.0,1,91.28,39.0,31.0,120.91,12.0,1.0,1,1,1.0,3.1780538303479458,5.960463955988194,0.6452855554693762,0,1.0,0.6744698687248932,0.7284719760676029,True
1922,처치,1,7.0,12.0,325.34,34955.0,29.0,56.47,0.0,1.0,0,211.03,109.0,98.0,450.15000000000003,11.0,7.0,1,1,7.0,2.5649493574615367,5.787939782662924,0.17357226286346591,0,1.0,0.5320877356315183,0.12852758330002978,True
1923,처치,1,2.0,27.0,886.84,107388.0,109.0,302.68,4.0,4.0,1,112.67,37.0,35.0,437.67,15.0,2.0,1,1,2.0,3.332204510175204,6.788791546577591,0.3413017004194669,1,4.0,0.9787747598935594,3.8311104998809333,True
1925,처치,1,4.0,14.0,509.41,209.0,103.0,297.5,0.0,0.0,0,78.41,26.0,20.0,104.83,5.0,4.0,1,1,4.0,2.70805020110221,6.235214324315139,0.5840089515321646,0,0.0,0.2872876470132927,-0.9085939387777758,True
1928,처치,1,6.0,20.0,370.68,20823.0,48.0,139.68,0.0,3.0,1,56.83,40.0,22.0,159.38,8.0,6.0,1,1,6.0,3.044522437723423,5.918033269022099,0.37682097766267403,0,3.0,0.9032773248658016,2.234181756823642,True
1932,대조,0,1.0,21.0,1062.82,100009.0,69.0,440.82,0.0,0.0,0,121.23,38.0,31.0,398.75,13.0,1.0,1,1,1.0,3.091042453358316,6.969621482657904,0.4147644944581397,0,0.0,0.4026056728251015,-0.39461980629861654,True
1933,대조,0,3.0,14.0,445.59000000000003,14384.0,62.0,203.56,0.0,1.0,0,82.47,36.0,27.0,214.71,9.0,3.0,1,1,3.0,2.70805020110221,6.101640947753665,0.45683251419466325,0,1.0,0.479172675051551,-0.08335753361412797,True
1935,처치,1,1.0,27.0,2007.76,189543.0,210.0,682.05,1.0,2.0,1,295.84,108.0,82.0,1215.16,14.0,1.0,1,1,1.0,3.332204510175204,7.605272895259617,0.3397069370841136,1,2.0,0.918003013734778,2.4155181798248857,True
1936,처치,1,2.0,65.0,946.39,60489.0,97.0,354.7,1.0,2.0,0,105.57,37.0,32.0,397.36,46.0,2.0,1,1,2.0,4.189654742026425,6.853710835230229,0.37479263305825294,1,2.0,0.9439433276586053,2.8237029449848854,True
1937,처치,1,2.0,33.0,1297.17,7021.0,317.0,685.44,6.0,2.0,1,324.51,183.0,157.0,605.11,11.0,2.0,1,1,2.0,3.5263605246161616,7.16871085941231,0.5284118504128218,1,2.0,0.9203782332122304,2.4474972010351483,True
1939,대조,0,2.0,12.0,693.04,30576.0,92.0,269.28000000000003,0.0,2.0,1,28.28,12.0,9.0,173.2,5.0,2.0,1,1,2.0,2.5649493574615367,6.542529595733471,0.3885490015006349,0,2.0,0.7287879101733558,0.9884816230533112,True
1940,처치,1,2.0,9.0,355.35,215.0,125.0,229.0,0.0,1.0,0,68.46000000000001,28.0,27.0,111.29,3.0,2.0,1,1,2.0,2.302585092994046,5.875913393947879,0.6444350640213873,0,1.0,0.33235613711001155,-0.6975477958598084,True
1941,처치,1,3.0,14.0,45.38,30.0,18.0,34.4,0.0,0.0,0,26.03,22.0,16.0,37.28,10.0,3.0,1,1,3.0,2.70805020110221,3.8368683318273855,0.758043190832966,0,0.0,0.2989541802325626,-0.8522829300544182,True
1942,처치,1,3.0,25.0,443.08,16261.0,33.0,149.28,0.0,0.0,0,27.98,10.0,10.0,171.21,6.0,3.0,1,1,3.0,3.258096538021482,6.0960047263819055,0.3369143269838404,0,0.0,0.4907763174088536,-0.03689891637654126,True
1946,대조,0,28.0,6.0,579.79,217.0,104.0,351.21,0.0,0.0,1,159.97,62.0,50.0,276.9,3.0,28.0,1,1,28.0,1.9459101490553132,6.364389245731507,0.6057538074130289,0,0.0,0.22990488323130975,-1.2088483632706577,True
1948,대조,0,3.0,25.0,478.35,249.0,120.0,291.71,0.0,0.0,1,50.16,33.0,31.0,126.84,10.0,3.0,1,1,3.0,3.258096538021482,6.172431019523006,0.6098254416222431,0,0.0,0.5413254412750728,0.1656797168223626,True
1949,대조,0,23.0,14.0,436.48,214.0,86.0,252.87,0.0,0.0,1,152.17000000000002,69.0,50.0,240.74,8.0,23.0,1,1,23.0,2.70805020110221,6.081030990467025,0.5793392595307918,0,0.0,0.41189839047900934,-0.35612304439569764,True
1950,대조,0,3.0,3.0,71.43,50.0,25.0,43.72,0.0,0.0,0,142.16,73.0,47.0,215.97,5.0,3.0,1,1,3.0,1.3862943611198906,4.282620578207235,0.612067758644827,0,0.0,0.10831587531629805,-2.1080602198059126,True
1953,처치,1,8.0,21.0,737.17,289.0,107.0,496.37,0.0,0.0,1,9.4,5.0,5.0,66.65,4.0,8.0,1,1,8.0,3.091042453358316,6.604174150376977,0.6733453613142152,0,0.0,0.4685113692016803,-0.1261214381457683,True
1954,처치,1,3.0,28.0,350.74,171.0,65.0,243.04,0.0,4.0,0,41.66,14.0,8.0,99.05,10.0,3.0,1,1,3.0,3.367295829986474,5.862892266308218,0.6929349375605861,0,4.0,0.9130339224947045,2.351254905996287,True
1957,대조,0,10.0,14.0,707.54,291.0,88.0,296.67,0.0,1.0,0,55.300000000000004,20.0,19.0,145.85,2.0,10.0,1,1,10.0,2.70805020110221,6.563206514841245,0.41929784888486876,0,1.0,0.4781351527713609,-0.08751520209386118,True
1959,처치,1,8.0,29.0,1528.63,146760.0,205.0,457.47,0.0,2.0,0,207.65,109.0,90.0,793.71,18.0,8.0,1,1,8.0,3.4011973816621555,7.332781155075517,0.2992679719749056,0,2.0,0.7947931300925519,1.3540632752554735,True
1961,대조,0,5.0,14.0,264.84,130.0,63.0,150.87,0.0,2.0,0,30.23,10.0,10.0,40.61,6.0,5.0,1,1,5.0,2.70805020110221,5.582894624046339,0.5696647032170368,0,2.0,0.6242809575559081,0.5077588829956955,True
1962,대조,0,1.0,27.0,703.49,45532.0,96.0,323.07,0.0,0.0,1,199.85,74.0,71.0,398.79,15.0,1.0,1,1,1.0,3.332204510175204,6.557474136773833,0.4592389372983269,0,0.0,0.5925044914350451,0.374328542767959,True
1963,대조,0,4.0,6.0,195.88,82.0,46.0,134.65,4.0,2.0,0,124.82000000000001,53.0,44.0,231.7,3.0,4.0,1,1,4.0,1.9459101490553132,5.282594406082801,0.6874106595875026,1,2.0,0.5736681991047535,0.29683326039957125,True
1964,대조,0,4.0,15.0,448.82,252.0,123.0,281.65,0.0,0.0,1,136.81,72.0,55.0,258.62,6.0,4.0,1,1,4.0,2.772588722239781,6.108847502743026,0.6275344235996613,0,0.0,0.41264310818613104,-0.35304955339903277,True
1965,처치,1,1.0,31.0,862.53,92290.0,111.0,275.35,1.0,4.0,1,90.05,41.0,37.0,207.29,8.0,1.0,1,1,1.0,3.4657359027997265,6.761028639310968,0.31923527297601245,1,4.0,0.9819820640038848,3.9982053374220525,True
1968,처치,1,4.0,15.0,373.81,183.0,63.0,189.06,0.0,1.0,0,43.11,25.0,17.0,106.42,3.0,4.0,1,1,4.0,2.772588722239781,5.926419230904816,0.5057649608089672,0,1.0,0.48664699412628715,-0.05342472694679937,True
1969,처치,1,2.0,41.0,394.78000000000003,241.0,118.0,232.95,0.0,1.0,0,130.03,73.0,65.0,186.17,21.0,2.0,1,1,2.0,3.7376696182833684,5.980858501320758,0.5900754850802978,0,1.0,0.7001107351564768,0.8478252262854526,True
1970,대조,0,10.0,12.0,92.07000000000001,71.0,14.0,42.69,0.0,0.0,0,46.26,29.0,18.0,133.23,8.0,10.0,1,1,10.0,2.5649493574615367,4.533351898197619,0.4636689475399152,0,0.0,0.32411263578528654,-0.734935344484292,True
1971,처치,1,11.0,14.0,196.05,11939.0,33.0,87.72,0.0,3.0,0,17.32,10.0,6.0,116.64,9.0,11.0,1,1,11.0,2.70805020110221,5.283457503641013,0.44743687834736035,0,3.0,0.793663777799333,1.3471529330210743,True
1972,처치,1,9.0,10.0,235.88,139.0,43.0,102.99,0.0,1.0,0,34.870000000000005,13.0,10.0,58.370000000000005,2.0,9.0,1,1,9.0,2.3978952727983707,5.467553683793335,0.4366203154146176,0,1.0,0.42231695058912655,-0.3132692609763033,True
1974,처치,1,2.0,37.0,916.41,49740.0,127.0,335.93,0.0,3.0,0,34.92,13.0,11.0,89.75,3.0,2.0,1,1,2.0,3.6375861597263857,6.8215544824742755,0.36657173099376916,0,3.0,0.903827983301966,2.240500629686794,True
1978,처치,1,3.0,6.0,132.96,64.0,28.0,63.38,0.0,4.0,0,32.95,15.0,11.0,80.16,5.0,3.0,1,1,3.0,1.9459101490553132,4.897541247926004,0.4766847172081829,0,4.0,0.772736050559329,1.2238254143118779,True
1979,처치,1,4.0,13.0,130.56,10729.0,32.0,57.63,0.0,1.0,1,34.67,21.0,17.0,57.46,6.0,4.0,1,1,4.0,2.6390573296152584,4.8794630213208565,0.44140625,0,1.0,0.6268497353012689,0.5187256623539376,True
1980,대조,0,1.0,12.0,774.1800000000001,27941.0,92.0,329.6,0.0,0.0,1,59.72,25.0,18.0,132.81,2.0,1.0,1,1,1.0,2.5649493574615367,6.653095260450135,0.42574078379704977,0,0.0,0.40224214118573687,-0.39613150503586336,True
1981,대조,0,5.0,8.0,127.83,57.0,34.0,102.48,0.0,1.0,0,57.44,24.0,19.0,94.1,8.0,5.0,1,1,5.0,2.1972245773362196,4.858493705803434,0.8016897441915044,0,1.0,0.29351720700893585,-0.8783625820462401,True
1982,처치,1,86.0,4.0,66.48,12082.0,6.0,13.83,0.0,1.0,1,77.21,60.0,44.0,162.65,4.0,86.0,1,1,86.0,1.6094379124341003,4.211831257677767,0.20803249097472923,0,1.0,0.45298725469679907,-0.1886081127619405,True
1987,대조,0,9.0,10.0,450.43,293.0,113.0,242.95,0.0,0.0,0,97.94,45.0,37.0,174.97,5.0,9.0,1,1,9.0,2.3978952727983707,6.112420322077599,0.5393734875563351,0,0.0,0.2376755150234932,-1.1654659371818414,True
1988,대조,0,4.0,27.0,1057.18,43690.0,126.0,703.72,0.0,1.0,0,155.98,45.0,33.0,242.82,6.0,4.0,1,1,4.0,3.332204510175204,6.964305730272524,0.66565769310808,0,1.0,0.558218259906303,0.23393407326384663,True
1989,대조,0,3.0,27.0,516.07,35298.0,114.0,246.42,0.0,1.0,1,116.66,83.0,66.0,203.43,10.0,3.0,1,1,3.0,3.332204510175204,6.248178261861523,0.47749336330342773,0,1.0,0.7411349787153211,1.0518759937070499,True
1990,처치,1,2.0,23.0,740.13,70217.0,141.0,333.21,1.0,1.0,1,308.64,141.0,110.0,644.45,10.0,2.0,1,1,2.0,3.1780538303479458,6.608176048505027,0.4502046937700134,1,1.0,0.8278020985990704,1.570129709530817,True
1993,처치,1,15.0,11.0,234.31,18432.0,43.0,83.85,0.0,0.0,0,2.0,2.0,2.0,20.75,2.0,15.0,1,1,15.0,2.4849066497880004,5.460903793767789,0.3578592462976399,0,0.0,0.31123546248233963,-0.794349727543986,True
1995,처치,1,4.0,24.0,2455.58,850.0,397.0,1345.68,0.0,5.0,1,747.26,319.0,246.0,1561.6100000000001,14.0,4.0,1,1,4.0,3.2188758248682006,7.806525417738302,0.5480090243445541,0,5.0,0.9659533013207697,3.345382417919559,True
1996,처치,1,1.0,22.0,472.36,148.0,54.0,139.22,0.0,0.0,0,18.63,6.0,6.0,60.949999999999996,6.0,1.0,1,1,1.0,3.1354942159291497,6.159856198368439,0.2947328308916928,0,0.0,0.46918450052422117,-0.12341841985201014,True
1997,처치,1,13.0,9.0,562.35,16973.0,80.0,228.53,0.0,0.0,1,202.09,110.0,77.0,471.14,7.0,13.0,1,1,13.0,2.302585092994046,6.333901104610175,0.4063839246021161,0,0.0,0.3522365605965532,-0.6092225700268464,True
1998,처치,1,2.0,52.0,426.28,345.0,124.0,213.05,0.0,3.0,0,91.37,72.0,66.0,166.93,25.0,2.0,1,1,2.0,3.970291913552122,6.057439536031515,0.4997888711644929,0,3.0,0.9252135878373732,2.515388403728721,True
2002,대조,0,2.0,8.0,247.77,5772.0,50.0,146.99,0.0,1.0,1,116.52,62.0,44.0,242.79,3.0,2.0,1,1,2.0,2.1972245773362196,5.516528774816684,0.5932518061105058,0,1.0,0.4539068651722973,-0.18489750360149343,True
2006,처치,1,9.0,9.0,271.41,173.0,61.0,136.01,0.0,3.0,1,140.93,75.0,56.0,389.02,10.0,9.0,1,1,9.0,2.302585092994046,5.607308284321065,0.5011237610994436,0,3.0,0.794596605193408,1.3528587458840935,True
2008,대조,0,21.0,10.0,253.24,75.0,31.0,123.48,0.0,1.0,0,112.08,37.0,23.0,251.21,9.0,21.0,1,1,21.0,2.3978952727983707,5.538278702788406,0.4876006949928921,0,1.0,0.40710234597286293,-0.37595717579133153,True
2009,대조,0,,0.0,0.0,0.0,0.0,0.0,0.0,1.0,0,0.0,0.0,0.0,0.0,0.0,90.0,0,0,90.0,0.0,0.0,0.0,0,1.0,0.15483169392656282,-1.6971971049821566,True
2011,처치,1,6.0,16.0,278.22,145.0,47.0,163.32,0.0,1.0,1,80.2,32.0,26.0,154.37,7.0,6.0,1,1,6.0,2.833213344056216,5.632000001560502,0.5870174681906404,0,1.0,0.6161447274467731,0.4732162959390657,True
2012,처치,1,3.0,67.0,1751.5,124098.0,222.0,650.78,0.0,3.0,1,266.01,108.0,85.0,661.51,28.0,3.0,1,1,3.0,4.219507705176107,7.468798618908745,0.3715558093063089,0,3.0,0.9643074289841115,3.2964675811663713,True
2013,대조,0,3.0,19.0,146.82,63.0,36.0,79.42,0.0,2.0,1,51.59,24.0,23.0,74.14,13.0,3.0,1,1,3.0,2.995732273553991,4.995995317356741,0.5409344775916088,0,2.0,0.8065164489387138,1.4275317913962702,True
2014,대조,0,15.0,2.0,18.759999999999998,16.0,3.0,9.47,0.0,1.0,0,19.03,13.0,10.0,33.21,3.0,15.0,1,1,15.0,1.0986122886681098,2.983659692319722,0.5047974413646056,0,1.0,0.18595425625680045,-1.4765158513050805,True
2016,처치,1,16.0,9.0,124.32,86.0,34.0,75.9,0.0,1.0,0,5.99,4.0,3.0,9.66,3.0,16.0,1,1,16.0,2.302585092994046,4.830870466083991,0.6105212355212356,0,1.0,0.36763387914279305,-0.5423809822681638,True
2018,대조,0,2.0,30.0,550.21,353.0,104.0,277.36,0.0,2.0,1,219.39000000000001,79.0,70.0,483.58,25.0,2.0,1,1,2.0,3.4339872044851463,6.312115861770004,0.5040984351429454,0,2.0,0.8563003667248191,1.7848959692339177,True
2020,처치,1,3.0,32.0,1065.72,487.0,147.0,480.46000000000004,0.0,1.0,1,452.03000000000003,164.0,133.0,952.03,24.0,3.0,1,1,3.0,3.4965075614664802,6.97234379886975,0.45083136283451564,0,1.0,0.7642346670655472,1.1760379394917104,True
2021,대조,0,3.0,7.0,197.21,87.0,25.0,102.92999999999999,0.0,1.0,0,20.86,7.0,7.0,30.41,4.0,3.0,1,1,3.0,2.0794415416798357,5.289327074709904,0.5219309365650828,0,1.0,0.32613875449424345,-0.7257013044205394,True
2024,대조,0,17.0,5.0,170.54,9205.0,23.0,103.35,0.0,4.0,1,99.25,30.0,26.0,160.22,4.0,17.0,1,1,17.0,1.791759469228055,5.144816475562275,0.6060161838864783,0,4.0,0.8048775761232742,1.4170630101804054,True
2027,처치,1,1.0,31.0,540.36,285.0,112.0,326.79,0.0,2.0,0,158.71,88.0,62.0,301.45,17.0,1.0,1,1,1.0,3.4657359027997265,6.29408449192397,0.604763491005996,0,2.0,0.7647295114873959,1.178786324365868,True
2029,대조,0,3.0,14.0,640.13,175.0,81.0,332.23,0.0,0.0,0,103.14,36.0,29.0,157.46,2.0,3.0,1,1,3.0,2.70805020110221,6.463232244470209,0.5190039523221845,0,0.0,0.29765458398919165,-0.8584916285276798,True
2030,대조,0,7.0,9.0,301.76,17863.0,49.0,107.72,0.0,3.0,1,163.84,81.0,66.0,294.89,14.0,7.0,1,1,7.0,2.302585092994046,5.712940412440966,0.35697242841993637,0,3.0,0.8185986024906196,1.50688161519019,True
2032,대조,0,19.0,6.0,77.12,4917.0,7.0,16.11,0.0,1.0,0,6.8,4.0,2.0,6.8,1.0,19.0,1,1,19.0,1.9459101490553132,4.358246106008478,0.20889522821576761,0,1.0,0.4013452358173218,-0.39986308422860667,True
2033,대조,0,4.0,23.0,700.02,65234.0,55.0,173.49,0.0,0.0,0,36.980000000000004,9.0,9.0,192.89,14.0,4.0,1,1,4.0,3.1780538303479458,6.552536417298069,0.24783577612068228,0,0.0,0.483430557454288,-0.06630204794834757,True
2034,대조,0,4.0,23.0,546.07,37349.0,125.0,292.23,0.0,1.0,0,169.43,121.0,91.0,279.4,17.0,4.0,1,1,4.0,3.1780538303479458,6.304576764983967,0.5351511710952808,0,1.0,0.573062652814479,0.2943577779126615,True
2035,대조,0,5.0,5.0,57.12,43.0,15.0,32.08,0.0,1.0,0,2.84,2.0,2.0,5.3100000000000005,2.0,5.0,1,1,5.0,1.791759469228055,4.062509838702082,0.561624649859944,0,1.0,0.2811295134966495,-0.9388657461843231,True
2037,처치,1,31.0,5.0,98.21000000000001,54.0,13.0,36.55,0.0,2.0,0,39.89,11.0,10.0,47.04,3.0,31.0,1,1,31.0,1.791759469228055,4.597238815661811,0.37216169432847973,0,2.0,0.4736526161001092,-0.10548724483463987,True
2039,대조,0,,0.0,0.0,0.0,0.0,0.0,0.0,1.0,0,0.0,0.0,0.0,0.0,0.0,90.0,0,0,90.0,0.0,0.0,0.0,0,1.0,0.15483169392656282,-1.6971971049821566,True
2041,처치,1,2.0,31.0,1442.59,49906.0,164.0,645.67,1.0,1.0,1,289.25,98.0,87.0,637.54,21.0,2.0,1,1,2.0,3.4657359027997265,7.274888345618013,0.44757692760936924,1,1.0,0.8582983960980473,1.8012283543960985,True
2043,대조,0,2.0,10.0,329.96,123.0,44.0,154.61,0.0,0.0,0,35.11,22.0,17.0,106.53,6.0,2.0,1,1,2.0,2.3978952727983707,5.801997522153156,0.4685719481149231,0,0.0,0.25868913815258515,-1.0527929519437658,True
2044,처치,1,12.0,4.0,48.35,24.0,11.0,22.8,0.0,1.0,0,12.39,8.0,8.0,37.29,3.0,12.0,1,1,12.0,1.6094379124341003,3.8989377658794906,0.47156153050672184,0,1.0,0.26788187490160953,-1.005395755974528,True
2046,대조,0,3.0,7.0,43.95,26.0,11.0,27.2,0.0,1.0,0,0.0,0.0,0.0,5.08,2.0,3.0,0,1,3.0,2.0794415416798357,3.8055507609176296,0.6188850967007963,0,1.0,0.33663075569560197,-0.6783451155001156,True
2047,처치,1,5.0,23.0,746.72,93022.0,71.0,291.55,0.0,3.0,0,86.49000000000001,28.0,17.0,114.31,3.0,5.0,1,1,5.0,3.1780538303479458,6.617028576344131,0.3904408613670452,0,3.0,0.8528860060984584,1.757418144778998,True
2050,처치,1,4.0,16.0,420.82,36803.0,64.0,179.48,0.0,3.0,1,111.58,68.0,46.0,261.38,11.0,4.0,1,1,4.0,2.833213344056216,6.044578682757469,0.4265006416044865,0,3.0,0.8746650791878487,1.9428515257453367,True
2051,처치,1,42.0,1.0,6.74,4.0,3.0,3.25,0.0,4.0,0,0.0,0.0,0.0,0.0,0.0,42.0,0,0,42.0,0.6931471805599453,2.046401687601636,0.4821958456973294,0,4.0,0.557326153062619,0.23031735990490598,True
2053,처치,1,9.0,24.0,511.89,10231.0,77.0,202.89000000000001,0.0,1.0,1,84.61,35.0,30.0,222.57,11.0,9.0,1,1,9.0,3.2188758248682006,6.240061397227186,0.39635468557697945,0,1.0,0.7369058087909686,1.0299479709420782,True
2056,대조,0,13.0,15.0,522.85,211.0,82.0,294.29,0.0,0.0,0,180.05,78.0,61.0,275.92,15.0,13.0,1,1,13.0,2.772588722239781,6.261205383798974,0.5628574160849192,0,0.0,0.30636674894782234,-0.8171604538604341,True
2057,처치,1,3.0,17.0,358.94,21389.0,54.0,172.8,0.0,1.0,1,192.32999999999998,109.0,72.0,440.36,10.0,3.0,1,1,3.0,2.8903717578961645,5.885937350893057,0.48141750710425146,0,1.0,0.6516233332456974,0.6261824150832612,True
2058,처치,1,1.0,26.0,797.39,261.0,132.0,446.82,0.0,4.0,1,180.61,64.0,55.0,372.27,10.0,1.0,1,1,1.0,3.295836866004329,6.682597199868715,0.5603531521589185,0,4.0,0.9461390326017161,2.8659834786049467,True
2059,대조,0,67.0,2.0,91.45,31.0,19.0,72.06,0.0,1.0,0,123.59,58.0,38.0,215.11,5.0,67.0,1,1,67.0,1.0986122886681098,4.5266679578331335,0.7879715691634773,0,1.0,0.12430224068535456,-1.9523049830035912,True
2063,대조,0,2.0,10.0,323.09000000000003,197.0,101.0,244.97,0.0,2.0,1,171.84,65.0,56.0,214.33,6.0,2.0,1,1,2.0,2.3978952727983707,5.781021254997003,0.7582097867467268,0,2.0,0.6155314982744764,0.4706242539154008,True
2064,처치,1,1.0,50.0,1144.03,395.0,173.0,478.39,0.0,1.0,1,253.55,98.0,95.0,529.79,24.0,1.0,1,1,1.0,3.9318256327243257,7.0431861165184655,0.4181621111334493,0,1.0,0.8400581911197121,1.65866110999772,True
2065,대조,0,1.0,13.0,676.67,255.0,118.0,425.48,0.0,0.0,0,196.88,67.0,58.0,271.88,9.0,1.0,1,1,1.0,2.6390573296152584,6.518660443787294,0.6287850798764538,0,0.0,0.2566938776745745,-1.0632237309047654,True
2066,처치,1,2.0,15.0,117.02,40.0,11.0,24.669999999999998,0.0,3.0,0,130.45,20.0,13.0,173.72,11.0,2.0,1,1,2.0,2.772588722239781,4.7708541016290225,0.21081866347632883,0,3.0,0.8505542939093549,1.7389550905279876,True
2068,처치,1,8.0,18.0,433.53000000000003,267.0,135.0,268.64,0.0,1.0,1,119.11,74.0,69.0,198.26,8.0,8.0,1,1,8.0,2.9444389791664403,6.07426498720113,0.6196572324867944,0,1.0,0.6235522860880832,0.5046534570825435,True
2069,처치,1,3.0,14.0,261.71,131.0,49.0,141.43,0.0,2.0,1,122.18,47.0,37.0,228.29,13.0,3.0,1,1,3.0,2.70805020110221,5.571050762202242,0.5404073210805854,0,2.0,0.7440317236880521,1.0670301571454117,True
2070,처치,1,1.0,101.0,1668.94,18542.0,270.0,916.47,0.0,2.0,1,385.9,145.0,84.0,734.59,62.0,1.0,1,1,1.0,4.624972813284271,7.420542976621657,0.5491329826117176,0,2.0,0.9455211299128359,2.8539233140510785,True
2071,처치,1,2.0,42.0,337.59,163.0,48.0,152.35,0.0,0.0,0,57.36,27.0,24.0,126.71000000000001,17.0,2.0,1,1,2.0,3.7612001156935624,5.824789935890205,0.45128706419029,0,0.0,0.5948315672159521,0.3839754210931094,True
2074,대조,0,3.0,6.0,79.72,3610.0,7.0,33.519999999999996,0.0,1.0,0,0.0,0.0,0.0,0.0,0.0,3.0,0,0,3.0,1.9459101490553132,4.390986376045354,0.420471650777722,0,1.0,0.34260998466455533,-0.6516847437417135,True
2075,대조,0,2.0,51.0,1425.69,87713.0,235.0,701.26,0.0,0.0,0,227.56,84.0,71.0,478.5,17.0,2.0,1,1,2.0,3.9512437185814275,7.263112354914176,0.4918741100800314,0,0.0,0.5941176080613852,0.38101385052410497,True
2076,처치,1,1.0,19.0,592.52,52245.0,115.0,282.17,0.0,7.0,1,96.69,57.0,46.0,200.31,11.0,1.0,1,1,1.0,2.995732273553991,6.38607091188127,0.4762202119759671,0,6.0,0.9822214209959069,4.011822456704721,True
2078,처치,1,54.0,1.0,9.98,5.0,2.0,7.99,0.0,4.0,0,0.0,0.0,0.0,0.0,0.0,54.0,0,0,54.0,0.6931471805599453,2.3960754360813845,0.8006012024048096,0,4.0,0.457578996138138,-0.17009292084617153,True
2081,대조,0,10.0,4.0,85.28,42.0,10.0,34.08,0.0,1.0,0,38.11,14.0,12.0,70.68,2.0,10.0,1,1,10.0,1.6094379124341003,4.457597821520956,0.399624765478424,0,1.0,0.27229003957725084,-0.9830347426454826,True
2082,처치,1,4.0,24.0,651.9,67090.0,114.0,329.32,2.0,2.0,1,156.33,54.0,49.0,307.19,14.0,4.0,1,1,4.0,3.2188758248682006,6.481423978192588,0.5051695045252339,1,2.0,0.9027676501498288,2.228361738019655,True
2083,처치,1,1.0,47.0,962.22,44333.0,154.0,497.16,0.0,2.0,0,234.65,85.0,73.0,585.62,35.0,1.0,1,1,1.0,3.871201010907891,6.870281838458586,0.5166801770904783,0,2.0,0.8376129501034697,1.6405734378692605,True
2084,처치,1,2.0,22.0,580.66,292.0,152.0,399.79,0.0,1.0,1,151.44,102.0,92.0,304.17,13.0,2.0,1,1,2.0,3.1354942159291497,6.365886084584685,0.6885096269761996,0,1.0,0.6436568275755973,0.5912714736218195,True
2088,처치,1,9.0,12.0,598.24,432.0,122.0,324.65,0.0,4.0,1,341.28000000000003,286.0,142.0,628.98,13.0,9.0,1,1,9.0,2.5649493574615367,6.395662185649181,0.5426751805295533,0,4.0,0.8964642185296117,2.158541112194828,True
2092,처치,1,34.0,18.0,242.71,29813.0,16.0,24.02,0.0,1.0,1,0.0,0.0,0.0,0.0,0.0,34.0,0,0,34.0,2.9444389791664403,5.495978993847555,0.0989658440113716,0,1.0,0.7638180130130432,1.1737269187719095,True
2094,대조,0,15.0,13.0,523.13,247.0,95.0,337.26,0.0,0.0,1,100.26,60.0,34.0,163.45,7.0,15.0,1,1,15.0,2.6390573296152584,6.261739745154463,0.6446963469883203,0,0.0,0.371701019211458,-0.5249263179078211,True
2095,처치,1,1.0,19.0,472.0,10543.0,101.0,247.14000000000001,0.0,4.0,0,117.74000000000001,58.0,54.0,306.06,18.0,1.0,1,1,1.0,2.995732273553991,6.159095388491933,0.5236016949152543,0,4.0,0.8935017922365238,2.12702018396224,True
2099,대조,0,4.0,18.0,299.44,31699.0,24.0,55.34,0.0,0.0,0,5.76,4.0,3.0,27.16,4.0,4.0,1,1,4.0,2.9444389791664403,5.705248066817811,0.18481164841036604,0,0.0,0.46351659020756003,-0.14619346086555063,True
2100,처치,1,4.0,16.0,490.01,10484.0,127.0,298.13,0.0,1.0,1,204.85,96.0,71.0,314.33,6.0,4.0,1,1,4.0,2.833213344056216,6.196464494185903,0.6084161547723516,0,1.0,0.5956844288592832,0.3875153553274198,True
2102,대조,0,10.0,14.0,652.8100000000001,225.0,118.0,430.35,0.0,1.0,1,216.99,67.0,58.0,335.14,9.0,10.0,1,1,10.0,2.70805020110221,6.482816789370448,0.6592270338996032,0,1.0,0.5423556808101047,0.16982973711457489,True
2107,처치,1,6.0,16.0,766.38,363.0,163.0,505.68,0.0,2.0,1,144.69,82.0,51.0,215.52,6.0,6.0,1,1,6.0,2.833213344056216,6.642982115445606,0.6598293274876693,0,2.0,0.7202939950532001,0.9459203859115326,True
2108,대조,0,1.0,26.0,554.94,3623.0,97.0,266.61,0.0,1.0,0,118.78,57.0,31.0,145.92,6.0,1.0,1,1,1.0,3.295836866004329,6.320660374758419,0.4804303167910044,0,1.0,0.6171227142129659,0.4773533574474782,True
2111,처치,1,2.0,10.0,203.92000000000002,132.0,35.0,153.47,0.0,4.0,1,130.07,101.0,40.0,171.23,7.0,2.0,1,1,2.0,2.3978952727983707,5.322619659071002,0.7525990584542958,0,4.0,0.8648126015371805,1.8558508852101654,True
2112,처치,1,12.0,20.0,906.6,424.0,189.0,569.14,0.0,3.0,1,191.58,79.0,58.0,321.92,9.0,12.0,1,1,12.0,3.044522437723423,6.810803752905687,0.627774101036841,0,3.0,0.864296842526629,1.851446442924674,True
2114,처치,1,8.0,22.0,464.87,13662.0,118.0,295.69,0.0,3.0,0,154.76,83.0,72.0,254.38,11.0,8.0,1,1,8.0,3.1354942159291497,6.143906625249207,0.6360702992234388,0,3.0,0.8148657477266665,1.4819421230980827,True
2117,처치,1,20.0,9.0,185.21,120.0,78.0,121.01,0.0,2.0,0,4.41,3.0,3.0,9.69,1.0,20.0,1,1,20.0,2.302585092994046,5.226875069093671,0.6533664488958479,0,2.0,0.5079728220746941,0.03189399164211526,True
2121,처치,1,2.0,20.0,642.74,58611.0,94.0,249.17000000000002,0.0,3.0,1,231.52,90.0,85.0,589.21,10.0,2.0,1,1,2.0,3.044522437723423,6.46729491787671,0.3876684195786788,0,3.0,0.8967533149108029,2.161659687336449,True
2123,처치,1,10.0,9.0,642.42,261.0,110.0,327.66,0.0,1.0,1,141.4,67.0,58.0,313.27,4.0,10.0,1,1,10.0,2.302585092994046,6.466797699183474,0.5100401606425704,0,1.0,0.4802989121034456,-0.07884517169594062,True
2128,처치,1,3.0,6.0,66.67,24.0,9.0,56.93,0.0,0.0,0,4.0,6.0,3.0,8.0,2.0,3.0,1,1,3.0,1.9459101490553132,4.2146429502441345,0.8539073046347683,0,0.0,0.1422706977459288,-1.796556986139903,True
2130,처치,1,3.0,17.0,707.69,304.0,97.0,354.13,0.0,1.0,1,388.79,121.0,96.0,809.76,11.0,3.0,1,1,3.0,2.8903717578961645,6.563418195373777,0.5004027187045175,0,1.0,0.6298905822352355,0.5317474397007547,True
2137,처치,1,5.0,19.0,371.32,211.0,79.0,224.99,0.0,2.0,0,192.31,102.0,79.0,356.98,24.0,5.0,1,1,5.0,2.995732273553991,5.919753699553982,0.6059194226004525,0,2.0,0.6746818168285765,0.7294374687206716,True
2144,대조,0,2.0,11.0,363.78,141.0,63.0,231.12,0.0,0.0,0,62.69,24.0,21.0,197.11,7.0,2.0,1,1,2.0,2.4849066497880004,5.899294432135852,0.6353290450272143,0,0.0,0.23783467340730274,-1.1645877134442268,True
2145,대조,0,11.0,4.0,58.6,26.0,10.0,36.86,0.0,1.0,0,34.24,6.0,4.0,70.36,2.0,11.0,1,1,11.0,1.6094379124341003,4.087655574071304,0.6290102389078498,0,1.0,0.23020508828304928,-1.207153531158519,True
2146,대조,0,9.0,6.0,199.45000000000002,78.0,15.0,46.96,0.0,2.0,0,23.78,9.0,9.0,46.34,2.0,9.0,1,1,9.0,1.9459101490553132,5.300564839088516,0.2354474805715718,0,2.0,0.532571177784301,0.1304694706592721,True
2148,처치,1,2.0,20.0,469.44,303.0,95.0,194.97,0.0,3.0,1,66.62,33.0,32.0,180.93,6.0,2.0,1,1,2.0,3.044522437723423,6.1536684269828354,0.4153246421267894,0,3.0,0.8969165486866809,2.1634239568221636,True
2149,처치,1,4.0,18.0,703.76,52003.0,76.0,501.16,0.0,2.0,0,287.9,99.0,59.0,392.49,10.0,4.0,1,1,4.0,2.9444389791664403,6.557857319322428,0.7121177674207116,0,2.0,0.6189585507903151,0.48513014908999985,True
2158,대조,0,16.0,14.0,355.21,22322.0,89.0,159.93,0.0,0.0,1,41.35,21.0,20.0,198.14,9.0,16.0,1,1,16.0,2.70805020110221,5.875520444577156,0.45024070268292,0,0.0,0.45324129991322326,-0.1875829172431228,True
2159,대조,0,10.0,24.0,378.04,17128.0,48.0,174.96,0.0,1.0,0,101.39,36.0,24.0,144.79,6.0,10.0,1,1,10.0,3.2188758248682006,5.937641740410475,0.4628081684477833,0,1.0,0.6133059010801326,0.46122989603667347,True
2161,대조,0,,0.0,0.0,0.0,0.0,0.0,0.0,1.0,0,0.0,0.0,0.0,0.0,0.0,90.0,0,0,90.0,0.0,0.0,0.0,0,1.0,0.15483169392656282,-1.6971971049821566,True
2162,처치,1,2.0,23.0,1784.51,102582.0,121.0,384.49,0.0,4.0,1,247.1,84.0,73.0,1258.98,17.0,2.0,1,1,2.0,3.1780538303479458,7.4874593676909,0.21545970602574377,0,4.0,0.9549740355472514,3.054444840986798,True
2168,처치,1,1.0,31.0,769.54,462.0,222.0,431.34000000000003,1.0,3.0,1,132.9,70.0,66.0,248.32,13.0,1.0,1,1,1.0,3.4657359027997265,6.647091567754004,0.5605166722977364,1,3.0,0.9555464898787354,3.067839490824579,True
2171,처치,1,4.0,20.0,579.54,13574.0,91.0,260.23,0.0,3.0,0,272.57,108.0,89.0,513.57,11.0,4.0,1,1,4.0,3.044522437723423,6.363958704879447,0.4490285398764538,0,3.0,0.8288890309653667,1.577773999513478,True
2173,대조,0,2.0,23.0,672.63,10552.0,136.0,404.2,0.0,0.0,1,217.66,83.0,61.0,416.45,10.0,2.0,1,1,2.0,3.1780538303479458,6.512680998753485,0.600924728305309,0,0.0,0.5139574983758577,0.055844502073286055,True
2176,처치,1,23.0,9.0,153.86,76.0,38.0,74.22,0.0,1.0,0,6.46,6.0,4.0,47.93,3.0,23.0,1,1,23.0,2.302585092994046,5.042521482958578,0.4823865852073313,0,1.0,0.3976004748742719,-0.41547321904797263,True
2179,대조,0,36.0,5.0,97.97,3623.0,16.0,40.68,0.0,1.0,1,10.0,5.0,5.0,102.14,3.0,36.0,1,1,36.0,1.791759469228055,4.5948167739086,0.4152291517811575,0,1.0,0.42721471384328263,-0.29322419817103856,True
2181,대조,0,73.0,1.0,20.79,3.0,3.0,20.79,0.0,1.0,1,155.47,57.0,52.0,353.77,10.0,73.0,1,1,73.0,0.6931471805599453,3.0814511489565284,1.0,0,1.0,0.12598215091666284,-1.936960560213877,True
2182,처치,1,56.0,4.0,41.64,27.0,8.0,19.689999999999998,0.0,3.0,1,46.55,20.0,16.0,104.16,7.0,56.0,1,1,56.0,1.6094379124341003,3.752792779857589,0.47286263208453405,0,3.0,0.706084715481979,0.876443645976911,True
2183,처치,1,5.0,36.0,952.5500000000001,88644.0,131.0,432.16,0.0,2.0,1,282.96,127.0,94.0,602.33,26.0,5.0,1,1,5.0,3.6109179126442243,6.860191862050527,0.4536874704739909,0,2.0,0.8775359752737388,1.969300640812961,True
2185,처치,1,1.0,10.0,647.9,8849.0,99.0,404.93,0.0,8.0,1,271.67,63.0,56.0,505.57,8.0,1.0,1,1,1.0,2.3978952727983707,6.4752786216271225,0.6249884241395277,0,6.0,0.9611572938962579,3.2086177587781064,True
2186,대조,0,2.0,29.0,934.0,352.0,141.0,529.46,0.0,1.0,1,235.33,57.0,48.0,520.66,17.0,2.0,1,1,2.0,3.4011973816621555,6.840546529288687,0.5668736616702356,0,1.0,0.7225319539451976,0.9570558687181445,True
2187,대조,0,16.0,4.0,264.90999999999997,120.0,50.0,228.93,0.0,1.0,0,0.0,0.0,0.0,0.0,0.0,16.0,0,0,16.0,1.6094379124341003,5.583157905665161,0.8641802876448607,0,1.0,0.16292944450507307,-1.6365911113291052,True
2198,처치,1,1.0,66.0,1120.97,35537.0,166.0,344.40000000000003,0.0,0.0,1,224.79,135.0,108.0,921.76,41.0,1.0,1,1,1.0,4.204692619390966,7.022841347757262,0.30723391348564194,0,0.0,0.803415603091326,1.4077803031523757,True
2204,처치,1,1.0,28.0,386.98,12337.0,83.0,188.18,0.0,0.0,0,95.8,52.0,44.0,194.4,9.0,1.0,1,1,1.0,3.367295829986474,5.96095379190296,0.4862783606387927,0,0.0,0.47969214063068205,-0.08127614919148275,True
2205,처치,1,11.0,4.0,59.410000000000004,36.0,24.0,46.26,0.0,2.0,0,6.93,3.0,2.0,19.12,1.0,11.0,1,1,11.0,1.6094379124341003,4.10115465415065,0.7786567917858945,0,2.0,0.3282674540766553,-0.716031579274076,True
2209,처치,1,2.0,33.0,609.21,78230.0,91.0,244.07,0.0,2.0,1,180.56,77.0,66.0,474.26,27.0,2.0,1,1,2.0,3.5263605246161616,6.413803160217772,0.4006336074588401,0,2.0,0.8796659239578477,1.9892703617865781,True
2211,처치,1,16.0,11.0,246.4,12155.0,42.0,108.27,0.0,0.0,0,65.28,35.0,28.0,189.38,5.0,16.0,1,1,16.0,2.4849066497880004,5.511006459958388,0.4394074675324675,0,0.0,0.29043110391842164,-0.8932912126320258,True
2213,대조,0,10.0,7.0,207.16,7519.0,11.0,29.38,0.0,3.0,0,0.0,0.0,0.0,0.0,0.0,10.0,0,0,10.0,2.0794415416798357,5.338307014764196,0.14182274570380382,0,3.0,0.7385301867481393,1.0383431369489466,True
2215,처치,1,2.0,27.0,594.83,210.0,148.0,506.01,0.0,3.0,0,92.52,40.0,32.0,176.46,7.0,2.0,1,1,2.0,3.332204510175204,6.38995539147881,0.8506800262259805,0,3.0,0.8040096689081688,1.411545968262271,True
2217,처치,1,7.0,22.0,474.90000000000003,268.0,139.0,347.33,0.0,4.0,1,232.38,154.0,116.0,332.23,17.0,7.0,1,1,7.0,3.1354942159291497,6.165207748127065,0.7313750263213307,0,4.0,0.9282027198476597,2.5594035625915335,True
2221,처치,1,1.0,19.0,368.47,216.0,114.0,228.92,0.0,1.0,1,150.55,79.0,71.0,200.65,11.0,1.0,1,1,1.0,2.995732273553991,5.912069546293729,0.6212717453252639,0,1.0,0.6391063400663837,0.5714875127938153,True
2222,대조,0,5.0,7.0,434.23,24172.0,68.0,178.64000000000001,1.0,1.0,0,89.99000000000001,41.0,34.0,242.68,6.0,5.0,1,1,5.0,2.0794415416798357,6.075874626989435,0.41139488289616105,1,1.0,0.5010148191795364,0.004059282292130703,True
2223,처치,1,86.0,1.0,42.559999999999995,8.0,1.0,6.99,0.0,2.0,0,0.0,0.0,0.0,3.39,1.0,86.0,0,1,86.0,0.6931471805599453,3.7741392980647595,0.1642387218045113,0,2.0,0.28795645351779403,-0.9053298046909507,True
2225,처치,1,15.0,17.0,567.44,193.0,76.0,225.57,0.0,2.0,0,118.06,40.0,37.0,245.74,6.0,15.0,1,1,15.0,2.8903717578961645,6.342895766723661,0.39752220499083596,0,2.0,0.6936594043777282,0.8172835276967191,True
2230,대조,0,51.0,4.0,103.55,38.0,14.0,34.47,0.0,0.0,0,21.9,7.0,7.0,43.230000000000004,2.0,51.0,1,1,51.0,1.6094379124341003,4.649665425874643,0.33288266537904393,0,0.0,0.17088004594888986,-1.5794030172874272,True
2231,처치,1,5.0,6.0,345.66,13645.0,56.0,174.93,0.0,0.0,1,107.17,68.0,43.0,154.79,6.0,5.0,1,1,5.0,1.9459101490553132,5.848344472513165,0.5060753341433779,0,0.0,0.26005737873935686,-1.0456703502282583,True
2238,처치,1,1.0,27.0,351.87,170.0,84.0,233.56,0.0,1.0,0,54.94,25.0,18.0,206.76,15.0,1.0,1,1,1.0,3.332204510175204,5.866099717149853,0.6637678688151875,0,1.0,0.5873135039317907,0.3528705402238829,True
2241,대조,0,2.0,18.0,331.43,164.0,71.0,233.76,0.0,0.0,0,15.58,14.0,13.0,30.38,2.0,2.0,1,1,2.0,2.9444389791664403,5.806429311616344,0.7053073047098934,0,0.0,0.3193456026454412,-0.7567807742499042,True
2245,처치,1,2.0,28.0,685.92,20799.0,169.0,347.25,0.0,3.0,0,49.42,27.0,19.0,150.28,11.0,2.0,1,1,2.0,3.367295829986474,6.532217837115661,0.5062543736878936,0,3.0,0.8616797953782677,1.8293124138643582,True
2247,대조,0,4.0,8.0,294.12,98.0,30.0,155.62,0.0,1.0,0,58.65,28.0,14.0,116.44,3.0,4.0,1,1,4.0,2.1972245773362196,5.68738205328842,0.5291037671698626,0,1.0,0.34215998736254033,-0.6536833328888817,True
2248,대조,0,20.0,3.0,199.56,64.0,33.0,113.73,0.0,0.0,0,0.0,0.0,0.0,0.0,0.0,20.0,0,0,20.0,1.3862943611198906,5.301113453850038,0.5699037883343355,0,0.0,0.1030693443726551,-2.1635765440400845,True
2250,대조,0,12.0,14.0,573.8,41716.0,80.0,307.92,0.0,0.0,1,148.54,71.0,35.0,228.09,4.0,12.0,1,1,12.0,2.70805020110221,6.35402215420487,0.5366329731613804,0,0.0,0.4159345232669733,-0.3394852423566856,True
2251,대조,0,58.0,5.0,353.17,210.0,98.0,219.25,0.0,1.0,0,0.0,0.0,0.0,0.0,0.0,58.0,0,0,58.0,1.791759469228055,5.869777023850878,0.6208058442110032,0,1.0,0.2341856234184811,-1.1848257487883431,True
2252,대조,0,1.0,49.0,1631.3,147192.0,221.0,660.86,0.0,0.0,1,452.83,221.0,165.0,1029.92,37.0,1.0,1,1,1.0,3.912023005428146,7.39774534215999,0.4051124869735794,0,0.0,0.7211659584356,0.9502525171979347,True
2254,대조,0,6.0,26.0,189.47,3544.0,52.0,135.97,0.0,0.0,1,63.120000000000005,37.0,26.0,98.5,11.0,6.0,1,1,6.0,3.295836866004329,5.249494701850468,0.7176333984271916,0,0.0,0.5450379589982501,0.18064145267490453,True
2258,대조,0,6.0,6.0,238.86,106.0,46.0,151.05,0.0,1.0,0,34.47,9.0,6.0,36.76,1.0,6.0,1,1,6.0,1.9459101490553132,5.480055419803575,0.6323787992966592,0,1.0,0.2667065387338799,-1.0113970301245674,True
2260,처치,1,3.0,14.0,782.24,51462.0,99.0,294.23,0.0,1.0,1,33.67,52.0,13.0,162.29,6.0,3.0,1,1,3.0,2.70805020110221,6.663439162435126,0.37613775823276746,0,1.0,0.6163924043434595,0.47426363696562135,True
2263,처치,1,2.0,49.0,508.21,339.0,145.0,294.39,0.0,4.0,0,176.56,94.0,79.0,373.76,16.0,2.0,1,1,2.0,3.912023005428146,6.232860505139277,0.5792684126640562,0,4.0,0.9529912008149921,3.0092708695793666,True
2266,처치,1,5.0,35.0,1911.3500000000001,105404.0,265.0,664.97,0.0,2.0,1,190.61,85.0,71.0,492.47,12.0,5.0,1,1,5.0,3.58351893845611,7.556088131252241,0.3479059303633557,0,2.0,0.8795302628215067,1.987989395064269,True
2269,처치,1,2.0,34.0,586.49,301.0,105.0,327.75,0.0,1.0,1,245.62,96.0,62.0,340.34,17.0,2.0,1,1,2.0,3.5553480614894135,6.375859224596855,0.5588330576821429,0,1.0,0.7643320805678777,1.1765786621074206,True
2273,대조,0,11.0,5.0,143.65,54.0,32.0,95.85,0.0,1.0,0,79.88,21.0,18.0,108.05,4.0,11.0,1,1,11.0,1.791759469228055,4.974317031422144,0.6672467803689522,0,1.0,0.23933161066752054,-1.1563474238441391,True
2274,대조,0,5.0,9.0,1303.65,397.0,119.0,603.2,0.0,4.0,0,127.21000000000001,58.0,38.0,313.71,2.0,5.0,1,1,5.0,2.302585092994046,7.173690084551231,0.46270087830322554,0,4.0,0.7970560011221298,1.3679948678311515,True
2275,대조,0,5.0,26.0,326.54,186.0,76.0,183.05,0.0,0.0,0,191.2,87.0,72.0,383.78000000000003,16.0,5.0,1,1,5.0,3.295836866004329,5.791610185021721,0.5605745084828812,0,0.0,0.44476115596431864,-0.2218609608803931,True
2278,대조,0,7.0,7.0,153.62,48.0,30.0,102.84,0.0,2.0,0,111.56,37.0,29.0,166.77,8.0,7.0,1,1,7.0,2.0794415416798357,5.0409704938923285,0.6694440828017185,0,2.0,0.44945352575197167,-0.2028789169041619,True
2279,대조,0,25.0,8.0,139.38,82.0,29.0,64.0,0.0,0.0,1,35.13,14.0,14.0,73.9,7.0,25.0,1,1,25.0,2.1972245773362196,4.944353031302275,0.4591763524178505,0,0.0,0.3481362792145212,-0.6272415128245583,True
2281,대조,0,5.0,23.0,632.17,215.0,115.0,396.78000000000003,0.0,0.0,0,243.44,99.0,74.0,396.95,13.0,5.0,1,1,5.0,3.1780538303479458,6.450738948489014,0.6276476264295997,0,0.0,0.37935035156426095,-0.49230656097852,True
2282,대조,0,7.0,11.0,177.65,102.0,77.0,139.88,0.0,1.0,1,60.64,35.0,34.0,134.67,8.0,7.0,1,1,7.0,2.4849066497880004,5.185428584469419,0.7873909372361384,0,1.0,0.4820295341800323,-0.07191283843660966,True
2286,대조,0,22.0,3.0,74.2,12.0,5.0,38.01,0.0,1.0,0,3.89,1.0,1.0,3.89,1.0,22.0,1,1,22.0,1.3862943611198906,4.320151230955794,0.5122641509433962,0,1.0,0.2097043808576493,-1.3267082481502328,True
2288,처치,1,10.0,16.0,293.86,145.0,52.0,184.61,0.0,2.0,0,10.66,10.0,5.0,40.42,2.0,10.0,1,1,10.0,2.833213344056216,5.686500667421674,0.6282243245082693,0,2.0,0.6366941513008993,0.5610443631118492,True
2289,대조,0,21.0,13.0,286.57,118.0,62.0,237.76999999999998,0.0,1.0,0,116.83,67.0,46.0,241.82,7.0,21.0,1,1,21.0,2.6390573296152584,5.661466308862253,0.8297100184946086,0,1.0,0.3700754497928409,-0.5318931474288731,True
2293,대조,0,11.0,5.0,225.73,17069.0,21.0,122.09,0.0,0.0,0,230.76999999999998,74.0,48.0,287.08,3.0,11.0,1,1,11.0,1.791759469228055,5.423759882238551,0.5408674079652683,0,0.0,0.15137603421124735,-1.7238491399666875,True
2294,처치,1,1.0,22.0,1167.97,82286.0,206.0,534.51,0.0,4.0,1,112.9,44.0,37.0,249.78,8.0,1.0,1,1,1.0,3.1354942159291497,7.063878298182974,0.4576401791141896,0,4.0,0.9413893466333102,2.776440334262494,True
2298,처치,1,3.0,9.0,317.57,171.0,45.0,153.02,0.0,0.0,1,164.98,54.0,44.0,232.38,8.0,3.0,1,1,3.0,2.302585092994046,5.7638422310838635,0.48184652202663986,0,0.0,0.3457000136822925,-0.6379945544582559,True
2301,처치,1,18.0,22.0,749.42,26899.0,74.0,319.24,0.0,2.0,0,36.4,7.0,5.0,141.38,5.0,18.0,1,1,18.0,3.1354942159291497,6.620633049788871,0.42598276000106755,0,2.0,0.7331871127461858,1.0108533231621888,True
2302,처치,1,5.0,8.0,200.25,96.0,35.0,100.57000000000001,0.0,1.0,1,101.78,69.0,48.0,150.68,7.0,5.0,1,1,5.0,2.1972245773362196,5.304547916298673,0.5022222222222222,0,1.0,0.4858767240424156,-0.05650813570124133,True
2303,처치,1,12.0,14.0,408.93,10938.0,42.0,149.42,0.0,1.0,0,22.36,4.0,4.0,63.99,3.0,12.0,1,1,12.0,2.70805020110221,6.015986413414719,0.3653926099821485,0,1.0,0.5084384894163235,0.033757162953514296,True
2310,대조,0,13.0,11.0,350.99,208.0,60.0,150.64,0.0,0.0,0,32.61,13.0,13.0,48.07,4.0,13.0,1,1,13.0,2.4849066497880004,5.863602766103642,0.4291860166956323,0,0.0,0.28491850910756267,-0.920193303049575,True
2314,처치,1,9.0,10.0,619.89,331.0,164.0,336.44,0.0,1.0,1,139.64,92.0,68.0,233.87,5.0,9.0,1,1,9.0,2.3978952727983707,6.431153932588066,0.5427414541289584,0,1.0,0.4965646586100692,-0.013741581792106442,True
2316,대조,0,,0.0,0.0,0.0,0.0,0.0,0.0,1.0,0,5.98,2.0,2.0,19.14,1.0,90.0,1,1,90.0,0.0,0.0,0.0,0,1.0,0.15483169392656282,-1.6971971049821566,True
2319,처치,1,36.0,3.0,176.69,84.0,34.0,102.57000000000001,0.0,1.0,0,73.65,26.0,22.0,194.77,6.0,36.0,1,1,36.0,1.3862943611198906,5.1800404589569835,0.5805082347614466,0,1.0,0.18343907931476763,-1.4932189020737974,True
2322,처치,1,1.0,35.0,2686.06,144662.0,310.0,1112.92,3.0,4.0,1,783.28,300.0,209.0,1742.9,25.0,1.0,1,1,1.0,3.58351893845611,7.896202938101951,0.41433177218677175,1,4.0,0.979959283310922,3.889744984654343,True
2327,대조,0,3.0,4.0,271.23,161.0,57.0,128.36,0.0,1.0,0,0.0,0.0,0.0,0.0,0.0,3.0,0,0,3.0,1.6094379124341003,5.6066472972229695,0.4732514839803857,0,1.0,0.23272749821154046,-1.1929737873615078,True
2329,처치,1,4.0,11.0,253.28,108.0,48.0,107.46000000000001,0.0,3.0,0,55.16,4.0,4.0,59.94,3.0,4.0,1,1,4.0,2.4849066497880004,5.538436022068208,0.42427353126974104,0,3.0,0.7525212498983652,1.112104515144403,True
2331,처치,1,2.0,14.0,865.68,64329.0,167.0,470.05,0.0,5.0,1,236.16,115.0,87.0,536.35,12.0,2.0,1,1,2.0,2.70805020110221,6.764669819838506,0.5429835505036503,0,5.0,0.9493278322639458,2.930377389158803,True
2336,대조,0,4.0,10.0,294.92,190.0,82.0,169.66,0.0,2.0,0,112.93,42.0,37.0,177.42000000000002,8.0,4.0,1,1,4.0,2.3978952727983707,5.690089147524199,0.5752746507527464,0,2.0,0.5415594697604896,0.16662230628505498,True
2338,대조,0,5.0,15.0,360.81,165.0,63.0,152.4,0.0,1.0,0,76.87,38.0,30.0,162.9,4.0,5.0,1,1,5.0,2.772588722239781,5.891119212159107,0.4223829716471273,0,1.0,0.5116572298053357,0.04663737057886098,True
2342,대조,0,2.0,37.0,842.68,112711.0,94.0,319.92,0.0,0.0,1,102.8,99.0,45.0,385.6,15.0,2.0,1,1,2.0,3.6375861597263857,6.73777327578216,0.37964589167892915,0,0.0,0.6824077143994528,0.7648588615121731,True
2343,처치,1,1.0,35.0,760.76,35292.0,136.0,379.1,0.0,2.0,1,151.94,74.0,63.0,350.62,15.0,1.0,1,1,1.0,3.58351893845611,6.635631545446208,0.4983174720016826,0,2.0,0.8712737722815712,1.9122683635453288,True
2344,처치,1,11.0,9.0,339.9,16814.0,47.0,148.21,0.0,1.0,0,102.76,57.0,41.0,204.34,5.0,11.0,1,1,11.0,2.302585092994046,5.831589179143857,0.43604001176816715,0,1.0,0.38930565660979227,-0.4502317929661053,True
2346,대조,0,59.0,4.0,132.25,58.0,23.0,60.75,0.0,1.0,0,50.08,17.0,16.0,117.63,2.0,59.0,1,1,59.0,1.6094379124341003,4.892227063045954,0.45935727788279773,0,1.0,0.25279412728325096,-1.0837653151958464,True
2347,대조,0,5.0,18.0,598.02,36470.0,96.0,302.93,0.0,0.0,1,111.76,75.0,38.0,265.17,8.0,5.0,1,1,5.0,2.9444389791664403,6.395294986539685,0.5065549647168991,0,0.0,0.4836888255290343,-0.06526785752683241,True
2350,처치,1,31.0,6.0,240.11,4131.0,37.0,113.95,0.0,1.0,0,0.0,0.0,0.0,0.0,0.0,31.0,0,0,31.0,1.9459101490553132,5.485253260892737,0.4745741535129732,0,1.0,0.3051574666295713,-0.8228573217936989,True
2354,처치,1,2.0,15.0,933.23,69383.0,144.0,464.05,0.0,2.0,0,269.07,96.0,86.0,389.03000000000003,4.0,2.0,1,1,2.0,2.772588722239781,6.839722660590288,0.4972514814140137,0,2.0,0.627793729926931,0.5227634669400893,True
2356,처치,1,2.0,12.0,127.94,102.0,37.0,62.85,0.0,1.0,0,60.72,25.0,20.0,81.58,6.0,2.0,1,1,2.0,2.5649493574615367,4.859347179882474,0.491245896513991,0,1.0,0.4652665367687579,-0.1391579844609264,True
2358,처치,1,3.0,13.0,442.78000000000003,116.0,54.0,328.44,0.0,0.0,0,55.89,15.0,11.0,111.86,4.0,3.0,1,1,3.0,2.6390573296152584,6.095328944138271,0.7417679208636343,0,0.0,0.24097677619283275,-1.147331810326709,True
2364,처치,1,2.0,21.0,1163.18,509.0,240.0,692.1,0.0,0.0,1,287.31,117.0,97.0,550.3,9.0,2.0,1,1,2.0,3.091042453358316,7.059772255511236,0.59500679172613,0,0.0,0.4783782431905189,-0.08654099809558835,True
2367,처치,1,1.0,18.0,438.13,234.0,91.0,274.86,0.0,3.0,1,118.87,75.0,51.0,196.68,9.0,1.0,1,1,1.0,2.9444389791664403,6.084795496800701,0.6273480473831968,0,3.0,0.860835369029672,1.8222456493624914,True
2369,대조,0,11.0,11.0,439.59,23577.0,58.0,195.21,0.0,1.0,0,211.28,106.0,74.0,417.86,7.0,11.0,1,1,11.0,2.4849066497880004,6.088114737787482,0.44407288609840995,0,1.0,0.4262545407010008,-0.2971491660556632,True
2370,처치,1,2.0,34.0,964.22,78462.0,160.0,435.63,1.0,1.0,1,168.81,89.0,74.0,387.18,14.0,2.0,1,1,2.0,3.5553480614894135,6.872356054630272,0.4517952334529464,1,1.0,0.8735580063988674,1.9327908798425297,True
2371,처치,1,9.0,14.0,190.87,77.0,40.0,94.32,0.0,4.0,0,15.76,10.0,9.0,49.47,4.0,9.0,1,1,9.0,2.70805020110221,5.256818059370008,0.49415832765756795,0,4.0,0.8765825529101727,1.960458396707177,True
2372,처치,1,4.0,8.0,627.96,258.0,117.0,344.13,0.0,1.0,0,200.97,90.0,79.0,374.5,9.0,4.0,1,1,4.0,2.1972245773362196,6.44406766167355,0.5480126122682973,0,1.0,0.3194031862112663,-0.756515869236116,True
2375,처치,1,1.0,20.0,291.96,152.0,41.0,168.16,0.0,0.0,0,239.03,99.0,70.0,355.41,11.0,1.0,1,1,1.0,3.044522437723423,5.6800360809262,0.575969310864502,0,0.0,0.3797853982480443,-0.49045919826591944,True
2377,대조,0,5.0,9.0,154.79,102.0,38.0,82.67,0.0,1.0,0,53.99,31.0,29.0,115.53,9.0,5.0,1,1,5.0,2.302585092994046,5.048508946524337,0.5340784288390723,0,1.0,0.3820211279421951,-0.4809783534382466,True
2379,대조,0,2.0,9.0,304.04,15077.0,54.0,128.94,0.0,2.0,0,99.07000000000001,41.0,34.0,151.72,3.0,2.0,1,1,2.0,2.302585092994046,5.720442915549309,0.42408893566635963,0,2.0,0.559117588425236,0.2375816065263071,True
2381,처치,1,9.0,13.0,231.15,23673.0,39.0,70.76,0.0,1.0,0,121.53,80.0,70.0,216.46,5.0,9.0,1,1,9.0,2.6390573296152584,5.447383714465931,0.30612156608263036,0,1.0,0.5225299161660264,0.09018073171857226,True
2384,대조,0,61.0,1.0,2.59,2.0,1.0,1.0,0.0,1.0,0,0.0,0.0,0.0,0.0,0.0,61.0,0,0,61.0,0.6931471805599453,1.2781522025001875,0.3861003861003861,0,1.0,0.17284609709536433,-1.565589189146189,True
2385,대조,0,1.0,54.0,966.4,95016.0,137.0,404.58,0.0,3.0,0,39.15,21.0,18.0,62.13,3.0,1.0,1,1,1.0,4.007333185232471,6.874612060388883,0.41864652317880796,0,3.0,0.9282099233035893,2.5595116587291766,True
2386,대조,0,36.0,4.0,137.23,44.0,8.0,51.449999999999996,0.0,0.0,0,0.0,0.0,0.0,0.0,0.0,36.0,0,0,36.0,1.6094379124341003,4.928918964476265,0.374918020840924,0,0.0,0.15947025668885126,-1.6621749134663906,True
2388,대조,0,54.0,2.0,13.379999999999999,3.0,2.0,11.879999999999999,0.0,1.0,0,87.75,40.0,33.0,114.83,7.0,54.0,1,1,54.0,1.0986122886681098,2.6658383522929006,0.8878923766816144,0,1.0,0.13332895122903146,-1.8718400994853588,True
2390,대조,0,12.0,6.0,127.63,49.0,19.0,64.60000000000001,0.0,2.0,1,32.589999999999996,19.0,15.0,70.64,3.0,12.0,1,1,12.0,1.9459101490553132,4.856940066090624,0.50615059155371,0,2.0,0.5968116970579889,0.3921979425496221,True
2391,대조,0,2.0,10.0,104.06,65.0,28.0,57.71,0.0,1.0,0,13.83,13.0,10.0,22.63,3.0,2.0,1,1,2.0,2.3978952727983707,4.654531615525816,0.5545838939073612,0,1.0,0.40998145154713156,-0.36404205591526845,True
2393,대조,0,3.0,14.0,978.8100000000001,348.0,158.0,667.67,0.0,1.0,1,117.68,59.0,32.0,180.97,3.0,3.0,1,1,3.0,2.70805020110221,6.887358675316915,0.6821242120534117,0,1.0,0.5244923639282821,0.09804792807366222,True
2394,대조,0,21.0,5.0,97.97,12548.0,9.0,13.05,0.0,1.0,0,21.3,6.0,6.0,56.67,4.0,21.0,1,1,21.0,1.791759469228055,4.5948167739086,0.1332040420536899,0,1.0,0.37801872785746204,-0.4979662442015382,True
2398,대조,0,1.0,17.0,497.1,207.0,101.0,315.7,0.0,0.0,0,100.67,43.0,37.0,181.65,6.0,1.0,1,1,1.0,2.8903717578961645,6.210800860079238,0.6350834842084088,0,0.0,0.3152143928352237,-0.775852787542339,True
2400,대조,0,2.0,74.0,2647.95,127395.0,399.0,1478.82,0.0,0.0,1,701.22,322.0,203.0,1438.21,34.0,2.0,1,1,2.0,4.31748811353631,7.881918614046746,0.5584773126380785,0,0.0,0.7584611046094794,1.1442610004771399,True
2405,처치,1,3.0,31.0,515.03,22869.0,86.0,226.74,0.0,1.0,1,77.87,35.0,28.0,386.61,15.0,3.0,1,1,3.0,3.4657359027997265,6.2461649033264095,0.44024619925052916,0,1.0,0.7745152476394076,1.2339848071075021,True
2407,처치,1,2.0,26.0,1209.97,78553.0,193.0,503.29,0.0,3.0,1,298.78,215.0,114.0,622.87,17.0,2.0,1,1,2.0,3.295836866004329,7.099176970331293,0.41595246163128013,0,3.0,0.9107677128669783,2.323044946891715,True
2410,처치,1,9.0,5.0,148.13,42.0,23.0,96.3,0.0,3.0,0,152.48000000000002,53.0,47.0,239.20000000000002,3.0,9.0,1,1,9.0,1.791759469228055,5.004818408774691,0.6501046378181328,0,3.0,0.5471544119218427,0.18917984908573446,True
2411,처치,1,10.0,5.0,146.65,55.0,17.0,66.02,0.0,1.0,1,147.53,45.0,43.0,280.01,9.0,10.0,1,1,10.0,1.791759469228055,4.994844608189932,0.45018752130923967,0,1.0,0.40514700749293503,-0.3840643208930194,True
2415,대조,0,71.0,4.0,78.39,56.0,28.0,52.08,0.0,1.0,0,0.79,1.0,1.0,3.31,1.0,71.0,1,1,71.0,1.6094379124341003,4.374372415737022,0.6643704554152315,0,1.0,0.2208522699235846,-1.2607066524408923,True
2416,처치,1,7.0,17.0,593.84,190.0,81.0,315.07,0.0,1.0,0,185.43,52.0,50.0,554.04,12.0,7.0,1,1,7.0,2.8903717578961645,6.388292461820483,0.5305637882257846,0,1.0,0.4980155530955305,-0.00793782929726099,True
2419,대조,0,31.0,3.0,50.82,14.0,6.0,23.4,0.0,2.0,0,2.32,1.0,1.0,23.380000000000003,3.0,31.0,1,1,31.0,1.3862943611198906,3.947776175133964,0.4604486422668241,0,2.0,0.3636262225199726,-0.559659612307443,True
2420,처치,1,15.0,16.0,694.43,18230.0,116.0,418.96,0.0,3.0,1,230.58,83.0,70.0,459.04,10.0,15.0,1,1,15.0,2.833213344056216,6.544530359281712,0.6033149489509382,0,3.0,0.8440967722782967,1.6890316674758001,True
2423,처치,1,25.0,9.0,388.08,8944.0,75.0,161.1,0.0,0.0,0,70.58,33.0,31.0,108.28,2.0,25.0,1,1,25.0,2.302585092994046,5.9637849780012395,0.41512059369202226,0,0.0,0.24955753035034967,-1.1009735209274822,True
2426,처치,1,2.0,18.0,341.99,27646.0,46.0,208.58,0.0,1.0,1,65.16,26.0,20.0,96.67,6.0,2.0,1,1,2.0,2.9444389791664403,5.837701292221988,0.6099008742945701,0,1.0,0.6316824326465125,0.5394412670693337,True
2429,대조,0,12.0,10.0,389.14,226.0,61.0,246.95,0.0,1.0,0,92.61,40.0,15.0,124.92,9.0,12.0,1,1,12.0,2.3978952727983707,5.966505649066787,0.6346045125147761,0,1.0,0.3557786985201033,-0.5937333987260297,True
2437,처치,1,27.0,9.0,547.07,163.0,67.0,265.22,0.0,1.0,1,157.4,58.0,45.0,321.4,4.0,27.0,1,1,27.0,2.302585092994046,6.3064030160165885,0.48480084815471514,0,1.0,0.49311402134453736,-0.02754565620883805,True
2438,처치,1,7.0,14.0,236.98,21490.0,20.0,77.97,0.0,1.0,0,135.9,44.0,38.0,282.84000000000003,19.0,7.0,1,1,7.0,2.70805020110221,5.472186636527008,0.3290151067600641,0,1.0,0.5330522437071472,0.1324020570570237,True
2439,대조,0,3.0,7.0,41.31,20.0,10.0,25.52,0.0,1.0,0,6.67,2.0,2.0,10.96,2.0,3.0,1,1,3.0,2.0794415416798357,3.7450234647319762,0.6177680948922779,0,1.0,0.33836813965151935,-0.6705748257284853,True
2440,대조,0,3.0,17.0,267.35,122.0,61.0,195.19,0.0,1.0,0,75.12,24.0,22.0,90.24,5.0,3.0,1,1,3.0,2.8903717578961645,5.592292098622838,0.7300916401720591,0,1.0,0.4616924861581091,-0.15353092884907518,True
2441,처치,1,3.0,16.0,166.52,102.0,57.0,96.56,0.0,1.0,0,65.64,45.0,40.0,118.29,10.0,3.0,1,1,3.0,2.833213344056216,5.121102747122227,0.5798702858515493,0,1.0,0.5025912224916473,0.010364982760577459,True
2443,처치,1,51.0,15.0,270.76,16500.0,48.0,131.34,0.0,4.0,0,0.0,0.0,0.0,0.0,0.0,51.0,0,0,51.0,2.772588722239781,5.604919323852329,0.485079036785345,0,4.0,0.8821878640126657,2.013313743197901,True
2445,처치,1,2.0,25.0,1111.25,16519.0,224.0,678.11,0.0,4.0,1,213.15,88.0,64.0,601.55,11.0,2.0,1,1,2.0,3.258096538021482,7.014140269686151,0.6102227221597301,0,4.0,0.9390070903481633,2.7340654079345823,True
2446,처치,1,3.0,22.0,756.7,124689.0,44.0,120.88,0.0,2.0,1,180.5,84.0,50.0,733.3100000000001,19.0,3.0,1,1,3.0,3.1354942159291497,6.630287528937328,0.159746266684287,0,2.0,0.8625628137495437,1.8367409883295707,True
2447,처치,1,11.0,13.0,752.01,217.0,94.0,354.11,0.0,1.0,1,242.89000000000001,55.0,50.0,440.88,8.0,11.0,1,1,11.0,2.6390573296152584,6.624078507924196,0.4708846956822383,0,1.0,0.5744353374682953,0.2999706316892288,True
2450,대조,0,12.0,6.0,136.52,65.0,34.0,89.88,0.0,0.0,0,122.33,63.0,54.0,208.11,9.0,12.0,1,1,12.0,1.9459101490553132,4.923769361074594,0.6583650747143275,0,0.0,0.16181898531356015,-1.644755749238454,True
2453,처치,1,2.0,15.0,614.92,209.0,78.0,313.39,0.0,3.0,1,59.81,29.0,26.0,119.97,8.0,2.0,1,1,2.0,2.772588722239781,6.423117084969794,0.5096435308658037,0,3.0,0.8510524277135469,1.7428793536821445,True
2455,처치,1,1.0,17.0,1163.43,334.0,119.0,637.57,1.0,1.0,1,187.27,93.0,48.0,325.98,11.0,1.0,1,1,1.0,2.8903717578961645,7.059986975881723,0.5480089047041936,1,1.0,0.7520065838330987,1.1093428809102421,True
2456,대조,0,3.0,15.0,212.79,110.0,60.0,153.25,0.0,0.0,0,48.79,33.0,29.0,78.87,5.0,3.0,1,1,3.0,2.772588722239781,5.364994224812317,0.7201936181211523,0,0.0,0.28797551596952536,-0.9052368359766358,True
2457,대조,0,4.0,8.0,164.95,14059.0,36.0,74.08,0.0,1.0,0,115.74,45.0,42.0,243.37,7.0,4.0,1,1,4.0,2.1972245773362196,5.1116865381659835,0.44910578963322223,0,1.0,0.3775594525491241,-0.49992007118969806,True
2466,대조,0,7.0,13.0,455.98,166.0,58.0,348.71999999999997,0.0,2.0,0,469.75,144.0,111.0,713.5,11.0,7.0,1,1,7.0,2.6390573296152584,6.124639626260398,0.764770384665994,0,2.0,0.5383988932880898,0.15389861002421862,True
2470,대조,0,3.0,15.0,172.04,20135.0,29.0,79.5,0.0,1.0,0,27.330000000000002,12.0,12.0,44.38,4.0,3.0,1,1,3.0,2.772588722239781,5.153522781644804,0.4621018367821437,0,1.0,0.5198250584778068,0.07934182996078679,True
2472,대조,0,14.0,16.0,341.04,140.0,49.0,192.04,0.0,0.0,0,72.74000000000001,28.0,21.0,146.4,3.0,14.0,1,1,14.0,2.833213344056216,5.834927689287754,0.5631011025099695,0,0.0,0.3299614577683114,-0.7083593834513892,True
2474,대조,0,3.0,7.0,94.83,55.0,33.0,62.91,0.0,2.0,0,5.49,6.0,6.0,6.99,1.0,3.0,1,1,3.0,2.0794415416798357,4.562575788355671,0.6633976589686807,0,2.0,0.46360002528085714,-0.14585793827970506,True
2475,처치,1,12.0,15.0,432.71,15578.0,51.0,179.04,0.0,1.0,0,216.14,93.0,74.0,529.86,17.0,12.0,1,1,12.0,2.772588722239781,6.072376107988461,0.41376441496614363,0,1.0,0.5098048044946011,0.039224246215645894,True
2477,대조,0,3.0,6.0,372.17,22679.0,51.0,207.22,0.0,1.0,0,0.0,0.0,0.0,0.0,0.0,3.0,0,0,3.0,1.9459101490553132,5.922034079889983,0.5567885643657469,0,1.0,0.27435704142799705,-0.9726277722215129,True
2478,처치,1,2.0,15.0,388.0,213.0,99.0,215.52,0.0,2.0,0,42.64,26.0,21.0,90.44,5.0,2.0,1,1,2.0,2.772588722239781,5.963579343618446,0.5554639175257732,0,2.0,0.6340470100503857,0.5496182176415584,True
2481,처치,1,2.0,21.0,662.69,37322.0,87.0,274.02,1.0,2.0,0,190.54,83.0,71.0,519.96,14.0,2.0,1,1,2.0,3.091042453358316,6.497815172990005,0.4134965066622402,1,2.0,0.8420461756442512,1.6735321137708834,True
2482,처치,1,88.0,1.0,9.11,8.0,4.0,9.11,0.0,2.0,0,67.91,31.0,27.0,146.36,3.0,88.0,1,1,88.0,0.6931471805599453,2.3135250330323798,1.0,0,2.0,0.1531230543858793,-1.710313526302686,True
2483,대조,0,2.0,14.0,183.37,140.0,47.0,93.3,0.0,0.0,1,24.86,22.0,21.0,79.58,7.0,2.0,1,1,2.0,2.70805020110221,5.216944608082299,0.5088073294432023,0,0.0,0.4529858688890834,-0.18861370543795106,True
2485,처치,1,12.0,8.0,55.37,24.0,10.0,29.83,0.0,1.0,0,62.45,27.0,23.0,97.12,7.0,12.0,1,1,12.0,2.1972245773362196,4.031937102093484,0.5387393895611342,0,1.0,0.3810628421049354,-0.4850394441184205,True
2486,대조,0,4.0,14.0,828.93,12965.0,216.0,503.96,0.0,0.0,1,184.78,100.0,86.0,279.62,7.0,4.0,1,1,4.0,2.70805020110221,6.721341359884652,0.6079644843352273,0,0.0,0.38619599164314616,-0.46333068158589513,True
2492,대조,0,12.0,7.0,371.44,3741.0,55.0,124.93,0.0,1.0,0,78.11,35.0,33.0,297.1,10.0,12.0,1,1,12.0,2.0794415416798357,5.920075951020329,0.33633965108765884,0,1.0,0.3596328731228894,-0.576957933410453,True
2493,대조,0,39.0,4.0,54.0,3598.0,7.0,24.130000000000003,0.0,1.0,0,22.6,10.0,6.0,28.12,3.0,39.0,1,1,39.0,1.6094379124341003,4.007333185232471,0.4468518518518519,0,1.0,0.2727877529796869,-0.9805243528664441,True
2494,대조,0,23.0,7.0,424.41,190.0,80.0,229.43,0.0,0.0,1,7.5,6.0,3.0,17.98,1.0,23.0,1,1,23.0,2.0794415416798357,6.053053409777104,0.5405857543413208,0,0.0,0.2762880361400119,-0.9629495425154233,True
2497,처치,1,4.0,32.0,1326.96,578.0,192.0,802.53,0.0,1.0,1,255.48000000000002,117.0,74.0,407.94,15.0,4.0,1,1,4.0,3.4965075614664802,7.191399209100821,0.6047883884970157,0,1.0,0.72624321932097,0.9756449211316153,True
2498,처치,1,1.0,30.0,667.69,255.0,137.0,424.63,0.0,2.0,1,87.74,27.0,23.0,103.49,6.0,1.0,1,1,1.0,3.4339872044851463,6.5053205745590015,0.6359687879105572,0,2.0,0.8337029059596429,1.612101199183286,True
2499,대조,0,1.0,15.0,473.15000000000003,269.0,89.0,233.05,0.0,1.0,1,217.74,88.0,76.0,405.73,10.0,1.0,1,1,1.0,2.772588722239781,6.161523727329737,0.49254993131142344,0,1.0,0.6131626044790545,0.460625722800031,True
2500,처치,1,3.0,19.0,898.47,88282.0,125.0,435.16,2.0,3.0,0,207.48,96.0,61.0,516.51,11.0,3.0,1,1,3.0,2.995732273553991,6.801805700972256,0.48433447972664645,1,3.0,0.8933401601638475,2.125322723240643,True
