household_key,group,treatment,recency_days,pre_baskets,pre_sales,pre_quantity,pre_target_purchase_count,pre_target_sales,pre_coupon_redemptions,pre_campaign_count_raw,has_demographic,target_sales,target_quantity,target_purchase_count,total_sales,baskets,recency_days_filled,target_purchase,any_purchase,pre_recency_capped,log_pre_baskets,log_pre_sales,pre_target_share,pre_coupon_user,pre_campaign_count_c,p_score,logit_p,in_support,pair_id
6,처치,1,1.0,41.0,909.07,47214.0,136.0,490.31,0.0,2.0,0,249.08,94.0,72.0,493.46,24.0,1.0,1,1,1.0,3.7376696182833684,6.813521519629391,0.539353405128318,0,2.0,0.8148047078299996,1.4815375605917736,True,pair_6_877
7,대조,0,26.0,6.0,534.58,214.0,95.0,307.81,0.0,2.0,1,199.38,71.0,66.0,327.01,4.0,26.0,1,1,26.0,1.9459101490553132,6.2833502718203365,0.5757978225896966,0,2.0,0.5407540970156491,0.16337883839309747,True,pair_1922_7
16,대조,0,64.0,8.0,97.49,9002.0,8.0,27.31,0.0,2.0,1,7.59,3.0,3.0,11.34,2.0,64.0,1,1,64.0,2.1972245773362196,4.589955020181611,0.280131295517489,0,2.0,0.7227412622533974,0.9581001497381058,True,pair_1547_16
23,처치,1,5.0,11.0,227.74,15708.0,32.0,101.02000000000001,0.0,1.0,0,61.410000000000004,26.0,21.0,171.14000000000001,11.0,5.0,1,1,5.0,2.4849066497880004,5.432585987353071,0.443576007728111,0,1.0,0.44321233237770796,-0.22813499930014283,True,pair_23_1251
26,처치,1,5.0,17.0,474.63,201.0,80.0,313.84000000000003,0.0,0.0,0,32.66,20.0,17.0,48.6,5.0,5.0,1,1,5.0,2.8903717578961645,6.164640241044268,0.6612308535069423,0,0.0,0.3100650978218409,-0.7998149800637984,True,pair_26_1758
36,처치,1,1.0,37.0,975.6,467.0,200.0,765.52,0.0,1.0,0,282.29,116.0,72.0,504.14,19.0,1.0,1,1,1.0,3.6375861597263857,6.88407715162756,0.7846658466584665,0,1.0,0.6040983100462839,0.42257102692652215,True,pair_36_953
37,대조,0,9.0,7.0,303.69,120.0,8.0,32.36,0.0,1.0,0,30.48,21.0,9.0,37.96,2.0,9.0,1,1,9.0,2.0794415416798357,5.71929486628671,0.10655602752807139,0,1.0,0.4275551926947317,-0.2918329385652547,True,pair_1689_37
41,대조,0,2.0,12.0,656.42,331.0,127.0,377.55,0.0,0.0,0,189.04,93.0,72.0,335.03,7.0,2.0,1,1,2.0,2.5649493574615367,6.488323083645357,0.5751652905152189,0,0.0,0.2544333464493131,-1.0751056363700702,True,pair_1061_41
43,대조,0,1.0,17.0,104.86,3957.0,23.0,57.59,0.0,3.0,1,9.02,7.0,6.0,20.76,5.0,1.0,1,1,1.0,2.8903717578961645,4.662117466429842,0.5492084684341026,0,3.0,0.8816679914020158,2.008321252360499,True,pair_2443_43
47,처치,1,6.0,16.0,531.72,149.0,63.0,261.2,0.0,1.0,0,77.75,31.0,30.0,161.82,12.0,6.0,1,1,6.0,2.833213344056216,6.277995957802367,0.4912359888663206,0,1.0,0.4973362990724045,-0.010654904510840913,True,pair_47_540
48,대조,0,2.0,21.0,476.7,7243.0,110.0,362.41,0.0,0.0,1,110.77,39.0,35.0,124.73,5.0,2.0,1,1,2.0,3.091042453358316,6.168982920395917,0.7602475351374031,0,0.0,0.45479394257138056,-0.18131936732804915,True,pair_1072_48
55,처치,1,2.0,20.0,126.46000000000001,79.0,21.0,48.87,0.0,2.0,1,19.98,8.0,8.0,40.88,10.0,2.0,1,1,2.0,3.044522437723423,4.8478025898861485,0.3864463071326901,0,2.0,0.8418075464847043,1.6717390689797245,True,pair_55_2018
56,대조,0,1.0,31.0,1248.9,450.0,158.0,558.19,2.0,1.0,1,110.33,53.0,42.0,323.16,18.0,1.0,1,1,1.0,3.4657359027997265,7.130818827096176,0.4469453118744495,1,1.0,0.8602168564049201,1.8170922686838333,True,pair_2481_56
71,처치,1,11.0,9.0,249.21,56.0,19.0,49.37,0.0,0.0,1,148.55,80.0,46.0,235.71,5.0,11.0,1,1,11.0,2.302585092994046,5.52230056525969,0.19810601500742345,0,0.0,0.4296899423995312,-0.28311628922952514,True,pair_71_730
74,처치,1,3.0,20.0,402.02,258.0,118.0,258.39,0.0,2.0,1,20.490000000000002,16.0,12.0,32.63,1.0,3.0,1,1,3.0,3.044522437723423,5.998986188506828,0.6427292174518681,0,2.0,0.7779388153887721,1.253694927369964,True,pair_74_863
77,대조,0,13.0,8.0,449.57,228.0,90.0,227.11,0.0,1.0,1,172.07,82.0,64.0,360.44,6.0,13.0,1,1,13.0,2.1972245773362196,6.110513447885599,0.5051716084258292,0,1.0,0.4640952494158084,-0.1438666310727785,True,pair_2356_77
80,처치,1,6.0,14.0,471.8,13745.0,86.0,274.17,0.0,0.0,1,175.65,106.0,67.0,275.09,7.0,6.0,1,1,6.0,2.70805020110221,6.158672466091889,0.5811148791860958,0,0.0,0.4081671537400598,-0.37154745968061687,True,pair_80_1460
83,대조,0,2.0,13.0,136.54,42.0,12.0,73.33,0.0,1.0,0,12.4,5.0,6.0,94.76,10.0,2.0,1,1,2.0,2.6390573296152584,4.92391478389169,0.5370587373663396,0,1.0,0.4696227663842675,-0.12165876718906303,True,pair_580_83
86,대조,0,16.0,10.0,914.91,344.0,79.0,278.87,0.0,1.0,1,218.44,66.0,53.0,405.8,2.0,16.0,1,1,16.0,2.3978952727983707,6.819918106571852,0.30480593719600835,0,1.0,0.5549237751683535,0.22058520302115875,True,pair_356_86
91,처치,1,1.0,24.0,618.16,50828.0,61.0,191.37,0.0,0.0,0,131.55,44.0,41.0,341.3,20.0,1.0,1,1,1.0,3.2188758248682006,6.4283637207056765,0.30958004400155303,0,0.0,0.4793946147895931,-0.08246824803785796,True,pair_91_1957
98,대조,0,7.0,13.0,221.01,174.0,66.0,122.27,0.0,2.0,1,57.38,35.0,31.0,105.13,5.0,7.0,1,1,7.0,2.6390573296152584,5.402722425902827,0.5532328853898014,0,2.0,0.730992486204776,0.9996638693713232,True,pair_908_98
99,처치,1,1.0,36.0,858.12,471.0,222.0,572.05,0.0,1.0,0,390.93,219.0,158.0,606.38,18.0,1.0,1,1,1.0,3.6109179126442243,6.755908609549961,0.6666317065212324,0,1.0,0.6328375820252488,0.5444094987973145,True,pair_99_1499
109,처치,1,3.0,20.0,714.86,275.0,115.0,289.18,0.0,2.0,1,112.6,52.0,51.0,271.22,10.0,3.0,1,1,3.0,3.044522437723423,6.573484617115764,0.4045267604845704,0,2.0,0.8125013784567476,1.466346117150484,True,pair_109_1055
110,처치,1,2.0,25.0,310.38,9236.0,90.0,185.76,0.0,1.0,1,149.93,70.0,51.0,189.56,8.0,2.0,1,1,2.0,3.258096538021482,5.741014031261528,0.5984921708872994,0,1.0,0.7087820158418933,0.8894759530851772,True,pair_110_410
111,대조,0,23.0,11.0,258.41,97.0,55.0,142.17000000000002,0.0,0.0,0,3.49,3.0,3.0,8.379999999999999,1.0,23.0,1,1,23.0,2.4849066497880004,5.558409821640448,0.5501722069579351,0,0.0,0.26429012127434093,-1.0237884105327693,True,pair_2044_111
112,처치,1,10.0,12.0,334.99,26478.0,13.0,62.870000000000005,0.0,0.0,0,22.979999999999997,2.0,2.0,87.64,5.0,10.0,1,1,10.0,2.5649493574615367,5.817081397615548,0.18767724409683872,0,0.0,0.3647592430724021,-0.5547665438787512,True,pair_112_1424
116,대조,0,4.0,12.0,113.03,57.0,26.0,40.61,0.0,2.0,0,24.74,25.0,18.0,54.66,7.0,4.0,1,1,4.0,2.5649493574615367,4.736461571669267,0.3592851455365832,0,2.0,0.6662636365412129,0.6913340925453924,True,pair_1828_116
119,대조,0,25.0,10.0,446.32,137.0,74.0,275.71,0.0,1.0,1,70.39,22.0,21.0,148.62,5.0,25.0,1,1,25.0,2.3978952727983707,6.103274222159987,0.6177406345223158,0,1.0,0.48495880090185606,-0.06018295497766433,True,pair_802_119
121,처치,1,11.0,27.0,485.54,233.0,100.0,298.21,0.0,1.0,1,82.81,33.0,31.0,114.99000000000001,8.0,11.0,1,1,11.0,3.332204510175204,6.187319118184521,0.6141821477118259,0,1.0,0.7116545718590662,0.9034334771107865,True,pair_121_278
123,처치,1,1.0,19.0,422.67,206.0,112.0,285.09,0.0,1.0,1,120.69,51.0,48.0,225.46,11.0,1.0,1,1,1.0,2.995732273553991,6.048954850311007,0.6744978351905742,0,1.0,0.6214137103637657,0.4955530355869499,True,pair_123_1349
132,처치,1,2.0,18.0,290.58,124.0,65.0,169.21,0.0,4.0,0,85.04,42.0,40.0,168.97,7.0,2.0,1,1,2.0,2.9444389791664403,5.675314410676676,0.5823181223759378,0,4.0,0.8867692403332231,2.0581569336403565,True,pair_132_350
136,대조,0,5.0,20.0,679.06,363.0,126.0,286.37,0.0,1.0,1,68.98,39.0,31.0,155.1,6.0,5.0,1,1,5.0,3.044522437723423,6.522181029571765,0.42171531234353377,0,1.0,0.6873636962673696,0.7878230038843425,True,pair_2221_136
138,대조,0,4.0,8.0,388.46000000000004,152.0,79.0,251.39000000000001,0.0,2.0,0,94.60000000000001,37.0,35.0,280.16,5.0,4.0,1,1,4.0,2.1972245773362196,5.964761164273432,0.6471451372084641,0,2.0,0.4614639684472026,-0.15445042929528788,True,pair_1047_138
139,처치,1,4.0,16.0,504.29,30434.0,87.0,192.22,0.0,0.0,1,222.74,116.0,85.0,340.47,8.0,4.0,1,1,4.0,2.833213344056216,6.225132521878404,0.3811695651311745,0,0.0,0.495300810955253,-0.018797309644412643,True,pair_139_1790
140,처치,1,1.0,7.0,276.66,145.0,64.0,185.09,0.0,2.0,0,47.03,24.0,17.0,71.9,5.0,1.0,1,1,1.0,2.0794415416798357,5.626397343606657,0.6690161208703824,0,2.0,0.4336703242115468,-0.2668917508836869,True,pair_140_1120
145,대조,0,31.0,4.0,156.74,46.0,13.0,16.7,0.0,1.0,0,24.26,5.0,4.0,79.72,3.0,31.0,1,1,31.0,1.6094379124341003,5.060948107969845,0.10654587214495341,0,1.0,0.3309145379182897,-0.7040516495419034,True,pair_205_145
151,대조,0,,0.0,0.0,0.0,0.0,0.0,0.0,1.0,0,0.99,1.0,1.0,13.99,1.0,90.0,1,1,90.0,0.0,0.0,0.0,0,1.0,0.15483169392656282,-1.6971971049821566,True,pair_2482_151
155,처치,1,24.0,4.0,297.29,117.0,58.0,149.92000000000002,0.0,1.0,1,110.03,46.0,40.0,265.52,6.0,24.0,1,1,24.0,1.6094379124341003,5.698066167660092,0.5042887416327492,0,1.0,0.33019076396142094,-0.7073223894621502,True,pair_155_2021
160,대조,0,23.0,7.0,178.60999999999999,10508.0,16.0,91.96,0.0,1.0,0,38.96,18.0,14.0,63.17,4.0,23.0,1,1,23.0,2.0794415416798357,5.19078783360537,0.5148647892055316,0,1.0,0.33157844144984394,-0.7010546427401814,True,pair_433_160
161,처치,1,1.0,45.0,863.85,30940.0,107.0,304.36,0.0,0.0,1,350.84,128.0,111.0,767.49,34.0,1.0,1,1,1.0,3.828641396489095,6.762556081489932,0.35232968686693295,0,0.0,0.7295329986829727,0.9922545021870355,True,pair_161_2186
164,처치,1,2.0,21.0,818.88,4101.0,220.0,508.67,0.0,0.0,1,237.21,125.0,98.0,393.79,8.0,2.0,1,1,2.0,3.091042453358316,6.709157988085927,0.6211777061352091,0,0.0,0.4802342206287493,-0.07910434128635467,True,pair_164_264
166,처치,1,10.0,18.0,489.15000000000003,197.0,60.0,207.97,0.0,0.0,1,181.34,52.0,38.0,311.26,10.0,10.0,1,1,10.0,2.9444389791664403,6.194711466707735,0.4251661044669324,0,0.0,0.5128467850508696,0.05139845258829481,True,pair_166_1569
179,대조,0,17.0,4.0,55.11,17.0,3.0,11.82,0.0,1.0,0,13.65,5.0,3.0,52.08,1.0,17.0,1,1,17.0,1.6094379124341003,4.0273140497628805,0.21448013064779534,0,1.0,0.3270123205046003,-0.721729175063676,True,pair_2205_179
180,처치,1,19.0,6.0,74.73,1729.0,7.0,17.84,0.0,1.0,0,75.41,36.0,17.0,146.1,4.0,19.0,1,1,19.0,1.9459101490553132,4.327174383125731,0.23872608055667066,0,1.0,0.393917863842254,-0.43087309493880555,True,pair_180_1621
181,대조,0,62.0,7.0,348.77,28955.0,65.0,169.15,0.0,2.0,0,74.88,37.0,34.0,130.71,3.0,62.0,1,1,62.0,2.0794415416798357,5.85727579561331,0.4849901080941595,0,2.0,0.48459849360367924,-0.06162552114322156,True,pair_2416_181
188,처치,1,,0.0,0.0,0.0,0.0,0.0,0.0,1.0,0,0.0,0.0,0.0,0.0,0.0,90.0,0,0,90.0,0.0,0.0,0.0,0,1.0,0.15483169392656282,-1.6971971049821566,True,pair_188_226
192,대조,0,5.0,11.0,414.83,159.0,58.0,205.3,0.0,2.0,1,131.58,44.0,41.0,298.35,8.0,5.0,1,1,5.0,2.4849066497880004,6.030276522893371,0.4949015259262831,0,2.0,0.6981489908818642,0.8384989856216772,True,pair_364_192
193,처치,1,10.0,20.0,899.99,130021.0,70.0,243.34,0.0,2.0,1,72.24,36.0,25.0,378.94,9.0,10.0,1,1,10.0,3.044522437723423,6.803494158767612,0.270380782008689,0,2.0,0.8317676140156455,1.5982068182282427,True,pair_193_1172
194,대조,0,21.0,8.0,219.46,70.0,25.0,54.31,0.0,1.0,0,66.74000000000001,34.0,33.0,181.89000000000001,5.0,21.0,1,1,21.0,2.1972245773362196,5.39571627253517,0.2474710653422036,0,1.0,0.4272252108164468,-0.2931813013927873,True,pair_1709_194
195,처치,1,2.0,6.0,431.36,16099.0,97.0,248.96,0.0,1.0,0,82.16,39.0,30.0,197.23,4.0,2.0,1,1,2.0,1.9459101490553132,6.0692585745480025,0.5771513353115727,0,1.0,0.26656161782411053,-1.0121381606127078,True,pair_195_2258
200,대조,0,1.0,11.0,20.4,16.0,2.0,2.35,0.0,0.0,0,130.25,36.0,31.0,220.1,17.0,1.0,1,1,1.0,2.4849066497880004,3.0633909220278057,0.11519607843137256,0,0.0,0.43479067177195146,-0.26233145401952485,True,pair_1695_200
205,처치,1,21.0,19.0,441.25,180.0,94.0,301.69,0.0,0.0,0,541.12,181.0,134.0,745.09,18.0,21.0,1,1,21.0,2.995732273553991,6.091875333039894,0.6837167138810198,0,0.0,0.33104785134988923,-0.7034495999484706,True,pair_205_145
211,처치,1,2.0,21.0,325.69,192.0,51.0,115.4,0.0,0.0,1,113.18,53.0,44.0,221.83,14.0,2.0,1,1,2.0,3.091042453358316,5.789011709017037,0.35432466455832234,0,0.0,0.580944843633526,0.3266532694755765,True,pair_211_384
215,처치,1,2.0,18.0,130.76,101.0,51.0,69.03,0.0,0.0,0,108.41,52.0,50.0,180.18,15.0,2.0,1,1,2.0,2.9444389791664403,4.880982085869385,0.5279137350871826,0,0.0,0.38854469544036463,-0.4534336516064082,True,pair_215_1016
216,처치,1,2.0,17.0,378.35,212.0,36.0,150.96,0.0,1.0,1,98.03,33.0,26.0,392.90999999999997,14.0,2.0,1,1,2.0,2.8903717578961645,5.938459261784084,0.39899563895863616,0,1.0,0.6715348261112691,0.7151350610322464,True,pair_216_527
220,처치,1,3.0,11.0,421.63,28451.0,52.0,116.01,0.0,1.0,1,67.16,31.0,23.0,142.94,6.0,3.0,1,1,3.0,2.4849066497880004,6.046497091777351,0.2751464554230012,0,1.0,0.604511898401283,0.42430065060524413,True,pair_220_2390
221,처치,1,4.0,14.0,423.87,11890.0,86.0,184.17000000000002,0.0,1.0,1,113.85000000000001,71.0,57.0,288.94,10.0,4.0,1,1,4.0,2.70805020110221,6.051783239779927,0.4344964257909265,0,1.0,0.6160728606188643,0.4729124433747648,True,pair_221_2063
226,대조,0,,0.0,0.0,0.0,0.0,0.0,0.0,1.0,0,0.0,0.0,0.0,0.0,0.0,90.0,0,0,90.0,0.0,0.0,0.0,0,1.0,0.15483169392656282,-1.6971971049821566,True,pair_188_226
227,대조,0,2.0,17.0,223.8,207.0,141.0,170.41,0.0,0.0,0,65.08,64.0,49.0,78.41,7.0,2.0,1,1,2.0,2.8903717578961645,5.415211118019536,0.7614387846291331,0,0.0,0.3024262741084447,-0.8357706825022755,True,pair_312_227
228,처치,1,3.0,10.0,283.05,5256.0,33.0,185.5,0.0,0.0,0,95.08,62.0,61.0,304.2,10.0,3.0,1,1,3.0,2.3978952727983707,5.649150279003136,0.6553612435965377,0,0.0,0.22250344585019,-1.2511366236283896,True,pair_228_1860
230,처치,1,1.0,20.0,418.3,24586.0,96.0,215.24,0.0,1.0,1,171.6,90.0,80.0,337.78,11.0,1.0,1,1,1.0,3.044522437723423,6.038586654176717,0.5145589289983266,0,1.0,0.6751490343899341,0.7315669483884923,True,pair_230_1921
236,대조,0,12.0,2.0,15.51,7.0,3.0,11.99,0.0,2.0,0,96.42,29.0,20.0,133.6,4.0,12.0,1,1,12.0,1.0986122886681098,2.8039662579320366,0.7730496453900709,0,2.0,0.24934306634818693,-1.10211900997915,True,pair_2423_236
246,대조,0,30.0,8.0,147.5,3581.0,31.0,67.36,0.0,1.0,0,10.01,4.0,4.0,16.0,2.0,30.0,1,1,30.0,2.1972245773362196,5.000584958242754,0.4566779661016949,0,1.0,0.38013123380659253,-0.4889912429817119,True,pair_2375_246
251,대조,0,31.0,12.0,365.38,164.0,75.0,256.02,0.0,1.0,0,86.05,23.0,23.0,128.99,6.0,31.0,1,1,31.0,2.5649493574615367,5.903671046157313,0.7006951666757896,0,1.0,0.38142489590055106,-0.48350464780895686,True,pair_2485_251
257,처치,1,11.0,18.0,257.12,167.0,59.0,135.69,0.0,2.0,1,187.07,108.0,71.0,287.65,7.0,11.0,1,1,11.0,2.9444389791664403,5.553424593067639,0.527730242688239,0,2.0,0.7911702677700371,1.331993959341231,True,pair_257_442
264,대조,0,7.0,13.0,369.46,164.0,30.0,107.34,0.0,0.0,1,39.39,16.0,14.0,167.16,6.0,7.0,1,1,7.0,2.6390573296152584,5.914745476694577,0.29053212797055167,0,0.0,0.47939935329597316,-0.08244926177485791,True,pair_164_264
266,처치,1,5.0,3.0,197.25,83.0,37.0,102.54,0.0,1.0,0,98.99000000000001,44.0,36.0,188.69,3.0,5.0,1,1,5.0,1.3862943611198906,5.289528860514958,0.5198479087452472,0,1.0,0.19087214293257018,-1.4443531527550277,True,pair_266_662
271,처치,1,38.0,4.0,31.78,11.0,0.0,0.0,0.0,3.0,0,8.39,4.0,3.0,37.24,2.0,38.0,1,1,38.0,1.6094379124341003,3.4898185733156835,0.0,0,3.0,0.7147685843447231,0.9186579965035101,True,pair_271_1429
273,처치,1,5.0,23.0,399.1,161.0,55.0,171.89000000000001,0.0,0.0,0,68.47,32.0,26.0,164.56,8.0,5.0,1,1,5.0,3.1780538303479458,5.9917145158631895,0.43069406163868706,0,0.0,0.44610692630106435,-0.21641299199977582,True,pair_273_280
278,대조,0,2.0,11.0,183.66,60.0,23.0,111.76,0.0,3.0,0,94.33,32.0,19.0,163.24,8.0,2.0,1,1,2.0,2.4849066497880004,5.2185162963444816,0.6085157355983883,0,3.0,0.7178250268117672,0.933698493278015,True,pair_121_278
279,대조,0,7.0,17.0,623.5500000000001,58828.0,109.0,322.83,1.0,1.0,0,44.13,19.0,16.0,55.15,2.0,7.0,1,1,7.0,2.8903717578961645,6.437031390411918,0.5177291315852778,1,1.0,0.6654785096629883,0.6878052216431219,True,pair_1731_279
280,대조,0,12.0,13.0,226.68,20851.0,23.0,130.48,0.0,1.0,0,144.05,61.0,41.0,196.51,8.0,12.0,1,1,12.0,2.6390573296152584,5.427941134341542,0.575613199223575,0,1.0,0.4459471643403719,-0.21705957402859025,True,pair_273_280
283,대조,0,6.0,9.0,848.1,331.0,159.0,452.93,0.0,1.0,1,246.67000000000002,83.0,81.0,561.47,5.0,6.0,1,1,6.0,2.302585092994046,6.744176965005318,0.5340525881381912,0,1.0,0.4657054230912378,-0.13739403406066145,True,pair_1953_283
285,대조,0,3.0,19.0,296.71,173.0,79.0,208.78,0.0,4.0,0,160.09,66.0,56.0,305.54,15.0,3.0,1,1,3.0,2.995732273553991,5.696119858320856,0.7036500286475009,0,4.0,0.8776067107888208,1.9699590138138128,True,pair_624_285
286,대조,0,36.0,8.0,153.21,74.0,13.0,55.25,0.0,1.0,0,0.0,0.0,0.0,0.0,0.0,36.0,0,0,36.0,2.1972245773362196,5.038315309869565,0.3606161477710332,0,1.0,0.40596574847922706,-0.3806681875018236,True,pair_2411_286
288,처치,1,1.0,7.0,265.63,14227.0,40.0,122.02,0.0,2.0,0,120.63,48.0,40.0,274.59,8.0,1.0,1,1,1.0,2.0794415416798357,5.585861929545826,0.45936076497383577,0,2.0,0.49469744048700814,-0.021211033267199888,True,pair_288_2347
293,처치,1,2.0,27.0,933.0,374.0,204.0,669.39,0.0,2.0,0,169.65,71.0,53.0,232.64000000000001,6.0,2.0,1,1,2.0,3.332204510175204,6.839476438228843,0.717459807073955,0,2.0,0.7009677589013711,0.851910495630073,True,pair_293_578
297,처치,1,11.0,13.0,272.81,128.0,50.0,154.44,0.0,1.0,0,62.95,21.0,18.0,106.83,4.0,11.0,1,1,11.0,2.6390573296152584,5.612434435196896,0.5661082804882519,0,1.0,0.44369447029599723,-0.22618146158109226,True,pair_297_1666
302,대조,0,1.0,11.0,152.99,60.0,25.0,72.46000000000001,0.0,1.0,1,109.15,24.0,22.0,216.72,12.0,1.0,1,1,1.0,2.4849066497880004,5.036887665240322,0.4736257271717106,0,1.0,0.5752721984083475,0.3033948204258602,True,pair_1000_302
303,처치,1,1.0,40.0,949.59,19234.0,153.0,442.52,0.0,1.0,0,345.92,195.0,151.0,637.05,29.0,1.0,1,1,1.0,3.713572066704308,6.8570828444527905,0.46601164713192006,0,1.0,0.7050325955539843,0.8713791797401812,True,pair_303_1419
305,처치,1,9.0,22.0,535.96,14561.0,78.0,273.48,0.0,3.0,0,139.19,43.0,33.0,296.77,8.0,9.0,1,1,9.0,3.1354942159291497,6.2859236038387865,0.5102619598477498,0,3.0,0.8336674376207672,1.6118453949060176,True,pair_305_2274
312,처치,1,7.0,7.0,523.99,207.0,94.0,279.17,0.0,1.0,0,42.089999999999996,14.0,14.0,180.42,4.0,7.0,1,1,7.0,2.0794415416798357,6.2633792147911675,0.5327773430790664,0,1.0,0.30125073542144315,-0.8413490459523709,True,pair_312_227
318,처치,1,8.0,19.0,192.84,4952.0,32.0,65.22,0.0,1.0,0,24.03,16.0,10.0,86.95,3.0,8.0,1,1,8.0,2.995732273553991,5.2670330765082705,0.3382078406969508,0,1.0,0.6091159258025217,0.4435975733539145,True,pair_318_1468
322,처치,1,20.0,11.0,323.96,145.0,63.0,186.74,0.0,1.0,0,26.94,15.0,13.0,40.3,1.0,20.0,1,1,20.0,2.4849066497880004,5.783702097832075,0.5764291887887394,0,1.0,0.39790211412374166,-0.4142140025916026,True,pair_322_1121
330,대조,0,1.0,75.0,675.74,25986.0,177.0,326.97,0.0,1.0,0,61.93,45.0,42.0,119.66,23.0,1.0,1,1,1.0,4.330733340286331,6.517287151879881,0.483869535620209,0,1.0,0.8219685748058371,1.5297420834178823,True,pair_1872_330
331,대조,0,3.0,8.0,212.36,115.0,48.0,107.51,0.0,2.0,0,105.08999999999999,33.0,24.0,179.21,11.0,3.0,1,1,3.0,2.1972245773362196,5.362980879873759,0.506262949708043,0,2.0,0.5179658842482044,0.07189448845199624,True,pair_754_331
335,대조,0,12.0,25.0,629.13,179.0,58.0,255.79,0.0,2.0,0,24.03,8.0,6.0,36.01,3.0,12.0,1,1,12.0,3.258096538021482,6.445926147304858,0.40657733695738557,0,2.0,0.7645449137019609,1.177760593851816,True,pair_2027_335
336,대조,0,2.0,36.0,771.73,76467.0,55.0,188.93,0.0,2.0,0,376.98,163.0,115.0,788.63,15.0,2.0,1,1,2.0,3.6109179126442243,6.649929699085574,0.24481360061161286,0,2.0,0.8463755896727203,1.7064524910209518,True,pair_2498_336
337,대조,0,3.0,10.0,136.84,68.0,13.0,49.36,0.0,1.0,0,47.85,26.0,20.0,88.45,4.0,3.0,1,1,3.0,2.3978952727983707,4.926093592219674,0.3607132417421806,0,1.0,0.4576840606334675,-0.16966962343991138,True,pair_2078_337
338,처치,1,6.0,30.0,478.73,285.0,129.0,371.45,0.0,1.0,0,92.32,60.0,41.0,144.93,14.0,6.0,1,1,6.0,3.4339872044851463,6.173223445639461,0.7759070875023499,0,1.0,0.5740354638456043,0.2983350837740107,True,pair_338_2379
343,처치,1,2.0,6.0,134.59,34.0,9.0,17.3,0.0,0.0,0,7.109999999999999,3.0,2.0,26.46,1.0,2.0,1,1,2.0,1.9459101490553132,4.909635626474218,0.1285385244074597,0,0.0,0.2618593851580786,-1.036326679649821,True,pair_343_1075
345,처치,1,8.0,21.0,553.96,323.0,137.0,334.37,0.0,5.0,0,448.92,184.0,141.0,619.99,16.0,8.0,1,1,8.0,3.091042453358316,6.318896039077046,0.6035995378727705,0,5.0,0.941802466458299,2.783952581852159,True,pair_345_534
348,처치,1,7.0,19.0,554.85,330.0,108.0,360.13,0.0,0.0,0,181.67000000000002,75.0,63.0,269.35,13.0,7.0,1,1,7.0,2.995732273553991,6.320498473679624,0.6490583040461385,0,0.0,0.3335403081393714,-0.6922159384232103,True,pair_348_1347
350,대조,0,12.0,12.0,473.51,67102.0,30.0,129.94,0.0,3.0,1,56.08,18.0,5.0,147.85,4.0,12.0,1,1,12.0,2.5649493574615367,6.162282692643507,0.2744187028785031,0,3.0,0.861571375498614,1.8284030565653295,True,pair_132_350
356,처치,1,2.0,28.0,604.28,31680.0,52.0,111.46,0.0,0.0,0,48.72,31.0,26.0,215.46,15.0,2.0,1,1,2.0,3.367295829986474,6.405691160884719,0.18445091679353942,0,0.0,0.554486379514622,0.21881442302072807,True,pair_356_86
362,처치,1,10.0,11.0,384.68,186.0,83.0,198.70000000000002,0.0,1.0,1,89.24,49.0,42.0,175.53,5.0,10.0,1,1,10.0,2.4849066497880004,5.955008010097367,0.5165332224186338,0,1.0,0.5394980573532607,0.1583221096174868,True,pair_362_2466
364,처치,1,5.0,8.0,184.62,79.0,35.0,103.54,0.0,3.0,0,2.29,1.0,1.0,2.29,1.0,5.0,1,1,5.0,2.1972245773362196,5.223701573167247,0.5608276459755173,0,3.0,0.6658401382423755,0.689430102571145,True,pair_364_192
365,처치,1,8.0,19.0,697.76,31458.0,80.0,410.71000000000004,0.0,5.0,0,303.38,72.0,55.0,491.23,10.0,8.0,1,1,8.0,2.995732273553991,6.549307335637029,0.5886121302453566,0,5.0,0.9356734654712417,2.677294340183152,True,pair_365_2385
368,대조,0,,0.0,0.0,0.0,0.0,0.0,0.0,3.0,0,0.0,0.0,0.0,0.0,0.0,90.0,0,0,90.0,0.0,0.0,0.0,0,3.0,0.40913578097907916,-0.36753915937784787,True,pair_733_368
370,대조,0,3.0,37.0,956.64,103436.0,136.0,311.55,0.0,0.0,1,172.5,77.0,67.0,459.86,21.0,3.0,1,1,3.0,3.6375861597263857,6.864471924465779,0.3256710988459609,0,0.0,0.6929004462007458,0.813714358098002,True,pair_536_370
384,대조,0,18.0,11.0,571.73,193.0,87.0,259.6,0.0,2.0,0,113.97,55.0,50.0,244.85,5.0,18.0,1,1,18.0,2.4849066497880004,6.350414401474677,0.45406048309516733,0,2.0,0.5817998706199152,0.33016642731391294,True,pair_211_384
390,처치,1,23.0,9.0,215.11,105.0,34.0,94.17,0.0,1.0,1,38.97,22.0,18.0,129.61,7.0,23.0,1,1,23.0,2.302585092994046,5.3757875373149355,0.43777602157035933,0,1.0,0.5312328310399781,0.12509419794541565,True,pair_390_1021
391,대조,0,9.0,14.0,593.39,237.0,93.0,270.95,0.0,0.0,1,0.0,0.0,0.0,7.99,1.0,9.0,0,1,9.0,2.70805020110221,6.3875356695742775,0.45661369419774517,0,0.0,0.4373663792747225,-0.25185741347736174,True,pair_986_391
398,대조,0,2.0,29.0,324.64,20376.0,38.0,100.31,0.0,0.0,0,32.78,18.0,14.0,199.08,18.0,2.0,1,1,2.0,3.4011973816621555,5.785792476705777,0.30898841793987186,0,0.0,0.5441753160754946,0.1771631966241122,True,pair_961_398
400,대조,0,2.0,51.0,3040.96,157789.0,343.0,1185.41,0.0,0.0,1,621.77,196.0,177.0,1648.97,29.0,2.0,1,1,2.0,3.9512437185814275,8.020257323488867,0.3898144007155635,0,0.0,0.7195641049116028,0.9423004579958845,True,pair_952_400
402,대조,0,6.0,11.0,174.58,15391.0,19.0,55.88,0.0,1.0,0,18.39,6.0,6.0,29.84,2.0,6.0,1,1,6.0,2.4849066497880004,5.1680947794980625,0.32008248367510594,0,1.0,0.4856674803209971,-0.05734578887401459,True,pair_2302_402
403,대조,0,1.0,9.0,236.12,88.0,44.0,163.2,0.0,1.0,0,35.64,2.0,2.0,35.64,2.0,1.0,1,1,1.0,2.302585092994046,5.468566342107722,0.6911739793325428,0,1.0,0.3300393355819105,-0.7080071547477921,True,pair_1940_403
405,대조,0,1.0,17.0,607.68,114137.0,72.0,153.3,0.0,2.0,0,121.84,68.0,47.0,339.95,10.0,1.0,1,1,1.0,2.8903717578961645,6.411292678051914,0.2522709320695103,0,2.0,0.7257147034380541,0.9729881741065511,True,pair_2497_405
410,대조,0,5.0,26.0,242.79,150.0,70.0,159.42,0.0,1.0,1,76.19,41.0,28.0,128.95,17.0,5.0,1,1,5.0,3.295836866004329,5.496307198978706,0.656616829358705,0,1.0,0.7086771699592413,0.8889680574811752,True,pair_110_410
420,처치,1,16.0,4.0,59.77,35.0,12.0,24.93,0.0,3.0,0,0.0,0.0,0.0,0.0,0.0,16.0,0,0,16.0,1.6094379124341003,4.107096246147264,0.4170988790363058,0,3.0,0.5904547457165238,0.36584558721406946,True,pair_420_907
433,처치,1,10.0,5.0,35.410000000000004,23.0,5.0,13.93,0.0,1.0,0,13.15,7.0,7.0,26.04,5.0,10.0,1,1,10.0,1.791759469228055,3.594843462187342,0.39339169726066076,0,1.0,0.3332286745319956,-0.6936181821455177,True,pair_433_160
436,대조,0,5.0,5.0,387.38,146.0,60.0,230.01,0.0,0.0,0,62.96,20.0,14.0,101.03,1.0,5.0,1,1,5.0,1.791759469228055,5.961984241785474,0.5937580670143012,0,0.0,0.1365575592196352,-1.8441810323145353,True,pair_1239_436
439,대조,0,,0.0,0.0,0.0,0.0,0.0,0.0,1.0,0,0.0,0.0,0.0,0.0,0.0,90.0,0,0,90.0,0.0,0.0,0.0,0,1.0,0.15483169392656282,-1.6971971049821566,True,pair_1681_439
441,처치,1,4.0,8.0,310.81,146.0,42.0,134.49,0.0,0.0,1,105.78,36.0,35.0,244.76,9.0,4.0,1,1,4.0,2.1972245773362196,5.74239402795031,0.43270808532544003,0,0.0,0.33436153366639565,-0.688523836112604,True,pair_441_2046
442,대조,0,5.0,14.0,184.19,20641.0,25.0,62.56,0.0,2.0,1,263.07,157.0,111.0,547.23,34.0,5.0,1,1,5.0,2.70805020110221,5.221382325073914,0.3396492752049514,0,2.0,0.7918615445161135,1.3361830493833473,True,pair_257_442
447,처치,1,72.0,1.0,6.890000000000001,6.0,0.0,0.0,0.0,3.0,0,0.0,0.0,0.0,30.01,1.0,72.0,0,1,72.0,0.6931471805599453,2.065596134857783,0.0,0,3.0,0.5318144757108049,0.12743006186875153,True,pair_447_2146
451,처치,1,2.0,22.0,396.63,7325.0,60.0,199.84,0.0,1.0,1,76.87,32.0,24.0,200.96,15.0,2.0,1,1,2.0,3.1354942159291497,5.9855219246523035,0.5038448932254243,0,1.0,0.6994314651477204,0.8445920150268076,True,pair_451_1683
459,대조,0,7.0,12.0,164.16,54.0,25.0,65.01,0.0,1.0,0,27.54,13.0,12.0,102.22,6.0,7.0,1,1,7.0,2.5649493574615367,5.10691470101789,0.39601608187134507,0,1.0,0.48636063344335023,-0.05457100487450803,True,pair_954_459
462,처치,1,8.0,16.0,223.69,105.0,55.0,136.66,0.0,0.0,1,108.44,51.0,37.0,165.9,9.0,8.0,1,1,8.0,2.833213344056216,5.414721674418139,0.6109347758058027,0,0.0,0.4513367856245211,-0.19527098653328323,True,pair_462_1325
469,처치,1,4.0,23.0,1163.46,5835.0,177.0,488.42,0.0,2.0,1,270.16,121.0,95.0,458.16,12.0,4.0,1,1,4.0,3.1780538303479458,7.060012739228212,0.41979956337132346,0,2.0,0.8228762217207198,1.535956990003532,True,pair_469_2030
473,대조,0,11.0,13.0,567.22,47294.0,86.0,260.96000000000004,0.0,1.0,1,154.21,79.0,47.0,266.88,5.0,11.0,1,1,11.0,2.6390573296152584,6.342508667674258,0.4600684037939424,0,1.0,0.5848187904563481,0.3425869649128478,True,pair_1403_473
475,대조,0,15.0,6.0,104.08,60.0,22.0,50.26,0.0,1.0,0,73.0,39.0,37.0,118.7,4.0,15.0,1,1,15.0,1.9459101490553132,4.654721964817339,0.4828977709454266,0,1.0,0.3212079880032815,-0.7482259144464841,True,pair_1768_475
479,처치,1,1.0,8.0,256.46,152.0,47.0,136.7,0.0,1.0,0,120.07,61.0,49.0,232.49,5.0,1.0,1,1,1.0,2.1972245773362196,5.550864368231489,0.5330265928409889,0,1.0,0.3442375222064006,-0.6444667562065701,True,pair_479_2074
481,대조,0,5.0,5.0,393.57,176.0,67.0,222.98,0.0,1.0,0,0.0,0.0,0.0,0.0,0.0,5.0,0,0,5.0,1.791759469228055,5.977796564342562,0.5665574103717255,0,1.0,0.24053750357317424,-1.1497349241218104,True,pair_780_481
484,처치,1,10.0,14.0,388.84000000000003,175.0,83.0,191.38,0.0,1.0,1,126.87,57.0,52.0,251.05,12.0,10.0,1,1,10.0,2.70805020110221,5.965736398535251,0.49218187429276816,0,1.0,0.6028884425315848,0.41751493312461907,True,pair_484_2034
485,대조,0,4.0,19.0,599.54,69535.0,105.0,277.38,0.0,0.0,1,276.5,122.0,86.0,463.45,15.0,4.0,1,1,4.0,2.995732273553991,6.397829250458982,0.4626547019381526,0,0.0,0.5095232956596389,0.038097790029613735,True,pair_2475_485
491,처치,1,9.0,15.0,614.49,44961.0,73.0,304.23,0.0,2.0,1,118.35,40.0,30.0,213.31,8.0,9.0,1,1,9.0,2.772588722239781,6.422418698538829,0.49509349216423376,0,2.0,0.7496897979663544,1.0969585614310269,True,pair_491_808
498,대조,0,32.0,13.0,145.56,73.0,38.0,98.45,0.0,0.0,0,66.04,18.0,17.0,109.3,10.0,32.0,1,1,32.0,2.6390573296152584,4.9874349009258205,0.6763533937895027,0,0.0,0.2799512094788852,-0.944703638202337,True,pair_1887_498
508,대조,0,7.0,3.0,99.61,49.0,20.0,60.269999999999996,0.0,1.0,0,24.33,15.0,12.0,55.45,7.0,7.0,1,1,7.0,1.3862943611198906,4.611251656303959,0.6050597329585382,0,1.0,0.1870672296345911,-1.4691803438446132,True,pair_763_508
514,대조,0,8.0,9.0,349.28000000000003,193.0,100.0,266.12,0.0,1.0,0,90.86,58.0,46.0,100.01,3.0,8.0,1,1,8.0,2.302585092994046,5.858732834654024,0.7619102153000458,0,1.0,0.30382521463359585,-0.8291481730121207,True,pair_1587_514
523,처치,1,2.0,50.0,833.85,59506.0,186.0,365.83,0.0,0.0,1,154.77,71.0,63.0,348.27,17.0,2.0,1,1,2.0,3.9318256327243257,6.727252067994966,0.43872399112550214,0,0.0,0.7319047079310183,1.0043078403316834,True,pair_523_1580
527,대조,0,4.0,22.0,571.09,200.0,87.0,279.17,0.0,1.0,1,123.55,62.0,46.0,267.53000000000003,11.0,4.0,1,1,4.0,3.1354942159291497,6.349296321660083,0.4888371360030818,0,1.0,0.6949768682482965,0.8234909463744904,True,pair_216_527
529,대조,0,14.0,9.0,330.26,154.0,58.0,226.41,0.0,2.0,0,76.54,47.0,40.0,126.69,2.0,14.0,1,1,14.0,2.302585092994046,5.802903565524009,0.6855507781747714,0,2.0,0.4828435987358107,-0.06865255663849067,True,pair_1007_529
533,대조,0,7.0,10.0,273.9,165.0,61.0,135.93,0.0,2.0,0,32.0,15.0,12.0,65.92,3.0,7.0,1,1,7.0,2.3978952727983707,5.6164073951712,0.4962760131434831,0,2.0,0.5661956827716584,0.26634619727091374,True,pair_1703_533
534,대조,0,1.0,58.0,175.42,5497.0,57.0,81.62,0.0,2.0,1,41.38,28.0,28.0,91.0,29.0,1.0,1,1,1.0,4.07753744390572,5.172867515830621,0.46528332003192346,0,2.0,0.932221125672908,2.6213194875530443,True,pair_345_534
536,처치,1,30.0,6.0,28.830000000000002,18.0,6.0,11.66,0.0,3.0,0,83.92,51.0,31.0,153.18,8.0,30.0,1,1,30.0,1.9459101490553132,3.395514598526657,0.4044398196323274,0,3.0,0.6923473335164084,0.8111163163288967,True,pair_536_370
537,대조,0,30.0,3.0,66.94,14.0,4.0,24.75,0.0,1.0,0,0.0,0.0,0.0,0.0,0.0,30.0,0,0,30.0,1.3862943611198906,4.218624962732438,0.36973409023005677,0,1.0,0.24060231727574008,-1.1493801616052872,True,pair_2358_537
538,대조,0,5.0,13.0,724.8100000000001,26753.0,113.0,397.93,0.0,1.0,0,323.5,132.0,101.0,558.08,10.0,5.0,1,1,5.0,2.6390573296152584,6.587288272584304,0.5490128447455195,0,1.0,0.4224488422161511,-0.3127286674256753,True,pair_1972_538
540,대조,0,7.0,10.0,362.49,117.0,71.0,238.8,0.0,1.0,1,334.46,134.0,107.0,552.54,14.0,7.0,1,1,7.0,2.3978952727983707,5.895751786278789,0.6587767938425888,0,1.0,0.4773784238797912,-0.09054812051617722,True,pair_47_540
542,처치,1,9.0,9.0,140.13,62.0,34.0,84.8,0.0,0.0,1,84.28,36.0,32.0,172.3,7.0,9.0,1,1,9.0,2.302585092994046,4.949681451425915,0.6051523585242276,0,0.0,0.3338276418417125,-0.690923615701018,True,pair_542_1746
545,처치,1,17.0,8.0,409.84,7850.0,80.0,171.9,4.0,1.0,0,44.36,25.0,24.0,93.41,2.0,17.0,1,1,17.0,2.1972245773362196,6.018203844297603,0.4194319734530549,1,1.0,0.5317525904183116,0.12718151638284145,True,pair_545_2393
548,처치,1,6.0,13.0,538.24,11632.0,131.0,294.57,0.0,1.0,1,129.51,63.0,50.0,218.6,5.0,6.0,1,1,6.0,2.6390573296152584,6.290160740822864,0.5472837395957194,0,1.0,0.5612683235693282,0.2463110755215351,True,pair_548_976
558,처치,1,5.0,20.0,296.75,134.0,72.0,192.88,0.0,1.0,0,101.83,38.0,36.0,139.36,10.0,5.0,1,1,5.0,3.044522437723423,5.696254208235409,0.6499747262005054,0,1.0,0.5221441270931582,0.08863448940553563,True,pair_558_1001
562,대조,0,1.0,13.0,556.2,151.0,41.0,155.52,0.0,1.0,0,112.36,50.0,31.0,248.82999999999998,5.0,1.0,1,1,1.0,2.6390573296152584,6.322924241905651,0.2796116504854369,0,1.0,0.5061284127340804,0.02451487860703484,True,pair_672_562
563,처치,1,1.0,5.0,215.34,120.0,57.0,122.96000000000001,0.0,0.0,0,0.0,0.0,0.0,2.99,1.0,1.0,0,1,1.0,1.791759469228055,5.376851244202143,0.5710039936844061,0,0.0,0.1472301921358916,-1.756492354366899,True,pair_563_834
566,처치,1,4.0,10.0,147.99,57.0,23.0,56.14,0.0,0.0,0,6.49,2.0,2.0,17.46,1.0,4.0,1,1,4.0,2.3978952727983707,5.003879189599248,0.3793499560781134,0,0.0,0.2965069610928105,-0.8639872858522972,True,pair_566_927
576,처치,1,25.0,16.0,372.71999999999997,136.0,73.0,227.98,0.0,6.0,1,67.78,31.0,19.0,128.21,3.0,25.0,1,1,25.0,2.833213344056216,5.923506853924755,0.6116655934749946,0,6.0,0.9768743633913746,3.743416237455621,True,pair_576_598
577,처치,1,39.0,3.0,456.02,133.0,65.0,214.94,0.0,0.0,0,61.38,29.0,24.0,163.29,2.0,39.0,1,1,39.0,1.3862943611198906,6.124727153612752,0.47133897636068595,0,0.0,0.10595939710182814,-2.1326952167322775,True,pair_577_1950
578,대조,0,8.0,22.0,409.18,15041.0,75.0,203.08,0.0,1.0,1,250.03,79.0,69.0,368.14,15.0,8.0,1,1,8.0,3.1354942159291497,6.016596087745587,0.4963096925558434,0,1.0,0.7009285816947354,0.8517235991606663,True,pair_293_578
580,처치,1,9.0,10.0,154.25,38.0,23.0,48.27,0.0,1.0,0,17.9,8.0,7.0,70.96000000000001,6.0,9.0,1,1,9.0,2.3978952727983707,5.045036720813588,0.3129335494327391,0,1.0,0.4686348443808134,-0.1256255784842574,True,pair_580_83
584,대조,0,23.0,14.0,171.48,10447.0,30.0,86.07,0.0,1.0,0,0.0,0.0,0.0,20.0,1.0,23.0,0,1,23.0,2.70805020110221,5.150281287720632,0.501924422673198,0,1.0,0.49315405909176063,-0.027385475015193794,True,pair_1824_584
594,처치,1,5.0,12.0,401.13,194.0,70.0,143.91,0.0,1.0,0,66.63,37.0,29.0,122.52,5.0,5.0,1,1,5.0,2.5649493574615367,5.996775419426559,0.35876149876598606,0,1.0,0.4731219622161397,-0.10761589091094427,True,pair_594_2474
598,대조,0,4.0,29.0,485.87,6050.0,85.0,243.66,0.0,5.0,1,166.79,85.0,63.0,337.65,17.0,4.0,1,1,4.0,3.4011973816621555,6.1879971469959,0.5014921686870973,0,5.0,0.977293569465015,3.7621389195747734,True,pair_576_598
603,처치,1,19.0,13.0,252.25,14394.0,31.0,101.81,0.0,3.0,0,0.0,0.0,0.0,0.0,0.0,19.0,0,0,19.0,2.6390573296152584,5.5343771431287925,0.40360753221010903,0,3.0,0.7860501372424001,1.3012788768419352,True,pair_603_1285
606,처치,1,1.0,12.0,335.29,145.0,65.0,189.71,0.0,1.0,1,231.94,90.0,84.0,392.27,8.0,1.0,1,1,1.0,2.5649493574615367,5.817973882948782,0.5658087029138954,0,1.0,0.5490745242522319,0.19693209414302418,True,pair_606_2254
607,처치,1,19.0,9.0,65.23,7704.0,15.0,22.2,0.0,1.0,1,0.0,0.0,0.0,0.0,1.0,19.0,0,1,19.0,2.302585092994046,4.193133532496888,0.34033420205426945,0,1.0,0.5897112118298802,0.36277167245189196,True,pair_607_1905
621,처치,1,1.0,19.0,659.5600000000001,236.0,83.0,310.14,0.0,0.0,1,173.78,64.0,53.0,270.45,13.0,1.0,1,1,1.0,2.995732273553991,6.4930879601091736,0.4702225726241736,0,0.0,0.5045717525984272,0.01828752003977361,True,pair_621_1204
624,처치,1,4.0,18.0,579.08,37322.0,69.0,237.79,0.0,3.0,1,223.37,142.0,61.0,504.46,13.0,4.0,1,1,4.0,2.9444389791664403,6.363166025063338,0.41063410927678384,0,3.0,0.8852159977569536,2.042779559599616,True,pair_624_285
632,처치,1,3.0,13.0,584.48,10827.0,111.0,311.29,0.0,0.0,0,113.46,29.0,24.0,206.77,6.0,3.0,1,1,3.0,2.6390573296152584,6.372432023615747,0.5325930741856009,0,0.0,0.2816617094734012,-0.9362338757795562,True,pair_632_2035
633,처치,1,3.0,21.0,774.91,23439.0,119.0,450.84000000000003,0.0,0.0,0,99.72,33.0,29.0,139.46,5.0,3.0,1,1,3.0,3.091042453358316,6.654036534075647,0.5817965957336981,0,0.0,0.36528732086662596,-0.5524881983148574,True,pair_633_1832
634,처치,1,35.0,1.0,1.88,1.0,0.0,0.0,0.0,2.0,0,0.0,0.0,0.0,0.0,0.0,35.0,0,0,35.0,0.6931471805599453,1.0577902941478545,0.0,0,2.0,0.3916343003445765,-0.4404476837687881,True,pair_634_931
639,대조,0,5.0,30.0,208.3,98.0,41.0,127.85,0.0,0.0,0,55.67,19.0,33.0,110.02,9.0,5.0,1,1,5.0,3.4339872044851463,5.343768629451954,0.613778204512722,0,0.0,0.4771908428517028,-0.09129999647294981,True,pair_971_639
640,처치,1,31.0,7.0,142.5,5661.0,22.0,107.72,0.0,1.0,0,0.0,0.0,0.0,0.0,0.0,31.0,0,0,31.0,2.0794415416798357,4.966335035199676,0.7559298245614035,0,1.0,0.27845863302157836,-0.9521201978563449,True,pair_640_1651
650,처치,1,3.0,10.0,95.42,48.0,22.0,42.67,0.0,3.0,0,24.259999999999998,15.0,15.0,67.88,4.0,3.0,1,1,3.0,2.3978952727983707,4.568713648977476,0.4471808845105848,0,3.0,0.750024163938858,1.0987411671611467,True,pair_650_1046
654,대조,0,3.0,18.0,181.75,98.0,42.0,88.05,0.0,2.0,0,36.07,26.0,26.0,72.22,14.0,3.0,1,1,3.0,2.9444389791664403,5.208119098629888,0.4844566712517194,0,2.0,0.7091994210454642,0.8914990212907784,True,pair_1808_654
662,대조,0,9.0,8.0,438.78000000000003,179.0,91.0,260.66,0.0,0.0,0,63.43,27.0,22.0,172.83,4.0,9.0,1,1,9.0,2.1972245773362196,6.086274601870625,0.5940562468663112,0,0.0,0.19239446414985772,-1.4345259759005031,True,pair_266_662
669,처치,1,3.0,10.0,746.73,288.0,141.0,495.86,0.0,3.0,0,382.58000000000004,146.0,110.0,669.52,10.0,3.0,1,1,3.0,2.3978952727983707,6.617041950244964,0.6640418893040323,0,3.0,0.6524133662680943,0.6296644187422755,True,pair_669_946
671,처치,1,4.0,17.0,537.37,31276.0,34.0,137.58,0.0,1.0,1,115.8,62.0,40.0,328.95,11.0,4.0,1,1,4.0,2.8903717578961645,6.288546056124276,0.2560247129538307,0,1.0,0.699054827584467,0.8428010796176738,True,pair_671_1850
672,처치,1,5.0,16.0,268.44,11926.0,52.0,110.22,0.0,0.0,1,34.52,18.0,14.0,52.26,3.0,5.0,1,1,5.0,2.833213344056216,5.596345731053962,0.4105945462673223,0,0.0,0.5037481464031989,0.014992866455411433,True,pair_672_562
682,대조,0,4.0,58.0,1506.56,134555.0,262.0,659.93,0.0,2.0,1,191.44,103.0,83.0,550.82,35.0,4.0,1,1,4.0,4.07753744390572,7.318247728804327,0.4380376486830926,0,2.0,0.9186193406359915,2.423734181313488,True,pair_1937_682
691,대조,0,4.0,11.0,370.58,162.0,55.0,192.12,0.0,2.0,0,11.06,4.0,4.0,39.61,1.0,4.0,1,1,4.0,2.4849066497880004,5.917764184178025,0.5184305682983432,0,2.0,0.5740149078374777,0.29825101709122226,True,pair_2447_691
694,처치,1,5.0,3.0,9.629999999999999,6.0,5.0,5.79,0.0,1.0,0,0.0,0.0,0.0,0.0,0.0,5.0,0,0,5.0,1.3862943611198906,2.3636801923538564,0.6012461059190032,0,1.0,0.22712860835094414,-1.2245962454688661,True,pair_694_1777
697,처치,1,1.0,11.0,491.09000000000003,28302.0,84.0,202.39000000000001,0.0,1.0,0,61.120000000000005,30.0,27.0,111.88,3.0,1.0,1,1,1.0,2.4849066497880004,6.1986616265925045,0.4121240505813598,0,1.0,0.43163255183851457,-0.2751934734860769,True,pair_697_2179
698,대조,0,15.0,12.0,141.94,117.0,30.0,62.3,0.0,3.0,0,43.06,19.0,17.0,80.97,2.0,15.0,1,1,15.0,2.5649493574615367,4.962424961791832,0.43891785261378047,0,3.0,0.7761837624759776,1.2435639524906246,True,pair_715_698
705,대조,0,5.0,14.0,237.36,170.0,64.0,180.62,0.0,1.0,0,94.18,40.0,30.0,125.2,11.0,5.0,1,1,5.0,2.70805020110221,5.473782135878778,0.7609538254128749,0,1.0,0.40961024520737255,-0.36557683401638347,True,pair_901_705
708,대조,0,5.0,12.0,286.74,133.0,63.0,192.7,0.0,3.0,1,146.81,60.0,45.0,260.16,5.0,5.0,1,1,5.0,2.5649493574615367,5.662057294608887,0.6720373857850317,0,3.0,0.8056835976325234,1.4222033361032054,True,pair_1266_708
710,처치,1,2.0,31.0,490.8,269.0,79.0,215.99,0.0,3.0,0,118.2,51.0,49.0,343.21000000000004,22.0,2.0,1,1,2.0,3.4657359027997265,6.198072129782092,0.44007742461287697,0,3.0,0.885316828556201,2.0437722839531656,True,pair_710_1591
715,처치,1,1.0,33.0,591.3,514.0,109.0,279.77,0.0,1.0,1,62.35,37.0,28.0,430.02,12.0,1.0,1,1,1.0,3.5263605246161616,6.384013263282919,0.47314392017588364,0,1.0,0.776236433764063,1.2438671699234922,True,pair_715_698
716,처치,1,6.0,5.0,54.38,29.0,14.0,40.64,0.0,0.0,1,82.02,36.0,24.0,110.67,11.0,6.0,1,1,6.0,1.791759469228055,4.014218517742816,0.7473335785215153,0,0.0,0.21634798857098192,-1.2870768893198368,True,pair_716_1133
722,대조,0,3.0,19.0,905.04,7453.0,207.0,693.86,0.0,3.0,1,268.1,135.0,88.0,434.62,8.0,3.0,1,1,3.0,2.995732273553991,6.809083455178767,0.7666622469725095,0,3.0,0.8373006763653968,1.6382793799192141,True,pair_1352_722
730,대조,0,8.0,12.0,153.12,61.0,31.0,90.76,0.0,1.0,0,63.2,9.0,9.0,85.9,5.0,8.0,1,1,8.0,2.5649493574615367,5.037731519757957,0.5927377220480669,0,1.0,0.4320943857109614,-0.27331118306502766,True,pair_71_730
733,처치,1,9.0,10.0,356.01,232.0,55.0,115.74,0.0,0.0,1,48.85,52.0,24.0,154.15,5.0,9.0,1,1,9.0,2.3978952727983707,5.877763792591814,0.32510322743743153,0,0.0,0.40884145854304416,-0.36875679211732043,True,pair_733_368
734,대조,0,30.0,15.0,275.59,12435.0,38.0,190.25,0.0,0.0,0,39.51,16.0,10.0,60.65,6.0,30.0,1,1,30.0,2.772588722239781,5.622536265287162,0.6903370949599043,0,0.0,0.2910232901032596,-0.8904193780757322,True,pair_2211_734
737,대조,0,3.0,8.0,392.21000000000004,145.0,62.0,279.92,0.0,1.0,0,69.98,36.0,31.0,120.4,6.0,3.0,1,1,3.0,2.1972245773362196,5.974343820299564,0.7136992937456974,0,1.0,0.28962304995805244,-0.8972154949607573,True,pair_1456_737
740,대조,0,1.0,17.0,757.96,371.0,143.0,485.12,0.0,4.0,1,181.84,76.0,53.0,322.08,6.0,1.0,1,1,1.0,2.8903717578961645,6.631949075084622,0.6400337748693862,0,4.0,0.9135336610201678,2.3575650300870383,True,pair_2082_740
741,대조,0,6.0,11.0,524.55,227.0,112.0,333.38,0.0,2.0,1,180.31,65.0,54.0,348.48,9.0,6.0,1,1,6.0,2.4849066497880004,6.2644453332693635,0.6355542846249166,0,2.0,0.65741633378074,0.6518015981497046,True,pair_1678_741
744,처치,1,1.0,28.0,877.1800000000001,75490.0,170.0,410.25,0.0,2.0,0,238.71,96.0,89.0,402.78000000000003,15.0,1.0,1,1,1.0,3.367295829986474,6.777851584012676,0.4676919218404432,0,2.0,0.7653539182185045,1.182260021075396,True,pair_744_1502
747,처치,1,8.0,19.0,163.6,96.0,31.0,63.0,0.0,1.0,0,28.15,21.0,17.0,75.28,8.0,8.0,1,1,8.0,2.995732273553991,5.103518288242969,0.38508557457212717,0,1.0,0.6004051828878545,0.4071536556130858,True,pair_747_1110
748,대조,0,1.0,19.0,850.71,7701.0,132.0,508.95,0.0,0.0,1,308.25,144.0,108.0,403.23,17.0,1.0,1,1,1.0,2.995732273553991,6.747246093301543,0.5982649786648799,0,0.0,0.46099611070269886,-0.15633318034042268,True,pair_1942_748
749,처치,1,23.0,18.0,74.78,53.0,35.0,56.68,0.0,1.0,0,15.729999999999999,5.0,5.0,23.71,4.0,23.0,1,1,23.0,2.9444389791664403,4.327834405590455,0.7579566729071944,0,1.0,0.5030257069464429,0.012102975522629136,True,pair_749_2338
752,처치,1,5.0,13.0,476.59,63159.0,54.0,170.21,0.0,1.0,1,14.8,5.0,4.0,43.55,3.0,5.0,1,1,5.0,2.6390573296152584,6.168752623835738,0.3571413584003022,0,1.0,0.6172510235424951,0.4778964261000026,True,pair_752_2108
754,처치,1,20.0,3.0,157.88,73.0,23.0,58.72,0.0,3.0,0,51.03,36.0,19.0,87.13,5.0,20.0,1,1,20.0,1.3862943611198906,5.068149200296863,0.3719280466176843,0,3.0,0.5209282693031231,0.08376201626169726,True,pair_754_331
760,대조,0,1.0,14.0,337.44,97.0,39.0,258.37,0.0,2.0,0,128.95,38.0,27.0,223.51,7.0,1.0,1,1,1.0,2.70805020110221,5.8243468240563,0.7656768610715979,0,2.0,0.5634232776519293,0.2550670440200118,True,pair_1134_760
763,처치,1,5.0,3.0,340.87,201.0,55.0,171.65,0.0,1.0,0,0.0,0.0,0.0,0.0,0.0,5.0,0,0,5.0,1.3862943611198906,5.8344305478407765,0.5035644087188664,0,1.0,0.1848261060596869,-1.4839860414921842,True,pair_763_508
764,처치,1,4.0,14.0,426.56,18182.0,92.0,229.87,0.0,0.0,1,213.65,100.0,77.0,474.85,19.0,4.0,1,1,4.0,2.70805020110221,6.058094629405745,0.5388925356339085,0,0.0,0.4224399980716284,-0.3127649161284106,True,pair_764_793
769,대조,0,8.0,5.0,79.67,7267.0,4.0,36.29,0.0,1.0,0,25.78,5.0,5.0,57.4,3.0,8.0,1,1,8.0,1.791759469228055,4.390366758948883,0.455503953809464,0,1.0,0.2992358481758863,-0.850939332749448,True,pair_1941_769
779,대조,0,34.0,10.0,470.5,160.0,66.0,224.5,0.0,1.0,1,144.31,61.0,46.0,263.01,8.0,34.0,1,1,34.0,2.3978952727983707,6.155919102073512,0.4771519659936238,0,1.0,0.5246528157611712,0.09869128928812122,True,pair_1772_779
780,처치,1,67.0,3.0,17.44,8.0,2.0,8.66,0.0,1.0,0,0.0,0.0,0.0,0.0,0.0,67.0,0,0,67.0,1.3862943611198906,2.914522218128448,0.49655963302752293,0,1.0,0.24146944499794906,-1.144640138093667,True,pair_780_481
784,처치,1,12.0,8.0,273.34000000000003,26640.0,26.0,67.05,0.0,2.0,1,29.69,18.0,17.0,116.53999999999999,8.0,12.0,1,1,12.0,2.1972245773362196,5.614368213050261,0.24529889514889877,0,2.0,0.7053617267988318,0.8729623474734972,True,pair_784_1211
785,대조,0,13.0,3.0,30.85,14.0,9.0,25.82,0.0,1.0,1,111.32000000000001,43.0,43.0,250.47,15.0,13.0,1,1,13.0,1.3862943611198906,3.4610373820181723,0.8369529983792544,0,1.0,0.2523374386442982,-1.086184520973331,True,pair_820_785
793,대조,0,13.0,22.0,305.37,9653.0,56.0,150.74,0.0,0.0,0,64.33,26.0,22.0,134.9,8.0,13.0,1,1,13.0,3.1354942159291497,5.724793521845665,0.49363067753872353,0,0.0,0.42502219044281075,-0.30219006761021444,True,pair_764_793
802,처치,1,7.0,8.0,234.96,79.0,37.0,114.73,0.0,1.0,1,88.26,30.0,20.0,134.03,3.0,7.0,1,1,7.0,2.1972245773362196,5.4636622991348744,0.48829588014981273,0,1.0,0.4857718079293627,-0.056928137755060164,True,pair_802_119
803,대조,0,2.0,12.0,346.24,158.0,71.0,196.98,0.0,1.0,1,181.35,72.0,64.0,254.31,9.0,2.0,1,1,2.0,2.5649493574615367,5.850016183523607,0.5689117375231053,0,1.0,0.5474133954123576,0.19022513110244485,True,pair_2410_803
807,처치,1,13.0,12.0,327.34000000000003,27272.0,48.0,98.23,0.0,2.0,0,100.42,49.0,39.0,328.14,7.0,13.0,1,1,13.0,2.5649493574615367,5.794049656866372,0.30008553797275,0,2.0,0.6567528557877089,0.6488570521538537,True,pair_807_1270
808,대조,0,7.0,23.0,384.73,26605.0,43.0,137.8,0.0,1.0,1,34.39,25.0,18.0,110.64,17.0,7.0,1,1,7.0,3.1780538303479458,5.9551376428479665,0.3581732643672186,0,1.0,0.742944522140995,1.0613294458009275,True,pair_491_808
820,처치,1,1.0,9.0,78.82000000000001,32.0,15.0,43.08,0.0,0.0,0,33.32,9.0,8.0,65.98,7.0,1.0,1,1,1.0,2.302585092994046,4.379774099620588,0.5465617863486424,0,0.0,0.25167015243475566,-1.0897245422362836,True,pair_820_785
823,처치,1,2.0,19.0,717.53,26629.0,54.0,252.45000000000002,0.0,0.0,1,11.79,4.0,3.0,72.94,6.0,2.0,1,1,2.0,2.995732273553991,6.577207458300864,0.3518319791506976,0,0.0,0.5363992043141637,0.14585484024104936,True,pair_823_1246
830,처치,1,10.0,9.0,133.14,86.0,39.0,97.02,0.0,2.0,0,9.71,8.0,6.0,12.21,2.0,10.0,1,1,10.0,2.302585092994046,4.898884030671591,0.7287066246056783,0,2.0,0.4943325934314608,-0.022670597198333826,True,pair_830_2033
831,대조,0,1.0,26.0,972.95,340.0,151.0,458.45,0.0,0.0,1,328.12,121.0,109.0,756.89,15.0,1.0,1,1,1.0,3.295836866004329,6.881359967622606,0.4711958476797368,0,0.0,0.5715074192105054,0.2880040416352049,True,pair_2071_831
834,대조,0,6.0,1.0,9.0,3.0,1.0,9.0,0.0,2.0,0,0.0,0.0,0.0,7.7299999999999995,1.0,6.0,0,1,6.0,0.6931471805599453,2.302585092994046,1.0,0,2.0,0.15013271701741804,-1.7335605166008818,True,pair_563_834
836,대조,0,2.0,16.0,427.5,210.0,67.0,236.05,0.0,2.0,0,71.38,23.0,20.0,156.38,9.0,2.0,1,1,2.0,2.833213344056216,6.060290738037835,0.5521637426900585,0,2.0,0.6470669412718468,0.6061713496283082,True,pair_1181_836
850,처치,1,7.0,8.0,158.58,5381.0,30.0,96.34,0.0,1.0,0,28.3,14.0,12.0,113.35000000000001,7.0,7.0,1,1,7.0,2.1972245773362196,5.072545363880135,0.6075167108084247,0,1.0,0.3368903153101049,-0.6771830099236885,True,pair_850_2247
852,대조,0,4.0,14.0,525.84,214.0,113.0,340.1,0.0,0.0,1,125.0,30.0,27.0,151.42000000000002,6.0,4.0,1,1,4.0,2.70805020110221,6.266896897130846,0.6467746843146204,0,0.0,0.3871472316843759,-0.4593196605864076,True,pair_1351_852
862,처치,1,2.0,16.0,390.99,212.0,64.0,216.68,0.0,0.0,0,21.25,11.0,9.0,42.15,2.0,2.0,1,1,2.0,2.833213344056216,5.97123632926099,0.5541829714314944,0,0.0,0.3282148222709116,-0.7162702734689562,True,pair_862_1165
863,대조,0,3.0,35.0,564.27,44009.0,124.0,298.25,0.0,1.0,1,82.51,29.0,22.0,101.29,11.0,3.0,1,1,3.0,3.58351893845611,6.337303493106213,0.5285590231626703,0,1.0,0.7764651197254181,1.2451842559702748,True,pair_74_863
877,대조,0,10.0,8.0,660.45,17279.0,100.0,307.16,8.0,3.0,0,57.45,41.0,26.0,167.70000000000002,3.0,10.0,1,1,10.0,2.1972245773362196,6.49443439490839,0.4650768415474298,1,3.0,0.7943244597454242,1.3511921374639277,True,pair_6_877
879,대조,0,3.0,22.0,525.58,65168.0,61.0,176.69,0.0,0.0,1,99.83,33.0,25.0,190.15,10.0,3.0,1,1,3.0,3.1354942159291497,6.2664032668498955,0.336180981011454,0,0.0,0.5849117939303622,0.34297001386487136,True,pair_1207_879
882,처치,1,17.0,12.0,130.23,67.0,20.0,61.07,0.0,1.0,1,127.92,54.0,45.0,180.88,22.0,17.0,1,1,17.0,2.5649493574615367,4.876951508908196,0.468939568455809,0,1.0,0.6020512641526644,0.41401940549823674,True,pair_882_2075
886,처치,1,7.0,30.0,727.23,96116.0,39.0,88.71000000000001,0.0,1.0,1,45.68,25.0,15.0,291.53,14.0,7.0,1,1,7.0,3.4339872044851463,6.590616932365962,0.1219834165257209,0,1.0,0.8222371714463043,1.5315786452090276,True,pair_886_2013
896,처치,1,3.0,14.0,647.9,16819.0,136.0,335.12,0.0,3.0,0,112.24000000000001,60.0,51.0,229.12,4.0,3.0,1,1,3.0,2.70805020110221,6.4752786216271225,0.5172403148634048,0,3.0,0.7570796540962116,1.136734876309095,True,pair_896_1812
901,처치,1,4.0,6.0,244.44,148.0,61.0,159.05,0.0,2.0,0,117.03,51.0,40.0,225.63,4.0,4.0,1,1,4.0,1.9459101490553132,5.503052518178891,0.650670921289478,0,2.0,0.40837580494698106,-0.37068378663901275,True,pair_901_705
907,대조,0,6.0,10.0,272.79,174.0,46.0,118.19,0.0,2.0,0,2.02,2.0,2.0,30.37,3.0,6.0,1,1,6.0,2.3978952727983707,5.612361389177871,0.43326368268631543,0,2.0,0.5839515957085762,0.33901648537035345,True,pair_420_907
908,처치,1,1.0,29.0,886.69,26270.0,90.0,462.90000000000003,0.0,1.0,1,119.0,48.0,33.0,315.95,11.0,1.0,1,1,1.0,3.4011973816621555,6.788622582943796,0.5220539309115926,0,1.0,0.7337853584496524,1.013913652153166,True,pair_908_98
911,처치,1,2.0,9.0,601.75,283.0,154.0,373.57,0.0,1.0,1,94.22,57.0,46.0,208.95000000000002,4.0,2.0,1,1,2.0,2.302585092994046,6.401502517061281,0.6208059825508933,0,1.0,0.44973616733387356,-0.201736742953142,True,pair_911_2278
913,대조,0,2.0,10.0,202.04,73.0,37.0,133.09,0.0,2.0,0,85.97,30.0,26.0,143.56,6.0,2.0,1,1,2.0,2.3978952727983707,5.313403003966077,0.658730944367452,0,2.0,0.5275506464767253,0.11031432014129992,True,pair_915_913
915,처치,1,3.0,19.0,170.81,103.0,43.0,87.4,0.0,0.0,1,37.43,25.0,24.0,102.38,15.0,3.0,1,1,3.0,2.995732273553991,5.146389215073875,0.5116796440489433,0,0.0,0.5288273479539941,0.11543741250705626,True,pair_915_913
918,대조,0,3.0,10.0,419.26,248.0,91.0,256.02,0.0,3.0,0,26.68,12.0,7.0,38.86,3.0,3.0,1,1,3.0,2.3978952727983707,6.040873567365525,0.6106473310117826,0,3.0,0.6798003988968648,0.7528546692597193,True,pair_1692_918
919,대조,0,2.0,16.0,100.71,98.0,39.0,61.53,0.0,1.0,0,17.06,15.0,10.0,33.2,2.0,2.0,1,1,2.0,2.833213344056216,4.622125626637505,0.6109621686029193,0,1.0,0.5069330141820617,0.02773383425071057,True,pair_1723_919
924,처치,1,7.0,11.0,271.21,88.0,48.0,192.75,0.0,2.0,0,79.41,25.0,24.0,115.96000000000001,7.0,7.0,1,1,7.0,2.4849066497880004,5.606573827235426,0.7107038826001991,0,2.0,0.5277599241795861,0.11115399976278109,True,pair_924_1333
925,대조,0,51.0,10.0,39.04,18.0,9.0,16.26,0.0,1.0,0,0.0,0.0,0.0,0.0,0.0,51.0,0,0,51.0,2.3978952727983707,3.68987895444702,0.4164959016393443,0,1.0,0.47822672283836654,-0.08714822299167511,True,pair_2364_925
927,대조,0,3.0,14.0,670.35,294.0,110.0,351.41,0.0,0.0,0,27.79,14.0,14.0,48.05,3.0,3.0,1,1,3.0,2.70805020110221,6.509290610518717,0.5242186917282017,0,0.0,0.2953731721975843,-0.8694287929919763,True,pair_566_927
928,처치,1,2.0,22.0,341.71,98.0,45.0,148.47,0.0,2.0,0,118.99000000000001,53.0,47.0,266.98,10.0,2.0,1,1,2.0,3.1354942159291497,5.836884608495686,0.4344912352579673,0,2.0,0.7465431706047336,1.0802599357046265,True,pair_928_2213
931,대조,0,8.0,5.0,814.74,337.0,121.0,390.81,10.0,1.0,0,138.44,69.0,48.0,279.58,4.0,8.0,1,1,8.0,1.791759469228055,6.704095676740615,0.47967449738566903,1,1.0,0.39163387168198066,-0.4404494829306348,True,pair_634_931
935,대조,0,11.0,6.0,186.16000000000003,52089.0,7.0,17.17,0.0,1.0,0,8.27,3.0,3.0,58.45,2.0,11.0,1,1,11.0,1.9459101490553132,5.231963865998016,0.09223248818220885,0,1.0,0.4105826805758839,-0.3615571317855733,True,pair_1506_935
939,처치,1,5.0,29.0,932.89,752.0,192.0,444.17,0.0,0.0,1,220.08,130.0,95.0,468.94,14.0,5.0,1,1,5.0,3.4011973816621555,6.839358658273784,0.4761225868001587,0,0.0,0.5981379923282271,0.3977127185399858,True,pair_939_1151
944,대조,0,3.0,18.0,552.05,63297.0,61.0,217.08,0.0,0.0,0,46.48,16.0,13.0,98.91,4.0,3.0,1,1,3.0,2.9444389791664403,6.315448413348263,0.3932252513359298,0,0.0,0.3889393848922327,-0.4517726520690052,True,pair_2344_944
946,대조,0,2.0,22.0,405.7,256.0,130.0,280.62,0.0,1.0,1,53.86,25.0,26.0,88.75,9.0,2.0,1,1,2.0,3.1354942159291497,6.008075812913178,0.6916933694848411,0,1.0,0.6515683019116263,0.6259400062764301,True,pair_669_946
952,처치,1,2.0,18.0,377.82,19851.0,81.0,150.47,0.0,2.0,0,127.38,55.0,47.0,212.57,15.0,2.0,1,1,2.0,2.9444389791664403,5.9370611582285955,0.3982584299401832,0,2.0,0.7134770420508196,0.9123315944739554,True,pair_952_400
953,대조,0,7.0,16.0,121.58,94.0,33.0,46.02,0.0,1.0,0,52.44,38.0,29.0,89.19,4.0,7.0,1,1,7.0,2.833213344056216,4.808763878057586,0.37851620332291497,0,1.0,0.5687616081587615,0.2768003294926548,True,pair_36_953
954,처치,1,3.0,7.0,304.62,140.0,54.0,145.56,0.0,2.0,0,99.74,48.0,37.0,167.04,3.0,3.0,1,1,3.0,2.0794415416798357,5.7223425001771115,0.4778412448296238,0,2.0,0.4858761904294317,-0.05651027185761131,True,pair_954_459
961,처치,1,16.0,11.0,700.36,328.0,114.0,384.63,0.0,2.0,0,99.86,32.0,29.0,202.82,3.0,16.0,1,1,16.0,2.4849066497880004,6.55302130728033,0.5491889885201896,0,2.0,0.5494282284250377,0.19836077307104177,True,pair_961_398
964,처치,1,23.0,15.0,202.33,99.0,40.0,109.62,0.0,0.0,0,39.76,20.0,15.0,59.67,2.0,23.0,1,1,23.0,2.772588722239781,5.31483027492225,0.5417881678446103,0,0.0,0.3343577031577083,-0.6885410469883737,True,pair_964_2439
965,대조,0,36.0,2.0,26.96,15.0,1.0,2.79,0.0,1.0,0,118.36,61.0,37.0,162.57,3.0,36.0,1,1,36.0,1.0986122886681098,3.3307749173656096,0.10348664688427299,0,1.0,0.2600913579860968,-1.0454937756721008,True,pair_2231_965
971,처치,1,8.0,21.0,800.83,368.0,164.0,429.58,0.0,0.0,1,157.46,74.0,65.0,359.37,12.0,8.0,1,1,8.0,3.091042453358316,6.68689661532287,0.5364184658416892,0,0.0,0.5056585649532465,0.022635226199854128,True,pair_971_639
976,대조,0,3.0,14.0,1478.59,537.0,227.0,752.67,0.0,1.0,1,214.96,100.0,78.0,454.21,5.0,3.0,1,1,3.0,2.70805020110221,7.299520301352058,0.5090457801013127,0,1.0,0.5629456101386178,0.25312536698288307,True,pair_548_976
983,처치,1,6.0,21.0,349.07,154.0,80.0,232.33,0.0,2.0,1,97.24,32.0,30.0,172.58,11.0,6.0,1,1,6.0,3.091042453358316,5.858133134486126,0.665568510613917,0,2.0,0.7844548859150463,1.2918188299832187,True,pair_983_1756
986,처치,1,9.0,7.0,212.06,93.0,43.0,120.26,0.0,1.0,1,136.6,59.0,45.0,200.55,10.0,9.0,1,1,9.0,2.0794415416798357,5.361573816183052,0.5671036499104027,0,1.0,0.43567484541041074,-0.2587344028878949,True,pair_986_391
987,처치,1,5.0,7.0,263.67,157.0,57.0,151.06,0.0,2.0,0,43.86,14.0,8.0,80.6,3.0,5.0,1,1,5.0,2.0794415416798357,5.578483766958155,0.572913111085827,0,2.0,0.46258468571041633,-0.14994154834899517,True,pair_987_2440
995,처치,1,22.0,3.0,218.31,91.0,40.0,98.0,0.0,2.0,0,0.0,0.0,0.0,0.0,0.0,22.0,0,0,22.0,1.3862943611198906,5.390486254019414,0.44890293619165406,0,2.0,0.3310119824540369,-0.7036115734859293,True,pair_995_2472
999,처치,1,4.0,3.0,68.81,18.0,8.0,48.31,0.0,2.0,0,9.81,10.0,6.0,17.27,1.0,4.0,1,1,4.0,1.3862943611198906,4.24577726598231,0.7020781863101293,0,2.0,0.29364011381247024,-0.8777699465852523,True,pair_999_1981
1000,처치,1,1.0,22.0,582.15,389.0,127.0,193.26,0.0,1.0,0,121.91,66.0,63.0,315.1,9.0,1.0,1,1,1.0,3.1354942159291497,6.368444443137059,0.33197629476938934,0,1.0,0.6168483134700016,0.4761921892576818,True,pair_1000_302
1001,대조,0,45.0,10.0,602.09,252.0,74.0,277.58,0.0,1.0,1,228.62,107.0,44.0,368.22,7.0,45.0,1,1,45.0,2.3978952727983707,6.402066439321299,0.46102742114966194,0,1.0,0.52352204599021,0.0941576865904201,True,pair_558_1001
1003,대조,0,3.0,14.0,599.93,311.0,153.0,389.69,0.0,2.0,1,267.11,104.0,84.0,432.47,9.0,3.0,1,1,3.0,2.70805020110221,6.398478455205996,0.6495591152301102,0,2.0,0.7011412932471668,0.8527385172415468,True,pair_1279_1003
1007,처치,1,7.0,15.0,146.86,5782.0,49.0,79.59,0.0,1.0,0,13.48,10.0,10.0,20.8,6.0,7.0,1,1,7.0,2.772588722239781,4.996265880128954,0.5419447092469017,0,1.0,0.5013679706209176,0.0054718961367616736,True,pair_1007_529
1016,대조,0,16.0,3.0,64.65,29.0,7.0,22.09,0.0,2.0,0,87.8,33.0,27.0,200.33,4.0,16.0,1,1,16.0,1.3862943611198906,4.184337600748806,0.34168600154679035,0,2.0,0.38870467697024474,-0.45276031602120254,True,pair_215_1016
1019,대조,0,2.0,6.0,232.93,78.0,33.0,128.0,0.0,1.0,0,0.0,0.0,0.0,0.0,0.0,2.0,0,0,2.0,1.9459101490553132,5.455021925305676,0.5495213154166487,0,1.0,0.2860742543764575,-0.9145275513967622,True,pair_1774_1019
1021,대조,0,18.0,6.0,80.23,25.0,4.0,16.16,0.0,1.0,1,55.37,22.0,16.0,126.23,8.0,18.0,1,1,18.0,1.9459101490553132,4.397284637062863,0.20142091486974947,0,1.0,0.532250140907154,0.12917990460264783,True,pair_390_1021
1046,대조,0,3.0,32.0,573.38,14947.0,129.0,372.61,0.0,2.0,0,86.42,41.0,34.0,304.95,16.0,3.0,1,1,3.0,3.4965075614664802,6.353291198186317,0.6498482681642193,0,2.0,0.760090703743916,1.1531768535492777,True,pair_650_1046
1047,처치,1,2.0,10.0,88.74,49.0,13.0,26.86,0.0,1.0,0,14.17,7.0,7.0,43.95,3.0,2.0,1,1,2.0,2.3978952727983707,4.496916600547837,0.30268199233716475,0,1.0,0.48570702988737036,-0.057187460871518,True,pair_1047_138
1048,대조,0,1.0,30.0,634.1,65566.0,84.0,240.20000000000002,0.0,0.0,0,108.51,37.0,37.0,282.82,15.0,1.0,1,1,1.0,3.4339872044851463,6.45378246680893,0.3788046049519003,0,0.0,0.5147636303037197,0.059071692606007566,True,pair_1157_1048
1051,대조,0,15.0,6.0,139.8,75.0,36.0,83.15,0.0,1.0,0,11.53,8.0,6.0,23.2,1.0,15.0,1,1,15.0,1.9459101490553132,4.9473404437239425,0.5947782546494993,0,1.0,0.28733499195107404,-0.9083627211435746,True,pair_1925_1051
1055,대조,0,8.0,4.0,41.93,23.0,15.0,28.62,0.0,5.0,0,24.580000000000002,11.0,8.0,55.46,4.0,8.0,1,1,8.0,1.6094379124341003,3.7595708822364693,0.6825661817314572,0,5.0,0.8060848902020104,1.4247685748547452,True,pair_109_1055
1061,처치,1,3.0,11.0,619.38,8982.0,72.0,314.88,0.0,0.0,0,468.58,162.0,115.0,954.37,11.0,3.0,1,1,3.0,2.4849066497880004,6.430332193516472,0.5083793470890245,0,0.0,0.2544443399953102,-1.0750476840120065,True,pair_1061_41
1062,처치,1,5.0,33.0,197.14000000000001,131.0,70.0,135.68,0.0,0.0,1,64.57000000000001,49.0,39.0,107.0,18.0,5.0,1,1,5.0,3.5263605246161616,5.288973851544884,0.6882418585776605,0,0.0,0.6106253194825627,0.4499414769623275,True,pair_1062_2499
1064,대조,0,11.0,8.0,947.9000000000001,320.0,161.0,337.8,2.0,2.0,0,18.88,11.0,4.0,23.88,2.0,11.0,1,1,11.0,2.1972245773362196,6.855303418979713,0.35636670534866544,1,2.0,0.684199325129529,0.7731380473408438,True,pair_1822_1064
1065,대조,0,13.0,8.0,690.61,321.0,107.0,325.7,0.0,3.0,0,214.44,83.0,62.0,457.57,5.0,13.0,1,1,13.0,2.1972245773362196,6.539022212929588,0.4716120531124658,0,3.0,0.6578202348663252,0.6535954666944136,True,pair_2057_1065
1071,처치,1,2.0,5.0,135.19,124.0,45.0,68.13,0.0,2.0,0,143.58,100.0,77.0,287.61,10.0,2.0,1,1,2.0,1.791759469228055,4.914050969580866,0.5039573932983209,0,2.0,0.42561205807967495,-0.2997767554549107,True,pair_1071_1814
1072,처치,1,3.0,13.0,428.14,5570.0,105.0,207.21,0.0,1.0,0,147.6,93.0,73.0,270.81,8.0,3.0,1,1,3.0,2.6390573296152584,6.061783206016935,0.4839772037184099,0,1.0,0.4545851450638159,-0.18216147286775458,True,pair_1072_48
1075,대조,0,6.0,5.0,98.87,52.0,24.0,58.97,0.0,1.0,0,17.060000000000002,4.0,3.0,21.240000000000002,3.0,6.0,1,1,6.0,1.791759469228055,4.603869340255043,0.5964397693941539,0,1.0,0.2617984631043613,-1.0366418895805465,True,pair_343_1075
1088,대조,0,3.0,16.0,208.84,5172.0,35.0,97.55,0.0,0.0,0,33.46,17.0,11.0,62.47,6.0,3.0,1,1,3.0,2.833213344056216,5.346345335558619,0.467104003064547,0,0.0,0.36614571993619965,-0.5487876897827091,True,pair_2016_1088
1089,처치,1,8.0,10.0,94.91,36.0,22.0,58.37,0.0,0.0,0,7.28,2.0,2.0,8.82,1.0,8.0,1,1,8.0,2.3978952727983707,4.563410251739859,0.6150036877041407,0,0.0,0.25220767527562593,-1.0868724423250438,True,pair_1089_2346
1102,대조,0,18.0,9.0,216.06,100.0,30.0,81.84,0.0,2.0,0,123.28,49.0,45.0,198.24,7.0,18.0,1,1,18.0,2.302585092994046,5.380173813017869,0.3787836712024438,0,2.0,0.5819910303583508,0.33095214508989285,True,pair_2238_1102
1110,대조,0,3.0,36.0,1660.96,423.0,158.0,388.22,0.0,0.0,0,200.05,136.0,86.0,906.29,24.0,3.0,1,1,3.0,3.6109179126442243,7.4157529077370805,0.23373229939312207,0,0.0,0.5763489211146889,0.30780305383370915,True,pair_747_1110
1116,처치,1,3.0,6.0,240.09,139.0,40.0,153.51,0.0,2.0,0,18.330000000000002,7.0,5.0,54.84,2.0,3.0,1,1,3.0,1.9459101490553132,5.485170307761209,0.639385230538548,0,2.0,0.41191011612145656,-0.356074639160787,True,pair_1116_1949
1119,처치,1,1.0,11.0,297.36,151.0,61.0,146.53,0.0,0.0,0,36.42,23.0,20.0,131.37,3.0,1.0,1,1,1.0,2.4849066497880004,5.698300811086963,0.4927697067527576,0,0.0,0.2730406659470299,-0.9792497957110721,True,pair_1119_2493
1120,대조,0,69.0,5.0,76.64,30.0,13.0,31.37,0.0,1.0,1,73.99,39.0,32.0,144.66,4.0,69.0,1,1,69.0,1.791759469228055,4.35208275830081,0.4093162839248434,0,1.0,0.4376793370997534,-0.2505857265565194,True,pair_140_1120
1121,대조,0,23.0,5.0,229.68,123.0,52.0,129.35,0.0,2.0,0,16.86,10.0,9.0,77.47,4.0,23.0,1,1,23.0,1.791759469228055,5.441031468747212,0.5631748519679554,0,2.0,0.39696035221506765,-0.418146538228707,True,pair_322_1121
1122,처치,1,6.0,5.0,32.81,22.0,4.0,6.91,0.0,1.0,0,0.0,0.0,0.0,0.0,0.0,6.0,0,0,6.0,1.791759469228055,3.520756616719795,0.2106065224017068,0,1.0,0.38308723292683344,-0.4764649060747689,True,pair_1122_1408
1125,대조,0,1.0,13.0,28.07,50.0,5.0,0.9,0.0,0.0,0,2.17,3.0,3.0,9.05,3.0,1.0,1,1,1.0,2.6390573296152584,3.3697067145707846,0.03206270039187745,0,0.0,0.4902591990937167,-0.038968134019305455,True,pair_2437_1125
1127,대조,0,13.0,9.0,926.59,388.0,169.0,591.7,0.0,0.0,0,55.13,20.0,16.0,89.58,3.0,13.0,1,1,13.0,2.302585092994046,6.832589824814426,0.6385780118499013,0,0.0,0.1892561466715326,-1.4548507927952492,True,pair_1389_1127
1133,대조,0,9.0,11.0,177.81,97.0,51.0,143.43,0.0,0.0,0,58.51,30.0,19.0,115.89,9.0,9.0,1,1,9.0,2.4849066497880004,5.186323789587112,0.8066475451324447,0,0.0,0.21698424841529138,-1.283328049797021,True,pair_716_1133
1134,처치,1,5.0,3.0,377.0,169.0,73.0,221.24,0.0,4.0,0,270.73,90.0,73.0,525.89,4.0,5.0,1,1,5.0,1.3862943611198906,5.934894195619588,0.58684350132626,0,4.0,0.5996180310459986,0.40387382372283315,True,pair_1134_760
1141,처치,1,6.0,4.0,122.72,47.0,15.0,52.97,0.0,0.0,0,29.88,21.0,18.0,59.53,5.0,6.0,1,1,6.0,1.6094379124341003,4.818020947816869,0.4316329856584094,0,0.0,0.15129071704475316,-1.7245134404842761,True,pair_1141_1184
1151,대조,0,1.0,31.0,682.3,301.0,138.0,514.49,0.0,0.0,1,286.38,56.0,44.0,352.44,18.0,1.0,1,1,1.0,3.4657359027997265,6.526934001786732,0.7540524695881577,0,0.0,0.5441974738307918,0.17725252527978413,True,pair_939_1151
1153,대조,0,10.0,6.0,109.88,44.0,27.0,109.88,0.0,1.0,0,80.57,44.0,29.0,114.07,9.0,10.0,1,1,10.0,1.9459101490553132,4.708448535441593,1.0,0,1.0,0.20575327448690625,-1.3507163960880726,True,pair_1918_1153
1157,처치,1,2.0,17.0,361.48,107.0,41.0,186.35,0.0,1.0,0,74.99,21.0,19.0,97.00999999999999,4.0,2.0,1,1,2.0,2.8903717578961645,5.892969300358883,0.5155195308177493,0,1.0,0.5152344142550596,0.06095652467885043,True,pair_1157_1048
1160,처치,1,18.0,18.0,403.86,11397.0,90.0,194.98,0.0,1.0,1,194.52,104.0,78.0,295.12,7.0,18.0,1,1,18.0,2.9444389791664403,6.003541328333431,0.4827910662110632,0,1.0,0.6621202972598595,0.6727573342639823,True,pair_1160_1182
1165,대조,0,6.0,12.0,293.55,11002.0,34.0,98.85,0.0,0.0,0,19.83,7.0,7.0,38.03,3.0,6.0,1,1,6.0,2.5649493574615367,5.685448767967697,0.3367399080224834,0,0.0,0.3288382511124186,-0.7134441724709625,True,pair_862_1165
1172,대조,0,3.0,29.0,769.27,292.0,141.0,446.85,0.0,2.0,1,233.56,95.0,69.0,465.87,16.0,3.0,1,1,3.0,3.4011973816621555,6.6467411027352625,0.5808753753558569,0,2.0,0.8357346467812219,1.6268280268516477,True,pair_193_1172
1174,처치,1,1.0,14.0,156.83,93.0,43.0,105.37,0.0,1.0,1,146.49,69.0,49.0,287.0,13.0,1.0,1,1,1.0,2.70805020110221,5.0615185044108255,0.671874003698272,0,1.0,0.5756301093529088,0.3048598246251197,True,pair_1174_1988
1181,처치,1,2.0,14.0,253.97,168.0,54.0,128.02,0.0,2.0,0,125.72,74.0,47.0,247.37,6.0,2.0,1,1,2.0,2.70805020110221,5.541145891178645,0.5040752844824192,0,2.0,0.6426396142499642,0.5868393351199326,True,pair_1181_836
1182,대조,0,7.0,7.0,105.75,1784.0,19.0,55.25,0.0,3.0,0,3.46,3.0,2.0,6.45,1.0,7.0,1,1,7.0,2.0794415416798357,4.670489652108734,0.5224586288416075,0,3.0,0.6616908818663515,0.6708384728350317,True,pair_1160_1182
1184,대조,0,,0.0,0.0,0.0,0.0,0.0,0.0,1.0,0,0.0,0.0,0.0,0.0,0.0,90.0,0,0,90.0,0.0,0.0,0.0,0,1.0,0.15483169392656282,-1.6971971049821566,True,pair_1141_1184
1188,처치,1,2.0,12.0,237.29,201.0,116.0,159.17,0.0,1.0,1,192.83,154.0,130.0,324.5,14.0,2.0,1,1,2.0,2.5649493574615367,5.47348841931315,0.6707825867082473,0,1.0,0.5282943495204834,0.11329843933723169,True,pair_1188_1826
1204,대조,0,2.0,17.0,477.21,197.0,71.0,243.51,0.0,1.0,0,121.43,46.0,27.0,183.04,5.0,2.0,1,1,2.0,2.8903717578961645,6.170049966557982,0.5102784937448922,0,1.0,0.5093251709822528,0.03730500966280649,True,pair_621_1204
1207,처치,1,1.0,21.0,181.06,116.0,40.0,74.46,0.0,1.0,0,13.96,6.0,6.0,43.92,9.0,1.0,1,1,1.0,3.091042453358316,5.204336303077143,0.4112448911962885,0,1.0,0.6138160483495821,0.4633814731109392,True,pair_1207_879
1211,대조,0,2.0,24.0,1166.8,44183.0,95.0,658.73,0.0,2.0,0,287.14,84.0,40.0,663.51,9.0,2.0,1,1,2.0,3.2188758248682006,7.062876915849437,0.5645611930065135,0,2.0,0.7080633297578676,0.8859966424905632,True,pair_784_1211
1218,대조,0,20.0,16.0,633.53,22708.0,138.0,369.43,0.0,0.0,1,329.1,194.0,143.0,459.54,9.0,20.0,1,1,20.0,2.833213344056216,6.452884567360593,0.5831294492762774,0,0.0,0.4326831942596782,-0.27091208073941137,True,pair_1881_1218
1219,대조,0,8.0,18.0,93.04,75.0,17.0,49.15,0.0,1.0,1,52.01,14.0,11.0,90.34,8.0,8.0,1,1,8.0,2.9444389791664403,4.543720223671869,0.5282674118658641,0,1.0,0.6843480011851285,0.7738262247327696,True,pair_2288_1219
1224,처치,1,29.0,13.0,226.18,128.0,51.0,113.35000000000001,0.0,0.0,0,41.84,19.0,14.0,67.57,5.0,29.0,1,1,29.0,2.6390573296152584,5.425742654803275,0.5011495269254577,0,0.0,0.3119810198046624,-0.7908740730464323,True,pair_1224_1601
1237,대조,0,4.0,6.0,314.33,146.0,56.0,189.92000000000002,0.0,1.0,0,31.53,15.0,11.0,72.09,1.0,4.0,1,1,4.0,1.9459101490553132,5.753619709503373,0.6042057710049948,0,1.0,0.2672010546730444,-1.008869985337294,True,pair_1912_1237
1239,처치,1,23.0,2.0,171.94,98.0,37.0,106.81,0.0,1.0,0,64.22,28.0,17.0,133.1,1.0,23.0,1,1,23.0,1.0986122886681098,5.152944713532285,0.6212050715365826,0,1.0,0.13698802248610498,-1.840535075016564,True,pair_1239_436
1246,대조,0,6.0,4.0,191.74,65.0,26.0,91.73,0.0,3.0,0,104.07000000000001,30.0,28.0,170.94,4.0,6.0,1,1,6.0,1.6094379124341003,5.261342130423142,0.4784082611870241,0,3.0,0.5420591649156928,0.16863516111217913,True,pair_823_1246
1251,대조,0,4.0,6.0,46.43,12.0,2.0,4.970000000000001,0.0,1.0,0,0.99,1.0,1.0,2.3200000000000003,2.0,4.0,1,1,4.0,1.9459101490553132,3.85925493988949,0.10704286021968556,0,1.0,0.4418573881542476,-0.23362732773177539,True,pair_23_1251
1258,대조,0,3.0,40.0,646.52,16974.0,96.0,319.39,0.0,5.0,1,221.63,83.0,53.0,382.85,21.0,3.0,1,1,3.0,3.713572066704308,6.4731496811275555,0.4940141062921487,0,5.0,0.9831283974918571,4.065107845977575,True,pair_1421_1258
1265,대조,0,2.0,16.0,456.19,259.0,136.0,274.39,0.0,0.0,0,53.81,41.0,34.0,81.81,8.0,2.0,1,1,2.0,2.833213344056216,6.125099059415487,0.601481838707556,0,0.0,0.31277005640115163,-0.7872006665890001,True,pair_1993_1265
1266,처치,1,7.0,20.0,163.6,116.0,22.0,107.39,0.0,3.0,0,42.84,31.0,13.0,59.230000000000004,9.0,7.0,1,1,7.0,3.044522437723423,5.103518288242969,0.6564180929095355,0,3.0,0.8138120359041293,1.474972702118322,True,pair_1266_708
1269,처치,1,3.0,26.0,565.68,268.0,114.0,348.23,0.0,1.0,0,95.5,63.0,36.0,143.12,6.0,3.0,1,1,3.0,3.295836866004329,6.33979477051115,0.6155953896195729,0,1.0,0.5793993324550959,0.3203080828105896,True,pair_1269_1668
1270,대조,0,12.0,13.0,576.93,201.0,89.0,411.75,0.0,2.0,1,154.62,54.0,45.0,310.87,7.0,12.0,1,1,12.0,2.6390573296152584,6.359452754071865,0.7136914357027716,0,2.0,0.6712730357649583,0.7139484526784254,True,pair_807_1270
1277,처치,1,5.0,39.0,818.59,7561.0,125.0,345.11,0.0,2.0,0,56.89,25.0,13.0,127.48,11.0,5.0,1,1,5.0,3.6888794541139363,6.708804215216617,0.4215907841532391,0,2.0,0.8290219571498207,1.578711497219934,True,pair_1277_1622
1279,처치,1,15.0,30.0,648.11,347.0,159.0,402.4,0.0,2.0,0,277.48,150.0,116.0,547.32,18.0,15.0,1,1,15.0,3.4339872044851463,6.475602193867448,0.6208822576414497,0,2.0,0.7524833858846999,1.1119012103263919,True,pair_1279_1003
1285,대조,0,2.0,22.0,694.8,473.0,245.0,448.64,1.0,1.0,1,221.32,139.0,125.0,359.98,9.0,2.0,1,1,2.0,3.1354942159291497,6.545062262717842,0.6457109959700633,1,1.0,0.7870999470955098,1.3075324175400012,True,pair_603_1285
1288,대조,0,4.0,8.0,440.07,166.0,58.0,245.99,0.0,1.0,0,24.42,13.0,8.0,68.35,1.0,4.0,1,1,4.0,2.1972245773362196,6.089203593009278,0.5589792533006113,0,1.0,0.3249485591133652,-0.7311220065387257,True,pair_1294_1288
1291,처치,1,5.0,16.0,554.71,258.0,115.0,318.63,0.0,1.0,1,117.95,64.0,55.0,243.76,8.0,5.0,1,1,5.0,2.833213344056216,6.320246575445179,0.574408249355519,0,1.0,0.6019745145305007,0.41369907266841943,True,pair_1291_1512
1292,대조,0,49.0,2.0,55.21,27.0,19.0,49.480000000000004,0.0,1.0,0,106.12,22.0,20.0,125.19,1.0,49.0,1,1,49.0,1.0986122886681098,4.029094677013983,0.8962144539032785,0,1.0,0.11619579379669194,-2.0289589061110163,True,pair_1646_1292
1293,처치,1,5.0,27.0,463.69,325.0,135.0,260.42,0.0,0.0,0,170.72,98.0,92.0,300.37,17.0,5.0,1,1,5.0,3.332204510175204,6.141370516599652,0.5616252237486252,0,0.0,0.4445589768478878,-0.2226797070251178,True,pair_1293_2275
1294,처치,1,2.0,9.0,975.9300000000001,414.0,209.0,565.5,0.0,1.0,0,240.18,98.0,82.0,376.96,3.0,2.0,1,1,2.0,2.302585092994046,6.884415001574209,0.5794472964249485,0,1.0,0.32502285632634403,-0.7307833220601317,True,pair_1294_1288
1300,대조,0,4.0,8.0,318.3,13628.0,58.0,167.45,0.0,1.0,1,252.18,112.0,93.0,411.78,9.0,4.0,1,1,4.0,2.1972245773362196,5.766131099720736,0.5260760289035501,0,1.0,0.4666208691344562,-0.13371540169559645,True,pair_1848_1300
1303,대조,0,4.0,30.0,781.58,68922.0,88.0,303.91,0.0,2.0,0,172.49,59.0,56.0,447.01,18.0,4.0,1,1,4.0,3.4339872044851463,6.662596153610247,0.38884055375009596,0,2.0,0.7950598741238237,1.3556995576004431,True,pair_1959_1303
1325,대조,0,3.0,14.0,652.2,243.0,119.0,339.48,0.0,1.0,0,172.31,56.0,50.0,291.5,7.0,3.0,1,1,3.0,2.70805020110221,6.48188336109631,0.5205151793928243,0,1.0,0.4508095268317752,-0.19740041188989108,True,pair_462_1325
1330,대조,0,2.0,18.0,494.07,15352.0,78.0,195.92,0.0,1.0,0,34.95,25.0,23.0,115.86,5.0,2.0,1,1,2.0,2.9444389791664403,6.204699166712067,0.39654299997975995,0,1.0,0.5549778978137725,0.2208043404274259,True,pair_1544_1330
1333,대조,0,4.0,26.0,1305.6299999999999,418.0,206.0,798.34,0.0,0.0,1,349.54,152.0,127.0,778.21,11.0,4.0,1,1,4.0,3.295836866004329,7.175206582498185,0.6114596018780206,0,0.0,0.5239707474258055,0.09595654990852454,True,pair_924_1333
1347,대조,0,5.0,15.0,513.15,18206.0,63.0,240.31,0.0,0.0,0,126.63,61.0,36.0,327.51,13.0,5.0,1,1,5.0,2.772588722239781,6.242515051675199,0.4683036149274092,0,0.0,0.32988662688419584,-0.7086978711400361,True,pair_348_1347
1349,대조,0,3.0,26.0,817.98,393.0,175.0,440.94,0.0,1.0,0,210.11,90.0,83.0,418.47,16.0,3.0,1,1,3.0,3.295836866004329,6.7080596635304754,0.539059634709895,0,1.0,0.5912067653924092,0.3689563237022078,True,pair_123_1349
1351,처치,1,36.0,8.0,47.56,34.0,17.0,25.48,0.0,1.0,0,6.5,4.0,4.0,15.190000000000001,4.0,36.0,1,1,36.0,2.1972245773362196,3.8828001467512427,0.5357443229604709,0,1.0,0.3873495085464095,-0.45846720425324733,True,pair_1351_852
1352,처치,1,1.0,20.0,764.13,101945.0,115.0,220.21,0.0,2.0,1,163.23,84.0,76.0,343.55,11.0,1.0,1,1,1.0,3.044522437723423,6.640045754029804,0.28818394775758055,0,2.0,0.8309737119499764,1.592543906700996,True,pair_1352_722
1354,대조,0,1.0,11.0,334.61,155.0,77.0,200.15,0.0,0.0,1,141.39,43.0,38.0,224.7,9.0,1.0,1,1,1.0,2.4849066497880004,5.815949771526949,0.5981590508353007,0,0.0,0.3570364447520248,-0.5882501806808653,True,pair_1508_1354
1363,대조,0,5.0,19.0,1237.63,484.0,194.0,648.98,0.0,0.0,1,324.47,111.0,98.0,623.62,8.0,5.0,1,1,5.0,2.995732273553991,7.121761209105198,0.5243731971590863,0,0.0,0.47247612719065346,-0.11020689964361795,True,pair_2037_1363
1369,처치,1,15.0,13.0,294.09000000000003,102.0,54.0,154.29,0.0,1.0,1,113.43,49.0,46.0,279.86,11.0,15.0,1,1,15.0,2.6390573296152584,5.687280394556695,0.5246353157196776,0,1.0,0.5841056904711475,0.33965077893898693,True,pair_1369_1484
1389,처치,1,61.0,3.0,196.03,88.0,32.0,85.54,0.0,0.0,1,171.18,45.0,31.0,363.94,6.0,61.0,1,1,61.0,1.3862943611198906,5.283356001407877,0.4363617813599959,0,0.0,0.18681759434311768,-1.4708227360925374,True,pair_1389_1127
1402,처치,1,3.0,22.0,189.85,91.0,47.0,112.88,0.0,0.0,1,28.13,17.0,17.0,54.32,12.0,3.0,1,1,3.0,3.1354942159291497,5.251487779191239,0.5945746642085857,0,0.0,0.5384886262199081,0.15425967626440246,True,pair_1402_1948
1403,처치,1,5.0,21.0,883.62,97276.0,66.0,291.29,0.0,1.0,0,0.0,0.0,0.0,75.76,4.0,5.0,0,1,5.0,3.091042453358316,6.785158174267498,0.32965528168217106,0,1.0,0.5960740262149158,0.38913323644446535,True,pair_1403_473
1408,대조,0,2.0,20.0,396.74,216.0,87.0,212.33,0.0,0.0,0,35.63,15.0,12.0,134.77,9.0,2.0,1,1,2.0,3.044522437723423,5.985798525481355,0.5351867721933761,0,0.0,0.38320343653906563,-0.47597323661189017,True,pair_1122_1408
1409,처치,1,1.0,19.0,1067.84,354.0,128.0,580.0,0.0,1.0,0,304.73,76.0,73.0,561.54,10.0,1.0,1,1,1.0,2.995732273553991,6.974329227231778,0.543152532214564,0,1.0,0.5056720705031418,0.02268925533587747,True,pair_1409_2173
1418,처치,1,8.0,14.0,585.22,138.0,61.0,372.99,0.0,1.0,1,65.97,3.0,2.0,82.69999999999999,2.0,8.0,1,1,8.0,2.70805020110221,6.373695145743232,0.6373500563890503,0,1.0,0.5513452877763585,0.20610769266072834,True,pair_1418_1847
1419,대조,0,1.0,47.0,874.02,21125.0,144.0,445.14,0.0,0.0,1,209.88,106.0,73.0,444.51,30.0,1.0,1,1,1.0,3.871201010907891,6.774246743239251,0.509301846639665,0,0.0,0.7015346967124754,0.8546166698802599,True,pair_303_1419
1421,처치,1,6.0,31.0,920.99,129523.0,120.0,301.36,2.0,4.0,1,198.16,105.0,95.0,470.15000000000003,22.0,6.0,1,1,6.0,3.4657359027997265,6.826534377510791,0.32721310763417627,1,4.0,0.9817199005612277,3.9834930282542493,True,pair_1421_1258
1424,대조,0,11.0,9.0,110.85,56.0,30.0,70.09,0.0,1.0,0,19.36,7.0,7.0,37.68,5.0,11.0,1,1,11.0,2.302585092994046,4.717158687936139,0.6322958953540821,0,1.0,0.36429912488160415,-0.5567528287430421,True,pair_112_1424
1425,처치,1,2.0,13.0,436.37,206.0,82.0,195.13,0.0,2.0,1,129.8,72.0,65.0,344.36,13.0,2.0,1,1,2.0,2.6390573296152584,6.080779518784841,0.44716639549006576,0,2.0,0.7403190425403182,1.047627441018025,True,pair_1425_1989
1428,대조,0,5.0,37.0,1112.47,62927.0,163.0,434.66,0.0,0.0,1,90.6,40.0,34.0,284.84,15.0,5.0,1,1,5.0,3.6375861597263857,7.015236544259938,0.39071615414348254,0,0.0,0.6733296576325113,0.7232835076720472,True,pair_2137_1428
1429,대조,0,7.0,13.0,88.81,64.0,26.0,64.62,1.0,1.0,1,39.49,25.0,17.0,49.230000000000004,6.0,7.0,1,1,7.0,2.6390573296152584,4.497696327682858,0.727620763427542,1,1.0,0.714479961905969,0.9172427394567579,True,pair_271_1429
1438,대조,0,13.0,6.0,297.86,102.0,50.0,176.99,0.0,1.0,1,77.78,25.0,18.0,127.88,4.0,13.0,1,1,13.0,1.9459101490553132,5.699975236313247,0.5942053313637279,0,1.0,0.38603455504588124,-0.46401176168475905,True,pair_1802_1438
1440,대조,0,2.0,24.0,514.1,45838.0,67.0,166.51,0.0,0.0,0,129.9,45.0,35.0,332.53,15.0,2.0,1,1,2.0,3.2188758248682006,6.24436105657154,0.3238864034234584,0,0.0,0.48027874937366083,-0.07892594815145818,True,pair_2123_1440
1443,대조,0,5.0,9.0,120.15,30.0,12.0,49.58,0.0,1.0,1,2.0,1.0,1.0,2.0,1.0,5.0,1,1,5.0,2.302585092994046,4.797029447262535,0.41265085310029126,0,1.0,0.5524711523983996,0.21066021962380194,True,pair_1639_1443
1448,대조,0,11.0,31.0,501.93,178.0,32.0,167.91,0.0,0.0,0,38.99,9.0,6.0,105.92999999999999,5.0,11.0,1,1,11.0,3.4657359027997265,6.22045099540545,0.33452871914410376,0,0.0,0.5426627559037206,0.17106698049069213,True,pair_1501_1448
1456,처치,1,3.0,10.0,182.11,53.0,18.0,71.46000000000001,0.0,0.0,0,28.28,11.0,10.0,48.24,3.0,3.0,1,1,3.0,2.3978952727983707,5.210087065153623,0.3924001976827193,0,0.0,0.28876305128750823,-0.9013991754044209,True,pair_1456_737
1458,처치,1,1.0,17.0,411.76,10082.0,81.0,210.24,0.0,1.0,0,115.21000000000001,63.0,52.0,257.83,11.0,1.0,1,1,1.0,2.8903717578961645,6.0228663102475135,0.5105886924421994,0,1.0,0.5131016033078346,0.052418412396464296,True,pair_1458_2099
1460,대조,0,6.0,10.0,501.98,10907.0,76.0,210.01,0.0,1.0,0,17.83,5.0,5.0,44.97,3.0,6.0,1,1,6.0,2.3978952727983707,6.220550407877821,0.41836328140563367,0,1.0,0.40761886183507345,-0.373817666558343,True,pair_80_1460
1464,대조,0,12.0,11.0,415.58,219.0,111.0,299.55,0.0,1.0,0,161.3,60.0,57.0,273.52,6.0,12.0,1,1,12.0,2.4849066497880004,6.032078519993237,0.7207998459983638,0,1.0,0.3521975898406453,-0.6093933743771132,True,pair_1997_1464
1468,대조,0,4.0,18.0,1015.09,23061.0,217.0,587.4,0.0,1.0,1,191.32,70.0,64.0,504.49,12.0,4.0,1,1,4.0,2.9444389791664403,6.923717206892379,0.5786679013683516,0,1.0,0.6129290591844121,0.4596412161391665,True,pair_318_1468
1474,대조,0,7.0,15.0,418.19,168.0,54.0,177.67,0.0,0.0,1,238.68,107.0,91.0,562.81,14.0,7.0,1,1,7.0,2.772588722239781,6.038324277760466,0.4248547311030871,0,0.0,0.47220553906057544,-0.11129257448392603,True,pair_1996_1474
1479,대조,0,2.0,100.0,1151.98,32074.0,164.0,496.05,0.0,0.0,1,386.33,164.0,132.0,880.34,70.0,2.0,1,1,2.0,4.61512051684126,7.050105174064842,0.4306064341394816,0,0.0,0.8442807475376757,1.6904303563402032,True,pair_2420_1479
1484,대조,0,1.0,27.0,589.5,293.0,138.0,331.21,0.0,0.0,1,127.19,44.0,42.0,223.37,8.0,1.0,1,1,1.0,3.332204510175204,6.380969635637417,0.5618490245971162,0,0.0,0.5683498520456568,0.2751217483640158,True,pair_1369_1484
1492,처치,1,4.0,12.0,144.67,82.0,32.0,89.8,0.0,2.0,1,37.09,22.0,15.0,65.32000000000001,5.0,4.0,1,1,4.0,2.5649493574615367,4.9813437894608565,0.6207230248150964,0,2.0,0.7086987387824998,0.8890725326202392,True,pair_1492_1800
1493,대조,0,53.0,1.0,19.25,13.0,3.0,8.5,0.0,1.0,0,8.32,3.0,3.0,45.61,2.0,53.0,1,1,53.0,0.6931471805599453,3.0081547935525483,0.44155844155844154,0,1.0,0.13977606011764684,-1.817151179220482,True,pair_2128_1493
1495,대조,0,2.0,22.0,237.3,169.0,76.0,146.47,0.0,0.0,0,77.21,35.0,34.0,119.65,13.0,2.0,1,1,2.0,3.1354942159291497,5.473530384104697,0.6172355667930889,0,0.0,0.39631793143292426,-0.420830936514548,True,pair_2176_1495
1499,대조,0,9.0,16.0,351.67,159.0,63.0,245.24,0.0,1.0,1,128.37,47.0,26.0,179.06,6.0,9.0,1,1,9.0,2.833213344056216,5.8655327755013085,0.6973583188784941,0,1.0,0.5798299142284272,0.32207521378003073,True,pair_99_1499
1501,처치,1,5.0,24.0,1006.75,77646.0,158.0,397.43,0.0,1.0,0,229.35,101.0,92.0,754.33,22.0,5.0,1,1,5.0,3.2188758248682006,6.915475401997275,0.39476533399553015,0,1.0,0.6066632407087352,0.43330770538717656,True,pair_1501_1448
1502,대조,0,11.0,3.0,116.56,29.0,7.0,16.77,0.0,4.0,0,59.99,1.0,1.0,59.99,1.0,11.0,1,1,11.0,1.3862943611198906,4.766948841550716,0.14387439945092656,0,4.0,0.738984290498609,1.0406960677677146,True,pair_744_1502
1505,처치,1,3.0,12.0,366.19,147.0,74.0,188.05,0.0,1.0,1,134.57,77.0,66.0,329.38,8.0,3.0,1,1,3.0,2.5649493574615367,5.905879425260039,0.5135312269586827,0,1.0,0.5617549774466173,0.2482876054482202,True,pair_1505_2102
1506,처치,1,1.0,27.0,414.99,251.0,148.0,286.76,0.0,0.0,0,110.25,60.0,62.0,145.59,11.0,1.0,1,1,1.0,3.332204510175204,6.030661221510797,0.6910046025205426,0,0.0,0.4107317614951138,-0.3609411404050707,True,pair_1506_935
1508,처치,1,3.0,10.0,242.92000000000002,16092.0,46.0,162.85,0.0,1.0,0,79.85000000000001,31.0,16.0,113.65,7.0,3.0,1,1,3.0,2.3978952727983707,5.496840302679999,0.6703853120368845,0,1.0,0.35725812305202587,-0.587284653825271,True,pair_1508_1354
1512,대조,0,5.0,11.0,128.4,35854.0,3.0,6.94,0.0,1.0,0,0.0,0.0,0.0,28.66,2.0,5.0,0,1,5.0,2.4849066497880004,4.8629083820668,0.054049844236760125,0,1.0,0.569861712837826,0.2812869673002058,True,pair_1291_1512
1524,대조,0,5.0,9.0,380.34000000000003,24929.0,72.0,163.8,0.0,1.0,1,108.36,48.0,45.0,265.64,5.0,5.0,1,1,5.0,2.302585092994046,5.943691365636298,0.43066729768102224,0,1.0,0.5167625887438858,0.06707549206592033,True,pair_2303_1524
1544,처치,1,9.0,4.0,325.36,17368.0,40.0,106.78,0.0,3.0,0,37.96,24.0,20.0,111.49,4.0,9.0,1,1,9.0,1.6094379124341003,5.788001066560599,0.3281903122694861,0,3.0,0.5710225613188121,0.2860243937589643,True,pair_1544_1330
1547,처치,1,27.0,56.0,267.21,44410.0,22.0,45.91,0.0,0.0,0,2.5,2.0,2.0,112.82000000000001,16.0,27.0,1,1,27.0,4.04305126783455,5.591770255760243,0.17181243216945474,0,0.0,0.7372110638241229,1.0315230476465238,True,pair_1547_16
1548,처치,1,9.0,5.0,119.63,54.0,20.0,54.95,0.0,3.0,0,23.6,12.0,8.0,55.2,2.0,9.0,1,1,9.0,1.791759469228055,4.792728009577292,0.45933294324166185,0,3.0,0.6062323941214415,0.43150249872297747,True,pair_1548_2159
1549,처치,1,4.0,30.0,312.08,14903.0,70.0,170.2,0.0,3.0,1,51.269999999999996,27.0,25.0,108.18,9.0,4.0,1,1,4.0,3.4339872044851463,5.746458748936638,0.5453729812868495,0,3.0,0.9215365388443123,2.463409374367768,True,pair_1549_1919
1566,대조,0,1.0,75.0,2652.98,100122.0,353.0,1230.15,0.0,0.0,1,644.57,210.0,153.0,1190.3500000000001,42.0,1.0,1,1,1.0,4.330733340286331,7.883815679068732,0.46368611900579726,0,0.0,0.7801713477865686,1.266665182894678,True,pair_1676_1566
1569,대조,0,2.0,8.0,172.0,78.0,40.0,93.61,0.0,2.0,0,18.310000000000002,6.0,6.0,28.86,2.0,2.0,1,1,2.0,2.1972245773362196,5.153291594497779,0.5442441860465116,0,2.0,0.5125824732549074,0.050340521271445844,True,pair_166_1569
1578,처치,1,4.0,10.0,159.99,95.0,38.0,85.98,0.0,0.0,1,95.35,57.0,45.0,169.42,8.0,4.0,1,1,4.0,2.3978952727983707,5.081342251254203,0.5374085880367523,0,0.0,0.37067760514195136,-0.5293109808524075,True,pair_1578_2289
1580,대조,0,2.0,53.0,502.6,2496.0,172.0,268.29,0.0,0.0,1,57.230000000000004,43.0,39.0,124.33,17.0,2.0,1,1,2.0,3.9889840465642745,6.221782302170192,0.5338042180660565,0,0.0,0.7327301329964822,1.0085185804983232,True,pair_523_1580
1582,대조,0,7.0,2.0,87.79,46.0,22.0,53.65,0.0,4.0,0,52.4,22.0,19.0,166.95,3.0,7.0,1,1,7.0,1.0986122886681098,4.4862740310442355,0.6111174393438887,0,4.0,0.557795963130255,0.23222184059930598,True,pair_2051_1582
1587,처치,1,11.0,9.0,61.8,3534.0,8.0,21.16,0.0,0.0,0,0.0,0.0,0.0,17.8,2.0,11.0,0,1,11.0,2.302585092994046,4.139955073474153,0.34239482200647253,0,0.0,0.304484361301581,-0.8260337694428368,True,pair_1587_514
1591,대조,0,2.0,19.0,821.12,57236.0,131.0,358.25,11.0,2.0,1,180.52,80.0,64.0,369.08,9.0,2.0,1,1,2.0,2.995732273553991,6.711886369802808,0.43629432969602494,1,2.0,0.8859525172530346,2.0500484799034413,True,pair_710_1591
1595,처치,1,3.0,17.0,668.8,41382.0,90.0,315.11,0.0,1.0,1,70.0,23.0,20.0,176.51,7.0,3.0,1,1,3.0,2.8903717578961645,6.506979160360104,0.47115729665071776,0,1.0,0.6390997330227095,0.5714588675140178,True,pair_1595_2342
1601,대조,0,27.0,3.0,358.86,166.0,85.0,169.84,0.0,2.0,0,0.0,0.0,0.0,0.0,0.0,27.0,0,0,27.0,1.3862943611198906,5.885715066924373,0.4732764866521763,0,2.0,0.31362310254598097,-0.7832349354563056,True,pair_1224_1601
1605,대조,0,8.0,21.0,131.59,65.0,48.0,108.28,0.0,0.0,0,0.0,0.0,0.0,0.0,0.0,8.0,0,0,8.0,3.091042453358316,4.887261660126628,0.8228588798540922,0,0.0,0.34542516210429786,-0.6392099101956971,True,pair_2298_1605
1621,대조,0,3.0,10.0,401.1,143.0,72.0,196.21,0.0,1.0,0,71.46000000000001,27.0,25.0,96.12,4.0,3.0,1,1,3.0,2.3978952727983707,5.996700813903228,0.48917975567190225,0,1.0,0.3935897992016825,-0.432247407903773,True,pair_180_1621
1622,대조,0,4.0,17.0,523.52,25698.0,89.0,249.17000000000002,0.0,3.0,0,150.76,66.0,55.0,378.43,9.0,4.0,1,1,4.0,2.8903717578961645,6.262483558663224,0.47595125305623476,0,3.0,0.8017345097143019,1.3971705252200168,True,pair_1277_1622
1627,대조,0,5.0,24.0,857.5699999999999,78747.0,101.0,338.48,0.0,0.0,1,101.75,55.0,42.0,427.2,13.0,5.0,1,1,5.0,3.2188758248682006,6.755268214579044,0.3946966428396516,0,0.0,0.5770416219678125,0.3106406219147381,True,pair_2260_1627
1639,처치,1,9.0,11.0,409.89,191.0,70.0,211.28,0.0,2.0,0,58.68,32.0,24.0,98.47,4.0,9.0,1,1,9.0,2.4849066497880004,6.018325538771608,0.5154553660738247,0,2.0,0.5725814667081043,0.2923913204136925,True,pair_1639_1443
1646,처치,1,4.0,3.0,10.59,6.0,4.0,7.6,0.0,0.0,0,21.28,4.0,4.0,22.53,2.0,4.0,1,1,4.0,1.3862943611198906,2.4501426573516603,0.7176581680830972,0,0.0,0.11578246083686337,-2.032990024543876,True,pair_1646_1292
1651,대조,0,2.0,13.0,303.54,161.0,72.0,183.52,0.0,0.0,0,113.56,22.0,12.0,135.36,5.0,2.0,1,1,2.0,2.6390573296152584,5.718802441412587,0.6045990643737233,0,0.0,0.279006799234626,-0.9493935554156727,True,pair_640_1651
1660,처치,1,21.0,3.0,141.95,74.0,27.0,93.92,0.0,0.0,0,7.99,2.0,2.0,29.74,3.0,21.0,1,1,21.0,1.3862943611198906,4.9624949187683205,0.6616414230362805,0,0.0,0.09686075963340628,-2.2326022595206867,True,pair_1660_2248
1663,대조,0,1.0,35.0,372.87,69373.0,19.0,91.3,0.0,1.0,0,17.259999999999998,6.0,6.0,187.9,26.0,1.0,1,1,1.0,3.58351893845611,5.923908143406992,0.24485745702255476,0,1.0,0.7484818357934775,1.0905317256712566,True,pair_2329_1663
1666,대조,0,1.0,24.0,282.09,3900.0,52.0,142.53,0.0,0.0,0,31.990000000000002,13.0,12.0,50.56,5.0,1.0,1,1,1.0,3.2188758248682006,5.645764868286627,0.5052642773582899,0,0.0,0.4442622508011966,-0.22388146585259713,True,pair_297_1666
1668,대조,0,5.0,11.0,461.57,12446.0,62.0,268.84,0.0,2.0,0,70.46000000000001,33.0,25.0,195.86,8.0,5.0,1,1,5.0,2.4849066497880004,6.136797896851371,0.5824468661308143,0,2.0,0.5501786900435048,0.20139270153096778,True,pair_1269_1668
1671,대조,0,7.0,5.0,141.68,64.0,22.0,50.92,0.0,2.0,0,105.88,53.0,42.0,152.52,3.0,7.0,1,1,7.0,1.791759469228055,4.960604360490691,0.35940146809712026,0,2.0,0.4658347472264208,-0.13687430166205217,True,pair_1685_1671
1672,처치,1,11.0,9.0,106.35,66.0,10.0,35.12,0.0,1.0,0,3.99,1.0,1.0,61.800000000000004,3.0,11.0,1,1,11.0,2.302585092994046,4.67609452432479,0.33023037141513867,0,1.0,0.44901767721125296,-0.20464046943695044,True,pair_1672_1896
1676,처치,1,2.0,17.0,737.9,21862.0,140.0,332.33,0.0,2.0,1,64.47,25.0,24.0,178.31,7.0,2.0,1,1,2.0,2.8903717578961645,6.605162593794602,0.4503726792248272,0,2.0,0.7771954401314556,1.2493968763995293,True,pair_1676_1566
1678,처치,1,11.0,8.0,172.16,72.0,30.0,101.86,0.0,2.0,1,12.61,5.0,4.0,17.48,4.0,11.0,1,1,11.0,2.1972245773362196,5.15421602257378,0.5916589219330856,0,2.0,0.6279099721356195,0.523260964338258,True,pair_1678_741
1681,처치,1,,0.0,0.0,0.0,0.0,0.0,0.0,1.0,0,198.81,68.0,60.0,319.52,8.0,90.0,1,1,90.0,0.0,0.0,0.0,0,1.0,0.15483169392656282,-1.6971971049821566,True,pair_1681_439
1683,대조,0,7.0,8.0,161.27,55.0,21.0,70.41,0.0,3.0,0,0.0,0.0,0.0,8.07,2.0,7.0,0,1,7.0,2.1972245773362196,5.089261614551446,0.4365970112234141,0,3.0,0.7000283339536255,0.8474327876170744,True,pair_451_1683
1685,처치,1,2.0,12.0,89.68,42.0,20.0,46.82,0.0,1.0,0,18.04,6.0,6.0,25.42,4.0,2.0,1,1,2.0,2.5649493574615367,4.507336825639328,0.522078501338091,0,1.0,0.4658189180895247,-0.13693791536332892,True,pair_1685_1671
1686,대조,0,5.0,13.0,163.27,100.0,30.0,72.59,0.0,1.0,1,38.04,30.0,14.0,91.82,7.0,5.0,1,1,5.0,2.6390573296152584,5.101511415553109,0.444600967722178,0,1.0,0.6204731957775524,0.4915571812280206,True,pair_2426_1686
1689,처치,1,3.0,16.0,427.25,7614.0,55.0,267.34,0.0,0.0,1,87.24000000000001,35.0,16.0,373.77,10.0,3.0,1,1,3.0,2.833213344056216,6.05970713720423,0.625722644821533,0,0.0,0.4297473689222089,-0.282881953157008,True,pair_1689_37
1692,처치,1,5.0,21.0,360.38,238.0,78.0,203.7,0.0,1.0,1,40.0,21.0,18.0,81.56,13.0,5.0,1,1,5.0,3.091042453358316,5.889930036283685,0.5652366946001443,0,1.0,0.6767288656861234,0.7387793026537613,True,pair_1692_918
1695,처치,1,6.0,12.0,134.18,67.0,20.0,63.0,0.0,0.0,1,41.89,26.0,19.0,70.9,10.0,6.0,1,1,6.0,2.5649493574615367,4.906607223672208,0.4695185571620211,0,0.0,0.4358729012249104,-0.25792888864869723,True,pair_1695_200
1703,처치,1,2.0,51.0,1108.8700000000001,570.0,162.0,683.4,0.0,0.0,0,310.24,121.0,69.0,455.41,28.0,2.0,1,1,2.0,3.9512437185814275,7.011998170330518,0.6163030833190545,0,0.0,0.565787403712817,0.26468412847081624,True,pair_1703_533
1709,처치,1,3.0,16.0,307.9,176.0,74.0,201.78,0.0,0.0,1,117.63,60.0,48.0,231.22,10.0,3.0,1,1,3.0,2.833213344056216,5.733017599924536,0.6553426437154921,0,0.0,0.4299687298630205,-0.2819787344187846,True,pair_1709_194
1723,처치,1,13.0,13.0,978.0600000000001,172.0,48.0,237.91,0.0,1.0,0,169.75,56.0,45.0,495.49,11.0,13.0,1,1,13.0,2.6390573296152584,6.886592927680116,0.24324683557245974,0,1.0,0.5023902055586085,0.009560895064455597,True,pair_1723_919
1731,처치,1,33.0,6.0,275.59000000000003,175.0,46.0,124.45,0.0,3.0,0,0.0,0.0,0.0,0.0,0.0,33.0,0,0,33.0,1.9459101490553132,5.622536265287162,0.4515766174389491,0,3.0,0.626951676737342,0.519161502832929,True,pair_1731_279
1735,처치,1,30.0,20.0,587.08,25908.0,64.0,232.33,0.0,0.0,0,160.75,43.0,36.0,244.72,3.0,30.0,1,1,30.0,3.044522437723423,6.376862993065832,0.39573822988349117,0,0.0,0.4136226708928597,-0.3490093534217059,True,pair_1735_1964
1746,대조,0,16.0,10.0,343.83,91.0,47.0,262.98,0.0,1.0,0,0.0,0.0,0.0,0.0,0.0,16.0,0,0,16.0,2.3978952727983707,5.843051541965209,0.764854724718611,0,1.0,0.32535943523608885,-0.7292495266146855,True,pair_542_1746
1756,대조,0,25.0,5.0,118.42,9043.0,15.0,34.42,0.0,4.0,0,51.980000000000004,14.0,12.0,96.34,3.0,25.0,1,1,25.0,1.791759469228055,4.782646691118846,0.2906603614254349,0,4.0,0.7852180673525583,1.2963382253559557,True,pair_983_1756
1758,대조,0,2.0,14.0,486.41,205.0,74.0,239.03,0.0,0.0,0,90.96,48.0,42.0,196.47,5.0,2.0,1,1,2.0,2.70805020110221,6.189105658009769,0.49141670607101,0,0.0,0.31052518444670607,-0.7976651634867636,True,pair_26_1758
1768,처치,1,4.0,17.0,288.83,114.0,48.0,190.9,0.0,0.0,0,61.36,37.0,26.0,62.36,3.0,4.0,1,1,4.0,2.8903717578961645,5.669294544197528,0.6609424228785099,0,0.0,0.32153800074455263,-0.7467127357486312,True,pair_1768_475
1772,처치,1,2.0,7.0,166.04,100.0,35.0,64.18,0.0,2.0,0,67.05,33.0,33.0,122.63,8.0,2.0,1,1,2.0,2.0794415416798357,5.118233304694274,0.3865333654541075,0,2.0,0.5282245329904305,0.11301827827452049,True,pair_1772_779
1773,대조,0,6.0,16.0,609.79,28546.0,68.0,289.03000000000003,1.0,2.0,0,123.74000000000001,29.0,23.0,225.69,10.0,6.0,1,1,6.0,2.833213344056216,6.41475320123927,0.4739828465537317,1,2.0,0.7934050277636829,1.3455736243944865,True,pair_1971_1773
1774,처치,1,27.0,7.0,595.01,307.0,148.0,349.62,0.0,1.0,0,149.87,60.0,52.0,298.4,6.0,27.0,1,1,27.0,2.0794415416798357,6.390257445448082,0.5875867632476766,0,1.0,0.28657476706712615,-0.9120781730797743,True,pair_1774_1019
1777,대조,0,35.0,3.0,63.57,12.0,6.0,27.630000000000003,0.0,1.0,0,73.93,26.0,19.0,113.04,10.0,35.0,1,1,35.0,1.3862943611198906,4.167749906638376,0.4346389806512506,0,1.0,0.2284376880276425,-1.217153962795259,True,pair_694_1777
1783,대조,0,7.0,11.0,538.12,229.0,125.0,303.25,0.0,3.0,0,312.48,137.0,119.0,730.89,12.0,7.0,1,1,7.0,2.4849066497880004,6.289938180637962,0.5635360142719096,0,3.0,0.7051989948921706,0.8721794554761203,True,pair_2182_1783
1790,대조,0,7.0,8.0,430.97,188.0,80.0,230.32,0.0,2.0,0,56.07,21.0,20.0,124.93,4.0,7.0,1,1,7.0,2.1972245773362196,6.068356141388289,0.5344223495834977,0,2.0,0.49127630833844915,-0.03489830807880989,True,pair_139_1790
1794,처치,1,2.0,11.0,492.29,222.0,109.0,279.6,0.0,0.0,0,141.19,58.0,50.0,233.57,4.0,2.0,1,1,2.0,2.4849066497880004,6.2010972363942445,0.5679579109874261,0,0.0,0.24612839672988385,-1.1193687283707423,True,pair_1794_1889
1798,처치,1,4.0,7.0,341.18,169.0,93.0,256.29,0.0,0.0,0,101.33,52.0,42.0,171.62,3.0,4.0,1,1,4.0,2.0794415416798357,5.835336914396502,0.7511870566856206,0,0.0,0.15282301569815776,-1.7126291354493823,True,pair_1798_2293
1800,대조,0,2.0,19.0,1067.38,213066.0,80.0,264.35,0.0,1.0,1,38.78,14.0,11.0,264.19,7.0,2.0,1,1,2.0,2.995732273553991,6.973898761479911,0.2476625007026551,0,1.0,0.7084971619248305,0.8880963115208054,True,pair_1492_1800
1802,처치,1,2.0,6.0,723.48,229.0,83.0,370.88,0.0,1.0,1,471.79,124.0,105.0,840.63,6.0,2.0,1,1,2.0,1.9459101490553132,6.585454156134709,0.5126333830928291,0,1.0,0.3850298569017104,-0.468252837145415,True,pair_1802_1438
1808,처치,1,20.0,18.0,372.2,129.0,39.0,155.10999999999999,0.0,2.0,0,33.49,13.0,10.0,49.58,3.0,20.0,1,1,20.0,2.9444389791664403,5.922114468973189,0.41673831273508866,0,2.0,0.7105425722434766,0.898020632634249,True,pair_1808_654
1812,대조,0,3.0,24.0,568.84,24312.0,49.0,137.04,0.0,1.0,1,96.48,43.0,37.0,222.34,11.0,3.0,1,1,3.0,3.2188758248682006,6.345355619670099,0.24091132831727724,0,1.0,0.7677793376360922,1.195814320569951,True,pair_896_1812
1814,대조,0,36.0,7.0,345.89,99.0,49.0,194.85,0.0,1.0,1,194.48000000000002,71.0,57.0,454.65000000000003,7.0,36.0,1,1,36.0,2.0794415416798357,5.84900772680898,0.5633293821735234,0,1.0,0.4259071519729486,-0.2985697699841464,True,pair_1071_1814
1822,처치,1,1.0,18.0,408.65000000000003,4027.0,71.0,160.71,0.0,1.0,1,100.46000000000001,49.0,39.0,187.18,12.0,1.0,1,1,1.0,2.9444389791664403,6.015303136587824,0.39327052489905784,0,1.0,0.6834091466361533,0.7694834667738014,True,pair_1822_1064
1824,처치,1,3.0,18.0,445.41,183.0,87.0,273.61,0.0,1.0,0,176.6,85.0,57.0,270.07,15.0,3.0,1,1,3.0,2.9444389791664403,6.1012378122498845,0.6142879594081857,0,1.0,0.49538417557885606,-0.018463822212698038,True,pair_1824_584
1826,대조,0,1.0,16.0,140.6,136.0,33.0,75.6,0.0,1.0,0,89.21000000000001,66.0,43.0,148.07,6.0,1.0,1,1,1.0,2.833213344056216,4.953006181259619,0.5376955903271693,0,1.0,0.5190722873398975,0.07632618215034982,True,pair_1188_1826
1828,처치,1,84.0,1.0,109.14,44.0,14.0,47.480000000000004,0.0,5.0,0,0.0,0.0,0.0,0.0,0.0,84.0,0,0,84.0,0.6931471805599453,4.7017522838343355,0.43503756642844055,0,5.0,0.6631719845116106,0.6774618997455667,True,pair_1828_116
1832,대조,0,1.0,13.0,192.02,96.0,25.0,57.8,0.0,0.0,0,2.0,2.0,2.0,23.26,2.0,1.0,1,1,1.0,2.6390573296152584,5.26279381047899,0.30101031142589313,0,0.0,0.36554633809349485,-0.5513712024438563,True,pair_633_1832
1847,대조,0,1.0,12.0,395.95,163.0,54.0,213.68,0.0,1.0,1,50.8,24.0,18.0,126.98,6.0,1.0,1,1,1.0,2.5649493574615367,5.983810328171122,0.5396640990023993,0,1.0,0.5521251767073463,0.20926100888725463,True,pair_1418_1847
1848,처치,1,6.0,8.0,856.0600000000001,39362.0,108.0,367.62,0.0,1.0,1,186.18,58.0,55.0,653.72,7.0,6.0,1,1,6.0,2.1972245773362196,6.753507927815689,0.429432516412401,0,1.0,0.4681300951601585,-0.12765268126267804,True,pair_1848_1300
1849,처치,1,44.0,17.0,237.24,135.0,43.0,128.82,0.0,1.0,0,87.1,39.0,31.0,160.5,9.0,44.0,1,1,44.0,2.8903717578961645,5.473278568935699,0.5429944360141629,0,1.0,0.5216863429345555,0.08679982805552248,True,pair_1849_2470
1850,대조,0,2.0,41.0,1154.38,123693.0,183.0,434.71,0.0,0.0,1,135.48,58.0,56.0,497.48,14.0,2.0,1,1,2.0,3.7376696182833684,7.052184573174842,0.37657443822658043,0,0.0,0.6982346971752341,0.838905716338589,True,pair_671_1850
1858,대조,0,4.0,10.0,562.21,253.0,130.0,327.9,0.0,1.0,1,110.64,49.0,39.0,178.39,4.0,4.0,1,1,4.0,2.3978952727983707,6.33365256036802,0.5832340228740149,0,1.0,0.48715367233403917,-0.05139662184011715,True,pair_1968_1858
1860,대조,0,1.0,11.0,107.56,51.0,33.0,88.34,0.0,0.0,0,43.4,31.0,26.0,52.49,6.0,1.0,1,1,1.0,2.4849066497880004,4.687303015526614,0.8213090368166605,0,0.0,0.22285151140268838,-1.249125755603172,True,pair_228_1860
1872,처치,1,4.0,19.0,631.09,22154.0,92.0,248.3,0.0,3.0,0,249.73,138.0,62.0,641.78,19.0,4.0,1,1,4.0,2.995732273553991,6.44903178907151,0.39344625964600927,0,3.0,0.8294659381484671,1.5818469926489538,True,pair_1872_330
1879,처치,1,1.0,42.0,939.5600000000001,547.0,124.0,302.49,0.0,1.0,1,68.39,43.0,36.0,320.42,16.0,1.0,1,1,1.0,3.7612001156935624,6.846475442559486,0.3219485716718464,0,1.0,0.8338071392307819,1.6128532018539143,True,pair_1879_2024
1881,처치,1,2.0,20.0,422.97,31873.0,72.0,147.56,0.0,0.0,0,128.5,60.0,53.0,228.82,10.0,2.0,1,1,2.0,3.044522437723423,6.049662698011744,0.3488663498593281,0,0.0,0.43331504848603036,-0.26833845014342833,True,pair_1881_1218
1887,처치,1,9.0,12.0,161.23,75.0,32.0,95.77,0.0,0.0,0,51.59,26.0,24.0,61.26,8.0,9.0,1,1,9.0,2.5649493574615367,5.089015081422308,0.5939961545618061,0,0.0,0.2799347798934713,-0.9447851443037553,True,pair_1887_498
1889,대조,0,18.0,5.0,331.48,163.0,59.0,186.66,0.0,1.0,0,7.28,3.0,3.0,32.63,1.0,18.0,1,1,18.0,1.791759469228055,5.8065797079108625,0.5631108965850127,0,1.0,0.24535278803772545,-1.1235532451371641,True,pair_1794_1889
1895,대조,0,37.0,8.0,107.28,43.0,13.0,77.28999999999999,0.0,2.0,0,8.03,4.0,4.0,9.42,2.0,37.0,1,1,37.0,2.1972245773362196,4.684720464746101,0.7204511558538403,0,2.0,0.4770481055676562,-0.09187214373166284,True,pair_2441_1895
1896,대조,0,5.0,18.0,739.5,14937.0,165.0,450.73,0.0,0.0,1,257.56,90.0,87.0,375.12,13.0,5.0,1,1,5.0,2.9444389791664403,6.607325633707854,0.6095064232589588,0,0.0,0.4485594863246306,-0.20649266344388903,True,pair_1672_1896
1900,처치,1,7.0,11.0,1501.58,540.0,218.0,748.5500000000001,0.0,0.0,0,392.62,119.0,99.0,876.38,6.0,7.0,1,1,7.0,2.4849066497880004,7.314938909584265,0.498508237989318,0,0.0,0.2391646878083339,-1.157264539747408,True,pair_1900_2273
1905,대조,0,8.0,13.0,332.4,126.0,63.0,207.64000000000001,0.0,2.0,0,19.85,7.0,6.0,31.72,3.0,8.0,1,1,8.0,2.6390573296152584,5.809342970316694,0.6246690734055356,0,2.0,0.5864352808680253,0.34924829630310705,True,pair_607_1905
1912,처치,1,17.0,5.0,170.99,108.0,32.0,88.83,0.0,1.0,0,103.74000000000001,68.0,34.0,201.4,5.0,17.0,1,1,17.0,1.791759469228055,5.147436335588401,0.5195040645651792,0,1.0,0.26834448868774596,-1.00303822959118,True,pair_1912_1237
1918,처치,1,3.0,3.0,145.87,55.0,20.0,69.14,0.0,1.0,0,0.0,0.0,0.0,0.0,0.0,3.0,0,0,3.0,1.3862943611198906,4.989547841765771,0.47398368410228287,0,1.0,0.20423775815727419,-1.360015653713539,True,pair_1918_1153
1919,대조,0,11.0,17.0,623.06,30778.0,130.0,312.42,0.0,4.0,1,137.15,72.0,45.0,300.56,5.0,11.0,1,1,11.0,2.8903717578961645,6.436246517593097,0.5014284338586975,0,4.0,0.926970637522187,2.5410603043300775,True,pair_1549_1919
1921,대조,0,1.0,23.0,386.79,24584.0,87.0,249.59,0.0,1.0,1,91.28,39.0,31.0,120.91,12.0,1.0,1,1,1.0,3.1780538303479458,5.960463955988194,0.6452855554693762,0,1.0,0.6744698687248932,0.7284719760676029,True,pair_230_1921
1922,처치,1,7.0,12.0,325.34,34955.0,29.0,56.47,0.0,1.0,0,211.03,109.0,98.0,450.15000000000003,11.0,7.0,1,1,7.0,2.5649493574615367,5.787939782662924,0.17357226286346591,0,1.0,0.5320877356315183,0.12852758330002978,True,pair_1922_7
1925,처치,1,4.0,14.0,509.41,209.0,103.0,297.5,0.0,0.0,0,78.41,26.0,20.0,104.83,5.0,4.0,1,1,4.0,2.70805020110221,6.235214324315139,0.5840089515321646,0,0.0,0.2872876470132927,-0.9085939387777758,True,pair_1925_1051
1933,대조,0,3.0,14.0,445.59000000000003,14384.0,62.0,203.56,0.0,1.0,0,82.47,36.0,27.0,214.71,9.0,3.0,1,1,3.0,2.70805020110221,6.101640947753665,0.45683251419466325,0,1.0,0.479172675051551,-0.08335753361412797,True,pair_2204_1933
1937,처치,1,2.0,33.0,1297.17,7021.0,317.0,685.44,6.0,2.0,1,324.51,183.0,157.0,605.11,11.0,2.0,1,1,2.0,3.5263605246161616,7.16871085941231,0.5284118504128218,1,2.0,0.9203782332122304,2.4474972010351483,True,pair_1937_682
1939,대조,0,2.0,12.0,693.04,30576.0,92.0,269.28000000000003,0.0,2.0,1,28.28,12.0,9.0,173.2,5.0,2.0,1,1,2.0,2.5649493574615367,6.542529595733471,0.3885490015006349,0,2.0,0.7287879101733558,0.9884816230533112,True,pair_2092_1939
1940,처치,1,2.0,9.0,355.35,215.0,125.0,229.0,0.0,1.0,0,68.46000000000001,28.0,27.0,111.29,3.0,2.0,1,1,2.0,2.302585092994046,5.875913393947879,0.6444350640213873,0,1.0,0.33235613711001155,-0.6975477958598084,True,pair_1940_403
1941,처치,1,3.0,14.0,45.38,30.0,18.0,34.4,0.0,0.0,0,26.03,22.0,16.0,37.28,10.0,3.0,1,1,3.0,2.70805020110221,3.8368683318273855,0.758043190832966,0,0.0,0.2989541802325626,-0.8522829300544182,True,pair_1941_769
1942,처치,1,3.0,25.0,443.08,16261.0,33.0,149.28,0.0,0.0,0,27.98,10.0,10.0,171.21,6.0,3.0,1,1,3.0,3.258096538021482,6.0960047263819055,0.3369143269838404,0,0.0,0.4907763174088536,-0.03689891637654126,True,pair_1942_748
1948,대조,0,3.0,25.0,478.35,249.0,120.0,291.71,0.0,0.0,1,50.16,33.0,31.0,126.84,10.0,3.0,1,1,3.0,3.258096538021482,6.172431019523006,0.6098254416222431,0,0.0,0.5413254412750728,0.1656797168223626,True,pair_1402_1948
1949,대조,0,23.0,14.0,436.48,214.0,86.0,252.87,0.0,0.0,1,152.17000000000002,69.0,50.0,240.74,8.0,23.0,1,1,23.0,2.70805020110221,6.081030990467025,0.5793392595307918,0,0.0,0.41189839047900934,-0.35612304439569764,True,pair_1116_1949
1950,대조,0,3.0,3.0,71.43,50.0,25.0,43.72,0.0,0.0,0,142.16,73.0,47.0,215.97,5.0,3.0,1,1,3.0,1.3862943611198906,4.282620578207235,0.612067758644827,0,0.0,0.10831587531629805,-2.1080602198059126,True,pair_577_1950
1953,처치,1,8.0,21.0,737.17,289.0,107.0,496.37,0.0,0.0,1,9.4,5.0,5.0,66.65,4.0,8.0,1,1,8.0,3.091042453358316,6.604174150376977,0.6733453613142152,0,0.0,0.4685113692016803,-0.1261214381457683,True,pair_1953_283
1957,대조,0,10.0,14.0,707.54,291.0,88.0,296.67,0.0,1.0,0,55.300000000000004,20.0,19.0,145.85,2.0,10.0,1,1,10.0,2.70805020110221,6.563206514841245,0.41929784888486876,0,1.0,0.4781351527713609,-0.08751520209386118,True,pair_91_1957
1959,처치,1,8.0,29.0,1528.63,146760.0,205.0,457.47,0.0,2.0,0,207.65,109.0,90.0,793.71,18.0,8.0,1,1,8.0,3.4011973816621555,7.332781155075517,0.2992679719749056,0,2.0,0.7947931300925519,1.3540632752554735,True,pair_1959_1303
1961,대조,0,5.0,14.0,264.84,130.0,63.0,150.87,0.0,2.0,0,30.23,10.0,10.0,40.61,6.0,5.0,1,1,5.0,2.70805020110221,5.582894624046339,0.5696647032170368,0,2.0,0.6242809575559081,0.5077588829956955,True,pair_2354_1961
1962,대조,0,1.0,27.0,703.49,45532.0,96.0,323.07,0.0,0.0,1,199.85,74.0,71.0,398.79,15.0,1.0,1,1,1.0,3.332204510175204,6.557474136773833,0.4592389372983269,0,0.0,0.5925044914350451,0.374328542767959,True,pair_2149_1962
1963,대조,0,4.0,6.0,195.88,82.0,46.0,134.65,4.0,2.0,0,124.82000000000001,53.0,44.0,231.7,3.0,4.0,1,1,4.0,1.9459101490553132,5.282594406082801,0.6874106595875026,1,2.0,0.5736681991047535,0.29683326039957125,True,pair_2100_1963
1964,대조,0,4.0,15.0,448.82,252.0,123.0,281.65,0.0,0.0,1,136.81,72.0,55.0,258.62,6.0,4.0,1,1,4.0,2.772588722239781,6.108847502743026,0.6275344235996613,0,0.0,0.41264310818613104,-0.35304955339903277,True,pair_1735_1964
1968,처치,1,4.0,15.0,373.81,183.0,63.0,189.06,0.0,1.0,0,43.11,25.0,17.0,106.42,3.0,4.0,1,1,4.0,2.772588722239781,5.926419230904816,0.5057649608089672,0,1.0,0.48664699412628715,-0.05342472694679937,True,pair_1968_1858
1971,처치,1,11.0,14.0,196.05,11939.0,33.0,87.72,0.0,3.0,0,17.32,10.0,6.0,116.64,9.0,11.0,1,1,11.0,2.70805020110221,5.283457503641013,0.44743687834736035,0,3.0,0.793663777799333,1.3471529330210743,True,pair_1971_1773
1972,처치,1,9.0,10.0,235.88,139.0,43.0,102.99,0.0,1.0,0,34.870000000000005,13.0,10.0,58.370000000000005,2.0,9.0,1,1,9.0,2.3978952727983707,5.467553683793335,0.4366203154146176,0,1.0,0.42231695058912655,-0.3132692609763033,True,pair_1972_538
1981,대조,0,5.0,8.0,127.83,57.0,34.0,102.48,0.0,1.0,0,57.44,24.0,19.0,94.1,8.0,5.0,1,1,5.0,2.1972245773362196,4.858493705803434,0.8016897441915044,0,1.0,0.29351720700893585,-0.8783625820462401,True,pair_999_1981
1982,처치,1,86.0,4.0,66.48,12082.0,6.0,13.83,0.0,1.0,1,77.21,60.0,44.0,162.65,4.0,86.0,1,1,86.0,1.6094379124341003,4.211831257677767,0.20803249097472923,0,1.0,0.45298725469679907,-0.1886081127619405,True,pair_1982_2483
1988,대조,0,4.0,27.0,1057.18,43690.0,126.0,703.72,0.0,1.0,0,155.98,45.0,33.0,242.82,6.0,4.0,1,1,4.0,3.332204510175204,6.964305730272524,0.66565769310808,0,1.0,0.558218259906303,0.23393407326384663,True,pair_1174_1988
1989,대조,0,3.0,27.0,516.07,35298.0,114.0,246.42,0.0,1.0,1,116.66,83.0,66.0,203.43,10.0,3.0,1,1,3.0,3.332204510175204,6.248178261861523,0.47749336330342773,0,1.0,0.7411349787153211,1.0518759937070499,True,pair_1425_1989
1993,처치,1,15.0,11.0,234.31,18432.0,43.0,83.85,0.0,0.0,0,2.0,2.0,2.0,20.75,2.0,15.0,1,1,15.0,2.4849066497880004,5.460903793767789,0.3578592462976399,0,0.0,0.31123546248233963,-0.794349727543986,True,pair_1993_1265
1996,처치,1,1.0,22.0,472.36,148.0,54.0,139.22,0.0,0.0,0,18.63,6.0,6.0,60.949999999999996,6.0,1.0,1,1,1.0,3.1354942159291497,6.159856198368439,0.2947328308916928,0,0.0,0.46918450052422117,-0.12341841985201014,True,pair_1996_1474
1997,처치,1,13.0,9.0,562.35,16973.0,80.0,228.53,0.0,0.0,1,202.09,110.0,77.0,471.14,7.0,13.0,1,1,13.0,2.302585092994046,6.333901104610175,0.4063839246021161,0,0.0,0.3522365605965532,-0.6092225700268464,True,pair_1997_1464
2013,대조,0,3.0,19.0,146.82,63.0,36.0,79.42,0.0,2.0,1,51.59,24.0,23.0,74.14,13.0,3.0,1,1,3.0,2.995732273553991,4.995995317356741,0.5409344775916088,0,2.0,0.8065164489387138,1.4275317913962702,True,pair_886_2013
2014,대조,0,15.0,2.0,18.759999999999998,16.0,3.0,9.47,0.0,1.0,0,19.03,13.0,10.0,33.21,3.0,15.0,1,1,15.0,1.0986122886681098,2.983659692319722,0.5047974413646056,0,1.0,0.18595425625680045,-1.4765158513050805,True,pair_2319_2014
2016,처치,1,16.0,9.0,124.32,86.0,34.0,75.9,0.0,1.0,0,5.99,4.0,3.0,9.66,3.0,16.0,1,1,16.0,2.302585092994046,4.830870466083991,0.6105212355212356,0,1.0,0.36763387914279305,-0.5423809822681638,True,pair_2016_1088
2018,대조,0,2.0,30.0,550.21,353.0,104.0,277.36,0.0,2.0,1,219.39000000000001,79.0,70.0,483.58,25.0,2.0,1,1,2.0,3.4339872044851463,6.312115861770004,0.5040984351429454,0,2.0,0.8563003667248191,1.7848959692339177,True,pair_55_2018
2021,대조,0,3.0,7.0,197.21,87.0,25.0,102.92999999999999,0.0,1.0,0,20.86,7.0,7.0,30.41,4.0,3.0,1,1,3.0,2.0794415416798357,5.289327074709904,0.5219309365650828,0,1.0,0.32613875449424345,-0.7257013044205394,True,pair_155_2021
2024,대조,0,17.0,5.0,170.54,9205.0,23.0,103.35,0.0,4.0,1,99.25,30.0,26.0,160.22,4.0,17.0,1,1,17.0,1.791759469228055,5.144816475562275,0.6060161838864783,0,4.0,0.8048775761232742,1.4170630101804054,True,pair_1879_2024
2027,처치,1,1.0,31.0,540.36,285.0,112.0,326.79,0.0,2.0,0,158.71,88.0,62.0,301.45,17.0,1.0,1,1,1.0,3.4657359027997265,6.29408449192397,0.604763491005996,0,2.0,0.7647295114873959,1.178786324365868,True,pair_2027_335
2030,대조,0,7.0,9.0,301.76,17863.0,49.0,107.72,0.0,3.0,1,163.84,81.0,66.0,294.89,14.0,7.0,1,1,7.0,2.302585092994046,5.712940412440966,0.35697242841993637,0,3.0,0.8185986024906196,1.50688161519019,True,pair_469_2030
2033,대조,0,4.0,23.0,700.02,65234.0,55.0,173.49,0.0,0.0,0,36.980000000000004,9.0,9.0,192.89,14.0,4.0,1,1,4.0,3.1780538303479458,6.552536417298069,0.24783577612068228,0,0.0,0.483430557454288,-0.06630204794834757,True,pair_830_2033
2034,대조,0,4.0,23.0,546.07,37349.0,125.0,292.23,0.0,1.0,0,169.43,121.0,91.0,279.4,17.0,4.0,1,1,4.0,3.1780538303479458,6.304576764983967,0.5351511710952808,0,1.0,0.573062652814479,0.2943577779126615,True,pair_484_2034
2035,대조,0,5.0,5.0,57.12,43.0,15.0,32.08,0.0,1.0,0,2.84,2.0,2.0,5.3100000000000005,2.0,5.0,1,1,5.0,1.791759469228055,4.062509838702082,0.561624649859944,0,1.0,0.2811295134966495,-0.9388657461843231,True,pair_632_2035
2037,처치,1,31.0,5.0,98.21000000000001,54.0,13.0,36.55,0.0,2.0,0,39.89,11.0,10.0,47.04,3.0,31.0,1,1,31.0,1.791759469228055,4.597238815661811,0.37216169432847973,0,2.0,0.4736526161001092,-0.10548724483463987,True,pair_2037_1363
2044,처치,1,12.0,4.0,48.35,24.0,11.0,22.8,0.0,1.0,0,12.39,8.0,8.0,37.29,3.0,12.0,1,1,12.0,1.6094379124341003,3.8989377658794906,0.47156153050672184,0,1.0,0.26788187490160953,-1.005395755974528,True,pair_2044_111
2046,대조,0,3.0,7.0,43.95,26.0,11.0,27.2,0.0,1.0,0,0.0,0.0,0.0,5.08,2.0,3.0,0,1,3.0,2.0794415416798357,3.8055507609176296,0.6188850967007963,0,1.0,0.33663075569560197,-0.6783451155001156,True,pair_441_2046
2051,처치,1,42.0,1.0,6.74,4.0,3.0,3.25,0.0,4.0,0,0.0,0.0,0.0,0.0,0.0,42.0,0,0,42.0,0.6931471805599453,2.046401687601636,0.4821958456973294,0,4.0,0.557326153062619,0.23031735990490598,True,pair_2051_1582
2056,대조,0,13.0,15.0,522.85,211.0,82.0,294.29,0.0,0.0,0,180.05,78.0,61.0,275.92,15.0,13.0,1,1,13.0,2.772588722239781,6.261205383798974,0.5628574160849192,0,0.0,0.30636674894782234,-0.8171604538604341,True,pair_2350_2056
2057,처치,1,3.0,17.0,358.94,21389.0,54.0,172.8,0.0,1.0,1,192.32999999999998,109.0,72.0,440.36,10.0,3.0,1,1,3.0,2.8903717578961645,5.885937350893057,0.48141750710425146,0,1.0,0.6516233332456974,0.6261824150832612,True,pair_2057_1065
2063,대조,0,2.0,10.0,323.09000000000003,197.0,101.0,244.97,0.0,2.0,1,171.84,65.0,56.0,214.33,6.0,2.0,1,1,2.0,2.3978952727983707,5.781021254997003,0.7582097867467268,0,2.0,0.6155314982744764,0.4706242539154008,True,pair_221_2063
2071,처치,1,2.0,42.0,337.59,163.0,48.0,152.35,0.0,0.0,0,57.36,27.0,24.0,126.71000000000001,17.0,2.0,1,1,2.0,3.7612001156935624,5.824789935890205,0.45128706419029,0,0.0,0.5948315672159521,0.3839754210931094,True,pair_2071_831
2074,대조,0,3.0,6.0,79.72,3610.0,7.0,33.519999999999996,0.0,1.0,0,0.0,0.0,0.0,0.0,0.0,3.0,0,0,3.0,1.9459101490553132,4.390986376045354,0.420471650777722,0,1.0,0.34260998466455533,-0.6516847437417135,True,pair_479_2074
2075,대조,0,2.0,51.0,1425.69,87713.0,235.0,701.26,0.0,0.0,0,227.56,84.0,71.0,478.5,17.0,2.0,1,1,2.0,3.9512437185814275,7.263112354914176,0.4918741100800314,0,0.0,0.5941176080613852,0.38101385052410497,True,pair_882_2075
2078,처치,1,54.0,1.0,9.98,5.0,2.0,7.99,0.0,4.0,0,0.0,0.0,0.0,0.0,0.0,54.0,0,0,54.0,0.6931471805599453,2.3960754360813845,0.8006012024048096,0,4.0,0.457578996138138,-0.17009292084617153,True,pair_2078_337
2082,처치,1,4.0,24.0,651.9,67090.0,114.0,329.32,2.0,2.0,1,156.33,54.0,49.0,307.19,14.0,4.0,1,1,4.0,3.2188758248682006,6.481423978192588,0.5051695045252339,1,2.0,0.9027676501498288,2.228361738019655,True,pair_2082_740
2092,처치,1,34.0,18.0,242.71,29813.0,16.0,24.02,0.0,1.0,1,0.0,0.0,0.0,0.0,0.0,34.0,0,0,34.0,2.9444389791664403,5.495978993847555,0.0989658440113716,0,1.0,0.7638180130130432,1.1737269187719095,True,pair_2092_1939
2099,대조,0,4.0,18.0,299.44,31699.0,24.0,55.34,0.0,0.0,0,5.76,4.0,3.0,27.16,4.0,4.0,1,1,4.0,2.9444389791664403,5.705248066817811,0.18481164841036604,0,0.0,0.46351659020756003,-0.14619346086555063,True,pair_1458_2099
2100,처치,1,4.0,16.0,490.01,10484.0,127.0,298.13,0.0,1.0,1,204.85,96.0,71.0,314.33,6.0,4.0,1,1,4.0,2.833213344056216,6.196464494185903,0.6084161547723516,0,1.0,0.5956844288592832,0.3875153553274198,True,pair_2100_1963
2102,대조,0,10.0,14.0,652.8100000000001,225.0,118.0,430.35,0.0,1.0,1,216.99,67.0,58.0,335.14,9.0,10.0,1,1,10.0,2.70805020110221,6.482816789370448,0.6592270338996032,0,1.0,0.5423556808101047,0.16982973711457489,True,pair_1505_2102
2108,대조,0,1.0,26.0,554.94,3623.0,97.0,266.61,0.0,1.0,0,118.78,57.0,31.0,145.92,6.0,1.0,1,1,1.0,3.295836866004329,6.320660374758419,0.4804303167910044,0,1.0,0.6171227142129659,0.4773533574474782,True,pair_752_2108
2117,처치,1,20.0,9.0,185.21,120.0,78.0,121.01,0.0,2.0,0,4.41,3.0,3.0,9.69,1.0,20.0,1,1,20.0,2.302585092994046,5.226875069093671,0.6533664488958479,0,2.0,0.5079728220746941,0.03189399164211526,True,pair_2117_2282
2123,처치,1,10.0,9.0,642.42,261.0,110.0,327.66,0.0,1.0,1,141.4,67.0,58.0,313.27,4.0,10.0,1,1,10.0,2.302585092994046,6.466797699183474,0.5100401606425704,0,1.0,0.4802989121034456,-0.07884517169594062,True,pair_2123_1440
2128,처치,1,3.0,6.0,66.67,24.0,9.0,56.93,0.0,0.0,0,4.0,6.0,3.0,8.0,2.0,3.0,1,1,3.0,1.9459101490553132,4.2146429502441345,0.8539073046347683,0,0.0,0.1422706977459288,-1.796556986139903,True,pair_2128_1493
2137,처치,1,5.0,19.0,371.32,211.0,79.0,224.99,0.0,2.0,0,192.31,102.0,79.0,356.98,24.0,5.0,1,1,5.0,2.995732273553991,5.919753699553982,0.6059194226004525,0,2.0,0.6746818168285765,0.7294374687206716,True,pair_2137_1428
2146,대조,0,9.0,6.0,199.45000000000002,78.0,15.0,46.96,0.0,2.0,0,23.78,9.0,9.0,46.34,2.0,9.0,1,1,9.0,1.9459101490553132,5.300564839088516,0.2354474805715718,0,2.0,0.532571177784301,0.1304694706592721,True,pair_447_2146
2149,처치,1,4.0,18.0,703.76,52003.0,76.0,501.16,0.0,2.0,0,287.9,99.0,59.0,392.49,10.0,4.0,1,1,4.0,2.9444389791664403,6.557857319322428,0.7121177674207116,0,2.0,0.6189585507903151,0.48513014908999985,True,pair_2149_1962
2159,대조,0,10.0,24.0,378.04,17128.0,48.0,174.96,0.0,1.0,0,101.39,36.0,24.0,144.79,6.0,10.0,1,1,10.0,3.2188758248682006,5.937641740410475,0.4628081684477833,0,1.0,0.6133059010801326,0.46122989603667347,True,pair_1548_2159
2173,대조,0,2.0,23.0,672.63,10552.0,136.0,404.2,0.0,0.0,1,217.66,83.0,61.0,416.45,10.0,2.0,1,1,2.0,3.1780538303479458,6.512680998753485,0.600924728305309,0,0.0,0.5139574983758577,0.055844502073286055,True,pair_1409_2173
2176,처치,1,23.0,9.0,153.86,76.0,38.0,74.22,0.0,1.0,0,6.46,6.0,4.0,47.93,3.0,23.0,1,1,23.0,2.302585092994046,5.042521482958578,0.4823865852073313,0,1.0,0.3976004748742719,-0.41547321904797263,True,pair_2176_1495
2179,대조,0,36.0,5.0,97.97,3623.0,16.0,40.68,0.0,1.0,1,10.0,5.0,5.0,102.14,3.0,36.0,1,1,36.0,1.791759469228055,4.5948167739086,0.4152291517811575,0,1.0,0.42721471384328263,-0.29322419817103856,True,pair_697_2179
2182,처치,1,56.0,4.0,41.64,27.0,8.0,19.689999999999998,0.0,3.0,1,46.55,20.0,16.0,104.16,7.0,56.0,1,1,56.0,1.6094379124341003,3.752792779857589,0.47286263208453405,0,3.0,0.706084715481979,0.876443645976911,True,pair_2182_1783
2186,대조,0,2.0,29.0,934.0,352.0,141.0,529.46,0.0,1.0,1,235.33,57.0,48.0,520.66,17.0,2.0,1,1,2.0,3.4011973816621555,6.840546529288687,0.5668736616702356,0,1.0,0.7225319539451976,0.9570558687181445,True,pair_161_2186
2204,처치,1,1.0,28.0,386.98,12337.0,83.0,188.18,0.0,0.0,0,95.8,52.0,44.0,194.4,9.0,1.0,1,1,1.0,3.367295829986474,5.96095379190296,0.4862783606387927,0,0.0,0.47969214063068205,-0.08127614919148275,True,pair_2204_1933
2205,처치,1,11.0,4.0,59.410000000000004,36.0,24.0,46.26,0.0,2.0,0,6.93,3.0,2.0,19.12,1.0,11.0,1,1,11.0,1.6094379124341003,4.10115465415065,0.7786567917858945,0,2.0,0.3282674540766553,-0.716031579274076,True,pair_2205_179
2211,처치,1,16.0,11.0,246.4,12155.0,42.0,108.27,0.0,0.0,0,65.28,35.0,28.0,189.38,5.0,16.0,1,1,16.0,2.4849066497880004,5.511006459958388,0.4394074675324675,0,0.0,0.29043110391842164,-0.8932912126320258,True,pair_2211_734
2213,대조,0,10.0,7.0,207.16,7519.0,11.0,29.38,0.0,3.0,0,0.0,0.0,0.0,0.0,0.0,10.0,0,0,10.0,2.0794415416798357,5.338307014764196,0.14182274570380382,0,3.0,0.7385301867481393,1.0383431369489466,True,pair_928_2213
2221,처치,1,1.0,19.0,368.47,216.0,114.0,228.92,0.0,1.0,1,150.55,79.0,71.0,200.65,11.0,1.0,1,1,1.0,2.995732273553991,5.912069546293729,0.6212717453252639,0,1.0,0.6391063400663837,0.5714875127938153,True,pair_2221_136
2222,대조,0,5.0,7.0,434.23,24172.0,68.0,178.64000000000001,1.0,1.0,0,89.99000000000001,41.0,34.0,242.68,6.0,5.0,1,1,5.0,2.0794415416798357,6.075874626989435,0.41139488289616105,1,1.0,0.5010148191795364,0.004059282292130703,True,pair_2314_2222
2223,처치,1,86.0,1.0,42.559999999999995,8.0,1.0,6.99,0.0,2.0,0,0.0,0.0,0.0,3.39,1.0,86.0,0,1,86.0,0.6931471805599453,3.7741392980647595,0.1642387218045113,0,2.0,0.28795645351779403,-0.9053298046909507,True,pair_2223_2456
2231,처치,1,5.0,6.0,345.66,13645.0,56.0,174.93,0.0,0.0,1,107.17,68.0,43.0,154.79,6.0,5.0,1,1,5.0,1.9459101490553132,5.848344472513165,0.5060753341433779,0,0.0,0.26005737873935686,-1.0456703502282583,True,pair_2231_965
2238,처치,1,1.0,27.0,351.87,170.0,84.0,233.56,0.0,1.0,0,54.94,25.0,18.0,206.76,15.0,1.0,1,1,1.0,3.332204510175204,5.866099717149853,0.6637678688151875,0,1.0,0.5873135039317907,0.3528705402238829,True,pair_2238_1102
2241,대조,0,2.0,18.0,331.43,164.0,71.0,233.76,0.0,0.0,0,15.58,14.0,13.0,30.38,2.0,2.0,1,1,2.0,2.9444389791664403,5.806429311616344,0.7053073047098934,0,0.0,0.3193456026454412,-0.7567807742499042,True,pair_2372_2241
2247,대조,0,4.0,8.0,294.12,98.0,30.0,155.62,0.0,1.0,0,58.65,28.0,14.0,116.44,3.0,4.0,1,1,4.0,2.1972245773362196,5.68738205328842,0.5291037671698626,0,1.0,0.34215998736254033,-0.6536833328888817,True,pair_850_2247
2248,대조,0,20.0,3.0,199.56,64.0,33.0,113.73,0.0,0.0,0,0.0,0.0,0.0,0.0,0.0,20.0,0,0,20.0,1.3862943611198906,5.301113453850038,0.5699037883343355,0,0.0,0.1030693443726551,-2.1635765440400845,True,pair_1660_2248
2252,대조,0,1.0,49.0,1631.3,147192.0,221.0,660.86,0.0,0.0,1,452.83,221.0,165.0,1029.92,37.0,1.0,1,1,1.0,3.912023005428146,7.39774534215999,0.4051124869735794,0,0.0,0.7211659584356,0.9502525171979347,True,pair_2269_2252
2254,대조,0,6.0,26.0,189.47,3544.0,52.0,135.97,0.0,0.0,1,63.120000000000005,37.0,26.0,98.5,11.0,6.0,1,1,6.0,3.295836866004329,5.249494701850468,0.7176333984271916,0,0.0,0.5450379589982501,0.18064145267490453,True,pair_606_2254
2258,대조,0,6.0,6.0,238.86,106.0,46.0,151.05,0.0,1.0,0,34.47,9.0,6.0,36.76,1.0,6.0,1,1,6.0,1.9459101490553132,5.480055419803575,0.6323787992966592,0,1.0,0.2667065387338799,-1.0113970301245674,True,pair_195_2258
2260,처치,1,3.0,14.0,782.24,51462.0,99.0,294.23,0.0,1.0,1,33.67,52.0,13.0,162.29,6.0,3.0,1,1,3.0,2.70805020110221,6.663439162435126,0.37613775823276746,0,1.0,0.6163924043434595,0.47426363696562135,True,pair_2260_1627
2269,처치,1,2.0,34.0,586.49,301.0,105.0,327.75,0.0,1.0,1,245.62,96.0,62.0,340.34,17.0,2.0,1,1,2.0,3.5553480614894135,6.375859224596855,0.5588330576821429,0,1.0,0.7643320805678777,1.1765786621074206,True,pair_2269_2252
2273,대조,0,11.0,5.0,143.65,54.0,32.0,95.85,0.0,1.0,0,79.88,21.0,18.0,108.05,4.0,11.0,1,1,11.0,1.791759469228055,4.974317031422144,0.6672467803689522,0,1.0,0.23933161066752054,-1.1563474238441391,True,pair_1900_2273
2274,대조,0,5.0,9.0,1303.65,397.0,119.0,603.2,0.0,4.0,0,127.21000000000001,58.0,38.0,313.71,2.0,5.0,1,1,5.0,2.302585092994046,7.173690084551231,0.46270087830322554,0,4.0,0.7970560011221298,1.3679948678311515,True,pair_305_2274
2275,대조,0,5.0,26.0,326.54,186.0,76.0,183.05,0.0,0.0,0,191.2,87.0,72.0,383.78000000000003,16.0,5.0,1,1,5.0,3.295836866004329,5.791610185021721,0.5605745084828812,0,0.0,0.44476115596431864,-0.2218609608803931,True,pair_1293_2275
2278,대조,0,7.0,7.0,153.62,48.0,30.0,102.84,0.0,2.0,0,111.56,37.0,29.0,166.77,8.0,7.0,1,1,7.0,2.0794415416798357,5.0409704938923285,0.6694440828017185,0,2.0,0.44945352575197167,-0.2028789169041619,True,pair_911_2278
2282,대조,0,7.0,11.0,177.65,102.0,77.0,139.88,0.0,1.0,1,60.64,35.0,34.0,134.67,8.0,7.0,1,1,7.0,2.4849066497880004,5.185428584469419,0.7873909372361384,0,1.0,0.4820295341800323,-0.07191283843660966,True,pair_2117_2282
2288,처치,1,10.0,16.0,293.86,145.0,52.0,184.61,0.0,2.0,0,10.66,10.0,5.0,40.42,2.0,10.0,1,1,10.0,2.833213344056216,5.686500667421674,0.6282243245082693,0,2.0,0.6366941513008993,0.5610443631118492,True,pair_2288_1219
2289,대조,0,21.0,13.0,286.57,118.0,62.0,237.76999999999998,0.0,1.0,0,116.83,67.0,46.0,241.82,7.0,21.0,1,1,21.0,2.6390573296152584,5.661466308862253,0.8297100184946086,0,1.0,0.3700754497928409,-0.5318931474288731,True,pair_1578_2289
2293,대조,0,11.0,5.0,225.73,17069.0,21.0,122.09,0.0,0.0,0,230.76999999999998,74.0,48.0,287.08,3.0,11.0,1,1,11.0,1.791759469228055,5.423759882238551,0.5408674079652683,0,0.0,0.15137603421124735,-1.7238491399666875,True,pair_1798_2293
2298,처치,1,3.0,9.0,317.57,171.0,45.0,153.02,0.0,0.0,1,164.98,54.0,44.0,232.38,8.0,3.0,1,1,3.0,2.302585092994046,5.7638422310838635,0.48184652202663986,0,0.0,0.3457000136822925,-0.6379945544582559,True,pair_2298_1605
2302,처치,1,5.0,8.0,200.25,96.0,35.0,100.57000000000001,0.0,1.0,1,101.78,69.0,48.0,150.68,7.0,5.0,1,1,5.0,2.1972245773362196,5.304547916298673,0.5022222222222222,0,1.0,0.4858767240424156,-0.05650813570124133,True,pair_2302_402
2303,처치,1,12.0,14.0,408.93,10938.0,42.0,149.42,0.0,1.0,0,22.36,4.0,4.0,63.99,3.0,12.0,1,1,12.0,2.70805020110221,6.015986413414719,0.3653926099821485,0,1.0,0.5084384894163235,0.033757162953514296,True,pair_2303_1524
2314,처치,1,9.0,10.0,619.89,331.0,164.0,336.44,0.0,1.0,1,139.64,92.0,68.0,233.87,5.0,9.0,1,1,9.0,2.3978952727983707,6.431153932588066,0.5427414541289584,0,1.0,0.4965646586100692,-0.013741581792106442,True,pair_2314_2222
2319,처치,1,36.0,3.0,176.69,84.0,34.0,102.57000000000001,0.0,1.0,0,73.65,26.0,22.0,194.77,6.0,36.0,1,1,36.0,1.3862943611198906,5.1800404589569835,0.5805082347614466,0,1.0,0.18343907931476763,-1.4932189020737974,True,pair_2319_2014
2329,처치,1,4.0,11.0,253.28,108.0,48.0,107.46000000000001,0.0,3.0,0,55.16,4.0,4.0,59.94,3.0,4.0,1,1,4.0,2.4849066497880004,5.538436022068208,0.42427353126974104,0,3.0,0.7525212498983652,1.112104515144403,True,pair_2329_1663
2336,대조,0,4.0,10.0,294.92,190.0,82.0,169.66,0.0,2.0,0,112.93,42.0,37.0,177.42000000000002,8.0,4.0,1,1,4.0,2.3978952727983707,5.690089147524199,0.5752746507527464,0,2.0,0.5415594697604896,0.16662230628505498,True,pair_2381_2336
2338,대조,0,5.0,15.0,360.81,165.0,63.0,152.4,0.0,1.0,0,76.87,38.0,30.0,162.9,4.0,5.0,1,1,5.0,2.772588722239781,5.891119212159107,0.4223829716471273,0,1.0,0.5116572298053357,0.04663737057886098,True,pair_749_2338
2342,대조,0,2.0,37.0,842.68,112711.0,94.0,319.92,0.0,0.0,1,102.8,99.0,45.0,385.6,15.0,2.0,1,1,2.0,3.6375861597263857,6.73777327578216,0.37964589167892915,0,0.0,0.6824077143994528,0.7648588615121731,True,pair_1595_2342
2344,처치,1,11.0,9.0,339.9,16814.0,47.0,148.21,0.0,1.0,0,102.76,57.0,41.0,204.34,5.0,11.0,1,1,11.0,2.302585092994046,5.831589179143857,0.43604001176816715,0,1.0,0.38930565660979227,-0.4502317929661053,True,pair_2344_944
2346,대조,0,59.0,4.0,132.25,58.0,23.0,60.75,0.0,1.0,0,50.08,17.0,16.0,117.63,2.0,59.0,1,1,59.0,1.6094379124341003,4.892227063045954,0.45935727788279773,0,1.0,0.25279412728325096,-1.0837653151958464,True,pair_1089_2346
2347,대조,0,5.0,18.0,598.02,36470.0,96.0,302.93,0.0,0.0,1,111.76,75.0,38.0,265.17,8.0,5.0,1,1,5.0,2.9444389791664403,6.395294986539685,0.5065549647168991,0,0.0,0.4836888255290343,-0.06526785752683241,True,pair_288_2347
2350,처치,1,31.0,6.0,240.11,4131.0,37.0,113.95,0.0,1.0,0,0.0,0.0,0.0,0.0,0.0,31.0,0,0,31.0,1.9459101490553132,5.485253260892737,0.4745741535129732,0,1.0,0.3051574666295713,-0.8228573217936989,True,pair_2350_2056
2354,처치,1,2.0,15.0,933.23,69383.0,144.0,464.05,0.0,2.0,0,269.07,96.0,86.0,389.03000000000003,4.0,2.0,1,1,2.0,2.772588722239781,6.839722660590288,0.4972514814140137,0,2.0,0.627793729926931,0.5227634669400893,True,pair_2354_1961
2356,처치,1,2.0,12.0,127.94,102.0,37.0,62.85,0.0,1.0,0,60.72,25.0,20.0,81.58,6.0,2.0,1,1,2.0,2.5649493574615367,4.859347179882474,0.491245896513991,0,1.0,0.4652665367687579,-0.1391579844609264,True,pair_2356_77
2358,처치,1,3.0,13.0,442.78000000000003,116.0,54.0,328.44,0.0,0.0,0,55.89,15.0,11.0,111.86,4.0,3.0,1,1,3.0,2.6390573296152584,6.095328944138271,0.7417679208636343,0,0.0,0.24097677619283275,-1.147331810326709,True,pair_2358_537
2364,처치,1,2.0,21.0,1163.18,509.0,240.0,692.1,0.0,0.0,1,287.31,117.0,97.0,550.3,9.0,2.0,1,1,2.0,3.091042453358316,7.059772255511236,0.59500679172613,0,0.0,0.4783782431905189,-0.08654099809558835,True,pair_2364_925
2372,처치,1,4.0,8.0,627.96,258.0,117.0,344.13,0.0,1.0,0,200.97,90.0,79.0,374.5,9.0,4.0,1,1,4.0,2.1972245773362196,6.44406766167355,0.5480126122682973,0,1.0,0.3194031862112663,-0.756515869236116,True,pair_2372_2241
2375,처치,1,1.0,20.0,291.96,152.0,41.0,168.16,0.0,0.0,0,239.03,99.0,70.0,355.41,11.0,1.0,1,1,1.0,3.044522437723423,5.6800360809262,0.575969310864502,0,0.0,0.3797853982480443,-0.49045919826591944,True,pair_2375_246
2379,대조,0,2.0,9.0,304.04,15077.0,54.0,128.94,0.0,2.0,0,99.07000000000001,41.0,34.0,151.72,3.0,2.0,1,1,2.0,2.302585092994046,5.720442915549309,0.42408893566635963,0,2.0,0.559117588425236,0.2375816065263071,True,pair_338_2379
2381,처치,1,9.0,13.0,231.15,23673.0,39.0,70.76,0.0,1.0,0,121.53,80.0,70.0,216.46,5.0,9.0,1,1,9.0,2.6390573296152584,5.447383714465931,0.30612156608263036,0,1.0,0.5225299161660264,0.09018073171857226,True,pair_2381_2336
2385,대조,0,1.0,54.0,966.4,95016.0,137.0,404.58,0.0,3.0,0,39.15,21.0,18.0,62.13,3.0,1.0,1,1,1.0,4.007333185232471,6.874612060388883,0.41864652317880796,0,3.0,0.9282099233035893,2.5595116587291766,True,pair_365_2385
2390,대조,0,12.0,6.0,127.63,49.0,19.0,64.60000000000001,0.0,2.0,1,32.589999999999996,19.0,15.0,70.64,3.0,12.0,1,1,12.0,1.9459101490553132,4.856940066090624,0.50615059155371,0,2.0,0.5968116970579889,0.3921979425496221,True,pair_220_2390
2393,대조,0,3.0,14.0,978.8100000000001,348.0,158.0,667.67,0.0,1.0,1,117.68,59.0,32.0,180.97,3.0,3.0,1,1,3.0,2.70805020110221,6.887358675316915,0.6821242120534117,0,1.0,0.5244923639282821,0.09804792807366222,True,pair_545_2393
2400,대조,0,2.0,74.0,2647.95,127395.0,399.0,1478.82,0.0,0.0,1,701.22,322.0,203.0,1438.21,34.0,2.0,1,1,2.0,4.31748811353631,7.881918614046746,0.5584773126380785,0,0.0,0.7584611046094794,1.1442610004771399,True,pair_2455_2400
2410,처치,1,9.0,5.0,148.13,42.0,23.0,96.3,0.0,3.0,0,152.48000000000002,53.0,47.0,239.20000000000002,3.0,9.0,1,1,9.0,1.791759469228055,5.004818408774691,0.6501046378181328,0,3.0,0.5471544119218427,0.18917984908573446,True,pair_2410_803
2411,처치,1,10.0,5.0,146.65,55.0,17.0,66.02,0.0,1.0,1,147.53,45.0,43.0,280.01,9.0,10.0,1,1,10.0,1.791759469228055,4.994844608189932,0.45018752130923967,0,1.0,0.40514700749293503,-0.3840643208930194,True,pair_2411_286
2416,처치,1,7.0,17.0,593.84,190.0,81.0,315.07,0.0,1.0,0,185.43,52.0,50.0,554.04,12.0,7.0,1,1,7.0,2.8903717578961645,6.388292461820483,0.5305637882257846,0,1.0,0.4980155530955305,-0.00793782929726099,True,pair_2416_181
2420,처치,1,15.0,16.0,694.43,18230.0,116.0,418.96,0.0,3.0,1,230.58,83.0,70.0,459.04,10.0,15.0,1,1,15.0,2.833213344056216,6.544530359281712,0.6033149489509382,0,3.0,0.8440967722782967,1.6890316674758001,True,pair_2420_1479
2423,처치,1,25.0,9.0,388.08,8944.0,75.0,161.1,0.0,0.0,0,70.58,33.0,31.0,108.28,2.0,25.0,1,1,25.0,2.302585092994046,5.9637849780012395,0.41512059369202226,0,0.0,0.24955753035034967,-1.1009735209274822,True,pair_2423_236
2426,처치,1,2.0,18.0,341.99,27646.0,46.0,208.58,0.0,1.0,1,65.16,26.0,20.0,96.67,6.0,2.0,1,1,2.0,2.9444389791664403,5.837701292221988,0.6099008742945701,0,1.0,0.6316824326465125,0.5394412670693337,True,pair_2426_1686
2437,처치,1,27.0,9.0,547.07,163.0,67.0,265.22,0.0,1.0,1,157.4,58.0,45.0,321.4,4.0,27.0,1,1,27.0,2.302585092994046,6.3064030160165885,0.48480084815471514,0,1.0,0.49311402134453736,-0.02754565620883805,True,pair_2437_1125
2439,대조,0,3.0,7.0,41.31,20.0,10.0,25.52,0.0,1.0,0,6.67,2.0,2.0,10.96,2.0,3.0,1,1,3.0,2.0794415416798357,3.7450234647319762,0.6177680948922779,0,1.0,0.33836813965151935,-0.6705748257284853,True,pair_964_2439
2440,대조,0,3.0,17.0,267.35,122.0,61.0,195.19,0.0,1.0,0,75.12,24.0,22.0,90.24,5.0,3.0,1,1,3.0,2.8903717578961645,5.592292098622838,0.7300916401720591,0,1.0,0.4616924861581091,-0.15353092884907518,True,pair_987_2440
2441,처치,1,3.0,16.0,166.52,102.0,57.0,96.56,0.0,1.0,0,65.64,45.0,40.0,118.29,10.0,3.0,1,1,3.0,2.833213344056216,5.121102747122227,0.5798702858515493,0,1.0,0.5025912224916473,0.010364982760577459,True,pair_2441_1895
2443,처치,1,51.0,15.0,270.76,16500.0,48.0,131.34,0.0,4.0,0,0.0,0.0,0.0,0.0,0.0,51.0,0,0,51.0,2.772588722239781,5.604919323852329,0.485079036785345,0,4.0,0.8821878640126657,2.013313743197901,True,pair_2443_43
2447,처치,1,11.0,13.0,752.01,217.0,94.0,354.11,0.0,1.0,1,242.89000000000001,55.0,50.0,440.88,8.0,11.0,1,1,11.0,2.6390573296152584,6.624078507924196,0.4708846956822383,0,1.0,0.5744353374682953,0.2999706316892288,True,pair_2447_691
2455,처치,1,1.0,17.0,1163.43,334.0,119.0,637.57,1.0,1.0,1,187.27,93.0,48.0,325.98,11.0,1.0,1,1,1.0,2.8903717578961645,7.059986975881723,0.5480089047041936,1,1.0,0.7520065838330987,1.1093428809102421,True,pair_2455_2400
2456,대조,0,3.0,15.0,212.79,110.0,60.0,153.25,0.0,0.0,0,48.79,33.0,29.0,78.87,5.0,3.0,1,1,3.0,2.772588722239781,5.364994224812317,0.7201936181211523,0,0.0,0.28797551596952536,-0.9052368359766358,True,pair_2223_2456
2466,대조,0,7.0,13.0,455.98,166.0,58.0,348.71999999999997,0.0,2.0,0,469.75,144.0,111.0,713.5,11.0,7.0,1,1,7.0,2.6390573296152584,6.124639626260398,0.764770384665994,0,2.0,0.5383988932880898,0.15389861002421862,True,pair_362_2466
2470,대조,0,3.0,15.0,172.04,20135.0,29.0,79.5,0.0,1.0,0,27.330000000000002,12.0,12.0,44.38,4.0,3.0,1,1,3.0,2.772588722239781,5.153522781644804,0.4621018367821437,0,1.0,0.5198250584778068,0.07934182996078679,True,pair_1849_2470
2472,대조,0,14.0,16.0,341.04,140.0,49.0,192.04,0.0,0.0,0,72.74000000000001,28.0,21.0,146.4,3.0,14.0,1,1,14.0,2.833213344056216,5.834927689287754,0.5631011025099695,0,0.0,0.3299614577683114,-0.7083593834513892,True,pair_995_2472
2474,대조,0,3.0,7.0,94.83,55.0,33.0,62.91,0.0,2.0,0,5.49,6.0,6.0,6.99,1.0,3.0,1,1,3.0,2.0794415416798357,4.562575788355671,0.6633976589686807,0,2.0,0.46360002528085714,-0.14585793827970506,True,pair_594_2474
2475,처치,1,12.0,15.0,432.71,15578.0,51.0,179.04,0.0,1.0,0,216.14,93.0,74.0,529.86,17.0,12.0,1,1,12.0,2.772588722239781,6.072376107988461,0.41376441496614363,0,1.0,0.5098048044946011,0.039224246215645894,True,pair_2475_485
2481,처치,1,2.0,21.0,662.69,37322.0,87.0,274.02,1.0,2.0,0,190.54,83.0,71.0,519.96,14.0,2.0,1,1,2.0,3.091042453358316,6.497815172990005,0.4134965066622402,1,2.0,0.8420461756442512,1.6735321137708834,True,pair_2481_56
2482,처치,1,88.0,1.0,9.11,8.0,4.0,9.11,0.0,2.0,0,67.91,31.0,27.0,146.36,3.0,88.0,1,1,88.0,0.6931471805599453,2.3135250330323798,1.0,0,2.0,0.1531230543858793,-1.710313526302686,True,pair_2482_151
2483,대조,0,2.0,14.0,183.37,140.0,47.0,93.3,0.0,0.0,1,24.86,22.0,21.0,79.58,7.0,2.0,1,1,2.0,2.70805020110221,5.216944608082299,0.5088073294432023,0,0.0,0.4529858688890834,-0.18861370543795106,True,pair_1982_2483
2485,처치,1,12.0,8.0,55.37,24.0,10.0,29.83,0.0,1.0,0,62.45,27.0,23.0,97.12,7.0,12.0,1,1,12.0,2.1972245773362196,4.031937102093484,0.5387393895611342,0,1.0,0.3810628421049354,-0.4850394441184205,True,pair_2485_251
2493,대조,0,39.0,4.0,54.0,3598.0,7.0,24.130000000000003,0.0,1.0,0,22.6,10.0,6.0,28.12,3.0,39.0,1,1,39.0,1.6094379124341003,4.007333185232471,0.4468518518518519,0,1.0,0.2727877529796869,-0.9805243528664441,True,pair_1119_2493
2497,처치,1,4.0,32.0,1326.96,578.0,192.0,802.53,0.0,1.0,1,255.48000000000002,117.0,74.0,407.94,15.0,4.0,1,1,4.0,3.4965075614664802,7.191399209100821,0.6047883884970157,0,1.0,0.72624321932097,0.9756449211316153,True,pair_2497_405
2498,처치,1,1.0,30.0,667.69,255.0,137.0,424.63,0.0,2.0,1,87.74,27.0,23.0,103.49,6.0,1.0,1,1,1.0,3.4339872044851463,6.5053205745590015,0.6359687879105572,0,2.0,0.8337029059596429,1.612101199183286,True,pair_2498_336
2499,대조,0,1.0,15.0,473.15000000000003,269.0,89.0,233.05,0.0,1.0,1,217.74,88.0,76.0,405.73,10.0,1.0,1,1,1.0,2.772588722239781,6.161523727329737,0.49254993131142344,0,1.0,0.6131626044790545,0.460625722800031,True,pair_1062_2499
