household_key,group,treatment,recency_days,pre_baskets,pre_sales,pre_quantity,pre_target_purchase_count,pre_target_sales,pre_coupon_redemptions,pre_campaign_count_raw,has_demographic,target_sales,target_quantity,target_purchase_count,total_sales,baskets,recency_days_filled,target_purchase,any_purchase,pre_recency_capped,log_pre_baskets,log_pre_sales,pre_target_share,pre_coupon_user,pre_campaign_count_c,p_score,logit_p,in_support
1,대조,0,5.0,10.0,569.28,265.0,23.0,48.51,0.0,0.0,1,28.24,18.0,14.0,319.93,6.0,5.0,1,1,5.0,2.3978952727983707,6.3461274682857605,0.08521290050590219,0,0.0,0.19464329002087796,-1.4201166958171816,True
2,대조,0,2.0,15.0,492.08,204.0,8.0,25.09,0.0,0.0,0,15.360000000000001,6.0,6.0,209.54,4.0,2.0,1,1,2.0,2.772588722239781,6.200671432683318,0.05098764428548204,0,0.0,0.18778879140165583,-1.4644425341546627,True
3,대조,0,1.0,15.0,876.3,529.0,18.0,55.87,0.0,0.0,0,56.32,27.0,18.0,598.14,7.0,1.0,1,1,1.0,2.772588722239781,6.776849009134338,0.06375670432500286,0,0.0,0.20199091022228838,-1.3738972905946605,True
4,대조,0,8.0,6.0,410.78000000000003,126.0,3.0,10.99,0.0,0.0,0,13.5,5.0,3.0,220.95000000000002,5.0,8.0,1,1,8.0,1.9459101490553132,6.020489226148598,0.02675398023272798,0,0.0,0.1675089143081202,-1.6033859443206755,True
6,대조,0,1.0,39.0,1107.86,445.0,1.0,1.77,0.0,0.0,0,0.0,0.0,0.0,528.9,21.0,1.0,0,1,1.0,3.6888794541139363,7.01108773952572,0.0015976747964544257,0,0.0,0.23595578994934377,-1.1749811972968676,True
7,대조,0,2.0,7.0,330.39,121.0,4.0,12.92,0.0,0.0,1,0.0,0.0,0.0,52.68,2.0,2.0,0,1,2.0,2.0794415416798357,5.8032959295221005,0.03910529979720936,0,0.0,0.16388040805096332,-1.6296347128111706,True
8,대조,0,5.0,16.0,655.79,12018.0,11.0,26.96,0.0,0.0,1,14.48,7.0,6.0,239.43,6.0,5.0,1,1,5.0,2.833213344056216,6.4873643326873545,0.04111072141996676,0,0.0,0.20970433588168966,-1.3267085195337054,True
13,대조,0,2.0,44.0,1990.46,277922.0,8.0,15.39,0.0,0.0,1,16.53,11.0,8.0,859.71,19.0,2.0,1,1,2.0,3.8066624897703196,7.596623317057193,0.00773188107271686,0,0.0,0.27055707062911133,-0.9917980743486217,True
14,대조,0,15.0,9.0,80.34,4529.0,2.0,3.67,0.0,0.0,0,0.0,0.0,0.0,42.629999999999995,4.0,15.0,0,1,15.0,2.302585092994046,4.398637900479079,0.04568085636046801,0,0.0,0.15254640913357792,-1.7147672057773415,True
16,대조,0,5.0,17.0,276.23,132.0,13.0,34.83,0.0,0.0,1,10.280000000000001,6.0,4.0,181.24,12.0,5.0,1,1,5.0,2.8903717578961645,5.624847486568059,0.12609057669333526,0,0.0,0.19400973767568225,-1.424163308941981,True
17,처치,1,10.0,23.0,823.0699999999999,65728.0,1.0,1.19,0.0,0.0,1,2.58,2.0,2.0,433.82,13.0,10.0,1,1,10.0,3.1780538303479458,6.714255477757612,0.001445806553513067,0,0.0,0.23543385486271073,-1.1778785394741773,True
18,대조,0,1.0,24.0,964.48,28975.0,15.0,34.63,0.0,0.0,1,28.47,15.0,10.0,251.39000000000001,6.0,1.0,1,1,1.0,3.2188758248682006,6.872625386998399,0.03590535832780359,0,0.0,0.2258147966195786,-1.2320959464923225,True
19,대조,0,4.0,38.0,1084.41,64851.0,31.0,65.93,0.0,0.0,1,20.05,14.0,13.0,472.75,16.0,4.0,1,1,4.0,3.6635616461296463,6.989713074780156,0.06079803764258906,0,0.0,0.2540085358454913,-1.077346285841377,True
20,대조,0,1.0,13.0,320.74,25250.0,5.0,13.120000000000001,0.0,0.0,1,20.46,11.0,10.0,458.29,25.0,1.0,1,1,1.0,2.6390573296152584,5.773743765962162,0.04090540624805138,0,0.0,0.177713525628054,-1.5319159960872324,True
22,처치,1,2.0,13.0,770.11,56605.0,19.0,56.46,0.0,0.0,1,33.01,14.0,11.0,231.44,5.0,2.0,1,1,2.0,2.6390573296152584,6.647831035241403,0.07331420186726571,0,0.0,0.2042206850702045,-1.360120706163685,True
23,대조,0,3.0,15.0,625.3,44246.0,41.0,105.4,0.0,0.0,0,38.24,19.0,18.0,359.52,10.0,3.0,1,1,3.0,2.772588722239781,6.439829489531367,0.16855909163601474,0,0.0,0.20368505461546693,-1.3634198166666698,True
25,대조,0,10.0,10.0,429.21,201.0,8.0,14.5,0.0,0.0,1,17.509999999999998,9.0,6.0,288.58,6.0,10.0,1,1,10.0,2.3978952727983707,6.064273461565794,0.03378299666829757,0,0.0,0.19286607735772926,-1.431493557386971,True
26,대조,0,20.0,22.0,280.83,170.0,14.0,49.02,0.0,0.0,0,4.49,2.0,2.0,59.65,2.0,20.0,1,1,20.0,3.1354942159291497,5.64130405227947,0.1745540006409572,0,0.0,0.2269235525527383,-1.2257647529178977,True
27,처치,1,24.0,16.0,120.21000000000001,49.0,1.0,2.0,0.0,0.0,1,8.55,5.0,5.0,189.52,8.0,24.0,1,1,24.0,2.833213344056216,4.79752457848242,0.016637550952499792,0,0.0,0.19750427275045448,-1.4019663124036876,True
28,대조,0,6.0,27.0,440.99,139.0,13.0,34.52,0.0,0.0,0,16.64,8.0,8.0,159.24,10.0,6.0,1,1,6.0,3.332204510175204,6.091287257387372,0.07827841901176898,0,0.0,0.2121708098690174,-1.3118896453742914,True
29,대조,0,16.0,11.0,314.07,219.0,21.0,59.35,0.0,0.0,0,2.99,1.0,1.0,141.81,5.0,16.0,1,1,16.0,2.4849066497880004,5.752794836360154,0.18897061164708506,0,0.0,0.2011883484699416,-1.3788836613677249,True
31,대조,0,4.0,2.0,350.79,148.0,7.0,29.490000000000002,0.0,0.0,1,4.75,2.0,1.0,85.71,2.0,4.0,1,1,4.0,1.0986122886681098,5.863034406657839,0.08406739074660054,0,0.0,0.1447340017228684,-1.7765149428069882,True
32,처치,1,3.0,20.0,527.19,82282.0,3.0,8.26,0.0,0.0,0,0.0,0.0,0.0,205.85,8.0,3.0,0,1,3.0,3.044522437723423,6.269456067461173,0.015667975492706612,0,0.0,0.19763934985988646,-1.4011142907856982,True
36,대조,0,3.0,37.0,819.19,8798.0,6.0,26.89,0.0,0.0,0,0.88,1.0,1.0,92.37,4.0,3.0,1,1,3.0,3.6375861597263857,6.709536020735378,0.032825107728365825,0,0.0,0.23150126568368934,-1.1998535751963966,True
37,대조,0,15.0,3.0,122.5,43.0,0.0,0.0,0.0,0.0,0,11.440000000000001,13.0,3.0,154.83,5.0,15.0,1,1,15.0,1.3862943611198906,4.816241156068032,0.0,0,0.0,0.1359200770469702,-1.8495982237249369,True
38,대조,0,24.0,9.0,374.28000000000003,171.0,1.0,4.99,0.0,0.0,0,0.0,0.0,0.0,10.0,1.0,24.0,0,1,24.0,2.302585092994046,5.927672414020202,0.013332264614726941,0,0.0,0.20290565255293735,-1.3682319447556124,True
39,처치,1,3.0,11.0,804.74,11921.0,6.0,11.09,0.0,0.0,1,32.33,8.0,8.0,418.78000000000003,5.0,3.0,1,1,3.0,2.4849066497880004,6.691761109821139,0.013780848472798668,0,0.0,0.19821384149040222,-1.3974954816049312,True
40,대조,0,3.0,52.0,1717.79,103082.0,14.0,26.03,0.0,0.0,1,10.99,7.0,6.0,735.79,25.0,3.0,1,1,3.0,3.970291913552122,7.449375833871349,0.015153191018692624,0,0.0,0.27513574663114515,-0.9687198006035536,True
41,대조,0,2.0,7.0,188.45,85.0,7.0,19.59,0.0,0.0,0,4.77,2.0,2.0,72.85,2.0,2.0,1,1,2.0,2.0794415416798357,5.24412513746461,0.10395330326346512,0,0.0,0.14890693039663716,-1.743200005006289,True
42,대조,0,5.0,13.0,334.63,204.0,1.0,1.49,0.0,0.0,1,7.98,2.0,2.0,158.74,6.0,5.0,1,1,5.0,2.6390573296152584,5.816009362731305,0.0044526790783850825,0,0.0,0.18330459035586905,-1.4941170123438465,True
43,대조,0,13.0,9.0,45.730000000000004,1150.0,1.0,1.09,0.0,0.0,1,3.52,4.0,3.0,59.34,11.0,13.0,1,1,13.0,2.302585092994046,3.844386356712335,0.02383555652744369,0,0.0,0.1427068767254491,-1.7929871808678417,True
45,대조,0,8.0,13.0,194.14000000000001,64.0,1.0,4.56,0.0,0.0,0,3.49,1.0,1.0,136.65,10.0,8.0,1,1,8.0,2.6390573296152584,5.273717249679804,0.023488204388585555,0,0.0,0.1694430532678139,-1.5895795944676883,True
46,대조,0,2.0,2.0,60.57,21.0,0.0,0.0,0.0,0.0,1,26.06,26.0,14.0,755.74,9.0,2.0,1,1,2.0,1.0986122886681098,4.120174738923119,0.0,0,0.0,0.10647162934932354,-2.1272995277876077,False
47,대조,0,3.0,19.0,410.43,147.0,5.0,27.87,0.0,0.0,0,5.0,3.0,2.0,123.33,6.0,3.0,1,1,3.0,2.995732273553991,6.019638896290872,0.06790439295373145,0,0.0,0.19294566546528868,-1.4309823718603556,True
48,대조,0,15.0,6.0,75.18,3128.0,0.0,0.0,0.0,0.0,1,0.0,0.0,0.0,12.94,1.0,15.0,0,1,15.0,1.9459101490553132,4.333098961050458,0.0,0,0.0,0.14550825964237535,-1.7702739841539337,True
49,대조,0,2.0,6.0,274.64,27448.0,1.0,4.0,0.0,0.0,1,17.4,22.0,11.0,292.19,5.0,2.0,1,1,2.0,1.9459101490553132,5.619095666489007,0.014564520827264784,0,0.0,0.15473738684852803,-1.6979179622584637,True
51,대조,0,9.0,12.0,339.58,146.0,1.0,2.5,0.0,0.0,0,0.0,0.0,0.0,120.93,5.0,9.0,0,1,9.0,2.5649493574615367,5.830650046598459,0.0073620354555627545,0,0.0,0.18147105884743228,-1.5064125693507597,True
52,대조,0,4.0,24.0,715.57,10108.0,12.0,29.71,0.0,0.0,1,2.84,2.0,2.0,283.42,10.0,4.0,1,1,4.0,3.2188758248682006,6.574475939635041,0.041519348211914976,0,0.0,0.22352255552123984,-1.2452552659700786,True
55,대조,0,12.0,19.0,220.37,40.0,1.0,4.79,0.0,0.0,1,6.78,3.0,3.0,137.57,13.0,12.0,1,1,12.0,2.995732273553991,5.399835509738385,0.02173617098516132,0,0.0,0.19720298891036442,-1.403868295008229,True
56,대조,0,1.0,26.0,726.57,8593.0,22.0,58.900000000000006,0.0,0.0,1,45.58,23.0,19.0,464.59000000000003,17.0,1.0,1,1,1.0,3.295836866004329,6.589710214348078,0.08106582985810039,0,0.0,0.22356645825488197,-1.2450023297671529,True
57,대조,0,1.0,18.0,283.66,19435.0,1.0,4.04,0.0,0.0,1,2.25,2.0,2.0,146.46,14.0,1.0,1,1,1.0,2.9444389791664403,5.651295485642479,0.014242402876683352,0,0.0,0.18216215776245342,-1.5017668129683817,True
58,대조,0,1.0,45.0,1692.05,254646.0,32.0,80.45,0.0,0.0,1,63.230000000000004,30.0,23.0,659.94,16.0,1.0,1,1,1.0,3.828641396489095,7.434286915069745,0.04754587630389173,0,0.0,0.26710412036237985,-1.0093650986298062,True
64,대조,0,1.0,11.0,92.8,58.0,0.0,0.0,0.0,0.0,0,13.33,11.0,8.0,281.55,22.0,1.0,1,1,1.0,2.4849066497880004,4.541164856012179,0.0,0,0.0,0.13774471657197554,-1.8341492871848384,True
65,대조,0,1.0,13.0,254.8,65.0,1.0,3.49,0.0,0.0,0,1.0,1.0,1.0,143.89,5.0,1.0,1,1,1.0,2.6390573296152584,5.5443958891447425,0.01369701726844584,0,0.0,0.16399437809274947,-1.6288031905171596,True
67,대조,0,1.0,29.0,1469.89,652.0,16.0,48.02,0.0,0.0,1,18.98,12.0,5.0,426.3,9.0,1.0,1,1,1.0,3.4011973816621555,7.293622938743481,0.03266911129404241,0,0.0,0.24492680653926524,-1.1258552724401862,True
68,처치,1,2.0,41.0,163.38,7952.0,3.0,16.36,0.0,0.0,0,13.41,9.0,8.0,360.56,28.0,2.0,1,1,2.0,3.7376696182833684,5.102180820720354,0.10013465540457828,0,0.0,0.19270577171747927,-1.4325236701659818,True
69,대조,0,2.0,9.0,527.82,261.0,8.0,25.65,0.0,0.0,0,12.49,4.0,4.0,280.5,5.0,2.0,1,1,2.0,2.302585092994046,6.270648109304864,0.04859611231101511,0,0.0,0.17523541520784156,-1.5489676941753379,True
71,대조,0,3.0,22.0,970.96,11825.0,6.0,21.79,0.0,0.0,1,0.0,0.0,0.0,103.21000000000001,4.0,3.0,0,1,3.0,3.1354942159291497,6.879314651350287,0.022441707176402734,0,0.0,0.22609044861092467,-1.2305198737906013,True
72,대조,0,3.0,17.0,842.5,44795.0,18.0,43.01,0.0,0.0,0,33.57,17.0,15.0,419.24,8.0,3.0,1,1,3.0,2.8903717578961645,6.737559901986023,0.05105044510385756,0,0.0,0.2076835583918348,-1.3389452921196294,True
73,대조,0,2.0,30.0,361.01,31257.0,5.0,14.85,0.0,0.0,0,3.88,2.0,2.0,87.82000000000001,9.0,2.0,1,1,2.0,3.4339872044851463,5.891671835753619,0.0411345946095676,0,0.0,0.19998674350528187,-1.386377216271368,True
74,대조,0,3.0,19.0,305.83,209.0,2.0,2.99,0.0,0.0,1,5.0,5.0,4.0,198.99,11.0,3.0,1,1,3.0,2.995732273553991,5.726293848284959,0.009776673315240495,0,0.0,0.18882674529050017,-1.45765175920442,True
77,대조,0,17.0,11.0,918.58,404.0,19.0,53.56,0.0,0.0,1,8.05,3.0,3.0,144.35,5.0,17.0,1,1,17.0,2.4849066497880004,6.823917044066181,0.05830738748938579,0,0.0,0.2322676614896729,-1.1955507348685344,True
78,대조,0,1.0,20.0,220.98000000000002,132.0,12.0,43.91,0.0,0.0,1,43.3,16.0,11.0,109.8,10.0,1.0,1,1,1.0,3.044522437723423,5.402587287723834,0.19870576522762237,0,0.0,0.19065923622047243,-1.4457323133351767,True
79,대조,0,3.0,12.0,175.25,69.0,3.0,4.34,0.0,0.0,0,22.09,10.0,8.0,220.65,10.0,3.0,1,1,3.0,2.5649493574615367,5.171903441692378,0.02476462196861626,0,0.0,0.15727136948615456,-1.6786722156105525,True
80,대조,0,2.0,10.0,326.71999999999997,35268.0,12.0,27.86,0.0,0.0,1,3.34,2.0,1.0,29.39,1.0,2.0,1,1,2.0,2.3978952727983707,5.792159585273614,0.08527179236043096,0,0.0,0.17543821520610542,-1.5475651444530836,True
81,대조,0,2.0,32.0,1584.18,858.0,34.0,89.97,0.0,0.0,0,68.56,36.0,24.0,817.13,17.0,2.0,1,1,2.0,3.4965075614664802,7.368453244532172,0.056792788698253986,0,0.0,0.24613840944517124,-1.1193147665232468,True
83,대조,0,14.0,24.0,337.83,32906.0,0.0,0.0,0.0,0.0,0,6.99,1.0,1.0,37.07,5.0,14.0,1,1,14.0,3.2188758248682006,5.825498506673593,0.0,0,0.0,0.21076761768825478,-1.3203046165385277,True
85,처치,1,1.0,52.0,916.11,67612.0,20.0,46.16,0.0,0.0,1,10.29,6.0,5.0,343.97,18.0,1.0,1,1,1.0,3.970291913552122,6.821227421441772,0.0503869622643569,0,0.0,0.25306413272477263,-1.0823363820972949,True
86,대조,0,9.0,7.0,294.8,15072.0,8.0,25.75,0.0,0.0,1,19.450000000000003,9.0,6.0,406.48,4.0,9.0,1,1,9.0,2.0794415416798357,5.689683550276699,0.0873473541383989,0,0.0,0.17538932772777932,-1.547903129802375,True
88,대조,0,6.0,35.0,1724.24,15450.0,35.0,74.78,0.0,0.0,0,55.46,25.0,24.0,866.87,15.0,6.0,1,1,6.0,3.58351893845611,7.453121450222501,0.043369832505915654,0,0.0,0.25978415264421695,-1.0470907251962898,True
91,대조,0,,0.0,0.0,0.0,0.0,0.0,0.0,0.0,0,8.379999999999999,3.0,3.0,38.11,2.0,90.0,1,1,90.0,0.0,0.0,0.0,0,0.0,0.11145848676575056,-2.075929163761872,True
92,대조,0,2.0,6.0,117.48,63.0,3.0,4.0,0.0,0.0,0,2.0,2.0,2.0,117.71,4.0,2.0,1,1,2.0,1.9459101490553132,4.774744169959543,0.034048348655090224,0,0.0,0.13257349848198002,-1.878393586598373,True
93,처치,1,3.0,20.0,499.87,260.0,46.0,96.79,0.0,0.0,0,19.58,12.0,12.0,342.34,8.0,3.0,1,1,3.0,3.044522437723423,6.216346586375911,0.19363034388941125,0,0.0,0.2082884301214984,-1.3352733436182624,True
95,대조,0,2.0,42.0,914.09,25778.0,15.0,31.25,0.0,0.0,0,17.0,17.0,10.0,325.11,15.0,2.0,1,1,2.0,3.7612001156935624,6.819022421094167,0.03418700565589822,0,0.0,0.23733272187454799,-1.1673588191999145,True
96,처치,1,9.0,14.0,200.99,71.0,1.0,4.99,0.0,0.0,0,2.99,1.0,1.0,71.85,3.0,9.0,1,1,9.0,2.70805020110221,5.308218191225299,0.024827105826160507,0,0.0,0.17397129627496488,-1.5577392015201421,True
97,대조,0,2.0,22.0,646.39,277.0,20.0,50.3,0.0,0.0,1,21.03,10.0,9.0,309.49,8.0,2.0,1,1,2.0,3.1354942159291497,6.472948894971858,0.07781679790838349,0,0.0,0.21636866425613452,-1.286954942978916,True
98,대조,0,2.0,10.0,98.05,63.0,0.0,0.0,0.0,0.0,1,9.99,4.0,3.0,83.46,11.0,2.0,1,1,2.0,2.3978952727983707,4.59562477314456,0.0,0,0.0,0.1437890327805483,-1.7841696276026302,True
99,대조,0,3.0,29.0,875.46,13638.0,23.0,54.08,0.0,0.0,0,11.27,7.0,6.0,468.18,18.0,3.0,1,1,3.0,3.4011973816621555,6.775891067267452,0.06177323921138601,0,0.0,0.22715045362787528,-1.2244718043990674,True
101,대조,0,3.0,24.0,697.02,27689.0,2.0,6.99,0.0,0.0,1,18.560000000000002,14.0,6.0,320.29,12.0,3.0,1,1,3.0,3.2188758248682006,6.548247755647004,0.010028406645433417,0,0.0,0.21850686868253655,-1.2743889110622,True
103,대조,0,5.0,17.0,141.45,84.0,4.0,8.22,0.0,0.0,0,2.88,1.0,1.0,20.42,6.0,5.0,1,1,5.0,2.8903717578961645,4.958991060943918,0.058112407211028644,0,0.0,0.1663909028783433,-1.611424727302992,True
104,대조,0,22.0,4.0,16.8,9.0,1.0,1.67,0.0,0.0,1,41.07,21.0,14.0,474.06,9.0,22.0,1,1,22.0,1.6094379124341003,2.8791984572980396,0.0994047619047619,0,0.0,0.12344989467853623,-1.960158505314373,True
108,대조,0,1.0,7.0,381.62,159.0,7.0,28.65,0.0,0.0,0,22.990000000000002,9.0,9.0,363.24,9.0,1.0,1,1,1.0,2.0794415416798357,5.947042329555235,0.07507468162046015,0,0.0,0.16126022212646215,-1.6488811541785904,True
109,대조,0,3.0,10.0,602.64,232.0,5.0,7.79,0.0,0.0,1,6.01,4.0,3.0,192.56,7.0,3.0,1,1,3.0,2.3978952727983707,6.4029779937503495,0.012926456922872694,0,0.0,0.1878639295761778,-1.463949978610763,True
110,대조,0,5.0,37.0,800.82,61434.0,19.0,41.980000000000004,0.0,0.0,1,25.01,10.0,9.0,249.62,10.0,5.0,1,1,5.0,3.6375861597263857,6.686884143773591,0.052421268200094906,0,0.0,0.2450032834058859,-1.1254417882459975,True
111,대조,0,1.0,9.0,324.46,159.0,7.0,23.85,0.0,0.0,0,4.99,1.0,1.0,103.06,5.0,1.0,1,1,1.0,2.302585092994046,5.785239566232468,0.07350674967638539,0,0.0,0.16363001222163415,-1.6314632281612846,True
112,대조,0,2.0,7.0,112.89,34598.0,1.0,4.19,0.0,0.0,0,0.0,0.0,0.0,92.58,4.0,2.0,0,1,2.0,2.0794415416798357,4.7352330702862595,0.03711577641952343,0,0.0,0.13509161726707877,-1.85667039072181,True
113,대조,0,1.0,42.0,2736.53,246407.0,48.0,148.36,0.0,0.0,1,60.67,17.0,15.0,836.84,11.0,1.0,1,1,1.0,3.7612001156935624,7.914811332968817,0.05421464409306677,0,0.0,0.280981500112334,-0.9395982561473047,True
114,처치,1,3.0,9.0,368.58,177.0,4.0,5.0,0.0,0.0,1,4.0,2.0,1.0,111.12,3.0,3.0,1,1,3.0,2.302585092994046,5.912367225749279,0.013565575994356722,0,0.0,0.17288356699092453,-1.565327129983538,True
115,대조,0,1.0,16.0,1234.8,90071.0,13.0,56.790000000000006,0.0,0.0,0,19.27,7.0,5.0,912.26,13.0,1.0,1,1,1.0,2.833213344056216,7.119473812626879,0.045991253644314875,0,0.0,0.21222302384131084,-1.3115773036593223,True
116,대조,0,4.0,18.0,90.21,56.0,2.0,2.0,0.0,0.0,0,0.0,0.0,0.0,26.65,3.0,4.0,0,1,4.0,2.9444389791664403,4.513164540192067,0.022170491076377342,0,0.0,0.1542198095077882,-1.7018805845271794,True
117,처치,1,1.0,16.0,425.55,14783.0,11.0,23.56,0.0,0.0,1,26.12,17.0,15.0,222.95000000000002,7.0,1.0,1,1,1.0,2.833213344056216,6.0557295933547035,0.05536364704500058,0,0.0,0.1916737378675329,-1.4391711221172374,True
118,대조,0,7.0,16.0,653.69,34834.0,6.0,10.82,0.0,0.0,1,0.0,0.0,0.0,295.51,6.0,7.0,0,1,7.0,2.833213344056216,6.484161841159018,0.016552188346157962,0,0.0,0.2117260484216975,-1.3145524691232109,True
119,대조,0,,0.0,0.0,0.0,0.0,0.0,0.0,0.0,1,0.0,0.0,0.0,37.349999999999994,1.0,90.0,0,1,90.0,0.0,0.0,0.0,0,0.0,0.11619600321826616,-2.028956866841588,True
121,대조,0,1.0,10.0,223.5,124.0,2.0,2.86,0.0,0.0,1,6.68,2.0,2.0,193.61,9.0,1.0,1,1,1.0,2.3978952727983707,5.413875707182309,0.01279642058165548,0,0.0,0.16070505557861478,-1.6529914555263887,True
122,처치,1,6.0,16.0,391.46,196.0,12.0,29.459999999999997,0.0,0.0,0,5.87,2.0,2.0,114.87,8.0,6.0,1,1,6.0,2.833213344056216,5.9724346212011765,0.07525673121136259,0,0.0,0.19243865128763538,-1.4342416175243309,True
123,대조,0,1.0,39.0,748.05,38890.0,5.0,14.21,0.0,0.0,1,3.2,4.0,2.0,139.41,6.0,1.0,1,1,1.0,3.6888794541139363,6.618805736963391,0.018996056413341355,0,0.0,0.23388045594183765,-1.1865281075284952,True
125,처치,1,2.0,33.0,1462.12,78371.0,18.0,43.58,0.0,0.0,0,42.83,18.0,12.0,864.27,24.0,2.0,1,1,2.0,3.5263605246161616,7.28832642089632,0.02980603507236068,0,0.0,0.24267937981403293,-1.138045556805913,True
127,대조,0,7.0,16.0,186.7,11256.0,2.0,5.0,0.0,0.0,1,0.0,0.0,0.0,133.67,8.0,7.0,0,1,7.0,2.833213344056216,5.234844943592463,0.026780931976432783,0,0.0,0.17947637199504088,-1.5198991402720843,True
131,처치,1,3.0,58.0,887.38,27497.0,23.0,71.86,0.0,0.0,1,20.080000000000002,14.0,9.0,252.08,20.0,3.0,1,1,3.0,4.07753744390572,6.789399579385055,0.08097996348802092,0,0.0,0.26306853745371916,-1.030080295765626,True
132,대조,0,9.0,10.0,359.67,173.0,6.0,14.57,0.0,0.0,0,7.0,4.0,2.0,93.14,2.0,9.0,1,1,9.0,2.3978952727983707,5.887963412839786,0.04050935579837073,0,0.0,0.17994339871041087,-1.5167310140079222,True
133,대조,0,9.0,13.0,672.42,287.0,18.0,60.55,0.0,0.0,1,5.0,2.0,1.0,265.76,4.0,9.0,1,1,9.0,2.6390573296152584,6.512369206315637,0.09004788673745576,0,0.0,0.21495865428523284,-1.2952906821112682,True
134,처치,1,8.0,14.0,786.76,306.0,5.0,16.82,0.0,0.0,1,38.07,22.0,14.0,602.35,8.0,8.0,1,1,8.0,2.70805020110221,6.669193474939546,0.021378819462097718,0,0.0,0.21495037409621914,-1.295339750168144,True
136,대조,0,16.0,12.0,527.28,267.0,8.0,20.21,0.0,0.0,1,7.02,5.0,4.0,149.02,3.0,16.0,1,1,16.0,2.5649493574615367,6.269626446175604,0.03832878167197694,0,0.0,0.21547436576061255,-1.2922372974524785,True
137,대조,0,9.0,8.0,306.43,172.0,13.0,37.17,0.0,0.0,0,21.560000000000002,11.0,8.0,282.88,6.0,9.0,1,1,9.0,2.1972245773362196,5.728247419055714,0.12130013379891003,0,0.0,0.17504736990149186,-1.5502693441775064,True
138,대조,0,10.0,7.0,480.13,299.0,6.0,12.75,0.0,0.0,0,11.98,2.0,2.0,265.73,5.0,10.0,1,1,10.0,2.0794415416798357,6.176137503859601,0.026555307937433614,0,0.0,0.17839252406624378,-1.52727644400115,True
139,대조,0,9.0,5.0,263.63,4634.0,4.0,9.39,0.0,0.0,1,2.0,1.0,1.0,109.65,2.0,9.0,1,1,9.0,1.791759469228055,5.578332623938786,0.03561810112657892,0,0.0,0.16156541072957278,-1.6466264883404458,True
140,처치,1,22.0,11.0,267.82,170.0,7.0,23.66,0.0,0.0,0,0.0,0.0,0.0,0.0,0.0,22.0,0,0,22.0,2.4849066497880004,5.594042010643002,0.08834291688447465,0,0.0,0.20120753799500846,-1.3787642621406808,True
142,처치,1,4.0,31.0,381.05,222.0,7.0,24.78,0.0,0.0,0,45.08,33.0,14.0,165.72,15.0,4.0,1,1,4.0,3.4657359027997265,5.9455514900935755,0.06503083584831387,0,0.0,0.20786319061136116,-1.337853990172041,True
143,대조,0,1.0,67.0,892.25,14841.0,17.0,38.57,0.0,0.0,0,58.56,38.0,29.0,606.99,44.0,1.0,1,1,1.0,4.219507705176107,6.794866496903519,0.043227794900532364,0,0.0,0.252329447279668,-1.0862268792398388,True
144,대조,0,6.0,13.0,308.36,135.0,1.0,2.88,0.0,0.0,0,2.44,3.0,2.0,218.07,8.0,6.0,1,1,6.0,2.6390573296152584,5.734505647299041,0.009339732779867686,0,0.0,0.1763596321290002,-1.5412087133023094,True
145,대조,0,1.0,14.0,260.69,114.0,7.0,22.4,0.0,0.0,0,10.59,1.0,1.0,103.9,4.0,1.0,1,1,1.0,2.70805020110221,5.5671605971132365,0.08592581226744408,0,0.0,0.17070209320926746,-1.580659555158122,True
149,처치,1,1.0,44.0,2177.29,263958.0,32.0,91.33,0.0,0.0,1,60.040000000000006,26.0,18.0,989.05,19.0,1.0,1,1,1.0,3.8066624897703196,7.686295444307878,0.0419466400892853,0,0.0,0.27410716480888714,-0.9738832516350515,True
151,대조,0,1.0,17.0,488.77,28591.0,11.0,25.6,0.0,0.0,0,2.5,1.0,1.0,109.18,4.0,1.0,1,1,1.0,2.8903717578961645,6.193935893152653,0.052376373345336256,0,0.0,0.189598499673208,-1.4526211276001952,True
155,대조,0,2.0,14.0,367.6,176.0,3.0,9.17,0.0,0.0,1,11.42,5.0,5.0,222.47,4.0,2.0,1,1,2.0,2.70805020110221,5.909712045235723,0.024945593035908594,0,0.0,0.18387444255090082,-1.4903150653075619,True
156,대조,0,1.0,161.0,1881.24,105108.0,29.0,88.88,0.0,0.0,0,5.0,3.0,2.0,292.22,55.0,1.0,1,1,1.0,5.087596335232384,7.540217835925575,0.04724543386277136,0,0.0,0.31356276182987197,-0.7835152608548973,True
157,대조,0,17.0,24.0,347.86,134.0,10.0,28.3,0.0,0.0,1,19.990000000000002,7.0,7.0,251.59,16.0,17.0,1,1,17.0,3.2188758248682006,5.854670695589989,0.08135456792962686,0,0.0,0.23151965896068885,-1.1997501918632745,True
158,대조,0,1.0,23.0,233.76999999999998,83.0,2.0,18.48,0.0,0.0,1,7.09,2.0,2.0,192.82,17.0,1.0,1,1,1.0,3.1780538303479458,5.458606311477417,0.07905205971681568,0,0.0,0.18853959661958908,-1.4595275449379481,True
160,대조,0,22.0,6.0,142.35,70.0,10.0,20.63,0.0,0.0,0,5.29,3.0,2.0,103.65,3.0,22.0,1,1,22.0,1.9459101490553132,4.9652891923293785,0.14492448191078328,0,0.0,0.1722516227067615,-1.5697528855445293,True
161,대조,0,11.0,32.0,574.58,324.0,3.0,6.25,0.0,0.0,1,5.5,3.0,2.0,34.22,1.0,11.0,1,1,11.0,3.4965075614664802,6.355378228057911,0.010877510529430192,0,0.0,0.23901489731510564,-1.158087899846203,True
162,처치,1,24.0,6.0,203.66,64.0,1.0,5.49,0.0,0.0,0,3.0,1.0,1.0,201.03,6.0,24.0,1,1,24.0,1.9459101490553132,5.321350065658609,0.02695669252676029,0,0.0,0.1770378417480113,-1.5365467144577982,True
164,대조,0,5.0,16.0,442.49,10552.0,22.0,45.03,0.0,0.0,1,39.49,21.0,15.0,375.13,12.0,5.0,1,1,5.0,2.833213344056216,6.094675253581109,0.1017650116386811,0,0.0,0.2030845161862459,-1.3671264019827272,True
165,처치,1,12.0,19.0,315.31,12253.0,1.0,3.34,0.0,0.0,1,2.99,1.0,1.0,224.88,14.0,12.0,1,1,12.0,2.995732273553991,5.756722745366695,0.010592749992071295,0,0.0,0.20608934226111947,-1.3486611581111574,True
166,대조,0,12.0,17.0,281.83,112.0,1.0,1.34,0.0,0.0,1,9.01,6.0,4.0,141.35,8.0,12.0,1,1,12.0,2.8903717578961645,5.644846010432891,0.004754639321576838,0,0.0,0.1992095253099177,-1.391242171359479,True
179,대조,0,15.0,4.0,56.5,16.0,0.0,0.0,0.0,0.0,0,0.0,0.0,0.0,66.17,4.0,15.0,0,1,15.0,1.6094379124341003,4.051784947803305,0.0,0,0.0,0.12645747389964193,-1.9326507361643128,True
180,대조,0,2.0,16.0,693.95,310.0,16.0,55.26,0.0,0.0,0,3.5700000000000003,2.0,2.0,229.01000000000002,5.0,2.0,1,1,2.0,2.833213344056216,6.5438399005307675,0.07963109734130701,0,0.0,0.20060181262331875,-1.3825372672993153,True
181,대조,0,15.0,15.0,601.74,64922.0,10.0,17.73,0.0,0.0,0,0.0,0.0,0.0,0.0,0.0,15.0,0,0,15.0,2.772588722239781,6.401485926297358,0.02946455279688902,0,0.0,0.2158146944311197,-1.2902252082375307,True
183,처치,1,17.0,17.0,158.84,71.0,3.0,7.84,0.0,0.0,0,0.0,0.0,0.0,25.619999999999997,3.0,17.0,0,1,17.0,2.8903717578961645,5.074173314900244,0.049357844371694784,0,0.0,0.18881656239982203,-1.4577182410297884,True
184,대조,0,6.0,35.0,772.41,68365.0,6.0,10.91,0.0,0.0,1,4.99,1.0,1.0,453.66,14.0,6.0,1,1,6.0,3.58351893845611,6.650809309009441,0.014124622933416191,0,0.0,0.24103090293056928,-1.1470359080453651,True
185,대조,0,4.0,7.0,116.6,62.0,6.0,17.16,0.0,0.0,0,12.75,10.0,8.0,236.35,7.0,4.0,1,1,4.0,2.0794415416798357,4.767289035464526,0.1471698113207547,0,0.0,0.14404972032403893,-1.7820537699554555,True
187,처치,1,11.0,10.0,57.61,43.0,3.0,7.67,0.0,0.0,0,0.0,0.0,0.0,7.84,1.0,11.0,0,1,11.0,2.3978952727983707,4.070905330488338,0.13313660822773823,0,0.0,0.146824471092067,-1.7597275055428743,True
188,대조,0,21.0,4.0,63.87,36.0,3.0,8.100000000000001,0.0,0.0,0,28.98,17.0,14.0,397.34000000000003,6.0,21.0,1,1,21.0,1.6094379124341003,4.172385267224964,0.12682010333489904,0,0.0,0.14305865890353392,-1.7901147211873036,True
192,처치,1,3.0,10.0,531.72,204.0,6.0,15.18,0.0,0.0,1,26.45,12.0,9.0,210.54,5.0,3.0,1,1,3.0,2.3978952727983707,6.277995957802367,0.028548860302414804,0,0.0,0.18567517394326324,-1.4783605652426648,True
193,대조,0,3.0,25.0,751.28,101706.0,5.0,17.990000000000002,0.0,0.0,1,4.0,2.0,1.0,74.01,3.0,3.0,1,1,3.0,3.258096538021482,6.6231085950738775,0.023945799169417532,0,0.0,0.22304111527484138,-1.2480313056607326,True
194,대조,0,12.0,19.0,388.13,11132.0,6.0,20.35,0.0,0.0,0,8.68,4.0,3.0,190.35,6.0,12.0,1,1,12.0,2.995732273553991,5.963913478020691,0.052430886558627265,0,0.0,0.20696930290847185,-1.3432914438228174,True
195,대조,0,6.0,19.0,737.51,43332.0,14.0,36.69,0.0,0.0,0,4.0,2.0,1.0,283.49,7.0,6.0,1,1,6.0,2.995732273553991,6.604634642841165,0.04974847798673916,0,0.0,0.21316888341397194,-1.3059289025880034,True
196,대조,0,4.0,32.0,912.78,466.0,22.0,44.95,0.0,0.0,0,33.45,19.0,12.0,504.63,11.0,4.0,1,1,4.0,3.4965075614664802,6.817589842262385,0.04924516312802647,0,0.0,0.23291674990911213,-1.1919142421683742,True
198,대조,0,2.0,88.0,1279.48,673.0,15.0,42.66,0.0,0.0,1,35.99,17.0,14.0,938.73,64.0,2.0,1,1,2.0,4.48863636973214,7.1549902866187365,0.03334167005345921,0,0.0,0.2855852726140356,-0.9169229817333794,True
200,대조,0,79.0,3.0,40.160000000000004,12.0,0.0,0.0,0.0,0.0,0,0.0,0.0,0.0,0.0,0.0,79.0,0,0,79.0,1.3862943611198906,3.717466910965849,0.0,0,0.0,0.21455517023538873,-1.2976833102191734,True
205,대조,0,55.0,3.0,35.49,20.0,0.0,0.0,0.0,0.0,0,0.0,0.0,0.0,0.0,0.0,55.0,0,0,55.0,1.3862943611198906,3.5970382504483562,0.0,0,0.0,0.16882143977327652,-1.59400305872113,True
208,처치,1,13.0,18.0,529.5,66473.0,4.0,8.88,0.0,0.0,1,4.79,2.0,2.0,161.38,5.0,13.0,1,1,13.0,2.9444389791664403,6.2738199580540375,0.016770538243626065,0,0.0,0.22128635323619075,-1.2581858086857967,True
209,대조,0,1.0,23.0,451.55,24696.0,4.0,12.129999999999999,0.0,0.0,1,22.88,13.0,7.0,344.37,5.0,1.0,1,1,1.0,3.1780538303479458,6.11489825427318,0.026863027350238065,0,0.0,0.20240672721088612,-1.3713196102266,True
210,대조,0,6.0,17.0,520.45,312.0,10.0,22.51,0.0,0.0,0,5.18,2.0,2.0,38.69,5.0,6.0,1,1,6.0,2.8903717578961645,6.256613392567222,0.04325103276011144,0,0.0,0.19966116806075107,-1.388413407783927,True
211,대조,0,5.0,14.0,554.34,345.0,10.0,39.36,0.0,0.0,1,17.52,6.0,4.0,170.93,5.0,5.0,1,1,5.0,2.70805020110221,6.319580538788542,0.07100335534148716,0,0.0,0.2029955648906042,-1.3676761125557222,True
212,처치,1,9.0,20.0,316.92,174.0,12.0,35.6,0.0,0.0,1,4.28,2.0,2.0,106.53,4.0,9.0,1,1,9.0,3.044522437723423,5.761799778803507,0.1123311876814338,0,0.0,0.20920919251864006,-1.329698794381758,True
214,대조,0,2.0,16.0,447.58,203.0,16.0,50.78,0.0,0.0,1,19.09,13.0,6.0,127.44,4.0,2.0,1,1,2.0,2.833213344056216,6.10608703794468,0.11345457795254481,0,0.0,0.19864016359292788,-1.3948151153949204,True
215,대조,0,5.0,19.0,301.65999999999997,19676.0,7.0,11.5,0.0,0.0,0,2.09,2.0,2.0,48.77,3.0,5.0,1,1,5.0,2.995732273553991,5.71261006325888,0.03812238944507061,0,0.0,0.18663814394563707,-1.472004414828835,True
216,대조,0,6.0,15.0,442.07,159.0,3.0,7.23,0.0,0.0,1,2.99,1.0,1.0,108.22,10.0,6.0,1,1,6.0,2.772588722239781,6.0937277711063285,0.016354875924627324,0,0.0,0.19719084025152672,-1.4039450345475775,True
217,대조,0,1.0,11.0,424.41,43899.0,6.0,14.219999999999999,0.0,0.0,0,7.0,4.0,3.0,118.63,3.0,1.0,1,1,1.0,2.4849066497880004,6.053053409777104,0.033505336820527316,0,0.0,0.1727343576677806,-1.5663709458645294,True
218,대조,0,3.0,27.0,1311.91,135549.0,7.0,29.42,0.0,0.0,1,30.53,12.0,9.0,584.39,11.0,3.0,1,1,3.0,3.332204510175204,7.180001326637389,0.022425318809979344,0,0.0,0.24228378441462636,-1.1401992277762554,True
219,처치,1,1.0,25.0,1472.6100000000001,13442.0,30.0,81.42,0.0,0.0,1,13.81,7.0,6.0,739.93,13.0,1.0,1,1,1.0,3.258096538021482,7.29547045158008,0.05528958787459001,0,0.0,0.2413947388758733,-1.1450480503297196,True
220,대조,0,6.0,15.0,381.2,53036.0,10.0,25.34,0.0,0.0,1,13.75,9.0,9.0,109.67,6.0,6.0,1,1,6.0,2.772588722239781,5.945944031806173,0.06647429171038825,0,0.0,0.1965984340676012,-1.4076914284417787,True
221,대조,0,9.0,10.0,440.2,263.0,21.0,62.04,0.0,0.0,1,9.02,4.0,3.0,123.55,5.0,9.0,1,1,9.0,2.3978952727983707,6.089498287379348,0.1409359382099046,0,0.0,0.198808852624941,-1.3937557309856818,True
222,대조,0,4.0,34.0,1472.3700000000001,154978.0,26.0,49.81,0.0,0.0,1,10.76,7.0,7.0,295.35,8.0,4.0,1,1,4.0,3.5553480614894135,7.295307572971789,0.03382981180002309,0,0.0,0.2574380924155727,-1.059326971024055,True
223,대조,0,1.0,28.0,871.48,10274.0,4.0,18.67,0.0,0.0,0,1.99,2.0,2.0,86.98,6.0,1.0,1,1,1.0,3.367295829986474,6.7713397311777515,0.021423325836508012,0,0.0,0.2189039387896772,-1.2720651420604048,True
226,대조,0,1.0,15.0,372.72,5407.0,4.0,14.67,0.0,0.0,0,12.5,5.0,5.0,222.15,4.0,1.0,1,1,1.0,2.772588722239781,5.923506853924755,0.03935930457179652,0,0.0,0.1783829734090432,-1.5273416070395407,True
227,대조,0,2.0,9.0,117.05,134.0,2.0,5.39,0.0,0.0,0,0.0,0.0,0.0,90.71,6.0,2.0,0,1,2.0,2.302585092994046,4.771108263531522,0.04604869713797522,0,0.0,0.1416479013363985,-1.8016699763837267,True
228,대조,0,2.0,14.0,213.15,8270.0,6.0,13.76,0.0,0.0,0,3.51,4.0,4.0,137.29,4.0,2.0,1,1,2.0,2.70805020110221,5.36667670406138,0.06455547736335913,0,0.0,0.16634246357998572,-1.611773993394942,True
230,대조,0,3.0,23.0,688.35,43054.0,20.0,47.6,0.0,0.0,1,13.5,9.0,7.0,338.41,10.0,3.0,1,1,3.0,3.1780538303479458,6.535749124617638,0.06915086801772354,0,0.0,0.22098664362808643,-1.2599259276395431,True
232,대조,0,1.0,208.0,3298.83,125696.0,49.0,132.57,0.0,0.0,1,61.65,33.0,22.0,1177.43,50.0,1.0,1,1,1.0,5.342334251964811,8.101626230976105,0.04018697538218095,0,0.0,0.35579364073632697,-0.593668206484991,False
235,처치,1,1.0,33.0,1888.18,48261.0,28.0,136.98,0.0,0.0,1,37.730000000000004,21.0,11.0,596.14,13.0,1.0,1,1,1.0,3.5263605246161616,7.543898151474288,0.07254604963509834,0,0.0,0.26081470660328754,-1.0417384060202544,True
236,처치,1,32.0,9.0,252.35,132.0,5.0,11.98,0.0,0.0,0,6.0,4.0,2.0,100.04,3.0,32.0,1,1,32.0,2.302585092994046,5.534771931921918,0.04747374678026551,0,0.0,0.2095259913541601,-1.327784981060643,True
239,처치,1,2.0,36.0,549.95,388.0,5.0,7.98,0.0,0.0,1,6.74,4.0,4.0,224.9,14.0,2.0,1,1,2.0,3.6109179126442243,6.311644060933786,0.014510410037276116,0,0.0,0.2236965487746975,-1.2442530486794594,True
242,대조,0,2.0,14.0,622.61,371.0,9.0,22.04,0.0,0.0,1,8.08,2.0,2.0,141.64,5.0,2.0,1,1,2.0,2.70805020110221,6.43552517297551,0.03539936718009669,0,0.0,0.1981830563140837,-1.397689201623753,True
243,대조,0,7.0,36.0,890.78,68825.0,11.0,32.84,0.0,0.0,1,12.16,4.0,4.0,414.83,12.0,7.0,1,1,7.0,3.6109179126442243,6.793219465388859,0.0368665663800265,0,0.0,0.2503910408685609,-1.0965278234287725,True
245,대조,0,27.0,7.0,120.82000000000001,10313.0,4.0,9.0,0.0,0.0,0,22.77,16.0,11.0,167.16,3.0,27.0,1,1,27.0,2.0794415416798357,4.802544545408338,0.07449097831484854,0,0.0,0.1762360155396451,-1.5420599681672225,True
246,대조,0,40.0,6.0,54.27,23.0,0.0,0.0,0.0,0.0,0,1.5,1.0,1.0,20.61,1.0,40.0,1,1,40.0,1.9459101490553132,4.012230265845171,0.0,0,0.0,0.17030398720463205,-1.5834743838380216,True
248,처치,1,1.0,5.0,899.97,510.0,36.0,85.5,0.0,0.0,1,66.76,41.0,27.0,390.81,2.0,1.0,1,1,1.0,1.791759469228055,6.8034719607166,0.09500316677222574,0,0.0,0.18121568893451076,-1.508132719331743,True
249,대조,0,2.0,11.0,154.99,74.0,7.0,16.08,0.0,0.0,1,0.88,1.0,1.0,29.369999999999997,5.0,2.0,1,1,2.0,2.4849066497880004,5.049791902630777,0.10374862894380281,0,0.0,0.1615497708044626,-1.6467419490079973,True
251,대조,0,2.0,9.0,400.87,169.0,9.0,24.95,0.0,0.0,0,80.0,60.0,3.0,125.56,5.0,2.0,1,1,2.0,2.302585092994046,5.996128653234859,0.06223962880734402,0,0.0,0.169482005948055,-1.5893028337604844,True
253,대조,0,1.0,66.0,1584.28,1179.0,21.0,56.41,0.0,0.0,1,35.45,17.0,13.0,1022.58,30.0,1.0,1,1,1.0,4.204692619390966,7.36851632686094,0.03560607973338046,0,0.0,0.2790463740037198,-0.949196833133579,True
256,처치,1,2.0,27.0,1746.1100000000001,91896.0,30.0,83.01,0.0,0.0,1,26.42,9.0,9.0,503.57,9.0,2.0,1,1,2.0,3.332204510175204,7.465718273234838,0.047539960254508594,0,0.0,0.25101441862674523,-1.093209350618961,True
257,처치,1,21.0,9.0,248.19,6176.0,9.0,26.34,0.0,0.0,1,24.46,10.0,7.0,268.94,13.0,21.0,1,1,21.0,2.302585092994046,5.518215657697217,0.10612836939441557,0,0.0,0.20012649212841194,-1.3855039727347387,True
258,처치,1,3.0,37.0,506.31,22855.0,25.0,44.42,0.0,0.0,0,14.379999999999999,11.0,6.0,177.46,11.0,3.0,1,1,3.0,3.6375861597263857,6.229122256580214,0.08773281191364975,0,0.0,0.22142074684087165,-1.2574060650946906,True
261,대조,0,7.0,15.0,412.8,38692.0,5.0,14.4,0.0,0.0,0,12.67,7.0,7.0,169.51,5.0,7.0,1,1,7.0,2.772588722239781,6.025382765311443,0.03488372093023256,0,0.0,0.19106600367131907,-1.4430983896805554,True
262,대조,0,1.0,54.0,774.67,323.0,3.0,10.83,0.0,0.0,0,27.11,14.0,13.0,857.62,51.0,1.0,1,1,1.0,4.007333185232471,6.653727172003547,0.013980146384912287,0,0.0,0.23772348371047952,-1.165201207059641,True
263,대조,0,2.0,49.0,658.69,326.0,8.0,15.65,0.0,0.0,1,17.6,10.0,8.0,494.55,21.0,2.0,1,1,2.0,3.912023005428146,6.4917700277086,0.023759279782598793,0,0.0,0.24065131309438864,-1.1491120227570892,True
264,대조,0,2.0,11.0,336.62,144.0,12.0,34.68,0.0,0.0,1,27.32,12.0,12.0,124.15,4.0,2.0,1,1,2.0,2.4849066497880004,5.821921002673243,0.10302418156972254,0,0.0,0.179833179065231,-1.5174781215411042,True
265,대조,0,11.0,17.0,89.44,32.0,3.0,16.73,0.0,0.0,0,0.0,0.0,0.0,29.02,4.0,11.0,0,1,11.0,2.8903717578961645,4.504686647409769,0.18705277280858676,0,0.0,0.17300606125863177,-1.5644707357233718,True
266,대조,0,20.0,15.0,620.97,295.0,17.0,42.39,0.0,0.0,0,22.89,9.0,8.0,190.6,5.0,20.0,1,1,20.0,2.772588722239781,6.432891860064749,0.06826416735107976,0,0.0,0.22950043104300097,-1.21113418764533,True
271,처치,1,5.0,16.0,58.3,56.0,0.0,0.0,0.0,0.0,0,0.0,0.0,0.0,6.449999999999999,5.0,5.0,0,1,5.0,2.833213344056216,4.08260930600368,0.0,0,0.0,0.14252404423938758,-1.7944824217380337,True
273,대조,0,2.0,5.0,31.61,16.0,1.0,2.29,0.0,0.0,0,0.0,0.0,0.0,13.43,1.0,2.0,0,1,2.0,1.791759469228055,3.484618989801228,0.07244542866181589,0,0.0,0.10812864591428353,-2.1100002161800187,True
275,대조,0,3.0,46.0,806.01,26714.0,16.0,47.4,0.0,0.0,0,47.32,20.0,16.0,408.53000000000003,15.0,3.0,1,1,3.0,3.8501476017100584,6.693336059766904,0.0588082033721666,0,0.0,0.2407495303408141,-1.1485746226493632,True
276,대조,0,23.0,10.0,269.37,21333.0,0.0,0.0,0.0,0.0,1,1.44,2.0,2.0,257.2,5.0,23.0,1,1,23.0,2.3978952727983707,5.599791391268202,0.0,0,0.0,0.20196356247030212,-1.3740669601524553,True
278,처치,1,16.0,10.0,182.85,84.0,2.0,4.09,0.0,0.0,0,10.0,6.0,6.0,162.15,4.0,16.0,1,1,16.0,2.3978952727983707,5.214120207747281,0.02236806125239267,0,0.0,0.17409278869751893,-1.5568940067720183,True
279,대조,0,,0.0,0.0,0.0,0.0,0.0,0.0,0.0,0,9.49,4.0,4.0,129.3,3.0,90.0,1,1,90.0,0.0,0.0,0.0,0,0.0,0.11145848676575056,-2.075929163761872,True
280,대조,0,12.0,6.0,220.74,8523.0,1.0,4.0,0.0,0.0,0,0.0,0.0,0.0,117.11,5.0,12.0,0,1,12.0,1.9459101490553132,5.401505524344206,0.01812086617740328,0,0.0,0.1591102579399494,-1.6648631399405383,True
281,처치,1,2.0,9.0,171.98,101.0,6.0,22.55,0.0,0.0,1,17.96,9.0,4.0,99.28,7.0,2.0,1,1,2.0,2.302585092994046,5.153175980878366,0.1311198976625189,0,0.0,0.16045451238419184,-1.6548501687609345,True
282,대조,0,2.0,10.0,383.87,187.0,5.0,14.8,0.0,0.0,1,10.17,3.0,3.0,251.4,3.0,2.0,1,1,2.0,2.3978952727983707,5.952905614929358,0.0385547190455102,0,0.0,0.17650410319419937,-1.540214443314897,True
283,대조,0,1.0,10.0,773.86,277.0,11.0,33.980000000000004,0.0,0.0,1,0.0,0.0,0.0,8.57,1.0,1.0,0,1,1.0,2.3978952727983707,6.652682367873754,0.043909751117773246,0,0.0,0.19278060129688396,-1.4320427394064317,True
285,대조,0,5.0,25.0,568.15,237.0,15.0,41.019999999999996,0.0,0.0,0,19.47,8.0,8.0,585.07,22.0,5.0,1,1,5.0,3.258096538021482,6.3441440197712256,0.07219924315761682,0,0.0,0.2144112538603301,-1.2985375139197313,True
286,대조,0,13.0,4.0,170.19,42.0,0.0,0.0,0.0,0.0,0,5.5,1.0,1.0,58.07000000000001,2.0,13.0,1,1,13.0,1.6094379124341003,5.142774050786687,0.0,0,0.0,0.1452211359490975,-1.7725851407621374,True
287,처치,1,2.0,26.0,223.72,8268.0,1.0,3.34,0.0,0.0,0,6.0,4.0,3.0,174.73,21.0,2.0,1,1,2.0,3.295836866004329,5.414855182795988,0.014929376005721437,0,0.0,0.18162170934952035,-1.5053986838114337,True
288,대조,0,1.0,15.0,569.85,15980.0,5.0,16.11,0.0,0.0,0,3.89,1.0,1.0,288.86,12.0,1.0,1,1,1.0,2.772588722239781,6.347126478122337,0.028270597525664645,0,0.0,0.18832766709712606,-1.4609133719975984,True
289,대조,0,2.0,14.0,567.0,50890.0,9.0,23.68,0.0,0.0,1,0.99,1.0,1.0,571.16,16.0,2.0,1,1,2.0,2.70805020110221,6.342121418721152,0.0417636684303351,0,0.0,0.19612530841426815,-1.4106896172042194,True
290,대조,0,87.0,2.0,13.95,17.0,0.0,0.0,0.0,0.0,1,7.99,3.0,3.0,194.76,10.0,87.0,1,1,87.0,1.0986122886681098,2.7047112998366956,0.0,0,0.0,0.19989833630490242,-1.3869298803779537,True
291,대조,0,81.0,1.0,46.79,33.0,0.0,0.0,0.0,0.0,0,0.0,0.0,0.0,0.0,0.0,81.0,0,0,81.0,0.6931471805599453,3.866816412590067,0.0,0,0.0,0.1993912418968752,-1.390103451642321,True
293,대조,0,3.0,18.0,463.8,186.0,7.0,21.69,0.0,0.0,0,10.780000000000001,4.0,3.0,334.49,8.0,3.0,1,1,3.0,2.9444389791664403,6.141607205537701,0.04676584734799483,0,0.0,0.19313125231162684,-1.4297909912154816,True
297,대조,0,2.0,23.0,402.38,166.0,6.0,11.719999999999999,0.0,0.0,0,19.72,6.0,6.0,139.87,9.0,2.0,1,1,2.0,3.1780538303479458,5.999879045709,0.029126696157860725,0,0.0,0.19385746848184612,-1.4251373744915656,True
300,처치,1,2.0,18.0,1145.06,415.0,16.0,46.97,0.0,0.0,1,32.9,18.0,9.0,647.15,9.0,2.0,1,1,2.0,2.9444389791664403,7.0440852519250985,0.04101968455801443,0,0.0,0.22351557436170633,-1.2452954896864532,True
301,대조,0,9.0,7.0,765.07,287.0,11.0,33.09,0.0,0.0,1,2.5,1.0,1.0,9.4,1.0,9.0,1,1,9.0,2.0794415416798357,6.641273549377356,0.0432509443580326,0,0.0,0.19674827669239692,-1.4067430150229003,True
302,대조,0,1.0,21.0,432.99,202.0,9.0,33.82,0.0,0.0,1,0.0,0.0,0.0,96.85000000000001,3.0,1.0,0,1,1.0,3.091042453358316,6.073021492360292,0.0781080394466385,0,0.0,0.2019006535990233,-1.3744573213829814,True
303,대조,0,2.0,24.0,483.4,10659.0,10.0,33.550000000000004,0.0,0.0,0,2.99,1.0,1.0,139.55,8.0,2.0,1,1,2.0,3.2188758248682006,6.182911011678937,0.06940422010757138,0,0.0,0.20274414301224775,-1.3692308475056019,True
305,처치,1,9.0,16.0,428.76,17591.0,13.0,41.480000000000004,0.0,0.0,0,14.54,7.0,4.0,284.99,10.0,9.0,1,1,9.0,2.833213344056216,6.063226913334873,0.09674409926299096,0,0.0,0.20173809448626182,-1.375466451813035,True
306,대조,0,4.0,21.0,856.13,18729.0,35.0,100.7,0.0,0.0,1,30.37,16.0,8.0,198.71,6.0,4.0,1,1,4.0,3.091042453358316,6.753589599042377,0.1176223237125203,0,0.0,0.22985292535863686,-1.2091418532139226,True
307,처치,1,3.0,34.0,195.61,82.0,0.0,0.0,0.0,0.0,0,2.99,1.0,1.0,116.02,21.0,3.0,1,1,3.0,3.5553480614894135,5.2812220711194,0.0,0,0.0,0.1869440812187195,-1.4699903467513147,True
308,대조,0,12.0,5.0,161.24,51.0,3.0,10.32,0.0,0.0,0,0.0,0.0,0.0,130.38,3.0,12.0,0,1,12.0,1.791759469228055,5.089076720402819,0.06400396923840238,0,0.0,0.1506820470806078,-1.7292616507048715,True
312,대조,0,21.0,6.0,254.85,116.0,6.0,31.94,0.0,0.0,0,18.959999999999997,9.0,7.0,223.68,4.0,21.0,1,1,21.0,1.9459101490553132,5.544591335251101,0.12532862468118502,0,0.0,0.1835800288313468,-1.4922781962749454,True
314,대조,0,84.0,1.0,92.54,51.0,0.0,0.0,0.0,0.0,1,0.0,0.0,0.0,111.11,1.0,84.0,0,1,84.0,0.6931471805599453,4.53838915229774,0.0,0,0.0,0.23220126246182185,-1.1959231320988946,True
317,대조,0,5.0,8.0,869.84,376.0,8.0,24.47,0.0,0.0,1,4.0,2.0,2.0,346.65,3.0,5.0,1,1,5.0,2.1972245773362196,6.769458263078046,0.02813161041111009,0,0.0,0.19564652515126685,-1.4137292299341258,True
318,대조,0,3.0,15.0,116.06,2050.0,0.0,0.0,0.0,0.0,0,0.0,0.0,0.0,108.89,6.0,3.0,0,1,3.0,2.772588722239781,4.7626866238630745,0.0,0,0.0,0.15243126411507757,-1.715658172929602,True
319,처치,1,2.0,17.0,476.32,46628.0,12.0,27.09,0.0,0.0,1,18.490000000000002,13.0,11.0,257.65000000000003,4.0,2.0,1,1,2.0,2.8903717578961645,6.168187125501455,0.056873530399731274,0,0.0,0.19836001410946646,-1.3965759789329422,True
321,대조,0,11.0,11.0,718.98,266.0,8.0,27.91,0.0,0.0,1,31.240000000000002,14.0,9.0,480.39,9.0,11.0,1,1,11.0,2.4849066497880004,6.579223433846513,0.03881888230548833,0,0.0,0.21184735809788194,-1.3138257727277096,True
322,대조,0,1.0,16.0,646.49,301.0,14.0,36.36,0.0,0.0,0,21.13,9.0,7.0,351.48,8.0,1.0,1,1,1.0,2.833213344056216,6.473103349438989,0.05624216925242463,0,0.0,0.1953308442709858,-1.4157364480806516,True
324,처치,1,2.0,24.0,1266.53,95173.0,10.0,35.33,0.0,0.0,1,15.73,6.0,5.0,433.8,12.0,2.0,1,1,2.0,3.2188758248682006,7.144825403824294,0.027895114999249918,0,0.0,0.2353617523606408,-1.1782791408078408,True
328,대조,0,5.0,41.0,2318.59,79376.0,30.0,119.42,0.0,0.0,0,60.42,27.0,20.0,1277.69,22.0,5.0,1,1,5.0,3.7376696182833684,7.749145724904874,0.051505440806697174,0,0.0,0.2740323921190441,-0.9742590777722788,True
329,대조,0,8.0,20.0,338.46,172.0,5.0,16.599999999999998,0.0,0.0,1,9.68,3.0,3.0,135.33,10.0,8.0,1,1,8.0,3.044522437723423,5.827356119733385,0.04904567748035218,0,0.0,0.20476320382938878,-1.356785718901008,True
330,대조,0,1.0,10.0,16.58,1739.0,0.0,0.0,0.0,0.0,0,0.0,0.0,0.0,5.81,5.0,1.0,0,1,1.0,2.3978952727983707,2.866761892257031,0.0,0,0.0,0.10595319917909371,-2.132760644278536,False
331,대조,0,2.0,8.0,192.78,67.0,3.0,7.91,0.0,0.0,0,4.12,1.0,1.0,45.46,4.0,2.0,1,1,2.0,2.1972245773362196,5.266723494956858,0.04103122730573711,0,0.0,0.14906347726019947,-1.741965297311775,True
332,처치,1,1.0,11.0,249.6,149.0,3.0,23.82,0.0,0.0,1,17.78,14.0,5.0,203.07,6.0,1.0,1,1,1.0,2.4849066497880004,5.523858042461968,0.09543269230769232,0,0.0,0.17048577496257927,-1.5821883964749746,True
333,대조,0,3.0,10.0,297.67,171.0,8.0,21.68,0.0,0.0,0,1.99,2.0,2.0,122.13,5.0,3.0,1,1,3.0,2.3978952727983707,5.6993392849588265,0.07283233110491483,0,0.0,0.16744646491949913,-1.60383383843275,True
334,처치,1,1.0,55.0,456.01,8766.0,18.0,48.4,0.0,0.0,1,66.28,30.0,20.0,359.64,33.0,1.0,1,1,1.0,4.02535169073515,6.124705272492875,0.10613802328896296,0,0.0,0.23782535377795658,-1.164639127295505,True
335,대조,0,1.0,24.0,371.9,184.0,5.0,16.44,0.0,0.0,0,0.0,0.0,0.0,32.26,4.0,1.0,0,1,1.0,3.2188758248682006,5.921310287184775,0.044205431567625714,0,0.0,0.192286887910608,-1.4352184714995837,True
336,대조,0,5.0,11.0,217.3,98.0,6.0,21.009999999999998,0.0,0.0,0,6.0,3.0,3.0,159.21,10.0,5.0,1,1,5.0,2.4849066497880004,5.385870263555899,0.09668660837551771,0,0.0,0.1671766251447941,-1.6057706955846605,True
337,대조,0,3.0,9.0,123.36,90.0,2.0,4.58,0.0,0.0,0,0.0,0.0,0.0,101.07000000000001,6.0,3.0,0,1,3.0,2.302585092994046,4.823180585190553,0.03712710765239948,0,0.0,0.1436653269566354,-1.7851747966488132,True
338,대조,0,2.0,11.0,213.1,146.0,3.0,8.09,0.0,0.0,0,2.0,1.0,1.0,150.03,6.0,2.0,1,1,2.0,2.4849066497880004,5.366443195595637,0.03796339746597841,0,0.0,0.15866281350767925,-1.6682112341540094,True
339,대조,0,5.0,8.0,139.11,110.0,2.0,2.75,0.0,0.0,0,5.48,2.0,2.0,69.3,3.0,5.0,1,1,5.0,2.1972245773362196,4.94242782838314,0.01976852850262382,0,0.0,0.14544266248489632,-1.7708016642899116,True
342,대조,0,5.0,4.0,326.79,146.0,9.0,18.19,0.0,0.0,0,10.15,7.0,6.0,219.9,5.0,5.0,1,1,5.0,1.6094379124341003,5.792373159438054,0.05566265797607026,0,0.0,0.15030201805857865,-1.7322342474429615,True
343,대조,0,7.0,9.0,163.15,67.0,2.0,7.98,0.0,0.0,0,0.88,1.0,1.0,95.96000000000001,4.0,7.0,1,1,7.0,2.302585092994046,5.100780643947601,0.04891204413116764,0,0.0,0.15608869635559205,-1.6876229865459436,True
345,대조,0,1.0,18.0,354.23,256.0,25.0,39.11,0.0,0.0,0,8.780000000000001,6.0,6.0,157.12,7.0,1.0,1,1,1.0,2.9444389791664403,5.872765467010975,0.11040849165796233,0,0.0,0.18676324909522105,-1.471180506560285,True
346,대조,0,1.0,7.0,67.03,22.0,0.0,0.0,0.0,0.0,1,2.98,3.0,2.0,343.65,13.0,1.0,1,1,1.0,2.0794415416798357,4.219948784356969,0.0,0,0.0,0.12749834720039543,-1.9232611470206773,True
348,대조,0,9.0,4.0,73.91,40.0,2.0,3.99,0.0,0.0,0,1.76,2.0,2.0,2.75,1.0,9.0,1,1,9.0,1.6094379124341003,4.316287392959792,0.053984575835475584,0,0.0,0.1262404155334546,-1.9346171141274393,True
350,처치,1,6.0,12.0,418.59000000000003,42665.0,7.0,7.390000000000001,0.0,0.0,1,11.18,2.0,2.0,86.52000000000001,4.0,6.0,1,1,6.0,2.5649493574615367,6.039278044016987,0.017654506796626772,0,0.0,0.18929129904957806,-1.4546217112324202,True
351,대조,0,1.0,45.0,1064.84,38455.0,12.0,44.46,0.0,0.0,1,10.92,6.0,3.0,379.92,21.0,1.0,1,1,1.0,3.828641396489095,6.971518499651957,0.0417527515870929,0,0.0,0.2517211157333766,-1.0894539573283433,True
353,대조,0,2.0,18.0,383.82,130.0,3.0,8.49,0.0,0.0,1,0.0,0.0,0.0,309.85,17.0,2.0,0,1,2.0,2.9444389791664403,5.95277569249287,0.022119743629826483,0,0.0,0.19210918601228072,-1.4363630306472297,True
354,대조,0,3.0,30.0,1459.22,670.0,25.0,74.46000000000001,0.0,0.0,1,20.990000000000002,8.0,8.0,608.0600000000001,13.0,3.0,1,1,3.0,3.4339872044851463,7.286342388282055,0.05102726113951289,0,0.0,0.25167282208215014,-1.0897103670885044,True
356,대조,0,2.0,37.0,272.74,4415.0,4.0,12.84,0.0,0.0,0,0.0,0.0,0.0,48.510000000000005,4.0,2.0,0,1,2.0,3.6375861597263857,5.61217875078312,0.047077803035858325,0,0.0,0.1994852227407501,-1.3895148301913705,True
358,대조,0,1.0,49.0,1591.23,586.0,25.0,76.3,0.0,0.0,1,29.4,14.0,10.0,526.63,19.0,1.0,1,1,1.0,3.912023005428146,7.372890828331011,0.04795032773389139,0,0.0,0.26843101277766923,-1.0025975799873212,True
362,대조,0,1.0,16.0,409.31,17372.0,3.0,5.16,0.0,0.0,1,3.25,4.0,3.0,141.2,4.0,1.0,1,1,1.0,2.833213344056216,6.0169129715615695,0.012606581808409274,0,0.0,0.18791048145080935,-1.4636448916710119,True
364,처치,1,3.0,16.0,860.02,378.0,8.0,20.88,0.0,0.0,0,0.0,0.0,0.0,71.93,3.0,3.0,0,1,3.0,2.833213344056216,6.758117732961663,0.024278505151043,0,0.0,0.2045124550268533,-1.3583263123968803,True
367,처치,1,19.0,11.0,872.82,502.0,26.0,72.1,0.0,0.0,1,34.57,15.0,13.0,356.8,4.0,19.0,1,1,19.0,2.4849066497880004,6.772874404788242,0.08260580646639627,0,0.0,0.23669230542647465,-1.170900211133545,True
368,처치,1,2.0,17.0,409.56,23850.0,5.0,14.67,0.0,0.0,0,5.79,4.0,3.0,162.35,5.0,2.0,1,1,2.0,2.8903717578961645,6.017522081427272,0.03581892762965133,0,0.0,0.185778883721316,-1.4776748013985708,True
369,대조,0,8.0,5.0,50.08,2250.0,0.0,0.0,0.0,0.0,0,0.0,0.0,0.0,52.12,3.0,8.0,0,1,8.0,1.791759469228055,3.9333930311643384,0.0,0,0.0,0.11961342425149706,-1.9960960235124119,True
370,대조,0,32.0,27.0,740.26,97210.0,12.0,28.810000000000002,0.0,0.0,1,0.0,0.0,0.0,0.0,0.0,32.0,0,0,32.0,3.332204510175204,6.608351440946063,0.038918758274119905,0,0.0,0.28996306850354614,-0.895563419991705,True
371,대조,0,3.0,19.0,1855.54,933.0,53.0,138.04,0.0,0.0,1,73.85,57.0,25.0,834.39,7.0,3.0,1,1,3.0,2.995732273553991,7.526469819304766,0.0743934380288218,0,0.0,0.24445120948917762,-1.1284286232419811,True
374,처치,1,3.0,24.0,988.25,21607.0,8.0,53.79,0.0,0.0,0,32.79,18.0,13.0,811.94,19.0,3.0,1,1,3.0,3.2188758248682006,6.896947080265534,0.05442954717935745,0,0.0,0.22370635619406898,-1.2441965735586114,True
376,대조,0,1.0,79.0,743.1,445.0,24.0,61.36,0.0,0.0,0,19.26,7.0,7.0,337.94,35.0,1.0,1,1,1.0,4.382026634673881,6.612175434403215,0.08257300497914143,0,0.0,0.2558947346138765,-1.0674163435569373,True
377,대조,0,14.0,24.0,582.54,307.0,36.0,85.33,0.0,0.0,1,30.94,17.0,15.0,278.07,9.0,14.0,1,1,14.0,3.2188758248682006,6.369113001219371,0.14647921172795003,0,0.0,0.24590337790638372,-1.1205818197720412,True
378,처치,1,2.0,55.0,882.54,37429.0,11.0,28.32,0.0,0.0,1,32.6,12.0,12.0,419.41,26.0,2.0,1,1,2.0,4.02535169073515,6.783936565211406,0.032089197090216875,0,0.0,0.2547161195282783,-1.0736155251364115,True
380,대조,0,4.0,15.0,1050.41,543.0,29.0,65.14,0.0,0.0,0,57.14,38.0,31.0,586.35,10.0,4.0,1,1,4.0,2.772588722239781,6.957887399468137,0.062013880294361244,0,0.0,0.2125310079003848,-1.3097360975624934,True
381,처치,1,8.0,9.0,279.5,115.0,9.0,14.1,0.0,0.0,1,1.5,1.0,1.0,122.35,5.0,8.0,1,1,8.0,2.302585092994046,5.636573724962751,0.05044722719141324,0,0.0,0.17674008592333887,-1.5385917515450453,True
383,대조,0,3.0,21.0,843.09,25510.0,5.0,20.39,0.0,0.0,1,18.85,6.0,5.0,421.33,12.0,3.0,1,1,3.0,3.091042453358316,6.7382591239819325,0.02418484384822498,0,0.0,0.22054943144050057,-1.2624674235641493,True
384,대조,0,2.0,10.0,513.97,10844.0,18.0,40.27,0.0,0.0,0,8.89,8.0,4.0,285.62,7.0,2.0,1,1,2.0,2.3978952727983707,6.2441086465398135,0.07835087651030216,0,0.0,0.17922534535691198,-1.5216046684104396,True
386,대조,0,2.0,32.0,929.05,18422.0,25.0,47.42,0.0,0.0,1,29.86,21.0,18.0,382.07,21.0,2.0,1,1,2.0,3.4965075614664802,6.83523834814296,0.051041386362413226,0,0.0,0.23789858526405708,-1.1642351665116597,True
387,대조,0,1.0,19.0,680.84,230.0,4.0,12.99,0.0,0.0,1,6.08,3.0,3.0,469.74,11.0,1.0,1,1,1.0,2.995732273553991,6.524795026214043,0.019079372539803772,0,0.0,0.20705656283173965,-1.3427598851000824,True
389,대조,0,5.0,39.0,2408.71,36355.0,28.0,94.52,0.0,0.0,1,71.78,28.0,21.0,1102.79,19.0,5.0,1,1,5.0,3.6888794541139363,7.7872616872940235,0.03924092148909582,0,0.0,0.28172289865143296,-0.9359314706741,True
390,대조,0,9.0,18.0,167.67000000000002,75.0,1.0,2.5,0.0,0.0,1,1.0,2.0,1.0,194.07999999999998,6.0,9.0,1,1,9.0,2.9444389791664403,5.127944143269923,0.01491024035307449,0,0.0,0.18283290876549516,-1.4972709230971806,True
391,대조,0,,0.0,0.0,0.0,0.0,0.0,0.0,0.0,1,0.0,0.0,0.0,12.760000000000002,1.0,90.0,0,1,90.0,0.0,0.0,0.0,0,0.0,0.11619600321826616,-2.028956866841588,True
392,대조,0,1.0,13.0,1392.88,383.0,26.0,79.24,0.0,0.0,1,36.99,14.0,13.0,715.59,6.0,1.0,1,1,1.0,2.6390573296152584,7.239846504401323,0.056889322841881564,0,0.0,0.2176897236201057,-1.2791806719071284,True
393,대조,0,4.0,16.0,461.03000000000003,245.0,18.0,49.81,0.0,0.0,0,10.06,4.0,4.0,137.24,9.0,4.0,1,1,4.0,2.833213344056216,6.135629824038484,0.10804069149513047,0,0.0,0.19527452689387317,-1.4160947933333219,True
394,대조,0,10.0,2.0,34.6,15.0,0.0,0.0,0.0,0.0,0,2.67,2.0,2.0,44.79,2.0,10.0,1,1,10.0,1.0986122886681098,3.572345637857985,0.0,0,0.0,0.10209468259849187,-2.1741639820650205,False
396,대조,0,1.0,8.0,78.25,27.0,0.0,0.0,0.0,0.0,0,0.0,0.0,0.0,143.23,11.0,1.0,0,1,1.0,2.1972245773362196,4.37260741275739,0.0,0,0.0,0.12777869062714745,-1.9207433988266889,True
397,대조,0,1.0,42.0,1255.52,93054.0,20.0,51.59,0.0,0.0,0,27.29,10.0,8.0,442.37,20.0,1.0,1,1,1.0,3.7612001156935624,7.136101274087371,0.04109054415700268,0,0.0,0.24550047138361408,-1.1227557861158808,True
398,대조,0,21.0,11.0,453.67,1404.0,12.0,33.769999999999996,0.0,0.0,0,5.98,3.0,3.0,76.12,4.0,21.0,1,1,21.0,2.4849066497880004,6.119571881086722,0.07443736636762403,0,0.0,0.21283466133587006,-1.3079226871790535,True
400,대조,0,3.0,58.0,3165.62,150809.0,56.0,216.81,0.0,0.0,1,103.32000000000001,34.0,31.0,1145.86,17.0,3.0,1,1,3.0,4.07753744390572,8.060420051969828,0.06848895319084414,0,0.0,0.305330394778541,-0.8220418924894877,True
402,대조,0,37.0,5.0,78.9,8353.0,0.0,0.0,0.0,0.0,0,0.0,0.0,0.0,60.89,2.0,37.0,0,1,37.0,1.791759469228055,4.380775852772229,0.0,0,0.0,0.16975168080243852,-1.5873881677772235,True
403,처치,1,13.0,6.0,148.99,58.0,3.0,4.23,0.0,0.0,0,0.0,0.0,0.0,15.47,2.0,13.0,0,1,13.0,1.9459101490553132,5.010568625207268,0.028391167192429023,0,0.0,0.15256205921539664,-1.7146461514183133,True
404,처치,1,4.0,24.0,721.1,15842.0,17.0,37.2,0.0,0.0,1,12.879999999999999,7.0,6.0,275.58,10.0,4.0,1,1,4.0,3.2188758248682006,6.582163633457136,0.05158785189294134,0,0.0,0.22448195084143238,-1.2397359497595426,True
405,처치,1,10.0,11.0,443.21000000000004,72120.0,4.0,7.76,0.0,0.0,0,6.1899999999999995,5.0,3.0,221.29,6.0,10.0,1,1,10.0,2.4849066497880004,6.096297423588737,0.017508630220437263,0,0.0,0.188117005834036,-1.4622920932293564,True
408,대조,0,4.0,6.0,243.62,76.0,2.0,7.98,0.0,0.0,0,4.19,1.0,1.0,124.96000000000001,3.0,4.0,1,1,4.0,1.9459101490553132,5.499705986059217,0.032755931368524754,0,0.0,0.15004169828852107,-1.7342740474162852,True
409,처치,1,7.0,9.0,190.1,124.0,6.0,17.439999999999998,0.0,0.0,1,27.28,14.0,13.0,397.0,6.0,7.0,1,1,7.0,2.302585092994046,5.252796851246227,0.09174118884797475,0,0.0,0.168380173201189,-1.5971510389072818,True
410,대조,0,78.0,1.0,36.04,35.0,0.0,0.0,0.0,0.0,1,1.0,1.0,1.0,61.42,5.0,78.0,1,1,78.0,0.6931471805599453,3.6119984097779785,0.0,0,0.0,0.19459808379990226,-1.4204051047675523,True
411,대조,0,2.0,42.0,1203.63,111515.0,3.0,17.89,0.0,0.0,1,15.16,4.0,4.0,390.99,8.0,2.0,1,1,2.0,3.7612001156935624,7.093927744832133,0.014863371634140058,0,0.0,0.2530572936310524,-1.0823725637603492,True
412,대조,0,17.0,15.0,325.17,2126.0,9.0,16.03,0.0,0.0,1,6.51,6.0,5.0,119.82,5.0,17.0,1,1,17.0,2.772588722239781,5.787418717839867,0.049297290647968756,0,0.0,0.21165849602438486,-1.3149572686353832,True
413,처치,1,2.0,29.0,662.37,58521.0,8.0,20.57,0.0,0.0,1,5.0,2.0,1.0,291.8,16.0,2.0,1,1,2.0,3.4011973816621555,6.497332903904655,0.031055150444615546,0,0.0,0.2229337311157202,-1.2486510774584407,True
414,대조,0,11.0,9.0,57.06,32.0,3.0,7.25,0.0,0.0,0,40.410000000000004,19.0,16.0,293.66,10.0,11.0,1,1,11.0,2.302585092994046,4.061476958596484,0.12705923589204346,0,0.0,0.14391085365644687,-1.783180477602274,True
418,대조,0,2.0,55.0,626.19,50449.0,7.0,25.92,0.0,0.0,1,0.0,0.0,0.0,125.51,18.0,2.0,0,1,2.0,4.02535169073515,6.441249525031542,0.04139318737124515,0,0.0,0.24467590348315124,-1.127212432160353,True
419,대조,0,23.0,5.0,89.74000000000001,3577.0,2.0,9.33,0.0,0.0,0,4.07,2.0,2.0,96.59,2.0,23.0,1,1,23.0,1.791759469228055,4.507998274235818,0.10396701582349008,0,0.0,0.15664143039533246,-1.6834329065603237,True
420,처치,1,1.0,32.0,668.07,309.0,15.0,53.24,0.0,0.0,0,4.27,3.0,3.0,209.47,9.0,1.0,1,1,1.0,3.4965075614664802,6.50588868843626,0.07969224781834239,0,0.0,0.21995231964238393,-1.2659442525139621,True
421,대조,0,2.0,39.0,962.34,67079.0,18.0,35.74,0.0,0.0,0,12.07,5.0,4.0,373.67,17.0,2.0,1,1,2.0,3.6888794541139363,6.870406412829647,0.03713864122867178,0,0.0,0.23646571339264705,-1.1721548084600617,True
425,처치,1,5.0,28.0,928.28,574.0,22.0,53.21,0.0,0.0,0,30.5,29.0,14.0,270.85,7.0,5.0,1,1,5.0,3.367295829986474,6.834410092756322,0.05732106691946396,0,0.0,0.23140687835268786,-1.200384189629272,True
426,대조,0,1.0,29.0,1046.14,119796.0,28.0,69.35,0.0,0.0,1,29.72,16.0,13.0,597.2,20.0,1.0,1,1,1.0,3.4011973816621555,6.953817917308701,0.06629131856156918,0,0.0,0.2370803332835051,-1.168753696951998,True
428,대조,0,3.0,12.0,479.67,297.0,12.0,28.07,0.0,0.0,1,20.59,15.0,8.0,240.88,6.0,3.0,1,1,3.0,2.5649493574615367,6.175180963965499,0.05851939875330957,0,0.0,0.19013011611435365,-1.4491649381531058,True
430,대조,0,13.0,22.0,133.88,7497.0,2.0,20.68,0.0,0.0,0,3.8899999999999997,3.0,3.0,67.17,12.0,13.0,1,1,13.0,3.1354942159291497,4.904385494253545,0.15446668658500148,0,0.0,0.19179410843145292,-1.4383943976310747,True
432,처치,1,1.0,14.0,194.81,72.0,4.0,2.4,0.0,0.0,1,6.47,6.0,5.0,100.74,7.0,1.0,1,1,1.0,2.70805020110221,5.277144801315235,0.012319696114162516,0,0.0,0.16613483901201928,-1.6132719699770735,True
433,처치,1,13.0,17.0,217.45000000000002,121.0,8.0,27.04,0.0,0.0,0,12.96,5.0,5.0,34.22,4.0,13.0,1,1,13.0,2.8903717578961645,5.386557155397445,0.124350425385146,0,0.0,0.194690406134389,-1.419816156090841,True
434,대조,0,3.0,18.0,697.37,3757.0,2.0,3.58,0.0,0.0,1,8.77,3.0,3.0,145.77,6.0,3.0,1,1,3.0,2.9444389791664403,6.548749048276325,0.005133573282475587,0,0.0,0.20883115411283393,-1.3319853533590114,True
436,대조,0,9.0,4.0,387.28000000000003,150.0,12.0,40.92,0.0,0.0,0,16.11,12.0,9.0,366.92,5.0,9.0,1,1,9.0,1.6094379124341003,5.961726728844026,0.10565998760586655,0,0.0,0.16290153388712628,-1.6367957735912468,True
437,처치,1,2.0,15.0,1523.85,12354.0,5.0,105.34,0.0,0.0,1,12.48,3.0,3.0,446.06,7.0,2.0,1,1,2.0,2.772588722239781,7.329651323548048,0.06912753879975064,0,0.0,0.2278659540339421,-1.2204006344656657,True
438,대조,0,68.0,2.0,18.37,7.0,0.0,0.0,0.0,0.0,1,8.99,2.0,2.0,29.82,2.0,68.0,1,1,68.0,1.0986122886681098,2.9637254774189046,0.0,0,0.0,0.17335216758807664,-1.562053590692335,True
439,대조,0,14.0,22.0,380.1,137.0,4.0,9.66,0.0,0.0,0,2.5,1.0,1.0,17.25,1.0,14.0,1,1,14.0,3.1354942159291497,5.943061807879815,0.025414364640883976,0,0.0,0.2130225217855725,-1.306801734543181,True
441,대조,0,4.0,10.0,445.67,207.0,3.0,12.26,0.0,0.0,1,5.6899999999999995,2.0,2.0,132.4,4.0,4.0,1,1,4.0,2.3978952727983707,6.101820066935569,0.027509143536697554,0,0.0,0.182894894199416,-1.4968560958532355,True
442,대조,0,9.0,6.0,181.99,99.0,6.0,15.24,0.0,0.0,1,18.87,17.0,12.0,199.08,4.0,9.0,1,1,9.0,1.9459101490553132,5.2094315065395955,0.08374086488268585,0,0.0,0.16015539863193512,-1.6570722910180822,True
443,대조,0,3.0,7.0,78.91,33.0,1.0,2.89,0.0,0.0,1,0.0,0.0,0.0,83.4,9.0,3.0,0,1,3.0,2.0794415416798357,4.380901001386372,0.03662400202762641,0,0.0,0.13495277582490797,-1.8578591913270226,True
445,대조,0,2.0,43.0,551.44,197.0,13.0,45.75,0.0,0.0,0,3.77,2.0,2.0,86.61,10.0,2.0,1,1,2.0,3.784189633918261,6.314344830209728,0.0829646017699115,0,0.0,0.22672476893521337,-1.2268982307339464,True
447,처치,1,1.0,41.0,402.65,171.0,2.0,11.79,0.0,0.0,0,6.29,3.0,3.0,184.69,17.0,1.0,1,1,1.0,3.7376696182833684,6.000548165841025,0.029281013286973797,0,0.0,0.2103131856660575,-1.3230386492482833,True
450,대조,0,15.0,11.0,243.17000000000002,130.0,2.0,4.0,0.0,0.0,0,3.63,3.0,3.0,153.27,5.0,15.0,1,1,15.0,2.4849066497880004,5.49786470400706,0.016449397540815067,0,0.0,0.1815866361477698,-1.5056346697821081,True
451,대조,0,2.0,15.0,163.75,62.0,2.0,4.72,0.0,0.0,1,2.0,1.0,1.0,131.35,7.0,2.0,1,1,2.0,2.772588722239781,5.104429173382616,0.02882442748091603,0,0.0,0.16648641939381112,-1.6107362546353035,True
454,처치,1,1.0,50.0,937.07,606.0,21.0,55.19,0.0,0.0,1,62.94,25.0,20.0,525.29,22.0,1.0,1,1,1.0,3.9318256327243257,6.84382457308745,0.05889634712454779,0,0.0,0.25298281164278735,-1.0827666464682904,True
456,처치,1,6.0,13.0,777.37,9588.0,7.0,16.63,0.0,0.0,1,8.14,6.0,3.0,375.51,6.0,6.0,1,1,6.0,2.6390573296152584,6.657201989532993,0.02139264442929364,0,0.0,0.20844249508386353,-1.334339329523014,True
458,대조,0,4.0,17.0,232.88,148.0,10.0,27.17,0.0,0.0,1,4.87,4.0,3.0,89.88,11.0,4.0,1,1,4.0,2.8903717578961645,5.45480816330747,0.11666952937135006,0,0.0,0.1872226109919685,-1.4681589158325263,True
459,대조,0,19.0,8.0,80.59,43.0,2.0,5.5,0.0,0.0,0,0.0,0.0,0.0,73.09,6.0,19.0,0,1,19.0,2.1972245773362196,4.401706705440709,0.06824668072961905,0,0.0,0.15708089618874763,-1.6801100561379934,True
460,대조,0,4.0,13.0,75.87,49.0,1.0,2.99,0.0,0.0,1,0.88,1.0,1.0,103.75,13.0,4.0,1,1,4.0,2.6390573296152584,4.34211568336104,0.03940951627784368,0,0.0,0.14953323212885783,-1.7382666808191698,True
462,대조,0,34.0,14.0,256.57,129.0,3.0,8.19,0.0,0.0,1,4.99,1.0,1.0,78.88,3.0,34.0,1,1,34.0,2.70805020110221,5.55129152782092,0.03192111314650972,0,0.0,0.23516330684987877,-1.1793821424689723,True
463,대조,0,1.0,103.0,1458.04,179845.0,11.0,38.58,0.0,0.0,0,0.0,0.0,0.0,180.66,19.0,1.0,0,1,1.0,4.6443908991413725,7.285533964185356,0.026460179418945982,0,0.0,0.2839777869600109,-0.9248151701055651,True
464,처치,1,6.0,21.0,369.2,246.0,16.0,24.93,0.0,0.0,1,31.25,18.0,16.0,314.27,11.0,6.0,1,1,6.0,3.091042453358316,5.914043400139397,0.06752437703141928,0,0.0,0.206188148656313,-1.3480573751862661,True
467,대조,0,10.0,3.0,32.94,22.0,0.0,0.0,0.0,0.0,0,26.369999999999997,18.0,5.0,189.28,3.0,10.0,1,1,10.0,1.3862943611198906,3.52459425980608,0.0,0,0.0,0.1067985441977646,-2.12386785451119,False
468,대조,0,6.0,34.0,562.48,221.0,1.0,2.49,0.0,0.0,0,0.0,0.0,0.0,221.21,16.0,6.0,0,1,6.0,3.5553480614894135,6.334131840392106,0.004426824064855639,0,0.0,0.22150246967855544,-1.2569320797004297,True
469,처치,1,2.0,18.0,1220.27,9202.0,33.0,112.33,0.0,0.0,1,45.02,14.0,10.0,593.94,12.0,2.0,1,1,2.0,2.9444389791664403,7.1076465798861515,0.09205339801847132,0,0.0,0.2291366096993433,-1.21319279818564,True
470,대조,0,3.0,19.0,260.98,3047.0,7.0,8.75,0.0,0.0,0,12.6,10.0,9.0,248.46,11.0,3.0,1,1,3.0,2.995732273553991,5.568268164969503,0.03352747336960686,0,0.0,0.17928999540082421,-1.5211652439305168,True
472,대조,0,2.0,16.0,1879.09,624.0,50.0,158.43,0.0,0.0,0,29.560000000000002,11.0,8.0,423.37,8.0,2.0,1,1,2.0,2.833213344056216,7.539074927018577,0.0843120872337142,0,0.0,0.2290709957659719,-1.213564305932635,True
473,대조,0,25.0,8.0,366.25,35010.0,3.0,5.13,0.0,0.0,1,2.98,2.0,2.0,290.40000000000003,5.0,25.0,1,1,25.0,2.1972245773362196,5.906042815053986,0.014006825938566553,0,0.0,0.20842318824932596,-1.3344563487319994,True
475,대조,0,17.0,3.0,222.3,113.0,7.0,15.639999999999999,0.0,0.0,0,10.27,5.0,4.0,224.11,2.0,17.0,1,1,17.0,1.3862943611198906,5.408516158846112,0.0703553756185335,0,0.0,0.15477260413248942,-1.6976487290845164,True
476,대조,0,6.0,5.0,177.29,76.0,5.0,18.64,0.0,0.0,0,0.0,0.0,0.0,0.0,0.0,6.0,0,0,6.0,1.791759469228055,5.1834114380466785,0.10513847368717921,0,0.0,0.14614265336619536,-1.7651809158940612,True
479,대조,0,1.0,82.0,412.37,261.0,11.0,32.33,0.0,0.0,0,54.220000000000006,7.0,7.0,315.36,16.0,1.0,1,1,1.0,4.418840607796598,6.024343075673921,0.0784004656012804,0,0.0,0.23860381779203363,-1.1603493194212524,True
481,대조,0,2.0,19.0,721.44,375.0,14.0,26.92,0.0,0.0,0,0.75,1.0,1.0,70.49,2.0,2.0,1,1,2.0,2.995732273553991,6.5826343715554625,0.03731426036815259,0,0.0,0.20410021001575732,-1.360862187139856,True
482,대조,0,8.0,12.0,374.12,182.0,4.0,13.0,0.0,0.0,0,0.75,1.0,1.0,146.27,2.0,8.0,1,1,8.0,2.5649493574615367,5.927245974781331,0.03474820913076018,0,0.0,0.1838910748538898,-1.4902042349269602,True
483,대조,0,22.0,8.0,337.27,107.0,7.0,14.98,0.0,0.0,1,0.0,0.0,0.0,44.87,2.0,22.0,0,1,22.0,2.1972245773362196,5.82384439316692,0.04441545349423311,0,0.0,0.20262138009069625,-1.3699905075058565,True
484,대조,0,2.0,19.0,381.51,8279.0,11.0,33.02,0.0,0.0,1,11.5,7.0,6.0,148.12,9.0,2.0,1,1,2.0,2.995732273553991,5.946754796715697,0.08655081125003278,0,0.0,0.19782996657432192,-1.3999126900695524,True
485,대조,0,1.0,32.0,1093.76,150865.0,13.0,31.88,0.0,0.0,1,43.59,31.0,20.0,694.33,18.0,1.0,1,1,1.0,3.4965075614664802,6.998290440145383,0.029147162083089526,0,0.0,0.2391081469417285,-1.1575752888948556,True
489,대조,0,13.0,12.0,504.8,21341.0,9.0,22.950000000000003,0.0,0.0,1,69.79,16.0,12.0,441.23,9.0,13.0,1,1,13.0,2.5649493574615367,6.226141334235865,0.0454635499207607,0,0.0,0.20898552135002904,-1.3310512981072944,True
490,처치,1,12.0,11.0,503.86,311.0,8.0,33.06,0.0,0.0,1,72.52,49.0,16.0,356.87,10.0,12.0,1,1,12.0,2.4849066497880004,6.224281163117879,0.06561346405747628,0,0.0,0.2057677795815068,-1.3506276381847135,True
491,대조,0,3.0,19.0,585.09,70026.0,9.0,24.37,0.0,0.0,1,7.48,4.0,4.0,393.16,8.0,3.0,1,1,3.0,2.995732273553991,6.373473361402004,0.04165171170247312,0,0.0,0.20822437039754713,-1.3356618535692932,True
492,대조,0,3.0,15.0,1099.32,21086.0,27.0,68.64,0.0,0.0,1,32.11,26.0,14.0,647.38,10.0,3.0,1,1,3.0,2.772588722239781,7.003356325571526,0.06243859840628753,0,0.0,0.21986383485306707,-1.2664600529006198,True
493,대조,0,16.0,9.0,381.98,127.0,11.0,32.65,0.0,0.0,1,48.53,25.0,19.0,461.8,12.0,16.0,1,1,16.0,2.302585092994046,5.947982768496021,0.08547567935494003,0,0.0,0.2010757171401526,-1.379584637080074,True
495,처치,1,27.0,6.0,447.45,197.0,7.0,16.84,0.0,0.0,0,0.0,0.0,0.0,48.300000000000004,1.0,27.0,0,1,27.0,1.9459101490553132,6.105797192564012,0.037635489998882554,0,0.0,0.20328112222512967,-1.3659120314812232,True
498,대조,0,,0.0,0.0,0.0,0.0,0.0,0.0,0.0,0,0.0,0.0,0.0,0.0,0.0,90.0,0,0,90.0,0.0,0.0,0.0,0,0.0,0.11145848676575056,-2.075929163761872,True
502,대조,0,5.0,20.0,1001.58,541.0,29.0,95.69,0.0,0.0,0,10.0,4.0,2.0,83.48,4.0,5.0,1,1,5.0,3.044522437723423,6.910331956495587,0.09553904830368018,0,0.0,0.22495648467646592,-1.2370121945196009,True
503,대조,0,2.0,20.0,656.57,1008.0,10.0,33.96,0.0,0.0,0,50.43,12.0,11.0,364.62,7.0,2.0,1,1,2.0,3.044522437723423,6.4885512222633706,0.05172335013783755,0,0.0,0.20412520619489144,-1.3607083178272306,True
507,대조,0,11.0,22.0,337.06,7808.0,14.0,26.439999999999998,0.0,0.0,0,14.66,4.0,4.0,62.77,6.0,11.0,1,1,11.0,3.1354942159291497,5.8232233945220315,0.0784430071797306,0,0.0,0.2076497785937336,-1.3391505889898354,True
508,대조,0,5.0,13.0,161.82,79.0,3.0,6.59,0.0,0.0,0,2.64,3.0,3.0,121.98,5.0,5.0,1,1,5.0,2.6390573296152584,5.0926452961458315,0.040724261525151406,0,0.0,0.1614825248424833,-1.6472384905226753,True
510,대조,0,1.0,55.0,1528.23,59797.0,33.0,66.78,0.0,0.0,1,14.51,7.0,7.0,568.61,26.0,1.0,1,1,1.0,4.02535169073515,7.332519619730793,0.04369761096170079,0,0.0,0.271270061809463,-0.9881883455085794,True
511,처치,1,4.0,44.0,638.5,25861.0,9.0,23.97,0.0,0.0,0,13.89,11.0,6.0,402.44,26.0,4.0,1,1,4.0,3.8066624897703196,6.460686621018898,0.03754111198120595,0,0.0,0.23256980718334233,-1.1938570954275014,True
513,대조,0,2.0,19.0,1319.7,584.0,5.0,31.990000000000002,0.0,0.0,1,36.74,22.0,10.0,604.73,9.0,2.0,1,1,2.0,2.995732273553991,7.185917178049759,0.024240357657043268,0,0.0,0.2282627223898787,-1.2181469213681198,True
514,대조,0,1.0,8.0,294.49,191.0,3.0,6.529999999999999,0.0,0.0,0,0.0,0.0,0.0,136.89,4.0,1.0,0,1,1.0,2.1972245773362196,5.688634995325988,0.022173927807395834,0,0.0,0.15569806542866832,-1.690591519234237,True
515,대조,0,,0.0,0.0,0.0,0.0,0.0,0.0,0.0,0,19.92,6.0,6.0,137.34,2.0,90.0,1,1,90.0,0.0,0.0,0.0,0,0.0,0.11145848676575056,-2.075929163761872,True
517,대조,0,2.0,19.0,482.21,30326.0,9.0,27.47,0.0,0.0,0,10.879999999999999,4.0,4.0,211.38,5.0,2.0,1,1,2.0,2.995732273553991,6.180451341770698,0.056966881649074055,0,0.0,0.1946465411239731,-1.4200959562221023,True
518,대조,0,5.0,8.0,260.73,102.0,3.0,7.14,0.0,0.0,1,16.64,11.0,11.0,157.76,9.0,5.0,1,1,5.0,2.1972245773362196,5.567313438044335,0.02738465078817167,0,0.0,0.16578900012199974,-1.6157704715737502,True
519,대조,0,28.0,6.0,167.61,67.0,4.0,10.36,0.0,0.0,0,0.0,0.0,0.0,21.490000000000002,2.0,28.0,0,1,28.0,1.9459101490553132,5.127588355789889,0.0618101545253863,0,0.0,0.18117567034118973,-1.5084024521912487,True
520,대조,0,4.0,28.0,615.3,356.0,4.0,14.280000000000001,0.0,0.0,0,2.0,1.0,1.0,72.02,8.0,4.0,1,1,4.0,3.367295829986474,6.423733857968197,0.023208191126279868,0,0.0,0.21498543593623576,-1.2951319845560199,True
523,대조,0,25.0,46.0,749.63,71790.0,8.0,13.61,0.0,0.0,1,0.0,0.0,0.0,0.0,0.0,25.0,0,0,25.0,3.8501476017100584,6.6209128539278,0.01815562344089751,0,0.0,0.2936484619712794,-0.8777296984574375,True
524,대조,0,3.0,18.0,878.45,422.0,11.0,33.17,0.0,0.0,0,26.35,14.0,14.0,311.21,9.0,3.0,1,1,3.0,2.9444389791664403,6.779296712078334,0.037759690363708805,0,0.0,0.20972800521248697,-1.326565705473864,True
526,대조,0,1.0,28.0,566.45,80341.0,4.0,8.870000000000001,0.0,0.0,1,9.76,6.0,6.0,378.34000000000003,17.0,1.0,1,1,1.0,3.367295829986474,6.341152639747148,0.015658928413805277,0,0.0,0.21421512610963103,-1.299702285348039,True
527,대조,0,2.0,18.0,418.05,170.0,5.0,13.55,0.0,0.0,1,12.29,5.0,4.0,216.25,9.0,2.0,1,1,2.0,2.9444389791664403,6.037990244544916,0.03241239086233704,0,0.0,0.19501611422385093,-1.4177400673539435,True
529,대조,0,6.0,20.0,527.27,289.0,28.0,72.64,0.0,0.0,0,16.46,6.0,4.0,255.25,8.0,6.0,1,1,6.0,3.044522437723423,6.2696075166407965,0.13776622982532669,0,0.0,0.21160337414696043,-1.3152876497983632,True
530,대조,0,54.0,4.0,128.37,65.0,0.0,0.0,0.0,0.0,0,1.34,1.0,1.0,271.98,8.0,54.0,1,1,54.0,1.6094379124341003,4.86267651592981,0.0,0,0.0,0.20621430989675052,-1.347897545789371,True
533,대조,0,18.0,6.0,259.17,119.0,0.0,0.0,0.0,0.0,0,10.780000000000001,5.0,5.0,320.74,7.0,18.0,1,1,18.0,1.9459101490553132,5.561335263505108,0.0,0,0.0,0.1712737680367544,-1.57662660274092,True
534,대조,0,3.0,68.0,147.52,4116.0,5.0,5.99,0.0,0.0,1,2.5,2.0,2.0,95.89,34.0,3.0,1,1,3.0,4.23410650459726,5.00071962930888,0.04060466377440347,0,0.0,0.2115750634717349,-1.3154573585108247,True
536,대조,0,7.0,17.0,374.87,222.0,12.0,24.009999999999998,0.0,0.0,0,5.54,4.0,3.0,96.99,6.0,7.0,1,1,7.0,2.8903717578961645,5.929243338925571,0.06404887027502867,0,0.0,0.19417490151722896,-1.4231074124378775,True
537,대조,0,18.0,13.0,325.19,101.0,4.0,7.49,0.0,0.0,0,13.0,11.0,6.0,176.47,6.0,18.0,1,1,18.0,2.6390573296152584,5.787480033677768,0.02303268858205972,0,0.0,0.19964540995002292,-1.3885120242679327,True
538,대조,0,7.0,5.0,161.56,79.0,5.0,16.38,0.0,0.0,0,2.5,1.0,1.0,147.36,2.0,7.0,1,1,7.0,1.791759469228055,5.091047164390117,0.10138648180242633,0,0.0,0.14544888264886258,-1.770751619242699,True
540,대조,0,2.0,6.0,101.62,38.0,6.0,22.15,0.0,0.0,1,11.77,4.0,4.0,97.64,4.0,2.0,1,1,2.0,1.9459101490553132,4.631032845513819,0.21796890375910252,0,0.0,0.1445155047935898,-1.7782811680992239,True
541,대조,0,8.0,4.0,98.67,35.0,3.0,6.01,0.0,0.0,0,0.0,0.0,0.0,28.0,1.0,8.0,0,1,8.0,1.6094379124341003,4.601864728979365,0.060910104388365256,0,0.0,0.13064236947226804,-1.8952909972989676,True
542,대조,0,4.0,20.0,453.23,24854.0,11.0,23.79,0.0,0.0,1,10.48,4.0,4.0,136.87,14.0,4.0,1,1,4.0,3.044522437723423,6.11860367768839,0.052489905787348586,0,0.0,0.20546451511466898,-1.3524843049602575,True
543,대조,0,3.0,17.0,553.29,287.0,14.0,70.45,0.0,0.0,1,10.97,4.0,4.0,195.65,5.0,3.0,1,1,3.0,2.8903717578961645,6.317688015490877,0.12732924867610115,0,0.0,0.20909498585770211,-1.3303892507891835,True
544,대조,0,22.0,10.0,48.0,28.0,3.0,5.6899999999999995,0.0,0.0,0,36.29,19.0,12.0,348.11,10.0,22.0,1,1,22.0,2.3978952727983707,3.8918202981106265,0.11854166666666666,0,0.0,0.1585096858268439,-1.6693588026044257,True
545,대조,0,5.0,7.0,398.92,242.0,9.0,28.22,0.0,0.0,0,2.0,1.0,1.0,203.82,4.0,5.0,1,1,5.0,2.0794415416798357,5.991264527105315,0.07074100070189511,0,0.0,0.16836460215330504,-1.597262242308143,True
546,대조,0,2.0,23.0,772.96,64850.0,5.0,13.3,0.0,0.0,1,33.29,21.0,12.0,452.83,20.0,2.0,1,1,2.0,3.1780538303479458,6.651520192667728,0.017206582488097703,0,0.0,0.2186035839433691,-1.273822625452128,True
548,대조,0,2.0,15.0,642.45,295.0,15.0,24.92,0.0,0.0,1,9.25,5.0,5.0,290.34,6.0,2.0,1,1,2.0,2.772588722239781,6.466844323939674,0.03878901081796249,0,0.0,0.2013418525967226,-1.377928781059391,True
549,대조,0,30.0,51.0,1195.1,521.0,34.0,142.9,0.0,0.0,0,0.0,0.0,0.0,0.0,0.0,30.0,0,0,30.0,3.9512437185814275,7.086821543055419,0.11957158396786881,0,0.0,0.32609378512675763,-0.7259059297267331,True
553,대조,0,2.0,38.0,1049.88,49096.0,19.0,38.0,0.0,0.0,1,33.92,23.0,19.0,390.73,18.0,2.0,1,1,2.0,3.6635616461296463,6.957383187383954,0.03619461271764392,0,0.0,0.24673255458069235,-1.1161153629137306,True
558,대조,0,3.0,14.0,467.94,171.0,6.0,17.65,0.0,0.0,0,3.0,2.0,2.0,207.05,6.0,3.0,1,1,3.0,2.70805020110221,6.15047482849259,0.037718510920203445,0,0.0,0.18542500858925862,-1.480015960345113,True
560,처치,1,8.0,51.0,1137.47,132002.0,21.0,49.04,0.0,0.0,1,27.98,12.0,11.0,326.23,22.0,8.0,1,1,8.0,3.9512437185814275,7.037440534695482,0.04311322496417488,0,0.0,0.27439478430052083,-0.9724381988746318,True
562,처치,1,1.0,7.0,149.69,57.0,1.0,0.89,0.0,0.0,0,0.0,0.0,0.0,42.0,3.0,1.0,0,1,1.0,2.0794415416798357,5.015224746430063,0.005945620949963258,0,0.0,0.13772875698339515,-1.834283666374864,True
563,대조,0,6.0,13.0,375.93,13417.0,10.0,46.87,0.0,0.0,0,14.600000000000001,7.0,6.0,203.79,3.0,6.0,1,1,6.0,2.6390573296152584,5.9320594938154425,0.1246774665496236,0,0.0,0.18852692946790103,-1.4596103430177343,True
566,대조,0,5.0,56.0,431.4,12043.0,10.0,27.81,0.0,0.0,0,4.38,2.0,2.0,51.93,5.0,5.0,1,1,5.0,4.04305126783455,6.069351085765053,0.06446453407510432,0,0.0,0.23347377021650423,-1.1887991802474083,True
567,처치,1,5.0,19.0,194.49,141.0,1.0,3.99,0.0,0.0,1,0.0,0.0,0.0,82.59,12.0,5.0,0,1,5.0,2.995732273553991,5.275509227222028,0.020515193583217645,0,0.0,0.18156559007275808,-1.5057762928841671,True
568,대조,0,19.0,12.0,587.72,327.0,11.0,24.91,0.0,0.0,0,63.57,28.0,25.0,544.8100000000001,7.0,19.0,1,1,19.0,2.5649493574615367,6.377950688618344,0.042384128496562985,0,0.0,0.216731757251245,-1.2848147734665099,True
569,대조,0,1.0,19.0,1538.72,537.0,21.0,89.62,0.0,0.0,1,15.870000000000001,4.0,4.0,434.84000000000003,7.0,1.0,1,1,1.0,2.995732273553991,7.339355860694927,0.05824321513985651,0,0.0,0.23332678411124355,-1.189620677789532,True
570,대조,0,60.0,4.0,192.5,62.0,2.0,6.87,0.0,0.0,0,3.0,3.0,1.0,83.34,2.0,60.0,1,1,60.0,1.6094379124341003,5.2652775124698366,0.035688311688311686,0,0.0,0.23213052772384712,-1.1963199277747805,True
572,처치,1,46.0,1.0,6.6899999999999995,3.0,1.0,2.0,0.0,0.0,0,0.0,0.0,0.0,0.0,0.0,46.0,0,0,46.0,0.6931471805599453,2.0399207835175526,0.29895366218236175,0,0.0,0.1219861771537617,-1.973754600776073,True
573,대조,0,9.0,14.0,491.73,183.0,2.0,12.36,0.0,0.0,0,6.5,3.0,2.0,313.18,8.0,9.0,1,1,9.0,2.70805020110221,6.199961356675353,0.02513574522603868,0,0.0,0.1965545278357896,-1.4079694318180704,True
574,대조,0,3.0,15.0,756.87,34072.0,17.0,39.61,0.0,0.0,1,25.45,15.0,14.0,271.34,4.0,3.0,1,1,3.0,2.772588722239781,6.630511866976103,0.052333954311836905,0,0.0,0.20861895729614977,-1.3332701574031256,True
575,처치,1,1.0,53.0,1744.42,50134.0,18.0,45.56,0.0,0.0,1,57.47,16.0,11.0,854.49,25.0,1.0,1,1,1.0,3.9889840465642745,7.464750493354978,0.026117563430825146,0,0.0,0.2727420254094024,-0.9807548761632296,True
576,처치,1,2.0,33.0,487.38,8505.0,3.0,7.5,0.0,0.0,1,19.97,7.0,6.0,284.55,15.0,2.0,1,1,2.0,3.5263605246161616,6.191093791357123,0.015388403299273667,0,0.0,0.21733719166178753,-1.2812519364005381,True
577,대조,0,1.0,11.0,1160.57,406.0,23.0,81.89,0.0,0.0,0,20.79,8.0,8.0,220.82,2.0,1.0,1,1,1.0,2.4849066497880004,7.057527817290742,0.07056015578551919,0,0.0,0.20064805323668417,-1.382248938459167,True
578,대조,0,6.0,8.0,251.94,70.0,3.0,11.870000000000001,0.0,0.0,1,5.52,2.0,2.0,122.18,5.0,6.0,1,1,6.0,2.1972245773362196,5.53315230645183,0.04711439231563071,0,0.0,0.16774263944062184,-1.6017108238438857,True
580,대조,0,10.0,10.0,140.13,38.0,0.0,0.0,0.0,0.0,0,3.77,2.0,2.0,50.02,5.0,10.0,1,1,10.0,2.3978952727983707,4.949681451425915,0.0,0,0.0,0.15713626256534705,-1.679691961525575,True
581,대조,0,11.0,6.0,255.18,135.0,7.0,25.11,0.0,0.0,0,20.46,8.0,6.0,226.48,7.0,11.0,1,1,11.0,1.9459101490553132,5.54588032240299,0.09840112861509522,0,0.0,0.1654230165871966,-1.6184190597656674,True
582,대조,0,2.0,33.0,1060.14,12867.0,9.0,30.96,0.0,0.0,1,26.12,11.0,7.0,291.83,9.0,2.0,1,1,2.0,3.5263605246161616,6.9670990808988496,0.029203690078668854,0,0.0,0.24136137583827844,-1.145230247822961,True
583,처치,1,1.0,8.0,152.02,40.0,1.0,0.88,0.0,0.0,1,16.47,7.0,5.0,453.11,16.0,1.0,1,1,1.0,2.1972245773362196,5.030568631803706,0.005788712011577424,0,0.0,0.14667396300765936,-1.7609295135830298,True
584,대조,0,2.0,16.0,405.98,67357.0,0.0,0.0,0.0,0.0,0,0.0,0.0,0.0,175.34,9.0,2.0,0,1,2.0,2.833213344056216,6.0087640441860435,0.0,0,0.0,0.18156572359434203,-1.5057753943513872,True
586,대조,0,2.0,24.0,513.42,22520.0,13.0,47.24,0.0,0.0,1,21.64,9.0,8.0,190.95,10.0,2.0,1,1,2.0,3.2188758248682006,6.243040052416426,0.09201043979587863,0,0.0,0.21371553596659765,-1.3026727809097216,True
588,대조,0,3.0,28.0,1078.06,17529.0,15.0,39.6,0.0,0.0,1,50.79,35.0,29.0,955.29,27.0,3.0,1,1,3.0,3.367295829986474,6.983845570755679,0.03673264938871677,0,0.0,0.23866854029848375,-1.1599930924428994,True
591,대조,0,2.0,52.0,2164.01,799.0,32.0,94.62,0.0,0.0,0,45.28,24.0,19.0,868.0,23.0,2.0,1,1,2.0,3.970291913552122,7.680180259363567,0.043724382049990525,0,0.0,0.273593774771167,-0.9764649647637945,True
594,대조,0,4.0,31.0,640.46,11092.0,7.0,11.1,0.0,0.0,0,0.0,0.0,0.0,131.87,14.0,4.0,0,1,4.0,3.4657359027997265,6.463746828253464,0.017331293133060612,0,0.0,0.21909745526776914,-1.2709337273249697,True
595,대조,0,3.0,18.0,242.09,117.0,1.0,1.19,0.0,0.0,1,14.0,10.0,8.0,222.45,11.0,3.0,1,1,3.0,2.9444389791664403,5.493431745140744,0.00491552728324177,0,0.0,0.18106244837504218,-1.5091658409965283,True
596,대조,0,3.0,21.0,519.74,196.0,2.0,4.5,0.0,0.0,1,2.33,1.0,1.0,163.1,9.0,3.0,1,1,3.0,3.091042453358316,6.255250876884208,0.008658175241466887,0,0.0,0.20586363184392262,-1.3500412265644792,True
597,대조,0,3.0,16.0,312.11,169.0,12.0,24.67,0.0,0.0,1,26.35,16.0,14.0,502.28000000000003,14.0,3.0,1,1,3.0,2.833213344056216,5.74655456650007,0.07904264522123611,0,0.0,0.18875855235661543,-1.458097028165325,True
598,처치,1,1.0,27.0,249.75,102.0,0.0,0.0,0.0,0.0,1,3.69,1.0,1.0,238.41,17.0,1.0,1,1,1.0,3.332204510175204,5.524456426842045,0.0,0,0.0,0.18993399642717634,-1.4504391056568857,True
600,대조,0,1.0,6.0,78.75,4379.0,1.0,4.0,0.0,0.0,0,1.25,1.0,1.0,193.89000000000001,6.0,1.0,1,1,1.0,1.9459101490553132,4.378896741664954,0.050793650793650794,0,0.0,0.12463079185573867,-1.9492900480548814,True
601,대조,0,1.0,8.0,591.3000000000001,12020.0,12.0,38.910000000000004,0.0,0.0,1,7.0,5.0,4.0,300.16,2.0,1.0,1,1,1.0,2.1972245773362196,6.384013263282919,0.06580416032470827,0,0.0,0.18114584733377903,-1.5086034950536136,True
603,처치,1,2.0,41.0,1136.9,116148.0,17.0,45.97,0.0,0.0,0,19.060000000000002,7.0,7.0,493.19,25.0,2.0,1,1,2.0,3.7376696182833684,7.036939737362963,0.040434514908962965,0,0.0,0.24361968777444412,-1.132935955525329,True
604,대조,0,4.0,9.0,433.03000000000003,176.0,0.0,0.0,0.0,0.0,0,0.0,0.0,0.0,0.0,0.0,4.0,0,0,4.0,2.302585092994046,6.073113656135385,0.0,0,0.0,0.17086364927242784,-1.5795187520035225,True
605,대조,0,1.0,9.0,301.35,171.0,7.0,15.76,0.0,0.0,1,13.49,5.0,5.0,198.01,6.0,1.0,1,1,1.0,2.302585092994046,5.711585286719222,0.05229799236767877,0,0.0,0.16717820930514457,-1.605759317503301,True
606,대조,0,7.0,13.0,426.78000000000003,11288.0,17.0,30.52,0.0,0.0,1,8.17,3.0,3.0,210.36,6.0,7.0,1,1,7.0,2.6390573296152584,6.058609044737312,0.07151225455738319,0,0.0,0.1974625393917161,-1.4022296414156106,True
607,대조,0,1.0,80.0,1142.63,68796.0,21.0,41.4,0.0,0.0,1,13.58,7.0,6.0,354.03,25.0,1.0,1,1,1.0,4.394449154672439,7.041962693052662,0.036232201149978556,0,0.0,0.2758241731185847,-0.9652706089159356,True
608,대조,0,11.0,38.0,686.22,327.0,11.0,37.28,0.0,0.0,1,25.02,11.0,9.0,394.42,19.0,11.0,1,1,11.0,3.6635616461296463,6.532654473855391,0.054326600798577714,0,0.0,0.25422020525947053,-1.0762295340412007,True
609,처치,1,4.0,16.0,131.33,80.0,9.0,21.9,0.0,0.0,1,2.99,1.0,1.0,68.22,7.0,4.0,1,1,4.0,2.833213344056216,4.885298802784958,0.16675550140866516,0,0.0,0.1744700021005212,-1.5542727826352845,True
612,대조,0,4.0,12.0,185.41,3330.0,1.0,2.33,0.0,0.0,0,5.32,2.0,2.0,198.4,11.0,4.0,1,1,4.0,2.5649493574615367,5.227948548881154,0.012566743972817,0,0.0,0.15937488815917744,-1.6628865816689329,True
614,대조,0,2.0,5.0,109.06,62.0,3.0,8.48,0.0,0.0,1,10.99,6.0,5.0,224.09,8.0,2.0,1,1,2.0,1.791759469228055,4.701025671631613,0.07775536401980561,0,0.0,0.13509087176287685,-1.8566767711907597,True
618,대조,0,2.0,94.0,785.55,68054.0,2.0,4.859999999999999,0.0,0.0,0,2.5,1.0,1.0,358.93,47.0,2.0,1,1,2.0,4.553876891600541,6.6676562932685135,0.006186748138247088,0,0.0,0.2604066465949292,-1.0438560781630826,True
621,대조,0,3.0,19.0,278.15000000000003,99.0,13.0,21.02,0.0,0.0,1,6.13,7.0,4.0,150.94,7.0,3.0,1,1,3.0,2.995732273553991,5.6317492717563695,0.07557073521481214,0,0.0,0.1906364241748265,-1.4458801543143012,True
622,대조,0,5.0,12.0,266.97,105.0,4.0,11.49,0.0,0.0,1,8.69,4.0,3.0,105.05,8.0,5.0,1,1,5.0,2.5649493574615367,5.590875033946567,0.04303854365659063,0,0.0,0.17789002811064625,-1.5307086321013366,True
623,대조,0,3.0,29.0,1212.05,53296.0,9.0,24.0,0.0,0.0,1,11.95,11.0,5.0,489.87,9.0,3.0,1,1,3.0,3.4011973816621555,7.100893128209941,0.019801163318344955,0,0.0,0.2422115987529736,-1.1405924735181376,True
624,처치,1,7.0,24.0,547.2,35612.0,6.0,8.0,0.0,0.0,1,18.240000000000002,8.0,8.0,345.34,12.0,7.0,1,1,7.0,3.2188758248682006,6.306640183868685,0.014619883040935672,0,0.0,0.21977380268810268,-1.266985026372597,True
631,처치,1,2.0,70.0,1290.31,132443.0,23.0,65.81,0.0,0.0,1,25.18,12.0,12.0,411.31,28.0,2.0,1,1,2.0,4.2626798770413155,7.163412485956439,0.051003247281661,0,0.0,0.27810335649777046,-0.9538891450428838,True
632,대조,0,4.0,18.0,780.01,38358.0,25.0,63.27,0.0,0.0,0,31.9,9.0,9.0,259.78,14.0,4.0,1,1,4.0,2.9444389791664403,6.660587953855026,0.08111434468788863,0,0.0,0.2113561760475265,-1.3167700432578373,True
633,대조,0,1.0,29.0,1140.01,42900.0,26.0,86.59,0.0,0.0,0,30.939999999999998,8.0,7.0,324.25,12.0,1.0,1,1,1.0,3.4011973816621555,7.039669114065563,0.07595547407478882,0,0.0,0.2319629710482678,-1.1972601953891786,True
634,대조,0,6.0,5.0,268.95,128.0,9.0,32.11,0.0,0.0,0,27.86,13.0,7.0,287.85,6.0,6.0,1,1,6.0,1.791759469228055,5.598236756664296,0.11939022123071204,0,0.0,0.15583053383817233,-1.689584168507315,True
635,대조,0,4.0,12.0,79.94,44.0,1.0,5.24,0.0,0.0,0,0.0,0.0,0.0,18.2,2.0,4.0,0,1,4.0,2.5649493574615367,4.393708139447719,0.06554916187140356,0,0.0,0.1442263306791764,-1.7806221296698035,True
636,대조,0,5.0,27.0,680.32,596.0,28.0,69.22,0.0,0.0,0,24.87,13.0,9.0,380.91,10.0,5.0,1,1,5.0,3.332204510175204,6.5240320929923765,0.10174623706491062,0,0.0,0.22427600719761542,-1.2409193091961337,True
637,대조,0,1.0,6.0,135.49,76.0,5.0,16.07,0.0,0.0,0,1.99,1.0,1.0,34.82,2.0,1.0,1,1,1.0,1.9459101490553132,4.916251351868104,0.11860653922798729,0,0.0,0.13816279071067364,-1.8306337677400126,True
638,대조,0,5.0,12.0,665.29,18703.0,5.0,11.780000000000001,0.0,0.0,0,67.24000000000001,26.0,20.0,886.95,18.0,5.0,1,1,5.0,2.5649493574615367,6.5017250112013265,0.01770656405477311,0,0.0,0.19224700979001816,-1.435475252091314,True
639,대조,0,,0.0,0.0,0.0,0.0,0.0,0.0,0.0,0,0.0,0.0,0.0,0.0,0.0,90.0,0,0,90.0,0.0,0.0,0.0,0,0.0,0.11145848676575056,-2.075929163761872,True
640,대조,0,6.0,27.0,624.15,40251.0,8.0,15.06,0.0,0.0,0,12.93,10.0,9.0,243.01,11.0,6.0,1,1,6.0,3.332204510175204,6.437991620941009,0.024128815188656574,0,0.0,0.21815409529705673,-1.2764559960756916,True
641,처치,1,3.0,57.0,1967.34,810.0,44.0,119.6,0.0,0.0,0,54.75,30.0,21.0,963.63,28.0,3.0,1,1,3.0,4.060443010546419,7.584945826917821,0.06079274553457969,0,0.0,0.2777802034833124,-0.9554993538507981,True
642,대조,0,5.0,12.0,229.13,75.0,4.0,13.95,0.0,0.0,0,21.0,8.0,7.0,208.75,8.0,5.0,1,1,5.0,2.5649493574615367,5.4386443666393145,0.060882468467682097,0,0.0,0.16857913234272826,-1.595730858224544,True
644,대조,0,1.0,49.0,746.95,56075.0,16.0,33.46,0.0,0.0,1,15.44,13.0,10.0,350.74,25.0,1.0,1,1,1.0,3.912023005428146,6.61733613082047,0.04479550170694156,0,0.0,0.24403016938354616,-1.130709606126931,True
646,대조,0,16.0,10.0,460.93,47043.0,12.0,21.21,0.0,0.0,0,1.34,1.0,1.0,37.07,3.0,16.0,1,1,16.0,2.3978952727983707,6.135413364450644,0.04601566398368516,0,0.0,0.19903093899209204,-1.3923620359020907,True
647,대조,0,5.0,17.0,763.36,62569.0,9.0,31.98,0.0,0.0,1,11.98,6.0,4.0,235.0,6.0,5.0,1,1,5.0,2.8903717578961645,6.63903888237317,0.04189373297002725,0,0.0,0.21596412651275648,-1.289342463370889,True
650,처치,1,18.0,8.0,109.85000000000001,59.0,1.0,1.77,0.0,0.0,0,7.42,6.0,4.0,235.15,11.0,18.0,1,1,18.0,2.1972245773362196,4.70817793606232,0.016112881201638597,0,0.0,0.15948221925790942,-1.6620856695788515,True
653,대조,0,1.0,61.0,2362.81,294110.0,30.0,104.17,0.0,0.0,0,24.67,13.0,10.0,934.17,22.0,1.0,1,1,1.0,4.127134385045092,7.768030003045544,0.04408733668809595,0,0.0,0.28064072461218964,-0.9412856293440617,True
654,처치,1,11.0,16.0,358.17,203.0,7.0,11.57,0.0,0.0,0,16.48,3.0,3.0,195.51,10.0,11.0,1,1,11.0,2.833213344056216,5.883795814009186,0.03230309629505542,0,0.0,0.19629158621383136,-1.4096352954900409,True
656,대조,0,23.0,12.0,568.9300000000001,260.0,15.0,47.62,0.0,0.0,0,8.0,4.0,3.0,96.38,2.0,23.0,1,1,23.0,2.5649493574615367,6.345513546269653,0.08370098254618318,0,0.0,0.22672721388419087,-1.2268842852022215,True
660,대조,0,5.0,24.0,1191.19,57572.0,21.0,68.45,0.0,0.0,1,58.730000000000004,33.0,19.0,566.74,12.0,5.0,1,1,5.0,3.2188758248682006,7.0835472308962615,0.057463544858502844,0,0.0,0.2420216001931864,-1.141627909769109,True
661,대조,0,2.0,35.0,1316.04,408.0,6.0,22.79,0.0,0.0,1,33.17,8.0,8.0,555.29,30.0,2.0,1,1,2.0,3.58351893845611,7.183142073339766,0.017317102823622383,0,0.0,0.24929335453008797,-1.1023846232477947,True
662,대조,0,64.0,5.0,168.43,67.0,2.0,27.98,0.0,0.0,0,1.0,1.0,1.0,28.450000000000003,2.0,64.0,1,1,64.0,1.791759469228055,5.132439862170015,0.16612242474618535,0,0.0,0.25334527560622405,-1.0808495778855194,True
663,대조,0,19.0,10.0,317.58,184.0,10.0,16.11,0.0,0.0,0,45.71,29.0,5.0,199.84,9.0,19.0,1,1,19.0,2.3978952727983707,5.763873620866492,0.050727375779331195,0,0.0,0.19494145613468736,-1.4182157115358391,True
665,처치,1,47.0,3.0,63.43,18.0,2.0,11.16,0.0,0.0,0,0.0,0.0,0.0,1.49,1.0,47.0,0,1,47.0,1.3862943611198906,4.1655793631505516,0.17594198328866467,0,0.0,0.17994341485955842,-1.5167309045694959,True
669,처치,1,12.0,11.0,1175.42,396.0,13.0,41.730000000000004,0.0,0.0,0,16.16,10.0,7.0,1031.57,10.0,12.0,1,1,12.0,2.4849066497880004,7.070231207555386,0.035502203467696655,0,0.0,0.21954970311946181,-1.268292412017055,True
670,처치,1,7.0,26.0,797.62,28484.0,33.0,135.13,0.0,0.0,1,31.36,12.0,10.0,253.55,10.0,7.0,1,1,7.0,3.295836866004329,6.682885238142227,0.16941651412953537,0,0.0,0.24541310202389846,-1.123227523174539,True
671,대조,0,3.0,27.0,1199.4,165807.0,9.0,24.61,0.0,0.0,1,0.0,0.0,0.0,274.42,7.0,3.0,0,1,3.0,3.332204510175204,7.090410113566212,0.020518592629648155,0,0.0,0.23938865325541056,-1.1560341181258118,True
672,대조,0,9.0,14.0,295.83,195.0,17.0,34.74,0.0,0.0,1,31.540000000000003,23.0,16.0,350.77,16.0,9.0,1,1,9.0,2.70805020110221,5.693159584352287,0.11743230909644053,0,0.0,0.19666460851680345,-1.4072725168174878,True
674,처치,1,25.0,13.0,533.24,237.0,12.0,36.42,0.0,0.0,0,16.47,6.0,5.0,270.24,5.0,25.0,1,1,25.0,2.6390573296152584,6.280845176195345,0.06829945240417074,0,0.0,0.23037844165887994,-1.206175556101685,True
675,대조,0,6.0,23.0,494.45,24833.0,6.0,12.17,0.0,0.0,1,26.02,9.0,6.0,316.26,15.0,6.0,1,1,6.0,3.1780538303479458,6.2054664405049085,0.024613206593184347,0,0.0,0.2142418388987931,-1.2995435967428688,True
676,대조,0,2.0,28.0,858.54,475.0,12.0,61.36,0.0,0.0,0,50.269999999999996,22.0,15.0,800.85,31.0,2.0,1,1,2.0,3.367295829986474,6.756397362425295,0.07147017028909544,0,0.0,0.22408009018104713,-1.2420457724586087,True
679,대조,0,30.0,9.0,185.02,70.0,1.0,2.88,0.0,0.0,0,9.51,4.0,3.0,399.62,4.0,30.0,1,1,30.0,2.302585092994046,5.225854194814321,0.015565884769214137,0,0.0,0.1952838492064967,-1.416035470420263,True
680,대조,0,1.0,15.0,405.62,207.0,6.0,16.3,0.0,0.0,1,23.02,16.0,12.0,353.14,7.0,1.0,1,1,1.0,2.772588722239781,6.007879088376076,0.04018539519747547,0,0.0,0.18757206174487262,-1.4658641180114123,True
681,처치,1,12.0,6.0,309.95,106.0,18.0,77.91,0.0,0.0,0,34.07,14.0,12.0,158.48,4.0,12.0,1,1,12.0,1.9459101490553132,5.739632127549898,0.2513631230843684,0,0.0,0.18091656330184414,-1.510150006223642,True
682,처치,1,18.0,51.0,773.15,101270.0,13.0,35.25,0.0,0.0,1,0.0,0.0,0.0,0.0,0.0,18.0,0,0,18.0,3.9512437185814275,6.651765653262846,0.04559270516717325,0,0.0,0.28474010877852624,-0.9210690956623749,True
684,대조,0,7.0,15.0,238.01000000000002,10275.0,10.0,25.53,0.0,0.0,0,14.0,7.0,7.0,159.65,8.0,7.0,1,1,7.0,2.772588722239781,5.476505392060385,0.10726440065543465,0,0.0,0.1817107140082662,-1.5047999854031493,True
685,대조,0,3.0,18.0,599.95,291.0,7.0,13.96,0.0,0.0,1,1.34,1.0,1.0,271.59999999999997,13.0,3.0,1,1,3.0,2.9444389791664403,6.398511736398798,0.023268605717143096,0,0.0,0.2059392895755625,-1.3495785052602605,True
687,대조,0,10.0,9.0,274.29,107.0,1.0,2.0,0.0,0.0,0,5.5,4.0,3.0,161.87,2.0,10.0,1,1,10.0,2.302585092994046,5.617825087478658,0.0072915527361551635,0,0.0,0.17025396126556275,-1.5838284644372198,True
688,대조,0,41.0,2.0,154.04,54.0,2.0,9.01,0.0,0.0,1,0.0,0.0,0.0,49.27,1.0,41.0,0,1,41.0,1.0986122886681098,5.043683148142456,0.05849130096078941,0,0.0,0.18256288853800445,-1.4990792635448627,True
690,대조,0,5.0,28.0,509.25,16464.0,7.0,18.8,0.0,0.0,1,7.0,6.0,3.0,413.71,21.0,5.0,1,1,5.0,3.367295829986474,6.234900801689954,0.036917034855179186,0,0.0,0.2205293847169426,-1.262584040878136,True
691,처치,1,20.0,10.0,403.03000000000003,205.0,13.0,35.88,0.0,0.0,0,0.0,0.0,0.0,32.65,2.0,20.0,0,1,20.0,2.3978952727983707,6.001489132629946,0.08902563084633898,0,0.0,0.205747696500971,-1.3507505294910633,True
692,대조,0,7.0,11.0,359.24,19038.0,3.0,5.22,0.0,0.0,1,1.0,1.0,1.0,222.49,7.0,7.0,1,1,7.0,2.4849066497880004,5.886770475993316,0.014530675871283821,0,0.0,0.184486075026346,-1.4862445107765139,True
693,처치,1,2.0,27.0,839.22,325.0,21.0,61.58,0.0,0.0,1,47.9,29.0,19.0,444.68,17.0,2.0,1,1,2.0,3.332204510175204,6.733663762308199,0.07337766020828865,0,0.0,0.23055152952167124,-1.2051995932357704,True
694,대조,0,2.0,53.0,544.24,271.0,15.0,29.310000000000002,0.0,0.0,0,15.81,6.0,6.0,256.56,23.0,2.0,1,1,2.0,3.9889840465642745,6.301226064702642,0.05385491694840512,0,0.0,0.23150755718042837,-1.1998182118523804,True
695,대조,0,3.0,26.0,485.96,24198.0,2.0,4.18,0.0,0.0,1,51.39,30.0,15.0,565.16,10.0,3.0,1,1,3.0,3.295836866004329,6.188181984185669,0.008601530990204954,0,0.0,0.21084979710797294,-1.3198106560124239,True
696,대조,0,4.0,38.0,1896.6200000000001,94844.0,41.0,115.66,0.0,0.0,1,24.57,8.0,6.0,585.36,18.0,4.0,1,1,4.0,3.6635616461296463,7.54835574837687,0.06098216827830561,0,0.0,0.27219287139832943,-0.9835251788196585,True
697,대조,0,9.0,9.0,601.97,27280.0,14.0,41.22,0.0,0.0,0,2.67,2.0,2.0,138.37,3.0,9.0,1,1,9.0,2.302585092994046,6.40186744424577,0.06847517318138777,0,0.0,0.1918450686240413,-1.4380656748611549,True
698,처치,1,1.0,22.0,166.59,75.0,2.0,22.93,0.0,0.0,0,6.279999999999999,4.0,4.0,63.92,14.0,1.0,1,1,1.0,3.1354942159291497,5.121520520396782,0.13764331592532564,0,0.0,0.17550841370936135,-1.547079954206726,True
699,대조,0,3.0,23.0,1427.22,151482.0,16.0,63.120000000000005,0.0,0.0,1,48.160000000000004,14.0,12.0,789.4,16.0,3.0,1,1,3.0,3.1780538303479458,7.264184192657906,0.04422583764240972,0,0.0,0.24082538485417818,-1.1481596837085317,True
700,대조,0,2.0,8.0,334.25,149.0,4.0,10.58,0.0,0.0,0,0.0,0.0,0.0,0.0,0.0,2.0,0,0,2.0,2.1972245773362196,5.8148765221617875,0.03165295437546747,0,0.0,0.160579705048308,-1.6539211045687943,True
702,대조,0,3.0,29.0,681.48,26670.0,6.0,21.34,0.0,0.0,0,25.07,13.0,6.0,450.40000000000003,18.0,3.0,1,1,3.0,3.4011973816621555,6.525733222600439,0.03131419850912719,0,0.0,0.21767890811482107,-1.2792441812526725,True
703,대조,0,5.0,21.0,1119.86,90548.0,17.0,56.6,0.0,0.0,0,33.86,13.0,13.0,620.12,10.0,5.0,1,1,5.0,3.091042453358316,7.021851526780525,0.050542032039719256,0,0.0,0.22657187135698997,-1.227770541197326,True
705,대조,0,7.0,7.0,150.18,63.0,3.0,6.77,0.0,0.0,0,1.77,1.0,1.0,78.73,6.0,7.0,1,1,7.0,2.0794415416798357,5.018471179864031,0.045079238247436405,0,0.0,0.1482651477722362,-1.7482730622152856,True
706,처치,1,12.0,15.0,408.87,170.0,9.0,33.51,0.0,0.0,1,23.29,10.0,8.0,202.15,5.0,12.0,1,1,12.0,2.772588722239781,6.015840036249296,0.0819575904321667,0,0.0,0.21074660904492848,-1.3204309170444566,True
707,대조,0,1.0,82.0,3096.41,300247.0,58.0,170.94,0.0,0.0,1,52.11,21.0,18.0,865.58,23.0,1.0,1,1,1.0,4.418840607796598,8.0383215573911,0.055205867440035396,0,0.0,0.3132085062991927,-0.7851616204688171,True
708,처치,1,21.0,9.0,412.78000000000003,193.0,6.0,20.46,0.0,0.0,1,3.9699999999999998,2.0,2.0,175.36,4.0,21.0,1,1,21.0,2.302585092994046,6.0253344316155975,0.04956635495905809,0,0.0,0.2101261629545653,-1.324165106467235,True
709,대조,0,3.0,21.0,616.41,318.0,14.0,20.19,0.0,0.0,0,24.05,14.0,10.0,533.08,11.0,3.0,1,1,3.0,3.091042453358316,6.425533308891862,0.03275417335864117,0,0.0,0.2045138823298642,-1.3583175391185052,True
710,처치,1,2.0,24.0,471.54,271.0,9.0,24.91,0.0,0.0,0,11.66,5.0,5.0,140.41,6.0,2.0,1,1,2.0,3.2188758248682006,6.15812239943533,0.05282690757942062,0,0.0,0.20095217921831646,-1.3803538293496442,True
712,처치,1,1.0,38.0,1561.46,30329.0,55.0,184.09,0.0,0.0,1,69.59,32.0,26.0,903.34,21.0,1.0,1,1,1.0,3.6635616461296463,7.354016781282871,0.11789607162527378,0,0.0,0.26371589405010415,-1.0267436929932754,True
714,대조,0,6.0,37.0,593.19,294.0,10.0,43.980000000000004,0.0,0.0,1,1.5,1.0,1.0,182.92,12.0,6.0,1,1,6.0,3.6375861597263857,6.387199133536505,0.07414150609416882,0,0.0,0.2395583043095796,-1.1551026139840856,True
715,대조,0,3.0,21.0,389.96,11159.0,2.0,2.44,0.0,0.0,1,7.62,7.0,6.0,171.78,11.0,3.0,1,1,3.0,3.091042453358316,5.9686052529619,0.006257052005333881,0,0.0,0.19795090744553914,-1.3991507608969775,True
716,대조,0,1.0,12.0,188.39000000000001,119.0,9.0,27.13,0.0,0.0,1,0.0,0.0,0.0,38.56,3.0,1.0,0,1,1.0,2.5649493574615367,5.243808381047644,0.14400976697276924,0,0.0,0.16902484579931099,-1.5925541750518415,True
720,대조,0,7.0,19.0,214.68,63.0,2.0,11.98,0.0,0.0,0,8.79,1.0,1.0,131.91,8.0,7.0,1,1,7.0,2.995732273553991,5.373795827723942,0.0558039873299795,0,0.0,0.18266081964393707,-1.4984231736231735,True
722,대조,0,2.0,16.0,998.92,7928.0,16.0,57.25,0.0,0.0,1,17.99,1.0,1.0,212.16,5.0,2.0,1,1,2.0,2.833213344056216,6.907675275781966,0.057311896848596486,0,0.0,0.21688941968592035,-1.283886275517847,True
725,대조,0,5.0,17.0,515.73,431.0,15.0,29.45,0.0,0.0,1,44.27,41.0,24.0,351.57,12.0,5.0,1,1,5.0,2.8903717578961645,6.247520494377951,0.05710352316134411,0,0.0,0.20609070185062744,-1.3486528485214915,True
726,대조,0,1.0,4.0,114.56,59.0,4.0,9.66,0.0,0.0,0,5.78,2.0,2.0,55.96,2.0,1.0,1,1,1.0,1.6094379124341003,4.749789875598035,0.08432262569832402,0,0.0,0.1255197939070434,-1.9411661931502822,True
727,대조,0,5.0,14.0,594.32,267.0,15.0,47.69,0.0,0.0,0,32.379999999999995,18.0,12.0,432.36,7.0,5.0,1,1,5.0,2.70805020110221,6.389099076100958,0.08024296675191815,0,0.0,0.19795870251450695,-1.399101663883772,True
728,대조,0,1.0,85.0,2317.86,181633.0,27.0,111.26,0.0,0.0,0,47.93,11.0,9.0,718.34,27.0,1.0,1,1,1.0,4.454347296253507,7.748830964583634,0.04800117349624222,0,0.0,0.29389489687706694,-0.876541887884768,True
729,대조,0,1.0,3.0,202.9,84.0,2.0,7.390000000000001,0.0,0.0,0,0.0,0.0,0.0,21.26,2.0,1.0,0,1,1.0,1.3862943611198906,5.31762967758041,0.036421882700837856,0,0.0,0.12884297245036824,-1.911227849753568,True
730,처치,1,4.0,7.0,77.34,34.0,1.0,4.19,0.0,0.0,0,35.94,13.0,5.0,104.62,5.0,4.0,1,1,4.0,2.0794415416798357,4.361058328237685,0.05417636410654254,0,0.0,0.13132616072340347,-1.8892837206590336,True
731,대조,0,1.0,45.0,464.56,41070.0,2.0,2.0,0.0,0.0,1,9.73,9.0,5.0,142.62,6.0,1.0,1,1,1.0,3.828641396489095,6.143240982073776,0.004305148958153952,0,0.0,0.22371027563118898,-1.2441740043339793,True
732,대조,0,8.0,16.0,512.51,18882.0,12.0,32.47,0.0,0.0,1,10.18,6.0,4.0,170.56,4.0,8.0,1,1,8.0,2.833213344056216,6.241269503375682,0.06335486136855865,0,0.0,0.2101291258210863,-1.324147255079611,True
733,대조,0,3.0,10.0,217.55,150.0,0.0,0.0,0.0,0.0,1,7.17,2.0,2.0,148.63,5.0,3.0,1,1,3.0,2.3978952727983707,5.387014821309323,0.0,0,0.0,0.16248346553067408,-1.6398647601418959,True
734,대조,0,2.0,7.0,214.13,85.0,7.0,20.4,0.0,0.0,0,0.0,0.0,0.0,12.59,1.0,2.0,0,1,2.0,2.0794415416798357,5.371242496562593,0.09526922897305375,0,0.0,0.1511619476318688,-1.7255166541072862,True
737,처치,1,23.0,8.0,150.20000000000002,68.0,4.0,10.88,0.0,0.0,0,0.0,0.0,0.0,103.05,4.0,23.0,0,1,23.0,2.1972245773362196,5.018603463745433,0.07243675099866843,0,0.0,0.17816752073141362,-1.5288123423629727,True
738,대조,0,12.0,27.0,400.98,185.0,6.0,18.2,0.0,0.0,0,35.26,22.0,10.0,424.62,14.0,12.0,1,1,12.0,3.332204510175204,5.9964023361376055,0.045388797446256665,0,0.0,0.21881259444484027,-1.2725994466120545,True
740,대조,0,3.0,9.0,878.07,461.0,18.0,58.230000000000004,0.0,0.0,1,33.57,19.0,9.0,581.1,10.0,3.0,1,1,3.0,2.302585092994046,6.778864530464347,0.06631589736581366,0,0.0,0.19817090715545277,-1.3977656581343685,True
741,대조,0,3.0,3.0,160.31,64.0,0.0,0.0,0.0,0.0,1,0.0,0.0,0.0,153.89000000000001,4.0,3.0,0,1,3.0,1.3862943611198906,5.083327979489696,0.0,0,0.0,0.1305774630070065,-1.895862603765227,True
742,대조,0,2.0,78.0,913.0,22682.0,11.0,32.21,0.0,0.0,1,5.67,3.0,3.0,139.05,18.0,2.0,1,1,2.0,4.3694478524670215,6.81783057145415,0.03527929901423878,0,0.0,0.26956229365368833,-0.9968444432684122,True
743,대조,0,10.0,8.0,182.76,6991.0,1.0,1.67,0.0,0.0,0,25.46,12.0,7.0,275.03000000000003,7.0,10.0,1,1,10.0,2.1972245773362196,5.213630558380843,0.00913766688553294,0,0.0,0.15812649069005255,-1.6722344897582353,True
744,대조,0,4.0,18.0,328.14,6820.0,4.0,10.99,0.0,0.0,0,10.68,5.0,4.0,368.79,12.0,4.0,1,1,4.0,2.9444389791664403,5.796483192167237,0.03349180227951484,0,0.0,0.18515929841192125,-1.4817761088973382,True
745,대조,0,3.0,28.0,946.62,538.0,20.0,56.25,0.0,0.0,0,35.42,15.0,13.0,348.40000000000003,11.0,3.0,1,1,3.0,3.367295829986474,6.8539535780137815,0.05942194333523484,0,0.0,0.22807172904153,-1.2192314519045944,True
747,대조,0,1.0,27.0,251.0,165.0,4.0,13.97,0.0,0.0,0,3.34,3.0,3.0,88.86,11.0,1.0,1,1,1.0,3.332204510175204,5.529429087511423,0.05565737051792829,0,0.0,0.18645700622455968,-1.4731980927510737,True
748,대조,0,4.0,9.0,417.16,186.0,4.0,18.490000000000002,0.0,0.0,1,0.0,0.0,0.0,0.0,0.0,4.0,0,0,4.0,2.302585092994046,6.035864134404666,0.04432352095119379,0,0.0,0.17943515126799484,-1.5201790746540058,True
749,대조,0,3.0,10.0,128.28,69.0,1.0,4.0,0.0,0.0,0,6.25,6.0,3.0,83.32000000000001,6.0,3.0,1,1,3.0,2.3978952727983707,4.861980594772786,0.031181789834736514,0,0.0,0.146559641417146,-1.7618432068949823,True
752,대조,0,9.0,17.0,472.05,39690.0,5.0,13.46,0.0,0.0,1,17.02,8.0,5.0,496.21000000000004,8.0,9.0,1,1,9.0,2.8903717578961645,6.159201091150453,0.028513928609257496,0,0.0,0.20924804897685037,-1.3294639440497935,True
754,대조,0,17.0,5.0,311.72,135.0,3.0,14.32,0.0,0.0,0,9.18,2.0,2.0,187.92000000000002,2.0,17.0,1,1,17.0,1.791759469228055,5.7453082214846996,0.0459386629026049,0,0.0,0.1723294613337098,-1.5692070575355133,True
755,처치,1,1.0,57.0,2292.7,616016.0,8.0,17.8,0.0,0.0,1,4.6899999999999995,2.0,2.0,790.7,20.0,1.0,1,1,1.0,4.060443010546419,7.7379215132001695,0.007763771971910849,0,0.0,0.283302050817161,-0.9281408356833953,True
757,대조,0,24.0,5.0,211.63,88.0,7.0,21.03,0.0,0.0,0,12.379999999999999,8.0,6.0,220.11,3.0,24.0,1,1,24.0,1.791759469228055,5.35955356601861,0.09937154467703067,0,0.0,0.17785293950735084,-1.5309622584910603,True
759,대조,0,17.0,3.0,34.64,9.0,0.0,0.0,0.0,0.0,0,14.63,5.0,5.0,176.43,3.0,17.0,1,1,17.0,1.3862943611198906,3.573468602602609,0.0,0,0.0,0.11556314405594748,-2.035134039144679,True
760,처치,1,9.0,10.0,265.29,103.0,2.0,7.98,0.0,0.0,0,0.0,0.0,0.0,210.74,9.0,9.0,0,1,9.0,2.3978952727983707,5.58458594048131,0.030080289494515435,0,0.0,0.17192855935497342,-1.5720203936922144,True
761,대조,0,2.0,31.0,1409.52,61874.0,18.0,81.35,0.0,0.0,1,17.23,13.0,7.0,343.11,6.0,2.0,1,1,2.0,3.4657359027997265,7.251713709710542,0.05771468301265679,0,0.0,0.2501557413515708,-1.0977818405254842,True
762,대조,0,3.0,67.0,782.09,53668.0,18.0,45.2,0.0,0.0,1,38.72,14.0,14.0,558.3,52.0,3.0,1,1,3.0,4.219507705176107,6.663247631914152,0.05779386004168318,0,0.0,0.2626552289763592,-1.0322133303565801,True
763,대조,0,5.0,10.0,575.85,3867.0,13.0,31.73,0.0,0.0,0,45.25,21.0,19.0,415.45,5.0,5.0,1,1,5.0,2.3978952727983707,6.3575822673732985,0.05510115481462186,0,0.0,0.18575764161630492,-1.4778152372546156,True
764,대조,0,1.0,9.0,274.92,140.0,1.0,3.0,0.0,0.0,1,2.5,1.0,1.0,97.66,4.0,1.0,1,1,1.0,2.302585092994046,5.620110968628586,0.010912265386294194,0,0.0,0.16267017694237929,-1.6384933501869277,True
766,대조,0,1.0,13.0,953.78,377.0,13.0,43.08,0.0,0.0,1,43.0,17.0,17.0,651.79,12.0,1.0,1,1,1.0,2.6390573296152584,6.861480947450148,0.04516764872402441,0,0.0,0.20626359494807306,-1.3475964846243418,True
768,대조,0,1.0,64.0,975.24,59535.0,16.0,43.97,0.0,0.0,1,10.879999999999999,7.0,7.0,398.75,34.0,1.0,1,1,1.0,4.174387269895637,6.883708457823584,0.04508633772199663,0,0.0,0.2625588699056004,-1.032710938232289,True
769,대조,0,3.0,7.0,345.88,242.0,8.0,13.42,0.0,0.0,0,8.23,6.0,5.0,214.02,6.0,3.0,1,1,3.0,2.0794415416798357,5.848978898811227,0.03879958367063722,0,0.0,0.16008914996681664,-1.65756490793697,True
771,대조,0,1.0,40.0,721.22,389.0,16.0,30.66,0.0,0.0,1,35.769999999999996,19.0,18.0,549.76,28.0,1.0,1,1,1.0,3.713572066704308,6.582329801619698,0.04251130029671945,0,0.0,0.23545400846854056,-1.1777665812711224,True
776,대조,0,1.0,8.0,1028.8700000000001,523.0,11.0,41.4,0.0,0.0,0,35.22,22.0,12.0,681.19,6.0,1.0,1,1,1.0,2.1972245773362196,6.937187859665843,0.04023831970997307,0,0.0,0.18641295321060333,-1.4734885324386908,True
779,대조,0,4.0,11.0,661.0,206.0,5.0,11.81,0.0,0.0,1,15.76,8.0,5.0,328.0,7.0,4.0,1,1,4.0,2.4849066497880004,6.495265555937008,0.017866868381240547,0,0.0,0.19509341764143434,-1.4172477152483751,True
780,대조,0,7.0,24.0,216.77,131.0,4.0,11.51,0.0,0.0,0,0.0,0.0,0.0,48.64,9.0,7.0,0,1,7.0,3.2188758248682006,5.383439459964859,0.053097753379157626,0,0.0,0.189584290855734,-1.4527136049274014,True
784,처치,1,4.0,20.0,392.67,17739.0,2.0,6.0,0.0,0.0,1,0.0,0.0,0.0,175.5,10.0,4.0,0,1,4.0,3.044522437723423,5.975512994893912,0.015280006112002444,0,0.0,0.19906859645184477,-1.3921258337692457,True
785,처치,1,5.0,14.0,396.62,97110.0,7.0,22.44,0.0,0.0,1,40.05,15.0,8.0,303.58,11.0,5.0,1,1,5.0,2.70805020110221,5.9854967753281905,0.056578084816701124,0,0.0,0.19313034615757216,-1.4297968061839235,True
786,대조,0,2.0,42.0,1028.64,337.0,10.0,27.45,0.0,0.0,1,26.57,12.0,8.0,671.14,30.0,2.0,1,1,2.0,3.7612001156935624,6.936964505566124,0.026685720951936533,0,0.0,0.24903866320520537,-1.1037460098142167,True
787,대조,0,1.0,34.0,426.79,173.0,17.0,77.7,0.0,0.0,1,55.49,14.0,8.0,206.97,12.0,1.0,1,1,1.0,3.5553480614894135,6.058632420966027,0.18205674922092832,0,0.0,0.22459267395757587,-1.2391000496777957,True
788,처치,1,2.0,42.0,885.51,27030.0,14.0,31.51,0.0,0.0,1,121.89,61.0,41.0,1069.82,28.0,2.0,1,1,2.0,3.7612001156935624,6.787292405766489,0.03558401373219953,0,0.0,0.24506203347332822,-1.1251242059867037,True
790,대조,0,3.0,3.0,57.92,13141.0,1.0,3.0,0.0,0.0,1,0.0,0.0,0.0,53.08,2.0,3.0,0,1,3.0,1.3862943611198906,4.076180591594429,0.05179558011049724,0,0.0,0.11475027205201513,-2.043111563913866,True
793,대조,0,1.0,13.0,202.67000000000002,18007.0,8.0,20.67,0.0,0.0,0,11.47,4.0,4.0,62.71,6.0,1.0,1,1,1.0,2.6390573296152584,5.316501036981665,0.10198845413726748,0,0.0,0.16383603469192196,-1.62995858536642,True
795,대조,0,1.0,9.0,253.3,116.0,7.0,15.36,0.0,0.0,0,40.98,5.0,5.0,180.4,6.0,1.0,1,1,1.0,2.302585092994046,5.538514672428074,0.06063955783655744,0,0.0,0.15732467444326564,-1.6782700820426923,True
797,대조,0,3.0,11.0,392.28000000000003,116.0,3.0,12.47,0.0,0.0,1,13.97,3.0,2.0,382.77,10.0,3.0,1,1,3.0,2.4849066497880004,5.9745218263776705,0.03178851840522076,0,0.0,0.18089602095647797,-1.5102886379925304,True
800,대조,0,1.0,69.0,1336.32,581.0,27.0,56.32,0.0,0.0,1,20.23,9.0,8.0,751.29,34.0,1.0,1,1,1.0,4.248495242049359,7.1984228902742835,0.0421455938697318,0,0.0,0.275655644357702,-0.966114487286066,True
802,대조,0,27.0,10.0,340.17,142.0,2.0,2.44,0.0,0.0,1,0.0,0.0,0.0,216.58,6.0,27.0,0,1,27.0,2.3978952727983707,5.8323808867812055,0.007172884146162213,0,0.0,0.21652968911825643,-1.2860054979116904,True
803,대조,0,22.0,4.0,276.64,116.0,1.0,3.99,0.0,0.0,1,5.98,2.0,1.0,51.160000000000004,2.0,22.0,1,1,22.0,1.6094379124341003,5.626325310471383,0.014423076923076924,0,0.0,0.17728228764614454,-1.534869835867885,True
804,대조,0,1.0,25.0,912.6,618.0,51.0,117.3,0.0,0.0,0,69.83,38.0,31.0,419.33,20.0,1.0,1,1,1.0,3.258096538021482,6.817392838901746,0.12853385930309005,0,0.0,0.22417872839365974,-1.2414785452396444,True
805,처치,1,9.0,24.0,543.73,297.0,6.0,13.33,0.0,0.0,0,16.58,10.0,6.0,231.13,12.0,9.0,1,1,9.0,3.2188758248682006,6.300290259061719,0.024515844260938332,0,0.0,0.2162157855813168,-1.287856829425614,True
806,대조,0,7.0,16.0,952.08,435.0,31.0,87.36,0.0,0.0,1,16.96,8.0,7.0,348.92,9.0,7.0,1,1,7.0,2.833213344056216,6.859698845566448,0.09175699521048651,0,0.0,0.2279460892766551,-1.2199452296751725,True
807,대조,0,8.0,13.0,411.56,26396.0,6.0,13.86,0.0,0.0,0,3.0,1.0,1.0,136.44,4.0,8.0,1,1,8.0,2.6390573296152584,6.022381649742703,0.033676742151812614,0,0.0,0.18851791094655093,-1.4596692946461476,True
808,대조,0,2.0,42.0,402.02,18767.0,6.0,14.24,0.0,0.0,1,6.0,3.0,3.0,102.38,13.0,2.0,1,1,2.0,3.7612001156935624,5.998986188506828,0.03542112332719766,0,0.0,0.22140879732251387,-1.2574753817580129,True
812,처치,1,15.0,8.0,144.51,55.0,5.0,15.38,0.0,0.0,0,16.89,7.0,3.0,128.98,3.0,15.0,1,1,15.0,2.1972245773362196,4.980244812772187,0.10642862085668812,0,0.0,0.16617142374141142,-1.613007908519753,True
816,처치,1,1.0,11.0,536.92,212.0,9.0,28.310000000000002,0.0,0.0,1,13.48,7.0,5.0,224.72,8.0,1.0,1,1,1.0,2.4849066497880004,6.287709850220251,0.05272666319004694,0,0.0,0.18664672255861445,-1.4719479048458939,True
817,대조,0,2.0,18.0,661.71,278.0,37.0,90.6,0.0,0.0,1,40.81,20.0,16.0,299.34000000000003,7.0,2.0,1,1,2.0,2.9444389791664403,6.4963374887645475,0.1369179852201115,0,0.0,0.21468232193450373,-1.2969289583096677,True
820,대조,0,5.0,55.0,1490.91,3012.0,19.0,59.1,0.0,0.0,0,3.89,1.0,1.0,248.56,7.0,5.0,1,1,5.0,4.02535169073515,7.307812457228461,0.039640219731573334,0,0.0,0.2699271026132354,-0.9949924563676638,True
823,대조,0,2.0,25.0,434.73,39762.0,1.0,2.0,0.0,0.0,1,0.0,0.0,0.0,70.59,4.0,2.0,0,1,2.0,3.258096538021482,6.077022785469567,0.00460055666735675,0,0.0,0.20435433156976995,-1.3592985399733677,True
825,대조,0,1.0,54.0,2193.52,197119.0,13.0,30.41,0.0,0.0,1,24.27,10.0,7.0,927.4300000000001,24.0,1.0,1,1,1.0,4.007333185232471,7.693718622780083,0.013863561763740472,0,0.0,0.28014131317580215,-0.9437607586775243,True
830,대조,0,3.0,61.0,290.87,244.0,10.0,19.740000000000002,0.0,0.0,0,15.47,11.0,8.0,261.59,33.0,3.0,1,1,3.0,4.127134385045092,5.676308497655446,0.06786536940901435,0,0.0,0.2210957128594606,-1.2592924743837468,True
831,대조,0,2.0,22.0,1220.26,416.0,17.0,46.24,0.0,0.0,1,29.35,12.0,10.0,493.31,10.0,2.0,1,1,2.0,3.1354942159291497,7.107638391655096,0.03789356366675954,0,0.0,0.23197016974096457,-1.1972197891798593,True
834,처치,1,21.0,8.0,203.79,31337.0,3.0,6.25,0.0,0.0,0,0.0,0.0,0.0,5.0,1.0,21.0,0,1,21.0,2.1972245773362196,5.321985063848221,0.03066882575199961,0,0.0,0.17968886708124648,-1.5184568596144596,True
836,대조,0,74.0,2.0,73.38,42.0,2.0,10.34,0.0,0.0,0,5.0,3.0,2.0,63.019999999999996,3.0,74.0,1,1,74.0,1.0986122886681098,4.309187088496924,0.14091032979013357,0,0.0,0.22183032075255169,-1.2550318284221833,True
840,대조,0,1.0,14.0,1214.81,391.0,10.0,39.1,0.0,0.0,1,35.64,13.0,12.0,926.97,20.0,1.0,1,1,1.0,2.70805020110221,7.103165800317809,0.03218610317662845,0,0.0,0.21441601413117947,-1.2985092530626516,True
841,대조,0,9.0,6.0,33.06,20.0,1.0,2.0,0.0,0.0,0,0.0,0.0,0.0,31.67,4.0,9.0,0,1,9.0,1.9459101490553132,3.5281236752345424,0.060496067755595885,0,0.0,0.11962958005437747,-1.9959426148555677,True
842,대조,0,3.0,65.0,392.03000000000003,208.0,9.0,15.34,0.0,0.0,0,70.03,33.0,27.0,540.46,46.0,3.0,1,1,3.0,4.189654742026425,5.973885944833689,0.0391296584445068,0,0.0,0.22992131886934172,-1.208755534389947,True
844,대조,0,4.0,21.0,924.66,10825.0,16.0,78.74000000000001,0.0,0.0,1,62.62,19.0,10.0,713.12,18.0,4.0,1,1,4.0,3.091042453358316,6.83050699659619,0.08515562477018582,0,0.0,0.22972365411365622,-1.2098722585382484,True
845,대조,0,2.0,12.0,511.11,193.0,5.0,17.28,0.0,0.0,1,32.97,8.0,7.0,547.87,13.0,2.0,1,1,2.0,2.5649493574615367,6.2385394457138945,0.03380876914949815,0,0.0,0.18840350744006562,-1.4604173073515114,True
849,대조,0,3.0,8.0,543.6,219.0,4.0,13.66,0.0,0.0,0,45.5,19.0,17.0,584.16,8.0,3.0,1,1,3.0,2.1972245773362196,6.300051580239659,0.02512877115526122,0,0.0,0.17311041795075266,-1.5637415248942055,True
850,대조,0,1.0,19.0,182.75,108.0,1.0,1.29,0.0,0.0,0,2.49,1.0,1.0,36.33,7.0,1.0,1,1,1.0,2.995732273553991,5.213576138092946,0.007058823529411765,0,0.0,0.16592157332140128,-1.6148122078765939,True
852,대조,0,3.0,20.0,346.46,99.0,3.0,16.17,0.0,0.0,1,0.0,0.0,0.0,2.32,1.0,3.0,0,1,3.0,3.044522437723423,5.850649550465754,0.04667205449402529,0,0.0,0.1960137886994389,-1.4113971116448436,True
853,대조,0,3.0,73.0,2162.44,99846.0,1.0,2.18,0.0,0.0,1,5.0,2.0,2.0,894.92,31.0,3.0,1,1,3.0,4.30406509320417,7.679454826440072,0.0010081204565213372,0,0.0,0.2955870046808579,-0.8684015996361046,True
854,대조,0,36.0,7.0,69.10000000000001,28.0,1.0,0.89,0.0,0.0,0,2.0,2.0,1.0,34.59,2.0,36.0,1,1,36.0,2.0794415416798357,4.249922794040544,0.012879884225759766,0,0.0,0.17405864907160806,-1.557131461230164,True
855,대조,0,2.0,22.0,809.9,346.0,19.0,76.32,0.0,0.0,0,28.95,13.0,11.0,579.4,19.0,2.0,1,1,2.0,3.1354942159291497,6.698144741950512,0.09423385603160883,0,0.0,0.21598114200536875,-1.289241975283591,True
856,대조,0,1.0,24.0,504.25,10062.0,11.0,30.240000000000002,0.0,0.0,1,10.97,5.0,4.0,249.19,13.0,1.0,1,1,1.0,3.2188758248682006,6.2250533562837305,0.05997025285076847,0,0.0,0.2090511796070895,-1.3306541627735922,True
857,대조,0,11.0,2.0,153.4,73.0,1.0,3.29,0.0,0.0,1,29.19,11.0,7.0,264.03000000000003,5.0,11.0,1,1,11.0,1.0986122886681098,5.039546637590676,0.021447196870925684,0,0.0,0.13464797740795167,-1.8604725886413886,True
859,대조,0,1.0,46.0,1480.78,82958.0,20.0,53.02,0.0,0.0,1,15.3,11.0,9.0,384.28000000000003,14.0,1.0,1,1,1.0,3.8501476017100584,7.300999346793346,0.035805453882413324,0,0.0,0.2626376406458941,-1.0323041494835083,True
861,대조,0,1.0,5.0,206.4,69.0,1.0,1.0,0.0,0.0,0,13.99,1.0,1.0,33.370000000000005,3.0,1.0,1,1,1.0,1.791759469228055,5.334649295795427,0.0048449612403100775,0,0.0,0.13711592068524495,-1.8394536546899904,True
862,대조,0,2.0,1.0,39.15,13.0,0.0,0.0,0.0,0.0,0,18.0,11.0,5.0,60.21,1.0,2.0,1,1,2.0,0.6931471805599453,3.6926224403927708,0.0,0,0.0,0.0888142331988817,-2.32819987080601,False
863,대조,0,,0.0,0.0,0.0,0.0,0.0,0.0,0.0,1,0.0,0.0,0.0,39.46,5.0,90.0,0,1,90.0,0.0,0.0,0.0,0,0.0,0.11619600321826616,-2.028956866841588,True
864,처치,1,1.0,14.0,896.47,385.0,3.0,5.97,0.0,0.0,1,14.879999999999999,7.0,7.0,327.24,6.0,1.0,1,1,1.0,2.70805020110221,6.799579693619923,0.006659453188617577,0,0.0,0.20421179999097092,-1.3601753795474325,True
867,대조,0,1.0,25.0,707.89,57486.0,7.0,20.5,0.0,0.0,1,16.12,3.0,3.0,312.85,11.0,1.0,1,1,1.0,3.258096538021482,6.563700366399507,0.028959301586404668,0,0.0,0.21773689324533327,-1.2789037154419982,True
868,대조,0,7.0,21.0,993.27,90464.0,8.0,25.36,0.0,0.0,1,0.0,0.0,0.0,42.3,3.0,7.0,0,1,7.0,3.091042453358316,6.902008799550557,0.02553182921058725,0,0.0,0.23354434226029738,-1.1884048846380724,True
871,대조,0,1.0,25.0,1967.89,694.0,42.0,180.47,0.0,0.0,1,36.620000000000005,11.0,10.0,749.8100000000001,14.0,1.0,1,1,1.0,3.258096538021482,7.5852252111567795,0.09170736169196449,0,0.0,0.2532925941511765,-1.0811280969778354,True
873,대조,0,2.0,29.0,685.85,22808.0,13.0,28.22,0.0,0.0,0,2.49,1.0,1.0,189.29,7.0,2.0,1,1,2.0,3.4011973816621555,6.532115927771214,0.04114602318291171,0,0.0,0.216607329072449,-1.2855478948274621,True
876,대조,0,2.0,27.0,637.67,59943.0,6.0,20.19,0.0,0.0,0,5.0,4.0,3.0,357.09000000000003,14.0,2.0,1,1,2.0,3.332204510175204,6.459387889055757,0.03166214499662835,0,0.0,0.21153130467661205,-1.3157197038704216,True
877,대조,0,2.0,9.0,544.8,190.0,18.0,55.01,0.0,0.0,0,22.3,7.0,7.0,108.55,5.0,2.0,1,1,2.0,2.302585092994046,6.302252608274238,0.10097283406754773,0,0.0,0.1792167015154783,-1.5216634297401066,True
878,대조,0,2.0,34.0,985.57,10684.0,15.0,38.56,0.0,0.0,1,50.05,24.0,16.0,565.53,15.0,2.0,1,1,2.0,3.5553480614894135,6.894234280877358,0.03912456750915714,0,0.0,0.24096159853137786,-1.147414792335188,True
879,대조,0,16.0,6.0,184.38,22476.0,6.0,16.34,0.0,0.0,1,0.0,0.0,0.0,0.0,0.0,16.0,0,0,16.0,1.9459101490553132,5.222407772447687,0.08862132552337564,0,0.0,0.17188699593443088,-1.5723123629000886,True
881,대조,0,1.0,19.0,521.14,352.0,16.0,31.630000000000003,0.0,0.0,0,24.97,15.0,12.0,343.79,10.0,1.0,1,1,1.0,2.995732273553991,6.25793575115737,0.060693863453198764,0,0.0,0.19512718516130562,-1.417032693397398,True
882,대조,0,6.0,59.0,1537.1200000000001,77299.0,47.0,144.06,0.0,0.0,1,48.66,15.0,13.0,501.88,22.0,6.0,1,1,6.0,4.0943445622221,7.338316170428944,0.09372072447173935,0,0.0,0.29014160121064664,-0.8946964279727138,True
883,처치,1,1.0,48.0,1349.75,130778.0,16.0,63.97,0.0,0.0,1,63.83,32.0,9.0,983.56,23.0,1.0,1,1,1.0,3.8918202981106265,7.208415272724175,0.04739396184478607,0,0.0,0.26220756257332056,-1.0345261212629533,True
884,대조,0,16.0,6.0,42.93,24.0,1.0,1.89,0.0,0.0,0,0.0,0.0,0.0,22.27,4.0,16.0,0,1,16.0,1.9459101490553132,3.782597457987688,0.0440251572327044,0,0.0,0.13243177818429228,-1.8796265193901602,True
885,대조,0,,0.0,0.0,0.0,0.0,0.0,0.0,0.0,0,0.0,0.0,0.0,10.27,1.0,90.0,0,1,90.0,0.0,0.0,0.0,0,0.0,0.11145848676575056,-2.075929163761872,True
886,대조,0,1.0,28.0,635.07,290.0,15.0,44.1,0.0,0.0,1,55.81,24.0,17.0,939.7,34.0,1.0,1,1,1.0,3.367295829986474,6.455308620176728,0.06944116396617696,0,0.0,0.22132613257323006,-1.2579549760643391,True
888,대조,0,8.0,9.0,627.23,338.0,13.0,34.230000000000004,0.0,0.0,1,25.19,10.0,9.0,776.24,7.0,8.0,1,1,8.0,2.302585092994046,6.442906341456171,0.05457328252794032,0,0.0,0.19757012145123212,-1.4015509057808007,True
889,처치,1,2.0,32.0,2029.09,166025.0,41.0,98.66,0.0,0.0,1,58.0,26.0,21.0,799.61,14.0,2.0,1,1,2.0,3.4965075614664802,7.615835406028436,0.048622781641031204,0,0.0,0.26225866270156034,-1.0342619927404868,True
891,대조,0,4.0,15.0,870.21,443.0,15.0,47.59,0.0,0.0,0,21.96,12.0,6.0,232.0,5.0,4.0,1,1,4.0,2.772588722239781,6.769883049973443,0.0546879488859011,0,0.0,0.20679369877154993,-1.344361668661026,True
893,대조,0,5.0,7.0,242.65,167.0,9.0,27.0,0.0,0.0,0,2.49,1.0,1.0,63.7,2.0,5.0,1,1,5.0,2.0794415416798357,5.495732769289515,0.11127137852874511,0,0.0,0.15930734472293206,-1.6633908195794382,True
895,처치,1,13.0,22.0,886.8,19869.0,11.0,43.55,0.0,0.0,1,18.98,5.0,3.0,694.35,18.0,13.0,1,1,13.0,3.1354942159291497,6.788746492399935,0.04910915651781687,0,0.0,0.24610963402108338,-1.1194698508200953,True
896,대조,0,10.0,15.0,606.28,274.0,9.0,21.61,0.0,0.0,0,15.379999999999999,11.0,8.0,308.28000000000003,10.0,10.0,1,1,10.0,2.772588722239781,6.408989969708513,0.03564359701787953,0,0.0,0.20687048437953626,-1.343893613785678,True
898,대조,0,3.0,40.0,989.6,62155.0,36.0,86.43,0.0,0.0,1,67.11,37.0,23.0,850.22,27.0,3.0,1,1,3.0,3.713572066704308,6.898310820154137,0.08733831851253032,0,0.0,0.25295682863683083,-1.0829041400842367,True
900,대조,0,1.0,204.0,2580.4,190797.0,27.0,63.98,0.0,0.0,1,26.5,10.0,8.0,1069.82,104.0,1.0,1,1,1.0,5.3230099791384085,7.856087166401087,0.024794605487521312,0,0.0,0.34405993930225537,-0.6452535295292149,True
901,대조,0,5.0,11.0,466.24,233.0,9.0,16.05,0.0,0.0,0,0.0,0.0,0.0,255.68,8.0,5.0,0,1,5.0,2.4849066497880004,6.146843044287495,0.03442433081674674,0,0.0,0.18179579091411763,-1.5042279206182703,True
903,대조,0,1.0,9.0,207.42000000000002,64.0,4.0,9.61,0.0,0.0,1,2.49,1.0,1.0,110.52,3.0,1.0,1,1,1.0,2.302585092994046,5.339555274564281,0.04633111561083791,0,0.0,0.1583315813421495,-1.6706946845150328,True
906,대조,0,3.0,61.0,1199.65,139718.0,15.0,53.05,0.0,0.0,1,18.0,16.0,4.0,359.05,22.0,3.0,1,1,3.0,4.127134385045092,7.090618355794324,0.04422123119243112,0,0.0,0.2719162871430861,-0.9849217807044399,True
907,처치,1,3.0,11.0,267.03,132.0,5.0,47.27,0.0,0.0,0,38.99,1.0,1.0,129.02,2.0,3.0,1,1,3.0,2.4849066497880004,5.591098914544516,0.17702130846721345,0,0.0,0.173561038808476,-1.5605967161648764,True
908,대조,0,14.0,26.0,811.95,40963.0,17.0,44.6,0.0,0.0,1,16.02,9.0,8.0,565.7,23.0,14.0,1,1,14.0,3.295836866004329,6.700669607041564,0.05492949073218794,0,0.0,0.2520325811369403,-1.0878010499759918,True
909,처치,1,1.0,125.0,1852.3600000000001,158659.0,23.0,74.88,0.0,0.0,0,40.22,12.0,11.0,1141.04,70.0,1.0,1,1,1.0,4.836281906951478,7.5247554869622135,0.04042410762486773,0,0.0,0.301553078671309,-0.8399131369681581,True
911,대조,0,10.0,7.0,138.74,10119.0,4.0,21.27,0.0,0.0,1,7.98,2.0,2.0,193.24,3.0,10.0,1,1,10.0,2.0794415416798357,4.939783553124305,0.15330834654749892,0,0.0,0.16321080274239116,-1.6345295500265573,True
913,대조,0,8.0,11.0,338.13,9617.0,8.0,21.72,0.0,0.0,0,11.85,5.0,4.0,123.34,2.0,8.0,1,1,8.0,2.4849066497880004,5.826383514696429,0.06423564901073552,0,0.0,0.18079553835066017,-1.510966930230164,True
915,대조,0,10.0,13.0,115.04,66.0,1.0,0.99,0.0,0.0,1,0.0,0.0,0.0,64.85,6.0,10.0,0,1,10.0,2.6390573296152584,4.753934959253203,0.008605702364394993,0,0.0,0.1661625185927628,-1.613072179862868,True
916,대조,0,7.0,31.0,519.85,22357.0,14.0,31.68,0.0,0.0,0,0.0,0.0,0.0,43.23,4.0,7.0,0,1,7.0,3.4657359027997265,6.255462092430458,0.06094065595844955,0,0.0,0.22217205697241296,-1.253053233701845,True
919,대조,0,3.0,41.0,301.57,7853.0,3.0,6.29,0.0,0.0,0,12.370000000000001,6.0,5.0,97.51,6.0,3.0,1,1,3.0,3.7376696182833684,5.712312655659576,0.020857512352024408,0,0.0,0.20555413445021192,-1.3519354199273657,True
920,대조,0,1.0,22.0,329.44,129.0,6.0,12.3,0.0,0.0,1,16.04,8.0,6.0,370.28,15.0,1.0,1,1,1.0,3.1354942159291497,5.800425099694305,0.03733608547838757,0,0.0,0.19336101659227062,-1.4283172179120363,True
922,대조,0,2.0,17.0,398.11,157.0,4.0,18.68,0.0,0.0,1,15.36,7.0,6.0,263.8,9.0,2.0,1,1,2.0,2.8903717578961645,5.989237068117631,0.04692170505639145,0,0.0,0.19297637219108563,-1.4307851888848782,True
923,대조,0,2.0,30.0,563.82,38315.0,21.0,65.75,0.0,0.0,0,46.18,27.0,17.0,419.68,15.0,2.0,1,1,2.0,3.4339872044851463,6.336507096316959,0.11661523181157106,0,0.0,0.2175458948544826,-1.2800254300287206,True
924,처치,1,5.0,13.0,303.75,119.0,10.0,35.29,0.0,0.0,0,8.45,3.0,3.0,87.02,4.0,5.0,1,1,5.0,2.6390573296152584,5.719491768361381,0.11618106995884774,0,0.0,0.18088632375955577,-1.5103540846144818,True
925,대조,0,,0.0,0.0,0.0,0.0,0.0,0.0,0.0,0,6.99,3.0,3.0,54.64,6.0,90.0,1,1,90.0,0.0,0.0,0.0,0,0.0,0.11145848676575056,-2.075929163761872,True
927,대조,0,12.0,5.0,226.0,129.0,4.0,5.43,0.0,0.0,0,0.0,0.0,0.0,0.0,0.0,12.0,0,0,12.0,1.791759469228055,5.424950017481403,0.02402654867256637,0,0.0,0.15581628361246985,-1.6896925002520022,True
928,처치,1,1.0,15.0,875.88,43931.0,24.0,45.96,0.0,0.0,0,4.0,2.0,1.0,73.42,4.0,1.0,1,1,1.0,2.772588722239781,6.776370152907468,0.05247294149883546,0,0.0,0.20121507189865487,-1.3787173877350283,True
929,대조,0,1.0,40.0,767.65,103519.0,14.0,31.79,0.0,0.0,1,33.21,24.0,18.0,275.1,12.0,1.0,1,1,1.0,3.713572066704308,6.644635729358608,0.041412101869341494,0,0.0,0.23725776596555526,-1.1677729717975804,True
931,대조,0,18.0,9.0,1006.08,30543.0,10.0,36.27,0.0,0.0,0,24.5,7.0,5.0,262.83,2.0,18.0,1,1,18.0,2.302585092994046,6.914810333455814,0.03605081106870229,0,0.0,0.22061796155481864,-1.2620688223999097,True
932,처치,1,9.0,29.0,940.42,525.0,5.0,42.15,0.0,0.0,1,57.03,14.0,10.0,700.64,20.0,9.0,1,1,9.0,3.4011973816621555,6.847389373695695,0.044820399396014544,0,0.0,0.24906692226918084,-1.1035949124284328,True
934,처치,1,6.0,23.0,1202.75,2895.0,38.0,65.06,0.0,0.0,1,51.98,33.0,29.0,704.49,11.0,6.0,1,1,6.0,3.1780538303479458,7.0931969631123355,0.05409270421949699,0,0.0,0.24265210616342772,-1.1381939613501226,True
935,대조,0,4.0,14.0,423.86,43370.0,6.0,12.21,0.0,0.0,0,0.0,0.0,0.0,0.0,0.0,4.0,0,0,4.0,2.70805020110221,6.051759702891737,0.02880668145142264,0,0.0,0.18409894027283868,-1.4888197653142101,True
936,처치,1,1.0,46.0,431.72,3492.0,12.0,25.65,0.0,0.0,0,16.68,5.0,5.0,708.89,35.0,1.0,1,1,1.0,3.8501476017100584,6.070090867563172,0.05941350875567497,0,0.0,0.2182465381032431,-1.27591409219782,True
938,처치,1,82.0,1.0,100.8,37.0,0.0,0.0,0.0,0.0,0,7.99,1.0,1.0,235.93,2.0,82.0,1,1,82.0,0.6931471805599453,4.623010104116422,0.0,0,0.0,0.22240517712629754,-1.251704754745966,True
939,대조,0,5.0,30.0,821.41,23432.0,13.0,24.98,0.0,0.0,1,22.53,16.0,8.0,172.16,4.0,5.0,1,1,5.0,3.4339872044851463,6.712239054160048,0.030411122338418087,0,0.0,0.23654800564514533,-1.1716990758848125,True
940,대조,0,4.0,5.0,191.88,106.0,7.0,15.29,0.0,0.0,0,12.34,4.0,3.0,64.69,5.0,4.0,1,1,4.0,1.791759469228055,5.262068233872916,0.07968521992912236,0,0.0,0.14360285337876585,-1.785682698138119,True
941,대조,0,15.0,14.0,150.91,57.0,12.0,25.67,0.0,0.0,1,6.36,2.0,2.0,42.68,3.0,15.0,1,1,15.0,2.70805020110221,5.023288240219571,0.17010138493141608,0,0.0,0.19332786902942753,-1.428529753558102,True
942,대조,0,7.0,6.0,163.45,101.0,4.0,9.4,0.0,0.0,0,11.030000000000001,8.0,5.0,353.8,16.0,7.0,1,1,7.0,1.9459101490553132,5.102606572635066,0.05750994187825024,0,0.0,0.14729226662747633,-1.7559980337253376,True
943,대조,0,75.0,1.0,24.91,13.0,0.0,0.0,0.0,0.0,0,0.0,0.0,0.0,0.0,0.0,75.0,0,0,75.0,0.6931471805599453,3.2546289945740186,0.0,0,0.0,0.17337989315587102,-1.5618601253410016,True
944,대조,0,1.0,10.0,376.04,43284.0,4.0,14.440000000000001,0.0,0.0,0,9.88,1.0,1.0,56.72,4.0,1.0,1,1,1.0,2.3978952727983707,5.932351282615476,0.038400170194660146,0,0.0,0.16767360092264913,-1.6022054325044737,True
946,처치,1,3.0,15.0,301.63,158.0,5.0,11.57,0.0,0.0,1,13.21,7.0,3.0,132.33,6.0,3.0,1,1,3.0,2.772588722239781,5.712510937220041,0.038358253489374404,0,0.0,0.183443859206271,-1.4931869916039782,True
947,처치,1,1.0,27.0,214.29,156.0,40.0,47.64,0.0,0.0,1,24.0,37.0,21.0,181.85,17.0,1.0,1,1,1.0,3.332204510175204,5.371985956473237,0.22231555368892622,0,0.0,0.20058517633343215,-1.3826410134416895,True
949,대조,0,5.0,29.0,857.74,75662.0,11.0,25.22,0.0,0.0,1,32.34,13.0,12.0,477.99,10.0,5.0,1,1,5.0,3.4011973816621555,6.755466198636152,0.02940284934828736,0,0.0,0.23658127731268014,-1.1715148492304317,True
952,대조,0,39.0,6.0,135.25,8283.0,1.0,2.5,0.0,0.0,0,0.0,0.0,0.0,134.56,11.0,39.0,0,1,39.0,1.9459101490553132,4.914491433543353,0.018484288354898338,0,0.0,0.1921950984111801,-1.435809577267928,True
953,대조,0,29.0,7.0,159.86,100.0,1.0,0.99,0.0,0.0,0,0.0,0.0,0.0,7.99,1.0,29.0,0,1,29.0,2.0794415416798357,5.080534421475923,0.006192918803953459,0,0.0,0.1822628846859609,-1.5010908437739017,True
954,처치,1,20.0,7.0,416.46000000000004,191.0,13.0,22.79,0.0,0.0,0,22.22,16.0,10.0,153.13,4.0,20.0,1,1,20.0,2.0794415416798357,6.0341887313177605,0.05472314267876866,0,0.0,0.19400115835298035,-1.4242181754059353,True
955,대조,0,1.0,28.0,273.62,180.0,10.0,22.19,0.0,0.0,1,39.81,20.0,15.0,485.68,29.0,1.0,1,1,1.0,3.367295829986474,5.6153883238936055,0.08109787296250275,0,0.0,0.19876954927225848,-1.3940024996539297,True
956,대조,0,2.0,80.0,1505.35,170866.0,15.0,43.86,0.0,0.0,1,21.740000000000002,11.0,9.0,675.55,46.0,2.0,1,1,2.0,4.394449154672439,7.317444785076738,0.029136081309994354,0,0.0,0.2868936306112283,-0.9105190729525228,True
957,대조,0,3.0,76.0,433.89,290.0,10.0,19.86,0.0,0.0,0,5.0,8.0,4.0,114.1,13.0,3.0,1,1,3.0,4.343805421853684,6.075093125547555,0.045771969854110486,0,0.0,0.2390785352354116,-1.157738055223735,True
960,처치,1,6.0,14.0,287.63,115.0,5.0,18.18,0.0,0.0,1,9.27,3.0,3.0,214.58,11.0,6.0,1,1,6.0,2.70805020110221,5.665145591041283,0.06320620241282203,0,0.0,0.18705435788093733,-1.4692649879808617,True
961,대조,0,11.0,14.0,687.8,238.0,9.0,44.48,0.0,0.0,0,25.63,11.0,10.0,467.73,5.0,11.0,1,1,11.0,2.70805020110221,6.534950953113521,0.06466996219831346,0,0.0,0.21212888623580659,-1.3121404713819669,True
964,대조,0,6.0,4.0,155.39000000000001,87.0,8.0,24.52,0.0,0.0,0,24.33,13.0,8.0,157.93,3.0,6.0,1,1,6.0,1.6094379124341003,5.052352887448125,0.15779651200205932,0,0.0,0.14160676132006234,-1.8020083850760347,True
965,대조,0,21.0,20.0,329.9,179.0,7.0,31.529999999999998,0.0,0.0,0,0.0,0.0,0.0,26.04,2.0,21.0,0,1,21.0,3.044522437723423,5.801816214927566,0.09557441648984541,0,0.0,0.22462068224460582,-1.2389392290223398,True
968,처치,1,1.0,30.0,979.3,516.0,17.0,34.73,0.0,0.0,1,37.11,15.0,14.0,731.1,18.0,1.0,1,1,1.0,3.4339872044851463,6.887858647267681,0.03546410701521495,0,0.0,0.23395269162271543,-1.186125005751587,True
971,대조,0,3.0,13.0,371.24,158.0,8.0,34.29,0.0,0.0,1,0.0,0.0,0.0,60.67,3.0,3.0,0,1,3.0,2.6390573296152584,5.9195388075363935,0.09236612434004957,0,0.0,0.18803557549272215,-1.4628253507465174,True
972,대조,0,11.0,23.0,1165.81,362.0,52.0,262.58,0.0,0.0,0,63.63,22.0,19.0,403.25,18.0,11.0,1,1,11.0,3.1780538303479458,7.062028808405932,0.22523395750594008,0,0.0,0.2571211715963793,-1.0609854885779268,True
973,대조,0,1.0,14.0,1055.24,15145.0,4.0,10.99,0.0,0.0,1,3.0,2.0,2.0,699.85,5.0,1.0,1,1,1.0,2.70805020110221,6.962470711170946,0.010414692392252,0,0.0,0.20895038605909452,-1.3312638523542764,True
975,대조,0,2.0,16.0,536.52,205.0,6.0,15.600000000000001,0.0,0.0,0,18.46,5.0,5.0,316.89,14.0,2.0,1,1,2.0,2.833213344056216,6.286965968611894,0.029076269290986362,0,0.0,0.190482528900752,-1.4468778769118062,True
976,대조,0,3.0,8.0,339.22,150.0,4.0,12.5,0.0,0.0,1,8.89,6.0,5.0,246.64000000000001,2.0,3.0,1,1,3.0,2.1972245773362196,5.8295924671814365,0.03684924237957667,0,0.0,0.16927248992239638,-1.5907920521780843,True
978,대조,0,9.0,12.0,903.88,306.0,18.0,66.0,0.0,0.0,0,4.0,3.0,3.0,42.33,3.0,9.0,1,1,9.0,2.5649493574615367,6.807802338223126,0.07301854228437403,0,0.0,0.21167451761018757,-1.3148612526862988,True
979,처치,1,3.0,18.0,1176.68,5900.0,38.0,98.47,0.0,0.0,1,27.56,12.0,11.0,535.47,10.0,3.0,1,1,3.0,2.9444389791664403,7.071301680449758,0.083684604140463,0,0.0,0.2294706902431532,-1.211302383968707,True
982,대조,0,1.0,78.0,3215.21,304886.0,45.0,98.5,0.0,0.0,1,74.01,32.0,30.0,1605.38,31.0,1.0,1,1,1.0,4.3694478524670215,8.075958926674465,0.030635634997402968,0,0.0,0.31020142930464956,-0.7991777700247025,True
983,대조,0,1.0,22.0,360.32,197.0,10.0,16.31,0.0,0.0,1,0.0,0.0,0.0,118.58,8.0,1.0,0,1,1.0,3.1354942159291497,5.889763992281643,0.04526531971580817,0,0.0,0.196234858346492,-1.4099949153709885,True
984,대조,0,1.0,7.0,272.83,101.0,13.0,31.42,0.0,0.0,0,0.0,0.0,0.0,0.0,0.0,1.0,0,0,1.0,2.0794415416798357,5.612507475880589,0.11516328849466702,0,0.0,0.15601546926780632,-1.6881790016051987,True
986,처치,1,12.0,9.0,171.65,57.0,2.0,4.38,0.0,0.0,1,0.88,1.0,1.0,37.449999999999996,2.0,12.0,1,1,12.0,2.302585092994046,5.1512664238360015,0.025517040489367898,0,0.0,0.1701615468061244,-1.5844827859860369,True
987,처치,1,13.0,3.0,82.99000000000001,25.0,3.0,8.120000000000001,0.0,0.0,0,0.0,0.0,0.0,102.56,6.0,13.0,0,1,13.0,1.3862943611198906,4.430697744137536,0.09784311362814797,0,0.0,0.1305385835187421,-1.8962051162234903,True
988,처치,1,3.0,26.0,1026.81,57561.0,12.0,32.18,0.0,0.0,0,71.13,47.0,29.0,525.19,12.0,3.0,1,1,3.0,3.295836866004329,6.93518560403016,0.031339780485192,0,0.0,0.22585257932163916,-1.2318798389031076,True
989,대조,0,5.0,42.0,855.33,372.0,7.0,23.07,0.0,0.0,0,9.48,4.0,3.0,99.08,8.0,5.0,1,1,5.0,3.7612001156935624,6.752655815868997,0.026972045877029917,0,0.0,0.2410352191780857,-1.1470123137578643,True
993,대조,0,7.0,14.0,266.46,109.0,4.0,14.32,0.0,0.0,1,6.1899999999999995,4.0,2.0,102.02,8.0,7.0,1,1,7.0,2.70805020110221,5.58897002244465,0.053741649778578406,0,0.0,0.18625676757156345,-1.4745186844097646,True
995,대조,0,6.0,5.0,337.56,105.0,11.0,30.16,0.0,0.0,0,4.5,2.0,2.0,125.5,2.0,6.0,1,1,6.0,1.791759469228055,5.82470132922988,0.08934707903780069,0,0.0,0.1591987880349734,-1.6642016004687474,True
996,처치,1,20.0,9.0,152.23,63.0,0.0,0.0,0.0,0.0,1,24.76,11.0,11.0,220.6,5.0,20.0,1,1,20.0,2.302585092994046,5.031940060590085,0.0,0,0.0,0.17899256316304407,-1.5231879092755973,True
997,대조,0,9.0,14.0,645.13,261.0,16.0,55.03,0.0,0.0,1,23.52,10.0,10.0,219.39000000000001,6.0,9.0,1,1,9.0,2.70805020110221,6.471000721926966,0.08530063708089843,0,0.0,0.21581172212825214,-1.2902427711087312,True
998,대조,0,6.0,45.0,1377.18,39172.0,20.0,51.4,0.0,0.0,0,55.95,29.0,19.0,904.59,20.0,6.0,1,1,6.0,3.828641396489095,7.228519067135908,0.037322644824932104,0,0.0,0.2616060648912947,-1.0376376664472926,True
999,처치,1,14.0,8.0,414.04,222.0,10.0,24.45,0.0,0.0,0,0.0,0.0,0.0,9.68,1.0,14.0,0,1,14.0,2.1972245773362196,6.028374901128079,0.05905226548159598,0,0.0,0.1871661303910014,-1.4685301259670382,True
1000,대조,0,12.0,7.0,159.54,87.0,6.0,13.100000000000001,0.0,0.0,0,10.65,6.0,5.0,144.3,3.0,12.0,1,1,12.0,2.0794415416798357,5.078543132703431,0.0821110693243074,0,0.0,0.15907666242190113,-1.6651142599309554,True
1001,대조,0,33.0,12.0,408.04,193.0,9.0,22.92,0.0,0.0,1,4.29,3.0,2.0,66.46000000000001,3.0,33.0,1,1,33.0,2.5649493574615367,6.013812950771744,0.05617096363101657,0,0.0,0.24377539437321719,-1.132091142949415,True
1003,처치,1,18.0,10.0,386.99,100.0,5.0,17.37,0.0,0.0,1,10.71,5.0,3.0,165.49,5.0,18.0,1,1,18.0,2.3978952727983707,5.960979566095262,0.04488488074627252,0,0.0,0.20552292264950228,-1.3521265604382677,True
1004,대조,0,1.0,34.0,567.17,61401.0,5.0,11.47,0.0,0.0,1,3.19,1.0,1.0,191.77,9.0,1.0,1,1,1.0,3.5553480614894135,6.342420669715754,0.020223213498598305,0,0.0,0.22106742685348268,-1.2594567326027641,True
1005,대조,0,16.0,18.0,227.7,150.0,1.0,0.0,0.0,0.0,0,0.0,0.0,0.0,89.71,6.0,16.0,0,1,16.0,2.9444389791664403,5.432411101028736,0.0,0,0.0,0.194836848522445,-1.4188823954135368,True
1007,대조,0,8.0,19.0,357.83,208.0,8.0,16.83,0.0,0.0,0,7.0,4.0,2.0,109.15,13.0,8.0,1,1,8.0,2.995732273553991,5.882848738729483,0.04703350753150937,0,0.0,0.19699536333042017,-1.4051802960466797,True
1010,대조,0,15.0,6.0,210.70000000000002,11032.0,5.0,15.92,0.0,0.0,0,6.87,4.0,4.0,115.03,5.0,15.0,1,1,15.0,1.9459101490553132,5.35517017814082,0.07555766492643569,0,0.0,0.16603424110213516,-1.6139983062534555,True
1011,대조,0,3.0,17.0,397.19,38591.0,4.0,7.6,0.0,0.0,0,10.19,4.0,3.0,235.22,5.0,3.0,1,1,3.0,2.8903717578961645,5.986929278306221,0.019134419295551246,0,0.0,0.18568249244706672,-1.4783121631453018,True
1012,처치,1,4.0,22.0,329.13,36731.0,0.0,0.0,0.0,0.0,1,10.81,6.0,6.0,291.0,14.0,4.0,1,1,4.0,3.1354942159291497,5.799486516280714,0.0,0,0.0,0.19629023665202835,-1.4096438499718427,True
1014,대조,0,3.0,19.0,505.97,249.0,4.0,5.4399999999999995,0.0,0.0,1,21.650000000000002,9.0,9.0,500.23,20.0,3.0,1,1,3.0,2.995732273553991,6.228451830242842,0.010751625590450025,0,0.0,0.20213930031924712,-1.372976955135166,True
1015,대조,0,2.0,19.0,566.92,11980.0,13.0,22.62,0.0,0.0,1,9.89,10.0,7.0,263.06,8.0,2.0,1,1,2.0,2.995732273553991,6.341980563731131,0.03989980949693079,0,0.0,0.20534981536470645,-1.3531870572134592,True
1016,대조,0,10.0,2.0,203.87,67.0,4.0,26.54,0.0,0.0,0,9.98,4.0,4.0,366.59000000000003,6.0,10.0,1,1,10.0,1.0986122886681098,5.3223756316411075,0.1301809976946093,0,0.0,0.1387375312629812,-1.8258154158944697,True
1017,대조,0,10.0,6.0,215.91,147.0,3.0,7.79,0.0,0.0,0,1.58,1.0,1.0,84.63,2.0,10.0,1,1,10.0,1.9459101490553132,5.379482520965545,0.03607984808485017,0,0.0,0.15656331666869996,-1.6840243274368303,True
1018,처치,1,6.0,47.0,440.89,15642.0,5.0,8.82,0.0,0.0,1,10.38,5.0,4.0,200.03,7.0,6.0,1,1,6.0,3.871201010907891,6.091060982326444,0.020004989906779472,0,0.0,0.23501874561963113,-1.180186049891368,True
1019,대조,0,7.0,4.0,126.47,40.0,1.0,2.99,0.0,0.0,0,0.0,0.0,0.0,87.89999999999999,3.0,7.0,0,1,7.0,1.6094379124341003,4.84788104279483,0.023641970427769433,0,0.0,0.13225488615670894,-1.8811670074710225,True
1020,대조,0,1.0,21.0,964.57,14824.0,26.0,53.69,0.0,0.0,1,24.25,10.0,10.0,591.24,11.0,1.0,1,1,1.0,3.091042453358316,6.872718600535143,0.05566210850430761,0,0.0,0.22275354403313863,-1.2496915126339805,True
1021,대조,0,2.0,26.0,882.3,408.0,40.0,101.22,0.0,0.0,1,0.0,0.0,0.0,0.0,0.0,2.0,0,0,2.0,3.295836866004329,6.783664893751086,0.11472288337300239,0,0.0,0.23382936853310535,-1.1868132463549934,True
1024,대조,0,2.0,17.0,1151.8,41348.0,12.0,43.24,0.0,0.0,1,69.39,35.0,26.0,1001.44,10.0,2.0,1,1,2.0,2.8903717578961645,7.049949044685312,0.03754123979857615,0,0.0,0.2215370950057442,-1.2567312935332013,True
1025,대조,0,26.0,7.0,79.21000000000001,31.0,1.0,3.34,0.0,0.0,0,26.41,11.0,11.0,165.13,6.0,26.0,1,1,26.0,2.0794415416798357,4.384648195378833,0.04216639313218028,0,0.0,0.16283712559279792,-1.637268172885669,True
1029,대조,0,1.0,42.0,2095.96,219118.0,25.0,128.99,0.0,0.0,0,40.6,12.0,12.0,860.51,15.0,1.0,1,1,1.0,3.7612001156935624,7.648243955851132,0.06154220500391229,0,0.0,0.26342850556363107,-1.028224299393148,True
1031,대조,0,15.0,36.0,1019.33,118887.0,13.0,47.42,0.0,0.0,1,0.0,0.0,0.0,0.0,0.0,15.0,0,0,15.0,3.6109179126442243,6.927881383365727,0.04652075382849519,0,0.0,0.2733208938514128,-0.9778384452667513,True
1032,대조,0,6.0,12.0,172.65,72.0,2.0,4.08,0.0,0.0,0,23.76,10.0,9.0,249.53,10.0,6.0,1,1,6.0,2.5649493574615367,5.157041779190083,0.023631624674196352,0,0.0,0.1614974689971894,-1.6471281290515722,True
1034,대조,0,8.0,9.0,40.16,32.0,3.0,5.3100000000000005,0.0,0.0,0,0.0,0.0,0.0,93.95,7.0,8.0,0,1,8.0,2.302585092994046,3.717466910965849,0.13222111553784863,0,0.0,0.13316575235121447,-1.8732531687546654,True
1038,대조,0,1.0,44.0,318.81,222.0,3.0,8.17,0.0,0.0,1,3.92,3.0,3.0,218.45,25.0,1.0,1,1,1.0,3.8066624897703196,5.767727069454437,0.025626548728082555,0,0.0,0.21371325200600788,-1.3026863726324662,True
1039,대조,0,18.0,14.0,1116.13,377.0,16.0,43.45,0.0,0.0,0,33.019999999999996,10.0,10.0,504.8,6.0,18.0,1,1,18.0,2.70805020110221,7.018518175466409,0.038929156997840754,0,0.0,0.23843571191651458,-1.1612748694509945,True
1040,대조,0,8.0,29.0,743.41,268.0,28.0,59.62,0.0,0.0,1,20.009999999999998,10.0,9.0,422.75,18.0,8.0,1,1,8.0,3.4011973816621555,6.6125919583156945,0.08019800648363622,0,0.0,0.24238652402360156,-1.1396396707455898,True
1041,대조,0,3.0,24.0,491.01,238.0,8.0,30.54,0.0,0.0,1,26.21,12.0,8.0,603.23,11.0,3.0,1,1,3.0,3.2188758248682006,6.198499041489006,0.06219832589967618,0,0.0,0.21229196483061474,-1.3111649876469504,True
1042,처치,1,1.0,35.0,639.96,7146.0,18.0,29.68,0.0,0.0,1,15.33,9.0,7.0,334.36,12.0,1.0,1,1,1.0,3.58351893845611,6.462967052477453,0.04637789861866366,0,0.0,0.2274911410620419,-1.2225321793408173,True
1045,대조,0,3.0,57.0,823.5600000000001,85021.0,18.0,43.84,0.0,0.0,1,36.81,19.0,15.0,555.33,29.0,3.0,1,1,3.0,4.060443010546419,6.714849910728537,0.053232308514255186,0,0.0,0.2577472437478372,-1.0577103976813467,True
1046,대조,0,4.0,16.0,761.85,30479.0,11.0,43.53,0.0,0.0,0,19.66,5.0,5.0,271.04,9.0,4.0,1,1,4.0,2.833213344056216,6.6370614195592115,0.057137231738531205,0,0.0,0.20532593650924716,-1.3533333968351895,True
1047,대조,0,14.0,13.0,233.32,109.0,6.0,14.35,0.0,0.0,0,9.780000000000001,4.0,4.0,111.44,7.0,14.0,1,1,14.0,2.6390573296152584,5.456687702519478,0.06150351448654209,0,0.0,0.18635360273261856,-1.4738799113424919,True
1048,대조,0,28.0,13.0,144.36,62.0,5.0,18.34,0.0,0.0,0,0.0,0.0,0.0,0.0,0.0,28.0,0,0,28.0,2.6390573296152584,4.979213424087916,0.12704350235522305,0,0.0,0.20336272360326504,-1.3654082636595677,True
1050,대조,0,3.0,16.0,521.38,107525.0,4.0,8.719999999999999,0.0,0.0,0,20.16,15.0,10.0,213.61,7.0,3.0,1,1,3.0,2.833213344056216,6.2583952923901345,0.01672484560205608,0,0.0,0.19071734184218794,-1.445355801780829,True
1051,처치,1,88.0,1.0,9.68,3.0,0.0,0.0,0.0,0.0,0,0.0,0.0,0.0,26.14,1.0,88.0,0,1,88.0,0.6931471805599453,2.3683728335320486,0.0,0,0.0,0.17350042705973578,-1.5610193397289673,True
1053,대조,0,6.0,13.0,519.36,34148.0,2.0,8.5,0.0,0.0,1,17.009999999999998,9.0,7.0,210.12,5.0,6.0,1,1,6.0,2.6390573296152584,6.2545208797333585,0.01636629698089957,0,0.0,0.19717848624659753,-1.4040230748559421,True
1055,처치,1,21.0,16.0,245.76,8448.0,0.0,0.0,0.0,0.0,0,8.27,6.0,4.0,195.20000000000002,10.0,21.0,1,1,21.0,2.833213344056216,5.5084162043414375,0.0,0,0.0,0.2024342725572203,-1.3711489942242954,True
1056,대조,0,16.0,8.0,684.44,274.0,12.0,36.32,0.0,0.0,0,16.75,9.0,4.0,167.43,3.0,16.0,1,1,16.0,2.1972245773362196,6.530060967819329,0.053065279644673016,0,0.0,0.2036153508439649,-1.3638496178038217,True
1057,대조,0,1.0,16.0,877.57,380.0,1.0,3.79,0.0,0.0,1,12.16,7.0,6.0,532.04,10.0,1.0,1,1,1.0,2.833213344056216,6.778295585727668,0.004318743803913078,0,0.0,0.20761509689088323,-1.3393613928322292,True
1058,대조,0,1.0,85.0,339.81,195.0,3.0,19.0,0.0,0.0,0,3.34,2.0,1.0,177.86,36.0,1.0,1,1,1.0,4.454347296253507,5.831325137247676,0.05591359877578647,0,0.0,0.2323680510598968,-1.1949878435252201,True
1060,처치,1,5.0,10.0,798.26,324.0,10.0,27.04,0.0,0.0,1,4.0,3.0,3.0,400.3,5.0,5.0,1,1,5.0,2.3978952727983707,6.683686299591426,0.03387367524365495,0,0.0,0.20020121754244985,-1.385037225609674,True
1061,대조,0,3.0,13.0,160.42,92.0,0.0,0.0,0.0,0.0,0,5.0,2.0,1.0,71.67,6.0,3.0,1,1,3.0,2.6390573296152584,5.084009663896226,0.0,0,0.0,0.15593331213636846,-1.6888030759850592,True
1062,대조,0,2.0,34.0,267.84,172.0,4.0,7.8,0.0,0.0,1,8.77,4.0,4.0,123.03,12.0,2.0,1,1,2.0,3.5553480614894135,5.594116407101765,0.029121863799283155,0,0.0,0.20265468168022888,-1.3697844025237593,True
1064,대조,0,4.0,5.0,84.18,40.0,2.0,4.529999999999999,0.0,0.0,0,45.2,23.0,22.0,440.3,3.0,4.0,1,1,4.0,1.791759469228055,4.444766664495067,0.053813257305773333,0,0.0,0.12634176955426507,-1.9336985668400601,True
1065,처치,1,24.0,3.0,447.44,240.0,2.0,9.17,0.0,0.0,0,17.78,7.0,6.0,249.05,3.0,24.0,1,1,24.0,1.3862943611198906,6.105774893285393,0.02049436795994994,0,0.0,0.1793060663029762,-1.5210560296920752,True
1066,대조,0,1.0,42.0,475.28000000000003,363.0,13.0,29.59,0.0,0.0,1,12.71,10.0,8.0,186.85,15.0,1.0,1,1,1.0,3.7612001156935624,6.166005916582974,0.062258037367446555,0,0.0,0.22623740205031964,-1.2296802060617646,True
1067,대조,0,6.0,11.0,402.83,11742.0,5.0,14.39,0.0,0.0,0,0.0,0.0,0.0,0.0,0.0,6.0,0,0,6.0,2.4849066497880004,6.0009939973241115,0.035722264975299754,0,0.0,0.17995498691168335,-1.5166524858578747,True
1069,대조,0,28.0,5.0,458.71,129.0,2.0,11.97,0.0,0.0,1,0.0,0.0,0.0,110.52000000000001,2.0,28.0,0,1,28.0,1.791759469228055,6.130595855892963,0.026094918358003972,0,0.0,0.20761441723298066,-1.3393655242182207,True
1070,처치,1,3.0,35.0,930.67,74064.0,21.0,52.97,0.0,0.0,1,13.24,10.0,6.0,375.89,12.0,3.0,1,1,3.0,3.58351893845611,6.8369786747322205,0.056915985257932455,0,0.0,0.24373046174876822,-1.1323348949783354,True
1071,대조,0,9.0,15.0,162.93,102.0,1.0,1.25,0.0,0.0,0,8.29,8.0,7.0,100.61,9.0,9.0,1,1,9.0,2.772588722239781,5.099439507438365,0.00767200638310931,0,0.0,0.16982070010739383,-1.5868985262211626,True
1072,대조,0,5.0,9.0,305.38,259.0,18.0,38.54,0.0,0.0,0,29.59,17.0,14.0,380.23,5.0,5.0,1,1,5.0,2.302585092994046,5.72482616158455,0.12620341869146637,0,0.0,0.17172551494532942,-1.573447244381251,True
1073,대조,0,2.0,14.0,440.08,59230.0,10.0,31.9,0.0,0.0,0,16.990000000000002,8.0,4.0,94.88,3.0,2.0,1,1,2.0,2.70805020110221,6.089226264890478,0.07248682057807672,0,0.0,0.18434325688055758,-1.4871940623206223,True
1074,대조,0,9.0,21.0,964.86,42340.0,12.0,31.63,0.0,0.0,1,26.200000000000003,12.0,7.0,300.16,8.0,9.0,1,1,9.0,3.091042453358316,6.873018896173276,0.03278195800427005,0,0.0,0.23735877249682097,-1.1672149032424362,True
1075,대조,0,11.0,7.0,98.53,41.0,3.0,5.67,0.0,0.0,0,19.36,11.0,9.0,391.27,9.0,11.0,1,1,11.0,2.0794415416798357,4.600459106257972,0.057545925098954634,0,0.0,0.14589549437003174,-1.767162984812927,True
1076,대조,0,12.0,19.0,572.27,160.0,1.0,3.49,0.0,0.0,1,2.79,1.0,1.0,92.36,3.0,12.0,1,1,12.0,2.995732273553991,6.3513568099213895,0.006098519929403953,0,0.0,0.22256763566738497,-1.2507656131162155,True
1078,대조,0,1.0,53.0,1389.38,171501.0,24.0,67.49,0.0,0.0,0,40.75,15.0,12.0,631.12,28.0,1.0,1,1,1.0,3.9889840465642745,7.237332370057844,0.048575623659474,0,0.0,0.25798732586097645,-1.0564558649262905,True
1081,대조,0,4.0,25.0,1646.68,12543.0,25.0,76.83,0.0,0.0,1,56.64,33.0,26.0,941.42,11.0,4.0,1,1,4.0,3.258096538021482,7.4071235168577765,0.046657516943182646,0,0.0,0.2505982844447871,-1.0954239789477256,True
1082,처치,1,2.0,7.0,129.48,132.0,2.0,4.8,0.0,0.0,1,0.0,0.0,0.0,69.76,5.0,2.0,0,1,2.0,2.0794415416798357,4.871219958312758,0.037071362372567196,0,0.0,0.14345354588856254,-1.7868972926751285,True
1083,대조,0,17.0,5.0,112.81,44.0,2.0,10.0,0.0,0.0,0,11.74,5.0,4.0,74.96,4.0,17.0,1,1,17.0,1.791759469228055,4.734530391293799,0.08864462370357237,0,0.0,0.1517574212749077,-1.7208833213458623,True
1084,대조,0,2.0,17.0,183.14000000000001,129.0,3.0,4.58,0.0,0.0,1,1.0,1.0,1.0,217.3,23.0,2.0,1,1,2.0,2.8903717578961645,5.2156963378597,0.02500819045538932,0,0.0,0.17224562267985222,-1.5697949676565561,True
1085,대조,0,5.0,16.0,613.78,27059.0,14.0,50.86,0.0,0.0,0,35.25,22.0,17.0,388.31,11.0,5.0,1,1,5.0,2.833213344056216,6.42126448023094,0.08286356675030142,0,0.0,0.20306701958426482,-1.3672345151463523,True
1087,대조,0,3.0,43.0,862.41,66587.0,13.0,36.0,0.0,0.0,0,4.5,4.0,2.0,260.74,11.0,3.0,1,1,3.0,3.784189633918261,6.760889665171516,0.04174348627682889,0,0.0,0.23907172613292496,-1.1577754846948731,True
1088,대조,0,9.0,11.0,188.51,125.0,1.0,1.29,0.0,0.0,0,0.0,0.0,0.0,55.870000000000005,5.0,9.0,0,1,9.0,2.4849066497880004,5.244441793578718,0.006843138295050661,0,0.0,0.1650362031385348,-1.6212235040648797,True
1089,대조,0,5.0,23.0,519.01,1695.0,8.0,28.23,0.0,0.0,0,2.33,1.0,1.0,265.77,6.0,5.0,1,1,5.0,3.1780538303479458,6.253848042159795,0.05439201556810081,0,0.0,0.2079390725144509,-1.3373932013108427,True
1091,대조,0,1.0,28.0,1457.31,206421.0,14.0,29.78,0.0,0.0,1,24.380000000000003,12.0,11.0,709.79,16.0,1.0,1,1,1.0,3.367295829986474,7.285033509995603,0.020434910897475487,0,0.0,0.24244762420249907,-1.1393069735804422,True
1094,대조,0,11.0,6.0,165.54,80.0,2.0,7.0,0.0,0.0,1,8.27,3.0,3.0,455.01,8.0,11.0,1,1,11.0,1.9459101490553132,5.115235520807674,0.0422858523619669,0,0.0,0.1587867771013312,-1.6672828850729569,True
1097,대조,0,22.0,24.0,1577.59,132373.0,6.0,34.75,0.0,0.0,0,40.1,17.0,13.0,885.12,11.0,22.0,1,1,22.0,3.2188758248682006,7.3642873225272645,0.02202726944263085,0,0.0,0.2767187343827666,-0.9607965812778454,True
1098,처치,1,2.0,53.0,1000.28,29532.0,16.0,55.57,0.0,0.0,0,23.68,15.0,14.0,676.23,25.0,2.0,1,1,2.0,3.9889840465642745,6.909034460480517,0.055554444755468474,0,0.0,0.25028173904226236,-1.0971102444062186,True
1102,대조,0,9.0,8.0,347.36,103.0,5.0,22.64,0.0,0.0,0,4.38,2.0,2.0,150.06,7.0,9.0,1,1,9.0,2.1972245773362196,5.853236427824539,0.06517733763242745,0,0.0,0.17467217085568204,-1.5528697683754895,True
1103,대조,0,5.0,40.0,1307.78,128345.0,19.0,77.12,0.0,0.0,1,32.63,9.0,9.0,575.41,21.0,5.0,1,1,5.0,3.713572066704308,7.17685068455813,0.05897016317729282,0,0.0,0.2640409688415581,-1.0250701768803976,True
1104,처치,1,2.0,9.0,158.85,58.0,2.0,5.0,0.0,0.0,0,4.0,2.0,2.0,83.39,5.0,2.0,1,1,2.0,2.302585092994046,5.074235875505851,0.03147623544224111,0,0.0,0.14717595418707813,-1.7569244110801903,True
1110,대조,0,,0.0,0.0,0.0,0.0,0.0,0.0,0.0,0,0.0,0.0,0.0,0.0,0.0,90.0,0,0,90.0,0.0,0.0,0.0,0,0.0,0.11145848676575056,-2.075929163761872,True
1111,대조,0,2.0,52.0,2445.63,1318.0,13.0,67.47,0.0,0.0,0,26.03,13.0,11.0,1428.91,33.0,2.0,1,1,2.0,3.970291913552122,7.802466846452133,0.02758798346438341,0,0.0,0.27633341726730376,-0.9627225950169875,True
1113,처치,1,3.0,28.0,674.52,22131.0,13.0,45.230000000000004,0.0,0.0,1,13.98,5.0,4.0,267.72,12.0,3.0,1,1,3.0,3.367295829986474,6.515482764659955,0.06705509102769378,0,0.0,0.22690852972174827,-1.2258503896175013,True
1116,처치,1,36.0,12.0,617.88,300.0,10.0,34.74,0.0,0.0,0,0.0,0.0,0.0,4.17,1.0,36.0,0,1,36.0,2.5649493574615367,6.427911392824875,0.056224509613517194,0,0.0,0.25444603748799216,-1.0750387358448117,True
1117,대조,0,7.0,28.0,458.05,10005.0,11.0,31.1,0.0,0.0,0,39.620000000000005,17.0,13.0,492.40000000000003,30.0,7.0,1,1,7.0,3.367295829986474,6.129159136589709,0.06789651784739657,0,0.0,0.21563652792766674,-1.2912782760430883,True
1119,대조,0,4.0,9.0,442.07,260.0,18.0,35.6,0.0,0.0,0,30.59,8.0,7.0,211.13,8.0,4.0,1,1,4.0,2.302585092994046,6.0937277711063285,0.08053023276856607,0,0.0,0.17621091598636301,-1.5422328673090913,True
1120,대조,0,3.0,14.0,294.82,114.0,1.0,2.78,0.0,0.0,1,5.79,3.0,3.0,167.05,6.0,3.0,1,1,3.0,2.70805020110221,5.689751161243224,0.00942948239603826,0,0.0,0.17913208130165412,-1.5222387998406268,True
1121,처치,1,2.0,10.0,344.54,169.0,1.0,5.0,0.0,0.0,0,26.8,12.0,9.0,340.91,9.0,2.0,1,1,2.0,2.3978952727983707,5.8451084107466365,0.01451210309398038,0,0.0,0.16584371799921468,-1.6153748862231563,True
1122,대조,0,9.0,26.0,424.49,26472.0,10.0,35.910000000000004,0.0,0.0,0,17.47,9.0,5.0,130.12,7.0,9.0,1,1,9.0,3.295836866004329,6.053241445974626,0.08459563240594596,0,0.0,0.2161105778881553,-1.2884777558204852,True
1123,처치,1,3.0,5.0,310.55,111.0,2.0,10.57,0.0,0.0,1,11.96,7.0,4.0,219.34,2.0,3.0,1,1,3.0,1.791759469228055,5.741559838990231,0.034036387055224604,0,0.0,0.15591685793256263,-1.6889280960987134,True
1124,대조,0,2.0,10.0,46.02,28.0,2.0,4.58,0.0,0.0,0,12.56,7.0,6.0,150.97,3.0,2.0,1,1,2.0,2.3978952727983707,3.8505730431119236,0.09952194697957409,0,0.0,0.12849158207312542,-1.914362131006882,True
1125,대조,0,,0.0,0.0,0.0,0.0,0.0,0.0,0.0,0,0.0,0.0,0.0,0.0,0.0,90.0,0,0,90.0,0.0,0.0,0.0,0,0.0,0.11145848676575056,-2.075929163761872,True
1126,대조,0,3.0,3.0,172.53,86.0,8.0,24.13,0.0,0.0,0,41.06,22.0,15.0,330.64,3.0,3.0,1,1,3.0,1.3862943611198906,5.156350495102412,0.13985973453892075,0,0.0,0.13332974709660356,-1.8718332119956858,True
1127,대조,0,86.0,1.0,36.1,13.0,1.0,5.0,0.0,0.0,0,0.0,0.0,0.0,0.0,0.0,86.0,0,0,86.0,0.6931471805599453,3.6136169696133895,0.13850415512465372,0,0.0,0.21133615880623363,-1.3168901378439297,True
1128,대조,0,6.0,27.0,274.96,22279.0,8.0,19.13,0.0,0.0,1,18.11,5.0,5.0,195.35,14.0,6.0,1,1,6.0,3.332204510175204,5.620255927677908,0.0695737561827175,0,0.0,0.206260438043143,-1.3476157672016216,True
1130,처치,1,1.0,57.0,957.57,4337.0,16.0,44.7,0.0,0.0,1,19.29,13.0,10.0,376.98,22.0,1.0,1,1,1.0,4.060443010546419,6.865442590596338,0.04668066042169241,0,0.0,0.2576533444047425,-1.0582012697887495,True
1131,대조,0,11.0,1.0,32.32,21.0,0.0,0.0,0.0,0.0,1,6.79,1.0,1.0,28.95,2.0,11.0,1,1,11.0,0.6931471805599453,3.506157817298642,0.0,0,0.0,0.09894734417122554,-2.208975865862583,False
1132,대조,0,20.0,9.0,218.11,102.0,9.0,19.810000000000002,0.0,0.0,0,4.22,2.0,2.0,247.22,5.0,20.0,1,1,20.0,2.302585092994046,5.389573886819589,0.09082573013616983,0,0.0,0.18663947181511453,-1.4719956676100467,True
1133,대조,0,24.0,3.0,42.57,23.0,0.0,0.0,0.0,0.0,0,0.0,0.0,0.0,98.08,10.0,24.0,0,1,24.0,1.3862943611198906,3.774368840129351,0.0,0,0.0,0.12776242839674928,-1.9208893200870951,True
1134,대조,0,3.0,2.0,225.79,93.0,3.0,7.26,0.0,0.0,0,44.94,16.0,12.0,398.91,4.0,3.0,1,1,3.0,1.0986122886681098,5.424024479170771,0.03215377120333053,0,0.0,0.1266989208329087,-1.9304668053615264,True
1136,대조,0,27.0,4.0,304.71,161.0,2.0,4.0,0.0,0.0,0,0.0,0.0,0.0,104.43,2.0,27.0,0,1,27.0,1.6094379124341003,5.722636940170732,0.013127235732335664,0,0.0,0.18113129355121868,-1.5087016143739254,True
1137,대조,0,1.0,22.0,281.24,12622.0,1.0,1.59,0.0,0.0,1,7.6899999999999995,4.0,3.0,163.11,9.0,1.0,1,1,1.0,3.1354942159291497,5.642757772818427,0.005653534347887925,0,0.0,0.1872341576205493,-1.4680830379892287,True
1138,처치,1,7.0,21.0,453.69,221.0,12.0,45.29,0.0,0.0,1,31.88,25.0,7.0,303.42,15.0,7.0,1,1,7.0,3.091042453358316,6.1196158680665835,0.09982587229165289,0,0.0,0.21610881610880403,-1.2884881555482068,True
1139,대조,0,1.0,19.0,900.47,327.0,9.0,23.91,0.0,0.0,0,26.65,11.0,10.0,474.51,8.0,1.0,1,1,1.0,2.995732273553991,6.804026764219435,0.026552800204337736,0,0.0,0.20755345619544213,-1.3397361241524999,True
1141,대조,0,4.0,10.0,89.14,70.0,0.0,0.0,0.0,0.0,0,4.5,3.0,1.0,89.98,9.0,4.0,1,1,4.0,2.3978952727983707,4.501364017262502,0.0,0,0.0,0.1389605528232637,-1.8239502186989605,True
1142,대조,0,2.0,36.0,1622.88,103803.0,36.0,74.15,0.0,0.0,1,56.230000000000004,27.0,23.0,795.84,16.0,2.0,1,1,2.0,3.6109179126442243,7.392573626365887,0.04569037760031549,0,0.0,0.2592694397848279,-1.049769113724193,True
1145,대조,0,21.0,10.0,305.26,166.0,5.0,16.75,0.0,0.0,0,5.97,5.0,4.0,319.78000000000003,5.0,21.0,1,1,21.0,2.3978952727983707,5.724434414387062,0.054871257288868505,0,0.0,0.19780278739564214,-1.400083967561336,True
1146,대조,0,1.0,52.0,1244.07,642.0,25.0,70.28999999999999,0.0,0.0,1,41.11,18.0,10.0,506.41,21.0,1.0,1,1,1.0,3.970291913552122,7.126947032217846,0.05650003617159806,0,0.0,0.26338143387573504,-1.0284669084577485,True
1151,대조,0,2.0,10.0,200.29,45.0,1.0,5.49,0.0,0.0,1,0.0,0.0,0.0,13.16,2.0,2.0,0,1,2.0,2.3978952727983707,5.3047466543129405,0.027410255130061414,0,0.0,0.16061479112353128,-1.653660833255315,True
1153,대조,0,5.0,17.0,350.53000000000003,166.0,0.0,0.0,0.0,0.0,0,10.0,6.0,3.0,186.38,6.0,5.0,1,1,5.0,2.8903717578961645,5.862295056115144,0.0,0,0.0,0.18478562817266744,-1.4842547250157958,True
1154,대조,0,3.0,14.0,334.93,137.0,26.0,73.74000000000001,0.0,0.0,1,55.18,22.0,18.0,371.06,17.0,3.0,1,1,3.0,2.70805020110221,5.816902804925467,0.22016540769713078,0,0.0,0.19585856534063087,-1.4123823741203159,True
1157,대조,0,1.0,17.0,422.28000000000003,157.0,1.0,3.99,0.0,0.0,0,6.48,2.0,2.0,166.04,6.0,1.0,1,1,1.0,2.8903717578961645,6.048033898595876,0.0094487070190395,0,0.0,0.18315206927036243,-1.495136158849074,True
1158,대조,0,5.0,21.0,307.12,159.0,0.0,0.0,0.0,0.0,1,5.87,3.0,3.0,218.52,9.0,5.0,1,1,5.0,3.091042453358316,5.730489317484765,0.0,0,0.0,0.19486120629620196,-1.4187271345388437,True
1159,대조,0,1.0,61.0,1238.17,60891.0,18.0,32.69,0.0,0.0,1,43.0,25.0,23.0,580.01,28.0,1.0,1,1,1.0,4.127134385045092,7.122197079642407,0.026401867271860887,0,0.0,0.26695696475704406,-1.0101169465482835,True
1160,대조,0,2.0,9.0,434.76,4431.0,4.0,12.76,0.0,0.0,1,16.11,12.0,5.0,366.27,12.0,2.0,1,1,2.0,2.302585092994046,6.077091633075419,0.02934952617536112,0,0.0,0.176163446046364,-1.5425599185735028,True
1163,대조,0,1.0,29.0,888.41,45219.0,13.0,33.84,0.0,0.0,1,21.009999999999998,15.0,8.0,299.36,14.0,1.0,1,1,1.0,3.4011973816621555,6.790558321548355,0.03809052126833332,0,0.0,0.23005592955403226,-1.2079954250894291,True
1164,대조,0,17.0,13.0,460.49,191.0,1.0,2.0,0.0,0.0,1,23.86,6.0,4.0,270.5,5.0,17.0,1,1,17.0,2.6390573296152584,6.134460385235769,0.0043431996351712306,0,0.0,0.21371610750838682,-1.3026693797127924,True
1165,대조,0,16.0,9.0,240.09,97.0,1.0,1.25,0.0,0.0,0,0.0,0.0,0.0,63.27,3.0,16.0,0,1,16.0,2.302585092994046,5.485170307761209,0.005206380940480653,0,0.0,0.17683539132777912,-1.537936883850874,True
1166,대조,0,4.0,82.0,1811.1100000000001,216476.0,41.0,174.72,0.0,0.0,1,79.56,23.0,22.0,801.63,31.0,4.0,1,1,4.0,4.418840607796598,7.502247191162132,0.09647122482897227,0,0.0,0.3050697816435733,-0.8232708925688353,True
1167,대조,0,1.0,22.0,919.62,19070.0,21.0,71.18,0.0,0.0,1,13.17,5.0,4.0,235.88,7.0,1.0,1,1,1.0,3.1354942159291497,6.825047356109139,0.0774015354168026,0,0.0,0.22451438373061314,-1.2395496595589721,True
1169,대조,0,2.0,20.0,823.74,393.0,12.0,24.03,0.0,0.0,1,25.9,14.0,11.0,468.57,12.0,2.0,1,1,2.0,3.044522437723423,6.715068185148855,0.029171826061621386,0,0.0,0.21666674054965238,-1.2851978089314746,True
1172,처치,1,21.0,12.0,335.56,173.0,8.0,26.15,0.0,0.0,1,1.34,1.0,1.0,118.43,7.0,21.0,1,1,21.0,2.5649493574615367,5.818776439282265,0.07792943139825963,0,0.0,0.21522122844356315,-1.2937353897840962,True
1174,대조,0,3.0,12.0,283.28000000000003,163.0,8.0,13.68,0.0,0.0,1,22.84,13.0,12.0,312.8,19.0,3.0,1,1,3.0,2.5649493574615367,5.6499596679586945,0.04829144309517085,0,0.0,0.17630329107872436,-1.5415966337360416,True
1175,대조,0,3.0,19.0,1017.73,73568.0,22.0,66.1,0.0,0.0,1,29.72,9.0,9.0,501.75,8.0,3.0,1,1,3.0,2.995732273553991,6.926312032460523,0.06494846373792655,0,0.0,0.22563822295410765,-1.2331062433299964,True
1178,처치,1,4.0,23.0,517.25,37508.0,17.0,34.7,0.0,0.0,1,22.33,16.0,14.0,283.35,13.0,4.0,1,1,4.0,3.1780538303479458,6.2504577513158885,0.06708554857419044,0,0.0,0.21464294608880238,-1.297162528373796,True
1179,대조,0,2.0,14.0,799.39,329.0,12.0,33.07,0.0,0.0,1,30.96,13.0,10.0,456.84000000000003,8.0,2.0,1,1,2.0,2.70805020110221,6.685099108878408,0.04136904389597068,0,0.0,0.20533113125308058,-1.353301560196347,True
1180,대조,0,3.0,16.0,417.04,23486.0,4.0,11.36,0.0,0.0,0,13.120000000000001,8.0,6.0,224.14,8.0,3.0,1,1,3.0,2.833213344056216,6.035577121726303,0.02723959332438135,0,0.0,0.18567988945076416,-1.4783293783096056,True
1181,대조,0,36.0,12.0,237.99,6330.0,13.0,39.85,0.0,0.0,0,23.490000000000002,5.0,4.0,112.87,2.0,36.0,1,1,36.0,2.5649493574615367,5.476421710051968,0.1674440102525316,0,0.0,0.23361915652036408,-1.1879869776404581,True
1182,처치,1,9.0,39.0,436.71,36064.0,18.0,45.27,0.0,0.0,0,4.12,3.0,3.0,124.41,5.0,9.0,1,1,9.0,3.6888794541139363,6.08155659063452,0.10366146870921207,0,0.0,0.23217802234671467,-1.1960534912326874,True
1184,처치,1,55.0,2.0,152.29,65.0,5.0,17.18,0.0,0.0,0,0.0,0.0,0.0,0.0,0.0,55.0,0,0,55.0,1.0986122886681098,5.032331552178016,0.11281108411583164,0,0.0,0.2035788658215706,-1.364074632137666,True
1186,대조,0,9.0,5.0,289.0,109.0,1.0,2.99,0.0,0.0,1,7.0,3.0,3.0,366.75,5.0,9.0,1,1,9.0,1.791759469228055,5.66988092298052,0.010346020761245675,0,0.0,0.16220946213489534,-1.6418796382233696,True
1187,대조,0,,0.0,0.0,0.0,0.0,0.0,0.0,0.0,0,13.5,5.0,5.0,82.87,5.0,90.0,1,1,90.0,0.0,0.0,0.0,0,0.0,0.11145848676575056,-2.075929163761872,True
1188,대조,0,1.0,25.0,781.05,12304.0,23.0,40.05,0.0,0.0,1,6.63,7.0,7.0,181.77,7.0,1.0,1,1,1.0,3.258096538021482,6.6619186771202505,0.05127712694449779,0,0.0,0.22217305368683982,-1.2530474660761,True
1190,대조,0,7.0,43.0,428.15000000000003,23014.0,13.0,37.8,0.0,0.0,1,13.8,5.0,5.0,89.0,7.0,7.0,1,1,7.0,3.784189633918261,6.061806508164229,0.08828681536844563,0,0.0,0.2382052030052774,-1.1625447244437597,True
1191,대조,0,12.0,11.0,324.27,131.0,6.0,15.48,0.0,0.0,0,7.67,4.0,3.0,109.46,5.0,12.0,1,1,12.0,2.4849066497880004,5.784655606662756,0.04773799611434916,0,0.0,0.1855965784925085,-1.4788804617133096,True
1193,대조,0,1.0,32.0,603.1,351.0,13.0,24.46,0.0,0.0,0,9.0,4.0,3.0,284.41,13.0,1.0,1,1,1.0,3.4965075614664802,6.403739747144695,0.04055712153871663,0,0.0,0.21424510589951604,-1.2995241899560876,True
1197,처치,1,2.0,15.0,836.1800000000001,26212.0,9.0,40.54,0.0,0.0,1,2.0,1.0,1.0,131.49,4.0,2.0,1,1,2.0,2.772588722239781,6.730039101132171,0.04848238417565595,0,0.0,0.209210426004253,-1.3296913386414726,True
1203,대조,0,6.0,9.0,862.05,6352.0,24.0,80.37,0.0,0.0,0,38.2,19.0,12.0,280.99,5.0,6.0,1,1,6.0,2.302585092994046,6.760472626832698,0.09323125108752393,0,0.0,0.19749821045397611,-1.4020045616579777,True
1204,대조,0,20.0,5.0,62.45,31.0,1.0,1.89,0.0,0.0,0,15.36,13.0,7.0,173.97,5.0,20.0,1,1,20.0,1.791759469228055,4.150252194160397,0.030264211369095274,0,0.0,0.1407665653169928,-1.8089376834466324,True
1206,대조,0,2.0,85.0,1031.52,558.0,31.0,67.48,0.0,0.0,0,16.080000000000002,5.0,4.0,260.11,8.0,2.0,1,1,2.0,4.454347296253507,6.939757695107631,0.06541802388707926,0,0.0,0.2702235032033731,-0.9934889122798543,True
1207,대조,0,1.0,20.0,117.64,67.0,0.0,0.0,0.0,0.0,0,2.25,1.0,1.0,39.7,6.0,1.0,1,1,1.0,3.044522437723423,4.776093697829677,0.0,0,0.0,0.15692333843714773,-1.681300496963802,True
1211,대조,0,6.0,21.0,1351.07,84268.0,9.0,46.68,0.0,0.0,0,33.77,9.0,7.0,607.37,16.0,6.0,1,1,6.0,3.091042453358316,7.209392030410552,0.034550393391904195,0,0.0,0.23298849636750538,-1.1915127189382657,True
1216,대조,0,8.0,12.0,534.33,241.0,5.0,12.88,0.0,0.0,0,42.7,22.0,17.0,532.98,15.0,8.0,1,1,8.0,2.5649493574615367,6.282883379169149,0.024104953867460182,0,0.0,0.19232132903840546,-1.4349967330897921,True
1217,대조,0,28.0,6.0,212.83,4909.0,2.0,6.99,0.0,0.0,0,0.0,0.0,0.0,185.73,3.0,28.0,0,1,28.0,1.9459101490553132,5.365181306801544,0.03284311422261899,0,0.0,0.18532164290593947,-1.4807004557248782,True
1218,대조,0,11.0,11.0,288.81,42274.0,5.0,10.14,0.0,0.0,1,2.0,1.0,1.0,89.03999999999999,5.0,11.0,1,1,11.0,2.4849066497880004,5.66922553584749,0.035109587618157266,0,0.0,0.18723351723498838,-1.4680872461427772,True
1219,대조,0,1.0,10.0,53.83,31.0,1.0,1.59,0.0,0.0,1,8.58,2.0,2.0,53.29,8.0,1.0,1,1,1.0,2.3978952727983707,4.004237489415957,0.02953743265836894,0,0.0,0.1321013426624069,-1.8825055781631441,True
1222,대조,0,2.0,28.0,1141.03,529.0,15.0,55.27,0.0,0.0,1,4.99,3.0,2.0,386.25,14.0,2.0,1,1,2.0,3.367295829986474,7.040562659573189,0.0484386913578083,0,0.0,0.23920134206374466,-1.1570631145180148,True
1223,대조,0,53.0,3.0,83.15,39.0,0.0,0.0,0.0,0.0,0,0.88,1.0,1.0,14.44,2.0,53.0,1,1,53.0,1.3862943611198906,4.432600920636815,0.0,0,0.0,0.18591130312033352,-1.4767996292594938,True
1224,대조,0,1.0,16.0,552.12,361.0,30.0,48.04,0.0,0.0,0,10.120000000000001,5.0,5.0,193.32,6.0,1.0,1,1,1.0,2.833213344056216,6.315574976173314,0.087010070274578,0,0.0,0.19321609164874073,-1.4292466524356227,True
1226,대조,0,2.0,12.0,923.84,498.0,15.0,33.12,0.0,0.0,1,52.410000000000004,37.0,21.0,424.2,6.0,2.0,1,1,2.0,2.5649493574615367,6.829620749577902,0.03585036369934187,0,0.0,0.2041797571647014,-1.3603725663376995,True
1227,대조,0,1.0,9.0,191.38,88.0,7.0,16.44,0.0,0.0,0,0.0,0.0,0.0,0.0,0.0,1.0,0,0,1.0,2.302585092994046,5.259472582724469,0.08590239314452922,0,0.0,0.15258309481221624,-1.7144834558050126,True
1228,대조,0,1.0,118.0,1911.71,134793.0,33.0,77.81,0.0,0.0,1,23.869999999999997,14.0,13.0,711.12,39.0,1.0,1,1,1.0,4.77912349311153,7.55627636359425,0.040701780081706954,0,0.0,0.3102137890471819,-0.7991200085093619,True
1229,처치,1,3.0,49.0,2187.64,224111.0,19.0,48.19,0.0,0.0,1,59.760000000000005,24.0,18.0,1202.95,24.0,3.0,1,1,3.0,3.912023005428146,7.691035625341134,0.022028304474227937,0,0.0,0.28148849082658056,-0.9370901621446005,True
1233,처치,1,8.0,4.0,128.23000000000002,24057.0,0.0,0.0,0.0,0.0,0,5.0,2.0,2.0,165.89,1.0,8.0,1,1,8.0,1.6094379124341003,4.8615937625371,0.0,0,0.0,0.13270021784770214,-1.8772921035187546,True
1234,대조,0,8.0,9.0,697.63,240.0,9.0,22.61,0.0,0.0,1,25.52,11.0,6.0,380.93,7.0,8.0,1,1,8.0,2.302585092994046,6.549121274479621,0.032409730086148815,0,0.0,0.19892333329669817,-1.3930371655477716,True
1236,대조,0,2.0,49.0,1217.43,593.0,25.0,72.8,0.0,0.0,1,1.34,1.0,1.0,147.99,14.0,2.0,1,1,2.0,3.912023005428146,7.105318423733504,0.05979809927470162,0,0.0,0.2628870556856076,-1.0310166353014012,True
1237,대조,0,2.0,5.0,270.78000000000003,111.0,4.0,11.31,0.0,0.0,0,1.6,2.0,1.0,34.38,1.0,2.0,1,1,2.0,1.791759469228055,5.6049929154923515,0.0417682251274097,0,0.0,0.14590657632355675,-1.767074054513309,True
1239,대조,0,8.0,5.0,472.7,209.0,10.0,34.82,0.0,0.0,0,9.0,5.0,4.0,196.58,3.0,8.0,1,1,8.0,1.791759469228055,6.160574209929706,0.07366194203511742,0,0.0,0.16918430553489966,-1.5914192966256377,True
1240,대조,0,2.0,31.0,1533.71,38994.0,18.0,67.34,0.0,0.0,1,16.73,9.0,5.0,423.8,6.0,2.0,1,1,2.0,3.4657359027997265,7.336096717091273,0.04390660555124502,0,0.0,0.251727150316292,-1.0894219196773254,True
1245,처치,1,4.0,18.0,437.31,21906.0,4.0,7.9799999999999995,0.0,0.0,0,4.26,3.0,3.0,266.56,15.0,4.0,1,1,4.0,2.9444389791664403,6.082926422587722,0.018247924813061672,0,0.0,0.19152795637862002,-1.4401123160610954,True
1246,대조,0,12.0,13.0,1029.52,60570.0,18.0,75.15,0.0,0.0,0,23.34,7.0,6.0,253.12,4.0,12.0,1,1,12.0,2.6390573296152584,6.937818808196522,0.07299518222084078,0,0.0,0.22382405461142674,-1.2435189555044028,True
1247,대조,0,4.0,17.0,1012.9,485.0,15.0,66.68,0.0,0.0,1,26.27,12.0,8.0,508.97,10.0,4.0,1,1,4.0,2.8903717578961645,6.921559559958534,0.06583078290058249,0,0.0,0.22384757257181803,-1.2433835873584955,True
1248,대조,0,4.0,34.0,1880.74,82412.0,31.0,132.01,0.0,0.0,1,47.11,32.0,15.0,547.84,11.0,4.0,1,1,4.0,3.5553480614894135,7.5399521596983154,0.07019045694779714,0,0.0,0.2683518402679744,-1.0030007859904495,True
1251,대조,0,3.0,8.0,51.2,12.0,0.0,0.0,0.0,0.0,0,1.19,1.0,1.0,33.43,8.0,3.0,1,1,3.0,2.1972245773362196,3.955082494888593,0.0,0,0.0,0.12262565839042036,-1.967797457632856,True
1256,처치,1,3.0,25.0,835.62,25673.0,10.0,64.12,0.0,0.0,1,10.42,7.0,4.0,296.04,10.0,3.0,1,1,3.0,3.258096538021482,6.729369965009701,0.07673344343122472,0,0.0,0.23005041827312728,-1.2080265396437633,True
1257,대조,0,,0.0,0.0,0.0,0.0,0.0,0.0,0.0,1,0.0,0.0,0.0,0.0,0.0,90.0,0,0,90.0,0.0,0.0,0.0,0,0.0,0.11619600321826616,-2.028956866841588,True
1258,처치,1,2.0,17.0,209.75,90.0,0.0,0.0,0.0,0.0,1,10.88,4.0,4.0,201.88,16.0,2.0,1,1,2.0,2.8903717578961645,5.350672596881965,0.0,0,0.0,0.17398414625664857,-1.5576497851347673,True
1259,대조,0,16.0,4.0,162.41,83.0,3.0,12.260000000000002,0.0,0.0,0,2.33,1.0,1.0,140.53,3.0,16.0,1,1,16.0,1.6094379124341003,5.096262380063693,0.07548796256388154,0,0.0,0.15262395180343216,-1.7141675081264163,True
1260,처치,1,2.0,28.0,1675.0900000000001,13191.0,8.0,14.02,0.0,0.0,1,12.06,4.0,4.0,674.52,12.0,2.0,1,1,2.0,3.367295829986474,7.424218978884283,0.008369699538532257,0,0.0,0.2479614796987857,-1.1095141361369785,True
1261,대조,0,6.0,24.0,389.89,337.0,7.0,30.340000000000003,0.0,0.0,1,32.69,11.0,8.0,245.42,13.0,6.0,1,1,6.0,3.2188758248682006,5.968426190481406,0.07781682012875428,0,0.0,0.21270475800518882,-1.308698235211018,True
1263,처치,1,2.0,26.0,946.26,347.0,8.0,29.17,0.0,0.0,1,11.780000000000001,4.0,4.0,696.14,12.0,2.0,1,1,2.0,3.295836866004329,6.853573606718152,0.03082662270411938,0,0.0,0.22964395275292504,-1.2103227290210297,True
1264,처치,1,10.0,14.0,1105.32,31407.0,17.0,56.61,0.0,0.0,1,13.97,6.0,5.0,294.29,6.0,10.0,1,1,10.0,2.70805020110221,7.008794471156403,0.051215937466073176,0,0.0,0.23097566914306605,-1.202810232021644,True
1265,대조,0,27.0,3.0,108.21000000000001,61.0,5.0,5.2,0.0,0.0,0,10.24,8.0,5.0,137.69,2.0,27.0,1,1,27.0,1.3862943611198906,4.693272634209637,0.048054708437297845,0,0.0,0.1529054945092494,-1.7119922175567037,True
1266,처치,1,1.0,15.0,233.57,96.0,0.0,0.0,0.0,0.0,0,0.0,0.0,0.0,62.57,3.0,1.0,0,1,1.0,2.772588722239781,5.457754050804533,0.0,0,0.0,0.16492499792457507,-1.622030731136964,True
1269,대조,0,6.0,11.0,271.74,137.0,11.0,21.02,0.0,0.0,0,23.310000000000002,6.0,6.0,243.57,5.0,6.0,1,1,6.0,2.4849066497880004,5.608518960429688,0.0773533524692721,0,0.0,0.1729267538777046,-1.5650251427152102,True
1270,대조,0,9.0,6.0,122.42,37.0,2.0,6.87,0.0,0.0,1,6.390000000000001,2.0,2.0,349.98,5.0,9.0,1,1,9.0,1.9459101490553132,4.815593172892921,0.05611828132658062,0,0.0,0.14997926314214433,-1.734763706669739,True
1271,대조,0,17.0,13.0,537.36,262.0,10.0,19.31,0.0,0.0,0,7.67,4.0,4.0,274.34000000000003,9.0,17.0,1,1,17.0,2.6390573296152584,6.288527481365515,0.03593494119398541,0,0.0,0.21240015304715204,-1.3105181425155337,True
1272,대조,0,1.0,32.0,1098.27,12067.0,23.0,46.08,0.0,0.0,1,15.18,9.0,8.0,701.39,19.0,1.0,1,1,1.0,3.4965075614664802,7.0024016021187405,0.04195689584528395,0,0.0,0.2402143536657073,-1.1515046841980963,True
1277,대조,0,2.0,61.0,970.75,10913.0,9.0,21.560000000000002,0.0,0.0,0,40.36,14.0,11.0,585.9,23.0,2.0,1,1,2.0,4.127134385045092,6.879098569732332,0.02220963172804533,0,0.0,0.25196887382592903,-1.0881390263220296,True
1279,대조,0,2.0,29.0,705.44,355.0,20.0,39.86,0.0,0.0,0,23.8,13.0,13.0,315.72,15.0,2.0,1,1,2.0,3.4011973816621555,6.560238272828171,0.05650374234520299,0,0.0,0.21850876918754975,-1.2743777815174446,True
1282,대조,0,2.0,32.0,785.61,426.0,20.0,42.82,0.0,0.0,0,40.33,24.0,17.0,370.55,21.0,2.0,1,1,2.0,3.4965075614664802,6.667732572858675,0.054505416173419384,0,0.0,0.22480854237774467,-1.237860923738149,True
1284,대조,0,6.0,7.0,81.06,42.0,4.0,14.92,0.0,0.0,0,0.0,0.0,0.0,0.0,0.0,6.0,0,0,6.0,2.0794415416798357,4.40745068701404,0.1840611892425364,0,0.0,0.1413731663743761,-1.803931443659307,True
1285,대조,0,2.0,17.0,570.03,15535.0,11.0,24.87,0.0,0.0,1,31.330000000000002,16.0,14.0,377.48,14.0,2.0,1,1,2.0,2.8903717578961645,6.347441747680417,0.0436292826693332,0,0.0,0.20228736083993137,-1.3720591663839452,True
1287,처치,1,9.0,24.0,370.26,198.0,5.0,9.72,0.0,0.0,0,8.92,3.0,3.0,209.49,10.0,9.0,1,1,9.0,3.2188758248682006,5.916902625781077,0.026251823043266898,0,0.0,0.2056313747589567,-1.3514624941315758,True
1288,대조,0,55.0,8.0,207.11,111.0,2.0,4.59,0.0,0.0,0,1.0,1.0,1.0,54.42,2.0,55.0,1,1,55.0,2.1972245773362196,5.33806678606532,0.022162136062961708,0,0.0,0.24449821365107363,-1.1281741434115413,True
1289,대조,0,1.0,73.0,197.89000000000001,142.0,1.0,2.5,0.0,0.0,0,0.0,0.0,0.0,75.35,31.0,1.0,0,1,1.0,4.30406509320417,5.2927519080751555,0.012633281115771387,0,0.0,0.20849786030668055,-1.3340038037889266,True
1291,대조,0,1.0,8.0,154.1,62.0,2.0,3.0,0.0,0.0,1,20.34,10.0,10.0,180.42000000000002,7.0,1.0,1,1,1.0,2.1972245773362196,5.044070070182493,0.01946787800129786,0,0.0,0.14767953628427163,-1.7529179564854505,True
1292,처치,1,23.0,3.0,62.160000000000004,29.0,0.0,0.0,0.0,0.0,0,0.0,0.0,0.0,14.36,1.0,23.0,0,1,23.0,1.3862943611198906,4.145671189387442,0.0,0,0.0,0.13353164787119876,-1.8700870722393934,True
1293,대조,0,4.0,12.0,87.01,96.0,0.0,0.0,0.0,0.0,0,0.0,0.0,0.0,54.77,6.0,4.0,0,1,4.0,2.5649493574615367,4.47745044438572,0.0,0,0.0,0.1425703523372429,-1.7941035536414796,True
1294,대조,0,3.0,8.0,640.28,305.0,12.0,43.36,0.0,0.0,0,5.5,2.0,2.0,189.66,5.0,3.0,1,1,3.0,2.1972245773362196,6.4634661790163905,0.06772037233710251,0,0.0,0.17969298362224376,-1.518428932325163,True
1296,대조,0,6.0,13.0,289.89,187.0,8.0,28.21,0.0,0.0,1,16.97,6.0,5.0,116.41,4.0,6.0,1,1,6.0,2.6390573296152584,5.6729451888360325,0.09731277381075581,0,0.0,0.18730560704286411,-1.4676135932953318,True
1297,대조,0,38.0,5.0,70.03,28.0,4.0,6.65,0.0,0.0,1,0.0,0.0,0.0,26.73,2.0,38.0,0,1,38.0,1.791759469228055,4.2631023230097185,0.09495930315579038,0,0.0,0.18112115513696175,-1.5087699696017962,True
1299,처치,1,3.0,28.0,840.19,45592.0,23.0,47.15,0.0,0.0,1,8.280000000000001,2.0,2.0,319.48,6.0,3.0,1,1,3.0,3.367295829986474,6.7348175559785215,0.05611825896523405,0,0.0,0.23260879917125762,-1.1936386425387777,True
1300,대조,0,15.0,7.0,100.08,43.0,4.0,8.74,0.0,0.0,1,0.0,0.0,0.0,35.38,4.0,15.0,0,1,15.0,2.0794415416798357,4.615912282519994,0.08733013589128698,0,0.0,0.1598871214892957,-1.659068186422436,True
1301,대조,0,4.0,21.0,452.05,165.0,6.0,24.66,0.0,0.0,0,0.0,0.0,0.0,83.66,5.0,4.0,0,1,4.0,3.091042453358316,6.11600249466807,0.05455148766729344,0,0.0,0.1994719133634588,-1.3895981769147652,True
1303,대조,0,7.0,18.0,445.05,52968.0,2.0,7.18,0.0,0.0,0,12.39,6.0,6.0,415.84000000000003,10.0,7.0,1,1,7.0,2.9444389791664403,6.1004310533597925,0.01613301876193686,0,0.0,0.19725347742510602,-1.4035494119675571,True
1304,대조,0,8.0,7.0,75.31,46.0,0.0,0.0,0.0,0.0,0,0.0,0.0,0.0,27.17,4.0,8.0,0,1,8.0,2.0794415416798357,4.334803991301542,0.0,0,0.0,0.13349225067962925,-1.8704276235471384,True
1305,대조,0,1.0,116.0,2104.57,56164.0,28.0,88.22,0.0,0.0,1,25.3,21.0,15.0,488.89,25.0,1.0,1,1,1.0,4.762173934797756,7.652341493309134,0.04191830160080206,0,0.0,0.31304451102481556,-0.7859241115176194,True
1306,대조,0,16.0,6.0,237.79,112.0,6.0,17.15,0.0,0.0,1,17.19,11.0,9.0,291.93,14.0,16.0,1,1,16.0,1.9459101490553132,5.475584504594719,0.07212246099499559,0,0.0,0.17700705245749296,-1.5367580552605156,True
1307,대조,0,8.0,25.0,296.54,24310.0,1.0,4.0,0.0,0.0,0,0.0,0.0,0.0,128.04,13.0,8.0,0,1,8.0,3.258096538021482,5.695548669729098,0.013488905375328791,0,0.0,0.19820942288209384,-1.397523284922215,True
1312,대조,0,2.0,28.0,1163.96,497.0,20.0,84.23,0.0,0.0,0,33.35,13.0,13.0,760.75,17.0,2.0,1,1,2.0,3.367295829986474,7.060442030646401,0.07236502972610742,0,0.0,0.23314283364450836,-1.1906492745593633,True
1314,대조,0,2.0,52.0,1729.09,162971.0,16.0,61.68,0.0,0.0,0,32.74,6.0,6.0,861.95,33.0,2.0,1,1,2.0,3.970291913552122,7.455928709260056,0.03567194304518562,0,0.0,0.26551890485201235,-1.0174782140237535,True
1316,대조,0,3.0,7.0,461.21,230.0,0.0,0.0,0.0,0.0,1,2.99,1.0,1.0,187.79,3.0,3.0,1,1,3.0,2.0794415416798357,6.136019333261793,0.0,0,0.0,0.17097638792220243,-1.5787231726904494,True
1317,처치,1,4.0,32.0,715.1,364.0,22.0,63.31,0.0,0.0,0,16.490000000000002,8.0,6.0,326.81,14.0,4.0,1,1,4.0,3.4965075614664802,6.5738198220128945,0.08853307229758076,0,0.0,0.2285851493889791,-1.2163175111462023,True
1318,대조,0,24.0,6.0,641.13,243.0,14.0,63.89,0.0,0.0,1,37.91,15.0,10.0,393.99,4.0,24.0,1,1,24.0,1.9459101490553132,6.464790775403018,0.09965217662564535,0,0.0,0.21974343479765748,-1.2671621350042828,True
1319,대조,0,4.0,6.0,281.4,148.0,7.0,20.77,0.0,0.0,0,4.99,3.0,3.0,42.94,4.0,4.0,1,1,4.0,1.9459101490553132,5.643324505619087,0.07380952380952381,0,0.0,0.15539098361951514,-1.6929294019851802,True
1321,대조,0,3.0,18.0,208.24,124.0,7.0,14.14,0.0,0.0,1,9.02,6.0,6.0,152.72,12.0,3.0,1,1,3.0,2.9444389791664403,5.343481918502411,0.06790242028428736,0,0.0,0.18125456420658512,-1.5078707370832984,True
1325,대조,0,,0.0,0.0,0.0,0.0,0.0,0.0,0.0,0,0.0,0.0,0.0,0.0,0.0,90.0,0,0,90.0,0.0,0.0,0.0,0,0.0,0.11145848676575056,-2.075929163761872,True
1326,대조,0,3.0,28.0,319.49,133.0,4.0,29.46,0.0,0.0,1,0.0,0.0,0.0,70.24,10.0,3.0,0,1,3.0,3.367295829986474,5.7698510746259055,0.09220945882500235,0,0.0,0.20744329960549648,-1.34040600201469,True
1330,대조,0,8.0,20.0,572.25,33418.0,9.0,15.33,0.0,0.0,0,3.42,3.0,2.0,77.04,4.0,8.0,1,1,8.0,3.044522437723423,6.3513219217380135,0.026788990825688072,0,0.0,0.20995740801019042,-1.325182166771095,True
1331,처치,1,2.0,23.0,289.79,124.0,3.0,5.49,0.0,0.0,0,10.33,4.0,4.0,129.02,8.0,2.0,1,1,2.0,3.1780538303479458,5.672601357172626,0.01894475309707029,0,0.0,0.18477375321296743,-1.4843335570835503,True
1333,대조,0,2.0,18.0,916.66,290.0,14.0,27.67,0.0,0.0,1,11.85,5.0,5.0,384.98,7.0,2.0,1,1,2.0,2.9444389791664403,6.8218269516460746,0.03018567407762966,0,0.0,0.21633683833510473,-1.287142657532913,True
1336,대조,0,5.0,17.0,659.27,333.0,22.0,57.45,0.0,0.0,0,32.67,21.0,14.0,417.31,8.0,5.0,1,1,5.0,2.8903717578961645,6.49264884227469,0.08714183870038072,0,0.0,0.2072021350443848,-1.3418734753687795,True
1337,대조,0,4.0,33.0,1675.31,99399.0,30.0,105.64,0.0,0.0,1,135.73,59.0,46.0,952.03,16.0,4.0,1,1,4.0,3.5263605246161616,7.424350228138737,0.06305698646817604,0,0.0,0.2628377108358345,-1.0312712976950364,True
1344,대조,0,23.0,6.0,362.91,139.0,9.0,23.169999999999998,0.0,0.0,0,13.139999999999999,6.0,5.0,263.81,3.0,23.0,1,1,23.0,1.9459101490553132,5.896906584317488,0.06384503044832052,0,0.0,0.19216951135840266,-1.435974391042491,True
1345,대조,0,3.0,12.0,289.77,109.0,7.0,21.740000000000002,0.0,0.0,0,4.0,2.0,1.0,49.42,3.0,3.0,1,1,3.0,2.5649493574615367,5.672532576651243,0.07502501984332403,0,0.0,0.17171066930879902,-1.5735516213292446,True
1347,대조,0,12.0,16.0,215.01,1664.0,7.0,22.33,0.0,0.0,0,0.0,0.0,0.0,78.47,8.0,12.0,0,1,12.0,2.833213344056216,5.375324702908821,0.1038556346216455,0,0.0,0.18947890041585766,-1.4533996987651652,True
1349,대조,0,2.0,41.0,996.55,14798.0,15.0,40.22,0.0,0.0,0,11.870000000000001,7.0,6.0,388.74,11.0,2.0,1,1,2.0,3.7376696182833684,6.9053022728210705,0.04035923937584667,0,0.0,0.23956658266168346,-1.1550571715482614,True
1350,처치,1,7.0,24.0,404.84,4391.0,6.0,14.92,0.0,0.0,0,23.79,11.0,7.0,130.08,6.0,7.0,1,1,7.0,3.2188758248682006,6.005958993258434,0.03685406580377433,0,0.0,0.20504206314910542,-1.3550740594492343,True
1351,대조,0,11.0,8.0,18.23,10.0,0.0,0.0,0.0,0.0,0,13.98,2.0,1.0,51.43,8.0,11.0,1,1,11.0,2.1972245773362196,2.9564715596006885,0.0,0,0.0,0.1147277139864131,-2.04333364904714,True
1352,대조,0,2.0,23.0,1011.0600000000001,60247.0,23.0,72.42,0.0,0.0,1,6.98,2.0,2.0,308.58,9.0,2.0,1,1,2.0,3.1780538303479458,6.919743136627464,0.0716277965699365,0,0.0,0.23041781452802726,-1.2059535054752624,True
1353,대조,0,3.0,15.0,352.97,214.0,18.0,41.64,0.0,0.0,0,20.79,11.0,10.0,230.93,9.0,3.0,1,1,3.0,2.772588722239781,5.869212163779937,0.11797036575346347,0,0.0,0.18536356864597722,-1.4804227847593896,True
1354,대조,0,4.0,7.0,211.91,116.0,1.0,1.0,0.0,0.0,1,14.01,9.0,8.0,125.62,4.0,4.0,1,1,4.0,2.0794415416798357,5.360869541205001,0.004718984474541079,0,0.0,0.15507862105689035,-1.6953113594121976,True
1356,대조,0,1.0,11.0,325.82,162.0,12.0,31.69,0.0,0.0,0,11.31,6.0,4.0,106.26,4.0,1.0,1,1,1.0,2.4849066497880004,5.789409560623638,0.09726229206310233,0,0.0,0.17025360994970684,-1.5838309513221707,True
1357,대조,0,4.0,13.0,299.12,333.0,6.0,38.59,0.0,0.0,1,4.99,1.0,1.0,128.67,6.0,4.0,1,1,4.0,2.6390573296152584,5.704182394677528,0.12901176785236695,0,0.0,0.18662881149454694,-1.4720658928500872,True
1363,대조,0,48.0,2.0,27.0,6092.0,0.0,0.0,0.0,0.0,1,27.11,9.0,6.0,239.4,1.0,48.0,1,1,48.0,1.0986122886681098,3.332204510175204,0.0,0,0.0,0.15054754344010424,-1.7303130356069547,True
1364,처치,1,10.0,20.0,425.12,153.0,10.0,25.37,0.0,0.0,1,6.53,2.0,2.0,191.96,5.0,10.0,1,1,10.0,3.044522437723423,6.054720996742997,0.059677267595031995,0,0.0,0.2156569721222186,-1.2911574069154421,True
1366,처치,1,3.0,35.0,494.77,309.0,15.0,61.95,0.0,0.0,0,43.47,13.0,10.0,208.32,21.0,3.0,1,1,3.0,3.58351893845611,6.2061121095009275,0.12520969339288965,0,0.0,0.22157977640864202,-1.2564838224951593,True
1367,대조,0,8.0,36.0,1228.89,109321.0,30.0,73.77,0.0,0.0,1,57.870000000000005,31.0,26.0,579.99,14.0,8.0,1,1,8.0,3.6109179126442243,7.114680013472974,0.060029782974879764,0,0.0,0.264764445353469,-1.0213503851469017,True
1369,대조,0,2.0,20.0,418.6,156.0,1.0,2.5,0.0,0.0,1,0.0,0.0,0.0,111.0,5.0,2.0,0,1,2.0,3.044522437723423,6.039301876522142,0.005972288580984233,0,0.0,0.1964959165781444,-1.4083406168874428,True
1370,대조,0,2.0,11.0,1120.76,458.0,12.0,21.490000000000002,0.0,0.0,1,14.450000000000001,6.0,6.0,569.83,6.0,2.0,1,1,2.0,2.4849066497880004,7.022654159458657,0.01917448873978372,0,0.0,0.20567285536549282,-1.3512085716373996,True
1374,대조,0,5.0,18.0,321.90000000000003,147.0,2.0,6.69,0.0,0.0,0,8.82,9.0,4.0,210.74,6.0,5.0,1,1,5.0,2.9444389791664403,5.77734267776423,0.020782851817334577,0,0.0,0.185605449605564,-1.4788217721949888,True
1375,대조,0,6.0,12.0,571.6,310.0,6.0,14.68,0.0,0.0,0,2.0,2.0,1.0,149.76,6.0,6.0,1,1,6.0,2.5649493574615367,6.350187392664015,0.025682295311406575,0,0.0,0.19061031371790801,-1.44604938833425,True
1376,대조,0,1.0,49.0,1804.79,196221.0,19.0,62.88,0.0,0.0,1,27.15,13.0,10.0,886.59,14.0,1.0,1,1,1.0,3.912023005428146,7.498753448146228,0.03484061857612243,0,0.0,0.27150825120520106,-0.986983769185521,True
1378,처치,1,6.0,18.0,884.08,11160.0,23.0,51.46,0.0,0.0,1,20.01,11.0,11.0,255.23,7.0,6.0,1,1,6.0,2.9444389791664403,6.7856780364027305,0.05820740204506379,0,0.0,0.22523426936459137,-1.235419642894971,True
1379,대조,0,1.0,65.0,1596.74,186874.0,43.0,93.55,0.0,0.0,0,94.95,68.0,44.0,631.98,40.0,1.0,1,1,1.0,4.189654742026425,7.376345409709366,0.058588123301226244,0,0.0,0.2712579284056544,-0.9882497245738706,True
1382,처치,1,1.0,24.0,766.1800000000001,269.0,13.0,34.22,0.0,0.0,1,3.49,1.0,1.0,201.59,8.0,1.0,1,1,1.0,3.2188758248682006,6.6427214544077415,0.044663133989401964,0,0.0,0.21977182253868835,-1.2669965742699798,True
1383,대조,0,1.0,24.0,274.82,107.0,4.0,18.16,0.0,0.0,0,0.0,0.0,0.0,42.42,6.0,1.0,0,1,1.0,3.2188758248682006,5.619748479046192,0.06607961574848992,0,0.0,0.18593634213641466,-1.4766341981533446,True
1385,처치,1,8.0,20.0,824.36,538.0,16.0,48.46,0.0,0.0,0,20.509999999999998,16.0,10.0,636.0,9.0,8.0,1,1,8.0,3.044522437723423,6.715819654792121,0.05878499684603814,0,0.0,0.22260023289063022,-1.2505772337716157,True
1387,대조,0,3.0,11.0,329.25,131.0,5.0,10.48,0.0,0.0,0,0.88,1.0,1.0,100.01,2.0,3.0,1,1,3.0,2.4849066497880004,5.799849943402434,0.03182991647684131,0,0.0,0.16986919444846113,-1.5865545889684296,True
1388,처치,1,2.0,28.0,1292.26,112108.0,27.0,93.88,0.0,0.0,1,72.54,36.0,17.0,588.3100000000001,13.0,2.0,1,1,2.0,3.367295829986474,7.164921441310717,0.07264791914939718,0,0.0,0.24489526241245144,-1.1260258461260269,True
1389,대조,0,1.0,11.0,701.8100000000001,241.0,4.0,27.77,0.0,0.0,1,0.0,0.0,0.0,85.47,1.0,1.0,0,1,1.0,2.4849066497880004,6.5550865850108035,0.03956911414770379,0,0.0,0.19269277287410125,-1.432607228407673,True
1390,대조,0,45.0,3.0,19.7,12.0,0.0,0.0,0.0,0.0,0,11.07,6.0,4.0,118.99000000000001,4.0,45.0,1,1,45.0,1.3862943611198906,3.0301337002713233,0.0,0,0.0,0.14134305930014474,-1.8041794916682226,True
1391,처치,1,7.0,21.0,1067.94,129457.0,16.0,49.44,0.0,0.0,1,32.66,9.0,9.0,595.32,11.0,7.0,1,1,7.0,3.091042453358316,6.974422782228151,0.046294735659306696,0,0.0,0.2373013932845911,-1.16753190755894,True
1392,대조,0,2.0,27.0,566.54,43141.0,4.0,8.27,0.0,0.0,0,2.8899999999999997,2.0,2.0,268.93,12.0,2.0,1,1,2.0,3.332204510175204,6.341311231453134,0.014597380590955625,0,0.0,0.20706610588912097,-1.342701761978421,True
1393,처치,1,3.0,26.0,711.86,250.0,9.0,39.21,0.0,0.0,1,26.6,8.0,5.0,299.39,10.0,3.0,1,1,3.0,3.295836866004329,6.569285047698251,0.05508105526367544,0,0.0,0.22507449859147288,-1.2363354452657302,True
1394,대조,0,2.0,24.0,765.53,346.0,12.0,33.32,0.0,0.0,1,37.25,12.0,11.0,381.57,10.0,2.0,1,1,2.0,3.2188758248682006,6.641873836489209,0.04352540070278108,0,0.0,0.22164390079023352,-1.2561120870157163,True
1396,대조,0,2.0,55.0,1825.97,39861.0,31.0,65.1,0.0,0.0,1,39.75,24.0,20.0,591.17,17.0,2.0,1,1,2.0,4.02535169073515,7.510414135881943,0.035652283443868185,0,0.0,0.278842322876213,-0.9502113345592427,True
1397,대조,0,3.0,37.0,722.83,4013.0,13.0,25.43,0.0,0.0,1,6.17,3.0,3.0,368.46,17.0,3.0,1,1,3.0,3.6375861597263857,6.58455655818449,0.03518116292904279,0,0.0,0.23633770030065387,-1.1728639596550277,True
1402,대조,0,4.0,19.0,526.83,226.0,7.0,17.990000000000002,0.0,0.0,1,2.0,1.0,1.0,249.66,15.0,4.0,1,1,4.0,2.995732273553991,6.268774262165921,0.03414763775791052,0,0.0,0.20670893907683624,-1.3448784796521573,True
1403,대조,0,3.0,36.0,674.59,99411.0,5.0,6.3100000000000005,0.0,0.0,0,2.0,1.0,1.0,313.15,15.0,3.0,1,1,3.0,3.6109179126442243,6.515586383166314,0.009353829733615975,0,0.0,0.22310478550623689,-1.247663930933153,True
1405,처치,1,34.0,3.0,41.37,8512.0,0.0,0.0,0.0,0.0,0,4.0,3.0,2.0,257.65,6.0,34.0,1,1,34.0,1.3862943611198906,3.7464405646384678,0.0,0,0.0,0.1405741326771371,-1.8105295858335484,True
1406,대조,0,2.0,13.0,468.39,34646.0,10.0,29.72,0.0,0.0,0,24.150000000000002,11.0,11.0,400.6,12.0,2.0,1,1,2.0,2.6390573296152584,6.151433979397919,0.06345139733982365,0,0.0,0.18324210984943548,-1.4945344277739732,True
1408,대조,0,7.0,6.0,102.97,36.0,0.0,0.0,0.0,0.0,0,9.99,1.0,1.0,9.99,1.0,7.0,1,1,7.0,1.9459101490553132,4.644102395989878,0.0,0,0.0,0.1350420170473739,-1.8570949637287768,True
1409,대조,0,9.0,10.0,334.95,161.0,1.0,1.98,0.0,0.0,0,7.49,3.0,2.0,258.64,5.0,9.0,1,1,9.0,2.3978952727983707,5.816962339366159,0.005911330049261084,0,0.0,0.17607371334653993,-1.5431783347753332,True
1412,대조,0,9.0,6.0,215.16,86.0,7.0,20.64,0.0,0.0,1,8.870000000000001,3.0,3.0,240.57,3.0,9.0,1,1,9.0,1.9459101490553132,5.376018874211889,0.09592861126603458,0,0.0,0.16465417709759864,-1.6239984202173678,True
1417,대조,0,38.0,3.0,15.91,10.0,1.0,4.0,0.0,0.0,0,0.0,0.0,0.0,0.0,0.0,38.0,0,0,38.0,1.3862943611198906,2.827905162910489,0.251414204902577,0,0.0,0.14027103980887343,-1.8130406273909194,True
1418,대조,0,2.0,13.0,569.16,245.0,5.0,13.29,0.0,0.0,1,8.08,3.0,3.0,183.8,6.0,2.0,1,1,2.0,2.6390573296152584,6.345917023193615,0.023350200295171833,0,0.0,0.19282286875140392,-1.431771148679253,True
1419,대조,0,1.0,98.0,1392.94,722.0,20.0,46.19,0.0,0.0,1,70.89,36.0,26.0,585.76,51.0,1.0,1,1,1.0,4.59511985013459,7.239889548787266,0.033160078682498886,0,0.0,0.29055820243901465,-0.8926745513451855,True
1420,처치,1,2.0,12.0,488.23,232.0,14.0,38.45,0.0,0.0,0,14.59,9.0,7.0,321.03000000000003,6.0,2.0,1,1,2.0,2.5649493574615367,6.192832726544351,0.07875386600577597,0,0.0,0.18299590940569624,-1.4961803020775897,True
1421,처치,1,3.0,27.0,605.48,43819.0,27.0,47.89,0.0,0.0,1,14.19,11.0,9.0,225.6,11.0,3.0,1,1,3.0,3.332204510175204,6.407671751748048,0.07909427231287573,0,0.0,0.22339380841730602,-1.2459972189253905,True
1423,대조,0,6.0,52.0,190.38,132.0,8.0,24.41,0.0,0.0,1,6.48,3.0,2.0,140.26000000000002,17.0,6.0,1,1,6.0,3.970291913552122,5.254260980351117,0.1282172497111041,0,0.0,0.22182416335555008,-1.2550674986803918,True
1424,대조,0,1.0,9.0,53.47,37.0,3.0,10.17,0.0,0.0,0,0.88,1.0,1.0,31.11,3.0,1.0,1,1,1.0,2.302585092994046,3.9976500913955832,0.19020011221245559,0,0.0,0.1321117287200238,-1.8824149923878097,True
1425,대조,0,2.0,27.0,859.93,444.0,13.0,32.1,0.0,0.0,1,57.04,26.0,18.0,328.49,15.0,2.0,1,1,2.0,3.332204510175204,6.758013200309632,0.03732861977137674,0,0.0,0.22859599689220175,-1.2162559953669827,True
1426,처치,1,1.0,13.0,438.7,15314.0,13.0,39.28,0.0,0.0,0,6.0,3.0,2.0,78.66,3.0,1.0,1,1,1.0,2.6390573296152584,6.086092676186764,0.08953726920446775,0,0.0,0.1815254597008254,-1.506046373310601,True
1428,대조,0,5.0,9.0,187.08,95.0,4.0,11.67,0.0,0.0,1,6.18,5.0,3.0,191.54,4.0,5.0,1,1,5.0,2.302585092994046,5.236867404231814,0.06237973059653624,0,0.0,0.16312381353055852,-1.6351666295077554,True
1429,대조,0,6.0,14.0,140.62,92.0,11.0,31.41,0.0,0.0,1,27.54,15.0,9.0,83.36,3.0,6.0,1,1,6.0,2.70805020110221,4.953147414223628,0.22336794197127008,0,0.0,0.17924561711232456,-1.5214668685435913,True
1430,대조,0,2.0,50.0,2793.02,280066.0,47.0,174.76,0.0,0.0,1,106.92,32.0,29.0,1084.27,17.0,2.0,1,1,2.0,3.9318256327243257,7.935236697987422,0.06257026444493774,0,0.0,0.291817555236621,-0.8865729546818628,True
1431,대조,0,8.0,27.0,417.2,150.0,4.0,13.15,0.0,0.0,0,6.66,3.0,3.0,173.93,8.0,8.0,1,1,8.0,3.332204510175204,6.035959786994534,0.0315196548418025,0,0.0,0.2111835999454867,-1.317805697172665,True
1434,대조,0,5.0,29.0,625.35,283.0,11.0,23.86,0.0,0.0,0,11.67,6.0,6.0,294.79,14.0,5.0,1,1,5.0,3.4011973816621555,6.439909320290201,0.038154633405293036,0,0.0,0.2196403623704752,-1.2677633950581721,True
1437,대조,0,16.0,18.0,629.16,1519.0,25.0,47.7,0.0,0.0,1,75.71,37.0,29.0,510.04,6.0,16.0,1,1,16.0,2.9444389791664403,6.445973755395069,0.07581537287812322,0,0.0,0.23685829861121155,-1.1699816639785163,True
1438,대조,0,2.0,5.0,184.14000000000001,73.0,0.0,0.0,0.0,0.0,1,4.99,2.0,2.0,423.44,7.0,2.0,1,1,2.0,1.791759469228055,5.221112295639065,0.0,0,0.0,0.14159999154022074,-1.802064079656363,True
1440,대조,0,6.0,21.0,491.16,38700.0,6.0,8.99,0.0,0.0,0,6.34,4.0,3.0,64.8,3.0,6.0,1,1,6.0,3.091042453358316,6.198803866877225,0.018303607785650298,0,0.0,0.20295607022365378,-1.3679202434034223,True
1443,대조,0,1.0,50.0,537.65,267.0,3.0,6.800000000000001,0.0,0.0,1,2.89,1.0,1.0,269.25,26.0,1.0,1,1,1.0,3.9318256327243257,6.2890660093402015,0.012647633218636661,0,0.0,0.23231498040857462,-1.1952853932457654,True
1445,대조,0,2.0,14.0,204.12,61.0,4.0,9.93,0.0,0.0,1,45.49,11.0,8.0,301.59000000000003,11.0,2.0,1,1,2.0,2.70805020110221,5.323595173732305,0.04864785420340976,0,0.0,0.17097782382303828,-1.5787130424451274,True
1446,대조,0,10.0,8.0,262.58,124.0,17.0,43.89,0.0,0.0,0,18.990000000000002,10.0,10.0,237.46,4.0,10.0,1,1,10.0,2.1972245773362196,5.574356927215743,0.16714905933429813,0,0.0,0.17576183127954167,-1.545329680627358,True
1447,대조,0,39.0,2.0,3.97,4.0,0.0,0.0,0.0,0.0,0,0.0,0.0,0.0,0.0,0.0,39.0,0,0,39.0,1.0986122886681098,1.6034198401085376,0.0,0,0.0,0.102391716449612,-2.170927947993653,False
1448,대조,0,30.0,6.0,192.66,81.0,2.0,10.0,0.0,0.0,0,0.0,0.0,0.0,0.0,0.0,30.0,0,0,30.0,1.9459101490553132,5.266104044183385,0.05190491020450535,0,0.0,0.18750411054677918,-1.46631008697028,True
1451,대조,0,2.0,20.0,627.65,40006.0,5.0,19.35,0.0,0.0,1,20.87,12.0,10.0,506.64,16.0,2.0,1,1,2.0,3.044522437723423,6.443574663039191,0.030829283836533102,0,0.0,0.2091494540808692,-1.330059918998534,True
1452,처치,1,1.0,49.0,158.46,136.0,11.0,15.23,0.0,0.0,1,3.47,3.0,3.0,134.16,37.0,1.0,1,1,1.0,3.912023005428146,5.07179310707435,0.09611258361731667,0,0.0,0.2028613736152235,-1.3685057417311426,True
1453,대조,0,1.0,68.0,2824.26,1055.0,23.0,59.2,0.0,0.0,1,36.53,15.0,11.0,1222.97,46.0,1.0,1,1,1.0,4.23410650459726,7.946355674743774,0.020961242945054633,0,0.0,0.29892513386804953,-0.852421526741878,True
1454,대조,0,5.0,5.0,68.4,11772.0,0.0,0.0,0.0,0.0,1,0.0,0.0,0.0,0.0,0.0,5.0,0,0,5.0,1.791759469228055,4.239886867512759,0.0,0,0.0,0.12650660908100728,-1.9322060108369332,True
1456,대조,0,1.0,20.0,443.34000000000003,255.0,5.0,11.19,0.0,0.0,0,0.0,0.0,0.0,113.94,4.0,1.0,0,1,1.0,3.044522437723423,6.0965900351489815,0.025240221951549596,0,0.0,0.19013846234069728,-1.449110735979707,True
1458,대조,0,4.0,21.0,615.23,39301.0,11.0,27.16,0.0,0.0,0,6.89,6.0,3.0,188.79,6.0,4.0,1,1,4.0,3.091042453358316,6.423620270469191,0.04414609170554101,0,0.0,0.20712407138333797,-1.3423487587820286,True
1459,대조,0,17.0,5.0,254.5,100.0,1.0,2.24,0.0,0.0,0,40.519999999999996,19.0,11.0,297.26,5.0,17.0,1,1,17.0,1.791759469228055,5.543222409643759,0.008801571709233793,0,0.0,0.16538178298428627,-1.618717757788698,True
1460,처치,1,1.0,13.0,552.01,27934.0,8.0,26.5,0.0,0.0,0,30.5,13.0,12.0,132.13,4.0,1.0,1,1,1.0,2.6390573296152584,6.315376084541477,0.04800637669607435,0,0.0,0.18467094511189575,-1.4850162137986416,True
1461,대조,0,1.0,32.0,553.38,34963.0,4.0,11.969999999999999,0.0,0.0,1,26.75,12.0,11.0,600.86,21.0,1.0,1,1,1.0,3.4965075614664802,6.317850372188898,0.021630705844085437,0,0.0,0.21841709597239756,-1.2749147083747496,True
1462,대조,0,9.0,16.0,534.52,10778.0,12.0,25.24,0.0,0.0,1,54.13,24.0,23.0,312.72,10.0,9.0,1,1,9.0,2.833213344056216,6.283238237463016,0.04721993564319389,0,0.0,0.21208927741568623,-1.3123774813153466,True
1463,처치,1,5.0,28.0,683.99,54430.0,6.0,14.85,0.0,0.0,0,8.5,7.0,4.0,239.42000000000002,7.0,5.0,1,1,5.0,3.367295829986474,6.52940423961552,0.021710843725785463,0,0.0,0.2198528389587092,-1.2665241611840803,True
1464,대조,0,6.0,15.0,513.46,246.0,18.0,43.64,0.0,0.0,0,21.09,11.0,7.0,143.28,7.0,6.0,1,1,6.0,2.772588722239781,6.243117806867907,0.08499201495734818,0,0.0,0.19828977969647396,-1.3970177266636672,True
1467,대조,0,4.0,3.0,71.98,19.0,0.0,0.0,0.0,0.0,1,0.0,0.0,0.0,10.44,6.0,4.0,0,1,4.0,1.3862943611198906,4.290185431008302,0.0,0,0.0,0.11738268590021658,-2.017452296834059,True
1468,대조,0,19.0,20.0,812.48,52428.0,9.0,26.27,0.0,0.0,1,0.0,0.0,0.0,0.0,0.0,19.0,0,0,19.0,3.044522437723423,6.701321341230875,0.032333103584088224,0,0.0,0.25150567753328984,-1.0905980546460605,True
1470,대조,0,3.0,16.0,232.52,16532.0,6.0,18.78,0.0,0.0,1,14.27,7.0,6.0,212.49,13.0,3.0,1,1,3.0,2.833213344056216,5.453267726545859,0.08076724582831585,0,0.0,0.18144500328510935,-1.5065879910465618,True
1473,대조,0,3.0,20.0,931.78,391.0,24.0,86.4,0.0,0.0,0,33.74,9.0,9.0,189.03,5.0,3.0,1,1,3.0,3.044522437723423,6.8381693745430425,0.09272575071368779,0,0.0,0.2186907322265848,-1.2733125107886185,True
1474,대조,0,44.0,2.0,72.76,27.0,0.0,0.0,0.0,0.0,1,0.0,0.0,0.0,0.0,0.0,44.0,0,0,44.0,1.0986122886681098,4.300816579248338,0.0,0,0.0,0.16606276352188964,-1.613792333102855,True
1475,대조,0,2.0,54.0,2070.52,65800.0,39.0,146.19,0.0,0.0,1,39.75,15.0,13.0,658.94,17.0,2.0,1,1,2.0,4.007333185232471,7.636037916310337,0.0706054517705697,0,0.0,0.2853450071454478,-0.918100899234364,True
1476,처치,1,1.0,27.0,704.2,95022.0,9.0,21.57,0.0,0.0,0,17.35,6.0,6.0,656.76,20.0,1.0,1,1,1.0,3.332204510175204,6.558481450523715,0.03063050269809713,0,0.0,0.2123146813685549,-1.3110291480640304,True
1479,대조,0,1.0,98.0,979.04,461.0,17.0,39.08,0.0,0.0,1,7.17,5.0,5.0,339.58,24.0,1.0,1,1,1.0,4.59511985013459,6.8875933871581845,0.03991665304788364,0,0.0,0.27909523550279586,-0.9489539710202818,True
1481,대조,0,6.0,6.0,43.63,14.0,4.0,9.129999999999999,0.0,0.0,1,0.0,0.0,0.0,32.75,5.0,6.0,0,1,6.0,1.9459101490553132,3.7984062786411785,0.20925968370387343,0,0.0,0.13289036560518103,-1.8756409518490822,True
1483,대조,0,6.0,14.0,641.95,18543.0,17.0,38.31,0.0,0.0,1,17.06,8.0,7.0,334.24,7.0,6.0,1,1,6.0,2.70805020110221,6.466066960716448,0.059677544980138636,0,0.0,0.20811134531350461,-1.336347543934902,True
1484,대조,0,2.0,9.0,437.66,246.0,13.0,23.81,0.0,0.0,1,14.32,8.0,6.0,201.49,4.0,2.0,1,1,2.0,2.302585092994046,6.0837246255332795,0.05440296120276013,0,0.0,0.17785865502412826,-1.5309231708483857,True
1485,처치,1,12.0,7.0,195.65,52.0,1.0,2.0,0.0,0.0,1,0.0,0.0,0.0,135.55,4.0,12.0,0,1,12.0,2.0794415416798357,5.281425498877819,0.010222335803731152,0,0.0,0.16599331947142845,-1.6142938691540656,True
1488,대조,0,4.0,11.0,350.97,203.0,6.0,9.379999999999999,0.0,0.0,1,2.79,1.0,1.0,121.13,3.0,4.0,1,1,4.0,2.4849066497880004,5.863545944693319,0.026725930991252807,0,0.0,0.17953029754869698,-1.5195330018766626,True
1489,대조,0,1.0,63.0,2581.89,82288.0,44.0,134.74,0.0,0.0,0,82.82,41.0,27.0,1242.09,44.0,1.0,1,1,1.0,4.1588830833596715,7.856664206048878,0.05218657650016074,0,0.0,0.2856562441758545,-0.9165751527480215,True
1490,처치,1,2.0,20.0,634.37,75284.0,12.0,32.269999999999996,0.0,0.0,0,21.64,8.0,7.0,365.63,16.0,2.0,1,1,2.0,3.044522437723423,6.45420750636762,0.05086936645806075,0,0.0,0.20313247013606434,-1.3668301255522075,True
1491,대조,0,2.0,51.0,759.14,310.0,25.0,87.76,0.0,0.0,1,59.260000000000005,17.0,16.0,401.2,22.0,2.0,1,1,2.0,3.9512437185814275,6.6335026268420165,0.11560449982875359,0,0.0,0.2537332961528602,-1.0787993479508429,True
1492,대조,0,6.0,12.0,147.01,64.0,2.0,5.79,0.0,0.0,1,10.0,10.0,5.0,91.11,6.0,6.0,1,1,6.0,2.5649493574615367,4.997279839049098,0.039385075845180605,0,0.0,0.16515692929307024,-1.6203476593859851,True
1493,대조,0,79.0,2.0,21.93,10.0,0.0,0.0,0.0,0.0,0,15.99,11.0,7.0,284.74,4.0,79.0,1,1,79.0,1.0986122886681098,3.132446096869813,0.0,0,0.0,0.18936176414582434,-1.4541626013776077,True
1494,대조,0,27.0,13.0,315.52,185.0,8.0,15.02,0.0,0.0,1,3.65,3.0,2.0,163.29,5.0,27.0,1,1,27.0,2.6390573296152584,5.7573864307409925,0.047603955375253554,0,0.0,0.22570452464128962,-1.2327268210802698,True
1495,대조,0,10.0,26.0,248.58,190.0,8.0,10.51,0.0,0.0,0,1.99,2.0,2.0,104.45,13.0,10.0,1,1,10.0,3.295836866004329,5.5197795050797085,0.04228015125915198,0,0.0,0.20032473303448875,-1.3842660139672314,True
1499,대조,0,5.0,16.0,326.66,123.0,14.0,56.24,0.0,0.0,1,21.560000000000002,11.0,8.0,153.06,6.0,5.0,1,1,5.0,2.833213344056216,5.791976485392118,0.17216677891385537,0,0.0,0.19967147361968182,-1.3883489172989796,True
1501,대조,0,1.0,21.0,1024.27,66448.0,6.0,18.14,0.0,0.0,0,20.93,9.0,7.0,735.6800000000001,18.0,1.0,1,1,1.0,3.091042453358316,6.9327112715191115,0.01771017407519502,0,0.0,0.21373812464260455,-1.3025383626478502,True
1502,처치,1,15.0,7.0,607.15,244.0,18.0,41.58,0.0,0.0,0,29.6,11.0,9.0,213.91,4.0,15.0,1,1,15.0,2.0794415416798357,6.410421562064445,0.06848390018940953,0,0.0,0.19578856782515644,-1.4128268685582785,True
1505,대조,0,2.0,25.0,772.58,321.0,11.0,27.64,0.0,0.0,1,13.94,11.0,11.0,462.07,8.0,2.0,1,1,2.0,3.258096538021482,6.651029090650801,0.03577623029330296,0,0.0,0.2227206821902442,-1.2498813280136214,True
1506,대조,0,11.0,11.0,212.95,147.0,4.0,6.51,0.0,0.0,0,2.67,2.0,2.0,210.34,5.0,11.0,1,1,11.0,2.4849066497880004,5.365742342862826,0.030570556468654614,0,0.0,0.17251703219191206,-1.5678925553885104,True
1508,대조,0,6.0,19.0,474.1,55813.0,8.0,15.55,0.0,0.0,0,4.0,3.0,2.0,184.53,6.0,6.0,1,1,6.0,2.995732273553991,6.163525308192876,0.032798987555368066,0,0.0,0.19987601303421232,-1.3870694598863804,True
1509,대조,0,2.0,25.0,897.94,86339.0,13.0,45.11,0.0,0.0,1,14.66,5.0,5.0,256.34000000000003,6.0,2.0,1,1,2.0,3.258096538021482,6.801216291421215,0.05023720961311446,0,0.0,0.22818210164579023,-1.2186046376400719,True
1510,대조,0,1.0,194.0,1198.49,639.0,21.0,46.73,0.0,0.0,0,17.3,9.0,8.0,681.58,91.0,1.0,1,1,1.0,5.272999558563747,7.089651745437995,0.03899073000191908,0,0.0,0.30470081958346235,-0.8250118525636608,True
1511,대조,0,9.0,20.0,332.68,160.0,5.0,13.84,0.0,0.0,0,25.7,11.0,10.0,156.27,11.0,9.0,1,1,9.0,3.044522437723423,5.81018244988869,0.04160153901647228,0,0.0,0.19809202727867403,-1.3982621471007541,True
1512,처치,1,18.0,15.0,422.49,18382.0,7.0,22.48,0.0,0.0,0,0.0,0.0,0.0,0.0,0.0,18.0,0,0,18.0,2.772588722239781,6.048529901062438,0.05320835996118251,0,0.0,0.21333043510859334,-1.3049659913638945,True
1515,대조,0,2.0,20.0,693.47,236.0,12.0,31.080000000000002,0.0,0.0,0,31.88,17.0,13.0,506.25,7.0,2.0,1,1,2.0,3.044522437723423,6.543148964717124,0.044818088742122945,0,0.0,0.20514428840583387,-1.3544470258948642,True
1517,대조,0,2.0,15.0,478.5,11697.0,19.0,57.3,0.0,0.0,1,15.21,6.0,6.0,224.9,10.0,2.0,1,1,2.0,2.772588722239781,6.172743894323493,0.11974921630094043,0,0.0,0.1988856959085486,-1.393273371345961,True
1518,대조,0,4.0,9.0,424.59000000000003,3721.0,7.0,28.24,0.0,0.0,0,0.0,0.0,0.0,0.0,0.0,4.0,0,0,4.0,2.302585092994046,6.053476441510792,0.06651122259120562,0,0.0,0.17438314104371094,-1.5548759762914013,True
1520,대조,0,4.0,20.0,600.78,81525.0,11.0,19.82,0.0,0.0,0,7.5,8.0,4.0,246.52,12.0,4.0,1,1,4.0,3.044522437723423,6.399891930011259,0.03299044575385333,0,0.0,0.20416792210142332,-1.3604454033758266,True
1524,대조,0,4.0,9.0,373.6,30681.0,12.0,26.91,0.0,0.0,1,0.0,0.0,0.0,33.42,2.0,4.0,0,1,4.0,2.302585092994046,5.925858790009988,0.07202890792291221,0,0.0,0.17843289565345286,-1.5270010234622131,True
1526,대조,0,2.0,31.0,454.08,278.0,15.0,30.94,0.0,0.0,0,13.27,9.0,6.0,182.35,10.0,2.0,1,1,2.0,3.4657359027997265,6.120473227671516,0.06813777307963355,0,0.0,0.209125423695044,-1.3302052063952303,True
1527,처치,1,4.0,35.0,1989.2,205671.0,24.0,58.190000000000005,0.0,0.0,1,17.25,8.0,8.0,961.73,17.0,4.0,1,1,4.0,3.58351893845611,7.5959904151810616,0.02925296601648904,0,0.0,0.2679431866799876,-1.0050831567369136,True
1528,처치,1,2.0,34.0,1103.32,42237.0,30.0,71.33,0.0,0.0,1,31.34,13.0,12.0,529.91,20.0,2.0,1,1,2.0,3.5553480614894135,7.0069850399096385,0.0646503281006417,0,0.0,0.24642471161329146,-1.1177724140366387,True
1529,대조,0,1.0,36.0,1294.79,103016.0,14.0,42.43,0.0,0.0,1,29.5,19.0,11.0,647.84,16.0,1.0,1,1,1.0,3.6109179126442243,7.1668758267457635,0.03276979278493038,0,0.0,0.24888374431494753,-1.1045745438260892,True
1530,대조,0,8.0,10.0,114.35,49.0,0.0,0.0,0.0,0.0,0,6.49,2.0,2.0,118.12,6.0,8.0,1,1,8.0,2.3978952727983707,4.747970984619762,0.0,0,0.0,0.1497517420954073,-1.736549504677617,True
1532,대조,0,3.0,36.0,576.6,57801.0,4.0,16.72,0.0,0.0,0,3.89,1.0,1.0,230.27,10.0,3.0,1,1,3.0,3.6109179126442243,6.358881587578616,0.02899757197363857,0,0.0,0.2199927481268811,-1.2657086341642108,True
1534,대조,0,1.0,33.0,946.9,91126.0,28.0,71.39,0.0,0.0,1,12.059999999999999,6.0,5.0,344.23,16.0,1.0,1,1,1.0,3.5263605246161616,6.854249011458996,0.07539338895342697,0,0.0,0.23934573235977624,-1.1562698558556395,True
1535,대조,0,13.0,13.0,549.0,296.0,12.0,21.68,0.0,0.0,0,32.28,18.0,12.0,622.91,19.0,13.0,1,1,13.0,2.6390573296152584,6.309918278226516,0.03948998178506375,0,0.0,0.20563278709704977,-1.3514538479150797,True
1536,처치,1,2.0,27.0,1119.82,79159.0,13.0,36.02,0.0,0.0,1,32.71,18.0,12.0,548.96,16.0,2.0,1,1,2.0,3.332204510175204,7.021815839260447,0.032165883802754015,0,0.0,0.23610443520958024,-1.174156855306283,True
1537,대조,0,2.0,27.0,414.4,25130.0,2.0,16.490000000000002,0.0,0.0,1,6.3100000000000005,5.0,5.0,256.95,12.0,2.0,1,1,2.0,3.332204510175204,6.0292419114420115,0.03979247104247105,0,0.0,0.20791926449200004,-1.3375134725214852,True
1540,대조,0,1.0,5.0,262.49,178.0,4.0,20.27,0.0,0.0,1,10.25,7.0,4.0,174.93,9.0,1.0,1,1,1.0,1.791759469228055,5.574015416597136,0.07722198940912034,0,0.0,0.15162501656502675,-1.7219122589841485,True
1541,대조,0,4.0,13.0,919.58,333.0,15.0,39.0,0.0,0.0,1,53.24,16.0,15.0,584.01,7.0,4.0,1,1,4.0,2.6390573296152584,6.825003906185169,0.0424106657387068,0,0.0,0.2107581140446386,-1.320361749736757,True
1542,처치,1,5.0,15.0,241.97,82.0,3.0,5.35,0.0,0.0,0,5.0,2.0,1.0,158.11,7.0,5.0,1,1,5.0,2.772588722239781,5.4929379789290085,0.022110178947803445,0,0.0,0.17352890478261976,-1.560820760454071,True
1544,처치,1,3.0,13.0,705.61,32161.0,21.0,68.45,0.0,0.0,0,14.99,8.0,8.0,167.39,5.0,3.0,1,1,3.0,2.6390573296152584,6.560478887103419,0.09700826235455846,0,0.0,0.19776947301171838,-1.4002939320204257,True
1545,대조,0,4.0,21.0,587.72,31518.0,15.0,37.9,0.0,0.0,1,10.870000000000001,4.0,4.0,192.06,9.0,4.0,1,1,4.0,3.091042453358316,6.377950688618344,0.06448649016538487,0,0.0,0.21509276716050482,-1.2944961258383076,True
1546,대조,0,22.0,11.0,301.05,232.0,37.0,99.37,0.0,0.0,0,24.11,15.0,12.0,171.99,3.0,22.0,1,1,22.0,2.4849066497880004,5.71059256658475,0.3300780601229032,0,0.0,0.2213760163242062,-1.257665551238301,True
1547,대조,0,52.0,28.0,148.76,39739.0,4.0,5.93,0.0,0.0,0,0.0,0.0,0.0,0.0,0.0,52.0,0,0,52.0,3.367295829986474,5.009034012729282,0.03986286636192525,0,0.0,0.2742213152640218,-0.9733096260900252,True
1548,대조,0,1.0,29.0,1274.98,725.0,39.0,76.08,0.0,0.0,0,43.97,23.0,19.0,615.84,17.0,1.0,1,1,1.0,3.4011973816621555,7.151469789800706,0.059671524259204065,0,0.0,0.23409351521904923,-1.1853394065444425,True
1549,처치,1,3.0,24.0,312.01,24289.0,0.0,0.0,0.0,0.0,1,2.0,2.0,2.0,47.73,6.0,3.0,1,1,3.0,3.2188758248682006,5.7462351389115875,0.0,0,0.0,0.19573232355954387,-1.4131841149730107,True
1551,처치,1,39.0,1.0,9.99,4.0,0.0,0.0,0.0,0.0,0,0.0,0.0,0.0,0.0,0.0,39.0,0,0,39.0,0.6931471805599453,2.39698576841553,0.0,0,0.0,0.10717336606467953,-2.1199446562204023,True
1555,대조,0,9.0,14.0,192.68,105.0,5.0,10.98,0.0,0.0,0,19.67,9.0,8.0,193.85,11.0,9.0,1,1,9.0,2.70805020110221,5.2662073126298035,0.056985675731783265,0,0.0,0.17490137345023207,-1.5512806917544564,True
1556,대조,0,1.0,27.0,617.09,430.0,13.0,20.29,0.0,0.0,1,18.97,14.0,9.0,286.78,6.0,1.0,1,1,1.0,3.332204510175204,6.426634077922477,0.03288013093714045,0,0.0,0.21666013726841832,-1.2852367157541138,True
1557,대조,0,2.0,32.0,997.23,110012.0,5.0,24.94,0.0,0.0,1,18.77,6.0,5.0,350.91,10.0,2.0,1,1,2.0,3.4965075614664802,6.9059837106812685,0.025009275693671472,0,0.0,0.23806845980005092,-1.1632984308653702,True
1558,처치,1,10.0,16.0,467.27,168.0,2.0,3.6,0.0,0.0,0,2.19,1.0,1.0,42.800000000000004,4.0,10.0,1,1,10.0,2.833213344056216,6.1490450526384315,0.007704325122520171,0,0.0,0.19989317732545595,-1.3869621366110332,True
1563,대조,0,2.0,19.0,662.49,22074.0,7.0,28.68,0.0,0.0,1,11.47,4.0,4.0,566.3100000000001,6.0,2.0,1,1,2.0,2.995732273553991,6.497513782068632,0.04329121949010551,0,0.0,0.20987765389807606,-1.3256630414991208,True
1566,대조,0,9.0,5.0,58.129999999999995,23.0,0.0,0.0,0.0,0.0,1,0.0,0.0,0.0,42.980000000000004,2.0,9.0,0,1,9.0,1.791759469228055,4.079738409832738,0.0,0,0.0,0.12863730783115415,-1.9130614218156214,True
1567,대조,0,9.0,18.0,391.92,277.0,3.0,14.879999999999999,0.0,0.0,1,0.0,0.0,0.0,112.23,5.0,9.0,0,1,9.0,2.9444389791664403,5.973606028806669,0.03796693202694427,0,0.0,0.20657777101840905,-1.3456785684573682,True
1568,대조,0,2.0,7.0,643.22,275.0,5.0,12.19,0.0,0.0,1,24.07,17.0,9.0,254.47,7.0,2.0,1,1,2.0,2.0794415416798357,6.4680402826740995,0.018951525139143683,0,0.0,0.17849872846809825,-1.5265520075271115,True
1569,처치,1,8.0,17.0,259.75,143.0,0.0,0.0,0.0,0.0,0,10.870000000000001,4.0,4.0,169.18,7.0,8.0,1,1,8.0,2.8903717578961645,5.563562093880882,0.0,0,0.0,0.18244489617005877,-1.4998701171606854,True
1572,대조,0,8.0,17.0,792.42,46867.0,20.0,48.15,0.0,0.0,1,0.0,0.0,0.0,0.0,0.0,8.0,0,0,8.0,2.8903717578961645,6.676352715728232,0.06076323161959567,0,0.0,0.2243244378215425,-1.2406409556912306,True
1575,대조,0,15.0,3.0,44.27,22.0,4.0,15.68,0.0,0.0,0,0.0,0.0,0.0,19.77,2.0,15.0,0,1,15.0,1.3862943611198906,3.8126445614478675,0.35419019652134626,0,0.0,0.13363077970227394,-1.869230547522959,True
1577,대조,0,2.0,19.0,1059.52,488.0,28.0,95.97,0.0,0.0,0,17.490000000000002,7.0,6.0,176.06,2.0,2.0,1,1,2.0,2.995732273553991,6.9665146328556675,0.09057875264270614,0,0.0,0.21856117407351927,-1.2740709208053762,True
1578,대조,0,1.0,21.0,650.46,13771.0,15.0,39.45,0.0,0.0,1,2.31,3.0,3.0,109.36,6.0,1.0,1,1,1.0,3.091042453358316,6.479215997903371,0.060649386587953144,0,0.0,0.2118802438710941,-1.3136288254312423,True
1579,처치,1,1.0,61.0,1328.33,94635.0,26.0,42.17,0.0,0.0,0,41.1,27.0,21.0,682.14,27.0,1.0,1,1,1.0,4.127134385045092,7.1924303348879075,0.03174662922617121,0,0.0,0.2605602673558785,-1.0430585943418424,True
1580,대조,0,,0.0,0.0,0.0,0.0,0.0,0.0,0.0,1,0.0,0.0,0.0,11.620000000000001,1.0,90.0,0,1,90.0,0.0,0.0,0.0,0,0.0,0.11619600321826616,-2.028956866841588,True
1581,대조,0,,0.0,0.0,0.0,0.0,0.0,0.0,0.0,0,0.0,0.0,0.0,0.0,0.0,90.0,0,0,90.0,0.0,0.0,0.0,0,0.0,0.11145848676575056,-2.075929163761872,True
1582,대조,0,12.0,11.0,448.87,205.0,15.0,37.88,0.0,0.0,0,0.0,0.0,0.0,0.0,0.0,12.0,0,0,12.0,2.4849066497880004,6.1089586521390435,0.08438968966515918,0,0.0,0.19638159909153705,-1.4090648302216393,True
1584,처치,1,3.0,22.0,467.17,17394.0,5.0,11.56,0.0,0.0,0,30.560000000000002,14.0,12.0,399.85,17.0,3.0,1,1,3.0,3.1354942159291497,6.148831477822362,0.024744739602286105,0,0.0,0.19795825780647952,-1.3991044648250692,True
1585,대조,0,2.0,13.0,897.77,22488.0,8.0,22.48,0.0,0.0,1,36.25,20.0,11.0,629.09,13.0,2.0,1,1,2.0,2.6390573296152584,6.8010271619170055,0.02503982088953741,0,0.0,0.2051044969080257,-1.3546910730840354,True
1586,대조,0,1.0,14.0,394.61,165.0,3.0,12.370000000000001,0.0,0.0,0,0.0,0.0,0.0,205.02,6.0,1.0,0,1,1.0,2.70805020110221,5.980428877487717,0.03134740629989103,0,0.0,0.1773747274540228,-1.534236179162114,True
1587,대조,0,18.0,11.0,69.96,9842.0,1.0,1.0,0.0,0.0,0,0.0,0.0,0.0,7.5,1.0,18.0,0,1,18.0,2.4849066497880004,4.262116338001324,0.014293882218410521,0,0.0,0.1571759182596569,-1.679392578487753,True
1588,대조,0,1.0,43.0,723.75,307.0,7.0,13.57,0.0,0.0,1,2.87,2.0,2.0,328.32,15.0,1.0,1,1,1.0,3.784189633918261,6.585826767801765,0.018749568221070812,0,0.0,0.23634063653695886,-1.1728476908825676,True
1590,처치,1,5.0,27.0,951.25,355.0,13.0,49.47,0.0,0.0,0,34.34,28.0,16.0,595.19,11.0,5.0,1,1,5.0,3.332204510175204,6.858827605358713,0.05200525624178712,0,0.0,0.23047479525714498,-1.2056321991114995,True
1591,대조,0,2.0,3.0,50.63,27.0,3.0,4.0,0.0,0.0,1,8.04,4.0,4.0,170.99,2.0,2.0,1,1,2.0,1.3862943611198906,3.9441028988915576,0.07900454276120876,0,0.0,0.11251045979064027,-2.06535054236124,True
1592,대조,0,7.0,4.0,161.46,13721.0,1.0,2.99,0.0,0.0,0,0.0,0.0,0.0,7.470000000000001,1.0,7.0,0,1,7.0,1.6094379124341003,5.090431817622808,0.018518518518518517,0,0.0,0.1367420120294602,-1.8426175629472872,True
1593,대조,0,2.0,6.0,249.51000000000002,127.0,6.0,16.240000000000002,0.0,0.0,0,13.42,6.0,6.0,181.5,4.0,2.0,1,1,2.0,1.9459101490553132,5.523498839887812,0.06508757164041522,0,0.0,0.14934979738894494,-1.739709813269776,True
1594,대조,0,80.0,7.0,161.75,125.0,2.0,6.48,0.0,0.0,0,22.94,8.0,7.0,334.12,9.0,80.0,1,1,80.0,2.0794415416798357,5.092215281088679,0.04006182380216384,0,0.0,0.28942710014113426,-0.898168093556421,True
1595,대조,0,1.0,26.0,1207.55,98400.0,11.0,25.310000000000002,0.0,0.0,1,9.07,4.0,3.0,439.0,10.0,1.0,1,1,1.0,3.295836866004329,7.097176572891315,0.020959794625481348,0,0.0,0.23413755349743576,-1.1850938017496062,True
1598,대조,0,2.0,23.0,433.13,15313.0,12.0,32.39,0.0,0.0,0,26.17,16.0,12.0,867.74,29.0,2.0,1,1,2.0,3.1780538303479458,6.073344028418011,0.07478124350656846,0,0.0,0.19882851315926375,-1.3936323047990709,True
1599,대조,0,4.0,23.0,374.1,252.0,11.0,20.86,0.0,0.0,0,12.15,5.0,5.0,88.35,3.0,4.0,1,1,4.0,3.1780538303479458,5.927192657087842,0.0557604918470997,0,0.0,0.1973186566867829,-1.4031378339002087,True
1601,대조,0,7.0,7.0,526.61,229.0,11.0,21.89,0.0,0.0,0,15.49,2.0,2.0,163.93,3.0,7.0,1,1,7.0,2.0794415416798357,6.268357374416382,0.041567763620136346,0,0.0,0.17653392689218345,-1.540009272103436,True
1602,대조,0,2.0,23.0,879.9,398.0,14.0,63.93,0.0,0.0,0,15.850000000000001,5.0,4.0,427.35,5.0,2.0,1,1,2.0,3.1780538303479458,6.78094411211575,0.07265598363450393,0,0.0,0.2182685189019004,-1.275785264119713,True
1604,대조,0,3.0,13.0,68.29,37.0,0.0,0.0,0.0,0.0,1,0.5,1.0,1.0,46.46,8.0,3.0,1,1,3.0,2.6390573296152584,4.23830059563929,0.0,0,0.0,0.14384118356810227,-1.7837460930923994,True
1605,대조,0,5.0,8.0,102.06,91.0,8.0,12.25,0.0,0.0,0,11.14,6.0,5.0,68.8,5.0,5.0,1,1,5.0,2.1972245773362196,4.635311342900078,0.12002743484224966,0,0.0,0.1442754748757086,-1.780224015850322,True
1607,처치,1,16.0,19.0,434.25,163.0,0.0,0.0,0.0,0.0,0,37.870000000000005,40.0,7.0,88.64,5.0,16.0,1,1,16.0,2.995732273553991,6.075920578648298,0.0,0,0.0,0.21408070847893174,-1.300501018267385,True
1609,대조,0,1.0,47.0,3342.13,266579.0,40.0,138.84,0.0,0.0,1,108.16,33.0,28.0,1512.5,24.0,1.0,1,1,1.0,3.871201010907891,8.114662772891052,0.041542369686397594,0,0.0,0.29129780461716265,-0.8890892761362118,True
1613,처치,1,1.0,12.0,703.26,280.0,20.0,75.17,0.0,0.0,0,13.0,5.0,4.0,308.66,3.0,1.0,1,1,1.0,2.5649493574615367,6.557147606158687,0.10688792196342747,0,0.0,0.19236231584583235,-1.4347328917939866,True
1615,대조,0,2.0,7.0,90.05,38.0,0.0,0.0,0.0,0.0,0,9.879999999999999,6.0,6.0,268.82,5.0,2.0,1,1,2.0,2.0794415416798357,4.511408806173617,0.0,0,0.0,0.12900107701260818,-1.9098199870657369,True
1618,대조,0,2.0,12.0,405.67,53925.0,3.0,10.05,0.0,0.0,1,20.21,10.0,7.0,473.17,7.0,2.0,1,1,2.0,2.5649493574615367,6.008002045746911,0.024773830946335694,0,0.0,0.18199368612085565,-1.5028980604202427,True
1619,대조,0,1.0,22.0,568.68,82542.0,6.0,14.04,0.0,0.0,0,5.88,5.0,4.0,161.58,6.0,1.0,1,1,1.0,3.1354942159291497,6.34507479967387,0.024688752901456005,0,0.0,0.19953448554142308,-1.38920637025889,True
1620,대조,0,1.0,35.0,1062.57,35954.0,21.0,60.06,0.0,0.0,0,78.08,53.0,29.0,731.04,23.0,1.0,1,1,1.0,3.58351893845611,6.969386452878549,0.056523334933227934,0,0.0,0.23500499780696574,-1.1802625195424963,True
1621,대조,0,31.0,3.0,243.13,88.0,3.0,10.97,0.0,0.0,0,12.82,6.0,5.0,209.6,2.0,31.0,1,1,31.0,1.3862943611198906,5.4977008702979075,0.0451198947065356,0,0.0,0.1776693472092629,-1.5322183453113578,True
1622,처치,1,3.0,8.0,322.82,155.0,12.0,34.33,0.0,0.0,0,22.02,11.0,9.0,320.63,9.0,3.0,1,1,3.0,2.1972245773362196,5.780187805858606,0.10634409268322904,0,0.0,0.16563789085305983,-1.616863466480322,True
1624,대조,0,3.0,5.0,35.86,14.0,0.0,0.0,0.0,0.0,0,0.0,0.0,0.0,4.99,1.0,3.0,0,1,3.0,1.791759469228055,3.607126952241677,0.0,0,0.0,0.10828608806672775,-2.108368666219394,True
1627,대조,0,11.0,5.0,41.83,25.0,0.0,0.0,0.0,0.0,1,0.0,0.0,0.0,88.28,5.0,11.0,0,1,11.0,1.791759469228055,3.7572387916272794,0.0,0,0.0,0.1251904928804826,-1.9441696361837169,True
1630,대조,0,2.0,33.0,1717.31,440.0,14.0,95.16,0.0,0.0,0,70.18,12.0,6.0,609.7,13.0,2.0,1,1,2.0,3.5263605246161616,7.449096528641288,0.05541224356697393,0,0.0,0.24968154505913107,-1.1003114368975704,True
1631,대조,0,2.0,46.0,1402.36,989.0,45.0,90.22,0.0,0.0,1,51.19,37.0,29.0,763.15,29.0,2.0,1,1,2.0,3.8501476017100584,7.246624640203072,0.06433440771271286,0,0.0,0.2654287875634315,-1.0179403599334003,True
1632,대조,0,16.0,12.0,408.12,5428.0,10.0,31.55,0.0,0.0,0,31.47,7.0,5.0,204.07,6.0,16.0,1,1,16.0,2.5649493574615367,6.014008511542876,0.07730569440360678,0,0.0,0.20331033766044598,-1.3657316520717477,True
1634,처치,1,6.0,11.0,1020.72,543.0,14.0,29.84,0.0,0.0,1,24.03,16.0,12.0,531.59,7.0,6.0,1,1,6.0,2.4849066497880004,6.92924276062356,0.02923426600830786,0,0.0,0.2113779404102657,-1.316639476163631,True
1639,대조,0,2.0,10.0,201.18,102.0,3.0,4.83,0.0,0.0,0,5.5,8.0,2.0,150.0,10.0,2.0,1,1,2.0,2.3978952727983707,5.309158389725911,0.024008350730688934,0,0.0,0.1542927115481652,-1.7013217823369005,True
1640,대조,0,1.0,27.0,856.46,40674.0,6.0,19.33,0.0,0.0,0,19.3,4.0,3.0,266.2,10.0,1.0,1,1,1.0,3.332204510175204,6.7539745307217585,0.022569647152231274,0,0.0,0.21727626726192606,-1.2816101371471191,True
1642,처치,1,1.0,19.0,241.02,4360.0,10.0,15.39,0.0,0.0,0,10.0,7.0,6.0,102.41,8.0,1.0,1,1,1.0,2.995732273553991,5.489020367369906,0.0638536221060493,0,0.0,0.1758481023659128,-1.544734287056699,True
1646,대조,0,4.0,12.0,299.21000000000004,85.0,0.0,0.0,0.0,0.0,0,0.0,0.0,0.0,91.58,5.0,4.0,0,1,4.0,2.5649493574615367,5.704482229770474,0.0,0,0.0,0.16963731148142686,-1.5881998833596205,True
1648,대조,0,23.0,2.0,87.99,44.0,2.0,9.07,0.0,0.0,1,7.9399999999999995,7.0,3.0,107.32000000000001,2.0,23.0,1,1,23.0,1.0986122886681098,4.488524003868771,0.10307989544266395,0,0.0,0.14423000822875268,-1.7805923341848855,True
1651,대조,0,1.0,4.0,107.43,41.0,4.0,19.98,0.0,0.0,0,0.0,0.0,0.0,0.0,0.0,1.0,0,0,1.0,1.6094379124341003,4.68610480348409,0.18598156939402402,0,0.0,0.12907624793967398,-1.9091511332832902,True
1653,대조,0,2.0,65.0,2813.96,89481.0,45.0,124.25,0.0,0.0,1,66.86,49.0,30.0,1264.4,33.0,2.0,1,1,2.0,4.189654742026425,7.9427033308813595,0.04415485650115851,0,0.0,0.30136694041159734,-0.840797060461857,True
1659,대조,0,5.0,3.0,85.0,40.0,0.0,0.0,0.0,0.0,0,7.48,3.0,3.0,167.20000000000002,9.0,5.0,1,1,5.0,1.3862943611198906,4.454347296253507,0.0,0,0.0,0.11656459741029915,-2.0253725701935426,True
1660,대조,0,16.0,8.0,639.88,11696.0,7.0,19.41,0.0,0.0,0,30.59,10.0,8.0,291.76,4.0,16.0,1,1,16.0,2.1972245773362196,6.462842231906861,0.0303338125898606,0,0.0,0.20025879233159313,-1.384677693160033,True
1662,대조,0,2.0,13.0,1216.26,540.0,23.0,67.96000000000001,0.0,0.0,1,17.62,9.0,9.0,801.5600000000001,8.0,2.0,1,1,2.0,2.6390573296152584,7.104357710268334,0.0558762106786378,0,0.0,0.21571109307215092,-1.2908374758877301,True
1663,대조,0,10.0,14.0,102.54,16159.0,1.0,1.5,0.0,0.0,0,0.0,0.0,0.0,26.169999999999998,4.0,10.0,0,1,10.0,2.70805020110221,4.639958011473755,0.01462843768285547,0,0.0,0.1594056762679937,-1.6626567939742867,True
1666,대조,0,1.0,16.0,194.63,70.0,6.0,12.83,0.0,0.0,0,0.0,0.0,0.0,116.66,5.0,1.0,0,1,1.0,2.833213344056216,5.276225120073221,0.06591995067564096,0,0.0,0.1662397300253834,-1.6125150116201588,True
1667,대조,0,14.0,3.0,30.77,22.0,2.0,2.64,0.0,0.0,0,0.99,1.0,1.0,155.21,5.0,14.0,1,1,14.0,1.3862943611198906,3.4585224482814247,0.08579785505362367,0,0.0,0.11375995835425477,-2.0528972413056854,True
1668,대조,0,10.0,15.0,323.3,35040.0,3.0,9.38,0.0,0.0,0,5.49,3.0,3.0,234.16,12.0,10.0,1,1,10.0,2.772588722239781,5.781669013313272,0.029013300340241265,0,0.0,0.18970208932401014,-1.4519470802932444,True
1671,대조,0,14.0,11.0,240.26,130.0,10.0,20.07,0.0,0.0,0,11.91,4.0,4.0,198.76,6.0,14.0,1,1,14.0,2.4849066497880004,5.485875190137238,0.0835345042870224,0,0.0,0.18377586097265544,-1.4909721292497387,True
1672,대조,0,59.0,3.0,24.59,37.0,0.0,0.0,0.0,0.0,0,16.07,13.0,9.0,173.2,7.0,59.0,1,1,59.0,1.3862943611198906,3.2422016501716975,0.0,0,0.0,0.16693205006996814,-1.6075283675773504,True
1673,대조,0,1.0,26.0,980.4300000000001,81675.0,22.0,51.44,0.0,0.0,0,6.79,3.0,3.0,348.67,11.0,1.0,1,1,1.0,3.295836866004329,6.889010691764098,0.05246677478249339,0,0.0,0.2220494000481755,-1.2537631460992449,True
1675,처치,1,1.0,17.0,681.88,321.0,12.0,27.71,0.0,0.0,0,72.48,33.0,24.0,340.33,6.0,1.0,1,1,1.0,2.8903717578961645,6.526319148673334,0.04063764885317065,0,0.0,0.19753444303404222,-1.4017759701693153,True
1676,대조,0,9.0,11.0,798.14,46862.0,10.0,32.44,0.0,0.0,1,15.17,5.0,3.0,203.0,5.0,9.0,1,1,9.0,2.4849066497880004,6.683536149440994,0.04064449845891698,0,0.0,0.2110573311990641,-1.3185638466761032,True
1677,처치,1,7.0,25.0,1586.17,527.0,45.0,139.77,0.0,0.0,1,74.35000000000001,26.0,25.0,912.72,12.0,7.0,1,1,7.0,3.258096538021482,7.369707835142301,0.08811791926464377,0,0.0,0.2592686452156432,-1.0497732510579691,True
1678,대조,0,2.0,18.0,701.21,239.0,6.0,14.190000000000001,0.0,0.0,1,32.89,18.0,15.0,794.2,10.0,2.0,1,1,2.0,2.9444389791664403,6.554232504589923,0.02023644842486559,0,0.0,0.20813139916809367,-1.3362258629940025,True
1681,대조,0,63.0,11.0,249.14000000000001,21695.0,4.0,10.91,0.0,0.0,0,0.0,0.0,0.0,0.0,0.0,63.0,0,0,63.0,2.4849066497880004,5.522020761120761,0.043790639800915146,0,0.0,0.28132991822181724,-0.9378743285277535,True
1683,처치,1,7.0,8.0,58.120000000000005,19.0,0.0,0.0,0.0,0.0,0,7.99,4.0,3.0,261.38,10.0,7.0,1,1,7.0,2.1972245773362196,4.079569276639947,0.0,0,0.0,0.13000785844016005,-1.90088928074972,True
1685,대조,0,2.0,18.0,190.24,106.0,1.0,3.59,0.0,0.0,0,3.57,2.0,2.0,145.08,10.0,2.0,1,1,2.0,2.9444389791664403,5.253529183757903,0.01887089991589571,0,0.0,0.16769697221481894,-1.6020379767039168,True
1686,대조,0,2.0,10.0,233.99,128.0,8.0,18.759999999999998,0.0,0.0,1,10.559999999999999,5.0,3.0,50.93,5.0,2.0,1,1,2.0,2.3978952727983707,5.459542960047257,0.08017436642591562,0,0.0,0.16721132540234088,-1.6055214840054226,True
1687,대조,0,3.0,22.0,552.3100000000001,239.0,5.0,15.25,0.0,0.0,0,12.48,4.0,4.0,255.47,5.0,3.0,1,1,3.0,3.1354942159291497,6.315918423118657,0.027611305245242704,0,0.0,0.2026421236694586,-1.3698621216300393,True
1689,대조,0,4.0,20.0,274.52,23073.0,1.0,1.69,0.0,0.0,1,0.0,0.0,0.0,67.7,7.0,4.0,0,1,4.0,3.044522437723423,5.618660221239366,0.006156199912574676,0,0.0,0.1891043448560616,-1.4558404319697464,True
1692,대조,0,1.0,21.0,374.04,6842.0,6.0,7.859999999999999,0.0,0.0,1,2.0,1.0,1.0,33.25,2.0,1.0,1,1,1.0,3.091042453358316,5.927032686948593,0.02101379531600898,0,0.0,0.1942014755184706,-1.422937587872367,True
1693,대조,0,2.0,24.0,1139.21,41666.0,27.0,91.35000000000001,0.0,0.0,1,56.81,28.0,18.0,556.49,13.0,2.0,1,1,2.0,3.2188758248682006,7.038967734950181,0.08018714723360926,0,0.0,0.2361187536125458,-1.1740774686795261,True
1694,대조,0,3.0,39.0,1070.5,591.0,24.0,73.86,0.0,0.0,1,57.730000000000004,24.0,22.0,522.79,20.0,3.0,1,1,3.0,3.6888794541139363,6.976814814913632,0.0689957963568426,0,0.0,0.2530444918301452,-1.0824402923734526,True
1695,대조,0,1.0,37.0,346.65999999999997,32494.0,4.0,5.84,0.0,0.0,1,1.77,1.0,1.0,47.85,9.0,1.0,1,1,1.0,3.6375861597263857,5.851224990693394,0.016846477816881096,0,0.0,0.2097169586470722,-1.3266323558573947,True
1696,대조,0,1.0,10.0,477.99,182.0,10.0,32.53,0.0,0.0,1,13.600000000000001,4.0,4.0,304.15,4.0,1.0,1,1,1.0,2.3978952727983707,6.171679720366269,0.06805581706730267,0,0.0,0.18203576016109727,-1.5026154668908942,True
1703,대조,0,7.0,18.0,434.4,268.0,10.0,47.7,0.0,0.0,0,0.0,0.0,0.0,8.6,3.0,7.0,0,1,7.0,2.9444389791664403,6.076265148800447,0.10980662983425415,0,0.0,0.20290159642730557,-1.368257023786989,True
1705,대조,0,11.0,23.0,263.47,173.0,4.0,7.86,0.0,0.0,0,13.5,3.0,3.0,120.76,9.0,11.0,1,1,11.0,3.1780538303479458,5.577727823315549,0.02983261851444187,0,0.0,0.19906652252640814,-1.3921388413569147,True
1707,처치,1,2.0,114.0,1161.78,596.0,16.0,51.620000000000005,0.0,0.0,1,48.54,35.0,11.0,455.93,53.0,2.0,1,1,2.0,4.74493212836325,7.0585689686744,0.04443182013806401,0,0.0,0.29390418592231615,-0.8764971262770846,True
1708,대조,0,14.0,8.0,506.96,262.0,11.0,24.66,0.0,0.0,1,18.66,18.0,9.0,272.85,7.0,14.0,1,1,14.0,2.1972245773362196,6.2304027043208325,0.0486428909578665,0,0.0,0.19908407672122258,-1.392028745278824,True
1709,대조,0,18.0,4.0,141.09,68.0,2.0,2.5,0.0,0.0,1,8.25,4.0,3.0,89.83,4.0,18.0,1,1,18.0,1.6094379124341003,4.956460659649984,0.0177191863349635,0,0.0,0.15552464725669446,-1.6919113278837707,True
1710,처치,1,1.0,48.0,2249.81,77399.0,27.0,87.77,0.0,0.0,1,25.87,11.0,9.0,708.26,8.0,1.0,1,1,1.0,3.8918202981106265,7.719045430414013,0.039012183251030084,0,0.0,0.2784104696617722,-0.9523599253914958,True
1716,대조,0,67.0,22.0,192.74,103.0,4.0,10.25,0.0,0.0,0,1.34,1.0,1.0,1.34,1.0,67.0,1,1,67.0,3.1354942159291497,5.266517053998239,0.05318045034761855,0,0.0,0.3102562004206105,-0.798921814558451,True
1717,대조,0,14.0,7.0,86.56,39.0,10.0,23.2,0.0,0.0,0,3.54,2.0,1.0,45.78,5.0,14.0,1,1,14.0,2.0794415416798357,4.472324272654662,0.2680221811460259,0,0.0,0.1589929165801418,-1.6657404311358124,True
1720,대조,0,2.0,17.0,489.71,21749.0,5.0,9.69,0.0,0.0,1,13.66,6.0,6.0,310.72,10.0,2.0,1,1,2.0,2.8903717578961645,6.195853321938544,0.019787221008351882,0,0.0,0.19662685286213266,-1.4075115126776407,True
1722,처치,1,3.0,31.0,1506.72,752.0,32.0,118.55,0.0,0.0,1,125.78999999999999,73.0,18.0,1412.32,25.0,3.0,1,1,3.0,3.4657359027997265,7.318353854935333,0.07868084315599448,0,0.0,0.2561096931027778,-1.0662877456098665,True
1723,대조,0,4.0,15.0,536.91,9982.0,2.0,9.98,0.0,0.0,0,0.0,0.0,0.0,411.65,6.0,4.0,0,1,4.0,2.772588722239781,6.287691259922527,0.018587845262706973,0,0.0,0.19147716992305228,-1.4404403317886938,True
1726,처치,1,7.0,19.0,753.94,58222.0,5.0,13.74,0.0,0.0,1,32.67,14.0,12.0,414.12,10.0,7.0,1,1,7.0,2.995732273553991,6.626638275892426,0.018224261877602992,0,0.0,0.22149052159905802,-1.2570013697181306,True
1729,처치,1,1.0,11.0,468.13,245.0,12.0,29.5,0.0,0.0,0,15.96,8.0,8.0,304.79,10.0,1.0,1,1,1.0,2.4849066497880004,6.150879915538542,0.06301668339991028,0,0.0,0.1768904326909371,-1.537558806864428,True
1731,대조,0,2.0,15.0,678.48,18357.0,19.0,47.96,0.0,0.0,0,19.34,11.0,6.0,337.57,5.0,2.0,1,1,2.0,2.772588722239781,6.52132779975111,0.07068741893644617,0,0.0,0.19744196326656652,-1.4023594880276231,True
1732,대조,0,1.0,21.0,643.48,283.0,6.0,11.77,0.0,0.0,0,22.47,9.0,7.0,340.66,6.0,1.0,1,1,1.0,3.091042453358316,6.468443790090143,0.018291166780630322,0,0.0,0.2009766676213594,-1.3802013274803513,True
1735,대조,0,3.0,11.0,516.9,29933.0,3.0,11.690000000000001,0.0,0.0,0,0.0,0.0,0.0,31.0,1.0,3.0,0,1,3.0,2.4849066497880004,6.249782173429845,0.022615592958018963,0,0.0,0.1802102620790363,-1.5149235983811518,True
1740,대조,0,,0.0,0.0,0.0,0.0,0.0,0.0,0.0,1,0.0,0.0,0.0,0.0,0.0,90.0,0,0,90.0,0.0,0.0,0.0,0,0.0,0.11619600321826616,-2.028956866841588,True
1742,대조,0,4.0,33.0,196.87,93.0,0.0,0.0,0.0,0.0,0,0.75,1.0,1.0,137.24,22.0,4.0,1,1,4.0,3.5263605246161616,5.287610249404349,0.0,0,0.0,0.18796478001134428,-1.4632891086769417,True
1744,대조,0,15.0,3.0,86.58,84.0,1.0,4.99,0.0,0.0,0,4.99,1.0,1.0,66.84,2.0,15.0,1,1,15.0,1.3862943611198906,4.4725526613732525,0.05763455763455764,0,0.0,0.1320375688386085,-1.8830619371458825,True
1745,처치,1,1.0,12.0,362.24,174.0,10.0,39.93,0.0,0.0,1,29.88,18.0,13.0,215.74,10.0,1.0,1,1,1.0,2.5649493574615367,5.8950637728216275,0.11023078621908126,0,0.0,0.18280492026054826,-1.4974582673045396,True
1746,대조,0,15.0,5.0,332.93,134.0,8.0,21.82,0.0,0.0,0,2.0,2.0,1.0,260.93,4.0,15.0,1,1,15.0,1.791759469228055,5.810931390173244,0.06553930255609287,0,0.0,0.17179325222158637,-1.572971086763025,True
1747,처치,1,5.0,11.0,265.44,60151.0,6.0,16.34,0.0,0.0,0,60.87,31.0,20.0,376.49,14.0,5.0,1,1,5.0,2.4849066497880004,5.585149077544979,0.0615581675708258,0,0.0,0.16979425055149924,-1.5870861477893334,True
1749,대조,0,4.0,18.0,558.91,82800.0,7.0,21.87,0.0,0.0,1,18.48,11.0,8.0,361.87,6.0,4.0,1,1,4.0,2.9444389791664403,6.327776056527556,0.039129734662110185,0,0.0,0.20697096666946643,-1.3432813071900525,True
1751,대조,0,4.0,3.0,63.49,31.0,2.0,3.34,0.0,0.0,1,0.0,0.0,0.0,9.8,1.0,4.0,0,1,4.0,1.3862943611198906,4.166510173022286,0.05260670971806583,0,0.0,0.11752199594716774,-2.0161083482958757,True
1752,대조,0,15.0,23.0,730.36,369.0,19.0,72.47,0.0,0.0,0,13.17,8.0,7.0,223.99,14.0,15.0,1,1,15.0,3.1780538303479458,6.594905814583434,0.09922503970644614,0,0.0,0.24116863009253411,-1.1462831799410411,True
1753,대조,0,2.0,53.0,444.35,58634.0,14.0,37.04,0.0,0.0,1,20.86,10.0,9.0,309.03000000000003,34.0,2.0,1,1,2.0,3.9889840465642745,6.098860489877879,0.08335771351412175,0,0.0,0.23605851237639852,-1.1744114912600887,True
1754,대조,0,1.0,27.0,496.39,7171.0,10.0,18.14,0.0,0.0,0,21.68,15.0,11.0,230.78,15.0,1.0,1,1,1.0,3.332204510175204,6.209374426623579,0.03654384657225166,0,0.0,0.20308432082519476,-1.3671276090988793,True
1756,처치,1,3.0,16.0,975.23,64711.0,12.0,25.6,0.0,0.0,0,17.47,13.0,6.0,240.1,3.0,3.0,1,1,3.0,2.833213344056216,6.883698214388345,0.026250217897316533,0,0.0,0.2080985975227886,-1.3364248983048808,True
1758,대조,0,75.0,1.0,7.28,3.0,0.0,0.0,0.0,0.0,0,0.0,0.0,0.0,57.85,4.0,75.0,0,1,75.0,0.6931471805599453,2.1138429683971687,0.0,0,0.0,0.1476325605022376,-1.7532912134300658,True
1759,대조,0,13.0,4.0,139.68,70.0,7.0,24.65,0.0,0.0,1,39.08,23.0,17.0,302.44,7.0,13.0,1,1,13.0,1.6094379124341003,4.946487807605782,0.17647479954180983,0,0.0,0.15651071654645085,-1.684422713077864,True
1761,대조,0,,0.0,0.0,0.0,0.0,0.0,0.0,0.0,0,7.98,3.0,3.0,114.01,2.0,90.0,1,1,90.0,0.0,0.0,0.0,0,0.0,0.11145848676575056,-2.075929163761872,True
1762,대조,0,1.0,48.0,1638.28,123783.0,27.0,70.06,0.0,0.0,1,49.9,30.0,23.0,947.72,22.0,1.0,1,1,1.0,3.8918202981106265,7.402012400028577,0.042764362624215645,0,0.0,0.2681588477763569,-1.0039839647455526,True
1763,대조,0,15.0,4.0,58.98,21.0,0.0,0.0,0.0,0.0,0,12.969999999999999,4.0,2.0,114.72,7.0,15.0,1,1,15.0,1.6094379124341003,4.094011173320863,0.0,0,0.0,0.12724229073403004,-1.9255649092772054,True
1764,대조,0,21.0,5.0,161.64,75.0,0.0,0.0,0.0,0.0,1,44.230000000000004,22.0,17.0,465.95,5.0,21.0,1,1,21.0,1.791759469228055,5.091539169320091,0.0,0,0.0,0.1672534030320973,-1.6052193447868721,True
1765,대조,0,8.0,5.0,157.37,70.0,1.0,4.99,0.0,0.0,1,0.0,0.0,0.0,0.0,0.0,8.0,0,0,8.0,1.791759469228055,5.064934067503635,0.03170871195272288,0,0.0,0.148561941371296,-1.7459247687402468,True
1767,대조,0,1.0,78.0,931.0600000000001,506.0,19.0,40.49,0.0,0.0,0,51.83,37.0,28.0,863.23,69.0,1.0,1,1,1.0,4.3694478524670215,6.837397190295841,0.043488067364079654,0,0.0,0.2594959755676365,-1.0485898743672617,True
1768,대조,0,9.0,2.0,9.719999999999999,6.0,0.0,0.0,0.0,0.0,0,0.0,0.0,0.0,2.89,1.0,9.0,0,1,9.0,1.0986122886681098,2.372111155642656,0.0,0,0.0,0.08416357679526512,-2.3870755234098584,False
1769,대조,0,2.0,25.0,1525.22,408.0,10.0,27.33,0.0,0.0,0,0.0,0.0,0.0,377.64,13.0,2.0,0,1,2.0,3.258096538021482,7.3305493692120764,0.017918726478803056,0,0.0,0.23320047897220764,-1.1903268781476446,True
1772,대조,0,8.0,19.0,439.13,229.0,18.0,28.830000000000002,0.0,0.0,0,2.43,2.0,2.0,109.81,3.0,8.0,1,1,8.0,2.995732273553991,6.087070137819662,0.06565254025003986,0,0.0,0.20373859791699403,-1.3630897370998256,True
1773,대조,0,3.0,16.0,610.2,50294.0,10.0,36.01,0.0,0.0,0,12.02,4.0,4.0,184.84,3.0,3.0,1,1,3.0,2.833213344056216,6.415424237852311,0.059013438216978034,0,0.0,0.1976190922988041,-1.4012420407814843,True
1774,대조,0,1.0,14.0,641.6899999999999,296.0,24.0,69.13,0.0,0.0,0,26.15,10.0,10.0,402.0,6.0,1.0,1,1,1.0,2.70805020110221,6.465662492897238,0.10773114743879443,0,0.0,0.19454780344160716,-1.4207259456498358,True
1776,대조,0,2.0,73.0,1148.77,651.0,18.0,38.84,0.0,0.0,0,27.32,14.0,9.0,545.75,39.0,2.0,1,1,2.0,4.30406509320417,7.047317201354629,0.033810075123828096,0,0.0,0.2651877907489937,-1.0191767495978727,True
1777,대조,0,6.0,13.0,162.92000000000002,59.0,0.0,0.0,0.0,0.0,0,0.0,0.0,0.0,37.92,5.0,6.0,0,1,6.0,2.6390573296152584,5.0993785039306445,0.0,0,0.0,0.160877944396076,-1.6517102052311285,True
1778,대조,0,1.0,29.0,1220.26,138984.0,17.0,46.47,0.0,0.0,1,14.68,8.0,7.0,548.04,20.0,1.0,1,1,1.0,3.4011973816621555,7.107638391655096,0.03808204808811237,0,0.0,0.2396150849253499,-1.1547909492262285,True
1779,처치,1,4.0,20.0,521.5600000000001,8882.0,14.0,36.0,0.0,0.0,1,29.78,20.0,17.0,161.43,4.0,4.0,1,1,4.0,3.044522437723423,6.2587398097821,0.06902369813636014,0,0.0,0.21048182239790242,-1.322023562636412,True
1781,대조,0,11.0,8.0,318.23,20115.0,0.0,0.0,0.0,0.0,0,0.0,0.0,0.0,163.22,7.0,11.0,0,1,11.0,2.1972245773362196,5.76591184612175,0.0,0,0.0,0.17194686008907303,-1.5718918548551382,True
1783,처치,1,8.0,13.0,398.16,14992.0,8.0,20.68,0.0,0.0,0,9.29,2.0,2.0,163.59,4.0,8.0,1,1,8.0,2.6390573296152584,5.989362339016112,0.05193891902752662,0,0.0,0.1888439989969457,-1.4575391198760748,True
1784,처치,1,40.0,4.0,232.56,86.0,0.0,0.0,0.0,0.0,0,0.0,0.0,0.0,125.78,3.0,40.0,0,1,40.0,1.6094379124341003,5.453439003415337,0.0,0,0.0,0.19626108251389343,-1.4098286604715926,True
1785,대조,0,3.0,7.0,86.3,52.0,3.0,5.67,0.0,0.0,1,14.0,9.0,9.0,111.09,5.0,3.0,1,1,3.0,2.0794415416798357,4.469350462845557,0.06570104287369641,0,0.0,0.13814263967818732,-1.8308030095110233,True
1788,대조,0,2.0,15.0,1179.83,33471.0,20.0,67.95,0.0,0.0,1,21.0,7.0,6.0,297.45,7.0,2.0,1,1,2.0,2.772588722239781,7.073972860027533,0.05759304306552639,0,0.0,0.21957407947782007,-1.26815015509911,True
1790,대조,0,30.0,3.0,156.1,63.0,0.0,0.0,0.0,0.0,0,0.0,0.0,0.0,84.08,3.0,30.0,0,1,30.0,1.3862943611198906,5.056882545261575,0.0,0,0.0,0.16292173114124062,-1.6366476688616487,True
1791,대조,0,17.0,15.0,210.56,89.0,0.0,0.0,0.0,0.0,1,5.0,2.0,2.0,253.58,15.0,17.0,1,1,17.0,2.772588722239781,5.354508646197779,0.0,0,0.0,0.1965008099233946,-1.4083096241344142,True
1792,대조,0,2.0,38.0,1012.22,555.0,6.0,11.26,0.0,0.0,0,12.84,7.0,7.0,603.5,18.0,2.0,1,1,2.0,3.6635616461296463,6.9208886573721,0.011124063938669458,0,0.0,0.23509848950404486,-1.1797425504715007,True
1793,대조,0,21.0,13.0,201.14000000000001,89.0,4.0,8.64,0.0,0.0,0,0.0,0.0,0.0,9.84,1.0,21.0,0,1,21.0,2.6390573296152584,5.3089605266465165,0.04295515561300586,0,0.0,0.19373389445264055,-1.4259283044105389,True
1794,대조,0,7.0,9.0,325.65,4120.0,7.0,19.43,0.0,0.0,0,0.88,1.0,1.0,73.67999999999999,3.0,7.0,1,1,7.0,2.302585092994046,5.7888892612867595,0.05966528481498542,0,0.0,0.17255349910506534,-1.5676371255472006,True
1795,대조,0,1.0,161.0,1364.66,57980.0,32.0,123.49,0.0,0.0,1,82.39,33.0,27.0,592.72,77.0,1.0,1,1,1.0,5.087596335232384,7.219393107246148,0.09049140445239107,0,0.0,0.31600038646881434,-0.7722139160207632,True
1796,대조,0,2.0,6.0,332.0,5763.0,8.0,24.400000000000002,0.0,0.0,1,17.71,9.0,7.0,285.88,6.0,2.0,1,1,2.0,1.9459101490553132,5.808142489980444,0.07349397590361446,0,0.0,0.16226902524368492,-1.6414414088989677,True
1797,대조,0,1.0,14.0,617.82,283.0,5.0,17.04,0.0,0.0,1,7.07,8.0,4.0,273.04,4.0,1.0,1,1,1.0,2.70805020110221,6.427814438797167,0.02758084879090997,0,0.0,0.19563980937685135,-1.4137719058312312,True
1798,대조,0,19.0,6.0,351.45,183.0,13.0,22.18,0.0,0.0,0,23.68,9.0,8.0,243.29,4.0,19.0,1,1,19.0,1.9459101490553132,5.864908768219885,0.0631099729691279,0,0.0,0.18427154034672685,-1.4876710970558786,True
1800,대조,0,42.0,4.0,206.11,34152.0,1.0,1.88,0.0,0.0,1,15.65,7.0,6.0,414.89,8.0,42.0,1,1,42.0,1.6094379124341003,5.33325005308806,0.00912134297219931,0,0.0,0.20486117716126664,-1.3561841541668058,True
1802,대조,0,14.0,7.0,522.62,199.0,13.0,42.980000000000004,0.0,0.0,1,15.25,5.0,5.0,263.8,5.0,14.0,1,1,14.0,2.0794415416798357,6.260766230403275,0.08223948566836325,0,0.0,0.198341203844382,-1.3966942767991126,True
1803,처치,1,4.0,23.0,1419.32,699.0,9.0,93.4,0.0,0.0,1,39.62,8.0,5.0,1242.76,12.0,4.0,1,1,4.0,3.1780538303479458,7.2586374773200095,0.06580616069667165,0,0.0,0.244434144661188,-1.1285210201556322,True
1804,대조,0,2.0,39.0,1089.82,11480.0,11.0,38.48,0.0,0.0,1,40.87,23.0,18.0,514.26,19.0,2.0,1,1,2.0,3.6888794541139363,6.9946849859701965,0.035308583068763645,0,0.0,0.24878618249937257,-1.1050964988840841,True
1806,대조,0,2.0,25.0,836.32,4620.0,10.0,23.69,0.0,0.0,0,0.0,0.0,0.0,123.94,7.0,2.0,0,1,2.0,3.258096538021482,6.73020631522632,0.02832647790319495,0,0.0,0.21641249507863441,-1.28669645424285,True
1807,대조,0,1.0,30.0,1286.28,579.0,16.0,50.95,0.0,0.0,0,17.66,16.0,7.0,582.17,19.0,1.0,1,1,1.0,3.4339872044851463,7.160286744150895,0.03961034922411917,0,0.0,0.23403953139161748,-1.1856405221876452,True
1808,처치,1,51.0,7.0,71.15,32.0,0.0,0.0,0.0,0.0,0,0.0,0.0,0.0,53.22,3.0,51.0,0,1,51.0,2.0794415416798357,4.27874728521988,0.0,0,0.0,0.20018551268222082,-1.385135309886278,True
1809,대조,0,6.0,4.0,80.25,55.0,2.0,4.98,0.0,0.0,0,12.67,7.0,7.0,145.43,6.0,6.0,1,1,6.0,1.6094379124341003,4.3975308212098465,0.06205607476635515,0,0.0,0.12432374879783581,-1.9521074057855716,True
1810,대조,0,1.0,54.0,672.23,213.0,3.0,9.379999999999999,0.0,0.0,0,6.99,4.0,4.0,335.44,22.0,1.0,1,1,1.0,4.007333185232471,6.512087024603595,0.013953557562143908,0,0.0,0.23344132471430948,-1.1889804854934118,True
1812,대조,0,7.0,11.0,145.77,3534.0,7.0,22.65,0.0,0.0,1,11.040000000000001,5.0,5.0,113.48,9.0,7.0,1,1,7.0,2.4849066497880004,4.988866735623107,0.15538176579543114,0,0.0,0.17111381255607824,-1.5777539511281402,True
1814,대조,0,6.0,2.0,11.940000000000001,4.0,1.0,2.99,0.0,0.0,1,43.93,20.0,13.0,1031.66,10.0,6.0,1,1,6.0,1.0986122886681098,2.5603232890727545,0.25041876046901174,0,0.0,0.09640304886901697,-2.237845582064129,False
1815,대조,0,11.0,3.0,110.54,67.0,7.0,9.89,0.0,0.0,1,7.65,6.0,6.0,136.86,3.0,11.0,1,1,11.0,1.3862943611198906,4.714383270961408,0.08946987515831373,0,0.0,0.13845820818915988,-1.8281550311426158,True
1816,대조,0,5.0,26.0,895.31,73188.0,15.0,32.44,0.0,0.0,1,8.39,5.0,5.0,110.00999999999999,5.0,5.0,1,1,5.0,3.295836866004329,6.798286335279768,0.03623325998816052,0,0.0,0.2345463678043554,-1.1828153424945025,True
1818,처치,1,21.0,3.0,104.6,35.0,0.0,0.0,0.0,0.0,0,0.0,0.0,0.0,0.0,0.0,21.0,0,0,21.0,1.3862943611198906,4.659658371272161,0.0,0,0.0,0.14101974286057808,-1.8068460373164275,True
1820,대조,0,,0.0,0.0,0.0,0.0,0.0,0.0,0.0,1,7.98,4.0,4.0,243.58,3.0,90.0,1,1,90.0,0.0,0.0,0.0,0,0.0,0.11619600321826616,-2.028956866841588,True
1821,대조,0,45.0,1.0,17.720000000000002,7.0,1.0,2.99,0.0,0.0,0,5.98,2.0,2.0,76.09,2.0,45.0,1,1,45.0,0.6931471805599453,2.929592471049446,0.16873589164785552,0,0.0,0.1311687044893092,-1.8906646548665302,True
1822,대조,0,2.0,45.0,925.36,433.0,14.0,42.97,0.0,0.0,1,30.94,17.0,14.0,308.94,25.0,2.0,1,1,2.0,3.828641396489095,6.83126292799362,0.046435981671997924,0,0.0,0.24983023456978787,-1.0995179093485683,True
1823,대조,0,3.0,39.0,1556.4,73686.0,45.0,112.89,0.0,0.0,1,54.47,34.0,29.0,713.86,17.0,3.0,1,1,3.0,3.6888794541139363,7.350773043142886,0.07253276792598304,0,0.0,0.265377769335211,-1.0182020396761438,True
1824,대조,0,2.0,17.0,289.7,121.0,4.0,21.77,0.0,0.0,0,19.98,4.0,2.0,170.52,14.0,2.0,1,1,2.0,2.8903717578961645,5.6722918075648305,0.07514670348636521,0,0.0,0.1795960034306403,-1.519086994667952,True
1825,대조,0,12.0,9.0,426.39,47619.0,0.0,0.0,0.0,0.0,0,0.0,0.0,0.0,95.53,1.0,12.0,0,1,12.0,2.302585092994046,6.057696945325412,0.0,0,0.0,0.18391140814930615,-1.4900687533033812,True
1826,대조,0,14.0,15.0,335.42,240.0,15.0,39.55,0.0,0.0,0,8.72,5.0,5.0,63.88,1.0,14.0,1,1,14.0,2.772588722239781,5.818360379363636,0.11791187168326277,0,0.0,0.2038456956853302,-1.3624297027647077,True
1829,대조,0,1.0,50.0,1016.9300000000001,40167.0,9.0,30.3,0.0,0.0,1,17.47,7.0,5.0,684.63,30.0,1.0,1,1,1.0,3.9318256327243257,6.925526432467255,0.029795561149734986,0,0.0,0.2532638010682165,-1.0812803379435358,True
1831,대조,0,9.0,18.0,702.64,66065.0,23.0,62.02,0.0,0.0,1,34.63,18.0,10.0,382.65,9.0,9.0,1,1,9.0,2.9444389791664403,6.5562668617307045,0.08826710691107822,0,0.0,0.22674622908047834,-1.2267758297064466,True
1832,대조,0,11.0,12.0,515.35,287.0,14.0,29.77,0.0,0.0,0,0.0,0.0,0.0,38.09,2.0,11.0,0,1,11.0,2.5649493574615367,6.246784830117413,0.05776656641117687,0,0.0,0.19902474951088475,-1.3924008619325337,True
1833,대조,0,4.0,9.0,397.59,200.0,10.0,45.96,0.0,0.0,1,19.990000000000002,10.0,4.0,206.34,4.0,4.0,1,1,4.0,2.302585092994046,5.987933319656665,0.11559646872406248,0,0.0,0.1826816013160327,-1.4982839818443534,True
1834,대조,0,1.0,26.0,830.47,365.0,37.0,86.18,0.0,0.0,1,24.43,11.0,10.0,312.69,12.0,1.0,1,1,1.0,3.295836866004329,6.723195218607482,0.10377256252483534,0,0.0,0.22915922865198926,-1.2130647464336906,True
1835,처치,1,1.0,29.0,1298.77,30441.0,20.0,49.18,0.0,0.0,0,31.2,16.0,15.0,492.52,16.0,1.0,1,1,1.0,3.4011973816621555,7.169942604719971,0.037866596857026265,0,0.0,0.23300887154736466,-1.1913987065943485,True
1836,대조,0,4.0,16.0,576.12,27533.0,9.0,20.7,0.0,0.0,0,5.12,2.0,2.0,293.04,12.0,4.0,1,1,4.0,2.833213344056216,6.3580502171552284,0.03593001458029577,0,0.0,0.1963821526445695,-1.4090613226374227,True
1837,대조,0,49.0,4.0,292.75,80.0,4.0,10.73,0.0,0.0,0,0.0,0.0,0.0,134.58,1.0,49.0,0,1,49.0,1.6094379124341003,5.682729065458369,0.03665243381725022,0,0.0,0.22228239697163363,-1.2524148482510495,True
1839,대조,0,2.0,10.0,228.44,116.0,0.0,0.0,0.0,0.0,0,0.0,0.0,0.0,101.85,5.0,2.0,0,1,2.0,2.3978952727983707,5.435641557411255,0.0,0,0.0,0.15575193162083514,-1.6901818116399037,True
1840,대조,0,,0.0,0.0,0.0,0.0,0.0,0.0,0.0,0,0.0,0.0,0.0,0.0,0.0,90.0,0,0,90.0,0.0,0.0,0.0,0,0.0,0.11145848676575056,-2.075929163761872,True
1841,대조,0,8.0,4.0,291.57,138.0,7.0,16.86,0.0,0.0,1,7.78,6.0,3.0,134.06,2.0,8.0,1,1,8.0,1.6094379124341003,5.678703954279664,0.05782487910278835,0,0.0,0.15856899294863447,-1.6689142368645205,True
1845,대조,0,1.0,25.0,2454.29,958.0,38.0,143.26,0.0,0.0,1,92.52,27.0,23.0,1153.17,12.0,1.0,1,1,1.0,3.258096538021482,7.8060001595251745,0.05837126012003471,0,0.0,0.2576758724486519,-1.0580834906029744,True
1847,대조,0,4.0,11.0,311.39,101.0,5.0,19.0,0.0,0.0,1,10.0,6.0,2.0,125.41,7.0,4.0,1,1,4.0,2.4849066497880004,5.744252407209914,0.0610167314300395,0,0.0,0.1787047937289559,-1.5251473665982596,True
1848,대조,0,4.0,20.0,1989.9,15129.0,26.0,89.91,0.0,0.0,1,39.42,15.0,13.0,1017.92,10.0,4.0,1,1,4.0,3.044522437723423,7.596342076785751,0.045183175033921295,0,0.0,0.2483223873009044,-1.1075796747547169,True
1849,대조,0,3.0,19.0,429.93,277.0,14.0,39.77,0.0,0.0,0,15.3,12.0,8.0,168.6,8.0,3.0,1,1,3.0,2.995732273553991,6.0659456639202896,0.09250343079105902,0,0.0,0.19578036210551655,-1.4128789839477776,True
1850,대조,0,5.0,24.0,588.5600000000001,22719.0,11.0,23.53,0.0,0.0,1,13.55,5.0,5.0,682.25,21.0,5.0,1,1,5.0,3.2188758248682006,6.3793764959685575,0.03997893162974038,0,0.0,0.21974781178166325,-1.267136606903116,True
1852,처치,1,2.0,68.0,1814.8700000000001,245474.0,22.0,74.4,0.0,0.0,0,22.86,9.0,7.0,723.47,27.0,2.0,1,1,2.0,4.23410650459726,7.504319970695762,0.040994671794674,0,0.0,0.2781512624062674,-0.9536505371339581,True
1854,대조,0,7.0,45.0,1215.69,84213.0,19.0,42.4,0.0,0.0,0,23.87,12.0,12.0,542.86,22.0,7.0,1,1,7.0,3.828641396489095,7.1038893358067225,0.034877312472752095,0,0.0,0.2595951450284511,-1.0480738549901072,True
1856,처치,1,1.0,53.0,544.8100000000001,274.0,10.0,23.92,0.0,0.0,0,15.19,7.0,5.0,230.79,16.0,1.0,1,1,1.0,3.9889840465642745,6.302270929835968,0.04390521466199225,0,0.0,0.22875987923732996,-1.2153268746078474,True
1857,대조,0,40.0,2.0,39.589999999999996,5661.0,0.0,0.0,0.0,0.0,0,0.0,0.0,0.0,25.04,3.0,40.0,0,1,40.0,1.0986122886681098,3.7035217308508064,0.0,0,0.0,0.14099952157602166,-1.8070129816441223,True
1858,대조,0,2.0,11.0,330.73,150.0,7.0,18.94,0.0,0.0,1,4.49,2.0,2.0,107.75,2.0,2.0,1,1,2.0,2.4849066497880004,5.80432138503481,0.05726725727935174,0,0.0,0.1765859226295113,-1.5396516341432425,True
1859,대조,0,15.0,10.0,380.25,131.0,7.0,20.3,0.0,0.0,0,0.0,0.0,0.0,0.0,0.0,15.0,0,0,15.0,2.3978952727983707,5.943455327921622,0.053385930309007235,0,0.0,0.19263439317835138,-1.4329825535469165,True
1860,대조,0,3.0,20.0,421.65,27262.0,10.0,26.72,0.0,0.0,0,2.99,1.0,1.0,27.58,6.0,3.0,1,1,3.0,3.044522437723423,6.046544413374937,0.06337009367959208,0,0.0,0.1948995102718126,-1.4184830077929995,True
1861,처치,1,24.0,7.0,103.8,105.0,1.0,4.77,0.0,0.0,1,6.0,5.0,2.0,77.16,6.0,24.0,1,1,24.0,2.0794415416798357,4.6520537718869415,0.045953757225433524,0,0.0,0.1726670689079096,-1.5668419077351168,True
1862,대조,0,1.0,28.0,403.17,25202.0,3.0,8.48,0.0,0.0,0,0.0,0.0,0.0,149.01,14.0,1.0,0,1,1.0,3.367295829986474,6.001835581532199,0.02103331101024382,0,0.0,0.19760092523485534,-1.4013566158973112,True
1864,대조,0,1.0,31.0,3175.9900000000002,46535.0,35.0,126.67,0.0,0.0,1,32.92,10.0,9.0,1106.64,11.0,1.0,1,1,1.0,3.4657359027997265,8.063689486641017,0.03988362683761598,0,0.0,0.2727882704879335,-0.9805217441254388,True
1865,처치,1,3.0,22.0,876.32,369.0,31.0,103.94,0.0,0.0,1,61.11,21.0,19.0,508.65000000000003,12.0,3.0,1,1,3.0,3.1354942159291497,6.776871806093225,0.11860964031404052,0,0.0,0.23017645596215602,-1.2073151103872275,True
1869,대조,0,9.0,19.0,499.72,11258.0,17.0,48.620000000000005,0.0,0.0,1,18.59,12.0,11.0,227.01,7.0,9.0,1,1,9.0,2.995732273553991,6.216047062616446,0.09729448491155047,0,0.0,0.21931229602735564,-1.2696784797109986,True
1872,처치,1,10.0,14.0,369.23,24535.0,2.0,10.29,0.0,0.0,0,13.57,4.0,4.0,137.52,9.0,10.0,1,1,10.0,2.70805020110221,5.9141244341332015,0.02786880806001679,0,0.0,0.19103762345649383,-1.4432820197544125,True
1873,처치,1,3.0,28.0,433.37,41379.0,5.0,12.46,0.0,0.0,1,12.71,7.0,6.0,195.42000000000002,12.0,3.0,1,1,3.0,3.367295829986474,6.07389670546144,0.02875141334194799,0,0.0,0.21147776104958527,-1.3160407658715447,True
1877,대조,0,12.0,8.0,251.54,99.0,10.0,42.48,0.0,0.0,0,4.67,4.0,3.0,57.08,2.0,12.0,1,1,12.0,2.1972245773362196,5.531569652010535,0.16887970104158384,0,0.0,0.17817321637288278,-1.5287734445333991,True
1879,대조,0,2.0,49.0,689.77,497.0,1.0,1.25,0.0,0.0,1,12.47,4.0,2.0,298.59,18.0,2.0,1,1,2.0,3.912023005428146,6.537806917419835,0.0018121982689882135,0,0.0,0.24037848346782234,-1.1506056090622434,True
1881,대조,0,5.0,14.0,393.8,12216.0,10.0,44.46,0.0,0.0,0,21.759999999999998,8.0,6.0,121.53,6.0,5.0,1,1,5.0,2.70805020110221,5.978379307559327,0.11289994921279838,0,0.0,0.1893398338379746,-1.4543054725562614,True
1883,처치,1,15.0,17.0,215.79,2355.0,3.0,14.65,0.0,0.0,0,16.43,8.0,6.0,160.97,8.0,15.0,1,1,15.0,2.8903717578961645,5.378929143040425,0.06789007831688215,0,0.0,0.19437907223675466,-1.4218030857977635,True
1887,대조,0,9.0,3.0,25.810000000000002,12.0,1.0,8.99,0.0,0.0,0,11.48,2.0,2.0,25.5,2.0,9.0,1,1,9.0,1.3862943611198906,3.288774952247868,0.348314606741573,0,0.0,0.11622906369727222,-2.0286349762100415,True
1889,대조,0,3.0,14.0,383.65,15843.0,4.0,17.509999999999998,0.0,0.0,0,11.07,6.0,5.0,321.32,5.0,3.0,1,1,3.0,2.70805020110221,5.952333829904943,0.045640557800078196,0,0.0,0.18094803875832186,-1.509937615212523,True
1890,대조,0,49.0,3.0,27.04,11.0,0.0,0.0,0.0,0.0,0,7.88,2.0,2.0,51.27,1.0,49.0,1,1,49.0,1.3862943611198906,3.3336320621663895,0.0,0,0.0,0.15352307727485018,-1.7072320429311896,True
1892,대조,0,1.0,63.0,1090.6,28226.0,23.0,71.78,0.0,0.0,1,15.75,10.0,8.0,575.03,37.0,1.0,1,1,1.0,4.1588830833596715,6.995399788834184,0.06581698147808547,0,0.0,0.26729250115600606,-1.0084030069341066,True
1894,대조,0,25.0,2.0,45.72,10.0,1.0,2.88,0.0,0.0,1,5.28,6.0,4.0,36.58,3.0,25.0,1,1,25.0,1.0986122886681098,3.8441723385199715,0.06299212598425197,0,0.0,0.13209645497602848,-1.8825482099852147,True
1895,대조,0,2.0,3.0,56.300000000000004,9.0,0.0,0.0,0.0,0.0,0,0.0,0.0,0.0,20.32,2.0,2.0,0,1,2.0,1.3862943611198906,4.048300623720694,0.0,0,0.0,0.10640275982432407,-2.1280236445468663,False
1896,대조,0,1.0,11.0,207.46,5330.0,2.0,11.68,0.0,0.0,1,11.98,2.0,2.0,104.32,4.0,1.0,1,1,1.0,2.4849066497880004,5.339747176311176,0.0563000096404126,0,0.0,0.16389598515612597,-1.6295210352568896,True
1899,처치,1,9.0,6.0,1158.79,392.0,20.0,55.14,0.0,0.0,1,16.88,9.0,6.0,511.98,2.0,9.0,1,1,9.0,1.9459101490553132,7.055994233228931,0.04758411791610214,0,0.0,0.20385131866208991,-1.3623950559718612,True
1900,대조,0,1.0,7.0,1135.09,348.0,14.0,70.1,0.0,0.0,0,8.45,6.0,3.0,567.96,4.0,1.0,1,1,1.0,2.0794415416798357,7.035347821495047,0.061757217489362075,0,0.0,0.1866614905101728,-1.4718506284588941,True
1901,대조,0,2.0,133.0,1382.38,673.0,29.0,80.8,0.0,0.0,1,50.33,18.0,17.0,627.17,46.0,2.0,1,1,2.0,4.897839799950911,7.232285058927383,0.05844991970369941,0,0.0,0.30779121622947947,-0.8104659370317704,True
1905,대조,0,1.0,5.0,106.77000000000001,52.0,1.0,2.38,0.0,0.0,0,0.0,0.0,0.0,21.560000000000002,3.0,1.0,0,1,1.0,1.791759469228055,4.6799993266087405,0.02229090568511754,0,0.0,0.1254305068888443,-1.9419798821716479,True
1906,대조,0,6.0,26.0,1148.52,52859.0,13.0,36.03,0.0,0.0,0,23.17,14.0,12.0,469.85,8.0,6.0,1,1,6.0,3.295836866004329,7.047099742920951,0.03137080764810365,0,0.0,0.23530886708008858,-1.1785730253097717,True
1907,대조,0,2.0,66.0,1208.85,37424.0,31.0,59.18,0.0,0.0,1,48.33,14.0,14.0,840.28,35.0,2.0,1,1,2.0,4.204692619390966,7.098251663964102,0.04895561897671341,0,0.0,0.27340066475485447,-0.977436849178675,True
1911,대조,0,4.0,18.0,187.19,22523.0,12.0,35.88,0.0,0.0,1,21.35,9.0,7.0,100.88,12.0,4.0,1,1,4.0,2.9444389791664403,5.237452090776761,0.19167690581761848,0,0.0,0.18813609081728444,-1.4621671383107586,True
1912,대조,0,6.0,19.0,460.34000000000003,325.0,8.0,12.58,0.0,0.0,0,3.74,5.0,4.0,184.70000000000002,12.0,6.0,1,1,6.0,2.995732273553991,6.134135298272144,0.02732762740583047,0,0.0,0.19872224799524846,-1.394299532465862,True
1914,처치,1,2.0,20.0,709.62,201.0,6.0,28.04,0.0,0.0,1,28.23,5.0,4.0,285.37,6.0,2.0,1,1,2.0,3.044522437723423,6.566137828420241,0.03951410614131507,0,0.0,0.2131829583367091,-1.3058449893982993,True
1916,처치,1,2.0,22.0,423.52,187.0,21.0,42.75,0.0,0.0,0,2.99,2.0,2.0,224.85,7.0,2.0,1,1,2.0,3.1354942159291497,6.050959118893622,0.10093974310540235,0,0.0,0.1986064379382762,-1.3950269971120193,True
1918,대조,0,7.0,22.0,1106.95,36751.0,61.0,187.02,0.0,0.0,0,28.44,12.0,12.0,435.32,7.0,7.0,1,1,7.0,3.1354942159291497,7.010266739935214,0.16895072044807805,0,0.0,0.24086226097594646,-1.1479579963868538,True
1919,대조,0,6.0,18.0,510.15000000000003,24941.0,11.0,29.11,0.0,0.0,1,26.73,13.0,10.0,218.94,5.0,6.0,1,1,6.0,2.9444389791664403,6.236663089203023,0.05706164853474468,0,0.0,0.2094855643444872,-1.3280290861953836,True
1920,대조,0,20.0,13.0,365.41,113.0,7.0,25.66,0.0,0.0,1,0.0,0.0,0.0,155.41,8.0,20.0,0,1,20.0,2.6390573296152584,5.903752925003959,0.07022248980597137,0,0.0,0.21768692887116783,-1.2791970826351804,True
1921,대조,0,8.0,21.0,321.87,13470.0,5.0,18.75,0.0,0.0,1,0.0,0.0,0.0,55.46,6.0,8.0,0,1,8.0,3.091042453358316,5.777249765426953,0.058253332090595585,0,0.0,0.205560366921978,-1.3518972549583876,True
1922,대조,0,3.0,7.0,191.27,17293.0,0.0,0.0,0.0,0.0,0,10.98,3.0,3.0,174.25,9.0,3.0,1,1,3.0,2.0794415416798357,5.258900634184245,0.0,0,0.0,0.14518434996358803,-1.7728815177344064,True
1923,처치,1,11.0,17.0,393.31,9526.0,13.0,40.84,0.0,0.0,1,16.77,6.0,6.0,238.74,6.0,11.0,1,1,11.0,2.8903717578961645,5.977137401961936,0.10383666827693169,0,0.0,0.21326317485785762,-1.3053668241346446,True
1924,대조,0,7.0,27.0,485.53000000000003,25358.0,7.0,29.97,0.0,0.0,0,10.5,8.0,8.0,323.29,20.0,7.0,1,1,7.0,3.332204510175204,6.187298564678606,0.061726360883982444,0,0.0,0.2156453016536402,-1.2912264034487357,True
1925,대조,0,1.0,26.0,1099.1,16699.0,6.0,17.840000000000003,0.0,0.0,0,0.0,0.0,0.0,83.16,4.0,1.0,0,1,1.0,3.295836866004329,7.00315636374539,0.016231462105358935,0,0.0,0.2227296688525831,-1.2498294175971938,True
1927,대조,0,7.0,8.0,240.94,134.0,4.0,10.34,0.0,0.0,1,10.74,6.0,6.0,419.8,5.0,7.0,1,1,7.0,2.1972245773362196,5.4886897615317025,0.04291524860961235,0,0.0,0.16806113575978088,-1.5994311411023505,True
1928,처치,1,4.0,22.0,415.18,19305.0,9.0,35.94,0.0,0.0,1,0.0,0.0,0.0,29.439999999999998,3.0,4.0,0,1,4.0,3.1354942159291497,6.031117858984634,0.08656486343272797,0,0.0,0.20843032385811566,-1.3344130986976777,True
1929,처치,1,2.0,13.0,791.7,408.0,16.0,30.599999999999998,0.0,0.0,1,1.89,1.0,1.0,160.12,2.0,2.0,1,1,2.0,2.6390573296152584,6.67544483984311,0.038651004168245545,0,0.0,0.20261222001127305,-1.3700472040653957,True
1930,대조,0,5.0,53.0,526.13,215.0,21.0,82.87,0.0,0.0,0,116.34,41.0,25.0,315.41,22.0,5.0,1,1,5.0,3.9889840465642745,6.26744719743791,0.15750860053598922,0,0.0,0.24463515571215774,-1.1274329297098589,True
1931,대조,0,10.0,17.0,255.82999999999998,116.0,3.0,8.29,0.0,0.0,1,9.0,5.0,3.0,153.87,4.0,10.0,1,1,10.0,2.8903717578961645,5.548414387422504,0.032404331001055386,0,0.0,0.1948467917144888,-1.4188190139241654,True
1932,대조,0,19.0,4.0,160.58,7949.0,3.0,11.36,0.0,0.0,0,0.0,0.0,0.0,0.0,0.0,19.0,0,0,19.0,1.6094379124341003,5.085000376051562,0.07074355461452235,0,0.0,0.15662776570591566,-1.6835363484123966,True
1933,대조,0,3.0,15.0,482.25,32682.0,8.0,24.400000000000002,0.0,0.0,0,0.0,0.0,0.0,0.0,0.0,3.0,0,0,3.0,2.772588722239781,6.18053411808844,0.050596163815448424,0,0.0,0.18900605808295345,-1.4564815162999407,True
1935,대조,0,1.0,24.0,1542.32,86683.0,4.0,17.07,0.0,0.0,1,31.41,8.0,7.0,816.46,11.0,1.0,1,1,1.0,3.2188758248682006,7.3416912190659955,0.011067742102806163,0,0.0,0.23797444871240536,-1.1638167774410328,True
1936,처치,1,2.0,75.0,496.44,268.0,7.0,17.67,0.0,0.0,0,8.83,7.0,5.0,207.76,18.0,2.0,1,1,2.0,4.330733340286331,6.2094749463104435,0.03559342518733382,0,0.0,0.2398289362284077,-1.1536175883740105,True
1937,처치,1,3.0,12.0,528.13,287.0,7.0,13.92,0.0,0.0,1,14.75,9.0,7.0,297.41,7.0,3.0,1,1,3.0,2.5649493574615367,6.271234148359398,0.026357146914585423,0,0.0,0.19053211219378702,-1.4465563548528528,True
1939,처치,1,8.0,4.0,289.75,30244.0,3.0,7.779999999999999,0.0,0.0,1,0.0,0.0,0.0,105.91,3.0,8.0,0,1,8.0,1.6094379124341003,5.672463791398774,0.026850733390854184,0,0.0,0.15670232031201906,-1.6829720585058354,True
1940,대조,0,7.0,13.0,364.99,235.0,14.0,26.85,0.0,0.0,0,19.79,9.0,9.0,220.22,6.0,7.0,1,1,7.0,2.6390573296152584,5.902606010623731,0.0735636592783364,0,0.0,0.1862567896107852,-1.4745185389989246,True
1941,대조,0,2.0,23.0,150.52,6911.0,7.0,8.0,0.0,0.0,0,0.0,0.0,0.0,22.8,4.0,2.0,0,1,2.0,3.1780538303479458,5.020717629437768,0.05314908317831517,0,0.0,0.1708866740720945,-1.5793562356771669,True
1942,대조,0,2.0,21.0,381.89,110.0,3.0,20.53,0.0,0.0,0,2.67,1.0,1.0,167.53,16.0,2.0,1,1,2.0,3.091042453358316,5.947747741662709,0.05375893581921496,0,0.0,0.19136352841632207,-1.441174551571858,True
1943,처치,1,1.0,26.0,619.15,53426.0,13.0,35.83,0.0,0.0,0,18.2,6.0,5.0,298.96,15.0,1.0,1,1,1.0,3.295836866004329,6.429961384261339,0.05786966001776629,0,0.0,0.20940344661683424,-1.3285250335687668,True
1944,대조,0,3.0,28.0,1480.66,72364.0,20.0,52.21,0.0,0.0,1,8.79,4.0,4.0,602.5,12.0,3.0,1,1,3.0,3.367295829986474,7.3009183598322025,0.03526130239217646,0,0.0,0.248355120515526,-1.1074043182011628,True
1946,대조,0,1.0,2.0,37.3,9488.0,0.0,0.0,0.0,0.0,1,1.58,1.0,1.0,2.9699999999999998,1.0,1.0,1,1,1.0,1.0986122886681098,3.6454498961866,0.0,0,0.0,0.09810445093582094,-2.2184659771365496,False
1947,대조,0,10.0,3.0,219.81,81.0,3.0,11.89,0.0,0.0,0,45.52,19.0,15.0,707.37,8.0,10.0,1,1,10.0,1.3862943611198906,5.3973026032324585,0.05409217051089578,0,0.0,0.1434539280428415,-1.7868941825630782,True
1948,대조,0,1.0,1.0,26.06,18.0,0.0,0.0,0.0,0.0,1,0.0,0.0,0.0,6.56,1.0,1.0,0,1,1.0,0.6931471805599453,3.2980566227426418,0.0,0,0.0,0.08635756840924601,-2.3589428334056053,False
1949,대조,0,,0.0,0.0,0.0,0.0,0.0,0.0,0.0,1,0.0,0.0,0.0,0.0,0.0,90.0,0,0,90.0,0.0,0.0,0.0,0,0.0,0.11619600321826616,-2.028956866841588,True
1950,대조,0,,0.0,0.0,0.0,0.0,0.0,0.0,0.0,0,0.0,0.0,0.0,7.050000000000001,1.0,90.0,0,1,90.0,0.0,0.0,0.0,0,0.0,0.11145848676575056,-2.075929163761872,True
1953,대조,0,1.0,15.0,148.15,73.0,0.0,0.0,0.0,0.0,1,0.0,0.0,0.0,134.35,7.0,1.0,0,1,1.0,2.772588722239781,5.0049525109607576,0.0,0,0.0,0.16096825273373386,-1.6510413876117103,True
1954,대조,0,1.0,18.0,287.4,152.0,5.0,13.0,0.0,0.0,0,17.0,14.0,5.0,108.22,12.0,1.0,1,1,1.0,2.9444389791664403,5.664348405410794,0.04523312456506611,0,0.0,0.17747763074204936,-1.5335311019505797,True
1955,처치,1,5.0,23.0,1036.06,55386.0,29.0,115.08,0.0,0.0,1,55.78,21.0,16.0,502.5,16.0,5.0,1,1,5.0,3.1780538303479458,6.944145065765006,0.11107464818639848,0,0.0,0.24034752096973191,-1.1507751842336469,True
1957,처치,1,8.0,3.0,86.63,40.0,1.0,2.0,0.0,0.0,0,0.0,0.0,0.0,0.0,0.0,8.0,0,0,8.0,1.3862943611198906,4.473123405067759,0.023086690522913542,0,0.0,0.12153109248066492,-1.9780103790748573,True
1959,처치,1,4.0,9.0,450.04,29507.0,4.0,10.969999999999999,0.0,0.0,0,15.0,11.0,8.0,408.62,7.0,4.0,1,1,4.0,2.302585092994046,6.111556027365802,0.02437561105679495,0,0.0,0.17324109157618464,-1.562828909762464,True
1961,처치,1,8.0,9.0,201.1,103.0,6.0,10.11,0.0,0.0,0,0.0,0.0,0.0,0.0,0.0,8.0,0,0,8.0,2.302585092994046,5.308762624409575,0.05027349577324714,0,0.0,0.16237720845088707,-1.6406457938995702,True
1962,대조,0,1.0,17.0,502.45,206.0,11.0,44.5,0.0,0.0,1,0.0,0.0,0.0,47.4,5.0,1.0,0,1,1.0,2.8903717578961645,6.221484402361624,0.08856602647029556,0,0.0,0.20007517854126627,-1.3858245614511853,True
1963,대조,0,9.0,8.0,408.76,145.0,12.0,21.22,0.0,0.0,0,11.620000000000001,5.0,5.0,228.41,5.0,9.0,1,1,9.0,2.1972245773362196,6.0155716224512155,0.05191310304335062,0,0.0,0.17781810065987605,-1.5312005379258353,True
1964,대조,0,3.0,11.0,265.73,164.0,7.0,10.48,0.0,0.0,1,4.86,4.0,4.0,129.68,4.0,3.0,1,1,3.0,2.4849066497880004,5.586236910801158,0.039438527828999356,0,0.0,0.17189844800910054,-1.5722319103006517,True
1965,대조,0,9.0,26.0,647.85,98391.0,9.0,22.55,0.0,0.0,1,23.25,12.0,10.0,372.06,14.0,9.0,1,1,9.0,3.295836866004329,6.47520156518324,0.03480743999382573,0,0.0,0.23297086036498474,-1.191611409413573,True
1966,대조,0,8.0,9.0,480.86,268.0,7.0,17.9,0.0,0.0,0,11.88,7.0,6.0,327.61,8.0,8.0,1,1,8.0,2.302585092994046,6.177653615428426,0.0372249719253005,0,0.0,0.18237758757411193,-1.5003214365834712,True
1968,대조,0,2.0,7.0,210.75,148.0,9.0,14.99,0.0,0.0,0,8.31,3.0,3.0,88.93,4.0,2.0,1,1,2.0,2.0794415416798357,5.355406333532164,0.07112692763938315,0,0.0,0.14952708347237315,-1.7383150303785657,True
1969,대조,0,3.0,30.0,279.59000000000003,165.0,4.0,11.14,0.0,0.0,0,5.23,4.0,3.0,112.36,11.0,3.0,1,1,3.0,3.4339872044851463,5.63689452911457,0.039844057369719944,0,0.0,0.1949489570637673,-1.4181679171309776,True
1970,대조,0,32.0,3.0,9.43,6.0,0.0,0.0,0.0,0.0,0,0.0,0.0,0.0,12.18,2.0,32.0,0,1,32.0,1.3862943611198906,2.344686269012681,0.0,0,0.0,0.11217026446341449,-2.0687620499910615,True
1971,처치,1,1.0,41.0,1800.22,157820.0,15.0,47.69,0.0,0.0,0,7.93,7.0,4.0,409.08,9.0,1.0,1,1,1.0,3.7376696182833684,7.49621949207441,0.02649120663030074,0,0.0,0.25478980130839346,-1.0732274278439216,True
1972,대조,0,1.0,21.0,377.97,249.0,9.0,20.3,0.0,0.0,0,17.14,8.0,7.0,303.34000000000003,18.0,1.0,1,1,1.0,3.091042453358316,5.937457046276627,0.05370796624070693,0,0.0,0.18932111489893486,-1.4544274324001358,True
1974,처치,1,2.0,37.0,1012.61,49970.0,8.0,16.5,0.0,0.0,0,29.87,18.0,8.0,295.56,9.0,2.0,1,1,2.0,3.6375861597263857,6.921273494783045,0.016294526026802026,0,0.0,0.23455433129881556,-1.1827709866381089,True
1975,처치,1,2.0,39.0,1928.17,92443.0,24.0,57.15,0.0,0.0,1,63.47,32.0,25.0,1082.15,19.0,2.0,1,1,2.0,3.6888794541139363,7.5648451375866586,0.02963950274094089,0,0.0,0.26662747629040784,-1.0118013263839334,True
1976,대조,0,2.0,30.0,826.1700000000001,386.0,16.0,41.71,0.0,0.0,1,21.07,12.0,11.0,254.04,10.0,2.0,1,1,2.0,3.4339872044851463,6.718010236171939,0.05048597746226563,0,0.0,0.23204281528350176,-1.1968120792514867,True
1978,대조,0,4.0,15.0,194.94,4075.0,2.0,3.7800000000000002,0.0,0.0,0,7.03,3.0,3.0,199.13,10.0,4.0,1,1,4.0,2.772588722239781,5.277808489916496,0.019390581717451526,0,0.0,0.16664862211239698,-1.6095678388517392,True
1979,대조,0,2.0,25.0,318.79,124.0,6.0,23.45,0.0,0.0,1,0.0,0.0,0.0,43.52,4.0,2.0,0,1,2.0,3.258096538021482,5.767664530367487,0.07355939646789422,0,0.0,0.20064873936535224,-1.3822446605454384,True
1980,대조,0,2.0,6.0,496.07,8995.0,10.0,28.8,0.0,0.0,1,7.1899999999999995,3.0,3.0,358.3,5.0,2.0,1,1,2.0,1.9459101490553132,6.2087308612493155,0.05805632269639366,0,0.0,0.1706956972075173,-1.580704737175649,True
1981,대조,0,3.0,14.0,178.66,117.0,2.0,8.0,0.0,0.0,0,7.49,3.0,2.0,90.03,9.0,3.0,1,1,3.0,2.70805020110221,5.19106617580106,0.04477779021605284,0,0.0,0.1627311827246456,-1.638045532854639,True
1982,대조,0,1.0,33.0,848.02,88605.0,18.0,52.58,0.0,0.0,1,29.99,16.0,8.0,222.12,8.0,1.0,1,1,1.0,3.5263605246161616,6.744082743159913,0.06200325464022075,0,0.0,0.23498370315267697,-1.1803809732150505,True
1985,대조,0,1.0,21.0,686.81,297.0,21.0,103.23,0.0,0.0,1,61.97,20.0,16.0,761.07,12.0,1.0,1,1,1.0,3.091042453358316,6.533512637002681,0.1503035774085992,0,0.0,0.21979553634248486,-1.2668582842777396,True
1987,대조,0,2.0,11.0,214.81,158.0,10.0,13.51,0.0,0.0,0,0.0,0.0,0.0,57.41,2.0,2.0,0,1,2.0,2.4849066497880004,5.374398390953372,0.06289278897630464,0,0.0,0.16024521149358914,-1.6564047168970708,True
1988,대조,0,1.0,26.0,466.2,17173.0,12.0,39.99,0.0,0.0,0,28.78,14.0,6.0,512.64,6.0,1.0,1,1,1.0,3.295836866004329,6.146757431514017,0.08577863577863579,0,0.0,0.20353822960696824,-1.364325283487062,True
1989,대조,0,7.0,14.0,331.98,8621.0,14.0,53.57,0.0,0.0,1,12.72,3.0,3.0,231.54,13.0,7.0,1,1,7.0,2.70805020110221,5.808082428116706,0.16136514247846254,0,0.0,0.19900208895505356,-1.3925430172000868,True
1990,대조,0,1.0,21.0,728.29,71755.0,17.0,52.73,0.0,0.0,1,25.97,10.0,7.0,209.84,8.0,1.0,1,1,1.0,3.091042453358316,6.592071458117762,0.07240247703524695,0,0.0,0.21589443746016854,-1.2897540846215017,True
1993,대조,0,11.0,13.0,171.24,77.0,2.0,5.76,0.0,0.0,0,9.75,6.0,6.0,78.8,4.0,11.0,1,1,11.0,2.6390573296152584,5.148888853056108,0.033637000700770844,0,0.0,0.17196710057899173,-1.5717497043817663,True
1995,대조,0,5.0,19.0,1710.43,57866.0,26.0,75.07000000000001,0.0,0.0,1,18.95,7.0,7.0,485.68,6.0,5.0,1,1,5.0,2.995732273553991,7.44508455733832,0.043889548242254876,0,0.0,0.24381257256912595,-1.1318894804245827,True
1996,대조,0,4.0,18.0,434.68,127.0,5.0,26.560000000000002,0.0,0.0,0,5.48,2.0,2.0,156.35,6.0,4.0,1,1,4.0,2.9444389791664403,6.076908028925449,0.061102420171160396,0,0.0,0.19417274115359884,-1.4231212192942668,True
1997,대조,0,3.0,10.0,593.13,202.0,13.0,37.53,0.0,0.0,1,6.49,3.0,4.0,313.92,4.0,3.0,1,1,3.0,2.3978952727983707,6.387098150636191,0.06327449294421122,0,0.0,0.1907003285347342,-1.4454660351643422,True
1998,처치,1,1.0,59.0,325.51,373.0,38.0,54.63,0.0,0.0,0,34.63,31.0,25.0,152.57,26.0,1.0,1,1,1.0,4.0943445622221,5.788460576118825,0.16782894534730117,0,0.0,0.22650743957636305,-1.2281382617024434,True
2002,대조,0,9.0,13.0,359.85,27145.0,9.0,21.37,0.0,0.0,1,10.79,4.0,4.0,181.57999999999998,8.0,9.0,1,1,9.0,2.6390573296152584,5.888462359518282,0.05938585521745172,0,0.0,0.19578244354718202,-1.4128657643361597,True
2004,대조,0,2.0,31.0,1204.24,554.0,21.0,64.72,0.0,0.0,1,27.380000000000003,11.0,10.0,565.44,18.0,2.0,1,1,2.0,3.4657359027997265,7.094433996217501,0.0537434398458779,0,0.0,0.24492917088379085,-1.1258424879335631,True
2006,처치,1,9.0,12.0,470.3,11316.0,21.0,51.57,0.0,0.0,1,46.69,37.0,19.0,390.61,10.0,9.0,1,1,9.0,2.5649493574615367,6.155494833929685,0.10965341271528811,0,0.0,0.20392164357081502,-1.3619617988090167,True
2007,대조,0,8.0,17.0,898.59,72284.0,25.0,84.82000000000001,0.0,0.0,1,32.48,8.0,6.0,396.01,4.0,8.0,1,1,8.0,2.8903717578961645,6.801939103971798,0.09439232575479363,0,0.0,0.2305087296166104,-1.2054408744407636,True
2008,대조,0,8.0,6.0,125.17,54.0,2.0,4.74,0.0,0.0,0,16.37,7.0,7.0,234.95,2.0,8.0,1,1,8.0,1.9459101490553132,4.83763020393965,0.037868498841575456,0,0.0,0.1421912127674649,-1.7972084953723872,True
2009,처치,1,,0.0,0.0,0.0,0.0,0.0,0.0,0.0,0,0.0,0.0,0.0,0.0,0.0,90.0,0,0,90.0,0.0,0.0,0.0,0,0.0,0.11145848676575056,-2.075929163761872,True
2011,대조,0,1.0,13.0,102.33,44.0,0.0,0.0,0.0,0.0,1,0.0,0.0,0.0,83.43,8.0,1.0,0,1,1.0,2.6390573296152584,4.637927750226264,0.0,0,0.0,0.1493516295639047,-1.7396953918140956,True
2012,대조,0,3.0,32.0,962.94,19342.0,11.0,20.82,0.0,0.0,1,24.07,12.0,11.0,478.83,15.0,3.0,1,1,3.0,3.4965075614664802,6.8710290520096144,0.021621284815253286,0,0.0,0.23883403233474015,-1.1590825402986744,True
2013,대조,0,2.0,23.0,289.04,158.0,6.0,14.96,0.0,0.0,1,7.0,3.0,2.0,253.22,4.0,2.0,1,1,2.0,3.1780538303479458,5.670018844503392,0.05175754220869084,0,0.0,0.19403345878316855,-1.424011617360132,True
2014,대조,0,5.0,15.0,266.4,147.0,2.0,5.49,0.0,0.0,0,10.96,6.0,5.0,165.56,6.0,5.0,1,1,5.0,2.772588722239781,5.588745664667843,0.02060810810810811,0,0.0,0.17575532809169825,-1.5453745712189906,True
2015,대조,0,2.0,16.0,852.25,281.0,14.0,54.35,0.0,0.0,0,26.78,13.0,9.0,276.78000000000003,6.0,2.0,1,1,2.0,2.833213344056216,6.749052587786816,0.06377236726312702,0,0.0,0.20509281274279512,-1.3547627404835332,True
2016,처치,1,12.0,38.0,293.63,194.0,0.0,0.0,0.0,0.0,0,0.0,0.0,0.0,0.0,0.0,12.0,0,0,12.0,3.6635616461296463,5.685720331837793,0.0,0,0.0,0.21812305904767715,-1.2766379690827783,True
2017,대조,0,1.0,20.0,691.4,40496.0,11.0,23.240000000000002,0.0,0.0,1,15.870000000000001,6.0,6.0,179.96,5.0,1.0,1,1,1.0,3.044522437723423,6.540163823302054,0.03361295921319063,0,0.0,0.2101225302063251,-1.324186994170763,True
2018,대조,0,48.0,2.0,37.47,11.0,0.0,0.0,0.0,0.0,1,9.120000000000001,5.0,4.0,107.12,2.0,48.0,1,1,48.0,1.0986122886681098,3.6498787167642037,0.0,0,0.0,0.15749242376262854,-1.6770053007384222,True
2019,대조,0,51.0,10.0,93.91,59.0,2.0,7.64,0.0,0.0,0,0.0,0.0,0.0,213.7,21.0,51.0,0,1,51.0,2.3978952727983707,4.5529290741424004,0.0813544883398999,0,0.0,0.22436517553044963,-1.2404068500514236,True
2020,대조,0,5.0,31.0,804.94,376.0,16.0,60.980000000000004,0.0,0.0,1,49.730000000000004,22.0,18.0,602.72,22.0,5.0,1,1,5.0,3.4657359027997265,6.692009298048363,0.07575719929435734,0,0.0,0.2405601184657921,-1.1496111324439982,True
2021,대조,0,18.0,9.0,109.84,52.0,1.0,0.79,0.0,0.0,0,0.0,0.0,0.0,148.22,7.0,18.0,0,1,18.0,2.302585092994046,4.7080877199947775,0.007192279679533868,0,0.0,0.1618546518220172,-1.6444928104325771,True
2024,대조,0,4.0,18.0,474.26,173.0,10.0,18.33,0.0,0.0,1,53.04,28.0,18.0,564.44,8.0,4.0,1,1,4.0,2.9444389791664403,6.163862022704243,0.03864968582633998,0,0.0,0.20246014435196827,-1.3709887599840485,True
2027,대조,0,1.0,13.0,205.64,118.0,7.0,21.0,0.0,0.0,0,10.96,5.0,4.0,108.88,9.0,1.0,1,1,1.0,2.6390573296152584,5.330978148787585,0.10212021007586074,0,0.0,0.16417670680741037,-1.6274738906716653,True
2029,대조,0,16.0,4.0,101.98,43.0,2.0,6.109999999999999,0.0,0.0,0,10.719999999999999,4.0,4.0,120.6,3.0,16.0,1,1,16.0,1.6094379124341003,4.634534794617996,0.059913708570307894,0,0.0,0.14207150493946336,-1.7981902701535415,True
2030,대조,0,2.0,8.0,450.6,232.0,22.0,43.3,0.0,0.0,1,10.93,6.0,4.0,121.22,5.0,2.0,1,1,2.0,2.1972245773362196,6.112796832275507,0.09609409675987571,0,0.0,0.1780101590961072,-1.529887413745023,True
2032,대조,0,9.0,8.0,69.81,24.0,0.0,0.0,0.0,0.0,0,1.76,2.0,1.0,26.1,4.0,9.0,1,1,9.0,2.1972245773362196,4.260000233663683,0.0,0,0.0,0.13615462814362786,-1.8476025735109667,True
2033,대조,0,2.0,6.0,146.93,53.0,2.0,9.98,0.0,0.0,0,0.0,0.0,0.0,41.39,2.0,2.0,0,1,2.0,1.9459101490553132,4.996739188904145,0.06792350098686449,0,0.0,0.1386065323540337,-1.8269121725491893,True
2034,대조,0,18.0,8.0,78.21000000000001,13038.0,1.0,1.0,0.0,0.0,0,16.0,9.0,7.0,111.43,6.0,18.0,1,1,18.0,2.1972245773362196,4.372102553476188,0.012786088735455822,0,0.0,0.15188679416021705,-1.7198786562328174,True
2035,대조,0,6.0,11.0,235.24,117.0,10.0,27.67,0.0,0.0,0,6.08,4.0,3.0,140.15,9.0,6.0,1,1,6.0,2.4849066497880004,5.4648482374356675,0.1176245536473389,0,0.0,0.17190041577347004,-1.5722180868785818,True
2036,대조,0,10.0,5.0,328.5,148.0,12.0,26.7,0.0,0.0,0,5.99,2.0,2.0,367.3,4.0,10.0,1,1,10.0,1.791759469228055,5.797576353942562,0.08127853881278539,0,0.0,0.16436202358619284,-1.6261240208740095,True
2037,대조,0,1.0,26.0,427.17,246.0,2.0,2.19,0.0,0.0,0,5.5,6.0,5.0,147.0,8.0,1.0,1,1,1.0,3.295836866004329,6.059520312981926,0.0051267645199803355,0,0.0,0.19578618177059623,-1.4128420224716485,True
2039,처치,1,,0.0,0.0,0.0,0.0,0.0,0.0,0.0,0,0.0,0.0,0.0,0.0,0.0,90.0,0,0,90.0,0.0,0.0,0.0,0,0.0,0.11145848676575056,-2.075929163761872,True
2041,대조,0,10.0,15.0,553.45,182.0,6.0,17.189999999999998,0.0,0.0,1,1.0,1.0,1.0,212.01,5.0,10.0,1,1,10.0,2.772588722239781,6.317976631399225,0.031059716324871256,0,0.0,0.2117983380500462,-1.3141193869497496,True
2042,대조,0,10.0,4.0,813.77,293.0,14.0,67.29,0.0,0.0,0,23.990000000000002,8.0,5.0,286.64,3.0,10.0,1,1,10.0,1.6094379124341003,6.702905864823569,0.08268921193949151,0,0.0,0.1808550037282623,-1.5105654829560273,True
2043,대조,0,2.0,8.0,231.12,147.0,12.0,15.41,0.0,0.0,0,5.0,4.0,4.0,81.49,3.0,2.0,1,1,2.0,2.1972245773362196,5.447254479322408,0.06667532017999307,0,0.0,0.15434785247802318,-1.7008992643848242,True
2044,처치,1,10.0,7.0,110.82000000000001,55.0,1.0,2.97,0.0,0.0,0,0.8,1.0,1.0,33.89,3.0,10.0,1,1,10.0,2.0794415416798357,4.7168904355985,0.026800216567406606,0,0.0,0.1452882684227114,-1.7720444291008821,True
2046,대조,0,8.0,11.0,236.20999999999998,16209.0,2.0,3.63,0.0,0.0,0,1.34,1.0,1.0,30.97,3.0,8.0,1,1,8.0,2.4849066497880004,5.4689458247509455,0.015367681300537658,0,0.0,0.16917658739011904,-1.5914742072074242,True
2047,대조,0,9.0,9.0,771.1,18047.0,14.0,36.49,0.0,0.0,0,20.21,6.0,5.0,292.04,7.0,9.0,1,1,9.0,2.302585092994046,6.64911407531477,0.04732200752172221,0,0.0,0.19695088180619919,-1.4054615137200868,True
2050,처치,1,2.0,26.0,1259.61,143018.0,15.0,46.33,0.0,0.0,1,6.33,4.0,4.0,240.65,8.0,2.0,1,1,2.0,3.295836866004329,7.139351009777991,0.03678122593501163,0,0.0,0.23869158923347106,-1.1598662491481786,True
2051,처치,1,1.0,81.0,1595.58,77195.0,19.0,63.56,0.0,0.0,0,13.14,8.0,8.0,773.16,29.0,1.0,1,1,1.0,4.406719247264253,7.375619120514174,0.03983504430990612,0,0.0,0.27843197038669476,-0.952252904881112,True
2053,대조,0,7.0,25.0,450.09,10190.0,12.0,25.19,0.0,0.0,1,4.5,2.0,2.0,212.1,10.0,7.0,1,1,7.0,3.258096538021482,6.11166687613494,0.05596658446088561,0,0.0,0.21850743115313803,-1.2743856171716306,True
2055,대조,0,35.0,1.0,37.18,10.0,1.0,1.34,0.0,0.0,0,0.0,0.0,0.0,0.0,0.0,35.0,0,0,35.0,0.6931471805599453,3.6423118182976015,0.03604088219472835,0,0.0,0.12544468530717104,-1.9418506385081347,True
2056,대조,0,3.0,14.0,241.68,82.0,6.0,30.41,0.0,0.0,0,17.41,8.0,7.0,183.39000000000001,9.0,3.0,1,1,3.0,2.70805020110221,5.491743703074097,0.12582754054948692,0,0.0,0.17457484696628017,-1.553545018480323,True
2057,대조,0,2.0,13.0,353.72,11333.0,17.0,29.080000000000002,0.0,0.0,1,1.33,1.0,1.0,232.97,8.0,2.0,1,1,2.0,2.6390573296152584,5.871328745868001,0.08221191903200271,0,0.0,0.18441978179142313,-1.4866852022304227,True
2058,처치,1,1.0,17.0,778.99,32480.0,11.0,28.3,0.0,0.0,1,18.97,8.0,8.0,302.34000000000003,9.0,1.0,1,1,1.0,2.8903717578961645,6.659281099088633,0.03632909279965083,0,0.0,0.2084487157482341,-1.334301627620838,True
2059,대조,0,1.0,2.0,34.49,16.0,0.0,0.0,0.0,0.0,0,4.0,2.0,1.0,182.1,4.0,1.0,1,1,1.0,1.0986122886681098,3.569250966658405,0.0,0,0.0,0.09294249044532987,-2.278224934881993,False
2062,처치,1,1.0,58.0,1356.4,11294.0,28.0,68.27,0.0,0.0,1,20.080000000000002,17.0,12.0,610.11,22.0,1.0,1,1,1.0,4.07753744390572,7.213326384269658,0.05033176054261279,0,0.0,0.2699599599048005,-0.9948257307312873,True
2063,처치,1,14.0,13.0,428.4,178.0,2.0,5.49,0.0,0.0,1,10.0,10.0,7.0,154.45,3.0,14.0,1,1,14.0,2.6390573296152584,6.062388885444681,0.01281512605042017,0,0.0,0.2065711961034241,-1.3457186835041322,True
2064,대조,0,2.0,18.0,230.94,9346.0,2.0,4.08,0.0,0.0,1,0.0,0.0,0.0,81.36,6.0,2.0,0,1,2.0,2.9444389791664403,5.446478717528557,0.01766692647440894,0,0.0,0.17899177682290598,-1.5231932602036573,True
2065,대조,0,23.0,6.0,61.31,28.0,2.0,2.65,0.0,0.0,0,2.5,1.0,1.0,87.4,2.0,23.0,1,1,23.0,1.9459101490553132,4.132121926556131,0.04322296525852226,0,0.0,0.1492140549850372,-1.7407786778156122,True
2066,대조,0,2.0,20.0,525.27,200.0,17.0,67.36,0.0,0.0,0,17.26,6.0,6.0,386.51,12.0,2.0,1,1,2.0,3.044522437723423,6.265814389025023,0.12823881051649627,0,0.0,0.20327583768973712,-1.3659446608639794,True
2068,대조,0,3.0,12.0,345.05,19082.0,6.0,11.67,0.0,0.0,1,6.75,4.0,4.0,68.17,3.0,3.0,1,1,3.0,2.5649493574615367,5.846583273287872,0.03382118533545863,0,0.0,0.18024622594979806,-1.514680181537375,True
2069,처치,1,5.0,9.0,255.18,133.0,4.0,6.82,0.0,0.0,1,13.16,6.0,2.0,200.51,9.0,5.0,1,1,5.0,2.302585092994046,5.54588032240299,0.026726232463359197,0,0.0,0.16822094851915978,-1.5982885573471468,True
2070,대조,0,3.0,44.0,414.34000000000003,10555.0,5.0,12.09,0.0,0.0,1,14.73,5.0,5.0,164.95,27.0,3.0,1,1,3.0,3.8066624897703196,6.029097461914833,0.02917893517401168,0,0.0,0.2254252870207583,-1.2343253386567736,True
2071,대조,0,13.0,12.0,111.08,55.0,2.0,13.99,0.0,0.0,0,1.76,2.0,2.0,133.53,10.0,13.0,1,1,13.0,2.5649493574615367,4.719212902028752,0.12594526467410874,0,0.0,0.16838881000047642,-1.5970893612090986,True
2074,대조,0,16.0,3.0,141.89000000000001,78.0,3.0,7.970000000000001,0.0,0.0,0,0.0,0.0,0.0,29.78,3.0,16.0,0,1,16.0,1.3862943611198906,4.9620751034808785,0.05617027274649376,0,0.0,0.14306936053215114,-1.7900274298595382,True
2075,대조,0,45.0,1.0,9.379999999999999,6.0,0.0,0.0,0.0,0.0,0,11.14,5.0,5.0,79.51,3.0,45.0,1,1,45.0,0.6931471805599453,2.3398808777377424,0.0,0,0.0,0.11299576146550448,-2.0604994519497675,True
2076,처치,1,2.0,38.0,1473.9,157892.0,25.0,90.87,0.0,0.0,1,40.6,16.0,14.0,615.31,20.0,2.0,1,1,2.0,3.6635616461296463,7.296345469865456,0.06165275798900875,0,0.0,0.25950523919938223,-1.0485416664690808,True
2078,처치,1,13.0,23.0,660.56,19541.0,8.0,12.99,0.0,0.0,0,15.99,1.0,1.0,348.5,15.0,13.0,1,1,13.0,3.1780538303479458,6.494600682389592,0.019665132614751123,0,0.0,0.22801681548555994,-1.2195433897059695,True
2079,대조,0,10.0,26.0,1111.98,8308.0,9.0,34.4,0.0,0.0,0,29.64,12.0,8.0,346.31,10.0,10.0,1,1,10.0,3.295836866004329,7.014796381662161,0.030935808197989172,0,0.0,0.2426587251265643,-1.1381579444401986,True
2080,대조,0,3.0,68.0,1772.91,56138.0,39.0,86.13,0.0,0.0,0,18.22,9.0,9.0,273.96,2.0,3.0,1,1,3.0,4.23410650459726,7.480941428775357,0.04858114625107873,0,0.0,0.2803185033972787,-0.942882279482254,True
2081,대조,0,26.0,9.0,183.63,116.0,0.0,0.0,0.0,0.0,0,14.14,6.0,2.0,187.72,5.0,26.0,1,1,26.0,2.302585092994046,5.218353822407652,0.0,0,0.0,0.1869652567267875,-1.4698510366000423,True
2082,대조,0,1.0,26.0,659.48,75686.0,11.0,24.19,0.0,0.0,1,30.53,17.0,14.0,481.07,14.0,1.0,1,1,1.0,3.295836866004329,6.492966843413089,0.03668041487232365,0,0.0,0.21757055542054385,-1.279880561014505,True
2083,대조,0,3.0,64.0,1394.43,106240.0,13.0,19.3,0.0,0.0,0,36.73,24.0,21.0,511.52,23.0,3.0,1,1,3.0,4.174387269895637,7.240957890485727,0.013840780820837189,0,0.0,0.2670092144663626,-1.009849961997463,True
2084,대조,0,9.0,18.0,300.35,70.0,7.0,20.220000000000002,0.0,0.0,1,8.99,1.0,1.0,159.48,9.0,9.0,1,1,9.0,2.9444389791664403,5.708272379929054,0.06732145829865158,0,0.0,0.20135084414717733,-1.3778728655421904,True
2085,대조,0,4.0,35.0,1206.1,25024.0,18.0,45.85,0.0,0.0,1,19.5,9.0,6.0,619.2,19.0,4.0,1,1,4.0,3.58351893845611,7.095976067707081,0.03801508995937319,0,0.0,0.25250280621632437,-1.085308188740569,True
2086,대조,0,1.0,84.0,687.09,297.0,3.0,8.88,0.0,0.0,1,19.82,9.0,9.0,345.56,27.0,1.0,1,1,1.0,4.442651256490317,6.533919643331433,0.012924071082390954,0,0.0,0.25912062801275343,-1.0505441227069148,True
2087,대조,0,4.0,32.0,1022.88,83299.0,13.0,32.41,0.0,0.0,1,8.18,5.0,4.0,414.45,10.0,4.0,1,1,4.0,3.4965075614664802,6.931354611232462,0.031685046144220234,0,0.0,0.24356594649711008,-1.1332276229075058,True
2088,처치,1,24.0,6.0,310.17,156.0,7.0,18.34,0.0,0.0,1,9.32,6.0,5.0,197.63,6.0,24.0,1,1,24.0,1.9459101490553132,5.740339386629081,0.059128864816068605,0,0.0,0.19690502853895733,-1.4057514539029163,True
2092,대조,0,4.0,24.0,481.91,15550.0,0.0,0.0,0.0,0.0,1,18.65,13.0,7.0,678.8,27.0,4.0,1,1,4.0,3.2188758248682006,6.179830300886247,0.0,0,0.0,0.2093381511666619,-1.328919485387224,True
2094,대조,0,1.0,11.0,376.91,191.0,7.0,26.060000000000002,0.0,0.0,1,5.98,2.0,2.0,95.36,3.0,1.0,1,1,1.0,2.4849066497880004,5.934656072032321,0.06914117428563848,0,0.0,0.17882954116456273,-1.5242976431975153,True
2095,처치,1,5.0,10.0,105.10000000000001,67.0,3.0,6.74,0.0,0.0,0,3.08,4.0,4.0,128.69,10.0,5.0,1,1,5.0,2.3978952727983707,4.664382045619938,0.06412940057088487,0,0.0,0.14702186488035862,-1.7581525978429713,True
2097,대조,0,1.0,34.0,1457.98,148185.0,39.0,166.76,0.0,0.0,1,118.61,67.0,25.0,749.28,12.0,1.0,1,1,1.0,3.5553480614894135,7.285492840409638,0.11437742630214405,0,0.0,0.25699353439838984,-1.061653820105073,True
2098,대조,0,,0.0,0.0,0.0,0.0,0.0,0.0,0.0,0,0.0,0.0,0.0,0.0,0.0,90.0,0,0,90.0,0.0,0.0,0.0,0,0.0,0.11145848676575056,-2.075929163761872,True
2099,대조,0,9.0,3.0,36.83,21.0,1.0,2.99,0.0,0.0,0,0.0,0.0,0.0,80.0,2.0,9.0,0,1,9.0,1.3862943611198906,3.6331024386449378,0.08118381754004889,0,0.0,0.11075395133943039,-2.0830628810697847,True
2100,대조,0,74.0,4.0,167.95,115.0,1.0,2.0,0.0,0.0,1,23.27,10.0,9.0,230.05,3.0,74.0,1,1,74.0,1.6094379124341003,5.129602813160299,0.011908306043465319,0,0.0,0.2648251233757915,-1.0210387019333518,True
2102,대조,0,4.0,11.0,351.5,108.0,5.0,19.490000000000002,0.0,0.0,1,12.98,4.0,3.0,87.81,7.0,4.0,1,1,4.0,2.4849066497880004,5.8650506222523235,0.05544807965860598,0,0.0,0.1813517816972691,-1.507215775384452,True
2107,대조,0,7.0,12.0,421.32,198.0,15.0,42.99,0.0,0.0,1,17.68,7.0,5.0,127.69,4.0,7.0,1,1,7.0,2.5649493574615367,6.045763320515361,0.10203645684990031,0,0.0,0.19677337768257408,-1.4065841942393424,True
2108,대조,0,6.0,20.0,206.13,133.0,2.0,5.99,0.0,0.0,0,0.0,0.0,0.0,94.33,8.0,6.0,0,1,6.0,3.044522437723423,5.333346615467431,0.029059331489836512,0,0.0,0.17974730696925204,-1.5180604406201585,True
2109,대조,0,3.0,6.0,130.0,57.0,0.0,0.0,0.0,0.0,0,0.0,0.0,0.0,140.5,6.0,3.0,0,1,3.0,1.9459101490553132,4.875197323201151,0.0,0,0.0,0.13419865482807208,-1.8643342878302858,True
2111,처치,1,4.0,17.0,325.08,3453.0,6.0,20.4,0.0,0.0,1,6.6,4.0,3.0,137.38,3.0,4.0,1,1,4.0,2.8903717578961645,5.78714275003436,0.06275378368401624,0,0.0,0.19231486093608097,-1.4350383736324082,True
2112,대조,0,4.0,16.0,653.33,21470.0,7.0,23.4,0.0,0.0,1,9.96,5.0,4.0,198.05,4.0,4.0,1,1,4.0,2.833213344056216,6.483611811351871,0.035816509267904424,0,0.0,0.2073346987434609,-1.3410666763996295,True
2114,처치,1,2.0,25.0,521.36,3273.0,4.0,9.78,0.0,0.0,0,10.27,3.0,3.0,219.01,11.0,2.0,1,1,2.0,3.258096538021482,6.258357005352207,0.018758631272057694,0,0.0,0.20263685727764558,-1.369894715382239,True
2115,대조,0,8.0,48.0,2026.73,260700.0,24.0,70.12,0.0,0.0,1,11.190000000000001,4.0,4.0,1011.06,23.0,8.0,1,1,8.0,3.8918202981106265,7.614672219753003,0.03459760303543146,0,0.0,0.2908630026084932,-0.8911963591834821,True
2117,대조,0,8.0,14.0,200.77,136.0,2.0,3.0,0.0,0.0,0,7.48,7.0,7.0,67.87,5.0,8.0,1,1,8.0,2.70805020110221,5.307128434826587,0.014942471484783582,0,0.0,0.17170681300674678,-1.5735787354521953,True
2121,대조,0,1.0,21.0,1036.68,70064.0,19.0,44.59,0.0,0.0,1,20.4,11.0,9.0,291.53000000000003,10.0,1.0,1,1,1.0,3.091042453358316,6.9447427310324175,0.043012308523363046,0,0.0,0.2239283080698833,-1.2429189550561155,True
2123,대조,0,10.0,4.0,248.38,113.0,17.0,43.14,0.0,0.0,1,45.58,15.0,13.0,206.86,3.0,10.0,1,1,10.0,1.6094379124341003,5.51897783756844,0.17368548192286015,0,0.0,0.16464834660196606,-1.6240408111127747,True
2124,대조,0,1.0,40.0,1246.83,189279.0,17.0,38.19,0.0,0.0,1,16.86,11.0,9.0,641.24,21.0,1.0,1,1,1.0,3.713572066704308,7.1291613217021474,0.030629676860518273,0,0.0,0.2514308321858965,-1.0909956775746392,True
2128,대조,0,3.0,33.0,878.34,31886.0,18.0,65.25,0.0,0.0,0,0.0,0.0,0.0,99.24,6.0,3.0,0,1,3.0,3.5263605246161616,6.779171626081548,0.07428786119270442,0,0.0,0.23267001478306562,-1.193295733114218,True
2129,대조,0,3.0,27.0,1096.72,66512.0,19.0,55.82,0.0,0.0,1,28.16,14.0,9.0,625.88,16.0,3.0,1,1,3.0,3.332204510175204,7.000990580441656,0.050897220803851485,0,0.0,0.2389801870821695,-1.1582787436370334,True
2130,대조,0,1.0,12.0,509.09000000000003,2328.0,9.0,36.93,0.0,0.0,1,16.48,5.0,5.0,215.33,3.0,1.0,1,1,1.0,2.5649493574615367,6.234587180737504,0.0725412009664303,0,0.0,0.18903149142403314,-1.4563156005279012,True
2131,대조,0,2.0,42.0,794.72,357.0,18.0,60.64,0.0,0.0,0,52.19,22.0,17.0,485.9,11.0,2.0,1,1,2.0,3.7612001156935624,6.679247365168776,0.07630360378498087,0,0.0,0.23629097166391014,-1.1731228872904846,True
2133,대조,0,1.0,19.0,937.12,8842.0,5.0,14.27,0.0,0.0,1,7.88,4.0,4.0,343.05,6.0,1.0,1,1,1.0,2.995732273553991,6.843877872593376,0.015227505548915827,0,0.0,0.21571172384767723,-1.2908337474592013,True
2134,처치,1,5.0,13.0,1497.88,605.0,12.0,50.09,0.0,0.0,1,7.99,1.0,1.0,375.63,3.0,5.0,1,1,5.0,2.6390573296152584,7.312473441529243,0.0334405960424066,0,0.0,0.2260371451630837,-1.2308245363758463,True
2137,대조,0,21.0,27.0,245.46,18801.0,8.0,13.65,0.0,0.0,0,0.0,0.0,0.0,31.72,2.0,21.0,0,1,21.0,3.332204510175204,5.507199708509977,0.05560987533610364,0,0.0,0.22324490274332795,-1.2468557230997488,True
2138,대조,0,1.0,8.0,251.06,121.0,4.0,31.47,0.0,0.0,0,24.94,13.0,9.0,320.28,4.0,1.0,1,1,1.0,2.1972245773362196,5.529667154409346,0.12534852226559387,0,0.0,0.1579010625186142,-1.6739288599871993,True
2139,대조,0,1.0,32.0,354.03000000000003,150.0,2.0,5.390000000000001,0.0,0.0,0,16.28,9.0,6.0,226.87,22.0,1.0,1,1,1.0,3.4965075614664802,5.872202292947151,0.015224698471880915,0,0.0,0.19791762514761047,-1.3993604048579429,True
2141,대조,0,2.0,11.0,589.66,292.0,19.0,57.13,0.0,0.0,0,5.99,1.0,1.0,544.97,6.0,2.0,1,1,2.0,2.4849066497880004,6.381240555751506,0.09688634128141642,0,0.0,0.18646107513466978,-1.4731712692645504,True
2142,대조,0,7.0,16.0,956.03,439.0,19.0,66.97,0.0,0.0,0,32.14,20.0,12.0,710.67,7.0,7.0,1,1,7.0,2.833213344056216,6.863834738924,0.07005010303023963,0,0.0,0.21834425131500712,-1.2753414728077332,True
2144,대조,0,86.0,1.0,13.47,3.0,0.0,0.0,0.0,0.0,0,9.370000000000001,3.0,3.0,47.67,1.0,86.0,1,1,86.0,0.6931471805599453,2.6720775406433925,0.0,0,0.0,0.17754567784414224,-1.5330650299483444,True
2145,대조,0,26.0,6.0,243.23000000000002,80.0,5.0,9.79,0.0,0.0,0,0.0,0.0,0.0,41.17,4.0,26.0,0,1,26.0,1.9459101490553132,5.498110404253996,0.04024996916498787,0,0.0,0.18568552273786937,-1.4782921222627539,True
2146,대조,0,17.0,13.0,227.07,76.0,13.0,31.12,0.0,0.0,0,7.07,4.0,4.0,169.44,6.0,17.0,1,1,17.0,2.6390573296152584,5.429652599378058,0.1370502488219492,0,0.0,0.19589212613564122,-1.4121693007932574,True
2147,대조,0,6.0,10.0,509.74,13883.0,12.0,23.53,0.0,0.0,1,10.379999999999999,5.0,5.0,320.33,6.0,6.0,1,1,6.0,2.3978952727983707,6.235860654455643,0.04616078785263075,0,0.0,0.19100094610745605,-1.4435193661035721,True
2148,처치,1,2.0,24.0,586.01,10344.0,6.0,14.22,0.0,0.0,1,4.99,2.0,2.0,172.87,6.0,2.0,1,1,2.0,3.2188758248682006,6.375041855458117,0.02426579751198785,0,0.0,0.212657883848247,-1.308978167868494,True
2149,대조,0,12.0,12.0,340.62,45206.0,5.0,13.24,0.0,0.0,0,0.0,0.0,0.0,197.66,7.0,12.0,0,1,12.0,2.5649493574615367,5.833699008209915,0.03887029534378486,0,0.0,0.1887501325311167,-1.4581520143712334,True
2154,대조,0,,0.0,0.0,0.0,0.0,0.0,0.0,0.0,1,7.17,4.0,4.0,70.35,2.0,90.0,1,1,90.0,0.0,0.0,0.0,0,0.0,0.11619600321826616,-2.028956866841588,True
2156,대조,0,3.0,16.0,917.54,46150.0,25.0,72.63,0.0,0.0,1,23.17,10.0,10.0,340.85,8.0,3.0,1,1,3.0,2.833213344056216,6.822785452972044,0.07915731194280358,0,0.0,0.21798451161820598,-1.27745053382182,True
2158,대조,0,2.0,25.0,488.2,84233.0,3.0,6.99,0.0,0.0,1,9.870000000000001,7.0,7.0,173.89,6.0,2.0,1,1,2.0,3.258096538021482,6.192771403813017,0.01431790249897583,0,0.0,0.20820267976587098,-1.3357934230571613,True
2159,대조,0,3.0,19.0,337.1,3984.0,3.0,5.34,0.0,0.0,0,0.0,0.0,0.0,114.46,7.0,3.0,0,1,3.0,2.995732273553991,5.823341709713841,0.01584099673687333,0,0.0,0.1845542413717694,-1.4857914953755778,True
2161,처치,1,7.0,4.0,160.65,61020.0,0.0,0.0,0.0,0.0,0,0.0,0.0,0.0,35.25,1.0,7.0,0,1,7.0,1.6094379124341003,5.0854335041714425,0.0,0,0.0,0.13572795776947127,-1.8512350110131723,True
2162,대조,0,10.0,19.0,1925.29,81397.0,11.0,45.62,0.0,0.0,1,29.759999999999998,4.0,3.0,767.76,9.0,10.0,1,1,10.0,2.995732273553991,7.563351152155255,0.023695131642505803,0,0.0,0.2567359724307196,-1.0630031227979169,True
2164,대조,0,12.0,14.0,486.72,349.0,6.0,11.58,0.0,0.0,0,24.17,16.0,9.0,238.31,6.0,12.0,1,1,12.0,2.70805020110221,6.189741470692064,0.023791913214990138,0,0.0,0.20169485309276364,-1.3757349869672888,True
2167,대조,0,2.0,22.0,560.76,292.0,17.0,37.66,0.0,0.0,0,2.5,1.0,1.0,152.64000000000001,5.0,2.0,1,1,2.0,3.1354942159291497,6.331074712420122,0.06715885583850488,0,0.0,0.2038811125476716,-1.362211488455826,True
2168,처치,1,3.0,26.0,760.82,401.0,20.0,63.6,0.0,0.0,1,29.080000000000002,22.0,10.0,402.38,11.0,3.0,1,1,3.0,3.295836866004329,6.635710307309755,0.08359401698167766,0,0.0,0.22913321721257854,-1.2132120046983343,True
2170,대조,0,2.0,31.0,872.32,438.0,30.0,94.16,0.0,0.0,0,53.96,21.0,21.0,481.78,14.0,2.0,1,1,2.0,3.4657359027997265,6.772302040794916,0.10794203961848861,0,0.0,0.23074586282761067,-1.2041044483962333,True
2171,대조,0,7.0,12.0,474.72,209.0,4.0,9.74,0.0,0.0,0,5.49,3.0,3.0,209.01,6.0,7.0,1,1,7.0,2.5649493574615367,6.164829445859045,0.020517357600269633,0,0.0,0.18727441404187123,-1.4678185239596233,True
2173,대조,0,10.0,3.0,65.7,24.0,6.0,30.0,0.0,0.0,1,0.0,0.0,0.0,0.0,0.0,10.0,0,0,10.0,1.3862943611198906,4.200204952921578,0.45662100456621,0,0.0,0.14532852664851603,-1.7717202727882355,True
2176,대조,0,2.0,22.0,333.65,10560.0,20.0,43.69,0.0,0.0,0,20.6,9.0,6.0,422.25,53.0,2.0,1,1,2.0,3.1354942159291497,5.813085209546651,0.13094560167840552,0,0.0,0.19429504119004093,-1.4223397847769652,True
2178,대조,0,2.0,18.0,354.7,19579.0,3.0,5.07,0.0,0.0,0,7.05,6.0,6.0,247.36,7.0,2.0,1,1,2.0,2.9444389791664403,5.874087678954409,0.014293769382576827,0,0.0,0.18245133186912602,-1.499826971112392,True
2179,대조,0,42.0,6.0,123.81,12330.0,1.0,1.59,0.0,0.0,1,2.76,2.0,2.0,72.97,2.0,42.0,1,1,42.0,1.9459101490553132,4.826792580930363,0.012842258299006542,0,0.0,0.20239217531298165,-1.3714097517439798,True
2181,대조,0,13.0,3.0,90.15,41.0,3.0,6.58,0.0,0.0,1,0.0,0.0,0.0,71.39,2.0,13.0,0,1,13.0,1.3862943611198906,4.512506501124672,0.07298946200776484,0,0.0,0.13634975506160324,-1.8459445648522206,True
2182,처치,1,1.0,13.0,283.09,142.0,7.0,18.560000000000002,0.0,0.0,1,21.65,8.0,7.0,121.8,6.0,1.0,1,1,1.0,2.6390573296152584,5.649291089367011,0.06556218870323927,0,0.0,0.1761804348107491,-1.542442863976071,True
2183,대조,0,3.0,19.0,394.94,37574.0,10.0,29.61,0.0,0.0,1,4.5,6.0,1.0,158.48,7.0,3.0,1,1,3.0,2.995732273553991,5.981262684623386,0.0749734136830911,0,0.0,0.19981028456555738,-1.3874805046549317,True
2184,대조,0,4.0,45.0,902.28,45413.0,6.0,27.54,0.0,0.0,1,44.09,24.0,17.0,507.65000000000003,18.0,4.0,1,1,4.0,3.828641396489095,6.806032582872267,0.03052267588775103,0,0.0,0.2521031297052435,-1.0874268458758387,True
2186,대조,0,6.0,6.0,460.16,199.0,11.0,34.53,0.0,0.0,1,2.0,1.0,1.0,161.4,2.0,6.0,1,1,6.0,1.9459101490553132,6.133745054364753,0.07503911682892907,0,0.0,0.17651554892920254,-1.5401356995131983,True
2187,대조,0,2.0,9.0,435.88,197.0,6.0,16.52,0.0,0.0,0,4.0,3.0,2.0,167.06,3.0,2.0,1,1,2.0,2.302585092994046,6.079658557843898,0.03790033954299348,0,0.0,0.17001658859184937,-1.5855097020939724,True
2188,대조,0,4.0,16.0,370.29,148.0,3.0,10.58,0.0,0.0,1,9.48,6.0,3.0,111.61,5.0,4.0,1,1,4.0,2.833213344056216,5.916983428420674,0.02857220016743633,0,0.0,0.19167027663546293,-1.4391934621810445,True
2190,대조,0,2.0,29.0,1546.68,143919.0,16.0,42.910000000000004,0.0,0.0,1,29.66,21.0,17.0,706.45,16.0,2.0,1,1,2.0,3.4011973816621555,7.344512314434237,0.027743295316419687,0,0.0,0.24826630070456512,-1.107880174730992,True
2193,처치,1,1.0,11.0,1237.75,411.0,19.0,56.92,0.0,0.0,1,24.42,9.0,8.0,659.33,8.0,1.0,1,1,1.0,2.4849066497880004,7.121858085644198,0.045986669359725306,0,0.0,0.2083658862929893,-1.3348037043589909,True
2194,처치,1,4.0,51.0,898.85,55424.0,17.0,47.54,0.0,0.0,1,25.53,16.0,9.0,544.94,25.0,4.0,1,1,4.0,3.9512437185814275,6.802228082767212,0.05288980363798186,0,0.0,0.2584921941821383,-1.0538201916813654,True
2198,대조,0,1.0,42.0,752.01,6393.0,20.0,34.55,0.0,0.0,1,11.91,8.0,8.0,200.31,20.0,1.0,1,1,1.0,3.7612001156935624,6.624078507924196,0.04594353798486722,0,0.0,0.23872804563859779,-1.1596656387996098,True
2199,대조,0,4.0,32.0,1061.59,94973.0,36.0,82.68,0.0,0.0,1,45.87,24.0,21.0,483.37,12.0,4.0,1,1,4.0,3.4965075614664802,6.968464603093584,0.07788317523714429,0,0.0,0.24831956060186328,-1.107594818515344,True
2203,처치,1,7.0,15.0,498.23,27922.0,8.0,23.400000000000002,0.0,0.0,1,25.740000000000002,9.0,9.0,186.47,3.0,7.0,1,1,7.0,2.772588722239781,6.213066911403363,0.046966260562390866,0,0.0,0.20431243411799643,-1.359556241593363,True
2204,대조,0,4.0,41.0,674.14,23133.0,19.0,41.73,0.0,0.0,0,3.0,3.0,2.0,86.65,9.0,4.0,1,1,4.0,3.7376696182833684,6.514920076773994,0.06190108879461239,0,0.0,0.23352590977048482,-1.1885078614717726,True
2205,대조,0,13.0,22.0,392.87,24257.0,16.0,35.98,0.0,0.0,0,9.85,4.0,4.0,158.63,10.0,13.0,1,1,13.0,3.1354942159291497,5.976020905614129,0.0915824573013974,0,0.0,0.21670341702626436,-1.2849817251343316,True
2207,대조,0,1.0,77.0,650.82,13005.0,19.0,44.04,0.0,0.0,0,19.29,12.0,10.0,370.27,21.0,1.0,1,1,1.0,4.356708826689592,6.479768450191684,0.06766847976399004,0,0.0,0.24954746323331894,-1.1010272764244182,True
2208,처치,1,2.0,36.0,1274.13,6139.0,25.0,76.38,0.0,0.0,1,25.17,11.0,10.0,949.04,17.0,2.0,1,1,2.0,3.6109179126442243,7.150803413179193,0.059946787219514484,0,0.0,0.25268346119234014,-1.084351278243734,True
2209,대조,0,1.0,44.0,1670.1399999999999,197202.0,21.0,100.85,0.0,0.0,1,27.520000000000003,9.0,9.0,677.95,16.0,1.0,1,1,1.0,3.8066624897703196,7.421261307252231,0.06038415941178584,0,0.0,0.26685990768892254,-1.0106129750699517,True
2210,대조,0,22.0,1.0,10.93,7.0,0.0,0.0,0.0,0.0,0,0.0,0.0,0.0,57.13,3.0,22.0,0,1,22.0,0.6931471805599453,2.4790562361098245,0.0,0,0.0,0.0909780161706532,-2.3017513817264823,False
2211,대조,0,57.0,1.0,27.080000000000002,6.0,0.0,0.0,0.0,0.0,0,2.99,1.0,1.0,52.73,2.0,57.0,1,1,57.0,0.6931471805599453,3.3350575791576103,0.0,0,0.0,0.14736148881923508,-1.7554469966829354,True
2213,처치,1,3.0,8.0,950.09,494.0,20.0,57.34,0.0,0.0,0,71.72,29.0,26.0,678.0,6.0,3.0,1,1,3.0,2.1972245773362196,6.857608695291545,0.06035217716216359,0,0.0,0.18917429343413686,-1.4553843416743368,True
2215,처치,1,5.0,20.0,313.42,146.0,4.0,10.04,0.0,0.0,0,0.0,0.0,0.0,80.18,5.0,5.0,0,1,5.0,3.044522437723423,5.750729671763368,0.03203369280837215,0,0.0,0.1887311206217853,-1.4582761797776902,True
2217,대조,0,4.0,35.0,1022.98,29769.0,9.0,19.54,0.0,0.0,1,30.15,15.0,12.0,495.85,19.0,4.0,1,1,4.0,3.58351893845611,6.9314522741587155,0.01910105769418757,0,0.0,0.24585158332784732,-1.120861153669185,True
2221,대조,0,9.0,16.0,293.84,163.0,6.0,9.91,0.0,0.0,1,6.59,2.0,2.0,184.79,9.0,9.0,1,1,9.0,2.833213344056216,5.686432836321088,0.03372583719030765,0,0.0,0.19494496028228217,-1.418193383641767,True
2222,대조,0,11.0,3.0,161.91,50.0,2.0,4.33,0.0,0.0,0,8.48,3.0,3.0,275.40000000000003,3.0,11.0,1,1,11.0,1.3862943611198906,5.093197901078078,0.02674325242418628,0,0.0,0.13729888005521457,-1.8379081484443043,True
2223,처치,1,1.0,76.0,616.5,297.0,11.0,35.72,0.0,0.0,0,7.36,7.0,5.0,174.64000000000001,35.0,1.0,1,1,1.0,4.343805421853684,6.4256790685021326,0.05793998377939984,0,0.0,0.24660429128798553,-1.1168056069503172,True
2224,처치,1,2.0,13.0,505.36,204.0,20.0,52.03,0.0,0.0,1,12.27,4.0,4.0,163.69,5.0,2.0,1,1,2.0,2.6390573296152584,6.227247878768628,0.10295630837422827,0,0.0,0.19493669464797014,-1.41824605149051,True
2225,대조,0,1.0,14.0,395.98,29210.0,10.0,21.86,0.0,0.0,0,4.0,3.0,3.0,257.13,7.0,1.0,1,1,1.0,2.70805020110221,5.983885901584432,0.0552048083236527,0,0.0,0.17892690416593435,-1.52363477234827,True
2226,대조,0,1.0,58.0,376.12,37320.0,8.0,21.84,0.0,0.0,0,31.67,12.0,12.0,684.0,41.0,1.0,1,1,1.0,4.07753744390572,5.932563439187821,0.05806657449750079,0,0.0,0.22210019555394697,-1.2534691184486793,True
2228,처치,1,2.0,29.0,613.57,66781.0,2.0,3.0,0.0,0.0,0,0.0,0.0,0.0,322.98,12.0,2.0,0,1,2.0,3.4011973816621555,6.420922836269428,0.0048894176703554604,0,0.0,0.21091208115800736,-1.3194363756970664,True
2230,대조,0,3.0,12.0,307.45,124.0,7.0,32.32,0.0,0.0,0,0.0,0.0,0.0,13.32,1.0,3.0,0,1,3.0,2.5649493574615367,5.731559755655647,0.10512278419255164,0,0.0,0.1749413168717108,-1.55100392934412,True
2231,대조,0,9.0,10.0,425.27,183.0,12.0,27.28,0.0,0.0,1,9.72,3.0,3.0,250.57,5.0,9.0,1,1,9.0,2.3978952727983707,6.055072948318093,0.06414748277564841,0,0.0,0.1928203248303501,-1.431787493434481,True
2233,대조,0,1.0,51.0,1332.7,105185.0,12.0,43.0,0.0,0.0,1,23.27,10.0,8.0,614.0600000000001,23.0,1.0,1,1,1.0,3.9512437185814275,7.1957123136283485,0.032265326029864184,0,0.0,0.26289643246517214,-1.0309682464310685,True
2234,대조,0,1.0,16.0,685.12,44146.0,6.0,24.6,0.0,0.0,1,17.05,7.0,6.0,448.33,11.0,1.0,1,1,1.0,2.833213344056216,6.531052539541625,0.035906118636151334,0,0.0,0.20301078108634762,-1.367582065182915,True
2235,대조,0,1.0,9.0,211.56,78.0,5.0,12.17,0.0,0.0,1,2.29,1.0,1.0,164.37,5.0,1.0,1,1,1.0,2.302585092994046,5.359224301451558,0.05752505199470599,0,0.0,0.15940094717553951,-1.66269208731673,True
2236,대조,0,2.0,56.0,717.84,36829.0,12.0,30.77,0.0,0.0,0,8.49,3.0,3.0,150.6,16.0,2.0,1,1,2.0,4.04305126783455,6.577638801663822,0.042864705226791484,0,0.0,0.24102060852795787,-1.1470921824174494,True
2237,대조,0,2.0,25.0,627.2,30553.0,6.0,12.4,0.0,0.0,1,13.16,5.0,5.0,346.13,9.0,2.0,1,1,2.0,3.258096538021482,6.4428585871045465,0.019770408163265304,0,0.0,0.2155927893295563,-1.2915368930661195,True
2238,대조,0,25.0,10.0,99.65,51.0,2.0,3.79,0.0,0.0,0,0.0,0.0,0.0,0.0,0.0,25.0,0,0,25.0,2.3978952727983707,4.611649152085801,0.038033115905669844,0,0.0,0.1753940182565317,-1.5478706984457582,True
2239,대조,0,,0.0,0.0,0.0,0.0,0.0,0.0,0.0,0,0.0,0.0,0.0,107.24,2.0,90.0,0,1,90.0,0.0,0.0,0.0,0,0.0,0.11145848676575056,-2.075929163761872,True
2240,처치,1,1.0,27.0,745.28,8040.0,11.0,31.27,0.0,0.0,0,16.31,9.0,6.0,426.95,17.0,1.0,1,1,1.0,3.332204510175204,6.615100864903798,0.04195738514383856,0,0.0,0.21470908900249838,-1.296770198900951,True
2241,대조,0,2.0,4.0,25.38,4705.0,0.0,0.0,0.0,0.0,0,0.0,0.0,0.0,46.27,2.0,2.0,0,1,2.0,1.6094379124341003,3.2726061472891685,0.0,0,0.0,0.09859252022384012,-2.2129620092442828,False
2243,대조,0,19.0,2.0,172.4,86.0,3.0,5.07,0.0,0.0,1,11.54,7.0,6.0,246.86,3.0,19.0,1,1,19.0,1.0986122886681098,5.155601064346442,0.02940835266821346,0,0.0,0.14860089811766403,-1.7456168223960622,True
2244,처치,1,6.0,50.0,987.6,11704.0,13.0,34.2,0.0,0.0,0,45.82,22.0,15.0,409.26,25.0,6.0,1,1,6.0,3.9318256327243257,6.896289800872859,0.03462940461725395,0,0.0,0.25471809221228153,-1.0736051336360288,True
2245,대조,0,4.0,15.0,356.86,169.0,4.0,36.73,0.0,0.0,0,15.129999999999999,4.0,4.0,220.02,5.0,4.0,1,1,4.0,2.772588722239781,5.880141848463716,0.10292551700947149,0,0.0,0.18642582366456645,-1.4734036726010802,True
2247,대조,0,8.0,6.0,779.72,322.0,9.0,41.03,0.0,0.0,0,19.11,8.0,7.0,517.9,8.0,8.0,1,1,8.0,1.9459101490553132,6.660216570833206,0.05262145385523008,0,0.0,0.18464778563235282,-1.4851700357690127,True
2248,대조,0,80.0,1.0,15.030000000000001,8.0,0.0,0.0,0.0,0.0,0,0.0,0.0,0.0,0.0,0.0,80.0,0,0,80.0,0.6931471805599453,2.7744619666214616,0.0,0,0.0,0.170100941509209,-1.5849120426985688,True
2250,대조,0,7.0,11.0,381.57,31209.0,17.0,47.01,0.0,0.0,1,4.0,2.0,2.0,57.26,4.0,7.0,1,1,7.0,2.4849066497880004,5.946911643058885,0.12320150955263778,0,0.0,0.19301996727861098,-1.430505284407669,True
2251,처치,1,,0.0,0.0,0.0,0.0,0.0,0.0,0.0,0,0.0,0.0,0.0,0.0,0.0,90.0,0,0,90.0,0.0,0.0,0.0,0,0.0,0.11145848676575056,-2.075929163761872,True
2252,대조,0,1.0,17.0,648.73,434.0,13.0,23.69,0.0,0.0,1,7.49,6.0,4.0,389.46,8.0,1.0,1,1,1.0,2.8903717578961645,6.476556891978211,0.036517503429778185,0,0.0,0.20344754770339116,-1.3648847598456875,True
2254,대조,0,1.0,11.0,255.9,25353.0,2.0,12.280000000000001,0.0,0.0,1,6.37,3.0,3.0,147.28,5.0,1.0,1,1,1.0,2.4849066497880004,5.548686904115838,0.04798749511527941,0,0.0,0.16826814355116967,-1.597951301385477,True
2258,처치,1,22.0,7.0,148.43,49.0,2.0,7.78,0.0,0.0,0,0.0,0.0,0.0,0.0,0.0,22.0,0,0,22.0,2.0794415416798357,5.006828055753302,0.0524152799299333,0,0.0,0.17156503389470262,-1.5745759367269645,True
2260,대조,0,6.0,29.0,1441.7,218667.0,15.0,62.69,0.0,0.0,1,165.28,250.0,54.0,705.36,11.0,6.0,1,1,6.0,3.4011973816621555,7.274271636951727,0.04348338766733717,0,0.0,0.2559669976626384,-1.0670368710406886,True
2261,대조,0,2.0,41.0,1995.3,173940.0,26.0,67.49,0.0,0.0,0,33.57,14.0,13.0,827.02,30.0,2.0,1,1,2.0,3.7376696182833684,7.599050746178608,0.033824487545732466,0,0.0,0.2608825131198341,-1.0413867245300366,True
2262,처치,1,3.0,29.0,248.32,7372.0,1.0,4.09,0.0,0.0,0,7.57,3.0,3.0,125.44,13.0,3.0,1,1,3.0,3.4011973816621555,5.51873721194065,0.016470682989690722,0,0.0,0.18931619685859577,-1.4544594765309014,True
2264,대조,0,3.0,52.0,2752.96,922.0,45.0,124.09,0.0,0.0,1,60.88,28.0,23.0,1670.16,26.0,3.0,1,1,3.0,3.970291913552122,7.920795154854871,0.045075119144484484,0,0.0,0.29379071586958283,-0.877043966941113,True
2266,대조,0,15.0,12.0,831.1800000000001,319.0,6.0,15.43,0.0,0.0,1,24.38,13.0,6.0,384.63,6.0,15.0,1,1,15.0,2.5649493574615367,6.724048763575601,0.018563969296662576,0,0.0,0.22516978681898284,-1.2357891998701802,True
2269,대조,0,7.0,23.0,438.79,233.0,9.0,24.060000000000002,0.0,0.0,1,10.98,4.0,4.0,227.56,16.0,7.0,1,1,7.0,3.1780538303479458,6.086297340254154,0.05483260785341507,0,0.0,0.21494988595304015,-1.295342642927234,True
2270,대조,0,2.0,42.0,608.38,359.0,17.0,35.980000000000004,0.0,0.0,0,16.080000000000002,11.0,11.0,360.73,19.0,2.0,1,1,2.0,3.7612001156935624,6.412442046846655,0.05914066866103423,0,0.0,0.22703952588422113,-1.2251037890210106,True
2273,대조,0,4.0,6.0,106.45,57.0,0.0,0.0,0.0,0.0,0,23.26,9.0,6.0,419.99,6.0,4.0,1,1,4.0,1.9459101490553132,4.67702562308852,0.0,0,0.0,0.13169160052320836,-1.8860841211261077,True
2274,처치,1,34.0,6.0,493.81,181.0,8.0,15.0,0.0,0.0,0,1.67,2.0,2.0,175.83,2.0,34.0,1,1,34.0,1.9459101490553132,6.204173850500044,0.030376055567930986,0,0.0,0.2189286304955242,-1.2719207393174945,True
2275,대조,0,23.0,14.0,138.03,60.0,6.0,16.28,0.0,0.0,0,0.0,0.0,0.0,29.200000000000003,2.0,23.0,0,1,23.0,2.70805020110221,4.9346897371814515,0.1179453741940158,0,0.0,0.19462387750325985,-1.420240538561784,True
2277,대조,0,13.0,13.0,500.04,259.0,13.0,23.72,0.0,0.0,0,15.0,10.0,9.0,243.81,6.0,13.0,1,1,13.0,2.6390573296152584,6.216685938217157,0.04743620510359171,0,0.0,0.20362971901895655,-1.3637610130941886,True
2278,대조,0,12.0,3.0,47.36,19.0,0.0,0.0,0.0,0.0,0,0.0,0.0,0.0,249.9,8.0,12.0,0,1,12.0,1.3862943611198906,3.878673025746592,0.0,0,0.0,0.11491998497098366,-2.041441950050129,True
2279,대조,0,13.0,6.0,88.0,41.0,8.0,13.7,0.0,0.0,1,0.0,0.0,0.0,0.0,0.0,13.0,0,0,13.0,1.9459101490553132,4.48863636973214,0.15568181818181817,0,0.0,0.15423175992777682,-1.7017889684400958,True
2280,처치,1,2.0,23.0,1355.6100000000001,17891.0,18.0,54.69,0.0,0.0,1,38.01,15.0,15.0,849.79,16.0,2.0,1,1,2.0,3.1780538303479458,7.212744219854411,0.04034346161506627,0,0.0,0.2368681698292708,-1.1699270541624642,True
2281,대조,0,19.0,4.0,135.11,91.0,11.0,33.3,0.0,0.0,0,0.0,0.0,0.0,0.0,0.0,19.0,0,0,19.0,1.6094379124341003,4.913463382343982,0.24646584264673224,0,0.0,0.1626680140103699,-1.638509229828498,True
2282,대조,0,18.0,12.0,150.82,82.0,0.0,0.0,0.0,0.0,1,0.0,0.0,0.0,35.6,2.0,18.0,0,1,18.0,2.5649493574615367,5.022695608588622,0.0,0,0.0,0.1832366520180031,-1.494570895317726,True
2284,대조,0,1.0,44.0,3304.56,71092.0,45.0,137.93,0.0,0.0,1,48.19,22.0,19.0,1346.54,16.0,1.0,1,1,1.0,3.8066624897703196,8.103361178174467,0.04173929358220157,0,0.0,0.2882324547355613,-0.9039840876586193,True
2286,대조,0,6.0,7.0,315.01,11757.0,3.0,44.169999999999995,0.0,0.0,0,13.48,3.0,3.0,227.32,3.0,6.0,1,1,6.0,2.0794415416798357,5.755773858655822,0.140217770864417,0,0.0,0.16852869836681705,-1.596090732059259,True
2288,대조,0,3.0,30.0,402.52,167.0,7.0,18.97,0.0,0.0,0,17.23,18.0,15.0,277.34000000000003,12.0,3.0,1,1,3.0,3.4339872044851463,6.000226052776554,0.047128093014011725,0,0.0,0.20519452964586232,-1.3541389390386975,True
2289,대조,0,3.0,10.0,251.15,136.0,8.0,17.17,0.0,0.0,0,25.94,17.0,13.0,187.27,6.0,3.0,1,1,3.0,2.3978952727983707,5.530024148522735,0.06836551861437389,0,0.0,0.16326643391342624,-1.6341222694799327,True
2293,대조,0,42.0,4.0,83.36,39.0,2.0,5.39,0.0,0.0,0,3.5,1.0,1.0,121.73,3.0,42.0,1,1,42.0,1.6094379124341003,4.435093355610574,0.06465930902111323,0,0.0,0.177914091732185,-1.5305440977996398,True
2294,대조,0,2.0,66.0,2349.9,43653.0,62.0,131.07,0.0,0.0,1,97.83,60.0,47.0,1831.65,22.0,2.0,1,1,2.0,4.204692619390966,7.762553512543977,0.05577684156772628,0,0.0,0.2966925836642282,-0.8630975574030767,True
2295,처치,1,1.0,12.0,1115.43,528.0,19.0,59.510000000000005,0.0,0.0,1,17.16,14.0,10.0,712.4,6.0,1.0,1,1,1.0,2.5649493574615367,7.017891373389976,0.05335162224433627,0,0.0,0.20867466009968327,-1.3329327963440516,True
2296,대조,0,3.0,33.0,1937.84,833.0,32.0,59.72,0.0,0.0,1,29.98,16.0,13.0,765.91,11.0,3.0,1,1,3.0,3.5263605246161616,7.569845135076739,0.030817817776493416,0,0.0,0.2627153308052,-1.0319030180156958,True
2298,대조,0,5.0,11.0,403.5,183.0,13.0,42.19,0.0,0.0,1,5.0,2.0,1.0,60.050000000000004,4.0,5.0,1,1,5.0,2.4849066497880004,6.002651736498547,0.10456009913258983,0,0.0,0.18969528901878718,-1.4519913205393813,True
2299,대조,0,3.0,11.0,300.14,176.0,3.0,4.92,0.0,0.0,0,11.78,4.0,4.0,188.83,5.0,3.0,1,1,3.0,2.4849066497880004,5.707575272894897,0.016392350236556275,0,0.0,0.16679372006926046,-1.6085234067302179,True
2300,대조,0,1.0,20.0,525.33,309.0,31.0,75.38,0.0,0.0,1,24.52,12.0,12.0,245.22,5.0,1.0,1,1,1.0,3.044522437723423,6.265928392445249,0.14349075819009002,0,0.0,0.21014505509437278,-1.3240512837464045,True
2301,대조,0,1.0,23.0,926.64,9925.0,17.0,49.2,0.0,0.0,0,36.97,15.0,13.0,677.58,17.0,1.0,1,1,1.0,3.1780538303479458,6.832643726487008,0.0530950530950531,0,0.0,0.2163896909809343,-1.2868309348377893,True
2302,대조,0,14.0,14.0,319.09,202.0,11.0,20.39,0.0,0.0,1,8.42,4.0,4.0,139.64000000000001,6.0,14.0,1,1,14.0,2.70805020110221,5.768602206250405,0.0639004669528973,0,0.0,0.20430927568396842,-1.3595756699888553,True
2303,대조,0,3.0,8.0,318.48,97.0,4.0,19.96,0.0,0.0,0,0.0,0.0,0.0,58.71,2.0,3.0,0,1,3.0,2.1972245773362196,5.766694674049188,0.06267269530268776,0,0.0,0.16280936066173077,-1.6374718597570277,True
2305,처치,1,1.0,22.0,1025.92,16257.0,22.0,49.28,0.0,0.0,1,14.73,11.0,11.0,382.68,9.0,1.0,1,1,1.0,3.1354942159291497,6.934319310107688,0.048034934497816595,0,0.0,0.22556094638893825,-1.2335485708296539,True
2307,처치,1,1.0,25.0,889.25,423.0,33.0,96.22,0.0,0.0,1,38.910000000000004,16.0,11.0,241.11,7.0,1.0,1,1,1.0,3.258096538021482,6.791502322157887,0.10820354231093618,0,0.0,0.23016308242564187,-1.2073905853702642,True
2310,대조,0,10.0,7.0,251.87,99.0,7.0,19.13,0.0,0.0,0,1.34,1.0,1.0,3.92,1.0,10.0,1,1,10.0,2.0794415416798357,5.5328755226775,0.07595187993806328,0,0.0,0.1659688209709506,-1.6144708413479374,True
2312,대조,0,1.0,54.0,2407.75,1119.0,47.0,290.21,0.0,0.0,1,34.22,21.0,12.0,772.88,20.0,1.0,1,1,1.0,4.007333185232471,7.786863219728576,0.120531616654553,0,0.0,0.2924893109282336,-0.8833246154628395,True
2314,대조,0,5.0,16.0,689.53,306.0,11.0,46.46,0.0,0.0,1,42.84,19.0,9.0,414.66,4.0,5.0,1,1,5.0,2.833213344056216,6.53745941868326,0.06737922933012343,0,0.0,0.212944337619414,-1.3072681673831545,True
2316,대조,0,54.0,5.0,200.4,51.0,1.0,3.99,0.0,0.0,0,0.0,0.0,0.0,0.0,0.0,54.0,0,0,54.0,1.791759469228055,5.305292980284462,0.019910179640718565,0,0.0,0.2264779774429844,-1.228306430552516,True
2318,처치,1,11.0,92.0,3292.85,142556.0,45.0,154.32,0.0,0.0,1,72.71,29.0,21.0,1073.4,25.0,11.0,1,1,11.0,4.532599493153256,8.09981237236011,0.04686517758173011,0,0.0,0.345191615977763,-0.640242977878291,True
2319,처치,1,,0.0,0.0,0.0,0.0,0.0,0.0,0.0,0,0.0,0.0,0.0,21.38,2.0,90.0,0,1,90.0,0.0,0.0,0.0,0,0.0,0.11145848676575056,-2.075929163761872,True
2322,대조,0,1.0,46.0,3443.96,205275.0,39.0,131.97,0.0,0.0,1,78.41,25.0,20.0,1620.16,24.0,1.0,1,1,1.0,3.8501476017100584,8.14466757234987,0.03831926038629949,0,0.0,0.29117682258821026,-0.8896753778703944,True
2324,처치,1,1.0,16.0,213.23,155.0,6.0,30.63,0.0,0.0,1,24.99,9.0,4.0,121.7,10.0,1.0,1,1,1.0,2.833213344056216,5.367050204229129,0.14364770435679783,0,0.0,0.1798075099147357,-1.517652167393805,True
2327,대조,0,19.0,5.0,144.14,25495.0,0.0,0.0,0.0,0.0,0,13.03,8.0,7.0,149.57999999999998,3.0,19.0,1,1,19.0,1.791759469228055,4.97769879384999,0.0,0,0.0,0.15521065659746025,-1.6943040294935432,True
2329,대조,0,4.0,25.0,878.01,47553.0,18.0,56.120000000000005,0.0,0.0,0,17.84,9.0,8.0,326.49,12.0,4.0,1,1,4.0,3.258096538021482,6.778796274184742,0.06391726745709048,0,0.0,0.2243344189823018,-1.240583594589277,True
2330,대조,0,17.0,9.0,670.35,50159.0,13.0,43.54,0.0,0.0,1,21.52,11.0,8.0,305.12,5.0,17.0,1,1,17.0,2.302585092994046,6.509290610518717,0.06495114492429327,0,0.0,0.21712321106143379,-1.2825103406144578,True
2331,처치,1,4.0,15.0,906.46,49991.0,15.0,29.15,0.0,0.0,1,15.34,9.0,7.0,249.81,5.0,4.0,1,1,4.0,2.772588722239781,6.8106494880325945,0.03215806544138737,0,0.0,0.21416296727819423,-1.3000121788848826,True
2334,처치,1,1.0,50.0,1459.88,583.0,52.0,122.05,0.0,0.0,1,79.17,35.0,32.0,786.71,20.0,1.0,1,1,1.0,3.9318256327243257,7.286794272853779,0.08360276187083869,0,0.0,0.26932388259605217,-0.9980556138531151,True
2336,대조,0,2.0,6.0,400.84,283.0,21.0,42.02,0.0,0.0,0,10.0,7.0,3.0,119.8,2.0,2.0,1,1,2.0,1.9459101490553132,5.99605399944179,0.1048298572996707,0,0.0,0.16195974226761264,-1.6437183397525228,True
2337,대조,0,1.0,183.0,2150.52,1197.0,25.0,74.44,0.0,0.0,1,66.65,40.0,33.0,1473.7,114.0,1.0,1,1,1.0,5.214935757608986,7.67392984807556,0.03461488384204751,0,0.0,0.33323253774294626,-0.6936007950162175,True
2338,대조,0,27.0,6.0,153.17,23047.0,2.0,3.58,0.0,0.0,0,0.0,0.0,0.0,0.59,1.0,27.0,0,1,27.0,1.9459101490553132,5.038055889672248,0.02337272311810407,0,0.0,0.17493079537898437,-1.5510768264723502,True
2341,대조,0,1.0,43.0,667.07,517.0,15.0,27.66,0.0,0.0,1,3.9,3.0,2.0,192.69,16.0,1.0,1,1,1.0,3.784189633918261,6.504392958465675,0.041464913727195046,0,0.0,0.2355972155686483,-1.17697122175764,True
2342,대조,0,1.0,22.0,844.2,181014.0,10.0,22.87,0.0,0.0,1,23.23,13.0,10.0,511.78000000000003,12.0,1.0,1,1,1.0,3.1354942159291497,6.739573285741901,0.027090736792229328,0,0.0,0.21839813418311754,-1.2750257871852146,True
2343,대조,0,4.0,45.0,823.87,69690.0,13.0,29.91,0.0,0.0,1,7.99,5.0,5.0,368.6,20.0,4.0,1,1,4.0,3.828641396489095,6.715225798160741,0.036304271304938886,0,0.0,0.2496956329400699,-1.1002362390471538,True
2344,대조,0,1.0,9.0,501.33,241.0,7.0,12.18,0.0,0.0,0,2.79,1.0,1.0,134.85,3.0,1.0,1,1,1.0,2.302585092994046,6.219257274236303,0.02429537430435043,0,0.0,0.17089413931219086,-1.579303547380766,True
2345,대조,0,5.0,12.0,408.24,3577.0,5.0,23.87,0.0,0.0,0,20.58,12.0,9.0,332.53000000000003,11.0,5.0,1,1,5.0,2.5649493574615367,6.014301781010739,0.05847050754458162,0,0.0,0.18240388990252468,-1.5001450580967426,True
2346,대조,0,3.0,3.0,111.1,52.0,7.0,15.91,0.0,0.0,0,15.28,8.0,5.0,94.02,3.0,3.0,1,1,3.0,1.3862943611198906,4.719391330078114,0.1432043204320432,0,0.0,0.12523614854926582,-1.943752822451676,True
2347,대조,0,38.0,4.0,73.36,34.0,0.0,0.0,0.0,0.0,1,4.0,2.0,1.0,21.54,2.0,38.0,1,1,38.0,1.6094379124341003,4.308918162853243,0.0,0,0.0,0.17108977576165146,-1.5779234320379263,True
2350,대조,0,10.0,6.0,320.53,131.0,4.0,11.52,0.0,0.0,0,2.5,1.0,1.0,129.41,5.0,10.0,1,1,10.0,1.9459101490553132,5.773090851921525,0.03594047359061554,0,0.0,0.16547633436447667,-1.6180329119439094,True
2351,대조,0,1.0,53.0,2616.79,235027.0,52.0,113.73,0.0,0.0,1,53.75,31.0,29.0,1085.21,20.0,1.0,1,1,1.0,3.9889840465642745,7.870085729348794,0.0434616457568242,0,0.0,0.2879314631116479,-0.9054516899454111,True
2354,대조,0,16.0,14.0,680.78,55454.0,10.0,25.67,0.0,0.0,0,24.02,8.0,8.0,333.93,7.0,16.0,1,1,16.0,2.70805020110221,6.524707025157973,0.03770674814183731,0,0.0,0.219657703835708,-1.267662221617156,True
2356,대조,0,4.0,22.0,449.04,269.0,12.0,32.34,0.0,0.0,0,6.17,4.0,4.0,139.15,6.0,4.0,1,1,4.0,3.1354942159291497,6.109336467702871,0.07202030999465527,0,0.0,0.20191484449508398,-1.3743692563021412,True
2358,대조,0,4.0,7.0,243.32,80.0,2.0,6.0,0.0,0.0,0,8.870000000000001,3.0,3.0,420.96000000000004,10.0,4.0,1,1,4.0,2.0794415416798357,5.498478841470322,0.02465888541837909,0,0.0,0.15305788121048028,-1.7108161971697695,True
2359,대조,0,5.0,21.0,354.88,13791.0,0.0,0.0,0.0,0.0,1,0.0,0.0,0.0,313.82,14.0,5.0,0,1,5.0,3.091042453358316,5.874593595376567,0.0,0,0.0,0.19868308059115675,-1.3945455281007226,True
2360,대조,0,6.0,49.0,1362.32,175281.0,10.0,21.75,0.0,0.0,1,36.2,17.0,14.0,725.32,25.0,6.0,1,1,6.0,3.912023005428146,7.217678180369814,0.015965411944330262,0,0.0,0.27198883634108967,-0.9845553601853412,True
2361,대조,0,1.0,15.0,612.46,195.0,10.0,31.14,0.0,0.0,1,13.600000000000001,4.0,4.0,359.89,6.0,1.0,1,1,1.0,2.772588722239781,6.4191150623513735,0.05084413675995167,0,0.0,0.19902824632378474,-1.3923789266442992,True
2364,대조,0,10.0,13.0,891.32,381.0,20.0,44.6,0.0,0.0,1,48.26,19.0,18.0,692.45,11.0,10.0,1,1,10.0,2.6390573296152584,6.793824812641244,0.05003814567158821,0,0.0,0.22211868378908753,-1.2533621120031067,True
2366,대조,0,3.0,23.0,783.87,57724.0,37.0,78.67,0.0,0.0,0,12.51,8.0,6.0,242.47,7.0,3.0,1,1,3.0,3.1780538303479458,6.6655180989728295,0.10036102925229949,0,0.0,0.2189129653673223,-1.2720123512105157,True
2367,대조,0,1.0,20.0,653.6,385.0,9.0,20.45,0.0,0.0,1,34.46,18.0,12.0,657.8,15.0,1.0,1,1,1.0,3.044522437723423,6.48402436206708,0.03128824969400244,0,0.0,0.20840212158086618,-1.33458404344966,True
2369,대조,0,5.0,9.0,221.15,68286.0,0.0,0.0,0.0,0.0,0,9.79,7.0,5.0,128.89,4.0,5.0,1,1,5.0,2.302585092994046,5.403352829381918,0.0,0,0.0,0.15704195167901194,-1.6804042142186206,True
2370,대조,0,6.0,24.0,715.48,32193.0,12.0,28.23,0.0,0.0,1,20.27,19.0,13.0,384.17,13.0,6.0,1,1,6.0,3.2188758248682006,6.57435033341039,0.039456029518644825,0,0.0,0.22738543285730625,-1.223133785046308,True
2371,처치,1,15.0,11.0,248.74,102.0,1.0,3.99,0.0,0.0,0,0.0,0.0,0.0,191.44,7.0,15.0,0,1,15.0,2.4849066497880004,5.5204203766869995,0.01604084586315028,0,0.0,0.1821242479168866,-1.5020212977287772,True
2372,대조,0,28.0,8.0,184.61,22378.0,1.0,3.59,0.0,0.0,0,4.99,2.0,2.0,240.59,3.0,28.0,1,1,28.0,2.1972245773362196,5.223647698211007,0.019446400520015165,0,0.0,0.1885988838389858,-1.4591400743275318,True
2373,대조,0,6.0,20.0,382.77,277.0,13.0,21.75,0.0,0.0,0,2.6,2.0,2.0,79.35,5.0,6.0,1,1,6.0,3.044522437723423,5.950043414807193,0.05682263500274316,0,0.0,0.19735429140110758,-1.4029128598692382,True
2374,대조,0,4.0,12.0,722.62,17928.0,5.0,24.48,0.0,0.0,1,11.53,7.0,6.0,427.56,5.0,4.0,1,1,4.0,2.5649493574615367,6.584266392719052,0.033876726356868066,0,0.0,0.20111110807407864,-1.3793643453580582,True
2375,대조,0,,0.0,0.0,0.0,0.0,0.0,0.0,0.0,0,4.0,3.0,1.0,55.76,3.0,90.0,1,1,90.0,0.0,0.0,0.0,0,0.0,0.11145848676575056,-2.075929163761872,True
2376,대조,0,4.0,11.0,298.09,100.0,2.0,3.91,0.0,0.0,1,2.0,1.0,1.0,40.07,5.0,4.0,1,1,4.0,2.4849066497880004,5.70074453144275,0.013116843906202826,0,0.0,0.17471559215836643,-1.5525685994973684,True
2377,대조,0,3.0,10.0,116.28,3818.0,5.0,5.25,0.0,0.0,0,0.0,0.0,0.0,6.78,1.0,3.0,0,1,3.0,2.3978952727983707,4.764564238138341,0.04514963880288957,0,0.0,0.14525366735829276,-1.7723230939403325,True
2378,대조,0,10.0,9.0,179.75,67.0,8.0,18.73,0.0,0.0,1,10.16,9.0,5.0,147.05,5.0,10.0,1,1,10.0,2.302585092994046,5.197114861038874,0.10420027816411682,0,0.0,0.17268055465527188,-1.566747507783488,True
2379,대조,0,1.0,10.0,255.97,92.0,5.0,17.64,0.0,0.0,0,6.1899999999999995,4.0,3.0,107.65,6.0,1.0,1,1,1.0,2.3978952727983707,5.5489593465640565,0.06891432589756612,0,0.0,0.16060633564358662,-1.6537235524767913,True
2380,대조,0,9.0,2.0,54.82,30.0,1.0,1.5,0.0,0.0,1,13.57,11.0,9.0,310.63,14.0,9.0,1,1,9.0,1.0986122886681098,4.022132228108176,0.027362276541408246,0,0.0,0.11387811807089833,-2.0517257686700887,True
2381,대조,0,7.0,17.0,347.08,10544.0,9.0,13.67,0.0,0.0,0,6.0,5.0,5.0,168.03,9.0,7.0,1,1,7.0,2.8903717578961645,5.852432338412425,0.0393857323959894,0,0.0,0.19056293329397636,-1.4463565281721242,True
2384,처치,1,34.0,2.0,191.0,93.0,1.0,3.99,0.0,0.0,0,0.0,0.0,0.0,0.0,0.0,34.0,0,0,34.0,1.0986122886681098,5.2574953720277815,0.020890052356020945,0,0.0,0.1670752058197473,-1.6064993096974398,True
2385,대조,0,9.0,10.0,376.6,146.0,7.0,20.16,0.0,0.0,0,4.0,2.0,1.0,244.1,14.0,9.0,1,1,9.0,2.3978952727983707,5.933835434271345,0.05353159851301115,0,0.0,0.18189465524835569,-1.5035634094451995,True
2386,대조,0,3.0,11.0,151.7,4044.0,0.0,0.0,0.0,0.0,0,2.0,1.0,1.0,74.84,4.0,3.0,1,1,3.0,2.4849066497880004,5.028475212224587,0.0,0,0.0,0.15066865719679887,-1.7293662818228657,True
2388,대조,0,2.0,8.0,232.74,62.0,0.0,0.0,0.0,0.0,0,17.74,10.0,9.0,67.99,3.0,2.0,1,1,2.0,2.1972245773362196,5.454209386505011,0.0,0,0.0,0.15087699697661755,-1.7277391404057285,True
2390,대조,0,29.0,4.0,58.92,35.0,1.0,1.34,0.0,0.0,1,0.0,0.0,0.0,55.56,4.0,29.0,0,1,29.0,1.6094379124341003,4.0930103392089645,0.022742701968771217,0,0.0,0.15340477043393352,-1.7081427068020691,True
2391,처치,1,11.0,8.0,71.42999999999999,9932.0,0.0,0.0,0.0,0.0,0,0.0,0.0,0.0,44.04,5.0,11.0,0,1,11.0,2.1972245773362196,4.282620578207235,0.0,0,0.0,0.13933820895096058,-1.8207974820755963,True
2393,대조,0,33.0,5.0,335.97,117.0,2.0,10.02,0.0,0.0,1,16.86,5.0,4.0,256.83,3.0,33.0,1,1,33.0,1.791759469228055,5.819993905618264,0.02982409143673542,0,0.0,0.20876316390926725,-1.3323969140819147,True
2394,대조,0,4.0,13.0,247.8,71232.0,1.0,3.59,0.0,0.0,0,0.0,0.0,0.0,216.76,12.0,4.0,0,1,4.0,2.6390573296152584,5.516649360865024,0.014487489911218723,0,0.0,0.16817551280136897,-1.5986133125613997,True
2395,대조,0,4.0,30.0,591.3,414.0,5.0,14.97,0.0,0.0,0,6.46,4.0,4.0,296.96,16.0,4.0,1,1,4.0,3.4339872044851463,6.384013263282919,0.025317097919837647,0,0.0,0.2162942127934114,-1.2873941013599506,True
2398,대조,0,7.0,12.0,283.89,106.0,14.0,41.12,0.0,0.0,0,24.45,12.0,9.0,212.73,6.0,7.0,1,1,7.0,2.5649493574615367,5.652103140852742,0.14484483426679348,0,0.0,0.18218201914128396,-1.5016335020777727,True
2400,대조,0,11.0,50.0,1718.35,120122.0,43.0,114.17,0.0,0.0,1,80.51,49.0,29.0,929.53,27.0,11.0,1,1,11.0,3.9318256327243257,7.449701591405918,0.06644164460092532,0,0.0,0.2967377765283179,-0.8628809871235336,True
2405,대조,0,3.0,17.0,326.14,25700.0,5.0,11.24,0.0,0.0,1,3.0,3.0,2.0,168.85,7.0,3.0,1,1,3.0,2.8903717578961645,5.790388213830379,0.03446372723370332,0,0.0,0.18879153918495278,-1.457881623713134,True
2406,대조,0,12.0,10.0,464.47,19904.0,9.0,11.61,0.0,0.0,1,1.76,2.0,1.0,194.87,5.0,12.0,1,1,12.0,2.3978952727983707,6.143047647808971,0.02499623226473184,0,0.0,0.1979817710895491,-1.3989563756710075,True
2407,처치,1,30.0,25.0,940.86,129997.0,30.0,86.15,0.0,0.0,1,33.5,28.0,6.0,126.8,7.0,30.0,1,1,30.0,3.258096538021482,6.8478566435737855,0.09156516378632315,0,0.0,0.29498621598232455,-0.871288724654751,True
2410,처치,1,5.0,6.0,201.26999999999998,99.0,15.0,26.669999999999998,0.0,0.0,0,8.23,5.0,5.0,198.63,7.0,5.0,1,1,5.0,1.9459101490553132,5.309603438565004,0.1325085705768371,0,0.0,0.1528049406424419,-1.7127687522821837,True
2411,대조,0,4.0,7.0,144.95,36.0,1.0,18.99,0.0,0.0,1,8.39,3.0,3.0,331.8,14.0,4.0,1,1,4.0,2.0794415416798357,4.983264097300124,0.1310106933425319,0,0.0,0.1537317577401721,-1.705627129775988,True
2412,대조,0,2.0,45.0,1614.89,882.0,34.0,134.47,0.0,0.0,0,49.42,21.0,15.0,1015.44,33.0,2.0,1,1,2.0,3.828641396489095,7.387641167457289,0.08326882945587624,0,0.0,0.2616027552164248,-1.0376548001480363,True
2415,대조,0,4.0,57.0,561.19,258.0,4.0,8.65,0.0,0.0,0,12.24,8.0,6.0,212.77,18.0,4.0,1,1,4.0,4.060443010546419,6.331839871049918,0.015413674513088258,0,0.0,0.23625264676263708,-1.1733352754576158,True
2416,대조,0,10.0,8.0,356.85,7993.0,7.0,18.11,0.0,0.0,0,37.33,8.0,5.0,260.23,7.0,10.0,1,1,10.0,2.1972245773362196,5.880113904184607,0.050749614684040906,0,0.0,0.17611187657980715,-1.5429152926675738,True
2419,대조,0,14.0,11.0,142.22,4335.0,3.0,7.49,0.0,0.0,0,3.49,1.0,1.0,122.8,9.0,14.0,1,1,14.0,2.4849066497880004,4.964381909578794,0.0526648853888342,0,0.0,0.16918016328173507,-1.5914487663522792,True
2420,처치,1,4.0,16.0,549.45,274.0,18.0,34.52,0.0,0.0,1,1.75,3.0,2.0,167.85,8.0,4.0,1,1,4.0,2.833213344056216,6.310736125516412,0.06282646282646283,0,0.0,0.2044466609713473,-1.3587307815617042,True
2421,대조,0,22.0,8.0,1137.42,496.0,22.0,48.53,0.0,0.0,1,47.29,26.0,18.0,723.12,6.0,22.0,1,1,22.0,2.1972245773362196,7.037396615138535,0.04266673700128361,0,0.0,0.2373825886755185,-1.1670833409271535,True
2423,대조,0,14.0,8.0,273.1,143.0,1.0,1.4,0.0,0.0,0,10.94,6.0,6.0,194.93,3.0,14.0,1,1,14.0,2.1972245773362196,5.61349300330874,0.0051263273526180875,0,0.0,0.1735316667015353,-1.5608015025641955,True
2424,대조,0,4.0,16.0,424.36,195.0,4.0,10.57,0.0,0.0,0,8.99,7.0,5.0,329.52,11.0,4.0,1,1,4.0,2.833213344056216,6.052935869196083,0.02490809689885946,0,0.0,0.18772037042212344,-1.4648911880871567,True
2425,대조,0,3.0,29.0,1153.81,135606.0,22.0,115.78,0.0,0.0,0,110.37,31.0,19.0,924.69,18.0,3.0,1,1,3.0,3.4011973816621555,7.051691107259426,0.10034581083540618,0,0.0,0.23830616689537243,-1.1619884186452043,True
2426,대조,0,1.0,16.0,367.39,38782.0,5.0,18.04,0.0,0.0,1,6.0,3.0,2.0,132.39,4.0,1.0,1,1,1.0,2.833213344056216,5.9091421596044835,0.04910313291053104,0,0.0,0.18749054321195474,-1.466399145324297,True
2427,처치,1,1.0,29.0,838.39,21627.0,17.0,45.97,0.0,0.0,1,16.900000000000002,8.0,8.0,500.05,19.0,1.0,1,1,1.0,3.4011973816621555,6.732675437557143,0.05483128377008314,0,0.0,0.22958135902430601,-1.2106765844500385,True
2429,대조,0,14.0,15.0,249.5,131.0,1.0,2.88,0.0,0.0,0,0.0,0.0,0.0,71.31,1.0,14.0,0,1,14.0,2.772588722239781,5.523458920524919,0.011543086172344688,0,0.0,0.18898847791410528,-1.456596211488202,True
2430,대조,0,3.0,5.0,197.46,9120.0,2.0,4.28,0.0,0.0,0,6.630000000000001,5.0,3.0,134.7,7.0,3.0,1,1,3.0,1.791759469228055,5.290587568486096,0.02167527600526689,0,0.0,0.13982205942356044,-1.816768665411064,True
2432,대조,0,7.0,18.0,585.6899999999999,34547.0,11.0,26.71,0.0,0.0,1,20.21,11.0,10.0,304.14,15.0,7.0,1,1,7.0,2.9444389791664403,6.374496571300447,0.04560432993563148,0,0.0,0.21446679993238765,-1.2982077754425292,True
2437,대조,0,6.0,16.0,919.37,340.0,8.0,29.3,0.0,0.0,1,27.47,11.0,8.0,266.49,5.0,6.0,1,1,6.0,2.833213344056216,6.824775763105878,0.03186964986893199,0,0.0,0.22054970425221657,-1.2624658365956583,True
2438,대조,0,16.0,22.0,387.87,66559.0,6.0,15.61,0.0,0.0,0,11.41,3.0,3.0,120.57,11.0,16.0,1,1,16.0,3.1354942159291497,5.963245097533084,0.04024544306081934,0,0.0,0.21854326118110123,-1.2741758051181997,True
2439,대조,0,9.0,17.0,96.93,87.0,0.0,0.0,0.0,0.0,0,0.0,0.0,0.0,88.35,8.0,9.0,0,1,9.0,2.8903717578961645,4.584252937732703,0.0,0,0.0,0.16074440564425546,-1.652699740815744,True
2440,대조,0,22.0,12.0,161.88,103.0,1.0,3.49,0.0,0.0,0,1.0,2.0,1.0,153.63,6.0,22.0,1,1,22.0,2.5649493574615367,5.093013733362158,0.021559179639238944,0,0.0,0.1862339968013115,-1.4746689289649546,True
2441,대조,0,10.0,16.0,223.37,104.0,10.0,32.09,0.0,0.0,0,2.5,1.0,1.0,42.48,4.0,10.0,1,1,10.0,2.833213344056216,5.413296474871686,0.14366298070466044,0,0.0,0.18949175735162962,-1.4533159842041508,True
2443,처치,1,4.0,32.0,970.83,106461.0,10.0,37.32,0.0,0.0,0,15.97,7.0,4.0,426.2,16.0,4.0,1,1,4.0,3.4965075614664802,6.879180892044813,0.03844133370415006,0,0.0,0.23395412250049083,-1.1861170217984587,True
2445,처치,1,2.0,27.0,884.15,34106.0,23.0,64.7,0.0,0.0,1,27.88,13.0,10.0,539.61,20.0,2.0,1,1,2.0,3.332204510175204,6.785757122171288,0.07317762823050387,0,0.0,0.23209094261630936,-1.1965420223785563,True
2446,대조,0,1.0,33.0,1141.9,138163.0,14.0,23.8,0.0,0.0,1,20.15,15.0,9.0,354.76,11.0,1.0,1,1,1.0,3.5263605246161616,7.041324170903552,0.020842455556528593,0,0.0,0.24089269261168306,-1.1477915718998786,True
2447,대조,0,13.0,31.0,2011.5,601.0,29.0,94.62,0.0,0.0,1,28.979999999999997,2.0,2.0,149.6,3.0,13.0,1,1,13.0,3.4657359027997265,7.607133009292719,0.047039522744220734,0,0.0,0.28575863361705656,-0.9160734372681109,True
2450,대조,0,5.0,24.0,918.9,90125.0,16.0,36.47,0.0,0.0,0,14.620000000000001,10.0,7.0,257.64,5.0,5.0,1,1,5.0,3.2188758248682006,6.824264968483112,0.039688758297964956,0,0.0,0.2245098498767423,-1.2395757002627508,True
2451,처치,1,5.0,26.0,1101.54,26641.0,31.0,80.4,0.0,0.0,0,34.67,16.0,13.0,402.12,9.0,5.0,1,1,5.0,3.295836866004329,7.005371887841993,0.07298872487608259,0,0.0,0.2351244390708491,-1.179598253188224,True
2452,처치,1,2.0,24.0,513.83,237.0,7.0,22.81,0.0,0.0,0,1.29,1.0,1.0,118.27,10.0,2.0,1,1,2.0,3.2188758248682006,6.2438367490823214,0.04439211412334818,0,0.0,0.20269846660965846,-1.3695134541326328,True
2453,대조,0,11.0,13.0,771.2,256.0,24.0,83.62,0.0,0.0,1,7.640000000000001,5.0,4.0,332.41,6.0,11.0,1,1,11.0,2.6390573296152584,6.6492435838301365,0.10842842323651453,0,0.0,0.22415894391201027,-1.2415923033106135,True
2455,대조,0,10.0,11.0,449.61,212.0,4.0,16.48,0.0,0.0,1,4.0,2.0,1.0,77.1,4.0,10.0,1,1,10.0,2.4849066497880004,6.110602220383938,0.036653989012699895,0,0.0,0.19704328902298202,-1.4048773575422524,True
2456,대조,0,5.0,13.0,206.5,116.0,9.0,26.53,0.0,0.0,0,0.0,0.0,0.0,51.19,5.0,5.0,0,1,5.0,2.6390573296152584,5.335131339670753,0.12847457627118644,0,0.0,0.17226083108120904,-1.5696883034510964,True
2457,대조,0,5.0,16.0,290.09,142.0,10.0,23.88,0.0,0.0,0,14.75,11.0,9.0,169.85,6.0,5.0,1,1,5.0,2.833213344056216,5.673632497705317,0.08231928022337895,0,0.0,0.18348378045685754,-1.4929205032251918,True
2459,처치,1,1.0,181.0,3627.45,84880.0,88.0,265.58,0.0,0.0,0,135.93,73.0,48.0,1817.76,88.0,1.0,1,1,1.0,5.204006687076795,8.196560838824434,0.07321396573350425,0,0.0,0.3455011289692186,-0.638873949573372,True
2462,대조,0,2.0,24.0,1319.41,474.0,20.0,117.07000000000001,0.0,0.0,0,81.18,35.0,19.0,798.95,10.0,2.0,1,1,2.0,3.2188758248682006,7.185697573412947,0.08872905313738716,0,0.0,0.23275146959910495,-1.1928395478827025,True
2466,대조,0,8.0,8.0,107.57000000000001,60.0,1.0,1.77,0.0,0.0,0,0.0,0.0,0.0,11.27,1.0,8.0,0,1,8.0,2.1972245773362196,4.687395126243761,0.01645440178488426,0,0.0,0.14424437071749,-1.7804759754365427,True
2467,대조,0,2.0,55.0,1641.34,979.0,27.0,83.26,0.0,0.0,1,67.98,37.0,24.0,814.53,27.0,2.0,1,1,2.0,4.02535169073515,7.403877333132887,0.05072684513872812,0,0.0,0.2765265890508291,-0.9617568155361458,True
2468,대조,0,14.0,13.0,298.18,147.0,10.0,29.62,0.0,0.0,0,19.49,9.0,8.0,367.18,8.0,14.0,1,1,14.0,2.6390573296152584,5.701045398946315,0.0993359715608022,0,0.0,0.1951348901745158,-1.4169836340402209,True
2470,대조,0,8.0,18.0,180.48,104.0,7.0,29.53,0.0,0.0,0,12.5,5.0,4.0,52.94,5.0,8.0,1,1,8.0,2.9444389791664403,5.201145454795763,0.1636192375886525,0,0.0,0.1852765698992705,-1.4809990249310994,True
2472,대조,0,4.0,3.0,40.78,39.0,0.0,0.0,0.0,0.0,0,0.0,0.0,0.0,8.4,1.0,4.0,0,1,4.0,1.3862943611198906,3.7324177561284198,0.0,0,0.0,0.10358401734111462,-2.158021526442061,False
2474,대조,0,3.0,13.0,143.39,82.0,8.0,19.8,0.0,0.0,0,4.0,2.0,2.0,62.88,6.0,3.0,1,1,3.0,2.6390573296152584,4.972517971983128,0.13808494316200573,0,0.0,0.16117524828116608,-1.6495095354391796,True
2475,대조,0,9.0,11.0,318.5,122.0,4.0,8.75,0.0,0.0,0,19.64,8.0,8.0,448.77,12.0,9.0,1,1,9.0,2.4849066497880004,5.766757273817589,0.027472527472527472,0,0.0,0.1787395900778898,-1.5249103028709603,True
2477,대조,0,34.0,7.0,159.8,23320.0,0.0,0.0,0.0,0.0,0,0.0,0.0,0.0,8.379999999999999,1.0,34.0,0,1,34.0,2.0794415416798357,5.080161356744866,0.0,0,0.0,0.19058219740536772,-1.446231643056372,True
2478,처치,1,4.0,17.0,343.01,184.0,3.0,8.63,0.0,0.0,0,14.48,17.0,11.0,276.02,10.0,4.0,1,1,4.0,2.8903717578961645,5.840670726718323,0.025159616337716104,0,0.0,0.18409894105182203,-1.488819760128128,True
2479,대조,0,1.0,25.0,2418.45,130635.0,57.0,206.72,0.0,0.0,1,35.19,17.0,13.0,842.39,6.0,1.0,1,1,1.0,3.258096538021482,7.791295520593099,0.08547623477847383,0,0.0,0.2593853639348604,-1.0491655832011302,True
2481,대조,0,3.0,22.0,719.16,30241.0,16.0,48.35,0.0,0.0,0,21.34,19.0,10.0,407.52,11.0,3.0,1,1,3.0,3.1354942159291497,6.579473409544622,0.06723121419433785,0,0.0,0.21265530011166342,-1.3089935992635306,True
2482,처치,1,7.0,10.0,494.04,266.0,7.0,29.62,0.0,0.0,0,35.6,13.0,12.0,242.49,5.0,7.0,1,1,7.0,2.3978952727983707,6.204638567384701,0.05995465954173751,0,0.0,0.1856643451524846,-1.4784321858872278,True
2483,대조,0,,0.0,0.0,0.0,0.0,0.0,0.0,0.0,1,0.0,0.0,0.0,0.0,0.0,90.0,0,0,90.0,0.0,0.0,0.0,0,0.0,0.11619600321826616,-2.028956866841588,True
2484,대조,0,1.0,26.0,1087.01,104997.0,17.0,26.650000000000002,0.0,0.0,0,11.58,7.0,7.0,499.76,9.0,1.0,1,1,1.0,3.295836866004329,6.99210561855012,0.024516793773746333,0,0.0,0.22301126772147395,-1.2482035506078464,True
2485,대조,0,4.0,15.0,229.71,18828.0,4.0,9.99,0.0,0.0,0,22.46,6.0,6.0,208.06,9.0,4.0,1,1,4.0,2.772588722239781,5.441161510577517,0.04348961734360716,0,0.0,0.1719267108700176,-1.5720333774958792,True
2486,대조,0,24.0,3.0,125.99,3841.0,4.0,11.17,0.0,0.0,1,10.5,7.0,5.0,115.64,2.0,24.0,1,1,24.0,1.3862943611198906,4.844108343200942,0.08865782998650687,0,0.0,0.16014262141362537,-1.65716728800233,True
2488,대조,0,2.0,12.0,505.49,29560.0,10.0,24.09,0.0,0.0,1,33.31,12.0,8.0,341.8,10.0,2.0,1,1,2.0,2.5649493574615367,6.227504580157212,0.04765672911432471,0,0.0,0.18901055259089972,-1.4564521948894642,True
2489,대조,0,14.0,15.0,1194.23,21907.0,24.0,64.44,0.0,0.0,1,96.03999999999999,61.0,45.0,1066.16,10.0,14.0,1,1,14.0,2.772588722239781,7.08609391446515,0.05395945504634785,0,0.0,0.2442373407471884,-1.129586923602263,True
2492,처치,1,9.0,18.0,70.76,3651.0,1.0,1.57,0.0,0.0,0,22.72,8.0,6.0,327.37,10.0,9.0,1,1,9.0,2.9444389791664403,4.27332721775054,0.02218767665347654,0,0.0,0.15648778291710744,-1.6845964431726863,True
2493,대조,0,3.0,30.0,761.37,22319.0,11.0,22.11,0.0,0.0,0,12.17,5.0,4.0,195.97,8.0,3.0,1,1,3.0,3.4339872044851463,6.636432002142908,0.029039757279640647,0,0.0,0.22183968695144668,-1.2549775706935362,True
2494,대조,0,,0.0,0.0,0.0,0.0,0.0,0.0,0.0,1,0.0,0.0,0.0,23.34,1.0,90.0,0,1,90.0,0.0,0.0,0.0,0,0.0,0.11619600321826616,-2.028956866841588,True
2496,대조,0,12.0,10.0,814.4,28205.0,22.0,60.25,0.0,0.0,1,40.48,7.0,5.0,247.67,4.0,12.0,1,1,12.0,2.3978952727983707,6.703678790385153,0.07398084479371317,0,0.0,0.2168186549216085,-1.2843029595347393,True
2497,대조,0,3.0,32.0,1120.89,430.0,17.0,72.92,0.0,0.0,1,36.26,7.0,5.0,509.29,18.0,3.0,1,1,3.0,3.4965075614664802,7.022770042060797,0.06505544701085744,0,0.0,0.2468701930019483,-1.1153749353133493,True
2498,대조,0,12.0,4.0,41.51,17.0,0.0,0.0,0.0,0.0,1,0.0,0.0,0.0,23.66,4.0,12.0,0,1,12.0,1.6094379124341003,3.749739342370699,0.0,0,0.0,0.12229466818535781,-1.9708774787892664,True
2499,대조,0,7.0,13.0,176.35,27402.0,1.0,1.25,0.0,0.0,1,0.0,0.0,0.0,86.26,6.0,7.0,0,1,7.0,2.6390573296152584,5.178125181219631,0.007088176920895946,0,0.0,0.17121485688936028,-1.5770417047228615,True
2500,대조,0,3.0,13.0,629.64,31129.0,12.0,23.59,0.0,0.0,0,28.259999999999998,16.0,9.0,239.73,4.0,3.0,1,1,3.0,2.6390573296152584,6.446735176751653,0.03746585350358935,0,0.0,0.19086620223298012,-1.4443916192887212,True
