household_key,group,treatment,recency_days,pre_baskets,pre_sales,pre_quantity,pre_target_purchase_count,pre_target_sales,pre_coupon_redemptions,pre_campaign_count_raw,has_demographic,target_sales,target_quantity,target_purchase_count,total_sales,baskets,recency_days_filled,target_purchase,any_purchase,pre_recency_capped,log_pre_baskets,log_pre_sales,pre_target_share,pre_coupon_user,pre_campaign_count_c,p_score,logit_p,in_support,pair_id
14,대조,0,15.0,9.0,80.34,4529.0,2.0,3.67,0.0,0.0,0,0.0,0.0,0.0,42.629999999999995,4.0,15.0,0,1,15.0,2.302585092994046,4.398637900479079,0.04568085636046801,0,0.0,0.15254640913357792,-1.7147672057773415,True,pair_403_14
16,대조,0,5.0,17.0,276.23,132.0,13.0,34.83,0.0,0.0,1,10.280000000000001,6.0,4.0,181.24,12.0,5.0,1,1,5.0,2.8903717578961645,5.624847486568059,0.12609057669333526,0,0.0,0.19400973767568225,-1.424163308941981,True,pair_954_16
17,처치,1,10.0,23.0,823.0699999999999,65728.0,1.0,1.19,0.0,0.0,1,2.58,2.0,2.0,433.82,13.0,10.0,1,1,10.0,3.1780538303479458,6.714255477757612,0.001445806553513067,0,0.0,0.23543385486271073,-1.1778785394741773,True,pair_17_771
18,대조,0,1.0,24.0,964.48,28975.0,15.0,34.63,0.0,0.0,1,28.47,15.0,10.0,251.39000000000001,6.0,1.0,1,1,1.0,3.2188758248682006,6.872625386998399,0.03590535832780359,0,0.0,0.2258147966195786,-1.2320959464923225,True,pair_988_18
19,대조,0,4.0,38.0,1084.41,64851.0,31.0,65.93,0.0,0.0,1,20.05,14.0,13.0,472.75,16.0,4.0,1,1,4.0,3.6635616461296463,6.989713074780156,0.06079803764258906,0,0.0,0.2540085358454913,-1.077346285841377,True,pair_1971_19
22,처치,1,2.0,13.0,770.11,56605.0,19.0,56.46,0.0,0.0,1,33.01,14.0,11.0,231.44,5.0,2.0,1,1,2.0,2.6390573296152584,6.647831035241403,0.07331420186726571,0,0.0,0.2042206850702045,-1.360120706163685,True,pair_22_1520
26,대조,0,20.0,22.0,280.83,170.0,14.0,49.02,0.0,0.0,0,4.49,2.0,2.0,59.65,2.0,20.0,1,1,20.0,3.1354942159291497,5.64130405227947,0.1745540006409572,0,0.0,0.2269235525527383,-1.2257647529178977,True,pair_1113_26
27,처치,1,24.0,16.0,120.21000000000001,49.0,1.0,2.0,0.0,0.0,1,8.55,5.0,5.0,189.52,8.0,24.0,1,1,24.0,2.833213344056216,4.79752457848242,0.016637550952499792,0,0.0,0.19750427275045448,-1.4019663124036876,True,pair_27_1203
29,대조,0,16.0,11.0,314.07,219.0,21.0,59.35,0.0,0.0,0,2.99,1.0,1.0,141.81,5.0,16.0,1,1,16.0,2.4849066497880004,5.752794836360154,0.18897061164708506,0,0.0,0.2011883484699416,-1.3788836613677249,True,pair_928_29
32,처치,1,3.0,20.0,527.19,82282.0,3.0,8.26,0.0,0.0,0,0.0,0.0,0.0,205.85,8.0,3.0,0,1,3.0,3.044522437723423,6.269456067461173,0.015667975492706612,0,0.0,0.19763934985988646,-1.4011142907856982,True,pair_32_1773
36,대조,0,3.0,37.0,819.19,8798.0,6.0,26.89,0.0,0.0,0,0.88,1.0,1.0,92.37,4.0,3.0,1,1,3.0,3.6375861597263857,6.709536020735378,0.032825107728365825,0,0.0,0.23150126568368934,-1.1998535751963966,True,pair_1256_36
37,대조,0,15.0,3.0,122.5,43.0,0.0,0.0,0.0,0.0,0,11.440000000000001,13.0,3.0,154.83,5.0,15.0,1,1,15.0,1.3862943611198906,4.816241156068032,0.0,0,0.0,0.1359200770469702,-1.8495982237249369,True,pair_2161_37
39,처치,1,3.0,11.0,804.74,11921.0,6.0,11.09,0.0,0.0,1,32.33,8.0,8.0,418.78000000000003,5.0,3.0,1,1,3.0,2.4849066497880004,6.691761109821139,0.013780848472798668,0,0.0,0.19821384149040222,-1.3974954816049312,True,pair_39_1307
52,대조,0,4.0,24.0,715.57,10108.0,12.0,29.71,0.0,0.0,1,2.84,2.0,2.0,283.42,10.0,4.0,1,1,4.0,3.2188758248682006,6.574475939635041,0.041519348211914976,0,0.0,0.22352255552123984,-1.2452552659700786,True,pair_300_52
57,대조,0,1.0,18.0,283.66,19435.0,1.0,4.04,0.0,0.0,1,2.25,2.0,2.0,146.46,14.0,1.0,1,1,1.0,2.9444389791664403,5.651295485642479,0.014242402876683352,0,0.0,0.18216215776245342,-1.5017668129683817,True,pair_2371_57
64,대조,0,1.0,11.0,92.8,58.0,0.0,0.0,0.0,0.0,0,13.33,11.0,8.0,281.55,22.0,1.0,1,1,1.0,2.4849066497880004,4.541164856012179,0.0,0,0.0,0.13774471657197554,-1.8341492871848384,True,pair_562_64
67,대조,0,1.0,29.0,1469.89,652.0,16.0,48.02,0.0,0.0,1,18.98,12.0,5.0,426.3,9.0,1.0,1,1,1.0,3.4011973816621555,7.293622938743481,0.03266911129404241,0,0.0,0.24492680653926524,-1.1258552724401862,True,pair_1388_67
68,처치,1,2.0,41.0,163.38,7952.0,3.0,16.36,0.0,0.0,0,13.41,9.0,8.0,360.56,28.0,2.0,1,1,2.0,3.7376696182833684,5.102180820720354,0.10013465540457828,0,0.0,0.19270577171747927,-1.4325236701659818,True,pair_68_1389
71,대조,0,3.0,22.0,970.96,11825.0,6.0,21.79,0.0,0.0,1,0.0,0.0,0.0,103.21000000000001,4.0,3.0,0,1,3.0,3.1354942159291497,6.879314651350287,0.022441707176402734,0,0.0,0.22609044861092467,-1.2305198737906013,True,pair_2134_71
74,대조,0,3.0,19.0,305.83,209.0,2.0,2.99,0.0,0.0,1,5.0,5.0,4.0,198.99,11.0,3.0,1,1,3.0,2.995732273553991,5.726293848284959,0.009776673315240495,0,0.0,0.18882674529050017,-1.45765175920442,True,pair_183_74
80,대조,0,2.0,10.0,326.71999999999997,35268.0,12.0,27.86,0.0,0.0,1,3.34,2.0,1.0,29.39,1.0,2.0,1,1,2.0,2.3978952727983707,5.792159585273614,0.08527179236043096,0,0.0,0.17543821520610542,-1.5475651444530836,True,pair_698_80
81,대조,0,2.0,32.0,1584.18,858.0,34.0,89.97,0.0,0.0,0,68.56,36.0,24.0,817.13,17.0,2.0,1,1,2.0,3.4965075614664802,7.368453244532172,0.056792788698253986,0,0.0,0.24613840944517124,-1.1193147665232468,True,pair_895_81
83,대조,0,14.0,24.0,337.83,32906.0,0.0,0.0,0.0,0.0,0,6.99,1.0,1.0,37.07,5.0,14.0,1,1,14.0,3.2188758248682006,5.825498506673593,0.0,0,0.0,0.21076761768825478,-1.3203046165385277,True,pair_706_83
85,처치,1,1.0,52.0,916.11,67612.0,20.0,46.16,0.0,0.0,1,10.29,6.0,5.0,343.97,18.0,1.0,1,1,1.0,3.970291913552122,6.821227421441772,0.0503869622643569,0,0.0,0.25306413272477263,-1.0823363820972949,True,pair_85_411
91,대조,0,,0.0,0.0,0.0,0.0,0.0,0.0,0.0,0,8.379999999999999,3.0,3.0,38.11,2.0,90.0,1,1,90.0,0.0,0.0,0.0,0,0.0,0.11145848676575056,-2.075929163761872,True,pair_2319_91
92,대조,0,2.0,6.0,117.48,63.0,3.0,4.0,0.0,0.0,0,2.0,2.0,2.0,117.71,4.0,2.0,1,1,2.0,1.9459101490553132,4.774744169959543,0.034048348655090224,0,0.0,0.13257349848198002,-1.878393586598373,True,pair_1233_92
93,처치,1,3.0,20.0,499.87,260.0,46.0,96.79,0.0,0.0,0,19.58,12.0,12.0,342.34,8.0,3.0,1,1,3.0,3.044522437723423,6.216346586375911,0.19363034388941125,0,0.0,0.2082884301214984,-1.3352733436182624,True,pair_93_491
95,대조,0,2.0,42.0,914.09,25778.0,15.0,31.25,0.0,0.0,0,17.0,17.0,10.0,325.11,15.0,2.0,1,1,2.0,3.7612001156935624,6.819022421094167,0.03418700565589822,0,0.0,0.23733272187454799,-1.1673588191999145,True,pair_1391_95
96,처치,1,9.0,14.0,200.99,71.0,1.0,4.99,0.0,0.0,0,2.99,1.0,1.0,71.85,3.0,9.0,1,1,9.0,2.70805020110221,5.308218191225299,0.024827105826160507,0,0.0,0.17397129627496488,-1.5577392015201421,True,pair_96_854
110,대조,0,5.0,37.0,800.82,61434.0,19.0,41.980000000000004,0.0,0.0,1,25.01,10.0,9.0,249.62,10.0,5.0,1,1,5.0,3.6375861597263857,6.686884143773591,0.052421268200094906,0,0.0,0.2450032834058859,-1.1254417882459975,True,pair_788_110
114,처치,1,3.0,9.0,368.58,177.0,4.0,5.0,0.0,0.0,1,4.0,2.0,1.0,111.12,3.0,3.0,1,1,3.0,2.302585092994046,5.912367225749279,0.013565575994356722,0,0.0,0.17288356699092453,-1.565327129983538,True,pair_114_1269
117,처치,1,1.0,16.0,425.55,14783.0,11.0,23.56,0.0,0.0,1,26.12,17.0,15.0,222.95000000000002,7.0,1.0,1,1,1.0,2.833213344056216,6.0557295933547035,0.05536364704500058,0,0.0,0.1916737378675329,-1.4391711221172374,True,pair_117_2188
122,처치,1,6.0,16.0,391.46,196.0,12.0,29.459999999999997,0.0,0.0,0,5.87,2.0,2.0,114.87,8.0,6.0,1,1,6.0,2.833213344056216,5.9724346212011765,0.07525673121136259,0,0.0,0.19243865128763538,-1.4342416175243309,True,pair_122_335
123,대조,0,1.0,39.0,748.05,38890.0,5.0,14.21,0.0,0.0,1,3.2,4.0,2.0,139.41,6.0,1.0,1,1,1.0,3.6888794541139363,6.618805736963391,0.018996056413341355,0,0.0,0.23388045594183765,-1.1865281075284952,True,pair_968_123
125,처치,1,2.0,33.0,1462.12,78371.0,18.0,43.58,0.0,0.0,0,42.83,18.0,12.0,864.27,24.0,2.0,1,1,2.0,3.5263605246161616,7.28832642089632,0.02980603507236068,0,0.0,0.24267937981403293,-1.138045556805913,True,pair_125_2079
131,처치,1,3.0,58.0,887.38,27497.0,23.0,71.86,0.0,0.0,1,20.080000000000002,14.0,9.0,252.08,20.0,3.0,1,1,3.0,4.07753744390572,6.789399579385055,0.08097996348802092,0,0.0,0.26306853745371916,-1.030080295765626,True,pair_131_2233
132,대조,0,9.0,10.0,359.67,173.0,6.0,14.57,0.0,0.0,0,7.0,4.0,2.0,93.14,2.0,9.0,1,1,9.0,2.3978952727983707,5.887963412839786,0.04050935579837073,0,0.0,0.17994339871041087,-1.5167310140079222,True,pair_665_132
134,처치,1,8.0,14.0,786.76,306.0,5.0,16.82,0.0,0.0,1,38.07,22.0,14.0,602.35,8.0,8.0,1,1,8.0,2.70805020110221,6.669193474939546,0.021378819462097718,0,0.0,0.21495037409621914,-1.295339750168144,True,pair_134_2269
140,처치,1,22.0,11.0,267.82,170.0,7.0,23.66,0.0,0.0,0,0.0,0.0,0.0,0.0,0.0,22.0,0,0,22.0,2.4849066497880004,5.594042010643002,0.08834291688447465,0,0.0,0.20120753799500846,-1.3787642621406808,True,pair_140_2374
142,처치,1,4.0,31.0,381.05,222.0,7.0,24.78,0.0,0.0,0,45.08,33.0,14.0,165.72,15.0,4.0,1,1,4.0,3.4657359027997265,5.9455514900935755,0.06503083584831387,0,0.0,0.20786319061136116,-1.337853990172041,True,pair_142_1537
149,처치,1,1.0,44.0,2177.29,263958.0,32.0,91.33,0.0,0.0,1,60.040000000000006,26.0,18.0,989.05,19.0,1.0,1,1,1.0,3.8066624897703196,7.686295444307878,0.0419466400892853,0,0.0,0.27410716480888714,-0.9738832516350515,True,pair_149_328
162,처치,1,24.0,6.0,203.66,64.0,1.0,5.49,0.0,0.0,0,3.0,1.0,1.0,201.03,6.0,24.0,1,1,24.0,1.9459101490553132,5.321350065658609,0.02695669252676029,0,0.0,0.1770378417480113,-1.5365467144577982,True,pair_162_803
164,대조,0,5.0,16.0,442.49,10552.0,22.0,45.03,0.0,0.0,1,39.49,21.0,15.0,375.13,12.0,5.0,1,1,5.0,2.833213344056216,6.094675253581109,0.1017650116386811,0,0.0,0.2030845161862459,-1.3671264019827272,True,pair_1490_164
165,처치,1,12.0,19.0,315.31,12253.0,1.0,3.34,0.0,0.0,1,2.99,1.0,1.0,224.88,14.0,12.0,1,1,12.0,2.995732273553991,5.756722745366695,0.010592749992071295,0,0.0,0.20608934226111947,-1.3486611581111574,True,pair_165_725
180,대조,0,2.0,16.0,693.95,310.0,16.0,55.26,0.0,0.0,0,3.5700000000000003,2.0,2.0,229.01000000000002,5.0,2.0,1,1,2.0,2.833213344056216,6.5438399005307675,0.07963109734130701,0,0.0,0.20060181262331875,-1.3825372672993153,True,pair_947_180
183,처치,1,17.0,17.0,158.84,71.0,3.0,7.84,0.0,0.0,0,0.0,0.0,0.0,25.619999999999997,3.0,17.0,0,1,17.0,2.8903717578961645,5.074173314900244,0.049357844371694784,0,0.0,0.18881656239982203,-1.4577182410297884,True,pair_183_74
187,처치,1,11.0,10.0,57.61,43.0,3.0,7.67,0.0,0.0,0,0.0,0.0,0.0,7.84,1.0,11.0,0,1,11.0,2.3978952727983707,4.070905330488338,0.13313660822773823,0,0.0,0.146824471092067,-1.7597275055428743,True,pair_187_476
192,처치,1,3.0,10.0,531.72,204.0,6.0,15.18,0.0,0.0,1,26.45,12.0,9.0,210.54,5.0,3.0,1,1,3.0,2.3978952727983707,6.277995957802367,0.028548860302414804,0,0.0,0.18567517394326324,-1.4783605652426648,True,pair_192_1011
195,대조,0,6.0,19.0,737.51,43332.0,14.0,36.69,0.0,0.0,0,4.0,2.0,1.0,283.49,7.0,6.0,1,1,6.0,2.995732273553991,6.604634642841165,0.04974847798673916,0,0.0,0.21316888341397194,-1.3059289025880034,True,pair_1914_195
200,대조,0,79.0,3.0,40.160000000000004,12.0,0.0,0.0,0.0,0.0,0,0.0,0.0,0.0,0.0,0.0,79.0,0,0,79.0,1.3862943611198906,3.717466910965849,0.0,0,0.0,0.21455517023538873,-1.2976833102191734,True,pair_1178_200
208,처치,1,13.0,18.0,529.5,66473.0,4.0,8.88,0.0,0.0,1,4.79,2.0,2.0,161.38,5.0,13.0,1,1,13.0,2.9444389791664403,6.2738199580540375,0.016770538243626065,0,0.0,0.22128635323619075,-1.2581858086857967,True,pair_208_886
212,처치,1,9.0,20.0,316.92,174.0,12.0,35.6,0.0,0.0,1,4.28,2.0,2.0,106.53,4.0,9.0,1,1,9.0,3.044522437723423,5.761799778803507,0.1123311876814338,0,0.0,0.20920919251864006,-1.329698794381758,True,pair_212_752
214,대조,0,2.0,16.0,447.58,203.0,16.0,50.78,0.0,0.0,1,19.09,13.0,6.0,127.44,4.0,2.0,1,1,2.0,2.833213344056216,6.10608703794468,0.11345457795254481,0,0.0,0.19864016359292788,-1.3948151153949204,True,pair_1916_214
219,처치,1,1.0,25.0,1472.6100000000001,13442.0,30.0,81.42,0.0,0.0,1,13.81,7.0,6.0,739.93,13.0,1.0,1,1,1.0,3.258096538021482,7.29547045158008,0.05528958787459001,0,0.0,0.2413947388758733,-1.1450480503297196,True,pair_219_582
235,처치,1,1.0,33.0,1888.18,48261.0,28.0,136.98,0.0,0.0,1,37.730000000000004,21.0,11.0,596.14,13.0,1.0,1,1,1.0,3.5263605246161616,7.543898151474288,0.07254604963509834,0,0.0,0.26081470660328754,-1.0417384060202544,True,pair_235_2261
236,처치,1,32.0,9.0,252.35,132.0,5.0,11.98,0.0,0.0,0,6.0,4.0,2.0,100.04,3.0,32.0,1,1,32.0,2.302585092994046,5.534771931921918,0.04747374678026551,0,0.0,0.2095259913541601,-1.327784981060643,True,pair_236_1919
239,처치,1,2.0,36.0,549.95,388.0,5.0,7.98,0.0,0.0,1,6.74,4.0,4.0,224.9,14.0,2.0,1,1,2.0,3.6109179126442243,6.311644060933786,0.014510410037276116,0,0.0,0.2236965487746975,-1.2442530486794594,True,pair_239_1246
243,대조,0,7.0,36.0,890.78,68825.0,11.0,32.84,0.0,0.0,1,12.16,4.0,4.0,414.83,12.0,7.0,1,1,7.0,3.6109179126442243,6.793219465388859,0.0368665663800265,0,0.0,0.2503910408685609,-1.0965278234287725,True,pair_1098_243
246,대조,0,40.0,6.0,54.27,23.0,0.0,0.0,0.0,0.0,0,1.5,1.0,1.0,20.61,1.0,40.0,1,1,40.0,1.9459101490553132,4.012230265845171,0.0,0,0.0,0.17030398720463205,-1.5834743838380216,True,pair_332_246
248,처치,1,1.0,5.0,899.97,510.0,36.0,85.5,0.0,0.0,1,66.76,41.0,27.0,390.81,2.0,1.0,1,1,1.0,1.791759469228055,6.8034719607166,0.09500316677222574,0,0.0,0.18121568893451076,-1.508132719331743,True,pair_248_1321
253,대조,0,1.0,66.0,1584.28,1179.0,21.0,56.41,0.0,0.0,1,35.45,17.0,13.0,1022.58,30.0,1.0,1,1,1.0,4.204692619390966,7.36851632686094,0.03560607973338046,0,0.0,0.2790463740037198,-0.949196833133579,True,pair_631_253
256,처치,1,2.0,27.0,1746.1100000000001,91896.0,30.0,83.01,0.0,0.0,1,26.42,9.0,9.0,503.57,9.0,2.0,1,1,2.0,3.332204510175204,7.465718273234838,0.047539960254508594,0,0.0,0.25101441862674523,-1.093209350618961,True,pair_256_2124
257,처치,1,21.0,9.0,248.19,6176.0,9.0,26.34,0.0,0.0,1,24.46,10.0,7.0,268.94,13.0,21.0,1,1,21.0,2.302585092994046,5.518215657697217,0.10612836939441557,0,0.0,0.20012649212841194,-1.3855039727347387,True,pair_257_1962
258,처치,1,3.0,37.0,506.31,22855.0,25.0,44.42,0.0,0.0,0,14.379999999999999,11.0,6.0,177.46,11.0,3.0,1,1,3.0,3.6375861597263857,6.229122256580214,0.08773281191364975,0,0.0,0.22142074684087165,-1.2574060650946906,True,pair_258_808
261,대조,0,7.0,15.0,412.8,38692.0,5.0,14.4,0.0,0.0,0,12.67,7.0,7.0,169.51,5.0,7.0,1,1,7.0,2.772588722239781,6.025382765311443,0.03488372093023256,0,0.0,0.19106600367131907,-1.4430983896805554,True,pair_1872_261
264,대조,0,2.0,11.0,336.62,144.0,12.0,34.68,0.0,0.0,1,27.32,12.0,12.0,124.15,4.0,2.0,1,1,2.0,2.4849066497880004,5.821921002673243,0.10302418156972254,0,0.0,0.179833179065231,-1.5174781215411042,True,pair_2324_264
266,대조,0,20.0,15.0,620.97,295.0,17.0,42.39,0.0,0.0,0,22.89,9.0,8.0,190.6,5.0,20.0,1,1,20.0,2.772588722239781,6.432891860064749,0.06826416735107976,0,0.0,0.22950043104300097,-1.21113418764533,True,pair_2427_266
271,처치,1,5.0,16.0,58.3,56.0,0.0,0.0,0.0,0.0,0,0.0,0.0,0.0,6.449999999999999,5.0,5.0,0,1,5.0,2.833213344056216,4.08260930600368,0.0,0,0.0,0.14252404423938758,-1.7944824217380337,True,pair_271_1293
273,대조,0,2.0,5.0,31.61,16.0,1.0,2.29,0.0,0.0,0,0.0,0.0,0.0,13.43,1.0,2.0,0,1,2.0,1.791759469228055,3.484618989801228,0.07244542866181589,0,0.0,0.10812864591428353,-2.1100002161800187,True,pair_1551_273
278,처치,1,16.0,10.0,182.85,84.0,2.0,4.09,0.0,0.0,0,10.0,6.0,6.0,162.15,4.0,16.0,1,1,16.0,2.3978952727983707,5.214120207747281,0.02236806125239267,0,0.0,0.17409278869751893,-1.5568940067720183,True,pair_278_1102
279,대조,0,,0.0,0.0,0.0,0.0,0.0,0.0,0.0,0,9.49,4.0,4.0,129.3,3.0,90.0,1,1,90.0,0.0,0.0,0.0,0,0.0,0.11145848676575056,-2.075929163761872,True,pair_2251_279
281,처치,1,2.0,9.0,171.98,101.0,6.0,22.55,0.0,0.0,1,17.96,9.0,4.0,99.28,7.0,2.0,1,1,2.0,2.302585092994046,5.153175980878366,0.1311198976625189,0,0.0,0.16045451238419184,-1.6548501687609345,True,pair_281_700
287,처치,1,2.0,26.0,223.72,8268.0,1.0,3.34,0.0,0.0,0,6.0,4.0,3.0,174.73,21.0,2.0,1,1,2.0,3.295836866004329,5.414855182795988,0.014929376005721437,0,0.0,0.18162170934952035,-1.5053986838114337,True,pair_287_684
290,대조,0,87.0,2.0,13.95,17.0,0.0,0.0,0.0,0.0,1,7.99,3.0,3.0,194.76,10.0,87.0,1,1,87.0,1.0986122886681098,2.7047112998366956,0.0,0,0.0,0.19989833630490242,-1.3869298803779537,True,pair_1558_290
293,대조,0,3.0,18.0,463.8,186.0,7.0,21.69,0.0,0.0,0,10.780000000000001,4.0,3.0,334.49,8.0,3.0,1,1,3.0,2.9444389791664403,6.141607205537701,0.04676584734799483,0,0.0,0.19313125231162684,-1.4297909912154816,True,pair_785_293
300,처치,1,2.0,18.0,1145.06,415.0,16.0,46.97,0.0,0.0,1,32.9,18.0,9.0,647.15,9.0,2.0,1,1,2.0,2.9444389791664403,7.0440852519250985,0.04101968455801443,0,0.0,0.22351557436170633,-1.2452954896864532,True,pair_300_52
305,처치,1,9.0,16.0,428.76,17591.0,13.0,41.480000000000004,0.0,0.0,0,14.54,7.0,4.0,284.99,10.0,9.0,1,1,9.0,2.833213344056216,6.063226913334873,0.09674409926299096,0,0.0,0.20173809448626182,-1.375466451813035,True,pair_305_2164
306,대조,0,4.0,21.0,856.13,18729.0,35.0,100.7,0.0,0.0,1,30.37,16.0,8.0,198.71,6.0,4.0,1,1,4.0,3.091042453358316,6.753589599042377,0.1176223237125203,0,0.0,0.22985292535863686,-1.2091418532139226,True,pair_1590_306
307,처치,1,3.0,34.0,195.61,82.0,0.0,0.0,0.0,0.0,0,2.99,1.0,1.0,116.02,21.0,3.0,1,1,3.0,3.5553480614894135,5.2812220711194,0.0,0,0.0,0.1869440812187195,-1.4699903467513147,True,pair_307_2081
314,대조,0,84.0,1.0,92.54,51.0,0.0,0.0,0.0,0.0,1,0.0,0.0,0.0,111.11,1.0,84.0,0,1,84.0,0.6931471805599453,4.53838915229774,0.0,0,0.0,0.23220126246182185,-1.1959231320988946,True,pair_1182_314
319,처치,1,2.0,17.0,476.32,46628.0,12.0,27.09,0.0,0.0,1,18.490000000000002,13.0,11.0,257.65000000000003,4.0,2.0,1,1,2.0,2.8903717578961645,6.168187125501455,0.056873530399731274,0,0.0,0.19836001410946646,-1.3965759789329422,True,pair_319_1802
324,처치,1,2.0,24.0,1266.53,95173.0,10.0,35.33,0.0,0.0,1,15.73,6.0,5.0,433.8,12.0,2.0,1,1,2.0,3.2188758248682006,7.144825403824294,0.027895114999249918,0,0.0,0.2353617523606408,-1.1782791408078408,True,pair_324_1906
328,대조,0,5.0,41.0,2318.59,79376.0,30.0,119.42,0.0,0.0,0,60.42,27.0,20.0,1277.69,22.0,5.0,1,1,5.0,3.7376696182833684,7.749145724904874,0.051505440806697174,0,0.0,0.2740323921190441,-0.9742590777722788,True,pair_149_328
332,처치,1,1.0,11.0,249.6,149.0,3.0,23.82,0.0,0.0,1,17.78,14.0,5.0,203.07,6.0,1.0,1,1,1.0,2.4849066497880004,5.523858042461968,0.09543269230769232,0,0.0,0.17048577496257927,-1.5821883964749746,True,pair_332_246
334,처치,1,1.0,55.0,456.01,8766.0,18.0,48.4,0.0,0.0,1,66.28,30.0,20.0,359.64,33.0,1.0,1,1,1.0,4.02535169073515,6.124705272492875,0.10613802328896296,0,0.0,0.23782535377795658,-1.164639127295505,True,pair_334_386
335,대조,0,1.0,24.0,371.9,184.0,5.0,16.44,0.0,0.0,0,0.0,0.0,0.0,32.26,4.0,1.0,0,1,1.0,3.2188758248682006,5.921310287184775,0.044205431567625714,0,0.0,0.192286887910608,-1.4352184714995837,True,pair_122_335
336,대조,0,5.0,11.0,217.3,98.0,6.0,21.009999999999998,0.0,0.0,0,6.0,3.0,3.0,159.21,10.0,5.0,1,1,5.0,2.4849066497880004,5.385870263555899,0.09668660837551771,0,0.0,0.1671766251447941,-1.6057706955846605,True,pair_2384_336
350,처치,1,6.0,12.0,418.59000000000003,42665.0,7.0,7.390000000000001,0.0,0.0,1,11.18,2.0,2.0,86.52000000000001,4.0,6.0,1,1,6.0,2.5649493574615367,6.039278044016987,0.017654506796626772,0,0.0,0.18929129904957806,-1.4546217112324202,True,pair_350_1881
364,처치,1,3.0,16.0,860.02,378.0,8.0,20.88,0.0,0.0,0,0.0,0.0,0.0,71.93,3.0,3.0,0,1,3.0,2.833213344056216,6.758117732961663,0.024278505151043,0,0.0,0.2045124550268533,-1.3583263123968803,True,pair_364_823
367,처치,1,19.0,11.0,872.82,502.0,26.0,72.1,0.0,0.0,1,34.57,15.0,13.0,356.8,4.0,19.0,1,1,19.0,2.4849066497880004,6.772874404788242,0.08260580646639627,0,0.0,0.23669230542647465,-1.170900211133545,True,pair_367_949
368,처치,1,2.0,17.0,409.56,23850.0,5.0,14.67,0.0,0.0,0,5.79,4.0,3.0,162.35,5.0,2.0,1,1,2.0,2.8903717578961645,6.017522081427272,0.03581892762965133,0,0.0,0.185778883721316,-1.4776748013985708,True,pair_368_763
371,대조,0,3.0,19.0,1855.54,933.0,53.0,138.04,0.0,0.0,1,73.85,57.0,25.0,834.39,7.0,3.0,1,1,3.0,2.995732273553991,7.526469819304766,0.0743934380288218,0,0.0,0.24445120948917762,-1.1284286232419811,True,pair_1803_371
374,처치,1,3.0,24.0,988.25,21607.0,8.0,53.79,0.0,0.0,0,32.79,18.0,13.0,811.94,19.0,3.0,1,1,3.0,3.2188758248682006,6.896947080265534,0.05442954717935745,0,0.0,0.22370635619406898,-1.2441965735586114,True,pair_374_731
376,대조,0,1.0,79.0,743.1,445.0,24.0,61.36,0.0,0.0,0,19.26,7.0,7.0,337.94,35.0,1.0,1,1,1.0,4.382026634673881,6.612175434403215,0.08257300497914143,0,0.0,0.2558947346138765,-1.0674163435569373,True,pair_378_376
378,처치,1,2.0,55.0,882.54,37429.0,11.0,28.32,0.0,0.0,1,32.6,12.0,12.0,419.41,26.0,2.0,1,1,2.0,4.02535169073515,6.783936565211406,0.032089197090216875,0,0.0,0.2547161195282783,-1.0736155251364115,True,pair_378_376
381,처치,1,8.0,9.0,279.5,115.0,9.0,14.1,0.0,0.0,1,1.5,1.0,1.0,122.35,5.0,8.0,1,1,8.0,2.302585092994046,5.636573724962751,0.05044722719141324,0,0.0,0.17674008592333887,-1.5385917515450453,True,pair_381_1165
386,대조,0,2.0,32.0,929.05,18422.0,25.0,47.42,0.0,0.0,1,29.86,21.0,18.0,382.07,21.0,2.0,1,1,2.0,3.4965075614664802,6.83523834814296,0.051041386362413226,0,0.0,0.23789858526405708,-1.1642351665116597,True,pair_334_386
390,대조,0,9.0,18.0,167.67000000000002,75.0,1.0,2.5,0.0,0.0,1,1.0,2.0,1.0,194.07999999999998,6.0,9.0,1,1,9.0,2.9444389791664403,5.127944143269923,0.01491024035307449,0,0.0,0.18283290876549516,-1.4972709230971806,True,pair_1745_390
397,대조,0,1.0,42.0,1255.52,93054.0,20.0,51.59,0.0,0.0,0,27.29,10.0,8.0,442.37,20.0,1.0,1,1,1.0,3.7612001156935624,7.136101274087371,0.04109054415700268,0,0.0,0.24550047138361408,-1.1227557861158808,True,pair_670_397
403,처치,1,13.0,6.0,148.99,58.0,3.0,4.23,0.0,0.0,0,0.0,0.0,0.0,15.47,2.0,13.0,0,1,13.0,1.9459101490553132,5.010568625207268,0.028391167192429023,0,0.0,0.15256205921539664,-1.7146461514183133,True,pair_403_14
404,처치,1,4.0,24.0,721.1,15842.0,17.0,37.2,0.0,0.0,1,12.879999999999999,7.0,6.0,275.58,10.0,4.0,1,1,4.0,3.2188758248682006,6.582163633457136,0.05158785189294134,0,0.0,0.22448195084143238,-1.2397359497595426,True,pair_404_2450
405,처치,1,10.0,11.0,443.21000000000004,72120.0,4.0,7.76,0.0,0.0,0,6.1899999999999995,5.0,3.0,221.29,6.0,10.0,1,1,10.0,2.4849066497880004,6.096297423588737,0.017508630220437263,0,0.0,0.188117005834036,-1.4622920932293564,True,pair_405_1911
409,처치,1,7.0,9.0,190.1,124.0,6.0,17.439999999999998,0.0,0.0,1,27.28,14.0,13.0,397.0,6.0,7.0,1,1,7.0,2.302585092994046,5.252796851246227,0.09174118884797475,0,0.0,0.168380173201189,-1.5971510389072818,True,pair_409_2071
411,대조,0,2.0,42.0,1203.63,111515.0,3.0,17.89,0.0,0.0,1,15.16,4.0,4.0,390.99,8.0,2.0,1,1,2.0,3.7612001156935624,7.093927744832133,0.014863371634140058,0,0.0,0.2530572936310524,-1.0823725637603492,True,pair_85_411
413,처치,1,2.0,29.0,662.37,58521.0,8.0,20.57,0.0,0.0,1,5.0,2.0,1.0,291.8,16.0,2.0,1,1,2.0,3.4011973816621555,6.497332903904655,0.031055150444615546,0,0.0,0.2229337311157202,-1.2486510774584407,True,pair_413_2484
419,대조,0,23.0,5.0,89.74000000000001,3577.0,2.0,9.33,0.0,0.0,0,4.07,2.0,2.0,96.59,2.0,23.0,1,1,23.0,1.791759469228055,4.507998274235818,0.10396701582349008,0,0.0,0.15664143039533246,-1.6834329065603237,True,pair_1939_419
420,처치,1,1.0,32.0,668.07,309.0,15.0,53.24,0.0,0.0,0,4.27,3.0,3.0,209.47,9.0,1.0,1,1,1.0,3.4965075614664802,6.50588868843626,0.07969224781834239,0,0.0,0.21995231964238393,-1.2659442525139621,True,pair_420_1532
425,처치,1,5.0,28.0,928.28,574.0,22.0,53.21,0.0,0.0,0,30.5,29.0,14.0,270.85,7.0,5.0,1,1,5.0,3.367295829986474,6.834410092756322,0.05732106691946396,0,0.0,0.23140687835268786,-1.200384189629272,True,pair_425_694
428,대조,0,3.0,12.0,479.67,297.0,12.0,28.07,0.0,0.0,1,20.59,15.0,8.0,240.88,6.0,3.0,1,1,3.0,2.5649493574615367,6.175180963965499,0.05851939875330957,0,0.0,0.19013011611435365,-1.4491649381531058,True,pair_598_428
432,처치,1,1.0,14.0,194.81,72.0,4.0,2.4,0.0,0.0,1,6.47,6.0,5.0,100.74,7.0,1.0,1,1,1.0,2.70805020110221,5.277144801315235,0.012319696114162516,0,0.0,0.16613483901201928,-1.6132719699770735,True,pair_432_915
433,처치,1,13.0,17.0,217.45000000000002,121.0,8.0,27.04,0.0,0.0,0,12.96,5.0,5.0,34.22,4.0,13.0,1,1,13.0,2.8903717578961645,5.386557155397445,0.124350425385146,0,0.0,0.194690406134389,-1.419816156090841,True,pair_433_517
437,처치,1,2.0,15.0,1523.85,12354.0,5.0,105.34,0.0,0.0,1,12.48,3.0,3.0,446.06,7.0,2.0,1,1,2.0,2.772588722239781,7.329651323548048,0.06912753879975064,0,0.0,0.2278659540339421,-1.2204006344656657,True,pair_437_806
438,대조,0,68.0,2.0,18.37,7.0,0.0,0.0,0.0,0.0,1,8.99,2.0,2.0,29.82,2.0,68.0,1,1,68.0,1.0986122886681098,2.9637254774189046,0.0,0,0.0,0.17335216758807664,-1.562053590692335,True,pair_1959_438
439,대조,0,14.0,22.0,380.1,137.0,4.0,9.66,0.0,0.0,0,2.5,1.0,1.0,17.25,1.0,14.0,1,1,14.0,3.1354942159291497,5.943061807879815,0.025414364640883976,0,0.0,0.2130225217855725,-1.306801734543181,True,pair_1512_439
441,대조,0,4.0,10.0,445.67,207.0,3.0,12.26,0.0,0.0,1,5.6899999999999995,2.0,2.0,132.4,4.0,4.0,1,1,4.0,2.3978952727983707,6.101820066935569,0.027509143536697554,0,0.0,0.182894894199416,-1.4968560958532355,True,pair_1420_441
447,처치,1,1.0,41.0,402.65,171.0,2.0,11.79,0.0,0.0,0,6.29,3.0,3.0,184.69,17.0,1.0,1,1,1.0,3.7376696182833684,6.000548165841025,0.029281013286973797,0,0.0,0.2103131856660575,-1.3230386492482833,True,pair_447_2300
450,대조,0,15.0,11.0,243.17000000000002,130.0,2.0,4.0,0.0,0.0,0,3.63,3.0,3.0,153.27,5.0,15.0,1,1,15.0,2.4849066497880004,5.49786470400706,0.016449397540815067,0,0.0,0.1815866361477698,-1.5056346697821081,True,pair_567_450
454,처치,1,1.0,50.0,937.07,606.0,21.0,55.19,0.0,0.0,1,62.94,25.0,20.0,525.29,22.0,1.0,1,1,1.0,3.9318256327243257,6.84382457308745,0.05889634712454779,0,0.0,0.25298281164278735,-1.0827666464682904,True,pair_454_898
456,처치,1,6.0,13.0,777.37,9588.0,7.0,16.63,0.0,0.0,1,8.14,6.0,3.0,375.51,6.0,6.0,1,1,6.0,2.6390573296152584,6.657201989532993,0.02139264442929364,0,0.0,0.20844249508386353,-1.334339329523014,True,pair_456_2158
458,대조,0,4.0,17.0,232.88,148.0,10.0,27.17,0.0,0.0,1,4.87,4.0,3.0,89.88,11.0,4.0,1,1,4.0,2.8903717578961645,5.45480816330747,0.11666952937135006,0,0.0,0.1872226109919685,-1.4681589158325263,True,pair_999_458
463,대조,0,1.0,103.0,1458.04,179845.0,11.0,38.58,0.0,0.0,0,0.0,0.0,0.0,180.66,19.0,1.0,0,1,1.0,4.6443908991413725,7.285533964185356,0.026460179418945982,0,0.0,0.2839777869600109,-0.9248151701055651,True,pair_755_463
464,처치,1,6.0,21.0,369.2,246.0,16.0,24.93,0.0,0.0,1,31.25,18.0,16.0,314.27,11.0,6.0,1,1,6.0,3.091042453358316,5.914043400139397,0.06752437703141928,0,0.0,0.206188148656313,-1.3480573751862661,True,pair_464_530
468,대조,0,6.0,34.0,562.48,221.0,1.0,2.49,0.0,0.0,0,0.0,0.0,0.0,221.21,16.0,6.0,0,1,6.0,3.5553480614894135,6.334131840392106,0.004426824064855639,0,0.0,0.22150246967855544,-1.2569320797004297,True,pair_1726_468
469,처치,1,2.0,18.0,1220.27,9202.0,33.0,112.33,0.0,0.0,1,45.02,14.0,10.0,593.94,12.0,2.0,1,1,2.0,2.9444389791664403,7.1076465798861515,0.09205339801847132,0,0.0,0.2291366096993433,-1.21319279818564,True,pair_469_472
470,대조,0,3.0,19.0,260.98,3047.0,7.0,8.75,0.0,0.0,0,12.6,10.0,9.0,248.46,11.0,3.0,1,1,3.0,2.995732273553991,5.568268164969503,0.03352747336960686,0,0.0,0.17928999540082421,-1.5211652439305168,True,pair_1065_470
472,대조,0,2.0,16.0,1879.09,624.0,50.0,158.43,0.0,0.0,0,29.560000000000002,11.0,8.0,423.37,8.0,2.0,1,1,2.0,2.833213344056216,7.539074927018577,0.0843120872337142,0,0.0,0.2290709957659719,-1.213564305932635,True,pair_469_472
473,대조,0,25.0,8.0,366.25,35010.0,3.0,5.13,0.0,0.0,1,2.98,2.0,2.0,290.40000000000003,5.0,25.0,1,1,25.0,2.1972245773362196,5.906042815053986,0.014006825938566553,0,0.0,0.20842318824932596,-1.3344563487319994,True,pair_1928_473
476,대조,0,6.0,5.0,177.29,76.0,5.0,18.64,0.0,0.0,0,0.0,0.0,0.0,0.0,0.0,6.0,0,0,6.0,1.791759469228055,5.1834114380466785,0.10513847368717921,0,0.0,0.14614265336619536,-1.7651809158940612,True,pair_187_476
483,대조,0,22.0,8.0,337.27,107.0,7.0,14.98,0.0,0.0,1,0.0,0.0,0.0,44.87,2.0,22.0,0,1,22.0,2.1972245773362196,5.82384439316692,0.04441545349423311,0,0.0,0.20262138009069625,-1.3699905075058565,True,pair_1929_483
490,처치,1,12.0,11.0,503.86,311.0,8.0,33.06,0.0,0.0,1,72.52,49.0,16.0,356.87,10.0,12.0,1,1,12.0,2.4849066497880004,6.224281163117879,0.06561346405747628,0,0.0,0.2057677795815068,-1.3506276381847135,True,pair_490_1370
491,대조,0,3.0,19.0,585.09,70026.0,9.0,24.37,0.0,0.0,1,7.48,4.0,4.0,393.16,8.0,3.0,1,1,3.0,2.995732273553991,6.373473361402004,0.04165171170247312,0,0.0,0.20822437039754713,-1.3356618535692932,True,pair_93_491
492,대조,0,3.0,15.0,1099.32,21086.0,27.0,68.64,0.0,0.0,1,32.11,26.0,14.0,647.38,10.0,3.0,1,1,3.0,2.772588722239781,7.003356325571526,0.06243859840628753,0,0.0,0.21986383485306707,-1.2664600529006198,True,pair_1463_492
495,처치,1,27.0,6.0,447.45,197.0,7.0,16.84,0.0,0.0,0,0.0,0.0,0.0,48.300000000000004,1.0,27.0,0,1,27.0,1.9459101490553132,6.105797192564012,0.037635489998882554,0,0.0,0.20328112222512967,-1.3659120314812232,True,pair_495_2066
498,대조,0,,0.0,0.0,0.0,0.0,0.0,0.0,0.0,0,0.0,0.0,0.0,0.0,0.0,90.0,0,0,90.0,0.0,0.0,0.0,0,0.0,0.11145848676575056,-2.075929163761872,True,pair_2009_498
502,대조,0,5.0,20.0,1001.58,541.0,29.0,95.69,0.0,0.0,0,10.0,4.0,2.0,83.48,4.0,5.0,1,1,5.0,3.044522437723423,6.910331956495587,0.09553904830368018,0,0.0,0.22495648467646592,-1.2370121945196009,True,pair_1393_502
511,처치,1,4.0,44.0,638.5,25861.0,9.0,23.97,0.0,0.0,0,13.89,11.0,6.0,402.44,26.0,4.0,1,1,4.0,3.8066624897703196,6.460686621018898,0.03754111198120595,0,0.0,0.23256980718334233,-1.1938570954275014,True,pair_511_2128
513,대조,0,2.0,19.0,1319.7,584.0,5.0,31.990000000000002,0.0,0.0,1,36.74,22.0,10.0,604.73,9.0,2.0,1,1,2.0,2.995732273553991,7.185917178049759,0.024240357657043268,0,0.0,0.2282627223898787,-1.2181469213681198,True,pair_1317_513
515,대조,0,,0.0,0.0,0.0,0.0,0.0,0.0,0.0,0,19.92,6.0,6.0,137.34,2.0,90.0,1,1,90.0,0.0,0.0,0.0,0,0.0,0.11145848676575056,-2.075929163761872,True,pair_2039_515
517,대조,0,2.0,19.0,482.21,30326.0,9.0,27.47,0.0,0.0,0,10.879999999999999,4.0,4.0,211.38,5.0,2.0,1,1,2.0,2.995732273553991,6.180451341770698,0.056966881649074055,0,0.0,0.1946465411239731,-1.4200959562221023,True,pair_433_517
518,대조,0,5.0,8.0,260.73,102.0,3.0,7.14,0.0,0.0,1,16.64,11.0,11.0,157.76,9.0,5.0,1,1,5.0,2.1972245773362196,5.567313438044335,0.02738465078817167,0,0.0,0.16578900012199974,-1.6157704715737502,True,pair_1121_518
526,대조,0,1.0,28.0,566.45,80341.0,4.0,8.870000000000001,0.0,0.0,1,9.76,6.0,6.0,378.34000000000003,17.0,1.0,1,1,1.0,3.367295829986474,6.341152639747148,0.015658928413805277,0,0.0,0.21421512610963103,-1.299702285348039,True,pair_2331_526
530,대조,0,54.0,4.0,128.37,65.0,0.0,0.0,0.0,0.0,0,1.34,1.0,1.0,271.98,8.0,54.0,1,1,54.0,1.6094379124341003,4.86267651592981,0.0,0,0.0,0.20621430989675052,-1.347897545789371,True,pair_464_530
541,대조,0,8.0,4.0,98.67,35.0,3.0,6.01,0.0,0.0,0,0.0,0.0,0.0,28.0,1.0,8.0,0,1,8.0,1.6094379124341003,4.601864728979365,0.060910104388365256,0,0.0,0.13064236947226804,-1.8952909972989676,True,pair_1683_541
553,대조,0,2.0,38.0,1049.88,49096.0,19.0,38.0,0.0,0.0,1,33.92,23.0,19.0,390.73,18.0,2.0,1,1,2.0,3.6635616461296463,6.957383187383954,0.03619461271764392,0,0.0,0.24673255458069235,-1.1161153629137306,True,pair_2223_553
560,처치,1,8.0,51.0,1137.47,132002.0,21.0,49.04,0.0,0.0,1,27.98,12.0,11.0,326.23,22.0,8.0,1,1,8.0,3.9512437185814275,7.037440534695482,0.04311322496417488,0,0.0,0.27439478430052083,-0.9724381988746318,True,pair_560_1547
562,처치,1,1.0,7.0,149.69,57.0,1.0,0.89,0.0,0.0,0,0.0,0.0,0.0,42.0,3.0,1.0,0,1,1.0,2.0794415416798357,5.015224746430063,0.005945620949963258,0,0.0,0.13772875698339515,-1.834283666374864,True,pair_562_64
567,처치,1,5.0,19.0,194.49,141.0,1.0,3.99,0.0,0.0,1,0.0,0.0,0.0,82.59,12.0,5.0,0,1,5.0,2.995732273553991,5.275509227222028,0.020515193583217645,0,0.0,0.18156559007275808,-1.5057762928841671,True,pair_567_450
570,대조,0,60.0,4.0,192.5,62.0,2.0,6.87,0.0,0.0,0,3.0,3.0,1.0,83.34,2.0,60.0,1,1,60.0,1.6094379124341003,5.2652775124698366,0.035688311688311686,0,0.0,0.23213052772384712,-1.1963199277747805,True,pair_2445_570
572,처치,1,46.0,1.0,6.6899999999999995,3.0,1.0,2.0,0.0,0.0,0,0.0,0.0,0.0,0.0,0.0,46.0,0,0,46.0,0.6931471805599453,2.0399207835175526,0.29895366218236175,0,0.0,0.1219861771537617,-1.973754600776073,True,pair_572_2498
574,대조,0,3.0,15.0,756.87,34072.0,17.0,39.61,0.0,0.0,1,25.45,15.0,14.0,271.34,4.0,3.0,1,1,3.0,2.772588722239781,6.630511866976103,0.052333954311836905,0,0.0,0.20861895729614977,-1.3332701574031256,True,pair_2295_574
575,처치,1,1.0,53.0,1744.42,50134.0,18.0,45.56,0.0,0.0,1,57.47,16.0,11.0,854.49,25.0,1.0,1,1,1.0,3.9889840465642745,7.464750493354978,0.026117563430825146,0,0.0,0.2727420254094024,-0.9807548761632296,True,pair_575_1864
576,처치,1,2.0,33.0,487.38,8505.0,3.0,7.5,0.0,0.0,1,19.97,7.0,6.0,284.55,15.0,2.0,1,1,2.0,3.5263605246161616,6.191093791357123,0.015388403299273667,0,0.0,0.21733719166178753,-1.2812519364005381,True,pair_576_1640
582,대조,0,2.0,33.0,1060.14,12867.0,9.0,30.96,0.0,0.0,1,26.12,11.0,7.0,291.83,9.0,2.0,1,1,2.0,3.5263605246161616,6.9670990808988496,0.029203690078668854,0,0.0,0.24136137583827844,-1.145230247822961,True,pair_219_582
583,처치,1,1.0,8.0,152.02,40.0,1.0,0.88,0.0,0.0,1,16.47,7.0,5.0,453.11,16.0,1.0,1,1,1.0,2.1972245773362196,5.030568631803706,0.005788712011577424,0,0.0,0.14667396300765936,-1.7609295135830298,True,pair_583_749
584,대조,0,2.0,16.0,405.98,67357.0,0.0,0.0,0.0,0.0,0,0.0,0.0,0.0,175.34,9.0,2.0,0,1,2.0,2.833213344056216,6.0087640441860435,0.0,0,0.0,0.18156572359434203,-1.5057753943513872,True,pair_1426_584
588,대조,0,3.0,28.0,1078.06,17529.0,15.0,39.6,0.0,0.0,1,50.79,35.0,29.0,955.29,27.0,3.0,1,1,3.0,3.367295829986474,6.983845570755679,0.03673264938871677,0,0.0,0.23866854029848375,-1.1599930924428994,True,pair_2050_588
598,처치,1,1.0,27.0,249.75,102.0,0.0,0.0,0.0,0.0,1,3.69,1.0,1.0,238.41,17.0,1.0,1,1,1.0,3.332204510175204,5.524456426842045,0.0,0,0.0,0.18993399642717634,-1.4504391056568857,True,pair_598_428
603,처치,1,2.0,41.0,1136.9,116148.0,17.0,45.97,0.0,0.0,0,19.060000000000002,7.0,7.0,493.19,25.0,2.0,1,1,2.0,3.7376696182833684,7.036939737362963,0.040434514908962965,0,0.0,0.24361968777444412,-1.132935955525329,True,pair_603_2087
608,대조,0,11.0,38.0,686.22,327.0,11.0,37.28,0.0,0.0,1,25.02,11.0,9.0,394.42,19.0,11.0,1,1,11.0,3.6635616461296463,6.532654473855391,0.054326600798577714,0,0.0,0.25422020525947053,-1.0762295340412007,True,pair_1116_608
609,처치,1,4.0,16.0,131.33,80.0,9.0,21.9,0.0,0.0,1,2.99,1.0,1.0,68.22,7.0,4.0,1,1,4.0,2.833213344056216,4.885298802784958,0.16675550140866516,0,0.0,0.1744700021005212,-1.5542727826352845,True,pair_609_2056
618,대조,0,2.0,94.0,785.55,68054.0,2.0,4.859999999999999,0.0,0.0,0,2.5,1.0,1.0,358.93,47.0,2.0,1,1,2.0,4.553876891600541,6.6676562932685135,0.006186748138247088,0,0.0,0.2604066465949292,-1.0438560781630826,True,pair_1579_618
624,처치,1,7.0,24.0,547.2,35612.0,6.0,8.0,0.0,0.0,1,18.240000000000002,8.0,8.0,345.34,12.0,7.0,1,1,7.0,3.2188758248682006,6.306640183868685,0.014619883040935672,0,0.0,0.21977380268810268,-1.266985026372597,True,pair_624_1850
631,처치,1,2.0,70.0,1290.31,132443.0,23.0,65.81,0.0,0.0,1,25.18,12.0,12.0,411.31,28.0,2.0,1,1,2.0,4.2626798770413155,7.163412485956439,0.051003247281661,0,0.0,0.27810335649777046,-0.9538891450428838,True,pair_631_253
632,대조,0,4.0,18.0,780.01,38358.0,25.0,63.27,0.0,0.0,0,31.9,9.0,9.0,259.78,14.0,4.0,1,1,4.0,2.9444389791664403,6.660587953855026,0.08111434468788863,0,0.0,0.2113561760475265,-1.3167700432578373,True,pair_1634_632
638,대조,0,5.0,12.0,665.29,18703.0,5.0,11.780000000000001,0.0,0.0,0,67.24000000000001,26.0,20.0,886.95,18.0,5.0,1,1,5.0,2.5649493574615367,6.5017250112013265,0.01770656405477311,0,0.0,0.19224700979001816,-1.435475252091314,True,pair_2111_638
640,대조,0,6.0,27.0,624.15,40251.0,8.0,15.06,0.0,0.0,0,12.93,10.0,9.0,243.01,11.0,6.0,1,1,6.0,3.332204510175204,6.437991620941009,0.024128815188656574,0,0.0,0.21815409529705673,-1.2764559960756916,True,pair_2016_640
641,처치,1,3.0,57.0,1967.34,810.0,44.0,119.6,0.0,0.0,0,54.75,30.0,21.0,963.63,28.0,3.0,1,1,3.0,4.060443010546419,7.584945826917821,0.06079274553457969,0,0.0,0.2777802034833124,-0.9554993538507981,True,pair_641_1097
650,처치,1,18.0,8.0,109.85000000000001,59.0,1.0,1.77,0.0,0.0,0,7.42,6.0,4.0,235.15,11.0,18.0,1,1,18.0,2.1972245773362196,4.70817793606232,0.016112881201638597,0,0.0,0.15948221925790942,-1.6620856695788515,True,pair_650_1663
654,처치,1,11.0,16.0,358.17,203.0,7.0,11.57,0.0,0.0,0,16.48,3.0,3.0,195.51,10.0,11.0,1,1,11.0,2.833213344056216,5.883795814009186,0.03230309629505542,0,0.0,0.19629158621383136,-1.4096352954900409,True,pair_654_1582
663,대조,0,19.0,10.0,317.58,184.0,10.0,16.11,0.0,0.0,0,45.71,29.0,5.0,199.84,9.0,19.0,1,1,19.0,2.3978952727983707,5.763873620866492,0.050727375779331195,0,0.0,0.19494145613468736,-1.4182157115358391,True,pair_2224_663
665,처치,1,47.0,3.0,63.43,18.0,2.0,11.16,0.0,0.0,0,0.0,0.0,0.0,1.49,1.0,47.0,0,1,47.0,1.3862943611198906,4.1655793631505516,0.17594198328866467,0,0.0,0.17994341485955842,-1.5167309045694959,True,pair_665_132
669,처치,1,12.0,11.0,1175.42,396.0,13.0,41.730000000000004,0.0,0.0,0,16.16,10.0,7.0,1031.57,10.0,12.0,1,1,12.0,2.4849066497880004,7.070231207555386,0.035502203467696655,0,0.0,0.21954970311946181,-1.268292412017055,True,pair_669_1788
670,처치,1,7.0,26.0,797.62,28484.0,33.0,135.13,0.0,0.0,1,31.36,12.0,10.0,253.55,10.0,7.0,1,1,7.0,3.295836866004329,6.682885238142227,0.16941651412953537,0,0.0,0.24541310202389846,-1.123227523174539,True,pair_670_397
674,처치,1,25.0,13.0,533.24,237.0,12.0,36.42,0.0,0.0,0,16.47,6.0,5.0,270.24,5.0,25.0,1,1,25.0,2.6390573296152584,6.280845176195345,0.06829945240417074,0,0.0,0.23037844165887994,-1.206175556101685,True,pair_674_1352
675,대조,0,6.0,23.0,494.45,24833.0,6.0,12.17,0.0,0.0,1,26.02,9.0,6.0,316.26,15.0,6.0,1,1,6.0,3.1780538303479458,6.2054664405049085,0.024613206593184347,0,0.0,0.2142418388987931,-1.2995435967428688,True,pair_1607_675
681,처치,1,12.0,6.0,309.95,106.0,18.0,77.91,0.0,0.0,0,34.07,14.0,12.0,158.48,4.0,12.0,1,1,12.0,1.9459101490553132,5.739632127549898,0.2513631230843684,0,0.0,0.18091656330184414,-1.510150006223642,True,pair_681_797
682,처치,1,18.0,51.0,773.15,101270.0,13.0,35.25,0.0,0.0,1,0.0,0.0,0.0,0.0,0.0,18.0,0,0,18.0,3.9512437185814275,6.651765653262846,0.04559270516717325,0,0.0,0.28474010877852624,-0.9210690956623749,True,pair_682_1475
684,대조,0,7.0,15.0,238.01000000000002,10275.0,10.0,25.53,0.0,0.0,0,14.0,7.0,7.0,159.65,8.0,7.0,1,1,7.0,2.772588722239781,5.476505392060385,0.10726440065543465,0,0.0,0.1817107140082662,-1.5047999854031493,True,pair_287_684
691,처치,1,20.0,10.0,403.03000000000003,205.0,13.0,35.88,0.0,0.0,0,0.0,0.0,0.0,32.65,2.0,20.0,0,1,20.0,2.3978952727983707,6.001489132629946,0.08902563084633898,0,0.0,0.205747696500971,-1.3507505294910633,True,pair_691_1535
693,처치,1,2.0,27.0,839.22,325.0,21.0,61.58,0.0,0.0,1,47.9,29.0,19.0,444.68,17.0,2.0,1,1,2.0,3.332204510175204,6.733663762308199,0.07337766020828865,0,0.0,0.23055152952167124,-1.2051995932357704,True,pair_693_2007
694,대조,0,2.0,53.0,544.24,271.0,15.0,29.310000000000002,0.0,0.0,0,15.81,6.0,6.0,256.56,23.0,2.0,1,1,2.0,3.9889840465642745,6.301226064702642,0.05385491694840512,0,0.0,0.23150755718042837,-1.1998182118523804,True,pair_425_694
695,대조,0,3.0,26.0,485.96,24198.0,2.0,4.18,0.0,0.0,1,51.39,30.0,15.0,565.16,10.0,3.0,1,1,3.0,3.295836866004329,6.188181984185669,0.008601530990204954,0,0.0,0.21084979710797294,-1.3198106560124239,True,pair_2228_695
698,처치,1,1.0,22.0,166.59,75.0,2.0,22.93,0.0,0.0,0,6.279999999999999,4.0,4.0,63.92,14.0,1.0,1,1,1.0,3.1354942159291497,5.121520520396782,0.13764331592532564,0,0.0,0.17550841370936135,-1.547079954206726,True,pair_698_80
700,대조,0,2.0,8.0,334.25,149.0,4.0,10.58,0.0,0.0,0,0.0,0.0,0.0,0.0,0.0,2.0,0,0,2.0,2.1972245773362196,5.8148765221617875,0.03165295437546747,0,0.0,0.160579705048308,-1.6539211045687943,True,pair_281_700
706,처치,1,12.0,15.0,408.87,170.0,9.0,33.51,0.0,0.0,1,23.29,10.0,8.0,202.15,5.0,12.0,1,1,12.0,2.772588722239781,6.015840036249296,0.0819575904321667,0,0.0,0.21074660904492848,-1.3204309170444566,True,pair_706_83
708,처치,1,21.0,9.0,412.78000000000003,193.0,6.0,20.46,0.0,0.0,1,3.9699999999999998,2.0,2.0,175.36,4.0,21.0,1,1,21.0,2.302585092994046,6.0253344316155975,0.04956635495905809,0,0.0,0.2101261629545653,-1.324165106467235,True,pair_708_732
709,대조,0,3.0,21.0,616.41,318.0,14.0,20.19,0.0,0.0,0,24.05,14.0,10.0,533.08,11.0,3.0,1,1,3.0,3.091042453358316,6.425533308891862,0.03275417335864117,0,0.0,0.2045138823298642,-1.3583175391185052,True,pair_2420_709
710,처치,1,2.0,24.0,471.54,271.0,9.0,24.91,0.0,0.0,0,11.66,5.0,5.0,140.41,6.0,2.0,1,1,2.0,3.2188758248682006,6.15812239943533,0.05282690757942062,0,0.0,0.20095217921831646,-1.3803538293496442,True,pair_710_1732
712,처치,1,1.0,38.0,1561.46,30329.0,55.0,184.09,0.0,0.0,1,69.59,32.0,26.0,903.34,21.0,1.0,1,1,1.0,3.6635616461296463,7.354016781282871,0.11789607162527378,0,0.0,0.26371589405010415,-1.0267436929932754,True,pair_712_1029
725,대조,0,5.0,17.0,515.73,431.0,15.0,29.45,0.0,0.0,1,44.27,41.0,24.0,351.57,12.0,5.0,1,1,5.0,2.8903717578961645,6.247520494377951,0.05710352316134411,0,0.0,0.20609070185062744,-1.3486528485214915,True,pair_165_725
727,대조,0,5.0,14.0,594.32,267.0,15.0,47.69,0.0,0.0,0,32.379999999999995,18.0,12.0,432.36,7.0,5.0,1,1,5.0,2.70805020110221,6.389099076100958,0.08024296675191815,0,0.0,0.19795870251450695,-1.399101663883772,True,pair_1584_727
728,대조,0,1.0,85.0,2317.86,181633.0,27.0,111.26,0.0,0.0,0,47.93,11.0,9.0,718.34,27.0,1.0,1,1,1.0,4.454347296253507,7.748830964583634,0.04800117349624222,0,0.0,0.29389489687706694,-0.876541887884768,True,pair_1707_728
730,처치,1,4.0,7.0,77.34,34.0,1.0,4.19,0.0,0.0,0,35.94,13.0,5.0,104.62,5.0,4.0,1,1,4.0,2.0794415416798357,4.361058328237685,0.05417636410654254,0,0.0,0.13132616072340347,-1.8892837206590336,True,pair_730_1821
731,대조,0,1.0,45.0,464.56,41070.0,2.0,2.0,0.0,0.0,1,9.73,9.0,5.0,142.62,6.0,1.0,1,1,1.0,3.828641396489095,6.143240982073776,0.004305148958153952,0,0.0,0.22371027563118898,-1.2441740043339793,True,pair_374_731
732,대조,0,8.0,16.0,512.51,18882.0,12.0,32.47,0.0,0.0,1,10.18,6.0,4.0,170.56,4.0,8.0,1,1,8.0,2.833213344056216,6.241269503375682,0.06335486136855865,0,0.0,0.2101291258210863,-1.324147255079611,True,pair_708_732
733,대조,0,3.0,10.0,217.55,150.0,0.0,0.0,0.0,0.0,1,7.17,2.0,2.0,148.63,5.0,3.0,1,1,3.0,2.3978952727983707,5.387014821309323,0.0,0,0.0,0.16248346553067408,-1.6398647601418959,True,pair_1961_733
737,처치,1,23.0,8.0,150.20000000000002,68.0,4.0,10.88,0.0,0.0,0,0.0,0.0,0.0,103.05,4.0,23.0,0,1,23.0,2.1972245773362196,5.018603463745433,0.07243675099866843,0,0.0,0.17816752073141362,-1.5288123423629727,True,pair_737_1877
741,대조,0,3.0,3.0,160.31,64.0,0.0,0.0,0.0,0.0,1,0.0,0.0,0.0,153.89000000000001,4.0,3.0,0,1,3.0,1.3862943611198906,5.083327979489696,0.0,0,0.0,0.1305774630070065,-1.895862603765227,True,pair_987_741
742,대조,0,2.0,78.0,913.0,22682.0,11.0,32.21,0.0,0.0,1,5.67,3.0,3.0,139.05,18.0,2.0,1,1,2.0,4.3694478524670215,6.81783057145415,0.03527929901423878,0,0.0,0.26956229365368833,-0.9968444432684122,True,pair_2334_742
745,대조,0,3.0,28.0,946.62,538.0,20.0,56.25,0.0,0.0,0,35.42,15.0,13.0,348.40000000000003,11.0,3.0,1,1,3.0,3.367295829986474,6.8539535780137815,0.05942194333523484,0,0.0,0.22807172904153,-1.2192314519045944,True,pair_2078_745
749,대조,0,3.0,10.0,128.28,69.0,1.0,4.0,0.0,0.0,0,6.25,6.0,3.0,83.32000000000001,6.0,3.0,1,1,3.0,2.3978952727983707,4.861980594772786,0.031181789834736514,0,0.0,0.146559641417146,-1.7618432068949823,True,pair_583_749
752,대조,0,9.0,17.0,472.05,39690.0,5.0,13.46,0.0,0.0,1,17.02,8.0,5.0,496.21000000000004,8.0,9.0,1,1,9.0,2.8903717578961645,6.159201091150453,0.028513928609257496,0,0.0,0.20924804897685037,-1.3294639440497935,True,pair_212_752
755,처치,1,1.0,57.0,2292.7,616016.0,8.0,17.8,0.0,0.0,1,4.6899999999999995,2.0,2.0,790.7,20.0,1.0,1,1,1.0,4.060443010546419,7.7379215132001695,0.007763771971910849,0,0.0,0.283302050817161,-0.9281408356833953,True,pair_755_463
760,처치,1,9.0,10.0,265.29,103.0,2.0,7.98,0.0,0.0,0,0.0,0.0,0.0,210.74,9.0,9.0,0,1,9.0,2.3978952727983707,5.58458594048131,0.030080289494515435,0,0.0,0.17192855935497342,-1.5720203936922144,True,pair_760_2485
763,대조,0,5.0,10.0,575.85,3867.0,13.0,31.73,0.0,0.0,0,45.25,21.0,19.0,415.45,5.0,5.0,1,1,5.0,2.3978952727983707,6.3575822673732985,0.05510115481462186,0,0.0,0.18575764161630492,-1.4778152372546156,True,pair_368_763
768,대조,0,1.0,64.0,975.24,59535.0,16.0,43.97,0.0,0.0,1,10.879999999999999,7.0,7.0,398.75,34.0,1.0,1,1,1.0,4.174387269895637,6.883708457823584,0.04508633772199663,0,0.0,0.2625588699056004,-1.032710938232289,True,pair_883_768
771,대조,0,1.0,40.0,721.22,389.0,16.0,30.66,0.0,0.0,1,35.769999999999996,19.0,18.0,549.76,28.0,1.0,1,1,1.0,3.713572066704308,6.582329801619698,0.04251130029671945,0,0.0,0.23545400846854056,-1.1777665812711224,True,pair_17_771
784,처치,1,4.0,20.0,392.67,17739.0,2.0,6.0,0.0,0.0,1,0.0,0.0,0.0,175.5,10.0,4.0,0,1,4.0,3.044522437723423,5.975512994893912,0.015280006112002444,0,0.0,0.19906859645184477,-1.3921258337692457,True,pair_784_1705
785,처치,1,5.0,14.0,396.62,97110.0,7.0,22.44,0.0,0.0,1,40.05,15.0,8.0,303.58,11.0,5.0,1,1,5.0,2.70805020110221,5.9854967753281905,0.056578084816701124,0,0.0,0.19313034615757216,-1.4297968061839235,True,pair_785_293
786,대조,0,2.0,42.0,1028.64,337.0,10.0,27.45,0.0,0.0,1,26.57,12.0,8.0,671.14,30.0,2.0,1,1,2.0,3.7612001156935624,6.936964505566124,0.026685720951936533,0,0.0,0.24903866320520537,-1.1037460098142167,True,pair_932_786
788,처치,1,2.0,42.0,885.51,27030.0,14.0,31.51,0.0,0.0,1,121.89,61.0,41.0,1069.82,28.0,2.0,1,1,2.0,3.7612001156935624,6.787292405766489,0.03558401373219953,0,0.0,0.24506203347332822,-1.1251242059867037,True,pair_788_110
797,대조,0,3.0,11.0,392.28000000000003,116.0,3.0,12.47,0.0,0.0,1,13.97,3.0,2.0,382.77,10.0,3.0,1,1,3.0,2.4849066497880004,5.9745218263776705,0.03178851840522076,0,0.0,0.18089602095647797,-1.5102886379925304,True,pair_681_797
803,대조,0,22.0,4.0,276.64,116.0,1.0,3.99,0.0,0.0,1,5.98,2.0,1.0,51.160000000000004,2.0,22.0,1,1,22.0,1.6094379124341003,5.626325310471383,0.014423076923076924,0,0.0,0.17728228764614454,-1.534869835867885,True,pair_162_803
805,처치,1,9.0,24.0,543.73,297.0,6.0,13.33,0.0,0.0,0,16.58,10.0,6.0,231.13,12.0,9.0,1,1,9.0,3.2188758248682006,6.300290259061719,0.024515844260938332,0,0.0,0.2162157855813168,-1.287856829425614,True,pair_805_2395
806,대조,0,7.0,16.0,952.08,435.0,31.0,87.36,0.0,0.0,1,16.96,8.0,7.0,348.92,9.0,7.0,1,1,7.0,2.833213344056216,6.859698845566448,0.09175699521048651,0,0.0,0.2279460892766551,-1.2199452296751725,True,pair_437_806
808,대조,0,2.0,42.0,402.02,18767.0,6.0,14.24,0.0,0.0,1,6.0,3.0,3.0,102.38,13.0,2.0,1,1,2.0,3.7612001156935624,5.998986188506828,0.03542112332719766,0,0.0,0.22140879732251387,-1.2574753817580129,True,pair_258_808
812,처치,1,15.0,8.0,144.51,55.0,5.0,15.38,0.0,0.0,0,16.89,7.0,3.0,128.98,3.0,15.0,1,1,15.0,2.1972245773362196,4.980244812772187,0.10642862085668812,0,0.0,0.16617142374141142,-1.613007908519753,True,pair_812_1666
816,처치,1,1.0,11.0,536.92,212.0,9.0,28.310000000000002,0.0,0.0,1,13.48,7.0,5.0,224.72,8.0,1.0,1,1,1.0,2.4849066497880004,6.287709850220251,0.05272666319004694,0,0.0,0.18664672255861445,-1.4719479048458939,True,pair_816_1132
817,대조,0,2.0,18.0,661.71,278.0,37.0,90.6,0.0,0.0,1,40.81,20.0,16.0,299.34000000000003,7.0,2.0,1,1,2.0,2.9444389791664403,6.4963374887645475,0.1369179852201115,0,0.0,0.21468232193450373,-1.2969289583096677,True,pair_2240_817
820,대조,0,5.0,55.0,1490.91,3012.0,19.0,59.1,0.0,0.0,0,3.89,1.0,1.0,248.56,7.0,5.0,1,1,5.0,4.02535169073515,7.307812457228461,0.039640219731573334,0,0.0,0.2699271026132354,-0.9949924563676638,True,pair_2062_820
823,대조,0,2.0,25.0,434.73,39762.0,1.0,2.0,0.0,0.0,1,0.0,0.0,0.0,70.59,4.0,2.0,0,1,2.0,3.258096538021482,6.077022785469567,0.00460055666735675,0,0.0,0.20435433156976995,-1.3592985399733677,True,pair_364_823
834,처치,1,21.0,8.0,203.79,31337.0,3.0,6.25,0.0,0.0,0,0.0,0.0,0.0,5.0,1.0,21.0,0,1,21.0,2.1972245773362196,5.321985063848221,0.03066882575199961,0,0.0,0.17968886708124648,-1.5184568596144596,True,pair_834_1294
842,대조,0,3.0,65.0,392.03000000000003,208.0,9.0,15.34,0.0,0.0,0,70.03,33.0,27.0,540.46,46.0,3.0,1,1,3.0,4.189654742026425,5.973885944833689,0.0391296584445068,0,0.0,0.22992131886934172,-1.208755534389947,True,pair_2307_842
844,대조,0,4.0,21.0,924.66,10825.0,16.0,78.74000000000001,0.0,0.0,1,62.62,19.0,10.0,713.12,18.0,4.0,1,1,4.0,3.091042453358316,6.83050699659619,0.08515562477018582,0,0.0,0.22972365411365622,-1.2098722585382484,True,pair_979_844
849,대조,0,3.0,8.0,543.6,219.0,4.0,13.66,0.0,0.0,0,45.5,19.0,17.0,584.16,8.0,3.0,1,1,3.0,2.1972245773362196,6.300051580239659,0.02512877115526122,0,0.0,0.17311041795075266,-1.5637415248942055,True,pair_1542_849
853,대조,0,3.0,73.0,2162.44,99846.0,1.0,2.18,0.0,0.0,1,5.0,2.0,2.0,894.92,31.0,3.0,1,1,3.0,4.30406509320417,7.679454826440072,0.0010081204565213372,0,0.0,0.2955870046808579,-0.8684015996361046,True,pair_2407_853
854,대조,0,36.0,7.0,69.10000000000001,28.0,1.0,0.89,0.0,0.0,0,2.0,2.0,1.0,34.59,2.0,36.0,1,1,36.0,2.0794415416798357,4.249922794040544,0.012879884225759766,0,0.0,0.17405864907160806,-1.557131461230164,True,pair_96_854
859,대조,0,1.0,46.0,1480.78,82958.0,20.0,53.02,0.0,0.0,1,15.3,11.0,9.0,384.28000000000003,14.0,1.0,1,1,1.0,3.8501476017100584,7.300999346793346,0.035805453882413324,0,0.0,0.2626376406458941,-1.0323041494835083,True,pair_889_859
864,처치,1,1.0,14.0,896.47,385.0,3.0,5.97,0.0,0.0,1,14.879999999999999,7.0,7.0,327.24,6.0,1.0,1,1,1.0,2.70805020110221,6.799579693619923,0.006659453188617577,0,0.0,0.20421179999097092,-1.3601753795474325,True,pair_864_1226
876,대조,0,2.0,27.0,637.67,59943.0,6.0,20.19,0.0,0.0,0,5.0,4.0,3.0,357.09000000000003,14.0,2.0,1,1,2.0,3.332204510175204,6.459387889055757,0.03166214499662835,0,0.0,0.21153130467661205,-1.3157197038704216,True,pair_1873_876
883,처치,1,1.0,48.0,1349.75,130778.0,16.0,63.97,0.0,0.0,1,63.83,32.0,9.0,983.56,23.0,1.0,1,1,1.0,3.8918202981106265,7.208415272724175,0.04739396184478607,0,0.0,0.26220756257332056,-1.0345261212629533,True,pair_883_768
886,대조,0,1.0,28.0,635.07,290.0,15.0,44.1,0.0,0.0,1,55.81,24.0,17.0,939.7,34.0,1.0,1,1,1.0,3.367295829986474,6.455308620176728,0.06944116396617696,0,0.0,0.22132613257323006,-1.2579549760643391,True,pair_208_886
888,대조,0,8.0,9.0,627.23,338.0,13.0,34.230000000000004,0.0,0.0,1,25.19,10.0,9.0,776.24,7.0,8.0,1,1,8.0,2.302585092994046,6.442906341456171,0.05457328252794032,0,0.0,0.19757012145123212,-1.4015509057808007,True,pair_1675_888
889,처치,1,2.0,32.0,2029.09,166025.0,41.0,98.66,0.0,0.0,1,58.0,26.0,21.0,799.61,14.0,2.0,1,1,2.0,3.4965075614664802,7.615835406028436,0.048622781641031204,0,0.0,0.26225866270156034,-1.0342619927404868,True,pair_889_859
895,처치,1,13.0,22.0,886.8,19869.0,11.0,43.55,0.0,0.0,1,18.98,5.0,3.0,694.35,18.0,13.0,1,1,13.0,3.1354942159291497,6.788746492399935,0.04910915651781687,0,0.0,0.24610963402108338,-1.1194698508200953,True,pair_895_81
898,대조,0,3.0,40.0,989.6,62155.0,36.0,86.43,0.0,0.0,1,67.11,37.0,23.0,850.22,27.0,3.0,1,1,3.0,3.713572066704308,6.898310820154137,0.08733831851253032,0,0.0,0.25295682863683083,-1.0829041400842367,True,pair_454_898
900,대조,0,1.0,204.0,2580.4,190797.0,27.0,63.98,0.0,0.0,1,26.5,10.0,8.0,1069.82,104.0,1.0,1,1,1.0,5.3230099791384085,7.856087166401087,0.024794605487521312,0,0.0,0.34405993930225537,-0.6452535295292149,True,pair_2459_900
907,처치,1,3.0,11.0,267.03,132.0,5.0,47.27,0.0,0.0,0,38.99,1.0,1.0,129.02,2.0,3.0,1,1,3.0,2.4849066497880004,5.591098914544516,0.17702130846721345,0,0.0,0.173561038808476,-1.5605967161648764,True,pair_907_943
909,처치,1,1.0,125.0,1852.3600000000001,158659.0,23.0,74.88,0.0,0.0,0,40.22,12.0,11.0,1141.04,70.0,1.0,1,1,1.0,4.836281906951478,7.5247554869622135,0.04042410762486773,0,0.0,0.301553078671309,-0.8399131369681581,True,pair_909_1653
915,대조,0,10.0,13.0,115.04,66.0,1.0,0.99,0.0,0.0,1,0.0,0.0,0.0,64.85,6.0,10.0,0,1,10.0,2.6390573296152584,4.753934959253203,0.008605702364394993,0,0.0,0.1661625185927628,-1.613072179862868,True,pair_432_915
919,대조,0,3.0,41.0,301.57,7853.0,3.0,6.29,0.0,0.0,0,12.370000000000001,6.0,5.0,97.51,6.0,3.0,1,1,3.0,3.7376696182833684,5.712312655659576,0.020857512352024408,0,0.0,0.20555413445021192,-1.3519354199273657,True,pair_1003_919
924,처치,1,5.0,13.0,303.75,119.0,10.0,35.29,0.0,0.0,0,8.45,3.0,3.0,87.02,4.0,5.0,1,1,5.0,2.6390573296152584,5.719491768361381,0.11618106995884774,0,0.0,0.18088632375955577,-1.5103540846144818,True,pair_924_2042
928,처치,1,1.0,15.0,875.88,43931.0,24.0,45.96,0.0,0.0,0,4.0,2.0,1.0,73.42,4.0,1.0,1,1,1.0,2.772588722239781,6.776370152907468,0.05247294149883546,0,0.0,0.20121507189865487,-1.3787173877350283,True,pair_928_29
932,처치,1,9.0,29.0,940.42,525.0,5.0,42.15,0.0,0.0,1,57.03,14.0,10.0,700.64,20.0,9.0,1,1,9.0,3.4011973816621555,6.847389373695695,0.044820399396014544,0,0.0,0.24906692226918084,-1.1035949124284328,True,pair_932_786
934,처치,1,6.0,23.0,1202.75,2895.0,38.0,65.06,0.0,0.0,1,51.98,33.0,29.0,704.49,11.0,6.0,1,1,6.0,3.1780538303479458,7.0931969631123355,0.05409270421949699,0,0.0,0.24265210616342772,-1.1381939613501226,True,pair_934_1091
935,대조,0,4.0,14.0,423.86,43370.0,6.0,12.21,0.0,0.0,0,0.0,0.0,0.0,0.0,0.0,4.0,0,0,4.0,2.70805020110221,6.051759702891737,0.02880668145142264,0,0.0,0.18409894027283868,-1.4888197653142101,True,pair_2478_935
936,처치,1,1.0,46.0,431.72,3492.0,12.0,25.65,0.0,0.0,0,16.68,5.0,5.0,708.89,35.0,1.0,1,1,1.0,3.8501476017100584,6.070090867563172,0.05941350875567497,0,0.0,0.2182465381032431,-1.27591409219782,True,pair_936_1602
938,처치,1,82.0,1.0,100.8,37.0,0.0,0.0,0.0,0.0,0,7.99,1.0,1.0,235.93,2.0,82.0,1,1,82.0,0.6931471805599453,4.623010104116422,0.0,0,0.0,0.22240517712629754,-1.251704754745966,True,pair_938_1837
942,대조,0,7.0,6.0,163.45,101.0,4.0,9.4,0.0,0.0,0,11.030000000000001,8.0,5.0,353.8,16.0,7.0,1,1,7.0,1.9459101490553132,5.102606572635066,0.05750994187825024,0,0.0,0.14729226662747633,-1.7559980337253376,True,pair_2095_942
943,대조,0,75.0,1.0,24.91,13.0,0.0,0.0,0.0,0.0,0,0.0,0.0,0.0,0.0,0.0,75.0,0,0,75.0,0.6931471805599453,3.2546289945740186,0.0,0,0.0,0.17337989315587102,-1.5618601253410016,True,pair_907_943
946,처치,1,3.0,15.0,301.63,158.0,5.0,11.57,0.0,0.0,1,13.21,7.0,3.0,132.33,6.0,3.0,1,1,3.0,2.772588722239781,5.712510937220041,0.038358253489374404,0,0.0,0.183443859206271,-1.4931869916039782,True,pair_946_2457
947,처치,1,1.0,27.0,214.29,156.0,40.0,47.64,0.0,0.0,1,24.0,37.0,21.0,181.85,17.0,1.0,1,1,1.0,3.332204510175204,5.371985956473237,0.22231555368892622,0,0.0,0.20058517633343215,-1.3826410134416895,True,pair_947_180
949,대조,0,5.0,29.0,857.74,75662.0,11.0,25.22,0.0,0.0,1,32.34,13.0,12.0,477.99,10.0,5.0,1,1,5.0,3.4011973816621555,6.755466198636152,0.02940284934828736,0,0.0,0.23658127731268014,-1.1715148492304317,True,pair_367_949
954,처치,1,20.0,7.0,416.46000000000004,191.0,13.0,22.79,0.0,0.0,0,22.22,16.0,10.0,153.13,4.0,20.0,1,1,20.0,2.0794415416798357,6.0341887313177605,0.05472314267876866,0,0.0,0.19400115835298035,-1.4242181754059353,True,pair_954_16
960,처치,1,6.0,14.0,287.63,115.0,5.0,18.18,0.0,0.0,1,9.27,3.0,3.0,214.58,11.0,6.0,1,1,6.0,2.70805020110221,5.665145591041283,0.06320620241282203,0,0.0,0.18705435788093733,-1.4692649879808617,True,pair_960_1218
968,처치,1,1.0,30.0,979.3,516.0,17.0,34.73,0.0,0.0,1,37.11,15.0,14.0,731.1,18.0,1.0,1,1,1.0,3.4339872044851463,6.887858647267681,0.03546410701521495,0,0.0,0.23395269162271543,-1.186125005751587,True,pair_968_123
979,처치,1,3.0,18.0,1176.68,5900.0,38.0,98.47,0.0,0.0,1,27.56,12.0,11.0,535.47,10.0,3.0,1,1,3.0,2.9444389791664403,7.071301680449758,0.083684604140463,0,0.0,0.2294706902431532,-1.211302383968707,True,pair_979_844
983,대조,0,1.0,22.0,360.32,197.0,10.0,16.31,0.0,0.0,1,0.0,0.0,0.0,118.58,8.0,1.0,0,1,1.0,3.1354942159291497,5.889763992281643,0.04526531971580817,0,0.0,0.196234858346492,-1.4099949153709885,True,pair_1012_983
986,처치,1,12.0,9.0,171.65,57.0,2.0,4.38,0.0,0.0,1,0.88,1.0,1.0,37.449999999999996,2.0,12.0,1,1,12.0,2.302585092994046,5.1512664238360015,0.025517040489367898,0,0.0,0.1701615468061244,-1.5844827859860369,True,pair_986_2248
987,처치,1,13.0,3.0,82.99000000000001,25.0,3.0,8.120000000000001,0.0,0.0,0,0.0,0.0,0.0,102.56,6.0,13.0,0,1,13.0,1.3862943611198906,4.430697744137536,0.09784311362814797,0,0.0,0.1305385835187421,-1.8962051162234903,True,pair_987_741
988,처치,1,3.0,26.0,1026.81,57561.0,12.0,32.18,0.0,0.0,0,71.13,47.0,29.0,525.19,12.0,3.0,1,1,3.0,3.295836866004329,6.93518560403016,0.031339780485192,0,0.0,0.22585257932163916,-1.2318798389031076,True,pair_988_18
996,처치,1,20.0,9.0,152.23,63.0,0.0,0.0,0.0,0.0,1,24.76,11.0,11.0,220.6,5.0,20.0,1,1,20.0,2.302585092994046,5.031940060590085,0.0,0,0.0,0.17899256316304407,-1.5231879092755973,True,pair_996_2064
999,처치,1,14.0,8.0,414.04,222.0,10.0,24.45,0.0,0.0,0,0.0,0.0,0.0,9.68,1.0,14.0,0,1,14.0,2.1972245773362196,6.028374901128079,0.05905226548159598,0,0.0,0.1871661303910014,-1.4685301259670382,True,pair_999_458
1001,대조,0,33.0,12.0,408.04,193.0,9.0,22.92,0.0,0.0,1,4.29,3.0,2.0,66.46000000000001,3.0,33.0,1,1,33.0,2.5649493574615367,6.013812950771744,0.05617096363101657,0,0.0,0.24377539437321719,-1.132091142949415,True,pair_1070_1001
1003,처치,1,18.0,10.0,386.99,100.0,5.0,17.37,0.0,0.0,1,10.71,5.0,3.0,165.49,5.0,18.0,1,1,18.0,2.3978952727983707,5.960979566095262,0.04488488074627252,0,0.0,0.20552292264950228,-1.3521265604382677,True,pair_1003_919
1011,대조,0,3.0,17.0,397.19,38591.0,4.0,7.6,0.0,0.0,0,10.19,4.0,3.0,235.22,5.0,3.0,1,1,3.0,2.8903717578961645,5.986929278306221,0.019134419295551246,0,0.0,0.18568249244706672,-1.4783121631453018,True,pair_192_1011
1012,처치,1,4.0,22.0,329.13,36731.0,0.0,0.0,0.0,0.0,1,10.81,6.0,6.0,291.0,14.0,4.0,1,1,4.0,3.1354942159291497,5.799486516280714,0.0,0,0.0,0.19629023665202835,-1.4096438499718427,True,pair_1012_983
1018,처치,1,6.0,47.0,440.89,15642.0,5.0,8.82,0.0,0.0,1,10.38,5.0,4.0,200.03,7.0,6.0,1,1,6.0,3.871201010907891,6.091060982326444,0.020004989906779472,0,0.0,0.23501874561963113,-1.180186049891368,True,pair_1018_1620
1024,대조,0,2.0,17.0,1151.8,41348.0,12.0,43.24,0.0,0.0,1,69.39,35.0,26.0,1001.44,10.0,2.0,1,1,2.0,2.8903717578961645,7.049949044685312,0.03754123979857615,0,0.0,0.2215370950057442,-1.2567312935332013,True,pair_1366_1024
1029,대조,0,1.0,42.0,2095.96,219118.0,25.0,128.99,0.0,0.0,0,40.6,12.0,12.0,860.51,15.0,1.0,1,1,1.0,3.7612001156935624,7.648243955851132,0.06154220500391229,0,0.0,0.26342850556363107,-1.028224299393148,True,pair_712_1029
1041,대조,0,3.0,24.0,491.01,238.0,8.0,30.54,0.0,0.0,1,26.21,12.0,8.0,603.23,11.0,3.0,1,1,3.0,3.2188758248682006,6.198499041489006,0.06219832589967618,0,0.0,0.21229196483061474,-1.3111649876469504,True,pair_1476_1041
1042,처치,1,1.0,35.0,639.96,7146.0,18.0,29.68,0.0,0.0,1,15.33,9.0,7.0,334.36,12.0,1.0,1,1,1.0,3.58351893845611,6.462967052477453,0.04637789861866366,0,0.0,0.2274911410620419,-1.2225321793408173,True,pair_1042_2370
1051,처치,1,88.0,1.0,9.68,3.0,0.0,0.0,0.0,0.0,0,0.0,0.0,0.0,26.14,1.0,88.0,0,1,88.0,0.6931471805599453,2.3683728335320486,0.0,0,0.0,0.17350042705973578,-1.5610193397289673,True,pair_1051_2423
1055,처치,1,21.0,16.0,245.76,8448.0,0.0,0.0,0.0,0.0,0,8.27,6.0,4.0,195.20000000000002,10.0,21.0,1,1,21.0,2.833213344056216,5.5084162043414375,0.0,0,0.0,0.2024342725572203,-1.3711489942242954,True,pair_1055_2024
1056,대조,0,16.0,8.0,684.44,274.0,12.0,36.32,0.0,0.0,0,16.75,9.0,4.0,167.43,3.0,16.0,1,1,16.0,2.1972245773362196,6.530060967819329,0.053065279644673016,0,0.0,0.2036153508439649,-1.3638496178038217,True,pair_1184_1056
1060,처치,1,5.0,10.0,798.26,324.0,10.0,27.04,0.0,0.0,1,4.0,3.0,3.0,400.3,5.0,5.0,1,1,5.0,2.3978952727983707,6.683686299591426,0.03387367524365495,0,0.0,0.20020121754244985,-1.385037225609674,True,pair_1060_1495
1061,대조,0,3.0,13.0,160.42,92.0,0.0,0.0,0.0,0.0,0,5.0,2.0,1.0,71.67,6.0,3.0,1,1,3.0,2.6390573296152584,5.084009663896226,0.0,0,0.0,0.15593331213636846,-1.6888030759850592,True,pair_1123_1061
1062,대조,0,2.0,34.0,267.84,172.0,4.0,7.8,0.0,0.0,1,8.77,4.0,4.0,123.03,12.0,2.0,1,1,2.0,3.5553480614894135,5.594116407101765,0.029121863799283155,0,0.0,0.20265468168022888,-1.3697844025237593,True,pair_2452_1062
1065,처치,1,24.0,3.0,447.44,240.0,2.0,9.17,0.0,0.0,0,17.78,7.0,6.0,249.05,3.0,24.0,1,1,24.0,1.3862943611198906,6.105774893285393,0.02049436795994994,0,0.0,0.1793060663029762,-1.5210560296920752,True,pair_1065_470
1070,처치,1,3.0,35.0,930.67,74064.0,21.0,52.97,0.0,0.0,1,13.24,10.0,6.0,375.89,12.0,3.0,1,1,3.0,3.58351893845611,6.8369786747322205,0.056915985257932455,0,0.0,0.24373046174876822,-1.1323348949783354,True,pair_1070_1001
1071,대조,0,9.0,15.0,162.93,102.0,1.0,1.25,0.0,0.0,0,8.29,8.0,7.0,100.61,9.0,9.0,1,1,9.0,2.772588722239781,5.099439507438365,0.00767200638310931,0,0.0,0.16982070010739383,-1.5868985262211626,True,pair_1747_1071
1076,대조,0,12.0,19.0,572.27,160.0,1.0,3.49,0.0,0.0,1,2.79,1.0,1.0,92.36,3.0,12.0,1,1,12.0,2.995732273553991,6.3513568099213895,0.006098519929403953,0,0.0,0.22256763566738497,-1.2507656131162155,True,pair_1385_1076
1078,대조,0,1.0,53.0,1389.38,171501.0,24.0,67.49,0.0,0.0,0,40.75,15.0,12.0,631.12,28.0,1.0,1,1,1.0,3.9889840465642745,7.237332370057844,0.048575623659474,0,0.0,0.25798732586097645,-1.0564558649262905,True,pair_2194_1078
1082,처치,1,2.0,7.0,129.48,132.0,2.0,4.8,0.0,0.0,1,0.0,0.0,0.0,69.76,5.0,2.0,0,1,2.0,2.0794415416798357,4.871219958312758,0.037071362372567196,0,0.0,0.14345354588856254,-1.7868972926751285,True,pair_1082_1947
1088,대조,0,9.0,11.0,188.51,125.0,1.0,1.29,0.0,0.0,0,0.0,0.0,0.0,55.870000000000005,5.0,9.0,0,1,9.0,2.4849066497880004,5.244441793578718,0.006843138295050661,0,0.0,0.1650362031385348,-1.6212235040648797,True,pair_1266_1088
1091,대조,0,1.0,28.0,1457.31,206421.0,14.0,29.78,0.0,0.0,1,24.380000000000003,12.0,11.0,709.79,16.0,1.0,1,1,1.0,3.367295829986474,7.285033509995603,0.020434910897475487,0,0.0,0.24244762420249907,-1.1393069735804422,True,pair_934_1091
1097,대조,0,22.0,24.0,1577.59,132373.0,6.0,34.75,0.0,0.0,0,40.1,17.0,13.0,885.12,11.0,22.0,1,1,22.0,3.2188758248682006,7.3642873225272645,0.02202726944263085,0,0.0,0.2767187343827666,-0.9607965812778454,True,pair_641_1097
1098,처치,1,2.0,53.0,1000.28,29532.0,16.0,55.57,0.0,0.0,0,23.68,15.0,14.0,676.23,25.0,2.0,1,1,2.0,3.9889840465642745,6.909034460480517,0.055554444755468474,0,0.0,0.25028173904226236,-1.0971102444062186,True,pair_1098_243
1102,대조,0,9.0,8.0,347.36,103.0,5.0,22.64,0.0,0.0,0,4.38,2.0,2.0,150.06,7.0,9.0,1,1,9.0,2.1972245773362196,5.853236427824539,0.06517733763242745,0,0.0,0.17467217085568204,-1.5528697683754895,True,pair_278_1102
1104,처치,1,2.0,9.0,158.85,58.0,2.0,5.0,0.0,0.0,0,4.0,2.0,2.0,83.39,5.0,2.0,1,1,2.0,2.302585092994046,5.074235875505851,0.03147623544224111,0,0.0,0.14717595418707813,-1.7569244110801903,True,pair_1104_2211
1113,처치,1,3.0,28.0,674.52,22131.0,13.0,45.230000000000004,0.0,0.0,1,13.98,5.0,4.0,267.72,12.0,3.0,1,1,3.0,3.367295829986474,6.515482764659955,0.06705509102769378,0,0.0,0.22690852972174827,-1.2258503896175013,True,pair_1113_26
1116,처치,1,36.0,12.0,617.88,300.0,10.0,34.74,0.0,0.0,0,0.0,0.0,0.0,4.17,1.0,36.0,0,1,36.0,2.5649493574615367,6.427911392824875,0.056224509613517194,0,0.0,0.25444603748799216,-1.0750387358448117,True,pair_1116_608
1121,처치,1,2.0,10.0,344.54,169.0,1.0,5.0,0.0,0.0,0,26.8,12.0,9.0,340.91,9.0,2.0,1,1,2.0,2.3978952727983707,5.8451084107466365,0.01451210309398038,0,0.0,0.16584371799921468,-1.6153748862231563,True,pair_1121_518
1122,대조,0,9.0,26.0,424.49,26472.0,10.0,35.910000000000004,0.0,0.0,0,17.47,9.0,5.0,130.12,7.0,9.0,1,1,9.0,3.295836866004329,6.053241445974626,0.08459563240594596,0,0.0,0.2161105778881553,-1.2884777558204852,True,pair_1138_1122
1123,처치,1,3.0,5.0,310.55,111.0,2.0,10.57,0.0,0.0,1,11.96,7.0,4.0,219.34,2.0,3.0,1,1,3.0,1.791759469228055,5.741559838990231,0.034036387055224604,0,0.0,0.15591685793256263,-1.6889280960987134,True,pair_1123_1061
1130,처치,1,1.0,57.0,957.57,4337.0,16.0,44.7,0.0,0.0,1,19.29,13.0,10.0,376.98,22.0,1.0,1,1,1.0,4.060443010546419,6.865442590596338,0.04668066042169241,0,0.0,0.2576533444047425,-1.0582012697887495,True,pair_1130_1845
1132,대조,0,20.0,9.0,218.11,102.0,9.0,19.810000000000002,0.0,0.0,0,4.22,2.0,2.0,247.22,5.0,20.0,1,1,20.0,2.302585092994046,5.389573886819589,0.09082573013616983,0,0.0,0.18663947181511453,-1.4719956676100467,True,pair_816_1132
1138,처치,1,7.0,21.0,453.69,221.0,12.0,45.29,0.0,0.0,1,31.88,25.0,7.0,303.42,15.0,7.0,1,1,7.0,3.091042453358316,6.1196158680665835,0.09982587229165289,0,0.0,0.21610881610880403,-1.2884881555482068,True,pair_1138_1122
1141,대조,0,4.0,10.0,89.14,70.0,0.0,0.0,0.0,0.0,0,4.5,3.0,1.0,89.98,9.0,4.0,1,1,4.0,2.3978952727983707,4.501364017262502,0.0,0,0.0,0.1389605528232637,-1.8239502186989605,True,pair_2391_1141
1142,대조,0,2.0,36.0,1622.88,103803.0,36.0,74.15,0.0,0.0,1,56.230000000000004,27.0,23.0,795.84,16.0,2.0,1,1,2.0,3.6109179126442243,7.392573626365887,0.04569037760031549,0,0.0,0.2592694397848279,-1.049769113724193,True,pair_1677_1142
1145,대조,0,21.0,10.0,305.26,166.0,5.0,16.75,0.0,0.0,0,5.97,5.0,4.0,319.78000000000003,5.0,21.0,1,1,21.0,2.3978952727983707,5.724434414387062,0.054871257288868505,0,0.0,0.19780278739564214,-1.400083967561336,True,pair_1544_1145
1153,대조,0,5.0,17.0,350.53000000000003,166.0,0.0,0.0,0.0,0.0,0,10.0,6.0,3.0,186.38,6.0,5.0,1,1,5.0,2.8903717578961645,5.862295056115144,0.0,0,0.0,0.18478562817266744,-1.4842547250157958,True,pair_1331_1153
1160,대조,0,2.0,9.0,434.76,4431.0,4.0,12.76,0.0,0.0,1,16.11,12.0,5.0,366.27,12.0,2.0,1,1,2.0,2.302585092994046,6.077091633075419,0.02934952617536112,0,0.0,0.176163446046364,-1.5425599185735028,True,pair_2182_1160
1163,대조,0,1.0,29.0,888.41,45219.0,13.0,33.84,0.0,0.0,1,21.009999999999998,15.0,8.0,299.36,14.0,1.0,1,1,1.0,3.4011973816621555,6.790558321548355,0.03809052126833332,0,0.0,0.23005592955403226,-1.2079954250894291,True,pair_1865_1163
1165,대조,0,16.0,9.0,240.09,97.0,1.0,1.25,0.0,0.0,0,0.0,0.0,0.0,63.27,3.0,16.0,0,1,16.0,2.302585092994046,5.485170307761209,0.005206380940480653,0,0.0,0.17683539132777912,-1.537936883850874,True,pair_381_1165
1172,처치,1,21.0,12.0,335.56,173.0,8.0,26.15,0.0,0.0,1,1.34,1.0,1.0,118.43,7.0,21.0,1,1,21.0,2.5649493574615367,5.818776439282265,0.07792943139825963,0,0.0,0.21522122844356315,-1.2937353897840962,True,pair_1172_1545
1175,대조,0,3.0,19.0,1017.73,73568.0,22.0,66.1,0.0,0.0,1,29.72,9.0,9.0,501.75,8.0,3.0,1,1,3.0,2.995732273553991,6.926312032460523,0.06494846373792655,0,0.0,0.22563822295410765,-1.2331062433299964,True,pair_2305_1175
1178,처치,1,4.0,23.0,517.25,37508.0,17.0,34.7,0.0,0.0,1,22.33,16.0,14.0,283.35,13.0,4.0,1,1,4.0,3.1780538303479458,6.2504577513158885,0.06708554857419044,0,0.0,0.21464294608880238,-1.297162528373796,True,pair_1178_200
1180,대조,0,3.0,16.0,417.04,23486.0,4.0,11.36,0.0,0.0,0,13.120000000000001,8.0,6.0,224.14,8.0,3.0,1,1,3.0,2.833213344056216,6.035577121726303,0.02723959332438135,0,0.0,0.18567988945076416,-1.4783293783096056,True,pair_2482_1180
1182,처치,1,9.0,39.0,436.71,36064.0,18.0,45.27,0.0,0.0,0,4.12,3.0,3.0,124.41,5.0,9.0,1,1,9.0,3.6888794541139363,6.08155659063452,0.10366146870921207,0,0.0,0.23217802234671467,-1.1960534912326874,True,pair_1182_314
1184,처치,1,55.0,2.0,152.29,65.0,5.0,17.18,0.0,0.0,0,0.0,0.0,0.0,0.0,0.0,55.0,0,0,55.0,1.0986122886681098,5.032331552178016,0.11281108411583164,0,0.0,0.2035788658215706,-1.364074632137666,True,pair_1184_1056
1197,처치,1,2.0,15.0,836.1800000000001,26212.0,9.0,40.54,0.0,0.0,1,2.0,1.0,1.0,131.49,4.0,2.0,1,1,2.0,2.772588722239781,6.730039101132171,0.04848238417565595,0,0.0,0.209210426004253,-1.3296913386414726,True,pair_1197_1451
1203,대조,0,6.0,9.0,862.05,6352.0,24.0,80.37,0.0,0.0,0,38.2,19.0,12.0,280.99,5.0,6.0,1,1,6.0,2.302585092994046,6.760472626832698,0.09323125108752393,0,0.0,0.19749821045397611,-1.4020045616579777,True,pair_27_1203
1204,대조,0,20.0,5.0,62.45,31.0,1.0,1.89,0.0,0.0,0,15.36,13.0,7.0,173.97,5.0,20.0,1,1,20.0,1.791759469228055,4.150252194160397,0.030264211369095274,0,0.0,0.1407665653169928,-1.8089376834466324,True,pair_1405_1204
1211,대조,0,6.0,21.0,1351.07,84268.0,9.0,46.68,0.0,0.0,0,33.77,9.0,7.0,607.37,16.0,6.0,1,1,6.0,3.091042453358316,7.209392030410552,0.034550393391904195,0,0.0,0.23298849636750538,-1.1915127189382657,True,pair_1835_1211
1216,대조,0,8.0,12.0,534.33,241.0,5.0,12.88,0.0,0.0,0,42.7,22.0,17.0,532.98,15.0,8.0,1,1,8.0,2.5649493574615367,6.282883379169149,0.024104953867460182,0,0.0,0.19232132903840546,-1.4349967330897921,True,pair_1613_1216
1218,대조,0,11.0,11.0,288.81,42274.0,5.0,10.14,0.0,0.0,1,2.0,1.0,1.0,89.03999999999999,5.0,11.0,1,1,11.0,2.4849066497880004,5.66922553584749,0.035109587618157266,0,0.0,0.18723351723498838,-1.4680872461427772,True,pair_960_1218
1226,대조,0,2.0,12.0,923.84,498.0,15.0,33.12,0.0,0.0,1,52.410000000000004,37.0,21.0,424.2,6.0,2.0,1,1,2.0,2.5649493574615367,6.829620749577902,0.03585036369934187,0,0.0,0.2041797571647014,-1.3603725663376995,True,pair_864_1226
1229,처치,1,3.0,49.0,2187.64,224111.0,19.0,48.19,0.0,0.0,1,59.760000000000005,24.0,18.0,1202.95,24.0,3.0,1,1,3.0,3.912023005428146,7.691035625341134,0.022028304474227937,0,0.0,0.28148849082658056,-0.9370901621446005,True,pair_1229_1681
1233,처치,1,8.0,4.0,128.23000000000002,24057.0,0.0,0.0,0.0,0.0,0,5.0,2.0,2.0,165.89,1.0,8.0,1,1,8.0,1.6094379124341003,4.8615937625371,0.0,0,0.0,0.13270021784770214,-1.8772921035187546,True,pair_1233_92
1245,처치,1,4.0,18.0,437.31,21906.0,4.0,7.9799999999999995,0.0,0.0,0,4.26,3.0,3.0,266.56,15.0,4.0,1,1,4.0,2.9444389791664403,6.082926422587722,0.018247924813061672,0,0.0,0.19152795637862002,-1.4401123160610954,True,pair_1245_1723
1246,대조,0,12.0,13.0,1029.52,60570.0,18.0,75.15,0.0,0.0,0,23.34,7.0,6.0,253.12,4.0,12.0,1,1,12.0,2.6390573296152584,6.937818808196522,0.07299518222084078,0,0.0,0.22382405461142674,-1.2435189555044028,True,pair_239_1246
1251,대조,0,3.0,8.0,51.2,12.0,0.0,0.0,0.0,0.0,0,1.19,1.0,1.0,33.43,8.0,3.0,1,1,3.0,2.1972245773362196,3.955082494888593,0.0,0,0.0,0.12262565839042036,-1.967797457632856,True,pair_1957_1251
1256,처치,1,3.0,25.0,835.62,25673.0,10.0,64.12,0.0,0.0,1,10.42,7.0,4.0,296.04,10.0,3.0,1,1,3.0,3.258096538021482,6.729369965009701,0.07673344343122472,0,0.0,0.23005041827312728,-1.2080265396437633,True,pair_1256_36
1258,처치,1,2.0,17.0,209.75,90.0,0.0,0.0,0.0,0.0,1,10.88,4.0,4.0,201.88,16.0,2.0,1,1,2.0,2.8903717578961645,5.350672596881965,0.0,0,0.0,0.17398414625664857,-1.5576497851347673,True,pair_1258_1518
1260,처치,1,2.0,28.0,1675.0900000000001,13191.0,8.0,14.02,0.0,0.0,1,12.06,4.0,4.0,674.52,12.0,2.0,1,1,2.0,3.367295829986474,7.424218978884283,0.008369699538532257,0,0.0,0.2479614796987857,-1.1095141361369785,True,pair_1260_2190
1263,처치,1,2.0,26.0,946.26,347.0,8.0,29.17,0.0,0.0,1,11.780000000000001,4.0,4.0,696.14,12.0,2.0,1,1,2.0,3.295836866004329,6.853573606718152,0.03082662270411938,0,0.0,0.22964395275292504,-1.2103227290210297,True,pair_1263_1509
1264,처치,1,10.0,14.0,1105.32,31407.0,17.0,56.61,0.0,0.0,1,13.97,6.0,5.0,294.29,6.0,10.0,1,1,10.0,2.70805020110221,7.008794471156403,0.051215937466073176,0,0.0,0.23097566914306605,-1.202810232021644,True,pair_1264_2170
1265,대조,0,27.0,3.0,108.21000000000001,61.0,5.0,5.2,0.0,0.0,0,10.24,8.0,5.0,137.69,2.0,27.0,1,1,27.0,1.3862943611198906,4.693272634209637,0.048054708437297845,0,0.0,0.1529054945092494,-1.7119922175567037,True,pair_2410_1265
1266,처치,1,1.0,15.0,233.57,96.0,0.0,0.0,0.0,0.0,0,0.0,0.0,0.0,62.57,3.0,1.0,0,1,1.0,2.772588722239781,5.457754050804533,0.0,0,0.0,0.16492499792457507,-1.622030731136964,True,pair_1266_1088
1269,대조,0,6.0,11.0,271.74,137.0,11.0,21.02,0.0,0.0,0,23.310000000000002,6.0,6.0,243.57,5.0,6.0,1,1,6.0,2.4849066497880004,5.608518960429688,0.0773533524692721,0,0.0,0.1729267538777046,-1.5650251427152102,True,pair_114_1269
1287,처치,1,9.0,24.0,370.26,198.0,5.0,9.72,0.0,0.0,0,8.92,3.0,3.0,209.49,10.0,9.0,1,1,9.0,3.2188758248682006,5.916902625781077,0.026251823043266898,0,0.0,0.2056313747589567,-1.3514624941315758,True,pair_1287_1921
1289,대조,0,1.0,73.0,197.89000000000001,142.0,1.0,2.5,0.0,0.0,0,0.0,0.0,0.0,75.35,31.0,1.0,0,1,1.0,4.30406509320417,5.2927519080751555,0.012633281115771387,0,0.0,0.20849786030668055,-1.3340038037889266,True,pair_2193_1289
1292,처치,1,23.0,3.0,62.160000000000004,29.0,0.0,0.0,0.0,0.0,0,0.0,0.0,0.0,14.36,1.0,23.0,0,1,23.0,1.3862943611198906,4.145671189387442,0.0,0,0.0,0.13353164787119876,-1.8700870722393934,True,pair_1292_1304
1293,대조,0,4.0,12.0,87.01,96.0,0.0,0.0,0.0,0.0,0,0.0,0.0,0.0,54.77,6.0,4.0,0,1,4.0,2.5649493574615367,4.47745044438572,0.0,0,0.0,0.1425703523372429,-1.7941035536414796,True,pair_271_1293
1294,대조,0,3.0,8.0,640.28,305.0,12.0,43.36,0.0,0.0,0,5.5,2.0,2.0,189.66,5.0,3.0,1,1,3.0,2.1972245773362196,6.4634661790163905,0.06772037233710251,0,0.0,0.17969298362224376,-1.518428932325163,True,pair_834_1294
1299,처치,1,3.0,28.0,840.19,45592.0,23.0,47.15,0.0,0.0,1,8.280000000000001,2.0,2.0,319.48,6.0,3.0,1,1,3.0,3.367295829986474,6.7348175559785215,0.05611825896523405,0,0.0,0.23260879917125762,-1.1936386425387777,True,pair_1299_2462
1304,대조,0,8.0,7.0,75.31,46.0,0.0,0.0,0.0,0.0,0,0.0,0.0,0.0,27.17,4.0,8.0,0,1,8.0,2.0794415416798357,4.334803991301542,0.0,0,0.0,0.13349225067962925,-1.8704276235471384,True,pair_1292_1304
1306,대조,0,16.0,6.0,237.79,112.0,6.0,17.15,0.0,0.0,1,17.19,11.0,9.0,291.93,14.0,16.0,1,1,16.0,1.9459101490553132,5.475584504594719,0.07212246099499559,0,0.0,0.17700705245749296,-1.5367580552605156,True,pair_1729_1306
1307,대조,0,8.0,25.0,296.54,24310.0,1.0,4.0,0.0,0.0,0,0.0,0.0,0.0,128.04,13.0,8.0,0,1,8.0,3.258096538021482,5.695548669729098,0.013488905375328791,0,0.0,0.19820942288209384,-1.397523284922215,True,pair_39_1307
1317,처치,1,4.0,32.0,715.1,364.0,22.0,63.31,0.0,0.0,0,16.490000000000002,8.0,6.0,326.81,14.0,4.0,1,1,4.0,3.4965075614664802,6.5738198220128945,0.08853307229758076,0,0.0,0.2285851493889791,-1.2163175111462023,True,pair_1317_513
1321,대조,0,3.0,18.0,208.24,124.0,7.0,14.14,0.0,0.0,1,9.02,6.0,6.0,152.72,12.0,3.0,1,1,3.0,2.9444389791664403,5.343481918502411,0.06790242028428736,0,0.0,0.18125456420658512,-1.5078707370832984,True,pair_248_1321
1331,처치,1,2.0,23.0,289.79,124.0,3.0,5.49,0.0,0.0,0,10.33,4.0,4.0,129.02,8.0,2.0,1,1,2.0,3.1780538303479458,5.672601357172626,0.01894475309707029,0,0.0,0.18477375321296743,-1.4843335570835503,True,pair_1331_1153
1350,처치,1,7.0,24.0,404.84,4391.0,6.0,14.92,0.0,0.0,0,23.79,11.0,7.0,130.08,6.0,7.0,1,1,7.0,3.2188758248682006,6.005958993258434,0.03685406580377433,0,0.0,0.20504206314910542,-1.3550740594492343,True,pair_1350_2015
1352,대조,0,2.0,23.0,1011.0600000000001,60247.0,23.0,72.42,0.0,0.0,1,6.98,2.0,2.0,308.58,9.0,2.0,1,1,2.0,3.1780538303479458,6.919743136627464,0.0716277965699365,0,0.0,0.23041781452802726,-1.2059535054752624,True,pair_674_1352
1364,처치,1,10.0,20.0,425.12,153.0,10.0,25.37,0.0,0.0,1,6.53,2.0,2.0,191.96,5.0,10.0,1,1,10.0,3.044522437723423,6.054720996742997,0.059677267595031995,0,0.0,0.2156569721222186,-1.2911574069154421,True,pair_1364_1924
1366,처치,1,3.0,35.0,494.77,309.0,15.0,61.95,0.0,0.0,0,43.47,13.0,10.0,208.32,21.0,3.0,1,1,3.0,3.58351893845611,6.2061121095009275,0.12520969339288965,0,0.0,0.22157977640864202,-1.2564838224951593,True,pair_1366_1024
1370,대조,0,2.0,11.0,1120.76,458.0,12.0,21.490000000000002,0.0,0.0,1,14.450000000000001,6.0,6.0,569.83,6.0,2.0,1,1,2.0,2.4849066497880004,7.022654159458657,0.01917448873978372,0,0.0,0.20567285536549282,-1.3512085716373996,True,pair_490_1370
1378,처치,1,6.0,18.0,884.08,11160.0,23.0,51.46,0.0,0.0,1,20.01,11.0,11.0,255.23,7.0,6.0,1,1,6.0,2.9444389791664403,6.7856780364027305,0.05820740204506379,0,0.0,0.22523426936459137,-1.235419642894971,True,pair_1378_2266
1382,처치,1,1.0,24.0,766.1800000000001,269.0,13.0,34.22,0.0,0.0,1,3.49,1.0,1.0,201.59,8.0,1.0,1,1,1.0,3.2188758248682006,6.6427214544077415,0.044663133989401964,0,0.0,0.21977182253868835,-1.2669965742699798,True,pair_1382_1985
1385,처치,1,8.0,20.0,824.36,538.0,16.0,48.46,0.0,0.0,0,20.509999999999998,16.0,10.0,636.0,9.0,8.0,1,1,8.0,3.044522437723423,6.715819654792121,0.05878499684603814,0,0.0,0.22260023289063022,-1.2505772337716157,True,pair_1385_1076
1388,처치,1,2.0,28.0,1292.26,112108.0,27.0,93.88,0.0,0.0,1,72.54,36.0,17.0,588.3100000000001,13.0,2.0,1,1,2.0,3.367295829986474,7.164921441310717,0.07264791914939718,0,0.0,0.24489526241245144,-1.1260258461260269,True,pair_1388_67
1389,대조,0,1.0,11.0,701.8100000000001,241.0,4.0,27.77,0.0,0.0,1,0.0,0.0,0.0,85.47,1.0,1.0,0,1,1.0,2.4849066497880004,6.5550865850108035,0.03956911414770379,0,0.0,0.19269277287410125,-1.432607228407673,True,pair_68_1389
1391,처치,1,7.0,21.0,1067.94,129457.0,16.0,49.44,0.0,0.0,1,32.66,9.0,9.0,595.32,11.0,7.0,1,1,7.0,3.091042453358316,6.974422782228151,0.046294735659306696,0,0.0,0.2373013932845911,-1.16753190755894,True,pair_1391_95
1393,처치,1,3.0,26.0,711.86,250.0,9.0,39.21,0.0,0.0,1,26.6,8.0,5.0,299.39,10.0,3.0,1,1,3.0,3.295836866004329,6.569285047698251,0.05508105526367544,0,0.0,0.22507449859147288,-1.2363354452657302,True,pair_1393_502
1396,대조,0,2.0,55.0,1825.97,39861.0,31.0,65.1,0.0,0.0,1,39.75,24.0,20.0,591.17,17.0,2.0,1,1,2.0,4.02535169073515,7.510414135881943,0.035652283443868185,0,0.0,0.278842322876213,-0.9502113345592427,True,pair_1710_1396
1405,처치,1,34.0,3.0,41.37,8512.0,0.0,0.0,0.0,0.0,0,4.0,3.0,2.0,257.65,6.0,34.0,1,1,34.0,1.3862943611198906,3.7464405646384678,0.0,0,0.0,0.1405741326771371,-1.8105295858335484,True,pair_1405_1204
1420,처치,1,2.0,12.0,488.23,232.0,14.0,38.45,0.0,0.0,0,14.59,9.0,7.0,321.03000000000003,6.0,2.0,1,1,2.0,2.5649493574615367,6.192832726544351,0.07875386600577597,0,0.0,0.18299590940569624,-1.4961803020775897,True,pair_1420_441
1421,처치,1,3.0,27.0,605.48,43819.0,27.0,47.89,0.0,0.0,1,14.19,11.0,9.0,225.6,11.0,3.0,1,1,3.0,3.332204510175204,6.407671751748048,0.07909427231287573,0,0.0,0.22339380841730602,-1.2459972189253905,True,pair_1421_2137
1425,대조,0,2.0,27.0,859.93,444.0,13.0,32.1,0.0,0.0,1,57.04,26.0,18.0,328.49,15.0,2.0,1,1,2.0,3.332204510175204,6.758013200309632,0.03732861977137674,0,0.0,0.22859599689220175,-1.2162559953669827,True,pair_1856_1425
1426,처치,1,1.0,13.0,438.7,15314.0,13.0,39.28,0.0,0.0,0,6.0,3.0,2.0,78.66,3.0,1.0,1,1,1.0,2.6390573296152584,6.086092676186764,0.08953726920446775,0,0.0,0.1815254597008254,-1.506046373310601,True,pair_1426_584
1437,대조,0,16.0,18.0,629.16,1519.0,25.0,47.7,0.0,0.0,1,75.71,37.0,29.0,510.04,6.0,16.0,1,1,16.0,2.9444389791664403,6.445973755395069,0.07581537287812322,0,0.0,0.23685829861121155,-1.1699816639785163,True,pair_2280_1437
1446,대조,0,10.0,8.0,262.58,124.0,17.0,43.89,0.0,0.0,0,18.990000000000002,10.0,10.0,237.46,4.0,10.0,1,1,10.0,2.1972245773362196,5.574356927215743,0.16714905933429813,0,0.0,0.17576183127954167,-1.545329680627358,True,pair_1642_1446
1451,대조,0,2.0,20.0,627.65,40006.0,5.0,19.35,0.0,0.0,1,20.87,12.0,10.0,506.64,16.0,2.0,1,1,2.0,3.044522437723423,6.443574663039191,0.030829283836533102,0,0.0,0.2091494540808692,-1.330059918998534,True,pair_1197_1451
1452,처치,1,1.0,49.0,158.46,136.0,11.0,15.23,0.0,0.0,1,3.47,3.0,3.0,134.16,37.0,1.0,1,1,1.0,3.912023005428146,5.07179310707435,0.09611258361731667,0,0.0,0.2028613736152235,-1.3685057417311426,True,pair_1452_1703
1460,처치,1,1.0,13.0,552.01,27934.0,8.0,26.5,0.0,0.0,0,30.5,13.0,12.0,132.13,4.0,1.0,1,1,1.0,2.6390573296152584,6.315376084541477,0.04800637669607435,0,0.0,0.18467094511189575,-1.4850162137986416,True,pair_1460_2247
1463,처치,1,5.0,28.0,683.99,54430.0,6.0,14.85,0.0,0.0,0,8.5,7.0,4.0,239.42000000000002,7.0,5.0,1,1,5.0,3.367295829986474,6.52940423961552,0.021710843725785463,0,0.0,0.2198528389587092,-1.2665241611840803,True,pair_1463_492
1475,대조,0,2.0,54.0,2070.52,65800.0,39.0,146.19,0.0,0.0,1,39.75,15.0,13.0,658.94,17.0,2.0,1,1,2.0,4.007333185232471,7.636037916310337,0.0706054517705697,0,0.0,0.2853450071454478,-0.918100899234364,True,pair_682_1475
1476,처치,1,1.0,27.0,704.2,95022.0,9.0,21.57,0.0,0.0,0,17.35,6.0,6.0,656.76,20.0,1.0,1,1,1.0,3.332204510175204,6.558481450523715,0.03063050269809713,0,0.0,0.2123146813685549,-1.3110291480640304,True,pair_1476_1041
1479,대조,0,1.0,98.0,979.04,461.0,17.0,39.08,0.0,0.0,1,7.17,5.0,5.0,339.58,24.0,1.0,1,1,1.0,4.59511985013459,6.8875933871581845,0.03991665304788364,0,0.0,0.27909523550279586,-0.9489539710202818,True,pair_2051_1479
1483,대조,0,6.0,14.0,641.95,18543.0,17.0,38.31,0.0,0.0,1,17.06,8.0,7.0,334.24,7.0,6.0,1,1,6.0,2.70805020110221,6.466066960716448,0.059677544980138636,0,0.0,0.20811134531350461,-1.336347543934902,True,pair_1756_1483
1485,처치,1,12.0,7.0,195.65,52.0,1.0,2.0,0.0,0.0,1,0.0,0.0,0.0,135.55,4.0,12.0,0,1,12.0,2.0794415416798357,5.281425498877819,0.010222335803731152,0,0.0,0.16599331947142845,-1.6142938691540656,True,pair_1485_2310
1490,처치,1,2.0,20.0,634.37,75284.0,12.0,32.269999999999996,0.0,0.0,0,21.64,8.0,7.0,365.63,16.0,2.0,1,1,2.0,3.044522437723423,6.45420750636762,0.05086936645806075,0,0.0,0.20313247013606434,-1.3668301255522075,True,pair_1490_164
1491,대조,0,2.0,51.0,759.14,310.0,25.0,87.76,0.0,0.0,1,59.260000000000005,17.0,16.0,401.2,22.0,2.0,1,1,2.0,3.9512437185814275,6.6335026268420165,0.11560449982875359,0,0.0,0.2537332961528602,-1.0787993479508429,True,pair_2244_1491
1495,대조,0,10.0,26.0,248.58,190.0,8.0,10.51,0.0,0.0,0,1.99,2.0,2.0,104.45,13.0,10.0,1,1,10.0,3.295836866004329,5.5197795050797085,0.04228015125915198,0,0.0,0.20032473303448875,-1.3842660139672314,True,pair_1060_1495
1502,처치,1,15.0,7.0,607.15,244.0,18.0,41.58,0.0,0.0,0,29.6,11.0,9.0,213.91,4.0,15.0,1,1,15.0,2.0794415416798357,6.410421562064445,0.06848390018940953,0,0.0,0.19578856782515644,-1.4128268685582785,True,pair_1502_2037
1509,대조,0,2.0,25.0,897.94,86339.0,13.0,45.11,0.0,0.0,1,14.66,5.0,5.0,256.34000000000003,6.0,2.0,1,1,2.0,3.258096538021482,6.801216291421215,0.05023720961311446,0,0.0,0.22818210164579023,-1.2186046376400719,True,pair_1263_1509
1512,처치,1,18.0,15.0,422.49,18382.0,7.0,22.48,0.0,0.0,0,0.0,0.0,0.0,0.0,0.0,18.0,0,0,18.0,2.772588722239781,6.048529901062438,0.05320835996118251,0,0.0,0.21333043510859334,-1.3049659913638945,True,pair_1512_439
1518,대조,0,4.0,9.0,424.59000000000003,3721.0,7.0,28.24,0.0,0.0,0,0.0,0.0,0.0,0.0,0.0,4.0,0,0,4.0,2.302585092994046,6.053476441510792,0.06651122259120562,0,0.0,0.17438314104371094,-1.5548759762914013,True,pair_1258_1518
1520,대조,0,4.0,20.0,600.78,81525.0,11.0,19.82,0.0,0.0,0,7.5,8.0,4.0,246.52,12.0,4.0,1,1,4.0,3.044522437723423,6.399891930011259,0.03299044575385333,0,0.0,0.20416792210142332,-1.3604454033758266,True,pair_22_1520
1527,처치,1,4.0,35.0,1989.2,205671.0,24.0,58.190000000000005,0.0,0.0,1,17.25,8.0,8.0,961.73,17.0,4.0,1,1,4.0,3.58351893845611,7.5959904151810616,0.02925296601648904,0,0.0,0.2679431866799876,-1.0050831567369136,True,pair_1527_1762
1528,처치,1,2.0,34.0,1103.32,42237.0,30.0,71.33,0.0,0.0,1,31.34,13.0,12.0,529.91,20.0,2.0,1,1,2.0,3.5553480614894135,7.0069850399096385,0.0646503281006417,0,0.0,0.24642471161329146,-1.1177724140366387,True,pair_1528_2497
1532,대조,0,3.0,36.0,576.6,57801.0,4.0,16.72,0.0,0.0,0,3.89,1.0,1.0,230.27,10.0,3.0,1,1,3.0,3.6109179126442243,6.358881587578616,0.02899757197363857,0,0.0,0.2199927481268811,-1.2657086341642108,True,pair_420_1532
1535,대조,0,13.0,13.0,549.0,296.0,12.0,21.68,0.0,0.0,0,32.28,18.0,12.0,622.91,19.0,13.0,1,1,13.0,2.6390573296152584,6.309918278226516,0.03948998178506375,0,0.0,0.20563278709704977,-1.3514538479150797,True,pair_691_1535
1536,처치,1,2.0,27.0,1119.82,79159.0,13.0,36.02,0.0,0.0,1,32.71,18.0,12.0,548.96,16.0,2.0,1,1,2.0,3.332204510175204,7.021815839260447,0.032165883802754015,0,0.0,0.23610443520958024,-1.174156855306283,True,pair_1536_1693
1537,대조,0,2.0,27.0,414.4,25130.0,2.0,16.490000000000002,0.0,0.0,1,6.3100000000000005,5.0,5.0,256.95,12.0,2.0,1,1,2.0,3.332204510175204,6.0292419114420115,0.03979247104247105,0,0.0,0.20791926449200004,-1.3375134725214852,True,pair_142_1537
1541,대조,0,4.0,13.0,919.58,333.0,15.0,39.0,0.0,0.0,1,53.24,16.0,15.0,584.01,7.0,4.0,1,1,4.0,2.6390573296152584,6.825003906185169,0.0424106657387068,0,0.0,0.2107581140446386,-1.320361749736757,True,pair_1779_1541
1542,처치,1,5.0,15.0,241.97,82.0,3.0,5.35,0.0,0.0,0,5.0,2.0,1.0,158.11,7.0,5.0,1,1,5.0,2.772588722239781,5.4929379789290085,0.022110178947803445,0,0.0,0.17352890478261976,-1.560820760454071,True,pair_1542_849
1544,처치,1,3.0,13.0,705.61,32161.0,21.0,68.45,0.0,0.0,0,14.99,8.0,8.0,167.39,5.0,3.0,1,1,3.0,2.6390573296152584,6.560478887103419,0.09700826235455846,0,0.0,0.19776947301171838,-1.4002939320204257,True,pair_1544_1145
1545,대조,0,4.0,21.0,587.72,31518.0,15.0,37.9,0.0,0.0,1,10.870000000000001,4.0,4.0,192.06,9.0,4.0,1,1,4.0,3.091042453358316,6.377950688618344,0.06448649016538487,0,0.0,0.21509276716050482,-1.2944961258383076,True,pair_1172_1545
1547,대조,0,52.0,28.0,148.76,39739.0,4.0,5.93,0.0,0.0,0,0.0,0.0,0.0,0.0,0.0,52.0,0,0,52.0,3.367295829986474,5.009034012729282,0.03986286636192525,0,0.0,0.2742213152640218,-0.9733096260900252,True,pair_560_1547
1549,처치,1,3.0,24.0,312.01,24289.0,0.0,0.0,0.0,0.0,1,2.0,2.0,2.0,47.73,6.0,3.0,1,1,3.0,3.2188758248682006,5.7462351389115875,0.0,0,0.0,0.19573232355954387,-1.4131841149730107,True,pair_1549_1849
1551,처치,1,39.0,1.0,9.99,4.0,0.0,0.0,0.0,0.0,0,0.0,0.0,0.0,0.0,0.0,39.0,0,0,39.0,0.6931471805599453,2.39698576841553,0.0,0,0.0,0.10717336606467953,-2.1199446562204023,True,pair_1551_273
1558,처치,1,10.0,16.0,467.27,168.0,2.0,3.6,0.0,0.0,0,2.19,1.0,1.0,42.800000000000004,4.0,10.0,1,1,10.0,2.833213344056216,6.1490450526384315,0.007704325122520171,0,0.0,0.19989317732545595,-1.3869621366110332,True,pair_1558_290
1567,대조,0,9.0,18.0,391.92,277.0,3.0,14.879999999999999,0.0,0.0,1,0.0,0.0,0.0,112.23,5.0,9.0,0,1,9.0,2.9444389791664403,5.973606028806669,0.03796693202694427,0,0.0,0.20657777101840905,-1.3456785684573682,True,pair_2063_1567
1569,처치,1,8.0,17.0,259.75,143.0,0.0,0.0,0.0,0.0,0,10.870000000000001,4.0,4.0,169.18,7.0,8.0,1,1,8.0,2.8903717578961645,5.563562093880882,0.0,0,0.0,0.18244489617005877,-1.4998701171606854,True,pair_1569_2178
1579,처치,1,1.0,61.0,1328.33,94635.0,26.0,42.17,0.0,0.0,0,41.1,27.0,21.0,682.14,27.0,1.0,1,1,1.0,4.127134385045092,7.1924303348879075,0.03174662922617121,0,0.0,0.2605602673558785,-1.0430585943418424,True,pair_1579_618
1582,대조,0,12.0,11.0,448.87,205.0,15.0,37.88,0.0,0.0,0,0.0,0.0,0.0,0.0,0.0,12.0,0,0,12.0,2.4849066497880004,6.1089586521390435,0.08438968966515918,0,0.0,0.19638159909153705,-1.4090648302216393,True,pair_654_1582
1584,처치,1,3.0,22.0,467.17,17394.0,5.0,11.56,0.0,0.0,0,30.560000000000002,14.0,12.0,399.85,17.0,3.0,1,1,3.0,3.1354942159291497,6.148831477822362,0.024744739602286105,0,0.0,0.19795825780647952,-1.3991044648250692,True,pair_1584_727
1590,처치,1,5.0,27.0,951.25,355.0,13.0,49.47,0.0,0.0,0,34.34,28.0,16.0,595.19,11.0,5.0,1,1,5.0,3.332204510175204,6.858827605358713,0.05200525624178712,0,0.0,0.23047479525714498,-1.2056321991114995,True,pair_1590_306
1602,대조,0,2.0,23.0,879.9,398.0,14.0,63.93,0.0,0.0,0,15.850000000000001,5.0,4.0,427.35,5.0,2.0,1,1,2.0,3.1780538303479458,6.78094411211575,0.07265598363450393,0,0.0,0.2182685189019004,-1.275785264119713,True,pair_936_1602
1607,처치,1,16.0,19.0,434.25,163.0,0.0,0.0,0.0,0.0,0,37.870000000000005,40.0,7.0,88.64,5.0,16.0,1,1,16.0,2.995732273553991,6.075920578648298,0.0,0,0.0,0.21408070847893174,-1.300501018267385,True,pair_1607_675
1613,처치,1,1.0,12.0,703.26,280.0,20.0,75.17,0.0,0.0,0,13.0,5.0,4.0,308.66,3.0,1.0,1,1,1.0,2.5649493574615367,6.557147606158687,0.10688792196342747,0,0.0,0.19236231584583235,-1.4347328917939866,True,pair_1613_1216
1620,대조,0,1.0,35.0,1062.57,35954.0,21.0,60.06,0.0,0.0,0,78.08,53.0,29.0,731.04,23.0,1.0,1,1,1.0,3.58351893845611,6.969386452878549,0.056523334933227934,0,0.0,0.23500499780696574,-1.1802625195424963,True,pair_1018_1620
1622,처치,1,3.0,8.0,322.82,155.0,12.0,34.33,0.0,0.0,0,22.02,11.0,9.0,320.63,9.0,3.0,1,1,3.0,2.1972245773362196,5.780187805858606,0.10634409268322904,0,0.0,0.16563789085305983,-1.616863466480322,True,pair_1622_2350
1634,처치,1,6.0,11.0,1020.72,543.0,14.0,29.84,0.0,0.0,1,24.03,16.0,12.0,531.59,7.0,6.0,1,1,6.0,2.4849066497880004,6.92924276062356,0.02923426600830786,0,0.0,0.2113779404102657,-1.316639476163631,True,pair_1634_632
1640,대조,0,1.0,27.0,856.46,40674.0,6.0,19.33,0.0,0.0,0,19.3,4.0,3.0,266.2,10.0,1.0,1,1,1.0,3.332204510175204,6.7539745307217585,0.022569647152231274,0,0.0,0.21727626726192606,-1.2816101371471191,True,pair_576_1640
1642,처치,1,1.0,19.0,241.02,4360.0,10.0,15.39,0.0,0.0,0,10.0,7.0,6.0,102.41,8.0,1.0,1,1,1.0,2.995732273553991,5.489020367369906,0.0638536221060493,0,0.0,0.1758481023659128,-1.544734287056699,True,pair_1642_1446
1653,대조,0,2.0,65.0,2813.96,89481.0,45.0,124.25,0.0,0.0,1,66.86,49.0,30.0,1264.4,33.0,2.0,1,1,2.0,4.189654742026425,7.9427033308813595,0.04415485650115851,0,0.0,0.30136694041159734,-0.840797060461857,True,pair_909_1653
1660,대조,0,16.0,8.0,639.88,11696.0,7.0,19.41,0.0,0.0,0,30.59,10.0,8.0,291.76,4.0,16.0,1,1,16.0,2.1972245773362196,6.462842231906861,0.0303338125898606,0,0.0,0.20025879233159313,-1.384677693160033,True,pair_1808_1660
1663,대조,0,10.0,14.0,102.54,16159.0,1.0,1.5,0.0,0.0,0,0.0,0.0,0.0,26.169999999999998,4.0,10.0,0,1,10.0,2.70805020110221,4.639958011473755,0.01462843768285547,0,0.0,0.1594056762679937,-1.6626567939742867,True,pair_650_1663
1666,대조,0,1.0,16.0,194.63,70.0,6.0,12.83,0.0,0.0,0,0.0,0.0,0.0,116.66,5.0,1.0,0,1,1.0,2.833213344056216,5.276225120073221,0.06591995067564096,0,0.0,0.1662397300253834,-1.6125150116201588,True,pair_812_1666
1675,처치,1,1.0,17.0,681.88,321.0,12.0,27.71,0.0,0.0,0,72.48,33.0,24.0,340.33,6.0,1.0,1,1,1.0,2.8903717578961645,6.526319148673334,0.04063764885317065,0,0.0,0.19753444303404222,-1.4017759701693153,True,pair_1675_888
1677,처치,1,7.0,25.0,1586.17,527.0,45.0,139.77,0.0,0.0,1,74.35000000000001,26.0,25.0,912.72,12.0,7.0,1,1,7.0,3.258096538021482,7.369707835142301,0.08811791926464377,0,0.0,0.2592686452156432,-1.0497732510579691,True,pair_1677_1142
1681,대조,0,63.0,11.0,249.14000000000001,21695.0,4.0,10.91,0.0,0.0,0,0.0,0.0,0.0,0.0,0.0,63.0,0,0,63.0,2.4849066497880004,5.522020761120761,0.043790639800915146,0,0.0,0.28132991822181724,-0.9378743285277535,True,pair_1229_1681
1683,처치,1,7.0,8.0,58.120000000000005,19.0,0.0,0.0,0.0,0.0,0,7.99,4.0,3.0,261.38,10.0,7.0,1,1,7.0,2.1972245773362196,4.079569276639947,0.0,0,0.0,0.13000785844016005,-1.90088928074972,True,pair_1683_541
1687,대조,0,3.0,22.0,552.3100000000001,239.0,5.0,15.25,0.0,0.0,0,12.48,4.0,4.0,255.47,5.0,3.0,1,1,3.0,3.1354942159291497,6.315918423118657,0.027611305245242704,0,0.0,0.2026421236694586,-1.3698621216300393,True,pair_2114_1687
1689,대조,0,4.0,20.0,274.52,23073.0,1.0,1.69,0.0,0.0,1,0.0,0.0,0.0,67.7,7.0,4.0,0,1,4.0,3.044522437723423,5.618660221239366,0.006156199912574676,0,0.0,0.1891043448560616,-1.4558404319697464,True,pair_2213_1689
1693,대조,0,2.0,24.0,1139.21,41666.0,27.0,91.35000000000001,0.0,0.0,1,56.81,28.0,18.0,556.49,13.0,2.0,1,1,2.0,3.2188758248682006,7.038967734950181,0.08018714723360926,0,0.0,0.2361187536125458,-1.1740774686795261,True,pair_1536_1693
1703,대조,0,7.0,18.0,434.4,268.0,10.0,47.7,0.0,0.0,0,0.0,0.0,0.0,8.6,3.0,7.0,0,1,7.0,2.9444389791664403,6.076265148800447,0.10980662983425415,0,0.0,0.20290159642730557,-1.368257023786989,True,pair_1452_1703
1705,대조,0,11.0,23.0,263.47,173.0,4.0,7.86,0.0,0.0,0,13.5,3.0,3.0,120.76,9.0,11.0,1,1,11.0,3.1780538303479458,5.577727823315549,0.02983261851444187,0,0.0,0.19906652252640814,-1.3921388413569147,True,pair_784_1705
1707,처치,1,2.0,114.0,1161.78,596.0,16.0,51.620000000000005,0.0,0.0,1,48.54,35.0,11.0,455.93,53.0,2.0,1,1,2.0,4.74493212836325,7.0585689686744,0.04443182013806401,0,0.0,0.29390418592231615,-0.8764971262770846,True,pair_1707_728
1710,처치,1,1.0,48.0,2249.81,77399.0,27.0,87.77,0.0,0.0,1,25.87,11.0,9.0,708.26,8.0,1.0,1,1,1.0,3.8918202981106265,7.719045430414013,0.039012183251030084,0,0.0,0.2784104696617722,-0.9523599253914958,True,pair_1710_1396
1722,처치,1,3.0,31.0,1506.72,752.0,32.0,118.55,0.0,0.0,1,125.78999999999999,73.0,18.0,1412.32,25.0,3.0,1,1,3.0,3.4657359027997265,7.318353854935333,0.07868084315599448,0,0.0,0.2561096931027778,-1.0662877456098665,True,pair_1722_2260
1723,대조,0,4.0,15.0,536.91,9982.0,2.0,9.98,0.0,0.0,0,0.0,0.0,0.0,411.65,6.0,4.0,0,1,4.0,2.772588722239781,6.287691259922527,0.018587845262706973,0,0.0,0.19147716992305228,-1.4404403317886938,True,pair_1245_1723
1726,처치,1,7.0,19.0,753.94,58222.0,5.0,13.74,0.0,0.0,1,32.67,14.0,12.0,414.12,10.0,7.0,1,1,7.0,2.995732273553991,6.626638275892426,0.018224261877602992,0,0.0,0.22149052159905802,-1.2570013697181306,True,pair_1726_468
1729,처치,1,1.0,11.0,468.13,245.0,12.0,29.5,0.0,0.0,0,15.96,8.0,8.0,304.79,10.0,1.0,1,1,1.0,2.4849066497880004,6.150879915538542,0.06301668339991028,0,0.0,0.1768904326909371,-1.537558806864428,True,pair_1729_1306
1732,대조,0,1.0,21.0,643.48,283.0,6.0,11.77,0.0,0.0,0,22.47,9.0,7.0,340.66,6.0,1.0,1,1,1.0,3.091042453358316,6.468443790090143,0.018291166780630322,0,0.0,0.2009766676213594,-1.3802013274803513,True,pair_710_1732
1745,처치,1,1.0,12.0,362.24,174.0,10.0,39.93,0.0,0.0,1,29.88,18.0,13.0,215.74,10.0,1.0,1,1,1.0,2.5649493574615367,5.8950637728216275,0.11023078621908126,0,0.0,0.18280492026054826,-1.4974582673045396,True,pair_1745_390
1747,처치,1,5.0,11.0,265.44,60151.0,6.0,16.34,0.0,0.0,0,60.87,31.0,20.0,376.49,14.0,5.0,1,1,5.0,2.4849066497880004,5.585149077544979,0.0615581675708258,0,0.0,0.16979425055149924,-1.5870861477893334,True,pair_1747_1071
1756,처치,1,3.0,16.0,975.23,64711.0,12.0,25.6,0.0,0.0,0,17.47,13.0,6.0,240.1,3.0,3.0,1,1,3.0,2.833213344056216,6.883698214388345,0.026250217897316533,0,0.0,0.2080985975227886,-1.3364248983048808,True,pair_1756_1483
1759,대조,0,13.0,4.0,139.68,70.0,7.0,24.65,0.0,0.0,1,39.08,23.0,17.0,302.44,7.0,13.0,1,1,13.0,1.6094379124341003,4.946487807605782,0.17647479954180983,0,0.0,0.15651071654645085,-1.684422713077864,True,pair_2492_1759
1762,대조,0,1.0,48.0,1638.28,123783.0,27.0,70.06,0.0,0.0,1,49.9,30.0,23.0,947.72,22.0,1.0,1,1,1.0,3.8918202981106265,7.402012400028577,0.042764362624215645,0,0.0,0.2681588477763569,-1.0039839647455526,True,pair_1527_1762
1767,대조,0,1.0,78.0,931.0600000000001,506.0,19.0,40.49,0.0,0.0,0,51.83,37.0,28.0,863.23,69.0,1.0,1,1,1.0,4.3694478524670215,6.837397190295841,0.043488067364079654,0,0.0,0.2594959755676365,-1.0485898743672617,True,pair_2076_1767
1773,대조,0,3.0,16.0,610.2,50294.0,10.0,36.01,0.0,0.0,0,12.02,4.0,4.0,184.84,3.0,3.0,1,1,3.0,2.833213344056216,6.415424237852311,0.059013438216978034,0,0.0,0.1976190922988041,-1.4012420407814843,True,pair_32_1773
1778,대조,0,1.0,29.0,1220.26,138984.0,17.0,46.47,0.0,0.0,1,14.68,8.0,7.0,548.04,20.0,1.0,1,1,1.0,3.4011973816621555,7.107638391655096,0.03808204808811237,0,0.0,0.2396150849253499,-1.1547909492262285,True,pair_1936_1778
1779,처치,1,4.0,20.0,521.5600000000001,8882.0,14.0,36.0,0.0,0.0,1,29.78,20.0,17.0,161.43,4.0,4.0,1,1,4.0,3.044522437723423,6.2587398097821,0.06902369813636014,0,0.0,0.21048182239790242,-1.322023562636412,True,pair_1779_1541
1783,처치,1,8.0,13.0,398.16,14992.0,8.0,20.68,0.0,0.0,0,9.29,2.0,2.0,163.59,4.0,8.0,1,1,8.0,2.6390573296152584,5.989362339016112,0.05193891902752662,0,0.0,0.1888439989969457,-1.4575391198760748,True,pair_1783_2405
1784,처치,1,40.0,4.0,232.56,86.0,0.0,0.0,0.0,0.0,0,0.0,0.0,0.0,125.78,3.0,40.0,0,1,40.0,1.6094379124341003,5.453439003415337,0.0,0,0.0,0.19626108251389343,-1.4098286604715926,True,pair_1784_1836
1788,대조,0,2.0,15.0,1179.83,33471.0,20.0,67.95,0.0,0.0,1,21.0,7.0,6.0,297.45,7.0,2.0,1,1,2.0,2.772588722239781,7.073972860027533,0.05759304306552639,0,0.0,0.21957407947782007,-1.26815015509911,True,pair_669_1788
1792,대조,0,2.0,38.0,1012.22,555.0,6.0,11.26,0.0,0.0,0,12.84,7.0,7.0,603.5,18.0,2.0,1,1,2.0,3.6635616461296463,6.9208886573721,0.011124063938669458,0,0.0,0.23509848950404486,-1.1797425504715007,True,pair_2451_1792
1802,대조,0,14.0,7.0,522.62,199.0,13.0,42.980000000000004,0.0,0.0,1,15.25,5.0,5.0,263.8,5.0,14.0,1,1,14.0,2.0794415416798357,6.260766230403275,0.08223948566836325,0,0.0,0.198341203844382,-1.3966942767991126,True,pair_319_1802
1803,처치,1,4.0,23.0,1419.32,699.0,9.0,93.4,0.0,0.0,1,39.62,8.0,5.0,1242.76,12.0,4.0,1,1,4.0,3.1780538303479458,7.2586374773200095,0.06580616069667165,0,0.0,0.244434144661188,-1.1285210201556322,True,pair_1803_371
1807,대조,0,1.0,30.0,1286.28,579.0,16.0,50.95,0.0,0.0,0,17.66,16.0,7.0,582.17,19.0,1.0,1,1,1.0,3.4339872044851463,7.160286744150895,0.03961034922411917,0,0.0,0.23403953139161748,-1.1856405221876452,True,pair_2443_1807
1808,처치,1,51.0,7.0,71.15,32.0,0.0,0.0,0.0,0.0,0,0.0,0.0,0.0,53.22,3.0,51.0,0,1,51.0,2.0794415416798357,4.27874728521988,0.0,0,0.0,0.20018551268222082,-1.385135309886278,True,pair_1808_1660
1816,대조,0,5.0,26.0,895.31,73188.0,15.0,32.44,0.0,0.0,1,8.39,5.0,5.0,110.00999999999999,5.0,5.0,1,1,5.0,3.295836866004329,6.798286335279768,0.03623325998816052,0,0.0,0.2345463678043554,-1.1828153424945025,True,pair_1974_1816
1818,처치,1,21.0,3.0,104.6,35.0,0.0,0.0,0.0,0.0,0,0.0,0.0,0.0,0.0,0.0,21.0,0,0,21.0,1.3862943611198906,4.659658371272161,0.0,0,0.0,0.14101974286057808,-1.8068460373164275,True,pair_1818_1857
1821,대조,0,45.0,1.0,17.720000000000002,7.0,1.0,2.99,0.0,0.0,0,5.98,2.0,2.0,76.09,2.0,45.0,1,1,45.0,0.6931471805599453,2.929592471049446,0.16873589164785552,0,0.0,0.1311687044893092,-1.8906646548665302,True,pair_730_1821
1826,대조,0,14.0,15.0,335.42,240.0,15.0,39.55,0.0,0.0,0,8.72,5.0,5.0,63.88,1.0,14.0,1,1,14.0,2.772588722239781,5.818360379363636,0.11791187168326277,0,0.0,0.2038456956853302,-1.3624297027647077,True,pair_1899_1826
1834,대조,0,1.0,26.0,830.47,365.0,37.0,86.18,0.0,0.0,1,24.43,11.0,10.0,312.69,12.0,1.0,1,1,1.0,3.295836866004329,6.723195218607482,0.10377256252483534,0,0.0,0.22915922865198926,-1.2130647464336906,True,pair_2168_1834
1835,처치,1,1.0,29.0,1298.77,30441.0,20.0,49.18,0.0,0.0,0,31.2,16.0,15.0,492.52,16.0,1.0,1,1,1.0,3.4011973816621555,7.169942604719971,0.037866596857026265,0,0.0,0.23300887154736466,-1.1913987065943485,True,pair_1835_1211
1836,대조,0,4.0,16.0,576.12,27533.0,9.0,20.7,0.0,0.0,0,5.12,2.0,2.0,293.04,12.0,4.0,1,1,4.0,2.833213344056216,6.3580502171552284,0.03593001458029577,0,0.0,0.1963821526445695,-1.4090613226374227,True,pair_1784_1836
1837,대조,0,49.0,4.0,292.75,80.0,4.0,10.73,0.0,0.0,0,0.0,0.0,0.0,134.58,1.0,49.0,0,1,49.0,1.6094379124341003,5.682729065458369,0.03665243381725022,0,0.0,0.22228239697163363,-1.2524148482510495,True,pair_938_1837
1845,대조,0,1.0,25.0,2454.29,958.0,38.0,143.26,0.0,0.0,1,92.52,27.0,23.0,1153.17,12.0,1.0,1,1,1.0,3.258096538021482,7.8060001595251745,0.05837126012003471,0,0.0,0.2576758724486519,-1.0580834906029744,True,pair_1130_1845
1849,대조,0,3.0,19.0,429.93,277.0,14.0,39.77,0.0,0.0,0,15.3,12.0,8.0,168.6,8.0,3.0,1,1,3.0,2.995732273553991,6.0659456639202896,0.09250343079105902,0,0.0,0.19578036210551655,-1.4128789839477776,True,pair_1549_1849
1850,대조,0,5.0,24.0,588.5600000000001,22719.0,11.0,23.53,0.0,0.0,1,13.55,5.0,5.0,682.25,21.0,5.0,1,1,5.0,3.2188758248682006,6.3793764959685575,0.03997893162974038,0,0.0,0.21974781178166325,-1.267136606903116,True,pair_624_1850
1852,처치,1,2.0,68.0,1814.8700000000001,245474.0,22.0,74.4,0.0,0.0,0,22.86,9.0,7.0,723.47,27.0,2.0,1,1,2.0,4.23410650459726,7.504319970695762,0.040994671794674,0,0.0,0.2781512624062674,-0.9536505371339581,True,pair_1852_2467
1856,처치,1,1.0,53.0,544.8100000000001,274.0,10.0,23.92,0.0,0.0,0,15.19,7.0,5.0,230.79,16.0,1.0,1,1,1.0,3.9889840465642745,6.302270929835968,0.04390521466199225,0,0.0,0.22875987923732996,-1.2153268746078474,True,pair_1856_1425
1857,대조,0,40.0,2.0,39.589999999999996,5661.0,0.0,0.0,0.0,0.0,0,0.0,0.0,0.0,25.04,3.0,40.0,0,1,40.0,1.0986122886681098,3.7035217308508064,0.0,0,0.0,0.14099952157602166,-1.8070129816441223,True,pair_1818_1857
1861,처치,1,24.0,7.0,103.8,105.0,1.0,4.77,0.0,0.0,1,6.0,5.0,2.0,77.16,6.0,24.0,1,1,24.0,2.0794415416798357,4.6520537718869415,0.045953757225433524,0,0.0,0.1726670689079096,-1.5668419077351168,True,pair_1861_2378
1864,대조,0,1.0,31.0,3175.9900000000002,46535.0,35.0,126.67,0.0,0.0,1,32.92,10.0,9.0,1106.64,11.0,1.0,1,1,1.0,3.4657359027997265,8.063689486641017,0.03988362683761598,0,0.0,0.2727882704879335,-0.9805217441254388,True,pair_575_1864
1865,처치,1,3.0,22.0,876.32,369.0,31.0,103.94,0.0,0.0,1,61.11,21.0,19.0,508.65000000000003,12.0,3.0,1,1,3.0,3.1354942159291497,6.776871806093225,0.11860964031404052,0,0.0,0.23017645596215602,-1.2073151103872275,True,pair_1865_1163
1872,처치,1,10.0,14.0,369.23,24535.0,2.0,10.29,0.0,0.0,0,13.57,4.0,4.0,137.52,9.0,10.0,1,1,10.0,2.70805020110221,5.9141244341332015,0.02786880806001679,0,0.0,0.19103762345649383,-1.4432820197544125,True,pair_1872_261
1873,처치,1,3.0,28.0,433.37,41379.0,5.0,12.46,0.0,0.0,1,12.71,7.0,6.0,195.42000000000002,12.0,3.0,1,1,3.0,3.367295829986474,6.07389670546144,0.02875141334194799,0,0.0,0.21147776104958527,-1.3160407658715447,True,pair_1873_876
1877,대조,0,12.0,8.0,251.54,99.0,10.0,42.48,0.0,0.0,0,4.67,4.0,3.0,57.08,2.0,12.0,1,1,12.0,2.1972245773362196,5.531569652010535,0.16887970104158384,0,0.0,0.17817321637288278,-1.5287734445333991,True,pair_737_1877
1879,대조,0,2.0,49.0,689.77,497.0,1.0,1.25,0.0,0.0,1,12.47,4.0,2.0,298.59,18.0,2.0,1,1,2.0,3.912023005428146,6.537806917419835,0.0018121982689882135,0,0.0,0.24037848346782234,-1.1506056090622434,True,pair_1955_1879
1881,대조,0,5.0,14.0,393.8,12216.0,10.0,44.46,0.0,0.0,0,21.759999999999998,8.0,6.0,121.53,6.0,5.0,1,1,5.0,2.70805020110221,5.978379307559327,0.11289994921279838,0,0.0,0.1893398338379746,-1.4543054725562614,True,pair_350_1881
1883,처치,1,15.0,17.0,215.79,2355.0,3.0,14.65,0.0,0.0,0,16.43,8.0,6.0,160.97,8.0,15.0,1,1,15.0,2.8903717578961645,5.378929143040425,0.06789007831688215,0,0.0,0.19437907223675466,-1.4218030857977635,True,pair_1883_2176
1899,처치,1,9.0,6.0,1158.79,392.0,20.0,55.14,0.0,0.0,1,16.88,9.0,6.0,511.98,2.0,9.0,1,1,9.0,1.9459101490553132,7.055994233228931,0.04758411791610214,0,0.0,0.20385131866208991,-1.3623950559718612,True,pair_1899_1826
1906,대조,0,6.0,26.0,1148.52,52859.0,13.0,36.03,0.0,0.0,0,23.17,14.0,12.0,469.85,8.0,6.0,1,1,6.0,3.295836866004329,7.047099742920951,0.03137080764810365,0,0.0,0.23530886708008858,-1.1785730253097717,True,pair_324_1906
1911,대조,0,4.0,18.0,187.19,22523.0,12.0,35.88,0.0,0.0,1,21.35,9.0,7.0,100.88,12.0,4.0,1,1,4.0,2.9444389791664403,5.237452090776761,0.19167690581761848,0,0.0,0.18813609081728444,-1.4621671383107586,True,pair_405_1911
1914,처치,1,2.0,20.0,709.62,201.0,6.0,28.04,0.0,0.0,1,28.23,5.0,4.0,285.37,6.0,2.0,1,1,2.0,3.044522437723423,6.566137828420241,0.03951410614131507,0,0.0,0.2131829583367091,-1.3058449893982993,True,pair_1914_195
1916,처치,1,2.0,22.0,423.52,187.0,21.0,42.75,0.0,0.0,0,2.99,2.0,2.0,224.85,7.0,2.0,1,1,2.0,3.1354942159291497,6.050959118893622,0.10093974310540235,0,0.0,0.1986064379382762,-1.3950269971120193,True,pair_1916_214
1919,대조,0,6.0,18.0,510.15000000000003,24941.0,11.0,29.11,0.0,0.0,1,26.73,13.0,10.0,218.94,5.0,6.0,1,1,6.0,2.9444389791664403,6.236663089203023,0.05706164853474468,0,0.0,0.2094855643444872,-1.3280290861953836,True,pair_236_1919
1921,대조,0,8.0,21.0,321.87,13470.0,5.0,18.75,0.0,0.0,1,0.0,0.0,0.0,55.46,6.0,8.0,0,1,8.0,3.091042453358316,5.777249765426953,0.058253332090595585,0,0.0,0.205560366921978,-1.3518972549583876,True,pair_1287_1921
1923,처치,1,11.0,17.0,393.31,9526.0,13.0,40.84,0.0,0.0,1,16.77,6.0,6.0,238.74,6.0,11.0,1,1,11.0,2.8903717578961645,5.977137401961936,0.10383666827693169,0,0.0,0.21326317485785762,-1.3053668241346446,True,pair_1923_2314
1924,대조,0,7.0,27.0,485.53000000000003,25358.0,7.0,29.97,0.0,0.0,0,10.5,8.0,8.0,323.29,20.0,7.0,1,1,7.0,3.332204510175204,6.187298564678606,0.061726360883982444,0,0.0,0.2156453016536402,-1.2912264034487357,True,pair_1364_1924
1928,처치,1,4.0,22.0,415.18,19305.0,9.0,35.94,0.0,0.0,1,0.0,0.0,0.0,29.439999999999998,3.0,4.0,0,1,4.0,3.1354942159291497,6.031117858984634,0.08656486343272797,0,0.0,0.20843032385811566,-1.3344130986976777,True,pair_1928_473
1929,처치,1,2.0,13.0,791.7,408.0,16.0,30.599999999999998,0.0,0.0,1,1.89,1.0,1.0,160.12,2.0,2.0,1,1,2.0,2.6390573296152584,6.67544483984311,0.038651004168245545,0,0.0,0.20261222001127305,-1.3700472040653957,True,pair_1929_483
1936,처치,1,2.0,75.0,496.44,268.0,7.0,17.67,0.0,0.0,0,8.83,7.0,5.0,207.76,18.0,2.0,1,1,2.0,4.330733340286331,6.2094749463104435,0.03559342518733382,0,0.0,0.2398289362284077,-1.1536175883740105,True,pair_1936_1778
1937,처치,1,3.0,12.0,528.13,287.0,7.0,13.92,0.0,0.0,1,14.75,9.0,7.0,297.41,7.0,3.0,1,1,3.0,2.5649493574615367,6.271234148359398,0.026357146914585423,0,0.0,0.19053211219378702,-1.4465563548528528,True,pair_1937_2381
1939,처치,1,8.0,4.0,289.75,30244.0,3.0,7.779999999999999,0.0,0.0,1,0.0,0.0,0.0,105.91,3.0,8.0,0,1,8.0,1.6094379124341003,5.672463791398774,0.026850733390854184,0,0.0,0.15670232031201906,-1.6829720585058354,True,pair_1939_419
1943,처치,1,1.0,26.0,619.15,53426.0,13.0,35.83,0.0,0.0,0,18.2,6.0,5.0,298.96,15.0,1.0,1,1,1.0,3.295836866004329,6.429961384261339,0.05786966001776629,0,0.0,0.20940344661683424,-1.3285250335687668,True,pair_1943_2092
1947,대조,0,10.0,3.0,219.81,81.0,3.0,11.89,0.0,0.0,0,45.52,19.0,15.0,707.37,8.0,10.0,1,1,10.0,1.3862943611198906,5.3973026032324585,0.05409217051089578,0,0.0,0.1434539280428415,-1.7868941825630782,True,pair_1082_1947
1955,처치,1,5.0,23.0,1036.06,55386.0,29.0,115.08,0.0,0.0,1,55.78,21.0,16.0,502.5,16.0,5.0,1,1,5.0,3.1780538303479458,6.944145065765006,0.11107464818639848,0,0.0,0.24034752096973191,-1.1507751842336469,True,pair_1955_1879
1957,처치,1,8.0,3.0,86.63,40.0,1.0,2.0,0.0,0.0,0,0.0,0.0,0.0,0.0,0.0,8.0,0,0,8.0,1.3862943611198906,4.473123405067759,0.023086690522913542,0,0.0,0.12153109248066492,-1.9780103790748573,True,pair_1957_1251
1959,처치,1,4.0,9.0,450.04,29507.0,4.0,10.969999999999999,0.0,0.0,0,15.0,11.0,8.0,408.62,7.0,4.0,1,1,4.0,2.302585092994046,6.111556027365802,0.02437561105679495,0,0.0,0.17324109157618464,-1.562828909762464,True,pair_1959_438
1961,처치,1,8.0,9.0,201.1,103.0,6.0,10.11,0.0,0.0,0,0.0,0.0,0.0,0.0,0.0,8.0,0,0,8.0,2.302585092994046,5.308762624409575,0.05027349577324714,0,0.0,0.16237720845088707,-1.6406457938995702,True,pair_1961_733
1962,대조,0,1.0,17.0,502.45,206.0,11.0,44.5,0.0,0.0,1,0.0,0.0,0.0,47.4,5.0,1.0,0,1,1.0,2.8903717578961645,6.221484402361624,0.08856602647029556,0,0.0,0.20007517854126627,-1.3858245614511853,True,pair_257_1962
1971,처치,1,1.0,41.0,1800.22,157820.0,15.0,47.69,0.0,0.0,0,7.93,7.0,4.0,409.08,9.0,1.0,1,1,1.0,3.7376696182833684,7.49621949207441,0.02649120663030074,0,0.0,0.25478980130839346,-1.0732274278439216,True,pair_1971_19
1972,대조,0,1.0,21.0,377.97,249.0,9.0,20.3,0.0,0.0,0,17.14,8.0,7.0,303.34000000000003,18.0,1.0,1,1,1.0,3.091042453358316,5.937457046276627,0.05370796624070693,0,0.0,0.18932111489893486,-1.4544274324001358,True,pair_2262_1972
1974,처치,1,2.0,37.0,1012.61,49970.0,8.0,16.5,0.0,0.0,0,29.87,18.0,8.0,295.56,9.0,2.0,1,1,2.0,3.6375861597263857,6.921273494783045,0.016294526026802026,0,0.0,0.23455433129881556,-1.1827709866381089,True,pair_1974_1816
1975,처치,1,2.0,39.0,1928.17,92443.0,24.0,57.15,0.0,0.0,1,63.47,32.0,25.0,1082.15,19.0,2.0,1,1,2.0,3.6888794541139363,7.5648451375866586,0.02963950274094089,0,0.0,0.26662747629040784,-1.0118013263839334,True,pair_1975_2209
1985,대조,0,1.0,21.0,686.81,297.0,21.0,103.23,0.0,0.0,1,61.97,20.0,16.0,761.07,12.0,1.0,1,1,1.0,3.091042453358316,6.533512637002681,0.1503035774085992,0,0.0,0.21979553634248486,-1.2668582842777396,True,pair_1382_1985
1998,처치,1,1.0,59.0,325.51,373.0,38.0,54.63,0.0,0.0,0,34.63,31.0,25.0,152.57,26.0,1.0,1,1,1.0,4.0943445622221,5.788460576118825,0.16782894534730117,0,0.0,0.22650743957636305,-1.2281382617024434,True,pair_1998_2316
2006,처치,1,9.0,12.0,470.3,11316.0,21.0,51.57,0.0,0.0,1,46.69,37.0,19.0,390.61,10.0,9.0,1,1,9.0,2.5649493574615367,6.155494833929685,0.10965341271528811,0,0.0,0.20392164357081502,-1.3619617988090167,True,pair_2006_2167
2007,대조,0,8.0,17.0,898.59,72284.0,25.0,84.82000000000001,0.0,0.0,1,32.48,8.0,6.0,396.01,4.0,8.0,1,1,8.0,2.8903717578961645,6.801939103971798,0.09439232575479363,0,0.0,0.2305087296166104,-1.2054408744407636,True,pair_693_2007
2009,처치,1,,0.0,0.0,0.0,0.0,0.0,0.0,0.0,0,0.0,0.0,0.0,0.0,0.0,90.0,0,0,90.0,0.0,0.0,0.0,0,0.0,0.11145848676575056,-2.075929163761872,True,pair_2009_498
2015,대조,0,2.0,16.0,852.25,281.0,14.0,54.35,0.0,0.0,0,26.78,13.0,9.0,276.78000000000003,6.0,2.0,1,1,2.0,2.833213344056216,6.749052587786816,0.06377236726312702,0,0.0,0.20509281274279512,-1.3547627404835332,True,pair_1350_2015
2016,처치,1,12.0,38.0,293.63,194.0,0.0,0.0,0.0,0.0,0,0.0,0.0,0.0,0.0,0.0,12.0,0,0,12.0,3.6635616461296463,5.685720331837793,0.0,0,0.0,0.21812305904767715,-1.2766379690827783,True,pair_2016_640
2024,대조,0,4.0,18.0,474.26,173.0,10.0,18.33,0.0,0.0,1,53.04,28.0,18.0,564.44,8.0,4.0,1,1,4.0,2.9444389791664403,6.163862022704243,0.03864968582633998,0,0.0,0.20246014435196827,-1.3709887599840485,True,pair_1055_2024
2037,대조,0,1.0,26.0,427.17,246.0,2.0,2.19,0.0,0.0,0,5.5,6.0,5.0,147.0,8.0,1.0,1,1,1.0,3.295836866004329,6.059520312981926,0.0051267645199803355,0,0.0,0.19578618177059623,-1.4128420224716485,True,pair_1502_2037
2039,처치,1,,0.0,0.0,0.0,0.0,0.0,0.0,0.0,0,0.0,0.0,0.0,0.0,0.0,90.0,0,0,90.0,0.0,0.0,0.0,0,0.0,0.11145848676575056,-2.075929163761872,True,pair_2039_515
2042,대조,0,10.0,4.0,813.77,293.0,14.0,67.29,0.0,0.0,0,23.990000000000002,8.0,5.0,286.64,3.0,10.0,1,1,10.0,1.6094379124341003,6.702905864823569,0.08268921193949151,0,0.0,0.1808550037282623,-1.5105654829560273,True,pair_924_2042
2044,처치,1,10.0,7.0,110.82000000000001,55.0,1.0,2.97,0.0,0.0,0,0.8,1.0,1.0,33.89,3.0,10.0,1,1,10.0,2.0794415416798357,4.7168904355985,0.026800216567406606,0,0.0,0.1452882684227114,-1.7720444291008821,True,pair_2044_2377
2047,대조,0,9.0,9.0,771.1,18047.0,14.0,36.49,0.0,0.0,0,20.21,6.0,5.0,292.04,7.0,9.0,1,1,9.0,2.302585092994046,6.64911407531477,0.04732200752172221,0,0.0,0.19695088180619919,-1.4054615137200868,True,pair_2088_2047
2050,처치,1,2.0,26.0,1259.61,143018.0,15.0,46.33,0.0,0.0,1,6.33,4.0,4.0,240.65,8.0,2.0,1,1,2.0,3.295836866004329,7.139351009777991,0.03678122593501163,0,0.0,0.23869158923347106,-1.1598662491481786,True,pair_2050_588
2051,처치,1,1.0,81.0,1595.58,77195.0,19.0,63.56,0.0,0.0,0,13.14,8.0,8.0,773.16,29.0,1.0,1,1,1.0,4.406719247264253,7.375619120514174,0.03983504430990612,0,0.0,0.27843197038669476,-0.952252904881112,True,pair_2051_1479
2056,대조,0,3.0,14.0,241.68,82.0,6.0,30.41,0.0,0.0,0,17.41,8.0,7.0,183.39000000000001,9.0,3.0,1,1,3.0,2.70805020110221,5.491743703074097,0.12582754054948692,0,0.0,0.17457484696628017,-1.553545018480323,True,pair_609_2056
2058,처치,1,1.0,17.0,778.99,32480.0,11.0,28.3,0.0,0.0,1,18.97,8.0,8.0,302.34000000000003,9.0,1.0,1,1,1.0,2.8903717578961645,6.659281099088633,0.03632909279965083,0,0.0,0.2084487157482341,-1.334301627620838,True,pair_2058_2367
2062,처치,1,1.0,58.0,1356.4,11294.0,28.0,68.27,0.0,0.0,1,20.080000000000002,17.0,12.0,610.11,22.0,1.0,1,1,1.0,4.07753744390572,7.213326384269658,0.05033176054261279,0,0.0,0.2699599599048005,-0.9948257307312873,True,pair_2062_820
2063,처치,1,14.0,13.0,428.4,178.0,2.0,5.49,0.0,0.0,1,10.0,10.0,7.0,154.45,3.0,14.0,1,1,14.0,2.6390573296152584,6.062388885444681,0.01281512605042017,0,0.0,0.2065711961034241,-1.3457186835041322,True,pair_2063_1567
2064,대조,0,2.0,18.0,230.94,9346.0,2.0,4.08,0.0,0.0,1,0.0,0.0,0.0,81.36,6.0,2.0,0,1,2.0,2.9444389791664403,5.446478717528557,0.01766692647440894,0,0.0,0.17899177682290598,-1.5231932602036573,True,pair_996_2064
2066,대조,0,2.0,20.0,525.27,200.0,17.0,67.36,0.0,0.0,0,17.26,6.0,6.0,386.51,12.0,2.0,1,1,2.0,3.044522437723423,6.265814389025023,0.12823881051649627,0,0.0,0.20327583768973712,-1.3659446608639794,True,pair_495_2066
2069,처치,1,5.0,9.0,255.18,133.0,4.0,6.82,0.0,0.0,1,13.16,6.0,2.0,200.51,9.0,5.0,1,1,5.0,2.302585092994046,5.54588032240299,0.026726232463359197,0,0.0,0.16822094851915978,-1.5982885573471468,True,pair_2069_2394
2071,대조,0,13.0,12.0,111.08,55.0,2.0,13.99,0.0,0.0,0,1.76,2.0,2.0,133.53,10.0,13.0,1,1,13.0,2.5649493574615367,4.719212902028752,0.12594526467410874,0,0.0,0.16838881000047642,-1.5970893612090986,True,pair_409_2071
2076,처치,1,2.0,38.0,1473.9,157892.0,25.0,90.87,0.0,0.0,1,40.6,16.0,14.0,615.31,20.0,2.0,1,1,2.0,3.6635616461296463,7.296345469865456,0.06165275798900875,0,0.0,0.25950523919938223,-1.0485416664690808,True,pair_2076_1767
2078,처치,1,13.0,23.0,660.56,19541.0,8.0,12.99,0.0,0.0,0,15.99,1.0,1.0,348.5,15.0,13.0,1,1,13.0,3.1780538303479458,6.494600682389592,0.019665132614751123,0,0.0,0.22801681548555994,-1.2195433897059695,True,pair_2078_745
2079,대조,0,10.0,26.0,1111.98,8308.0,9.0,34.4,0.0,0.0,0,29.64,12.0,8.0,346.31,10.0,10.0,1,1,10.0,3.295836866004329,7.014796381662161,0.030935808197989172,0,0.0,0.2426587251265643,-1.1381579444401986,True,pair_125_2079
2081,대조,0,26.0,9.0,183.63,116.0,0.0,0.0,0.0,0.0,0,14.14,6.0,2.0,187.72,5.0,26.0,1,1,26.0,2.302585092994046,5.218353822407652,0.0,0,0.0,0.1869652567267875,-1.4698510366000423,True,pair_307_2081
2085,대조,0,4.0,35.0,1206.1,25024.0,18.0,45.85,0.0,0.0,1,19.5,9.0,6.0,619.2,19.0,4.0,1,1,4.0,3.58351893845611,7.095976067707081,0.03801508995937319,0,0.0,0.25250280621632437,-1.085308188740569,True,pair_2208_2085
2087,대조,0,4.0,32.0,1022.88,83299.0,13.0,32.41,0.0,0.0,1,8.18,5.0,4.0,414.45,10.0,4.0,1,1,4.0,3.4965075614664802,6.931354611232462,0.031685046144220234,0,0.0,0.24356594649711008,-1.1332276229075058,True,pair_603_2087
2088,처치,1,24.0,6.0,310.17,156.0,7.0,18.34,0.0,0.0,1,9.32,6.0,5.0,197.63,6.0,24.0,1,1,24.0,1.9459101490553132,5.740339386629081,0.059128864816068605,0,0.0,0.19690502853895733,-1.4057514539029163,True,pair_2088_2047
2092,대조,0,4.0,24.0,481.91,15550.0,0.0,0.0,0.0,0.0,1,18.65,13.0,7.0,678.8,27.0,4.0,1,1,4.0,3.2188758248682006,6.179830300886247,0.0,0,0.0,0.2093381511666619,-1.328919485387224,True,pair_1943_2092
2095,처치,1,5.0,10.0,105.10000000000001,67.0,3.0,6.74,0.0,0.0,0,3.08,4.0,4.0,128.69,10.0,5.0,1,1,5.0,2.3978952727983707,4.664382045619938,0.06412940057088487,0,0.0,0.14702186488035862,-1.7581525978429713,True,pair_2095_942
2111,처치,1,4.0,17.0,325.08,3453.0,6.0,20.4,0.0,0.0,1,6.6,4.0,3.0,137.38,3.0,4.0,1,1,4.0,2.8903717578961645,5.78714275003436,0.06275378368401624,0,0.0,0.19231486093608097,-1.4350383736324082,True,pair_2111_638
2114,처치,1,2.0,25.0,521.36,3273.0,4.0,9.78,0.0,0.0,0,10.27,3.0,3.0,219.01,11.0,2.0,1,1,2.0,3.258096538021482,6.258357005352207,0.018758631272057694,0,0.0,0.20263685727764558,-1.369894715382239,True,pair_2114_1687
2117,대조,0,8.0,14.0,200.77,136.0,2.0,3.0,0.0,0.0,0,7.48,7.0,7.0,67.87,5.0,8.0,1,1,8.0,2.70805020110221,5.307128434826587,0.014942471484783582,0,0.0,0.17170681300674678,-1.5735787354521953,True,pair_2258_2117
2124,대조,0,1.0,40.0,1246.83,189279.0,17.0,38.19,0.0,0.0,1,16.86,11.0,9.0,641.24,21.0,1.0,1,1,1.0,3.713572066704308,7.1291613217021474,0.030629676860518273,0,0.0,0.2514308321858965,-1.0909956775746392,True,pair_256_2124
2128,대조,0,3.0,33.0,878.34,31886.0,18.0,65.25,0.0,0.0,0,0.0,0.0,0.0,99.24,6.0,3.0,0,1,3.0,3.5263605246161616,6.779171626081548,0.07428786119270442,0,0.0,0.23267001478306562,-1.193295733114218,True,pair_511_2128
2134,처치,1,5.0,13.0,1497.88,605.0,12.0,50.09,0.0,0.0,1,7.99,1.0,1.0,375.63,3.0,5.0,1,1,5.0,2.6390573296152584,7.312473441529243,0.0334405960424066,0,0.0,0.2260371451630837,-1.2308245363758463,True,pair_2134_71
2137,대조,0,21.0,27.0,245.46,18801.0,8.0,13.65,0.0,0.0,0,0.0,0.0,0.0,31.72,2.0,21.0,0,1,21.0,3.332204510175204,5.507199708509977,0.05560987533610364,0,0.0,0.22324490274332795,-1.2468557230997488,True,pair_1421_2137
2148,처치,1,2.0,24.0,586.01,10344.0,6.0,14.22,0.0,0.0,1,4.99,2.0,2.0,172.87,6.0,2.0,1,1,2.0,3.2188758248682006,6.375041855458117,0.02426579751198785,0,0.0,0.212657883848247,-1.308978167868494,True,pair_2148_2481
2149,대조,0,12.0,12.0,340.62,45206.0,5.0,13.24,0.0,0.0,0,0.0,0.0,0.0,197.66,7.0,12.0,0,1,12.0,2.5649493574615367,5.833699008209915,0.03887029534378486,0,0.0,0.1887501325311167,-1.4581520143712334,True,pair_2215_2149
2158,대조,0,2.0,25.0,488.2,84233.0,3.0,6.99,0.0,0.0,1,9.870000000000001,7.0,7.0,173.89,6.0,2.0,1,1,2.0,3.258096538021482,6.192771403813017,0.01431790249897583,0,0.0,0.20820267976587098,-1.3357934230571613,True,pair_456_2158
2161,처치,1,7.0,4.0,160.65,61020.0,0.0,0.0,0.0,0.0,0,0.0,0.0,0.0,35.25,1.0,7.0,0,1,7.0,1.6094379124341003,5.0854335041714425,0.0,0,0.0,0.13572795776947127,-1.8512350110131723,True,pair_2161_37
2164,대조,0,12.0,14.0,486.72,349.0,6.0,11.58,0.0,0.0,0,24.17,16.0,9.0,238.31,6.0,12.0,1,1,12.0,2.70805020110221,6.189741470692064,0.023791913214990138,0,0.0,0.20169485309276364,-1.3757349869672888,True,pair_305_2164
2167,대조,0,2.0,22.0,560.76,292.0,17.0,37.66,0.0,0.0,0,2.5,1.0,1.0,152.64000000000001,5.0,2.0,1,1,2.0,3.1354942159291497,6.331074712420122,0.06715885583850488,0,0.0,0.2038811125476716,-1.362211488455826,True,pair_2006_2167
2168,처치,1,3.0,26.0,760.82,401.0,20.0,63.6,0.0,0.0,1,29.080000000000002,22.0,10.0,402.38,11.0,3.0,1,1,3.0,3.295836866004329,6.635710307309755,0.08359401698167766,0,0.0,0.22913321721257854,-1.2132120046983343,True,pair_2168_1834
2170,대조,0,2.0,31.0,872.32,438.0,30.0,94.16,0.0,0.0,0,53.96,21.0,21.0,481.78,14.0,2.0,1,1,2.0,3.4657359027997265,6.772302040794916,0.10794203961848861,0,0.0,0.23074586282761067,-1.2041044483962333,True,pair_1264_2170
2176,대조,0,2.0,22.0,333.65,10560.0,20.0,43.69,0.0,0.0,0,20.6,9.0,6.0,422.25,53.0,2.0,1,1,2.0,3.1354942159291497,5.813085209546651,0.13094560167840552,0,0.0,0.19429504119004093,-1.4223397847769652,True,pair_1883_2176
2178,대조,0,2.0,18.0,354.7,19579.0,3.0,5.07,0.0,0.0,0,7.05,6.0,6.0,247.36,7.0,2.0,1,1,2.0,2.9444389791664403,5.874087678954409,0.014293769382576827,0,0.0,0.18245133186912602,-1.499826971112392,True,pair_1569_2178
2182,처치,1,1.0,13.0,283.09,142.0,7.0,18.560000000000002,0.0,0.0,1,21.65,8.0,7.0,121.8,6.0,1.0,1,1,1.0,2.6390573296152584,5.649291089367011,0.06556218870323927,0,0.0,0.1761804348107491,-1.542442863976071,True,pair_2182_1160
2188,대조,0,4.0,16.0,370.29,148.0,3.0,10.58,0.0,0.0,1,9.48,6.0,3.0,111.61,5.0,4.0,1,1,4.0,2.833213344056216,5.916983428420674,0.02857220016743633,0,0.0,0.19167027663546293,-1.4391934621810445,True,pair_117_2188
2190,대조,0,2.0,29.0,1546.68,143919.0,16.0,42.910000000000004,0.0,0.0,1,29.66,21.0,17.0,706.45,16.0,2.0,1,1,2.0,3.4011973816621555,7.344512314434237,0.027743295316419687,0,0.0,0.24826630070456512,-1.107880174730992,True,pair_1260_2190
2193,처치,1,1.0,11.0,1237.75,411.0,19.0,56.92,0.0,0.0,1,24.42,9.0,8.0,659.33,8.0,1.0,1,1,1.0,2.4849066497880004,7.121858085644198,0.045986669359725306,0,0.0,0.2083658862929893,-1.3348037043589909,True,pair_2193_1289
2194,처치,1,4.0,51.0,898.85,55424.0,17.0,47.54,0.0,0.0,1,25.53,16.0,9.0,544.94,25.0,4.0,1,1,4.0,3.9512437185814275,6.802228082767212,0.05288980363798186,0,0.0,0.2584921941821383,-1.0538201916813654,True,pair_2194_1078
2203,처치,1,7.0,15.0,498.23,27922.0,8.0,23.400000000000002,0.0,0.0,1,25.740000000000002,9.0,9.0,186.47,3.0,7.0,1,1,7.0,2.772588722239781,6.213066911403363,0.046966260562390866,0,0.0,0.20431243411799643,-1.359556241593363,True,pair_2203_2302
2208,처치,1,2.0,36.0,1274.13,6139.0,25.0,76.38,0.0,0.0,1,25.17,11.0,10.0,949.04,17.0,2.0,1,1,2.0,3.6109179126442243,7.150803413179193,0.059946787219514484,0,0.0,0.25268346119234014,-1.084351278243734,True,pair_2208_2085
2209,대조,0,1.0,44.0,1670.1399999999999,197202.0,21.0,100.85,0.0,0.0,1,27.520000000000003,9.0,9.0,677.95,16.0,1.0,1,1,1.0,3.8066624897703196,7.421261307252231,0.06038415941178584,0,0.0,0.26685990768892254,-1.0106129750699517,True,pair_1975_2209
2211,대조,0,57.0,1.0,27.080000000000002,6.0,0.0,0.0,0.0,0.0,0,2.99,1.0,1.0,52.73,2.0,57.0,1,1,57.0,0.6931471805599453,3.3350575791576103,0.0,0,0.0,0.14736148881923508,-1.7554469966829354,True,pair_1104_2211
2213,처치,1,3.0,8.0,950.09,494.0,20.0,57.34,0.0,0.0,0,71.72,29.0,26.0,678.0,6.0,3.0,1,1,3.0,2.1972245773362196,6.857608695291545,0.06035217716216359,0,0.0,0.18917429343413686,-1.4553843416743368,True,pair_2213_1689
2215,처치,1,5.0,20.0,313.42,146.0,4.0,10.04,0.0,0.0,0,0.0,0.0,0.0,80.18,5.0,5.0,0,1,5.0,3.044522437723423,5.750729671763368,0.03203369280837215,0,0.0,0.1887311206217853,-1.4582761797776902,True,pair_2215_2149
2223,처치,1,1.0,76.0,616.5,297.0,11.0,35.72,0.0,0.0,0,7.36,7.0,5.0,174.64000000000001,35.0,1.0,1,1,1.0,4.343805421853684,6.4256790685021326,0.05793998377939984,0,0.0,0.24660429128798553,-1.1168056069503172,True,pair_2223_553
2224,처치,1,2.0,13.0,505.36,204.0,20.0,52.03,0.0,0.0,1,12.27,4.0,4.0,163.69,5.0,2.0,1,1,2.0,2.6390573296152584,6.227247878768628,0.10295630837422827,0,0.0,0.19493669464797014,-1.41824605149051,True,pair_2224_663
2228,처치,1,2.0,29.0,613.57,66781.0,2.0,3.0,0.0,0.0,0,0.0,0.0,0.0,322.98,12.0,2.0,0,1,2.0,3.4011973816621555,6.420922836269428,0.0048894176703554604,0,0.0,0.21091208115800736,-1.3194363756970664,True,pair_2228_695
2233,대조,0,1.0,51.0,1332.7,105185.0,12.0,43.0,0.0,0.0,1,23.27,10.0,8.0,614.0600000000001,23.0,1.0,1,1,1.0,3.9512437185814275,7.1957123136283485,0.032265326029864184,0,0.0,0.26289643246517214,-1.0309682464310685,True,pair_131_2233
2240,처치,1,1.0,27.0,745.28,8040.0,11.0,31.27,0.0,0.0,0,16.31,9.0,6.0,426.95,17.0,1.0,1,1,1.0,3.332204510175204,6.615100864903798,0.04195738514383856,0,0.0,0.21470908900249838,-1.296770198900951,True,pair_2240_817
2244,처치,1,6.0,50.0,987.6,11704.0,13.0,34.2,0.0,0.0,0,45.82,22.0,15.0,409.26,25.0,6.0,1,1,6.0,3.9318256327243257,6.896289800872859,0.03462940461725395,0,0.0,0.25471809221228153,-1.0736051336360288,True,pair_2244_1491
2247,대조,0,8.0,6.0,779.72,322.0,9.0,41.03,0.0,0.0,0,19.11,8.0,7.0,517.9,8.0,8.0,1,1,8.0,1.9459101490553132,6.660216570833206,0.05262145385523008,0,0.0,0.18464778563235282,-1.4851700357690127,True,pair_1460_2247
2248,대조,0,80.0,1.0,15.030000000000001,8.0,0.0,0.0,0.0,0.0,0,0.0,0.0,0.0,0.0,0.0,80.0,0,0,80.0,0.6931471805599453,2.7744619666214616,0.0,0,0.0,0.170100941509209,-1.5849120426985688,True,pair_986_2248
2251,처치,1,,0.0,0.0,0.0,0.0,0.0,0.0,0.0,0,0.0,0.0,0.0,0.0,0.0,90.0,0,0,90.0,0.0,0.0,0.0,0,0.0,0.11145848676575056,-2.075929163761872,True,pair_2251_279
2258,처치,1,22.0,7.0,148.43,49.0,2.0,7.78,0.0,0.0,0,0.0,0.0,0.0,0.0,0.0,22.0,0,0,22.0,2.0794415416798357,5.006828055753302,0.0524152799299333,0,0.0,0.17156503389470262,-1.5745759367269645,True,pair_2258_2117
2260,대조,0,6.0,29.0,1441.7,218667.0,15.0,62.69,0.0,0.0,1,165.28,250.0,54.0,705.36,11.0,6.0,1,1,6.0,3.4011973816621555,7.274271636951727,0.04348338766733717,0,0.0,0.2559669976626384,-1.0670368710406886,True,pair_1722_2260
2261,대조,0,2.0,41.0,1995.3,173940.0,26.0,67.49,0.0,0.0,0,33.57,14.0,13.0,827.02,30.0,2.0,1,1,2.0,3.7376696182833684,7.599050746178608,0.033824487545732466,0,0.0,0.2608825131198341,-1.0413867245300366,True,pair_235_2261
2262,처치,1,3.0,29.0,248.32,7372.0,1.0,4.09,0.0,0.0,0,7.57,3.0,3.0,125.44,13.0,3.0,1,1,3.0,3.4011973816621555,5.51873721194065,0.016470682989690722,0,0.0,0.18931619685859577,-1.4544594765309014,True,pair_2262_1972
2266,대조,0,15.0,12.0,831.1800000000001,319.0,6.0,15.43,0.0,0.0,1,24.38,13.0,6.0,384.63,6.0,15.0,1,1,15.0,2.5649493574615367,6.724048763575601,0.018563969296662576,0,0.0,0.22516978681898284,-1.2357891998701802,True,pair_1378_2266
2269,대조,0,7.0,23.0,438.79,233.0,9.0,24.060000000000002,0.0,0.0,1,10.98,4.0,4.0,227.56,16.0,7.0,1,1,7.0,3.1780538303479458,6.086297340254154,0.05483260785341507,0,0.0,0.21494988595304015,-1.295342642927234,True,pair_134_2269
2274,처치,1,34.0,6.0,493.81,181.0,8.0,15.0,0.0,0.0,0,1.67,2.0,2.0,175.83,2.0,34.0,1,1,34.0,1.9459101490553132,6.204173850500044,0.030376055567930986,0,0.0,0.2189286304955242,-1.2719207393174945,True,pair_2274_2366
2280,처치,1,2.0,23.0,1355.6100000000001,17891.0,18.0,54.69,0.0,0.0,1,38.01,15.0,15.0,849.79,16.0,2.0,1,1,2.0,3.1780538303479458,7.212744219854411,0.04034346161506627,0,0.0,0.2368681698292708,-1.1699270541624642,True,pair_2280_1437
2295,처치,1,1.0,12.0,1115.43,528.0,19.0,59.510000000000005,0.0,0.0,1,17.16,14.0,10.0,712.4,6.0,1.0,1,1,1.0,2.5649493574615367,7.017891373389976,0.05335162224433627,0,0.0,0.20867466009968327,-1.3329327963440516,True,pair_2295_574
2300,대조,0,1.0,20.0,525.33,309.0,31.0,75.38,0.0,0.0,1,24.52,12.0,12.0,245.22,5.0,1.0,1,1,1.0,3.044522437723423,6.265928392445249,0.14349075819009002,0,0.0,0.21014505509437278,-1.3240512837464045,True,pair_447_2300
2302,대조,0,14.0,14.0,319.09,202.0,11.0,20.39,0.0,0.0,1,8.42,4.0,4.0,139.64000000000001,6.0,14.0,1,1,14.0,2.70805020110221,5.768602206250405,0.0639004669528973,0,0.0,0.20430927568396842,-1.3595756699888553,True,pair_2203_2302
2305,처치,1,1.0,22.0,1025.92,16257.0,22.0,49.28,0.0,0.0,1,14.73,11.0,11.0,382.68,9.0,1.0,1,1,1.0,3.1354942159291497,6.934319310107688,0.048034934497816595,0,0.0,0.22556094638893825,-1.2335485708296539,True,pair_2305_1175
2307,처치,1,1.0,25.0,889.25,423.0,33.0,96.22,0.0,0.0,1,38.910000000000004,16.0,11.0,241.11,7.0,1.0,1,1,1.0,3.258096538021482,6.791502322157887,0.10820354231093618,0,0.0,0.23016308242564187,-1.2073905853702642,True,pair_2307_842
2310,대조,0,10.0,7.0,251.87,99.0,7.0,19.13,0.0,0.0,0,1.34,1.0,1.0,3.92,1.0,10.0,1,1,10.0,2.0794415416798357,5.5328755226775,0.07595187993806328,0,0.0,0.1659688209709506,-1.6144708413479374,True,pair_1485_2310
2314,대조,0,5.0,16.0,689.53,306.0,11.0,46.46,0.0,0.0,1,42.84,19.0,9.0,414.66,4.0,5.0,1,1,5.0,2.833213344056216,6.53745941868326,0.06737922933012343,0,0.0,0.212944337619414,-1.3072681673831545,True,pair_1923_2314
2316,대조,0,54.0,5.0,200.4,51.0,1.0,3.99,0.0,0.0,0,0.0,0.0,0.0,0.0,0.0,54.0,0,0,54.0,1.791759469228055,5.305292980284462,0.019910179640718565,0,0.0,0.2264779774429844,-1.228306430552516,True,pair_1998_2316
2318,처치,1,11.0,92.0,3292.85,142556.0,45.0,154.32,0.0,0.0,1,72.71,29.0,21.0,1073.4,25.0,11.0,1,1,11.0,4.532599493153256,8.09981237236011,0.04686517758173011,0,0.0,0.345191615977763,-0.640242977878291,True,pair_2318_2337
2319,처치,1,,0.0,0.0,0.0,0.0,0.0,0.0,0.0,0,0.0,0.0,0.0,21.38,2.0,90.0,0,1,90.0,0.0,0.0,0.0,0,0.0,0.11145848676575056,-2.075929163761872,True,pair_2319_91
2324,처치,1,1.0,16.0,213.23,155.0,6.0,30.63,0.0,0.0,1,24.99,9.0,4.0,121.7,10.0,1.0,1,1,1.0,2.833213344056216,5.367050204229129,0.14364770435679783,0,0.0,0.1798075099147357,-1.517652167393805,True,pair_2324_264
2331,처치,1,4.0,15.0,906.46,49991.0,15.0,29.15,0.0,0.0,1,15.34,9.0,7.0,249.81,5.0,4.0,1,1,4.0,2.772588722239781,6.8106494880325945,0.03215806544138737,0,0.0,0.21416296727819423,-1.3000121788848826,True,pair_2331_526
2334,처치,1,1.0,50.0,1459.88,583.0,52.0,122.05,0.0,0.0,1,79.17,35.0,32.0,786.71,20.0,1.0,1,1,1.0,3.9318256327243257,7.286794272853779,0.08360276187083869,0,0.0,0.26932388259605217,-0.9980556138531151,True,pair_2334_742
2337,대조,0,1.0,183.0,2150.52,1197.0,25.0,74.44,0.0,0.0,1,66.65,40.0,33.0,1473.7,114.0,1.0,1,1,1.0,5.214935757608986,7.67392984807556,0.03461488384204751,0,0.0,0.33323253774294626,-0.6936007950162175,True,pair_2318_2337
2350,대조,0,10.0,6.0,320.53,131.0,4.0,11.52,0.0,0.0,0,2.5,1.0,1.0,129.41,5.0,10.0,1,1,10.0,1.9459101490553132,5.773090851921525,0.03594047359061554,0,0.0,0.16547633436447667,-1.6180329119439094,True,pair_1622_2350
2366,대조,0,3.0,23.0,783.87,57724.0,37.0,78.67,0.0,0.0,0,12.51,8.0,6.0,242.47,7.0,3.0,1,1,3.0,3.1780538303479458,6.6655180989728295,0.10036102925229949,0,0.0,0.2189129653673223,-1.2720123512105157,True,pair_2274_2366
2367,대조,0,1.0,20.0,653.6,385.0,9.0,20.45,0.0,0.0,1,34.46,18.0,12.0,657.8,15.0,1.0,1,1,1.0,3.044522437723423,6.48402436206708,0.03128824969400244,0,0.0,0.20840212158086618,-1.33458404344966,True,pair_2058_2367
2370,대조,0,6.0,24.0,715.48,32193.0,12.0,28.23,0.0,0.0,1,20.27,19.0,13.0,384.17,13.0,6.0,1,1,6.0,3.2188758248682006,6.57435033341039,0.039456029518644825,0,0.0,0.22738543285730625,-1.223133785046308,True,pair_1042_2370
2371,처치,1,15.0,11.0,248.74,102.0,1.0,3.99,0.0,0.0,0,0.0,0.0,0.0,191.44,7.0,15.0,0,1,15.0,2.4849066497880004,5.5204203766869995,0.01604084586315028,0,0.0,0.1821242479168866,-1.5020212977287772,True,pair_2371_57
2374,대조,0,4.0,12.0,722.62,17928.0,5.0,24.48,0.0,0.0,1,11.53,7.0,6.0,427.56,5.0,4.0,1,1,4.0,2.5649493574615367,6.584266392719052,0.033876726356868066,0,0.0,0.20111110807407864,-1.3793643453580582,True,pair_140_2374
2377,대조,0,3.0,10.0,116.28,3818.0,5.0,5.25,0.0,0.0,0,0.0,0.0,0.0,6.78,1.0,3.0,0,1,3.0,2.3978952727983707,4.764564238138341,0.04514963880288957,0,0.0,0.14525366735829276,-1.7723230939403325,True,pair_2044_2377
2378,대조,0,10.0,9.0,179.75,67.0,8.0,18.73,0.0,0.0,1,10.16,9.0,5.0,147.05,5.0,10.0,1,1,10.0,2.302585092994046,5.197114861038874,0.10420027816411682,0,0.0,0.17268055465527188,-1.566747507783488,True,pair_1861_2378
2381,대조,0,7.0,17.0,347.08,10544.0,9.0,13.67,0.0,0.0,0,6.0,5.0,5.0,168.03,9.0,7.0,1,1,7.0,2.8903717578961645,5.852432338412425,0.0393857323959894,0,0.0,0.19056293329397636,-1.4463565281721242,True,pair_1937_2381
2384,처치,1,34.0,2.0,191.0,93.0,1.0,3.99,0.0,0.0,0,0.0,0.0,0.0,0.0,0.0,34.0,0,0,34.0,1.0986122886681098,5.2574953720277815,0.020890052356020945,0,0.0,0.1670752058197473,-1.6064993096974398,True,pair_2384_336
2391,처치,1,11.0,8.0,71.42999999999999,9932.0,0.0,0.0,0.0,0.0,0,0.0,0.0,0.0,44.04,5.0,11.0,0,1,11.0,2.1972245773362196,4.282620578207235,0.0,0,0.0,0.13933820895096058,-1.8207974820755963,True,pair_2391_1141
2394,대조,0,4.0,13.0,247.8,71232.0,1.0,3.59,0.0,0.0,0,0.0,0.0,0.0,216.76,12.0,4.0,0,1,4.0,2.6390573296152584,5.516649360865024,0.014487489911218723,0,0.0,0.16817551280136897,-1.5986133125613997,True,pair_2069_2394
2395,대조,0,4.0,30.0,591.3,414.0,5.0,14.97,0.0,0.0,0,6.46,4.0,4.0,296.96,16.0,4.0,1,1,4.0,3.4339872044851463,6.384013263282919,0.025317097919837647,0,0.0,0.2162942127934114,-1.2873941013599506,True,pair_805_2395
2405,대조,0,3.0,17.0,326.14,25700.0,5.0,11.24,0.0,0.0,1,3.0,3.0,2.0,168.85,7.0,3.0,1,1,3.0,2.8903717578961645,5.790388213830379,0.03446372723370332,0,0.0,0.18879153918495278,-1.457881623713134,True,pair_1783_2405
2407,처치,1,30.0,25.0,940.86,129997.0,30.0,86.15,0.0,0.0,1,33.5,28.0,6.0,126.8,7.0,30.0,1,1,30.0,3.258096538021482,6.8478566435737855,0.09156516378632315,0,0.0,0.29498621598232455,-0.871288724654751,True,pair_2407_853
2410,처치,1,5.0,6.0,201.26999999999998,99.0,15.0,26.669999999999998,0.0,0.0,0,8.23,5.0,5.0,198.63,7.0,5.0,1,1,5.0,1.9459101490553132,5.309603438565004,0.1325085705768371,0,0.0,0.1528049406424419,-1.7127687522821837,True,pair_2410_1265
2420,처치,1,4.0,16.0,549.45,274.0,18.0,34.52,0.0,0.0,1,1.75,3.0,2.0,167.85,8.0,4.0,1,1,4.0,2.833213344056216,6.310736125516412,0.06282646282646283,0,0.0,0.2044466609713473,-1.3587307815617042,True,pair_2420_709
2423,대조,0,14.0,8.0,273.1,143.0,1.0,1.4,0.0,0.0,0,10.94,6.0,6.0,194.93,3.0,14.0,1,1,14.0,2.1972245773362196,5.61349300330874,0.0051263273526180875,0,0.0,0.1735316667015353,-1.5608015025641955,True,pair_1051_2423
2427,처치,1,1.0,29.0,838.39,21627.0,17.0,45.97,0.0,0.0,1,16.900000000000002,8.0,8.0,500.05,19.0,1.0,1,1,1.0,3.4011973816621555,6.732675437557143,0.05483128377008314,0,0.0,0.22958135902430601,-1.2106765844500385,True,pair_2427_266
2443,처치,1,4.0,32.0,970.83,106461.0,10.0,37.32,0.0,0.0,0,15.97,7.0,4.0,426.2,16.0,4.0,1,1,4.0,3.4965075614664802,6.879180892044813,0.03844133370415006,0,0.0,0.23395412250049083,-1.1861170217984587,True,pair_2443_1807
2445,처치,1,2.0,27.0,884.15,34106.0,23.0,64.7,0.0,0.0,1,27.88,13.0,10.0,539.61,20.0,2.0,1,1,2.0,3.332204510175204,6.785757122171288,0.07317762823050387,0,0.0,0.23209094261630936,-1.1965420223785563,True,pair_2445_570
2450,대조,0,5.0,24.0,918.9,90125.0,16.0,36.47,0.0,0.0,0,14.620000000000001,10.0,7.0,257.64,5.0,5.0,1,1,5.0,3.2188758248682006,6.824264968483112,0.039688758297964956,0,0.0,0.2245098498767423,-1.2395757002627508,True,pair_404_2450
2451,처치,1,5.0,26.0,1101.54,26641.0,31.0,80.4,0.0,0.0,0,34.67,16.0,13.0,402.12,9.0,5.0,1,1,5.0,3.295836866004329,7.005371887841993,0.07298872487608259,0,0.0,0.2351244390708491,-1.179598253188224,True,pair_2451_1792
2452,처치,1,2.0,24.0,513.83,237.0,7.0,22.81,0.0,0.0,0,1.29,1.0,1.0,118.27,10.0,2.0,1,1,2.0,3.2188758248682006,6.2438367490823214,0.04439211412334818,0,0.0,0.20269846660965846,-1.3695134541326328,True,pair_2452_1062
2457,대조,0,5.0,16.0,290.09,142.0,10.0,23.88,0.0,0.0,0,14.75,11.0,9.0,169.85,6.0,5.0,1,1,5.0,2.833213344056216,5.673632497705317,0.08231928022337895,0,0.0,0.18348378045685754,-1.4929205032251918,True,pair_946_2457
2459,처치,1,1.0,181.0,3627.45,84880.0,88.0,265.58,0.0,0.0,0,135.93,73.0,48.0,1817.76,88.0,1.0,1,1,1.0,5.204006687076795,8.196560838824434,0.07321396573350425,0,0.0,0.3455011289692186,-0.638873949573372,True,pair_2459_900
2462,대조,0,2.0,24.0,1319.41,474.0,20.0,117.07000000000001,0.0,0.0,0,81.18,35.0,19.0,798.95,10.0,2.0,1,1,2.0,3.2188758248682006,7.185697573412947,0.08872905313738716,0,0.0,0.23275146959910495,-1.1928395478827025,True,pair_1299_2462
2467,대조,0,2.0,55.0,1641.34,979.0,27.0,83.26,0.0,0.0,1,67.98,37.0,24.0,814.53,27.0,2.0,1,1,2.0,4.02535169073515,7.403877333132887,0.05072684513872812,0,0.0,0.2765265890508291,-0.9617568155361458,True,pair_1852_2467
2478,처치,1,4.0,17.0,343.01,184.0,3.0,8.63,0.0,0.0,0,14.48,17.0,11.0,276.02,10.0,4.0,1,1,4.0,2.8903717578961645,5.840670726718323,0.025159616337716104,0,0.0,0.18409894105182203,-1.488819760128128,True,pair_2478_935
2481,대조,0,3.0,22.0,719.16,30241.0,16.0,48.35,0.0,0.0,0,21.34,19.0,10.0,407.52,11.0,3.0,1,1,3.0,3.1354942159291497,6.579473409544622,0.06723121419433785,0,0.0,0.21265530011166342,-1.3089935992635306,True,pair_2148_2481
2482,처치,1,7.0,10.0,494.04,266.0,7.0,29.62,0.0,0.0,0,35.6,13.0,12.0,242.49,5.0,7.0,1,1,7.0,2.3978952727983707,6.204638567384701,0.05995465954173751,0,0.0,0.1856643451524846,-1.4784321858872278,True,pair_2482_1180
2484,대조,0,1.0,26.0,1087.01,104997.0,17.0,26.650000000000002,0.0,0.0,0,11.58,7.0,7.0,499.76,9.0,1.0,1,1,1.0,3.295836866004329,6.99210561855012,0.024516793773746333,0,0.0,0.22301126772147395,-1.2482035506078464,True,pair_413_2484
2485,대조,0,4.0,15.0,229.71,18828.0,4.0,9.99,0.0,0.0,0,22.46,6.0,6.0,208.06,9.0,4.0,1,1,4.0,2.772588722239781,5.441161510577517,0.04348961734360716,0,0.0,0.1719267108700176,-1.5720333774958792,True,pair_760_2485
2492,처치,1,9.0,18.0,70.76,3651.0,1.0,1.57,0.0,0.0,0,22.72,8.0,6.0,327.37,10.0,9.0,1,1,9.0,2.9444389791664403,4.27332721775054,0.02218767665347654,0,0.0,0.15648778291710744,-1.6845964431726863,True,pair_2492_1759
2497,대조,0,3.0,32.0,1120.89,430.0,17.0,72.92,0.0,0.0,1,36.26,7.0,5.0,509.29,18.0,3.0,1,1,3.0,3.4965075614664802,7.022770042060797,0.06505544701085744,0,0.0,0.2468701930019483,-1.1153749353133493,True,pair_1528_2497
2498,대조,0,12.0,4.0,41.51,17.0,0.0,0.0,0.0,0.0,1,0.0,0.0,0.0,23.66,4.0,12.0,0,1,12.0,1.6094379124341003,3.749739342370699,0.0,0,0.0,0.12229466818535781,-1.9708774787892664,True,pair_572_2498
