household_key,group,treatment,recency_days,pre_baskets,pre_sales,pre_quantity,pre_target_purchase_count,pre_target_sales,pre_coupon_redemptions,pre_campaign_count_raw,has_demographic,target_sales,target_quantity,target_purchase_count,total_sales,baskets,recency_days_filled,target_purchase,any_purchase,pre_recency_capped,log_pre_baskets,log_pre_sales,pre_target_share,pre_coupon_user,pre_campaign_count_c
1,대조,0,9.0,10.0,604.71,311.0,6.0,12.45,0.0,1.0,1,5.58,2.0,2.0,257.08,4.0,9.0,1,1,9.0,2.3978952727983707,6.406401323673961,0.020588381207520958,0,1.0
2,대조,0,1.0,6.0,319.57,124.0,0.0,0.0,0.0,0.0,0,0.0,0.0,0.0,0.0,0.0,1.0,0,0,1.0,1.9459101490553132,5.770100661249359,0.0,0,0.0
3,대조,0,26.0,5.0,530.79,302.0,1.0,2.19,0.0,0.0,0,0.0,0.0,0.0,181.68,3.0,26.0,0,1,26.0,1.791759469228055,6.276248674570444,0.0041259255072627595,0,0.0
4,대조,0,5.0,7.0,274.76,68.0,1.0,1.5,0.0,0.0,0,0.0,0.0,0.0,32.3,5.0,5.0,0,1,5.0,2.0794415416798357,5.61953092220861,0.0054593099432231765,0,0.0
6,대조,0,1.0,32.0,918.96,348.0,7.0,13.040000000000001,0.0,0.0,0,0.0,0.0,0.0,528.66,20.0,1.0,0,1,1.0,3.4965075614664802,6.824330190837009,0.01418995386088622,0,0.0
7,대조,0,13.0,5.0,277.36,153.0,0.0,0.0,0.0,0.0,1,2.0,3.0,1.0,191.24,4.0,13.0,1,1,13.0,1.791759469228055,5.628915239976649,0.0,0,0.0
18,대조,0,1.0,21.0,1255.83,11934.0,3.0,4.9399999999999995,0.0,0.0,1,0.0,0.0,0.0,237.5,6.0,1.0,0,1,1.0,3.091042453358316,7.136347956802927,0.003933653440354188,0,0.0
19,대조,0,2.0,33.0,909.31,512.0,13.0,19.38,0.0,0.0,1,5.98,9.0,4.0,474.2,14.0,2.0,1,1,2.0,3.5263605246161616,6.813785200840337,0.02131286359987243,0,0.0
20,대조,0,1.0,69.0,1370.33,99500.0,8.0,9.22,0.0,0.0,1,0.0,0.0,0.0,555.72,33.0,1.0,0,1,1.0,4.248495242049359,7.223536350817483,0.006728306320375385,0,0.0
23,대조,0,4.0,28.0,812.1,75699.0,0.0,0.0,0.0,0.0,0,2.19,1.0,1.0,158.18,8.0,4.0,1,1,4.0,3.367295829986474,6.700854103213792,0.0,0,0.0
26,대조,0,10.0,9.0,272.37,137.0,1.0,2.16,0.0,0.0,0,0.0,0.0,0.0,36.64,2.0,10.0,0,1,10.0,2.302585092994046,5.610826188934837,0.007930388809340235,0,0.0
28,대조,0,1.0,16.0,255.33,72.0,0.0,0.0,0.0,0.0,0,0.0,0.0,0.0,106.45,7.0,1.0,0,1,1.0,2.833213344056216,5.546465676851812,0.0,0,0.0
31,대조,0,14.0,4.0,162.71,52124.0,0.0,0.0,0.0,0.0,1,2.89,1.0,1.0,260.87,1.0,14.0,1,1,14.0,1.6094379124341003,5.09809656986625,0.0,0,0.0
36,대조,0,16.0,13.0,104.42999999999999,35.0,0.0,0.0,0.0,0.0,0,0.0,0.0,0.0,65.94,5.0,16.0,0,1,16.0,2.6390573296152584,4.6580472255888585,0.0,0,0.0
37,대조,0,6.0,10.0,615.0,17526.0,0.0,0.0,0.0,0.0,0,2.99,1.0,1.0,333.21,6.0,6.0,1,1,6.0,2.3978952727983707,6.423246963533519,0.0,0,0.0
38,대조,0,59.0,2.0,27.75,5.0,0.0,0.0,0.0,1.0,0,0.0,0.0,0.0,75.69,6.0,59.0,0,1,59.0,1.0986122886681098,3.3586377672433594,0.0,0,1.0
41,대조,0,18.0,11.0,313.45,145.0,0.0,0.0,0.0,0.0,0,0.0,0.0,0.0,160.85,5.0,18.0,0,1,18.0,2.4849066497880004,5.750825080989513,0.0,0,0.0
42,대조,0,1.0,14.0,289.96,224.0,1.0,2.5,0.0,0.0,1,1.67,1.0,1.0,128.41,6.0,1.0,1,1,1.0,2.70805020110221,5.673185800678733,0.008621878879845496,0,0.0
45,대조,0,4.0,14.0,140.85,56.0,0.0,0.0,0.0,0.0,0,0.0,0.0,0.0,154.83,8.0,4.0,0,1,4.0,2.70805020110221,4.95477016125486,0.0,0,0.0
46,대조,0,6.0,18.0,1275.21,433.0,0.0,0.0,0.0,0.0,1,0.0,0.0,0.0,395.11,8.0,6.0,0,1,6.0,2.9444389791664403,7.151650027165966,0.0,0,0.0
47,대조,0,1.0,16.0,294.65000000000003,87.0,1.0,2.19,0.0,0.0,0,0.44,1.0,1.0,151.04,7.0,1.0,1,1,1.0,2.833213344056216,5.689176322266839,0.00743254708976752,0,0.0
48,대조,0,14.0,1.0,13.12,6.0,0.0,0.0,0.0,0.0,1,0.0,0.0,0.0,0.0,0.0,14.0,0,0,14.0,0.6931471805599453,2.647592232065096,0.0,0,0.0
49,대조,0,6.0,20.0,1275.64,95984.0,5.0,11.82,0.0,0.0,1,0.0,0.0,0.0,472.63,8.0,6.0,0,1,6.0,3.044522437723423,7.151986905559971,0.009265937098240883,0,0.0
55,대조,0,5.0,22.0,141.12,83.0,0.0,0.0,0.0,0.0,1,0.0,0.0,0.0,38.28,10.0,5.0,0,1,5.0,3.1354942159291497,4.956671771152826,0.0,0,0.0
56,대조,0,5.0,31.0,1277.16,570.0,5.0,8.99,0.0,0.0,1,7.210000000000001,3.0,3.0,446.25,13.0,5.0,1,1,5.0,3.4657359027997265,7.153176822719316,0.00703905540417802,0,0.0
64,대조,0,1.0,42.0,451.62,239.0,0.0,0.0,0.0,0.0,0,0.0,0.0,0.0,205.13,19.0,1.0,0,1,1.0,3.7612001156935624,6.1150529213526,0.0,0,0.0
67,대조,0,3.0,22.0,1018.4,14076.0,4.0,16.5,0.0,0.0,1,0.0,0.0,0.0,208.62,9.0,3.0,0,1,3.0,3.1354942159291497,6.926969497905941,0.016201885310290653,0,0.0
69,대조,0,5.0,24.0,1590.13,793.0,6.0,9.81,0.0,0.0,0,0.0,0.0,0.0,416.98,10.0,5.0,0,1,5.0,3.2188758248682006,7.3721997346163315,0.006169306912013483,0,0.0
71,대조,0,2.0,10.0,273.88,67.0,4.0,9.33,0.0,0.0,1,10.93,5.0,5.0,222.22,5.0,2.0,1,1,2.0,2.3978952727983707,5.61633463879589,0.03406601431283774,0,0.0
72,대조,0,1.0,16.0,926.34,13662.0,0.0,0.0,0.0,0.0,0,8.47,3.0,3.0,419.35,5.0,1.0,1,1,1.0,2.833213344056216,6.832320272862047,0.0,0,0.0
73,대조,0,1.0,30.0,589.3,59273.0,0.0,0.0,0.0,0.0,0,0.0,0.0,0.0,425.21,14.0,1.0,0,1,1.0,3.4339872044851463,6.380630882246644,0.0,0,0.0
74,대조,0,6.0,16.0,265.8,219.0,0.0,0.0,0.0,0.0,1,2.39,1.0,1.0,145.8,9.0,6.0,1,1,6.0,2.833213344056216,5.586499314041468,0.0,0,0.0
77,대조,0,6.0,4.0,207.53,87.0,0.0,0.0,0.0,0.0,1,0.0,0.0,0.0,387.08,6.0,6.0,0,1,6.0,1.6094379124341003,5.3400829157805045,0.0,0,0.0
78,대조,0,2.0,27.0,285.56,158.0,0.0,0.0,0.0,0.0,1,0.0,0.0,0.0,205.4,18.0,2.0,0,1,2.0,3.332204510175204,5.657947938312402,0.0,0,0.0
79,대조,0,1.0,26.0,676.63,15789.0,2.0,5.58,0.0,0.0,0,0.0,0.0,0.0,375.17,9.0,1.0,0,1,1.0,3.295836866004329,6.518601416265694,0.008246752287069743,0,0.0
80,대조,0,2.0,8.0,185.49,115.0,0.0,0.0,0.0,0.0,1,4.4,10.0,3.0,265.52,10.0,2.0,1,1,2.0,2.1972245773362196,5.228377618343355,0.0,0,0.0
83,대조,0,13.0,16.0,166.93,81.0,1.0,3.98,0.0,1.0,0,4.78,2.0,1.0,61.33,7.0,13.0,1,1,13.0,2.833213344056216,5.123547225906917,0.023842329119990412,0,1.0
86,대조,0,6.0,10.0,965.5600000000001,288.0,3.0,6.78,0.0,0.0,1,0.0,0.0,0.0,12.850000000000001,1.0,6.0,0,1,6.0,2.3978952727983707,6.873743376390431,0.007021831890302001,0,0.0
91,대조,0,9.0,1.0,58.260000000000005,40.0,0.0,0.0,0.0,0.0,0,0.0,0.0,0.0,157.18,12.0,9.0,0,1,9.0,0.6931471805599453,4.08193454214542,0.0,0,0.0
92,대조,0,10.0,10.0,160.29,98.0,1.0,0.75,0.0,0.0,0,0.0,0.0,0.0,76.59,6.0,10.0,0,1,10.0,2.3978952727983707,5.0832039869290915,0.004679019277559424,0,0.0
95,대조,0,1.0,44.0,778.25,50095.0,5.0,18.0,0.0,0.0,0,0.0,0.0,0.0,455.64,21.0,1.0,0,1,1.0,3.8066624897703196,6.658331918647447,0.023128814648249278,0,0.0
99,대조,0,3.0,32.0,790.84,17560.0,1.0,2.0,0.0,0.0,0,0.0,0.0,0.0,321.05,12.0,3.0,0,1,3.0,3.4965075614664802,6.674359351203576,0.0025289565525264276,0,0.0
101,대조,0,11.0,35.0,1097.03,61345.0,2.0,5.73,0.0,0.0,1,2.39,1.0,1.0,352.29,10.0,11.0,1,1,11.0,3.58351893845611,7.001272944100597,0.0052231935316263,0,0.0
103,대조,0,45.0,9.0,170.98,86.0,0.0,0.0,0.0,0.0,0,0.0,0.0,0.0,9.23,1.0,45.0,0,1,45.0,2.302585092994046,5.14737819098275,0.0,0,0.0
109,대조,0,2.0,16.0,445.37,232.0,2.0,1.5899999999999999,0.0,0.0,1,0.67,1.0,1.0,110.24000000000001,7.0,2.0,1,1,2.0,2.833213344056216,6.101148204507716,0.0035700653389316743,0,0.0
110,대조,0,1.0,25.0,601.46,21348.0,1.0,1.99,0.0,0.0,1,0.0,0.0,0.0,153.55,7.0,1.0,0,1,1.0,3.258096538021482,6.4010212731194,0.0033086157017923053,0,0.0
111,대조,0,46.0,2.0,78.98,32.0,0.0,0.0,0.0,0.0,0,10.39,4.0,4.0,165.01,4.0,46.0,1,1,46.0,1.0986122886681098,4.381776603418673,0.0,0,0.0
112,대조,0,10.0,9.0,82.43,11205.0,0.0,0.0,0.0,0.0,0,0.0,0.0,0.0,128.64000000000001,10.0,10.0,0,1,10.0,2.302585092994046,4.424007956913983,0.0,0,0.0
114,대조,0,30.0,9.0,330.94,16421.0,2.0,7.0,0.0,1.0,1,0.0,0.0,0.0,3.1799999999999997,1.0,30.0,0,1,30.0,2.302585092994046,5.804954229692573,0.021151870429685138,0,1.0
116,대조,0,7.0,12.0,80.92,52.0,0.0,0.0,0.0,1.0,0,0.0,0.0,0.0,53.92,4.0,7.0,0,1,7.0,2.5649493574615367,4.4057431612911975,0.0,0,1.0
117,대조,0,8.0,12.0,282.14,183.0,1.0,1.0,0.0,1.0,1,2.38,2.0,2.0,164.97,5.0,8.0,1,1,8.0,2.5649493574615367,5.645941474966351,0.0035443396895158434,0,1.0
119,대조,0,3.0,13.0,412.97,145.0,0.0,0.0,0.0,0.0,1,3.1799999999999997,3.0,2.0,259.78000000000003,6.0,3.0,1,1,3.0,2.6390573296152584,6.0257935074315725,0.0,0,0.0
121,대조,0,2.0,20.0,443.43,215.0,5.0,11.15,0.0,0.0,1,9.67,14.0,7.0,301.46,7.0,2.0,1,1,2.0,3.044522437723423,6.096792562237672,0.025144893218771846,0,0.0
123,대조,0,3.0,33.0,594.5,21738.0,6.0,10.77,0.0,0.0,1,5.26,6.0,5.0,185.82,11.0,3.0,1,1,3.0,3.5263605246161616,6.3894013887953545,0.01811606391925988,0,0.0
127,대조,0,1.0,31.0,706.24,33338.0,3.0,5.1,0.0,0.0,1,3.0,5.0,1.0,259.69,11.0,1.0,1,1,1.0,3.4657359027997265,6.561370070809889,0.007221341187131853,0,0.0
133,대조,0,6.0,10.0,377.2,189.0,2.0,4.47,0.0,0.0,1,6.57,3.0,2.0,300.42,5.0,6.0,1,1,6.0,2.3978952727983707,5.935423156224357,0.011850477200424177,0,0.0
136,대조,0,23.0,10.0,398.26,168.0,2.0,2.96,0.0,0.0,1,0.0,0.0,0.0,110.19,3.0,23.0,0,1,23.0,2.3978952727983707,5.989612833744507,0.007432330638276503,0,0.0
137,대조,0,13.0,9.0,237.85,112.0,0.0,0.0,0.0,0.0,0,0.0,0.0,0.0,5.27,1.0,13.0,0,1,13.0,2.302585092994046,5.475835739835971,0.0,0,0.0
138,대조,0,8.0,7.0,457.46,283.0,5.0,10.86,0.0,1.0,0,0.0,0.0,0.0,133.0,1.0,8.0,0,1,8.0,2.0794415416798357,6.12787304688753,0.023739780527259214,0,1.0
139,대조,0,6.0,11.0,495.48,22591.0,3.0,8.89,0.0,0.0,1,0.0,0.0,0.0,267.25,9.0,6.0,0,1,6.0,2.4849066497880004,6.20754320070007,0.017942197465084363,0,0.0
143,대조,0,2.0,94.0,1399.53,51183.0,6.0,8.05,0.0,0.0,0,16.64,9.0,8.0,881.21,35.0,2.0,1,1,2.0,4.553876891600541,7.244606015391838,0.005751931005408959,0,0.0
144,대조,0,3.0,22.0,645.37,282.0,4.0,7.5,0.0,0.0,0,0.0,0.0,0.0,333.11,13.0,3.0,0,1,3.0,3.1354942159291497,6.471372095238777,0.011621240528688969,0,0.0
145,대조,0,5.0,6.0,131.86,61.0,0.0,0.0,0.0,1.0,0,0.0,0.0,0.0,35.06,2.0,5.0,0,1,5.0,1.9459101490553132,4.889295942237095,0.0,0,1.0
151,대조,0,4.0,11.0,335.81,13995.0,3.0,7.17,0.0,0.0,0,0.0,0.0,0.0,21.69,3.0,4.0,0,1,4.0,2.4849066497880004,5.8195189731387975,0.02135135939966052,0,0.0
155,대조,0,33.0,4.0,153.88,14952.0,0.0,0.0,0.0,0.0,1,3.0,5.0,2.0,287.26,5.0,33.0,1,1,33.0,1.6094379124341003,5.042650623528266,0.0,0,0.0
156,대조,0,6.0,95.0,925.75,85144.0,1.0,2.19,0.0,0.0,0,0.0,0.0,0.0,376.51,38.0,6.0,0,1,6.0,4.564348191467836,6.8316838420308414,0.002365649473399946,0,0.0
157,대조,0,2.0,27.0,505.15000000000003,234.0,0.0,0.0,0.0,0.0,1,8.450000000000001,10.0,6.0,269.52,9.0,2.0,1,1,2.0,3.332204510175204,6.226833068044761,0.0,0,0.0
158,대조,0,1.0,30.0,283.69,99.0,5.0,11.469999999999999,0.0,0.0,1,0.0,0.0,0.0,71.11,9.0,1.0,0,1,1.0,3.4339872044851463,5.651400868974447,0.04043145687193767,0,0.0
161,대조,0,26.0,2.0,29.54,13.0,0.0,0.0,0.0,0.0,1,0.0,0.0,0.0,58.48,5.0,26.0,0,1,26.0,1.0986122886681098,3.4190372997904865,0.0,0,0.0
162,대조,0,6.0,10.0,407.2,152.0,0.0,0.0,0.0,1.0,0,0.0,0.0,0.0,150.9,4.0,6.0,0,1,6.0,2.3978952727983707,6.011757250375744,0.0,0,1.0
164,대조,0,11.0,10.0,572.48,10593.0,1.0,3.0,0.0,0.0,1,0.0,0.0,0.0,36.48,4.0,11.0,0,1,11.0,2.3978952727983707,6.351723062378067,0.0052403577417551705,0,0.0
166,대조,0,4.0,12.0,296.77,135.0,0.0,0.0,0.0,0.0,1,0.0,0.0,0.0,143.01,7.0,4.0,0,1,4.0,2.5649493574615367,5.696321376424581,0.0,0,0.0
179,대조,0,2.0,10.0,183.65,84.0,3.0,5.9399999999999995,0.0,0.0,0,0.0,0.0,0.0,59.839999999999996,4.0,2.0,0,1,2.0,2.3978952727983707,5.2184621412985726,0.032344132861421175,0,0.0
180,대조,0,5.0,14.0,259.53000000000003,115.0,1.0,4.96,0.0,0.0,0,0.0,0.0,0.0,239.78,7.0,5.0,0,1,5.0,2.70805020110221,5.5627180177104485,0.019111470735560434,0,0.0
183,대조,0,4.0,12.0,153.1,90.0,0.0,0.0,0.0,1.0,0,0.0,0.0,0.0,130.34,15.0,4.0,0,1,4.0,2.5649493574615367,5.03760174232607,0.0,0,1.0
185,대조,0,1.0,10.0,423.01,19719.0,1.0,1.99,0.0,0.0,0,0.0,0.0,0.0,111.44,7.0,1.0,0,1,1.0,2.3978952727983707,6.049757039859498,0.004704380511099029,0,0.0
188,대조,0,17.0,13.0,904.51,422.0,7.0,16.54,0.0,0.0,0,5.28,12.0,5.0,335.6,4.0,17.0,1,1,17.0,2.6390573296152584,6.808498320884796,0.018286143879006313,0,0.0
192,대조,0,6.0,17.0,544.68,221.0,0.0,0.0,0.0,1.0,1,4.32,2.0,1.0,282.46,4.0,6.0,1,1,6.0,2.8903717578961645,6.302032723346464,0.0,0,1.0
194,대조,0,17.0,9.0,189.2,9800.0,0.0,0.0,0.0,0.0,0,0.0,0.0,0.0,58.88,4.0,17.0,0,1,17.0,2.302585092994046,5.24807615011129,0.0,0,0.0
195,대조,0,2.0,13.0,551.15,29803.0,5.0,9.65,0.0,0.0,0,2.99,1.0,1.0,225.3,3.0,2.0,1,1,2.0,2.6390573296152584,6.31381974849314,0.01750884514197587,0,0.0
196,대조,0,1.0,28.0,709.29,348.0,1.0,2.79,0.0,0.0,0,0.0,0.0,0.0,228.15,15.0,1.0,0,1,1.0,3.367295829986474,6.565673337346305,0.003933510975764497,0,0.0
198,대조,0,1.0,130.0,1768.78,917.0,4.0,8.21,0.0,0.0,1,4.55,5.0,3.0,873.52,66.0,1.0,1,1,1.0,4.875197323201151,7.478610524057451,0.004641617385994867,0,0.0
200,대조,0,64.0,1.0,172.48000000000002,98.0,0.0,0.0,0.0,0.0,0,0.0,0.0,0.0,0.0,0.0,64.0,0,0,64.0,0.6931471805599453,5.156062318967166,0.0,0,0.0
205,대조,0,3.0,4.0,167.58,60.0,0.0,0.0,0.0,0.0,0,16.740000000000002,6.0,3.0,270.75,9.0,3.0,1,1,3.0,1.6094379124341003,5.127410414569336,0.0,0,0.0
209,대조,0,1.0,18.0,1310.43,41148.0,6.0,12.99,0.0,0.0,1,6.37,3.0,4.0,335.77,7.0,1.0,1,1,1.0,2.9444389791664403,7.178873423883248,0.009912776722144639,0,0.0
211,대조,0,3.0,7.0,210.72,136.0,1.0,1.49,0.0,0.0,1,0.0,0.0,0.0,9.76,1.0,3.0,0,1,3.0,2.0794415416798357,5.355264646989787,0.0070709946848899015,0,0.0
214,대조,0,7.0,14.0,374.72,186.0,7.0,16.53,0.0,1.0,1,9.48,5.0,5.0,200.72,5.0,7.0,1,1,7.0,2.70805020110221,5.928844185126315,0.044112937660119554,0,1.0
215,대조,0,1.0,18.0,283.74,169.0,2.0,6.380000000000001,0.0,0.0,0,1.99,1.0,1.0,69.31,7.0,1.0,1,1,1.0,2.9444389791664403,5.6515764831855995,0.022485373933883133,0,0.0
216,대조,0,24.0,9.0,129.06,48.0,0.0,0.0,0.0,0.0,1,0.0,0.0,0.0,84.23,4.0,24.0,0,1,24.0,2.302585092994046,4.867995882441006,0.0,0,0.0
217,대조,0,6.0,9.0,314.7,13972.0,0.0,0.0,0.0,0.0,0,2.5,1.0,1.0,107.0,3.0,6.0,1,1,6.0,2.302585092994046,5.754792395563946,0.0,0,0.0
218,대조,0,7.0,29.0,1759.53,131094.0,5.0,5.74,0.0,0.0,1,0.0,0.0,0.0,572.86,12.0,7.0,0,1,7.0,3.4011973816621555,7.473370179063379,0.003262234801338994,0,0.0
220,대조,0,11.0,12.0,437.08,24270.0,4.0,7.46,0.0,0.0,1,0.0,0.0,0.0,109.39,5.0,11.0,0,1,11.0,2.5649493574615367,6.082401542100084,0.017067813672554225,0,0.0
221,대조,0,8.0,10.0,337.63,11846.0,0.0,0.0,0.0,0.0,1,0.0,0.0,0.0,165.58,5.0,8.0,0,1,8.0,2.3978952727983707,5.8249080658924095,0.0,0,0.0
222,대조,0,1.0,15.0,763.46,28044.0,2.0,3.0,0.0,0.0,1,0.0,0.0,0.0,248.23000000000002,7.0,1.0,0,1,1.0,2.772588722239781,6.639169702221345,0.003929478951091085,0,0.0
223,대조,0,2.0,10.0,240.57,102.0,0.0,0.0,0.0,0.0,0,1.76,4.0,3.0,267.36,5.0,2.0,1,1,2.0,2.3978952727983707,5.487159286165225,0.0,0,0.0
226,대조,0,10.0,11.0,299.32,4564.0,2.0,4.18,0.0,0.0,0,1.99,1.0,1.0,58.25,1.0,10.0,1,1,10.0,2.4849066497880004,5.704848572838198,0.013964987304556996,0,0.0
227,대조,0,5.0,15.0,164.13,150.0,0.0,0.0,0.0,0.0,0,0.0,0.0,0.0,44.39,8.0,5.0,0,1,5.0,2.772588722239781,5.106733042474897,0.0,0,0.0
228,대조,0,21.0,5.0,137.15,56.0,0.0,0.0,0.0,0.0,0,0.0,0.0,0.0,660.9399999999999,4.0,21.0,0,1,21.0,1.791759469228055,4.9283400513694255,0.0,0,0.0
230,대조,0,1.0,28.0,812.51,32326.0,3.0,4.25,0.0,0.0,1,0.0,0.0,0.0,321.46,10.0,1.0,0,1,1.0,3.367295829986474,6.701358219146539,0.0052307048528633495,0,0.0
232,대조,0,5.0,121.0,2283.02,126594.0,3.0,5.1899999999999995,0.0,0.0,1,0.0,0.0,0.0,1026.43,17.0,5.0,0,1,5.0,4.804021044733257,7.733692327304988,0.0022733046578654586,0,0.0
236,대조,0,4.0,7.0,160.93,63.0,0.0,0.0,0.0,2.0,0,0.0,0.0,0.0,0.0,0.0,4.0,0,0,4.0,2.0794415416798357,5.08716414308538,0.0,0,2.0
242,대조,0,19.0,12.0,982.27,404.0,1.0,1.09,0.0,0.0,1,0.0,0.0,0.0,0.0,0.0,19.0,0,0,19.0,2.5649493574615367,6.890883751811889,0.0011096745294063752,0,0.0
243,대조,0,1.0,38.0,1133.82,98928.0,4.0,13.260000000000002,0.0,0.0,1,7.98,2.0,2.0,404.90999999999997,14.0,1.0,1,1,1.0,3.6635616461296463,7.03422932703036,0.011694978038842146,0,0.0
245,대조,0,40.0,6.0,244.19,15995.0,0.0,0.0,0.0,0.0,0,0.0,0.0,0.0,43.08,3.0,40.0,0,1,40.0,1.9459101490553132,5.502033420196148,0.0,0,0.0
246,대조,0,9.0,9.0,176.12,95.0,1.0,1.0,0.0,0.0,0,0.0,0.0,0.0,8.81,1.0,9.0,0,1,9.0,2.302585092994046,5.176827468960327,0.005677946854417443,0,0.0
248,대조,0,54.0,3.0,518.94,327.0,3.0,4.49,0.0,1.0,1,0.0,0.0,0.0,185.69,1.0,54.0,0,1,54.0,1.3862943611198906,6.2537134203027716,0.008652252668901992,0,1.0
249,대조,0,10.0,17.0,527.76,93.0,0.0,0.0,0.0,0.0,1,0.0,0.0,0.0,47.07,4.0,10.0,0,1,10.0,2.8903717578961645,6.2705346427111985,0.0,0,0.0
253,대조,0,4.0,55.0,1501.28,10609.0,0.0,0.0,0.0,0.0,1,0.0,0.0,0.0,547.72,20.0,4.0,0,1,4.0,4.02535169073515,7.314739233059571,0.0,0,0.0
257,대조,0,12.0,15.0,436.78,240.0,0.0,0.0,0.0,1.0,1,2.64,6.0,1.0,136.48,8.0,12.0,1,1,12.0,2.772588722239781,6.081716501085008,0.0,0,1.0
261,대조,0,,0.0,0.0,0.0,0.0,0.0,0.0,0.0,0,0.0,0.0,0.0,0.0,0.0,90.0,0,0,90.0,0.0,0.0,0.0,0,0.0
262,대조,0,3.0,77.0,1397.09,650.0,0.0,0.0,0.0,0.0,0,4.3,2.0,1.0,359.49,11.0,3.0,1,1,3.0,4.356708826689592,7.242862298404005,0.0,0,0.0
263,대조,0,3.0,41.0,885.37,379.0,5.0,9.2,0.0,0.0,1,0.0,0.0,0.0,505.87,21.0,3.0,0,1,3.0,3.7376696182833684,6.787134470654929,0.010391135909280865,0,0.0
264,대조,0,12.0,11.0,348.42,167.0,5.0,12.5,0.0,0.0,1,2.5,1.0,1.0,40.84,1.0,12.0,1,1,12.0,2.4849066497880004,5.856274637046298,0.0358762413179496,0,0.0
265,대조,0,6.0,9.0,643.25,337.0,1.0,1.5,0.0,0.0,0,6.67,4.0,3.0,506.31,5.0,6.0,1,1,6.0,2.302585092994046,6.468086849532474,0.002331908278274388,0,0.0
266,대조,0,13.0,7.0,390.51,15045.0,1.0,1.98,0.0,0.0,0,2.19,1.0,1.0,137.03,2.0,13.0,1,1,13.0,2.0794415416798357,5.97001105788881,0.005070292694169164,0,0.0
273,대조,0,2.0,23.0,342.72,100.0,0.0,0.0,0.0,0.0,0,0.0,0.0,0.0,103.74000000000001,6.0,2.0,0,1,2.0,3.1780538303479458,5.839827372445022,0.0,0,0.0
275,대조,0,1.0,43.0,778.56,33070.0,0.0,0.0,0.0,0.0,0,0.0,0.0,0.0,304.24,13.0,1.0,0,1,1.0,3.784189633918261,6.658729657953823,0.0,0,0.0
276,대조,0,1.0,35.0,1277.1,23637.0,1.0,1.99,0.0,0.0,1,0.0,0.0,0.0,652.74,16.0,1.0,0,1,1.0,3.58351893845611,7.153129879137668,0.001558217837287605,0,0.0
279,대조,0,19.0,12.0,429.91,44066.0,0.0,0.0,0.0,0.0,0,0.0,0.0,0.0,109.66,4.0,19.0,0,1,19.0,2.5649493574615367,6.065899251593168,0.0,0,0.0
280,대조,0,1.0,17.0,436.03000000000003,209.0,2.0,3.1799999999999997,0.0,0.0,0,3.0,5.0,1.0,224.01,10.0,1.0,1,1,1.0,2.8903717578961645,6.0800018426248785,0.007293076164484094,0,0.0
282,대조,0,8.0,13.0,503.54,19666.0,0.0,0.0,0.0,0.0,1,3.99,1.0,1.0,222.91,9.0,8.0,1,1,8.0,2.6390573296152584,6.223647123072862,0.0,0,0.0
283,대조,0,10.0,8.0,445.1,150.0,1.0,2.14,0.0,0.0,1,0.0,0.0,0.0,107.89,1.0,10.0,0,1,10.0,2.1972245773362196,6.100543142134219,0.004807908335205572,0,0.0
285,대조,0,2.0,34.0,616.11,57470.0,0.0,0.0,0.0,1.0,0,1.76,4.0,2.0,119.10000000000001,6.0,2.0,1,1,2.0,3.5553480614894135,6.4250472900247635,0.0,0,1.0
286,대조,0,4.0,6.0,126.42,81.0,0.0,0.0,0.0,1.0,0,0.0,0.0,0.0,83.43,3.0,4.0,0,1,4.0,1.9459101490553132,4.847488716688342,0.0,0,1.0
288,대조,0,2.0,14.0,428.84000000000003,48176.0,1.0,3.58,0.0,1.0,0,0.0,0.0,0.0,165.4,6.0,2.0,0,1,2.0,2.70805020110221,6.063413046420566,0.008348101856170133,0,1.0
291,대조,0,17.0,6.0,313.36,192.0,1.0,2.19,0.0,0.0,0,0.0,0.0,0.0,272.56,6.0,17.0,0,1,17.0,1.9459101490553132,5.750538825997975,0.006988766913454174,0,0.0
293,처치,1,12.0,14.0,745.79,280.0,1.0,2.5,0.0,0.0,0,0.0,0.0,0.0,250.53,7.0,12.0,0,1,12.0,2.70805020110221,6.615784021111926,0.0033521500690542917,0,0.0
297,대조,0,28.0,13.0,359.06,195.0,0.0,0.0,0.0,0.0,0,0.0,0.0,0.0,3.84,1.0,28.0,0,1,28.0,2.6390573296152584,5.886270684229476,0.0,0,0.0
301,대조,0,13.0,5.0,344.61,118.0,1.0,1.5,0.0,0.0,1,8.58,7.0,4.0,481.41,6.0,13.0,1,1,13.0,1.791759469228055,5.845310971696471,0.004352746583093932,0,0.0
302,대조,0,2.0,8.0,380.7,209.0,1.0,2.29,0.0,0.0,1,0.0,0.0,0.0,119.66,5.0,2.0,0,1,2.0,2.1972245773362196,5.944634959751184,0.006015235093249278,0,0.0
303,대조,0,3.0,29.0,562.91,4735.0,3.0,5.34,0.0,0.0,0,0.0,0.0,0.0,234.45,9.0,3.0,0,1,3.0,3.4011973816621555,6.3348946642966135,0.009486418788083354,0,0.0
306,대조,0,1.0,10.0,559.57,33171.0,12.0,22.39,0.0,0.0,1,5.26,4.0,4.0,305.43,12.0,1.0,1,1,1.0,2.3978952727983707,6.328954123206714,0.04001286702289258,0,0.0
307,대조,0,1.0,54.0,475.1,7969.0,0.0,0.0,0.0,1.0,0,0.0,0.0,0.0,145.95,30.0,1.0,0,1,1.0,4.007333185232471,6.1656279162004735,0.0,0,1.0
308,대조,0,3.0,5.0,66.88,15.0,0.0,0.0,0.0,0.0,0,2.5,1.0,1.0,107.49,4.0,3.0,1,1,3.0,1.791759469228055,4.217741440366026,0.0,0,0.0
312,대조,0,3.0,5.0,379.1,151.0,6.0,17.0,0.0,0.0,0,5.5,2.0,2.0,143.56,2.0,3.0,1,1,3.0,1.791759469228055,5.940434375995203,0.04484304932735426,0,0.0
314,대조,0,9.0,5.0,182.65,144.0,0.0,0.0,0.0,0.0,1,0.0,0.0,0.0,0.0,0.0,9.0,0,0,9.0,1.791759469228055,5.213031772265676,0.0,0,0.0
322,대조,0,13.0,12.0,437.31,181.0,2.0,3.14,0.0,0.0,0,0.0,0.0,0.0,191.25,4.0,13.0,0,1,13.0,2.5649493574615367,6.082926422587722,0.007180261141981661,0,0.0
330,대조,0,30.0,12.0,52.04,3661.0,0.0,0.0,0.0,0.0,0,1.34,2.0,1.0,275.83,13.0,30.0,1,1,30.0,2.5649493574615367,3.971046345877607,0.0,0,0.0
331,대조,0,12.0,11.0,272.73,123.0,6.0,11.74,0.0,0.0,0,0.0,0.0,0.0,67.6,7.0,12.0,0,1,12.0,2.4849066497880004,5.612142219101015,0.04304623620430462,0,0.0
332,대조,0,2.0,13.0,334.28000000000003,189.0,1.0,4.32,0.0,1.0,1,0.0,0.0,0.0,403.37,9.0,2.0,0,1,2.0,2.6390573296152584,5.814966003616816,0.01292329783415101,0,1.0
333,대조,0,16.0,4.0,320.04,154.0,0.0,0.0,0.0,0.0,0,0.0,0.0,0.0,89.6,3.0,16.0,0,1,16.0,1.6094379124341003,5.771565725958661,0.0,0,0.0
334,대조,0,1.0,97.0,1010.73,606.0,14.0,49.31,1.0,1.0,1,6.15,3.0,2.0,394.54,45.0,1.0,1,1,1.0,4.584967478670572,6.919417015831408,0.048786520633601456,1,1.0
337,대조,0,6.0,16.0,267.22,155.0,1.0,4.38,0.0,0.0,0,0.0,0.0,0.0,38.82,3.0,6.0,0,1,6.0,2.833213344056216,5.591807539282795,0.016390988698450713,0,0.0
338,대조,0,2.0,19.0,323.26,221.0,0.0,0.0,0.0,0.0,0,0.0,0.0,0.0,97.01,8.0,2.0,0,1,2.0,2.995732273553991,5.781545663121923,0.0,0,0.0
339,대조,0,14.0,11.0,290.62,175.0,2.0,4.47,0.0,0.0,0,3.98,2.0,2.0,270.7,7.0,14.0,1,1,14.0,2.4849066497880004,5.6754515848881395,0.015380909779092972,0,0.0
342,대조,0,1.0,8.0,556.37,248.0,0.0,0.0,0.0,0.0,0,0.0,0.0,0.0,12.870000000000001,1.0,1.0,0,1,1.0,2.1972245773362196,6.323229292286189,0.0,0,0.0
343,대조,0,12.0,10.0,205.67000000000002,104.0,0.0,0.0,0.0,0.0,0,0.0,0.0,0.0,128.5,5.0,12.0,0,1,12.0,2.3978952727983707,5.331123318273214,0.0,0,0.0
346,대조,0,3.0,22.0,844.13,443.0,3.0,5.94,0.0,0.0,1,20.42,26.0,6.0,366.35,10.0,3.0,1,1,3.0,3.1354942159291497,6.7394904616779145,0.0070368308198974095,0,0.0
348,대조,0,3.0,6.0,82.29,53.0,1.0,1.99,0.0,0.0,0,2.39,1.0,1.0,303.55,18.0,3.0,1,1,3.0,1.9459101490553132,4.42232849394725,0.02418276825859764,0,0.0
353,대조,0,7.0,19.0,491.89,207.0,0.0,0.0,0.0,0.0,1,0.0,0.0,0.0,72.46000000000001,2.0,7.0,0,1,7.0,2.995732273553991,6.200286025414635,0.0,0,0.0
354,대조,0,9.0,21.0,1079.77,503.0,5.0,10.42,0.0,0.0,1,0.0,0.0,0.0,260.85,4.0,9.0,0,1,9.0,3.091042453358316,6.985429029043874,0.00965020328403271,0,0.0
356,대조,0,5.0,22.0,349.14,24132.0,0.0,0.0,0.0,0.0,0,0.0,0.0,0.0,59.82,6.0,5.0,0,1,5.0,3.1354942159291497,5.858333074504786,0.0,0,0.0
358,대조,0,1.0,44.0,2757.45,997.0,5.0,12.45,0.0,0.0,1,8.96,4.0,4.0,443.14,15.0,1.0,1,1,1.0,3.8066624897703196,7.922424206755208,0.004515041070554317,0,0.0
369,대조,0,19.0,6.0,165.09,82.0,1.0,2.19,0.0,0.0,0,0.0,0.0,0.0,4.880000000000001,1.0,19.0,0,1,19.0,1.9459101490553132,5.112529810110908,0.013265491550063601,0,0.0
370,대조,0,,0.0,0.0,0.0,0.0,0.0,0.0,0.0,1,0.0,0.0,0.0,60.980000000000004,2.0,90.0,0,1,90.0,0.0,0.0,0.0,0,0.0
371,대조,0,2.0,23.0,1781.8500000000001,855.0,4.0,8.15,0.0,0.0,1,3.78,2.0,2.0,800.94,9.0,2.0,1,1,2.0,3.1780538303479458,7.485968486449823,0.004573897915088251,0,0.0
378,대조,0,2.0,49.0,792.16,30013.0,0.0,0.0,0.0,1.0,1,0.0,0.0,0.0,301.97,20.0,2.0,0,1,2.0,3.912023005428146,6.676024966730605,0.0,0,1.0
380,대조,0,7.0,20.0,1146.81,493.0,9.0,18.669999999999998,0.0,0.0,0,10.43,5.0,5.0,408.25,7.0,7.0,1,1,7.0,3.044522437723423,7.045611057955529,0.016279941751467113,0,0.0
383,대조,0,2.0,17.0,928.37,8989.0,0.0,0.0,0.0,0.0,1,0.0,0.0,0.0,374.52,10.0,2.0,0,1,2.0,2.8903717578961645,6.834506937240297,0.0,0,0.0
384,대조,0,18.0,7.0,297.41,20441.0,0.0,0.0,0.0,1.0,0,0.0,0.0,0.0,0.0,0.0,18.0,0,0,18.0,2.0794415416798357,5.698468379832432,0.0,0,1.0
386,대조,0,5.0,26.0,443.48,15110.0,2.0,2.7,0.0,0.0,1,0.0,0.0,0.0,49.92,2.0,5.0,0,1,5.0,3.295836866004329,6.096905059565979,0.00608821141877875,0,0.0
387,대조,0,4.0,34.0,1041.14,348.0,3.0,7.63,0.0,0.0,1,3.69,1.0,1.0,563.47,13.0,4.0,1,1,4.0,3.5553480614894135,6.949031570293976,0.007328505292275774,0,0.0
389,대조,0,1.0,35.0,2164.78,46938.0,13.0,80.5,0.0,0.0,1,8.18,4.0,3.0,1115.73,17.0,1.0,1,1,1.0,3.58351893845611,7.680535852688625,0.03718622677593104,0,0.0
390,대조,0,2.0,15.0,233.84,86.0,2.0,2.08,0.0,0.0,1,0.0,0.0,0.0,59.58,6.0,2.0,0,1,2.0,2.772588722239781,5.458904431195985,0.008894970920287376,0,0.0
391,대조,0,,0.0,0.0,0.0,0.0,0.0,0.0,0.0,1,0.0,0.0,0.0,0.0,0.0,90.0,0,0,90.0,0.0,0.0,0.0,0,0.0
392,대조,0,3.0,16.0,1644.89,539.0,8.0,20.57,0.0,0.0,1,4.46,2.0,2.0,442.34000000000003,5.0,3.0,1,1,3.0,2.833213344056216,7.406036550328302,0.012505395497571266,0,0.0
393,대조,0,1.0,32.0,617.49,320.0,1.0,1.5,0.0,0.0,0,9.37,3.0,2.0,240.58,18.0,1.0,1,1,1.0,3.4965075614664802,6.42728102355309,0.002429189136666181,0,0.0
394,대조,0,11.0,10.0,435.66,189.0,6.0,12.45,0.0,0.0,0,2.5,1.0,1.0,111.35,6.0,11.0,1,1,11.0,2.3978952727983707,6.07915486023497,0.028577330946150666,0,0.0
397,대조,0,4.0,40.0,964.0,69790.0,1.0,2.79,0.0,0.0,0,0.0,0.0,0.0,314.57,14.0,4.0,0,1,4.0,3.713572066704308,6.872128101338986,0.0028941908713692945,0,0.0
398,대조,0,1.0,14.0,298.28000000000003,163.0,0.0,0.0,0.0,0.0,0,0.0,0.0,0.0,118.48,5.0,1.0,0,1,1.0,2.70805020110221,5.701379590039891,0.0,0,0.0
400,대조,0,1.0,44.0,2643.97,66951.0,2.0,3.49,0.0,0.0,1,9.030000000000001,5.0,4.0,1403.1200000000001,22.0,1.0,1,1,1.0,3.8066624897703196,7.880415002073067,0.0013199847199476546,0,0.0
402,대조,0,8.0,14.0,581.32,45047.0,0.0,0.0,0.0,0.0,0,0.0,0.0,0.0,240.34,8.0,8.0,0,1,8.0,2.70805020110221,6.3670201248100025,0.0,0,0.0
403,대조,0,70.0,4.0,43.22,20.0,0.0,0.0,0.0,1.0,0,0.0,0.0,0.0,82.7,2.0,70.0,0,1,70.0,1.6094379124341003,3.7891771754293,0.0,0,1.0
408,대조,0,7.0,8.0,489.8,193.0,0.0,0.0,0.0,0.0,0,0.0,0.0,0.0,245.34,7.0,7.0,0,1,7.0,2.1972245773362196,6.196036712836756,0.0,0,0.0
410,대조,0,3.0,25.0,207.23,135.0,1.0,1.67,0.0,0.0,1,0.0,0.0,0.0,63.83,7.0,3.0,0,1,3.0,3.258096538021482,5.338643238019602,0.008058678762727405,0,0.0
411,대조,0,6.0,20.0,910.42,38459.0,1.0,1.67,0.0,0.0,1,18.0,30.0,3.0,478.98,8.0,6.0,1,1,6.0,3.044522437723423,6.815003822850586,0.0018343182267524878,0,0.0
412,대조,0,2.0,14.0,280.56,177.0,2.0,3.5,0.0,0.0,1,3.0,2.0,2.0,144.11,8.0,2.0,1,1,2.0,2.70805020110221,5.640345568739931,0.0124750499001996,0,0.0
414,대조,0,4.0,32.0,580.83,9834.0,1.0,2.0,0.0,0.0,0,5.58,2.0,1.0,255.85,14.0,4.0,1,1,4.0,3.4965075614664802,6.3661783088430965,0.00344334831189849,0,0.0
419,대조,0,14.0,9.0,230.36,84.0,0.0,0.0,0.0,0.0,0,0.0,0.0,0.0,262.13,6.0,14.0,0,1,14.0,2.302585092994046,5.4439749389704,0.0,0,0.0
421,대조,0,8.0,35.0,1224.03,117958.0,6.0,21.12,0.0,0.0,0,0.0,0.0,0.0,266.58,11.0,8.0,0,1,8.0,3.58351893845611,7.110720612474876,0.01725447905688586,0,0.0
426,대조,0,3.0,34.0,1292.98,176183.0,3.0,7.57,0.0,0.0,1,2.0,1.0,1.0,654.07,18.0,3.0,1,1,3.0,3.5553480614894135,7.165478018990861,0.0058546922612878775,0,0.0
428,대조,0,7.0,23.0,733.29,452.0,3.0,8.780000000000001,0.0,0.0,1,6.99,4.0,2.0,246.77,6.0,7.0,1,1,7.0,3.1780538303479458,6.59890404595274,0.011973434793874185,0,0.0
430,대조,0,44.0,10.0,65.12,39.0,0.0,0.0,0.0,1.0,0,0.0,0.0,0.0,0.0,0.0,44.0,0,0,44.0,2.3978952727983707,4.191471272952824,0.0,0,1.0
432,대조,0,6.0,27.0,517.32,254.0,0.0,0.0,0.0,1.0,1,0.0,0.0,0.0,144.17,13.0,6.0,0,1,6.0,3.332204510175204,6.250592812141702,0.0,0,1.0
433,대조,0,21.0,10.0,130.96,84.0,0.0,0.0,0.0,1.0,0,0.0,0.0,0.0,17.72,3.0,21.0,0,1,21.0,2.3978952727983707,4.882498846360381,0.0,0,1.0
436,대조,0,33.0,3.0,185.96,73.0,3.0,8.07,0.0,0.0,0,2.4,4.0,2.0,116.92,3.0,33.0,1,1,33.0,1.3862943611198906,5.230894690230603,0.04339642933964293,0,0.0
438,대조,0,18.0,2.0,61.39,26.0,1.0,2.94,0.0,0.0,1,0.0,0.0,0.0,206.11,5.0,18.0,0,1,18.0,1.0986122886681098,4.133405006122695,0.04789053591790194,0,0.0
439,대조,0,18.0,2.0,39.02,8.0,0.0,0.0,0.0,1.0,0,0.0,0.0,0.0,7.99,1.0,18.0,0,1,18.0,1.0986122886681098,3.6893793291555874,0.0,0,1.0
441,대조,0,7.0,13.0,354.91,179.0,0.0,0.0,0.0,0.0,1,0.0,0.0,0.0,151.79,6.0,7.0,0,1,7.0,2.6390573296152584,5.874677889901688,0.0,0,0.0
442,대조,0,19.0,6.0,237.36,133.0,4.0,7.0,0.0,0.0,1,0.6,1.0,1.0,50.06,3.0,19.0,1,1,19.0,1.9459101490553132,5.473782135878778,0.029491068419278732,0,0.0
443,대조,0,9.0,18.0,491.99,289.0,1.0,1.39,0.0,0.0,1,4.38,2.0,2.0,290.79,8.0,9.0,1,1,9.0,2.9444389791664403,6.200488889861308,0.0028252606760300002,0,0.0
445,대조,0,5.0,30.0,362.68,103.0,0.0,0.0,0.0,0.0,0,2.89,1.0,1.0,186.56,11.0,5.0,1,1,5.0,3.4339872044851463,5.896274360104233,0.0,0,0.0
450,대조,0,9.0,10.0,213.16,116.0,2.0,4.4399999999999995,0.0,0.0,0,0.88,2.0,1.0,121.69,4.0,9.0,1,1,9.0,2.3978952727983707,5.366723399212097,0.020829423906924376,0,0.0
451,대조,0,6.0,17.0,195.93,63.0,0.0,0.0,0.0,0.0,1,0.0,0.0,0.0,94.26,7.0,6.0,0,1,6.0,2.8903717578961645,5.282848335644105,0.0,0,0.0
458,대조,0,1.0,15.0,222.51,137.0,0.0,0.0,0.0,0.0,1,2.39,1.0,1.0,164.12,11.0,1.0,1,1,1.0,2.772588722239781,5.409456155782004,0.0,0,0.0
459,대조,0,3.0,14.0,315.26,88.0,1.0,2.29,0.0,0.0,0,5.84,4.0,4.0,14.83,3.0,3.0,1,1,3.0,2.70805020110221,5.7565646600951705,0.007263845714648227,0,0.0
462,대조,0,3.0,7.0,109.92,49.0,0.0,0.0,0.0,0.0,1,0.0,0.0,0.0,57.97,6.0,3.0,0,1,3.0,2.0794415416798357,4.708809220747577,0.0,0,0.0
463,대조,0,1.0,67.0,569.63,34318.0,0.0,0.0,0.0,0.0,0,0.0,0.0,0.0,351.53000000000003,37.0,1.0,0,1,1.0,4.219507705176107,6.346741013632859,0.0,0,0.0
469,대조,0,3.0,9.0,381.96,181.0,0.0,0.0,0.0,1.0,1,0.0,0.0,0.0,395.85,11.0,3.0,0,1,3.0,2.302585092994046,5.947930545084254,0.0,0,1.0
472,대조,0,5.0,20.0,1354.84,491.0,8.0,16.63,0.0,0.0,0,0.0,0.0,0.0,258.15,3.0,5.0,0,1,5.0,3.044522437723423,7.212176467438194,0.012274512119512268,0,0.0
473,대조,0,9.0,8.0,511.19,25183.0,3.0,6.85,0.0,0.0,1,0.0,0.0,0.0,184.46,5.0,9.0,0,1,9.0,2.1972245773362196,6.238695649951252,0.013400105635869245,0,0.0
475,대조,0,33.0,6.0,355.52,183.0,6.0,7.48,0.0,0.0,0,0.0,0.0,0.0,147.49,2.0,33.0,0,1,33.0,1.9459101490553132,5.8763903392625165,0.02103960396039604,0,0.0
476,대조,0,,0.0,0.0,0.0,0.0,0.0,0.0,0.0,0,0.0,0.0,0.0,0.0,0.0,90.0,0,0,90.0,0.0,0.0,0.0,0,0.0
479,대조,0,8.0,30.0,259.03000000000003,115.0,1.0,1.67,0.0,0.0,0,5.96,4.0,3.0,102.99000000000001,3.0,8.0,1,1,8.0,3.4339872044851463,5.56079700897462,0.006447129676099292,0,0.0
482,대조,0,13.0,9.0,411.15,240.0,1.0,5.0,0.0,0.0,0,0.0,0.0,0.0,150.56,7.0,13.0,0,1,13.0,2.302585092994046,6.0213873607592365,0.012161011796181443,0,0.0
484,대조,0,1.0,17.0,284.61,132.0,0.0,0.0,0.0,0.0,1,0.0,0.0,0.0,163.87,6.0,1.0,0,1,1.0,2.8903717578961645,5.654627243858056,0.0,0,0.0
485,대조,0,1.0,31.0,1001.53,170719.0,1.0,2.0,0.0,0.0,1,2.0,1.0,1.0,185.07,7.0,1.0,1,1,1.0,3.4657359027997265,6.910282083920007,0.001996944674647789,0,0.0
489,대조,0,2.0,22.0,981.96,63145.0,1.0,3.0,0.0,0.0,1,2.0,1.0,1.0,115.46,4.0,2.0,1,1,2.0,3.1354942159291497,6.890568427559316,0.0030551142612733717,0,0.0
491,대조,0,6.0,11.0,602.1,21289.0,0.0,0.0,0.0,0.0,1,2.79,1.0,1.0,214.44,7.0,6.0,1,1,6.0,2.4849066497880004,6.402083020456941,0.0,0,0.0
493,대조,0,4.0,22.0,793.53,12951.0,4.0,8.45,0.0,0.0,1,0.0,0.0,0.0,185.0,5.0,4.0,0,1,4.0,3.1354942159291497,6.677750744861126,0.010648620720073596,0,0.0
498,대조,0,,0.0,0.0,0.0,0.0,0.0,0.0,0.0,0,5.25,3.0,3.0,126.24000000000001,4.0,90.0,1,1,90.0,0.0,0.0,0.0,0,0.0
502,대조,0,10.0,7.0,219.35,101.0,0.0,0.0,0.0,0.0,0,0.0,0.0,0.0,31.880000000000003,2.0,10.0,0,1,10.0,2.0794415416798357,5.395217191287996,0.0,0,0.0
507,대조,0,22.0,7.0,194.6,14081.0,1.0,2.39,0.0,0.0,0,0.0,0.0,0.0,143.46,4.0,22.0,0,1,22.0,2.0794415416798357,5.276071757600717,0.012281603288797535,0,0.0
508,대조,0,15.0,11.0,325.79,99.0,0.0,0.0,0.0,0.0,0,0.0,0.0,0.0,13.96,2.0,15.0,0,1,15.0,2.4849066497880004,5.7893177627624635,0.0,0,0.0
514,대조,0,11.0,6.0,292.17,153.0,4.0,5.98,0.0,0.0,0,4.79,2.0,2.0,219.28,5.0,11.0,1,1,11.0,1.9459101490553132,5.68075264554151,0.020467536023547936,0,0.0
515,대조,0,3.0,9.0,221.28,105.0,0.0,0.0,0.0,0.0,0,6.34,7.0,3.0,484.48,10.0,3.0,1,1,3.0,2.302585092994046,5.40393784841172,0.0,0,0.0
517,대조,0,2.0,15.0,799.21,21560.0,4.0,8.23,0.0,0.0,0,0.0,0.0,0.0,95.8,5.0,2.0,0,1,2.0,2.772588722239781,6.68487419322083,0.010297668948086236,0,0.0
518,대조,0,5.0,18.0,432.88,191.0,0.0,0.0,0.0,0.0,1,3.34,2.0,2.0,217.17000000000002,10.0,5.0,1,1,5.0,2.9444389791664403,6.072767998172017,0.0,0,0.0
519,대조,0,15.0,5.0,166.25,67.0,0.0,0.0,0.0,1.0,0,0.0,0.0,0.0,66.16,3.0,15.0,0,1,15.0,1.791759469228055,5.119489699008338,0.0,0,1.0
520,대조,0,2.0,14.0,290.4,169.0,0.0,0.0,0.0,0.0,0,0.0,0.0,0.0,103.47,3.0,2.0,0,1,2.0,2.70805020110221,5.674696893761104,0.0,0,0.0
523,대조,0,70.0,2.0,17.21,14.0,0.0,0.0,0.0,0.0,1,4.5,2.0,2.0,134.34,3.0,70.0,1,1,70.0,1.0986122886681098,2.9019708937395166,0.0,0,0.0
526,대조,0,3.0,22.0,569.63,33484.0,2.0,7.76,0.0,1.0,1,0.0,0.0,0.0,117.87,10.0,3.0,0,1,3.0,3.1354942159291497,6.346741013632859,0.013622878008531854,0,1.0
527,대조,0,3.0,16.0,543.6,213.0,1.0,4.0,0.0,0.0,1,0.0,0.0,0.0,283.09,7.0,3.0,0,1,3.0,2.833213344056216,6.300051580239659,0.007358351729212656,0,0.0
530,대조,0,2.0,11.0,298.8,99.0,0.0,0.0,0.0,0.0,0,0.0,0.0,0.0,0.0,0.0,2.0,0,0,2.0,2.4849066497880004,5.703115585668497,0.0,0,0.0
534,대조,0,3.0,86.0,278.05,6017.0,1.0,0.75,0.0,0.0,1,1.67,1.0,1.0,69.33,34.0,3.0,1,1,3.0,4.465908118654584,5.631390977234442,0.0026973565905412692,0,0.0
537,대조,0,2.0,9.0,513.04,207.0,3.0,8.97,0.0,0.0,0,0.0,0.0,0.0,76.10000000000001,2.0,2.0,0,1,2.0,2.302585092994046,6.2423010834389405,0.017484016840792142,0,0.0
538,대조,0,33.0,8.0,559.9,214.0,0.0,0.0,0.0,0.0,0,5.99,2.0,2.0,102.5,2.0,33.0,1,1,33.0,2.1972245773362196,6.329542636514291,0.0,0,0.0
540,대조,0,4.0,9.0,309.54,106.0,0.0,0.0,0.0,0.0,1,0.0,0.0,0.0,79.26,4.0,4.0,0,1,4.0,2.302585092994046,5.738312717553024,0.0,0,0.0
541,대조,0,2.0,6.0,175.22,91.0,1.0,0.6,0.0,0.0,0,0.0,0.0,0.0,89.76,4.0,2.0,0,1,2.0,1.9459101490553132,5.171733214438584,0.0034242666362287407,0,0.0
542,대조,0,2.0,18.0,342.75,18853.0,1.0,2.89,0.0,0.0,1,0.0,0.0,0.0,116.23,8.0,2.0,0,1,2.0,2.9444389791664403,5.839914648980781,0.008431801604668126,0,0.0
543,대조,0,5.0,12.0,432.07,249.0,0.0,0.0,0.0,0.0,1,0.0,0.0,0.0,178.89,5.0,5.0,0,1,5.0,2.5649493574615367,6.070899377754016,0.0,0,0.0
544,대조,0,5.0,51.0,637.0600000000001,279.0,4.0,7.0,0.0,0.0,0,5.99,2.0,2.0,97.94,12.0,5.0,1,1,5.0,3.9512437185814275,6.458432322810088,0.010987976014818069,0,0.0
545,대조,0,18.0,8.0,369.1,208.0,0.0,0.0,0.0,0.0,0,0.0,0.0,0.0,193.56,3.0,18.0,0,1,18.0,2.1972245773362196,5.9137732393921105,0.0,0,0.0
546,대조,0,5.0,22.0,544.69,51897.0,0.0,0.0,0.0,0.0,1,0.0,0.0,0.0,142.13,6.0,5.0,0,1,5.0,3.1354942159291497,6.302051048937236,0.0,0,0.0
548,대조,0,7.0,15.0,989.0,442.0,0.0,0.0,0.0,0.0,1,0.0,0.0,0.0,279.03,4.0,7.0,0,1,7.0,2.772588722239781,6.897704943128636,0.0,0,0.0
549,대조,0,1.0,2.0,54.35,25.0,0.0,0.0,0.0,0.0,0,0.0,0.0,0.0,94.95,3.0,1.0,0,1,1.0,1.0986122886681098,4.013676659154646,0.0,0,0.0
553,대조,0,3.0,43.0,980.55,501.0,2.0,5.68,0.0,0.0,1,0.0,0.0,0.0,348.89,15.0,3.0,0,1,3.0,3.784189633918261,6.889132954854042,0.005792667380551731,0,0.0
558,대조,0,12.0,19.0,715.03,314.0,5.0,7.09,0.0,0.0,0,1.19,1.0,1.0,80.83,8.0,12.0,1,1,12.0,2.995732273553991,6.57372206552423,0.009915667874075215,0,0.0
562,대조,0,9.0,10.0,366.5,20980.0,0.0,0.0,0.0,1.0,0,0.0,0.0,0.0,100.39,4.0,9.0,0,1,9.0,2.3978952727983707,5.906723318652891,0.0,0,1.0
563,대조,0,4.0,11.0,404.78000000000003,33177.0,0.0,0.0,0.0,0.0,0,0.0,0.0,0.0,286.48,5.0,4.0,0,1,4.0,2.4849066497880004,6.005811140814903,0.0,0,0.0
566,대조,0,1.0,8.0,82.39,4547.0,0.0,0.0,0.0,0.0,0,0.0,0.0,0.0,117.1,9.0,1.0,0,1,1.0,2.1972245773362196,4.423528398098894,0.0,0,0.0
567,대조,0,1.0,28.0,170.47,92.0,0.0,0.0,0.0,1.0,1,6.0,9.0,3.0,175.94,14.0,1.0,1,1,1.0,3.367295829986474,5.14440832419076,0.0,0,1.0
569,대조,0,2.0,16.0,991.87,32457.0,3.0,7.1899999999999995,0.0,1.0,1,3.34,2.0,2.0,367.54,5.0,2.0,1,1,2.0,2.833213344056216,6.900599739059967,0.007248933832054603,0,1.0
570,대조,0,11.0,5.0,258.43,101.0,0.0,0.0,0.0,0.0,0,0.0,0.0,0.0,0.0,0.0,11.0,0,0,11.0,1.791759469228055,5.558486916698693,0.0,0,0.0
573,대조,0,1.0,22.0,523.55,278.0,0.0,0.0,0.0,0.0,0,0.0,0.0,0.0,139.48,7.0,1.0,0,1,1.0,3.1354942159291497,6.262540752177494,0.0,0,0.0
577,대조,0,2.0,8.0,694.04,253.0,3.0,4.84,0.0,0.0,0,5.95,5.0,2.0,255.7,3.0,2.0,1,1,2.0,2.1972245773362196,6.543969397865461,0.006973661460434558,0,0.0
580,대조,0,2.0,15.0,211.43,7207.0,2.0,4.470000000000001,0.0,0.0,0,1.99,1.0,1.0,46.44,5.0,2.0,1,1,2.0,2.772588722239781,5.358612522331792,0.021141749042236202,0,0.0
581,대조,0,13.0,15.0,353.92,174.0,1.0,4.78,0.0,0.0,0,0.0,0.0,0.0,419.33,12.0,13.0,0,1,13.0,2.772588722239781,5.871892411967137,0.013505877034358047,0,0.0
582,대조,0,13.0,15.0,713.86,199.0,3.0,9.370000000000001,0.0,0.0,1,0.0,0.0,0.0,177.16,7.0,13.0,0,1,13.0,2.772588722239781,6.572086719326059,0.01312582299050234,0,0.0
584,대조,0,7.0,9.0,183.79,6356.0,0.0,0.0,0.0,0.0,0,0.0,0.0,0.0,12.9,2.0,7.0,0,1,7.0,2.302585092994046,5.219220045189334,0.0,0,0.0
591,대조,0,2.0,55.0,2157.69,778.0,11.0,14.61,0.0,0.0,0,5.88,5.0,3.0,1147.92,28.0,2.0,1,1,2.0,4.02535169073515,7.677256835212443,0.006771130236502926,0,0.0
594,대조,0,26.0,11.0,513.76,209.0,0.0,0.0,0.0,0.0,0,0.0,0.0,0.0,52.8,4.0,26.0,0,1,26.0,2.4849066497880004,6.2437007726254645,0.0,0,0.0
596,대조,0,1.0,19.0,316.03000000000003,99.0,0.0,0.0,0.0,0.0,1,2.29,1.0,1.0,311.51,6.0,1.0,1,1,1.0,2.995732273553991,5.758996406623436,0.0,0,0.0
597,대조,0,4.0,13.0,513.53,274.0,0.0,0.0,0.0,0.0,1,0.0,0.0,0.0,417.73,5.0,4.0,0,1,4.0,2.6390573296152584,6.243253862612099,0.0,0,0.0
600,대조,0,14.0,22.0,850.05,40247.0,3.0,5.6,0.0,0.0,0,0.0,0.0,0.0,502.84,11.0,14.0,0,1,14.0,3.1354942159291497,6.746470881253982,0.006587847773660373,0,0.0
601,대조,0,9.0,9.0,580.53,30609.0,3.0,7.880000000000001,0.0,1.0,1,21.14,11.0,6.0,560.24,6.0,9.0,1,1,9.0,2.302585092994046,6.365662561341636,0.01357380324875545,0,1.0
606,대조,0,3.0,9.0,278.96,10093.0,0.0,0.0,0.0,0.0,1,0.0,0.0,0.0,298.16,7.0,3.0,0,1,3.0,2.302585092994046,5.634646735821339,0.0,0,0.0
607,대조,0,6.0,35.0,903.23,7550.0,4.0,6.99,0.0,0.0,1,0.0,0.0,0.0,10.0,1.0,6.0,0,1,6.0,3.58351893845611,6.807083752810442,0.007738892640855596,0,0.0
612,대조,0,1.0,14.0,504.85,14317.0,1.0,1.0,0.0,0.0,0,2.19,1.0,1.0,291.95,12.0,1.0,1,1,1.0,2.70805020110221,6.2262401826519,0.001980786372189759,0,0.0
614,대조,0,1.0,17.0,413.76,228.0,4.0,6.95,0.0,0.0,1,6.18,5.0,3.0,243.68,9.0,1.0,1,1,1.0,2.8903717578961645,6.027700039690077,0.016797177107501934,0,0.0
618,대조,0,2.0,96.0,1328.67,143298.0,2.0,8.6,0.0,0.0,0,8.68,4.0,3.0,841.17,46.0,2.0,1,1,2.0,4.574710978503383,7.192686070128113,0.006472638051585419,0,0.0
621,대조,0,27.0,11.0,267.81,83.0,1.0,0.99,0.0,0.0,1,0.0,0.0,0.0,208.94,6.0,27.0,0,1,27.0,2.4849066497880004,5.594004810337956,0.0036966506105074494,0,0.0
622,대조,0,3.0,24.0,454.98,162.0,0.0,0.0,0.0,1.0,1,8.19,11.0,5.0,212.24,11.0,3.0,1,1,3.0,3.2188758248682006,6.122448948903401,0.0,0,1.0
623,대조,0,1.0,24.0,1145.95,20365.0,1.0,3.0,0.0,0.0,1,1.19,1.0,1.0,525.49,24.0,1.0,1,1,1.0,3.2188758248682006,7.044861524200137,0.0026179152668091973,0,0.0
632,대조,0,6.0,13.0,352.92,7460.0,0.0,0.0,0.0,0.0,0,0.0,0.0,0.0,94.17,4.0,6.0,0,1,6.0,2.6390573296152584,5.8690708988939155,0.0,0,0.0
633,대조,0,8.0,32.0,942.57,52700.0,0.0,0.0,0.0,0.0,0,1.67,1.0,1.0,397.04,10.0,8.0,1,1,8.0,3.4965075614664802,6.849670553895424,0.0,0,0.0
634,대조,0,2.0,13.0,525.53,227.0,3.0,6.6899999999999995,0.0,0.0,0,6.0,3.0,2.0,308.43,9.0,2.0,1,1,2.0,2.6390573296152584,6.266308310007709,0.012730005898806919,0,0.0
638,대조,0,1.0,29.0,1351.73,138893.0,8.0,13.31,0.0,0.0,0,9.93,7.0,5.0,423.51,8.0,1.0,1,1,1.0,3.4011973816621555,7.209880051715712,0.00984664097119987,0,0.0
639,대조,0,40.0,1.0,2.0,2.0,0.0,0.0,0.0,0.0,0,0.0,0.0,0.0,119.13,6.0,40.0,0,1,40.0,0.6931471805599453,1.0986122886681098,0.0,0,0.0
640,대조,0,3.0,11.0,327.08,192.0,0.0,0.0,0.0,0.0,0,0.0,0.0,0.0,193.78,8.0,3.0,0,1,3.0,2.4849066497880004,5.793257481083804,0.0,0,0.0
646,대조,0,25.0,3.0,68.65,34.0,0.0,0.0,0.0,0.0,0,0.0,0.0,0.0,63.46,2.0,25.0,0,1,25.0,1.3862943611198906,4.243482700225814,0.0,0,0.0
656,대조,0,2.0,8.0,346.8,190.0,0.0,0.0,0.0,0.0,0,9.0,9.0,4.0,519.18,8.0,2.0,1,1,2.0,2.1972245773362196,5.851627601920183,0.0,0,0.0
660,대조,0,3.0,23.0,1212.64,40780.0,1.0,2.0,0.0,0.0,1,4.38,2.0,1.0,549.0,13.0,3.0,1,1,3.0,3.1780538303479458,7.101379387280218,0.0016492941021242907,0,0.0
661,대조,0,1.0,52.0,1261.41,329.0,0.0,0.0,0.0,0.0,1,0.0,0.0,0.0,454.59000000000003,26.0,1.0,0,1,1.0,3.970291913552122,7.140777871479754,0.0,0,0.0
662,대조,0,75.0,1.0,23.98,2.0,0.0,0.0,0.0,0.0,0,0.0,0.0,0.0,103.45,3.0,75.0,0,1,75.0,0.6931471805599453,3.2180755046974316,0.0,0,0.0
663,대조,0,7.0,13.0,397.67,10397.0,0.0,0.0,0.0,0.0,0,2.0,1.0,1.0,267.75,9.0,7.0,1,1,7.0,2.6390573296152584,5.988134007011526,0.0,0,0.0
665,대조,0,17.0,2.0,25.83,7.0,0.0,0.0,0.0,1.0,0,0.0,0.0,0.0,46.57,3.0,17.0,0,1,17.0,1.0986122886681098,3.2895206644375325,0.0,0,1.0
671,대조,0,19.0,12.0,473.65,36276.0,2.0,4.28,0.0,0.0,1,0.0,0.0,0.0,365.81,6.0,19.0,0,1,19.0,2.5649493574615367,6.162577690327807,0.0090362081705901,0,0.0
672,대조,0,1.0,18.0,611.91,330.0,4.0,8.38,0.0,0.0,1,0.0,0.0,0.0,113.38,9.0,1.0,0,1,1.0,2.9444389791664403,6.4182181062339305,0.013694824402281383,0,0.0
675,대조,0,3.0,29.0,640.3,25507.0,0.0,0.0,0.0,0.0,1,1.67,1.0,1.0,303.22,13.0,3.0,1,1,3.0,3.4011973816621555,6.463497366154817,0.0,0,0.0
680,대조,0,7.0,13.0,652.22,402.0,9.0,18.35,0.0,0.0,1,10.809999999999999,7.0,4.0,224.92,3.0,7.0,1,1,7.0,2.6390573296152584,6.481913979121144,0.028134678482720554,0,0.0
685,대조,0,4.0,19.0,620.25,11960.0,1.0,2.99,0.0,0.0,1,1.67,1.0,1.0,56.26,2.0,4.0,1,1,4.0,2.995732273553991,6.431733577410839,0.004820636839983878,0,0.0
688,대조,0,2.0,5.0,450.43,156.0,6.0,9.73,0.0,0.0,1,7.66,7.0,5.0,634.4,6.0,2.0,1,1,2.0,1.791759469228055,6.112420322077599,0.021601580711764316,0,0.0
690,대조,0,2.0,48.0,959.32,45575.0,1.0,2.16,0.0,0.0,1,0.0,0.0,0.0,282.11,16.0,2.0,0,1,2.0,3.8918202981106265,6.867266562252002,0.0022515948797064587,0,0.0
692,대조,0,1.0,20.0,527.99,21668.0,0.0,0.0,0.0,0.0,1,0.0,0.0,0.0,226.55,8.0,1.0,0,1,1.0,3.044522437723423,6.270969528087942,0.0,0,0.0
694,대조,0,17.0,11.0,132.05,52.0,0.0,0.0,0.0,0.0,0,0.0,0.0,0.0,63.56,5.0,17.0,0,1,17.0,2.4849066497880004,4.890724997423698,0.0,0,0.0
695,대조,0,2.0,32.0,1366.71,53253.0,1.0,2.29,0.0,0.0,1,0.0,0.0,0.0,636.14,12.0,2.0,0,1,2.0,3.4965075614664802,7.220893087405706,0.001675556628692261,0,0.0
696,대조,0,2.0,51.0,2074.1,97770.0,3.0,9.97,0.0,0.0,1,6.1899999999999995,3.0,2.0,1011.76,22.0,2.0,1,1,2.0,3.9512437185814275,7.637764624274649,0.004806904199411793,0,0.0
697,대조,0,2.0,8.0,183.89000000000001,75.0,0.0,0.0,0.0,0.0,0,1.67,1.0,1.0,292.29,8.0,2.0,1,1,2.0,2.1972245773362196,5.219761053642261,0.0,0,0.0
702,대조,0,1.0,45.0,1229.83,33093.0,6.0,14.51,0.0,0.0,0,0.0,0.0,0.0,689.83,27.0,1.0,0,1,1.0,3.828641396489095,7.115444017541476,0.011798378637697894,0,0.0
703,대조,0,1.0,33.0,1321.73,158277.0,17.0,46.58,0.0,0.0,0,2.89,1.0,1.0,417.75,19.0,1.0,1,1,1.0,3.5263605246161616,7.1874530616548125,0.03524169081431155,0,0.0
705,대조,0,2.0,10.0,204.11,91.0,0.0,0.0,0.0,0.0,0,2.0,1.0,1.0,70.16,3.0,2.0,1,1,2.0,2.3978952727983707,5.323546420593813,0.0,0,0.0
707,대조,0,2.0,80.0,3299.54,285955.0,12.0,25.36,0.0,0.0,1,14.81,7.0,4.0,1093.82,21.0,2.0,1,1,2.0,4.394449154672439,8.101841370431238,0.007685919855495008,0,0.0
708,대조,0,2.0,9.0,343.84,161.0,0.0,0.0,0.0,1.0,1,0.0,0.0,0.0,51.68,1.0,2.0,0,1,2.0,2.302585092994046,5.843080541341724,0.0,0,1.0
715,대조,0,28.0,15.0,277.21,6861.0,0.0,0.0,0.0,0.0,1,0.88,2.0,1.0,194.79,6.0,28.0,1,1,28.0,2.772588722239781,5.628376224206372,0.0,0,0.0
716,대조,0,5.0,15.0,263.14,9826.0,2.0,3.34,0.0,0.0,1,5.0,3.0,1.0,109.53,7.0,5.0,1,1,5.0,2.772588722239781,5.576479265615658,0.0126928631146918,0,0.0
725,대조,0,2.0,17.0,745.02,490.0,7.0,7.99,0.0,0.0,1,5.33,3.0,3.0,536.21,13.0,2.0,1,1,2.0,2.8903717578961645,6.614752409495863,0.01072454430753537,0,0.0
726,대조,0,10.0,7.0,260.88,109.0,1.0,3.0,0.0,0.0,0,8.29,4.0,4.0,151.53,8.0,10.0,1,1,10.0,2.0794415416798357,5.5678863835728905,0.011499540018399264,0,0.0
727,대조,0,1.0,19.0,814.56,383.0,3.0,8.35,0.0,0.0,0,0.0,0.0,0.0,254.58,6.0,1.0,0,1,1.0,2.995732273553991,6.703874993848774,0.010250933019053231,0,0.0
728,대조,0,1.0,80.0,2099.94,182121.0,4.0,18.52,0.0,0.0,0,0.0,0.0,0.0,940.46,31.0,1.0,0,1,1.0,4.394449154672439,7.650140142607613,0.008819299599036162,0,0.0
729,대조,0,8.0,8.0,399.83,175.0,2.0,5.53,0.0,0.0,0,0.0,0.0,0.0,17.560000000000002,1.0,8.0,0,1,8.0,2.1972245773362196,5.993537397268912,0.013830878123202363,0,0.0
730,대조,0,4.0,9.0,121.6,54.0,5.0,16.0,0.0,1.0,0,15.0,6.0,3.0,90.35,6.0,4.0,1,1,4.0,2.302585092994046,4.808927023502111,0.13157894736842105,0,1.0
731,대조,0,1.0,36.0,518.61,21405.0,0.0,0.0,0.0,0.0,1,0.0,0.0,0.0,220.84,12.0,1.0,0,1,1.0,3.6109179126442243,6.253078530184769,0.0,0,0.0
733,대조,0,4.0,10.0,331.82,216.0,0.0,0.0,0.0,0.0,1,0.0,0.0,0.0,283.69,6.0,4.0,0,1,4.0,2.3978952727983707,5.807601803295198,0.0,0,0.0
734,대조,0,10.0,8.0,146.42,8493.0,0.0,0.0,0.0,0.0,0,0.0,0.0,0.0,65.75999999999999,4.0,10.0,0,1,10.0,2.1972245773362196,4.9932856557611425,0.0,0,0.0
737,대조,0,35.0,2.0,17.490000000000002,8.0,0.0,0.0,0.0,1.0,0,0.0,0.0,0.0,0.0,0.0,35.0,0,0,35.0,1.0986122886681098,2.9172300453990334,0.0,0,1.0
740,대조,0,7.0,24.0,1120.92,553.0,9.0,12.940000000000001,0.0,1.0,1,8.27,11.0,4.0,470.37,8.0,7.0,1,1,7.0,3.2188758248682006,7.022796782292815,0.011544088784212968,0,1.0
741,대조,0,4.0,18.0,699.95,15072.0,4.0,9.16,0.0,0.0,1,2.79,1.0,1.0,344.43,11.0,4.0,1,1,4.0,2.9444389791664403,6.552436557814545,0.013086649046360454,0,0.0
742,대조,0,1.0,51.0,667.59,19537.0,0.0,0.0,0.0,0.0,1,0.0,0.0,0.0,216.94,22.0,1.0,0,1,1.0,3.9512437185814275,6.505171017248362,0.0,0,0.0
743,대조,0,12.0,9.0,433.86,224.0,2.0,4.95,0.0,0.0,0,0.0,0.0,0.0,205.22,5.0,12.0,0,1,12.0,2.302585092994046,6.075024140206913,0.011409210344350712,0,0.0
745,대조,0,2.0,28.0,973.86,491.0,11.0,25.31,0.0,1.0,0,2.79,1.0,1.0,447.53000000000003,10.0,2.0,1,1,2.0,3.367295829986474,6.882293870944263,0.025989361920604602,0,1.0
747,대조,0,2.0,17.0,117.37,48.0,0.0,0.0,0.0,0.0,0,0.0,0.0,0.0,79.75,10.0,2.0,0,1,2.0,2.8903717578961645,4.773815311965802,0.0,0,0.0
748,대조,0,,0.0,0.0,0.0,0.0,0.0,0.0,0.0,1,0.0,0.0,0.0,0.0,0.0,90.0,0,0,90.0,0.0,0.0,0.0,0,0.0
749,대조,0,9.0,18.0,452.33,213.0,1.0,1.67,0.0,0.0,0,0.0,0.0,0.0,124.62,7.0,9.0,0,1,9.0,2.9444389791664403,6.116620337093779,0.0036919947825702474,0,0.0
752,대조,0,1.0,21.0,935.01,127315.0,3.0,5.0,0.0,0.0,1,5.78,2.0,2.0,278.82,9.0,1.0,1,1,1.0,3.091042453358316,6.841626160181205,0.0053475363899851336,0,0.0
754,대조,0,29.0,4.0,247.72,106.0,0.0,0.0,0.0,1.0,0,0.0,0.0,0.0,189.1,3.0,29.0,0,1,29.0,1.6094379124341003,5.516327765750498,0.0,0,1.0
757,대조,0,13.0,4.0,325.14,128.0,0.0,0.0,0.0,0.0,0,0.0,0.0,0.0,80.05,2.0,13.0,0,1,13.0,1.6094379124341003,5.787326737033131,0.0,0,0.0
760,대조,0,2.0,16.0,397.76,159.0,0.0,0.0,0.0,1.0,0,0.0,0.0,0.0,126.87,3.0,2.0,0,1,2.0,2.833213344056216,5.988359732154503,0.0,0,1.0
761,대조,0,5.0,17.0,833.16,428.0,4.0,9.64,0.0,0.0,1,0.0,0.0,0.0,226.6,6.0,5.0,0,1,5.0,2.8903717578961645,6.726425230481338,0.011570406644582074,0,0.0
762,대조,0,1.0,140.0,1269.77,83010.0,4.0,10.64,0.0,1.0,1,1.67,1.0,1.0,348.35,43.0,1.0,1,1,1.0,4.948759890378168,7.147378294940125,0.008379470297770463,0,1.0
763,대조,0,1.0,7.0,674.75,341.0,8.0,16.63,0.0,0.0,0,2.48,1.0,1.0,175.04,1.0,1.0,1,1,1.0,2.0794415416798357,6.515823185156557,0.02464616524638755,0,0.0
764,대조,0,1.0,2.0,54.25,28.0,0.0,0.0,0.0,0.0,1,0.0,0.0,0.0,421.06,13.0,1.0,0,1,1.0,1.0986122886681098,4.0118683403978626,0.0,0,0.0
768,대조,0,1.0,54.0,660.12,18270.0,0.0,0.0,0.0,0.0,1,4.41,3.0,3.0,482.48,34.0,1.0,1,1,1.0,4.007333185232471,6.493935366491219,0.0,0,0.0
769,대조,0,18.0,8.0,203.42000000000002,110.0,0.0,0.0,0.0,0.0,0,0.0,0.0,0.0,15.16,1.0,18.0,0,1,18.0,2.1972245773362196,5.32017670090093,0.0,0,0.0
771,대조,0,4.0,59.0,993.82,522.0,3.0,5.390000000000001,0.0,1.0,1,4.38,2.0,2.0,419.4,31.0,4.0,1,1,4.0,4.0943445622221,6.902561816270783,0.0054235173371435475,0,1.0
779,대조,0,15.0,9.0,384.23,142.0,2.0,4.5600000000000005,0.0,0.0,1,0.0,0.0,0.0,89.31,5.0,15.0,0,1,15.0,2.302585092994046,5.953840558511292,0.011867891627410667,0,0.0
780,대조,0,10.0,13.0,56.510000000000005,32.0,0.0,0.0,0.0,0.0,0,0.0,0.0,0.0,24.09,4.0,10.0,0,1,10.0,2.6390573296152584,4.051958845725663,0.0,0,0.0
784,대조,0,8.0,14.0,315.62,9995.0,0.0,0.0,0.0,1.0,1,0.0,0.0,0.0,152.65,5.0,8.0,0,1,8.0,2.70805020110221,5.757702316645632,0.0,0,1.0
785,대조,0,32.0,8.0,153.71,14224.0,1.0,2.0,0.0,1.0,1,0.0,0.0,0.0,84.8,2.0,32.0,0,1,32.0,2.1972245773362196,5.041552396730977,0.013011515190943984,0,1.0
786,대조,0,5.0,44.0,1318.22,405.0,0.0,0.0,0.0,0.0,1,0.0,0.0,0.0,747.27,11.0,5.0,0,1,5.0,3.8066624897703196,7.184795931833923,0.0,0,0.0
787,대조,0,3.0,25.0,360.66,125.0,0.0,0.0,0.0,0.0,1,0.0,0.0,0.0,136.33,12.0,3.0,0,1,3.0,3.258096538021482,5.890704543956834,0.0,0,0.0
790,대조,0,5.0,6.0,239.16,88.0,1.0,2.0,0.0,0.0,1,6.87,3.0,3.0,287.61,6.0,5.0,1,1,5.0,1.9459101490553132,5.4813053678851515,0.008362602441879913,0,0.0
793,대조,0,5.0,8.0,81.49,29.0,0.0,0.0,0.0,0.0,0,0.0,0.0,0.0,48.34,6.0,5.0,0,1,5.0,2.1972245773362196,4.41267707387264,0.0,0,0.0
802,대조,0,2.0,8.0,160.13,35.0,0.0,0.0,0.0,0.0,1,0.0,0.0,0.0,39.15,3.0,2.0,0,1,2.0,2.1972245773362196,5.082211492585477,0.0,0,0.0
804,대조,0,4.0,41.0,879.12,453.0,0.0,0.0,0.0,0.0,0,0.0,0.0,0.0,233.26,15.0,4.0,0,1,4.0,3.7376696182833684,6.7800582618119405,0.0,0,0.0
807,대조,0,6.0,16.0,651.05,32499.0,0.0,0.0,0.0,0.0,0,0.0,0.0,0.0,276.79,8.0,6.0,0,1,6.0,2.833213344056216,6.480121246102911,0.0,0,0.0
808,대조,0,4.0,35.0,543.98,28652.0,1.0,3.34,0.0,0.0,1,0.0,0.0,0.0,67.73,7.0,4.0,0,1,4.0,3.58351893845611,6.3007490967421775,0.0061399316151329085,0,0.0
817,대조,0,7.0,28.0,725.24,335.0,3.0,9.379999999999999,0.0,1.0,1,5.68,2.0,2.0,345.45,8.0,7.0,1,1,7.0,3.367295829986474,6.587880538708156,0.012933649550493628,0,1.0
820,대조,0,73.0,4.0,118.95,46.0,2.0,3.0,0.0,0.0,0,0.0,0.0,0.0,172.03,4.0,73.0,0,1,73.0,1.6094379124341003,4.787074989285704,0.025220680958385876,0,0.0
823,대조,0,16.0,17.0,449.64,176.0,0.0,0.0,0.0,0.0,1,0.0,0.0,0.0,71.57,4.0,16.0,0,1,16.0,2.8903717578961645,6.110668794586458,0.0,0,0.0
825,대조,0,5.0,38.0,1733.0,129178.0,3.0,6.17,0.0,0.0,1,0.0,0.0,0.0,812.15,17.0,5.0,0,1,5.0,3.6635616461296463,7.458186157340487,0.0035603000577034043,0,0.0
830,대조,0,3.0,52.0,317.95,265.0,0.0,0.0,0.0,0.0,0,0.0,0.0,0.0,16.68,2.0,3.0,0,1,3.0,3.970291913552122,5.765034350687964,0.0,0,0.0
831,대조,0,5.0,20.0,1359.77,453.0,0.0,0.0,0.0,0.0,1,0.0,0.0,0.0,532.1,10.0,5.0,0,1,5.0,3.044522437723423,7.215805994983259,0.0,0,0.0
836,대조,0,5.0,18.0,414.43,176.0,5.0,15.530000000000001,0.0,0.0,0,2.39,1.0,1.0,73.8,7.0,5.0,1,1,5.0,2.9444389791664403,6.02931412838173,0.0374731559008759,0,0.0
840,대조,0,2.0,37.0,1872.04,572.0,8.0,18.48,0.0,0.0,1,10.18,9.0,5.0,753.79,10.0,2.0,1,1,2.0,3.6375861597263857,7.535318058329238,0.009871583940514092,0,0.0
841,대조,0,15.0,20.0,251.16,10158.0,1.0,3.0,0.0,0.0,0,0.0,0.0,0.0,32.730000000000004,4.0,15.0,0,1,15.0,3.044522437723423,5.5300638066695145,0.011944577161968466,0,0.0
842,대조,0,1.0,101.0,1243.57,63256.0,2.0,3.0,0.0,0.0,0,0.44,1.0,1.0,889.92,54.0,1.0,1,1,1.0,4.624972813284271,7.126545367714767,0.0024124094341291605,0,0.0
844,대조,0,4.0,17.0,809.14,260.0,0.0,0.0,0.0,0.0,1,0.0,0.0,0.0,210.2,7.0,4.0,0,1,4.0,2.8903717578961645,6.697207072237631,0.0,0,0.0
850,대조,0,8.0,13.0,116.83,90.0,0.0,0.0,0.0,0.0,0,0.0,0.0,0.0,146.0,9.0,8.0,0,1,8.0,2.6390573296152584,4.769242907725249,0.0,0,0.0
852,대조,0,1.0,18.0,294.01,126.0,1.0,2.0,0.0,0.0,1,0.0,0.0,0.0,28.16,3.0,1.0,0,1,1.0,2.9444389791664403,5.68700925407037,0.006802489711234312,0,0.0
853,대조,0,1.0,77.0,2016.18,128133.0,2.0,3.0,0.0,0.0,1,2.79,1.0,1.0,737.09,28.0,1.0,1,1,1.0,4.356708826689592,7.609455775420125,0.0014879623843109247,0,0.0
854,대조,0,56.0,7.0,60.75,22.0,0.0,0.0,0.0,0.0,0,0.0,0.0,0.0,33.54,3.0,56.0,0,1,56.0,2.0794415416798357,4.123093975508087,0.0,0,0.0
855,대조,0,39.0,25.0,778.87,333.0,2.0,4.34,0.0,0.0,0,6.57,3.0,2.0,496.08,21.0,39.0,1,1,39.0,3.258096538021482,6.659127239126539,0.005572175074145878,0,0.0
857,대조,0,5.0,10.0,1004.92,445.0,2.0,3.96,0.0,0.0,1,2.19,1.0,1.0,217.92,2.0,5.0,1,1,5.0,2.3978952727983707,6.913657824634751,0.0039406121880348685,0,0.0
859,대조,0,2.0,23.0,870.72,77134.0,3.0,3.75,0.0,0.0,1,2.0,3.0,2.0,223.37,7.0,2.0,1,1,2.0,3.1780538303479458,6.77046827142761,0.004306780595369349,0,0.0
862,대조,0,3.0,10.0,159.8,101.0,0.0,0.0,0.0,0.0,0,0.0,0.0,0.0,164.03,5.0,3.0,0,1,3.0,2.3978952727983707,5.080161356744866,0.0,0,0.0
863,대조,0,1.0,10.0,86.07000000000001,37.0,0.0,0.0,0.0,0.0,1,4.0,2.0,2.0,32.339999999999996,6.0,1.0,1,1,1.0,2.3978952727983707,4.466712392840524,0.0,0,0.0
867,대조,0,1.0,25.0,809.22,52328.0,4.0,9.45,0.0,0.0,1,2.6,5.0,1.0,238.71,6.0,1.0,1,1,1.0,3.258096538021482,6.697305815726812,0.011677912063468524,0,0.0
868,대조,0,1.0,20.0,996.25,56625.0,5.0,14.190000000000001,0.0,0.0,1,2.5,1.0,1.0,468.37,11.0,1.0,1,1,1.0,3.044522437723423,6.905001490785516,0.014243412797992473,0,0.0
871,대조,0,1.0,22.0,1927.32,623.0,1.0,2.39,0.0,0.0,1,0.0,0.0,0.0,429.46000000000004,4.0,1.0,0,1,1.0,3.1354942159291497,7.564404436501881,0.0012400639229603802,0,0.0
873,대조,0,3.0,14.0,449.47,33865.0,2.0,6.0,0.0,0.0,0,0.0,0.0,0.0,127.46,5.0,3.0,0,1,3.0,2.70805020110221,6.110291482156196,0.013349055554319532,0,0.0
876,대조,0,1.0,35.0,1018.84,49318.0,3.0,8.46,0.0,1.0,0,7.46,3.0,3.0,452.73,19.0,1.0,1,1,1.0,3.58351893845611,6.927401031228972,0.008303560912410192,0,1.0
877,대조,0,13.0,8.0,318.91,145.0,3.0,6.0,0.0,1.0,0,0.0,0.0,0.0,251.76,5.0,13.0,0,1,13.0,2.1972245773362196,5.768039706235574,0.01881408547866169,0,1.0
879,대조,0,67.0,2.0,61.519999999999996,24.0,1.0,2.39,0.0,0.0,1,1.99,1.0,1.0,348.40999999999997,9.0,67.0,1,1,67.0,1.0986122886681098,4.135486505553276,0.03884915474642393,0,0.0
881,대조,0,1.0,26.0,763.23,508.0,2.0,4.78,0.0,0.0,0,3.98,2.0,1.0,351.75,10.0,1.0,1,1,1.0,3.295836866004329,6.6388687909813475,0.006262856543898956,0,0.0
882,대조,0,1.0,14.0,169.56,80.0,0.0,0.0,0.0,0.0,1,2.48,1.0,1.0,265.42,6.0,1.0,1,1,1.0,2.70805020110221,5.139087140977479,0.0,0,0.0
884,대조,0,1.0,6.0,103.24,56.0,0.0,0.0,0.0,0.0,0,0.0,0.0,0.0,0.0,0.0,1.0,0,0,1.0,1.9459101490553132,4.6466959328165895,0.0,0,0.0
885,대조,0,3.0,11.0,247.25,7513.0,0.0,0.0,0.0,0.0,0,0.0,0.0,0.0,288.37,11.0,3.0,0,1,3.0,2.4849066497880004,5.514436302925282,0.0,0,0.0
893,대조,0,5.0,4.0,173.58,118.0,0.0,0.0,0.0,0.0,0,1.67,1.0,1.0,159.61,4.0,5.0,1,1,5.0,1.6094379124341003,5.162383089307204,0.0,0,0.0
896,대조,0,5.0,19.0,895.9,39556.0,10.0,19.67,1.0,1.0,0,19.39,10.0,9.0,558.78,11.0,5.0,1,1,5.0,2.995732273553991,6.798944373123957,0.021955575399040073,1,1.0
901,대조,0,20.0,13.0,514.01,259.0,0.0,0.0,0.0,1.0,0,2.79,1.0,1.0,364.81,10.0,20.0,1,1,20.0,2.6390573296152584,6.244186317950947,0.0,0,1.0
906,대조,0,2.0,74.0,1241.19,150427.0,0.0,0.0,0.0,1.0,1,9.74,11.0,2.0,619.87,27.0,2.0,1,1,2.0,4.31748811353631,7.124631229859342,0.0,0,1.0
908,대조,0,1.0,37.0,1233.52,27091.0,0.0,0.0,0.0,0.0,1,0.0,0.0,0.0,373.9,13.0,1.0,0,1,1.0,3.6375861597263857,7.11843750954505,0.0,0,0.0
911,대조,0,6.0,16.0,783.61,12895.0,3.0,3.5300000000000002,0.0,0.0,1,6.47,3.0,3.0,280.16,5.0,6.0,1,1,6.0,2.833213344056216,6.665186779042179,0.0045047919245543066,0,0.0
915,대조,0,1.0,18.0,172.41,115.0,0.0,0.0,0.0,0.0,1,0.0,0.0,0.0,44.15,6.0,1.0,0,1,1.0,2.9444389791664403,5.1556587328104575,0.0,0,0.0
916,대조,0,9.0,11.0,99.2,14984.0,0.0,0.0,0.0,0.0,0,0.0,0.0,0.0,91.96,7.0,9.0,0,1,9.0,2.4849066497880004,4.607168188650764,0.0,0,0.0
919,대조,0,2.0,27.0,404.21,217.0,0.0,0.0,0.0,0.0,0,0.0,0.0,0.0,10.16,2.0,2.0,0,1,2.0,3.332204510175204,6.004405451240783,0.0,0,0.0
923,대조,0,3.0,20.0,426.67,27668.0,0.0,0.0,0.0,0.0,0,5.0,3.0,1.0,233.98,12.0,3.0,1,1,3.0,3.044522437723423,6.05835187014942,0.0,0,0.0
925,대조,0,60.0,6.0,55.52,35.0,0.0,0.0,0.0,0.0,0,0.0,0.0,0.0,2.84,2.0,60.0,0,1,60.0,1.9459101490553132,4.034594557816327,0.0,0,0.0
927,대조,0,23.0,4.0,88.16,44.0,1.0,3.96,0.0,0.0,0,6.87,3.0,3.0,153.29,5.0,23.0,1,1,23.0,1.6094379124341003,4.490432508517668,0.044918330308529944,0,0.0
929,대조,0,3.0,16.0,522.6,23810.0,1.0,0.75,0.0,0.0,1,3.2,5.0,2.0,248.02,8.0,3.0,1,1,3.0,2.833213344056216,6.260728034035745,0.0014351320321469574,0,0.0
931,대조,0,42.0,5.0,612.49,261.0,0.0,0.0,0.0,0.0,0,0.0,0.0,0.0,161.89,1.0,42.0,0,1,42.0,1.791759469228055,6.419163964099621,0.0,0,0.0
938,대조,0,38.0,1.0,9.27,4.0,0.0,0.0,0.0,1.0,0,0.0,0.0,0.0,142.29,1.0,38.0,0,1,38.0,0.6931471805599453,2.329227023940467,0.0,0,1.0
939,대조,0,10.0,3.0,81.7,51.0,0.0,0.0,0.0,0.0,1,0.0,0.0,0.0,13.030000000000001,1.0,10.0,0,1,10.0,1.3862943611198906,4.415219602029645,0.0,0,0.0
940,대조,0,18.0,12.0,148.11,69.0,0.0,0.0,0.0,0.0,0,0.0,0.0,0.0,37.43,2.0,18.0,0,1,18.0,2.5649493574615367,5.0046842886028164,0.0,0,0.0
941,대조,0,4.0,22.0,477.82,21612.0,5.0,12.49,0.0,0.0,1,0.0,0.0,0.0,61.0,6.0,4.0,0,1,4.0,3.1354942159291497,6.171324743905833,0.02613955045833159,0,0.0
942,대조,0,2.0,27.0,1017.0,576.0,1.0,2.69,0.0,0.0,0,4.15,2.0,2.0,577.27,13.0,2.0,1,1,2.0,3.332204510175204,6.925595197110468,0.0026450344149459193,0,0.0
943,대조,0,1.0,21.0,579.44,26308.0,1.0,1.67,0.0,0.0,0,0.0,0.0,0.0,556.01,31.0,1.0,0,1,1.0,3.091042453358316,6.363786436622893,0.002882093055363799,0,0.0
944,대조,0,15.0,9.0,153.73,20997.0,0.0,0.0,0.0,0.0,0,0.0,0.0,0.0,162.61,4.0,15.0,0,1,15.0,2.302585092994046,5.041681662501581,0.0,0,0.0
946,대조,0,7.0,15.0,521.38,319.0,3.0,8.17,0.0,1.0,1,2.19,1.0,1.0,97.65,6.0,7.0,1,1,7.0,2.772588722239781,6.2583952923901345,0.015669952817522727,0,1.0
949,대조,0,7.0,23.0,804.49,92486.0,1.0,1.98,0.0,0.0,1,0.0,0.0,0.0,312.06,6.0,7.0,0,1,7.0,3.1780538303479458,6.69145078789068,0.0024611865902621536,0,0.0
952,대조,0,3.0,20.0,327.06,143.0,0.0,0.0,0.0,0.0,0,4.17,3.0,2.0,191.01,7.0,3.0,1,1,3.0,3.044522437723423,5.79319651848434,0.0,0,0.0
954,대조,0,6.0,8.0,382.45,197.0,2.0,9.0,0.0,1.0,0,1.99,1.0,1.0,46.839999999999996,1.0,6.0,1,1,6.0,2.1972245773362196,5.949209234210868,0.023532487906915936,0,1.0
955,대조,0,5.0,25.0,361.69,248.0,4.0,8.54,0.0,0.0,1,14.29,7.0,4.0,522.8,17.0,5.0,1,1,5.0,3.258096538021482,5.893548474913457,0.023611379910973482,0,0.0
956,대조,0,1.0,80.0,1407.95,153457.0,2.0,1.98,0.0,0.0,1,2.89,1.0,1.0,419.72,28.0,1.0,1,1,1.0,4.394449154672439,7.250600025108634,0.001406299939628538,0,0.0
957,대조,0,1.0,35.0,145.33,124.0,0.0,0.0,0.0,0.0,0,0.0,0.0,0.0,111.11,25.0,1.0,0,1,1.0,3.58351893845611,4.985864345104336,0.0,0,0.0
964,대조,0,18.0,6.0,386.41,220.0,0.0,0.0,0.0,0.0,0,1.76,4.0,2.0,257.13,5.0,18.0,1,1,18.0,1.9459101490553132,5.959483563752804,0.0,0,0.0
965,대조,0,1.0,16.0,858.65,302.0,2.0,5.67,0.0,0.0,0,0.0,0.0,0.0,33.47,3.0,1.0,0,1,1.0,2.833213344056216,6.756525329665856,0.006603389040936354,0,0.0
971,대조,0,11.0,15.0,381.39,167.0,0.0,0.0,0.0,0.0,1,0.0,0.0,0.0,107.75,7.0,11.0,0,1,11.0,2.772588722239781,5.946441030207698,0.0,0,0.0
973,대조,0,1.0,16.0,2556.4500000000003,12175.0,10.0,23.13,0.0,0.0,1,1.99,1.0,1.0,877.84,3.0,1.0,1,1,1.0,2.833213344056216,7.84676594729254,0.009047702869213166,0,0.0
975,대조,0,4.0,27.0,723.99,111636.0,0.0,0.0,0.0,0.0,0,0.0,0.0,0.0,375.69,13.0,4.0,0,1,4.0,3.332204510175204,6.586157861656101,0.0,0,0.0
976,대조,0,26.0,10.0,616.37,244.0,3.0,5.37,0.0,0.0,1,1.34,2.0,1.0,271.15999999999997,3.0,26.0,1,1,26.0,2.3978952727983707,6.425468520022568,0.008712299430536852,0,0.0
978,대조,0,6.0,14.0,175.33,60.0,0.0,0.0,0.0,0.0,0,1.99,1.0,1.0,180.47,7.0,6.0,1,1,6.0,2.70805020110221,5.172357239419832,0.0,0,0.0
983,대조,0,6.0,30.0,716.53,312.0,0.0,0.0,0.0,0.0,1,4.18,2.0,2.0,331.55,18.0,6.0,1,1,6.0,3.4339872044851463,6.575814758606375,0.0,0,0.0
984,대조,0,34.0,4.0,63.7,28.0,0.0,0.0,0.0,0.0,0,0.0,0.0,0.0,100.37,3.0,34.0,0,1,34.0,1.6094379124341003,4.169761201506855,0.0,0,0.0
986,대조,0,11.0,14.0,338.17,141.0,1.0,1.99,0.0,1.0,1,0.0,0.0,0.0,153.77,6.0,11.0,0,1,11.0,2.70805020110221,5.826501456610174,0.005884614247272082,0,1.0
987,대조,0,2.0,24.0,525.66,218.0,2.0,6.0,0.0,1.0,0,0.0,0.0,0.0,76.53,7.0,2.0,0,1,2.0,3.2188758248682006,6.266555179044938,0.011414222120762471,0,1.0
993,대조,0,1.0,19.0,582.83,286.0,3.0,8.77,0.0,1.0,1,0.0,0.0,0.0,147.64000000000001,7.0,1.0,0,1,1.0,2.995732273553991,6.369609844561183,0.015047269358131872,0,1.0
998,대조,0,3.0,36.0,1370.74,26065.0,1.0,1.67,0.0,0.0,0,6.99,4.0,2.0,894.37,27.0,3.0,1,1,3.0,3.6109179126442243,7.22383528595443,0.0012183200315158235,0,0.0
1000,대조,0,1.0,19.0,726.12,370.0,6.0,11.71,0.0,0.0,0,0.0,0.0,0.0,263.82,9.0,1.0,0,1,1.0,2.995732273553991,6.589091525810515,0.016126810995427752,0,0.0
1004,대조,0,5.0,44.0,693.33,115011.0,0.0,0.0,0.0,0.0,1,0.0,0.0,0.0,438.11,18.0,5.0,0,1,5.0,3.8066624897703196,6.542947351813216,0.0,0,0.0
1005,대조,0,3.0,27.0,379.96,231.0,1.0,1.67,0.0,0.0,0,0.0,0.0,0.0,223.43,16.0,3.0,0,1,3.0,3.332204510175204,5.942694382738552,0.004395199494683651,0,0.0
1007,대조,0,1.0,24.0,172.81,156.0,0.0,0.0,0.0,0.0,0,0.0,0.0,0.0,54.660000000000004,8.0,1.0,0,1,1.0,3.2188758248682006,5.157962748575389,0.0,0,0.0
1010,대조,0,3.0,8.0,226.09,17407.0,2.0,5.96,0.0,0.0,0,2.99,1.0,1.0,186.72,5.0,3.0,1,1,3.0,2.1972245773362196,5.425346414676578,0.026361183599451544,0,0.0
1011,대조,0,5.0,20.0,519.07,33644.0,4.0,9.29,0.0,0.0,0,0.0,0.0,0.0,214.07000000000002,9.0,5.0,0,1,5.0,3.044522437723423,6.253963417900251,0.017897393415146318,0,0.0
1014,대조,0,5.0,34.0,794.05,49884.0,1.0,1.5,0.0,0.0,1,5.3,4.0,3.0,397.15000000000003,18.0,5.0,1,1,5.0,3.5553480614894135,6.678405005758406,0.001889049807946603,0,0.0
1016,대조,0,15.0,10.0,658.23,231.0,3.0,12.97,0.0,0.0,0,0.0,0.0,0.0,21.47,2.0,15.0,0,1,15.0,2.3978952727983707,6.491072487268465,0.019704358658827463,0,0.0
1017,대조,0,2.0,10.0,477.18,238.0,3.0,8.27,0.0,0.0,0,2.99,1.0,1.0,152.82,4.0,2.0,1,1,2.0,2.3978952727983707,6.169987230644788,0.01733098621065426,0,0.0
1019,대조,0,9.0,8.0,236.54,80.0,0.0,0.0,0.0,0.0,0,0.0,0.0,0.0,32.87,2.0,9.0,0,1,9.0,2.1972245773362196,5.470336030346094,0.0,0,0.0
1020,대조,0,14.0,14.0,1001.8100000000001,411.0,11.0,17.240000000000002,0.0,0.0,1,23.1,13.0,12.0,667.33,7.0,14.0,1,1,14.0,2.70805020110221,6.910561338312599,0.017208851977919964,0,0.0
1021,대조,0,7.0,12.0,119.89,53.0,0.0,0.0,0.0,1.0,1,0.0,0.0,0.0,62.93,6.0,7.0,0,1,7.0,2.5649493574615367,4.794881041213901,0.0,0,1.0
1024,대조,0,19.0,14.0,958.88,9737.0,4.0,12.870000000000001,0.0,0.0,1,9.11,4.0,2.0,739.89,9.0,19.0,1,1,19.0,2.70805020110221,6.86680827664873,0.013421908893709329,0,0.0
1025,대조,0,12.0,18.0,755.06,439.0,4.0,11.55,0.0,0.0,0,2.79,1.0,1.0,312.58,8.0,12.0,1,1,12.0,2.9444389791664403,6.628120738109657,0.015296797605488308,0,0.0
1031,대조,0,,0.0,0.0,0.0,0.0,0.0,0.0,0.0,1,1.67,1.0,1.0,63.94,1.0,90.0,1,1,90.0,0.0,0.0,0.0,0,0.0
1032,대조,0,5.0,17.0,349.35,119.0,1.0,1.5,0.0,0.0,0,1.67,1.0,1.0,333.37,11.0,5.0,1,1,5.0,2.8903717578961645,5.858932654816543,0.004293688278231,0,0.0
1034,대조,0,4.0,19.0,186.20000000000002,14721.0,0.0,0.0,0.0,0.0,0,0.0,0.0,0.0,4.48,2.0,4.0,0,1,4.0,2.995732273553991,5.232177564043492,0.0,0,0.0
1038,대조,0,1.0,45.0,394.42,262.0,0.0,0.0,0.0,0.0,1,0.0,0.0,0.0,38.34,14.0,1.0,0,1,1.0,3.828641396489095,5.979948491146734,0.0,0,0.0
1039,대조,0,5.0,13.0,1092.02,359.0,6.0,13.32,0.0,0.0,0,0.0,0.0,0.0,210.69,4.0,5.0,0,1,5.0,2.6390573296152584,6.996699786270793,0.012197578798923097,0,0.0
1040,대조,0,3.0,28.0,708.91,254.0,1.0,2.0,0.0,0.0,1,0.0,0.0,0.0,509.62,16.0,3.0,0,1,3.0,3.367295829986474,6.565138201437182,0.0028212325965214203,0,0.0
1041,대조,0,5.0,29.0,814.86,373.0,2.0,6.87,0.0,0.0,1,1.32,3.0,2.0,381.39,13.0,5.0,1,1,5.0,3.4011973816621555,6.704242771617076,0.008430896104852367,0,0.0
1045,대조,0,1.0,37.0,643.32,132528.0,0.0,0.0,0.0,0.0,1,0.0,0.0,0.0,129.63,12.0,1.0,0,1,1.0,3.6375861597263857,6.468195497103144,0.0,0,0.0
1046,대조,0,2.0,15.0,476.48,34495.0,0.0,0.0,0.0,1.0,0,0.0,0.0,0.0,278.18,18.0,2.0,0,1,2.0,2.772588722239781,6.168522274226838,0.0,0,1.0
1047,대조,0,10.0,16.0,140.85,75.0,1.0,0.75,0.0,0.0,0,0.0,0.0,0.0,144.7,9.0,10.0,0,1,10.0,2.833213344056216,4.95477016125486,0.005324813631522897,0,0.0
1048,대조,0,63.0,9.0,78.42999999999999,29.0,0.0,0.0,0.0,0.0,0,0.0,0.0,0.0,0.0,0.0,63.0,0,0,63.0,2.302585092994046,4.374876130645041,0.0,0,0.0
1050,대조,0,11.0,32.0,974.58,153369.0,3.0,6.77,0.0,0.0,0,5.67,7.0,3.0,661.59,15.0,11.0,1,1,11.0,3.4965075614664802,6.883032165926631,0.006946582117424941,0,0.0
1051,대조,0,24.0,5.0,139.13,87.0,1.0,1.67,0.0,1.0,0,0.0,0.0,0.0,9.51,1.0,24.0,0,1,24.0,1.791759469228055,4.942570563182127,0.012003162509882844,0,1.0
1053,대조,0,3.0,16.0,650.97,291.0,2.0,4.15,0.0,0.0,1,2.16,1.0,1.0,211.82,5.0,3.0,1,1,3.0,2.833213344056216,6.479998548598117,0.006375101771202974,0,0.0
1057,대조,0,1.0,28.0,1219.47,575.0,0.0,0.0,0.0,1.0,1,0.0,0.0,0.0,470.86,9.0,1.0,0,1,1.0,3.367295829986474,7.106991309440793,0.0,0,1.0
1058,대조,0,1.0,104.0,610.06,267.0,0.0,0.0,0.0,0.0,0,0.0,0.0,0.0,172.7,44.0,1.0,0,1,1.0,4.653960350157523,6.415195154022991,0.0,0,0.0
1061,대조,0,5.0,8.0,191.24,92.0,0.0,0.0,0.0,0.0,0,0.88,2.0,1.0,161.8,4.0,5.0,1,1,5.0,2.1972245773362196,5.258744591428213,0.0,0,0.0
1062,대조,0,2.0,33.0,298.04,176.0,2.0,4.85,0.0,0.0,1,0.0,0.0,0.0,16.5,7.0,2.0,0,1,2.0,3.5263605246161616,5.700577343707253,0.0162729834921487,0,0.0
1064,대조,0,14.0,10.0,524.85,327.0,3.0,5.75,0.0,0.0,0,0.0,0.0,0.0,14.47,1.0,14.0,0,1,14.0,2.3978952727983707,6.265016000966037,0.010955511098409068,0,0.0
1066,대조,0,2.0,34.0,424.12,319.0,9.0,16.57,0.0,0.0,1,7.88,8.0,4.0,228.21,18.0,2.0,1,1,2.0,3.5553480614894135,6.0523714820115035,0.03906913137791191,0,0.0
1072,대조,0,4.0,10.0,362.29,248.0,3.0,3.0,0.0,0.0,0,0.0,0.0,0.0,161.21,2.0,4.0,0,1,4.0,2.3978952727983707,5.895201413387272,0.008280659140467581,0,0.0
1073,대조,0,7.0,16.0,389.34000000000003,11195.0,7.0,16.11,0.0,0.0,0,0.0,0.0,0.0,95.68,2.0,7.0,0,1,7.0,2.833213344056216,5.967018154203056,0.04137771613499768,0,0.0
1074,대조,0,2.0,18.0,965.85,419.0,5.0,16.38,0.0,0.0,1,14.44,7.0,4.0,636.67,11.0,2.0,1,1,2.0,2.9444389791664403,6.874043364496601,0.016959155148314954,0,0.0
1075,대조,0,2.0,15.0,311.48,17110.0,3.0,6.0,0.0,0.0,0,0.0,0.0,0.0,0.0,0.0,2.0,0,0,2.0,2.772588722239781,5.744540467128369,0.019262874020803903,0,0.0
1076,대조,0,6.0,10.0,177.19,62.0,0.0,0.0,0.0,0.0,1,0.0,0.0,0.0,12.47,2.0,6.0,0,1,6.0,2.3978952727983707,5.182850396739323,0.0,0,0.0
1078,대조,0,6.0,45.0,1312.17,149737.0,5.0,12.5,0.0,0.0,0,8.34,5.0,3.0,475.75,14.0,6.0,1,1,6.0,3.828641396489095,7.180199340407609,0.009526204683844318,0,0.0
1082,대조,0,2.0,15.0,189.57,145.0,1.0,1.5,0.0,1.0,1,0.0,0.0,0.0,83.91,6.0,2.0,0,1,2.0,2.772588722239781,5.250019581140284,0.007912644405760406,0,1.0
1083,대조,0,13.0,12.0,250.66,112.0,2.0,3.67,0.0,0.0,0,0.0,0.0,0.0,110.26,3.0,13.0,0,1,13.0,2.5649493574615367,5.528078970163822,0.014641346844330966,0,0.0
1085,대조,0,8.0,13.0,622.43,27288.0,0.0,0.0,0.0,0.0,0,4.48,2.0,2.0,360.54,9.0,8.0,1,1,8.0,2.6390573296152584,6.435236489370733,0.0,0,0.0
1088,대조,0,8.0,12.0,269.45,17489.0,5.0,7.609999999999999,0.0,0.0,0,4.26,4.0,4.0,67.47,4.0,8.0,1,1,8.0,2.5649493574615367,5.600087238317436,0.028242716645017627,0,0.0
1089,대조,0,33.0,8.0,193.54,100.0,0.0,0.0,0.0,0.0,0,0.0,0.0,0.0,70.88,6.0,33.0,0,1,33.0,2.1972245773362196,5.270637797441294,0.0,0,0.0
1091,대조,0,1.0,27.0,1425.13,199660.0,3.0,6.08,0.0,0.0,1,7.0,5.0,2.0,521.37,13.0,1.0,1,1,1.0,3.332204510175204,7.262719760914419,0.004266277462406938,0,0.0
1097,대조,0,1.0,16.0,757.61,90002.0,0.0,0.0,0.0,0.0,0,0.0,0.0,0.0,540.95,12.0,1.0,0,1,1.0,2.833213344056216,6.63148781134561,0.0,0,0.0
1103,대조,0,1.0,30.0,1142.18,75263.0,0.0,0.0,0.0,0.0,1,5.0,2.0,2.0,544.72,16.0,1.0,1,1,1.0,3.4339872044851463,7.041569131711048,0.0,0,0.0
1110,대조,0,6.0,20.0,572.04,119.0,0.0,0.0,0.0,0.0,0,0.0,0.0,0.0,342.21,8.0,6.0,0,1,6.0,3.044522437723423,6.3509555223061955,0.0,0,0.0
1113,대조,0,3.0,21.0,418.23,5504.0,2.0,4.99,0.0,1.0,1,10.08,9.0,5.0,240.22,11.0,3.0,1,1,3.0,3.091042453358316,6.038419695331684,0.0119312340099945,0,1.0
1119,대조,0,6.0,11.0,276.08,160.0,0.0,0.0,0.0,0.0,0,5.0,3.0,3.0,204.97,5.0,6.0,1,1,6.0,2.4849066497880004,5.624306273154405,0.0,0,0.0
1120,대조,0,5.0,18.0,417.46,6584.0,1.0,1.0,0.0,0.0,1,0.0,0.0,0.0,102.04,7.0,5.0,0,1,5.0,2.9444389791664403,6.036581305911105,0.0023954390839840945,0,0.0
1121,대조,0,14.0,8.0,289.43,149.0,3.0,7.58,0.0,1.0,0,1.29,1.0,1.0,70.81,3.0,14.0,1,1,14.0,2.1972245773362196,5.67136258340009,0.026189406765020903,0,1.0
1122,대조,0,6.0,16.0,287.28000000000003,178.0,1.0,1.99,0.0,0.0,0,0.88,2.0,1.0,156.64000000000001,9.0,6.0,1,1,6.0,2.833213344056216,5.663932230056241,0.0069270398217766635,0,0.0
1123,대조,0,31.0,7.0,397.36,123.0,1.0,2.69,0.0,1.0,1,0.0,0.0,0.0,247.9,5.0,31.0,0,1,31.0,2.0794415416798357,5.987356119063439,0.006769679887255888,0,1.0
1124,대조,0,4.0,15.0,281.6,184.0,1.0,2.0,0.0,0.0,0,0.0,0.0,0.0,200.65,8.0,4.0,0,1,4.0,2.772588722239781,5.644032470250427,0.007102272727272727,0,0.0
1125,대조,0,,0.0,0.0,0.0,0.0,0.0,0.0,0.0,0,0.0,0.0,0.0,270.84,11.0,90.0,0,1,90.0,0.0,0.0,0.0,0,0.0
1126,대조,0,48.0,4.0,416.64,184.0,1.0,1.99,0.0,0.0,0,1.76,4.0,1.0,301.25,3.0,48.0,1,1,48.0,1.6094379124341003,6.03461981742191,0.004776305683563748,0,0.0
1127,대조,0,,0.0,0.0,0.0,0.0,0.0,0.0,0.0,0,0.0,0.0,0.0,30.240000000000002,3.0,90.0,0,1,90.0,0.0,0.0,0.0,0,0.0
1131,대조,0,5.0,11.0,395.52,200.0,4.0,6.31,0.0,0.0,1,0.0,0.0,0.0,187.96,8.0,5.0,0,1,5.0,2.4849066497880004,5.982726481164697,0.01595368122977346,0,0.0
1133,대조,0,18.0,19.0,226.12,87.0,0.0,0.0,0.0,0.0,0,0.0,0.0,0.0,68.38,10.0,18.0,0,1,18.0,2.995732273553991,5.425478512164716,0.0,0,0.0
1137,대조,0,4.0,17.0,249.61,6295.0,0.0,0.0,0.0,0.0,1,0.0,0.0,0.0,96.09,5.0,4.0,0,1,4.0,2.8903717578961645,5.523897945895664,0.0,0,0.0
1141,대조,0,5.0,11.0,87.52,63.0,2.0,4.78,0.0,0.0,0,5.0,3.0,1.0,57.38,5.0,5.0,1,1,5.0,2.4849066497880004,4.483228515182849,0.05461608775137112,0,0.0
1145,대조,0,7.0,14.0,925.34,358.0,0.0,0.0,0.0,0.0,0,7.44,6.0,2.0,383.04,9.0,7.0,1,1,7.0,2.70805020110221,6.83124133788189,0.0,0,0.0
1151,대조,0,13.0,7.0,310.95,129.0,3.0,8.91,0.0,0.0,1,0.0,0.0,0.0,49.230000000000004,3.0,13.0,0,1,13.0,2.0794415416798357,5.7428429185567955,0.02865412445730825,0,0.0
1153,대조,0,5.0,9.0,142.26,70.0,0.0,0.0,0.0,0.0,0,0.0,0.0,0.0,24.95,5.0,5.0,0,1,5.0,2.302585092994046,4.964661161186305,0.0,0,0.0
1154,대조,0,3.0,23.0,862.12,478.0,1.0,1.98,0.0,0.0,1,0.0,0.0,0.0,189.05,5.0,3.0,0,1,3.0,3.1780538303479458,6.760553731243085,0.0022966640374889806,0,0.0
1157,대조,0,1.0,21.0,711.72,229.0,3.0,5.98,0.0,0.0,0,0.0,0.0,0.0,177.27,3.0,1.0,0,1,1.0,3.091042453358316,6.569088636412388,0.008402180632833137,0,0.0
1160,대조,0,3.0,18.0,608.76,8310.0,1.0,1.67,0.0,0.0,1,7.43,8.0,5.0,470.25,14.0,3.0,1,1,3.0,2.9444389791664403,6.41306543712555,0.0027432814245351204,0,0.0
1164,대조,0,6.0,10.0,391.66,189.0,2.0,5.48,0.0,0.0,1,5.58,2.0,2.0,271.74,3.0,6.0,1,1,6.0,2.3978952727983707,5.972944097470603,0.013991727518766277,0,0.0
1165,대조,0,27.0,7.0,196.68,14265.0,0.0,0.0,0.0,0.0,0,0.0,0.0,0.0,0.0,0.0,27.0,0,0,27.0,2.0794415416798357,5.286649561680354,0.0,0,0.0
1169,대조,0,1.0,21.0,891.46,462.0,4.0,6.859999999999999,0.0,0.0,1,3.86,2.0,2.0,429.3,7.0,1.0,1,1,1.0,3.091042453358316,6.79398169472227,0.007695241513920982,0,0.0
1172,대조,0,4.0,23.0,564.43,195.0,1.0,3.0,0.0,1.0,1,0.0,0.0,0.0,215.23,8.0,4.0,0,1,4.0,3.1780538303479458,6.337586503632556,0.005315096646174017,0,1.0
1174,대조,0,7.0,46.0,350.14,204.0,0.0,0.0,0.0,0.0,1,0.0,0.0,0.0,143.24,4.0,7.0,0,1,7.0,3.8501476017100584,5.8611850043410625,0.0,0,0.0
1175,대조,0,5.0,20.0,1192.81,107227.0,1.0,3.99,0.0,0.0,1,6.78,2.0,2.0,582.93,11.0,5.0,1,1,5.0,3.044522437723423,7.084905152311964,0.003345042378920365,0,0.0
1179,대조,0,1.0,19.0,1083.82,440.0,7.0,14.96,0.0,0.0,1,17.83,11.0,6.0,607.5,11.0,1.0,1,1,1.0,2.995732273553991,6.989169353594351,0.013803030023435628,0,0.0
1180,대조,0,15.0,13.0,411.84000000000003,214.0,2.0,3.86,0.0,0.0,0,0.0,0.0,0.0,214.05,3.0,15.0,0,1,15.0,2.6390573296152584,6.023060108697733,0.009372571872571872,0,0.0
1181,대조,0,3.0,14.0,418.22,213.0,0.0,0.0,0.0,0.0,0,0.0,0.0,0.0,194.46,7.0,3.0,0,1,3.0,2.70805020110221,6.038395841792414,0.0,0,0.0
1184,대조,0,,0.0,0.0,0.0,0.0,0.0,0.0,1.0,0,0.0,0.0,0.0,0.0,0.0,90.0,0,0,90.0,0.0,0.0,0.0,0,1.0
1186,대조,0,3.0,6.0,637.22,195.0,0.0,0.0,0.0,0.0,1,0.0,0.0,0.0,171.79,3.0,3.0,0,1,3.0,1.9459101490553132,6.4586830514916285,0.0,0,0.0
1188,대조,0,3.0,12.0,290.08,223.0,0.0,0.0,0.0,0.0,1,0.0,0.0,0.0,32.82,3.0,3.0,0,1,3.0,2.5649493574615367,5.673598143478886,0.0,0,0.0
1191,대조,0,1.0,15.0,315.26,111.0,1.0,2.19,0.0,0.0,0,0.0,0.0,0.0,139.48000000000002,7.0,1.0,0,1,1.0,2.772588722239781,5.7565646600951705,0.00694664721182516,0,0.0
1193,대조,0,1.0,31.0,537.47,362.0,0.0,0.0,0.0,0.0,0,0.0,0.0,0.0,44.879999999999995,6.0,1.0,0,1,1.0,3.4657359027997265,6.28873178473816,0.0,0,0.0
1204,대조,0,10.0,13.0,277.16,145.0,1.0,2.0,0.0,0.0,0,0.0,0.0,0.0,91.9,4.0,10.0,0,1,10.0,2.6390573296152584,5.628196487699606,0.0072160484918458645,0,0.0
1206,대조,0,2.0,33.0,898.86,380.0,4.0,8.66,0.0,0.0,0,0.0,0.0,0.0,467.13,13.0,2.0,0,1,2.0,3.5263605246161616,6.802239195668735,0.009634425828271367,0,0.0
1207,대조,0,12.0,15.0,93.78,47.0,1.0,1.99,0.0,0.0,0,1.99,1.0,1.0,42.34,4.0,12.0,1,1,12.0,2.772588722239781,4.551558416539442,0.021219876306248667,0,0.0
1211,대조,0,5.0,21.0,1242.21,58138.0,5.0,22.79,0.0,0.0,0,6.63,9.0,3.0,392.77,7.0,5.0,1,1,5.0,3.091042453358316,7.125452023339076,0.01834633435570475,0,0.0
1216,대조,0,11.0,22.0,1112.51,527.0,5.0,10.23,0.0,0.0,0,16.53,14.0,10.0,601.61,9.0,11.0,1,1,11.0,3.1354942159291497,7.015272467348609,0.009195422962490225,0,0.0
1217,대조,0,6.0,5.0,351.64,14979.0,3.0,6.390000000000001,0.0,0.0,0,1.98,2.0,1.0,185.03,2.0,6.0,1,1,6.0,1.791759469228055,5.8654477065244945,0.01817199408485952,0,0.0
1218,대조,0,2.0,17.0,560.1,41122.0,1.0,3.99,0.0,0.0,1,0.0,0.0,0.0,85.55,3.0,2.0,0,1,2.0,2.8903717578961645,6.3298991427569264,0.007123727905731119,0,0.0
1219,대조,0,12.0,14.0,118.95,60.0,0.0,0.0,0.0,0.0,1,0.0,0.0,0.0,16.95,4.0,12.0,0,1,12.0,2.70805020110221,4.787074989285704,0.0,0,0.0
1223,대조,0,1.0,8.0,136.67,93.0,0.0,0.0,0.0,0.0,0,2.19,1.0,1.0,96.86,6.0,1.0,1,1,1.0,2.1972245773362196,4.924859517074852,0.0,0,0.0
1224,대조,0,1.0,13.0,325.58,184.0,0.0,0.0,0.0,0.0,0,1.67,1.0,1.0,25.68,2.0,1.0,1,1,1.0,2.6390573296152584,5.788674941674164,0.0,0,0.0
1226,대조,0,11.0,11.0,918.94,459.0,2.0,4.390000000000001,0.0,0.0,1,1.2,2.0,1.0,340.25,3.0,11.0,1,1,11.0,2.4849066497880004,6.824308450525035,0.004777243345593837,0,0.0
1227,대조,0,1.0,10.0,774.33,245.0,0.0,0.0,0.0,0.0,0,2.79,1.0,1.0,289.42,7.0,1.0,1,1,1.0,2.3978952727983707,6.653288745175119,0.0,0,0.0
1233,대조,0,13.0,3.0,314.92,10527.0,1.0,1.99,0.0,1.0,0,5.0,3.0,1.0,228.74,3.0,13.0,1,1,13.0,1.3862943611198906,5.755489016978394,0.006319065159405563,0,1.0
1236,대조,0,5.0,27.0,547.85,285.0,15.0,36.81,0.0,0.0,1,15.209999999999999,7.0,5.0,277.93,13.0,5.0,1,1,5.0,3.332204510175204,6.307825180133325,0.06718992424933833,0,0.0
1237,대조,0,,0.0,0.0,0.0,0.0,0.0,0.0,1.0,0,0.0,0.0,0.0,0.0,0.0,90.0,0,0,90.0,0.0,0.0,0.0,0,1.0
1239,대조,0,4.0,4.0,241.93,112.0,1.0,2.29,0.0,0.0,0,3.2,3.0,2.0,133.74,2.0,4.0,1,1,4.0,1.6094379124341003,5.492773335997992,0.009465547885752077,0,0.0
1240,대조,0,2.0,18.0,1319.72,14267.0,7.0,25.43,0.0,0.0,1,3.34,2.0,2.0,598.14,14.0,2.0,1,1,2.0,2.9444389791664403,7.185932321419613,0.019269238929469888,0,0.0
1245,대조,0,1.0,26.0,688.0,12323.0,1.0,2.97,0.0,1.0,0,0.0,0.0,0.0,185.76000000000002,13.0,1.0,0,1,1.0,3.295836866004329,6.535241271013659,0.004316860465116279,0,1.0
1247,대조,0,10.0,15.0,786.29,389.0,2.0,3.89,0.0,1.0,1,0.0,0.0,0.0,517.03,10.0,10.0,0,1,10.0,2.772588722239781,6.668596668471244,0.004947284080937059,0,1.0
1251,대조,0,26.0,12.0,50.18,33.0,0.0,0.0,0.0,0.0,0,0.0,0.0,0.0,1.0,1.0,26.0,0,1,26.0,2.5649493574615367,3.935348830731643,0.0,0,0.0
1257,대조,0,,0.0,0.0,0.0,0.0,0.0,0.0,0.0,1,0.0,0.0,0.0,0.0,0.0,90.0,0,0,90.0,0.0,0.0,0.0,0,0.0
1259,대조,0,23.0,5.0,161.95,90.0,3.0,8.76,0.0,0.0,0,3.98,2.0,1.0,34.019999999999996,2.0,23.0,1,1,23.0,1.791759469228055,5.093443405283571,0.054090768755788825,0,0.0
1260,대조,0,7.0,18.0,1333.89,564.0,0.0,0.0,0.0,1.0,1,0.0,0.0,0.0,501.63,8.0,7.0,0,1,7.0,2.9444389791664403,7.196604170435785,0.0,0,1.0
1261,대조,0,14.0,17.0,440.66,1730.0,0.0,0.0,0.0,0.0,1,0.0,0.0,0.0,153.3,9.0,14.0,0,1,14.0,2.8903717578961645,6.090540355298669,0.0,0,0.0
1265,대조,0,5.0,6.0,223.78,88.0,0.0,0.0,0.0,0.0,0,0.0,0.0,0.0,50.84,2.0,5.0,0,1,5.0,1.9459101490553132,5.415122146090121,0.0,0,0.0
1269,대조,0,1.0,20.0,573.29,276.0,2.0,2.73,0.0,0.0,0,10.370000000000001,5.0,3.0,178.38,4.0,1.0,1,1,1.0,3.044522437723423,6.353134495216475,0.004761987824661166,0,0.0
1277,대조,0,3.0,31.0,691.46,290.0,1.0,1.98,0.0,0.0,0,0.0,0.0,0.0,251.76,17.0,3.0,0,1,3.0,3.4657359027997265,6.540250474660368,0.0028635062042634426,0,0.0
1279,대조,0,1.0,36.0,678.47,350.0,4.0,8.74,0.0,0.0,0,0.0,0.0,0.0,470.77,20.0,1.0,0,1,1.0,3.6109179126442243,6.521313082506178,0.012881925508865535,0,0.0
1282,대조,0,3.0,29.0,1055.6100000000001,473.0,5.0,7.359999999999999,0.0,0.0,0,2.79,1.0,1.0,667.65,24.0,3.0,1,1,3.0,3.4011973816621555,6.962820949004945,0.006972271956499084,0,0.0
1284,대조,0,4.0,7.0,59.65,34.0,0.0,0.0,0.0,0.0,0,0.0,0.0,0.0,67.85000000000001,10.0,4.0,0,1,4.0,2.0794415416798357,4.105119635390059,0.0,0,0.0
1285,대조,0,3.0,22.0,530.17,297.0,0.0,0.0,0.0,0.0,1,0.0,0.0,0.0,250.14000000000001,7.0,3.0,0,1,3.0,3.1354942159291497,6.275082120663786,0.0,0,0.0
1288,대조,0,39.0,5.0,268.43,11998.0,2.0,7.390000000000001,0.0,0.0,0,4.78,2.0,1.0,154.32,1.0,39.0,1,1,39.0,1.791759469228055,5.596308616350968,0.027530454867190704,0,0.0
1291,대조,0,2.0,19.0,675.38,394.0,4.0,8.58,0.0,0.0,1,0.0,0.0,0.0,160.75,5.0,2.0,0,1,2.0,2.995732273553991,6.516755048284495,0.012703959252568925,0,0.0
1292,대조,0,51.0,2.0,38.68,11.0,0.0,0.0,0.0,1.0,0,0.0,0.0,0.0,10.370000000000001,1.0,51.0,0,1,51.0,1.0986122886681098,3.6808472824166723,0.0,0,1.0
1293,대조,0,1.0,19.0,279.75,183.0,0.0,0.0,0.0,0.0,0,0.0,0.0,0.0,284.44,9.0,1.0,0,1,1.0,2.995732273553991,5.637464593618552,0.0,0,0.0
1294,대조,0,9.0,6.0,585.2,270.0,4.0,6.02,0.0,0.0,0,0.0,0.0,0.0,77.34,2.0,9.0,0,1,9.0,1.9459101490553132,6.373661028276792,0.010287081339712918,0,0.0
1296,대조,0,3.0,10.0,271.02,186.0,6.0,11.0,0.0,0.0,1,5.07,3.0,3.0,107.49000000000001,4.0,3.0,1,1,3.0,2.3978952727983707,5.605875593004607,0.04058741052320862,0,0.0
1297,대조,0,1.0,26.0,404.51,14446.0,2.0,3.98,0.0,0.0,1,0.0,0.0,0.0,87.55,10.0,1.0,0,1,1.0,3.295836866004329,6.005145534163846,0.009839064547229982,0,0.0
1300,대조,0,4.0,9.0,69.39,56.0,0.0,0.0,0.0,0.0,1,0.0,0.0,0.0,21.58,3.0,4.0,0,1,4.0,2.302585092994046,4.25405120762004,0.0,0,0.0
1304,대조,0,6.0,12.0,114.68,67.0,0.0,0.0,0.0,0.0,0,0.0,0.0,0.0,55.72,4.0,6.0,0,1,6.0,2.5649493574615367,4.750827758410455,0.0,0,0.0
1307,대조,0,8.0,11.0,229.64,82.0,0.0,0.0,0.0,0.0,0,0.0,0.0,0.0,112.03999999999999,10.0,8.0,0,1,8.0,2.4849066497880004,5.440858053330147,0.0,0,0.0
1312,대조,0,4.0,24.0,1285.64,63107.0,2.0,3.19,0.0,0.0,0,1.67,1.0,1.0,546.9,23.0,4.0,1,1,4.0,3.2188758248682006,7.159789448187392,0.002481254472480632,0,0.0
1314,대조,0,3.0,70.0,2411.7400000000002,198205.0,2.0,4.1899999999999995,0.0,0.0,0,0.0,0.0,0.0,1041.99,26.0,3.0,0,1,3.0,4.2626798770413155,7.788518310130433,0.0017373348702596461,0,0.0
1318,대조,0,4.0,9.0,760.26,287.0,3.0,7.05,0.0,0.0,1,1.29,1.0,1.0,317.78000000000003,6.0,4.0,1,1,4.0,2.302585092994046,6.6349749552268245,0.009273143398311104,0,0.0
1321,대조,0,4.0,49.0,298.99,221.0,0.0,0.0,0.0,0.0,1,0.0,0.0,0.0,75.22,8.0,4.0,0,1,4.0,3.912023005428146,5.7037491407673,0.0,0,0.0
1325,대조,0,33.0,5.0,310.72,110.0,0.0,0.0,0.0,0.0,0,0.0,0.0,0.0,112.36,3.0,33.0,0,1,33.0,1.791759469228055,5.74210534897536,0.0,0,0.0
1326,대조,0,3.0,39.0,953.02,57990.0,3.0,8.89,0.0,0.0,1,7.74,3.0,3.0,1379.26,37.0,3.0,1,1,3.0,3.6888794541139363,6.8606846355891244,0.009328240750456445,0,0.0
1331,대조,0,3.0,21.0,544.6,254.0,1.0,2.39,0.0,1.0,0,0.0,0.0,0.0,57.26,5.0,3.0,0,1,3.0,3.091042453358316,6.301886106529253,0.00438854204921043,0,1.0
1333,대조,0,2.0,15.0,1032.97,346.0,4.0,5.88,0.0,0.0,1,11.57,5.0,5.0,532.82,8.0,2.0,1,1,2.0,2.772588722239781,6.941161041107822,0.0056923240752393585,0,0.0
1344,대조,0,19.0,3.0,371.33,146.0,0.0,0.0,0.0,0.0,0,0.0,0.0,0.0,291.48,2.0,19.0,0,1,19.0,1.3862943611198906,5.919780557809539,0.0,0,0.0
1347,대조,0,2.0,10.0,218.31,9861.0,0.0,0.0,0.0,0.0,0,0.0,0.0,0.0,196.44,8.0,2.0,0,1,2.0,2.3978952727983707,5.390486254019414,0.0,0,0.0
1349,대조,0,3.0,28.0,900.94,34810.0,2.0,3.78,0.0,0.0,0,10.870000000000001,5.0,5.0,392.96,15.0,3.0,1,1,3.0,3.367295829986474,6.80454799900314,0.004195617910182698,0,0.0
1351,대조,0,5.0,13.0,85.24,28.0,0.0,0.0,0.0,0.0,0,0.0,0.0,0.0,18.11,5.0,5.0,0,1,5.0,2.6390573296152584,4.457134107160687,0.0,0,0.0
1352,대조,0,2.0,20.0,911.71,101885.0,0.0,0.0,0.0,0.0,1,0.0,0.0,0.0,166.61,5.0,2.0,0,1,2.0,3.044522437723423,6.816418195965494,0.0,0,0.0
1354,대조,0,2.0,15.0,402.98,15775.0,1.0,3.34,0.0,0.0,1,0.0,0.0,0.0,141.35,7.0,2.0,0,1,2.0,2.772588722239781,6.001365371785244,0.00828825251873542,0,0.0
1356,대조,0,5.0,8.0,280.82,135.0,1.0,2.14,0.0,0.0,0,5.78,2.0,1.0,155.8,8.0,5.0,1,1,5.0,2.1972245773362196,5.641268569266959,0.007620539847589204,0,0.0
1357,대조,0,7.0,12.0,389.46999999999997,9830.0,0.0,0.0,0.0,1.0,1,0.0,0.0,0.0,295.06,5.0,7.0,0,1,7.0,2.5649493574615367,5.9673511417447145,0.0,0,1.0
1363,대조,0,,0.0,0.0,0.0,0.0,0.0,0.0,0.0,1,0.0,0.0,0.0,0.0,0.0,90.0,0,0,90.0,0.0,0.0,0.0,0,0.0
1369,대조,0,6.0,7.0,193.93,66.0,0.0,0.0,0.0,0.0,1,3.69,1.0,1.0,62.29,2.0,6.0,1,1,6.0,2.0794415416798357,5.2726405197580535,0.0,0,0.0
1370,대조,0,6.0,12.0,1189.47,540.0,7.0,15.719999999999999,0.0,0.0,1,2.29,1.0,1.0,582.36,5.0,6.0,1,1,6.0,2.5649493574615367,7.082103466113395,0.013215970137960604,0,0.0
1374,대조,0,3.0,12.0,247.05,125.0,0.0,0.0,0.0,0.0,0,0.0,0.0,0.0,252.54,6.0,3.0,0,1,3.0,2.5649493574615367,5.513630338747058,0.0,0,0.0
1375,대조,0,2.0,20.0,571.46,246.0,4.0,6.470000000000001,0.0,1.0,0,7.4799999999999995,4.0,4.0,328.48,9.0,2.0,1,1,2.0,3.044522437723423,6.349942863991809,0.011321877296748679,0,1.0
1376,대조,0,7.0,37.0,1918.97,207152.0,3.0,6.29,0.0,0.0,1,20.66,10.0,10.0,906.14,21.0,7.0,1,1,7.0,3.6375861597263857,7.560064839899756,0.003277800069829127,0,0.0
1383,대조,0,7.0,13.0,103.38,29.0,0.0,0.0,0.0,0.0,0,0.0,0.0,0.0,36.01,5.0,7.0,0,1,7.0,2.6390573296152584,4.6480380862152675,0.0,0,0.0
1385,대조,0,8.0,13.0,895.15,379.0,0.0,0.0,0.0,1.0,0,0.0,0.0,0.0,506.09000000000003,6.0,8.0,0,1,8.0,2.6390573296152584,6.798107809677607,0.0,0,1.0
1387,대조,0,3.0,6.0,255.86,120.0,0.0,0.0,0.0,0.0,0,0.0,0.0,0.0,51.1,3.0,3.0,0,1,3.0,1.9459101490553132,5.54853118938491,0.0,0,0.0
1389,대조,0,,0.0,0.0,0.0,0.0,0.0,0.0,0.0,1,0.0,0.0,0.0,274.58,4.0,90.0,0,1,90.0,0.0,0.0,0.0,0,0.0
1390,대조,0,1.0,33.0,1038.34,539.0,1.0,5.37,0.0,0.0,0,2.19,1.0,1.0,659.49,22.0,1.0,1,1,1.0,3.5263605246161616,6.946341175297225,0.0051717163934742,0,0.0
1392,대조,0,6.0,18.0,390.08,10432.0,0.0,0.0,0.0,1.0,0,0.0,0.0,0.0,230.69,9.0,6.0,0,1,6.0,2.9444389791664403,5.96891214263747,0.0,0,1.0
1394,대조,0,1.0,20.0,520.77,211.0,2.0,7.890000000000001,0.0,0.0,1,0.0,0.0,0.0,237.38,10.0,1.0,0,1,1.0,3.044522437723423,6.257226877757376,0.015150642318105883,0,0.0
1396,대조,0,1.0,37.0,1068.93,533.0,6.0,8.89,0.0,0.0,1,0.0,0.0,0.0,373.49,15.0,1.0,0,1,1.0,3.6375861597263857,6.975348504755186,0.008316727942896167,0,0.0
1397,대조,0,2.0,32.0,646.13,298.0,1.0,1.19,0.0,0.0,1,1.76,4.0,2.0,329.87,16.0,2.0,1,1,2.0,3.4965075614664802,6.472547201674735,0.0018417346354448795,0,0.0
1402,대조,0,5.0,34.0,582.88,41701.0,1.0,0.99,0.0,0.0,1,2.19,1.0,1.0,183.61,13.0,5.0,1,1,5.0,3.5553480614894135,6.369695482262378,0.0016984628053801811,0,0.0
1403,대조,0,12.0,39.0,533.81,153300.0,0.0,0.0,0.0,0.0,0,2.19,1.0,1.0,208.81,7.0,12.0,1,1,12.0,3.6888794541139363,6.28191154363188,0.0,0,0.0
1405,대조,0,4.0,5.0,253.61,107.0,2.0,4.18,0.0,1.0,0,2.48,1.0,1.0,135.02,1.0,4.0,1,1,4.0,1.791759469228055,5.539732962649695,0.016481999921138753,0,1.0
1406,대조,0,6.0,20.0,745.89,18091.0,0.0,0.0,0.0,0.0,0,0.0,0.0,0.0,77.11,6.0,6.0,0,1,6.0,3.044522437723423,6.61591791860021,0.0,0,0.0
1408,대조,0,11.0,2.0,26.82,20.0,0.0,0.0,0.0,0.0,0,0.0,0.0,0.0,62.14,3.0,11.0,0,1,11.0,1.0986122886681098,3.325755186495297,0.0,0,0.0
1409,대조,0,8.0,9.0,514.54,224.0,3.0,6.4399999999999995,0.0,0.0,0,0.0,0.0,0.0,161.97,3.0,8.0,0,1,8.0,2.302585092994046,6.245214895015092,0.012516033738873557,0,0.0
1417,대조,0,,0.0,0.0,0.0,0.0,0.0,0.0,0.0,0,0.0,0.0,0.0,57.42,2.0,90.0,0,1,90.0,0.0,0.0,0.0,0,0.0
1418,대조,0,6.0,7.0,169.66,76.0,0.0,0.0,0.0,0.0,1,0.0,0.0,0.0,109.72,1.0,6.0,0,1,6.0,2.0794415416798357,5.139673273108439,0.0,0,0.0
1419,대조,0,2.0,118.0,1321.77,5754.0,2.0,3.17,0.0,0.0,1,0.0,0.0,0.0,513.39,36.0,2.0,0,1,2.0,4.77912349311153,7.187483301685055,0.002398299250247774,0,0.0
1423,대조,0,4.0,40.0,224.92000000000002,147.0,3.0,9.76,0.0,0.0,1,0.0,0.0,0.0,93.43,7.0,4.0,0,1,4.0,3.713572066704308,5.420180954304877,0.043393206473412764,0,0.0
1424,대조,0,60.0,6.0,50.84,23.0,0.0,0.0,0.0,0.0,0,0.0,0.0,0.0,37.12,3.0,60.0,0,1,60.0,1.9459101490553132,3.9481620520440193,0.0,0,0.0
1425,대조,0,2.0,14.0,494.37,175.0,1.0,1.99,0.0,0.0,1,2.39,1.0,1.0,190.21,5.0,2.0,1,1,2.0,2.70805020110221,6.205304958096048,0.004025325161316423,0,0.0
1428,대조,0,3.0,19.0,742.32,36352.0,3.0,8.0,0.0,0.0,1,4.49,2.0,2.0,303.65,8.0,3.0,1,1,3.0,2.995732273553991,6.61112663840545,0.010777023386140748,0,0.0
1429,대조,0,6.0,9.0,157.95,98.0,0.0,0.0,0.0,0.0,1,0.0,0.0,0.0,31.45,4.0,6.0,0,1,6.0,2.302585092994046,5.068589687356812,0.0,0,0.0
1430,대조,0,1.0,50.0,2728.4,245321.0,3.0,4.88,0.0,0.0,1,1.99,1.0,1.0,1353.58,25.0,1.0,1,1,1.0,3.9318256327243257,7.911837083804014,0.0017885940477935785,0,0.0
1431,대조,0,5.0,22.0,483.77,180.0,3.0,5.48,0.0,0.0,0,0.0,0.0,0.0,71.98,7.0,5.0,0,1,5.0,3.1354942159291497,6.183674551652266,0.011327697046116957,0,0.0
1434,대조,0,2.0,46.0,805.17,371.0,5.0,12.29,0.0,0.0,0,6.0,3.0,3.0,295.57,18.0,2.0,1,1,2.0,3.8501476017100584,6.692294638380674,0.015263857322056212,0,0.0
1437,대조,0,7.0,26.0,839.9,451.0,0.0,0.0,0.0,0.0,1,5.74,6.0,6.0,349.1,3.0,7.0,1,1,7.0,3.295836866004329,6.734472746838852,0.0,0,0.0
1438,대조,0,18.0,4.0,389.97,119.0,0.0,0.0,0.0,0.0,1,5.78,2.0,1.0,81.23,1.0,18.0,1,1,18.0,1.6094379124341003,5.9686308306990385,0.0,0,0.0
1440,대조,0,14.0,1.0,7.6499999999999995,5.0,0.0,0.0,0.0,0.0,0,2.39,1.0,1.0,52.56,1.0,14.0,1,1,14.0,0.6931471805599453,2.157559320943788,0.0,0,0.0
1443,대조,0,1.0,28.0,321.06,122.0,0.0,0.0,0.0,0.0,1,0.0,0.0,0.0,77.35000000000001,8.0,1.0,0,1,1.0,3.367295829986474,5.77473786358985,0.0,0,0.0
1445,대조,0,10.0,19.0,673.18,216.0,0.0,0.0,0.0,0.0,1,2.19,1.0,1.0,427.24,11.0,10.0,1,1,10.0,2.995732273553991,6.513497137572055,0.0,0,0.0
1446,대조,0,6.0,7.0,370.5,182.0,2.0,5.38,0.0,0.0,0,6.37,3.0,3.0,301.31,5.0,6.0,1,1,6.0,2.0794415416798357,5.917548864157814,0.014520917678812416,0,0.0
1447,대조,0,17.0,2.0,34.96,4.0,0.0,0.0,0.0,0.0,0,0.0,0.0,0.0,20.759999999999998,2.0,17.0,0,1,17.0,1.0986122886681098,3.5824072096034194,0.0,0,0.0
1448,대조,0,5.0,12.0,415.75,171.0,2.0,6.57,0.0,0.0,0,0.0,0.0,0.0,187.92000000000002,7.0,5.0,0,1,5.0,2.5649493574615367,6.032486521630903,0.015802766085387852,0,0.0
1453,대조,0,1.0,119.0,3142.73,25987.0,3.0,9.16,0.0,1.0,1,8.54,4.0,4.0,1537.79,53.0,1.0,1,1,1.0,4.787491742782046,8.053165271998788,0.002914663365927076,0,1.0
1454,대조,0,3.0,11.0,318.81,10231.0,2.0,3.68,0.0,0.0,1,6.58,7.0,6.0,452.56,18.0,3.0,1,1,3.0,2.4849066497880004,5.767727069454437,0.011542925253285657,0,0.0
1456,대조,0,3.0,22.0,565.69,265.0,1.0,1.67,0.0,0.0,0,1.67,1.0,1.0,3.17,1.0,3.0,1,1,3.0,3.1354942159291497,6.339812416999059,0.00295214693560077,0,0.0
1458,대조,0,1.0,17.0,365.07,28715.0,0.0,0.0,0.0,0.0,0,2.39,1.0,1.0,125.92,5.0,1.0,1,1,1.0,2.8903717578961645,5.902824571944711,0.0,0,0.0
1459,대조,0,4.0,10.0,668.51,248.0,5.0,30.65,0.0,0.0,0,5.34,5.0,3.0,296.01,10.0,4.0,1,1,4.0,2.3978952727983707,6.506546101539469,0.045848229645031484,0,0.0
1460,대조,0,6.0,7.0,377.85,7038.0,2.0,5.0,0.0,1.0,0,0.0,0.0,0.0,45.72,2.0,6.0,0,1,6.0,2.0794415416798357,5.937140348377382,0.013232764324467381,0,1.0
1461,대조,0,1.0,38.0,969.32,49780.0,1.0,3.0,0.0,0.0,1,0.0,0.0,0.0,405.89,12.0,1.0,0,1,1.0,3.6635616461296463,6.8776259140006255,0.0030949531630421324,0,0.0
1462,대조,0,2.0,18.0,695.44,10521.0,3.0,6.83,0.0,0.0,1,8.79,3.0,3.0,235.4,7.0,2.0,1,1,2.0,2.9444389791664403,6.545981644498398,0.009821120441734728,0,0.0
1464,대조,0,4.0,16.0,494.39,20474.0,1.0,3.0,0.0,0.0,0,0.0,0.0,0.0,42.82,3.0,4.0,0,1,4.0,2.833213344056216,6.205345331143007,0.00606808390137341,0,0.0
1467,대조,0,2.0,119.0,291.72,280.0,0.0,0.0,0.0,0.0,1,2.79,1.0,1.0,124.88,68.0,2.0,1,1,2.0,4.787491742782046,5.679216520710951,0.0,0,0.0
1474,대조,0,1.0,5.0,172.61,99.0,1.0,1.2,0.0,0.0,1,1.2,2.0,1.0,138.45999999999998,4.0,1.0,1,1,1.0,1.791759469228055,5.156811404253857,0.006952088523260529,0,0.0
1475,대조,0,1.0,42.0,1823.07,78667.0,5.0,13.84,0.0,0.0,1,13.05,8.0,6.0,673.75,15.0,1.0,1,1,1.0,3.7612001156935624,7.508825547090874,0.007591590010257423,0,0.0
1479,대조,0,4.0,79.0,1086.76,493.0,0.0,0.0,0.0,0.0,1,0.0,0.0,0.0,498.82,44.0,4.0,0,1,4.0,4.382026634673881,6.991875814847431,0.0,0,0.0
1481,대조,0,1.0,9.0,204.18,76.0,1.0,1.67,0.0,0.0,1,0.0,0.0,0.0,331.28,10.0,1.0,0,1,1.0,2.302585092994046,5.3238876426595665,0.008179057694191399,0,0.0
1483,처치,1,4.0,16.0,660.98,27024.0,0.0,0.0,0.0,0.0,1,2.0,1.0,1.0,408.14,6.0,4.0,1,1,4.0,2.833213344056216,6.49523534400027,0.0,0,0.0
1484,대조,0,5.0,10.0,428.71,219.0,3.0,3.13,0.0,0.0,1,0.0,0.0,0.0,101.92,5.0,5.0,0,1,5.0,2.3978952727983707,6.063110562560427,0.007300972685498355,0,0.0
1485,대조,0,7.0,8.0,233.54,60.0,2.0,4.78,0.0,1.0,1,1.99,1.0,1.0,121.09,4.0,7.0,1,1,7.0,2.1972245773362196,5.457626149032919,0.02046758585253062,0,1.0
1488,대조,0,4.0,15.0,544.75,279.0,0.0,0.0,0.0,0.0,1,0.0,0.0,0.0,198.01,4.0,4.0,0,1,4.0,2.772588722239781,6.302160995430054,0.0,0,0.0
1493,대조,0,6.0,6.0,217.25,85.0,0.0,0.0,0.0,0.0,0,0.0,0.0,0.0,58.980000000000004,2.0,6.0,0,1,6.0,1.9459101490553132,5.385641194719711,0.0,0,0.0
1494,대조,0,9.0,12.0,395.71,206.0,2.0,6.87,0.0,0.0,1,1.67,1.0,1.0,248.09,8.0,9.0,1,1,9.0,2.5649493574615367,5.9832055351682865,0.017361198857749362,0,0.0
1495,대조,0,4.0,25.0,287.68,204.0,5.0,5.84,0.0,0.0,0,0.0,0.0,0.0,122.6,8.0,4.0,0,1,4.0,3.258096538021482,5.665318808204073,0.020300333704115683,0,0.0
1499,대조,0,3.0,15.0,366.35,184.0,0.0,0.0,0.0,0.0,1,6.76,4.0,3.0,99.3,3.0,3.0,1,1,3.0,2.772588722239781,5.9063150720662865,0.0,0,0.0
1501,대조,0,5.0,35.0,1485.14,192890.0,3.0,8.74,0.0,0.0,0,0.0,0.0,0.0,321.31,10.0,5.0,0,1,5.0,3.58351893845611,7.3039374334913845,0.005884967073811223,0,0.0
1505,대조,0,4.0,14.0,673.25,282.0,0.0,0.0,0.0,0.0,1,0.0,0.0,0.0,154.6,2.0,4.0,0,1,4.0,2.70805020110221,6.513600962019839,0.0,0,0.0
1506,대조,0,12.0,18.0,494.91,237.0,5.0,10.32,0.0,0.0,0,0.0,0.0,0.0,190.47,10.0,12.0,0,1,12.0,2.9444389791664403,6.206394458647689,0.020852276171425106,0,0.0
1509,대조,0,1.0,34.0,987.78,96353.0,1.0,2.5,0.0,0.0,1,7.0,3.0,3.0,414.42,15.0,1.0,1,1,1.0,3.5553480614894135,6.89647185996165,0.0025309279394197088,0,0.0
1510,대조,0,1.0,180.0,1398.13,43419.0,5.0,10.370000000000001,0.0,0.0,0,5.1899999999999995,2.0,2.0,595.07,94.0,1.0,1,1,1.0,5.198497031265826,7.243605893865157,0.007417049916674415,0,0.0
1511,대조,0,3.0,26.0,505.01,235.0,0.0,0.0,0.0,0.0,0,0.0,0.0,0.0,207.52,8.0,3.0,0,1,3.0,3.295836866004329,6.226556431938032,0.0,0,0.0
1512,대조,0,17.0,3.0,151.71,85.0,2.0,3.34,0.0,1.0,0,0.0,0.0,0.0,82.71000000000001,4.0,17.0,0,1,17.0,1.3862943611198906,5.028540697965091,0.02201568782545646,0,1.0
1515,대조,0,11.0,11.0,666.99,238.0,8.0,17.47,0.0,0.0,0,2.99,1.0,1.0,329.51,8.0,11.0,1,1,11.0,2.4849066497880004,6.504273203364713,0.026192296736082997,0,0.0
1517,대조,0,5.0,19.0,411.61,212.0,0.0,0.0,0.0,0.0,1,1.19,1.0,1.0,242.37,7.0,5.0,1,1,5.0,2.995732273553991,6.0225028368921665,0.0,0,0.0
1520,대조,0,6.0,24.0,557.74,119383.0,0.0,0.0,0.0,0.0,0,0.0,0.0,0.0,231.18,8.0,6.0,0,1,6.0,3.2188758248682006,6.325684248675901,0.0,0,0.0
1524,대조,0,1.0,3.0,181.3,78.0,1.0,1.99,0.0,0.0,1,9.0,3.0,3.0,444.67,8.0,1.0,1,1,1.0,1.3862943611198906,5.205653681684617,0.010976282404853833,0,0.0
1526,대조,0,8.0,32.0,452.01,262.0,0.0,0.0,0.0,0.0,0,4.47,4.0,2.0,199.02,13.0,8.0,1,1,8.0,3.4965075614664802,6.115914200294571,0.0,0,0.0
1530,대조,0,12.0,7.0,139.39000000000001,57.0,0.0,0.0,0.0,1.0,0,0.0,0.0,0.0,79.78,4.0,12.0,0,1,12.0,2.0794415416798357,4.94442426398386,0.0,0,1.0
1532,대조,0,13.0,3.0,107.61000000000001,10105.0,0.0,0.0,0.0,0.0,0,0.0,0.0,0.0,0.0,0.0,13.0,0,0,13.0,1.3862943611198906,4.687763484291945,0.0,0,0.0
1534,대조,0,3.0,32.0,872.66,118413.0,3.0,7.359999999999999,0.0,1.0,1,3.69,1.0,1.0,448.3,15.0,3.0,1,1,3.0,3.4965075614664802,6.772691283950868,0.00843398345289116,0,1.0
1535,대조,0,1.0,32.0,1053.92,24006.0,1.0,1.78,0.0,0.0,0,10.57,6.0,4.0,765.46,15.0,1.0,1,1,1.0,3.4965075614664802,6.961220213651088,0.001688932746318506,0,0.0
1536,대조,0,19.0,17.0,775.87,52142.0,6.0,25.82,0.0,1.0,1,5.0,2.0,1.0,330.18,10.0,19.0,1,1,19.0,2.8903717578961645,6.65527302620243,0.0332787709281194,0,1.0
1537,대조,0,7.0,12.0,151.19,14373.0,0.0,0.0,0.0,0.0,1,0.0,0.0,0.0,178.79,6.0,7.0,0,1,7.0,2.5649493574615367,5.025129740246708,0.0,0,0.0
1540,대조,0,1.0,22.0,575.85,354.0,0.0,0.0,0.0,0.0,1,0.0,0.0,0.0,318.31,15.0,1.0,0,1,1.0,3.1354942159291497,6.3575822673732985,0.0,0,0.0
1542,대조,0,4.0,20.0,287.25,102.0,0.0,0.0,0.0,1.0,0,5.15,2.0,2.0,161.75,10.0,4.0,1,1,4.0,3.044522437723423,5.663828159149168,0.0,0,1.0
1545,대조,0,4.0,28.0,715.17,267.0,0.0,0.0,0.0,0.0,1,0.0,0.0,0.0,203.75,11.0,4.0,0,1,4.0,3.367295829986474,6.573917568946162,0.0,0,0.0
1546,대조,0,13.0,12.0,473.15,341.0,6.0,14.84,0.0,0.0,0,12.28,7.0,7.0,321.88,7.0,13.0,1,1,13.0,2.5649493574615367,6.161523727329737,0.03136426080524147,0,0.0
1547,대조,0,,0.0,0.0,0.0,0.0,0.0,0.0,0.0,0,0.0,0.0,0.0,114.1,11.0,90.0,0,1,90.0,0.0,0.0,0.0,0,0.0
1551,대조,0,,0.0,0.0,0.0,0.0,0.0,0.0,1.0,0,0.0,0.0,0.0,0.0,0.0,90.0,0,0,90.0,0.0,0.0,0.0,0,1.0
1555,대조,0,7.0,16.0,319.94,183.0,1.0,2.0,0.0,0.0,0,0.0,0.0,0.0,126.98,5.0,7.0,0,1,7.0,2.833213344056216,5.771254189771214,0.006251172094767769,0,0.0
1556,대조,0,2.0,17.0,679.44,404.0,2.0,5.38,0.0,0.0,1,0.0,0.0,0.0,110.15,5.0,2.0,0,1,2.0,2.8903717578961645,6.522739647741382,0.007918285647003413,0,0.0
1563,대조,0,5.0,25.0,1209.34,496.0,1.0,3.99,0.0,0.0,1,0.0,0.0,0.0,163.07,8.0,5.0,0,1,5.0,3.258096538021482,7.09865659085554,0.0032993202904063375,0,0.0
1566,대조,0,26.0,6.0,97.67,32.0,0.0,0.0,0.0,0.0,1,14.02,6.0,5.0,651.47,22.0,26.0,1,1,26.0,1.9459101490553132,4.591780948869076,0.0,0,0.0
1567,대조,0,19.0,11.0,390.37,209.0,0.0,0.0,0.0,0.0,1,0.0,0.0,0.0,77.03,6.0,19.0,0,1,19.0,2.4849066497880004,5.969653404093867,0.0,0,0.0
1572,대조,0,,0.0,0.0,0.0,0.0,0.0,0.0,0.0,1,0.0,0.0,0.0,0.0,0.0,90.0,0,0,90.0,0.0,0.0,0.0,0,0.0
1575,대조,0,6.0,6.0,171.79,97.0,2.0,3.0,0.0,0.0,0,2.39,1.0,1.0,48.29,2.0,6.0,1,1,6.0,1.9459101490553132,5.1520769843250305,0.017463181791722453,0,0.0
1577,대조,0,7.0,9.0,538.04,15104.0,2.0,7.67,0.0,0.0,0,0.0,0.0,0.0,238.03,4.0,7.0,0,1,7.0,2.302585092994046,6.289789779658243,0.01425544569177013,0,0.0
1578,대조,0,2.0,23.0,562.03,17197.0,1.0,3.96,0.0,0.0,1,0.0,0.0,0.0,345.14,5.0,2.0,0,1,2.0,3.1780538303479458,6.333332912688072,0.007045887230219028,0,0.0
1580,대조,0,1.0,13.0,60.73,66.0,0.0,0.0,0.0,0.0,1,0.0,0.0,0.0,169.9,16.0,1.0,0,1,1.0,2.6390573296152584,4.122770036405805,0.0,0,0.0
1581,대조,0,,0.0,0.0,0.0,0.0,0.0,0.0,0.0,0,0.0,0.0,0.0,0.0,0.0,90.0,0,0,90.0,0.0,0.0,0.0,0,0.0
1585,대조,0,4.0,20.0,1065.32,373.0,4.0,7.05,0.0,0.0,1,0.0,0.0,0.0,322.27,6.0,4.0,0,1,4.0,3.044522437723423,6.9719687472957625,0.006617729883978523,0,0.0
1587,대조,0,7.0,7.0,156.24,97.0,3.0,3.66,0.0,0.0,0,1.8900000000000001,2.0,2.0,141.13,9.0,7.0,1,1,7.0,2.0794415416798357,5.057773300553659,0.023425499231950843,0,0.0
1588,대조,0,1.0,48.0,682.47,324.0,0.0,0.0,0.0,0.0,1,1.99,1.0,1.0,382.49,16.0,1.0,1,1,1.0,3.8918202981106265,6.52718276346701,0.0,0,0.0
1591,대조,0,10.0,8.0,438.88,228.0,3.0,6.7700000000000005,0.0,0.0,1,9.38,5.0,3.0,165.28,4.0,10.0,1,1,10.0,2.1972245773362196,6.086501962442734,0.015425628873496173,0,0.0
1592,대조,0,11.0,4.0,155.58,38.0,0.0,0.0,0.0,0.0,0,0.0,0.0,0.0,55.66,1.0,11.0,0,1,11.0,1.6094379124341003,5.053567061479768,0.0,0,0.0
1593,대조,0,4.0,6.0,302.37,126.0,2.0,4.98,0.0,0.0,0,0.0,0.0,0.0,42.01,1.0,4.0,0,1,4.0,1.9459101490553132,5.714953182658373,0.016469887885702948,0,0.0
1594,대조,0,53.0,4.0,154.87,80.0,0.0,0.0,0.0,0.0,0,0.0,0.0,0.0,187.2,6.0,53.0,0,1,53.0,1.6094379124341003,5.0490223265009595,0.0,0,0.0
1595,대조,0,1.0,16.0,611.2,83391.0,0.0,0.0,0.0,0.0,1,0.0,0.0,0.0,348.75,12.0,1.0,0,1,1.0,2.833213344056216,6.417059026511312,0.0,0,0.0
1599,대조,0,2.0,18.0,1002.78,540.0,0.0,0.0,0.0,0.0,0,0.0,0.0,0.0,73.54,1.0,2.0,0,1,2.0,2.9444389791664403,6.911528152734635,0.0,0,0.0
1601,대조,0,21.0,7.0,187.5,96.0,0.0,0.0,0.0,1.0,0,0.0,0.0,0.0,52.59,1.0,21.0,0,1,21.0,2.0794415416798357,5.2390980068880655,0.0,0,1.0
1602,대조,0,1.0,20.0,1001.79,400.0,4.0,11.0,0.0,1.0,0,10.0,4.0,4.0,514.02,11.0,1.0,1,1,1.0,3.044522437723423,6.910541394156236,0.010980345182123999,0,1.0
1604,대조,0,2.0,19.0,101.81,53.0,0.0,0.0,0.0,0.0,1,1.39,1.0,1.0,80.99,14.0,2.0,1,1,2.0,2.995732273553991,4.632882624554627,0.0,0,0.0
1605,대조,0,7.0,9.0,224.48,137.0,0.0,0.0,0.0,0.0,0,0.0,0.0,0.0,23.05,1.0,7.0,0,1,7.0,2.302585092994046,5.418231463213374,0.0,0,0.0
1609,대조,0,1.0,47.0,4683.77,317742.0,1.0,2.69,0.0,0.0,1,0.0,0.0,0.0,1376.44,18.0,1.0,0,1,1.0,3.871201010907891,8.45207210061791,0.0005743236751591133,0,0.0
1615,대조,0,27.0,5.0,269.15,163.0,1.0,2.0,0.0,0.0,0,0.0,0.0,0.0,38.31,3.0,27.0,0,1,27.0,1.791759469228055,5.598977360290075,0.007430800668772061,0,0.0
1618,대조,0,5.0,19.0,897.36,84483.0,5.0,11.27,0.0,0.0,1,0.0,0.0,0.0,353.15,7.0,5.0,0,1,5.0,2.995732273553991,6.800570878835522,0.012559062137826513,0,0.0
1619,대조,0,1.0,24.0,607.78,88807.0,0.0,0.0,0.0,0.0,0,0.0,0.0,0.0,171.75,11.0,1.0,0,1,1.0,3.2188758248682006,6.411456954496684,0.0,0,0.0
1621,대조,0,12.0,7.0,399.45,179.0,3.0,6.87,0.0,0.0,0,0.0,0.0,0.0,237.07,8.0,12.0,0,1,12.0,2.0794415416798357,5.992588914769692,0.017198648141194144,0,0.0
1624,대조,0,6.0,7.0,43.27,13.0,0.0,0.0,0.0,0.0,0,0.0,0.0,0.0,21.22,3.0,6.0,0,1,6.0,2.0794415416798357,3.7903072467440495,0.0,0,0.0
1627,대조,0,43.0,2.0,10.99,8.0,0.0,0.0,0.0,0.0,1,0.0,0.0,0.0,0.0,0.0,43.0,0,0,43.0,1.0986122886681098,2.4840729690394228,0.0,0,0.0
1630,대조,0,7.0,21.0,1071.69,326.0,0.0,0.0,0.0,0.0,0,0.0,0.0,0.0,644.94,10.0,7.0,0,1,7.0,3.091042453358316,6.977924791289026,0.0,0,0.0
1631,대조,0,2.0,51.0,1829.72,1093.0,1.0,2.87,0.0,0.0,1,1.67,1.0,1.0,937.57,18.0,2.0,1,1,2.0,3.9512437185814275,7.512464611080164,0.0015685460070393284,0,0.0
1632,대조,0,10.0,17.0,460.11,40095.0,3.0,6.37,0.0,0.0,0,2.39,1.0,1.0,63.3,2.0,10.0,1,1,10.0,2.8903717578961645,6.133636626247068,0.013844515441959531,0,0.0
1646,대조,0,1.0,17.0,203.68,33.0,0.0,0.0,0.0,0.0,0,0.0,0.0,0.0,51.040000000000006,4.0,1.0,0,1,1.0,2.8903717578961645,5.321447783936891,0.0,0,0.0
1648,대조,0,1.0,11.0,692.14,10438.0,0.0,0.0,0.0,0.0,1,0.0,0.0,0.0,346.7,13.0,1.0,0,1,1.0,2.4849066497880004,6.54123199898859,0.0,0,0.0
1651,대조,0,1.0,9.0,320.73,140.0,0.0,0.0,0.0,0.0,0,0.0,0.0,0.0,125.35,3.0,1.0,0,1,1.0,2.302585092994046,5.773712684482059,0.0,0,0.0
1653,대조,0,2.0,78.0,2377.04,127011.0,3.0,8.73,0.0,0.0,1,1.67,1.0,1.0,1163.1200000000001,37.0,2.0,1,1,2.0,4.3694478524670215,7.774031897967122,0.0036726348736243397,0,0.0
1659,대조,0,2.0,22.0,356.1,183.0,0.0,0.0,0.0,0.0,0,0.0,0.0,0.0,171.86,8.0,2.0,0,1,2.0,3.1354942159291497,5.878015854600402,0.0,0,0.0
1660,대조,0,22.0,6.0,194.7,75.0,0.0,0.0,0.0,0.0,0,0.0,0.0,0.0,58.95,5.0,22.0,0,1,22.0,1.9459101490553132,5.27658287440203,0.0,0,0.0
1662,대조,0,2.0,16.0,1948.7,759.0,13.0,32.06,0.0,1.0,1,10.36,4.0,3.0,543.79,3.0,2.0,1,1,2.0,2.833213344056216,7.575430793568413,0.0164519936367835,0,1.0
1663,대조,0,3.0,22.0,221.67,80014.0,0.0,0.0,0.0,0.0,0,0.0,0.0,0.0,148.43,10.0,3.0,0,1,3.0,3.1354942159291497,5.405690854816366,0.0,0,0.0
1666,대조,0,14.0,12.0,201.79,51.0,0.0,0.0,0.0,0.0,0,0.0,0.0,0.0,53.48,4.0,14.0,0,1,14.0,2.5649493574615367,5.312170960836572,0.0,0,0.0
1667,대조,0,4.0,9.0,224.79000000000002,114.0,0.0,0.0,0.0,0.0,0,0.0,0.0,0.0,4.4,1.0,4.0,0,1,4.0,2.302585092994046,5.419605363755236,0.0,0,0.0
1672,대조,0,12.0,18.0,440.86,276.0,0.0,0.0,0.0,0.0,0,0.0,0.0,0.0,72.75,4.0,12.0,0,1,12.0,2.9444389791664403,6.090993089822883,0.0,0,0.0
1673,대조,0,6.0,21.0,934.67,9612.0,6.0,12.03,0.0,0.0,0,0.0,0.0,0.0,153.05,3.0,6.0,0,1,6.0,3.091042453358316,6.841262850209692,0.012870852814362288,0,0.0
1676,대조,0,1.0,13.0,690.19,28046.0,7.0,21.12,0.0,1.0,1,11.760000000000002,4.0,2.0,292.71,9.0,1.0,1,1,1.0,2.6390573296152584,6.538414749792596,0.030600269491009722,0,1.0
1681,대조,0,5.0,13.0,356.13,17646.0,1.0,0.75,0.0,0.0,0,4.0,2.0,1.0,272.65,8.0,5.0,1,1,5.0,2.6390573296152584,5.878099861152963,0.002105972538118103,0,0.0
1683,대조,0,5.0,13.0,258.08,67.0,0.0,0.0,0.0,1.0,0,0.0,0.0,0.0,64.43,5.0,5.0,0,1,5.0,2.6390573296152584,5.557136894314716,0.0,0,1.0
1685,대조,0,8.0,12.0,204.9,84.0,0.0,0.0,0.0,0.0,0,0.0,0.0,0.0,9.71,3.0,8.0,0,1,8.0,2.5649493574615367,5.327390614033744,0.0,0,0.0
1686,대조,0,3.0,12.0,177.51,12234.0,0.0,0.0,0.0,0.0,1,0.0,0.0,0.0,81.05,6.0,3.0,0,1,3.0,2.5649493574615367,5.18464462205946,0.0,0,0.0
1687,대조,0,12.0,17.0,602.5600000000001,254.0,0.0,0.0,0.0,0.0,0,0.0,0.0,0.0,257.65,5.0,12.0,0,1,12.0,2.8903717578961645,6.40284545564545,0.0,0,0.0
1689,대조,0,6.0,18.0,259.32,12526.0,0.0,0.0,0.0,0.0,1,0.0,0.0,0.0,384.81,9.0,6.0,0,1,6.0,2.9444389791664403,5.561911643470728,0.0,0,0.0
1692,대조,0,1.0,19.0,174.43,4582.0,0.0,0.0,0.0,0.0,1,0.0,0.0,0.0,263.4,14.0,1.0,0,1,1.0,2.995732273553991,5.1672401029410935,0.0,0,0.0
1693,대조,0,4.0,26.0,1165.49,32863.0,10.0,25.04,0.0,1.0,1,10.56,4.0,4.0,569.11,12.0,4.0,1,1,4.0,3.295836866004329,7.061754518771503,0.02148452582175737,0,1.0
1694,대조,0,5.0,35.0,1174.04,19542.0,11.0,23.63,0.0,0.0,1,0.0,0.0,0.0,386.69,12.0,5.0,0,1,5.0,3.58351893845611,7.069057468552017,0.020127082552553577,0,0.0
1695,대조,0,4.0,12.0,90.23,43.0,0.0,0.0,0.0,0.0,1,0.0,0.0,0.0,39.28,9.0,4.0,0,1,4.0,2.5649493574615367,4.513383790357383,0.0,0,0.0
1696,대조,0,5.0,11.0,487.67,210.0,4.0,10.56,0.0,0.0,1,14.24,6.0,6.0,209.22,5.0,5.0,1,1,5.0,2.4849066497880004,6.191687415037624,0.021653987327496054,0,0.0
1703,대조,0,6.0,10.0,249.5,107.0,1.0,10.0,0.0,0.0,0,0.0,0.0,0.0,54.97,3.0,6.0,0,1,6.0,2.3978952727983707,5.523458920524919,0.04008016032064128,0,0.0
1708,대조,0,13.0,9.0,806.89,403.0,3.0,5.6899999999999995,0.0,0.0,1,4.38,2.0,2.0,160.77,3.0,13.0,1,1,13.0,2.302585092994046,6.694425910639532,0.007051766659643817,0,0.0
1709,대조,0,1.0,15.0,499.12,19420.0,0.0,0.0,0.0,0.0,1,0.0,0.0,0.0,170.57,8.0,1.0,0,1,1.0,2.772588722239781,6.214848069626799,0.0,0,0.0
1716,대조,0,2.0,30.0,442.56,259.0,0.0,0.0,0.0,0.0,0,0.0,0.0,0.0,167.73,12.0,2.0,0,1,2.0,3.4339872044851463,6.0948330800850155,0.0,0,0.0
1717,대조,0,7.0,10.0,230.3,104.0,1.0,1.99,0.0,0.0,0,0.0,0.0,0.0,78.44,3.0,7.0,0,1,7.0,2.3978952727983707,5.443715569237393,0.008640903169778549,0,0.0
1720,대조,0,5.0,21.0,930.21,340.0,7.0,14.73,0.0,0.0,1,2.29,1.0,1.0,333.55,11.0,5.0,1,1,5.0,3.091042453358316,6.8364848157511275,0.015835134001999547,0,0.0
1722,대조,0,6.0,42.0,1539.39,75683.0,5.0,13.59,0.0,1.0,1,12.0,5.0,5.0,860.65,19.0,6.0,1,1,6.0,3.7612001156935624,7.339790910099375,0.008828172198078459,0,1.0
1723,대조,0,24.0,5.0,215.92000000000002,46.0,0.0,0.0,0.0,0.0,0,0.0,0.0,0.0,473.75,8.0,24.0,0,1,24.0,1.791759469228055,5.37952862197286,0.0,0,0.0
1726,대조,0,1.0,23.0,922.66,98989.0,2.0,7.1899999999999995,2.0,1.0,1,2.99,1.0,1.0,315.75,8.0,1.0,1,1,1.0,3.1780538303479458,6.828344038557851,0.007792686363340775,1,1.0
1733,대조,0,,0.0,0.0,0.0,0.0,0.0,0.0,2.0,0,0.0,0.0,0.0,0.0,0.0,90.0,0,0,90.0,0.0,0.0,0.0,0,2.0
1735,대조,0,13.0,4.0,306.90000000000003,109.0,0.0,0.0,0.0,0.0,0,0.0,0.0,0.0,107.7,4.0,13.0,0,1,13.0,1.6094379124341003,5.729775054930455,0.0,0,0.0
1740,대조,0,1.0,51.0,1725.31,5109.0,5.0,22.3,0.0,0.0,1,11.55,5.0,3.0,1077.6100000000001,37.0,1.0,1,1,1.0,3.9512437185814275,7.453741461541634,0.012925213439903554,0,0.0
1742,대조,0,1.0,53.0,477.89,227.0,1.0,1.5,0.0,0.0,0,1.19,1.0,1.0,100.45,20.0,1.0,1,1,1.0,3.9889840465642745,6.171470925944497,0.0031387976312540543,0,0.0
1744,대조,0,11.0,5.0,86.9,71.0,0.0,0.0,0.0,0.0,0,0.0,0.0,0.0,7.39,2.0,11.0,0,1,11.0,1.791759469228055,4.476199804691132,0.0,0,0.0
1746,대조,0,2.0,10.0,317.27,145.0,0.0,0.0,0.0,0.0,0,4.78,2.0,1.0,78.14,4.0,2.0,1,1,2.0,2.3978952727983707,5.76290007913929,0.0,0,0.0
1749,대조,0,4.0,20.0,597.78,59149.0,0.0,0.0,0.0,0.0,1,0.0,0.0,0.0,280.74,6.0,4.0,0,1,4.0,3.044522437723423,6.394894251854076,0.0,0,0.0
1751,대조,0,2.0,17.0,603.47,323.0,0.0,0.0,0.0,0.0,1,7.79,4.0,2.0,431.59,14.0,2.0,1,1,2.0,2.8903717578961645,6.4043520410317845,0.0,0,0.0
1752,대조,0,5.0,25.0,742.4,434.0,3.0,7.29,0.0,0.0,0,0.0,0.0,0.0,502.93,23.0,5.0,0,1,5.0,3.258096538021482,6.611234257863152,0.009819504310344828,0,0.0
1753,대조,0,14.0,76.0,371.44,34070.0,0.0,0.0,0.0,0.0,1,0.0,0.0,0.0,100.77,7.0,14.0,0,1,14.0,4.343805421853684,5.920075951020329,0.0,0,0.0
1758,대조,0,4.0,7.0,267.22,108.0,2.0,4.96,0.0,0.0,0,5.77,3.0,2.0,114.9,5.0,4.0,1,1,4.0,2.0794415416798357,5.591807539282795,0.018561484918793503,0,0.0
1759,대조,0,3.0,55.0,656.63,367.0,2.0,4.38,0.0,0.0,1,2.39,1.0,1.0,253.41,26.0,3.0,1,1,3.0,4.02535169073515,6.488642463139346,0.006670423221601206,0,0.0
1761,대조,0,19.0,4.0,323.37,124.0,1.0,2.0,0.0,0.0,0,0.0,0.0,0.0,66.05,1.0,19.0,0,1,19.0,1.6094379124341003,5.781884839543164,0.006184865633794106,0,0.0
1765,대조,0,1.0,6.0,818.77,398.0,10.0,12.99,0.0,0.0,1,5.18,5.0,3.0,192.03,3.0,1.0,1,1,1.0,1.9459101490553132,6.70902381310936,0.015865261306594037,0,0.0
1768,대조,0,1.0,14.0,256.11,142.0,4.0,9.45,0.0,0.0,0,0.0,0.0,0.0,193.76,10.0,1.0,0,1,1.0,2.70805020110221,5.549504008886889,0.03689820780133536,0,0.0
1773,대조,0,9.0,13.0,486.46000000000004,28274.0,0.0,0.0,3.0,1.0,0,2.39,1.0,1.0,123.04,3.0,9.0,1,1,9.0,2.6390573296152584,6.18920823578946,0.0,1,1.0
1774,대조,0,37.0,8.0,605.63,284.0,0.0,0.0,0.0,0.0,0,0.0,0.0,0.0,47.74,3.0,37.0,0,1,37.0,2.1972245773362196,6.407919050015748,0.0,0,0.0
1776,대조,0,5.0,57.0,993.67,546.0,3.0,9.0,0.0,0.0,0,2.64,6.0,2.0,239.67000000000002,8.0,5.0,1,1,5.0,4.060443010546419,6.902411023856361,0.009057332917366934,0,0.0
1777,대조,0,1.0,16.0,313.98,108.0,0.0,0.0,0.0,0.0,0,0.0,0.0,0.0,38.22,4.0,1.0,0,1,1.0,2.833213344056216,5.752509144746434,0.0,0,0.0
1781,대조,0,2.0,16.0,545.37,21376.0,5.0,13.370000000000001,0.0,0.0,0,0.0,0.0,0.0,225.47,5.0,2.0,0,1,2.0,2.833213344056216,6.303296401917629,0.024515466563984085,0,0.0
1784,대조,0,13.0,6.0,203.15,73.0,1.0,2.5,0.0,1.0,0,1.2,2.0,1.0,175.3,3.0,13.0,1,1,13.0,1.9459101490553132,5.318855017765585,0.012306177701206004,0,1.0
1785,대조,0,6.0,1.0,39.82,35.0,0.0,0.0,0.0,0.0,1,5.0,3.0,3.0,183.23,6.0,6.0,1,1,6.0,0.6931471805599453,3.709172157381699,0.0,0,0.0
1788,대조,0,3.0,30.0,1584.3600000000001,68385.0,2.0,5.58,0.0,0.0,1,0.0,0.0,0.0,536.2,8.0,3.0,0,1,3.0,3.4339872044851463,7.368566789858957,0.0035219268348102703,0,0.0
1790,대조,0,4.0,6.0,239.26,125.0,3.0,4.57,0.0,1.0,0,7.78,8.0,4.0,218.02,3.0,4.0,1,1,4.0,1.9459101490553132,5.481721670293229,0.019100560060185574,0,1.0
1791,대조,0,3.0,21.0,562.9,12589.0,0.0,0.0,0.0,0.0,1,1.89,1.0,1.0,233.66,10.0,3.0,1,1,3.0,3.091042453358316,6.334876930813136,0.0,0,0.0
1792,대조,0,62.0,17.0,640.08,124263.0,1.0,2.0,0.0,0.0,0,0.0,0.0,0.0,0.0,0.0,62.0,0,0,62.0,2.8903717578961645,6.463154254125374,0.003124609423822022,0,0.0
1793,대조,0,2.0,10.0,264.44,141.0,0.0,0.0,0.0,0.0,0,0.0,0.0,0.0,7.64,2.0,2.0,0,1,2.0,2.3978952727983707,5.581388826442135,0.0,0,0.0
1794,대조,0,43.0,4.0,205.77,71.0,0.0,0.0,0.0,0.0,0,1.67,1.0,1.0,325.35,8.0,43.0,1,1,43.0,1.6094379124341003,5.331607064412679,0.0,0,0.0
1795,대조,0,1.0,163.0,1228.23,849.0,4.0,10.0,2.0,1.0,1,0.0,0.0,0.0,622.46,61.0,1.0,0,1,1.0,5.099866427824199,7.1141432360763055,0.008141797546062219,1,1.0
1796,대조,0,22.0,4.0,244.81,13803.0,0.0,0.0,0.0,0.0,1,0.0,0.0,0.0,43.7,4.0,22.0,0,1,22.0,1.6094379124341003,5.50455887978689,0.0,0,0.0
1797,대조,0,6.0,13.0,753.0600000000001,312.0,8.0,12.39,0.0,0.0,1,2.6,2.0,2.0,369.11,8.0,6.0,1,1,6.0,2.6390573296152584,6.625471940438803,0.01645287228109314,0,0.0
1798,대조,0,10.0,8.0,327.07,168.0,4.0,5.0,0.0,0.0,0,0.0,0.0,0.0,326.66,4.0,10.0,0,1,10.0,2.1972245773362196,5.793227000248627,0.015287247378237076,0,0.0
1800,대조,0,4.0,23.0,727.37,88138.0,3.0,6.99,0.0,0.0,1,0.0,0.0,0.0,79.69,3.0,4.0,0,1,4.0,3.1780538303479458,6.59080916084383,0.00960996466722576,0,0.0
1807,대조,0,1.0,40.0,1887.53,37859.0,2.0,6.48,0.0,0.0,0,1.76,4.0,3.0,345.68,11.0,1.0,1,1,1.0,3.713572066704308,7.543554027649847,0.0034330580176209122,0,0.0
1809,대조,0,26.0,9.0,196.84,111.0,0.0,0.0,0.0,0.0,0,6.47,5.0,4.0,136.95,4.0,26.0,1,1,26.0,2.302585092994046,5.287458623213161,0.0,0,0.0
1810,대조,0,33.0,23.0,307.87,111.0,0.0,0.0,0.0,0.0,0,0.0,0.0,0.0,103.16,7.0,33.0,0,1,33.0,3.1780538303479458,5.732920476399523,0.0,0,0.0
1812,대조,0,1.0,12.0,183.52,3184.0,0.0,0.0,0.0,0.0,1,0.0,0.0,0.0,176.23,6.0,1.0,0,1,1.0,2.5649493574615367,5.21775785868962,0.0,0,0.0
1814,대조,0,26.0,8.0,777.44,300.0,1.0,3.0,0.0,0.0,1,0.0,0.0,0.0,217.26000000000002,2.0,26.0,0,1,26.0,2.1972245773362196,6.657291917012964,0.0038588186869726276,0,0.0
1815,대조,0,12.0,8.0,474.37,220.0,1.0,1.99,0.0,0.0,1,1.67,1.0,1.0,281.92,7.0,12.0,1,1,12.0,2.1972245773362196,6.1640934481810135,0.004195037628855113,0,0.0
1816,대조,0,2.0,19.0,454.91,16364.0,1.0,2.39,0.0,0.0,1,0.0,0.0,0.0,233.52,10.0,2.0,0,1,2.0,2.995732273553991,6.122295421613623,0.005253786463256469,0,0.0
1818,대조,0,,0.0,0.0,0.0,0.0,0.0,0.0,1.0,0,0.0,0.0,0.0,0.0,0.0,90.0,0,0,90.0,0.0,0.0,0.0,0,1.0
1820,대조,0,3.0,11.0,554.73,26271.0,6.0,10.940000000000001,0.0,0.0,1,2.16,1.0,1.0,454.22,7.0,3.0,1,1,3.0,2.4849066497880004,6.320282564792335,0.019721305860508718,0,0.0
1822,대조,0,4.0,51.0,724.17,380.0,5.0,8.17,0.0,0.0,1,0.0,0.0,0.0,126.60000000000001,12.0,4.0,0,1,4.0,3.9512437185814275,6.58640611012651,0.011281881326207934,0,0.0
1823,대조,0,6.0,50.0,2017.99,139037.0,13.0,26.84,0.0,0.0,1,9.77,6.0,5.0,782.88,12.0,6.0,1,1,6.0,3.9318256327243257,7.6103526653535685,0.01330036323272167,0,0.0
1824,대조,0,5.0,28.0,502.77,269.0,2.0,3.96,0.0,0.0,0,3.0,5.0,1.0,265.94,12.0,5.0,1,1,5.0,3.367295829986474,6.222119814706031,0.007876364938242139,0,0.0
1826,대조,0,6.0,14.0,397.32,214.0,0.0,0.0,0.0,0.0,0,0.0,0.0,0.0,86.05,7.0,6.0,0,1,6.0,2.70805020110221,5.987255702333927,0.0,0,0.0
1829,대조,0,1.0,53.0,1199.91,76617.0,2.0,3.96,0.0,0.0,1,0.0,0.0,0.0,489.49,25.0,1.0,0,1,1.0,3.9889840465642745,7.090834881719985,0.003300247518563892,0,0.0
1832,대조,0,6.0,2.0,51.300000000000004,30.0,0.0,0.0,0.0,0.0,0,0.0,0.0,0.0,35.730000000000004,2.0,6.0,0,1,6.0,1.0986122886681098,3.9569963710708773,0.0,0,0.0
1836,대조,0,5.0,12.0,510.43,16648.0,7.0,14.84,0.0,0.0,0,0.0,0.0,0.0,14.36,1.0,5.0,0,1,5.0,2.5649493574615367,6.2372107236316205,0.029073526242579785,0,0.0
1837,대조,0,12.0,13.0,510.05,41723.0,1.0,2.69,0.0,0.0,0,17.38,7.0,4.0,611.71,11.0,12.0,1,1,12.0,2.6390573296152584,6.236467432775085,0.005273992745809235,0,0.0
1839,대조,0,4.0,8.0,221.2,136.0,0.0,0.0,0.0,0.0,0,0.0,0.0,0.0,84.91,3.0,4.0,0,1,4.0,2.1972245773362196,5.40357787720553,0.0,0,0.0
1840,대조,0,,0.0,0.0,0.0,0.0,0.0,0.0,0.0,0,0.0,0.0,0.0,15.73,4.0,90.0,0,1,90.0,0.0,0.0,0.0,0,0.0
1841,대조,0,10.0,4.0,303.16,140.0,5.0,8.85,0.0,0.0,1,0.0,0.0,0.0,46.46,1.0,10.0,0,1,10.0,1.6094379124341003,5.717553878740119,0.029192505607599943,0,0.0
1847,대조,0,19.0,23.0,464.78000000000003,17856.0,0.0,0.0,0.0,0.0,1,0.0,0.0,0.0,214.58,6.0,19.0,0,1,19.0,3.1780538303479458,6.143713419645644,0.0,0,0.0
1848,대조,0,3.0,17.0,1962.6000000000001,683.0,4.0,7.48,0.0,0.0,1,8.79,4.0,4.0,1147.7,7.0,3.0,1,1,3.0,2.8903717578961645,7.582534802183898,0.003811270763273209,0,0.0
1849,대조,0,3.0,20.0,329.1,178.0,1.0,1.99,0.0,0.0,0,8.66,4.0,4.0,231.13,24.0,3.0,1,1,3.0,3.044522437723423,5.799395638859147,0.006046794287450623,0,0.0
1850,대조,0,1.0,39.0,1624.25,92139.0,2.0,4.5,0.0,0.0,1,1.29,1.0,1.0,304.78,14.0,1.0,1,1,1.0,3.6888794541139363,7.393416929084578,0.0027705094659073418,0,0.0
1854,대조,0,3.0,23.0,622.83,39962.0,0.0,0.0,0.0,0.0,0,0.0,0.0,0.0,206.6,9.0,3.0,0,1,3.0,3.1780538303479458,6.435877895354591,0.0,0,0.0
1857,대조,0,1.0,15.0,550.75,16315.0,2.0,1.98,0.0,0.0,0,4.58,2.0,1.0,358.03000000000003,11.0,1.0,1,1,1.0,2.772588722239781,6.313095045136846,0.003595097594189741,0,0.0
1858,대조,0,7.0,9.0,297.2,124.0,6.0,11.879999999999999,0.0,0.0,1,13.16,5.0,5.0,247.53,6.0,7.0,1,1,7.0,2.302585092994046,5.697764402330638,0.03997308209959623,0,0.0
1859,대조,0,5.0,5.0,319.82,97.0,0.0,0.0,0.0,1.0,0,0.0,0.0,0.0,56.59,1.0,5.0,0,1,5.0,1.791759469228055,5.770880218188696,0.0,0,1.0
1860,대조,0,74.0,4.0,41.43,15.0,0.0,0.0,0.0,0.0,0,0.0,0.0,0.0,0.0,0.0,74.0,0,0,74.0,1.6094379124341003,3.7478556592142334,0.0,0,0.0
1862,대조,0,8.0,33.0,414.12,30641.0,0.0,0.0,0.0,1.0,0,0.88,2.0,1.0,326.01,23.0,8.0,1,1,8.0,3.5263605246161616,6.028567635059484,0.0,0,1.0
1864,대조,0,1.0,29.0,2896.3,83601.0,4.0,13.56,0.0,0.0,1,0.0,0.0,0.0,1144.7,10.0,1.0,0,1,1.0,3.4011973816621555,7.97153454781,0.004681835445223216,0,0.0
1869,대조,0,4.0,23.0,705.76,335.0,1.0,0.99,0.0,0.0,1,0.0,0.0,0.0,54.620000000000005,5.0,4.0,0,1,4.0,3.1780538303479458,6.560691145748449,0.0014027431421446384,0,0.0
1872,대조,0,4.0,28.0,382.90000000000003,21710.0,3.0,12.27,0.0,1.0,0,5.98,2.0,1.0,219.68,9.0,4.0,1,1,4.0,3.367295829986474,5.950382102006752,0.03204492034473753,0,1.0
1877,대조,0,7.0,5.0,176.33,49.0,0.0,0.0,0.0,0.0,0,3.0,5.0,1.0,152.36,4.0,7.0,1,1,7.0,1.791759469228055,5.178012403504388,0.0,0,0.0
1879,대조,0,2.0,43.0,709.28,428.0,0.0,0.0,0.0,0.0,1,5.28,12.0,4.0,329.55,18.0,2.0,1,1,2.0,3.784189633918261,6.565659258490634,0.0,0,0.0
1881,대조,0,2.0,17.0,377.65000000000003,14935.0,0.0,0.0,0.0,0.0,0,0.0,0.0,0.0,186.46,8.0,2.0,0,1,2.0,2.8903717578961645,5.936612295559832,0.0,0,0.0
1887,대조,0,1.0,17.0,206.72,77.0,0.0,0.0,0.0,0.0,0,0.0,0.0,0.0,69.19,10.0,1.0,0,1,1.0,2.8903717578961645,5.336191018976118,0.0,0,0.0
1889,대조,0,8.0,7.0,227.92000000000002,94.0,0.0,0.0,0.0,0.0,0,0.0,0.0,0.0,21.79,1.0,8.0,0,1,8.0,2.0794415416798357,5.4333725975409015,0.0,0,0.0
1890,대조,0,78.0,1.0,21.65,11.0,1.0,3.0,0.0,0.0,0,3.48,2.0,2.0,76.36,2.0,78.0,1,1,78.0,0.6931471805599453,3.120159851929043,0.13856812933025406,0,0.0
1892,대조,0,1.0,52.0,1010.39,9557.0,4.0,8.75,0.0,0.0,1,2.19,1.0,1.0,445.22,34.0,1.0,1,1,1.0,3.970291913552122,6.919080901312052,0.00866002236760063,0,0.0
1894,대조,0,5.0,8.0,380.39,224.0,1.0,2.19,0.0,0.0,1,1.34,2.0,2.0,186.2,3.0,5.0,1,1,5.0,2.1972245773362196,5.94382247363014,0.00575724913904151,0,0.0
1895,대조,0,7.0,7.0,69.24000000000001,35.0,2.0,3.0,0.0,0.0,0,0.0,0.0,0.0,0.0,0.0,7.0,0,0,7.0,2.0794415416798357,4.251917949326861,0.04332755632582322,0,0.0
1896,대조,0,61.0,5.0,132.62,57.0,0.0,0.0,0.0,0.0,1,5.04,6.0,3.0,225.55,3.0,61.0,1,1,61.0,1.791759469228055,4.894999950497331,0.0,0,0.0
1900,대조,0,70.0,5.0,487.88,174.0,2.0,3.96,0.0,0.0,0,7.97,3.0,3.0,150.04,1.0,70.0,1,1,70.0,1.791759469228055,6.19211706058666,0.008116750020496843,0,0.0
1901,대조,0,1.0,123.0,2020.79,5091.0,3.0,13.33,0.0,0.0,1,5.77,3.0,3.0,679.66,57.0,1.0,1,1,1.0,4.820281565605037,7.611738536620081,0.006596430109016771,0,0.0
1905,대조,0,11.0,13.0,226.64000000000001,74.0,0.0,0.0,0.0,0.0,0,0.0,0.0,0.0,11.99,2.0,11.0,0,1,11.0,2.6390573296152584,5.4277654337349235,0.0,0,0.0
1906,대조,0,13.0,21.0,1334.26,40657.0,5.0,8.97,0.0,0.0,0,1.99,1.0,1.0,482.73,7.0,13.0,1,1,13.0,3.091042453358316,7.196881308426061,0.006722827634793819,0,0.0
1911,대조,0,5.0,25.0,286.43,25311.0,0.0,0.0,0.0,0.0,1,0.0,0.0,0.0,176.96,14.0,5.0,0,1,5.0,3.258096538021482,5.660979352330892,0.0,0,0.0
1912,대조,0,4.0,22.0,483.98,310.0,0.0,0.0,0.0,0.0,0,0.0,0.0,0.0,148.64,8.0,4.0,0,1,4.0,3.1354942159291497,6.184107652973808,0.0,0,0.0
1918,대조,0,18.0,5.0,115.59,27510.0,0.0,0.0,0.0,0.0,0,0.0,0.0,0.0,26.41,2.0,18.0,0,1,18.0,1.791759469228055,4.7586635069452,0.0,0,0.0
1920,대조,0,7.0,15.0,316.71,121.0,0.0,0.0,0.0,1.0,1,2.0,1.0,1.0,297.88,12.0,7.0,1,1,7.0,2.772588722239781,5.761139017015546,0.0,0,1.0
1922,대조,0,22.0,18.0,318.44,115.0,1.0,2.99,0.0,0.0,0,2.99,1.0,1.0,197.32,6.0,22.0,1,1,22.0,2.9444389791664403,5.7665694627549655,0.00938952392915463,0,0.0
1923,대조,0,2.0,21.0,504.66,54448.0,4.0,8.379999999999999,3.0,2.0,1,12.94,6.0,6.0,362.91,11.0,2.0,1,1,2.0,3.091042453358316,6.225864506677891,0.016605239170926957,1,2.0
1924,대조,0,3.0,32.0,986.61,13528.0,0.0,0.0,0.0,0.0,0,3.0,5.0,2.0,656.01,21.0,3.0,1,1,3.0,3.4965075614664802,6.895287882976667,0.0,0,0.0
1925,대조,0,1.0,8.0,79.01,31.0,0.0,0.0,0.0,0.0,0,0.0,0.0,0.0,63.68,5.0,1.0,0,1,1.0,2.1972245773362196,4.382151626862033,0.0,0,0.0
1927,대조,0,7.0,14.0,1058.95,449.0,2.0,5.18,0.0,0.0,1,0.0,0.0,0.0,686.41,10.0,7.0,0,1,7.0,2.70805020110221,6.965977016182261,0.004891637943245667,0,0.0
1928,대조,0,2.0,11.0,179.7,103.0,0.0,0.0,0.0,1.0,1,0.0,0.0,0.0,146.72,6.0,2.0,0,1,2.0,2.4849066497880004,5.196838197598183,0.0,0,1.0
1930,대조,0,2.0,23.0,304.47,161.0,0.0,0.0,0.0,0.0,0,2.79,1.0,1.0,118.5,7.0,2.0,1,1,2.0,3.1780538303479458,5.721851574117079,0.0,0,0.0
1931,대조,0,6.0,13.0,370.13,168.0,4.0,7.65,0.0,0.0,1,0.0,0.0,0.0,230.41,11.0,6.0,0,1,6.0,2.6390573296152584,5.91655240554285,0.020668413800556562,0,0.0
1932,대조,0,25.0,4.0,56.800000000000004,28.0,0.0,0.0,0.0,0.0,0,3.34,2.0,1.0,375.2,9.0,25.0,1,1,25.0,1.6094379124341003,4.056988775678332,0.0,0,0.0
1935,대조,0,3.0,26.0,1901.84,156693.0,1.0,0.84,0.0,0.0,1,0.0,0.0,0.0,800.85,10.0,3.0,0,1,3.0,3.295836866004329,7.551102785989476,0.00044167753333613764,0,0.0
1936,대조,0,5.0,77.0,407.6,19670.0,1.0,2.15,0.0,1.0,0,8.29,7.0,3.0,387.4,38.0,5.0,1,1,5.0,4.356708826689592,6.0127366823835215,0.005274779195289499,0,1.0
1937,대조,0,3.0,22.0,966.66,9153.0,0.0,0.0,1.0,1.0,1,0.6,1.0,1.0,240.89000000000001,9.0,3.0,1,1,3.0,3.1354942159291497,6.874880785908055,0.0,1,1.0
1939,대조,0,19.0,8.0,306.90000000000003,15392.0,2.0,4.38,0.0,1.0,1,0.0,0.0,0.0,0.0,0.0,19.0,0,0,19.0,2.1972245773362196,5.729775054930455,0.01427174975562072,0,1.0
1940,대조,0,2.0,10.0,379.98,232.0,1.0,1.98,0.0,1.0,0,0.0,0.0,0.0,83.64,3.0,2.0,0,1,2.0,2.3978952727983707,5.942746880310552,0.005210800568450971,0,1.0
1941,대조,0,1.0,24.0,120.64,82.0,0.0,0.0,0.0,0.0,0,0.0,0.0,0.0,59.3,9.0,1.0,0,1,1.0,3.2188758248682006,4.801065862809164,0.0,0,0.0
1942,대조,0,11.0,6.0,74.0,8653.0,0.0,0.0,0.0,0.0,0,0.0,0.0,0.0,91.49000000000001,5.0,11.0,0,1,11.0,1.9459101490553132,4.31748811353631,0.0,0,0.0
1946,대조,0,6.0,7.0,478.82,175.0,2.0,4.96,0.0,0.0,1,13.99,9.0,8.0,558.07,6.0,6.0,1,1,6.0,2.0794415416798357,6.1734110335718535,0.01035879871350403,0,0.0
1947,대조,0,2.0,15.0,1427.74,439.0,0.0,0.0,0.0,0.0,0,5.78,2.0,2.0,445.65,7.0,2.0,1,1,2.0,2.772588722239781,7.264548215959417,0.0,0,0.0
1948,대조,0,1.0,7.0,141.55,93.0,0.0,0.0,0.0,0.0,1,0.0,0.0,0.0,28.57,1.0,1.0,0,1,1.0,2.0794415416798357,4.9596928153586815,0.0,0,0.0
1949,대조,0,1.0,3.0,163.94,76.0,0.0,0.0,0.0,0.0,1,0.0,0.0,0.0,80.21000000000001,2.0,1.0,0,1,1.0,1.3862943611198906,5.105581771405209,0.0,0,0.0
1950,대조,0,77.0,1.0,30.520000000000003,13.0,0.0,0.0,0.0,0.0,0,0.0,0.0,0.0,0.0,0.0,77.0,0,0,77.0,0.6931471805599453,3.4506222649896783,0.0,0,0.0
1953,대조,0,4.0,26.0,789.69,304.0,1.0,2.79,0.0,0.0,1,0.0,0.0,0.0,184.71,7.0,4.0,0,1,4.0,3.295836866004329,6.672905981975281,0.0035330319492459066,0,0.0
1957,대조,0,11.0,2.0,57.730000000000004,27.0,0.0,0.0,0.0,1.0,0,0.0,0.0,0.0,13.459999999999999,1.0,11.0,0,1,11.0,1.0986122886681098,4.072950669534428,0.0,0,1.0
1962,대조,0,16.0,8.0,218.51,93.0,3.0,6.55,0.0,0.0,1,0.0,0.0,0.0,30.68,1.0,16.0,0,1,16.0,2.1972245773362196,5.391397789564048,0.02997574481717084,0,0.0
1963,대조,0,1.0,9.0,345.34,4687.0,1.0,2.19,0.0,1.0,0,0.0,0.0,0.0,122.16,3.0,1.0,0,1,1.0,2.302585092994046,5.847420951524005,0.006341576417443679,0,1.0
1964,대조,0,9.0,10.0,269.74,155.0,1.0,1.0,0.0,0.0,1,0.0,0.0,0.0,87.33,3.0,9.0,0,1,9.0,2.3978952727983707,5.6011589507576405,0.003707273670942389,0,0.0
1968,대조,0,10.0,12.0,421.21,250.0,1.0,2.16,0.0,0.0,0,0.0,0.0,0.0,136.27,5.0,10.0,0,1,10.0,2.5649493574615367,6.045502820590854,0.00512808337883716,0,0.0
1969,대조,0,7.0,27.0,208.98,146.0,0.0,0.0,0.0,0.0,0,0.0,0.0,0.0,121.14,16.0,7.0,0,1,7.0,3.332204510175204,5.347012288086795,0.0,0,0.0
1970,대조,0,28.0,2.0,23.4,23.0,0.0,0.0,0.0,0.0,0,0.0,0.0,0.0,89.13,4.0,28.0,0,1,28.0,1.0986122886681098,3.1945831322991562,0.0,0,0.0
1972,대조,0,2.0,26.0,585.88,311.0,2.0,3.89,0.0,0.0,0,0.0,0.0,0.0,182.81,16.0,2.0,0,1,2.0,3.295836866004329,6.374820369628045,0.006639584897931317,0,0.0
1976,대조,0,2.0,27.0,448.79,224.0,0.0,0.0,0.0,0.0,1,0.0,0.0,0.0,144.53,11.0,2.0,0,1,2.0,3.332204510175204,6.108780807174922,0.0,0,0.0
1979,대조,0,6.0,11.0,101.82,58.0,3.0,7.17,0.0,1.0,1,2.79,1.0,1.0,58.22,6.0,6.0,1,1,6.0,2.4849066497880004,4.632979886627359,0.07041838538597525,0,1.0
1980,대조,0,19.0,4.0,422.02,176.0,0.0,0.0,0.0,0.0,1,0.0,0.0,0.0,175.64000000000001,1.0,19.0,0,1,19.0,1.6094379124341003,6.047419459252429,0.0,0,0.0
1981,대조,0,7.0,10.0,93.33,46.0,0.0,0.0,0.0,0.0,0,0.0,0.0,0.0,70.88,4.0,7.0,0,1,7.0,2.3978952727983707,4.546799272661762,0.0,0,0.0
1982,대조,0,5.0,26.0,655.84,58972.0,0.0,0.0,0.0,0.0,1,0.0,0.0,0.0,572.75,15.0,5.0,0,1,5.0,3.295836866004329,6.487440457623637,0.0,0,0.0
1987,대조,0,6.0,9.0,212.73,166.0,1.0,2.89,0.0,0.0,0,0.0,0.0,0.0,175.22,8.0,6.0,0,1,6.0,2.302585092994046,5.364713536187719,0.013585295915009638,0,0.0
1989,대조,0,4.0,27.0,403.84000000000003,17012.0,0.0,0.0,0.0,0.0,1,0.0,0.0,0.0,200.32,11.0,4.0,0,1,4.0,3.332204510175204,6.003491927320701,0.0,0,0.0
1990,대조,0,7.0,16.0,429.3,66786.0,3.0,10.0,0.0,0.0,1,5.15,2.0,2.0,356.26,10.0,7.0,1,1,7.0,2.833213344056216,6.064482639844554,0.023293733985557886,0,0.0
1993,대조,0,1.0,11.0,176.86,10806.0,1.0,0.99,0.0,0.0,0,0.0,0.0,0.0,113.96000000000001,5.0,1.0,0,1,1.0,2.4849066497880004,5.180996723971494,0.005597647857062083,0,0.0
1996,대조,0,9.0,14.0,382.81,180.0,0.0,0.0,0.0,0.0,0,0.0,0.0,0.0,207.43,9.0,9.0,0,1,9.0,2.70805020110221,5.950147638471271,0.0,0,0.0
1997,대조,0,3.0,10.0,573.12,194.0,2.0,3.5,0.0,0.0,1,2.99,1.0,1.0,313.63,5.0,3.0,1,1,3.0,2.3978952727983707,6.352838433703179,0.006106923506420994,0,0.0
2004,대조,0,4.0,35.0,1374.3600000000001,623.0,0.0,0.0,0.0,0.0,1,4.98,2.0,2.0,667.6800000000001,15.0,4.0,1,1,4.0,3.58351893845611,7.226470794014091,0.0,0,0.0
2009,대조,0,30.0,3.0,63.6,15.0,0.0,0.0,0.0,1.0,0,0.0,0.0,0.0,0.0,0.0,30.0,0,0,30.0,1.3862943611198906,4.168214410788556,0.0,0,1.0
2011,대조,0,1.0,20.0,217.70000000000002,102.0,2.0,5.0,0.0,0.0,1,0.0,0.0,0.0,88.23,9.0,1.0,0,1,1.0,3.044522437723423,5.387700927682722,0.022967386311437757,0,0.0
2013,대조,0,2.0,17.0,190.94,97.0,0.0,0.0,0.0,0.0,1,0.0,0.0,0.0,73.15,6.0,2.0,0,1,2.0,2.8903717578961645,5.257182823189481,0.0,0,0.0
2014,대조,0,9.0,7.0,508.29,267.0,5.0,6.16,0.0,0.0,0,0.0,0.0,0.0,0.0,0.0,9.0,0,0,9.0,2.0794415416798357,6.233017598904941,0.012119065887583859,0,0.0
2015,대조,0,1.0,18.0,860.23,321.0,4.0,9.43,0.0,0.0,0,2.48,1.0,1.0,325.91,5.0,1.0,1,1,1.0,2.9444389791664403,6.758361599997274,0.010962184532043754,0,0.0
2016,대조,0,2.0,13.0,266.09,184.0,0.0,0.0,0.0,1.0,0,0.0,0.0,0.0,382.01,13.0,2.0,0,1,2.0,2.6390573296152584,5.58758568025369,0.0,0,1.0
2017,대조,0,1.0,15.0,637.49,15906.0,2.0,1.74,0.0,0.0,1,0.0,0.0,0.0,381.28000000000003,9.0,1.0,0,1,1.0,2.772588722239781,6.459106013642822,0.002729454579679681,0,0.0
2018,대조,0,54.0,5.0,270.61,127.0,2.0,5.98,0.0,0.0,1,0.0,0.0,0.0,75.78,4.0,54.0,0,1,54.0,1.791759469228055,5.604367213857996,0.022098222534274417,0,0.0
2019,대조,0,1.0,99.0,2738.84,1209.0,5.0,25.77,0.0,0.0,0,2.2,5.0,2.0,1515.34,27.0,1.0,1,1,1.0,4.605170185988092,7.915654803516527,0.009409092900644067,0,0.0
2020,대조,0,2.0,44.0,1748.82,745.0,7.0,20.37,0.0,0.0,1,15.34,6.0,5.0,621.72,19.0,2.0,1,1,2.0,3.8066624897703196,7.467268204484544,0.01164785398154184,0,0.0
2021,대조,0,7.0,18.0,309.05,131.0,1.0,1.5,0.0,0.0,0,0.0,0.0,0.0,80.27,4.0,7.0,0,1,7.0,2.9444389791664403,5.736733574795887,0.004853583562530335,0,0.0
2029,대조,0,77.0,3.0,74.09,36.0,0.0,0.0,0.0,0.0,0,0.0,0.0,0.0,6.99,1.0,77.0,0,1,77.0,1.3862943611198906,4.318687394111793,0.0,0,0.0
2030,대조,0,5.0,9.0,305.01,120.0,0.0,0.0,0.0,1.0,1,7.779999999999999,7.0,6.0,169.15,6.0,5.0,1,1,5.0,2.302585092994046,5.723617781156972,0.0,0,1.0
2032,대조,0,3.0,13.0,638.0,49827.0,1.0,0.75,0.0,0.0,0,0.0,0.0,0.0,133.32,4.0,3.0,0,1,3.0,2.6390573296152584,6.459904454377535,0.0011755485893416929,0,0.0
2033,대조,0,13.0,7.0,184.15,60.0,0.0,0.0,0.0,0.0,0,0.0,0.0,0.0,35.93,4.0,13.0,0,1,13.0,2.0794415416798357,5.2211663073596215,0.0,0,0.0
2034,대조,0,4.0,20.0,595.22,65910.0,0.0,0.0,0.0,0.0,0,0.0,0.0,0.0,217.5,8.0,4.0,0,1,4.0,3.044522437723423,6.390609726471327,0.0,0,0.0
2035,대조,0,10.0,21.0,334.62,227.0,0.0,0.0,0.0,0.0,0,0.0,0.0,0.0,74.24,6.0,10.0,0,1,10.0,3.091042453358316,5.815979567573016,0.0,0,0.0
2036,대조,0,2.0,5.0,532.6,16573.0,0.0,0.0,0.0,0.0,0,0.0,0.0,0.0,156.48,3.0,2.0,0,1,2.0,1.791759469228055,6.279646494601414,0.0,0,0.0
2037,대조,0,12.0,14.0,290.98,167.0,0.0,0.0,0.0,1.0,0,0.0,0.0,0.0,167.82999999999998,7.0,12.0,0,1,12.0,2.70805020110221,5.676685306771834,0.0,0,1.0
2039,대조,0,,0.0,0.0,0.0,0.0,0.0,0.0,1.0,0,0.0,0.0,0.0,0.0,0.0,90.0,0,0,90.0,0.0,0.0,0.0,0,1.0
2041,대조,0,2.0,8.0,360.86,122.0,1.0,1.67,0.0,0.0,1,1.67,1.0,1.0,430.75,10.0,2.0,1,1,2.0,2.1972245773362196,5.891257396690951,0.004627833508839993,0,0.0
2042,대조,0,20.0,5.0,509.14,12386.0,0.0,0.0,0.0,0.0,0,0.0,0.0,0.0,387.1,2.0,20.0,0,1,20.0,1.791759469228055,6.234685197851371,0.0,0,0.0
2043,대조,0,19.0,7.0,152.44,9461.0,0.0,0.0,0.0,0.0,0,0.88,2.0,1.0,118.43,3.0,19.0,1,1,19.0,2.0794415416798357,5.033309611135128,0.0,0,0.0
2044,대조,0,10.0,7.0,161.48,70.0,0.0,0.0,0.0,1.0,0,2.99,1.0,1.0,145.01,2.0,10.0,1,1,10.0,2.0794415416798357,5.090554917272129,0.0,0,1.0
2053,대조,0,1.0,27.0,595.21,4647.0,3.0,6.16,0.0,0.0,1,1.78,2.0,1.0,174.68,9.0,1.0,1,1,1.0,3.332204510175204,6.3905929539983095,0.010349288486416558,0,0.0
2055,대조,0,1.0,20.0,306.76,111.0,4.0,10.67,0.0,0.0,0,2.89,1.0,1.0,278.46,13.0,1.0,1,1,1.0,3.044522437723423,5.72932025844404,0.03478289216325466,0,0.0
2056,대조,0,16.0,13.0,245.95,86.0,6.0,13.379999999999999,0.0,0.0,0,5.58,2.0,2.0,76.11,5.0,16.0,1,1,16.0,2.6390573296152584,5.509185886986634,0.054401301077454764,0,0.0
2057,대조,0,16.0,20.0,529.26,43221.0,0.0,0.0,0.0,0.0,1,0.0,0.0,0.0,225.33,11.0,16.0,0,1,16.0,3.044522437723423,6.273367452295723,0.0,0,0.0
2059,대조,0,2.0,10.0,540.89,321.0,3.0,6.78,0.0,0.0,0,0.0,0.0,0.0,47.14,3.0,2.0,0,1,2.0,2.3978952727983707,6.295063028812576,0.012534896189613415,0,0.0
2064,대조,0,1.0,21.0,393.52,101.0,0.0,0.0,0.0,0.0,1,3.1799999999999997,2.0,2.0,265.18,13.0,1.0,1,1,1.0,3.091042453358316,5.977669836085793,0.0,0,0.0
2065,대조,0,6.0,7.0,573.46,228.0,3.0,6.48,0.0,0.0,0,0.0,0.0,0.0,115.05,1.0,6.0,0,1,6.0,2.0794415416798357,6.353430469103293,0.011299829107522757,0,0.0
2068,대조,0,4.0,14.0,364.4,4769.0,5.0,9.96,0.0,0.0,1,1.99,1.0,1.0,132.43,8.0,4.0,1,1,4.0,2.70805020110221,5.900992643943907,0.02733260153677278,0,0.0
2069,대조,0,18.0,8.0,95.86,38.0,0.0,0.0,0.0,1.0,1,0.0,0.0,0.0,13.08,2.0,18.0,0,1,18.0,2.1972245773362196,4.573266636975083,0.0,0,1.0
2070,대조,0,3.0,82.0,509.23,15500.0,0.0,0.0,0.0,0.0,1,0.0,0.0,0.0,302.18,39.0,3.0,0,1,3.0,4.418840607796598,6.234861604449435,0.0,0,0.0
2071,대조,0,2.0,24.0,290.88,78.0,0.0,0.0,0.0,0.0,0,0.0,0.0,0.0,241.34,26.0,2.0,0,1,2.0,3.2188758248682006,5.67634275889742,0.0,0,0.0
2074,대조,0,6.0,11.0,347.25,201.0,2.0,4.05,0.0,0.0,0,0.0,0.0,0.0,5.08,1.0,6.0,0,1,6.0,2.4849066497880004,5.852920612659915,0.011663066954643628,0,0.0
2075,대조,0,37.0,5.0,172.91,13457.0,0.0,0.0,0.0,0.0,0,2.0,1.0,1.0,205.16,5.0,37.0,1,1,37.0,1.791759469228055,5.158537924019751,0.0,0,0.0
2081,대조,0,34.0,5.0,231.06,131.0,0.0,0.0,0.0,0.0,0,0.0,0.0,0.0,0.0,0.0,34.0,0,0,34.0,1.791759469228055,5.446995958919399,0.0,0,0.0
2083,대조,0,3.0,49.0,932.25,42231.0,4.0,7.0,0.0,0.0,0,6.58,6.0,4.0,414.48,14.0,3.0,1,1,3.0,3.912023005428146,6.838673117794693,0.007508715473317243,0,0.0
2084,대조,0,40.0,11.0,138.83,43.0,0.0,0.0,0.0,0.0,1,11.71,16.0,9.0,319.19,10.0,40.0,1,1,40.0,2.4849066497880004,4.940427399052759,0.0,0,0.0
2085,대조,0,1.0,75.0,2130.4900000000002,136321.0,1.0,3.34,0.0,0.0,1,0.0,0.0,0.0,675.91,25.0,1.0,0,1,1.0,4.330733340286331,7.6645765446624745,0.001567714469441302,0,0.0
2086,대조,0,2.0,48.0,525.76,213.0,0.0,0.0,0.0,0.0,1,0.0,0.0,0.0,349.59,39.0,2.0,0,1,2.0,3.8918202981106265,6.2667450368420194,0.0,0,0.0
2087,대조,0,5.0,26.0,957.28,57353.0,13.0,36.42,0.0,0.0,1,20.66,12.0,8.0,444.15,14.0,5.0,1,1,5.0,3.295836866004329,6.865140010840788,0.038045295002507105,0,0.0
2092,대조,0,9.0,26.0,484.1,27128.0,2.0,7.0,0.0,0.0,1,5.18,2.0,2.0,221.23,16.0,9.0,1,1,9.0,3.295836866004329,6.184355055251171,0.014459822350753975,0,0.0
2094,대조,0,7.0,6.0,227.57,114.0,1.0,2.16,0.0,0.0,1,2.16,1.0,1.0,120.1,3.0,7.0,1,1,7.0,1.9459101490553132,5.431842509153028,0.009491585006811092,0,0.0
2095,대조,0,7.0,25.0,673.58,24786.0,0.0,0.0,0.0,1.0,0,0.0,0.0,0.0,271.22,9.0,7.0,0,1,7.0,3.258096538021482,6.514090274989723,0.0,0,1.0
2098,대조,0,5.0,6.0,268.67,135.0,1.0,1.99,0.0,0.0,0,0.0,0.0,0.0,99.47,1.0,5.0,0,1,5.0,1.9459101490553132,5.5971989892534175,0.007406855994342501,0,0.0
2099,대조,0,,0.0,0.0,0.0,0.0,0.0,0.0,0.0,0,0.0,0.0,0.0,46.42,4.0,90.0,0,1,90.0,0.0,0.0,0.0,0,0.0
2100,대조,0,6.0,15.0,583.11,385.0,5.0,8.5,0.0,0.0,1,7.2299999999999995,8.0,5.0,174.64,6.0,6.0,1,1,6.0,2.772588722239781,6.370089321255816,0.014577009483630875,0,0.0
2107,대조,0,2.0,15.0,456.97,188.0,3.0,7.83,0.0,1.0,1,6.13,3.0,2.0,328.68,7.0,2.0,1,1,2.0,2.772588722239781,6.126803679785417,0.017134604022145873,0,1.0
2108,대조,0,2.0,23.0,238.01,113.0,1.0,2.38,0.0,0.0,0,2.48,1.0,1.0,78.37,6.0,2.0,1,1,2.0,3.1780538303479458,5.476505392060385,0.009999579849586151,0,0.0
2109,대조,0,4.0,22.0,536.98,291.0,1.0,1.67,0.0,0.0,0,0.0,0.0,0.0,205.88,9.0,4.0,0,1,4.0,3.1354942159291497,6.287821384749598,0.003109985474319341,0,0.0
2115,대조,0,3.0,58.0,2282.47,312810.0,3.0,5.0,0.0,0.0,1,4.99,3.0,2.0,851.77,16.0,3.0,1,1,3.0,4.07753744390572,7.73345149481158,0.002190609296069609,0,0.0
2117,대조,0,6.0,14.0,165.8,117.0,0.0,0.0,1.0,1.0,0,0.0,0.0,0.0,69.62,5.0,6.0,0,1,6.0,2.70805020110221,5.116795489924646,0.0,1,1.0
2121,대조,0,2.0,22.0,592.64,73066.0,5.0,12.57,0.0,1.0,1,0.0,0.0,0.0,373.33,13.0,2.0,0,1,2.0,3.1354942159291497,6.386273075027617,0.02121017818574514,0,1.0
2123,대조,0,2.0,11.0,678.4300000000001,288.0,0.0,0.0,0.0,0.0,1,1.76,4.0,1.0,355.82,5.0,2.0,1,1,2.0,2.4849066497880004,6.5212542113603815,0.0,0,0.0
2128,대조,0,2.0,2.0,23.14,8.0,0.0,0.0,0.0,0.0,0,0.0,0.0,0.0,55.35,5.0,2.0,0,1,2.0,1.0986122886681098,3.1838702156693857,0.0,0,0.0
2130,대조,0,6.0,11.0,778.79,292.0,1.0,1.98,0.0,0.0,1,0.0,0.0,0.0,67.49,2.0,6.0,0,1,6.0,2.4849066497880004,6.6590246526652965,0.002542405526521912,0,0.0
2131,대조,0,3.0,21.0,654.84,278.0,5.0,11.57,0.0,0.0,0,15.510000000000002,9.0,5.0,480.64,10.0,3.0,1,1,3.0,3.091042453358316,6.4859168567560275,0.0176684380917476,0,0.0
2138,대조,0,1.0,18.0,436.43,236.0,1.0,2.48,0.0,0.0,0,0.0,0.0,0.0,248.87,6.0,1.0,0,1,1.0,2.9444389791664403,6.080916692996303,0.005682469124487317,0,0.0
2139,대조,0,1.0,86.0,1048.17,473.0,1.0,2.14,0.0,0.0,0,0.0,0.0,0.0,655.85,35.0,1.0,0,1,1.0,4.465908118654584,6.955754654370048,0.0020416535485655953,0,0.0
2142,대조,0,2.0,12.0,1239.7,578.0,3.0,7.45,0.0,0.0,0,5.0,3.0,1.0,397.3,5.0,2.0,1,1,2.0,2.5649493574615367,7.123431015448826,0.0060095184318786805,0,0.0
2144,대조,0,28.0,4.0,349.92,97.0,0.0,0.0,0.0,0.0,0,0.0,0.0,0.0,96.68,1.0,28.0,0,1,28.0,1.6094379124341003,5.860558277260183,0.0,0,0.0
2145,대조,0,12.0,7.0,267.27,85.0,1.0,2.39,0.0,0.0,0,0.0,0.0,0.0,14.96,1.0,12.0,0,1,12.0,2.0794415416798357,5.591993936047486,0.008942268118382161,0,0.0
2147,대조,0,3.0,15.0,809.9,8559.0,0.0,0.0,0.0,0.0,1,1.76,4.0,4.0,340.31,6.0,3.0,1,1,3.0,2.772588722239781,6.698144741950512,0.0,0,0.0
2154,대조,0,4.0,12.0,265.27,10892.0,1.0,4.0,0.0,0.0,1,0.0,0.0,0.0,307.79,9.0,4.0,0,1,4.0,2.5649493574615367,5.5845108315733585,0.015078976137520263,0,0.0
2156,대조,0,5.0,15.0,729.16,62281.0,1.0,1.5,0.0,0.0,1,0.0,0.0,0.0,320.38,5.0,5.0,0,1,5.0,2.772588722239781,6.593263688208622,0.0020571616654780846,0,0.0
2158,대조,0,6.0,22.0,478.29,80668.0,1.0,1.85,0.0,0.0,1,4.0,2.0,2.0,184.84,8.0,6.0,1,1,6.0,3.1354942159291497,6.172305842188285,0.0038679462250935624,0,0.0
2159,대조,0,3.0,21.0,345.94,4583.0,1.0,2.19,0.0,0.0,0,0.0,0.0,0.0,184.55,9.0,3.0,0,1,3.0,3.091042453358316,5.849151854333263,0.006330577556801757,0,0.0
2161,대조,0,72.0,2.0,53.870000000000005,14437.0,1.0,3.99,0.0,1.0,0,0.0,0.0,0.0,111.65,3.0,72.0,0,1,72.0,1.0986122886681098,4.004966751070884,0.0740671988119547,0,1.0
2162,대조,0,5.0,28.0,1853.63,100620.0,7.0,22.51,0.0,0.0,1,0.0,0.0,0.0,743.79,9.0,5.0,0,1,5.0,3.367295829986474,7.52544049423012,0.01214373958125408,0,0.0
2164,대조,0,2.0,10.0,357.42,200.0,5.0,7.58,0.0,0.0,0,0.0,0.0,0.0,150.7,3.0,2.0,0,1,2.0,2.3978952727983707,5.881705483115242,0.02120754294667338,0,0.0
2171,대조,0,1.0,9.0,401.6,175.0,1.0,3.69,0.0,0.0,0,0.0,0.0,0.0,215.45,5.0,1.0,0,1,1.0,2.302585092994046,5.9979435132056915,0.009188247011952191,0,0.0
2173,대조,0,25.0,2.0,14.34,5.0,0.0,0.0,0.0,0.0,1,0.0,0.0,0.0,0.0,0.0,25.0,0,0,25.0,1.0986122886681098,2.73046379593911,0.0,0,0.0
2176,대조,0,6.0,88.0,1103.49,109717.0,0.0,0.0,0.0,0.0,0,0.0,0.0,0.0,129.72,7.0,6.0,0,1,6.0,4.48863636973214,7.007138968948656,0.0,0,0.0
2179,대조,0,14.0,4.0,218.85,84.0,0.0,0.0,0.0,0.0,1,0.0,0.0,0.0,133.86,7.0,14.0,0,1,14.0,1.6094379124341003,5.392945495626819,0.0,0,0.0
2181,대조,0,19.0,5.0,162.47,37.0,1.0,5.78,0.0,0.0,1,0.0,0.0,0.0,0.0,0.0,19.0,0,0,19.0,1.791759469228055,5.096629487263117,0.03557579860897397,0,0.0
2184,대조,0,1.0,27.0,955.0,13211.0,7.0,19.08,0.0,0.0,1,0.0,0.0,0.0,191.15,10.0,1.0,0,1,1.0,3.332204510175204,6.862757913051401,0.019979057591623033,0,0.0
2187,대조,0,32.0,7.0,269.87,103.0,0.0,0.0,0.0,0.0,0,0.88,2.0,1.0,272.47,6.0,32.0,1,1,32.0,2.0794415416798357,5.601639000987498,0.0,0,0.0
2190,대조,0,1.0,40.0,1551.96,162889.0,0.0,0.0,0.0,0.0,1,0.0,0.0,0.0,655.62,17.0,1.0,0,1,1.0,3.713572066704308,7.3479180662168515,0.0,0,0.0
2198,대조,0,1.0,22.0,216.3,11091.0,1.0,1.5,0.0,0.0,1,6.87,3.0,3.0,395.17,30.0,1.0,1,1,1.0,3.1354942159291497,5.381278887262384,0.006934812760055478,0,0.0
2199,대조,0,10.0,22.0,910.6800000000001,74988.0,10.0,19.02,0.0,0.0,1,16.39,9.0,8.0,465.7,11.0,10.0,1,1,10.0,3.1354942159291497,6.815289051309543,0.020885492159704835,0,0.0
2203,대조,0,1.0,9.0,505.23,137.0,1.0,5.38,0.0,1.0,1,0.0,0.0,0.0,138.98000000000002,2.0,1.0,0,1,1.0,2.302585092994046,6.22699111146752,0.010648615482057677,0,1.0
2204,대조,0,1.0,31.0,382.83,334.0,0.0,0.0,0.0,0.0,0,0.0,0.0,0.0,98.35,12.0,1.0,0,1,1.0,3.4657359027997265,5.950199746230127,0.0,0,0.0
2210,대조,0,4.0,15.0,704.93,333.0,4.0,13.64,0.0,0.0,0,0.0,0.0,0.0,151.04,6.0,4.0,0,1,4.0,2.772588722239781,6.5595160824358985,0.019349438951385245,0,0.0
2211,대조,0,3.0,10.0,229.74,28193.0,0.0,0.0,0.0,0.0,0,5.0,2.0,2.0,179.0,5.0,3.0,1,1,3.0,2.3978952727983707,5.441291535499143,0.0,0,0.0
2221,대조,0,2.0,20.0,397.08,215.0,2.0,3.5,0.0,0.0,1,0.0,0.0,0.0,133.78,6.0,2.0,0,1,2.0,3.044522437723423,5.98665299011076,0.00881434471642994,0,0.0
2222,대조,0,13.0,5.0,530.78,217.0,4.0,8.99,0.0,0.0,0,4.0,2.0,1.0,192.05,2.0,13.0,1,1,13.0,1.791759469228055,6.276229869978361,0.016937337503297036,0,0.0
2225,대조,0,5.0,12.0,326.03000000000003,131.0,1.0,2.0,0.0,0.0,0,6.13,3.0,3.0,173.42000000000002,5.0,5.0,1,1,5.0,2.5649493574615367,5.790051909808377,0.00613440480937337,0,0.0
2230,대조,0,54.0,1.0,13.96,4.0,0.0,0.0,0.0,0.0,0,2.89,1.0,1.0,86.88000000000001,1.0,54.0,1,1,54.0,0.6931471805599453,2.7053799725463312,0.0,0,0.0
2231,대조,0,11.0,12.0,651.04,13121.0,0.0,0.0,0.0,0.0,1,0.0,0.0,0.0,31.96,3.0,11.0,0,1,11.0,2.5649493574615367,6.480105909738089,0.0,0,0.0
2234,대조,0,1.0,31.0,1439.98,53566.0,3.0,9.75,0.0,0.0,1,0.0,0.0,0.0,514.64,12.0,1.0,0,1,1.0,3.4657359027997265,7.273078716652684,0.006770927373991305,0,0.0
2235,대조,0,7.0,12.0,602.27,184.0,2.0,10.76,0.0,0.0,1,5.0,3.0,2.0,123.95,5.0,7.0,1,1,7.0,2.5649493574615367,6.402364857706086,0.017865741278828434,0,0.0
2236,대조,0,2.0,45.0,715.8100000000001,62967.0,2.0,4.390000000000001,0.0,0.0,0,0.0,0.0,0.0,128.44,9.0,2.0,0,1,2.0,3.828641396489095,6.574810812456265,0.006132912365013062,0,0.0
2237,대조,0,5.0,21.0,599.26,39194.0,2.0,3.66,0.0,0.0,1,8.0,8.0,7.0,355.4,12.0,5.0,1,1,5.0,3.091042453358316,6.3973628946877055,0.0061075326235690685,0,0.0
2238,대조,0,11.0,29.0,450.06,211.0,1.0,5.38,0.0,0.0,0,13.14,6.0,6.0,253.67000000000002,20.0,11.0,1,1,11.0,3.4011973816621555,6.111600368347962,0.011953961693996356,0,0.0
2239,대조,0,3.0,8.0,578.71,291.0,3.0,11.76,0.0,0.0,0,9.41,7.0,4.0,364.63,13.0,3.0,1,1,3.0,2.1972245773362196,6.3625279784987825,0.020321058906879092,0,0.0
2241,대조,0,2.0,9.0,155.83,126.0,0.0,0.0,0.0,0.0,0,9.35,5.0,3.0,340.88,5.0,2.0,1,1,2.0,2.302585092994046,5.0551624161463335,0.0,0,0.0
2243,대조,0,11.0,4.0,445.78,198.0,2.0,5.78,0.0,0.0,1,2.5,1.0,1.0,232.27,4.0,11.0,1,1,11.0,1.6094379124341003,6.102066303435778,0.012966037058638791,0,0.0
2247,대조,0,3.0,9.0,648.71,190.0,1.0,0.75,0.0,0.0,0,0.0,0.0,0.0,99.57,2.0,3.0,0,1,3.0,2.302585092994046,6.476526109487289,0.0011561406483636756,0,0.0
2248,대조,0,2.0,3.0,98.27,52.0,0.0,0.0,0.0,0.0,0,0.0,0.0,0.0,63.86,4.0,2.0,0,1,2.0,1.3862943611198906,4.59784341060163,0.0,0,0.0
2250,대조,0,7.0,12.0,383.07,192.0,1.0,3.0,0.0,0.0,1,10.0,6.0,2.0,199.14,4.0,7.0,1,1,7.0,2.5649493574615367,5.950824827641287,0.00783146683373796,0,0.0
2251,대조,0,16.0,1.0,16.55,4.0,0.0,0.0,0.0,1.0,0,4.0,6.0,2.0,155.5,1.0,16.0,1,1,16.0,0.6931471805599453,2.865053949911875,0.0,0,1.0
2252,대조,0,7.0,17.0,869.07,24507.0,1.0,1.99,0.0,0.0,1,0.0,0.0,0.0,552.27,13.0,7.0,0,1,7.0,2.8903717578961645,6.7685736681820305,0.0022898040434027175,0,0.0
2254,대조,0,6.0,8.0,195.78,71.0,0.0,0.0,0.0,0.0,1,0.0,0.0,0.0,72.79,3.0,6.0,0,1,6.0,2.1972245773362196,5.282086353437619,0.0,0,0.0
2258,대조,0,17.0,4.0,130.27,40.0,0.0,0.0,0.0,1.0,0,3.0,1.0,1.0,80.7,3.0,17.0,1,1,17.0,1.6094379124341003,4.877256270815316,0.0,0,1.0
2260,대조,0,11.0,21.0,1197.88,99283.0,0.0,0.0,0.0,0.0,1,1.96,2.0,2.0,241.23000000000002,5.0,11.0,1,1,11.0,3.091042453358316,7.089143066616001,0.0,0,0.0
2261,대조,0,1.0,74.0,2172.23,190164.0,1.0,2.19,0.0,0.0,0,0.0,0.0,0.0,842.61,43.0,1.0,0,1,1.0,4.31748811353631,7.683969819109971,0.001008180533368934,0,0.0
2264,대조,0,3.0,43.0,2259.3,22327.0,9.0,10.92,0.0,0.0,1,1.39,1.0,1.0,829.24,15.0,3.0,1,1,3.0,3.784189633918261,7.723252826819543,0.004833355464081795,0,0.0
2266,대조,0,3.0,13.0,1157.95,556.0,5.0,11.370000000000001,0.0,1.0,1,7.5600000000000005,4.0,4.0,564.04,6.0,3.0,1,1,3.0,2.6390573296152584,7.055269701770686,0.00981907681678829,0,1.0
2269,대조,0,1.0,35.0,416.7,219.0,0.0,0.0,0.0,0.0,1,0.0,0.0,0.0,147.81,17.0,1.0,0,1,1.0,3.58351893845611,6.03476347150313,0.0,0,0.0
2273,대조,0,1.0,8.0,301.18,156.0,4.0,13.92,0.0,0.0,0,4.0,2.0,1.0,88.98,3.0,1.0,1,1,1.0,2.1972245773362196,5.711022866311695,0.046218208380370544,0,0.0
2275,대조,0,2.0,8.0,177.76,83.0,0.0,0.0,0.0,0.0,0,0.0,0.0,0.0,104.63,5.0,2.0,0,1,2.0,2.1972245773362196,5.18604412406525,0.0,0,0.0
2277,대조,0,1.0,39.0,1354.51,822.0,1.0,1.99,0.0,0.0,0,1.99,1.0,1.0,359.75,9.0,1.0,1,1,1.0,3.6888794541139363,7.211933046263039,0.0014691659714583132,0,0.0
2279,대조,0,2.0,2.0,41.27,28.0,0.0,0.0,0.0,0.0,1,2.0,3.0,2.0,65.82000000000001,3.0,2.0,1,1,2.0,1.0986122886681098,3.7440776145786985,0.0,0,0.0
2281,대조,0,3.0,3.0,106.3,70.0,1.0,3.34,0.0,0.0,0,3.34,2.0,1.0,246.9,4.0,3.0,1,1,3.0,1.3862943611198906,4.675628649636653,0.031420507996237065,0,0.0
2282,대조,0,14.0,7.0,78.52,51.0,1.0,1.99,0.0,1.0,1,0.0,0.0,0.0,14.4,3.0,14.0,0,1,14.0,2.0794415416798357,4.376008562348319,0.02534386143657667,0,1.0
2284,대조,0,1.0,43.0,2690.14,23888.0,5.0,8.17,0.0,1.0,1,2.99,1.0,1.0,744.76,13.0,1.0,1,1,1.0,3.784189633918261,7.897720174643055,0.0030370166608429303,0,1.0
2286,대조,0,43.0,2.0,32.7,10.0,0.0,0.0,0.0,1.0,0,0.0,0.0,0.0,0.0,0.0,43.0,0,0,43.0,1.0986122886681098,3.517497837358316,0.0,0,1.0
2288,대조,0,15.0,17.0,312.04,127.0,2.0,4.68,0.0,0.0,0,0.0,0.0,0.0,79.67,5.0,15.0,0,1,15.0,2.8903717578961645,5.746330977902157,0.01499807716959364,0,0.0
2289,대조,0,5.0,7.0,223.26,100.0,1.0,3.0,0.0,0.0,0,0.0,0.0,0.0,15.040000000000001,2.0,5.0,0,1,5.0,2.0794415416798357,5.412806093032734,0.013437248051599033,0,0.0
2293,대조,0,16.0,8.0,327.5,19377.0,0.0,0.0,0.0,0.0,0,0.0,0.0,0.0,394.08,5.0,16.0,0,1,16.0,2.1972245773362196,5.794536837924666,0.0,0,0.0
2296,대조,0,1.0,34.0,2165.95,911.0,0.0,0.0,0.0,0.0,1,0.0,0.0,0.0,669.35,18.0,1.0,0,1,1.0,3.5553480614894135,7.6810759278968375,0.0,0,0.0
2298,대조,0,5.0,22.0,529.65,210.0,3.0,5.5,0.0,0.0,1,3.0,5.0,2.0,141.39000000000001,4.0,5.0,1,1,5.0,3.1354942159291497,6.2741026702078315,0.010384215991692628,0,0.0
2299,대조,0,11.0,10.0,375.71,224.0,4.0,3.99,0.0,0.0,0,0.0,0.0,0.0,169.57,5.0,11.0,0,1,11.0,2.3978952727983707,5.9314756606689825,0.01061989300258178,0,0.0
2300,대조,0,5.0,17.0,624.66,12749.0,4.0,8.19,0.0,0.0,1,0.88,2.0,2.0,257.07,6.0,5.0,1,1,5.0,2.8903717578961645,6.4388070925606185,0.013111132456056095,0,0.0
2302,대조,0,2.0,11.0,419.42,222.0,2.0,4.390000000000001,0.0,0.0,1,1.67,1.0,1.0,126.38,3.0,2.0,1,1,2.0,2.4849066497880004,6.0412542116104975,0.01046683515330695,0,0.0
2303,대조,0,5.0,14.0,412.55,126.0,0.0,0.0,0.0,0.0,0,2.79,1.0,1.0,171.89,4.0,5.0,1,1,5.0,2.70805020110221,6.024778426137916,0.0,0,0.0
2310,대조,0,11.0,14.0,285.06,162.0,1.0,2.19,0.0,0.0,0,0.0,0.0,0.0,46.49,2.0,11.0,0,1,11.0,2.70805020110221,5.656201579026754,0.007682593138286676,0,0.0
2314,대조,0,11.0,11.0,781.47,390.0,5.0,15.55,0.0,0.0,1,15.740000000000002,6.0,6.0,419.12,6.0,11.0,1,1,11.0,2.4849066497880004,6.662455583021217,0.0198983966115142,0,0.0
2319,대조,0,17.0,4.0,57.53,21.0,0.0,0.0,0.0,1.0,0,0.0,0.0,0.0,53.65,2.0,17.0,0,1,17.0,1.6094379124341003,4.069539443303129,0.0,0,1.0
2327,대조,0,2.0,10.0,330.59000000000003,270.0,1.0,5.0,0.0,0.0,0,0.0,0.0,0.0,44.81,3.0,2.0,0,1,2.0,2.3978952727983707,5.803899265990974,0.015124474424513746,0,0.0
2330,대조,0,9.0,14.0,1046.05,110175.0,6.0,16.53,0.0,0.0,1,2.48,1.0,1.0,733.0600000000001,11.0,9.0,1,1,9.0,2.70805020110221,6.953731965222161,0.01580230390516706,0,0.0
2337,대조,0,1.0,220.0,2076.66,1430.0,10.0,23.11,0.0,0.0,1,0.0,0.0,0.0,1168.53,119.0,1.0,0,1,1.0,5.3981627015177525,7.638997539407853,0.01112844664027814,0,0.0
2338,대조,0,7.0,6.0,241.44,111.0,1.0,2.87,0.0,0.0,0,2.0,1.0,1.0,223.76,7.0,7.0,1,1,7.0,1.9459101490553132,5.4907542570830845,0.0118870112657389,0,0.0
2342,대조,0,2.0,29.0,903.01,229866.0,2.0,3.0,0.0,0.0,1,0.0,0.0,0.0,303.12,12.0,2.0,0,1,2.0,3.4011973816621555,6.806840422277896,0.0033222223452674944,0,0.0
2344,대조,0,6.0,13.0,504.46,14334.0,4.0,8.47,0.0,0.0,0,0.0,0.0,0.0,78.21000000000001,2.0,6.0,0,1,6.0,2.6390573296152584,6.225468905754938,0.01679023113824684,0,0.0
2346,대조,0,2.0,4.0,210.56,85.0,8.0,25.15,0.0,0.0,0,7.99,4.0,3.0,60.89,2.0,2.0,1,1,2.0,1.6094379124341003,5.354508646197779,0.11944338905775075,0,0.0
2347,대조,0,17.0,3.0,71.66,34.0,0.0,0.0,0.0,0.0,1,2.39,1.0,1.0,612.8100000000001,11.0,17.0,1,1,17.0,1.3862943611198906,4.2857910267930555,0.0,0,0.0
2350,대조,0,19.0,14.0,457.21,29403.0,1.0,1.5,0.0,0.0,0,0.0,0.0,0.0,224.88,4.0,19.0,0,1,19.0,2.70805020110221,6.127327594312016,0.003280768137179852,0,0.0
2351,대조,0,1.0,49.0,1999.02,125035.0,0.0,0.0,0.0,1.0,1,1.99,1.0,1.0,946.03,22.0,1.0,1,1,1.0,3.912023005428146,7.600912459492083,0.0,0,1.0
2354,대조,0,5.0,8.0,467.47,24922.0,1.0,2.39,0.0,0.0,0,0.0,0.0,0.0,407.48,5.0,5.0,0,1,5.0,2.1972245773362196,6.1494720654766555,0.005112627548291869,0,0.0
2358,대조,0,9.0,13.0,348.91,131.0,0.0,0.0,0.0,0.0,0,0.0,0.0,0.0,69.55,5.0,9.0,0,1,9.0,2.6390573296152584,5.857675978559423,0.0,0,0.0
2359,대조,0,2.0,45.0,949.07,71406.0,3.0,5.529999999999999,0.0,0.0,1,0.0,0.0,0.0,93.98,6.0,2.0,0,1,2.0,3.828641396489095,6.856535666090565,0.005826756719736162,0,0.0
2364,대조,0,4.0,17.0,1438.03,593.0,8.0,16.87,0.0,0.0,1,0.0,0.0,0.0,328.89,4.0,4.0,0,1,4.0,2.8903717578961645,7.271724554481035,0.011731326884696426,0,0.0
2366,대조,0,5.0,27.0,954.79,97915.0,2.0,5.29,0.0,0.0,0,0.0,0.0,0.0,434.23,11.0,5.0,0,1,5.0,3.332204510175204,6.862538223649485,0.005540485342326585,0,0.0
2367,대조,0,1.0,35.0,1285.43,629.0,2.0,5.99,0.0,0.0,1,3.34,2.0,1.0,413.05,14.0,1.0,1,1,1.0,3.58351893845611,7.159626219048296,0.0046599192488116815,0,0.0
2369,대조,0,4.0,16.0,437.21000000000004,56973.0,4.0,8.58,0.0,0.0,0,7.98,6.0,4.0,241.88,5.0,4.0,1,1,4.0,2.833213344056216,6.082698247530829,0.019624436769515793,0,0.0
2370,대조,0,2.0,23.0,747.78,42182.0,0.0,0.0,0.0,0.0,1,1.67,1.0,1.0,335.77,7.0,2.0,1,1,2.0,3.1780538303479458,6.618445215404971,0.0,0,0.0
2372,대조,0,5.0,8.0,531.62,281.0,1.0,2.79,0.0,0.0,0,0.0,0.0,0.0,95.74000000000001,2.0,5.0,0,1,5.0,2.1972245773362196,6.277808224308283,0.0052481095519355935,0,0.0
2373,대조,0,6.0,12.0,215.33,144.0,1.0,2.79,0.0,0.0,0,0.0,0.0,0.0,219.07,8.0,6.0,0,1,6.0,2.5649493574615367,5.376805019596778,0.01295685691728974,0,0.0
2374,대조,0,7.0,12.0,837.7,286.0,2.0,4.37,0.0,0.0,1,4.58,2.0,2.0,568.55,3.0,7.0,1,1,7.0,2.5649493574615367,6.731853073990366,0.005216664677092037,0,0.0
2375,대조,0,1.0,15.0,500.38,196.0,0.0,0.0,0.0,0.0,0,0.0,0.0,0.0,288.90000000000003,13.0,1.0,0,1,1.0,2.772588722239781,6.217364296615909,0.0,0,0.0
2376,대조,0,3.0,16.0,250.41,6753.0,0.0,0.0,0.0,0.0,1,0.0,0.0,0.0,240.61,15.0,3.0,0,1,3.0,2.833213344056216,5.527085072612468,0.0,0,0.0
2378,대조,0,3.0,24.0,1217.43,527.0,5.0,11.95,0.0,0.0,1,0.0,0.0,0.0,474.97,9.0,3.0,0,1,3.0,3.2188758248682006,7.105318423733504,0.009815759427646764,0,0.0
2379,대조,0,6.0,13.0,104.34,16079.0,0.0,0.0,0.0,0.0,0,0.0,0.0,0.0,53.839999999999996,3.0,6.0,0,1,6.0,2.6390573296152584,4.657193214055243,0.0,0,0.0
2381,대조,0,3.0,11.0,228.93,163.0,3.0,3.5,0.0,0.0,0,0.0,0.0,0.0,79.45,4.0,3.0,0,1,3.0,2.4849066497880004,5.43777491477391,0.015288516140304896,0,0.0
2384,대조,0,4.0,3.0,85.73,34.0,0.0,0.0,0.0,1.0,0,2.58,2.0,1.0,41.54,2.0,4.0,1,1,4.0,1.3862943611198906,4.462799844696365,0.0,0,1.0
2386,대조,0,9.0,10.0,218.21,94.0,1.0,2.0,0.0,0.0,0,0.0,0.0,0.0,21.78,1.0,9.0,0,1,9.0,2.3978952727983707,5.390030174471236,0.009165482791806057,0,0.0
2390,대조,0,3.0,13.0,234.57,73.0,0.0,0.0,0.0,0.0,1,0.0,0.0,0.0,20.01,1.0,3.0,0,1,3.0,2.6390573296152584,5.462008109204515,0.0,0,0.0
2391,대조,0,,0.0,0.0,0.0,0.0,0.0,0.0,1.0,0,0.0,0.0,0.0,18.04,2.0,90.0,0,1,90.0,0.0,0.0,0.0,0,1.0
2393,대조,0,23.0,7.0,353.99,147.0,1.0,2.69,0.0,0.0,1,2.79,1.0,1.0,284.96,3.0,23.0,1,1,23.0,2.0794415416798357,5.872089620064577,0.007599084719907342,0,0.0
2394,대조,0,1.0,21.0,426.3,118316.0,1.0,0.59,0.0,0.0,0,0.0,0.0,0.0,106.46000000000001,5.0,1.0,0,1,1.0,3.091042453358316,6.057486342649979,0.001384001876612714,0,0.0
2398,대조,0,62.0,6.0,222.61,100.0,0.0,0.0,0.0,0.0,0,6.7700000000000005,3.0,2.0,49.22,1.0,62.0,1,1,62.0,1.9459101490553132,5.409903463000054,0.0,0,0.0
2400,대조,0,8.0,49.0,1817.21,146821.0,5.0,16.34,0.0,0.0,1,7.67,3.0,3.0,1144.86,27.0,8.0,1,1,8.0,3.912023005428146,7.505607779617634,0.008991806120371338,0,0.0
2405,대조,0,1.0,13.0,371.77,154.0,0.0,0.0,0.0,0.0,1,0.0,0.0,0.0,142.12,5.0,1.0,0,1,1.0,2.6390573296152584,5.920961607470378,0.0,0,0.0
2411,대조,0,2.0,14.0,426.42,134.0,0.0,0.0,0.0,0.0,1,0.0,0.0,0.0,415.33,14.0,2.0,0,1,2.0,2.70805020110221,6.057767136362045,0.0,0,0.0
2412,대조,0,3.0,47.0,2270.9900000000002,1220.0,3.0,8.42,0.0,0.0,0,3.06,4.0,2.0,1175.8,22.0,3.0,1,1,3.0,3.871201010907891,7.728411378422905,0.0037076341155179013,0,0.0
2415,대조,0,3.0,19.0,386.57,165.0,3.0,4.95,0.0,0.0,0,0.0,0.0,0.0,0.0,0.0,3.0,0,0,3.0,2.995732273553991,5.95989647764032,0.012804925369273353,0,0.0
2416,대조,0,3.0,21.0,862.87,260.0,0.0,0.0,0.0,0.0,0,0.0,0.0,0.0,197.75,7.0,3.0,0,1,3.0,3.091042453358316,6.761422294520406,0.0,0,0.0
2419,대조,0,1.0,13.0,225.06,95.0,0.0,0.0,0.0,0.0,0,0.0,0.0,0.0,89.97,5.0,1.0,0,1,1.0,2.6390573296152584,5.420800450762585,0.0,0,0.0
2421,대조,0,17.0,9.0,1063.72,443.0,3.0,7.33,0.0,0.0,1,5.0,3.0,3.0,283.29,3.0,17.0,1,1,17.0,2.302585092994046,6.9704671327783005,0.006890911142029857,0,0.0
2423,대조,0,4.0,8.0,309.21,154.0,2.0,7.57,0.0,0.0,0,0.0,0.0,0.0,328.47,4.0,4.0,0,1,4.0,2.1972245773362196,5.737249487489109,0.024481743798712853,0,0.0
2424,대조,0,2.0,17.0,575.27,243.0,4.0,8.91,0.0,0.0,0,1.99,1.0,1.0,339.44,8.0,2.0,1,1,2.0,2.8903717578961645,6.35657630086693,0.015488379369687277,0,0.0
2425,대조,0,3.0,21.0,636.87,103236.0,5.0,10.99,0.0,0.0,0,0.0,0.0,0.0,293.13,10.0,3.0,0,1,3.0,3.091042453358316,6.458134500827057,0.017256268940286087,0,0.0
2426,대조,0,6.0,16.0,444.58000000000004,36689.0,12.0,58.81,0.0,0.0,1,37.88,12.0,6.0,211.83,7.0,6.0,1,1,6.0,2.833213344056216,6.099376804302378,0.13228215394304738,0,0.0
2430,대조,0,4.0,13.0,516.77,8912.0,1.0,2.48,0.0,0.0,0,0.0,0.0,0.0,268.54,7.0,4.0,0,1,4.0,2.6390573296152584,6.249531128211421,0.004799040191961608,0,0.0
2432,대조,0,3.0,28.0,773.87,5128.0,3.0,5.6899999999999995,0.0,0.0,1,0.0,0.0,0.0,515.98,33.0,3.0,0,1,3.0,3.367295829986474,6.652695273347611,0.007352656130874694,0,0.0
2437,대조,0,6.0,10.0,714.69,309.0,6.0,20.82,0.0,0.0,1,3.34,2.0,1.0,332.27,4.0,6.0,1,1,6.0,2.3978952727983707,6.573247112312161,0.029131511564454517,0,0.0
2438,대조,0,2.0,24.0,430.34000000000003,46292.0,0.0,0.0,0.0,0.0,0,0.0,0.0,0.0,112.87,4.0,2.0,0,1,2.0,3.2188758248682006,6.066896642223835,0.0,0,0.0
2439,대조,0,8.0,13.0,125.02,76.0,0.0,0.0,0.0,0.0,0,0.0,0.0,0.0,48.06,2.0,8.0,0,1,8.0,2.6390573296152584,4.8364406245139095,0.0,0,0.0
2440,대조,0,8.0,13.0,170.0,68.0,0.0,0.0,0.0,0.0,0,1.99,1.0,1.0,76.21000000000001,7.0,8.0,1,1,8.0,2.6390573296152584,5.14166355650266,0.0,0,0.0
2447,대조,0,3.0,24.0,1764.69,545.0,2.0,6.68,0.0,0.0,1,0.0,0.0,0.0,96.41000000000001,3.0,3.0,0,1,3.0,3.2188758248682006,7.476296827816474,0.003785367401639948,0,0.0
2450,대조,0,9.0,11.0,356.07,50425.0,1.0,3.2,0.0,0.0,0,0.0,0.0,0.0,38.46,2.0,9.0,0,1,9.0,2.4849066497880004,5.877931840990149,0.008986996938804169,0,0.0
2455,대조,0,13.0,11.0,495.25,214.0,3.0,11.76,0.0,0.0,1,0.0,0.0,0.0,500.68,5.0,13.0,0,1,13.0,2.4849066497880004,6.2070798320014005,0.02374558303886926,0,0.0
2456,대조,0,9.0,14.0,246.6,134.0,1.0,2.19,0.0,0.0,0,0.0,0.0,0.0,61.68,2.0,9.0,0,1,9.0,2.70805020110221,5.511814540810441,0.008880778588807786,0,0.0
2466,대조,0,2.0,23.0,517.36,256.0,1.0,2.29,0.0,0.0,0,0.0,0.0,0.0,49.34,3.0,2.0,0,1,2.0,3.1780538303479458,6.2506699815672135,0.004426318231019019,0,0.0
2467,대조,0,1.0,59.0,1835.04,1079.0,7.0,13.98,0.0,0.0,1,0.0,0.0,0.0,725.33,27.0,1.0,0,1,1.0,4.0943445622221,7.5153663574354885,0.007618362542505886,0,0.0
2468,대조,0,65.0,8.0,238.78,123.0,0.0,0.0,0.0,0.0,0,3.34,2.0,1.0,364.94,15.0,65.0,1,1,65.0,2.1972245773362196,5.4797218362795075,0.0,0,0.0
2470,대조,0,5.0,10.0,62.84,26.0,0.0,0.0,0.0,0.0,0,0.0,0.0,0.0,37.21,4.0,5.0,0,1,5.0,2.3978952727983707,4.1563799531415535,0.0,0,0.0
2472,대조,0,31.0,3.0,21.1,9.0,0.0,0.0,0.0,0.0,0,0.0,0.0,0.0,9.99,1.0,31.0,0,1,31.0,1.3862943611198906,3.095577608523707,0.0,0,0.0
2474,대조,0,6.0,8.0,85.85,70.0,1.0,1.5,0.0,1.0,0,1.67,1.0,1.0,20.69,2.0,6.0,1,1,6.0,2.1972245773362196,4.464182492687114,0.017472335468841003,0,1.0
2475,대조,0,8.0,17.0,808.63,311.0,1.0,4.29,0.0,0.0,0,2.99,1.0,1.0,418.09000000000003,8.0,8.0,1,1,8.0,2.8903717578961645,6.696577353182637,0.005305269406279757,0,0.0
2478,대조,0,2.0,29.0,605.11,361.0,7.0,12.02,0.0,1.0,0,0.0,0.0,0.0,166.2,8.0,2.0,0,1,2.0,3.4011973816621555,6.407061487748703,0.01986415693014493,0,1.0
2479,대조,0,4.0,19.0,2096.08,19656.0,5.0,9.42,0.0,0.0,1,0.88,2.0,1.0,764.23,7.0,4.0,1,1,4.0,2.995732273553991,7.648301179911957,0.004494103278500821,0,0.0
2482,대조,0,5.0,14.0,372.97,235.0,0.0,0.0,0.0,1.0,0,0.0,0.0,0.0,10.98,2.0,5.0,0,1,5.0,2.70805020110221,5.924175580293482,0.0,0,1.0
2483,대조,0,5.0,2.0,18.17,12.0,0.0,0.0,0.0,0.0,1,0.0,0.0,0.0,56.91,6.0,5.0,0,1,5.0,1.0986122886681098,2.9533465570575532,0.0,0,0.0
2484,대조,0,14.0,17.0,926.15,50636.0,4.0,8.04,0.0,0.0,0,9.01,5.0,4.0,343.63,10.0,14.0,1,1,14.0,2.8903717578961645,6.832115364773392,0.008681099173999892,0,0.0
2485,대조,0,17.0,19.0,534.92,16180.0,1.0,5.38,0.0,0.0,0,0.0,0.0,0.0,66.55,3.0,17.0,0,1,17.0,2.995732273553991,6.283984896200012,0.010057578703357512,0,0.0
2486,대조,0,13.0,8.0,354.46,12629.0,3.0,3.67,0.0,0.0,1,3.52,8.0,4.0,396.46,5.0,13.0,1,1,13.0,2.1972245773362196,5.873412725331845,0.010353777577159624,0,0.0
2488,대조,0,6.0,18.0,928.02,41316.0,1.0,2.19,2.0,1.0,1,0.0,0.0,0.0,418.33,4.0,6.0,0,1,6.0,2.9444389791664403,6.834130267107399,0.0023598629339884915,1,1.0
2492,대조,0,36.0,4.0,86.78,57.0,1.0,1.67,0.0,1.0,0,0.0,0.0,0.0,55.14,1.0,36.0,0,1,36.0,1.6094379124341003,4.474833684260088,0.019244065452869323,0,1.0
2494,대조,0,5.0,9.0,698.14,26030.0,0.0,0.0,0.0,0.0,1,0.0,0.0,0.0,0.0,0.0,5.0,0,0,5.0,2.302585092994046,6.549851008302255,0.0,0,0.0
2496,대조,0,13.0,7.0,506.08,18686.0,3.0,6.05,0.0,0.0,1,0.0,0.0,0.0,179.82,4.0,13.0,0,1,13.0,2.0794415416798357,6.2286687820705255,0.011954631678785963,0,0.0
2497,대조,0,8.0,28.0,1024.91,520.0,2.0,4.1899999999999995,0.0,0.0,1,0.0,0.0,0.0,357.93,14.0,8.0,0,1,8.0,3.367295829986474,6.933335302584907,0.0040881638387760865,0,0.0
2498,대조,0,1.0,48.0,715.6,20134.0,5.0,8.86,0.0,0.0,1,0.0,0.0,0.0,156.88,13.0,1.0,0,1,1.0,3.8918202981106265,6.574517804870854,0.012381218557853547,0,0.0
2499,대조,0,14.0,12.0,324.68,24104.0,1.0,4.0,0.0,0.0,1,0.0,0.0,0.0,13.780000000000001,1.0,14.0,0,1,14.0,2.5649493574615367,5.785915304194724,0.012319822594554638,0,0.0
2500,대조,0,6.0,8.0,535.24,219.0,4.0,6.0,0.0,0.0,0,2.0,3.0,1.0,344.72,7.0,6.0,1,1,6.0,2.1972245773362196,6.284581822049702,0.011209924519841567,0,0.0
