household_key,group,treatment,recency_days,pre_baskets,pre_sales,pre_quantity,pre_target_purchase_count,pre_target_sales,pre_coupon_redemptions,pre_campaign_count_raw,has_demographic,target_sales,target_quantity,target_purchase_count,total_sales,baskets,recency_days_filled,target_purchase,any_purchase,pre_recency_capped,log_pre_baskets,log_pre_sales,pre_target_share,pre_coupon_user,pre_campaign_count_c,p_score,logit_p,in_support
2,대조,0,5.0,6.0,290.33,117.0,7.0,20.43,0.0,0.0,0,7.17,3.0,2.0,110.07000000000001,2.0,5.0,1,1,5.0,1.9459101490553132,5.674456645274372,0.07036820170151208,0,0.0,0.09056312866451684,-2.3067784234208255,True
3,대조,0,3.0,10.0,726.7,416.0,10.0,26.48,0.0,0.0,0,7.890000000000001,5.0,2.0,178.16,2.0,3.0,1,1,3.0,2.3978952727983707,6.589888875353041,0.03643869547268474,0,0.0,0.1066202896436426,-2.1257378700787037,True
4,대조,0,2.0,8.0,344.31,85.0,5.0,21.560000000000002,0.0,0.0,0,12.98,3.0,3.0,78.71,6.0,2.0,1,1,2.0,2.1972245773362196,5.8444425643009605,0.0626179896023932,0,0.0,0.09400718542390762,-2.2656601550516315,True
6,대조,0,5.0,35.0,988.91,358.0,14.0,45.15,0.0,0.0,0,51.81,19.0,14.0,577.51,21.0,5.0,1,1,5.0,3.58351893845611,6.897614029905244,0.04565632868511796,0,0.0,0.10283478436131407,-2.1661163669260652,True
7,대조,0,6.0,5.0,159.23,77.0,5.0,14.45,0.0,0.0,1,15.0,7.0,6.0,200.88,3.0,6.0,1,1,6.0,1.791759469228055,5.076610283019789,0.09074923067261195,0,0.0,0.07073907171047386,-2.575391508304863,True
13,대조,0,6.0,43.0,1960.04,287915.0,17.0,52.3,0.0,0.0,1,19.43,12.0,9.0,771.48,19.0,6.0,1,1,6.0,3.784189633918261,7.581230223744561,0.026683128915736414,0,0.0,0.10054271354731716,-2.1912089187561854,True
14,처치,1,27.0,12.0,149.61,6576.0,3.0,6.39,0.0,0.0,0,10.11,6.0,6.0,395.99,20.0,27.0,1,1,27.0,2.5649493574615367,5.014693714223758,0.042711048726689384,0,0.0,0.07216550036947487,-2.5538912784843553,True
17,처치,1,5.0,26.0,975.35,61209.0,13.0,46.95,0.0,1.0,1,37.8,21.0,5.0,285.63,7.0,5.0,1,1,5.0,3.295836866004329,6.883821128686506,0.04813656636079356,0,1.0,0.6779827058756338,0.744516527494085,True
18,대조,0,8.0,20.0,1089.33,22907.0,14.0,39.27,0.0,0.0,1,19.75,13.0,6.0,441.77,9.0,8.0,1,1,8.0,3.044522437723423,6.99423568169654,0.03604968191457135,0,0.0,0.09360353342899634,-2.2704086783144906,True
19,대조,0,5.0,35.0,1008.07,37120.0,29.0,64.49,0.0,0.0,1,24.27,17.0,14.0,543.09,18.0,5.0,1,1,5.0,3.58351893845611,6.916784393566657,0.063973731982898,0,0.0,0.08863001277576553,-2.3304784029799768,True
20,대조,0,1.0,58.0,1138.15,89451.0,16.0,83.12,0.0,0.0,1,65.97,33.0,28.0,743.73,43.0,1.0,1,1,1.0,4.07753744390572,7.03803764924506,0.07303079558933356,0,0.0,0.08900407015567853,-2.3258563286883525,True
22,처치,1,3.0,14.0,672.0600000000001,13837.0,16.0,54.730000000000004,2.0,1.0,1,39.18,11.0,10.0,346.48,7.0,3.0,1,1,3.0,2.70805020110221,6.511834478716894,0.0814361812933369,1,1.0,0.5094442175591969,0.037781363787605236,True
23,대조,0,2.0,27.0,759.23,76287.0,9.0,36.96,0.0,0.0,0,24.82,9.0,8.0,270.29,10.0,2.0,1,1,2.0,3.332204510175204,6.633621019075624,0.04868090038591731,0,0.0,0.10138777863500165,-2.1818990393831017,True
25,처치,1,6.0,9.0,349.83,126.0,4.0,5.51,0.0,0.0,1,2.67,2.0,2.0,184.03,4.0,6.0,1,1,6.0,2.302585092994046,5.860301775655642,0.015750507389303375,0,0.0,0.08442931566922526,-2.383632886233409,True
26,대조,0,10.0,7.0,213.43,104.0,4.0,9.55,0.0,0.0,0,11.379999999999999,7.0,4.0,155.23,6.0,10.0,1,1,10.0,2.0794415416798357,5.367983344781139,0.04474534976338847,0,0.0,0.08577876792813878,-2.3663010745582476,True
28,대조,0,8.0,18.0,307.26,97.0,2.0,3.67,0.0,0.0,0,3.49,1.0,1.0,50.46,6.0,8.0,1,1,8.0,2.9444389791664403,5.730943582718574,0.011944281715810714,0,0.0,0.09071652992018893,-2.3049173050264917,True
31,대조,0,41.0,3.0,127.71000000000001,35210.0,1.0,2.99,0.0,0.0,1,0.0,0.0,0.0,35.0,1.0,41.0,0,1,41.0,1.3862943611198906,4.857561811661286,0.023412418761255972,0,0.0,0.06193671326005755,-2.717704306751214,True
36,대조,0,1.0,12.0,101.21,35.0,1.0,4.49,0.0,0.0,0,0.0,0.0,0.0,63.63,4.0,1.0,0,1,1.0,2.5649493574615367,4.627029520340985,0.044363205216875805,0,0.0,0.0782119969809868,-2.466892215604955,True
37,대조,0,6.0,11.0,558.94,37123.0,1.0,11.88,0.0,0.0,0,3.39,1.0,1.0,231.1,5.0,6.0,1,1,6.0,2.4849066497880004,6.327829635131846,0.021254517479514796,0,0.0,0.10198340894919508,-2.1753784009959225,True
39,처치,1,30.0,7.0,506.75,209.0,6.0,19.720000000000002,0.0,1.0,1,4.27,4.0,4.0,216.78,2.0,30.0,1,1,30.0,2.0794415416798357,6.229989200460494,0.03891465219536261,0,1.0,0.6380710863961573,0.567001876539291,True
40,대조,0,1.0,57.0,1686.07,179168.0,18.0,33.910000000000004,0.0,0.0,1,21.81,8.0,8.0,1078.8,35.0,1.0,1,1,1.0,4.060443010546419,7.430748575461059,0.02011185775205063,0,0.0,0.10015109453341253,-2.1955468754226897,True
41,대조,0,1.0,11.0,286.42,130.0,2.0,7.55,0.0,0.0,0,0.0,0.0,0.0,194.15,4.0,1.0,0,1,1.0,2.4849066497880004,5.660944560646101,0.02635989106905942,0,0.0,0.09405905081707665,-2.2650513412000075,True
42,대조,0,6.0,14.0,302.34,217.0,20.0,58.41,0.0,0.0,1,30.71,15.0,10.0,182.92000000000002,8.0,6.0,1,1,6.0,2.70805020110221,5.7148542886232505,0.19319309386783093,0,0.0,0.06649174782804103,-2.6418719558266948,True
43,대조,0,1.0,30.0,313.83,12364.0,1.0,0.88,0.0,0.0,1,1.79,1.0,1.0,287.63,16.0,1.0,1,1,1.0,3.4339872044851463,5.752032810604912,0.0028040658955485456,0,0.0,0.08138401870826717,-2.4236892458161075,True
45,대조,0,18.0,14.0,189.35,78.0,5.0,13.46,0.0,0.0,0,6.46,3.0,3.0,112.89,10.0,18.0,1,1,18.0,2.70805020110221,5.248864482828506,0.07108529178769475,0,0.0,0.07569006663339613,-2.5024005094537,True
46,대조,0,1.0,19.0,1489.66,545.0,14.0,47.6,0.0,0.0,1,38.52,12.0,7.0,616.13,10.0,1.0,1,1,1.0,2.995732273553991,7.306974253884911,0.03195360015036988,0,0.0,0.10267954938668644,-2.167800077849278,True
47,대조,0,3.0,12.0,307.16,102.0,3.0,6.88,0.0,0.0,0,22.65,7.0,4.0,176.15,9.0,3.0,1,1,3.0,2.5649493574615367,5.730619128609761,0.022398749837218384,0,0.0,0.0940501027761976,-2.2651563549073583,True
48,대조,0,72.0,1.0,12.94,2.0,0.0,0.0,0.0,0.0,1,0.0,0.0,0.0,13.12,1.0,72.0,0,1,72.0,0.6931471805599453,2.6347624053323777,0.0,0,0.0,0.03871967385392153,-3.2119182297999984,True
49,대조,0,1.0,19.0,1022.32,97601.0,32.0,101.95,0.0,0.0,1,91.38,90.0,30.0,733.57,9.0,1.0,1,1,1.0,2.995732273553991,6.93080752251229,0.09972415681978246,0,0.0,0.09014794952604029,-2.311829800141065,True
51,처치,1,10.0,12.0,322.68,138.0,6.0,20.14,0.0,0.0,0,24.85,16.0,7.0,443.41,6.0,10.0,1,1,10.0,2.5649493574615367,5.779755373419436,0.06241477624891534,0,0.0,0.0874029768297413,-2.345765064647961,True
52,처치,1,4.0,16.0,651.23,238.0,6.0,14.3,0.0,0.0,1,39.86,12.0,12.0,532.64,16.0,4.0,1,1,4.0,2.833213344056216,6.480397260457409,0.021958447860203,0,0.0,0.09072025790498976,-2.304872111068825,True
55,대조,0,2.0,25.0,228.32,108.0,1.0,2.79,0.0,0.0,1,8.97,3.0,3.0,47.31,10.0,2.0,1,1,2.0,3.258096538021482,5.435118408040182,0.01221969166082691,0,0.0,0.07696625823630239,-2.4842986693678086,True
56,대조,0,1.0,31.0,1189.6,540.0,20.0,43.51,0.0,0.0,1,17.98,9.0,9.0,583.52,17.0,1.0,1,1,1.0,3.4657359027997265,7.082212660719289,0.03657531943510424,0,0.0,0.09628474241524365,-2.239204462031725,True
57,대조,0,4.0,37.0,831.04,29564.0,9.0,31.83,0.0,0.0,1,0.0,0.0,0.0,160.21,9.0,4.0,0,1,4.0,3.6375861597263857,6.723880516588627,0.038301405467847514,0,0.0,0.08865277297330418,-2.330196661911093,True
58,대조,0,1.0,40.0,1445.2,184496.0,37.0,125.01,0.0,0.0,1,34.4,11.0,11.0,427.37,15.0,1.0,1,1,1.0,3.713572066704308,7.2766947057408515,0.08650013838915029,0,0.0,0.09281734887249389,-2.279710237877527,True
64,대조,0,1.0,45.0,501.05,278.0,9.0,25.25,0.0,0.0,0,9.98,3.0,3.0,236.36,22.0,1.0,1,1,1.0,3.828641396489095,6.218699716325445,0.05039417223829957,0,0.0,0.09297719319070419,-2.27781336655367,True
65,대조,0,1.0,14.0,297.38,79.0,3.0,8.38,0.0,0.0,0,0.0,0.0,0.0,118.91,4.0,1.0,0,1,1.0,2.70805020110221,5.698367841954703,0.028179433721164843,0,0.0,0.09329977748999042,-2.273994157095518,True
67,대조,0,8.0,24.0,1135.64,14100.0,14.0,40.67,0.0,0.0,1,7.53,5.0,3.0,221.38,9.0,8.0,1,1,8.0,3.2188758248682006,7.035831820923696,0.035812405339720334,0,0.0,0.0933555437435693,-2.2733351186737027,True
69,대조,0,2.0,20.0,1305.54,651.0,20.0,68.0,0.0,0.0,0,26.54,12.0,10.0,632.44,14.0,2.0,1,1,2.0,3.044522437723423,7.175137700642021,0.05208572697887464,0,0.0,0.11136723118602453,-2.0768509370253483,True
71,대조,0,9.0,6.0,144.73,43.0,0.0,0.0,0.0,0.0,1,0.0,0.0,0.0,303.33,8.0,9.0,0,1,9.0,1.9459101490553132,4.981755594545605,0.0,0,0.0,0.07507002295794611,-2.5112967167465414,True
72,대조,0,5.0,17.0,954.24,23581.0,22.0,49.76,0.0,0.0,0,24.48,11.0,11.0,514.3100000000001,7.0,5.0,1,1,5.0,2.8903717578961645,6.861962617808461,0.05214621059691482,0,0.0,0.10536637122737559,-2.1389707545067833,True
73,대조,0,1.0,28.0,508.04,34775.0,6.0,16.05,0.0,0.0,0,36.94,9.0,7.0,440.18,18.0,1.0,1,1,1.0,3.367295829986474,6.232526598924537,0.031592000629871664,0,0.0,0.0974356943539125,-2.2260473251419435,True
74,대조,0,4.0,18.0,320.91,234.0,5.0,9.36,0.0,0.0,1,0.0,0.0,0.0,169.48,12.0,4.0,0,1,4.0,2.9444389791664403,5.7742720033705455,0.029167056183976813,0,0.0,0.08016932749847384,-2.4400486098986875,True
77,대조,0,42.0,6.0,201.32,73.0,7.0,22.57,0.0,0.0,1,23.28,13.0,13.0,353.04,5.0,42.0,1,1,42.0,1.9459101490553132,5.30985060236171,0.11211007351480232,0,0.0,0.05816749734514033,-2.7845007145433924,True
78,대조,0,2.0,28.0,297.84000000000003,164.0,7.0,13.700000000000001,0.0,0.0,1,32.0,32.0,21.0,168.3,16.0,2.0,1,1,2.0,3.367295829986474,5.699908313107601,0.04599785119527263,0,0.0,0.07687396154951162,-2.485598560478042,True
79,대조,0,3.0,28.0,722.52,10594.0,10.0,32.42,0.0,0.0,0,30.14,21.0,13.0,410.08,13.0,3.0,1,1,3.0,3.367295829986474,6.584128189089605,0.044870730222000776,0,0.0,0.10030473331470025,-2.193843227990326,True
80,대조,0,15.0,8.0,189.86,123.0,1.0,2.19,0.0,0.0,1,12.74,9.0,9.0,149.0,7.0,15.0,1,1,15.0,2.1972245773362196,5.251540174989108,0.011534815126935636,0,0.0,0.07380914403208631,-2.529597694560665,True
81,대조,0,4.0,23.0,920.9,483.0,19.0,54.2,0.0,0.0,0,15.65,5.0,5.0,157.92,12.0,4.0,1,1,4.0,3.1780538303479458,6.826436757804549,0.0588554674774677,0,0.0,0.10303523824915922,-2.1639455280842546,True
85,처치,1,2.0,37.0,753.22,21799.0,11.0,25.35,0.0,1.0,1,19.22,12.0,8.0,393.19,22.0,2.0,1,1,2.0,3.6375861597263857,6.625684102637599,0.033655505695547115,0,1.0,0.6716007287012475,0.7154338515938047,True
86,대조,0,3.0,8.0,1006.51,334.0,14.0,56.010000000000005,0.0,0.0,1,5.98,2.0,2.0,266.44,6.0,3.0,1,1,3.0,2.1972245773362196,6.915237219329892,0.05564773325650019,0,0.0,0.09733063932089372,-2.2272424948566547,True
88,대조,0,2.0,28.0,1600.97,15304.0,42.0,82.38,0.0,0.0,0,33.92,16.0,16.0,1085.15,18.0,2.0,1,1,2.0,3.367295829986474,7.378989400861199,0.05145630461532696,0,0.0,0.11299881731494194,-2.060468963244641,True
91,대조,0,77.0,2.0,38.11,15.0,1.0,3.99,0.0,0.0,0,1.67,1.0,1.0,72.57000000000001,2.0,77.0,1,1,77.0,1.0986122886681098,3.666378188767423,0.1046969299396484,0,0.0,0.04445399084625856,-3.067828173687329,True
92,대조,0,4.0,13.0,254.4,150.0,1.0,1.0,0.0,0.0,0,0.39,1.0,1.0,85.91,5.0,4.0,1,1,4.0,2.6390573296152584,5.542830943598439,0.003930817610062893,0,0.0,0.09232173961816345,-2.285610331088702,True
95,대조,0,2.0,39.0,708.11,40542.0,7.0,14.95,0.0,0.0,0,27.22,16.0,15.0,626.82,28.0,2.0,1,1,2.0,3.6888794541139363,6.564010662593816,0.021112539012300348,0,0.0,0.10135952535537718,-2.1822091842729923,True
96,처치,1,10.0,9.0,239.19,74.0,2.0,5.98,0.0,1.0,0,2.79,1.0,1.0,154.45000000000002,3.0,10.0,1,1,10.0,2.302585092994046,5.481430276805893,0.025001045194197085,0,1.0,0.669978496423419,0.7080878022887126,True
97,대조,0,5.0,17.0,780.3,332.0,16.0,44.47,0.0,0.0,1,21.82,10.0,9.0,354.31,12.0,5.0,1,1,5.0,2.8903717578961645,6.660959199002699,0.05699090093553762,0,0.0,0.08908424088265281,-2.3248679733724735,True
99,대조,0,2.0,34.0,814.65,25727.0,13.0,29.27,0.0,0.0,0,23.71,16.0,11.0,416.49,15.0,2.0,1,1,2.0,3.5553480614894135,6.703985341382312,0.035929540293377527,0,0.0,0.10265852478188678,-2.1680282883900066,True
101,대조,0,5.0,36.0,1087.47,60012.0,5.0,10.5,0.0,0.0,1,12.68,9.0,6.0,522.9,14.0,5.0,1,1,5.0,3.6109179126442243,6.992528319431221,0.009655438770724709,0,0.0,0.0949145879141475,-2.2550519046393727,True
103,대조,0,22.0,12.0,177.03,92.0,1.0,2.0,0.0,0.0,0,0.0,0.0,0.0,0.0,0.0,22.0,0,0,22.0,2.5649493574615367,5.181952075416771,0.011297520194317347,0,0.0,0.07881540094874477,-2.45855202817242,True
104,대조,0,3.0,25.0,1189.63,17351.0,22.0,62.29,0.0,0.0,1,50.14,35.0,25.0,669.0600000000001,12.0,3.0,1,1,3.0,3.258096538021482,7.082237857781314,0.05236081806948378,0,0.0,0.09470317208020207,-2.257515380849663,True
108,대조,0,5.0,18.0,807.82,40956.0,16.0,46.79,0.0,0.0,0,21.47,17.0,16.0,513.42,9.0,5.0,1,1,5.0,2.9444389791664403,6.695576395392617,0.05792131910574137,0,0.0,0.10180932522715033,-2.17728067514078,True
109,대조,0,3.0,12.0,303.04,153.0,3.0,5.25,0.0,0.0,1,7.45,3.0,3.0,231.71,10.0,3.0,1,1,3.0,2.5649493574615367,5.71715927169784,0.01732444561774023,0,0.0,0.08260720782201214,-2.4074387868515355,True
110,대조,0,4.0,24.0,514.78,21008.0,12.0,23.33,0.0,0.0,1,7.66,5.0,4.0,162.01,9.0,4.0,1,1,4.0,3.2188758248682006,6.2456803179766025,0.04532033101519095,0,0.0,0.08354470034645058,-2.3951314711008362,True
111,대조,0,23.0,6.0,159.57,11946.0,1.0,2.0,0.0,0.0,0,1.79,1.0,1.0,93.44,2.0,23.0,1,1,23.0,1.9459101490553132,5.078729984561593,0.012533684276493076,0,0.0,0.07965665870686775,-2.4470211650343034,True
112,대조,0,1.0,9.0,80.93,11205.0,1.0,1.0,0.0,0.0,0,0.0,0.0,0.0,56.83,5.0,1.0,0,1,1.0,2.302585092994046,4.4058652241537235,0.01235635734585444,0,0.0,0.07934848768834463,-2.451232196925546,True
113,대조,0,3.0,27.0,2089.62,173010.0,51.0,182.89000000000001,0.0,0.0,1,71.9,35.0,24.0,818.33,18.0,3.0,1,1,3.0,3.332204510175204,7.645215951684436,0.08752309032264241,0,0.0,0.09906447514911394,-2.2076627932172643,True
114,대조,0,7.0,10.0,356.91,16429.0,4.0,23.98,0.0,1.0,1,0.0,0.0,0.0,3.1799999999999997,1.0,7.0,0,1,7.0,2.3978952727983707,5.880281558147221,0.06718780644980527,0,1.0,0.6439069156009353,0.5923620049599653,True
115,대조,0,5.0,24.0,1642.8600000000001,74722.0,22.0,76.45,0.0,0.0,0,87.36,58.0,21.0,911.54,14.0,5.0,1,1,5.0,3.2188758248682006,7.404802413839112,0.04653470167877969,0,0.0,0.11310756077902079,-2.0593844801181858,True
117,대조,0,1.0,14.0,397.64,234.0,12.0,19.0,0.0,1.0,1,11.56,5.0,5.0,176.66,6.0,1.0,1,1,1.0,2.70805020110221,5.988058753973149,0.04778191328840157,0,1.0,0.6572511998662801,0.6510684714618014,True
118,대조,0,10.0,12.0,655.57,31626.0,6.0,13.17,0.0,0.0,1,3.3899999999999997,2.0,2.0,288.99,5.0,10.0,1,1,10.0,2.5649493574615367,6.487029314105918,0.020089387860945437,0,0.0,0.08936117896171643,-2.3214600062960886,True
119,대조,0,7.0,8.0,328.19,109.0,4.0,17.759999999999998,0.0,0.0,1,28.720000000000002,10.0,10.0,258.01,11.0,7.0,1,1,7.0,2.1972245773362196,5.796635091670818,0.05411499436302142,0,0.0,0.08020825620836271,-2.439520824159288,True
121,대조,0,10.0,17.0,341.43,139.0,5.0,15.17,0.0,0.0,1,31.22,22.0,18.0,439.88,14.0,10.0,1,1,10.0,2.8903717578961645,5.836067257251887,0.04443077644026594,0,0.0,0.07726350865457866,-2.480121932437378,True
122,처치,1,6.0,14.0,156.91,52.0,7.0,21.35,0.0,1.0,0,0.0,0.0,0.0,0.0,0.0,6.0,0,0,6.0,2.70805020110221,5.062025250478552,0.13606526034032249,0,1.0,0.6237474623739815,0.5054850181578256,True
123,대조,0,5.0,22.0,444.73,192.0,12.0,29.72,0.0,0.0,1,8.469999999999999,4.0,4.0,291.95,20.0,5.0,1,1,5.0,3.1354942159291497,6.099713387536979,0.06682706361162952,0,0.0,0.0797020729496367,-2.4464018565069883,True
125,처치,1,1.0,52.0,1348.19,172106.0,18.0,47.4,0.0,1.0,0,45.52,25.0,19.0,489.6,20.0,1.0,1,1,1.0,3.970291913552122,7.207259691360443,0.035158249208197656,0,1.0,0.7200886883547145,0.9449015738234636,True
127,대조,0,1.0,27.0,511.96,25490.0,9.0,25.05,0.0,0.0,1,40.510000000000005,15.0,10.0,453.83,16.0,1.0,1,1,1.0,3.332204510175204,6.240197869421189,0.04892960387530276,0,0.0,0.08400469470333329,-2.389138552832057,True
131,처치,1,4.0,43.0,596.6800000000001,304.0,11.0,42.620000000000005,0.0,1.0,1,26.89,15.0,10.0,424.24,17.0,4.0,1,1,4.0,3.784189633918261,6.393055493667546,0.07142857142857142,0,1.0,0.6480983243119042,0.6106906137443716,True
133,대조,0,3.0,10.0,498.08,217.0,2.0,2.5,0.0,0.0,1,8.99,3.0,3.0,132.98,5.0,3.0,1,1,3.0,2.3978952727983707,6.212766403542821,0.005019274012206874,0,0.0,0.09122599096600956,-2.2987566032024462,True
134,처치,1,3.0,13.0,856.53,24942.0,10.0,28.71,0.0,1.0,1,5.13,3.0,2.0,218.34,4.0,3.0,1,1,3.0,2.6390573296152584,6.75405616385086,0.03351896606073343,0,1.0,0.6879077545605886,0.790355948699781,True
136,대조,0,3.0,10.0,297.07,119.0,3.0,6.57,0.0,0.0,1,12.05,11.0,9.0,234.86,4.0,3.0,1,1,3.0,2.3978952727983707,5.697328358249735,0.022115999596054804,0,0.0,0.0826692658308584,-2.406620178484995,True
137,대조,0,13.0,11.0,410.34000000000003,189.0,5.0,13.98,0.0,0.0,0,0.0,0.0,0.0,19.1,2.0,13.0,0,1,13.0,2.4849066497880004,6.019420123121313,0.034069308378417894,0,0.0,0.09240041790519662,-2.284671791033801,True
139,대조,0,39.0,4.0,236.28,6367.0,3.0,5.47,0.0,0.0,1,7.05,3.0,3.0,448.11,15.0,39.0,1,1,39.0,1.6094379124341003,5.469240878389622,0.023150499407482646,0,0.0,0.0682046428583765,-2.614600577058768,True
140,처치,1,3.0,21.0,249.82,145.0,3.0,7.0,0.0,1.0,0,9.36,7.0,7.0,214.42000000000002,10.0,3.0,1,1,3.0,3.091042453358316,5.524735550395904,0.028020174525658473,0,1.0,0.6697583242051609,0.7070921998559897,True
142,처치,1,5.0,23.0,309.52,169.0,3.0,10.97,0.0,1.0,0,3.69,1.0,1.0,156.59,9.0,5.0,1,1,5.0,3.1780538303479458,5.73824831153748,0.03544197467045749,0,1.0,0.6720774403917381,0.7175960908087191,True
143,대조,0,1.0,103.0,1561.83,59953.0,30.0,57.94,0.0,0.0,0,43.18,36.0,29.0,747.61,38.0,1.0,1,1,1.0,4.6443908991413725,7.354253559310976,0.03709750741117791,0,0.0,0.10744878837854013,-2.117069545092724,True
144,대조,0,1.0,27.0,781.23,327.0,10.0,18.7,0.0,0.0,0,13.760000000000002,4.0,4.0,338.07,12.0,1.0,1,1,1.0,3.332204510175204,6.662148814948254,0.0239366127772871,0,0.0,0.1050941024976071,-2.141862407231342,True
149,처치,1,36.0,29.0,1580.72,175855.0,20.0,57.92,0.0,1.0,1,0.0,0.0,0.0,0.0,0.0,36.0,0,0,36.0,3.4011973816621555,7.366268141512375,0.03664153044182398,0,1.0,0.6568449865674738,0.6492657700684287,True
151,대조,0,23.0,10.0,362.23,27212.0,9.0,17.59,0.0,0.0,0,9.0,4.0,4.0,104.45,8.0,23.0,1,1,23.0,2.3978952727983707,5.895036242434962,0.048560306987273275,0,0.0,0.08491352560838372,-2.377385175482663,True
155,대조,0,10.0,7.0,298.72,15010.0,5.0,16.46,0.0,0.0,1,16.17,6.0,6.0,190.34,3.0,10.0,1,1,10.0,2.0794415416798357,5.70284870549611,0.055101767541510444,0,0.0,0.07816356823439098,-2.467564142284026,True
156,대조,0,2.0,106.0,1027.73,66808.0,15.0,53.35,0.0,0.0,0,6.0,6.0,5.0,344.8,46.0,2.0,1,1,2.0,4.672828834461906,6.936080310733041,0.05191052124585251,0,0.0,0.09856014393330846,-2.2133263648711243,True
157,대조,0,1.0,27.0,480.36,211.0,12.0,34.0,0.0,0.0,1,35.730000000000004,9.0,9.0,389.66,16.0,1.0,1,1,1.0,3.332204510175204,6.176615430912096,0.07078024814722292,0,0.0,0.0812291594847538,-2.42576244416453,True
158,대조,0,2.0,33.0,323.01,102.0,3.0,13.58,0.0,0.0,1,6.93,4.0,3.0,93.14,10.0,2.0,1,1,2.0,3.5263605246161616,5.780774379513571,0.042042042042042045,0,0.0,0.07751841530701603,-2.4765518883253934,True
160,대조,0,3.0,9.0,254.18,111.0,4.0,7.48,0.0,0.0,0,0.0,0.0,0.0,11.61,1.0,3.0,0,1,3.0,2.302585092994046,5.541969178493598,0.02942796443465261,0,0.0,0.09194834655364473,-2.2900742951659185,True
161,대조,0,3.0,3.0,63.76,33.0,3.0,14.89,0.0,0.0,1,0.0,0.0,0.0,0.0,0.0,3.0,0,0,3.0,1.3862943611198906,4.170688128809434,0.23353199498117944,0,0.0,0.054354208274507876,-2.8563460318614515,True
162,대조,0,3.0,11.0,411.99,143.0,5.0,22.54,0.0,1.0,0,20.13,5.0,4.0,142.78,4.0,3.0,1,1,3.0,2.4849066497880004,6.023423379592831,0.05471006577829559,0,1.0,0.6891463334512765,0.7961313578529199,True
164,대조,0,14.0,16.0,548.85,31549.0,24.0,33.29,0.0,0.0,1,42.95,25.0,22.0,159.66,3.0,14.0,1,1,14.0,2.833213344056216,6.309645513756943,0.06065409492575385,0,0.0,0.08023244642547323,-2.4391929770085468,True
166,대조,0,2.0,11.0,214.24,98.0,0.0,0.0,0.0,0.0,1,4.99,2.0,2.0,225.55,9.0,2.0,1,1,2.0,2.4849066497880004,5.371753684621219,0.0,0,0.0,0.08053890284414418,-2.435047401621152,True
179,대조,0,4.0,9.0,190.14,112.0,0.0,0.0,0.0,0.0,0,5.0,2.0,1.0,76.58,5.0,4.0,1,1,4.0,2.302585092994046,5.253006143838033,0.0,0,0.0,0.09026356896891202,-2.3104209867308834,True
180,대조,0,15.0,14.0,343.17,143.0,0.0,0.0,0.0,0.0,0,10.84,8.0,7.0,224.29,9.0,15.0,1,1,15.0,2.70805020110221,5.8411357213502,0.0,0,0.0,0.09113726544248134,-2.299827294224454,True
183,대조,0,8.0,12.0,136.38,83.0,1.0,2.79,0.0,1.0,0,0.0,0.0,0.0,112.83,10.0,8.0,0,1,8.0,2.5649493574615367,4.922750808785736,0.02045754509458865,0,1.0,0.6490515737848574,0.6148729012773682,True
184,대조,0,4.0,32.0,1071.97,87826.0,11.0,43.0,0.0,0.0,1,16.07,5.0,4.0,415.16,19.0,4.0,1,1,4.0,3.4965075614664802,6.978185783246363,0.04011306286556526,0,0.0,0.09272874134628419,-2.2807630063847912,True
185,대조,0,39.0,9.0,412.08,24949.0,5.0,8.0,0.0,0.0,0,11.38,10.0,4.0,246.98,10.0,39.0,1,1,39.0,2.302585092994046,6.023641278803203,0.01941370607649,0,0.0,0.08235444523645591,-2.4107787751744487,True
187,처치,1,24.0,4.0,32.47,21.0,1.0,1.5,0.0,1.0,0,5.37,3.0,3.0,45.03,4.0,24.0,1,1,24.0,1.6094379124341003,3.510649515223235,0.04619648906683092,0,1.0,0.5757430062320245,0.305322002402178,True
188,대조,0,3.0,13.0,678.5600000000001,331.0,13.0,33.96,0.0,0.0,0,31.98,19.0,9.0,331.74,6.0,3.0,1,1,3.0,2.6390573296152584,6.521445529913714,0.050047158688988444,0,0.0,0.1026911177852956,-2.167674526882739,True
192,대조,0,4.0,16.0,554.08,236.0,8.0,23.830000000000002,0.0,1.0,1,23.48,8.0,7.0,242.39000000000001,6.0,4.0,1,1,4.0,2.833213344056216,6.31911224750281,0.043008229858504186,0,1.0,0.6654689895988828,0.6877624576017258,True
193,처치,1,4.0,11.0,552.17,42098.0,4.0,15.98,0.0,0.0,1,3.41,2.0,2.0,393.73,8.0,4.0,1,1,4.0,2.4849066497880004,6.315665368385183,0.028940362569498525,0,0.0,0.08943135246693751,-2.3205979723146735,True
194,대조,0,28.0,10.0,321.32,9852.0,1.0,5.49,0.0,0.0,0,1.67,1.0,1.0,50.7,4.0,28.0,1,1,28.0,2.3978952727983707,5.775544840883092,0.017085771193825473,0,0.0,0.08391395498833067,-2.3903183673986965,True
195,대조,0,4.0,15.0,587.3,41942.0,7.0,20.1,0.0,0.0,0,17.5,12.0,5.0,350.15,6.0,4.0,1,1,4.0,2.772588722239781,6.37723702187041,0.034224416822748176,0,0.0,0.100892701022868,-2.1873447950302825,True
196,대조,0,6.0,23.0,726.83,363.0,10.0,24.64,0.0,0.0,0,12.98,10.0,8.0,373.55,18.0,6.0,1,1,6.0,3.1780538303479458,6.59006750444395,0.03390063701278153,0,0.0,0.10096142545392252,-2.1865874241436223,True
198,대조,0,3.0,125.0,1954.4,1024.0,27.0,66.26,0.0,0.0,1,52.87,13.0,13.0,766.61,81.0,3.0,1,1,3.0,4.836281906951478,7.578350055071571,0.033902988129349165,0,0.0,0.09583383905621014,-2.244397301191957,True
200,대조,0,41.0,1.0,172.48000000000002,98.0,5.0,11.24,0.0,0.0,0,0.0,0.0,0.0,0.0,0.0,41.0,0,0,41.0,0.6931471805599453,5.156062318967166,0.0651669758812616,0,0.0,0.0738233023502123,-2.529390602868256,True
205,대조,0,,0.0,0.0,0.0,0.0,0.0,0.0,0.0,0,12.07,4.0,3.0,396.01,10.0,90.0,1,1,90.0,0.0,0.0,0.0,0,0.0,0.02710849251609122,-3.580425517098405,True
209,대조,0,15.0,13.0,886.44,15941.0,21.0,78.42,0.0,0.0,1,27.08,17.0,13.0,796.18,11.0,15.0,1,1,15.0,2.6390573296152584,6.788340913430404,0.08846622444835521,0,0.0,0.0843135343869302,-2.385131617250998,True
210,처치,1,4.0,19.0,411.65,181.0,11.0,27.84,0.0,0.0,0,17.64,8.0,8.0,374.53000000000003,17.0,4.0,1,1,4.0,2.995732273553991,6.022599776038693,0.06763026843192033,0,0.0,0.09109969888677033,-2.3002809094627312,True
211,대조,0,12.0,8.0,281.52,168.0,8.0,32.02,0.0,0.0,1,0.0,0.0,0.0,16.5,1.0,12.0,0,1,12.0,2.1972245773362196,5.643749344540722,0.11373969877806196,0,0.0,0.07137630259873348,-2.5657376768738116,True
212,처치,1,3.0,11.0,330.39,159.0,6.0,21.55,0.0,1.0,1,11.82,4.0,4.0,212.55,12.0,3.0,1,1,3.0,2.4849066497880004,5.8032959295221005,0.06522594509519054,0,1.0,0.6457209913641749,0.6002827458860629,True
215,대조,0,4.0,13.0,199.02,120.0,4.0,14.77,0.0,0.0,0,4.0,2.0,2.0,134.89000000000001,11.0,4.0,1,1,4.0,2.6390573296152584,5.29841736154837,0.07421364686966134,0,0.0,0.08239835042148509,-2.410197945965042,True
216,대조,0,1.0,14.0,158.76,67.0,1.0,2.33,0.0,0.0,1,0.0,0.0,0.0,77.25,3.0,1.0,0,1,1.0,2.70805020110221,5.07367268910756,0.014676240866717058,0,0.0,0.07514037358986597,-2.5102839587133836,True
217,대조,0,10.0,10.0,317.75,13968.0,1.0,1.98,0.0,0.0,0,3.39,1.0,1.0,152.91,4.0,10.0,1,1,10.0,2.3978952727983707,5.7644070964726355,0.006231313926042486,0,0.0,0.09345487201388453,-2.2721621440984845,True
218,대조,0,1.0,24.0,1518.03,103730.0,10.0,20.04,0.0,0.0,1,42.46,19.0,17.0,878.59,18.0,1.0,1,1,1.0,3.2188758248682006,7.325827252236166,0.013201320132013201,0,0.0,0.10380883719576975,-2.1556026376941286,True
219,처치,1,4.0,24.0,1655.67,553.0,35.0,125.27,0.0,1.0,1,46.0,14.0,11.0,916.4300000000001,22.0,4.0,1,1,4.0,3.2188758248682006,7.4125648424929755,0.07566121268127102,0,1.0,0.692627807218917,0.812433412578549,True
220,대조,0,5.0,10.0,369.12,12105.0,11.0,23.939999999999998,0.0,0.0,1,11.01,7.0,7.0,165.13,7.0,5.0,1,1,5.0,2.3978952727983707,5.91382727738083,0.06485695708712613,0,0.0,0.08075036602012418,-2.432195227159295,True
221,대조,0,10.0,10.0,298.07,11821.0,6.0,13.59,0.0,0.0,1,20.42,11.0,8.0,233.57,7.0,10.0,1,1,10.0,2.3978952727983707,5.700677659702722,0.0455933170060724,0,0.0,0.07759498318181367,-2.4754816324345414,True
222,대조,0,3.0,16.0,856.03,14852.0,9.0,23.23,0.0,0.0,1,3.29,3.0,3.0,223.64000000000001,8.0,3.0,1,1,3.0,2.833213344056216,6.753472923819396,0.02713689940773104,0,0.0,0.09461152089333609,-2.258584856291753,True
223,대조,0,19.0,11.0,201.3,101.0,1.0,1.98,0.0,0.0,0,13.120000000000001,6.0,4.0,329.32,6.0,19.0,1,1,19.0,2.4849066497880004,5.3097517441737,0.009836065573770491,0,0.0,0.08222469169282991,-2.4124969559557443,True
226,대조,0,4.0,10.0,243.31,4537.0,0.0,0.0,0.0,0.0,0,7.24,3.0,2.0,65.12,2.0,4.0,1,1,4.0,2.3978952727983707,5.498437910704706,0.0,0,0.0,0.09327419138422142,-2.2742966486745404,True
227,대조,0,5.0,16.0,199.15,184.0,0.0,0.0,0.0,0.0,0,0.0,0.0,0.0,48.29,7.0,5.0,0,1,5.0,2.833213344056216,5.299067085438582,0.0,0,0.0,0.08787712870931552,-2.339835134166331,True
228,대조,0,13.0,6.0,211.21,97.0,0.0,0.0,0.0,0.0,0,0.0,0.0,0.0,30.43,2.0,13.0,0,1,13.0,1.9459101490553132,5.357576350422958,0.0,0,0.0,0.0890559613727055,-2.325216515261288,True
230,대조,0,4.0,24.0,669.85,20308.0,34.0,71.92,0.0,0.0,1,16.32,11.0,7.0,399.54,14.0,4.0,1,1,4.0,3.2188758248682006,6.5085455650364805,0.10736732104202433,0,0.0,0.08138250418866726,-2.423709504230622,True
232,대조,0,4.0,136.0,2444.72,124853.0,39.0,106.94,0.0,0.0,1,72.18,110.0,26.0,1341.01,21.0,4.0,1,1,4.0,4.919980925828125,7.802094837086289,0.043743250760823325,0,0.0,0.09718887158999184,-2.228857156321114,True
235,처치,1,7.0,20.0,1174.33,31308.0,20.0,83.89,0.0,1.0,1,44.65,17.0,14.0,912.75,14.0,7.0,1,1,7.0,3.044522437723423,7.069304238210812,0.07143647867294543,0,1.0,0.6794944262091303,0.7514493636421635,True
242,대조,0,10.0,12.0,914.38,363.0,31.0,84.83,0.0,0.0,1,8.94,5.0,4.0,118.54,1.0,10.0,1,1,10.0,2.5649493574615367,6.819339279608566,0.09277324525908266,0,0.0,0.08700297329290095,-2.3507903301198594,True
243,대조,0,5.0,39.0,1168.51,112848.0,16.0,56.63,0.0,0.0,1,27.72,10.0,9.0,428.21,12.0,5.0,1,1,5.0,3.6888794541139363,7.064340136650354,0.04846342778410112,0,0.0,0.09168154866328858,-2.2932738895701887,True
245,대조,0,17.0,7.0,245.49,15997.0,2.0,6.0,0.0,0.0,0,0.0,0.0,0.0,31.59,2.0,17.0,0,1,17.0,2.0794415416798357,5.5073214247085245,0.024440914090186974,0,0.0,0.08624906094342588,-2.3603188705190083,True
246,대조,0,7.0,7.0,148.48,77.0,7.0,18.33,0.0,0.0,0,0.0,0.0,0.0,27.64,2.0,7.0,0,1,7.0,2.0794415416798357,5.0071626046172835,0.1234509698275862,0,0.0,0.07566455626423285,-2.502765202463454,True
248,대조,0,31.0,3.0,518.94,327.0,18.0,49.06,0.0,1.0,1,13.540000000000001,5.0,4.0,185.69,1.0,31.0,1,1,31.0,1.3862943611198906,6.2537134203027716,0.09453886769183335,0,1.0,0.6318713426131489,0.5402533120756622,True
249,대조,0,7.0,17.0,500.06,95.0,5.0,6.46,0.0,0.0,1,0.0,0.0,0.0,51.519999999999996,4.0,7.0,0,1,7.0,2.8903717578961645,6.216725854393193,0.012918449786025677,0,0.0,0.08625183009547903,-2.3602837340368454,True
251,대조,0,2.0,10.0,345.95,149.0,6.0,18.560000000000002,0.0,0.0,0,18.97,13.0,10.0,67.7,4.0,2.0,1,1,2.0,2.3978952727983707,5.849180677345558,0.05364937129643013,0,0.0,0.0939702061148502,-2.2660944147814583,True
253,대조,0,2.0,53.0,1431.36,10585.0,26.0,53.51,0.0,0.0,1,9.94,6.0,6.0,567.58,26.0,2.0,1,1,2.0,3.9889840465642745,7.2670787125737935,0.03738402638050525,0,0.0,0.09573576666894949,-2.2455296451564757,True
256,처치,1,1.0,17.0,1234.7,471.0,13.0,54.910000000000004,1.0,1.0,1,50.86,14.0,11.0,763.59,8.0,1.0,1,1,1.0,2.8903717578961645,7.119392890110145,0.04447234145946384,1,1.0,0.5463522068389173,0.18594272427399036,True
257,대조,0,2.0,17.0,442.74,255.0,14.0,33.73,0.0,1.0,1,1.76,2.0,1.0,120.86,7.0,2.0,1,1,2.0,2.8903717578961645,6.095238805324437,0.0761846682025568,0,1.0,0.6500004478538376,0.6190411769951017,True
258,처치,1,5.0,25.0,356.16,14508.0,5.0,9.98,0.0,1.0,0,10.27,5.0,5.0,206.03,23.0,5.0,1,1,5.0,3.258096538021482,5.878183860649016,0.028021114106019766,0,1.0,0.6781848320168845,0.7454424961209066,True
261,대조,0,82.0,3.0,82.0,37.0,6.0,13.690000000000001,0.0,0.0,0,0.0,0.0,0.0,0.0,0.0,82.0,0,0,82.0,1.3862943611198906,4.418840607796598,0.16695121951219513,0,0.0,0.04478224639078779,-3.060127553780908,True
262,대조,0,6.0,87.0,1686.51,754.0,41.0,142.78,0.0,0.0,0,31.62,14.0,11.0,504.17,24.0,6.0,1,1,6.0,4.477336814478207,7.431009348655053,0.08466003759242459,0,0.0,0.10154919528923624,-2.180128588323949,True
263,대조,0,2.0,40.0,893.63,351.0,21.0,38.89,0.0,0.0,1,8.45,6.0,6.0,696.0,25.0,2.0,1,1,2.0,3.713572066704308,6.796410224977055,0.04351912984120945,0,0.0,0.08975828799684983,-2.316589813353052,True
264,대조,0,8.0,9.0,269.41,131.0,2.0,8.98,0.0,0.0,1,0.0,0.0,0.0,79.01,2.0,8.0,0,1,8.0,2.302585092994046,5.599939325733503,0.03333209606176459,0,0.0,0.07866695004828411,-2.4605984699819627,True
265,대조,0,2.0,11.0,565.25,287.0,12.0,31.22,0.0,0.0,0,21.67,10.0,7.0,440.39,3.0,2.0,1,1,2.0,2.4849066497880004,6.339035676797244,0.05523219814241486,0,0.0,0.10067228073710927,-2.189777009536587,True
266,대조,0,3.0,7.0,322.1,124.0,9.0,33.15,0.0,0.0,0,26.240000000000002,6.0,6.0,256.23,4.0,3.0,1,1,3.0,2.0794415416798357,5.777961872830453,0.10291834833902513,0,0.0,0.08918875175816192,-2.3235807536930126,True
273,대조,0,9.0,14.0,173.56,55.0,4.0,7.56,0.0,0.0,0,6.37,3.0,3.0,232.55,12.0,9.0,1,1,9.0,2.70805020110221,5.16226852208476,0.04355842359990781,0,0.0,0.08083908468570727,-2.4310006353729516,True
275,대조,0,4.0,43.0,882.3100000000001,41843.0,20.0,54.02,0.0,0.0,0,20.36,8.0,8.0,343.7,19.0,4.0,1,1,4.0,3.784189633918261,6.783676214868934,0.061225646314787316,0,0.0,0.09887726252576488,-2.209762163428647,True
276,대조,0,2.0,26.0,760.75,10391.0,8.0,21.0,0.0,0.0,1,12.8,6.0,5.0,1040.74,22.0,2.0,1,1,2.0,3.295836866004329,6.635618417865818,0.027604337824515282,0,0.0,0.0910810309793272,-2.300506386589019,True
278,처치,1,9.0,8.0,294.49,137.0,8.0,17.13,0.0,1.0,0,15.76,7.0,5.0,119.3,4.0,9.0,1,1,9.0,2.1972245773362196,5.688634995325988,0.05816835885768616,0,1.0,0.6717971966988463,0.716324784287302,True
279,대조,0,8.0,12.0,398.62,33534.0,3.0,5.32,0.0,0.0,0,3.0,4.0,2.0,138.71,3.0,8.0,1,1,8.0,2.5649493574615367,5.990514095571987,0.01334604385128694,0,0.0,0.09621164904843472,-2.2400447656068594,True
280,대조,0,11.0,13.0,375.98,193.0,7.0,10.92,0.0,0.0,0,8.58,7.0,6.0,286.42,11.0,11.0,1,1,11.0,2.6390573296152584,5.932192135642911,0.02904409809032395,0,0.0,0.09189207505002117,-2.2907484404656144,True
281,처치,1,9.0,12.0,192.1,111.0,7.0,29.35,0.0,1.0,1,3.99,1.0,1.0,103.64,5.0,9.0,1,1,9.0,2.5649493574615367,5.263208189434469,0.15278500780843313,0,1.0,0.5901378323340768,0.36453519698797415,True
282,대조,0,4.0,12.0,539.64,20747.0,8.0,27.43,0.0,0.0,1,13.47,3.0,3.0,269.13,10.0,4.0,1,1,4.0,2.5649493574615367,6.2927536229659795,0.050830183085019645,0,0.0,0.08666356792010478,-2.355070716556278,True
283,대조,0,7.0,7.0,271.59000000000003,93.0,6.0,15.73,0.0,0.0,1,24.66,7.0,6.0,182.08,2.0,7.0,1,1,7.0,2.0794415416798357,5.607968834803799,0.05791818550020251,0,0.0,0.07804886934917411,-2.4691570579001865,True
289,대조,0,3.0,42.0,1146.17,161854.0,5.0,24.169999999999998,0.0,0.0,1,17.43,4.0,4.0,363.40000000000003,13.0,3.0,1,1,3.0,3.7612001156935624,7.045053318875807,0.02108762225498835,0,0.0,0.09478432242185732,-2.2565692127845516,True
290,대조,0,1.0,42.0,867.1,625.0,19.0,40.3,0.0,0.0,1,7.37,6.0,6.0,469.13,30.0,1.0,1,1,1.0,3.7612001156935624,6.766306915397762,0.0464767616191904,0,0.0,0.08931278024159077,-2.322054907599068,True
291,대조,0,3.0,3.0,181.04,106.0,3.0,6.76,0.0,0.0,0,35.75,19.0,10.0,248.35,8.0,3.0,1,1,3.0,1.3862943611198906,5.204226443148441,0.03733981440565621,0,0.0,0.09088874540603474,-2.302831298377672,True
297,대조,0,5.0,17.0,411.11,222.0,8.0,23.990000000000002,0.0,0.0,0,0.0,0.0,0.0,0.0,0.0,5.0,0,0,5.0,2.8903717578961645,6.021290304005223,0.058354211768139916,0,0.0,0.09201376022270948,-2.289291090553104,True
300,처치,1,1.0,22.0,932.72,444.0,21.0,79.92,0.0,1.0,1,16.14,6.0,6.0,362.03000000000003,6.0,1.0,1,1,1.0,3.1354942159291497,6.839176607416839,0.08568487863453127,0,1.0,0.673895327289432,0.7258563863291844,True
301,대조,0,3.0,4.0,147.55,46.0,3.0,9.49,0.0,0.0,1,16.56,4.0,4.0,429.29,4.0,3.0,1,1,3.0,1.6094379124341003,5.000921601908617,0.06431718061674009,0,0.0,0.07388960661090796,-2.528421266060047,True
302,대조,0,1.0,8.0,387.17,207.0,3.0,16.55,0.0,0.0,1,9.68,2.0,2.0,129.88,6.0,1.0,1,1,1.0,2.1972245773362196,5.961443387995971,0.042746080533099154,0,0.0,0.08609170262054858,-2.3623171976353916,True
303,대조,0,3.0,23.0,444.0,4708.0,8.0,18.17,0.0,0.0,0,10.49,4.0,4.0,403.5,17.0,3.0,1,1,3.0,3.1780538303479458,6.09807428216624,0.04092342342342343,0,0.0,0.0944311177724388,-2.2606926891078345,True
304,처치,1,3.0,48.0,1005.54,78288.0,17.0,98.75,0.0,1.0,1,28.53,10.0,8.0,293.32,15.0,3.0,1,1,3.0,3.8918202981106265,6.914273985969253,0.0982059390974004,0,1.0,0.6609038750793551,0.6673247842714123,True
306,대조,0,3.0,9.0,381.88,16678.0,11.0,25.310000000000002,0.0,0.0,1,29.009999999999998,18.0,13.0,450.54,12.0,3.0,1,1,3.0,2.302585092994046,5.947721624160063,0.06627736461715723,0,0.0,0.08236999018173158,-2.4105730962086147,True
307,대조,0,3.0,56.0,463.46000000000004,7960.0,2.0,4.38,0.0,1.0,0,0.0,0.0,0.0,143.36,27.0,3.0,0,1,3.0,4.04305126783455,6.1408754404446775,0.009450653778103826,0,1.0,0.6851805805020269,0.7776832216833814,True
308,대조,0,7.0,4.0,96.8,23.0,0.0,0.0,0.0,0.0,0,0.0,0.0,0.0,43.42,4.0,7.0,0,1,7.0,1.6094379124341003,4.582924577040772,0.0,0,0.0,0.08306677877206492,-2.401389798688609,True
312,대조,0,8.0,6.0,305.9,127.0,6.0,29.84,0.0,0.0,0,19.41,5.0,4.0,222.78,3.0,8.0,1,1,8.0,1.9459101490553132,5.72652196162569,0.097548218372017,0,0.0,0.08723294694329776,-2.3478986120508796,True
314,대조,0,7.0,3.0,91.09,65.0,1.0,6.29,0.0,0.0,1,0.0,0.0,0.0,91.56,2.0,7.0,0,1,7.0,1.3862943611198906,4.522766359733276,0.06905258535514326,0,0.0,0.06748293813155262,-2.6260126507547277,True
317,처치,1,5.0,11.0,926.46,365.0,7.0,40.49,0.0,0.0,1,29.55,9.0,6.0,603.94,4.0,5.0,1,1,5.0,2.4849066497880004,6.832449666866972,0.043703991537681064,0,0.0,0.09482500742775882,-2.256095121060001,True
318,처치,1,10.0,8.0,79.11,34.0,1.0,9.99,0.0,0.0,0,0.0,0.0,0.0,77.9,8.0,10.0,0,1,10.0,2.1972245773362196,4.383400690227026,0.12627986348122866,0,0.0,0.06679367921110384,-2.6370178598884255,True
319,처치,1,4.0,14.0,559.52,36535.0,9.0,19.61,0.0,1.0,1,25.02,16.0,14.0,389.89,9.0,4.0,1,1,4.0,2.70805020110221,6.3288649243020165,0.03504789819845582,0,1.0,0.6695619915371673,0.7062046818759345,True
321,대조,0,3.0,16.0,902.53,391.0,23.0,86.43,0.0,0.0,1,59.5,21.0,17.0,538.94,8.0,3.0,1,1,3.0,2.833213344056216,6.806309313686902,0.0957641297242197,0,0.0,0.08861546648574223,-2.3306585009772336,True
322,대조,0,4.0,16.0,634.9300000000001,245.0,12.0,40.370000000000005,0.0,0.0,0,6.79,4.0,3.0,141.25,3.0,4.0,1,1,4.0,2.833213344056216,6.455088494389676,0.06358181216827052,0,0.0,0.0986465339246637,-2.212354388092859,True
328,대조,0,2.0,39.0,2666.0,34843.0,38.0,164.55,0.0,0.0,0,45.75,17.0,15.0,1179.78,17.0,2.0,1,1,2.0,3.6888794541139363,7.888709524182015,0.06172168042010503,0,0.0,0.118693479120382,-2.0048611249328743,True
329,대조,0,1.0,24.0,401.02,221.0,8.0,28.66,0.0,0.0,1,6.84,3.0,3.0,151.05,9.0,1.0,1,1,1.0,3.2188758248682006,5.99650183862525,0.07146775721909132,0,0.0,0.07940005559934235,-2.450526502492008,True
330,대조,0,7.0,16.0,55.8,3666.0,0.0,0.0,0.0,0.0,0,3.03,2.0,2.0,134.83,6.0,7.0,1,1,7.0,2.833213344056216,4.039536325727106,0.0,0,0.0,0.0713602662029717,-2.565979644909167,True
331,대조,0,2.0,12.0,287.32,136.0,11.0,34.17,0.0,0.0,0,4.88,4.0,4.0,66.84,6.0,2.0,1,1,2.0,2.5649493574615367,5.664070974419973,0.11892663232632605,0,0.0,0.08435968450488719,-2.384534003148763,True
332,대조,0,1.0,13.0,485.62,246.0,19.0,42.13,0.0,1.0,1,50.269999999999996,28.0,17.0,295.28000000000003,9.0,1.0,1,1,1.0,2.6390573296152584,6.187483531025534,0.08675507598533834,0,1.0,0.6554364202185683,0.64302267405214,True
333,대조,0,24.0,5.0,301.24,154.0,6.0,10.95,0.0,0.0,0,8.58,6.0,2.0,176.91,3.0,24.0,1,1,24.0,1.791759469228055,5.7112214037532,0.036349754348692066,0,0.0,0.08592481428059712,-2.3644401668371806,True
334,대조,0,1.0,80.0,920.01,559.0,17.0,77.41,1.0,1.0,1,10.2,6.0,5.0,373.46,59.0,1.0,1,1,1.0,4.394449154672439,6.825470893959663,0.08414038977837197,1,1.0,0.5000999218639132,0.000399687460973395,True
335,처치,1,6.0,21.0,379.96,154.0,4.0,11.3,0.0,0.0,0,26.47,8.0,5.0,296.89,15.0,6.0,1,1,6.0,3.091042453358316,5.942694382738552,0.02973997262869776,0,0.0,0.09223450433263942,-2.2866517864643345,True
336,대조,0,5.0,18.0,332.5,160.0,7.0,19.96,0.0,0.0,0,9.0,7.0,4.0,97.36,5.0,5.0,1,1,5.0,2.9444389791664403,5.809642865355678,0.06003007518796993,0,0.0,0.0886317044418527,-2.330457460149992,True
337,대조,0,11.0,15.0,279.89,30837.0,2.0,3.49,0.0,0.0,0,3.13,1.0,1.0,88.14999999999999,7.0,11.0,1,1,11.0,2.772588722239781,5.637963133618907,0.012469184322412378,0,0.0,0.08874225433210645,-2.3290896339181795,True
338,대조,0,3.0,16.0,302.32,193.0,3.0,7.98,0.0,0.0,0,0.0,0.0,0.0,129.31,10.0,3.0,0,1,3.0,2.833213344056216,5.714788353832735,0.026395871923789366,0,0.0,0.09208908281823068,-2.2883898648979257,True
339,대조,0,1.0,12.0,335.39,209.0,17.0,29.09,0.0,0.0,0,4.95,9.0,3.0,76.05,3.0,1.0,1,1,1.0,2.5649493574615367,5.818271201140899,0.0867348460001789,0,0.0,0.08994347209504588,-2.314325330990842,True
342,대조,0,3.0,9.0,525.33,252.0,5.0,6.800000000000001,0.0,0.0,0,12.129999999999999,5.0,5.0,136.25,3.0,3.0,1,1,3.0,2.302585092994046,6.265928392445249,0.01294424457007976,0,0.0,0.10456806658155834,-2.1474679948160964,True
343,대조,0,3.0,11.0,250.6,124.0,2.0,11.68,0.0,0.0,0,17.91,6.0,4.0,114.32,4.0,3.0,1,1,3.0,2.4849066497880004,5.527840524826286,0.04660814046288907,0,0.0,0.08919355121961792,-2.3235216732835795,True
346,대조,0,2.0,22.0,829.18,394.0,6.0,10.55,0.0,0.0,1,23.44,14.0,8.0,427.69,12.0,2.0,1,1,2.0,3.1354942159291497,6.721642544748173,0.012723413492848357,0,0.0,0.09458946048611196,-2.2588424171614876,True
348,대조,0,18.0,5.0,77.25,51.0,5.0,10.19,0.0,0.0,0,0.99,1.0,1.0,217.39000000000001,9.0,18.0,1,1,18.0,1.791759469228055,4.359908829420263,0.1319093851132686,0,0.0,0.0646816045146641,-2.6714101598835556,True
350,처치,1,1.0,12.0,265.82,15833.0,1.0,2.79,0.0,1.0,1,0.0,0.0,0.0,176.85999999999999,6.0,1.0,0,1,1.0,2.5649493574615367,5.58657427375066,0.01049582424196825,0,1.0,0.6536814207137038,0.635261007672256,True
351,대조,0,1.0,51.0,1269.21,438.0,12.0,38.01,0.0,0.0,1,44.77,28.0,18.0,823.16,27.0,1.0,1,1,1.0,3.9512437185814275,7.146937520113825,0.02994776278157279,0,0.0,0.09543594136800934,-2.248997873071066,True
353,대조,0,3.0,23.0,583.96,243.0,5.0,12.3,0.0,0.0,1,0.0,0.0,0.0,134.69,5.0,3.0,0,1,3.0,3.1780538303479458,6.37154346882573,0.02106308651277485,0,0.0,0.08812816027473683,-2.336707331819463,True
354,대조,0,2.0,25.0,1339.26,603.0,37.0,92.7,0.0,0.0,1,44.72,32.0,24.0,374.34,8.0,2.0,1,1,2.0,3.258096538021482,7.2006189039743465,0.06921732897271628,0,0.0,0.09523450355562389,-2.2513334817300157,True
356,대조,0,9.0,19.0,287.61,15274.0,3.0,5.67,0.0,0.0,0,0.0,0.0,0.0,104.68,9.0,9.0,0,1,9.0,2.995732273553991,5.665076295774122,0.019714196307499737,0,0.0,0.08832341425708606,-2.334280066701801,True
358,대조,0,2.0,49.0,2401.9,898.0,23.0,77.94,0.0,0.0,1,51.01,17.0,14.0,920.01,17.0,2.0,1,1,2.0,3.912023005428146,7.7844316202221995,0.03244931096215496,0,0.0,0.10459621922049103,-2.1471673623874867,True
361,처치,1,6.0,25.0,1183.98,651.0,70.0,87.41,0.0,2.0,1,14.08,16.0,13.0,456.02,10.0,6.0,1,1,6.0,3.258096538021482,7.077481175789672,0.07382726059561817,0,2.0,0.9778671170516181,3.788309369778448,True
362,처치,1,7.0,11.0,359.27,150.0,2.0,3.67,0.0,0.0,1,9.99,1.0,1.0,221.39000000000001,7.0,7.0,1,1,7.0,2.4849066497880004,5.886853750340702,0.010215158515879423,0,0.0,0.0839932488487432,-2.3892873101343253,True
365,대조,0,5.0,24.0,1237.85,18992.0,15.0,58.78,0.0,2.0,0,15.07,6.0,4.0,457.99,8.0,5.0,1,1,5.0,3.2188758248682006,7.121938808924836,0.04748555963969787,0,2.0,0.9816794570081234,3.9812418384416883,True
367,처치,1,7.0,11.0,727.61,392.0,14.0,44.21,0.0,1.0,1,43.3,20.0,16.0,540.29,8.0,7.0,1,1,7.0,2.4849066497880004,6.59113860943224,0.060760572284603014,0,1.0,0.6716661044325762,0.71573028374863,True
368,처치,1,32.0,8.0,201.36,9544.0,0.0,0.0,0.0,1.0,0,0.0,0.0,0.0,41.21,3.0,32.0,0,1,32.0,2.1972245773362196,5.310048289423736,0.0,0,1.0,0.6419006518351043,0.5836230870521327,True
369,대조,0,10.0,4.0,44.61,22.0,0.0,0.0,0.0,0.0,0,5.470000000000001,4.0,3.0,125.36,3.0,10.0,1,1,10.0,1.6094379124341003,3.820126990723609,0.0,0,0.0,0.07249345696871726,-2.5490035398572535,True
370,대조,0,,0.0,0.0,0.0,0.0,0.0,0.0,0.0,1,0.0,0.0,0.0,0.0,0.0,90.0,0,0,90.0,0.0,0.0,0.0,0,0.0,0.023512902683933398,-3.7264122161781996,True
371,대조,0,2.0,20.0,1823.16,855.0,55.0,155.48,0.0,0.0,1,77.29,61.0,32.0,1193.44,14.0,2.0,1,1,2.0,3.044522437723423,7.50887488608541,0.08528050198556351,0,0.0,0.09927717625540773,-2.2052818802140783,True
376,처치,1,1.0,70.0,703.33,365.0,16.0,29.66,0.0,0.0,0,22.0,12.0,10.0,477.58,43.0,1.0,1,1,1.0,4.2626798770413155,6.557246996329082,0.04217081597543116,0,0.0,0.09655407841915417,-2.236113004369023,True
377,대조,0,9.0,24.0,536.26,256.0,26.0,70.67,0.0,0.0,1,0.0,0.0,0.0,87.44,6.0,9.0,0,1,9.0,3.2188758248682006,6.28648214865791,0.13178309029202254,0,0.0,0.07446071896285428,-2.520104850066459,True
378,대조,0,2.0,50.0,806.71,31418.0,11.0,35.77,1.0,1.0,1,4.09,3.0,3.0,371.01,23.0,2.0,1,1,2.0,3.9318256327243257,6.694203083206077,0.04434059327391504,1,1.0,0.5115996436495837,0.046406901298874925,True
380,대조,0,4.0,22.0,1296.13,610.0,21.0,41.3,0.0,0.0,0,7.17,9.0,6.0,486.59000000000003,9.0,4.0,1,1,4.0,3.1354942159291497,7.1679094105966294,0.03186408770725158,0,0.0,0.11190044856524957,-2.0714742202443164,True
381,처치,1,16.0,7.0,211.05,82.0,8.0,15.280000000000001,0.0,1.0,1,2.5,1.0,1.0,211.09,4.0,16.0,1,1,16.0,2.0794415416798357,5.3568220959206,0.07239990523572613,0,1.0,0.613568277401017,0.4623363527737386,True
383,대조,0,5.0,17.0,896.24,14368.0,8.0,31.61,0.0,0.0,1,23.61,7.0,5.0,436.6,9.0,5.0,1,1,5.0,2.8903717578961645,6.799323384799824,0.035269570650718556,0,0.0,0.09315748085246625,-2.2756774031923066,True
386,대조,0,6.0,30.0,533.34,37003.0,12.0,22.91,0.0,0.0,1,10.64,9.0,9.0,94.05,5.0,6.0,1,1,6.0,3.4339872044851463,6.281032340469975,0.04295571305358683,0,0.0,0.08234338619764313,-2.4109251215312923,True
387,대조,0,3.0,35.0,1249.68,420.0,10.0,35.79,0.0,0.0,1,16.34,4.0,4.0,432.89,14.0,3.0,1,1,3.0,3.58351893845611,7.131442682381988,0.02863933166890724,0,0.0,0.09618794288599573,-2.2403174213638057,True
389,대조,0,6.0,34.0,2117.52,48988.0,35.0,120.28,0.0,0.0,1,90.48,31.0,26.0,1406.28,20.0,6.0,1,1,6.0,3.5553480614894135,7.658473010664015,0.05680229702671049,0,0.0,0.0997368485726657,-2.200151907866609,True
390,대조,0,4.0,16.0,377.35,11563.0,1.0,1.98,0.0,0.0,1,4.99,1.0,1.0,74.78,7.0,4.0,1,1,4.0,2.833213344056216,5.93581969314053,0.005247118060156353,0,0.0,0.08488449213403552,-2.3777588791566737,True
391,대조,0,,0.0,0.0,0.0,0.0,0.0,0.0,0.0,1,0.0,0.0,0.0,0.0,0.0,90.0,0,0,90.0,0.0,0.0,0.0,0,0.0,0.023512902683933398,-3.7264122161781996,True
392,대조,0,2.0,17.0,1854.79,600.0,46.0,134.06,0.0,0.0,1,33.97,11.0,11.0,515.09,6.0,2.0,1,1,2.0,2.8903717578961645,7.526065760392868,0.07227772416284324,0,0.0,0.10175187182386199,-2.1779091216784168,True
393,대조,0,3.0,23.0,423.33,258.0,14.0,25.39,0.0,0.0,0,33.99,11.0,11.0,357.05,23.0,3.0,1,1,3.0,3.1780538303479458,6.050511454398898,0.05997685021141899,0,0.0,0.09184707158899913,-2.291287859163683,True
394,대조,0,1.0,8.0,308.12,134.0,5.0,32.51,0.0,0.0,0,3.49,3.0,2.0,283.68,10.0,1.0,1,1,1.0,2.1972245773362196,5.733729551024153,0.10551083993249383,0,0.0,0.0887335254541012,-2.329197579783954,True
396,대조,0,2.0,27.0,306.72,140.0,1.0,1.99,0.0,0.0,0,2.32,1.0,1.0,168.38,16.0,2.0,1,1,2.0,3.332204510175204,5.729190278590734,0.0064880020865936356,0,0.0,0.09229795717317084,-2.285894169287382,True
397,대조,0,2.0,39.0,939.59,50211.0,13.0,33.71,0.0,0.0,0,16.57,7.0,7.0,377.88,18.0,2.0,1,1,2.0,3.6888794541139363,6.846507337942632,0.03587735075937377,0,0.0,0.10418181672030177,-2.1515998614892284,True
398,대조,0,4.0,11.0,184.76,65.0,4.0,16.85,0.0,0.0,0,12.67,9.0,6.0,235.15,9.0,4.0,1,1,4.0,2.4849066497880004,5.224455517949582,0.09119939380818361,0,0.0,0.08063498239450193,-2.433750653394954,True
400,대조,0,3.0,43.0,2614.4,80644.0,38.0,103.26,0.0,0.0,1,81.72,23.0,20.0,1538.1,26.0,3.0,1,1,3.0,3.784189633918261,7.869172328472402,0.03949663402692778,0,0.0,0.10531677872411083,-2.1394969643582082,True
402,대조,0,4.0,12.0,514.67,45028.0,2.0,8.19,0.0,0.0,0,6.66,4.0,2.0,172.89000000000001,7.0,4.0,1,1,4.0,2.5649493574615367,6.245467026008175,0.015913109371053297,0,0.0,0.10193712721795914,-2.1758838566773493,True
403,대조,0,47.0,6.0,58.69,28.0,1.0,2.0,0.0,1.0,0,0.0,0.0,0.0,0.0,0.0,47.0,0,0,47.0,1.9459101490553132,4.089164502180559,0.03407735559720566,0,1.0,0.5649256600322047,0.26117723436019513,True
405,처치,1,3.0,16.0,555.2,100481.0,6.0,12.05,0.0,1.0,0,5.17,3.0,3.0,87.39,3.0,3.0,1,1,3.0,2.833213344056216,6.3211279417998645,0.021703890489913544,0,1.0,0.7037487005820298,0.8652132543716262,True
408,대조,0,3.0,6.0,338.01,128.0,4.0,17.82,0.0,0.0,0,29.81,11.0,10.0,422.39,9.0,3.0,1,1,3.0,1.9459101490553132,5.826029605470451,0.05272033371793734,0,0.0,0.0955015376780198,-2.2482382561053456,True
409,대조,0,6.0,13.0,663.97,414.0,18.0,49.76,0.0,1.0,1,12.72,8.0,7.0,282.26,7.0,6.0,1,1,6.0,2.6390573296152584,6.499741926856287,0.07494314502161242,0,1.0,0.663805590432888,0.6802997285728156,True
410,대조,0,1.0,23.0,208.13,130.0,1.0,1.0,0.0,0.0,1,0.0,0.0,0.0,80.2,10.0,1.0,0,1,1.0,3.1780538303479458,5.342956068166417,0.004804689376831788,0,0.0,0.07723380950597501,-2.4805385795436843,True
411,대조,0,4.0,14.0,601.3,18978.0,6.0,35.87,0.0,0.0,1,49.07,25.0,10.0,763.14,15.0,4.0,1,1,4.0,2.70805020110221,6.4007556600496756,0.05965408282055546,0,0.0,0.08662467501347394,-2.3555621800649287,True
412,대조,0,1.0,12.0,255.1,154.0,15.0,29.45,0.0,0.0,1,14.59,8.0,8.0,204.27,12.0,1.0,1,1,1.0,2.5649493574615367,5.54556799320548,0.11544492355938847,0,0.0,0.07306006527828741,-2.54060685327311,True
413,처치,1,1.0,46.0,1082.63,106448.0,0.0,0.0,0.0,1.0,1,13.54,8.0,8.0,841.78,30.0,1.0,1,1,1.0,3.8501476017100584,6.988071795320506,0.0,0,1.0,0.6921620588219268,0.8102466377547857,True
414,대조,0,2.0,23.0,503.84000000000003,232.0,12.0,22.36,0.0,0.0,0,10.469999999999999,4.0,3.0,255.33,20.0,2.0,1,1,2.0,3.1780538303479458,6.22424154739043,0.04437916798983804,0,0.0,0.09644554180469275,-2.2373578675014487,True
418,대조,0,2.0,40.0,577.2,31102.0,6.0,22.94,0.0,0.0,1,38.46,10.0,8.0,427.23,17.0,2.0,1,1,2.0,3.713572066704308,6.359919829582246,0.03974358974358974,0,0.0,0.08421784323063128,-2.386371702619061,True
419,대조,0,3.0,7.0,288.86,97.0,0.0,0.0,0.0,0.0,0,13.0,4.0,2.0,280.41,9.0,3.0,1,1,3.0,2.0794415416798357,5.66939804779437,0.0,0,0.0,0.09792621889353777,-2.220481987263438,True
420,처치,1,13.0,20.0,594.87,302.0,12.0,40.38,0.0,1.0,0,0.0,0.0,0.0,15.98,2.0,13.0,0,1,13.0,3.044522437723423,6.390022522468178,0.06788037722527611,0,1.0,0.6792562774605303,0.7503560579064088,True
421,대조,0,5.0,41.0,1202.14,119526.0,18.0,51.9,0.0,0.0,0,41.34,19.0,19.0,407.08,11.0,5.0,1,1,5.0,3.7376696182833684,7.092690084930898,0.0431730081354917,0,0.0,0.10535480012733218,-2.1390935121226486,True
425,처치,1,3.0,18.0,621.56,405.0,34.0,57.79,0.0,1.0,0,28.669999999999998,18.0,16.0,476.31,8.0,3.0,1,1,3.0,2.9444389791664403,6.433840009236244,0.09297573846450866,0,1.0,0.6886125763318353,0.7936409421998861,True
426,대조,0,3.0,35.0,1233.84,163399.0,17.0,42.53,0.0,0.0,1,39.32,20.0,16.0,786.12,19.0,3.0,1,1,3.0,3.58351893845611,7.118696686013278,0.034469623289891727,0,0.0,0.0954036556079029,-2.2493719194424755,True
428,대조,0,1.0,21.0,703.44,437.0,18.0,52.17,0.0,0.0,1,59.92,27.0,20.0,300.77,8.0,1.0,1,1,1.0,3.091042453358316,6.557403160926884,0.07416410781303309,0,0.0,0.08700452305989191,-2.3507708200219364,True
432,대조,0,3.0,22.0,401.61,209.0,9.0,15.739999999999998,0.0,1.0,1,3.99,1.0,1.0,254.62,16.0,3.0,1,1,3.0,3.1354942159291497,5.997968351446648,0.03919225118896441,0,1.0,0.6515317256486993,0.6257789004967849,True
433,대조,0,6.0,10.0,132.78,84.0,2.0,5.57,0.0,1.0,0,0.0,0.0,0.0,15.440000000000001,3.0,6.0,0,1,6.0,2.3978952727983707,4.896196659690262,0.04194908871818045,0,1.0,0.6471960742060294,0.6067368483085427,True
434,대조,0,5.0,14.0,516.48,279.0,7.0,16.09,0.0,0.0,1,10.57,4.0,4.0,294.01,10.0,5.0,1,1,5.0,2.70805020110221,6.248970877049701,0.03115319083023544,0,0.0,0.08677437368281712,-2.3536716323628593,True
436,대조,0,10.0,6.0,324.17,130.0,5.0,19.18,0.0,0.0,0,4.49,1.0,1.0,116.92,3.0,10.0,1,1,10.0,1.9459101490553132,5.784348122495769,0.0591664867199309,0,0.0,0.09073922774616923,-2.304642167625129,True
437,처치,1,3.0,9.0,603.09,228.0,9.0,37.86,0.0,1.0,1,32.5,8.0,8.0,444.81,7.0,3.0,1,1,3.0,2.302585092994046,6.403723193456948,0.06277669999502561,0,1.0,0.6717371143549576,0.7160522971131665,True
438,대조,0,3.0,3.0,36.81,11.0,2.0,8.99,0.0,0.0,1,2.94,2.0,1.0,158.44,3.0,3.0,1,1,3.0,1.3862943611198906,3.6325736179028416,0.24422711219777232,0,0.0,0.049242348692291396,-2.9605051953833605,True
441,대조,0,4.0,12.0,336.53,189.0,25.0,74.12,0.0,0.0,1,33.03,13.0,9.0,177.42000000000002,8.0,4.0,1,1,4.0,2.5649493574615367,5.82165439525109,0.22024782337384485,0,0.0,0.06690022829057493,-2.635309752038206,True
442,대조,0,6.0,6.0,327.76,190.0,15.0,35.78,0.0,0.0,1,6.0,2.0,2.0,15.2,2.0,6.0,1,1,6.0,1.9459101490553132,5.795328001280299,0.10916524286062973,0,0.0,0.07698822101127654,-2.4839895597835486,True
443,대조,0,5.0,19.0,415.13,240.0,12.0,39.26,0.0,0.0,1,6.13,4.0,4.0,248.69,8.0,5.0,1,1,5.0,2.995732273553991,6.030997711443308,0.09457278442897406,0,0.0,0.07708559070982708,-2.482620127026631,True
445,대조,0,1.0,28.0,315.65000000000003,108.0,5.0,19.36,0.0,0.0,0,13.57,3.0,2.0,209.36,16.0,1.0,1,1,1.0,3.367295829986474,5.75779706296244,0.061333755742119425,0,0.0,0.08770993352271574,-2.341922834811728,True
447,처치,1,1.0,34.0,354.37,172.0,7.0,19.259999999999998,0.0,1.0,0,0.88,1.0,1.0,211.74,17.0,1.0,1,1,1.0,3.5553480614894135,5.873159500227444,0.054349973191861606,0,1.0,0.6725605172118696,0.7197888432257858,True
450,대조,0,3.0,12.0,290.69,146.0,3.0,4.51,0.0,0.0,0,1.0,1.0,1.0,107.04,4.0,3.0,1,1,3.0,2.5649493574615367,5.675691594489676,0.015514809590973202,0,0.0,0.09394693935708262,-2.2663677221897007,True
451,대조,0,11.0,14.0,229.79,104.0,1.0,1.98,0.0,0.0,1,0.0,0.0,0.0,118.04,12.0,11.0,0,1,11.0,2.70805020110221,5.441508206138953,0.00861656294877932,0,0.0,0.0758487621880321,-2.5001343490808585,True
456,처치,1,1.0,17.0,1049.8,351.0,26.0,97.56,0.0,1.0,1,16.64,7.0,7.0,591.4,7.0,1.0,1,1,1.0,2.8903717578961645,6.957307057811385,0.09293198704515146,0,1.0,0.6795803106435447,0.7518437516703025,True
458,대조,0,2.0,15.0,182.24,117.0,5.0,10.77,0.0,0.0,1,7.74,9.0,4.0,172.0,13.0,2.0,1,1,2.0,2.772588722239781,5.2107967690185415,0.059097892888498677,0,0.0,0.07248068571946883,-2.54919349578749,True
459,대조,0,2.0,13.0,239.64,87.0,1.0,1.58,0.0,0.0,0,0.0,0.0,0.0,103.14999999999999,5.0,2.0,0,1,2.0,2.6390573296152584,5.483302040761475,0.006593223168085462,0,0.0,0.09220821734723939,-2.2869657862133463,True
460,대조,0,6.0,28.0,184.45000000000002,16414.0,3.0,7.76,0.0,0.0,1,0.88,1.0,1.0,44.91,7.0,6.0,1,1,6.0,3.367295829986474,5.2227853039356,0.04207102195716996,0,0.0,0.07004869043655712,-2.5859416515561504,True
462,대조,0,2.0,5.0,79.7,36.0,3.0,11.55,0.0,0.0,1,2.49,1.0,1.0,71.15,7.0,2.0,1,1,2.0,1.791759469228055,4.390738575275903,0.14491844416562108,0,0.0,0.061099617345164385,-2.7322037814262874,True
463,대조,0,1.0,55.0,435.33,34254.0,2.0,7.18,0.0,0.0,0,17.95,8.0,7.0,444.18,46.0,1.0,1,1,1.0,4.02535169073515,6.0783988377932054,0.016493235017113455,0,0.0,0.09336409867433978,-2.273234048845622,True
464,대조,0,2.0,21.0,480.83,289.0,15.0,29.19,2.0,1.0,1,6.28,3.0,3.0,118.17,11.0,2.0,1,1,2.0,3.091042453358316,6.1775913547429155,0.06070752656864173,1,1.0,0.49719677128848677,-0.011213032331078576,True
467,대조,0,2.0,14.0,498.2,250.0,11.0,37.06,0.0,0.0,0,28.47,7.0,3.0,190.67,13.0,2.0,1,1,2.0,2.70805020110221,6.213006817055218,0.07438779606583702,0,0.0,0.09560874498620506,-2.246997780353351,True
468,대조,0,2.0,54.0,993.87,408.0,11.0,22.65,0.0,0.0,0,7.3100000000000005,4.0,4.0,346.56,22.0,2.0,1,1,2.0,4.007333185232471,6.902612075356379,0.02278970086631048,0,0.0,0.10476394636628779,-2.14537774110155,True
469,대조,0,3.0,11.0,693.08,306.0,10.0,27.0,0.0,1.0,1,14.280000000000001,5.0,5.0,490.11,12.0,3.0,1,1,3.0,2.4849066497880004,6.54258722763851,0.03895654181335488,0,1.0,0.6807140872296207,0.7570553958056606,True
472,대조,0,4.0,21.0,1030.48,355.0,17.0,110.63000000000001,0.0,0.0,0,38.71,11.0,11.0,626.65,6.0,4.0,1,1,4.0,3.091042453358316,6.93874994308436,0.10735773620060556,0,0.0,0.1000201386744669,-2.1970008343118224,True
473,대조,0,12.0,10.0,539.62,40186.0,15.0,42.53,0.0,0.0,1,33.24,9.0,7.0,257.69,5.0,12.0,1,1,12.0,2.3978952727983707,6.292716629088463,0.07881472147066454,0,0.0,0.08121606603528245,-2.4259378995987793,True
475,대조,0,10.0,7.0,451.33,224.0,6.0,15.940000000000001,0.0,0.0,0,12.69,7.0,7.0,147.49,2.0,10.0,1,1,10.0,2.0794415416798357,6.114412001942849,0.03531783838876211,0,0.0,0.09724588135320046,-2.2282075920030984,True
476,대조,0,,0.0,0.0,0.0,0.0,0.0,0.0,0.0,0,0.0,0.0,0.0,0.0,0.0,90.0,0,0,90.0,0.0,0.0,0.0,0,0.0,0.02710849251609122,-3.580425517098405,True
479,대조,0,4.0,29.0,484.62,213.0,5.0,11.58,0.0,0.0,0,0.0,0.0,0.0,46.4,9.0,4.0,0,1,4.0,3.4011973816621555,6.185426425058612,0.0238950105237093,0,0.0,0.09579567657584855,-2.2448378020700503,True
480,처치,1,49.0,8.0,367.23,43862.0,9.0,50.11,0.0,2.0,0,0.0,0.0,0.0,44.93,3.0,49.0,0,1,49.0,2.1972245773362196,5.908707742937773,0.13645399341012443,0,2.0,0.9697613776385334,3.4679300453555855,True
481,처치,1,4.0,4.0,179.3,83.0,2.0,4.89,0.0,0.0,0,4.45,3.0,3.0,108.32000000000001,2.0,4.0,1,1,4.0,1.6094379124341003,5.194622130209272,0.027272727272727268,0,0.0,0.09015941861533963,-2.3116899775276463,True
482,대조,0,2.0,8.0,409.96,238.0,2.0,2.0,0.0,0.0,0,0.0,0.0,0.0,12.02,3.0,2.0,0,1,2.0,2.1972245773362196,6.0184958861590125,0.004878524734120402,0,0.0,0.10267441815702945,-2.1678557707121056,True
483,처치,1,3.0,7.0,180.83,76.0,0.0,0.0,0.0,0.0,1,5.89,5.0,2.0,114.61,7.0,3.0,1,1,3.0,2.0794415416798357,5.203072184631304,0.0,0,0.0,0.07974734825991209,-2.4457847633454044,True
484,대조,0,3.0,13.0,226.25,112.0,8.0,9.4,0.0,0.0,1,22.48,11.0,11.0,272.48,12.0,3.0,1,1,3.0,2.6390573296152584,5.426050733057588,0.04154696132596685,0,0.0,0.07656688357540484,-2.48993371904172,True
485,대조,0,1.0,31.0,1059.67,194394.0,14.0,38.81,0.0,0.0,1,19.66,9.0,7.0,472.87,15.0,1.0,1,1,1.0,3.4657359027997265,6.966656062902246,0.03662460954825559,0,0.0,0.09458304032048667,-2.258917384335058,True
489,대조,0,9.0,23.0,867.25,63036.0,10.0,30.66,0.0,0.0,1,28.22,12.0,11.0,372.37,6.0,9.0,1,1,9.0,3.1780538303479458,6.766479691624183,0.035353127702507925,0,0.0,0.0893045655309318,-2.322155909008675,True
490,처치,1,5.0,11.0,601.09,391.0,9.0,30.42,0.0,1.0,1,16.490000000000002,15.0,9.0,266.94,5.0,5.0,1,1,5.0,2.4849066497880004,6.400406935795691,0.05060806202066246,0,1.0,0.6697811739081392,0.7071955088604384,True
491,대조,0,8.0,14.0,683.0,21293.0,7.0,29.45,0.0,0.0,1,14.24,7.0,7.0,279.14,7.0,8.0,1,1,8.0,2.70805020110221,6.52795791762255,0.043118594436310394,0,0.0,0.088006331692803,-2.3382242844601806,True
492,대조,0,4.0,23.0,1425.97,85288.0,19.0,68.24,0.0,0.0,1,30.080000000000002,10.0,9.0,398.98,8.0,4.0,1,1,4.0,3.1780538303479458,7.263308594130409,0.047855144217620285,0,0.0,0.09773640071215225,-2.2226326500099276,True
493,대조,0,8.0,24.0,957.12,20930.0,17.0,41.99,0.0,0.0,1,9.28,5.0,4.0,200.1,5.0,8.0,1,1,8.0,3.2188758248682006,6.864973031086696,0.043871196924105654,0,0.0,0.09014097612516855,-2.31191482249689,True
495,처치,1,3.0,6.0,376.11,164.0,7.0,19.66,0.0,1.0,0,14.81,8.0,5.0,322.11,8.0,3.0,1,1,3.0,1.9459101490553132,5.932536922077654,0.0522719417191779,0,1.0,0.6932456982977644,0.8153373723807396,True
498,대조,0,,0.0,0.0,0.0,0.0,0.0,0.0,0.0,0,0.0,0.0,0.0,2.88,1.0,90.0,0,1,90.0,0.0,0.0,0.0,0,0.0,0.02710849251609122,-3.580425517098405,True
502,대조,0,17.0,4.0,116.29,56.0,1.0,3.09,0.0,0.0,0,5.98,2.0,2.0,142.22,5.0,17.0,1,1,17.0,1.6094379124341003,4.764649500533414,0.02657150227878579,0,0.0,0.07860610898648093,-2.4614382034772055,True
503,대조,0,2.0,18.0,814.37,358.0,13.0,37.18,0.0,0.0,0,4.99,1.0,1.0,159.51,8.0,2.0,1,1,2.0,2.9444389791664403,6.703641997949673,0.04565492343774943,0,0.0,0.10493563125047525,-2.1435485096146962,True
507,대조,0,17.0,10.0,200.95,14085.0,2.0,3.38,0.0,0.0,0,10.75,6.0,6.0,143.54,3.0,17.0,1,1,17.0,2.3978952727983707,5.308020142009422,0.016820104503607863,0,0.0,0.08286854007693231,-2.403995322998035,True
508,대조,0,3.0,12.0,268.94,115.0,6.0,16.94,0.0,0.0,0,3.99,3.0,3.0,107.05,3.0,3.0,1,1,3.0,2.5649493574615367,5.5981997120811355,0.06298802706923477,0,0.0,0.08821541402842759,-2.3356220526115634,True
510,대조,0,1.0,58.0,1155.75,67288.0,39.0,78.96000000000001,0.0,0.0,1,23.53,8.0,8.0,453.43,26.0,1.0,1,1,1.0,4.07753744390572,7.053369627787109,0.06831927319922129,0,0.0,0.08966897647457837,-2.317683444939862,True
511,처치,1,1.0,50.0,813.77,47698.0,15.0,38.65,0.0,1.0,0,23.81,14.0,11.0,451.99,22.0,1.0,1,1,1.0,3.9318256327243257,6.702905864823569,0.047494992442582054,0,1.0,0.6998983797578973,0.8468140012914434,True
514,대조,0,9.0,6.0,284.05,153.0,11.0,29.5,0.0,0.0,0,10.29,4.0,4.0,253.63,6.0,9.0,1,1,9.0,1.9459101490553132,5.652664603477591,0.10385495511353635,0,0.0,0.08518727232670946,-2.3738673382790507,True
515,대조,0,8.0,8.0,246.52,148.0,9.0,27.22,0.0,0.0,0,9.03,5.0,4.0,564.44,11.0,8.0,1,1,8.0,2.1972245773362196,5.511491386824756,0.11041700470550056,0,0.0,0.08207419649160767,-2.414492889878013,True
517,대조,0,4.0,14.0,656.55,9172.0,19.0,63.15,0.0,0.0,0,11.66,5.0,5.0,289.97,9.0,4.0,1,1,4.0,2.70805020110221,6.488520806787974,0.09618460132510853,0,0.0,0.09640732359040968,-2.2377965100722053,True
518,대조,0,3.0,18.0,337.47,168.0,5.0,27.09,0.0,0.0,1,16.02,7.0,6.0,260.98,11.0,3.0,1,1,3.0,2.9444389791664403,5.824435462132321,0.08027380211574361,0,0.0,0.07685079853867427,-2.4859250090215785,True
520,대조,0,4.0,14.0,273.33,163.0,13.0,19.25,0.0,0.0,0,2.9699999999999998,3.0,3.0,138.86,6.0,4.0,1,1,4.0,2.70805020110221,5.614331761266853,0.07042768814253833,0,0.0,0.08658516787786047,-2.356061609702072,True
523,대조,0,47.0,2.0,17.21,14.0,0.0,0.0,0.0,0.0,1,0.0,0.0,0.0,34.4,2.0,47.0,0,1,47.0,1.0986122886681098,2.9019708937395166,0.0,0,0.0,0.045588047929081395,-3.041449818484777,True
524,대조,0,9.0,14.0,415.82,218.0,13.0,32.19,0.0,0.0,0,0.0,0.0,0.0,15.02,2.0,9.0,0,1,9.0,2.70805020110221,6.032654473932845,0.07741330383338944,0,0.0,0.08924020931365731,-2.3229474708914237,True
527,대조,0,1.0,17.0,523.51,212.0,4.0,12.97,0.0,0.0,1,4.79,1.0,1.0,253.91,6.0,1.0,1,1,1.0,2.8903717578961645,6.2624644934315326,0.02477507592978167,0,0.0,0.08860681302586015,-2.3307656523517037,True
530,대조,0,6.0,12.0,316.66,117.0,3.0,7.960000000000001,0.0,0.0,0,3.99,1.0,1.0,94.32,3.0,6.0,1,1,6.0,2.5649493574615367,5.760981628407009,0.025137371313080276,0,0.0,0.09270052280321497,-2.281098467668192,True
533,처치,1,1.0,16.0,808.17,396.0,30.0,53.65,0.0,0.0,0,18.439999999999998,9.0,9.0,216.22,6.0,1.0,1,1,1.0,2.833213344056216,6.696009030953355,0.06638454780553596,0,0.0,0.10369602973428299,-2.156815779540442,True
534,대조,0,1.0,86.0,283.27,7919.0,6.0,10.07,0.0,0.0,1,11.0,8.0,8.0,98.54,44.0,1.0,1,1,1.0,4.465908118654584,5.64992449075352,0.0355491227450842,0,0.0,0.07306142538051878,-2.540586769922024,True
537,대조,0,6.0,8.0,439.29,150.0,8.0,33.25,0.0,0.0,0,4.0,2.0,1.0,140.28,4.0,6.0,1,1,6.0,2.1972245773362196,6.087433600716374,0.0756903184684377,0,0.0,0.0941828006054714,-2.263599937906811,True
538,대조,0,10.0,10.0,707.26,290.0,9.0,38.33,0.0,0.0,0,0.0,0.0,0.0,92.43,1.0,10.0,0,1,10.0,2.3978952727983707,6.562811257919103,0.054195062636088566,0,0.0,0.10037930729726767,-2.193017138536993,True
540,대조,0,3.0,9.0,310.06,109.0,8.0,29.72,0.0,0.0,1,3.99,1.0,1.0,104.89,4.0,3.0,1,1,3.0,2.302585092994046,5.739985819616414,0.09585241566148486,0,0.0,0.07721236784305752,-2.4808394742721864,True
541,대조,0,2.0,4.0,103.01,14050.0,1.0,2.59,0.0,0.0,0,4.0,4.0,3.0,135.81,5.0,2.0,1,1,2.0,1.6094379124341003,4.644487048365042,0.025143189981555188,0,0.0,0.08387454216137565,-2.390831181307274,True
542,대조,0,3.0,25.0,334.3,23812.0,8.0,23.45,0.0,0.0,1,5.99,2.0,2.0,174.81,8.0,3.0,1,1,3.0,3.258096538021482,5.8150256534721825,0.07014657493269517,0,0.0,0.07627564607739926,-2.4940600079344457,True
543,대조,0,2.0,12.0,425.85,247.0,1.0,3.34,0.0,0.0,1,0.0,0.0,0.0,287.45,7.0,2.0,0,1,2.0,2.5649493574615367,6.056432663456316,0.00784313725490196,0,0.0,0.088460688035498,-2.3325764717203556,True
544,대조,0,3.0,54.0,644.09,292.0,6.0,16.240000000000002,0.0,0.0,0,5.08,2.0,2.0,128.44,15.0,3.0,1,1,3.0,4.007333185232471,6.469389841945407,0.02521386762719496,0,0.0,0.09727430436672072,-2.22788386956473,True
545,대조,0,7.0,9.0,440.19,248.0,8.0,18.92,0.0,0.0,0,4.18,2.0,2.0,119.56,3.0,7.0,1,1,7.0,2.302585092994046,6.08947562166464,0.04298143983279948,0,0.0,0.09649519531888079,-2.236788210208422,True
546,대조,0,1.0,31.0,767.69,76025.0,3.0,4.84,0.0,0.0,1,4.0,2.0,1.0,181.71,6.0,1.0,1,1,1.0,3.4657359027997265,6.6446877672942755,0.00630462817022496,0,0.0,0.09297266832033292,-2.277867022886571,True
548,대조,0,4.0,15.0,850.03,379.0,22.0,52.66,0.0,0.0,1,27.29,12.0,9.0,453.22,6.0,4.0,1,1,4.0,2.772588722239781,6.746447380595963,0.061950754679246614,0,0.0,0.09085142504837926,-2.303283049165787,True
549,대조,0,,0.0,0.0,0.0,0.0,0.0,0.0,0.0,0,12.57,3.0,3.0,149.3,5.0,90.0,1,1,90.0,0.0,0.0,0.0,0,0.0,0.02710849251609122,-3.580425517098405,True
553,대조,0,1.0,43.0,893.07,462.0,19.0,44.480000000000004,0.0,0.0,1,32.89,15.0,14.0,560.91,23.0,1.0,1,1,1.0,3.784189633918261,6.795784071884533,0.04980572631484654,0,0.0,0.08929048974348737,-2.3223289929397897,True
558,대조,0,6.0,18.0,645.79,272.0,16.0,58.78,0.0,0.0,0,19.96,6.0,5.0,228.41,7.0,6.0,1,1,6.0,2.9444389791664403,6.472021666853687,0.09102030071695134,0,0.0,0.09445980938245287,-2.2603572148436686,True
560,처치,1,6.0,44.0,688.64,18037.0,22.0,64.51,0.0,1.0,1,22.43,9.0,8.0,474.54,18.0,6.0,1,1,6.0,3.8066624897703196,6.53616972230765,0.09367739312267659,0,1.0,0.6446291354494189,0.5955132345872244,True
562,대조,0,18.0,7.0,218.65,103.0,1.0,4.49,0.0,1.0,0,3.79,1.0,1.0,249.08,7.0,18.0,1,1,18.0,2.0794415416798357,5.392035370421788,0.02053510176080494,0,1.0,0.660081882893425,0.6636591357490552,True
563,대조,0,7.0,10.0,357.29,37168.0,3.0,3.62,0.0,0.0,0,6.8,3.0,3.0,356.18,6.0,7.0,1,1,7.0,2.3978952727983707,5.881342714348445,0.010131825687816618,0,0.0,0.09630179972012262,-2.2390084480922603,True
566,대조,0,11.0,9.0,92.06,12313.0,2.0,4.38,0.0,0.0,0,2.99,1.0,1.0,89.15,8.0,11.0,1,1,11.0,2.302585092994046,4.533244446416503,0.0475776667390832,0,0.0,0.07373102376649314,-2.5307410063118745,True
567,대조,0,1.0,24.0,146.35,82.0,2.0,8.98,0.0,1.0,1,1.98,2.0,1.0,117.42,19.0,1.0,1,1,1.0,3.2188758248682006,4.992810709183703,0.06135975401434917,0,1.0,0.6072168234367601,0.4356281862400987,True
570,대조,0,24.0,5.0,263.03000000000003,93.0,3.0,9.97,0.0,0.0,0,0.0,0.0,0.0,31.86,1.0,24.0,0,1,24.0,1.791759469228055,5.57606273305383,0.03790442154887275,0,0.0,0.083994945511851,-2.389265258104156,True
572,처치,1,,0.0,0.0,0.0,0.0,0.0,0.0,1.0,0,0.0,0.0,0.0,0.0,0.0,90.0,0,0,90.0,0.0,0.0,0.0,0,1.0,0.36923616911493395,-0.5354950509484101,True
573,대조,0,3.0,17.0,512.8,253.0,10.0,28.27,0.0,0.0,0,6.79,1.0,1.0,242.52,11.0,3.0,1,1,3.0,2.8903717578961645,6.241834084675783,0.055128705148205934,0,0.0,0.09655912694027365,-2.236055130668531,True
574,대조,0,1.0,14.0,754.24,373.0,12.0,38.02,0.0,0.0,1,40.279999999999994,12.0,8.0,525.34,8.0,1.0,1,1,1.0,2.70805020110221,6.6270355795303315,0.05040835808230802,0,0.0,0.0920980622652426,-2.2882824711050125,True
576,처치,1,3.0,37.0,730.42,302.0,21.0,53.25,0.0,1.0,1,4.34,2.0,2.0,336.21,10.0,3.0,1,1,3.0,3.6375861597263857,6.594987850159575,0.07290326113742779,0,1.0,0.6587878944094767,0.6578973284768151,True
577,대조,0,9.0,6.0,816.95,304.0,16.0,48.44,0.0,0.0,0,3.99,1.0,1.0,120.73,5.0,9.0,1,1,9.0,1.9459101490553132,6.70680121004018,0.059293714425607436,0,0.0,0.10508701708125352,-2.1419377467048153,True
578,처치,1,7.0,10.0,395.4,203.0,7.0,22.64,0.0,0.0,1,4.49,1.0,1.0,70.43,5.0,7.0,1,1,7.0,2.3978952727983707,5.982423802455833,0.05725847243297927,0,0.0,0.08140062535557212,-2.4234671356413187,True
580,대조,0,11.0,10.0,158.94,7197.0,1.0,4.49,0.0,0.0,0,7.98,2.0,2.0,89.8,10.0,11.0,1,1,11.0,2.3978952727983707,5.0747987449037435,0.02824965395746823,0,0.0,0.08155380535923323,-2.4214203324678603,True
581,대조,0,12.0,15.0,379.58,217.0,5.0,23.87,0.0,0.0,0,25.439999999999998,20.0,10.0,508.26,14.0,12.0,1,1,12.0,2.772588722239781,5.941696404873861,0.0628852942726171,0,0.0,0.08762892170851637,-2.3429356914683876,True
582,대조,0,7.0,16.0,808.79,234.0,9.0,26.68,0.0,0.0,1,6.58,8.0,4.0,119.51,6.0,7.0,1,1,7.0,2.833213344056216,6.696774954793733,0.0329875493020438,0,0.0,0.09120847669708285,-2.298967881570848,True
584,대조,0,14.0,13.0,212.13,32666.0,1.0,0.88,0.0,0.0,0,5.66,2.0,2.0,95.59,4.0,14.0,1,1,14.0,2.6390573296152584,5.361902308173147,0.0041483995663036816,0,0.0,0.08500465084329697,-2.376213011576799,True
586,대조,0,4.0,24.0,697.58,35192.0,12.0,36.42,0.0,0.0,1,27.189999999999998,12.0,10.0,661.24,24.0,4.0,1,1,4.0,3.2188758248682006,6.54904970327698,0.052209065626881504,0,0.0,0.08693320449159837,-2.351668979079978,True
588,처치,1,1.0,57.0,2014.88,307237.0,30.0,55.81,0.0,0.0,1,17.13,13.0,11.0,752.2,26.0,1.0,1,1,1.0,4.060443010546419,7.608811103610123,0.027698920034940046,0,0.0,0.10208933442054875,-2.174222324192758,True
591,대조,0,1.0,54.0,2240.93,838.0,28.0,90.89,0.0,0.0,0,54.72,24.0,19.0,1171.56,33.0,1.0,1,1,1.0,4.007333185232471,7.71509238102158,0.040559053607207726,0,0.0,0.11688998010976742,-2.022216639221782,True
594,대조,0,3.0,24.0,617.65,19812.0,10.0,34.21,0.0,0.0,0,0.0,0.0,0.0,52.8,4.0,3.0,0,1,3.0,3.2188758248682006,6.427539684659985,0.05538735529830811,0,0.0,0.09760298627122875,-2.2241464814916094,True
595,대조,0,3.0,25.0,434.26,212.0,4.0,8.88,0.0,0.0,1,6.34,3.0,3.0,225.1,13.0,3.0,1,1,3.0,3.258096538021482,6.075943553685921,0.020448579192189013,0,0.0,0.08386315292419512,-2.3909794113764167,True
596,대조,0,1.0,22.0,376.98,129.0,5.0,14.45,0.0,0.0,1,14.86,8.0,7.0,358.48,10.0,1.0,1,1,1.0,3.1354942159291497,5.934841284166891,0.03833094593877659,0,0.0,0.08188875236646263,-2.416956920379139,True
597,대조,0,1.0,19.0,853.98,434.0,26.0,64.83,0.0,0.0,1,30.64,10.0,10.0,331.41,6.0,1.0,1,1,1.0,2.995732273553991,6.751078076850302,0.07591512681795826,0,0.0,0.08994743088406763,-2.314276967713126,True
600,대조,0,2.0,20.0,688.21,26050.0,14.0,36.33,0.0,0.0,0,55.5,26.0,21.0,636.53,13.0,2.0,1,1,2.0,3.044522437723423,6.535546014124832,0.05278911960012205,0,0.0,0.10097225269027345,-2.1864681453751738,True
603,처치,1,4.0,41.0,683.49,57119.0,3.0,5.95,0.0,1.0,0,5.89,3.0,3.0,144.81,5.0,4.0,1,1,4.0,3.7376696182833684,6.52867403541799,0.008705321219037587,0,1.0,0.7019444583258992,0.8565744311065943,True
604,처치,1,4.0,3.0,183.88,71.0,5.0,23.150000000000002,0.0,0.0,0,0.0,0.0,0.0,0.0,0.0,4.0,0,0,4.0,1.3862943611198906,5.219706965966125,0.12589732434196216,0,0.0,0.08235609427999924,-2.4107569546012666,True
605,대조,0,5.0,22.0,936.34,66013.0,18.0,41.39,0.0,0.0,1,24.98,16.0,15.0,501.86,12.0,5.0,1,1,5.0,3.1354942159291497,6.843046076612686,0.04420402845120362,0,0.0,0.09168363812993136,-2.2932487989777597,True
606,대조,0,10.0,8.0,344.96,10112.0,4.0,13.08,0.0,0.0,1,9.99,5.0,3.0,112.39,8.0,10.0,1,1,10.0,2.1972245773362196,5.846323161438311,0.03791743970315399,0,0.0,0.08092766811284965,-2.4298090569646074,True
607,대조,0,2.0,36.0,813.65,31788.0,23.0,59.620000000000005,0.0,0.0,1,11.89,8.0,7.0,221.46,8.0,2.0,1,1,2.0,3.6109179126442243,6.702758573148964,0.07327474958520248,0,0.0,0.08614722998312238,-2.361611666306379,True
608,대조,0,2.0,37.0,800.35,335.0,15.0,43.78,0.0,0.0,1,7.6899999999999995,8.0,5.0,442.25,15.0,2.0,1,1,2.0,3.6375861597263857,6.686297805439584,0.05470106828262635,0,0.0,0.08754024187451859,-2.344045389023728,True
609,처치,1,7.0,8.0,76.83,30.0,1.0,1.19,0.0,1.0,1,4.99,2.0,2.0,77.7,7.0,7.0,1,1,7.0,2.1972245773362196,4.354526960971297,0.01548874137706625,0,1.0,0.6000682847228305,0.4057496358839192,True
612,대조,0,10.0,15.0,398.82,4617.0,11.0,24.15,0.0,0.0,0,44.95,27.0,18.0,507.62,17.0,10.0,1,1,10.0,2.772588722239781,5.991014445827597,0.06055363321799308,0,0.0,0.08948993210957616,-2.3198788280893137,True
614,대조,0,14.0,17.0,399.61,231.0,16.0,42.94,0.0,0.0,1,20.35,7.0,7.0,254.59,10.0,14.0,1,1,14.0,2.8903717578961645,5.992988385476324,0.1074547683991892,0,0.0,0.07231219147675914,-2.551702524539615,True
618,대조,0,1.0,85.0,1032.76,89990.0,13.0,43.19,0.0,0.0,0,35.72,13.0,12.0,885.29,62.0,1.0,1,1,1.0,4.454347296253507,6.940957919809855,0.041819977535923154,0,0.0,0.1014025459037864,-2.181736965068574,True
621,대조,0,4.0,17.0,366.05,114.0,4.0,14.46,0.0,0.0,1,11.59,2.0,2.0,90.9,3.0,4.0,1,1,4.0,2.8903717578961645,5.90549807855679,0.039502800163912034,0,0.0,0.08115558906775228,-2.4267486405636878,True
623,대조,0,3.0,21.0,1210.77,478.0,27.0,93.78999999999999,0.0,0.0,1,110.6,95.0,23.0,681.5600000000001,25.0,3.0,1,1,3.0,3.091042453358316,7.099837379643952,0.07746310199294663,0,0.0,0.09327215200674221,-2.274320762405345,True
624,처치,1,8.0,22.0,747.92,23580.0,9.0,22.92,0.0,1.0,1,10.27,8.0,5.0,189.15,3.0,8.0,1,1,8.0,3.1354942159291497,6.618632168733952,0.03064498876885229,0,1.0,0.6707668949773953,0.7116556513929891,True
631,처치,1,2.0,63.0,1072.01,95040.0,15.0,42.52,0.0,1.0,1,14.06,5.0,3.0,429.81,29.0,2.0,1,1,2.0,4.1588830833596715,6.978223062251763,0.039663809106258344,0,1.0,0.676461703653563,0.7375583482576318,True
632,대조,0,3.0,18.0,473.74,12085.0,5.0,8.29,0.0,0.0,0,7.53,2.0,2.0,165.44,6.0,3.0,1,1,3.0,2.9444389791664403,6.162767285752806,0.01749905011187571,0,0.0,0.0990125500524468,-2.208244718178592,True
633,대조,0,2.0,36.0,981.47,60838.0,7.0,27.2,0.0,0.0,0,2.46,2.0,2.0,387.5,10.0,2.0,1,1,2.0,3.6109179126442243,6.890069808926088,0.027713531743201524,0,0.0,0.10621972290725103,-2.129950163579304,True
634,대조,0,5.0,13.0,565.28,203.0,6.0,19.939999999999998,0.0,0.0,0,47.22,21.0,12.0,477.8,10.0,5.0,1,1,5.0,2.6390573296152584,6.339088655526297,0.03527455420322672,0,0.0,0.10036671879811634,-2.193156548727078,True
635,처치,1,14.0,6.0,47.89,28.0,0.0,0.0,0.0,0.0,0,0.0,0.0,0.0,0.0,0.0,14.0,0,0,14.0,1.9459101490553132,3.889572876590554,0.0,0,0.0,0.07038028772765184,-2.5808623708980596,True
636,대조,0,1.0,32.0,1269.96,31877.0,10.0,51.64,0.0,0.0,0,21.66,13.0,10.0,819.5,22.0,1.0,1,1,1.0,3.4965075614664802,7.147527799411768,0.04066269803773347,0,0.0,0.11019498212403085,-2.088750996268787,True
637,대조,0,3.0,15.0,481.89,249.0,3.0,14.030000000000001,0.0,0.0,0,27.57,12.0,7.0,288.98,14.0,3.0,1,1,3.0,2.772588722239781,6.179788884443914,0.02911452821183258,0,0.0,0.0989509563206776,-2.208935351935566,True
638,대조,0,3.0,34.0,1536.35,143627.0,31.0,102.79,0.0,0.0,0,60.15,23.0,20.0,542.85,11.0,3.0,1,1,3.0,3.5553480614894135,7.337815433945681,0.06690532756207897,0,0.0,0.10882819746900042,-2.1027667600263067,True
639,대조,0,17.0,1.0,2.0,2.0,0.0,0.0,0.0,0.0,0,6.27,2.0,2.0,39.01,2.0,17.0,1,1,17.0,0.6931471805599453,1.0986122886681098,0.0,0,0.0,0.04744553317296626,-2.999564905317791,True
640,대조,0,2.0,15.0,390.98,222.0,11.0,20.64,0.0,0.0,0,21.55,16.0,13.0,175.82,7.0,2.0,1,1,2.0,2.772588722239781,5.971210818080714,0.0527904240626119,0,0.0,0.09394249983093661,-2.2664198788227488,True
641,처치,1,1.0,49.0,1650.19,667.0,26.0,83.15,0.0,1.0,0,51.38,23.0,18.0,739.49,21.0,1.0,1,1,1.0,3.912023005428146,7.409251519067355,0.05038813712360395,0,1.0,0.7240628053656536,0.9647048522161924,True
644,대조,0,2.0,36.0,627.23,28703.0,7.0,15.4,0.0,0.0,1,5.890000000000001,3.0,3.0,248.35,18.0,2.0,1,1,2.0,3.6109179126442243,6.442906341456171,0.024552397047335108,0,0.0,0.08720419043277564,-2.34825982260947,True
646,대조,0,2.0,5.0,105.14,52.0,2.0,3.12,0.0,0.0,0,0.0,0.0,0.0,63.46,2.0,2.0,0,1,2.0,1.791759469228055,4.664758977399749,0.02967471942172342,0,0.0,0.08290716212517062,-2.403487254834516,True
650,처치,1,6.0,17.0,312.5,146.0,5.0,19.79,0.0,1.0,0,2.69,1.0,1.0,126.03,6.0,6.0,1,1,6.0,2.8903717578961645,5.7477993600729755,0.063328,0,1.0,0.6675866486084002,0.6972899636829897,True
653,대조,0,4.0,51.0,2008.28,100532.0,24.0,64.24000000000001,0.0,0.0,0,64.45,25.0,19.0,922.64,18.0,4.0,1,1,4.0,3.9512437185814275,7.605531727925745,0.0319875714541797,0,0.0,0.1145290525684411,-2.045291122428585,True
654,처치,1,7.0,16.0,416.42,195.0,13.0,33.65,0.0,1.0,0,1.0,1.0,1.0,74.4,9.0,7.0,1,1,7.0,2.833213344056216,6.034092909163605,0.08080783824023821,0,1.0,0.6732126557421121,0.7227516255442825,True
656,대조,0,2.0,6.0,311.18,192.0,9.0,31.6,0.0,0.0,0,21.31,13.0,9.0,391.03000000000003,7.0,2.0,1,1,2.0,1.9459101490553132,5.743579944530267,0.10154894273410887,0,0.0,0.08997177653664896,-2.313979586712699,True
660,대조,0,2.0,22.0,1057.67,53598.0,21.0,69.8,0.0,0.0,1,55.14,14.0,12.0,779.67,14.0,2.0,1,1,2.0,3.1354942159291497,6.964768682308569,0.06599411914869477,0,0.0,0.09275831489370037,-2.280411535190141,True
661,대조,0,2.0,59.0,1318.19,327.0,37.0,174.95,0.0,0.0,1,92.36,20.0,20.0,390.09000000000003,28.0,2.0,1,1,2.0,4.0943445622221,7.18477319086493,0.13271986587669454,0,0.0,0.08483860414085913,-2.3783497619190888,True
662,대조,0,52.0,3.0,52.43,11.0,1.0,9.99,0.0,0.0,0,1.98,2.0,1.0,52.95,2.0,52.0,1,1,52.0,1.3862943611198906,3.97837238596968,0.19053976730879268,0,0.0,0.048145175913755105,-2.984191582937135,True
663,대조,0,4.0,16.0,436.67,10413.0,10.0,19.82,0.0,0.0,0,24.37,15.0,14.0,253.82,8.0,4.0,1,1,4.0,2.833213344056216,6.0814652017519135,0.045388966496438955,0,0.0,0.09496939373251854,-2.254414093752572,True
665,대조,0,46.0,2.0,20.15,5.0,0.0,0.0,0.0,1.0,0,0.0,0.0,0.0,53.74,4.0,46.0,0,1,46.0,1.0986122886681098,3.0516399054922867,0.0,0,1.0,0.5450974430976343,0.18088133799479805,True
669,처치,1,1.0,23.0,1912.31,19080.0,28.0,123.14999999999999,0.0,1.0,0,33.7,13.0,10.0,506.21000000000004,7.0,1.0,1,1,1.0,3.1780538303479458,7.55659000544919,0.06439855462764928,0,1.0,0.7342900794130708,1.0164989644838587,True
670,처치,1,11.0,19.0,536.8,37861.0,19.0,72.64,0.0,1.0,1,16.79,8.0,7.0,311.32,8.0,11.0,1,1,11.0,2.995732273553991,6.287486743834764,0.13532041728763042,0,1.0,0.6276299779426688,0.5220627428661453,True
671,대조,0,12.0,15.0,545.98,53602.0,3.0,14.870000000000001,0.0,0.0,1,7.38,2.0,1.0,164.39000000000001,3.0,12.0,1,1,12.0,2.772588722239781,6.304412238682238,0.02723542986922598,0,0.0,0.08431439276243306,-2.385120499134575,True
672,대조,0,6.0,23.0,658.01,29525.0,13.0,34.3,0.0,0.0,1,11.969999999999999,7.0,6.0,159.15,9.0,6.0,1,1,6.0,3.1780538303479458,6.490738708894204,0.052126867372836276,0,0.0,0.08541122825924351,-2.3709969638626944,True
674,처치,1,21.0,9.0,512.91,225.0,11.0,30.88,0.0,1.0,0,51.29,17.0,16.0,426.38,11.0,21.0,1,1,21.0,2.302585092994046,6.242048152847583,0.06020549414127235,0,1.0,0.6748815282396151,0.7303475173502458,True
675,대조,0,2.0,31.0,694.57,35322.0,6.0,11.65,0.0,0.0,1,13.23,6.0,6.0,441.27,18.0,2.0,1,1,2.0,3.4657359027997265,6.544731653315462,0.016772967447485493,0,0.0,0.09003641559969462,-2.313190375298715,True
679,처치,1,2.0,25.0,517.37,187.0,9.0,23.27,0.0,0.0,0,21.96,8.0,8.0,511.07,24.0,2.0,1,1,2.0,3.258096538021482,6.2506892729931405,0.0449774822660765,0,0.0,0.09636466473180079,-2.2382863028225195,True
680,대조,0,4.0,14.0,699.37,394.0,21.0,52.730000000000004,0.0,0.0,1,9.18,6.0,3.0,196.02,4.0,4.0,1,1,4.0,2.70805020110221,6.551608766827305,0.075396428213964,0,0.0,0.08718520309921528,-2.348498381581791,True
682,처치,1,,0.0,0.0,0.0,0.0,0.0,0.0,1.0,1,0.0,0.0,0.0,30.35,1.0,90.0,0,1,90.0,0.0,0.0,0.0,0,1.0,0.3359306716199267,-0.6814817500282049,True
685,대조,0,1.0,19.0,553.28,16708.0,24.0,64.3,0.0,0.0,1,36.76,32.0,9.0,274.72,8.0,1.0,1,1,1.0,2.995732273553991,6.3176699742305145,0.11621602082128397,0,0.0,0.08049825983406911,-2.4355963693330502,True
687,처치,1,46.0,5.0,241.75,97.0,3.0,9.97,0.0,0.0,0,15.52,7.0,6.0,316.67,3.0,46.0,1,1,46.0,1.791759469228055,5.492032107171434,0.04124095139607032,0,0.0,0.07319898957130942,-2.538557265590074,True
688,대조,0,4.0,3.0,304.97,100.0,6.0,16.830000000000002,0.0,0.0,1,31.08,14.0,11.0,566.24,6.0,4.0,1,1,4.0,1.3862943611198906,5.723487057930536,0.05518575597599764,0,0.0,0.08412819078741707,-2.3875346922383205,True
690,대조,0,3.0,43.0,806.46,35264.0,8.0,14.6,0.0,0.0,1,20.34,10.0,9.0,548.84,22.0,3.0,1,1,3.0,3.784189633918261,6.693893518266168,0.018103811720358107,0,0.0,0.08995959914549014,-2.3141283239070356,True
691,처치,1,3.0,6.0,332.89,128.0,3.0,5.99,0.0,1.0,0,0.0,0.0,0.0,15.0,1.0,3.0,0,1,3.0,1.9459101490553132,5.810811597414573,0.017993931929466193,0,1.0,0.6974367775226884,0.8351216124843434,True
692,대조,0,3.0,16.0,439.32,20295.0,5.0,11.54,0.0,0.0,1,2.99,1.0,1.0,316.21,13.0,3.0,1,1,3.0,2.833213344056216,6.087501735304924,0.026267868524082673,0,0.0,0.08542414818554948,-2.3708315814108682,True
694,대조,0,2.0,22.0,264.33,97.0,8.0,17.11,0.0,0.0,0,0.0,0.0,0.0,22.7,2.0,2.0,0,1,2.0,3.1354942159291497,5.58097433428329,0.0647296939431771,0,0.0,0.08562236820795305,-2.3682970901591816,True
695,대조,0,3.0,27.0,1208.95,8296.0,21.0,60.31,0.0,0.0,1,44.66,22.0,18.0,796.67,17.0,3.0,1,1,3.0,3.332204510175204,7.098334315422947,0.04988626494065098,0,0.0,0.09481387021590176,-2.2562248819698376,True
696,대조,0,2.0,44.0,1846.8700000000001,118392.0,46.0,154.76,0.0,0.0,1,89.86,45.0,36.0,1348.18,35.0,2.0,1,1,2.0,3.8066624897703196,7.521788903406865,0.08379582753523528,0,0.0,0.09567122861647447,-2.246275367592458,True
697,대조,0,1.0,8.0,237.97,101.0,0.0,0.0,0.0,0.0,0,3.66,2.0,2.0,347.4,10.0,1.0,1,1,1.0,2.1972245773362196,5.476338021040286,0.0,0,0.0,0.09549185685173019,-2.248350332439863,True
698,처치,1,5.0,33.0,309.51,9316.0,4.0,8.22,0.0,1.0,0,0.0,0.0,0.0,7.029999999999999,3.0,5.0,0,1,5.0,3.5263605246161616,5.7382161069740905,0.026558107977125135,0,1.0,0.6698582933875982,0.7075442113429486,True
699,처치,1,7.0,23.0,1456.94,89265.0,17.0,49.730000000000004,0.0,0.0,1,24.65,9.0,9.0,543.4,8.0,7.0,1,1,7.0,3.1780538303479458,7.284779759458451,0.0341331832470795,0,0.0,0.09791188028271999,-2.2206443156143174,True
700,처치,1,3.0,5.0,608.17,279.0,10.0,29.25,0.0,0.0,0,51.47,15.0,9.0,438.06,5.0,3.0,1,1,3.0,1.791759469228055,6.412097374897077,0.04809510498709243,0,0.0,0.10583565618126109,-2.134002110460592,True
702,대조,0,3.0,42.0,1041.42,50141.0,10.0,23.279999999999998,0.0,0.0,0,66.78,28.0,26.0,894.03,31.0,3.0,1,1,3.0,3.7612001156935624,6.949300212119286,0.0223540934493288,0,0.0,0.10637032547057489,-2.128364812992061,True
703,대조,0,4.0,31.0,1505.13,146922.0,19.0,56.59,0.0,0.0,0,15.45,6.0,6.0,460.06,19.0,4.0,1,1,4.0,3.4657359027997265,7.317298726015505,0.037598081228863954,0,0.0,0.11181718953145471,-2.0723122880293166,True
705,대조,0,7.0,9.0,157.84,72.0,5.0,20.5,0.0,0.0,0,2.79,1.0,1.0,93.78,5.0,7.0,1,1,7.0,2.302585092994046,5.067897406263051,0.12987835783071464,0,0.0,0.0749389692233783,-2.51318567597496,True
706,처치,1,1.0,10.0,225.3,86.0,2.0,7.18,0.0,1.0,1,8.47,4.0,4.0,325.33,7.0,1.0,1,1,1.0,2.3978952727983707,5.421861552639491,0.03186861961828673,0,1.0,0.6437899220433373,0.5918518014522832,True
707,대조,0,3.0,72.0,2814.41,241071.0,33.0,94.39,0.0,0.0,1,77.28,28.0,21.0,1696.72,33.0,3.0,1,1,3.0,4.290459441148391,7.942863178280716,0.03353811278385168,0,0.0,0.10435178671709205,-2.1497799610505988,True
708,대조,0,29.0,8.0,231.25,131.0,10.0,24.41,0.0,1.0,1,12.360000000000001,5.0,5.0,220.17,3.0,29.0,1,1,29.0,2.1972245773362196,5.447814377693948,0.10555675675675676,0,1.0,0.5876501752813068,0.3542597526535041,True
709,대조,0,4.0,31.0,1518.8,807.0,15.0,27.130000000000003,0.0,0.0,0,2.79,1.0,1.0,501.56,11.0,4.0,1,1,4.0,3.4657359027997265,7.326334026235685,0.017862786410323944,0,0.0,0.11430880430102221,-2.0474647564262316,True
710,처치,1,4.0,17.0,277.47,145.0,2.0,4.5,0.0,1.0,0,4.49,2.0,2.0,220.14000000000001,11.0,4.0,1,1,4.0,2.8903717578961645,5.629310333636944,0.01621796951021732,0,1.0,0.6780218575309568,0.7446958629575042,True
714,처치,1,2.0,31.0,411.65,218.0,13.0,28.04,0.0,0.0,1,36.92,21.0,14.0,227.8,22.0,2.0,1,1,2.0,3.4657359027997265,6.022599776038693,0.06811611806145998,0,0.0,0.07851886842833422,-2.4626433430730366,True
715,대조,0,5.0,17.0,295.83,6873.0,2.0,4.76,0.0,0.0,1,3.9800000000000004,2.0,2.0,92.21,3.0,5.0,1,1,5.0,2.8903717578961645,5.693159584352287,0.016090322144474867,0,0.0,0.08008683551465226,-2.441167789220729,True
716,대조,0,2.0,11.0,228.39000000000001,101.0,5.0,10.74,0.0,0.0,1,5.49,3.0,2.0,147.19,10.0,2.0,1,1,2.0,2.4849066497880004,5.435423611766036,0.047024825955602256,0,0.0,0.0772891533238501,-2.479762283359383,True
720,처치,1,5.0,11.0,240.46,48.0,1.0,8.79,0.0,0.0,0,0.0,0.0,0.0,115.13,7.0,5.0,0,1,5.0,2.4849066497880004,5.4867038279042415,0.03655493637195375,0,0.0,0.08862355442609485,-2.330558360682277,True
722,대조,0,7.0,15.0,614.13,14278.0,11.0,57.769999999999996,0.0,0.0,1,41.23,18.0,13.0,645.43,10.0,7.0,1,1,7.0,2.772588722239781,6.421833627582288,0.09406803119860616,0,0.0,0.08208848217710488,-2.4143032837136897,True
725,대조,0,7.0,19.0,542.14,393.0,22.0,32.92,0.0,0.0,1,72.92,37.0,33.0,685.03,15.0,7.0,1,1,7.0,2.995732273553991,6.2973671135899565,0.060722322647286685,0,0.0,0.08247040452088564,-2.409245340161119,True
726,대조,0,2.0,4.0,125.84,50.0,1.0,3.39,0.0,0.0,0,15.780000000000001,8.0,7.0,218.71,8.0,2.0,1,1,2.0,1.6094379124341003,4.842926449670147,0.026938970120788303,0,0.0,0.08633725694002314,-2.3592002940925325,True
727,대조,0,18.0,18.0,654.84,308.0,10.0,22.54,0.0,0.0,0,21.49,7.0,5.0,419.18,7.0,18.0,1,1,18.0,2.9444389791664403,6.4859168567560275,0.03442062183128703,0,0.0,0.09426588837162156,-2.2626263989390276,True
728,대조,0,1.0,76.0,1850.76,161217.0,41.0,126.89,0.0,0.0,0,93.36,50.0,30.0,1224.51,34.0,1.0,1,1,1.0,4.343805421853684,7.5238918171758336,0.06856102357950247,0,0.0,0.10835507840434569,-2.1076543861173653,True
729,대조,0,9.0,9.0,388.73,169.0,3.0,3.79,0.0,0.0,0,0.0,0.0,0.0,49.92,2.0,9.0,0,1,9.0,2.302585092994046,5.965454191675751,0.00974969773364546,0,0.0,0.097040898748996,-2.2305447340831885,True
730,대조,0,2.0,9.0,135.79,60.0,4.0,11.38,0.0,1.0,0,3.13,1.0,1.0,68.62,7.0,2.0,1,1,2.0,2.302585092994046,4.918446903101353,0.08380587672140807,0,1.0,0.6434868860662535,0.5905306233494129,True
731,대조,0,2.0,25.0,482.58,11171.0,8.0,25.61,0.0,0.0,1,26.66,11.0,10.0,287.39,23.0,2.0,1,1,2.0,3.258096538021482,6.181216761392465,0.05306892121513532,0,0.0,0.08274311537524899,-2.4056467560167336,True
733,대조,0,5.0,12.0,355.0,199.0,8.0,33.72,0.0,0.0,1,4.44,3.0,3.0,284.26,7.0,5.0,1,1,5.0,2.5649493574615367,5.87493073085203,0.09498591549295775,0,0.0,0.07696973750585628,-2.484249695869429,True
734,대조,0,25.0,6.0,136.87,8491.0,1.0,3.96,0.0,0.0,0,0.0,0.0,0.0,56.11,3.0,25.0,0,1,25.0,1.9459101490553132,4.9263112121835375,0.02893256374662088,0,0.0,0.07556217797066489,-2.504229926178514,True
737,대조,0,12.0,5.0,94.35000000000001,33.0,0.0,0.0,0.0,1.0,0,0.0,0.0,0.0,0.0,0.0,12.0,0,0,12.0,1.791759469228055,4.557554332046428,0.0,0,1.0,0.6453560694300341,0.5986879364597789,True
738,대조,0,9.0,32.0,712.08,375.0,16.0,38.39,0.0,0.0,0,3.38,2.0,2.0,85.86,9.0,9.0,1,1,9.0,3.4965075614664802,6.569593616083661,0.053912481743624306,0,0.0,0.09531858075658788,-2.2503580959212277,True
741,대조,0,3.0,16.0,630.62,15051.0,8.0,21.37,0.0,0.0,1,12.15,6.0,5.0,374.51,12.0,3.0,1,1,3.0,2.833213344056216,6.448287947491289,0.03388728552852748,0,0.0,0.08960509535998647,-2.3184662802989022,True
742,대조,0,1.0,46.0,447.0,9923.0,17.0,27.72,0.0,0.0,1,26.04,17.0,17.0,477.52,32.0,1.0,1,1,1.0,3.8501476017100584,6.104793232414985,0.06201342281879194,0,0.0,0.07884338564955058,-2.4581666452937525,True
743,대조,0,2.0,12.0,394.40000000000003,204.0,13.0,27.11,0.0,0.0,0,11.01,5.0,5.0,282.14,4.0,2.0,1,1,2.0,2.5649493574615367,5.979897910736517,0.06873732251521297,0,0.0,0.09350812341619401,-2.2715337548799552,True
744,대조,0,4.0,23.0,764.33,58120.0,17.0,33.84,0.0,0.0,0,16.16,6.0,6.0,312.06,11.0,4.0,1,1,4.0,3.1780538303479458,6.640307113361166,0.044274070100611,0,0.0,0.10170877908020952,-2.1783806925589726,True
747,대조,0,8.0,22.0,154.85,66.0,2.0,2.99,0.0,0.0,0,15.0,5.0,4.0,48.199999999999996,5.0,8.0,1,1,8.0,3.1354942159291497,5.048894006213346,0.019309008718114307,0,0.0,0.08010724312945128,-2.440890818557812,True
748,대조,0,,0.0,0.0,0.0,0.0,0.0,0.0,0.0,1,0.0,0.0,0.0,0.0,0.0,90.0,0,0,90.0,0.0,0.0,0.0,0,0.0,0.023512902683933398,-3.7264122161781996,True
749,대조,0,5.0,21.0,425.56,209.0,22.0,56.07,0.0,0.0,0,31.42,27.0,12.0,220.74,7.0,5.0,1,1,5.0,3.091042453358316,6.055753036990344,0.13175580411692828,0,0.0,0.08455850379425925,-2.381962811027284,True
752,대조,0,4.0,22.0,1028.98,110957.0,10.0,24.21,0.0,0.0,1,39.4,15.0,15.0,434.64,11.0,4.0,1,1,4.0,3.1354942159291497,6.937294663559432,0.023528154094345857,0,0.0,0.09562244171507044,-2.2468393876871358,True
757,대조,0,53.0,4.0,286.61,111.0,7.0,18.85,0.0,0.0,0,14.16,8.0,6.0,235.93,4.0,53.0,1,1,53.0,1.6094379124341003,5.661605395757015,0.0657688147657095,0,0.0,0.07111838254098714,-2.5696354523450275,True
759,처치,1,13.0,3.0,135.32,52.0,2.0,8.98,0.0,0.0,0,0.0,0.0,0.0,11.75,1.0,13.0,0,1,13.0,1.3862943611198906,4.915005063081005,0.06636121785397577,0,0.0,0.07974069628139897,-2.445875408387119,True
760,대조,0,7.0,15.0,368.0,153.0,8.0,34.59,0.0,1.0,0,4.49,1.0,1.0,169.09,6.0,7.0,1,1,7.0,2.772588722239781,5.910796644040527,0.09399456521739132,0,1.0,0.6659179380331958,0.6897797894721442,True
761,대조,0,1.0,16.0,820.29,369.0,6.0,39.16,0.0,0.0,1,39.730000000000004,9.0,9.0,363.11,8.0,1.0,1,1,1.0,2.833213344056216,6.710876274853197,0.04773921418035085,0,0.0,0.09294034048757419,-2.27825043753174,True
763,대조,0,5.0,9.0,695.64,336.0,12.0,23.330000000000002,0.0,0.0,0,4.5600000000000005,4.0,3.0,117.76,1.0,5.0,1,1,5.0,2.302585092994046,6.546268778046183,0.03353746190558335,0,0.0,0.10564445172969877,-2.136024174000235,True
764,대조,0,30.0,4.0,89.84,54.0,0.0,0.0,0.0,0.0,1,3.52,4.0,2.0,229.47,8.0,30.0,1,1,30.0,1.6094379124341003,4.5090997172373575,0.0,0,0.0,0.06315363900517222,-2.696948827817099,True
768,대조,0,4.0,58.0,694.0600000000001,44665.0,14.0,24.94,0.0,0.0,1,17.43,11.0,11.0,506.52,36.0,4.0,1,1,4.0,4.07753744390572,6.543998172773743,0.0359334927816039,0,0.0,0.0844056158335373,-2.3839395168581885,True
769,대조,0,2.0,12.0,389.18,241.0,16.0,25.34,0.0,0.0,0,0.0,0.0,0.0,12.98,1.0,2.0,0,1,2.0,2.5649493574615367,5.966608171109115,0.06511125957140655,0,0.0,0.09367970732385274,-2.269511172420295,True
776,처치,1,3.0,9.0,531.0,295.0,10.0,24.44,0.0,0.0,0,16.71,10.0,7.0,495.24,6.0,3.0,1,1,3.0,2.302585092994046,6.2766434893416445,0.04602636534839925,0,0.0,0.10113095373411428,-2.1847211092181578,True
778,처치,1,4.0,6.0,288.62,135.0,7.0,16.44,0.0,2.0,0,19.23,8.0,7.0,116.06,6.0,4.0,1,1,4.0,1.9459101490553132,5.668569718900456,0.05696070958353545,0,2.0,0.9782015091579133,3.803874950923318,True
779,대조,0,14.0,10.0,350.88,124.0,4.0,12.030000000000001,0.0,0.0,1,5.55,3.0,3.0,277.7,5.0,14.0,1,1,14.0,2.3978952727983707,5.863290208384473,0.03428522571819426,0,0.0,0.07883403913893024,-2.458295344036224,True
780,대조,0,5.0,17.0,79.74000000000001,45.0,0.0,0.0,0.0,0.0,0,0.0,0.0,0.0,17.2,4.0,5.0,0,1,5.0,2.8903717578961645,4.391234115424795,0.0,0,0.0,0.07602543526933012,-2.4976165850233105,True
784,대조,0,6.0,18.0,359.71,19232.0,4.0,14.56,0.0,1.0,1,3.69,1.0,1.0,171.36,5.0,6.0,1,1,6.0,2.9444389791664403,5.888074311395446,0.04047705095771594,0,1.0,0.6454194197595744,0.5989647417744,True
785,대조,0,9.0,15.0,373.95,41465.0,2.0,9.98,0.0,1.0,1,0.0,0.0,0.0,13.879999999999999,1.0,9.0,0,1,9.0,2.772588722239781,5.926792683747398,0.026688059901056292,0,1.0,0.6488754642067727,0.614099846181666,True
786,대조,0,2.0,57.0,1351.21,429.0,28.0,101.76,0.0,0.0,1,49.19,18.0,18.0,907.35,14.0,2.0,1,1,2.0,4.060443010546419,7.209495569984949,0.07531027745502179,0,0.0,0.09076456413502594,-2.30433511938861,True
787,대조,0,3.0,27.0,348.17,132.0,16.0,76.29,0.0,0.0,1,47.54,10.0,8.0,251.66,15.0,3.0,1,1,3.0,3.332204510175204,5.855558909621995,0.21911709796938278,0,0.0,0.06491883508598667,-2.6674955342691877,True
788,처치,1,2.0,60.0,1585.06,69325.0,15.0,39.45,4.0,1.0,1,47.22,31.0,23.0,787.82,31.0,2.0,1,1,2.0,4.110873864173311,7.369008232500656,0.024888647748350222,1,1.0,0.5432913741159503,0.17360016916605242,True
790,대조,0,4.0,6.0,226.3,8176.0,4.0,12.7,0.0,0.0,1,5.49,2.0,2.0,171.14000000000001,4.0,4.0,1,1,4.0,1.9459101490553132,5.426270730858498,0.05612019443216968,0,0.0,0.07783077322874687,-2.472191854086593,True
793,대조,0,10.0,9.0,120.71000000000001,49.0,2.0,5.99,0.0,0.0,0,0.0,0.0,0.0,16.81,4.0,10.0,0,1,10.0,2.302585092994046,4.8016411658864655,0.04962306354071742,0,0.0,0.07716183532274903,-2.481548909228961,True
795,처치,1,3.0,9.0,229.70000000000002,125.0,7.0,14.91,0.0,0.0,0,0.0,0.0,0.0,48.92,1.0,3.0,0,1,3.0,2.302585092994046,5.4411181651797085,0.06491075315629082,0,0.0,0.08713423536504013,-2.3491389783153465,True
797,대조,0,1.0,17.0,819.5600000000001,196.0,11.0,36.13,0.0,0.0,1,3.0,1.0,1.0,218.64,8.0,1.0,1,1,1.0,2.8903717578961645,6.709987033999155,0.04408463077749036,0,0.0,0.09300736456426752,-2.2774556515051017,True
800,대조,0,2.0,64.0,1613.15,684.0,27.0,74.27,0.0,0.0,1,67.37,23.0,23.0,623.87,20.0,2.0,1,1,2.0,4.174387269895637,7.386563781314511,0.04604035582555868,0,0.0,0.09566350452902316,-2.2463646477936194,True
802,대조,0,8.0,8.0,176.4,56.0,1.0,5.99,0.0,0.0,1,0.0,0.0,0.0,97.81,6.0,8.0,0,1,8.0,2.1972245773362196,5.178407069875479,0.03395691609977324,0,0.0,0.07399921477546388,-2.5268206006149896,True
803,처치,1,2.0,5.0,138.81,54.0,1.0,2.0,0.0,0.0,1,7.78,2.0,2.0,135.31,4.0,2.0,1,1,2.0,1.791759469228055,4.940284357999733,0.014408183848425906,0,0.0,0.07694640016020911,-2.4845782265023058,True
804,대조,0,1.0,45.0,958.01,486.0,27.0,32.31,0.0,0.0,0,15.23,14.0,13.0,429.76,25.0,1.0,1,1,1.0,3.828641396489095,6.865901502357747,0.033726161522322315,0,0.0,0.10451406624891142,-2.14804484607429,True
805,처치,1,3.0,37.0,605.63,314.0,15.0,31.26,0.0,1.0,0,16.64,13.0,11.0,328.62,16.0,3.0,1,1,3.0,3.6375861597263857,6.407919050015748,0.05161567293562076,0,1.0,0.6893774163964638,0.7972102775233931,True
806,처치,1,2.0,19.0,723.8,25148.0,18.0,75.72,0.0,0.0,1,44.74,21.0,17.0,377.66,8.0,2.0,1,1,2.0,2.995732273553991,6.585895754728769,0.10461453440176845,0,0.0,0.08453794258192951,-2.3822284603804573,True
807,대조,0,4.0,10.0,369.11,17439.0,12.0,28.37,0.0,0.0,0,48.63,39.0,22.0,487.81,12.0,4.0,1,1,4.0,2.3978952727983707,5.913800258751483,0.07686055647367994,0,0.0,0.09158496713437306,-2.294434214865401,True
808,대조,0,2.0,34.0,393.38,15029.0,5.0,15.04,0.0,0.0,1,11.72,5.0,4.0,251.51,12.0,2.0,1,1,2.0,3.5553480614894135,5.97731491150354,0.03823275204636738,0,0.0,0.08014837044591445,-2.440332837269497,True
812,처치,1,73.0,3.0,128.98,55.0,2.0,6.680000000000001,0.0,1.0,0,0.0,0.0,0.0,44.34,1.0,73.0,0,1,73.0,1.3862943611198906,4.867380592466203,0.05179097534501474,0,1.0,0.5623567891840157,0.2507325134151521,True
816,처치,1,5.0,16.0,621.49,292.0,20.0,52.44,0.0,1.0,1,1.87,2.0,2.0,151.46,7.0,5.0,1,1,5.0,2.833213344056216,6.433727563952803,0.08437786609599511,0,1.0,0.6575590363417798,0.6524352751701434,True
820,대조,0,50.0,8.0,334.27,2607.0,5.0,9.870000000000001,0.0,0.0,0,1.66,1.0,1.0,121.06,2.0,50.0,1,1,50.0,2.1972245773362196,5.81493617735479,0.029527029048374072,0,0.0,0.07463777625598207,-2.517538490927595,True
823,대조,0,3.0,18.0,421.43,4952.0,3.0,15.65,0.0,0.0,1,2.99,1.0,1.0,114.29,4.0,3.0,1,1,3.0,2.9444389791664403,6.04602375259733,0.03713546733739886,0,0.0,0.0833801961105697,-2.3972819531963725,True
825,대조,0,2.0,42.0,1774.04,142012.0,17.0,39.33,0.0,0.0,1,60.25,27.0,22.0,962.22,18.0,2.0,1,1,2.0,3.7612001156935624,7.48157823686687,0.022169736871772903,0,0.0,0.10177621076523256,-2.1776428549489726,True
830,대조,0,4.0,62.0,405.01,314.0,9.0,19.61,0.0,0.0,0,18.18,6.0,3.0,70.73,9.0,4.0,1,1,4.0,4.143134726391533,6.006377789840278,0.048418557566479836,0,0.0,0.08722404144099992,-2.3480104625614353,True
831,대조,0,7.0,21.0,1338.3600000000001,428.0,25.0,109.4,0.0,0.0,1,24.95,5.0,5.0,594.37,13.0,7.0,1,1,7.0,3.091042453358316,7.1999471669117465,0.08174183328850235,0,0.0,0.09227434113683124,-2.286176086455157,True
834,처치,1,15.0,3.0,23.28,5.0,0.0,0.0,0.0,1.0,0,0.0,0.0,0.0,0.0,0.0,15.0,0,0,15.0,1.3862943611198906,3.1896529661912973,0.0,0,1.0,0.5919576620974446,0.3720641772097716,True
836,대조,0,4.0,16.0,369.16,153.0,6.0,9.670000000000002,0.0,0.0,0,0.0,0.0,0.0,126.23,6.0,4.0,0,1,4.0,2.833213344056216,5.913935344598745,0.026194603965760108,0,0.0,0.09447009487562966,-2.260236974793702,True
840,대조,0,1.0,37.0,1889.2,574.0,36.0,95.1,0.0,0.0,1,76.71000000000001,33.0,28.0,1060.0,16.0,1.0,1,1,1.0,3.6375861597263857,7.544437922560956,0.05033876773237349,0,0.0,0.10092608015130662,-2.186976886420631,True
841,대조,0,5.0,20.0,239.24,10170.0,1.0,3.0,0.0,0.0,0,0.0,0.0,0.0,56.77,5.0,5.0,0,1,5.0,3.044522437723423,5.481638423675075,0.012539709078749373,0,0.0,0.08818063073913082,-2.336054577673394,True
842,대조,0,1.0,92.0,1161.2,24401.0,20.0,62.6,0.0,0.0,0,26.5,15.0,13.0,837.2,67.0,1.0,1,1,1.0,4.532599493153256,7.058070039641005,0.05390974853599724,0,0.0,0.10149594944874818,-2.1807123235628425,True
844,대조,0,8.0,23.0,1028.8600000000001,315.0,7.0,18.35,0.0,0.0,1,17.23,6.0,6.0,438.64,12.0,8.0,1,1,8.0,3.1780538303479458,6.937178149655307,0.017835273992574306,0,0.0,0.0939379349555836,-2.266473510392524,True
845,대조,0,4.0,20.0,913.13,337.0,15.0,44.75,0.0,0.0,1,55.51,21.0,19.0,675.59,9.0,4.0,1,1,4.0,3.044522437723423,6.8179727932876295,0.04900726074052983,0,0.0,0.09179893952308628,-2.2918650408084673,True
849,대조,0,7.0,14.0,1077.26,470.0,17.0,55.47,0.0,0.0,0,5.17,3.0,2.0,461.34000000000003,5.0,7.0,1,1,7.0,2.70805020110221,6.983103909771986,0.05149174758182797,0,0.0,0.1072871605161393,-2.1187559780401455,True
850,대조,0,30.0,11.0,48.32,36.0,0.0,0.0,0.0,0.0,0,6.34,4.0,4.0,113.3,10.0,30.0,1,1,30.0,2.4849066497880004,3.8983296782961436,0.0,0,0.0,0.06259247813326223,-2.706472996365916,True
852,대조,0,7.0,10.0,118.56,61.0,2.0,5.13,0.0,0.0,1,2.79,1.0,1.0,178.77,10.0,7.0,1,1,7.0,2.3978952727983707,4.783818337415737,0.04326923076923077,0,0.0,0.06844587858724756,-2.610810950346545,True
853,대조,0,1.0,71.0,2009.45,128919.0,36.0,55.52,0.0,0.0,1,21.21,15.0,15.0,1018.12,42.0,1.0,1,1,1.0,4.276666119016055,7.606113856592615,0.027629450844758516,0,0.0,0.10089224840928733,-2.1873497845319667,True
854,대조,0,33.0,7.0,60.75,22.0,0.0,0.0,0.0,0.0,0,0.0,0.0,0.0,25.55,2.0,33.0,0,1,33.0,2.0794415416798357,4.123093975508087,0.0,0,0.0,0.06524075489185838,-2.6622046555859296,True
855,대조,0,16.0,36.0,1110.86,456.0,21.0,57.96,0.0,0.0,0,0.0,0.0,0.0,287.96,13.0,16.0,0,1,16.0,3.6109179126442243,7.013789567603973,0.05217579172893074,0,0.0,0.09786263876823874,-2.221201943422756,True
856,대조,0,1.0,27.0,500.03000000000003,291.0,12.0,33.71,0.0,0.0,1,23.84,12.0,11.0,362.54,19.0,1.0,1,1,1.0,3.332204510175204,6.216665979531636,0.06741595504269744,0,0.0,0.08203776553795543,-2.414976554261913,True
857,대조,0,9.0,11.0,863.76,390.0,18.0,53.94,0.0,0.0,1,25.11,9.0,9.0,376.43,3.0,9.0,1,1,9.0,2.4849066497880004,6.762452011786264,0.06244790219505418,0,0.0,0.08997261151931728,-2.3139693887249155,True
859,대조,0,2.0,26.0,856.27,64219.0,6.0,14.22,0.0,0.0,1,9.780000000000001,7.0,4.0,321.5,6.0,2.0,1,1,2.0,3.295836866004329,6.753752921487911,0.016606911371413225,0,0.0,0.0938571190656243,-2.2674233828916317,True
861,처치,1,4.0,3.0,35.13,5.0,1.0,13.99,0.0,0.0,0,12.48,2.0,2.0,32.2,2.0,4.0,1,1,4.0,1.3862943611198906,3.587123545159549,0.3982351266723598,0,0.0,0.046970959174434966,-3.0101158554174816,True
862,대조,0,7.0,2.0,118.15,64.0,2.0,12.0,0.0,0.0,0,6.970000000000001,4.0,4.0,108.19,10.0,7.0,1,1,7.0,1.0986122886681098,4.780383203544751,0.10156580617858654,0,0.0,0.0788810938367919,-2.4576475561218993,True
863,대조,0,27.0,10.0,89.52,36.0,2.0,5.39,0.0,0.0,1,7.99,3.0,3.0,47.1,7.0,27.0,1,1,27.0,2.3978952727983707,4.505570820765336,0.06021000893655049,0,0.0,0.057470724614777674,-2.7972912992417687,True
864,처치,1,2.0,17.0,1032.66,437.0,17.0,28.16,0.0,1.0,1,17.02,14.0,12.0,607.2,7.0,2.0,1,1,2.0,2.8903717578961645,6.940861180879132,0.027269381984389825,0,1.0,0.6943738812112055,0.8206480282945419,True
867,대조,0,8.0,25.0,759.35,64059.0,13.0,52.71,0.0,0.0,1,18.46,5.0,5.0,450.22,12.0,8.0,1,1,8.0,3.258096538021482,6.633778853586468,0.06941463093435175,0,0.0,0.08442242712342475,-2.3837220028082715,True
868,대조,0,4.0,18.0,769.49,43246.0,13.0,51.74,0.0,0.0,1,35.15,10.0,10.0,609.33,11.0,4.0,1,1,4.0,2.9444389791664403,6.647026676090614,0.06723934034230465,0,0.0,0.08813887335984531,-2.336574028119933,True
871,대조,0,5.0,22.0,1628.41,519.0,24.0,76.53,0.0,0.0,1,58.39,15.0,12.0,898.0500000000001,9.0,5.0,1,1,5.0,3.1354942159291497,7.395973265086137,0.04699676371429799,0,0.0,0.0995260660629327,-2.202501637648134,True
873,대조,0,4.0,13.0,462.31,48324.0,12.0,28.41,0.0,0.0,0,16.71,8.0,7.0,156.26,8.0,4.0,1,1,4.0,2.6390573296152584,6.1383963764763045,0.06145227228483052,0,0.0,0.09515514082616422,-2.2522548817436103,True
878,대조,0,3.0,31.0,1053.16,11442.0,31.0,87.45,0.0,0.0,1,44.7,25.0,20.0,537.6,15.0,3.0,1,1,3.0,3.4657359027997265,6.960499520236997,0.08303581602035778,0,0.0,0.08893581068554036,-2.3266984737875016,True
879,대조,0,44.0,2.0,61.519999999999996,24.0,3.0,6.97,0.0,0.0,1,4.890000000000001,2.0,2.0,238.17,5.0,44.0,1,1,44.0,1.0986122886681098,4.135486505553276,0.11329648894668401,0,0.0,0.049850283386679635,-2.9475953874330014,True
881,대조,0,2.0,25.0,741.16,520.0,37.0,54.8,0.0,0.0,0,25.09,22.0,20.0,424.79,11.0,2.0,1,1,2.0,3.258096538021482,6.609564853345016,0.0739381510065303,0,0.0,0.09872665444575836,-2.211453626635302,True
882,대조,0,1.0,22.0,269.15,7752.0,6.0,21.450000000000003,0.0,0.0,1,24.740000000000002,11.0,9.0,295.66,8.0,1.0,1,1,1.0,3.1354942159291497,5.598977360290075,0.07969533717258036,0,0.0,0.07426546513268575,-2.522941473526958,True
883,처치,1,1.0,42.0,1686.48,27093.0,18.0,101.26,0.0,1.0,1,15.96,6.0,6.0,620.75,22.0,1.0,1,1,1.0,3.7612001156935624,7.4309915708246,0.0600422181110953,0,1.0,0.6942165604528849,0.8199068210860562,True
884,대조,0,12.0,6.0,93.74,51.0,0.0,0.0,0.0,0.0,0,0.0,0.0,0.0,10.5,1.0,12.0,0,1,12.0,1.9459101490553132,4.5511362974956056,0.0,0,0.0,0.07897000753898314,-2.4564244718534236,True
885,대조,0,5.0,7.0,188.05,5162.0,4.0,25.45,0.0,0.0,0,27.28,14.0,5.0,283.68,10.0,5.0,1,1,5.0,2.0794415416798357,5.242011530336942,0.13533634671629885,0,0.0,0.07835252220819756,-2.464944645478713,True
888,처치,1,2.0,16.0,1679.28,730.0,43.0,134.41,0.0,0.0,1,50.95,27.0,22.0,852.46,8.0,2.0,1,1,2.0,2.833213344056216,7.426715725176625,0.0800402553475299,0,0.0,0.09969612688312084,-2.2006055146330934,True
889,처치,1,2.0,30.0,2004.19,151215.0,40.0,86.52,4.0,1.0,1,41.56,21.0,18.0,853.05,16.0,2.0,1,1,2.0,3.4339872044851463,7.603494098343201,0.04316955977227708,1,1.0,0.5576935332993478,0.23180658263661427,True
891,대조,0,7.0,10.0,973.58,448.0,13.0,33.78,0.0,0.0,0,25.34,11.0,10.0,553.12,8.0,7.0,1,1,7.0,2.3978952727983707,6.88200660895936,0.03469668645617206,0,0.0,0.10930853829890898,-2.0978235741919455,True
893,대조,0,5.0,4.0,149.53,82.0,1.0,2.88,0.0,0.0,0,8.879999999999999,8.0,3.0,238.77,5.0,5.0,1,1,5.0,1.6094379124341003,5.014162399872412,0.019260349093827324,0,0.0,0.08795395044997453,-2.338877094554432,True
898,대조,0,1.0,60.0,1529.79,134283.0,16.0,58.82,0.0,0.0,1,29.47,10.0,7.0,617.38,26.0,1.0,1,1,1.0,4.110873864173311,7.333539220998201,0.03844972185724838,0,0.0,0.0965015774979858,-2.2367150087044494,True
900,대조,0,1.0,210.0,2174.09,136622.0,39.0,129.83,0.0,0.0,1,56.13,47.0,19.0,1268.97,103.0,1.0,1,1,1.0,5.351858133476067,7.684825321977029,0.05971693904116205,0,0.0,0.09319214180144839,-2.275267181750494,True
903,처치,1,3.0,16.0,497.51,174.0,6.0,19.97,0.0,0.0,1,25.020000000000003,7.0,7.0,361.48,9.0,3.0,1,1,3.0,2.833213344056216,6.211623649381232,0.04013989668549376,0,0.0,0.085794125525879,-2.366105254599895,True
907,처치,1,5.0,11.0,407.99,165.0,10.0,15.16,0.0,1.0,0,13.98,13.0,13.0,68.21000000000001,6.0,5.0,1,1,5.0,2.4849066497880004,6.013690705866148,0.03715777347484007,0,1.0,0.6906786142705806,0.8032937935633333,True
908,대조,0,6.0,47.0,1419.64,39346.0,32.0,90.16,0.0,0.0,1,15.73,5.0,5.0,404.46,13.0,6.0,1,1,6.0,3.871201010907891,7.258862753284017,0.0635090586345834,0,0.0,0.09156549448572476,-2.2946682914866807,True
909,처치,1,3.0,124.0,2072.54,199517.0,36.0,112.78,0.0,1.0,0,66.66,26.0,24.0,1400.25,69.0,3.0,1,1,3.0,4.8283137373023015,7.637012570554139,0.05441632007102396,0,1.0,0.7176303870122863,0.9327377580881226,True
911,대조,0,4.0,16.0,709.38,26393.0,2.0,4.79,0.0,0.0,1,3.0,1.0,1.0,330.61,5.0,4.0,1,1,4.0,2.833213344056216,6.5658000381285,0.006752375313654177,0,0.0,0.09343597375919102,-2.272385228759758,True
913,처치,1,10.0,8.0,220.96,9168.0,10.0,28.97,0.0,0.0,0,6.57,3.0,3.0,117.84,5.0,10.0,1,1,10.0,2.1972245773362196,5.4024971854577,0.13110970311368572,0,0.0,0.07803229496867084,-2.4693874168027747,True
915,대조,0,9.0,15.0,146.66,93.0,0.0,0.0,0.0,0.0,1,0.0,0.0,0.0,77.14,10.0,9.0,0,1,9.0,2.772588722239781,4.994912333631019,0.0,0,0.0,0.0719036562118169,-2.5578084313540104,True
916,대조,0,10.0,11.0,100.29,14984.0,1.0,3.0,0.0,0.0,0,7.0,6.0,3.0,41.14,7.0,10.0,1,1,10.0,2.4849066497880004,4.6179876896987055,0.029913251570445706,0,0.0,0.07584016947581929,-2.5002569408469157,True
918,처치,1,34.0,9.0,139.79,101.0,5.0,11.69,0.0,2.0,0,2.79,1.0,1.0,143.61,1.0,34.0,1,1,34.0,2.302585092994046,4.947269418474436,0.08362543815723586,0,2.0,0.9692295323381745,3.4499460714703782,True
919,대조,0,15.0,27.0,344.31,185.0,6.0,17.12,0.0,0.0,0,2.79,1.0,1.0,108.77,6.0,15.0,1,1,15.0,3.332204510175204,5.8444425643009605,0.04972263367314339,0,0.0,0.0835699051292059,-2.3948023215745846,True
920,대조,0,2.0,31.0,867.45,5043.0,25.0,67.25,0.0,0.0,1,27.39,16.0,11.0,250.44,14.0,2.0,1,1,2.0,3.4657359027997265,6.766710013500021,0.07752608219493919,0,0.0,0.08728903026904253,-2.347194459055561,True
923,대조,0,1.0,23.0,499.29,41799.0,2.0,6.58,0.0,0.0,0,0.0,0.0,0.0,278.09,15.0,1.0,0,1,1.0,3.1780538303479458,6.2151879302872,0.013178713773558453,0,0.0,0.10010238150616617,-2.1960875223158345,True
924,처치,1,12.0,8.0,205.63,81.0,8.0,22.82,0.0,1.0,0,18.97,4.0,4.0,169.12,6.0,12.0,1,1,12.0,2.1972245773362196,5.330929754275513,0.1109760248990906,0,1.0,0.6399707601842406,0.5752372382356071,True
925,대조,0,37.0,10.0,77.6,48.0,2.0,6.0,0.0,0.0,0,0.0,0.0,0.0,0.0,0.0,37.0,0,0,37.0,2.3978952727983707,4.364371699435161,0.07731958762886598,0,0.0,0.059799147473104795,-2.7551021207878303,True
927,대조,0,10.0,3.0,72.62,35.0,0.0,0.0,0.0,0.0,0,10.58,2.0,2.0,168.83,6.0,10.0,1,1,10.0,1.3862943611198906,4.298916727950875,0.0,0,0.0,0.07911674898165369,-2.454408668185279,True
928,처치,1,5.0,7.0,343.57,182.0,8.0,19.71,0.0,1.0,0,0.0,0.0,0.0,13.93,2.0,5.0,0,1,5.0,2.0794415416798357,5.842297262846187,0.05736822190528859,0,1.0,0.684424501069004,0.7741803880586847,True
929,대조,0,2.0,21.0,633.75,27706.0,14.0,26.02,0.0,0.0,1,5.87,3.0,3.0,168.61,5.0,2.0,1,1,2.0,3.091042453358316,6.4532312205847875,0.041057199211045364,0,0.0,0.08823798680294621,-2.335341445910508,True
931,대조,0,19.0,6.0,852.42,360.0,12.0,54.15,0.0,0.0,0,7.77,3.0,3.0,161.89,1.0,19.0,1,1,19.0,1.9459101490553132,6.749251806148377,0.06352502287604703,0,0.0,0.09981450220050726,-2.199287365362047,True
934,처치,1,6.0,23.0,1360.7,5841.0,35.0,62.93,0.0,1.0,1,68.42999999999999,42.0,36.0,832.14,17.0,6.0,1,1,6.0,3.1780538303479458,7.21648919813053,0.046248254574851176,0,1.0,0.6908973930542748,0.8043180391364482,True
935,처치,1,14.0,2.0,86.21000000000001,12947.0,0.0,0.0,0.0,0.0,0,4.99,1.0,1.0,40.63,2.0,14.0,1,1,14.0,1.0986122886681098,4.468319003238895,0.0,0,0.0,0.08073074328122548,-2.432459607889471,True
936,처치,1,2.0,78.0,1191.48,22649.0,20.0,83.59,0.0,1.0,0,65.13,31.0,14.0,674.55,51.0,2.0,1,1,2.0,4.3694478524670215,7.083790451133384,0.0701564440863464,0,1.0,0.7012100456747272,0.8530666467179828,True
938,대조,0,15.0,2.0,232.72,102.0,3.0,5.25,0.0,1.0,0,16.990000000000002,13.0,6.0,142.29,1.0,15.0,1,1,15.0,1.0986122886681098,5.454123817686236,0.022559298728085254,0,1.0,0.6786424631243634,0.7475400996606606,True
939,대조,0,25.0,3.0,132.84,107.0,3.0,12.56,0.0,0.0,1,3.99,2.0,2.0,52.61,2.0,25.0,1,1,25.0,1.3862943611198906,4.896645056678569,0.09454983438723276,0,0.0,0.06298711229683947,-2.6997668976147144,True
940,대조,0,22.0,12.0,144.83,70.0,3.0,11.68,0.0,0.0,0,1.67,1.0,1.0,29.43,2.0,22.0,1,1,22.0,2.5649493574615367,4.982441559725474,0.08064627494303665,0,0.0,0.07080434844203314,-2.574398903629165,True
941,대조,0,3.0,19.0,438.68,21594.0,6.0,17.84,0.0,0.0,1,15.98,3.0,3.0,116.92,10.0,3.0,1,1,3.0,2.995732273553991,6.08604718959393,0.04066745691620315,0,0.0,0.08335045612713614,-2.397671140793647,True
942,대조,0,2.0,33.0,1003.95,513.0,12.0,20.67,0.0,0.0,0,16.47,10.0,10.0,639.1,14.0,2.0,1,1,2.0,3.5263605246161616,6.912693068011761,0.02058867473479755,0,0.0,0.10786854431600304,-2.1127001900678772,True
943,대조,0,3.0,6.0,288.13,128.0,5.0,16.43,0.0,0.0,0,10.93,8.0,8.0,693.41,35.0,3.0,1,1,3.0,1.9459101490553132,5.666876413960221,0.057022871620449105,0,0.0,0.09276010933632023,-2.2803902121091033,True
944,대조,0,1.0,9.0,155.02,21000.0,5.0,9.56,0.0,0.0,0,0.0,0.0,0.0,67.57,3.0,1.0,0,1,1.0,2.302585092994046,5.049984204160167,0.061669462004902593,0,0.0,0.08317857209694035,-2.399922950437467,True
946,대조,0,4.0,15.0,404.4,239.0,7.0,19.38,0.0,1.0,1,7.96,6.0,6.0,223.64000000000001,7.0,4.0,1,1,4.0,2.772588722239781,6.004874234017899,0.047922848664688426,0,1.0,0.6529619964972838,0.6320846351325162,True
949,대조,0,2.0,23.0,971.77,84091.0,26.0,90.7,0.0,0.0,1,32.63,28.0,20.0,287.66,8.0,2.0,1,1,2.0,3.1780538303479458,6.880147671920587,0.09333484260678968,0,0.0,0.08870032095659655,-2.3296082915456937,True
952,대조,0,3.0,20.0,308.45,129.0,6.0,24.29,0.0,0.0,0,15.84,7.0,6.0,215.8,7.0,3.0,1,1,3.0,3.044522437723423,5.73479652818537,0.07874858161776625,0,0.0,0.08633056284753962,-2.359285157954541,True
953,처치,1,2.0,5.0,85.8,48.0,1.0,3.99,0.0,0.0,0,3.49,2.0,2.0,69.56,2.0,2.0,1,1,2.0,1.791759469228055,4.463606621666305,0.04650349650349651,0,0.0,0.07888612219140718,-2.4575783531698843,True
954,대조,0,27.0,9.0,361.93,188.0,6.0,17.259999999999998,0.0,1.0,0,12.620000000000001,8.0,5.0,200.74,3.0,27.0,1,1,27.0,2.302585092994046,5.894209978203751,0.047688779598264855,0,1.0,0.6570613528335735,0.6502258375013272,True
955,대조,0,3.0,37.0,513.4,10506.0,8.0,20.17,0.0,0.0,1,18.51,10.0,9.0,395.68,14.0,3.0,1,1,3.0,3.6375861597263857,6.243001172923409,0.03928710557070511,0,0.0,0.08262567124647535,-2.407195177010829,True
956,대조,0,1.0,80.0,1326.09,142879.0,12.0,53.59,0.0,0.0,1,31.560000000000002,11.0,11.0,712.6,44.0,1.0,1,1,1.0,4.394449154672439,7.190743854187627,0.0404120383986004,0,0.0,0.09278933029522032,-2.2800430361277817,True
957,대조,0,3.0,26.0,174.71,109.0,0.0,0.0,0.0,0.0,0,4.98,3.0,2.0,153.74,40.0,3.0,1,1,3.0,3.295836866004329,5.1688349087698,0.0,0,0.0,0.08491605521855136,-2.3773526211557585,True
960,처치,1,11.0,13.0,281.07,78.0,0.0,0.0,0.0,1.0,1,2.0,1.0,1.0,201.94,9.0,11.0,1,1,11.0,2.6390573296152584,5.642155267085256,0.0,0,1.0,0.6440921096493996,0.5931697808786695,True
961,대조,0,18.0,9.0,584.27,170.0,6.0,16.57,0.0,0.0,0,15.26,5.0,5.0,220.66,6.0,18.0,1,1,18.0,2.302585092994046,6.37207327921728,0.02836017594605234,0,0.0,0.09647838977954015,-2.236980984928325,True
964,대조,0,10.0,5.0,372.01,203.0,8.0,15.860000000000001,0.0,0.0,0,9.54,5.0,4.0,187.38,5.0,10.0,1,1,10.0,1.791759469228055,5.921605228935918,0.04263326254670574,0,0.0,0.09511874923563596,-2.2526776175004417,True
965,대조,0,2.0,15.0,825.1700000000001,286.0,6.0,13.15,0.0,0.0,0,1.0,1.0,1.0,64.55,4.0,2.0,1,1,2.0,2.772588722239781,6.716800563482786,0.015936110134881297,0,0.0,0.10947905580550521,-2.0960733622633967,True
971,대조,0,2.0,14.0,369.75,163.0,5.0,10.86,0.0,0.0,1,10.59,1.0,1.0,85.98,6.0,2.0,1,1,2.0,2.70805020110221,5.915527981018042,0.029371196754563893,0,0.0,0.08390694458469099,-2.390409566182371,True
972,처치,1,7.0,30.0,659.33,285.0,21.0,63.3,0.0,0.0,0,20.83,9.0,9.0,260.44,12.0,7.0,1,1,7.0,3.4339872044851463,6.492739710062122,0.09600655210592571,0,0.0,0.09132615739903034,-2.2975489747607556,True
973,대조,0,13.0,17.0,2051.68,27362.0,18.0,74.92,0.0,0.0,1,96.88,26.0,20.0,1342.4,5.0,13.0,1,1,13.0,2.8903717578961645,7.626901535410699,0.036516415815331826,0,0.0,0.10119222346296373,-2.184047281757204,True
975,대조,0,7.0,29.0,709.62,100173.0,10.0,36.77,0.0,0.0,0,23.85,5.0,5.0,429.72,14.0,7.0,1,1,7.0,3.4011973816621555,6.566137828420241,0.05181646515036217,0,0.0,0.09700668552299876,-2.230935250663803,True
976,대조,0,3.0,11.0,700.78,281.0,12.0,41.84,0.0,0.0,1,0.0,0.0,0.0,12.99,1.0,3.0,0,1,3.0,2.4849066497880004,6.5536199645954145,0.05970490025400269,0,0.0,0.09025659765503825,-2.31050588555129,True
978,대조,0,8.0,9.0,128.82,44.0,2.0,6.99,0.0,0.0,0,8.68,3.0,3.0,214.93,11.0,8.0,1,1,8.0,2.302585092994046,4.866148875605322,0.05426176059618072,0,0.0,0.07841052841659783,-2.4641416564450602,True
979,처치,1,1.0,21.0,1550.32,704.0,36.0,115.64,2.0,1.0,1,3.0,3.0,3.0,203.21,6.0,1.0,1,1,1.0,3.091042453358316,7.346861460399994,0.0745910521698746,1,1.0,0.5441902205282849,0.17722328362268705,True
982,대조,0,2.0,66.0,3004.9,219810.0,67.0,227.32,0.0,0.0,1,86.58,30.0,29.0,1358.86,29.0,2.0,1,1,2.0,4.204692619390966,8.008332302959834,0.07564977203900296,0,0.0,0.10180109916294995,-2.177370635576624,True
983,대조,0,4.0,26.0,546.79,255.0,10.0,21.72,0.0,0.0,1,18.68,8.0,8.0,496.61,22.0,4.0,1,1,4.0,3.295836866004329,6.305892001824824,0.03972274547815432,0,0.0,0.08449240983587933,-2.3828169489098685,True
984,대조,0,11.0,4.0,63.7,28.0,3.0,2.0,0.0,0.0,0,9.98,4.0,4.0,55.1,2.0,11.0,1,1,11.0,1.6094379124341003,4.169761201506855,0.03139717425431711,0,0.0,0.07360567629672979,-2.5325778331788187,True
986,대조,0,2.0,11.0,231.83,87.0,8.0,19.2,0.0,1.0,1,20.950000000000003,8.0,8.0,171.46,7.0,2.0,1,1,2.0,2.4849066497880004,5.450308573534157,0.08281930725100288,0,1.0,0.6284143960571099,0.5254205497308289,True
987,대조,0,4.0,19.0,510.9,187.0,6.0,22.94,0.0,1.0,0,3.0,2.0,1.0,186.85,17.0,4.0,1,1,4.0,2.995732273553991,6.238129293463538,0.044901154824818955,0,1.0,0.6917162767375553,0.8081553284565263,True
988,처치,1,5.0,17.0,768.17,85319.0,21.0,57.3,4.0,1.0,0,20.97,14.0,6.0,227.98,5.0,5.0,1,1,5.0,2.8903717578961645,6.645312011393981,0.07459286355884766,1,1.0,0.5478253524457047,0.19188804263789,True
998,대조,0,1.0,39.0,1326.77,34487.0,12.0,33.49,0.0,0.0,0,41.06,20.0,16.0,973.5600000000001,29.0,1.0,1,1,1.0,3.6888794541139363,7.1912561222656946,0.02524175252681324,0,0.0,0.11160577068365624,-2.07444283916221,True
999,처치,1,13.0,6.0,176.47,77.0,2.0,3.79,0.0,1.0,0,1.66,1.0,1.0,9.35,1.0,13.0,1,1,13.0,1.9459101490553132,5.178801580546473,0.021476738255794187,0,1.0,0.6601446655303124,0.6639389609881217,True
1000,대조,0,5.0,15.0,595.27,307.0,23.0,47.63,0.0,0.0,0,46.6,23.0,23.0,412.27,13.0,5.0,1,1,5.0,2.772588722239781,6.390693584616937,0.08001411124363735,0,0.0,0.09577308622510704,-2.245098631308017,True
1001,처치,1,,0.0,0.0,0.0,0.0,0.0,0.0,0.0,1,0.0,0.0,0.0,40.89,3.0,90.0,0,1,90.0,0.0,0.0,0.0,0,0.0,0.023512902683933398,-3.7264122161781996,True
1003,처치,1,6.0,6.0,185.31,76.0,1.0,2.0,0.0,1.0,1,5.0,3.0,2.0,163.4,2.0,6.0,1,1,6.0,1.9459101490553132,5.227411953032262,0.010792725702876262,0,1.0,0.6411917250689723,0.580540322555778,True
1004,대조,0,1.0,34.0,583.51,82486.0,7.0,31.54,0.0,0.0,1,32.73,9.0,9.0,406.57,25.0,1.0,1,1,1.0,3.5553480614894135,6.370773889405635,0.054052201333310484,0,0.0,0.08423581173053579,-2.386138746853406,True
1005,대조,0,4.0,24.0,364.38,222.0,13.0,23.39,0.0,0.0,0,13.36,10.0,9.0,213.39000000000001,18.0,4.0,1,1,4.0,3.2188758248682006,5.900937907908424,0.06419122893682419,0,0.0,0.08866294247421941,-2.330070798078,True
1007,대조,0,4.0,22.0,181.6,105.0,4.0,5.99,0.0,0.0,0,8.48,5.0,5.0,120.4,17.0,4.0,1,1,4.0,3.1354942159291497,5.207297968160868,0.03298458149779736,0,0.0,0.08269562110836556,-2.406272694663812,True
1010,대조,0,14.0,6.0,210.13,7571.0,9.0,18.47,0.0,0.0,0,8.14,7.0,6.0,221.52,7.0,14.0,1,1,14.0,1.9459101490553132,5.352474057499991,0.08789796792461808,0,0.0,0.08047845143252831,-2.4358640143394177,True
1011,대조,0,1.0,17.0,494.15,50452.0,2.0,5.68,0.0,0.0,0,2.79,1.0,1.0,130.42,8.0,1.0,1,1,1.0,2.8903717578961645,6.204860746967312,0.011494485480117373,0,0.0,0.10166225816145678,-2.1788899774370947,True
1012,처치,1,20.0,17.0,256.8,20616.0,4.0,11.99,0.0,1.0,1,3.99,1.0,1.0,67.75,9.0,20.0,1,1,20.0,2.8903717578961645,5.552184090505087,0.04669003115264797,0,1.0,0.6116570808541143,0.45428303854673163,True
1014,대조,0,7.0,42.0,963.87,65963.0,17.0,33.71,0.0,0.0,1,23.71,12.0,10.0,301.38,14.0,7.0,1,1,7.0,3.7612001156935624,6.871993377238195,0.034973596024360135,0,0.0,0.08897337060301685,-2.326235009531219,True
1015,처치,1,1.0,19.0,645.24,6073.0,9.0,22.92,0.0,0.0,1,2.58,2.0,1.0,242.76000000000002,8.0,1.0,1,1,1.0,2.995732273553991,6.471170951815103,0.035521666356704486,0,0.0,0.08995585620506909,-2.314174044607083,True
1016,대조,0,22.0,14.0,921.16,18369.0,16.0,66.96,0.0,0.0,0,41.97,5.0,3.0,70.06,2.0,22.0,1,1,22.0,2.70805020110221,6.826718744292757,0.07269095488297364,0,0.0,0.0945115038151503,-2.259753012279374,True
1017,대조,0,14.0,7.0,308.86,176.0,6.0,14.28,0.0,0.0,0,22.27,10.0,10.0,302.5,6.0,14.0,1,1,14.0,2.0794415416798357,5.736120582568145,0.0462345399209998,0,0.0,0.08872739260286179,-2.329273427559438,True
1018,처치,1,17.0,16.0,375.17,137.0,5.0,24.95,0.0,1.0,1,1.0,1.0,1.0,157.07,9.0,17.0,1,1,17.0,2.833213344056216,5.930041168870556,0.06650318522269903,0,1.0,0.6263035347972093,0.5163912559216888,True
1019,대조,0,1.0,8.0,238.12,88.0,1.0,2.0,0.0,0.0,0,0.0,0.0,0.0,45.57,2.0,1.0,0,1,1.0,2.1972245773362196,5.476965517975683,0.008399126490844951,0,0.0,0.09464754328869636,-2.2581644012385973,True
1020,대조,0,1.0,20.0,1267.47,461.0,18.0,58.62,0.0,0.0,1,14.94,6.0,6.0,469.42,7.0,1.0,1,1,1.0,3.044522437723423,7.14556672877938,0.046249615375511845,0,0.0,0.09841007180945212,-2.2150166370160784,True
1024,대조,0,25.0,17.0,1096.74,9836.0,20.0,65.83,0.0,0.0,1,21.6,10.0,7.0,262.58,6.0,25.0,1,1,25.0,2.8903717578961645,7.001008799858089,0.06002334190418877,0,0.0,0.08395721401121327,-2.389755761110417,True
1025,대조,0,18.0,16.0,500.88,310.0,14.0,27.45,0.0,0.0,0,70.59,22.0,18.0,581.68,10.0,18.0,1,1,18.0,2.833213344056216,6.218361047291499,0.05480354575946334,0,0.0,0.08902072680916859,-2.3256509171748445,True
1031,대조,0,,0.0,0.0,0.0,0.0,0.0,0.0,0.0,1,0.0,0.0,0.0,0.0,0.0,90.0,0,0,90.0,0.0,0.0,0.0,0,0.0,0.023512902683933398,-3.7264122161781996,True
1032,대조,0,1.0,20.0,488.8,179.0,8.0,24.630000000000003,0.0,0.0,0,19.47,4.0,4.0,235.33,8.0,1.0,1,1,1.0,3.044522437723423,6.193997144518067,0.05038870703764321,0,0.0,0.09658411238738973,-2.2357687498783294,True
1034,대조,0,4.0,19.0,175.97,14725.0,0.0,0.0,0.0,0.0,0,4.99,1.0,1.0,68.81,6.0,4.0,1,1,4.0,2.995732273553991,5.175980226683094,0.0,0,0.0,0.0859281866899822,-2.36439722980265,True
1038,대조,0,3.0,50.0,443.79,283.0,4.0,13.18,0.0,0.0,1,0.99,1.0,1.0,104.15,21.0,3.0,1,1,3.0,3.9318256327243257,6.09760226066926,0.029698731381959935,0,0.0,0.08032410384801414,-2.4379515728207424,True
1039,대조,0,2.0,12.0,1003.76,333.0,21.0,71.04,0.0,0.0,0,32.36,13.0,9.0,414.16,6.0,2.0,1,1,2.0,2.5649493574615367,6.9125039860043405,0.07077389017294972,0,0.0,0.10761718114439114,-2.1153148985899874,True
1040,대조,0,2.0,34.0,843.19,293.0,15.0,51.99,0.0,0.0,1,35.57,9.0,9.0,422.42,15.0,2.0,1,1,2.0,3.5553480614894135,6.738377587744006,0.06165870088592132,0,0.0,0.08797972560605644,-2.3385558234284547,True
1041,대조,0,1.0,20.0,798.19,372.0,4.0,18.84,0.0,0.0,1,70.09,24.0,16.0,807.75,27.0,1.0,1,1,1.0,3.044522437723423,6.68359871474355,0.023603402698605593,0,0.0,0.09390653637751215,-2.2668424676777903,True
1042,처치,1,2.0,35.0,826.9,36355.0,25.0,52.46,0.0,1.0,1,10.33,7.0,7.0,294.06,13.0,2.0,1,1,2.0,3.58351893845611,6.71889237414476,0.06344177046801307,0,1.0,0.6680310251577,0.6992931020253207,True
1045,대조,0,2.0,47.0,890.44,152253.0,6.0,15.99,0.0,0.0,1,4.17,2.0,2.0,199.28,14.0,2.0,1,1,2.0,3.871201010907891,6.792838132738798,0.017957414312025514,0,0.0,0.09142985116034338,-2.2963000745013487,True
1047,대조,0,3.0,15.0,156.5,88.0,3.0,11.370000000000001,0.0,0.0,0,3.87,3.0,2.0,119.23,8.0,3.0,1,1,3.0,2.772588722239781,5.059425458265688,0.07265175718849841,0,0.0,0.07937131579856795,-2.4509197480575264,True
1048,대조,0,40.0,9.0,78.42999999999999,29.0,1.0,5.19,0.0,0.0,0,0.0,0.0,0.0,0.0,0.0,40.0,0,0,40.0,2.302585092994046,4.374876130645041,0.06617365803901569,0,0.0,0.05995117431048319,-2.7524013466914545,True
1050,대조,0,1.0,26.0,750.78,128259.0,7.0,19.3,0.0,0.0,0,19.35,9.0,7.0,647.63,18.0,1.0,1,1,1.0,3.295836866004329,6.622443727956317,0.025706598470923575,0,0.0,0.10446569601453178,-2.14856177813218,True
1051,대조,0,1.0,6.0,165.27,98.0,6.0,5.63,0.0,1.0,0,1.0,1.0,1.0,9.51,1.0,1.0,1,1,1.0,1.9459101490553132,5.113612973052288,0.03406546862709505,0,1.0,0.6702836432029916,0.7094682108629887,True
1053,대조,0,1.0,16.0,548.03,259.0,4.0,9.3,0.0,0.0,1,0.0,0.0,0.0,351.27,6.0,1.0,0,1,1.0,2.833213344056216,6.3081530848253005,0.01696987391201212,0,0.0,0.09026490773416337,-2.310404683508884,True
1056,대조,0,35.0,10.0,482.12,189.0,5.0,26.58,0.0,0.0,0,53.62,23.0,15.0,723.11,9.0,35.0,1,1,35.0,2.3978952727983707,6.1802650699996455,0.05513150253049033,0,0.0,0.0825556338226316,-2.408119526336823,True
1058,대조,0,1.0,103.0,578.28,250.0,6.0,13.08,0.0,0.0,0,2.93,1.0,1.0,252.1,51.0,1.0,1,1,1.0,4.6443908991413725,6.361785953080565,0.02261880058103341,0,0.0,0.09374233185762958,-2.2687737995449346,True
1061,대조,0,47.0,10.0,182.63,108.0,6.0,14.18,0.0,0.0,0,0.0,0.0,0.0,92.43,4.0,47.0,0,1,47.0,2.3978952727983707,5.212922863531088,0.0776433225647484,0,0.0,0.06472283681270262,-2.670728812700863,True
1062,대조,0,1.0,28.0,263.14,153.0,4.0,13.49,0.0,0.0,1,0.88,1.0,1.0,72.02,15.0,1.0,1,1,1.0,3.367295829986474,5.576479265615658,0.05126548605305161,0,0.0,0.07537887214826709,-2.506857036582767,True
1064,대조,0,5.0,11.0,812.44,491.0,28.0,49.480000000000004,0.0,0.0,0,0.0,0.0,0.0,7.52,1.0,5.0,0,1,5.0,2.4849066497880004,6.701272168561035,0.06090295898774063,0,0.0,0.10407592898298154,-2.1527349480828186,True
1065,처치,1,1.0,6.0,514.12,227.0,4.0,11.99,0.0,1.0,0,5.0,3.0,1.0,230.07,3.0,1.0,1,1,1.0,1.9459101490553132,6.244399883229928,0.02332140356337042,0,1.0,0.7139183213495813,0.914491200193285,True
1066,대조,0,2.0,35.0,447.67,339.0,10.0,24.740000000000002,0.0,0.0,1,28.03,12.0,10.0,217.29,19.0,2.0,1,1,2.0,3.58351893845611,6.10628765092947,0.05526392208546474,0,0.0,0.08016006837917113,-2.440174177167101,True
1067,처치,1,5.0,4.0,337.59000000000003,15188.0,2.0,4.25,0.0,0.0,0,0.0,0.0,0.0,41.52,1.0,5.0,0,1,5.0,1.6094379124341003,5.824789935890205,0.012589235463135754,0,0.0,0.10037002102007854,-2.1931199770670133,True
1069,대조,0,1.0,9.0,450.21,169.0,4.0,6.99,0.0,0.0,1,12.280000000000001,2.0,2.0,416.59,6.0,1.0,1,1,1.0,2.302585092994046,6.1119328630588186,0.01552608782568135,0,0.0,0.09023388251063012,-2.3107825586046813,True
1070,처치,1,3.0,26.0,848.57,133594.0,6.0,24.46,0.0,1.0,1,40.4,20.0,20.0,570.48,32.0,3.0,1,1,3.0,3.295836866004329,6.744730339129773,0.028824964351791837,0,1.0,0.6803941303027086,0.7555836541666131,True
1071,대조,0,11.0,13.0,516.63,233.0,4.0,15.93,0.0,0.0,0,3.99,2.0,2.0,99.47,6.0,11.0,1,1,11.0,2.6390573296152584,6.249260701321615,0.030834446315544974,0,0.0,0.09630829370971634,-2.238933830593798,True
1072,대조,0,18.0,9.0,544.76,341.0,19.0,35.81,0.0,0.0,0,29.72,23.0,18.0,322.02,6.0,18.0,1,1,18.0,2.302585092994046,6.302179318670335,0.06573536970408989,0,0.0,0.09170306684481425,-2.2930155210051666,True
1073,대조,0,9.0,14.0,323.81,11159.0,9.0,27.58,0.0,0.0,0,18.63,7.0,6.0,128.68,4.0,9.0,1,1,9.0,2.70805020110221,5.783240395990917,0.08517340415675859,0,0.0,0.08513520719811012,-2.3745356212981226,True
1074,대조,0,3.0,15.0,780.69,336.0,16.0,56.35,0.0,0.0,1,69.6,28.0,18.0,712.41,14.0,3.0,1,1,3.0,2.772588722239781,6.661458242513014,0.07217973843651129,0,0.0,0.0891657788862489,-2.323863584869926,True
1075,대조,0,12.0,15.0,520.72,13639.0,13.0,30.65,0.0,0.0,0,13.620000000000001,3.0,2.0,82.43,5.0,12.0,1,1,12.0,2.772588722239781,6.257131045502082,0.05886080811184513,0,0.0,0.0924122523345183,-2.284530682227249,True
1076,대조,0,4.0,10.0,199.23,75.0,5.0,13.48,0.0,0.0,1,0.0,0.0,0.0,82.79,5.0,4.0,0,1,4.0,2.3978952727983707,5.299466705804558,0.06766049289765598,0,0.0,0.07350573885715954,-2.5340443687208802,True
1078,대조,0,1.0,49.0,1303.42,165177.0,16.0,48.56,0.0,0.0,0,34.699999999999996,14.0,11.0,596.48,18.0,1.0,1,1,1.0,3.912023005428146,7.173513776517644,0.037255834650381306,0,0.0,0.10863018224851517,-2.1048101104184513,True
1081,대조,0,3.0,19.0,1827.51,601.0,14.0,44.13,0.0,0.0,1,18.43,7.0,6.0,714.52,15.0,3.0,1,1,3.0,2.995732273553991,7.511256706538113,0.024147610683388873,0,0.0,0.10567050660262786,-2.1357484434819742,True
1082,대조,0,4.0,12.0,172.56,132.0,1.0,1.5,0.0,1.0,1,3.58,4.0,4.0,82.9,9.0,4.0,1,1,4.0,2.5649493574615367,5.15652336093015,0.008692628650904033,0,1.0,0.6332937160035595,0.5463731093065824,True
1083,대조,0,5.0,11.0,242.64000000000001,97.0,5.0,14.98,0.0,0.0,0,1.67,1.0,1.0,136.05,4.0,5.0,1,1,5.0,2.4849066497880004,5.495691725968284,0.06173755357731619,0,0.0,0.08637084362890678,-2.358774591249202,True
1084,처치,1,2.0,65.0,590.18,282.0,9.0,24.88,0.0,0.0,1,11.39,5.0,5.0,156.07999999999998,14.0,2.0,1,1,2.0,4.189654742026425,6.382120539562438,0.042156630180622864,0,0.0,0.08214747597934918,-2.413520609025001,True
1085,대조,0,1.0,18.0,712.84,34633.0,17.0,43.27,0.0,0.0,0,41.87,17.0,16.0,410.33,9.0,1.0,1,1,1.0,2.9444389791664403,6.570658847591896,0.060700858537680265,0,0.0,0.10174522442982695,-2.1779818536356093,True
1087,대조,0,2.0,30.0,716.04,23191.0,7.0,39.11,0.0,0.0,0,10.1,10.0,5.0,217.23,12.0,2.0,1,1,2.0,3.4339872044851463,6.575131627049106,0.05461985363946149,0,0.0,0.0993145130081465,-2.204864412102297,True
1088,대조,0,3.0,14.0,278.64,17492.0,3.0,6.37,0.0,0.0,0,3.99,1.0,1.0,75.07,3.0,3.0,1,1,3.0,2.70805020110221,5.6335030616437844,0.022861039333907554,0,0.0,0.09189951350765194,-2.2906593047878756,True
1089,대조,0,10.0,8.0,193.54,100.0,1.0,0.99,0.0,0.0,0,1.0,2.0,2.0,62.45,4.0,10.0,1,1,10.0,2.1972245773362196,5.270637797441294,0.005115221659605249,0,0.0,0.0876242530734612,-2.3429940872407924,True
1091,대조,0,1.0,25.0,1271.91,161757.0,17.0,50.7,0.0,0.0,1,20.07,9.0,9.0,898.02,17.0,1.0,1,1,1.0,3.258096538021482,7.149060896922205,0.03986131094181192,0,0.0,0.09801554620527282,-2.2194711838161676,True
1094,대조,0,4.0,17.0,1108.99,473.0,16.0,47.06,0.0,0.0,1,8.34,5.0,4.0,427.37,5.0,4.0,1,1,4.0,2.8903717578961645,7.012106285256789,0.04243500843109496,0,0.0,0.09604244768652735,-2.241992146740554,True
1097,대조,0,11.0,14.0,875.03,70246.0,5.0,25.92,0.0,0.0,0,6.26,2.0,1.0,640.26,15.0,11.0,1,1,11.0,2.70805020110221,6.775400336925333,0.029621841536861596,0,0.0,0.10413697438565983,-2.152080434112974,True
1098,처치,1,2.0,61.0,1579.16,56256.0,16.0,40.83,1.0,1.0,0,33.24,13.0,9.0,555.49,32.0,2.0,1,1,2.0,4.127134385045092,7.36528138671676,0.025855518123559358,1,1.0,0.5785568822560536,0.3168520525861353,True
1102,처치,1,9.0,16.0,293.93,106.0,7.0,32.8,0.0,0.0,0,0.0,0.0,0.0,31.8,3.0,9.0,0,1,9.0,2.833213344056216,5.686738040046943,0.11159119518252644,0,0.0,0.08094810942827872,-2.429534259888345,True
1103,대조,0,1.0,32.0,1175.39,81847.0,32.0,82.21000000000001,0.0,0.0,1,47.31,33.0,33.0,769.6800000000001,20.0,1.0,1,1,1.0,3.4965075614664802,7.07020570613368,0.06994274240890258,0,0.0,0.09258490285412001,-2.28247391267056,True
1104,대조,0,3.0,19.0,587.77,225.0,7.0,25.189999999999998,0.0,1.0,0,44.31,24.0,20.0,520.42,13.0,3.0,1,1,3.0,2.995732273553991,6.378035615029659,0.04285689980774793,0,1.0,0.6985333284311589,0.8403234238513568,True
1110,대조,0,2.0,13.0,410.05,91.0,1.0,1.0,0.0,0.0,0,12.219999999999999,7.0,6.0,488.4,13.0,2.0,1,1,2.0,2.6390573296152584,6.018714861598142,0.0024387269845140835,0,0.0,0.1005623562536899,-2.190991732419407,True
1111,처치,1,2.0,73.0,3060.23,1676.0,38.0,133.88,0.0,0.0,0,118.59,36.0,30.0,1947.58,29.0,2.0,1,1,2.0,4.30406509320417,8.026572074966147,0.04374834571257716,0,0.0,0.11957503776561246,-1.9964605971396225,True
1113,대조,0,3.0,18.0,383.39,5475.0,7.0,20.55,0.0,1.0,1,25.54,10.0,8.0,326.45,14.0,3.0,1,1,3.0,2.9444389791664403,5.951657662189595,0.05360077205978247,0,1.0,0.6484310257286453,0.6121497180223391,True
1116,처치,1,57.0,3.0,108.69,2365.0,2.0,5.1,0.0,1.0,0,0.0,0.0,0.0,19.5,2.0,57.0,0,1,57.0,1.3862943611198906,4.6976582054232425,0.046922439966878275,0,1.0,0.5800383233501613,0.32293071505685744,True
1119,대조,0,4.0,9.0,260.08,153.0,5.0,12.68,0.0,0.0,0,23.16,13.0,12.0,324.72,10.0,4.0,1,1,4.0,2.302585092994046,5.564826873767017,0.04875422946785605,0,0.0,0.0898906108298948,-2.314971304299321,True
1120,대조,0,4.0,17.0,427.07,201.0,4.0,6.44,0.0,0.0,1,9.870000000000001,3.0,3.0,207.89000000000001,10.0,4.0,1,1,4.0,2.8903717578961645,6.059286733610594,0.015079495164727095,0,0.0,0.08535296311152893,-2.371743072999256,True
1121,대조,0,17.0,12.0,393.32,212.0,14.0,29.740000000000002,0.0,1.0,0,5.98,2.0,2.0,55.68,2.0,17.0,1,1,17.0,2.5649493574615367,5.977162762397122,0.07561273263500458,0,1.0,0.6627229714912458,0.6754524262653117,True
1122,대조,0,5.0,15.0,267.48,159.0,11.0,22.89,0.0,0.0,0,8.6,4.0,4.0,181.16,10.0,5.0,1,1,5.0,2.772588722239781,5.592776423278841,0.08557649170031403,0,0.0,0.08413978135658443,-2.387384273703205,True
1123,대조,0,8.0,9.0,616.7,213.0,14.0,83.16999999999999,0.0,1.0,1,35.98,2.0,1.0,79.59,3.0,8.0,1,1,8.0,2.302585092994046,6.426002902701853,0.13486298037943892,0,1.0,0.6467787427704577,0.6049096103343841,True
1124,대조,0,6.0,13.0,226.9,147.0,7.0,13.35,0.0,0.0,0,13.48,8.0,7.0,248.17000000000002,9.0,6.0,1,1,6.0,2.6390573296152584,5.4289069362516384,0.058836491846628466,0,0.0,0.08457461448901618,-2.381754702997801,True
1125,대조,0,,0.0,0.0,0.0,0.0,0.0,0.0,0.0,0,0.0,0.0,0.0,0.0,0.0,90.0,0,0,90.0,0.0,0.0,0.0,0,0.0,0.02710849251609122,-3.580425517098405,True
1126,대조,0,25.0,6.0,577.59,255.0,11.0,36.94,0.0,0.0,0,3.99,1.0,1.0,104.21000000000001,1.0,25.0,1,1,25.0,1.9459101490553132,6.360594109295549,0.06395540088990459,0,0.0,0.09098684379461228,-2.301644644966508,True
1127,대조,0,,0.0,0.0,0.0,0.0,0.0,0.0,0.0,0,0.0,0.0,0.0,30.240000000000002,3.0,90.0,0,1,90.0,0.0,0.0,0.0,0,0.0,0.02710849251609122,-3.580425517098405,True
1128,처치,1,2.0,38.0,609.49,263.0,16.0,39.56,0.0,0.0,1,7.68,4.0,4.0,246.97,20.0,2.0,1,1,2.0,3.6635616461296463,6.4142619134002254,0.0649067252949187,0,0.0,0.08287566168374808,-2.4039016229660426,True
1131,대조,0,8.0,8.0,224.77,122.0,2.0,2.79,0.0,0.0,1,18.79,10.0,10.0,329.64,11.0,8.0,1,1,8.0,2.1972245773362196,5.4195167819498815,0.01241268852604885,0,0.0,0.07868398081279361,-2.4603635163362925,True
1132,처치,1,5.0,7.0,458.19,229.0,1.0,2.5,0.0,0.0,0,15.75,6.0,5.0,148.5,2.0,5.0,1,1,5.0,2.0794415416798357,6.12946406776475,0.005456251773281826,0,0.0,0.10334578484916836,-2.160589797290416,True
1133,대조,0,3.0,24.0,275.69,111.0,2.0,4.48,0.0,0.0,0,0.0,0.0,0.0,27.53,5.0,3.0,0,1,3.0,3.2188758248682006,5.622897745915737,0.016250136022343938,0,0.0,0.08990641924611456,-2.314778086993575,True
1134,대조,0,1.0,15.0,1436.13,638.0,25.0,132.9,0.0,0.0,0,28.130000000000003,9.0,9.0,491.54,6.0,1.0,1,1,1.0,2.772588722239781,7.27040334823633,0.0925403689081072,0,0.0,0.11042197474426954,-2.0864380607328865,True
1136,처치,1,3.0,5.0,254.91,108.0,1.0,3.0,0.0,0.0,0,3.99,1.0,1.0,22.57,2.0,3.0,1,1,3.0,1.791759469228055,5.544825820166979,0.011768859597505002,0,0.0,0.09633679014563726,-2.2386064528400493,True
1137,대조,0,4.0,19.0,316.64,6324.0,3.0,7.6899999999999995,0.0,0.0,1,8.58,2.0,2.0,122.7,7.0,4.0,1,1,4.0,2.995732273553991,5.76091866602701,0.024286255684689236,0,0.0,0.08020392246124104,-2.4395795684540795,True
1138,처치,1,5.0,29.0,639.87,352.0,3.0,10.39,0.0,1.0,1,5.69,1.0,1.0,314.79,14.0,5.0,1,1,5.0,3.4011973816621555,6.462826628239999,0.01623767327738447,0,1.0,0.6691571872970159,0.7043756146309916,True
1139,처치,1,5.0,16.0,1093.69,342.0,10.0,35.410000000000004,0.0,0.0,0,25.45,7.0,7.0,779.6800000000001,9.0,5.0,1,1,5.0,2.833213344056216,6.998226497145978,0.03237663323245161,0,0.0,0.11016349907375109,-2.0890721215498003,True
1141,대조,0,2.0,14.0,127.34,84.0,6.0,17.0,0.0,0.0,0,6.99,6.0,3.0,78.69,8.0,2.0,1,1,2.0,2.70805020110221,4.8546829923223696,0.13350086382911888,0,0.0,0.07257079330953772,-2.547853919674042,True
1142,대조,0,2.0,40.0,1819.97,121254.0,33.0,83.88,0.0,0.0,1,50.33,16.0,14.0,1113.69,21.0,2.0,1,1,2.0,3.713572066704308,7.507124605127323,0.04608867179129326,0,0.0,0.09986356557488123,-2.198741435468946,True
1145,대조,0,9.0,11.0,666.39,271.0,14.0,38.03,0.0,0.0,0,31.66,15.0,9.0,599.42,9.0,9.0,1,1,9.0,2.4849066497880004,6.50337458268689,0.057068683503654016,0,0.0,0.09924026925542932,-2.205694680511478,True
1146,대조,0,2.0,49.0,1159.31,581.0,37.0,94.97,0.0,0.0,1,76.02,24.0,18.0,774.7,30.0,2.0,1,1,2.0,3.912023005428146,7.056442489777104,0.08191941758459774,0,0.0,0.08871540983915192,-2.3294216375340193,True
1151,대조,0,11.0,6.0,298.82,122.0,4.0,19.75,0.0,0.0,1,0.0,0.0,0.0,24.35,2.0,11.0,0,1,11.0,1.9459101490553132,5.703182294584169,0.06609330031457064,0,0.0,0.07737400417208548,-2.47857308666045,True
1153,대조,0,2.0,10.0,189.03,97.0,1.0,1.67,0.0,0.0,0,2.9699999999999998,3.0,2.0,62.49,7.0,2.0,1,1,2.0,2.3978952727983707,5.247181954433266,0.008834576522245147,0,0.0,0.08984304879436275,-2.315552812813687,True
1154,대조,0,2.0,27.0,780.84,444.0,8.0,22.98,0.0,0.0,1,13.39,10.0,6.0,452.36,11.0,2.0,1,1,2.0,3.332204510175204,6.6616501160305805,0.02942984478254188,0,0.0,0.09109152978752454,-2.3003795734141295,True
1157,대조,0,3.0,21.0,737.35,241.0,12.0,35.17,0.0,0.0,0,0.0,0.0,0.0,104.06,5.0,3.0,0,1,3.0,3.091042453358316,6.604417966919783,0.04769783684817251,0,0.0,0.10179468941448842,-2.1774407372077773,True
1158,대조,0,1.0,27.0,510.98,284.0,6.0,9.5,0.0,0.0,1,2.0,1.0,1.0,209.97,17.0,1.0,1,1,1.0,3.332204510175204,6.238285561776548,0.01859172570355004,0,0.0,0.08677770347130594,-2.3536296139610937,True
1159,대조,0,1.0,54.0,850.9,88680.0,16.0,35.98,0.0,0.0,1,18.97,6.0,6.0,386.7,31.0,1.0,1,1,1.0,4.007333185232471,6.747469149048794,0.04228463979316018,0,0.0,0.08827979346920775,-2.3348219100308296,True
1160,대조,0,11.0,20.0,690.21,447.0,30.0,61.230000000000004,0.0,0.0,1,13.0,8.0,8.0,321.52,13.0,11.0,1,1,11.0,3.044522437723423,6.538443684977784,0.08871213109053766,0,0.0,0.0810617286898991,-2.428008003661131,True
1163,처치,1,1.0,31.0,864.09,112080.0,15.0,65.55,0.0,0.0,1,46.519999999999996,10.0,9.0,347.59000000000003,15.0,1.0,1,1,1.0,3.4657359027997265,6.762833547762219,0.07586015345623719,0,0.0,0.08786961737348475,-2.3399288482253424,True
1164,대조,0,5.0,9.0,337.48,156.0,4.0,11.86,0.0,0.0,1,14.57,3.0,3.0,286.35,4.0,5.0,1,1,5.0,2.302585092994046,5.824465006411812,0.035142823278416495,0,0.0,0.08266498065465043,-2.4066766863503437,True
1165,대조,0,4.0,9.0,249.95,14281.0,5.0,4.5,0.0,0.0,0,0.0,0.0,0.0,0.0,0.0,4.0,0,0,4.0,2.302585092994046,5.525253716100942,0.01800360072014403,0,0.0,0.09234100370651956,-2.2853804666174122,True
1166,대조,0,2.0,60.0,1883.42,228523.0,30.0,141.23,0.0,0.0,1,98.09,35.0,25.0,1051.59,32.0,2.0,1,1,2.0,4.110873864173311,7.541375360227429,0.0749859298510157,0,0.0,0.09530829179179948,-2.25047741761619,True
1167,대조,0,1.0,21.0,1020.15,14773.0,23.0,94.83,0.0,0.0,1,51.17,14.0,13.0,609.41,14.0,1.0,1,1,1.0,3.091042453358316,6.928684722163167,0.09295691810027937,0,0.0,0.09031309007335989,-2.3098180733150473,True
1169,대조,0,3.0,17.0,800.7,398.0,10.0,14.26,0.0,0.0,1,20.65,10.0,9.0,424.26,12.0,3.0,1,1,3.0,2.8903717578961645,6.686734473048906,0.017809416760334706,0,0.0,0.09429465490600789,-2.2622895207496447,True
1172,대조,0,3.0,25.0,571.24,199.0,10.0,29.950000000000003,0.0,1.0,1,1.0,1.0,1.0,238.17999999999998,9.0,3.0,1,1,3.0,3.258096538021482,6.349558483800128,0.052429801834605425,0,1.0,0.6598698307498326,0.6627141943548713,True
1174,대조,0,2.0,56.0,555.14,300.0,19.0,46.910000000000004,0.0,0.0,1,2.5,1.0,1.0,93.48,3.0,2.0,1,1,2.0,4.04305126783455,6.321020061115796,0.08450120690276328,0,0.0,0.07832802569146119,-2.465283917965037,True
1175,대조,0,2.0,20.0,1203.95,112932.0,12.0,65.86,0.0,0.0,1,18.64,6.0,6.0,643.49,13.0,2.0,1,1,2.0,3.044522437723423,7.094193351287931,0.05470326840815648,0,0.0,0.09624189335550988,-2.239696998697519,True
1178,처치,1,2.0,27.0,559.16,69802.0,16.0,34.54,0.0,1.0,1,23.35,9.0,9.0,254.51,12.0,2.0,1,1,2.0,3.332204510175204,6.328222457206356,0.0617712282709779,0,1.0,0.6569289779818216,0.6496384251478418,True
1179,대조,0,7.0,16.0,1024.51,417.0,22.0,56.71,0.0,0.0,1,46.17,20.0,13.0,580.02,13.0,7.0,1,1,7.0,2.833213344056216,6.932945328805701,0.05535329084147544,0,0.0,0.0923547839635445,-2.2852160631761187,True
1180,대조,0,9.0,16.0,443.29,37870.0,7.0,15.42,0.0,0.0,0,4.67,4.0,2.0,236.72,7.0,9.0,1,1,9.0,2.833213344056216,6.096477502373692,0.03478535495950732,0,0.0,0.09371275164850963,-2.269122036802992,True
1181,대조,0,7.0,8.0,401.35,200.0,8.0,37.92,0.0,0.0,0,10.850000000000001,5.0,5.0,251.92000000000002,13.0,7.0,1,1,7.0,2.1972245773362196,5.997322356592142,0.09448112619907811,0,0.0,0.09053837122297953,-2.3070790554470575,True
1182,처치,1,8.0,18.0,265.32,141.0,5.0,10.31,0.0,1.0,0,0.0,0.0,0.0,96.82,7.0,8.0,0,1,8.0,2.9444389791664403,5.584698593266769,0.03885873661993065,0,1.0,0.6644855714054722,0.6833482027270223,True
1184,대조,0,,0.0,0.0,0.0,0.0,0.0,0.0,1.0,0,0.0,0.0,0.0,0.0,0.0,90.0,0,0,90.0,0.0,0.0,0.0,0,1.0,0.36923616911493395,-0.5354950509484101,True
1186,대조,0,25.0,7.0,742.57,15044.0,8.0,16.36,0.0,0.0,1,0.0,0.0,0.0,151.75,3.0,25.0,0,1,25.0,2.0794415416798357,6.611462910762324,0.02203159298113309,0,0.0,0.08601307077604592,-2.363317000248831,True
1187,대조,0,3.0,20.0,392.05,257.0,3.0,10.48,0.0,0.0,0,23.459999999999997,4.0,4.0,281.40999999999997,10.0,3.0,1,1,3.0,3.044522437723423,5.973936830239766,0.026731284274964927,0,0.0,0.09473285906173252,-2.257169162902386,True
1188,대조,0,10.0,11.0,271.86,205.0,11.0,13.17,0.0,0.0,1,12.77,12.0,8.0,99.72,4.0,10.0,1,1,10.0,2.4849066497880004,5.608958843134728,0.04844405208563231,0,0.0,0.07588762003707629,-2.4995801253507017,True
1190,대조,0,3.0,25.0,356.96,13581.0,17.0,29.03,0.0,0.0,1,12.13,6.0,6.0,173.18,14.0,3.0,1,1,3.0,3.258096538021482,5.880421248314658,0.08132563872702825,0,0.0,0.07612912326407695,-2.4961414291325648,True
1191,대조,0,3.0,16.0,366.6,131.0,4.0,12.14,0.0,0.0,0,17.35,5.0,5.0,165.13,8.0,3.0,1,1,3.0,2.833213344056216,5.906995390481532,0.03311511183851609,0,0.0,0.09417985485395947,-2.263634467386309,True
1193,대조,0,4.0,25.0,549.5,357.0,5.0,10.98,0.0,0.0,0,14.09,7.0,7.0,209.2,18.0,4.0,1,1,4.0,3.258096538021482,6.310826956162734,0.019981801637852594,0,0.0,0.09881617958548557,-2.210447902684407,True
1197,처치,1,7.0,10.0,379.19,141.0,6.0,16.43,0.0,1.0,1,32.4,11.0,10.0,500.09000000000003,8.0,7.0,1,1,7.0,2.3978952727983707,5.940671127762083,0.043329201719454626,0,1.0,0.6526741412266568,0.6308145731286483,True
1203,대조,0,2.0,16.0,783.91,29127.0,23.0,173.29,0.0,0.0,0,138.01,17.0,13.0,519.79,21.0,2.0,1,1,2.0,2.833213344056216,6.665569061528102,0.221058539883405,0,0.0,0.08701437946490567,-2.3506467445802395,True
1204,대조,0,1.0,15.0,398.6,226.0,12.0,26.08,0.0,0.0,0,4.75,3.0,2.0,64.58,3.0,1.0,1,1,1.0,2.772588722239781,5.990464046774399,0.06542900150526842,0,0.0,0.0934587595372291,-2.272116258802955,True
1206,대조,0,5.0,28.0,736.41,305.0,16.0,34.9,0.0,0.0,0,50.19,17.0,17.0,522.13,15.0,5.0,1,1,5.0,3.367295829986474,6.603144046868928,0.047392077782756885,0,0.0,0.09925754651374907,-2.205501419479756,True
1207,대조,0,3.0,16.0,89.73,45.0,0.0,0.0,0.0,0.0,0,0.0,0.0,0.0,36.43,4.0,3.0,0,1,3.0,2.833213344056216,4.507888063181538,0.0,0,0.0,0.07852995094582634,-2.4624901814674036,True
1211,대조,0,3.0,28.0,1550.52,59124.0,22.0,96.49000000000001,0.0,0.0,0,14.27,3.0,3.0,540.89,8.0,3.0,1,1,3.0,3.367295829986474,7.346990374556236,0.06223073549518872,0,0.0,0.11060312421822754,-2.0845952287510596,True
1216,대조,0,1.0,28.0,1335.9,622.0,41.0,98.48,0.0,0.0,0,43.660000000000004,18.0,17.0,513.1800000000001,11.0,1.0,1,1,1.0,3.367295829986474,7.198108779989077,0.07371809267160716,0,0.0,0.10797714152303241,-2.111572206188782,True
1217,대조,0,2.0,5.0,362.12,14985.0,5.0,11.65,0.0,0.0,0,0.0,0.0,0.0,17.63,2.0,2.0,0,1,2.0,1.791759469228055,5.89473335814821,0.03217165580470562,0,0.0,0.09999918622579856,-2.1972336193044937,True
1218,대조,0,5.0,15.0,244.73000000000002,8710.0,2.0,4.0,0.0,0.0,1,14.32,6.0,5.0,446.88,7.0,5.0,1,1,5.0,2.772588722239781,5.50423337219562,0.01634454296571732,0,0.0,0.07822900697958038,-2.4666563000177564,True
1219,대조,0,8.0,15.0,117.07000000000001,66.0,1.0,4.99,0.0,0.0,1,3.99,1.0,1.0,28.11,4.0,8.0,1,1,8.0,2.772588722239781,4.771277668919018,0.04262407106859144,0,0.0,0.06659343215502139,-2.6402349135726495,True
1222,처치,1,2.0,35.0,1253.64,602.0,8.0,29.68,0.0,0.0,1,19.66,6.0,5.0,659.52,14.0,2.0,1,1,2.0,3.58351893845611,7.134603957826169,0.023675058230432977,0,0.0,0.0972677182679353,-2.2279588740820397,True
1223,대조,0,13.0,7.0,75.36,56.0,1.0,1.08,0.0,0.0,0,28.78,8.0,5.0,131.22,5.0,13.0,1,1,13.0,2.0794415416798357,4.335458998857547,0.014331210191082803,0,0.0,0.07420181763526262,-2.5238676189767357,True
1224,대조,0,3.0,14.0,360.35,199.0,5.0,8.79,0.0,0.0,0,5.67,3.0,3.0,73.32,4.0,3.0,1,1,3.0,2.70805020110221,5.88984701772899,0.024392951297349794,0,0.0,0.09544716064985122,-2.2488679186868383,True
1226,대조,0,5.0,12.0,888.29,453.0,23.0,59.65,0.0,0.0,1,21.8,14.0,10.0,511.92,5.0,5.0,1,1,5.0,2.5649493574615367,6.790423391543091,0.06715149331862343,0,0.0,0.09148312862613435,-2.2956588895653733,True
1227,대조,0,3.0,7.0,558.54,178.0,5.0,11.57,0.0,0.0,0,21.099999999999998,2.0,2.0,329.82,7.0,3.0,1,1,3.0,2.0794415416798357,6.327115017600452,0.02071472052135926,0,0.0,0.10592291944006792,-2.133080336824174,True
1228,처치,1,1.0,88.0,1743.22,163451.0,29.0,114.25,0.0,0.0,1,27.830000000000002,9.0,9.0,860.97,44.0,1.0,1,1,1.0,4.48863636973214,7.464062743302079,0.06553963355170317,0,0.0,0.09374102353913442,-2.2687891998296945,True
1229,대조,0,2.0,52.0,2725.2200000000003,121155.0,16.0,43.03,0.0,1.0,1,32.21,11.0,10.0,1632.87,35.0,2.0,1,1,2.0,3.970291913552122,7.910671313328746,0.015789550935337328,0,1.0,0.7181850750931769,0.9354767397604795,True
1233,대조,0,2.0,3.0,320.49,10552.0,7.0,13.73,0.0,1.0,0,21.8,11.0,9.0,389.06,4.0,2.0,1,1,2.0,1.3862943611198906,5.772966438994861,0.042840650254298104,0,1.0,0.698105867122211,0.8382943608243175,True
1236,대조,0,3.0,32.0,521.09,277.0,16.0,37.33,0.0,0.0,1,11.280000000000001,10.0,5.0,303.98,11.0,3.0,1,1,3.0,3.4965075614664802,6.257839986814193,0.07163829664741214,0,0.0,0.08057470003964341,-2.4345640959495247,True
1239,대조,0,35.0,5.0,237.38,116.0,7.0,10.08,0.0,0.0,0,12.94,6.0,6.0,333.58,3.0,35.0,1,1,35.0,1.791759469228055,5.473866039054562,0.042463560535849695,0,0.0,0.0774462165279869,-2.477561960922398,True
1240,대조,0,3.0,16.0,1271.25,14259.0,17.0,74.10000000000001,0.0,0.0,1,20.85,6.0,6.0,541.95,13.0,3.0,1,1,3.0,2.833213344056216,7.148542265468942,0.05828908554572272,0,0.0,0.09724789645153456,-2.228184638364797,True
1245,대조,0,3.0,26.0,603.9399999999999,248.0,10.0,28.3,0.0,1.0,0,32.620000000000005,11.0,11.0,331.42,14.0,3.0,1,1,3.0,3.295836866004329,6.4051292795591,0.04685895949928801,0,1.0,0.6947683172956894,0.8225073299105085,True
1246,처치,1,3.0,13.0,790.29,294.0,17.0,52.980000000000004,0.0,0.0,0,16.25,6.0,6.0,366.55,7.0,3.0,1,1,3.0,2.6390573296152584,6.673664525103221,0.0670386820028091,0,0.0,0.10322870494757917,-2.161853899964437,True
1248,대조,0,1.0,27.0,1796.1,19126.0,33.0,103.98,0.0,0.0,1,29.1,16.0,10.0,799.37,9.0,1.0,1,1,1.0,3.332204510175204,7.493929533537976,0.057892099549022885,0,0.0,0.10097108282687253,-2.1864810326843083,True
1251,대조,0,3.0,16.0,76.13,44.0,5.0,32.64,0.0,0.0,0,0.0,0.0,0.0,0.0,0.0,3.0,0,0,3.0,2.833213344056216,4.345492309945908,0.42874031262314466,0,0.0,0.047583022538140674,-2.9965269121833247,True
1257,대조,0,,0.0,0.0,0.0,0.0,0.0,0.0,0.0,1,0.0,0.0,0.0,0.0,0.0,90.0,0,0,90.0,0.0,0.0,0.0,0,0.0,0.023512902683933398,-3.7264122161781996,True
1259,대조,0,14.0,4.0,181.13,93.0,12.0,26.94,0.0,0.0,0,0.0,0.0,0.0,29.38,2.0,14.0,0,1,14.0,1.6094379124341003,5.204720717810452,0.14873295423176724,0,0.0,0.07495117860185095,-2.5130095664097434,True
1260,대조,0,7.0,22.0,1241.3,497.0,25.0,67.04,0.0,1.0,1,34.12,10.0,10.0,799.22,10.0,7.0,1,1,7.0,3.1354942159291497,7.124719779219631,0.05400789494884396,0,1.0,0.6848381740507004,0.7760963280085709,True
1261,대조,0,7.0,22.0,565.47,12425.0,17.0,97.67,0.0,0.0,1,1.5,1.0,1.0,169.87,11.0,7.0,1,1,7.0,3.1354942159291497,6.339424122313817,0.17272357507913771,0,0.0,0.07292341949967544,-2.5426263307023964,True
1263,처치,1,3.0,21.0,1267.16,428.0,21.0,85.59,0.0,1.0,1,38.96,17.0,11.0,581.45,13.0,3.0,1,1,3.0,3.091042453358316,7.14532231000207,0.06754474573061019,0,1.0,0.6878445092167269,0.7900613767845721,True
1264,대조,0,4.0,18.0,1165.9,7105.0,10.0,29.26,0.0,1.0,1,0.0,0.0,0.0,214.88,5.0,4.0,0,1,4.0,2.9444389791664403,7.062105938812062,0.02509649198044429,0,1.0,0.6960871741632468,0.8287339995582191,True
1265,대조,0,16.0,6.0,291.08,123.0,3.0,6.96,0.0,0.0,0,2.99,1.0,1.0,100.21,3.0,16.0,1,1,16.0,1.9459101490553132,5.677027737347381,0.023910952315514638,0,0.0,0.08972507267246058,-2.316996424844847,True
1266,처치,1,9.0,13.0,405.21,196.0,4.0,11.97,0.0,1.0,0,3.99,1.0,1.0,146.75,11.0,9.0,1,1,9.0,2.6390573296152584,6.00687026725783,0.029540238394906347,0,1.0,0.6852946747007472,0.7782122020502146,True
1269,대조,0,7.0,15.0,478.98,236.0,14.0,33.74,0.0,0.0,0,27.19,16.0,10.0,307.42,9.0,7.0,1,1,7.0,2.772588722239781,6.1737444363671905,0.07044135454507496,0,0.0,0.09257378433846863,-2.2826062627035015,True
1270,대조,0,13.0,10.0,461.49,166.0,5.0,10.31,0.0,0.0,1,10.18,2.0,2.0,106.51,5.0,13.0,1,1,13.0,2.3978952727983707,6.136624935097108,0.02234067910463932,0,0.0,0.08380482355676976,-2.391738850521801,True
1271,대조,0,7.0,17.0,506.78000000000003,253.0,1.0,2.19,0.0,0.0,0,14.99,10.0,7.0,317.67,10.0,7.0,1,1,7.0,2.8903717578961645,6.23004828291007,0.004321401791704487,0,0.0,0.09958210685124706,-2.201876482915656,True
1272,대조,0,1.0,40.0,1536.3,606.0,26.0,75.24000000000001,0.0,0.0,1,7.28,2.0,2.0,447.36,15.0,1.0,1,1,1.0,3.713572066704308,7.337782909918554,0.048974809607498546,0,0.0,0.09752817911241768,-2.2249961135421303,True
1277,대조,0,3.0,38.0,929.34,356.0,17.0,56.43,0.0,0.0,0,12.17,3.0,3.0,262.32,18.0,3.0,1,1,3.0,3.6635616461296463,6.8355501107329,0.06072051133062173,0,0.0,0.10089932733088496,-2.1872717505023247,True
1279,대조,0,5.0,36.0,768.02,430.0,17.0,33.1,0.0,0.0,0,12.51,5.0,5.0,436.82,20.0,5.0,1,1,5.0,3.6109179126442243,6.6451169769697875,0.043097835993854326,0,0.0,0.09906502755419537,-2.207656603868831,True
1282,대조,0,3.0,32.0,985.36,458.0,15.0,36.81,0.0,0.0,0,29.66,11.0,8.0,733.55,21.0,3.0,1,1,3.0,3.4965075614664802,6.894021399527495,0.03735690509052529,0,0.0,0.10528079616200992,-2.139878900442527,True
1284,대조,0,9.0,4.0,47.61,23.0,0.0,0.0,0.0,0.0,0,1.0,1.0,1.0,65.07000000000001,11.0,9.0,1,1,9.0,1.6094379124341003,3.883829271057364,0.0,0,0.0,0.07363066702698765,-2.5322113923169414,True
1285,대조,0,2.0,25.0,610.19,10107.0,6.0,20.1,0.0,0.0,1,2.29,1.0,1.0,267.54,9.0,2.0,1,1,2.0,3.258096538021482,6.415407876461919,0.03294055949786132,0,0.0,0.08770065356310183,-2.3420388153513914,True
1287,처치,1,7.0,14.0,307.75,188.0,15.0,29.87,0.0,1.0,0,39.62,28.0,13.0,251.38,12.0,7.0,1,1,7.0,2.70805020110221,5.732531887942187,0.09705930138099107,0,1.0,0.65918066343426,0.65964511268772,True
1288,대조,0,16.0,5.0,268.43,11998.0,8.0,11.29,0.0,0.0,0,6.5,5.0,4.0,154.32,1.0,16.0,1,1,16.0,1.791759469228055,5.596308616350968,0.04205938233431434,0,0.0,0.08761804158625879,-2.3430717855286303,True
1289,처치,1,2.0,77.0,215.21,133.0,5.0,13.42,0.0,0.0,0,9.98,3.0,3.0,91.34,40.0,2.0,1,1,2.0,4.356708826689592,5.376250157604459,0.06235769713303285,0,0.0,0.07782073264546194,-2.4723317556676667,True
1291,대조,0,1.0,18.0,618.55,324.0,22.0,41.2,0.0,0.0,1,15.82,13.0,9.0,241.03,6.0,1.0,1,1,1.0,2.9444389791664403,6.428993408062502,0.06660738824670602,0,0.0,0.08666594759642214,-2.3550406526682455,True
1292,대조,0,28.0,2.0,38.68,11.0,0.0,0.0,0.0,1.0,0,0.0,0.0,0.0,10.370000000000001,1.0,28.0,0,1,28.0,1.0986122886681098,3.6808472824166723,0.0,0,1.0,0.5975173020426001,0.39513113128644944,True
1293,대조,0,1.0,16.0,203.62,131.0,4.0,4.22,0.0,0.0,0,7.36,6.0,5.0,208.91,12.0,1.0,1,1,1.0,2.833213344056216,5.321154600450794,0.02072487967783125,0,0.0,0.08812640861547916,-2.336729129235805,True
1294,대조,0,20.0,7.0,371.55,161.0,5.0,12.69,0.0,0.0,0,14.860000000000001,5.0,5.0,414.99,4.0,20.0,1,1,20.0,2.0794415416798357,5.920371256999736,0.03415421881308034,0,0.0,0.08952821845422647,-2.3194090408470265,True
1296,대조,0,1.0,9.0,242.54,155.0,8.0,27.96,0.0,0.0,1,10.86,3.0,3.0,142.06,5.0,1.0,1,1,1.0,2.302585092994046,5.495281200078861,0.11527995382204997,0,0.0,0.07354326803150014,-2.5334934304002523,True
1297,대조,0,1.0,20.0,262.46,109.0,3.0,6.220000000000001,0.0,0.0,1,7.380000000000001,2.0,2.0,233.65,16.0,1.0,1,1,1.0,3.044522437723423,5.573901553801681,0.02369884934847215,0,0.0,0.0790226786669209,-2.4557005289894,True
1300,대조,0,9.0,9.0,89.06,68.0,2.0,7.2700000000000005,0.0,0.0,1,0.0,0.0,0.0,32.3,5.0,9.0,0,1,9.0,2.302585092994046,4.500476114873425,0.08163036155400853,0,0.0,0.06235024959924161,-2.7106088035357283,True
1303,대조,0,1.0,38.0,1230.06,69686.0,12.0,36.34,0.0,0.0,0,11.39,3.0,2.0,316.17,19.0,1.0,1,1,1.0,3.6635616461296463,7.115630865857745,0.02954327431182219,0,0.0,0.10998507476413126,-2.0908935598894427,True
1304,대조,0,2.0,13.0,98.94,50.0,5.0,14.29,0.0,0.0,0,1.0,1.0,1.0,89.0,6.0,2.0,1,1,2.0,2.6390573296152584,4.604570005916059,0.14443096826359408,0,0.0,0.06918755941832933,-2.5992367275411827,True
1305,대조,0,1.0,32.0,722.96,26466.0,5.0,7.87,0.0,0.0,1,55.44,28.0,23.0,1198.71,41.0,1.0,1,1,1.0,3.4965075614664802,6.584736142240671,0.010885802810667257,0,0.0,0.09151381050219343,-2.2952897909451195,True
1306,대조,0,4.0,32.0,644.83,5007.0,6.0,15.93,0.0,0.0,1,15.4,9.0,7.0,294.91,15.0,4.0,1,1,4.0,3.4965075614664802,6.47053631125575,0.02470418559930524,0,0.0,0.08715267360915957,-2.3489071949542883,True
1307,대조,0,15.0,16.0,275.15,107.0,0.0,0.0,0.0,0.0,0,0.0,0.0,0.0,82.13,6.0,15.0,0,1,15.0,2.833213344056216,5.620944196347197,0.0,0,0.0,0.08749116315776848,-2.344659973839581,True
1312,대조,0,3.0,26.0,1439.67,48497.0,37.0,93.79,0.0,0.0,0,27.86,3.0,3.0,484.89,11.0,3.0,1,1,3.0,3.295836866004329,7.272863562139682,0.0651468739363882,0,0.0,0.10944392527225084,-2.0964337505636066,True
1314,대조,0,1.0,74.0,2319.92,258331.0,26.0,108.33,0.0,0.0,0,74.39,18.0,17.0,1342.92,37.0,1.0,1,1,1.0,4.31748811353631,7.749718937778638,0.04669557570950722,0,0.0,0.1148769296642288,-2.041865319383576,True
1317,처치,1,5.0,29.0,574.63,322.0,10.0,18.51,0.0,1.0,0,28.11,18.0,15.0,478.55,20.0,5.0,1,1,5.0,3.4011973816621555,6.355465093182487,0.032212032090214573,0,1.0,0.6927980194668927,0.8132330502063647,True
1318,대조,0,3.0,9.0,883.0500000000001,321.0,18.0,41.89,0.0,0.0,1,22.0,9.0,6.0,378.97,7.0,3.0,1,1,3.0,2.302585092994046,6.7845136221240985,0.04743785742596682,0,0.0,0.09569567920585068,-2.2459927937134343,True
1319,처치,1,3.0,7.0,101.83,55.0,3.0,3.0,0.0,0.0,0,5.29,3.0,2.0,102.66,5.0,3.0,1,1,3.0,2.0794415416798357,4.6330771392411,0.029460866149464793,0,0.0,0.08079862729701037,-2.4315452434161275,True
1321,대조,0,3.0,44.0,255.85,202.0,12.0,20.99,0.0,0.0,1,4.359999999999999,4.0,4.0,134.4,16.0,3.0,1,1,3.0,3.8066624897703196,5.548492256913277,0.08204025796365057,0,0.0,0.07005847119829468,-2.585791515703648,True
1325,대조,0,10.0,5.0,310.72,110.0,2.0,3.77,0.0,0.0,0,3.39,1.0,1.0,74.3,2.0,10.0,1,1,10.0,1.791759469228055,5.74210534897536,0.01213311019567456,0,0.0,0.09559278388175935,-2.2471823844731382,True
1326,대조,0,1.0,38.0,940.49,52886.0,13.0,31.21,0.0,0.0,1,40.5,28.0,14.0,890.88,24.0,1.0,1,1,1.0,3.6635616461296463,6.847463726691889,0.03318482918478666,0,0.0,0.09222265123617036,-2.2867933625176553,True
1330,처치,1,6.0,5.0,118.18,36.0,0.0,0.0,0.0,0.0,0,1.79,1.0,1.0,70.03,3.0,6.0,1,1,6.0,1.791759469228055,4.780634955318833,0.0,0,0.0,0.08528950961860217,-2.372556146516696,True
1331,대조,0,5.0,16.0,380.97,168.0,7.0,14.75,0.0,1.0,0,18.240000000000002,8.0,7.0,203.91,9.0,5.0,1,1,5.0,2.833213344056216,5.945342071491203,0.03871695934063049,0,1.0,0.6833666673716531,0.769287138792537,True
1333,대조,0,5.0,16.0,1081.02,382.0,15.0,102.9,0.0,0.0,1,121.58,15.0,13.0,467.28,8.0,5.0,1,1,5.0,2.833213344056216,6.986584943523949,0.0951878781151135,0,0.0,0.09019718494442504,-2.3112296717390994,True
1337,대조,0,4.0,29.0,1783.49,23494.0,37.0,121.14999999999999,0.0,0.0,1,22.87,14.0,12.0,812.27,19.0,4.0,1,1,4.0,3.4011973816621555,7.486887939103922,0.06792861187895642,0,0.0,0.09783865026346747,-2.2214736881005037,True
1344,대조,0,18.0,3.0,354.93,164.0,8.0,15.83,0.0,0.0,0,11.79,4.0,3.0,412.0,3.0,18.0,1,1,18.0,1.3862943611198906,5.874734082304489,0.044600343729749525,0,0.0,0.09222875380393435,-2.286720470032584,True
1345,처치,1,3.0,6.0,203.13,70.0,4.0,13.38,0.0,0.0,0,0.0,0.0,0.0,44.55,1.0,3.0,0,1,3.0,1.9459101490553132,5.3187570457854925,0.06586914783636096,0,0.0,0.08706181168145098,-2.3500498310900255,True
1347,대조,0,15.0,12.0,200.37,55.0,4.0,23.16,0.0,0.0,0,19.990000000000002,11.0,3.0,212.1,9.0,15.0,1,1,15.0,2.5649493574615367,5.305144011890314,0.11558616559365174,0,0.0,0.0745313183657896,-2.5190808742406734,True
1349,대조,0,1.0,29.0,901.53,30215.0,16.0,41.0,0.0,0.0,0,14.99,13.0,5.0,357.23,17.0,1.0,1,1,1.0,3.4011973816621555,6.805201930651796,0.045478242543232066,0,0.0,0.10460779568593088,-2.147043761996578,True
1350,처치,1,3.0,18.0,240.18,168.0,2.0,6.0,0.0,1.0,0,0.0,0.0,0.0,0.0,0.0,3.0,0,0,3.0,2.9444389791664403,5.485543542675447,0.02498126405196103,0,1.0,0.6709888469662008,0.7126608653330962,True
1351,대조,0,8.0,14.0,124.47,36.0,0.0,0.0,0.0,0.0,0,8.0,13.0,2.0,25.18,7.0,8.0,1,1,8.0,2.70805020110221,4.832066686171609,0.0,0,0.0,0.08093156706158275,-2.4297566376587554,True
1352,대조,0,11.0,16.0,789.07,98308.0,13.0,63.04,0.0,0.0,1,22.98,6.0,5.0,378.49,10.0,11.0,1,1,11.0,2.833213344056216,6.6721215491305825,0.0798915178628005,0,0.0,0.08452532615207273,-2.382391492761253,True
1354,대조,0,8.0,10.0,357.81,7543.0,7.0,43.14,0.0,0.0,1,27.46,14.0,14.0,210.24,12.0,8.0,1,1,8.0,2.3978952727983707,5.882793000476306,0.1205667812526201,0,0.0,0.07438885016310318,-2.5211481546617227,True
1356,대조,0,9.0,10.0,328.0,165.0,4.0,7.18,0.0,0.0,0,0.0,0.0,0.0,117.13,6.0,9.0,0,1,9.0,2.3978952727983707,5.796057750765372,0.021890243902439023,0,0.0,0.0928504294288622,-2.2793174306713375,True
1363,대조,0,81.0,1.0,239.4,110.0,4.0,24.93,0.0,0.0,1,0.0,0.0,0.0,0.0,0.0,81.0,0,0,81.0,0.6931471805599453,5.4823042026610525,0.10413533834586466,0,0.0,0.051946130193158704,-2.904204101548959,True
1364,처치,1,2.0,12.0,130.74,59.0,1.0,1.0,0.0,1.0,1,5.390000000000001,2.0,2.0,114.06,5.0,2.0,1,1,2.0,2.5649493574615367,4.880830283212547,0.007648768548263729,0,1.0,0.6254224813992767,0.5126286178146627,True
1366,처치,1,3.0,42.0,477.97,249.0,12.0,17.84,0.0,1.0,0,6.84,5.0,4.0,200.66,22.0,3.0,1,1,3.0,3.7612001156935624,6.171637964969378,0.037324518275205554,0,1.0,0.6827876784433289,0.7666126113642494,True
1367,처치,1,1.0,25.0,1228.38,80620.0,37.0,108.24,0.0,0.0,1,70.06,28.0,21.0,793.2,18.0,1.0,1,1,1.0,3.258096538021482,7.114265256242323,0.08811605529233624,0,0.0,0.09259224314955225,-2.2823865447689027,True
1369,대조,0,4.0,9.0,192.38,67.0,1.0,2.34,0.0,0.0,1,4.78,2.0,2.0,154.41,4.0,4.0,1,1,4.0,2.302585092994046,5.264657165055401,0.012163426551616592,0,0.0,0.07807506472660979,-2.4687930729374377,True
1370,대조,0,10.0,12.0,1130.26,506.0,12.0,31.53,0.0,0.0,1,19.5,9.0,9.0,779.87,7.0,10.0,1,1,10.0,2.5649493574615367,7.031087334754071,0.027896236264222392,0,0.0,0.09637706582034516,-2.2381438982856827,True
1374,대조,0,4.0,13.0,368.83,201.0,4.0,4.76,0.0,0.0,0,9.08,3.0,3.0,269.77,9.0,4.0,1,1,4.0,2.6390573296152584,5.913043440594971,0.0129056747010818,0,0.0,0.0968047452533512,-2.2332427447048517,True
1376,대조,0,3.0,38.0,2087.56,217899.0,33.0,71.89,0.0,0.0,1,43.71,22.0,19.0,1051.67,22.0,3.0,1,1,3.0,3.6635616461296463,7.644230112277261,0.034437333537718676,0,0.0,0.1029685429890716,-2.164667396865296,True
1379,대조,0,2.0,79.0,1549.11,181795.0,14.0,52.269999999999996,0.0,0.0,0,41.46,17.0,14.0,1312.3600000000001,46.0,2.0,1,1,2.0,4.382026634673881,7.346081175137137,0.0337419550580656,0,0.0,0.10861357997749285,-2.1049815804434924,True
1382,처치,1,3.0,20.0,750.5,314.0,13.0,49.15,0.0,1.0,1,20.330000000000002,8.0,6.0,300.42,12.0,3.0,1,1,3.0,3.044522437723423,6.622071209193029,0.06548967355096602,0,1.0,0.6695684192886312,0.7062337341696978,True
1383,대조,0,9.0,13.0,113.91,36.0,1.0,1.5,0.0,0.0,0,0.0,0.0,0.0,48.55,7.0,9.0,0,1,9.0,2.6390573296152584,4.744149213269543,0.01316829075585989,0,0.0,0.07855435816239444,-2.4621529407726674,True
1385,대조,0,20.0,13.0,911.12,418.0,12.0,41.16,0.0,1.0,0,15.64,10.0,7.0,517.57,7.0,20.0,1,1,20.0,2.6390573296152584,6.815771560365949,0.04517516902274124,0,1.0,0.6967352356549489,0.8317992421529309,True
1387,대조,0,6.0,6.0,284.71,128.0,3.0,9.95,0.0,0.0,0,0.0,0.0,0.0,122.26,5.0,6.0,0,1,6.0,1.9459101490553132,5.654977310374268,0.03494784166344701,0,0.0,0.09328140668903712,-2.2742113382420666,True
1388,처치,1,5.0,25.0,987.9100000000001,115328.0,18.0,58.64,0.0,1.0,1,29.0,10.0,7.0,420.23,11.0,5.0,1,1,5.0,3.258096538021482,6.896603326470746,0.05935763379255195,0,1.0,0.6760465682168225,0.7356621851669592,True
1389,대조,0,,0.0,0.0,0.0,0.0,0.0,0.0,0.0,1,11.97,3.0,1.0,152.13,2.0,90.0,1,1,90.0,0.0,0.0,0.0,0,0.0,0.023512902683933398,-3.7264122161781996,True
1390,대조,0,1.0,24.0,835.63,446.0,17.0,37.91,0.0,0.0,0,37.32,25.0,15.0,613.77,24.0,1.0,1,1,1.0,3.2188758248682006,6.729381917796195,0.04536696863444347,0,0.0,0.10441939611306282,-2.1490567826581612,True
1394,대조,0,10.0,20.0,607.96,229.0,10.0,32.230000000000004,0.0,0.0,1,29.630000000000003,10.0,9.0,295.43,11.0,10.0,1,1,10.0,3.044522437723423,6.411752584107785,0.05301335614185144,0,0.0,0.0830634875344727,-2.4014330104512664,True
1396,대조,0,4.0,38.0,1252.26,616.0,34.0,71.89,0.0,0.0,1,17.56,12.0,11.0,321.03000000000003,16.0,4.0,1,1,4.0,3.6635616461296463,7.133503435365719,0.05740820596361778,0,0.0,0.0924043253441076,-2.2846251985646244,True
1397,대조,0,9.0,35.0,740.57,324.0,26.0,63.6,0.0,0.0,1,11.75,6.0,6.0,236.94,14.0,9.0,1,1,9.0,3.58351893845611,6.608769560358964,0.08587979529281499,0,0.0,0.08072244757768447,-2.4325713950413257,True
1402,대조,0,2.0,35.0,516.69,32475.0,0.0,0.0,0.0,0.0,1,1.0,1.0,1.0,304.03000000000003,18.0,2.0,1,1,2.0,3.58351893845611,6.249376607514998,0.0,0,0.0,0.0870212333306861,-2.3505604735156815,True
1403,대조,0,2.0,39.0,642.03,140604.0,3.0,9.98,0.0,0.0,0,0.0,0.0,0.0,176.42,10.0,2.0,0,1,2.0,3.6888794541139363,6.4661913794478485,0.015544444963630985,0,0.0,0.10044678487314536,-2.192270128913772,True
1405,대조,0,3.0,7.0,347.83,155.0,8.0,14.14,0.0,1.0,0,7.99,3.0,3.0,262.47,4.0,3.0,1,1,3.0,2.0794415416798357,5.8545846975105595,0.04065204266452003,0,1.0,0.6916680928075549,0.8079293823731852,True
1406,대조,0,4.0,20.0,709.26,273.0,12.0,42.58,0.0,0.0,0,36.35,13.0,9.0,239.13,7.0,4.0,1,1,4.0,3.044522437723423,6.5656311001846355,0.060034402052843806,0,0.0,0.09958686902617912,-2.2018233736028754,True
1408,대조,0,18.0,1.0,23.849999999999998,19.0,0.0,0.0,0.0,0.0,0,2.0,1.0,1.0,36.59,2.0,18.0,1,1,18.0,0.6931471805599453,3.2128577525426376,0.0,0,0.0,0.0662411748486845,-2.6459159415403635,True
1409,대조,0,3.0,9.0,434.49,184.0,5.0,12.65,0.0,0.0,0,14.98,5.0,4.0,309.99,4.0,3.0,1,1,3.0,2.302585092994046,6.076471833916409,0.029114594121844,0,0.0,0.09985901387561187,-2.1987920723503787,True
1417,대조,0,,0.0,0.0,0.0,0.0,0.0,0.0,0.0,0,0.0,0.0,0.0,0.0,0.0,90.0,0,0,90.0,0.0,0.0,0.0,0,0.0,0.02710849251609122,-3.580425517098405,True
1418,대조,0,11.0,9.0,215.78,106.0,1.0,5.99,0.0,0.0,1,13.58,2.0,2.0,142.0,2.0,11.0,1,1,11.0,2.302585092994046,5.378883014387604,0.027759755306330524,0,0.0,0.07519577279436611,-2.5094870523130974,True
1419,대조,0,1.0,110.0,1284.41,666.0,32.0,78.01,0.0,0.0,1,18.73,11.0,9.0,669.85,63.0,1.0,1,1,1.0,4.709530201312334,7.158833012586402,0.06073605780085798,0,0.0,0.08882577787363784,-2.328057222463133,True
1420,처치,1,2.0,10.0,323.3,2463.0,5.0,6.65,0.0,1.0,0,27.78,8.0,7.0,737.33,8.0,2.0,1,1,2.0,2.3978952727983707,5.781669013313272,0.020569130838230747,0,1.0,0.6913475065238,0.8064265736909257,True
1421,처치,1,2.0,28.0,532.24,46496.0,9.0,22.150000000000002,0.0,1.0,1,15.44,8.0,7.0,473.6,16.0,2.0,1,1,2.0,3.367295829986474,6.278971604245476,0.04161656395611003,0,1.0,0.6599335764127603,0.6629982261357709,True
1423,대조,0,2.0,42.0,246.11,121.0,0.0,0.0,0.0,0.0,1,6.0,6.0,1.0,139.94,11.0,2.0,1,1,2.0,3.7612001156935624,5.509833581621267,0.0,0,0.0,0.07678695761070618,-2.486825220070621,True
1424,대조,0,37.0,7.0,58.72,27.0,1.0,2.99,0.0,0.0,0,2.0,1.0,1.0,12.39,1.0,37.0,1,1,37.0,2.0794415416798357,4.089666972670989,0.05091961852861036,0,0.0,0.059981481099417,-2.7518637097907077,True
1425,대조,0,3.0,23.0,701.97,264.0,7.0,23.22,0.0,0.0,1,0.0,0.0,0.0,139.67,4.0,3.0,0,1,3.0,3.1780538303479458,6.5553142166468925,0.03307833668105474,0,0.0,0.08950920428481719,-2.3196423289081247,True
1426,처치,1,22.0,6.0,177.23,72.0,3.0,7.0,0.0,1.0,0,1.99,1.0,1.0,17.21,1.0,22.0,1,1,22.0,1.9459101490553132,5.18307485103576,0.039496699204423634,0,1.0,0.6433115277102824,0.5897663237255989,True
1428,대조,0,4.0,15.0,613.21,23978.0,16.0,43.34,0.0,0.0,1,26.17,4.0,4.0,380.24,10.0,4.0,1,1,4.0,2.772588722239781,6.420336889215765,0.07067725575251545,0,0.0,0.08556283290187393,-2.3690577643011728,True
1429,대조,0,2.0,8.0,150.73,97.0,7.0,13.51,0.0,0.0,1,0.0,0.0,0.0,22.79,4.0,2.0,0,1,2.0,2.1972245773362196,5.0221026255371495,0.08963046506999271,0,0.0,0.07021295665764049,-2.583422712498821,True
1430,대조,0,2.0,47.0,2466.17,243596.0,33.0,153.76,0.0,0.0,1,68.54,25.0,24.0,1669.91,27.0,2.0,1,1,2.0,3.871201010907891,7.810827023762009,0.06234768892655412,0,0.0,0.10196443207482796,-2.175585628128568,True
1431,대조,0,4.0,21.0,440.33,163.0,5.0,16.55,0.0,0.0,0,7.49,2.0,2.0,202.18,12.0,4.0,1,1,4.0,3.091042453358316,6.0897928949302305,0.03758544727817773,0,0.0,0.09457728067862095,-2.2589846425639406,True
1434,대조,0,2.0,41.0,700.69,327.0,17.0,43.66,0.0,0.0,0,13.870000000000001,6.0,6.0,409.48,25.0,2.0,1,1,2.0,3.7376696182833684,6.553491711052234,0.06231000870570437,0,0.0,0.09660436021647528,-2.2355367197407947,True
1437,대조,0,1.0,24.0,758.71,448.0,16.0,37.75,0.0,0.0,1,26.64,15.0,14.0,449.77,7.0,1.0,1,1,1.0,3.2188758248682006,6.632936781513237,0.04975550605633246,0,0.0,0.08975490848720354,-2.316631178042338,True
1438,대조,0,11.0,4.0,365.72,114.0,3.0,14.760000000000002,0.0,0.0,1,15.75,5.0,4.0,307.8,3.0,11.0,1,1,11.0,1.6094379124341003,5.9045986140863205,0.04035874439461883,0,0.0,0.08362555014435201,-2.394075972061572,True
1440,대조,0,76.0,1.0,43.78,21.0,1.0,1.58,0.0,0.0,0,0.0,0.0,0.0,60.21,2.0,76.0,0,1,76.0,0.6931471805599453,3.8017616111706087,0.036089538602101415,0,0.0,0.05050314718818035,-2.9338965607751755,True
1443,대조,0,2.0,35.0,405.14,149.0,10.0,20.2,0.0,0.0,1,19.07,7.0,4.0,148.73,14.0,2.0,1,1,2.0,3.58351893845611,6.006697927748571,0.049859307893567656,0,0.0,0.07938522968898104,-2.4507293485964827,True
1445,대조,0,3.0,21.0,553.32,169.0,15.0,103.64999999999999,0.0,0.0,1,52.75,8.0,7.0,466.73,11.0,3.0,1,1,3.0,3.091042453358316,6.317742137319126,0.1873237909347213,0,0.0,0.07329727795064638,-2.5371093534776468,True
1446,대조,0,4.0,6.0,331.74,158.0,5.0,19.85,0.0,0.0,0,5.98,2.0,2.0,303.91,5.0,4.0,1,1,4.0,1.9459101490553132,5.807361404231597,0.05983601615723157,0,0.0,0.09399736080234362,-2.265775513755395,True
1447,대조,0,,0.0,0.0,0.0,0.0,0.0,0.0,0.0,0,2.79,1.0,1.0,55.72,4.0,90.0,1,1,90.0,0.0,0.0,0.0,0,0.0,0.02710849251609122,-3.580425517098405,True
1448,대조,0,1.0,6.0,367.48,143.0,10.0,40.36,0.0,0.0,0,3.69,1.0,1.0,236.19,13.0,1.0,1,1,1.0,1.9459101490553132,5.909386436072375,0.10982910634592358,0,0.0,0.0919878631733667,-2.289601098743176,True
1451,대조,0,13.0,31.0,882.99,49330.0,18.0,60.5,0.0,0.0,1,50.28,14.0,12.0,394.53000000000003,17.0,13.0,1,1,13.0,3.4657359027997265,6.784445750356466,0.06851719725025199,0,0.0,0.08324394330326781,-2.399066040534511,True
1452,처치,1,2.0,79.0,360.1,413.0,3.0,7.550000000000001,0.0,1.0,1,4.46,3.0,3.0,199.74,39.0,2.0,1,1,2.0,4.382026634673881,5.889154928283412,0.020966398222715912,0,1.0,0.6367411930992155,0.5612477358521183,True
1454,대조,0,17.0,5.0,135.84,69.0,1.0,1.5,0.0,0.0,1,11.98,7.0,5.0,524.36,19.0,17.0,1,1,17.0,1.791759469228055,4.918812360109404,0.011042402826855124,0,0.0,0.07085608315909964,-2.5736128205412587,True
1456,대조,0,2.0,19.0,325.17,164.0,7.0,12.54,0.0,0.0,0,6.17,4.0,3.0,340.79,6.0,2.0,1,1,2.0,2.995732273553991,5.787418717839867,0.03856444321431866,0,0.0,0.09161809345942483,-2.2940361130661935,True
1458,대조,0,3.0,15.0,414.68,28728.0,7.0,26.1,0.0,0.0,0,11.0,9.0,9.0,189.1,8.0,3.0,1,1,3.0,2.772588722239781,6.029915733482235,0.06294009838911932,0,0.0,0.09326709001329889,-2.2743806177863752,True
1459,대조,0,15.0,10.0,475.72,181.0,6.0,27.16,0.0,0.0,0,69.72999999999999,12.0,9.0,586.86,9.0,15.0,1,1,15.0,2.3978952727983707,6.166929316438724,0.05709240729841083,0,0.0,0.09165773573530628,-2.293559874689011,True
1460,대조,0,15.0,8.0,305.39,7024.0,4.0,15.17,1.0,1.0,0,4.66,2.0,2.0,189.13,4.0,15.0,1,1,15.0,2.1972245773362196,5.724858800258117,0.049674187105013264,1,1.0,0.5115147109150235,0.04606698875358851,True
1461,대조,0,1.0,44.0,1352.79,44499.0,20.0,70.84,0.0,0.0,1,19.990000000000002,6.0,4.0,489.02,20.0,1.0,1,1,1.0,3.8066624897703196,7.210663345431773,0.05236585131469038,0,0.0,0.0948235158114151,-2.2561124992587076,True
1462,대조,0,6.0,19.0,657.57,10081.0,20.0,48.57,0.0,0.0,1,6.78,3.0,3.0,413.46,11.0,6.0,1,1,6.0,2.995732273553991,6.490070817735631,0.0738628587070578,0,0.0,0.08424397660582603,-2.386032906806541,True
1463,처치,1,5.0,20.0,604.1,96493.0,5.0,7.1,0.0,1.0,0,5.08,4.0,4.0,224.26,9.0,5.0,1,1,5.0,3.044522437723423,6.405393733628276,0.011753021023009435,0,1.0,0.7041052618866224,0.8669240881099946,True
1464,대조,0,11.0,17.0,492.87,20449.0,9.0,18.06,0.0,0.0,0,5.58,4.0,4.0,153.91,7.0,11.0,1,1,11.0,2.8903717578961645,6.202272324661071,0.036642522368981675,0,0.0,0.0937565563453281,-2.2686063747993725,True
1467,대조,0,2.0,91.0,236.25,223.0,1.0,2.0,0.0,0.0,1,0.0,0.0,0.0,121.44,68.0,2.0,0,1,2.0,4.5217885770490405,5.469114437490037,0.008465608465608466,0,0.0,0.07252042653118244,-2.5486025035892865,True
1468,처치,1,44.0,3.0,171.61,60.0,2.0,3.98,0.0,0.0,1,0.0,0.0,0.0,0.0,0.0,44.0,0,0,44.0,1.3862943611198906,5.151034714398598,0.02319212167123128,0,0.0,0.06384040263292959,-2.68539971192151,True
1473,대조,0,3.0,13.0,479.63,176.0,7.0,32.25,0.0,0.0,0,20.16,7.0,7.0,419.67,11.0,3.0,1,1,3.0,2.6390573296152584,6.175097743326733,0.06723933031711944,0,0.0,0.09561800044559912,-2.246890745502041,True
1474,대조,0,22.0,1.0,33.71,15.0,1.0,2.99,0.0,0.0,1,13.86,7.0,6.0,206.55,6.0,22.0,1,1,22.0,0.6931471805599453,3.547027829873695,0.08869771581133196,0,0.0,0.05397946973677321,-2.863660486783435,True
1475,대조,0,3.0,40.0,1654.35,59552.0,39.0,90.72,0.0,0.0,1,32.78,11.0,11.0,1007.99,23.0,3.0,1,1,3.0,3.713572066704308,7.411767745814881,0.05483724725723094,0,0.0,0.09697901481385005,-2.231251179582966,True
1476,처치,1,2.0,56.0,1512.38,175867.0,25.0,90.37,0.0,1.0,0,61.31,19.0,17.0,582.58,23.0,2.0,1,1,2.0,4.04305126783455,7.3221008388962385,0.059753501104219835,0,1.0,0.7160873553023169,0.9251355623775496,True
1479,대조,0,1.0,60.0,828.86,384.0,16.0,32.44,0.0,0.0,1,46.3,25.0,24.0,782.42,55.0,1.0,1,1,1.0,4.110873864173311,6.7212570118646715,0.03913809328475255,0,0.0,0.08773020823122088,-2.341669480950999,True
1481,대조,0,1.0,10.0,173.48000000000002,60.0,1.0,2.5,0.0,0.0,1,1.5,1.0,1.0,226.3,8.0,1.0,1,1,1.0,2.3978952727983707,5.161810121893374,0.0144108830989163,0,0.0,0.07750857283570435,-2.4766895353481067,True
1484,대조,0,13.0,11.0,514.69,285.0,12.0,33.03,0.0,0.0,1,1.62,1.0,1.0,151.83,7.0,13.0,1,1,13.0,2.4849066497880004,6.2455058097500356,0.06417455167188016,0,0.0,0.08107993507499686,-2.427763617246468,True
1485,대조,0,25.0,9.0,282.09,74.0,1.0,2.99,0.0,1.0,1,8.57,4.0,3.0,144.24,4.0,25.0,1,1,25.0,2.302585092994046,5.645764868286627,0.010599454074940623,0,1.0,0.6266109641347266,0.5177050084842545,True
1488,대조,0,2.0,10.0,399.24,205.0,2.0,4.25,0.0,0.0,1,16.42,8.0,7.0,195.71,7.0,2.0,1,1,2.0,2.3978952727983707,5.99206436717995,0.010645225929265605,0,0.0,0.08810599306392564,-2.336983206529662,True
1489,대조,0,2.0,93.0,2814.73,126442.0,66.0,190.46,0.0,0.0,0,82.73,53.0,34.0,1152.31,42.0,2.0,1,1,2.0,4.543294782270004,7.942976831999268,0.06766545991977917,0,0.0,0.11374589732067494,-2.053036717422909,True
1490,처치,1,3.0,30.0,608.37,33071.0,25.0,56.46,0.0,1.0,0,19.66,9.0,9.0,188.15,7.0,3.0,1,1,3.0,3.4339872044851463,6.412425636590244,0.09280536515607278,0,1.0,0.6816426494515792,0.7613310503941012,True
1491,대조,0,1.0,50.0,947.13,428.0,35.0,118.86,0.0,0.0,1,37.7,14.0,13.0,550.85,26.0,1.0,1,1,1.0,3.9318256327243257,6.85449162365514,0.12549491622058218,0,0.0,0.08237917790943508,-2.4104515477523596,True
1492,처치,1,1.0,13.0,210.7,95.0,2.0,4.279999999999999,0.0,0.0,1,4.01,2.0,2.0,144.37,10.0,1.0,1,1,1.0,2.6390573296152584,5.35517017814082,0.020313241575700046,0,0.0,0.07834891822755546,-2.4649945538926774,True
1493,대조,0,22.0,6.0,341.87,149.0,7.0,25.96,0.0,0.0,0,2.0,1.0,1.0,92.12,4.0,22.0,1,1,22.0,1.9459101490553132,5.837351366577616,0.07593529704273555,0,0.0,0.08417554645067489,-2.3869202448445757,True
1494,대조,0,26.0,10.0,265.34000000000003,145.0,4.0,12.86,0.0,0.0,1,17.810000000000002,7.0,7.0,268.46,8.0,26.0,1,1,26.0,2.3978952727983707,5.584773688073999,0.04846611894173512,0,0.0,0.06953178495589793,-2.5939039309732346,True
1495,대조,0,1.0,26.0,267.66,183.0,4.0,6.99,0.0,0.0,0,0.0,0.0,0.0,140.82,10.0,1.0,0,1,1.0,3.295836866004329,5.593446639634867,0.026115220802510646,0,0.0,0.08914952774578,-2.324063700957134,True
1499,대조,0,9.0,14.0,310.13,150.0,8.0,23.42,0.0,0.0,1,30.3,19.0,11.0,210.49,8.0,9.0,1,1,9.0,2.70805020110221,5.740210831269753,0.0755167187953439,0,0.0,0.0747140329760763,-2.5164349109991857,True
1501,대조,0,1.0,36.0,1646.67,186673.0,10.0,21.28,0.0,0.0,0,6.92,5.0,3.0,467.2,14.0,1.0,1,1,1.0,3.6109179126442243,7.40711744769972,0.012923050763055135,0,0.0,0.117265934707941,-2.0185796816481707,True
1505,대조,0,10.0,17.0,772.74,336.0,6.0,12.26,0.0,0.0,1,5.98,4.0,3.0,263.96,3.0,10.0,1,1,10.0,2.8903717578961645,6.651235899844207,0.01586562103682998,0,0.0,0.09048463448183644,-2.3077318407232044,True
1506,대조,0,1.0,18.0,530.42,247.0,7.0,13.82,0.0,0.0,0,3.9800000000000004,2.0,2.0,204.89000000000001,10.0,1.0,1,1,1.0,2.9444389791664403,6.275552669049547,0.02605482447871498,0,0.0,0.10090104792425444,-2.187252784387999,True
1508,처치,1,29.0,6.0,151.05,15442.0,2.0,13.780000000000001,0.0,0.0,0,0.0,0.0,0.0,46.88,2.0,29.0,0,1,29.0,1.9459101490553132,5.024209414123374,0.0912280701754386,0,0.0,0.07011076689533895,-2.5849890992475535,True
1509,대조,0,1.0,26.0,792.0500000000001,69535.0,7.0,21.330000000000002,0.0,0.0,1,2.29,1.0,1.0,499.54,19.0,1.0,1,1,1.0,3.295836866004329,6.675886271349569,0.026930118048103024,0,0.0,0.09221340879871248,-2.2869037676156596,True
1510,대조,0,1.0,189.0,1514.94,43529.0,18.0,50.61,0.0,0.0,0,48.81,17.0,17.0,798.46,103.0,1.0,1,1,1.0,5.247024072160486,7.323790987582682,0.0334072636540061,0,0.0,0.10401118291360481,-2.1534295105905996,True
1511,대조,0,2.0,22.0,480.26,216.0,13.0,33.52,0.0,0.0,0,9.09,6.0,5.0,176.12,14.0,2.0,1,1,2.0,3.1354942159291497,6.176407664606888,0.06979552742264608,0,0.0,0.09338348099696235,-2.2730050925640235,True
1512,대조,0,17.0,1.0,14.51,5.0,0.0,0.0,0.0,1.0,0,5.22,3.0,3.0,217.25,5.0,17.0,1,1,17.0,0.6931471805599453,2.7414849771884473,0.0,0,1.0,0.5804929281221312,0.32479723503440905,True
1515,대조,0,2.0,12.0,902.54,364.0,18.0,46.230000000000004,0.0,0.0,0,19.97,7.0,7.0,333.81,7.0,2.0,1,1,2.0,2.5649493574615367,6.806320381326783,0.051222106499434934,0,0.0,0.10810153339435635,-2.110281389919749,True
1517,대조,0,1.0,18.0,310.42,164.0,3.0,6.09,0.0,0.0,1,7.38,5.0,4.0,339.17,10.0,1.0,1,1,1.0,2.9444389791664403,5.741142483413278,0.019618581276979574,0,0.0,0.08192058930856622,-2.4165335359269964,True
1518,처치,1,,0.0,0.0,0.0,0.0,0.0,0.0,0.0,0,0.0,0.0,0.0,46.25,3.0,90.0,0,1,90.0,0.0,0.0,0.0,0,0.0,0.02710849251609122,-3.580425517098405,True
1520,대조,0,1.0,27.0,556.38,117495.0,13.0,23.98,0.0,0.0,0,4.58,2.0,1.0,151.21,7.0,1.0,1,1,1.0,3.332204510175204,6.323247233528621,0.04310003954132068,0,0.0,0.09777980824434697,-2.2221405092440523,True
1524,대조,0,5.0,3.0,175.70000000000002,78.0,2.0,4.79,0.0,0.0,1,7.7,4.0,4.0,297.74,7.0,5.0,1,1,5.0,1.3862943611198906,5.174453379325651,0.027262379055207737,0,0.0,0.0791543087598612,-2.4538932546728334,True
1526,대조,0,4.0,30.0,435.66,264.0,6.0,4.1,0.0,0.0,0,6.1,6.0,6.0,252.39000000000001,14.0,4.0,1,1,4.0,3.4339872044851463,6.07915486023497,0.009411008584676122,0,0.0,0.09554469044701731,-2.2477387937852433,True
1527,처치,1,1.0,42.0,2548.42,102961.0,26.0,101.14,0.0,1.0,1,69.42,25.0,20.0,1306.4,24.0,1.0,1,1,1.0,3.7612001156935624,7.843621161301183,0.03968733568250132,0,1.0,0.7138450405293836,0.9141324282930502,True
1528,처치,1,9.0,34.0,1220.16,38562.0,19.0,56.56,0.0,1.0,1,36.65,22.0,17.0,793.36,21.0,9.0,1,1,9.0,3.5553480614894135,7.107556505656737,0.0463545764489903,0,1.0,0.6782069021107427,0.7455436208622837,True
1529,대조,0,5.0,41.0,1434.25,92772.0,23.0,61.42,0.0,0.0,1,18.01,7.0,6.0,699.05,24.0,5.0,1,1,5.0,3.7376696182833684,7.269094329047746,0.04282377549241764,0,0.0,0.09494795097829414,-2.25466359775929,True
1532,대조,0,38.0,7.0,170.73000000000002,19796.0,1.0,1.29,0.0,0.0,0,6.49,1.0,1.0,58.82000000000001,1.0,38.0,1,1,38.0,2.0794415416798357,5.145923475995771,0.007555789843612722,0,0.0,0.07399068404710842,-2.526945100995954,True
1535,대조,0,2.0,31.0,1087.66,12914.0,20.0,45.11,0.0,0.0,0,29.84,16.0,12.0,630.72,22.0,2.0,1,1,2.0,3.4657359027997265,6.992702861144837,0.04147435779563466,0,0.0,0.10715027107274261,-2.120186038279193,True
1536,대조,0,1.0,25.0,761.19,86901.0,9.0,19.87,0.0,1.0,1,76.13,69.0,26.0,533.7,9.0,1.0,1,1,1.0,3.258096538021482,6.63619586843766,0.02610386368712148,0,1.0,0.6801535129347228,0.7544773742407405,True
1537,대조,0,8.0,15.0,194.68,14385.0,0.0,0.0,0.0,0.0,1,3.0,1.0,1.0,204.39,8.0,8.0,1,1,8.0,2.772588722239781,5.276480671938862,0.0,0,0.0,0.0755810317870402,-2.5039600482593993,True
1540,대조,0,2.0,25.0,591.51,366.0,13.0,36.53,0.0,0.0,1,13.79,7.0,4.0,332.7,14.0,2.0,1,1,2.0,3.258096538021482,6.3843677505039915,0.06175719768051259,0,0.0,0.08460551118160398,-2.381355699203054,True
1541,대조,0,4.0,19.0,1286.5,490.0,40.0,98.9,0.0,0.0,1,62.19,25.0,24.0,594.85,8.0,4.0,1,1,4.0,2.995732273553991,7.1604576325378915,0.07687524290711233,0,0.0,0.09417832507044145,-2.2636523995686444,True
1542,대조,0,7.0,18.0,314.16,118.0,2.0,5.32,0.0,1.0,0,1.79,1.0,1.0,242.98,15.0,7.0,1,1,7.0,2.9444389791664403,5.753080446377488,0.01693404634581105,0,1.0,0.6778353803354786,0.7438418004948565,True
1544,처치,1,36.0,7.0,258.58,11706.0,2.0,5.99,0.0,1.0,0,0.0,0.0,0.0,18.15,1.0,36.0,0,1,36.0,2.0794415416798357,5.559064940259613,0.02316497795653183,0,1.0,0.6414660150764826,0.5817327522730339,True
1545,대조,0,3.0,23.0,540.67,215.0,13.0,39.730000000000004,0.0,0.0,1,21.18,7.0,5.0,388.89,16.0,3.0,1,1,3.0,3.1780538303479458,6.294656959922947,0.07348290084524757,0,0.0,0.08228474212433413,-2.4117014687901794,True
1546,대조,0,1.0,12.0,556.95,413.0,20.0,34.63,0.0,0.0,0,16.2,11.0,10.0,286.67,7.0,1.0,1,1,1.0,2.5649493574615367,6.324269352631711,0.06217793338719813,0,0.0,0.09981735546487963,-2.1992556104556176,True
1547,대조,0,,0.0,0.0,0.0,0.0,0.0,0.0,0.0,0,0.0,0.0,0.0,69.92999999999999,6.0,90.0,0,1,90.0,0.0,0.0,0.0,0,0.0,0.02710849251609122,-3.580425517098405,True
1549,처치,1,5.0,18.0,188.2,99.0,3.0,5.279999999999999,0.0,1.0,1,2.0,1.0,2.0,94.63,9.0,5.0,1,1,5.0,2.9444389791664403,5.2428046566177775,0.028055260361317745,0,1.0,0.6247694493172958,0.509842061712967,True
1551,대조,0,,0.0,0.0,0.0,0.0,0.0,0.0,1.0,0,0.0,0.0,0.0,0.0,0.0,90.0,0,0,90.0,0.0,0.0,0.0,0,1.0,0.36923616911493395,-0.5354950509484101,True
1555,대조,0,16.0,15.0,231.19,133.0,7.0,16.1,0.0,0.0,0,11.39,5.0,5.0,263.89,11.0,16.0,1,1,16.0,2.772588722239781,5.447556002014275,0.06963969029802328,0,0.0,0.07879815636293686,-2.4587895691067074,True
1556,대조,0,1.0,18.0,828.07,526.0,20.0,43.75,0.0,0.0,1,10.77,6.0,6.0,222.31,8.0,1.0,1,1,1.0,2.9444389791664403,6.7203045906537495,0.05283369763425797,0,0.0,0.09201942694703817,-2.2892232658310983,True
1557,대조,0,2.0,24.0,910.73,63995.0,12.0,31.18,0.0,0.0,1,42.53,18.0,12.0,865.98,21.0,2.0,1,1,2.0,3.2188758248682006,6.815343893610521,0.03423627200158115,0,0.0,0.0933642380444917,-2.2732324023648576,True
1563,대조,0,3.0,22.0,1271.6200000000001,520.0,18.0,34.4,0.0,0.0,1,0.0,0.0,0.0,205.97,12.0,3.0,0,1,3.0,3.1354942159291497,7.148833046532499,0.02705210676145389,0,0.0,0.09893943373608438,-2.2090645940307336,True
1566,대조,0,3.0,8.0,140.65,37.0,0.0,0.0,0.0,0.0,1,3.67,2.0,2.0,291.31,9.0,3.0,1,1,3.0,2.1972245773362196,4.953359226276525,0.0,0,0.0,0.07619512051181292,-2.4952034545930024,True
1567,대조,0,10.0,12.0,384.07,219.0,1.0,4.0,0.0,0.0,1,0.0,0.0,0.0,144.27,4.0,10.0,0,1,10.0,2.5649493574615367,5.95342513594268,0.010414768141224256,0,0.0,0.08311233060043896,-2.4007918932939316,True
1568,대조,0,5.0,15.0,702.38,324.0,18.0,45.61,0.0,0.0,1,8.57,4.0,3.0,91.44,2.0,5.0,1,1,5.0,2.772588722239781,6.555897286311792,0.06493635923574134,0,0.0,0.08744990256986351,-2.345176897902852,True
1569,처치,1,5.0,7.0,199.65,86.0,2.0,7.470000000000001,0.0,1.0,0,10.899999999999999,6.0,6.0,118.92,10.0,5.0,1,1,5.0,2.0794415416798357,5.301562096712925,0.03741547708489858,0,1.0,0.6694671008716966,0.7057758262334094,True
1572,대조,0,,0.0,0.0,0.0,0.0,0.0,0.0,0.0,1,0.0,0.0,0.0,0.0,0.0,90.0,0,0,90.0,0.0,0.0,0.0,0,0.0,0.023512902683933398,-3.7264122161781996,True
1575,대조,0,10.0,3.0,44.53,23.0,2.0,3.0,0.0,0.0,0,11.120000000000001,6.0,5.0,156.48,5.0,10.0,1,1,10.0,1.3862943611198906,3.818371449346691,0.06737031214911296,0,0.0,0.06813359244993668,-2.6157190921374687,True
1577,대조,0,6.0,7.0,548.6,286.0,23.0,39.89,0.0,0.0,0,12.47,5.0,4.0,174.65,4.0,6.0,1,1,6.0,2.0794415416798357,6.309190740908139,0.07271235873131608,0,0.0,0.09837440456984115,-2.2154186971583205,True
1578,대조,0,5.0,22.0,566.3,4661.0,11.0,15.010000000000002,0.0,0.0,1,5.17,3.0,3.0,290.35,9.0,5.0,1,1,5.0,3.1354942159291497,6.340888264332522,0.026505385837895114,0,0.0,0.08645138786398687,-2.35775432370726,True
1579,처치,1,2.0,76.0,1843.34,155338.0,17.0,43.4,0.0,1.0,0,38.98,23.0,19.0,966.88,46.0,2.0,1,1,2.0,4.343805421853684,7.51987676889905,0.023544218646587175,0,1.0,0.7278632476210297,0.9838084778262562,True
1580,대조,0,2.0,5.0,26.25,32.0,0.0,0.0,0.0,0.0,1,5.5,5.0,5.0,144.81,16.0,2.0,1,1,2.0,1.791759469228055,3.305053521109253,0.0,0,0.0,0.06033043400135651,-2.7456916017142166,True
1581,대조,0,,0.0,0.0,0.0,0.0,0.0,0.0,0.0,0,0.0,0.0,0.0,0.0,0.0,90.0,0,0,90.0,0.0,0.0,0.0,0,0.0,0.02710849251609122,-3.580425517098405,True
1584,처치,1,1.0,51.0,1171.73,21667.0,29.0,115.62,0.0,1.0,0,113.58,36.0,31.0,912.29,38.0,1.0,1,1,1.0,3.9512437185814275,7.0670896431300845,0.09867460933832879,0,1.0,0.6999710660706467,0.8471600835676127,True
1585,대조,0,10.0,23.0,1215.93,393.0,11.0,28.950000000000003,0.0,0.0,1,11.48,4.0,4.0,395.48,8.0,10.0,1,1,10.0,3.1780538303479458,7.1040865728451905,0.023808936369692335,0,0.0,0.09474266405273213,-2.2570548356738294,True
1586,대조,0,10.0,13.0,363.09000000000003,123.0,4.0,10.92,0.0,0.0,0,8.26,3.0,3.0,223.13,8.0,10.0,1,1,10.0,2.6390573296152584,5.89740108982207,0.03007518796992481,0,0.0,0.09179380374767944,-2.29192664315781,True
1587,대조,0,9.0,6.0,131.08,83.0,0.0,0.0,0.0,0.0,0,0.0,0.0,0.0,152.0,8.0,9.0,0,1,9.0,1.9459101490553132,4.883407799611873,0.0,0,0.0,0.08455270522000839,-2.3820377222445006,True
1588,대조,0,2.0,39.0,585.67,272.0,5.0,13.67,0.0,0.0,1,9.98,3.0,3.0,404.71,24.0,2.0,1,1,2.0,3.6888794541139363,6.374462481166128,0.023340789181621052,0,0.0,0.08603268310832356,-2.36306755228924,True
1591,대조,0,6.0,6.0,420.87,217.0,8.0,15.52,0.0,0.0,1,6.0,4.0,2.0,217.65,5.0,6.0,1,1,6.0,1.9459101490553132,6.044697209704709,0.03687599496281512,0,0.0,0.08657508273052741,-2.356189134187739,True
1592,대조,0,7.0,4.0,122.94,30.0,2.0,7.38,0.0,0.0,0,17.26,5.0,5.0,95.77,2.0,7.0,1,1,7.0,1.6094379124341003,4.819797577533961,0.060029282576866766,0,0.0,0.08076444866433646,-2.4320055252501804,True
1593,대조,0,6.0,7.0,286.91,103.0,7.0,18.54,0.0,0.0,0,9.34,5.0,4.0,85.45,2.0,6.0,1,1,6.0,2.0794415416798357,5.662647931297646,0.06461956711163779,0,0.0,0.08982051524345784,-2.3158284120153856,True
1594,대조,0,30.0,9.0,345.43,165.0,6.0,17.29,0.0,0.0,0,3.52,4.0,1.0,77.98,2.0,30.0,1,1,30.0,2.302585092994046,5.847680778019108,0.05005355643690473,0,0.0,0.08141436038146686,-2.4232834639585112,True
1595,대조,0,1.0,17.0,725.16,59889.0,8.0,15.42,0.0,0.0,1,0.0,0.0,0.0,413.59,13.0,1.0,0,1,1.0,2.8903717578961645,6.587770376218372,0.021264272712229026,0,0.0,0.09352892132854462,-2.2712884178097994,True
1598,대조,0,3.0,72.0,1516.3600000000001,57051.0,16.0,65.84,0.0,0.0,0,31.13,13.0,10.0,664.8100000000001,29.0,3.0,1,1,3.0,4.290459441148391,7.324727261676067,0.04341976839272996,0,0.0,0.10711046294888397,-2.120602208565309,True
1599,대조,0,2.0,16.0,771.48,392.0,15.0,36.83,0.0,0.0,0,13.72,9.0,9.0,319.63,5.0,2.0,1,1,2.0,2.833213344056216,6.649606118469112,0.04773940996526157,0,0.0,0.10445814975172724,-2.1486424440080762,True
1604,대조,0,6.0,17.0,95.39,48.0,2.0,3.0,0.0,0.0,1,4.66,8.0,4.0,82.28999999999999,13.0,6.0,1,1,6.0,2.8903717578961645,4.568402461795877,0.03144983750917287,0,0.0,0.0655849773211863,-2.6565740238235485,True
1605,대조,0,9.0,10.0,255.42000000000002,149.0,7.0,18.52,0.0,0.0,0,0.0,0.0,0.0,19.35,1.0,9.0,0,1,9.0,2.3978952727983707,5.546816725124555,0.07250802599639808,0,0.0,0.08459446280421197,-2.38149836415372,True
1607,처치,1,4.0,15.0,334.21000000000004,255.0,3.0,10.47,0.0,1.0,0,22.36,17.0,5.0,605.49,13.0,4.0,1,1,4.0,2.772588722239781,5.814757201098495,0.03132760838993447,0,1.0,0.6825112567804495,0.7653366570966968,True
1609,대조,0,2.0,50.0,3747.03,322434.0,71.0,280.42,0.0,0.0,1,108.29,32.0,30.0,2883.85,26.0,2.0,1,1,2.0,3.9318256327243257,8.228985647595222,0.0748379383138112,0,0.0,0.10690137390244936,-2.1227903481667063,True
1615,대조,0,4.0,6.0,278.6,170.0,8.0,17.09,0.0,0.0,0,2.69,1.0,1.0,30.310000000000002,2.0,4.0,1,1,4.0,1.9459101490553132,5.633360010359655,0.0613424264178033,0,0.0,0.09135925067836062,-2.297150256774377,True
1618,대조,0,5.0,20.0,1043.38,84856.0,20.0,68.52,0.0,0.0,1,19.53,7.0,5.0,278.83,5.0,5.0,1,1,5.0,3.044522437723423,6.951178686890562,0.06567118403649676,0,0.0,0.0915505013630755,-2.2948485511689944,True
1619,대조,0,1.0,20.0,521.84,55578.0,8.0,23.950000000000003,0.0,0.0,0,21.96,7.0,5.0,320.77,17.0,1.0,1,1,1.0,3.044522437723423,6.259275489917351,0.0458952935765752,0,0.0,0.09802553092989881,-2.2193582504276494,True
1620,처치,1,2.0,49.0,1521.26,17582.0,35.0,97.52,0.0,0.0,0,49.99,30.0,24.0,832.68,30.0,2.0,1,1,2.0,3.912023005428146,7.327951351690295,0.06410475526865887,0,0.0,0.10753100027538307,-2.116212598197973,True
1621,대조,0,7.0,7.0,452.11,208.0,9.0,13.18,0.0,0.0,0,0.0,0.0,0.0,61.84,4.0,7.0,0,1,7.0,2.0794415416798357,6.1161349216127325,0.029152197474066045,0,0.0,0.09950289005844139,-2.202760265661604,True
1624,대조,0,19.0,7.0,46.77,13.0,1.0,2.5,0.0,0.0,0,0.0,0.0,0.0,22.71,4.0,19.0,0,1,19.0,2.0794415416798357,3.8663978274018707,0.05345306820611503,0,0.0,0.06382833030756706,-2.68560172695326,True
1627,대조,0,20.0,5.0,78.63,50.0,4.0,13.0,0.0,0.0,1,0.0,0.0,0.0,0.0,0.0,20.0,0,0,20.0,1.791759469228055,4.377390906269353,0.16533129848658273,0,0.0,0.05386956620023764,-2.865814754883416,True
1630,대조,0,3.0,26.0,1196.85,340.0,10.0,75.93,0.0,0.0,0,43.55,15.0,10.0,671.66,10.0,3.0,1,1,3.0,3.295836866004329,7.088283562154998,0.06344153402682041,0,0.0,0.10661302346105972,-2.125814155824509,True
1631,대조,0,1.0,55.0,1842.71,1168.0,67.0,142.63,0.0,0.0,1,71.17999999999999,51.0,42.0,964.58,25.0,1.0,1,1,1.0,4.02535169073515,7.519535124937538,0.0774023042149877,0,0.0,0.09569108889191949,-2.246045838751672,True
1632,대조,0,9.0,14.0,451.73,28359.0,8.0,30.52,0.0,0.0,0,4.0,2.0,1.0,55.98,4.0,9.0,1,1,9.0,2.70805020110221,6.115295921298569,0.06756248201359219,0,0.0,0.09135049640920433,-2.2972557182571416,True
1634,처치,1,10.0,12.0,734.61,414.0,13.0,26.18,0.0,1.0,1,52.57,22.0,21.0,476.04,7.0,10.0,1,1,10.0,2.5649493574615367,6.600700086982516,0.03563795755570983,0,1.0,0.6735837431603102,0.7244389000298862,True
1639,대조,0,1.0,32.0,703.32,476.0,19.0,39.16,0.0,0.0,0,15.780000000000001,10.0,8.0,208.28,13.0,1.0,1,1,1.0,3.4965075614664802,6.557232798338097,0.05567878064039128,0,0.0,0.09913354113552816,-2.2068891907219808,True
1640,대조,0,4.0,30.0,1049.95,74544.0,11.0,69.81,0.0,0.0,0,21.99,3.0,3.0,357.18,13.0,4.0,1,1,4.0,3.4339872044851463,6.957449796005989,0.06648888042287728,0,0.0,0.10286667823646042,-2.1657707180082912,True
1646,대조,0,1.0,16.0,236.52,42.0,2.0,6.9,0.0,0.0,0,13.49,2.0,2.0,102.99000000000001,9.0,1.0,1,1,1.0,2.833213344056216,5.470251830455505,0.02917300862506342,0,0.0,0.08937027185886631,-2.3213482717930325,True
1648,대조,0,6.0,6.0,353.84000000000003,159.0,5.0,14.08,0.0,0.0,1,16.12,16.0,7.0,708.94,18.0,6.0,1,1,6.0,1.9459101490553132,5.8716669836523865,0.03979199638254578,0,0.0,0.08401045764904701,-2.3890636610451885,True
1651,대조,0,2.0,7.0,218.83,101.0,1.0,3.0,0.0,0.0,0,3.0,1.0,1.0,164.39,4.0,2.0,1,1,2.0,2.0794415416798357,5.392854520372025,0.0137092720376548,0,0.0,0.09298217517912874,-2.2777542923830745,True
1653,대조,0,1.0,74.0,2541.66,127618.0,48.0,131.28,0.0,0.0,1,77.74,41.0,26.0,1481.29,50.0,1.0,1,1,1.0,4.31748811353631,7.840966056129518,0.05165128301975874,0,0.0,0.10172660654931295,-2.1781855821915226,True
1659,대조,0,4.0,22.0,327.42,164.0,8.0,19.47,0.0,0.0,0,14.9,8.0,8.0,191.03,10.0,4.0,1,1,4.0,3.1354942159291497,5.794293277063692,0.05946490745831042,0,0.0,0.0880476129249955,-2.33771005743083,True
1660,대조,0,40.0,9.0,455.19,229.0,12.0,28.6,0.0,0.0,0,0.0,0.0,0.0,55.25,3.0,40.0,0,1,40.0,2.302585092994046,6.122909389399602,0.0628309057756102,0,0.0,0.07935559995258885,-2.4511348423935084,True
1663,대조,0,1.0,17.0,166.85,63949.0,0.0,0.0,0.0,0.0,0,0.0,0.0,0.0,179.64,14.0,1.0,0,1,1.0,2.8903717578961645,5.123070723426044,0.0,0,0.0,0.08712049708042947,-2.3493117083007045,True
1666,대조,0,4.0,12.0,210.65,34.0,2.0,8.48,0.0,0.0,0,0.0,0.0,0.0,89.32000000000001,6.0,4.0,0,1,4.0,2.5649493574615367,5.354933966966933,0.0402563493947306,0,0.0,0.0865816830577098,-2.3561056729714855,True
1667,대조,0,39.0,8.0,213.08,97.0,1.0,1.29,0.0,0.0,0,0.0,0.0,0.0,32.44,2.0,39.0,0,1,39.0,2.1972245773362196,5.366349776939864,0.006054064201238971,0,0.0,0.0758173536842975,-2.5005825144089915,True
1668,대조,0,4.0,21.0,462.27,57188.0,3.0,6.96,0.0,0.0,0,6.0,3.0,2.0,114.4,6.0,4.0,1,1,4.0,3.091042453358316,6.138310037466128,0.015056136024401324,0,0.0,0.097605182654874,-2.224121544555751,True
1672,대조,0,4.0,18.0,443.58,280.0,16.0,28.93,0.0,0.0,0,0.0,0.0,0.0,55.22,3.0,4.0,0,1,4.0,2.9444389791664403,6.0971300162627635,0.06521935163893773,0,0.0,0.09264727034170131,-2.281731781347499,True
1673,대조,0,8.0,19.0,776.45,12919.0,15.0,45.64,0.0,0.0,0,27.19,17.0,15.0,456.99,10.0,8.0,1,1,8.0,2.995732273553991,6.656019333303825,0.05878034644858007,0,0.0,0.09922014058720875,-2.205919874783515,True
1677,처치,1,1.0,28.0,2162.26,799.0,52.0,171.84,0.0,1.0,1,46.21,23.0,17.0,774.02,11.0,1.0,1,1,1.0,3.367295829986474,7.679371622150381,0.0794724038737247,0,1.0,0.7031683943779987,0.8624314063685776,True
1678,대조,0,6.0,22.0,871.62,9243.0,6.0,11.56,0.0,0.0,1,0.0,0.0,0.0,55.93,2.0,6.0,0,1,6.0,3.1354942159291497,6.771500180436018,0.013262660333631628,0,0.0,0.09322926057196888,-2.274828023115406,True
1681,대조,0,3.0,10.0,266.55,17607.0,7.0,18.86,0.0,0.0,0,32.54,12.0,11.0,241.82,7.0,3.0,1,1,3.0,2.3978952727983707,5.589306464757314,0.07075595573063215,0,0.0,0.08814814341457097,-2.33645869196434,True
1683,대조,0,7.0,15.0,399.85,113.0,2.0,12.98,0.0,1.0,0,0.0,0.0,0.0,41.65,3.0,7.0,0,1,7.0,2.772588722239781,5.993587292488961,0.03246217331499312,0,1.0,0.6849342822289785,0.7765416503976075,True
1685,대조,0,5.0,17.0,295.72,148.0,3.0,10.28,0.0,0.0,0,0.0,0.0,0.0,10.37,3.0,5.0,0,1,5.0,2.8903717578961645,5.692788933181335,0.03476261328283511,0,0.0,0.08970033961469548,-2.317299287256615,True
1686,대조,0,6.0,12.0,159.38,94.0,2.0,2.0,0.0,0.0,1,1.0,1.0,1.0,127.27,9.0,6.0,1,1,6.0,2.5649493574615367,5.0775459993788825,0.012548625925461162,0,0.0,0.07388699765592395,-2.5284593926118184,True
1687,대조,0,8.0,15.0,605.89,263.0,5.0,20.26,0.0,0.0,0,15.48,3.0,3.0,250.86,7.0,8.0,1,1,8.0,2.772588722239781,6.4083475555269525,0.03343841291323508,0,0.0,0.09930652665467418,-2.2049536970364514,True
1689,대조,0,5.0,18.0,236.35,17723.0,1.0,1.0,0.0,0.0,1,6.75,5.0,4.0,153.68,9.0,5.0,1,1,5.0,2.9444389791664403,5.469535844997327,0.0042310133276919825,0,0.0,0.07810452667807205,-2.4683838324382394,True
1692,대조,0,4.0,15.0,130.55,4542.0,2.0,3.71,0.0,0.0,1,14.29,9.0,9.0,236.05,16.0,4.0,1,1,4.0,2.772588722239781,4.879387007486302,0.02841823056300268,0,0.0,0.07035567827458347,-2.5812385682988177,True
1694,대조,0,2.0,38.0,1199.77,10142.0,28.0,57.7,0.0,0.0,1,9.719999999999999,8.0,7.0,505.97,16.0,2.0,1,1,2.0,3.6635616461296463,7.090718296662726,0.04809255107228886,0,0.0,0.09372442278259278,-2.268984624932035,True
1695,대조,0,20.0,9.0,56.09,37.0,2.0,6.779999999999999,0.0,0.0,1,15.98,2.0,2.0,73.66,12.0,20.0,1,1,20.0,2.302585092994046,4.044628969976168,0.12087716170440362,0,0.0,0.05215213120211872,-2.9000289660428065,True
1696,대조,0,3.0,11.0,633.57,240.0,19.0,73.8,0.0,0.0,1,19.9,8.0,6.0,225.42000000000002,5.0,3.0,1,1,3.0,2.4849066497880004,6.452947604158345,0.11648278801079595,0,0.0,0.08357825359442324,-2.394693318768871,True
1703,대조,0,12.0,9.0,160.31,93.0,8.0,22.82,0.0,0.0,0,3.0,2.0,1.0,110.24000000000001,5.0,12.0,1,1,12.0,2.302585092994046,5.083327979489696,0.14234919842804566,0,0.0,0.07208612533016404,-2.5550773317136826,True
1705,처치,1,11.0,23.0,256.38,6833.0,3.0,5.08,0.0,0.0,0,8.3,6.0,6.0,111.3,15.0,11.0,1,1,11.0,3.1780538303479458,5.550553592065519,0.019814338091894843,0,0.0,0.08497897508222316,-2.376543169143819,True
1707,처치,1,2.0,101.0,1159.26,578.0,12.0,42.27,0.0,1.0,1,5.39,1.0,1.0,228.75,39.0,2.0,1,1,2.0,4.624972813284271,7.056399396916292,0.036462915998136745,0,1.0,0.674179653714176,0.7271504794811682,True
1708,대조,0,4.0,13.0,796.5600000000001,393.0,17.0,52.58,0.0,0.0,1,22.61,8.0,5.0,277.09,3.0,4.0,1,1,4.0,2.6390573296152584,6.681557066938699,0.06600883800341467,0,0.0,0.09019642272612204,-2.3112389601360372,True
1709,대조,0,3.0,10.0,326.44,149.0,3.0,6.09,0.0,0.0,1,9.91,4.0,4.0,372.1,14.0,3.0,1,1,3.0,2.3978952727983707,5.791304832184148,0.018655801985050853,0,0.0,0.08420417804972083,-2.386548897466601,True
1710,처치,1,6.0,18.0,1455.7,32896.0,22.0,82.05,0.0,1.0,1,56.55,21.0,18.0,956.5600000000001,13.0,6.0,1,1,6.0,2.9444389791664403,7.283928882454902,0.0563646355705159,0,1.0,0.6937300160533911,0.8176158455237277,True
1716,대조,0,1.0,22.0,327.09000000000003,181.0,9.0,18.37,0.0,0.0,0,14.14,6.0,6.0,236.02,19.0,1.0,1,1,1.0,3.1354942159291497,5.793287960989928,0.05616191262343697,0,0.0,0.08979765737946536,-2.3161080414423307,True
1717,대조,0,8.0,10.0,238.97,116.0,6.0,25.66,0.0,0.0,0,12.809999999999999,9.0,6.0,109.76,7.0,8.0,1,1,8.0,2.3978952727983707,5.4805139155288405,0.10737749508306482,0,0.0,0.08106193744895168,-2.4280052011805813,True
1720,대조,0,2.0,21.0,857.62,334.0,18.0,49.61,0.0,0.0,1,9.07,5.0,5.0,389.12,11.0,2.0,1,1,2.0,3.091042453358316,6.755326449253151,0.05784613231967538,0,0.0,0.09080960289568031,-2.3037894912266097,True
1722,대조,0,1.0,50.0,2176.89,64364.0,11.0,30.88,0.0,1.0,1,9.26,6.0,5.0,866.26,21.0,1.0,1,1,1.0,3.9318256327243257,7.686111797166977,0.01418537454809384,0,1.0,0.7124683214904922,0.9074024098010196,True
1723,대조,0,1.0,8.0,549.25,113.0,0.0,0.0,0.0,0.0,0,0.99,1.0,1.0,173.31,3.0,1.0,1,1,1.0,2.1972245773362196,6.310372720406571,0.0,0,0.0,0.10846746394623401,-2.106491675944358,True
1726,대조,0,5.0,24.0,955.15,97371.0,17.0,60.1,6.0,1.0,1,35.69,12.0,7.0,478.77,12.0,5.0,1,1,5.0,3.2188758248682006,6.862914804508983,0.06292205412762393,1,1.0,0.5193218784397287,0.07732602044415174,True
1731,처치,1,3.0,7.0,513.99,382.0,6.0,18.25,0.0,0.0,0,5.58,2.0,1.0,46.82,2.0,3.0,1,1,3.0,2.0794415416798357,6.2441474829994865,0.03550652736434561,0,0.0,0.10296888472566154,-2.164663697062273,True
1732,대조,0,6.0,15.0,645.4300000000001,265.0,16.0,30.05,0.0,0.0,0,6.89,4.0,4.0,178.89000000000001,5.0,6.0,1,1,6.0,2.772588722239781,6.471464917021023,0.04655810854778984,0,0.0,0.09994818541010633,-2.197800427628488,True
1733,대조,0,,0.0,0.0,0.0,0.0,0.0,0.0,2.0,0,0.0,0.0,0.0,0.0,0.0,90.0,0,0,90.0,0.0,0.0,0.0,0,2.0,0.9248006362114615,2.509435415201586,True
1735,대조,0,10.0,3.0,297.74,104.0,9.0,23.28,0.0,0.0,0,0.0,0.0,0.0,116.86,5.0,10.0,0,1,10.0,1.3862943611198906,5.699573629882146,0.07818902398065426,0,0.0,0.09041902286455307,-2.3085293535996714,True
1740,대조,0,1.0,39.0,1233.05,4898.0,13.0,45.8,0.0,0.0,1,38.16,20.0,11.0,1237.3,37.0,1.0,1,1,1.0,3.6888794541139363,7.118056722283049,0.0371436681399781,0,0.0,0.09561391331443085,-2.2469380100282863,True
1742,대조,0,2.0,53.0,509.89,242.0,3.0,10.48,0.0,0.0,0,0.0,0.0,0.0,117.34,25.0,2.0,0,1,2.0,3.9889840465642745,6.236154302843176,0.0205534527054855,0,0.0,0.09491816575978895,-2.2550102568704307,True
1744,대조,0,15.0,4.0,99.33,73.0,0.0,0.0,0.0,0.0,0,0.0,0.0,0.0,23.56,3.0,15.0,0,1,15.0,1.6094379124341003,4.608464752937522,0.0,0,0.0,0.0798267458336962,-2.444703362933949,True
1746,대조,0,3.0,8.0,281.16,125.0,7.0,60.67,0.0,0.0,0,0.0,0.0,0.0,70.56,5.0,3.0,0,1,3.0,2.1972245773362196,5.642474285927797,0.21578460662967705,0,0.0,0.07678268942982805,-2.486885429497094,True
1747,처치,1,12.0,21.0,589.27,53872.0,4.0,11.78,0.0,1.0,0,0.0,0.0,0.0,137.14,5.0,12.0,0,1,12.0,3.091042453358316,6.380580059339054,0.01999083611926621,0,1.0,0.6917960861186859,0.8085296169880491,True
1749,대조,0,1.0,17.0,682.03,56543.0,18.0,86.91,0.0,0.0,1,18.54,6.0,4.0,214.66,9.0,1.0,1,1,1.0,2.8903717578961645,6.526538782471466,0.1274284122399308,0,0.0,0.08263280626524054,-2.407101049521656,True
1751,대조,0,1.0,10.0,294.48,128.0,10.0,27.16,0.0,0.0,1,73.44,23.0,18.0,663.17,16.0,1.0,1,1,1.0,2.3978952727983707,5.688601152660537,0.09223037218147243,0,0.0,0.07734302200772764,-2.4790071675499714,True
1752,대조,0,2.0,28.0,690.49,5826.0,23.0,65.38,0.0,0.0,0,32.27,14.0,13.0,460.99,19.0,2.0,1,1,2.0,3.367295829986474,6.538848689684268,0.09468638213442628,0,0.0,0.09496817664277822,-2.2544282542386185,True
1753,대조,0,1.0,85.0,483.07,67737.0,8.0,19.07,0.0,0.0,1,0.0,0.0,0.0,46.0,14.0,1.0,0,1,1.0,4.454347296253507,6.18222952435817,0.03947668039828597,0,0.0,0.07914610243171982,-2.4540058468031725,True
1756,처치,1,11.0,17.0,897.84,58741.0,18.0,56.28,0.0,1.0,0,2.79,1.0,1.0,172.86,1.0,11.0,1,1,11.0,2.8903717578961645,6.801105043103732,0.06268377439187382,0,1.0,0.7000253845052351,0.8474187419061061,True
1758,대조,0,11.0,5.0,87.57000000000001,35.0,1.0,1.29,0.0,0.0,0,15.84,7.0,4.0,316.01,9.0,11.0,1,1,11.0,1.791759469228055,4.483793199821491,0.014731072285029118,0,0.0,0.07797162229263199,-2.470231057776336,True
1759,대조,0,8.0,43.0,532.35,289.0,25.0,57.49,0.0,0.0,1,25.31,18.0,14.0,341.74,28.0,8.0,1,1,8.0,3.784189633918261,6.279177869071492,0.10799286183901569,0,0.0,0.07442478057015015,-2.520626444519159,True
1761,대조,0,6.0,3.0,202.75,80.0,4.0,13.260000000000002,0.0,0.0,0,21.990000000000002,9.0,6.0,205.3,3.0,6.0,1,1,6.0,1.3862943611198906,5.316893752120972,0.06540073982737363,0,0.0,0.08829086462797657,-2.3346843647811277,True
1762,대조,0,1.0,60.0,2330.27,302483.0,63.0,157.35,0.0,0.0,1,86.05,29.0,26.0,1108.72,28.0,1.0,1,1,1.0,4.110873864173311,7.754168462443797,0.06752436412947856,0,0.0,0.0997941904151686,-2.1995134451479594,True
1763,대조,0,3.0,16.0,359.72,110.0,0.0,0.0,0.0,0.0,0,0.0,0.0,0.0,341.56,19.0,3.0,0,1,3.0,2.833213344056216,5.888102034112829,0.0,0,0.0,0.09728751798576167,-2.2277334024731865,True
1764,대조,0,2.0,12.0,1533.44,19686.0,21.0,71.86,0.0,0.0,1,60.61,24.0,18.0,912.02,4.0,2.0,1,1,2.0,2.5649493574615367,7.335920772611077,0.04686195742904841,0,0.0,0.10330409776285832,-2.161039744216965,True
1765,대조,0,1.0,4.0,565.23,275.0,11.0,32.14,0.0,0.0,1,7.99,4.0,4.0,345.53000000000003,3.0,1.0,1,1,1.0,1.6094379124341003,6.339000356085174,0.056861808467349576,0,0.0,0.09278363617905198,-2.2801106805663323,True
1767,대조,0,1.0,145.0,2188.7,1091.0,39.0,78.3,0.0,0.0,0,85.21,57.0,39.0,1631.69,75.0,1.0,1,1,1.0,4.983606621708336,7.691519827125696,0.0357746607575273,0,0.0,0.1112391289585843,-2.078146013829957,True
1768,대조,0,2.0,9.0,202.89000000000001,110.0,4.0,11.07,0.0,0.0,0,25.87,23.0,13.0,162.76,10.0,2.0,1,1,2.0,2.302585092994046,5.317580632728883,0.05456158509537187,0,0.0,0.08690932924004462,-2.3519698039124513,True
1772,처치,1,1.0,14.0,502.42,237.0,11.0,28.48,0.0,0.0,0,6.87,2.0,2.0,175.88,9.0,1.0,1,1,1.0,2.70805020110221,6.221424811749114,0.056685641495163405,0,0.0,0.09808378843805221,-2.218699526468061,True
1774,대조,0,14.0,11.0,790.71,334.0,10.0,62.419999999999995,0.0,0.0,0,0.0,0.0,0.0,36.230000000000004,2.0,14.0,0,1,14.0,2.4849066497880004,6.674195163144731,0.078941710614511,0,0.0,0.09689052376110263,-2.23226206210193,True
1776,대조,0,6.0,71.0,995.9,561.0,26.0,57.65,0.0,0.0,0,16.74,9.0,8.0,423.2,10.0,6.0,1,1,6.0,4.276666119016055,6.904650464028658,0.05788733808615323,0,0.0,0.09742237559352483,-2.2261987837798975,True
1777,대조,0,5.0,17.0,284.59,89.0,7.0,27.18,0.0,0.0,0,13.67,8.0,3.0,76.22,5.0,5.0,1,1,5.0,2.8903717578961645,5.654557215846823,0.09550581538353421,0,0.0,0.08351265551144757,-2.3955500752776473,True
1778,대조,0,7.0,46.0,1412.1,193871.0,22.0,62.81,0.0,0.0,1,52.94,24.0,22.0,1134.21,32.0,7.0,1,1,7.0,3.8501476017100584,7.2535411515887,0.04447985270165003,0,0.0,0.09297727697180219,-2.2778123730917312,True
1779,처치,1,5.0,13.0,415.07,255.0,6.0,14.91,0.0,1.0,1,21.9,11.0,10.0,400.91,8.0,5.0,1,1,5.0,2.6390573296152584,6.030853515336354,0.03592165176958104,0,1.0,0.6575952318489026,0.6525960230320794,True
1781,대조,0,2.0,17.0,539.12,32072.0,2.0,8.58,0.0,0.0,0,33.31,14.0,12.0,339.72,8.0,2.0,1,1,2.0,2.8903717578961645,6.2917913370928416,0.015914824157886927,0,0.0,0.10199218586340186,-2.1752825688081705,True
1784,대조,0,6.0,7.0,311.79,123.0,4.0,20.15,0.0,1.0,0,12.25,3.0,3.0,178.49,3.0,6.0,1,1,6.0,2.0794415416798357,5.745532038850664,0.06462683216267359,0,1.0,0.6776932459590737,0.7431910016101311,True
1785,대조,0,68.0,5.0,111.09,60.0,7.0,11.15,0.0,0.0,1,8.0,6.0,5.0,193.86,5.0,68.0,1,1,68.0,1.791759469228055,4.719302120033004,0.10036907012332343,0,0.0,0.04666934388513061,-3.0168743056079865,True
1788,대조,0,4.0,23.0,1118.31,50510.0,12.0,50.94,0.0,0.0,1,51.95,17.0,16.0,784.95,13.0,4.0,1,1,4.0,3.1780538303479458,7.020467703010588,0.04555087587520455,0,0.0,0.09438645789043756,-2.2612150527695865,True
1791,대조,0,9.0,23.0,512.74,12561.0,5.0,17.48,0.0,0.0,1,1.0,1.0,1.0,342.25,14.0,9.0,1,1,9.0,3.1780538303479458,6.24171730090081,0.03409135234231774,0,0.0,0.08241929831320739,-2.4099209219779505,True
1792,대조,0,39.0,28.0,986.23,124451.0,21.0,32.54,0.0,0.0,0,0.0,0.0,0.0,0.0,0.0,39.0,0,0,39.0,3.367295829986474,6.894903041668318,0.03299433195096478,0,0.0,0.08775052582637902,-2.341415644258956,True
1793,대조,0,6.0,7.0,182.9,97.0,10.0,18.34,0.0,0.0,0,9.52,4.0,2.0,93.45,5.0,6.0,1,1,6.0,2.0794415416798357,5.214392131610276,0.10027337342810279,0,0.0,0.08060284696112636,-2.434184215837772,True
1794,대조,0,20.0,5.0,250.66,97.0,1.0,3.19,0.0,0.0,0,13.73,5.0,5.0,238.6,5.0,20.0,1,1,20.0,1.791759469228055,5.528078970163822,0.012726402297933455,0,0.0,0.08755518343111002,-2.343858346274632,True
1796,대조,0,8.0,7.0,417.48,17241.0,7.0,23.52,0.0,0.0,1,10.51,3.0,3.0,51.34,4.0,8.0,1,1,8.0,2.0794415416798357,6.036629099062355,0.05633802816901408,0,0.0,0.08314691171790049,-2.4003381864972613,True
1797,대조,0,6.0,12.0,795.76,306.0,8.0,12.96,0.0,0.0,1,28.12,13.0,11.0,426.54,9.0,6.0,1,1,6.0,2.5649493574615367,6.680553504207073,0.01628631748265809,0,0.0,0.09447127947867645,-2.2602231272336404,True
1798,대조,0,13.0,8.0,401.83,194.0,12.0,23.03,0.0,0.0,0,9.4,6.0,5.0,284.11,4.0,13.0,1,1,13.0,2.1972245773362196,5.998514636720464,0.057312793967598245,0,0.0,0.09122924496175724,-2.298717353576182,True
1800,대조,0,8.0,24.0,946.15,56032.0,15.0,44.67,0.0,0.0,1,0.0,0.0,0.0,119.65,3.0,8.0,0,1,8.0,3.2188758248682006,6.853457475574288,0.047212387042223754,0,0.0,0.08965783148483981,-2.3178199857417607,True
1802,대조,0,18.0,7.0,623.97,251.0,13.0,38.31,0.0,0.0,1,23.46,5.0,5.0,244.08,3.0,18.0,1,1,18.0,2.0794415416798357,6.437703648584365,0.0613971825568537,0,0.0,0.08335067506605214,-2.397668275222884,True
1803,처치,1,1.0,23.0,2221.31,887.0,68.0,249.83,0.0,1.0,1,75.83,74.0,18.0,1324.15,15.0,1.0,1,1,1.0,3.1780538303479458,7.706302474419804,0.11246966879904202,0,1.0,0.6982959157129816,0.8391962772841645,True
1804,대조,0,1.0,44.0,1411.13,116269.0,25.0,52.67,0.0,0.0,1,14.870000000000001,13.0,7.0,475.35,17.0,1.0,1,1,1.0,3.8066624897703196,7.252854481803859,0.037324697228462295,0,0.0,0.09698611005638233,-2.2311701623411153,True
1806,처치,1,9.0,12.0,314.33,135.0,2.0,10.38,0.0,0.0,0,51.11,13.0,12.0,488.79,12.0,9.0,1,1,9.0,2.5649493574615367,5.753619709503373,0.033022619539973916,0,0.0,0.09033626162654944,-2.3095360647350085,True
1807,대조,0,4.0,41.0,1582.88,53050.0,9.0,34.51,0.0,0.0,0,17.51,6.0,6.0,818.07,19.0,4.0,1,1,4.0,3.7376696182833684,7.367632811928863,0.021802031739613866,0,0.0,0.11293264859591591,-2.061129300220203,True
1808,처치,1,3.0,9.0,222.08,63.0,1.0,1.0,0.0,1.0,0,0.88,1.0,1.0,89.43,3.0,3.0,1,1,3.0,2.302585092994046,5.407530451521353,0.0045028818443804035,0,1.0,0.6816642572620734,0.7614306246294624,True
1809,대조,0,3.0,11.0,267.29,147.0,4.0,11.25,0.0,0.0,0,7.37,2.0,2.0,94.8,3.0,3.0,1,1,3.0,2.4849066497880004,5.5920684850262,0.042089116689737735,0,0.0,0.0905235076512753,-2.307259580810131,True
1810,대조,0,10.0,34.0,479.89,179.0,3.0,6.46,0.0,0.0,0,0.0,0.0,0.0,44.519999999999996,2.0,10.0,0,1,10.0,3.5553480614894135,6.1756385537234735,0.013461418241680385,0,0.0,0.0928761353395811,-2.2790122786711233,True
1812,대조,0,4.0,13.0,255.72,3214.0,7.0,15.65,0.0,0.0,1,2.18,2.0,1.0,127.79,7.0,4.0,1,1,4.0,2.6390573296152584,5.547985996801602,0.0611997497262631,0,0.0,0.07597290873004629,-2.4983645781085304,True
1814,대조,0,3.0,12.0,1252.58,481.0,14.0,65.29,0.0,0.0,1,5.680000000000001,3.0,3.0,217.26000000000002,2.0,3.0,1,1,3.0,2.5649493574615367,7.133758736862214,0.052124415207012734,0,0.0,0.09907025928380071,-2.2075979871812215,True
1815,대조,0,3.0,8.0,461.48,209.0,10.0,21.05,0.0,0.0,1,9.780000000000001,6.0,4.0,319.79,6.0,3.0,1,1,3.0,2.1972245773362196,6.136603312774221,0.04561411112074196,0,0.0,0.08723866757272876,-2.3478267680619354,True
1816,대조,0,22.0,11.0,319.45,16270.0,6.0,14.93,0.0,0.0,1,23.76,48.0,26.0,292.05,15.0,22.0,1,1,22.0,2.4849066497880004,5.769726257950236,0.04673657849428706,0,0.0,0.0729857137705925,-2.5417052564742173,True
1818,대조,0,,0.0,0.0,0.0,0.0,0.0,0.0,1.0,0,0.0,0.0,0.0,0.0,0.0,90.0,0,0,90.0,0.0,0.0,0.0,0,1.0,0.36923616911493395,-0.5354950509484101,True
1820,대조,0,5.0,12.0,711.32,26311.0,13.0,31.990000000000002,0.0,0.0,1,35.74,6.0,5.0,341.63,6.0,5.0,1,1,5.0,2.5649493574615367,6.568527248647126,0.04497272676151381,0,0.0,0.09052810896666903,-2.3072036927273074,True
1821,대조,0,1.0,18.0,550.93,240.0,15.0,40.92,0.0,0.0,0,20.11,10.0,8.0,611.63,12.0,1.0,1,1,1.0,2.9444389791664403,6.313421226641622,0.07427440872706152,0,0.0,0.09640986273766991,-2.237767362656746,True
1822,대조,0,4.0,49.0,769.33,389.0,9.0,17.75,0.0,0.0,1,11.75,7.0,7.0,230.29,21.0,4.0,1,1,4.0,3.912023005428146,6.646818994465797,0.023072023708941545,0,0.0,0.08774385480879016,-2.3414989823708954,True
1823,대조,0,1.0,46.0,1813.64,111272.0,30.0,92.74,0.0,0.0,1,85.48,32.0,28.0,1001.35,20.0,1.0,1,1,1.0,3.8501476017100584,7.503642379918124,0.05113473456694823,0,0.0,0.09908876426310002,-2.207390678120777,True
1824,대조,0,4.0,29.0,544.79,259.0,2.0,2.87,0.0,0.0,0,8.99,1.0,1.0,236.82,17.0,4.0,1,1,4.0,3.4011973816621555,6.302234286376822,0.005268084950164284,0,0.0,0.09948421491473748,-2.202968706201276,True
1825,처치,1,15.0,5.0,322.96,99.0,2.0,5.5,0.0,0.0,0,0.0,0.0,0.0,0.0,0.0,15.0,0,0,15.0,1.791759469228055,5.780620051380789,0.0170299727520436,0,0.0,0.09311320935336646,-2.276201567242833,True
1826,대조,0,3.0,12.0,333.07,151.0,4.0,10.0,0.0,0.0,0,17.96,10.0,6.0,183.69,6.0,3.0,1,1,3.0,2.5649493574615367,5.811350551856028,0.030023718737802865,0,0.0,0.09445346771321039,-2.2604313564259115,True
1829,대조,0,2.0,56.0,1243.1200000000001,88902.0,8.0,29.810000000000002,0.0,0.0,1,22.53,7.0,6.0,637.64,31.0,2.0,1,1,2.0,4.04305126783455,7.126183731669375,0.02397998584207478,0,0.0,0.09476023428245682,-2.256849991440845,True
1832,대조,0,53.0,2.0,25.31,14.0,2.0,9.96,0.0,0.0,0,7.470000000000001,3.0,2.0,49.6,2.0,53.0,1,1,53.0,1.0986122886681098,3.269949095052201,0.3935203476886607,0,0.0,0.034441899208829,-3.3334324534765685,True
1833,처치,1,5.0,6.0,335.32,187.0,10.0,33.85,0.0,0.0,1,10.16,7.0,7.0,346.4,15.0,5.0,1,1,5.0,1.9459101490553132,5.818063087688587,0.10094834784683288,0,0.0,0.07838753756353813,-2.4644598573870153,True
1834,대조,0,4.0,33.0,701.32,5530.0,31.0,85.17,0.0,0.0,1,68.45,24.0,22.0,398.11,9.0,4.0,1,1,4.0,3.5263605246161616,6.554389140617953,0.12144242285975018,0,0.0,0.07938959186529232,-2.4506696622950437,True
1835,처치,1,1.0,29.0,1039.67,18044.0,13.0,40.96,0.0,1.0,0,30.310000000000002,12.0,9.0,854.55,28.0,1.0,1,1,1.0,3.4011973816621555,6.9476200154770895,0.03939711639270153,0,1.0,0.7169318381656415,0.9292930475799313,True
1836,대조,0,4.0,18.0,602.8100000000001,16678.0,15.0,36.47,0.0,0.0,0,10.06,5.0,3.0,77.1,3.0,4.0,1,1,4.0,2.9444389791664403,6.403259578911016,0.060499991705512506,0,0.0,0.09760807709586727,-2.2240886828966078,True
1837,대조,0,9.0,10.0,513.82,9188.0,7.0,20.619999999999997,0.0,0.0,0,6.49,2.0,2.0,360.06,10.0,9.0,1,1,9.0,2.3978952727983707,6.243817325006178,0.0401307850998404,0,0.0,0.09755385539350081,-2.2247044263425204,True
1839,대조,0,14.0,9.0,217.34,130.0,22.0,67.34,0.0,0.0,0,6.970000000000001,3.0,3.0,162.31,5.0,14.0,1,1,14.0,2.302585092994046,5.386053480852124,0.3098371215606883,0,0.0,0.062191132368882,-2.7133337392265684,True
1840,대조,0,,0.0,0.0,0.0,0.0,0.0,0.0,0.0,0,0.0,0.0,0.0,0.0,0.0,90.0,0,0,90.0,0.0,0.0,0.0,0,0.0,0.02710849251609122,-3.580425517098405,True
1841,대조,0,19.0,4.0,278.38,139.0,5.0,23.410000000000004,0.0,0.0,1,1.0,1.0,1.0,136.48,2.0,19.0,1,1,19.0,1.6094379124341003,5.632572862299405,0.08409368489115598,0,0.0,0.07312420673442126,-2.5396601113245203,True
1845,대조,0,5.0,23.0,2200.8,910.0,56.0,194.21,0.0,0.0,1,56.11000000000001,18.0,18.0,826.36,10.0,5.0,1,1,5.0,3.1780538303479458,7.697030486636303,0.08824518356961104,0,0.0,0.09952381044948501,-2.2025268063646166,True
1847,대조,0,3.0,23.0,510.37,5029.0,9.0,27.23,0.0,0.0,1,8.48,2.0,2.0,211.6,10.0,3.0,1,1,3.0,3.1780538303479458,6.237093398641264,0.05335344945823618,0,0.0,0.08334702976551402,-2.39771598744336,True
1848,대조,0,13.0,19.0,2022.45,705.0,32.0,122.0,0.0,0.0,1,98.97999999999999,24.0,23.0,1376.59,9.0,13.0,1,1,13.0,2.995732273553991,7.612559254349154,0.060322875720042524,0,0.0,0.09789642175738053,-2.2208193463317154,True
1849,대조,0,2.0,17.0,354.56,189.0,9.0,19.28,0.0,0.0,0,6.65,4.0,4.0,194.87,19.0,2.0,1,1,2.0,2.8903717578961645,5.873694011373474,0.05437725631768953,0,0.0,0.09180217227487401,-2.291826266343153,True
1850,대조,0,1.0,44.0,1770.6200000000001,126748.0,32.0,87.98,0.0,0.0,1,29.25,8.0,8.0,359.13,12.0,1.0,1,1,1.0,3.8066624897703196,7.479649661215395,0.04968880956952931,0,0.0,0.09910584829067297,-2.2071993183994754,True
1852,처치,1,4.0,60.0,1802.74,210874.0,24.0,53.71,0.0,1.0,0,80.38,25.0,23.0,1168.97,39.0,4.0,1,1,4.0,4.110873864173311,7.497617566067168,0.029793536505541566,0,1.0,0.7260080961753062,0.9744626086527778,True
1854,대조,0,1.0,31.0,713.76,38389.0,8.0,14.54,0.0,0.0,0,24.98,12.0,10.0,351.4,10.0,1.0,1,1,1.0,3.4657359027997265,6.57194682201046,0.02037099305088545,0,0.0,0.10332006338560265,-2.1608674013008113,True
1856,처치,1,1.0,63.0,632.32,303.0,14.0,47.35,0.0,1.0,0,21.86,13.0,12.0,395.1,28.0,1.0,1,1,1.0,4.1588830833596715,6.450975823633233,0.07488297064777327,0,1.0,0.6809681077917653,0.758224400254395,True
1857,대조,0,12.0,12.0,131.41,16125.0,0.0,0.0,0.0,0.0,0,19.77,7.0,5.0,512.98,11.0,12.0,1,1,12.0,2.5649493574615367,4.885903169351665,0.0,0,0.0,0.08046914015539809,-2.4359898462110636,True
1858,대조,0,15.0,7.0,263.36,109.0,7.0,14.719999999999999,0.0,0.0,1,23.79,13.0,11.0,193.51,6.0,15.0,1,1,15.0,2.0794415416798357,5.577311810602252,0.05589307411907654,0,0.0,0.07449296462491799,-2.5196370473251006,True
1860,대조,0,51.0,6.0,48.809999999999995,21.0,1.0,2.99,0.0,0.0,0,0.0,0.0,0.0,0.0,0.0,51.0,0,0,51.0,1.9459101490553132,3.908215767085192,0.06125793894693712,0,0.0,0.053633095644778805,-2.8704640084253468,True
1861,처치,1,4.0,24.0,357.52,189.0,6.0,19.86,0.0,1.0,1,3.67,2.0,2.0,109.4,7.0,4.0,1,1,4.0,3.2188758248682006,5.881984446489161,0.05554933989706869,0,1.0,0.6401134927718208,0.5758567690416481,True
1864,대조,0,1.0,25.0,2471.06,54081.0,22.0,96.80000000000001,0.0,0.0,1,79.0,52.0,24.0,1533.57,15.0,1.0,1,1,1.0,3.258096538021482,7.812807090127685,0.0391734721131822,0,0.0,0.10853785444348435,-2.105763973870488,True
1869,대조,0,3.0,18.0,614.77,292.0,24.0,47.19,0.0,0.0,1,21.37,9.0,9.0,224.84,13.0,3.0,1,1,3.0,2.9444389791664403,6.422873517187736,0.07676041446394587,0,0.0,0.08471146314784578,-2.379988425660241,True
1872,대조,0,1.0,28.0,324.21,10994.0,4.0,19.009999999999998,1.0,1.0,0,9.49,4.0,4.0,238.24,9.0,1.0,1,1,1.0,3.367295829986474,5.784471127508377,0.05863483544616144,1,1.0,0.515001392586625,0.06002358509104729,True
1873,처치,1,10.0,30.0,398.34,26758.0,11.0,29.92,0.0,1.0,1,31.31,19.0,17.0,323.92,11.0,10.0,1,1,10.0,3.4339872044851463,5.989813184358751,0.07511171361148768,0,1.0,0.6277700578892325,0.5226621622941632,True
1877,대조,0,33.0,4.0,200.58,60.0,4.0,16.560000000000002,0.0,0.0,0,18.9,7.0,5.0,170.23,6.0,33.0,1,1,33.0,1.6094379124341003,5.306186324926732,0.08256057433443016,0,0.0,0.073728526668361,-2.530777570420983,True
1879,대조,0,5.0,40.0,666.02,406.0,7.0,21.740000000000002,0.0,0.0,1,25.36,8.0,8.0,398.03000000000003,24.0,5.0,1,1,5.0,3.713572066704308,6.502820030473578,0.03264166241254017,0,0.0,0.08536809756159555,-2.3715492257678923,True
1881,대조,0,2.0,13.0,304.99,14915.0,4.0,11.71,0.0,0.0,0,34.300000000000004,8.0,8.0,239.42000000000002,11.0,2.0,1,1,2.0,2.6390573296152584,5.723552421679824,0.03839470146562182,0,0.0,0.09248486602961226,-2.2836652219093003,True
1883,처치,1,3.0,25.0,587.24,292.0,16.0,35.15,0.0,1.0,0,53.480000000000004,25.0,15.0,429.25,16.0,3.0,1,1,3.0,3.258096538021482,6.377135027887967,0.059856276820380076,0,1.0,0.6909617432786114,0.8046193805553732,True
1887,대조,0,4.0,10.0,90.99,36.0,6.0,24.12,0.0,0.0,0,72.25,15.0,9.0,165.57,15.0,4.0,1,1,4.0,2.3978952727983707,4.521679875489066,0.26508407517309596,0,0.0,0.05988702767233133,-2.7535401361075587,True
1889,대조,0,5.0,9.0,483.58,20854.0,5.0,14.440000000000001,0.0,0.0,0,13.98,2.0,2.0,20.46,1.0,5.0,1,1,5.0,2.302585092994046,6.1832825363792825,0.029860622854543203,0,0.0,0.10034288579722454,-2.193420527682098,True
1890,대조,0,55.0,2.0,72.92,32.0,3.0,11.85,0.0,0.0,0,0.0,0.0,0.0,11.059999999999999,1.0,55.0,0,1,55.0,1.0986122886681098,4.302983427333428,0.16250685682940208,0,0.0,0.052313234086822216,-2.8967746510780854,True
1892,대조,0,2.0,58.0,996.64,36942.0,11.0,28.08,0.0,0.0,1,23.13,12.0,9.0,513.44,37.0,2.0,1,1,2.0,4.07753744390572,6.905392489792948,0.028174666880719214,0,0.0,0.09100773706674076,-2.3013920569026163,True
1894,대조,0,11.0,7.0,219.39000000000001,151.0,10.0,21.1,0.0,0.0,1,23.57,10.0,10.0,205.88,4.0,11.0,1,1,11.0,2.0794415416798357,5.3953987041986,0.09617576006199006,0,0.0,0.0708088790350325,-2.5743300423454434,True
1895,대조,0,30.0,7.0,79.77,38.0,3.0,3.99,0.0,0.0,0,0.0,0.0,0.0,3.34,1.0,30.0,0,1,30.0,2.0794415416798357,4.391605609454205,0.05001880406167733,0,0.0,0.06551335216179699,-2.657743367100851,True
1896,대조,0,38.0,8.0,168.63,4925.0,2.0,6.98,0.0,0.0,1,0.0,0.0,0.0,0.0,0.0,38.0,0,0,38.0,2.1972245773362196,5.133619594507631,0.04139239755678112,0,0.0,0.06169124514885437,-2.7219370308145763,True
1899,대조,0,17.0,6.0,1222.61,429.0,28.0,95.2,0.0,1.0,1,101.52,29.0,26.0,1135.78,5.0,17.0,1,1,17.0,1.9459101490553132,7.109560784848779,0.07786620426791864,0,1.0,0.6804662644016475,0.7559153891698772,True
1900,대조,0,47.0,7.0,811.92,275.0,10.0,47.980000000000004,0.0,0.0,0,0.0,0.0,0.0,0.0,0.0,47.0,0,0,47.0,2.0794415416798357,6.700632703722106,0.05909449206818407,0,0.0,0.08494348224014939,-2.37699971089686,True
1901,대조,0,3.0,124.0,1974.54,5155.0,29.0,107.14,0.0,0.0,1,15.02,6.0,8.0,755.87,61.0,3.0,1,1,3.0,4.8283137373023015,7.588597057684928,0.05426073921014515,0,0.0,0.09395862045075762,-2.2662305004123002,True
1905,대조,0,4.0,11.0,137.18,52.0,3.0,8.280000000000001,0.0,0.0,0,4.19,1.0,1.0,112.02,6.0,4.0,1,1,4.0,2.4849066497880004,4.928557183060649,0.06035865286484911,0,0.0,0.07961049542831261,-2.4476510187067273,True
1906,대조,0,3.0,19.0,1414.1000000000001,57994.0,21.0,73.04,0.0,0.0,0,37.43,17.0,8.0,448.89,9.0,3.0,1,1,3.0,2.995732273553991,7.254955478958326,0.05165122692878863,0,0.0,0.1124614197395996,-2.065841763940096,True
1907,대조,0,1.0,77.0,1775.34,116697.0,24.0,41.4,0.0,0.0,1,13.71,12.0,7.0,572.22,33.0,1.0,1,1,1.0,4.356708826689592,7.482310346670983,0.02331947683260671,0,0.0,0.09903112537053924,-2.208036513246115,True
1911,대조,0,5.0,24.0,234.99,145.0,15.0,42.95,0.0,0.0,1,21.14,7.0,7.0,248.13,20.0,5.0,1,1,5.0,3.2188758248682006,5.463789431246498,0.18277373505255542,0,0.0,0.06318409394973393,-2.6964341998046852,True
1912,대조,0,3.0,27.0,492.26,319.0,14.0,20.06,0.0,0.0,0,16.25,16.0,9.0,227.66,9.0,3.0,1,1,3.0,3.332204510175204,6.201036418392097,0.04075082273595254,0,0.0,0.0951713541367763,-2.2520665895923133,True
1914,처치,1,3.0,15.0,524.2,138.0,17.0,92.62,0.0,1.0,1,25.36,4.0,4.0,174.59,8.0,3.0,1,1,3.0,2.772588722239781,6.263779142428641,0.17668828691339183,0,1.0,0.6294794637325168,0.5299843580886408,True
1918,대조,0,35.0,8.0,495.75,24114.0,11.0,47.66,0.0,0.0,0,6.0,2.0,2.0,46.16,3.0,35.0,1,1,35.0,2.1972245773362196,6.208086881431926,0.09613716591023701,0,0.0,0.08017376449613543,-2.4399884423799953,True
1919,처치,1,8.0,18.0,676.62,47118.0,9.0,14.85,0.0,0.0,1,15.77,7.0,7.0,204.6,5.0,8.0,1,1,8.0,2.9444389791664403,6.5185866588408645,0.02194732641660016,0,0.0,0.08876962071855717,-2.3287512689980963,True
1921,대조,0,41.0,12.0,121.84,69.0,1.0,1.5,0.0,0.0,1,2.99,1.0,1.0,21.880000000000003,1.0,41.0,1,1,41.0,2.5649493574615367,4.810882695572622,0.012311227839789888,0,0.0,0.05830261076315163,-2.7820371062354985,True
1922,대조,0,1.0,23.0,412.09,164.0,5.0,16.67,0.0,0.0,0,5.01,3.0,2.0,193.31,5.0,1.0,1,1,1.0,3.1780538303479458,6.02366548689597,0.040452328374869576,0,0.0,0.09441528715021516,-2.2608778264282146,True
1924,대조,0,1.0,34.0,1002.96,13571.0,30.0,84.77,0.0,0.0,0,36.22,14.0,13.0,514.9,22.0,1.0,1,1,1.0,3.5553480614894135,6.911707458820565,0.08451982132886655,0,0.0,0.10118437311996603,-2.184133597422509,True
1925,대조,0,8.0,7.0,45.52,19.0,0.0,0.0,0.0,0.0,0,8.99,1.0,1.0,84.18,7.0,8.0,1,1,8.0,2.0794415416798357,3.839882327650464,0.0,0,0.0,0.07166133453242032,-2.5614452726295687,True
1927,대조,0,1.0,14.0,1132.02,481.0,12.0,32.77,0.0,0.0,1,21.8,6.0,6.0,392.19,7.0,1.0,1,1,1.0,2.70805020110221,7.032641913122869,0.028948251797671423,0,0.0,0.10029546162877152,-2.1939459727506976,True
1928,대조,0,9.0,11.0,169.67,103.0,1.0,2.99,0.0,1.0,1,0.0,0.0,0.0,114.53,6.0,9.0,0,1,9.0,2.4849066497880004,5.139731867430665,0.01762244356692403,0,1.0,0.6243148986397897,0.5079035902234564,True
1929,처치,1,4.0,7.0,541.68,250.0,5.0,15.75,0.0,1.0,1,14.67,7.0,7.0,283.15,3.0,4.0,1,1,4.0,2.0794415416798357,6.296519827617108,0.029076207354895883,0,1.0,0.678050274937772,0.744826037009697,True
1930,대조,0,1.0,30.0,453.86,208.0,4.0,8.629999999999999,0.0,0.0,0,14.25,5.0,5.0,184.97,12.0,1.0,1,1,1.0,3.4339872044851463,6.119989679296268,0.019014674128585905,0,0.0,0.0967153792565434,-2.2342652676461308,True
1931,대조,0,11.0,10.0,244.36,125.0,4.0,9.0,0.0,0.0,1,25.61,16.0,10.0,356.6,12.0,11.0,1,1,11.0,2.3978952727983707,5.5027265198059965,0.03683090522180389,0,0.0,0.0755253060912133,-2.5047578976092444,True
1932,대조,0,2.0,4.0,56.800000000000004,28.0,0.0,0.0,0.0,0.0,0,36.71,17.0,9.0,280.8,7.0,2.0,1,1,2.0,1.6094379124341003,4.056988775678332,0.0,0,0.0,0.07863359602500897,-2.4610587514476676,True
1933,처치,1,10.0,6.0,105.39,24948.0,3.0,8.97,0.0,0.0,0,3.99,2.0,2.0,116.89,6.0,10.0,1,1,10.0,1.9459101490553132,4.667111587528274,0.08511243951038999,0,0.0,0.07410235175905952,-2.5253164280423293,True
1935,대조,0,4.0,24.0,1862.53,161939.0,120.0,170.76,0.0,0.0,1,98.45,65.0,45.0,1080.96,14.0,4.0,1,1,4.0,3.2188758248682006,7.530227817528662,0.09168174472357492,0,0.0,0.09696536470624742,-2.231407058631964,True
1936,대조,0,4.0,59.0,440.47,36054.0,2.0,4.6899999999999995,0.0,1.0,0,10.27,4.0,4.0,448.44,47.0,4.0,1,1,4.0,4.0943445622221,6.090110067565422,0.010647717211160803,0,1.0,0.6810611617086518,0.7586527588217938,True
1937,대조,0,3.0,21.0,880.9300000000001,9108.0,18.0,52.96,1.0,1.0,1,36.04,18.0,17.0,476.02,10.0,3.0,1,1,3.0,3.091042453358316,6.782112687777852,0.06011828408613624,1,1.0,0.5215733784760725,0.08634712302587502,True
1939,대조,0,10.0,8.0,387.61,15432.0,5.0,21.380000000000003,0.0,1.0,1,0.0,0.0,0.0,15.200000000000001,2.0,10.0,0,1,10.0,2.1972245773362196,5.962576270014197,0.055158535641495324,0,1.0,0.6489734420209822,0.6145299101201581,True
1941,대조,0,1.0,20.0,98.76,69.0,1.0,1.0,0.0,0.0,0,0.0,0.0,0.0,78.95,13.0,1.0,0,1,1.0,3.044522437723423,4.602767301371781,0.01012555690562981,0,0.0,0.07879311646810438,-2.4588590016894214,True
1942,대조,0,51.0,15.0,168.89,8681.0,2.0,3.55,0.0,0.0,0,0.0,0.0,0.0,27.82,4.0,51.0,0,1,51.0,2.772588722239781,5.135151168793823,0.02101959855527266,0,0.0,0.06519232068302343,-2.662999136500737,True
1943,처치,1,1.0,42.0,1315.13,53804.0,26.0,67.66,0.0,1.0,0,36.58,28.0,19.0,772.7,12.0,1.0,1,1,1.0,3.7612001156935624,7.182450891200954,0.051447385429577296,0,1.0,0.7178398918988088,0.9337718833495633,True
1946,대조,0,4.0,5.0,284.52,106.0,6.0,19.72,0.0,0.0,1,63.36,18.0,18.0,644.17,7.0,4.0,1,1,4.0,1.791759469228055,5.654312079181905,0.0693097146070575,0,0.0,0.0801807528591764,-2.43989368345777,True
1947,대조,0,6.0,13.0,1331.89,419.0,16.0,88.07,0.0,0.0,0,70.91,15.0,9.0,754.5,12.0,6.0,1,1,6.0,2.6390573296152584,7.195104796143537,0.06612407931585941,0,0.0,0.1100769949729127,-2.0899548725404924,True
1948,대조,0,27.0,4.0,74.03,51.0,0.0,0.0,0.0,0.0,1,1.89,1.0,1.0,96.09,4.0,27.0,1,1,27.0,1.6094379124341003,4.3178880335576375,0.0,0,0.0,0.062292333359492844,-2.7115998862171597,True
1949,대조,0,,0.0,0.0,0.0,0.0,0.0,0.0,0.0,1,17.35,7.0,7.0,208.17000000000002,4.0,90.0,1,1,90.0,0.0,0.0,0.0,0,0.0,0.023512902683933398,-3.7264122161781996,True
1950,대조,0,54.0,2.0,37.57,20.0,1.0,1.98,0.0,0.0,0,0.0,0.0,0.0,0.0,0.0,54.0,0,0,54.0,1.0986122886681098,3.6524747722201365,0.05270162363587969,0,0.0,0.05356725234857521,-2.8717619966857715,True
1953,대조,0,2.0,22.0,698.4,266.0,1.0,1.76,0.0,0.0,1,3.79,2.0,2.0,376.91,14.0,2.0,1,1,2.0,3.1354942159291497,6.550222824629276,0.0025200458190148913,0,0.0,0.09313472412343216,-2.27594680954296,True
1955,처치,1,11.0,19.0,808.1800000000001,18750.0,28.0,85.0,0.0,1.0,1,49.01,24.0,20.0,667.79,10.0,11.0,1,1,11.0,2.995732273553991,6.69602138921949,0.1051745898190997,0,1.0,0.6518444562711141,0.627156624810708,True
1957,대조,0,23.0,1.0,7.79,5.0,1.0,1.29,0.0,1.0,0,0.0,0.0,0.0,49.94,1.0,23.0,0,1,23.0,0.6931471805599453,2.1736147116970854,0.16559691912708602,0,1.0,0.4992170973006734,-0.003131613356615645,True
1959,처치,1,69.0,4.0,313.90000000000003,27307.0,4.0,8.67,0.0,1.0,0,0.0,0.0,0.0,0.0,0.0,69.0,0,0,69.0,1.6094379124341003,5.752255128106979,0.02762026122969098,0,1.0,0.6083681735144748,0.4404580669396137,True
1961,처치,1,1.0,2.0,69.53,32.0,1.0,4.58,0.0,1.0,0,0.0,0.0,0.0,0.0,0.0,1.0,0,0,1.0,1.0986122886681098,4.256038151220088,0.06587084711635266,0,1.0,0.6401473053994464,0.576003548509159,True
1962,대조,0,2.0,9.0,178.6,77.0,2.0,5.27,0.0,0.0,1,3.39,1.0,1.0,58.39,1.0,2.0,1,1,2.0,2.302585092994046,5.190732155868099,0.029507278835386338,0,0.0,0.07656655193737477,-2.4899384095377557,True
1964,대조,0,3.0,11.0,326.92,196.0,10.0,21.3,0.0,0.0,1,15.83,6.0,6.0,159.83,6.0,3.0,1,1,3.0,2.4849066497880004,5.792769676196082,0.06515355438639422,0,0.0,0.07970568627684199,-2.4463525958456063,True
1965,대조,0,2.0,28.0,763.51,140786.0,9.0,14.44,0.0,0.0,1,3.05,3.0,2.0,534.25,20.0,2.0,1,1,2.0,3.367295829986474,6.639235105728304,0.018912653403360794,0,0.0,0.09163451317155294,-2.2938388340813245,True
1966,대조,0,2.0,14.0,743.71,385.0,10.0,21.94,0.0,0.0,0,13.55,6.0,5.0,230.54,8.0,2.0,1,1,2.0,2.70805020110221,6.612994880852574,0.029500746258622312,0,0.0,0.106600497807195,-2.125945670130629,True
1968,대조,0,5.0,13.0,450.24,252.0,9.0,25.12,0.0,0.0,0,10.33,4.0,4.0,160.18,4.0,5.0,1,1,5.0,2.6390573296152584,6.1119993487367195,0.055792466240227434,0,0.0,0.09483173983105969,-2.256016687687344,True
1969,대조,0,2.0,29.0,235.65,155.0,13.0,22.41,0.0,0.0,0,12.469999999999999,8.0,8.0,138.07,16.0,2.0,1,1,2.0,3.4011973816621555,5.466582256352257,0.0950986632718014,0,0.0,0.08022504724123165,-2.4392932476980413,True
1970,대조,0,5.0,3.0,25.580000000000002,25.0,0.0,0.0,0.0,0.0,0,3.13,2.0,2.0,33.97,2.0,5.0,1,1,5.0,1.3862943611198906,3.2801590532850993,0.0,0,0.0,0.06927367377419659,-2.5979003310684234,True
1971,처치,1,4.0,23.0,1112.18,89159.0,5.0,17.07,0.0,1.0,0,9.88,3.0,3.0,267.84,12.0,4.0,1,1,4.0,3.1780538303479458,7.014976063266841,0.01534823499793199,0,1.0,0.7240103882684706,0.9644425143649736,True
1972,대조,0,2.0,28.0,710.37,367.0,16.0,56.370000000000005,0.0,0.0,0,15.26,6.0,2.0,116.01,15.0,2.0,1,1,2.0,3.367295829986474,6.567192688256872,0.07935301321846362,0,0.0,0.09695757847080255,-2.231495983259347,True
1974,처치,1,2.0,36.0,1040.56,34970.0,37.0,123.67,0.0,1.0,0,58.67,18.0,15.0,531.36,18.0,2.0,1,1,2.0,3.6109179126442243,6.948474868259154,0.11884946567233029,0,1.0,0.6936559363392991,0.8172672072629448,True
1975,대조,0,2.0,42.0,2520.83,65222.0,39.0,114.13,2.0,1.0,1,79.89,40.0,29.0,1681.6299999999999,24.0,2.0,1,1,2.0,3.7612001156935624,7.832740107432939,0.045274770611266925,1,1.0,0.5619342746506529,0.2490159370403198,True
1976,대조,0,8.0,25.0,379.81,213.0,14.0,20.16,0.0,0.0,1,14.02,8.0,8.0,253.69,14.0,8.0,1,1,8.0,3.258096538021482,5.942300563076611,0.053079171164529634,0,0.0,0.07712696733680906,-2.4820386753100587,True
1980,대조,0,24.0,7.0,614.04,18888.0,11.0,34.29,0.0,0.0,1,19.7,7.0,7.0,251.4,2.0,24.0,1,1,24.0,2.0794415416798357,6.421687306341873,0.05584326753957397,0,0.0,0.08094503781296628,-2.4295755482447747,True
1981,대조,0,13.0,13.0,114.09,65.0,6.0,17.72,0.0,0.0,0,15.129999999999999,5.0,3.0,75.49,6.0,13.0,1,1,13.0,2.6390573296152584,4.745714430980399,0.1553159786133754,0,0.0,0.06576647996614762,-2.6536161429037968,True
1982,대조,0,3.0,25.0,599.88,49092.0,5.0,14.28,0.0,0.0,1,0.6,1.0,1.0,495.52,14.0,3.0,1,1,3.0,3.258096538021482,6.398395247377756,0.02380476095219044,0,0.0,0.08785600366555611,-2.3400987160696602,True
1985,처치,1,27.0,15.0,887.73,347.0,16.0,66.22,0.0,0.0,1,49.78,15.0,13.0,853.91,11.0,27.0,1,1,27.0,2.772588722239781,6.789793477348068,0.07459475290910525,0,0.0,0.07959512487706864,-2.4478608091791028,True
1987,대조,0,12.0,7.0,174.52,147.0,13.0,18.53,0.0,0.0,0,16.86,10.0,8.0,187.12,9.0,12.0,1,1,12.0,2.0794415416798357,5.16775299652692,0.10617694247077698,0,0.0,0.07692828720564951,-2.4848332739196612,True
1988,처치,1,3.0,23.0,1410.42,62802.0,14.0,36.13,0.0,0.0,0,25.97,18.0,9.0,421.26,13.0,3.0,1,1,3.0,3.1780538303479458,7.252351568793666,0.02561648303342267,0,0.0,0.11442832482768267,-2.0462847541650624,True
1989,대조,0,5.0,29.0,486.1,24307.0,3.0,7.58,0.0,0.0,1,2.59,1.0,1.0,149.16,12.0,5.0,1,1,5.0,3.4011973816621555,6.188469440812497,0.015593499279983542,0,0.0,0.08421113933672864,-2.386458627986687,True
1990,대조,0,2.0,15.0,438.61,54094.0,11.0,33.84,0.0,0.0,1,5.49,2.0,2.0,304.99,10.0,2.0,1,1,2.0,2.772588722239781,6.085887970223419,0.07715282369303025,0,0.0,0.08153453746706837,-2.4216775988328365,True
1993,대조,0,2.0,9.0,117.35,10776.0,2.0,2.29,0.0,0.0,0,9.41,4.0,4.0,175.72,7.0,2.0,1,1,2.0,2.302585092994046,4.7736463359599925,0.019514273540690245,0,0.0,0.08293742929880431,-2.403089244434456,True
1996,대조,0,2.0,12.0,353.42,151.0,10.0,40.120000000000005,0.0,0.0,0,16.37,4.0,4.0,241.16,10.0,2.0,1,1,2.0,2.5649493574615367,5.870482650547199,0.11351932544847491,0,0.0,0.08762065758284399,-2.3430390619281694,True
1997,대조,0,1.0,9.0,566.43,16705.0,9.0,23.71,0.0,0.0,1,32.33,6.0,6.0,466.78000000000003,8.0,1.0,1,1,1.0,2.302585092994046,6.341117393729944,0.04185865861624562,0,0.0,0.0908827017497468,-2.302904443540416,True
1998,처치,1,2.0,48.0,282.83,238.0,9.0,14.950000000000001,0.0,1.0,0,7.35,6.0,5.0,306.23,24.0,2.0,1,1,2.0,3.8918202981106265,5.648375467384462,0.05285860764416788,0,1.0,0.6587027166032086,0.6575184235217938,True
2002,처치,1,62.0,8.0,181.57999999999998,10308.0,3.0,9.98,0.0,0.0,1,0.0,0.0,0.0,1.49,1.0,62.0,0,1,62.0,2.1972245773362196,5.207188433136935,0.05496200022028858,0,0.0,0.053736693808841045,-2.868424787362141,True
2004,대조,0,2.0,37.0,1342.9,622.0,44.0,124.03,0.0,0.0,1,89.57000000000001,35.0,33.0,762.74,19.0,2.0,1,1,2.0,3.6375861597263857,7.203331113553019,0.09235981830367115,0,0.0,0.09107443899926554,-2.300586016626769,True
2006,처치,1,29.0,14.0,400.08,19604.0,5.0,8.17,1.0,1.0,1,0.0,0.0,0.0,98.26,3.0,29.0,0,1,29.0,2.70805020110221,5.994160908655725,0.020420915816836634,1,1.0,0.4667774815855675,-0.13308616071154009,True
2007,처치,1,7.0,17.0,1051.18,37454.0,18.0,81.14,0.0,0.0,1,39.95,23.0,16.0,801.55,16.0,7.0,1,1,7.0,2.8903717578961645,6.958619481322861,0.07718944424361193,0,0.0,0.09029715223961723,-2.3100120819963257,True
2009,대조,0,7.0,3.0,63.6,15.0,2.0,12.780000000000001,0.0,1.0,0,0.0,0.0,0.0,0.0,0.0,7.0,0,0,7.0,1.3862943611198906,4.168214410788556,0.2009433962264151,0,1.0,0.5863300097125146,0.34881425652703,True
2011,대조,0,10.0,21.0,223.22,97.0,1.0,2.18,0.0,0.0,1,0.0,0.0,0.0,96.33,8.0,10.0,0,1,10.0,3.091042453358316,5.412627712725447,0.009766149986560346,0,0.0,0.07425921506772627,-2.5230323869415305,True
2012,대조,0,5.0,21.0,637.96,16744.0,5.0,5.42,0.0,0.0,1,11.46,9.0,9.0,358.98,10.0,5.0,1,1,5.0,3.091042453358316,6.459841854609134,0.008495830459589942,0,0.0,0.09000055514086733,-2.3136281509226997,True
2013,대조,0,6.0,14.0,229.94,128.0,2.0,7.29,0.0,0.0,1,1.0,1.0,1.0,91.93,9.0,6.0,1,1,6.0,2.70805020110221,5.44215793652371,0.03170392276245977,0,0.0,0.07603306843093202,-2.497507926069767,True
2014,대조,0,15.0,9.0,462.08,237.0,5.0,8.969999999999999,0.0,0.0,0,4.1899999999999995,2.0,2.0,78.76,1.0,15.0,1,1,15.0,2.302585092994046,6.137899825337528,0.019412222991689747,0,0.0,0.09549013768252786,-2.2483702365744547,True
2015,대조,0,4.0,15.0,731.5600000000001,284.0,26.0,68.88,0.0,0.0,0,41.06,24.0,16.0,403.62,9.0,4.0,1,1,4.0,2.772588722239781,6.596545248799477,0.09415495653124828,0,0.0,0.09789535433505864,-2.220831433238359,True
2016,대조,0,1.0,7.0,180.49,117.0,3.0,6.279999999999999,0.0,1.0,0,15.87,14.0,9.0,265.05,15.0,1.0,1,1,1.0,2.0794415416798357,5.20120055576831,0.03479417142223946,0,1.0,0.6716441269901995,0.7156306284100539,True
2017,대조,0,4.0,14.0,658.76,32097.0,16.0,25.85,0.0,0.0,1,12.16,12.0,9.0,315.11,10.0,4.0,1,1,4.0,2.70805020110221,6.4918761325251,0.03924039103770721,0,0.0,0.08981043611492846,-2.315951706134595,True
2018,대조,0,31.0,5.0,270.61,127.0,3.0,11.35,0.0,0.0,1,4.49,2.0,2.0,36.08,2.0,31.0,1,1,31.0,1.791759469228055,5.604367213857996,0.041942278555855285,0,0.0,0.07063947997597965,-2.5769075420955776,True
2019,대조,0,1.0,78.0,1705.76,786.0,25.0,111.66,0.0,0.0,0,97.91,43.0,24.0,2196.71,49.0,1.0,1,1,1.0,4.3694478524670215,7.442352115370137,0.0654605571709971,0,0.0,0.1072280581989273,-2.119373212619204,True
2020,대조,0,4.0,45.0,1468.17,645.0,17.0,54.47,0.0,0.0,1,36.82,13.0,8.0,908.4,23.0,4.0,1,1,4.0,3.828641396489095,7.29245289446124,0.03710060824019017,0,0.0,0.0959256663132836,-2.243338002242259,True
2021,대조,0,3.0,15.0,313.53000000000003,124.0,2.0,3.86,0.0,0.0,0,5.98,2.0,2.0,150.9,10.0,3.0,1,1,3.0,2.772588722239781,5.75107946109836,0.012311421554556182,0,0.0,0.09431886924533839,-2.2620060236193957,True
2024,대조,0,1.0,16.0,950.0,43829.0,11.0,52.559999999999995,0.0,0.0,1,28.28,6.0,5.0,296.12,7.0,1.0,1,1,1.0,2.833213344056216,6.85751406254539,0.05532631578947368,0,0.0,0.09429624689808692,-2.262270879989774,True
2027,처치,1,2.0,21.0,285.61,139.0,4.0,7.29,0.0,0.0,0,0.0,0.0,0.0,79.61,7.0,2.0,0,1,2.0,3.091042453358316,5.658122406620676,0.025524316375477047,0,0.0,0.09060701999389295,-2.306245628568865,True
2029,대조,0,54.0,4.0,133.27,74.0,1.0,3.96,0.0,0.0,0,0.0,0.0,0.0,0.0,0.0,54.0,0,0,54.0,1.6094379124341003,4.899852698084617,0.029714114204247015,0,0.0,0.06521845815830714,-2.662570327445592,True
2032,대조,0,3.0,15.0,645.98,49826.0,4.0,5.37,0.0,0.0,0,3.13,1.0,1.0,99.55,2.0,3.0,1,1,3.0,2.772588722239781,6.472315382122036,0.008312950865351868,0,0.0,0.10577813083085587,-2.1346101250511667,True
2033,대조,0,18.0,6.0,158.21,55.0,3.0,17.03,0.0,0.0,0,0.0,0.0,0.0,67.38,4.0,18.0,0,1,18.0,1.9459101490553132,5.070224085507913,0.1076417419884963,0,0.0,0.07371192438053198,-2.531020700731164,True
2034,대조,0,3.0,18.0,537.2,57242.0,2.0,4.58,0.0,0.0,0,11.04,7.0,7.0,258.35,8.0,3.0,1,1,3.0,2.9444389791664403,6.2882302382928055,0.008525688756515264,0,0.0,0.10189848781003452,-2.1763060042633895,True
2035,대조,0,19.0,19.0,254.6,194.0,3.0,4.62,0.0,0.0,0,8.27,4.0,4.0,164.11,5.0,19.0,1,1,19.0,2.995732273553991,5.5436137225033795,0.01814611154752553,0,0.0,0.08221245253889838,-2.4126591527261243,True
2036,대조,0,69.0,4.0,367.3,103.0,7.0,61.59,0.0,0.0,0,64.8,15.0,11.0,542.48,6.0,69.0,1,1,69.0,1.6094379124341003,5.90889782345102,0.1676830928396406,0,0.0,0.06046800333960936,-2.743267520673666,True
2039,대조,0,,0.0,0.0,0.0,0.0,0.0,0.0,1.0,0,0.0,0.0,0.0,0.0,0.0,90.0,0,0,90.0,0.0,0.0,0.0,0,1.0,0.36923616911493395,-0.5354950509484101,True
2041,대조,0,11.0,8.0,370.84000000000003,125.0,3.0,6.29,0.0,0.0,1,3.17,2.0,2.0,384.58,8.0,11.0,1,1,11.0,2.1972245773362196,5.918463654223491,0.01696149282709524,0,0.0,0.08326855785028715,-2.398743542520446,True
2042,대조,0,30.0,4.0,393.32,12343.0,3.0,13.82,0.0,0.0,0,25.39,19.0,7.0,310.03000000000003,2.0,30.0,1,1,30.0,1.6094379124341003,5.977162762397122,0.03513678429777281,0,0.0,0.0876425001809992,-2.3427658665068476,True
2043,대조,0,18.0,6.0,155.84,93.0,12.0,16.09,0.0,0.0,0,2.79,2.0,2.0,120.75,5.0,18.0,1,1,18.0,1.9459101490553132,5.055226177424131,0.10324691991786447,0,0.0,0.07389238802917358,-2.5283806205415473,True
2044,대조,0,10.0,7.0,129.88,65.0,3.0,3.76,0.0,1.0,0,2.58,2.0,1.0,91.25,4.0,10.0,1,1,10.0,2.0794415416798357,4.8742808728544365,0.028949799815214044,0,1.0,0.6486964301249353,0.6133141359631439,True
2046,처치,1,1.0,6.0,87.16,34.0,1.0,2.99,0.0,0.0,0,8.98,2.0,2.0,70.74000000000001,4.0,1.0,1,1,1.0,1.9459101490553132,4.479153345404605,0.03430472693896283,0,0.0,0.0799035408006862,-2.4436583443096422,True
2047,대조,0,5.0,25.0,772.61,25722.0,7.0,15.64,0.0,0.0,0,18.33,5.0,5.0,388.27,15.0,5.0,1,1,5.0,3.258096538021482,6.65106787063258,0.020243072183896146,0,0.0,0.10350775791748251,-2.1588430738258415,True
2050,처치,1,1.0,25.0,920.12,64365.0,6.0,15.97,0.0,1.0,1,4.99,1.0,1.0,176.97,8.0,1.0,1,1,1.0,3.258096538021482,6.8255903209275,0.01735643176976916,0,1.0,0.6893373461570098,0.7970231591345595,True
2051,처치,1,9.0,56.0,943.98,42840.0,25.0,70.37,0.0,1.0,0,0.0,0.0,0.0,32.0,3.0,9.0,0,1,9.0,4.04305126783455,6.851163763248618,0.07454607089133244,0,1.0,0.68694217807917,0.785862214806418,True
2053,대조,0,3.0,26.0,560.64,2450.0,11.0,25.9,0.0,0.0,1,10.76,5.0,5.0,235.1,11.0,3.0,1,1,3.0,3.295836866004329,6.330861075246442,0.04619720319634703,0,0.0,0.08469038857472881,-2.3802602620587954,True
2055,대조,0,1.0,12.0,148.65,54.0,4.0,21.16,0.0,0.0,0,46.53,14.0,14.0,384.87,18.0,1.0,1,1,1.0,2.5649493574615367,5.008299234298708,0.14234779683821056,0,0.0,0.0746211263410023,-2.5177795847597086,True
2056,대조,0,21.0,16.0,301.62,108.0,17.0,49.44,0.0,0.0,0,10.49,3.0,2.0,77.02,6.0,21.0,1,1,21.0,2.833213344056216,5.712477893023425,0.16391485975731052,0,0.0,0.07186113218319394,-2.5584458266715746,True
2057,대조,0,2.0,16.0,459.13,35723.0,7.0,45.49,0.0,0.0,1,14.99,6.0,3.0,220.54,10.0,2.0,1,1,2.0,2.833213344056216,6.131509058252478,0.09907869230936772,0,0.0,0.07992317796468049,-2.443391270896727,True
2059,대조,0,22.0,11.0,492.4,304.0,9.0,18.79,0.0,0.0,0,10.66,5.0,3.0,266.99,5.0,22.0,1,1,22.0,2.4849066497880004,6.201320204095256,0.03816003249390739,0,0.0,0.09011926461073387,-2.3121795754909336,True
2062,처치,1,3.0,35.0,881.59,9135.0,16.0,44.18,0.0,1.0,1,23.67,15.0,11.0,478.01,13.0,3.0,1,1,3.0,3.58351893845611,6.782860766610372,0.050113998570764186,0,1.0,0.672597872574834,0.7199584734592722,True
2063,처치,1,9.0,10.0,358.13,205.0,1.0,1.98,0.0,1.0,1,1.62,1.0,1.0,162.72,6.0,9.0,1,1,9.0,2.3978952727983707,5.883684439931388,0.0055287186217295396,0,1.0,0.6578789360426771,0.6538562640175251,True
2064,대조,0,8.0,15.0,333.76,82.0,3.0,12.68,0.0,0.0,1,7.6899999999999995,5.0,4.0,158.78,15.0,8.0,1,1,8.0,2.772588722239781,5.813413857164673,0.03799137104506232,0,0.0,0.0788911731769651,-2.457508842819027,True
2065,대조,0,4.0,7.0,413.26,169.0,10.0,23.39,0.0,0.0,0,39.72,9.0,9.0,362.65,3.0,4.0,1,1,4.0,2.0794415416798357,6.026493796027377,0.05659875139137589,0,0.0,0.09686493586236919,-2.232554520516038,True
2066,대조,0,1.0,16.0,411.61,192.0,8.0,20.19,0.0,0.0,0,3.97,4.0,2.0,415.27,18.0,1.0,1,1,1.0,2.833213344056216,6.0225028368921665,0.049051286411894754,0,0.0,0.09527211492342107,-2.250897054281939,True
2068,대조,0,4.0,12.0,314.01,12822.0,8.0,11.0,0.0,0.0,1,6.6,5.0,4.0,207.67000000000002,10.0,4.0,1,1,4.0,2.5649493574615367,5.752604384353485,0.03503073150536607,0,0.0,0.08104136807440063,-2.4282813658469236,True
2069,대조,0,14.0,13.0,238.25,99.0,1.0,3.0,0.0,1.0,1,8.35,2.0,2.0,30.5,3.0,14.0,1,1,14.0,2.6390573296152584,5.477509030333064,0.012591815320041973,0,1.0,0.630047564744341,0.5324208721183249,True
2070,대조,0,2.0,75.0,522.01,22633.0,9.0,29.52,0.0,0.0,1,0.0,0.0,0.0,260.82,48.0,2.0,0,1,2.0,4.330733340286331,6.25960058434102,0.056550640792321985,0,0.0,0.07873347855201782,-2.4596809175412964,True
2071,대조,0,1.0,21.0,271.02,69.0,6.0,10.55,0.0,0.0,0,7.5600000000000005,5.0,4.0,139.58,21.0,1.0,1,1,1.0,3.091042453358316,5.605875593004607,0.03892701645635009,0,0.0,0.08907305615455964,-2.325005811996761,True
2074,대조,0,1.0,11.0,316.73,174.0,6.0,12.91,0.0,0.0,0,0.0,0.0,0.0,46.22,2.0,1.0,0,1,1.0,2.4849066497880004,5.7612019655236875,0.04076026899883181,0,0.0,0.09406273266845473,-2.265008133797962,True
2075,대조,0,14.0,8.0,252.42000000000002,13499.0,4.0,9.36,0.0,0.0,0,6.0,5.0,4.0,163.62,3.0,14.0,1,1,14.0,2.1972245773362196,5.5350481913707625,0.037081055383883996,0,0.0,0.08630516780433307,-2.3596071559248815,True
2078,처치,1,4.0,14.0,394.09,56489.0,7.0,61.53,0.0,1.0,0,0.0,0.0,0.0,36.5,2.0,4.0,0,1,4.0,2.70805020110221,5.979113587048952,0.15613184805501282,0,1.0,0.6569388859879695,0.6496823880959238,True
2079,대조,0,2.0,23.0,791.87,379.0,5.0,15.120000000000001,0.0,0.0,0,26.47,6.0,5.0,612.27,14.0,2.0,1,1,2.0,3.1780538303479458,6.675659273769901,0.01909404321416394,0,0.0,0.10614747138135955,-2.130711438082305,True
2080,대조,0,5.0,10.0,902.88,9593.0,8.0,18.41,0.0,0.0,0,10.99,7.0,5.0,359.31,4.0,5.0,1,1,5.0,2.3978952727983707,6.806696608218164,0.0203903065745171,0,0.0,0.11087640220317799,-2.0818201687401467,True
2081,대조,0,11.0,7.0,246.19,140.0,3.0,3.88,0.0,0.0,0,0.0,0.0,0.0,0.0,0.0,11.0,0,0,11.0,2.0794415416798357,5.510157271690854,0.015760185222795403,0,0.0,0.08998321477831607,-2.313839894165974,True
2082,대조,0,2.0,32.0,873.23,78883.0,16.0,32.81,0.0,0.0,1,17.96,9.0,6.0,266.59000000000003,11.0,2.0,1,1,2.0,3.4965075614664802,6.773343498930307,0.03757314796788933,0,0.0,0.09106586582532668,-2.300689586920255,True
2083,대조,0,4.0,50.0,1086.43,55669.0,24.0,94.75,0.0,0.0,0,25.71,15.0,12.0,416.03,16.0,4.0,1,1,4.0,3.9318256327243257,6.99157239307505,0.08721224561177433,0,0.0,0.09851785660715155,-2.2138024176857227,True
2084,대조,0,17.0,16.0,225.54,64.0,3.0,5.98,0.0,0.0,1,3.99,1.0,1.0,22.15,2.0,17.0,1,1,17.0,2.833213344056216,5.422921529772568,0.02651414383257959,0,0.0,0.07125561525649163,-2.5675599233162996,True
2085,대조,0,1.0,58.0,1805.33,77886.0,32.0,81.75,0.0,0.0,1,59.21,23.0,14.0,1086.54,41.0,1.0,1,1,1.0,4.07753744390572,7.49905244153738,0.04528257991613722,0,0.0,0.09844098862015349,-2.214668231259608,True
2086,대조,0,2.0,47.0,675.25,260.0,8.0,22.67,0.0,0.0,1,6.58,3.0,3.0,346.88,37.0,2.0,1,1,2.0,3.871201010907891,6.516562830160692,0.03357275083302481,0,0.0,0.08613749358120938,-2.3617353473589504,True
2087,대조,0,5.0,24.0,1061.17,57407.0,7.0,15.05,0.0,0.0,1,23.36,14.0,12.0,484.64,15.0,5.0,1,1,5.0,3.2188758248682006,6.9680692643207625,0.014182458983951676,0,0.0,0.09609035938311491,-2.2414404079765355,True
2088,처치,1,8.0,11.0,570.17,409.0,21.0,49.160000000000004,0.0,1.0,1,2.79,1.0,1.0,113.9,3.0,8.0,1,1,8.0,2.4849066497880004,6.3476868886376945,0.08621989932827052,0,1.0,0.6543675460616171,0.6382932520394071,True
2092,대조,0,6.0,35.0,758.11,36740.0,6.0,17.11,0.0,0.0,1,15.06,4.0,3.0,257.41,13.0,6.0,1,1,6.0,3.58351893845611,6.632146694430881,0.02256928414082389,0,0.0,0.08818959089402707,-2.335943144737419,True
2094,대조,0,7.0,4.0,206.54,101.0,5.0,13.14,0.0,0.0,1,0.0,0.0,0.0,118.77,4.0,7.0,0,1,7.0,1.6094379124341003,5.3353240921771325,0.06361963784254866,0,0.0,0.07624123059411536,-2.494548565213126,True
2095,대조,0,7.0,20.0,564.34,12696.0,19.0,25.8,0.0,1.0,0,24.36,11.0,9.0,404.89,15.0,7.0,1,1,7.0,3.044522437723423,6.337427320067039,0.04571712088457313,0,1.0,0.6906867938171353,0.803332080131776,True
2098,대조,0,5.0,4.0,114.28,60.0,4.0,18.39,0.0,0.0,0,24.85,7.0,5.0,253.86,3.0,5.0,1,1,5.0,1.6094379124341003,4.747363951691266,0.16092054602730138,0,0.0,0.07232035019008888,-2.551580909940632,True
2099,대조,0,82.0,2.0,80.0,20630.0,0.0,0.0,0.0,0.0,0,0.0,0.0,0.0,15.11,1.0,82.0,0,1,82.0,1.0986122886681098,4.394449154672439,0.0,0,0.0,0.05467543946041642,-2.8501137146192956,True
2100,대조,0,14.0,13.0,630.48,379.0,24.0,44.42,0.0,0.0,1,19.13,14.0,11.0,306.07,10.0,14.0,1,1,14.0,2.6390573296152584,6.448066270663526,0.07045425707397539,0,0.0,0.0819776123010507,-2.4157755885263255,True
2102,처치,1,5.0,10.0,158.99,60.0,3.0,8.77,0.0,0.0,1,8.98,2.0,2.0,176.32,8.0,5.0,1,1,5.0,2.3978952727983707,5.075111313280621,0.05516070193093905,0,0.0,0.07153159053221748,-2.563397179274453,True
2108,대조,0,10.0,20.0,245.23,121.0,1.0,0.99,0.0,0.0,0,2.0,2.0,2.0,113.35,12.0,10.0,1,1,10.0,3.044522437723423,5.506266058479704,0.00403702646495127,0,0.0,0.08693799488682159,-2.351608629773848,True
2109,대조,0,4.0,15.0,310.61,161.0,0.0,0.0,0.0,0.0,0,20.77,12.0,11.0,439.67,17.0,4.0,1,1,4.0,2.772588722239781,5.74175240590783,0.0,0,0.0,0.09491838069103258,-2.2550077550166385,True
2110,처치,1,2.0,21.0,1454.05,38089.0,25.0,89.71000000000001,0.0,2.0,1,30.91,12.0,10.0,591.4300000000001,17.0,2.0,1,1,2.0,3.091042453358316,7.282795543276324,0.061696640418142434,0,2.0,0.9795925980999377,3.871239095727476,True
2111,처치,1,3.0,18.0,474.54,19404.0,2.0,3.0,1.0,1.0,1,4.0,4.0,2.0,378.59,13.0,3.0,1,1,3.0,2.9444389791664403,6.164451000424257,0.006321911746112024,1,1.0,0.5133664849444993,0.05347868174996543,True
2112,대조,0,6.0,13.0,533.47,230.0,9.0,29.64,0.0,0.0,1,12.09,4.0,4.0,464.02,8.0,6.0,1,1,6.0,2.6390573296152584,6.281275601668206,0.05556076255459538,0,0.0,0.08479626706129507,-2.37889517811477,True
2114,처치,1,2.0,22.0,426.82,194.0,8.0,18.95,0.0,1.0,0,6.390000000000001,4.0,2.0,205.25,8.0,2.0,1,1,2.0,3.1354942159291497,6.0587025463736595,0.044398106930321916,0,1.0,0.6860903054187966,0.7819039119450167,True
2115,대조,0,2.0,52.0,2157.01,289141.0,24.0,70.54,0.0,0.0,1,52.03,19.0,18.0,997.32,23.0,2.0,1,1,2.0,3.970291913552122,7.67694177972764,0.03270267639000283,0,0.0,0.1025519794130907,-2.169185416640888,True
2116,처치,1,3.0,35.0,1747.27,104923.0,53.0,118.54,0.0,2.0,1,74.79,37.0,31.0,779.0,13.0,3.0,1,1,3.0,3.58351893845611,7.4663820065299795,0.06784297790267103,0,2.0,0.9793708698797502,3.8602062355752245,True
2123,대조,0,5.0,9.0,595.35,243.0,12.0,22.47,0.0,0.0,1,9.629999999999999,6.0,5.0,341.8,6.0,5.0,1,1,5.0,2.302585092994046,6.390827743024678,0.037742504409171075,0,0.0,0.09001790897434922,-2.3134162799871065,True
2124,처치,1,1.0,42.0,1406.49,239353.0,13.0,37.36,0.0,0.0,1,26.330000000000002,8.0,8.0,514.42,17.0,1.0,1,1,1.0,3.7612001156935624,7.249563255192869,0.02656257776450597,0,0.0,0.09829297231953893,-2.2163371318617826,True
2128,대조,0,69.0,5.0,75.86,18773.0,0.0,0.0,0.0,0.0,0,1.29,1.0,1.0,23.14,2.0,69.0,1,1,69.0,1.791759469228055,4.3419855851366975,0.0,0,0.0,0.05612202373797329,-2.82246857986729,True
2129,대조,0,3.0,34.0,1293.6,93135.0,23.0,55.46,0.0,0.0,1,13.26,8.0,6.0,571.37,12.0,3.0,1,1,3.0,3.5553480614894135,7.1659570461114095,0.0428726035868893,0,0.0,0.0953841773355079,-2.249597639552243,True
2130,대조,0,14.0,8.0,461.41,190.0,12.0,40.53,0.0,0.0,1,34.92,9.0,9.0,377.25,5.0,14.0,1,1,14.0,2.1972245773362196,6.136451943421901,0.08783944864653995,0,0.0,0.07847447558172363,-2.4632570554082722,True
2131,대조,0,13.0,18.0,534.6,214.0,13.0,36.32,0.0,0.0,0,13.96,7.0,7.0,620.07,14.0,13.0,1,1,13.0,2.9444389791664403,6.283387613817017,0.0679386457164235,0,0.0,0.0905548852699303,-2.3068785155462113,True
2133,대조,0,1.0,15.0,887.22,22942.0,23.0,68.29,0.0,0.0,1,44.85,14.0,11.0,474.55,10.0,1.0,1,1,1.0,2.772588722239781,6.789219460055513,0.07697076260679427,0,0.0,0.0914649488649381,-2.295877642042297,True
2134,처치,1,11.0,9.0,855.7,361.0,15.0,41.11,0.0,1.0,1,66.65,39.0,24.0,845.33,8.0,11.0,1,1,11.0,2.302585092994046,6.7530877989699984,0.048042538272759144,0,1.0,0.6781364204183136,0.745220687879604,True
2137,처치,1,12.0,15.0,377.22,27810.0,10.0,27.14,0.0,0.0,0,12.66,6.0,5.0,254.85,15.0,12.0,1,1,12.0,2.772588722239781,5.935476036899127,0.07194740469752399,0,0.0,0.08669310643640041,-2.3546975915541077,True
2138,대조,0,3.0,18.0,664.53,273.0,14.0,48.39,0.0,0.0,0,25.05,21.0,12.0,219.47,9.0,3.0,1,1,3.0,2.9444389791664403,6.500583715707198,0.07281838291724979,0,0.0,0.09831150923041095,-2.216128003490588,True
2139,대조,0,3.0,75.0,802.07,372.0,7.0,18.01,0.0,0.0,0,18.81,8.0,8.0,792.6,49.0,3.0,1,1,3.0,4.330733340286331,6.68844188324828,0.022454399241961426,0,0.0,0.09917388491003327,-2.2064375252847275,True
2141,처치,1,1.0,13.0,890.63,351.0,6.0,30.7,0.0,0.0,0,13.04,4.0,3.0,284.37,6.0,1.0,1,1,1.0,2.6390573296152584,6.7930512483211585,0.0344699819229085,0,0.0,0.10995858912406893,-2.0911641583136693,True
2142,대조,0,4.0,12.0,1179.47,544.0,26.0,76.13,0.0,0.0,0,16.11,10.0,6.0,455.56,6.0,4.0,1,1,4.0,2.5649493574615367,7.073667943242043,0.06454594012564965,0,0.0,0.10983172432033289,-2.092461103071478,True
2144,대조,0,5.0,5.0,397.59000000000003,113.0,4.0,17.16,0.0,0.0,0,0.0,0.0,0.0,0.0,0.0,5.0,0,0,5.0,1.791759469228055,5.987933319656665,0.0431600392363993,0,0.0,0.09865739397076086,-2.212232254982681,True
2145,대조,0,20.0,6.0,211.92,70.0,4.0,16.56,0.0,0.0,0,0.0,0.0,0.0,55.35,1.0,20.0,0,1,20.0,1.9459101490553132,5.360916508304556,0.07814269535673839,0,0.0,0.0788083868396504,-2.458648640474535,True
2146,처치,1,10.0,9.0,332.17,122.0,10.0,21.42,0.0,0.0,0,3.39,1.0,1.0,62.72,4.0,10.0,1,1,10.0,2.302585092994046,5.808652870224797,0.06448505283439203,0,0.0,0.08884468719782815,-2.3278236111624904,True
2147,대조,0,9.0,15.0,685.75,8497.0,18.0,48.43,0.0,0.0,1,34.57,11.0,10.0,484.84,7.0,9.0,1,1,9.0,2.772588722239781,6.531970324975383,0.07062340503098796,0,0.0,0.0847266362717294,-2.3797927487845043,True
2148,처치,1,4.0,15.0,464.67,250.0,9.0,26.810000000000002,0.0,1.0,1,4.17,6.0,2.0,91.53,4.0,4.0,1,1,4.0,2.772588722239781,6.143477228759367,0.05769686013730174,0,1.0,0.6556829477116102,0.6441144641649437,True
2149,대조,0,1.0,20.0,621.69,82177.0,0.0,0.0,0.0,0.0,0,0.0,0.0,0.0,345.88,10.0,1.0,0,1,1.0,3.044522437723423,6.434048802651979,0.0,0,0.0,0.10570141880299355,-2.1354213871458887,True
2154,대조,0,2.0,7.0,109.6,10797.0,0.0,0.0,0.0,0.0,1,20.12,11.0,8.0,407.46,11.0,2.0,1,1,2.0,2.0794415416798357,4.7059200890882344,0.0,0,0.0,0.07416616085256661,-2.5243867862298526,True
2156,대조,0,10.0,17.0,710.7,73892.0,16.0,35.81,0.0,0.0,1,27.85,10.0,10.0,462.62,6.0,10.0,1,1,10.0,2.8903717578961645,6.567656474305226,0.05038694245110455,0,0.0,0.08605976448492964,-2.362723190708519,True
2158,대조,0,13.0,19.0,379.39,50152.0,2.0,4.79,0.0,0.0,1,6.5,3.0,3.0,291.55,9.0,13.0,1,1,13.0,2.995732273553991,5.941197042207926,0.012625530456785893,0,0.0,0.07952941866316736,-2.448758041436189,True
2159,대조,0,2.0,16.0,316.19,146.0,1.0,5.98,0.0,0.0,0,10.99,6.0,3.0,279.35,16.0,2.0,1,1,2.0,2.833213344056216,5.7595009634125445,0.01891267908536007,0,0.0,0.09397920759139966,-2.2659886934915834,True
2161,대조,0,49.0,2.0,53.870000000000005,14437.0,0.0,0.0,0.0,1.0,0,0.0,0.0,0.0,71.65,2.0,49.0,0,1,49.0,1.0986122886681098,4.004966751070884,0.0,0,1.0,0.5805808907962844,0.32515845756950174,True
2162,대조,0,3.0,26.0,1762.38,103165.0,7.0,22.57,0.0,0.0,1,22.63,9.0,8.0,1002.88,13.0,3.0,1,1,3.0,3.295836866004329,7.474987700862398,0.012806545693891214,0,0.0,0.1046850837452657,-2.1462188770123793,True
2164,대조,0,3.0,11.0,435.16,297.0,3.0,11.52,0.0,0.0,0,0.79,1.0,1.0,218.07,5.0,3.0,1,1,3.0,2.4849066497880004,6.078009148508168,0.026473021417409686,0,0.0,0.09919850172304913,-2.2061620100792734,True
2167,대조,0,2.0,23.0,580.26,346.0,17.0,31.03,0.0,0.0,0,31.78,22.0,17.0,439.69,14.0,2.0,1,1,2.0,3.1780538303479458,6.365198161054649,0.053476027987453906,0,0.0,0.0976046240431541,-2.2241278867812673,True
2168,처치,1,5.0,20.0,763.6,395.0,10.0,16.39,0.0,1.0,1,13.93,11.0,11.0,396.65,17.0,5.0,1,1,5.0,3.044522437723423,6.639352821262312,0.0214641173389209,0,1.0,0.6790175195953955,0.7492603858191323,True
2170,대조,0,1.0,30.0,958.95,5774.0,27.0,86.2,0.0,0.0,0,7.55,6.0,6.0,298.22,18.0,1.0,1,1,1.0,3.4339872044851463,6.866881199772164,0.08988998383648783,0,0.0,0.10056664131679754,-2.19094435815239,True
2171,대조,0,13.0,11.0,417.36,171.0,8.0,23.23,0.0,0.0,0,18.759999999999998,7.0,7.0,216.74,5.0,13.0,1,1,13.0,2.4849066497880004,6.036342305886068,0.05565938278704236,0,0.0,0.09052058372151446,-2.307295096511825,True
2173,대조,0,2.0,2.0,14.34,5.0,1.0,2.99,0.0,0.0,1,0.0,0.0,0.0,0.0,0.0,2.0,0,0,2.0,1.0986122886681098,2.73046379593911,0.2085076708507671,0,0.0,0.04526801642101341,-3.048829911770737,True
2176,대조,0,2.0,120.0,1203.36,127015.0,24.0,64.19,0.0,0.0,0,24.51,12.0,12.0,354.23,15.0,2.0,1,1,2.0,4.795790545596741,7.09370358449844,0.05334230820369632,0,0.0,0.10015902010497173,-2.1954589347005213,True
2178,대조,0,3.0,25.0,847.83,427.0,21.0,37.39,0.0,0.0,0,27.88,9.0,9.0,538.17,17.0,3.0,1,1,3.0,3.258096538021482,6.743858930690268,0.044100822098769796,0,0.0,0.1034629393387735,-2.159326156906968,True
2179,대조,0,4.0,4.0,212.38,82.0,1.0,1.0,0.0,0.0,1,6.24,3.0,2.0,105.01,6.0,4.0,1,1,4.0,1.6094379124341003,5.363074613763315,0.004708541293907148,0,0.0,0.08299192874458634,-2.4023729149960174,True
2181,대조,0,10.0,5.0,189.59,39.0,1.0,2.59,0.0,0.0,1,0.0,0.0,0.0,22.0,1.0,10.0,0,1,10.0,1.791759469228055,5.2501245239465515,0.013661058072683157,0,0.0,0.07736826326335167,-2.478653508618738,True
2182,처치,1,4.0,17.0,462.59000000000003,221.0,13.0,40.99,0.0,1.0,1,9.5,6.0,3.0,125.06,8.0,4.0,1,1,4.0,2.8903717578961645,6.139000540913713,0.08860978404202426,0,1.0,0.6456320335312343,0.5998939073799486,True
2183,처치,1,1.0,16.0,353.77,41556.0,4.0,8.370000000000001,0.0,0.0,1,20.97,10.0,7.0,208.63,7.0,1.0,1,1,1.0,2.833213344056216,5.871469692181784,0.02365943974898946,0,0.0,0.08374022527739847,-2.3925804705388964,True
2184,대조,0,3.0,28.0,941.9,371.0,11.0,70.98,0.0,0.0,1,33.17,6.0,6.0,282.33,11.0,3.0,1,1,3.0,3.367295829986474,6.848960232471631,0.0753583182928124,0,0.0,0.08860432938515647,-2.330796407750988,True
2185,처치,1,9.0,7.0,871.76,282.0,22.0,76.29,0.0,3.0,1,27.14,8.0,8.0,454.35,5.0,9.0,1,1,9.0,2.0794415416798357,6.77166060395445,0.0875126181517849,0,3.0,0.9989058612192127,6.81669298894477,False
2186,처치,1,4.0,9.0,829.54,302.0,6.0,28.130000000000003,0.0,0.0,1,28.36,9.0,9.0,472.67,6.0,4.0,1,1,4.0,2.302585092994046,6.722076091650286,0.03391035995853124,0,0.0,0.09564387687839902,-2.2465915463946415,True
2187,대조,0,9.0,9.0,337.57,130.0,5.0,16.560000000000002,0.0,0.0,0,0.0,0.0,0.0,138.79000000000002,3.0,9.0,0,1,9.0,2.302585092994046,5.824730865655679,0.04905649198684718,0,0.0,0.09104778958045118,-2.3009079901063356,True
2188,대조,0,2.0,18.0,534.14,231.0,10.0,27.87,0.0,0.0,1,13.68,8.0,6.0,298.07,13.0,2.0,1,1,2.0,2.9444389791664403,6.282528394906171,0.05217733178567417,0,0.0,0.08557789037426625,-2.368865331804178,True
2190,대조,0,3.0,32.0,1339.65,144099.0,35.0,83.14,0.0,0.0,1,71.96000000000001,40.0,33.0,923.34,26.0,3.0,1,1,3.0,3.4965075614664802,7.200909849961158,0.062060986078453326,0,0.0,0.09424701113684163,-2.2628475158969317,True
2193,처치,1,8.0,15.0,1328.8700000000001,555.0,28.0,91.32,0.0,1.0,1,77.39,29.0,25.0,805.66,10.0,8.0,1,1,8.0,2.772588722239781,7.192836472077606,0.06872004033502148,0,1.0,0.6869176183607358,0.7857480139475687,True
2198,대조,0,4.0,24.0,234.07,19002.0,6.0,13.0,0.0,0.0,1,8.0,8.0,5.0,252.59,20.0,4.0,1,1,4.0,3.2188758248682006,5.459883342129427,0.05553894134233349,0,0.0,0.07304323323971884,-2.540855424672931,True
2199,대조,0,1.0,26.0,1084.88,87437.0,22.0,51.84,0.0,0.0,1,19.439999999999998,9.0,9.0,410.08,9.0,1.0,1,1,1.0,3.295836866004329,6.990145997151043,0.04778408671926849,0,0.0,0.09465440852370131,-2.2580842861579016,True
2203,대조,0,3.0,8.0,449.18,123.0,7.0,40.14,0.0,1.0,1,11.79,3.0,2.0,205.19,3.0,3.0,1,1,3.0,2.1972245773362196,6.109647502785692,0.08936283895097734,0,1.0,0.6549442602656803,0.640844164754585,True
2204,대조,0,1.0,30.0,242.57,189.0,2.0,3.5,0.0,0.0,0,18.490000000000002,5.0,5.0,213.53,11.0,1.0,1,1,1.0,3.4339872044851463,5.495404375542464,0.014428824669167664,0,0.0,0.08825881478007282,-2.3350825866440417,True
2205,처치,1,2.0,18.0,361.09,7119.0,12.0,31.35,0.0,0.0,0,16.14,7.0,5.0,168.21,6.0,2.0,1,1,2.0,2.9444389791664403,5.8918927997097725,0.08682046027306213,0,0.0,0.0886492560333906,-2.3302401926986205,True
2207,처치,1,2.0,66.0,1062.19,563.0,14.0,33.93,0.0,0.0,0,51.31,16.0,15.0,706.12,41.0,2.0,1,1,2.0,4.204692619390966,6.969029101786707,0.031943437614739355,0,0.0,0.10372245225060849,-2.1565315247434604,True
2208,처치,1,2.0,29.0,2011.47,6079.0,26.0,88.29,0.0,1.0,1,64.87,21.0,16.0,701.5500000000001,6.0,2.0,1,1,2.0,3.4011973816621555,7.607118102349312,0.04389327208459485,0,1.0,0.7076940059971293,0.8842106271053846,True
2209,대조,0,1.0,41.0,1430.1100000000001,89785.0,31.0,84.06,0.0,0.0,1,0.0,0.0,0.0,197.07999999999998,9.0,1.0,0,1,1.0,3.7376696182833684,7.266205645924308,0.05877869534511331,0,0.0,0.09533466485103818,-2.250171590870091,True
2210,대조,0,23.0,10.0,393.99,164.0,15.0,32.55,0.0,0.0,0,22.650000000000002,10.0,9.0,438.79,9.0,23.0,1,1,23.0,2.3978952727983707,5.9788604481249585,0.08261631005863092,0,0.0,0.08291731852573202,-2.403353684419859,True
2211,대조,0,7.0,4.0,93.09,18721.0,4.0,15.18,0.0,0.0,0,21.35,7.0,7.0,258.84000000000003,10.0,7.0,1,1,7.0,1.6094379124341003,4.544251771018675,0.1630679987109249,0,0.0,0.0691011911433404,-2.6005786119711622,True
2213,대조,0,11.0,12.0,891.9,386.0,22.0,61.87,2.0,1.0,0,0.0,0.0,0.0,37.96,1.0,11.0,0,1,11.0,2.5649493574615367,6.794474592523171,0.0693687633142729,1,1.0,0.5515354045377795,0.2068762949383398,True
2215,처치,1,12.0,10.0,187.92,71.0,1.0,1.98,0.0,1.0,0,1.74,1.0,1.0,174.25,8.0,12.0,1,1,12.0,2.3978952727983707,5.241323645027916,0.01053639846743295,0,1.0,0.6607860452109355,0.6667990605921291,True
2221,대조,0,1.0,19.0,379.88,207.0,17.0,49.82,0.0,0.0,1,18.66,6.0,6.0,189.03,9.0,1.0,1,1,1.0,2.995732273553991,5.942484364886264,0.13114667789828366,0,0.0,0.0746717775218562,-2.5170462998870033,True
2222,대조,0,12.0,5.0,460.49,188.0,11.0,26.25,0.0,0.0,0,31.18,26.0,18.0,328.24,3.0,12.0,1,1,12.0,1.791759469228055,6.134460385235769,0.0570044952116224,0,0.0,0.09575019852709066,-2.245362949834699,True
2223,처치,1,16.0,40.0,189.56,88.0,1.0,2.59,0.0,1.0,0,0.0,0.0,0.0,24.96,2.0,16.0,0,1,16.0,3.713572066704308,5.24996710560699,0.013663220088626292,0,1.0,0.637183662438213,0.5631611889983027,True
2225,대조,0,9.0,13.0,437.46,161.0,6.0,9.17,0.0,0.0,0,6.0600000000000005,3.0,3.0,152.03,6.0,9.0,1,1,9.0,2.6390573296152584,6.083268587583019,0.020961916518081655,0,0.0,0.09590369059694746,-2.243591426713388,True
2226,대조,0,2.0,117.0,1675.1,113791.0,18.0,58.6,0.0,0.0,0,58.550000000000004,37.0,22.0,846.72,61.0,2.0,1,1,2.0,4.770684624465665,7.424224945133212,0.03498298609038267,0,0.0,0.10754415983043651,-2.1160754812907623,True
2228,처치,1,2.0,38.0,962.34,41798.0,5.0,9.81,0.0,1.0,0,20.68,11.0,9.0,568.36,21.0,2.0,1,1,2.0,3.6635616461296463,6.870406412829647,0.010193902362990212,0,1.0,0.7169180396943593,0.9292250559149322,True
2230,대조,0,31.0,2.0,27.28,8.0,0.0,0.0,0.0,0.0,0,0.0,0.0,0.0,0.0,0.0,31.0,0,0,31.0,1.0986122886681098,3.342154841028372,0.0,0,0.0,0.061498122868360205,-2.725278204283865,True
2231,대조,0,5.0,14.0,815.48,13183.0,16.0,53.49,0.0,0.0,1,0.0,0.0,0.0,15.76,3.0,5.0,0,1,5.0,2.70805020110221,6.7050024173156615,0.0655932702212194,0,0.0,0.08974225362184265,-2.316786084161569,True
2233,처치,1,2.0,51.0,1457.39,85829.0,23.0,69.43,0.0,0.0,1,17.82,8.0,8.0,560.73,18.0,2.0,1,1,2.0,3.9512437185814275,7.285088366511543,0.04763995910497534,0,0.0,0.09514653164397335,-2.252354875549867,True
2234,대조,0,3.0,30.0,1302.14,61920.0,16.0,62.65,0.0,0.0,1,20.450000000000003,6.0,5.0,750.98,17.0,3.0,1,1,3.0,3.4339872044851463,7.172532015712284,0.048113106117621755,0,0.0,0.09556424270177173,-2.2475125568870453,True
2235,대조,0,4.0,11.0,594.74,191.0,6.0,21.85,0.0,0.0,1,11.64,7.0,5.0,208.12,8.0,4.0,1,1,4.0,2.4849066497880004,6.389804330273558,0.03673874298012577,0,0.0,0.08970852099722487,-2.317199095872151,True
2236,대조,0,5.0,42.0,666.09,53049.0,8.0,25.240000000000002,0.0,0.0,0,19.57,4.0,4.0,272.67,19.0,5.0,1,1,5.0,3.7612001156935624,6.502924969346782,0.03789277725232326,0,0.0,0.09669000262146693,-2.2345557801041247,True
2237,대조,0,5.0,20.0,616.41,37223.0,4.0,7.34,0.0,0.0,1,29.76,12.0,11.0,384.61,15.0,5.0,1,1,5.0,3.044522437723423,6.425533308891862,0.01190765886341883,0,0.0,0.08941895307668987,-2.3207502460457223,True
2238,대조,0,1.0,23.0,343.56,176.0,11.0,25.04,0.0,0.0,0,2.75,3.0,3.0,246.96,16.0,1.0,1,1,1.0,3.1780538303479458,5.842268240745855,0.07288392129467924,0,0.0,0.08866555919562989,-2.3300384140749086,True
2239,대조,0,2.0,5.0,440.25,268.0,12.0,36.92,0.0,0.0,0,17.99,1.0,1.0,157.25,5.0,2.0,1,1,2.0,1.791759469228055,6.089611608247506,0.08386144236229416,0,0.0,0.0975153612339085,-2.22514175259345,True
2240,처치,1,6.0,19.0,540.54,216.0,10.0,23.21,0.0,1.0,0,72.2,15.0,13.0,365.65,19.0,6.0,1,1,6.0,2.995732273553991,6.294416932595607,0.04293854293854294,0,1.0,0.6917114962151274,0.8081329105578017,True
2241,대조,0,3.0,9.0,116.33,95.0,1.0,5.76,0.0,0.0,0,6.0,6.0,5.0,75.21,4.0,3.0,1,1,3.0,2.302585092994046,4.764990477435532,0.04951431273102381,0,0.0,0.07973494019311009,-2.445953850904635,True
2243,대조,0,2.0,5.0,478.61,224.0,10.0,33.230000000000004,0.0,0.0,1,5.0,2.0,1.0,168.61,4.0,2.0,1,1,2.0,1.791759469228055,6.17297327364491,0.06943022502663965,0,0.0,0.08787161115501532,-2.339903972402298,True
2244,처치,1,2.0,43.0,687.43,396.0,19.0,48.76,0.0,1.0,0,25.09,18.0,13.0,464.62,24.0,2.0,1,1,2.0,3.784189633918261,6.5344136427021855,0.07093085841467495,0,1.0,0.6885229130634536,0.7932228189644354,True
2245,대조,0,4.0,18.0,763.6800000000001,458.0,21.0,58.88,0.0,0.0,0,12.3,5.0,3.0,224.0,11.0,4.0,1,1,4.0,2.9444389791664403,6.639457445660818,0.0771003561701236,0,0.0,0.0994346313412478,-2.203522296676317,True
2247,대조,0,24.0,10.0,623.24,205.0,4.0,12.77,0.0,0.0,0,6.18,2.0,2.0,223.13,4.0,24.0,1,1,24.0,2.3978952727983707,6.436534909808506,0.02048969899236249,0,0.0,0.09465441583963571,-2.2580842007860795,True
2248,대조,0,,0.0,0.0,0.0,0.0,0.0,0.0,0.0,0,10.57,8.0,7.0,162.13,7.0,90.0,1,1,90.0,0.0,0.0,0.0,0,0.0,0.02710849251609122,-3.580425517098405,True
2250,대조,0,12.0,11.0,265.78000000000003,131.0,8.0,17.98,0.0,0.0,1,17.75,16.0,6.0,269.94,5.0,12.0,1,1,12.0,2.4849066497880004,5.586424348712898,0.0676499360373241,0,0.0,0.07323593663066438,-2.5380127787746725,True
2251,대조,0,,0.0,0.0,0.0,0.0,0.0,0.0,1.0,0,7.5,4.0,3.0,172.05,2.0,90.0,1,1,90.0,0.0,0.0,0.0,0,1.0,0.36923616911493395,-0.5354950509484101,True
2252,대조,0,8.0,18.0,874.1800000000001,47494.0,20.0,34.76,0.0,0.0,1,24.3,17.0,14.0,608.37,13.0,8.0,1,1,8.0,2.9444389791664403,6.774429579487046,0.03976297787640989,0,0.0,0.09060427272992003,-2.306278970663107,True
2254,대조,0,3.0,9.0,234.31,73.0,4.0,11.19,0.0,0.0,1,2.5,1.0,1.0,135.28,5.0,3.0,1,1,3.0,2.302585092994046,5.460903793767789,0.04775724467585677,0,0.0,0.07788050307455911,-2.4714991812734057,True
2258,대조,0,4.0,2.0,14.15,5.0,2.0,8.18,0.0,1.0,0,9.17,3.0,3.0,147.96,4.0,4.0,1,1,4.0,1.0986122886681098,2.7180005319553784,0.5780918727915194,0,1.0,0.4234836376080196,-0.30848884436231544,True
2260,대조,0,2.0,24.0,1408.7,103677.0,103.0,273.14,0.0,0.0,1,66.37,82.0,21.0,254.25,6.0,2.0,1,1,2.0,3.2188758248682006,7.25113219477688,0.19389508057073895,0,0.0,0.08411587033162646,-2.3876946036346594,True
2261,대조,0,10.0,54.0,1818.65,170398.0,48.0,141.97,0.0,0.0,0,82.49,36.0,30.0,1287.3,61.0,10.0,1,1,10.0,4.007333185232471,7.506399453885038,0.07806339867484123,0,0.0,0.10380661887730049,-2.15562648245736,True
2263,처치,1,2.0,44.0,629.05,391.0,11.0,24.4,0.0,2.0,0,10.0,6.0,5.0,269.77,27.0,2.0,1,1,2.0,3.8066624897703196,6.445799181315702,0.038788649550910104,0,2.0,0.979361069854582,3.8597212842738133,True
2264,대조,0,3.0,51.0,2682.16,22401.0,23.0,94.32,0.0,0.0,1,45.230000000000004,16.0,14.0,1363.66,21.0,3.0,1,1,3.0,3.9512437185814275,7.894750483384779,0.035165687356458974,0,0.0,0.10528049515666436,-2.1398820959426352,True
2269,대조,0,2.0,32.0,406.98,205.0,5.0,15.74,0.0,0.0,1,1.87,2.0,2.0,209.8,19.0,2.0,1,1,2.0,3.4965075614664802,6.011218153594818,0.038675119170475204,0,0.0,0.08079314986684658,-2.4316189957264682,True
2270,대조,0,4.0,39.0,760.41,451.0,22.0,45.25,0.0,0.0,0,29.86,21.0,21.0,473.35,37.0,4.0,1,1,4.0,3.6888794541139363,6.635171977563227,0.05950737102352678,0,0.0,0.09731936819840467,-2.2273707903283855,True
2273,대조,0,18.0,10.0,574.7,276.0,7.0,44.75,0.0,0.0,0,7.880000000000001,2.0,2.0,92.2,3.0,18.0,1,1,18.0,2.3978952727983707,6.355586691681764,0.07786671306768748,0,0.0,0.09080202623196248,-2.303881262699929,True
2274,처치,1,11.0,8.0,755.37,289.0,7.0,11.3,0.0,1.0,0,0.0,0.0,0.0,0.0,0.0,11.0,0,0,11.0,2.1972245773362196,6.628530674443029,0.014959556243959915,0,1.0,0.7140858469225875,0.915311587200607,True
2275,대조,0,1.0,8.0,150.24,63.0,6.0,17.490000000000002,0.0,0.0,0,9.850000000000001,4.0,4.0,135.5,5.0,1.0,1,1,1.0,2.1972245773362196,5.018867979022732,0.11641373801916934,0,0.0,0.07844500950047013,-2.463664586920459,True
2277,대조,0,1.0,33.0,1076.09,653.0,35.0,69.3,0.0,0.0,0,74.17,50.0,29.0,685.03,16.0,1.0,1,1,1.0,3.5263605246161616,6.9820182391246,0.06439981785910101,0,0.0,0.10463999124344171,-2.146700077790812,True
2278,대조,0,8.0,14.0,490.5,15533.0,2.0,4.28,0.0,0.0,0,0.0,0.0,0.0,21.76,2.0,8.0,0,1,8.0,2.70805020110221,6.197461939587221,0.00872579001019368,0,0.0,0.09904982263105702,-2.2078269765997347,True
2279,대조,0,,0.0,0.0,0.0,0.0,0.0,0.0,0.0,1,5.09,4.0,4.0,56.67,4.0,90.0,1,1,90.0,0.0,0.0,0.0,0,0.0,0.023512902683933398,-3.7264122161781996,True
2280,처치,1,1.0,27.0,1649.92,66671.0,23.0,77.1,1.0,1.0,1,28.94,10.0,10.0,800.02,16.0,1.0,1,1,1.0,3.332204510175204,7.409087987264597,0.046729538401861906,1,1.0,0.5514410930402042,0.20649500569507864,True
2281,대조,0,,0.0,0.0,0.0,0.0,0.0,0.0,0.0,0,10.92,6.0,4.0,281.96,6.0,90.0,1,1,90.0,0.0,0.0,0.0,0,0.0,0.02710849251609122,-3.580425517098405,True
2288,대조,0,13.0,22.0,387.38,167.0,5.0,8.469999999999999,0.0,0.0,0,5.0,3.0,1.0,54.32,2.0,13.0,1,1,13.0,3.1354942159291497,5.961984241785474,0.021864835561980482,0,0.0,0.08961126069742519,-2.31839070482894,True
2289,대조,0,16.0,10.0,328.76,140.0,7.0,17.97,0.0,0.0,0,5.78,6.0,4.0,77.0,4.0,16.0,1,1,16.0,2.3978952727983707,5.798365117142149,0.05465993429857647,0,0.0,0.08632686981529954,-2.359331978647867,True
2293,대조,0,47.0,5.0,188.57,10989.0,1.0,4.0,0.0,0.0,0,12.52,4.0,2.0,250.60999999999999,5.0,47.0,1,1,47.0,1.791759469228055,5.244758349453473,0.0212122819112266,0,0.0,0.07156360037005798,-2.562915310490877,True
2296,대조,0,4.0,28.0,1539.08,644.0,34.0,68.43,0.0,0.0,1,73.79,40.0,35.0,1280.99,25.0,4.0,1,1,4.0,3.367295829986474,7.3395896421103695,0.04446162642617668,0,0.0,0.09825110840955582,-2.216809558398853,True
2298,대조,0,2.0,15.0,243.8,88.0,1.0,4.29,0.0,0.0,1,48.730000000000004,17.0,15.0,389.02,9.0,2.0,1,1,2.0,2.772588722239781,5.500441550638171,0.017596390484003282,0,0.0,0.07937215399898583,-2.4509082771522,True
2299,대조,0,3.0,8.0,335.51,197.0,8.0,20.63,0.0,0.0,0,6.16,3.0,3.0,115.9,5.0,3.0,1,1,3.0,2.1972245773362196,5.818627866325242,0.06148848022413639,0,0.0,0.09324228503464546,-2.2746739656094173,True
2300,대조,0,8.0,16.0,573.82,12755.0,19.0,36.0,0.0,0.0,1,31.79,12.0,11.0,281.88,5.0,8.0,1,1,8.0,2.833213344056216,6.354056948310752,0.0627374437977066,0,0.0,0.08329808976402467,-2.398356731878226,True
2301,대조,0,2.0,30.0,1185.13,57136.0,27.0,83.58,0.0,0.0,0,15.870000000000001,5.0,4.0,355.25,15.0,2.0,1,1,2.0,3.4339872044851463,7.0784511856923515,0.07052390876950207,0,0.0,0.10545399172334713,-2.138041575867231,True
2302,대조,0,7.0,10.0,281.94,171.0,9.0,18.37,0.0,0.0,1,21.63,19.0,15.0,296.38,8.0,7.0,1,1,7.0,2.3978952727983707,5.645234861030788,0.06515570688799036,0,0.0,0.07655182987033107,-2.490146648693405,True
2303,대조,0,3.0,14.0,331.68,116.0,0.0,0.0,0.0,0.0,0,4.5,1.0,1.0,133.4,2.0,3.0,1,1,3.0,2.70805020110221,5.807181067000487,0.0,0,0.0,0.09672841030454923,-2.234116114277568,True
2307,처치,1,2.0,20.0,831.03,476.0,28.0,82.04,0.0,1.0,1,87.71,51.0,22.0,554.71,13.0,2.0,1,1,2.0,3.044522437723423,6.723868497863453,0.09872086446939342,0,1.0,0.6660233530956428,0.6902536635496194,True
2310,대조,0,5.0,11.0,239.02,141.0,0.0,0.0,0.0,0.0,0,1.79,1.0,1.0,48.17,4.0,5.0,1,1,5.0,2.4849066497880004,5.480722253203296,0.0,0,0.0,0.09208839026092189,-2.2883981482438496,True
2312,대조,0,2.0,43.0,2101.41,860.0,34.0,101.42,0.0,0.0,1,42.52,16.0,10.0,1137.51,23.0,2.0,1,1,2.0,3.784189633918261,7.650839584747777,0.048262833050190114,0,0.0,0.10146700577786377,-2.181029747590211,True
2314,대조,0,4.0,13.0,1056.11,480.0,8.0,26.34,0.0,0.0,1,12.27,7.0,6.0,418.84000000000003,6.0,4.0,1,1,4.0,2.6390573296152584,6.963294048572839,0.024940583840698416,0,0.0,0.0984283631827837,-2.214810497258366,True
2316,처치,1,18.0,4.0,68.38,20.0,0.0,0.0,0.0,0.0,0,17.97,3.0,2.0,42.81,2.0,18.0,1,1,18.0,1.6094379124341003,4.239598641541604,0.0,0,0.0,0.0741024916962005,-2.525314388476876,True
2317,처치,1,4.0,13.0,1256.57,45294.0,39.0,98.84,0.0,3.0,1,116.55,54.0,45.0,1075.26,8.0,4.0,1,1,4.0,2.6390573296152584,7.1369365664285755,0.07865857055317253,0,3.0,0.9989791162410898,6.886065191300259,False
2318,처치,1,2.0,59.0,2253.77,5889.0,43.0,116.19999999999999,0.0,1.0,1,32.67,8.0,6.0,764.59,24.0,2.0,1,1,2.0,4.0943445622221,7.7208032511694675,0.05155805605718418,0,1.0,0.7013256515017662,0.8536184875533618,True
2319,대조,0,63.0,2.0,21.38,13.0,0.0,0.0,0.0,1.0,0,15.47,3.0,3.0,55.85,4.0,63.0,1,1,63.0,1.0986122886681098,3.108167702883779,0.0,0,1.0,0.5222911008926419,0.08922354769714891,True
2322,대조,0,2.0,58.0,4606.27,243617.0,33.0,152.97,0.0,0.0,1,53.81,19.0,18.0,1798.55,25.0,2.0,1,1,2.0,4.07753744390572,8.435390769687043,0.03320908240289865,0,0.0,0.11434519339086517,-2.0471053804949255,True
2327,대조,0,18.0,8.0,299.43,240.0,5.0,4.88,0.0,0.0,0,8.379999999999999,7.0,4.0,137.18,6.0,18.0,1,1,18.0,2.1972245773362196,5.705214781747826,0.01629763216778546,0,0.0,0.08867318516029846,-2.3299440416337056,True
2328,처치,1,4.0,27.0,2225.81,15569.0,15.0,76.39,0.0,2.0,1,31.21,9.0,8.0,1073.31,11.0,4.0,1,1,4.0,3.332204510175204,7.708325347048326,0.03432009021434893,0,2.0,0.9811056430190892,3.9498168378341383,True
2329,대조,0,7.0,26.0,653.93,362.0,9.0,18.36,0.0,0.0,0,13.18,6.0,6.0,186.06,7.0,7.0,1,1,7.0,3.295836866004329,6.484528359695214,0.028076399614637655,0,0.0,0.09880603936334288,-2.210561777022237,True
2330,대조,0,15.0,15.0,1072.25,87871.0,16.0,76.62,0.0,0.0,1,63.62,8.0,8.0,801.6,12.0,15.0,1,1,15.0,2.772588722239781,6.97844670710467,0.07145721613429705,0,0.0,0.0878173700443067,-2.3405809046014148,True
2331,처치,1,11.0,11.0,728.57,44057.0,20.0,36.94,0.0,1.0,1,14.44,12.0,11.0,332.68,5.0,11.0,1,1,11.0,2.4849066497880004,6.592455319493683,0.05070206020011803,0,1.0,0.6690754085578472,0.7040062430930443,True
2334,처치,1,1.0,54.0,1988.54,770.0,55.0,149.42000000000002,0.0,1.0,1,54.67,19.0,18.0,877.5,25.0,1.0,1,1,1.0,4.007333185232471,7.595658735219029,0.07514055538234082,0,1.0,0.6932943895030759,0.815566349400596,True
2337,대조,0,1.0,224.0,2147.41,1487.0,31.0,78.58,0.0,0.0,1,22.41,17.0,16.0,1086.24,137.0,1.0,1,1,1.0,5.41610040220442,7.67248331264717,0.036592918911619116,0,0.0,0.09501862967393715,-2.25384138400697,True
2338,대조,0,18.0,5.0,199.42000000000002,97.0,5.0,12.870000000000001,0.0,0.0,0,1.0,1.0,1.0,158.95,6.0,18.0,1,1,18.0,1.791759469228055,5.3004151646301825,0.06453715775749674,0,0.0,0.08077495863659541,-2.431863969097259,True
2341,처치,1,3.0,36.0,679.91,441.0,11.0,19.11,0.0,0.0,1,12.54,9.0,8.0,659.0,34.0,3.0,1,1,3.0,3.6109179126442243,6.523430138825488,0.028106661175743848,0,0.0,0.08748643916203232,-2.344719146191087,True
2342,대조,0,1.0,29.0,991.9,228302.0,9.0,17.0,0.0,0.0,1,0.99,1.0,1.0,412.27,14.0,1.0,1,1,1.0,3.4011973816621555,6.900629954039548,0.01713882447827402,0,0.0,0.09592673357075812,-2.2433256959257406,True
2343,대조,0,2.0,40.0,811.16,77357.0,8.0,18.72,0.0,0.0,1,24.29,9.0,8.0,368.33,16.0,2.0,1,1,2.0,3.713572066704308,6.699697365085968,0.023078061048375165,0,0.0,0.09038895085152572,-2.308895054789111,True
2344,대조,0,17.0,11.0,443.71,9165.0,5.0,7.640000000000001,0.0,0.0,0,1.0,1.0,1.0,124.45,4.0,17.0,1,1,17.0,2.4849066497880004,6.097422384333755,0.0172184534943995,0,0.0,0.09318685992613009,-2.2753296852911933,True
2345,처치,1,4.0,11.0,695.9,14111.0,25.0,67.83,0.0,0.0,0,21.48,18.0,13.0,349.65,15.0,4.0,1,1,4.0,2.4849066497880004,6.5466419284444735,0.09747090099152177,0,0.0,0.09829880377187535,-2.2162713392193107,True
2346,대조,0,36.0,5.0,227.86,91.0,5.0,16.62,0.0,0.0,0,6.97,3.0,3.0,45.78,2.0,36.0,1,1,36.0,1.791759469228055,5.433110462889569,0.07293952426928815,0,0.0,0.07402471861707023,-2.526448467526379,True
2347,대조,0,22.0,4.0,88.15,38.0,1.0,4.0,0.0,0.0,1,34.230000000000004,14.0,12.0,583.93,10.0,22.0,1,1,22.0,1.6094379124341003,4.49032034430915,0.04537719795802609,0,0.0,0.06261533372649622,-2.7060835318161955,True
2350,대조,0,24.0,15.0,467.45,23551.0,5.0,16.93,0.0,0.0,0,31.98,24.0,10.0,289.31,6.0,24.0,1,1,24.0,2.772588722239781,6.149429372397197,0.03621777730238528,0,0.0,0.08725748124174294,-2.34759052182896,True
2354,대조,0,3.0,11.0,545.04,52807.0,4.0,17.76,0.0,0.0,0,12.629999999999999,4.0,4.0,310.73,5.0,3.0,1,1,3.0,2.4849066497880004,6.302692233134777,0.032584764420959936,0,0.0,0.10200292753083469,-2.1751652940851867,True
2356,처치,1,26.0,10.0,62.63,42.0,2.0,1.81,0.0,0.0,0,11.879999999999999,11.0,7.0,143.47,3.0,26.0,1,1,26.0,2.3978952727983707,4.1530850572447005,0.02889988823247645,0,0.0,0.06486891690315216,-2.66831814462337,True
2358,대조,0,2.0,14.0,500.8,155.0,5.0,17.240000000000002,0.0,0.0,0,9.98,2.0,2.0,135.81,9.0,2.0,1,1,2.0,2.70805020110221,6.218201633932322,0.03442492012779553,0,0.0,0.09984830187225302,-2.198911249666488,True
2359,대조,0,6.0,40.0,836.6999999999999,37226.0,18.0,39.48,0.0,0.0,1,17.91,11.0,7.0,383.61,18.0,6.0,1,1,6.0,3.713572066704308,6.730660041159764,0.04718537110075296,0,0.0,0.0865953916220442,-2.3559323464127977,True
2360,대조,0,1.0,67.0,1866.64,165703.0,25.0,60.35,0.0,0.0,1,22.76,11.0,10.0,711.66,24.0,1.0,1,1,1.0,4.219507705176107,7.53243088072992,0.032330819011700165,0,0.0,0.09956522403446588,-2.2020647837419105,True
2361,대조,0,9.0,9.0,569.97,213.0,15.0,61.0,0.0,0.0,1,38.0,11.0,10.0,332.12,7.0,9.0,1,1,9.0,2.302585092994046,6.347336668871214,0.10702317665842061,0,0.0,0.08117602390843164,-2.4264746339779313,True
2364,대조,0,3.0,20.0,1381.34,555.0,26.0,72.50999999999999,0.0,0.0,1,25.08,9.0,9.0,630.5,6.0,3.0,1,1,3.0,3.044522437723423,7.2315329943300855,0.05249250727554403,0,0.0,0.09799680412065659,-2.219683196034719,True
2366,대조,0,3.0,21.0,850.71,72896.0,21.0,46.63,0.0,0.0,0,15.0,9.0,9.0,549.02,18.0,3.0,1,1,3.0,3.091042453358316,6.747246093301543,0.05481303852076501,0,0.0,0.1032566781387447,-2.1615517602789884,True
2367,대조,0,3.0,37.0,1363.68,3546.0,24.0,63.28,0.0,0.0,1,15.58,12.0,8.0,563.33,17.0,3.0,1,1,3.0,3.6375861597263857,7.218675247901096,0.046403848410184204,0,0.0,0.09537952526089002,-2.2496515552994225,True
2369,대조,0,3.0,14.0,383.79,41524.0,13.0,37.44,0.0,0.0,0,24.32,8.0,8.0,281.04,6.0,3.0,1,1,3.0,2.70805020110221,5.952697730927882,0.09755334948800123,0,0.0,0.08910658154898657,-2.3245926976584492,True
2370,대조,0,1.0,25.0,807.98,62001.0,16.0,44.84,0.0,0.0,1,20.72,10.0,8.0,267.82,7.0,1.0,1,1,1.0,3.258096538021482,6.695774194874038,0.055496423178791554,0,0.0,0.08988522045595486,-2.3150371947841704,True
2372,대조,0,6.0,7.0,559.0600000000001,320.0,13.0,30.71,0.0,0.0,0,5.98,2.0,2.0,131.73,3.0,6.0,1,1,6.0,2.0794415416798357,6.328043920846952,0.05493149214753335,0,0.0,0.10054263548575801,-2.191209781945836,True
2373,대조,0,3.0,8.0,122.13,84.0,3.0,8.0,0.0,0.0,0,8.02,5.0,5.0,319.41,13.0,3.0,1,1,3.0,2.1972245773362196,4.81324070780478,0.06550397117825268,0,0.0,0.07940780671759078,-2.450420466514946,True
2374,대조,0,8.0,11.0,711.33,245.0,6.0,23.52,0.0,0.0,1,16.98,4.0,3.0,714.9300000000001,6.0,8.0,1,1,8.0,2.4849066497880004,6.5685412871829065,0.03306482223440597,0,0.0,0.09060356943831199,-2.3062875062888555,True
2375,대조,0,2.0,11.0,290.68,106.0,5.0,20.32,0.0,0.0,0,30.78,10.0,3.0,305.84,13.0,2.0,1,1,2.0,2.4849066497880004,5.675657310930353,0.0699050502270538,0,0.0,0.0894849203320138,-2.319940337819589,True
2376,대조,0,7.0,12.0,126.4,6707.0,0.0,0.0,0.0,0.0,1,15.22,8.0,7.0,325.54,20.0,7.0,1,1,7.0,2.5649493574615367,4.847331743138063,0.0,0,0.0,0.07184077808284191,-2.558751038700783,True
2377,처치,1,52.0,2.0,21.96,15.0,1.0,1.05,0.0,0.0,0,23.03,19.0,10.0,134.68,5.0,52.0,1,1,52.0,1.0986122886681098,3.133753571451366,0.04781420765027322,0,0.0,0.05010157676062924,-2.942302576108373,True
2378,대조,0,4.0,17.0,766.49,12832.0,23.0,42.38,0.0,0.0,1,76.7,51.0,38.0,895.52,17.0,4.0,1,1,4.0,2.8903717578961645,6.643125450060509,0.055291001839554335,0,0.0,0.08948525800196251,-2.319936193486299,True
2379,대조,0,6.0,11.0,139.13,16103.0,1.0,5.0,0.0,0.0,0,0.0,0.0,0.0,39.9,6.0,6.0,0,1,6.0,2.4849066497880004,4.942570563182127,0.035937612305038454,0,0.0,0.08103726052538833,-2.428336521504228,True
2380,대조,0,2.0,34.0,762.2,122595.0,18.0,25.25,0.0,0.0,1,16.27,11.0,9.0,279.64,17.0,2.0,1,1,2.0,3.5553480614894135,6.637520120134077,0.03312778798215691,0,0.0,0.0893163900602559,-2.3220105268508515,True
2381,대조,0,3.0,15.0,269.48,16285.0,3.0,5.37,0.0,0.0,0,11.66,7.0,7.0,154.36,6.0,3.0,1,1,3.0,2.772588722239781,5.600198158399631,0.01992726732967196,0,0.0,0.09139957292681215,-2.296664617483501,True
2384,대조,0,1.0,2.0,12.05,6.0,1.0,1.29,0.0,1.0,0,1.99,1.0,1.0,115.22,3.0,1.0,1,1,1.0,1.0986122886681098,2.5687881337687024,0.10705394190871369,0,1.0,0.5598071966279413,0.2403796122940852,True
2385,대조,0,1.0,63.0,1128.92,70846.0,7.0,15.27,0.0,0.0,0,34.8,10.0,8.0,1209.61,66.0,1.0,1,1,1.0,4.1588830833596715,7.029902112740022,0.013526202033802217,0,0.0,0.10757393355676419,-2.115765306313698,True
2386,대조,0,9.0,10.0,186.14000000000001,73.0,4.0,3.76,0.0,0.0,0,3.34,1.0,1.0,46.55,2.0,9.0,1,1,9.0,2.3978952727983707,5.231856999847767,0.020199849575588263,0,0.0,0.08523273271712244,-2.3732841333509835,True
2388,대조,0,4.0,13.0,296.93,175.0,12.0,47.54,0.0,0.0,0,24.53,11.0,11.0,346.67,8.0,4.0,1,1,4.0,2.6390573296152584,5.696858559583377,0.1601050752702657,0,0.0,0.07988720373697278,-2.4438805806948762,True
2390,대조,0,14.0,13.0,239.88,72.0,2.0,17.77,0.0,0.0,1,0.0,0.0,0.0,35.28,3.0,14.0,0,1,14.0,2.6390573296152584,5.484298884173478,0.0740787060196765,0,0.0,0.0701765049429446,-2.5839812102846316,True
2391,대조,0,78.0,4.0,41.04,23.0,0.0,0.0,0.0,1.0,0,0.0,0.0,0.0,2.99,1.0,78.0,0,1,78.0,1.6094379124341003,3.7386215460087504,0.0,0,1.0,0.519234029645945,0.076974102121091,True
2393,대조,0,19.0,8.0,483.43,183.0,12.0,50.870000000000005,0.0,0.0,1,27.63,10.0,7.0,229.03,3.0,19.0,1,1,19.0,2.1972245773362196,6.182972942048578,0.10522723041598578,0,0.0,0.07546176027283939,-2.5056683710805823,True
2394,대조,0,7.0,23.0,490.99,160719.0,2.0,3.88,0.0,0.0,0,0.0,0.0,0.0,173.53,10.0,7.0,0,1,7.0,3.1780538303479458,6.198458391082497,0.007902401270901646,0,0.0,0.09722512955493176,-2.2284439968585916,True
2395,대조,0,1.0,43.0,1179.54,637.0,21.0,70.54,0.0,0.0,0,12.24,6.0,5.0,428.04,20.0,1.0,1,1,1.0,3.784189633918261,7.073727239898999,0.05980297404072775,0,0.0,0.10518689452875796,-2.140876159945802,True
2398,대조,0,39.0,9.0,306.51,140.0,7.0,26.83,0.0,0.0,0,0.0,0.0,0.0,0.0,0.0,39.0,0,0,39.0,2.302585092994046,5.728507607043001,0.08753384881406806,0,0.0,0.07300374875152929,-2.5414387290064626,True
2400,대조,0,1.0,51.0,1969.08,122119.0,36.0,110.45,0.0,0.0,1,45.120000000000005,25.0,17.0,1068.21,28.0,1.0,1,1,1.0,3.9512437185814275,7.585829430044561,0.05609218518292807,0,0.0,0.0992819072679714,-2.2052289742892635,True
2405,대조,0,1.0,12.0,318.87,12144.0,8.0,18.04,0.0,0.0,1,9.280000000000001,3.0,3.0,296.43,10.0,1.0,1,1,1.0,2.5649493574615367,5.767914663251885,0.056574779690783075,0,0.0,0.08067189282374783,-2.4332528624828513,True
2406,처치,1,1.0,20.0,668.04,43346.0,3.0,10.08,0.0,0.0,1,19.25,7.0,6.0,272.08,13.0,1.0,1,1,1.0,3.044522437723423,6.50584384907327,0.015088916831327466,0,0.0,0.09220374268660124,-2.2870192443353807,True
2407,처치,1,3.0,21.0,476.39,299.0,3.0,8.5,0.0,1.0,1,10.379999999999999,6.0,5.0,403.65,11.0,3.0,1,1,3.0,3.091042453358316,6.1683337668902025,0.017842523982451352,0,1.0,0.664317601437791,0.682594879972904,True
2410,대조,0,12.0,11.0,413.59,165.0,1.0,2.49,0.0,1.0,0,13.09,5.0,5.0,364.65999999999997,8.0,12.0,1,1,12.0,2.4849066497880004,6.027290080077415,0.006020455040015475,0,1.0,0.6901209746201418,0.800684927154681,True
2411,대조,0,7.0,18.0,471.26,183.0,4.0,10.37,0.0,0.0,1,16.47,3.0,3.0,470.99,14.0,7.0,1,1,7.0,2.9444389791664403,6.157529681382414,0.022004838093621356,0,0.0,0.08437983344369235,-2.3842731805346133,True
2412,대조,0,1.0,59.0,2487.98,1299.0,39.0,127.28,0.0,0.0,0,39.02,16.0,16.0,959.87,19.0,1.0,1,1,1.0,4.0943445622221,7.819628266979744,0.051157967507777395,0,0.0,0.11690340117056576,-2.022086630312275,True
2415,대조,0,1.0,24.0,419.63,191.0,8.0,20.6,0.0,0.0,0,0.0,0.0,0.0,82.95,5.0,1.0,0,1,1.0,3.2188758248682006,6.04175358740115,0.04909086576269571,0,0.0,0.09360323965478391,-2.2704121409265303,True
2416,대조,0,7.0,17.0,629.29,189.0,4.0,14.58,0.0,0.0,0,20.740000000000002,6.0,6.0,389.26,12.0,7.0,1,1,7.0,2.8903717578961645,6.446180030932315,0.02316896820225969,0,0.0,0.10088974196155746,-2.18737741535994,True
2419,대조,0,3.0,15.0,255.35,93.0,10.0,24.79,0.0,0.0,0,14.14,8.0,8.0,144.74,7.0,3.0,1,1,3.0,2.772588722239781,5.546543698229709,0.09708243587233209,0,0.0,0.0834075621672137,-2.3969239430821117,True
2420,처치,1,3.0,9.0,491.1,250.0,5.0,15.05,0.0,1.0,1,19.14,6.0,4.0,186.86,3.0,3.0,1,1,3.0,2.302585092994046,6.198681947871933,0.030645489716961922,0,1.0,0.672415370246341,0.719129826902802,True
2421,대조,0,2.0,12.0,1345.67,591.0,16.0,51.86,0.0,0.0,1,25.42,16.0,14.0,378.71,3.0,2.0,1,1,2.0,2.5649493574615367,7.205390157531547,0.03853842323898132,0,0.0,0.10216383794405313,-2.1734098250664893,True
2423,대조,0,4.0,6.0,338.93,164.0,9.0,18.71,0.0,0.0,0,10.98,5.0,5.0,249.36,6.0,4.0,1,1,4.0,1.9459101490553132,5.8287397140605846,0.05520313929129909,0,0.0,0.09477592229259973,-2.2566671199826347,True
2424,대조,0,1.0,20.0,704.95,285.0,14.0,35.31,0.0,0.0,0,9.48,2.0,2.0,213.44,8.0,1.0,1,1,1.0,3.044522437723423,6.5595444134555345,0.05008865877012554,0,0.0,0.10217946989176711,-2.1732394173102563,True
2425,대조,0,6.0,29.0,1145.23,137738.0,23.0,63.7,0.0,0.0,0,24.58,7.0,7.0,352.94,14.0,6.0,1,1,6.0,3.4011973816621555,7.044233575217799,0.05562201479178855,0,0.0,0.10450375113822184,-2.1481550657961,True
2426,대조,0,4.0,15.0,414.69,40425.0,4.0,7.87,0.0,0.0,1,11.08,7.0,6.0,250.12,8.0,4.0,1,1,4.0,2.772588722239781,6.029939790159768,0.0189780317827775,0,0.0,0.08514625824583423,-2.3743937443689633,True
2429,처치,1,1.0,5.0,186.87,89.0,5.0,16.06,0.0,0.0,0,0.0,0.0,0.0,81.2,2.0,1.0,0,1,1.0,1.791759469228055,5.235750234279208,0.08594209878525177,0,0.0,0.08573392144877051,-2.3668730799830437,True
2430,대조,0,5.0,14.0,446.75,17741.0,8.0,15.57,0.0,0.0,0,5.880000000000001,2.0,2.0,287.03000000000003,7.0,5.0,1,1,5.0,2.70805020110221,6.1042350409408215,0.03485170677112479,0,0.0,0.09650539472634524,-2.2366712284119923,True
2432,대조,0,4.0,25.0,758.11,13171.0,16.0,35.81,0.0,0.0,1,41.94,31.0,27.0,650.94,33.0,4.0,1,1,4.0,3.258096538021482,6.632146694430881,0.04723588925090027,0,0.0,0.08834806804940838,-2.3339739321494295,True
2437,대조,0,6.0,11.0,630.05,252.0,12.0,45.06,0.0,0.0,1,32.5,13.0,9.0,396.22,5.0,6.0,1,1,6.0,2.4849066497880004,6.44738509870464,0.07151813348146974,0,0.0,0.08624265726466405,-2.360400127732846,True
2438,대조,0,2.0,22.0,374.95,34436.0,9.0,31.380000000000003,0.0,0.0,0,6.78,5.0,5.0,136.81,8.0,2.0,1,1,2.0,3.1354942159291497,5.9294561558240355,0.08369115882117617,0,0.0,0.08855386408072624,-2.331421497930568,True
2439,대조,0,2.0,14.0,151.35,77.0,3.0,10.46,0.0,0.0,0,5.0,2.0,1.0,53.45,5.0,2.0,1,1,2.0,2.70805020110221,5.026180505431718,0.06911133135117278,0,0.0,0.07997922160412504,-2.4426293840111715,True
2440,대조,0,3.0,14.0,302.75,104.0,2.0,3.0,0.0,0.0,0,4.56,1.0,1.0,87.09,10.0,3.0,1,1,3.0,2.70805020110221,5.716204994654758,0.00990916597853014,0,0.0,0.09437967615361827,-2.2612943946176594,True
2441,처치,1,2.0,9.0,87.19,57.0,1.0,1.98,0.0,0.0,0,0.0,0.0,0.0,68.42999999999999,5.0,2.0,0,1,2.0,2.302585092994046,4.479493577900089,0.022709026264479872,0,0.0,0.07893583316316452,-2.456894420679324,True
2443,처치,1,1.0,37.0,941.28,96469.0,2.0,5.28,0.0,1.0,0,3.0,1.0,1.0,539.44,23.0,1.0,1,1,1.0,3.6375861597263857,6.8483024703244055,0.005609382967873534,0,1.0,0.7187701946637994,0.9383695409488074,True
2445,처치,1,3.0,26.0,692.15,10458.0,12.0,38.81,0.0,1.0,1,25.64,8.0,8.0,454.47,12.0,3.0,1,1,3.0,3.295836866004329,6.541246425984385,0.05607166076717475,0,1.0,0.6656978472235922,0.6887906516881847,True
2446,대조,0,4.0,30.0,1027.79,159402.0,2.0,3.0,0.0,0.0,1,3.68,3.0,3.0,396.3,10.0,4.0,1,1,4.0,3.4339872044851463,6.936138633373907,0.0029188842078634743,0,0.0,0.09618987578580944,-2.240295187923048,True
2447,대조,0,1.0,22.0,1501.74,424.0,8.0,23.11,0.0,0.0,1,2.79,1.0,1.0,491.27,7.0,1.0,1,1,1.0,3.1354942159291497,7.315045387430319,0.015388815640523659,0,0.0,0.10385530488279143,-2.1551032588409305,True
2448,처치,1,3.0,15.0,920.01,343.0,16.0,37.74,1.0,2.0,1,25.0,10.0,7.0,514.11,7.0,3.0,1,1,3.0,2.772588722239781,6.825470893959663,0.041021293246812536,1,2.0,0.9600742208204734,3.179988384836563,True
2450,대조,0,3.0,14.0,572.33,88647.0,8.0,22.87,0.0,0.0,0,1.2,2.0,1.0,18.47,2.0,3.0,1,1,3.0,2.70805020110221,6.351461467169,0.03995946394562577,0,0.0,0.10076621734224725,-2.1887398940660896,True
2451,처치,1,2.0,17.0,594.63,18194.0,22.0,56.64,0.0,1.0,0,52.58,17.0,14.0,443.28000000000003,9.0,2.0,1,1,2.0,2.8903717578961645,6.3896196689167795,0.0952525099641794,0,1.0,0.6883841663546818,0.7925759367110063,True
2452,처치,1,10.0,22.0,250.55,122.0,2.0,5.78,0.0,1.0,0,6.97,4.0,4.0,173.41,8.0,10.0,1,1,10.0,3.1354942159291497,5.527641776937328,0.02306924765515865,0,1.0,0.6613044370515144,0.6691126447503257,True
2453,대조,0,4.0,20.0,974.12,391.0,9.0,41.57,0.0,0.0,1,6.49,1.0,1.0,124.78,6.0,4.0,1,1,4.0,3.044522437723423,6.882560540347581,0.04267441382991829,0,0.0,0.09335010992412335,-2.2733993193227304,True
2455,대조,0,2.0,11.0,436.96,205.0,9.0,35.69,0.0,0.0,1,39.66,17.0,8.0,530.21,5.0,2.0,1,1,2.0,2.4849066497880004,6.082127582005224,0.08167795679238374,0,0.0,0.08236059222530283,-2.4106974386405944,True
2456,대조,0,3.0,17.0,252.17000000000002,134.0,2.0,3.98,0.0,0.0,0,0.0,0.0,0.0,95.22,3.0,3.0,0,1,3.0,2.8903717578961645,5.534061199837985,0.01578300352936511,0,0.0,0.0903010778399642,-2.309964293433258,True
2457,처치,1,34.0,6.0,123.18,70.0,1.0,1.5,0.0,0.0,0,0.99,1.0,1.0,66.03,6.0,34.0,1,1,34.0,1.9459101490553132,4.821732125936747,0.012177301509985387,0,0.0,0.0720350268980616,-2.555841502155597,True
2462,대조,0,1.0,27.0,1732.78,744.0,24.0,88.25,0.0,0.0,0,51.3,32.0,11.0,762.17,11.0,1.0,1,1,1.0,3.332204510175204,7.4580592750121415,0.05092971987211302,0,0.0,0.11523264486210591,-2.0383716512420533,True
2466,대조,0,3.0,16.0,314.81,169.0,4.0,10.129999999999999,0.0,0.0,0,19.3,7.0,7.0,232.31,9.0,3.0,1,1,3.0,2.833213344056216,5.755140766931343,0.03217813919507004,0,0.0,0.09209189115025314,-2.2883562763587575,True
2467,대조,0,3.0,53.0,1474.21,867.0,33.0,145.62,0.0,0.0,1,118.74,24.0,18.0,953.38,33.0,3.0,1,1,3.0,3.9889840465642745,7.296555631521219,0.09877832873199884,0,0.0,0.08956235536502442,-2.3189903213907437,True
2468,대조,0,42.0,13.0,491.22,240.0,8.0,28.34,0.0,0.0,0,28.6,11.0,9.0,230.52,7.0,42.0,1,1,42.0,2.6390573296152584,6.198925771020084,0.0576930906722039,0,0.0,0.07842849327809463,-2.463893076278694,True
2470,대조,0,1.0,9.0,60.910000000000004,39.0,0.0,0.0,0.0,0.0,0,1.94,1.0,1.0,36.19,5.0,1.0,1,1,1.0,2.302585092994046,4.12568171753114,0.0,0,0.0,0.07696666996648967,-2.484292873830654,True
2472,대조,0,8.0,4.0,29.5,14.0,3.0,10.67,0.0,0.0,0,0.0,0.0,0.0,0.0,0.0,8.0,0,0,8.0,1.6094379124341003,3.417726683613366,0.3616949152542373,0,0.0,0.04596783167156653,-3.032755549932561,True
2475,대조,0,3.0,18.0,947.03,359.0,13.0,26.69,0.0,0.0,0,26.7,14.0,14.0,491.57,11.0,3.0,1,1,3.0,2.9444389791664403,6.854386147323932,0.028182845316410254,0,0.0,0.10878341820885393,-2.1032285585007853,True
2477,처치,1,51.0,4.0,110.64,30.0,0.0,0.0,0.0,0.0,0,0.0,0.0,0.0,32.54,2.0,51.0,0,1,51.0,1.6094379124341003,4.715279408668121,0.0,0,0.0,0.06654621081888241,-2.640994853141604,True
2478,대조,0,1.0,25.0,521.11,318.0,33.0,50.370000000000005,0.0,1.0,0,43.38,31.0,16.0,298.0,15.0,1.0,1,1,1.0,3.258096538021482,6.2578782936519675,0.09665905471013798,0,1.0,0.6797840131262474,0.7527793928683726,True
2479,대조,0,3.0,19.0,2129.99,19696.0,62.0,203.18,0.0,0.0,1,106.79,39.0,28.0,990.95,10.0,3.0,1,1,3.0,2.995732273553991,7.664341939455039,0.09539011920243759,0,0.0,0.10030320818045896,-2.193860128279748,True
2481,대조,0,6.0,25.0,1004.22,81080.0,7.0,25.450000000000003,0.0,0.0,0,4.55,3.0,3.0,213.76,6.0,6.0,1,1,6.0,3.258096538021482,6.912961702009506,0.025343052319212925,0,0.0,0.10656871637760852,-2.1262794233873508,True
2482,대조,0,22.0,10.0,389.29,229.0,7.0,17.03,0.0,1.0,0,0.0,0.0,0.0,76.04,6.0,22.0,0,1,22.0,2.3978952727983707,5.966890052541402,0.04374630738010224,0,1.0,0.6662805286914577,0.6914100623100471,True
2483,대조,0,,0.0,0.0,0.0,0.0,0.0,0.0,0.0,1,2.0,1.0,1.0,57.730000000000004,6.0,90.0,1,1,90.0,0.0,0.0,0.0,0,0.0,0.023512902683933398,-3.7264122161781996,True
2484,대조,0,2.0,21.0,1040.78,50655.0,27.0,38.29,0.0,0.0,0,24.27,15.0,13.0,448.29,7.0,2.0,1,1,2.0,3.091042453358316,6.948686067584101,0.036789715405753376,0,0.0,0.10909258583957811,-2.1000435767379555,True
2485,대조,0,3.0,23.0,608.38,271.0,15.0,42.87,0.0,0.0,0,6.86,3.0,3.0,150.3,5.0,3.0,1,1,3.0,3.1780538303479458,6.412442046846655,0.07046582727900325,0,0.0,0.09603157809043442,-2.2421173524446165,True
2486,대조,0,21.0,7.0,422.26,5149.0,11.0,24.0,0.0,0.0,1,20.15,11.0,9.0,212.59,5.0,21.0,1,1,21.0,2.0794415416798357,6.047986647432308,0.056837019845592765,0,0.0,0.07752645660461238,-2.476439442609919,True
2489,처치,1,4.0,21.0,2028.44,1074.0,39.0,98.36,0.0,0.0,1,36.4,14.0,11.0,452.55,8.0,4.0,1,1,4.0,3.091042453358316,7.615515171909927,0.048490465579460074,0,0.0,0.10355387944365683,-2.1583461398808295,True
2492,대조,0,13.0,10.0,226.85,159.0,6.0,15.83,0.0,1.0,0,3.7800000000000002,2.0,2.0,55.14,1.0,13.0,1,1,13.0,2.3978952727983707,5.428687517709892,0.069781794137095,0,1.0,0.6508394541584186,0.6227311644330895,True
2493,처치,1,2.0,27.0,597.13,19105.0,6.0,17.58,0.0,0.0,0,15.63,5.0,5.0,435.88,18.0,2.0,1,1,2.0,3.332204510175204,6.393808121628914,0.029440825280927098,0,0.0,0.0997538702783101,-2.1999623486048705,True
2494,대조,0,9.0,5.0,420.63,11572.0,7.0,14.129999999999999,0.0,0.0,1,7.33,3.0,2.0,300.85,5.0,9.0,1,1,9.0,1.791759469228055,6.044128152190834,0.033592468440196845,0,0.0,0.08618052540509917,-2.3611888117916755,True
2496,대조,0,4.0,8.0,507.9,29316.0,11.0,52.16,0.0,0.0,1,3.16,2.0,2.0,175.74,4.0,4.0,1,1,4.0,2.1972245773362196,6.232251533594787,0.10269738137428627,0,0.0,0.08279673459730216,-2.4049404877806237,True
2497,대조,0,2.0,36.0,936.92,467.0,8.0,27.06,0.0,0.0,1,52.14,18.0,10.0,589.13,13.0,2.0,1,1,2.0,3.6109179126442243,6.8436646575225275,0.02888186824915681,0,0.0,0.09235530974397786,-2.2852097908621425,True
2498,대조,0,1.0,33.0,513.41,210.0,10.0,31.66,0.0,0.0,1,23.86,10.0,10.0,312.54,25.0,1.0,1,1,1.0,3.5263605246161616,6.24302061285887,0.06166611480103621,0,0.0,0.08202456377558913,-2.4151518716924785,True
2499,대조,0,17.0,14.0,365.03000000000003,34539.0,5.0,16.490000000000002,0.0,0.0,1,0.0,0.0,0.0,23.65,2.0,17.0,0,1,17.0,2.70805020110221,5.9027152972553525,0.045174369229926306,0,0.0,0.07581520932667282,-2.5006131182842473,True
2500,대조,0,5.0,9.0,568.43,208.0,11.0,47.8,0.0,0.0,0,40.83,15.0,15.0,437.63,7.0,5.0,1,1,5.0,2.302585092994046,6.344635860495012,0.08409126893372974,0,0.0,0.09708583490087798,-2.2300320105385563,True
