household_key,group,treatment,recency_days,pre_baskets,pre_sales,pre_quantity,pre_target_purchase_count,pre_target_sales,pre_coupon_redemptions,pre_campaign_count_raw,has_demographic,target_sales,target_quantity,target_purchase_count,total_sales,baskets,recency_days_filled,target_purchase,any_purchase,pre_recency_capped,log_pre_baskets,log_pre_sales,pre_target_share,pre_coupon_user,pre_campaign_count_c,p_score,logit_p,in_support
1,대조,0,2.0,10.0,648.23,319.0,0.0,0.0,0.0,1.0,1,0.0,0.0,0.0,96.19,4.0,2.0,0,1,2.0,2.3978952727983707,6.475787045293641,0.0,0,1.0,0.0650556984097697,-2.665243155443101,True
2,대조,0,32.0,4.0,190.86,66.0,0.0,0.0,0.0,0.0,0,0.0,0.0,0.0,0.0,0.0,32.0,0,0,32.0,1.6094379124341003,5.256765939389801,0.0,0,0.0,0.025447160277631994,-3.6453745835467437,True
3,대조,0,4.0,6.0,503.33,301.0,0.0,0.0,0.0,0.0,0,0.0,0.0,0.0,89.8,2.0,4.0,0,1,4.0,1.9459101490553132,6.223230815713077,0.0,0,0.0,0.046398783821791204,-3.0229723235134935,True
4,대조,0,19.0,10.0,222.24,64.0,0.0,0.0,0.0,0.0,0,0.0,0.0,0.0,9.97,1.0,19.0,0,1,19.0,2.3978952727983707,5.408247425920233,0.0,0,0.0,0.028283663993414906,-3.5367795325532745,True
7,대조,0,3.0,7.0,312.02,174.0,16.0,36.04,0.0,0.0,1,0.0,0.0,0.0,268.54,3.0,3.0,0,1,3.0,2.0794415416798357,5.746267086262356,0.1155054163194667,0,0.0,0.1300537543014268,-1.9004835635697992,True
14,대조,0,7.0,23.0,446.5,23239.0,0.0,0.0,0.0,1.0,0,0.0,0.0,0.0,332.46,19.0,7.0,0,1,7.0,3.1780538303479458,6.10367653771491,0.0,0,1.0,0.051833384363054735,-2.9064958142563055,True
17,대조,0,4.0,20.0,667.39,47330.0,0.0,0.0,0.0,2.0,1,0.0,0.0,0.0,259.7,8.0,4.0,0,1,4.0,3.044522437723423,6.504871835508183,0.0,0,2.0,0.07390912817143015,-2.5281360226417333,True
18,대조,0,2.0,18.0,719.79,332.0,0.0,0.0,0.0,0.0,1,0.0,0.0,0.0,363.68,11.0,2.0,0,1,2.0,2.9444389791664403,6.580347832723973,0.0,0,0.0,0.08358305261913768,-2.394630664166664,True
19,대조,0,2.0,32.0,967.75,4601.0,0.0,0.0,0.0,0.0,1,0.0,0.0,0.0,541.29,23.0,2.0,0,1,2.0,3.4965075614664802,6.876006580667557,0.0,0,0.0,0.12138664865623286,-1.979364033126109,True
23,대조,0,1.0,22.0,635.3,62142.0,0.0,0.0,0.0,0.0,0,0.0,0.0,0.0,98.7,6.0,1.0,0,1,1.0,3.1354942159291497,6.455670150238746,0.0,0,0.0,0.06959357497340048,-2.592949257362543,True
25,대조,0,2.0,11.0,392.62,14180.0,0.0,0.0,0.0,1.0,1,0.0,0.0,0.0,99.0,5.0,2.0,0,1,2.0,2.4849066497880004,5.975385976895291,0.0,0,1.0,0.040539201396901536,-3.1641020168547422,True
26,대조,0,12.0,10.0,251.83,132.0,0.0,0.0,0.0,0.0,0,0.0,0.0,0.0,0.0,0.0,12.0,0,0,12.0,2.3978952727983707,5.532717326117946,0.0,0,0.0,0.02878114829386162,-3.5188312311665926,True
27,대조,0,1.0,72.0,1389.44,625.0,0.0,0.0,0.0,3.0,1,0.0,0.0,0.0,401.23,25.0,1.0,0,1,1.0,4.290459441148391,7.237375522796971,0.0,0,3.0,0.1645762880126946,-1.6245648160332222,True
28,대조,0,1.0,12.0,185.77,60.0,0.0,0.0,0.0,0.0,0,0.0,0.0,0.0,256.59,13.0,1.0,0,1,1.0,2.5649493574615367,5.229877913325516,0.0,0,0.0,0.01849707840435974,-3.9714721948517138,True
31,대조,0,45.0,1.0,35.0,16914.0,0.0,0.0,0.0,0.0,1,0.0,0.0,0.0,396.56,2.0,45.0,0,1,45.0,0.6931471805599453,3.58351893845611,0.0,0,0.0,0.005182106029244793,-5.257348156276517,False
32,대조,0,15.0,9.0,182.3,92.0,0.0,0.0,0.0,3.0,0,0.0,0.0,0.0,131.28,4.0,15.0,0,1,15.0,2.302585092994046,5.21112415484566,0.0,0,3.0,0.018287556452568566,-3.983077584837531,True
36,대조,0,7.0,15.0,147.32,46.0,0.0,0.0,0.0,0.0,0,0.0,0.0,0.0,187.93,9.0,7.0,0,1,7.0,2.772588722239781,4.999372101817545,0.0,0,0.0,0.016739140448529886,-4.073124739216253,True
37,대조,0,2.0,12.0,631.86,39215.0,0.0,0.0,0.0,0.0,0,0.0,0.0,0.0,310.44,4.0,2.0,0,1,2.0,2.5649493574615367,6.4502492286463635,0.0,0,0.0,0.06316814750477788,-2.696703634161089,True
38,대조,0,8.0,7.0,85.46000000000001,32.0,0.0,0.0,0.0,1.0,0,0.0,0.0,0.0,0.0,0.0,8.0,0,0,8.0,2.0794415416798357,4.4596818792394854,0.0,0,1.0,0.008113063719885317,-4.806133557835759,True
39,대조,0,25.0,4.0,328.9,149.0,0.0,0.0,0.0,2.0,1,8.99,1.0,1.0,315.84000000000003,2.0,25.0,1,1,25.0,1.6094379124341003,5.798789578234536,0.0,0,2.0,0.038724918424030884,-3.2117773333909017,True
41,대조,0,8.0,10.0,301.14,141.0,0.0,0.0,0.0,0.0,0,0.0,0.0,0.0,151.43,4.0,8.0,0,1,8.0,2.3978952727983707,5.710890486115579,0.0,0,0.0,0.03235363971900369,-3.3981401649871117,True
42,대조,0,4.0,14.0,290.65,232.0,0.0,0.0,0.0,0.0,1,0.0,0.0,0.0,80.81,4.0,4.0,0,1,4.0,2.70805020110221,5.675554453199647,0.0,0,0.0,0.03410195307360387,-3.3437036296234903,True
43,처치,1,8.0,31.0,422.19,31245.0,38.0,20.18,0.0,0.0,1,0.0,0.0,0.0,31.96,10.0,8.0,0,1,8.0,3.4657359027997265,6.047821250775306,0.04779838461356262,0,0.0,0.107197059028922,-2.1196970718913777,True
45,대조,0,6.0,16.0,235.56,100.0,0.0,0.0,0.0,0.0,0,0.0,0.0,0.0,23.64,1.0,6.0,0,1,6.0,2.833213344056216,5.466201875544222,0.0,0,0.0,0.02672166198717576,-3.5951955561033473,True
46,대조,0,9.0,16.0,1113.19,400.0,0.0,0.0,0.0,0.0,1,0.0,0.0,0.0,199.28,5.0,9.0,0,1,9.0,2.833213344056216,7.015882962497076,0.0,0,0.0,0.13504542246803575,-1.8570658094556296,True
47,대조,0,1.0,17.0,266.54,84.0,0.0,0.0,0.0,0.0,0,0.0,0.0,0.0,142.84,9.0,1.0,0,1,1.0,2.8903717578961645,5.58926908786744,0.0,0,0.0,0.02831281790817713,-3.535719291813593,True
48,대조,0,45.0,1.0,13.12,6.0,0.0,0.0,0.0,0.0,1,0.0,0.0,0.0,0.0,0.0,45.0,0,0,45.0,0.6931471805599453,2.647592232065096,0.0,0,0.0,0.001979575817882235,-6.222891152852017,False
51,대조,0,8.0,10.0,580.77,251.0,0.0,0.0,0.0,1.0,0,0.0,0.0,0.0,169.28,4.0,8.0,0,1,8.0,2.3978952727983707,6.366075180620248,0.0,0,1.0,0.05864504591056201,-2.7758171750778984,True
55,대조,0,4.0,18.0,95.3,59.0,0.0,0.0,0.0,0.0,1,0.0,0.0,0.0,27.17,10.0,4.0,0,1,4.0,2.9444389791664403,4.56746831880408,0.0,0,0.0,0.011662504568687518,-4.439645276068752,True
56,대조,0,4.0,30.0,977.21,449.0,0.0,0.0,0.0,0.0,1,0.0,0.0,0.0,464.14,11.0,4.0,0,1,4.0,3.4339872044851463,6.885724370911315,0.0,0,0.0,0.12452452883883953,-1.950264419099466,True
64,대조,0,2.0,41.0,430.74,220.0,0.0,0.0,0.0,0.0,0,0.0,0.0,0.0,226.32,17.0,2.0,0,1,2.0,3.7376696182833684,6.067823555206731,0.0,0,0.0,0.05431906595033556,-2.857029945358479,True
67,대조,0,6.0,20.0,645.67,29073.0,0.0,0.0,0.0,0.0,1,0.0,0.0,0.0,385.61,11.0,6.0,0,1,6.0,3.044522437723423,6.471836118015154,0.0,0,0.0,0.08140052061615573,-2.423468536378051,True
71,대조,0,1.0,10.0,352.76,83.0,0.0,0.0,0.0,0.0,1,0.0,0.0,0.0,297.28000000000003,7.0,1.0,0,1,1.0,2.3978952727983707,5.868618717109136,0.0,0,0.0,0.037190207078464266,-3.2538104011071822,True
73,대조,0,4.0,36.0,823.99,52208.0,2.0,20.97,0.0,0.0,0,0.0,0.0,0.0,208.39,7.0,4.0,0,1,4.0,3.6109179126442243,6.7153712650490975,0.025449337977402637,0,0.0,0.1359085906224647,-1.8496960291175997,True
77,대조,0,2.0,6.0,449.03000000000003,206.0,0.0,0.0,0.0,0.0,1,0.0,0.0,0.0,246.34,6.0,2.0,0,1,2.0,1.9459101490553132,6.109314247208909,0.0,0,0.0,0.04394052865636986,-3.0799830214270374,True
79,대조,0,3.0,24.0,690.48,24640.0,0.0,0.0,0.0,0.0,0,0.0,0.0,0.0,318.7,17.0,3.0,0,1,3.0,3.2188758248682006,6.538834228054586,0.0,0,0.0,0.07878712485883729,-2.458941550939376,True
80,대조,0,4.0,12.0,245.85,149.0,3.0,4.2,0.0,0.0,1,0.0,0.0,0.0,210.95,7.0,4.0,0,1,4.0,2.5649493574615367,5.508780864704872,0.017083587553386213,0,0.0,0.0348656690868793,-3.3207646433914926,True
81,처치,1,5.0,21.0,574.4,313.0,1.0,9.49,0.0,0.0,0,0.0,0.0,0.0,201.78,9.0,5.0,0,1,5.0,3.091042453358316,6.355065451117447,0.01652158774373259,0,0.0,0.08119045478533776,-2.426281171191738,True
83,대조,0,18.0,14.0,135.0,70.0,0.0,0.0,0.0,1.0,0,0.0,0.0,0.0,46.2,3.0,18.0,0,1,18.0,2.70805020110221,4.912654885736052,0.0,0,1.0,0.017031900116957096,-4.055488604683275,True
85,대조,0,2.0,37.0,698.15,11853.0,0.0,0.0,0.0,2.0,1,0.0,0.0,0.0,410.1,16.0,2.0,0,1,2.0,3.6375861597263857,6.54986531148686,0.0,0,2.0,0.08356704043942352,-2.3948397270442503,True
86,대조,0,30.0,8.0,656.51,190.0,0.0,0.0,0.0,0.0,1,0.0,0.0,0.0,0.0,0.0,30.0,0,0,30.0,2.1972245773362196,6.488459973061738,0.0,0,0.0,0.10003739426843763,-2.1968091545006394,True
91,대조,0,2.0,6.0,132.28,70.0,0.0,0.0,0.0,0.0,0,0.0,0.0,0.0,244.34,19.0,2.0,0,1,2.0,1.9459101490553132,4.892452178418533,0.0,0,0.0,0.011804240803742046,-4.427421957905595,True
92,대조,0,2.0,12.0,160.75,10347.0,0.0,0.0,0.0,0.0,0,0.0,0.0,0.0,20.24,2.0,2.0,0,1,2.0,2.5649493574615367,5.08605193338101,0.0,0,0.0,0.016237368853098663,-4.10406933427009,True
95,대조,0,2.0,50.0,1025.68,97707.0,0.0,0.0,0.0,0.0,0,0.0,0.0,0.0,432.29,11.0,2.0,0,1,2.0,3.9318256327243257,6.934085574228167,0.0,0,0.0,0.1273515151702649,-1.9245817237426908,True
96,대조,0,7.0,7.0,264.66,101.0,0.0,0.0,0.0,2.0,0,0.0,0.0,0.0,54.29,4.0,7.0,0,1,7.0,2.0794415416798357,5.582217295704357,0.0,0,2.0,0.0237195305238863,-3.7174511298804336,True
99,대조,0,5.0,30.0,794.14,8639.0,0.0,0.0,0.0,0.0,0,0.0,0.0,0.0,290.79,8.0,5.0,0,1,5.0,3.4339872044851463,6.678518199779367,0.0,0,0.0,0.09618788806666183,-2.2403180519364083,True
101,대조,0,7.0,31.0,980.57,45790.0,0.0,0.0,0.0,0.0,1,9.49,1.0,1.0,310.9,12.0,7.0,1,1,7.0,3.4657359027997265,6.8891533305824755,0.0,0,0.0,0.130897513292066,-1.8930463789536456,True
103,대조,0,3.0,2.0,13.11,11.0,0.0,0.0,0.0,0.0,0,0.0,0.0,0.0,20.68,1.0,3.0,0,1,3.0,1.0986122886681098,2.6468837658647226,0.0,0,0.0,0.0010093082928331733,-6.897480223345315,False
108,처치,1,8.0,14.0,882.35,13291.0,0.0,0.0,0.0,0.0,0,0.0,0.0,0.0,190.8,1.0,8.0,0,1,8.0,2.70805020110221,6.783721498058689,0.0,0,0.0,0.09713945387727325,-2.2294204926333716,True
109,대조,0,4.0,20.0,444.90000000000003,237.0,0.0,0.0,0.0,0.0,1,0.0,0.0,0.0,214.8,8.0,4.0,0,1,4.0,3.044522437723423,6.100094711633431,0.0,0,0.0,0.05527707882710013,-2.8385333445440577,True
110,대조,0,1.0,21.0,483.69,22120.0,0.0,0.0,0.0,0.0,1,0.0,0.0,0.0,144.4,8.0,1.0,0,1,1.0,3.091042453358316,6.18350951132016,0.0,0,0.0,0.05783813673730265,-2.790528725935047,True
111,대조,0,5.0,5.0,226.97,100.0,0.0,0.0,0.0,0.0,0,7.99,1.0,1.0,100.67999999999999,5.0,5.0,1,1,5.0,1.791759469228055,5.429214041349804,0.0,0,0.0,0.020691579765678002,-3.8571197859960433,True
112,대조,0,1.0,16.0,191.8,20850.0,0.0,0.0,0.0,0.0,0,0.0,0.0,0.0,72.09,7.0,1.0,0,1,1.0,2.833213344056216,5.261653382176445,0.0,0,0.0,0.020131809063310375,-3.885116958943985,True
114,대조,0,26.0,6.0,177.38,16356.0,0.0,0.0,0.0,1.0,1,0.0,0.0,0.0,144.17000000000002,4.0,26.0,0,1,26.0,1.9459101490553132,5.183916106238061,0.0,0,1.0,0.02390347805959826,-3.7095375030981423,True
116,대조,0,10.0,13.0,110.82,63.0,0.0,0.0,0.0,1.0,0,0.0,0.0,0.0,48.58,4.0,10.0,0,1,10.0,2.6390573296152584,4.716890435598499,0.0,0,1.0,0.01215882711441058,-4.397466511157561,True
117,대조,0,3.0,13.0,345.05,226.0,0.0,0.0,0.0,1.0,1,0.0,0.0,0.0,297.03000000000003,10.0,3.0,0,1,3.0,2.6390573296152584,5.846583273287872,0.0,0,1.0,0.037311960748145134,-3.2504154737996993,True
118,처치,1,3.0,10.0,620.56,28236.0,0.0,0.0,0.0,0.0,1,0.0,0.0,0.0,279.09000000000003,6.0,3.0,0,1,3.0,2.3978952727983707,6.432232446918533,0.0,0,0.0,0.06655821023022353,-2.6408016974873996,True
119,대조,0,8.0,16.0,405.2,147.0,0.0,0.0,0.0,0.0,1,0.0,0.0,0.0,206.47,4.0,8.0,0,1,8.0,2.833213344056216,6.0068456491462845,0.0,0,0.0,0.05147494820110025,-2.9138129544231184,True
121,대조,0,1.0,21.0,659.03,358.0,0.0,0.0,0.0,0.0,1,0.0,0.0,0.0,160.21,10.0,1.0,0,1,1.0,3.091042453358316,6.492285288532899,0.0,0,0.0,0.07784582887001139,-2.4719821056024074,True
122,대조,0,3.0,7.0,61.76,26.0,0.0,0.0,0.0,2.0,0,0.0,0.0,0.0,0.0,0.0,3.0,0,0,3.0,2.0794415416798357,4.139317927864832,0.0,0,2.0,0.005121722902063267,-5.269129508344399,False
123,대조,0,2.0,32.0,520.03,21723.0,0.0,0.0,0.0,0.0,1,0.0,0.0,0.0,170.28,8.0,2.0,0,1,2.0,3.4965075614664802,6.255807621669508,0.0,0,0.0,0.0679136476565397,-2.619188452340621,True
125,처치,1,4.0,46.0,1242.93,164402.0,0.0,0.0,0.0,2.0,0,0.0,0.0,0.0,520.06,19.0,4.0,0,1,4.0,3.8501476017100584,7.126031001619441,0.0,0,2.0,0.13961365621453856,-1.8185025159004726,True
127,대조,0,1.0,33.0,818.01,24078.0,1.0,7.99,0.0,0.0,1,0.0,0.0,0.0,423.22,17.0,1.0,0,1,1.0,3.5263605246161616,6.708096293790738,0.00976760675297368,0,0.0,0.11561979879871996,-2.034579850572918,True
131,대조,0,4.0,35.0,717.4300000000001,24596.0,0.0,0.0,0.0,2.0,1,0.0,0.0,0.0,71.03,9.0,4.0,0,1,4.0,3.58351893845611,6.577068275581566,0.0,0,2.0,0.08738316362579573,-2.346013488878026,True
132,대조,0,3.0,20.0,575.04,244.0,0.0,0.0,0.0,2.0,0,0.0,0.0,0.0,296.59,10.0,3.0,0,1,3.0,3.044522437723423,6.356177102729182,0.0,0,2.0,0.057900396200036786,-2.7893867781160164,True
133,대조,0,2.0,12.0,416.92,186.0,0.0,0.0,0.0,0.0,1,0.0,0.0,0.0,255.36,6.0,2.0,0,1,2.0,2.5649493574615367,6.035290026648012,0.0,0,0.0,0.04596925843970461,-3.0327230164952996,True
134,대조,0,15.0,7.0,380.37,197.0,1.0,1.19,0.0,2.0,1,0.0,0.0,0.0,91.82,2.0,15.0,0,1,15.0,2.0794415416798357,5.943770032495302,0.003128532744433052,0,2.0,0.043721710431455285,-3.085204183619694,True
136,대조,0,9.0,11.0,382.91,166.0,0.0,0.0,0.0,0.0,1,0.0,0.0,0.0,532.44,7.0,9.0,0,1,9.0,2.4849066497880004,5.950408150117615,0.0,0,0.0,0.046273138575438175,-3.025815689298476,True
137,대조,0,28.0,5.0,59.45,35.0,0.0,0.0,0.0,0.0,0,0.0,0.0,0.0,61.57,3.0,28.0,0,1,28.0,1.791759469228055,4.101816577060802,0.0,0,0.0,0.007663601039828959,-4.863580178730626,True
138,대조,0,6.0,6.0,473.9,298.0,0.0,0.0,0.0,1.0,0,0.0,0.0,0.0,105.99000000000001,2.0,6.0,0,1,6.0,1.9459101490553132,6.163104255555076,0.0,0,1.0,0.04281797122422019,-3.1070356781973127,True
139,대조,0,1.0,16.0,456.98,27648.0,0.0,0.0,0.0,0.0,1,0.0,0.0,0.0,180.13,6.0,1.0,0,1,1.0,2.833213344056216,6.126825515038434,0.0,0,0.0,0.05212901146903401,-2.9004967691503554,True
140,대조,0,4.0,27.0,443.51,247.0,0.0,0.0,0.0,2.0,0,0.0,0.0,0.0,10.67,2.0,4.0,0,1,4.0,3.332204510175204,6.0969725518887525,0.0,0,2.0,0.04817406810184733,-2.983561303334891,True
142,대조,0,3.0,17.0,301.58,167.0,0.0,0.0,0.0,2.0,0,0.0,0.0,0.0,98.68,8.0,3.0,0,1,3.0,2.8903717578961645,5.712345705316689,0.0,0,2.0,0.029760051540980808,-3.4843764686008205,True
143,대조,0,4.0,93.0,1604.3700000000001,86413.0,3.0,1.29,0.0,0.0,0,0.0,0.0,0.0,1090.52,42.0,4.0,0,1,4.0,4.543294782270004,7.381109538591268,0.0008040539277099422,0,0.0,0.21429718443819049,-1.2992148597021416,True
144,대조,0,6.0,25.0,620.59,271.0,0.0,0.0,0.0,0.0,0,0.0,0.0,0.0,176.96,8.0,6.0,0,1,6.0,3.258096538021482,6.4322807114079446,0.0,0,0.0,0.0749037357099199,-2.5136940363540625,True
145,대조,0,11.0,6.0,149.33,82.0,0.0,0.0,0.0,1.0,0,0.0,0.0,0.0,90.24,4.0,11.0,0,1,11.0,1.9459101490553132,5.012832877639743,0.0,0,1.0,0.01456006291819008,-4.21480581402745,True
149,대조,0,90.0,1.0,27.0,12392.0,0.0,0.0,0.0,2.0,1,0.0,0.0,0.0,557.27,8.0,90.0,0,1,90.0,0.6931471805599453,3.332204510175204,0.0,0,2.0,0.00729168885361034,-4.913701689472759,True
151,대조,0,15.0,11.0,205.82,13928.0,0.0,0.0,0.0,0.0,0,0.0,0.0,0.0,0.0,0.0,15.0,0,0,15.0,2.4849066497880004,5.331848849756829,0.0,0,0.0,0.025054233795670823,-3.661339017996051,True
155,대조,0,4.0,7.0,380.45,151.0,0.0,0.0,0.0,0.0,1,0.0,0.0,0.0,107.09,3.0,4.0,0,1,4.0,2.0794415416798357,5.943979780536238,0.0,0,0.0,0.03945568313530354,-3.1923220244011326,True
156,대조,0,1.0,89.0,671.69,80201.0,0.0,0.0,0.0,0.0,0,0.0,0.0,0.0,214.61,18.0,1.0,0,1,1.0,4.499809670330265,6.511284599453549,0.0,0,0.0,0.09422450157365368,-2.2631112317126147,True
158,대조,0,6.0,23.0,166.44,91.0,0.0,0.0,0.0,0.0,1,0.0,0.0,0.0,152.68,10.0,6.0,0,1,6.0,3.1780538303479458,5.120625078137745,0.0,0,0.0,0.022079693171573864,-3.79076985575677,True
160,처치,1,7.0,3.0,84.11,38.0,0.0,0.0,0.0,0.0,0,0.0,0.0,0.0,37.4,2.0,7.0,0,1,7.0,1.3862943611198906,4.4439445374888695,0.0,0,0.0,0.0072248249691353045,-4.922981220592764,True
161,대조,0,2.0,4.0,59.71,23.0,0.0,0.0,0.0,0.0,1,0.0,0.0,0.0,99.95,8.0,2.0,0,1,2.0,1.6094379124341003,4.106108429142343,0.0,0,0.0,0.005411655549723905,-5.213773864750868,False
162,대조,0,2.0,7.0,363.89,124.0,0.0,0.0,0.0,1.0,0,0.0,0.0,0.0,114.66,4.0,2.0,0,1,2.0,2.0794415416798357,5.899595938298455,0.0,0,1.0,0.031819618377825536,-3.4153353848842993,True
164,대조,0,1.0,7.0,315.48,206.0,0.0,0.0,0.0,0.0,1,0.0,0.0,0.0,290.56,9.0,1.0,0,1,1.0,2.0794415416798357,5.757260048434348,0.0,0,0.0,0.03130140868022849,-3.432290409943223,True
166,대조,0,1.0,14.0,336.57,161.0,1.0,10.59,0.0,0.0,1,0.0,0.0,0.0,93.99,5.0,1.0,0,1,1.0,2.70805020110221,5.821772896214049,0.03146447990016935,0,0.0,0.055806992823749714,-2.828431421044089,True
179,대조,0,2.0,10.0,178.16,78.0,0.0,0.0,0.0,0.0,0,0.0,0.0,0.0,59.64,6.0,2.0,0,1,2.0,2.3978952727983707,5.188279261339099,0.0,0,0.0,0.01743016558490777,-4.0319690600210425,True
180,대조,0,29.0,12.0,240.2,107.0,4.0,2.1,0.0,0.0,0,0.0,0.0,0.0,284.79,5.0,29.0,0,1,29.0,2.5649493574615367,5.485626464853031,0.008742714404662781,0,0.0,0.041037090924236734,-3.1513760830300974,True
181,대조,0,,0.0,0.0,0.0,0.0,0.0,0.0,2.0,0,0.0,0.0,0.0,0.0,0.0,90.0,0,0,90.0,0.0,0.0,0.0,0,2.0,0.00018744322370752906,-8.581847104508867,False
183,대조,0,1.0,18.0,196.31,105.0,40.0,31.11,0.0,1.0,0,17.85,13.0,12.0,114.48,11.0,1.0,1,1,1.0,2.9444389791664403,5.284776095981369,0.15847384239213488,0,1.0,0.13958504890196638,-1.8187406891214353,True
185,대조,0,1.0,12.0,305.6,25226.0,0.0,0.0,0.0,0.0,0,0.0,0.0,0.0,218.0,7.0,1.0,0,1,1.0,2.5649493574615367,5.725543966437714,0.0,0,0.0,0.030468447551967794,-3.4601213775765443,True
187,대조,0,10.0,6.0,68.37,38.0,0.0,0.0,0.0,2.0,0,0.0,0.0,0.0,22.4,1.0,10.0,0,1,10.0,1.9459101490553132,4.23945449739721,0.0,0,2.0,0.006168995686282844,-5.082031125451144,False
188,대조,0,12.0,12.0,775.89,351.0,0.0,0.0,0.0,0.0,0,0.0,0.0,0.0,289.97,2.0,12.0,0,1,12.0,2.5649493574615367,6.655298770204079,0.0,0,0.0,0.08888181022443446,-2.3273651129662465,True
192,대조,0,2.0,15.0,514.67,210.0,0.0,0.0,0.0,1.0,1,0.0,0.0,0.0,184.15,4.0,2.0,0,1,2.0,2.772588722239781,6.245467026008175,0.0,0,1.0,0.05582855067620863,-2.8280223703035334,True
193,대조,0,7.0,16.0,681.06,65516.0,0.0,0.0,0.0,1.0,1,0.0,0.0,0.0,453.53,12.0,7.0,0,1,7.0,2.833213344056216,6.525117630513343,0.0,0,1.0,0.07954720041497318,-2.448515161035102,True
194,대조,0,1.0,6.0,140.34,52.0,0.0,0.0,0.0,0.0,0,0.0,0.0,0.0,3.93,1.0,1.0,0,1,1.0,1.9459101490553132,4.951168335262708,0.0,0,0.0,0.012338350494647711,-4.382627840960189,True
195,대조,0,9.0,12.0,631.8,29857.0,0.0,0.0,0.0,0.0,0,0.0,0.0,0.0,307.86,6.0,9.0,0,1,9.0,2.5649493574615367,6.450154416453444,0.0,0,0.0,0.07002267112625529,-2.5863411454490874,True
196,대조,0,2.0,28.0,714.86,363.0,0.0,0.0,0.0,0.0,0,0.0,0.0,0.0,256.12,15.0,2.0,0,1,2.0,3.367295829986474,6.573484617115764,0.0,0,0.0,0.08246368238296731,-2.4093341795007337,True
198,대조,0,1.0,142.0,1665.57,884.0,13.0,8.82,0.0,0.0,1,27.509999999999998,7.0,4.0,692.85,35.0,1.0,1,1,1.0,4.962844630259907,7.418522901066063,0.00529548442875412,0,0.0,0.2547718941405211,-1.0733217418340746,True
200,대조,0,,0.0,0.0,0.0,0.0,0.0,0.0,0.0,0,0.0,0.0,0.0,0.0,0.0,90.0,0,0,90.0,0.0,0.0,0.0,0,0.0,0.00020864688520603287,-8.474658610703141,False
205,대조,0,10.0,10.0,396.01,137.0,4.0,31.759999999999998,0.0,0.0,0,5.34,6.0,4.0,187.18,8.0,10.0,1,1,10.0,2.3978952727983707,5.9839614692868315,0.08019999494962247,0,0.0,0.11554487081679873,-2.0353128357252768,True
208,대조,0,5.0,14.0,387.79,190.0,0.0,0.0,0.0,3.0,1,0.0,0.0,0.0,246.64000000000001,8.0,5.0,0,1,5.0,2.70805020110221,5.963039352090906,0.0,0,3.0,0.03946317698661279,-3.1921243098868803,True
209,대조,0,1.0,15.0,1098.83,25549.0,0.0,0.0,0.0,0.0,1,0.0,0.0,0.0,261.69,9.0,1.0,0,1,1.0,2.772588722239781,7.002910901388537,0.0,0,0.0,0.11828250006163236,-2.0087958782782342,True
210,대조,0,6.0,30.0,695.71,286.0,1.0,10.59,0.0,1.0,0,0.0,0.0,0.0,201.18,11.0,6.0,0,1,6.0,3.4339872044851463,6.5463692553132855,0.015221859682913856,0,1.0,0.09838860470152426,-2.2152586101457894,True
211,대조,0,34.0,2.0,99.26,73.0,0.0,0.0,0.0,0.0,1,0.0,0.0,0.0,60.72,2.0,34.0,0,1,34.0,1.0986122886681098,4.607766811835357,0.0,0,0.0,0.013475760875661998,-4.293295315064123,True
212,대조,0,11.0,18.0,375.57,186.0,0.0,0.0,0.0,2.0,1,0.0,0.0,0.0,124.06,4.0,11.0,0,1,11.0,2.9444389791664403,5.9311039529331815,0.0,0,2.0,0.04610697891798653,-3.0295872028777215,True
214,대조,0,8.0,12.0,325.15000000000003,174.0,0.0,0.0,0.0,1.0,1,0.0,0.0,0.0,142.8,4.0,8.0,0,1,8.0,2.5649493574615367,5.787357398242105,0.0,0,1.0,0.03741988081746765,-3.2474151675613965,True
215,대조,0,4.0,21.0,279.47,164.0,0.0,0.0,0.0,0.0,0,0.0,0.0,0.0,65.87,5.0,4.0,0,1,4.0,3.091042453358316,5.636466767371334,0.0,0,0.0,0.03230757501445556,-3.3996125706977747,True
216,대조,0,12.0,6.0,136.55,47.0,0.0,0.0,0.0,0.0,1,0.0,0.0,0.0,100.88,6.0,12.0,0,1,12.0,1.9459101490553132,4.923987487370583,0.0,0,0.0,0.015596066028027987,-4.145017610060556,True
217,대조,0,15.0,7.0,188.33,4491.0,0.0,0.0,0.0,0.0,0,0.0,0.0,0.0,92.05,2.0,15.0,0,1,15.0,2.0794415416798357,5.243491524264258,0.0,0,0.0,0.0211763471407353,-3.833466638525544,True
218,대조,0,2.0,33.0,1855.45,156446.0,0.0,0.0,0.0,0.0,1,0.0,0.0,0.0,486.15000000000003,12.0,2.0,0,1,2.0,3.5263605246161616,7.526421340854775,0.0,0,0.0,0.21376040056965023,-1.3024058155887352,True
219,대조,0,1.0,33.0,1509.42,40094.0,0.0,0.0,0.0,2.0,1,0.0,0.0,0.0,541.03,9.0,1.0,0,1,1.0,3.5263605246161616,7.320143036828992,0.0,0,2.0,0.16271285036682653,-1.6381800886280118,True
220,대조,0,18.0,10.0,372.64,18103.0,0.0,0.0,0.0,0.0,1,0.0,0.0,0.0,217.9,10.0,18.0,0,1,18.0,2.3978952727983707,5.923292767004648,0.0,0,0.0,0.050731458780711905,-2.929145524469468,True
221,대조,0,14.0,11.0,364.02,16225.0,0.0,0.0,0.0,0.0,1,0.0,0.0,0.0,162.56,4.0,14.0,0,1,14.0,2.4849066497880004,5.8999521466018745,0.0,0,0.0,0.04747251283605539,-2.9989680980926923,True
222,대조,0,2.0,16.0,720.52,28603.0,0.0,0.0,0.0,0.0,1,0.0,0.0,0.0,283.52,4.0,2.0,0,1,2.0,2.833213344056216,6.581360097857453,0.0,0,0.0,0.08197585527128562,-2.41579893572721,True
223,대조,0,9.0,11.0,419.81,219.0,1.0,2.19,0.0,0.0,0,1.32,3.0,3.0,60.81,4.0,9.0,1,1,9.0,2.4849066497880004,6.04218142539969,0.005216645625401967,0,0.0,0.04950353960170209,-2.954940263861762,True
226,대조,0,4.0,5.0,215.28,102.0,0.0,0.0,0.0,0.0,0,0.0,0.0,0.0,2.5,1.0,4.0,0,1,4.0,1.791759469228055,5.376573864513804,0.0,0,0.0,0.01931809855961589,-3.9272057417903268,True
227,대조,0,1.0,15.0,116.6,119.0,0.0,0.0,0.0,0.0,0,0.0,0.0,0.0,46.91,8.0,1.0,0,1,1.0,2.772588722239781,4.767289035464526,0.0,0,0.0,0.012042090307142227,-4.407232056953344,True
228,대조,0,2.0,6.0,677.04,106.0,4.0,120.38,0.0,0.0,0,0.0,0.0,0.0,256.25,6.0,2.0,0,1,2.0,1.9459101490553132,6.519206283250285,0.17780337941628266,0,0.0,0.3959599875437176,-0.4223272769360366,True
230,대조,0,1.0,28.0,724.02,27875.0,0.0,0.0,0.0,0.0,1,0.0,0.0,0.0,337.92,9.0,1.0,0,1,1.0,3.367295829986474,6.586199240681079,0.0,0,0.0,0.08948604385611991,-2.3199265484968,True
232,대조,0,1.0,78.0,2303.22,121317.0,0.0,0.0,0.0,0.0,1,0.0,0.0,0.0,375.92,14.0,1.0,0,1,1.0,4.3694478524670215,7.7424975033683845,0.0,0,0.0,0.283553745721651,-0.9269015485149739,True
235,대조,0,5.0,19.0,1279.19,16154.0,0.0,0.0,0.0,2.0,1,0.0,0.0,0.0,591.15,9.0,5.0,0,1,5.0,2.995732273553991,7.154763783397907,0.0,0,2.0,0.13568013787067223,-1.8516427229018289,True
236,대조,0,35.0,3.0,76.15,29.0,0.0,0.0,0.0,2.0,0,0.0,0.0,0.0,0.0,0.0,35.0,0,0,35.0,1.3862943611198906,4.34575157880917,0.0,0,2.0,0.009106409303059249,-4.689628668256523,True
242,대조,0,50.0,6.0,543.54,225.0,0.0,0.0,0.0,0.0,1,0.0,0.0,0.0,197.39,4.0,50.0,0,1,50.0,1.9459101490553132,6.299941401566466,0.0,0,0.0,0.10660659674102392,-2.1258816320890834,True
245,대조,0,19.0,4.0,77.5,4552.0,0.0,0.0,0.0,0.0,0,0.0,0.0,0.0,47.19,4.0,19.0,0,1,19.0,1.6094379124341003,4.363098624788363,0.0,0,0.0,0.008388568026252164,-4.772461499249346,True
246,대조,0,6.0,6.0,119.12,73.0,0.0,0.0,0.0,0.0,0,0.0,0.0,0.0,59.52,4.0,6.0,0,1,6.0,1.9459101490553132,4.788491243115129,0.0,0,0.0,0.011300399770057534,-4.471552441590206,True
248,대조,0,30.0,2.0,435.38,250.0,0.0,0.0,0.0,1.0,1,0.0,0.0,0.0,0.0,0.0,30.0,0,0,30.0,1.0986122886681098,6.078513423394504,0.0,0,1.0,0.05251446121621952,-2.892723090937551,True
249,대조,0,9.0,13.0,180.85999999999999,68.0,0.0,0.0,0.0,0.0,1,0.0,0.0,0.0,80.02,8.0,9.0,0,1,9.0,2.6390573296152584,5.203237160297767,0.0,0,0.0,0.022624334640179763,-3.7658450062217974,True
251,처치,1,8.0,7.0,176.52,81.0,0.0,0.0,0.0,0.0,0,0.0,0.0,0.0,144.37,9.0,8.0,0,1,8.0,2.0794415416798357,5.179083278624338,0.0,0,0.0,0.017803902460260822,-4.0103733078052315,True
253,대조,0,4.0,50.0,1218.63,10578.0,0.0,0.0,0.0,0.0,1,0.0,0.0,0.0,369.74,13.0,4.0,0,1,4.0,3.9318256327243257,7.106302813040496,0.0,0,0.0,0.1647524536147024,-1.623284077422405,True
257,대조,0,2.0,12.0,314.67,2094.0,0.0,0.0,0.0,1.0,1,0.0,0.0,0.0,185.84,13.0,2.0,0,1,2.0,2.5649493574615367,5.754697364124307,0.0,0,1.0,0.03306074822064021,-3.375788947815562,True
258,대조,0,1.0,37.0,357.7,254.0,0.0,0.0,0.0,2.0,0,0.0,0.0,0.0,124.84,14.0,1.0,0,1,1.0,3.6375861597263857,5.882486384538237,0.0,0,2.0,0.039498690632272834,-3.1911878226147943,True
261,대조,0,,0.0,0.0,0.0,0.0,0.0,0.0,0.0,0,0.0,0.0,0.0,15.0,1.0,90.0,0,1,90.0,0.0,0.0,0.0,0,0.0,0.00020864688520603287,-8.474658610703141,False
263,대조,0,1.0,46.0,1086.42,461.0,0.0,0.0,0.0,0.0,1,0.0,0.0,0.0,336.75,16.0,1.0,0,1,1.0,3.8501476017100584,6.991563197038542,0.0,0,0.0,0.14120635698917602,-1.805306318585211,True
264,대조,0,43.0,7.0,215.58,93.0,0.0,0.0,0.0,0.0,1,0.0,0.0,0.0,115.08,4.0,43.0,0,1,43.0,2.0794415416798357,5.377959994200234,0.0,0,0.0,0.040666615368273144,-3.1608311576237176,True
265,대조,0,1.0,13.0,1108.43,585.0,0.0,0.0,0.0,0.0,0,0.0,0.0,0.0,110.72,5.0,1.0,0,1,1.0,2.6390573296152584,7.0116016488996475,0.0,0,0.0,0.1073051634150822,-2.1185680243506453,True
266,대조,0,7.0,9.0,527.54,15106.0,0.0,0.0,0.0,0.0,0,0.0,0.0,0.0,45.0,2.0,7.0,0,1,7.0,2.302585092994046,6.270118488349759,0.0,0,0.0,0.05437044243591173,-2.8560302355371645,True
273,대조,0,6.0,22.0,375.45,108.0,0.0,0.0,0.0,0.0,0,0.0,0.0,0.0,80.4,6.0,6.0,0,1,6.0,3.1354942159291497,5.930785236296131,0.0,0,0.0,0.04497875511012022,-3.0555433165633406,True
275,대조,0,2.0,42.0,767.9300000000001,39913.0,0.0,0.0,0.0,0.0,0,0.0,0.0,0.0,273.81,14.0,2.0,0,1,2.0,3.7612001156935624,6.644999938054215,0.0,0,0.0,0.09475677757374083,-2.256890289128605,True
276,대조,0,1.0,41.0,1459.25,42549.0,0.0,0.0,0.0,0.0,1,0.0,0.0,0.0,848.11,22.0,1.0,0,1,1.0,3.7376696182833684,7.286362932920419,0.0,0,0.0,0.17892603824209946,-1.5236406665235445,True
278,대조,0,1.0,8.0,256.17,124.0,0.0,0.0,0.0,2.0,0,0.0,0.0,0.0,207.96,4.0,1.0,0,1,1.0,2.1972245773362196,5.549737344813903,0.0,0,2.0,0.021412884354534506,-3.822116999162488,True
279,대조,0,29.0,9.0,290.44,29822.0,0.0,0.0,0.0,0.0,0,0.0,0.0,0.0,120.67,5.0,29.0,0,1,29.0,2.302585092994046,5.674834152700308,0.0,0,0.0,0.04216881048565412,-3.1229906913168266,True
280,대조,0,6.0,19.0,468.54,13739.0,0.0,0.0,0.0,0.0,0,0.0,0.0,0.0,113.65,6.0,6.0,0,1,6.0,2.995732273553991,6.151753492037362,0.0,0,0.0,0.054398005857437225,-2.855494259356811,True
281,대조,0,8.0,9.0,173.3,91.0,0.0,0.0,0.0,2.0,1,0.0,0.0,0.0,175.98,7.0,8.0,0,1,8.0,2.302585092994046,5.160777952525975,0.0,0,2.0,0.017989525977085027,-3.999812275938262,True
285,대조,0,14.0,25.0,421.63,22772.0,0.0,0.0,0.0,1.0,0,0.0,0.0,0.0,314.06,10.0,14.0,0,1,14.0,3.258096538021482,6.046497091777351,0.0,0,1.0,0.05525066699098435,-2.8390392236720077,True
286,대조,0,5.0,6.0,150.98,109.0,0.0,0.0,0.0,1.0,0,0.0,0.0,0.0,137.64000000000001,3.0,5.0,0,1,5.0,1.9459101490553132,5.023748933241639,0.0,0,1.0,0.01341038718293096,-4.298224590904013,True
288,대조,0,3.0,13.0,404.63,65813.0,0.0,0.0,0.0,1.0,0,0.0,0.0,0.0,211.79,6.0,3.0,0,1,3.0,2.6390573296152584,6.005441414038776,0.0,0,1.0,0.03997898756569429,-3.1786011669425402,True
291,대조,0,7.0,12.0,585.92,397.0,0.0,0.0,0.0,0.0,0,0.0,0.0,0.0,222.89000000000001,8.0,7.0,0,1,7.0,2.5649493574615367,6.374888524339266,0.0,0,0.0,0.06323652129908992,-2.6955488234547826,True
294,대조,0,8.0,26.0,688.8,363.0,0.0,0.0,0.0,4.0,1,0.0,0.0,0.0,364.11,20.0,8.0,0,1,8.0,3.295836866004329,6.536401700502741,0.0,0,4.0,0.07659844383264768,-2.4894874342900932,True
297,대조,0,4.0,9.0,253.73,142.0,0.0,0.0,0.0,0.0,0,0.0,0.0,0.0,78.24000000000001,3.0,4.0,0,1,4.0,2.302585092994046,5.540204160679382,0.0,0,0.0,0.025175602836511657,-3.6563819651460454,True
300,대조,0,4.0,14.0,574.39,259.0,0.0,0.0,0.0,2.0,1,0.0,0.0,0.0,114.69,5.0,4.0,0,1,4.0,2.70805020110221,6.355048071751968,0.0,0,2.0,0.0600924824295722,-2.749896735509557,True
301,대조,0,5.0,7.0,762.91,297.0,1.0,2.0,0.0,0.0,1,0.0,0.0,0.0,426.25,6.0,5.0,0,1,5.0,2.0794415416798357,6.638449981180312,0.0026215412040738752,0,0.0,0.08122719946709941,-2.4257887072409208,True
302,대조,0,9.0,10.0,385.42,152.0,0.0,0.0,0.0,0.0,1,0.0,0.0,0.0,36.839999999999996,3.0,9.0,0,1,9.0,2.3978952727983707,5.9569248608332375,0.0,0,0.0,0.04580522847902432,-3.0364695700945776,True
303,대조,0,10.0,32.0,657.34,4809.0,0.0,0.0,0.0,0.0,0,0.0,0.0,0.0,255.0,12.0,10.0,0,1,10.0,3.4965075614664802,6.489721515198117,0.0,0,0.0,0.08756759486170185,-2.3437029983176974,True
304,처치,1,2.0,39.0,757.35,56238.0,43.0,19.36,0.0,2.0,1,5.02,11.0,6.0,541.33,19.0,2.0,1,1,2.0,3.6888794541139363,6.631145020497406,0.025562817719680463,0,2.0,0.12279646512636044,-1.9662108165765542,True
306,대조,0,3.0,18.0,790.27,57289.0,0.0,0.0,0.0,0.0,1,0.0,0.0,0.0,275.69,11.0,3.0,0,1,3.0,2.9444389791664403,6.673639249600237,0.0,0,0.0,0.092573713324252,-2.2826071080720975,True
307,대조,0,2.0,59.0,439.54,3029.0,0.0,0.0,0.0,1.0,0,0.0,0.0,0.0,144.09,25.0,2.0,0,1,2.0,4.0943445622221,6.088001247156011,0.0,0,1.0,0.05632850397944401,-2.818577419674215,True
308,대조,0,4.0,8.0,162.08,48.0,0.0,0.0,0.0,0.0,0,0.0,0.0,0.0,80.66,5.0,4.0,0,1,4.0,2.1972245773362196,5.094240877951052,0.0,0,0.0,0.015711927269371193,-4.137498488432055,True
312,대조,0,22.0,5.0,340.64,145.0,1.0,3.19,0.0,0.0,0,0.0,0.0,0.0,313.48,4.0,22.0,0,1,22.0,1.791759469228055,5.833757551077946,0.009364725223109441,0,0.0,0.045262365759307595,-3.0489606649306387,True
314,대조,0,40.0,5.0,182.65,144.0,31.0,16.59,0.0,0.0,1,0.0,0.0,0.0,0.0,0.0,40.0,0,0,40.0,1.791759469228055,5.213031772265676,0.09082945524226663,0,0.0,0.09559899047467453,-2.247110596527578,True
317,대조,0,16.0,8.0,914.92,375.0,0.0,0.0,0.0,1.0,1,0.0,0.0,0.0,86.36,2.0,16.0,0,1,16.0,2.1972245773362196,6.819929024615557,0.0,0,1.0,0.10627519377085907,-2.129366007236464,True
318,대조,0,8.0,12.0,100.73,36.0,0.0,0.0,0.0,1.0,0,0.0,0.0,0.0,133.11,13.0,8.0,0,1,8.0,2.5649493574615367,4.622322244805657,0.0,0,1.0,0.010546202930142476,-4.541387187440193,True
319,대조,0,3.0,16.0,664.84,37633.0,0.0,0.0,0.0,2.0,1,0.0,0.0,0.0,159.67000000000002,4.0,3.0,0,1,3.0,2.833213344056216,6.5010494014378395,0.0,0,2.0,0.06978092575731264,-2.590059419637595,True
322,대조,0,3.0,11.0,417.53,12144.0,0.0,0.0,0.0,0.0,0,0.0,0.0,0.0,37.63,1.0,3.0,0,1,3.0,2.4849066497880004,6.036748571948126,0.0,0,0.0,0.042148482327035795,-3.123494096644121,True
324,대조,0,5.0,20.0,1235.35,90277.0,0.0,0.0,0.0,3.0,1,0.0,0.0,0.0,587.88,9.0,5.0,0,1,5.0,3.044522437723423,7.119918769453184,0.0,0,3.0,0.1265911842395415,-1.9314408620855126,True
330,대조,0,1.0,18.0,183.98,11735.0,0.0,0.0,0.0,0.0,0,0.0,0.0,0.0,390.65,22.0,1.0,0,1,1.0,2.9444389791664403,5.220247711126114,0.0,0,0.0,0.019731304171657672,-3.9056202947053835,True
331,대조,0,2.0,15.0,205.74,107.0,0.0,0.0,0.0,0.0,0,0.0,0.0,0.0,71.16,5.0,2.0,0,1,2.0,2.772588722239781,5.331461965140338,0.0,0,0.0,0.021680427110304004,-3.809426501268595,True
332,대조,0,2.0,17.0,597.11,321.0,0.0,0.0,0.0,1.0,1,0.0,0.0,0.0,195.33,5.0,2.0,0,1,2.0,2.8903717578961645,6.393774683522845,0.0,0,1.0,0.06589664482270273,-2.6514995637031618,True
333,대조,0,5.0,6.0,313.72,188.0,0.0,0.0,0.0,0.0,0,0.0,0.0,0.0,153.13,6.0,5.0,0,1,5.0,1.9459101490553132,5.751683354640749,0.0,0,0.0,0.0294931249920394,-3.4936613015016733,True
335,대조,0,1.0,26.0,469.46000000000004,220.0,0.0,0.0,0.0,1.0,0,0.0,0.0,0.0,174.08,8.0,1.0,0,1,1.0,3.295836866004329,6.153710939470885,0.0,0,1.0,0.050881403282869074,-2.9260362621023837,True
336,처치,1,23.0,13.0,244.71,103.0,0.0,0.0,0.0,0.0,0,0.0,0.0,0.0,0.0,0.0,23.0,0,0,23.0,2.6390573296152584,5.50415197873961,0.0,0,0.0,0.03467123993319491,-3.326558204404132,True
337,대조,0,9.0,12.0,206.02,112.0,0.0,0.0,0.0,0.0,0,0.0,0.0,0.0,11.040000000000001,1.0,9.0,0,1,9.0,2.5649493574615367,5.332815406955604,0.0,0,0.0,0.023224773638917326,-3.739037022224853,True
338,대조,0,6.0,21.0,321.65,228.0,0.0,0.0,0.0,0.0,0,0.0,0.0,0.0,178.22,10.0,6.0,0,1,6.0,3.091042453358316,5.776568144381849,0.0,0,0.0,0.03829023635943861,-3.2235177658008833,True
342,대조,0,21.0,7.0,456.08,197.0,16.0,83.29,0.0,0.0,0,0.0,0.0,0.0,0.0,0.0,21.0,0,0,21.0,2.0794415416798357,6.124858430278513,0.18262146991755834,0,0.0,0.39183324276513926,-0.43961276795600207,True
343,대조,0,4.0,10.0,225.02,114.0,0.0,0.0,0.0,0.0,0,0.0,0.0,0.0,117.34,4.0,4.0,0,1,4.0,2.3978952727983707,5.420623490932004,0.0,0,0.0,0.022738105846159068,-3.7607124869142114,True
346,대조,0,2.0,23.0,835.21,481.0,1.0,2.5,0.0,0.0,1,0.0,0.0,0.0,425.0,12.0,2.0,0,1,2.0,3.1780538303479458,6.728879777712474,0.002993259180325906,0,0.0,0.10381168217077859,-2.1555720576427606,True
348,대조,0,1.0,18.0,333.11,197.0,0.0,0.0,0.0,0.0,0,0.0,0.0,0.0,138.89000000000001,10.0,1.0,0,1,1.0,2.9444389791664403,5.811470280073118,0.0,0,0.0,0.03571937187731856,-3.2956891890257642,True
350,대조,0,9.0,12.0,301.45,25729.0,0.0,0.0,0.0,2.0,1,0.0,0.0,0.0,70.52,4.0,9.0,0,1,9.0,2.5649493574615367,5.711915974552923,0.0,0,2.0,0.033470154415376215,-3.363058049480128,True
351,처치,1,3.0,53.0,1574.63,11730.0,18.0,156.42,0.0,0.0,1,35.96,4.0,4.0,243.28,11.0,3.0,1,1,3.0,3.9889840465642745,7.36241047128106,0.09933762217155775,0,0.0,0.48414702113708424,-0.06343317692852557,True
353,대조,0,9.0,11.0,452.43,192.0,0.0,0.0,0.0,0.0,1,0.0,0.0,0.0,167.76,5.0,9.0,0,1,9.0,2.4849066497880004,6.116840902624691,0.0,0,0.0,0.05446892646246236,-2.854116369804056,True
356,대조,0,16.0,19.0,258.9,32264.0,0.0,0.0,0.0,0.0,0,0.0,0.0,0.0,148.98000000000002,10.0,16.0,0,1,16.0,2.995732273553991,5.560296941647445,0.0,0,0.0,0.03530231192035965,-3.307866320366958,True
358,대조,0,2.0,39.0,2147.18,794.0,0.0,0.0,0.0,0.0,1,0.0,0.0,0.0,677.88,11.0,2.0,0,1,2.0,3.6888794541139363,7.6723762510005065,0.0,0,0.0,0.24612702471081746,-1.1193761227522596,True
362,대조,0,5.0,14.0,420.72,12260.0,0.0,0.0,2.0,1.0,1,0.0,0.0,0.0,177.69,4.0,5.0,0,1,5.0,2.70805020110221,6.044341586708749,0.0,1,1.0,0.1134890629954427,-2.0555869917199647,True
367,대조,0,4.0,15.0,952.61,523.0,0.0,0.0,6.0,2.0,1,0.0,0.0,0.0,197.15,5.0,4.0,0,1,4.0,2.772588722239781,6.860254782833283,0.0,1,2.0,0.21919894088535608,-1.2703406682112237,True
368,대조,0,14.0,4.0,45.95,20.0,0.0,0.0,0.0,2.0,0,0.0,0.0,0.0,3.79,1.0,14.0,0,1,14.0,1.6094379124341003,3.849083205654272,0.0,0,2.0,0.004115663610549814,-5.488831035357884,False
369,대조,0,21.0,5.0,139.68,75.0,0.0,0.0,0.0,0.0,0,0.0,0.0,0.0,269.24,4.0,21.0,0,1,21.0,1.791759469228055,4.946487807605782,0.0,0,0.0,0.016260206344501944,-4.102640630387645,True
370,대조,0,,0.0,0.0,0.0,0.0,0.0,0.0,0.0,1,0.0,0.0,0.0,379.71,13.0,90.0,0,1,90.0,0.0,0.0,0.0,0,0.0,0.0002287646778797536,-8.382587899424106,False
371,대조,0,4.0,25.0,2026.24,982.0,0.0,0.0,0.0,0.0,1,0.0,0.0,0.0,884.5600000000001,8.0,4.0,0,1,4.0,3.258096538021482,7.614430541021774,0.0,0,0.0,0.22554744682836142,-1.2336258527116302,True
374,대조,0,1.0,29.0,1668.65,8645.0,1.0,3.19,0.0,3.0,0,0.0,0.0,0.0,499.63,6.0,1.0,0,1,1.0,3.4011973816621555,7.4203693026073445,0.0019117250471938393,0,3.0,0.15703919865573415,-1.6804250107705858,True
376,대조,0,1.0,73.0,791.69,392.0,0.0,0.0,0.0,1.0,0,0.0,0.0,0.0,156.32,20.0,1.0,0,1,1.0,4.30406509320417,6.675432224650634,0.0,0,1.0,0.10097342666689592,-2.186455212887702,True
378,대조,0,1.0,45.0,732.61,27452.0,0.0,0.0,0.0,1.0,1,0.0,0.0,0.0,233.43,15.0,1.0,0,1,1.0,3.828641396489095,6.5979775522561095,0.0,0,1.0,0.0937030980344252,-2.269235706690636,True
380,대조,0,3.0,18.0,1052.8,508.0,0.0,0.0,0.0,0.0,0,0.0,0.0,0.0,499.42,9.0,3.0,0,1,3.0,2.9444389791664403,6.960157957775185,0.0,0,0.0,0.11114558246361907,-2.07909256659887,True
381,대조,0,9.0,5.0,265.38,78.0,0.0,0.0,0.0,2.0,1,0.0,0.0,0.0,111.17,7.0,9.0,0,1,9.0,1.791759469228055,5.584923860772885,0.0,0,2.0,0.025370252547575457,-3.6484803245364095,True
383,대조,0,1.0,20.0,972.96,28302.0,0.0,0.0,0.0,0.0,1,0.0,0.0,0.0,463.34000000000003,12.0,1.0,0,1,1.0,3.044522437723423,6.881370235037425,0.0,0,0.0,0.11106826683194147,-2.079875413207078,True
384,대조,0,49.0,4.0,206.43,104.0,0.0,0.0,0.0,1.0,0,0.0,0.0,0.0,31.97,2.0,49.0,0,1,49.0,1.6094379124341003,5.334793933358054,0.0,0,1.0,0.033888255311370845,-3.350211001887481,True
386,대조,0,3.0,14.0,211.37,160.0,0.0,0.0,0.0,0.0,1,0.0,0.0,0.0,375.38,14.0,3.0,0,1,3.0,2.70805020110221,5.358330036454207,0.0,0,0.0,0.024441055087474954,-3.6867462796806274,True
387,대조,0,2.0,35.0,1220.89,343.0,0.0,0.0,0.0,0.0,1,0.0,0.0,0.0,23.77,2.0,2.0,0,1,2.0,3.58351893845611,7.1081541193132125,0.0,0,0.0,0.15155024378657253,-1.7224936559631894,True
389,대조,0,2.0,40.0,2490.25,50908.0,0.0,0.0,0.0,0.0,1,0.0,0.0,0.0,875.58,12.0,2.0,0,1,2.0,3.713572066704308,7.8205398715270045,0.0,0,0.0,0.2765594139770445,-0.9615927458435168,True
390,대조,0,2.0,14.0,208.92,84.0,0.0,0.0,0.0,0.0,1,0.0,0.0,0.0,85.3,4.0,2.0,0,1,2.0,2.70805020110221,5.346726505755724,0.0,0,0.0,0.023788034618125,-3.714497033358697,True
391,대조,0,,0.0,0.0,0.0,0.0,0.0,0.0,0.0,1,0.0,0.0,0.0,306.99,8.0,90.0,0,1,90.0,0.0,0.0,0.0,0,0.0,0.0002287646778797536,-8.382587899424106,False
392,대조,0,6.0,14.0,1414.41,465.0,0.0,0.0,0.0,0.0,1,0.0,0.0,0.0,640.46,7.0,6.0,0,1,6.0,2.70805020110221,7.255174520757323,0.0,0,0.0,0.15675965215374923,-1.6825382731478924,True
393,대조,0,1.0,37.0,756.5600000000001,378.0,0.0,0.0,0.0,0.0,0,0.0,0.0,0.0,235.88,13.0,1.0,0,1,1.0,3.6375861597263857,6.6301027421675345,0.0,0,0.0,0.09007450686665541,-2.312725538559222,True
394,대조,0,11.0,14.0,504.17,204.0,4.0,4.33,0.0,0.0,0,0.0,0.0,0.0,91.5,4.0,11.0,0,1,11.0,2.70805020110221,6.224895006290327,0.008588372969434913,0,0.0,0.06622381829187918,-2.646196584204816,True
397,대조,0,1.0,37.0,844.39,53590.0,0.0,0.0,0.0,0.0,0,0.0,0.0,0.0,266.69,11.0,1.0,0,1,1.0,3.6375861597263857,6.739798059342597,0.0,0,0.0,0.09979009417287439,-2.1995590432212206,True
398,대조,0,19.0,16.0,387.71,223.0,0.0,0.0,0.0,0.0,0,0.0,0.0,0.0,71.84,7.0,19.0,0,1,19.0,2.833213344056216,5.962833564308829,0.0,0,0.0,0.05326660263801122,-2.8777079875504388,True
400,대조,0,1.0,43.0,2500.84,54269.0,0.0,0.0,0.0,0.0,1,0.0,0.0,0.0,1344.32,18.0,1.0,0,1,1.0,3.784189633918261,7.824781740141115,0.0,0,0.0,0.2770997193147855,-0.9588938493527817,True
402,대조,0,4.0,16.0,547.66,45059.0,0.0,0.0,0.0,0.0,0,0.0,0.0,0.0,312.37,9.0,4.0,0,1,4.0,2.833213344056216,6.3074789418267985,0.0,0,0.0,0.05958836448759758,-2.7588573612350467,True
403,대조,0,2.0,1.0,36.87,17.0,0.0,0.0,0.0,1.0,0,0.0,0.0,0.0,54.17,2.0,2.0,0,1,2.0,0.6931471805599453,3.634159241913703,0.0,0,1.0,0.0024013685741399488,-6.029312208443992,False
404,대조,0,3.0,28.0,663.4,46817.0,0.0,0.0,0.0,3.0,1,0.0,0.0,0.0,298.24,18.0,3.0,0,1,3.0,3.367295829986474,6.49888437773914,0.0,0,3.0,0.07315356436934951,-2.5392270413540583,True
405,대조,0,1.0,10.0,313.73,29977.0,0.0,0.0,0.0,2.0,0,0.0,0.0,0.0,214.5,5.0,1.0,0,1,1.0,2.3978952727983707,5.751715128411504,0.0,0,2.0,0.027287164725240464,-3.573672470252524,True
408,대조,0,3.0,13.0,645.69,260.0,0.0,0.0,0.0,0.0,0,0.0,0.0,0.0,114.06,4.0,3.0,0,1,3.0,2.6390573296152584,6.471867045212535,0.0,0,0.0,0.06637082189712688,-2.643821803162609,True
410,대조,0,6.0,21.0,147.86,96.0,0.0,0.0,0.0,0.0,1,0.0,0.0,0.0,13.73,2.0,6.0,0,1,6.0,3.091042453358316,5.003006266931765,0.0,0,0.0,0.019274920507942883,-3.929487379783897,True
411,대조,0,23.0,21.0,1076.23,38560.0,12.0,48.03,0.0,0.0,1,0.0,0.0,0.0,450.0,13.0,23.0,0,1,23.0,3.091042453358316,6.982148210531074,0.04462800702452078,0,0.0,0.2620341587942594,-1.0354226655601118,True
412,대조,0,10.0,19.0,333.48,239.0,0.0,0.0,0.0,0.0,1,0.0,0.0,0.0,122.83,7.0,10.0,0,1,10.0,2.995732273553991,5.81257708704831,0.0,0,0.0,0.04520829513515184,-3.0502126159125775,True
414,대조,0,6.0,36.0,638.38,18902.0,0.0,0.0,0.0,0.0,0,0.0,0.0,0.0,263.92,16.0,6.0,0,1,6.0,3.6109179126442243,6.460498956812166,0.0,0,0.0,0.08210215330523268,-2.4141218623691616,True
419,대조,0,2.0,14.0,487.56,10680.0,0.0,0.0,0.0,0.0,0,0.0,0.0,0.0,55.64,3.0,2.0,0,1,2.0,2.70805020110221,6.191462288914879,0.0,0,0.0,0.05044540811562239,-2.9351012998654147,True
420,대조,0,9.0,8.0,295.11,147.0,0.0,0.0,0.0,2.0,0,0.0,0.0,0.0,33.68,1.0,9.0,0,1,9.0,2.1972245773362196,5.69073100691147,0.0,0,2.0,0.027911137611743905,-3.550421415769103,True
425,대조,0,1.0,17.0,811.46,453.0,0.0,0.0,0.0,2.0,0,0.0,0.0,0.0,352.8,10.0,1.0,0,1,1.0,2.8903717578961645,6.700066682222788,0.0,0,2.0,0.07607154785633666,-2.4969603193071044,True
426,대조,0,2.0,35.0,1370.77,205376.0,0.0,0.0,0.0,0.0,1,0.0,0.0,0.0,466.66,14.0,2.0,0,1,2.0,3.58351893845611,7.223857155748965,0.0,0,0.0,0.1675447015577072,-1.6031293342164101,True
430,대조,0,75.0,7.0,38.48,23.0,0.0,0.0,0.0,1.0,0,0.0,0.0,0.0,54.96,2.0,75.0,0,1,75.0,2.0794415416798357,3.675794214565281,0.0,0,1.0,0.010378732664137637,-4.557563535418011,True
432,대조,0,3.0,28.0,506.51,278.0,0.0,0.0,0.0,1.0,1,0.0,0.0,0.0,284.64,13.0,3.0,0,1,3.0,3.367295829986474,6.22951641515531,0.0,0,1.0,0.0623899262030189,-2.709930339713913,True
433,대조,0,12.0,8.0,83.3,52.0,0.0,0.0,0.0,1.0,0,0.0,0.0,0.0,6.94,1.0,12.0,0,1,12.0,2.1972245773362196,4.4343818650078095,0.0,0,1.0,0.00861505317223837,-4.745591859704637,True
434,처치,1,2.0,19.0,597.98,286.0,1.0,3.19,0.0,0.0,1,0.0,0.0,0.0,230.93,7.0,2.0,0,1,2.0,2.995732273553991,6.3952282085763885,0.00533462657613967,0,0.0,0.07546989730215174,-2.5055517458360406,True
436,대조,0,15.0,4.0,199.3,85.0,0.0,0.0,0.0,0.0,0,0.0,0.0,0.0,101.19,1.0,15.0,0,1,15.0,1.6094379124341003,5.299816242671772,0.0,0,0.0,0.020447749834195235,-3.8692227357966744,True
437,대조,0,1.0,11.0,767.71,34597.0,25.0,60.519999999999996,1.0,2.0,1,2.15,4.0,4.0,357.08,6.0,1.0,1,1,1.0,2.4849066497880004,6.644713785246664,0.07883185056857406,1,2.0,0.36219639531172143,-0.5658438131175056,True
438,대조,0,2.0,5.0,227.87,94.0,0.0,0.0,0.0,0.0,1,0.0,0.0,0.0,287.39,7.0,2.0,0,1,2.0,1.791759469228055,5.4331541567702475,0.0,0,0.0,0.02170381525937876,-3.808324408072133,True
439,대조,0,27.0,3.0,47.01,9.0,0.0,0.0,0.0,1.0,0,0.0,0.0,0.0,0.0,0.0,27.0,0,0,27.0,1.3862943611198906,3.8714093225428488,0.0,0,1.0,0.005211683580077888,-5.251627019673618,False
441,대조,0,9.0,15.0,378.12,172.0,0.0,0.0,0.0,0.0,1,0.0,0.0,0.0,108.08,4.0,9.0,0,1,9.0,2.772588722239781,5.937852777659333,0.0,0,0.0,0.048277119954796256,-2.9813161585423473,True
442,대조,0,25.0,5.0,170.3,90.0,3.0,2.52,0.0,0.0,1,0.0,0.0,0.0,87.04,4.0,25.0,0,1,25.0,1.791759469228055,5.143416405330075,0.01479741632413388,0,0.0,0.027905211257974332,-3.550639864162257,True
443,대조,0,5.0,19.0,582.23,325.0,0.0,0.0,0.0,0.0,1,0.0,0.0,0.0,114.81,3.0,5.0,0,1,5.0,2.995732273553991,6.368581619700658,0.0,0,0.0,0.07205690915861182,-2.555514194590149,True
447,대조,0,7.0,27.0,295.09,140.0,0.0,0.0,0.0,2.0,0,0.0,0.0,0.0,0.0,0.0,7.0,0,0,7.0,3.332204510175204,5.690663462163048,0.0,0,2.0,0.03371918807686502,-3.3553874330823703,True
450,대조,0,12.0,9.0,172.23,93.0,0.0,0.0,0.0,0.0,0,0.0,0.0,0.0,92.38,3.0,12.0,0,1,12.0,2.302585092994046,5.154620191290849,0.0,0,0.0,0.01930444030516397,-3.9279269376240333,True
451,대조,0,3.0,20.0,241.99,72.0,0.0,0.0,0.0,0.0,1,0.0,0.0,0.0,95.78,5.0,3.0,0,1,3.0,3.044522437723423,5.493020290230397,0.0,0,0.0,0.029869347779223863,-3.4805979587608484,True
458,대조,0,3.0,20.0,308.93,15473.0,0.0,0.0,0.0,0.0,1,0.0,0.0,0.0,71.36,8.0,3.0,0,1,3.0,3.044522437723423,5.736346465529464,0.0,0,0.0,0.03806791623618405,-3.229572015341127,True
459,대조,0,14.0,11.0,263.05,54.0,0.0,0.0,0.0,0.0,0,0.0,0.0,0.0,48.03,5.0,14.0,0,1,14.0,2.4849066497880004,5.5761384791529425,0.0,0,0.0,0.031520195095942775,-3.4250991761352356,True
462,대조,0,7.0,9.0,101.62,49.0,0.0,0.0,0.0,0.0,1,0.0,0.0,0.0,103.97,4.0,7.0,0,1,7.0,2.302585092994046,4.631032845513819,0.0,0,0.0,0.011487837408783248,-4.4549120875526595,True
469,대조,0,2.0,17.0,586.5600000000001,251.0,0.0,0.0,0.0,1.0,1,0.0,0.0,0.0,525.69,12.0,2.0,0,1,2.0,2.8903717578961645,6.3759783684632145,0.0,0,1.0,0.06477550847724006,-2.6698590220382448,True
472,대조,0,8.0,13.0,1224.82,432.0,0.0,0.0,0.0,0.0,0,0.0,0.0,0.0,271.08,4.0,8.0,0,1,8.0,2.6390573296152584,7.111365286793876,0.0,0,0.0,0.12952251319832825,-1.9051871833765075,True
473,대조,0,8.0,8.0,335.53,32080.0,0.0,0.0,0.0,0.0,1,0.0,0.0,0.0,142.37,5.0,8.0,0,1,8.0,2.1972245773362196,5.818687298156949,0.0,0,0.0,0.037871945625528,-3.234936937435128,True
475,대조,0,16.0,5.0,289.21,152.0,0.0,0.0,0.0,0.0,0,0.0,0.0,0.0,105.49000000000001,5.0,16.0,0,1,16.0,1.791759469228055,5.670604798850187,0.0,0,0.0,0.031234176117139047,-3.43451003117966,True
476,대조,0,,0.0,0.0,0.0,0.0,0.0,0.0,0.0,0,0.0,0.0,0.0,247.06,4.0,90.0,0,1,90.0,0.0,0.0,0.0,0,0.0,0.00020864688520603287,-8.474658610703141,False
479,대조,0,9.0,15.0,108.12,49.0,0.0,0.0,0.0,0.0,0,0.0,0.0,0.0,101.76,3.0,9.0,0,1,9.0,2.772588722239781,4.692448194095152,0.0,0,0.0,0.012639594674040178,-4.358200803810185,True
480,대조,0,2.0,4.0,46.22,12.0,0.0,0.0,0.0,3.0,0,0.0,0.0,0.0,296.79,5.0,2.0,0,1,2.0,1.6094379124341003,3.8548175316573667,0.0,0,3.0,0.0032499189288752424,-5.725870016527875,False
481,대조,0,27.0,4.0,217.13,104.0,0.0,0.0,0.0,1.0,0,0.0,0.0,0.0,0.0,0.0,27.0,0,0,27.0,1.6094379124341003,5.385091215330075,0.0,0,1.0,0.02544447003259132,-3.6454830684937316,True
482,대조,0,1.0,11.0,275.85,138.0,0.0,0.0,0.0,0.0,0,0.0,0.0,0.0,58.88,4.0,1.0,0,1,1.0,2.4849066497880004,5.623475843268976,0.0,0,0.0,0.027082686813087925,-3.5814044365264195,True
483,대조,0,1.0,14.0,247.59,123.0,0.0,0.0,0.0,1.0,1,0.0,0.0,0.0,9.26,3.0,1.0,0,1,1.0,2.70805020110221,5.515804953006089,0.0,0,1.0,0.026353618512956232,-3.609442589170463,True
484,대조,0,11.0,19.0,365.99,164.0,0.0,0.0,0.0,0.0,1,0.0,0.0,0.0,178.05,9.0,11.0,0,1,11.0,2.995732273553991,5.905334599726935,0.0,0,0.0,0.050271403526349345,-2.938739858780529,True
485,대조,0,2.0,27.0,811.89,117237.0,0.0,0.0,0.0,0.0,1,0.0,0.0,0.0,65.95,5.0,2.0,0,1,2.0,3.332204510175204,6.700595799040744,0.0,0,0.0,0.1003683940277958,-2.1931379956521377,True
490,대조,0,4.0,11.0,608.16,507.0,0.0,0.0,0.0,2.0,1,0.0,0.0,0.0,203.69,3.0,4.0,0,1,4.0,2.4849066497880004,6.41208095898349,0.0,0,2.0,0.06090379154586618,-2.735622501046687,True
495,대조,0,3.0,16.0,661.6,283.0,0.0,0.0,0.0,2.0,0,0.0,0.0,0.0,102.99,6.0,3.0,0,1,3.0,2.833213344056216,6.496171489865795,0.0,0,2.0,0.06373513698615112,-2.687162398212927,True
498,대조,0,5.0,3.0,112.47,49.0,0.0,0.0,0.0,0.0,0,0.0,0.0,0.0,316.39,14.0,5.0,0,1,5.0,1.3862943611198906,4.731538484802898,0.0,0,0.0,0.009397712785709632,-4.657846790070099,True
502,대조,0,6.0,7.0,192.47,82.0,0.0,0.0,0.0,0.0,0,0.0,0.0,0.0,44.67,2.0,6.0,0,1,6.0,2.0794415416798357,5.265122461690396,0.0,0,0.0,0.01883226876054985,-3.953171602908573,True
507,대조,0,3.0,7.0,289.12,14122.0,0.0,0.0,0.0,0.0,0,0.0,0.0,0.0,13.760000000000002,3.0,3.0,0,1,3.0,2.0794415416798357,5.670294630495212,0.0,0,0.0,0.02705335098203891,-3.582518370595613,True
508,대조,0,12.0,7.0,239.2,65.0,0.0,0.0,0.0,0.0,0,0.0,0.0,0.0,0.0,0.0,12.0,0,0,12.0,2.0794415416798357,5.481471909645883,0.0,0,0.0,0.025698309818937243,-3.6352957752558996,True
511,대조,0,1.0,41.0,800.63,42075.0,0.0,0.0,0.0,2.0,0,0.0,0.0,0.0,384.85,25.0,1.0,0,1,1.0,3.7376696182833684,6.6866471547799975,0.0,0,2.0,0.08773633395291437,-2.3415929440094176,True
514,대조,0,2.0,9.0,375.83,199.0,0.0,0.0,0.0,0.0,0,0.0,0.0,0.0,155.19,4.0,2.0,0,1,2.0,2.302585092994046,5.931794157367271,0.0,0,0.0,0.036125550788863876,-3.2839606536541996,True
515,대조,0,8.0,15.0,664.05,380.0,0.0,0.0,0.0,0.0,0,0.0,0.0,0.0,56.29,3.0,8.0,0,1,8.0,2.772588722239781,6.499862225799305,0.0,0,0.0,0.07520368071137054,-2.5093733425142997,True
518,대조,0,6.0,17.0,389.04,172.0,0.0,0.0,0.0,0.0,1,0.0,0.0,0.0,341.52,16.0,6.0,0,1,6.0,2.8903717578961645,5.966249297966918,0.0,0,0.0,0.04852939648862659,-2.9758390638695156,True
519,대조,0,24.0,5.0,112.53,50.0,0.0,0.0,0.0,1.0,0,0.0,0.0,0.0,63.44,2.0,24.0,0,1,24.0,1.791759469228055,4.732067119176442,0.0,0,1.0,0.01299512713620104,-4.330100524950442,True
520,대조,0,17.0,11.0,223.35,134.0,0.0,0.0,0.0,0.0,0,0.0,0.0,0.0,52.26,4.0,17.0,0,1,17.0,2.4849066497880004,5.413207332421992,0.0,0,0.0,0.028035547966095684,-3.5458459566399974,True
523,대조,0,3.0,3.0,134.34,66.0,0.0,0.0,0.0,0.0,1,0.0,0.0,0.0,127.01,4.0,3.0,0,1,3.0,1.3862943611198906,4.90779013080408,0.0,0,0.0,0.01194403624744226,-4.415507244603145,True
527,대조,0,2.0,15.0,617.08,259.0,0.0,0.0,0.0,0.0,1,0.0,0.0,0.0,274.01,9.0,2.0,0,1,2.0,2.772588722239781,6.426617898917971,0.0,0,0.0,0.06994432080145765,-2.587544946045842,True
530,대조,0,33.0,6.0,129.10999999999999,40.0,0.0,0.0,0.0,0.0,0,0.0,0.0,0.0,190.81,4.0,33.0,0,1,33.0,1.9459101490553132,4.868380246515384,0.0,0,0.0,0.01865016004697824,-3.9630742839830795,True
533,대조,0,17.0,13.0,525.02,300.0,0.0,0.0,0.0,1.0,0,0.0,0.0,0.0,67.67,1.0,17.0,0,1,17.0,2.6390573296152584,6.2653392348285495,0.0,0,1.0,0.06359229874988791,-2.6895585857235966,True
537,대조,0,30.0,7.0,414.85,165.0,0.0,0.0,0.0,0.0,0,0.0,0.0,0.0,62.93,1.0,30.0,0,1,30.0,2.0794415416798357,6.030324618314697,0.0,0,0.0,0.058138261345124946,-2.7850344994932796,True
538,대조,0,24.0,5.0,418.45,165.0,0.0,0.0,0.0,0.0,0,0.0,0.0,0.0,215.29,4.0,24.0,0,1,24.0,1.791759469228055,6.0389443292923035,0.0,0,0.0,0.05077342232384488,-2.928274489174658,True
540,대조,0,2.0,9.0,291.75,108.0,0.0,0.0,0.0,0.0,1,0.0,0.0,0.0,69.81,3.0,2.0,0,1,2.0,2.302585092994046,5.679319002477826,0.0,0,0.0,0.030698724407978346,-3.452354373989505,True
541,대조,0,16.0,7.0,181.25,91.0,0.0,0.0,0.0,0.0,0,0.0,0.0,0.0,131.08,5.0,16.0,0,1,16.0,2.0794415416798357,5.2053793708887675,0.0,0,0.0,0.020693910660461275,-3.857004762758317,True
542,대조,0,1.0,18.0,318.3,21157.0,1.0,2.19,0.0,0.0,1,0.0,0.0,0.0,121.33,6.0,1.0,0,1,1.0,2.9444389791664403,5.766131099720736,0.006880301602262016,0,0.0,0.04068532254412103,-3.16035174992379,True
543,대조,0,2.0,12.0,462.3,252.0,0.0,0.0,0.0,0.0,1,0.0,0.0,0.0,134.41,4.0,2.0,0,1,2.0,2.5649493574615367,6.138374792422603,0.0,0,0.0,0.050864986657890535,-2.926376255613685,True
544,대조,0,2.0,60.0,442.34000000000003,14181.0,0.0,0.0,0.0,0.0,0,0.0,0.0,0.0,67.89,4.0,2.0,0,1,2.0,4.110873864173311,6.094336970028611,0.0,0,0.0,0.059796683774120785,-2.7551459415966,True
545,대조,0,7.0,7.0,337.96,210.0,0.0,0.0,0.0,0.0,0,0.0,0.0,0.0,150.99,3.0,7.0,0,1,7.0,2.0794415416798357,5.8258821063183035,0.0,0,0.0,0.033605339251846916,-3.358887341627345,True
546,대조,0,7.0,17.0,458.74,38382.0,0.0,0.0,0.0,0.0,1,0.0,0.0,0.0,143.1,6.0,7.0,0,1,7.0,2.8903717578961645,6.130661112296271,0.0,0,0.0,0.057842721732778456,-2.7904445897259382,True
548,대조,0,6.0,13.0,917.6,378.0,0.0,0.0,0.0,0.0,1,0.0,0.0,0.0,271.88,4.0,6.0,0,1,6.0,2.6390573296152584,6.8228507718916935,0.0,0,0.0,0.10505100134821437,-2.1423207725484152,True
549,대조,0,26.0,5.0,149.3,65.0,0.0,0.0,0.0,0.0,0,0.0,0.0,0.0,0.0,0.0,26.0,0,0,26.0,1.791759469228055,5.012633296758929,0.0,0,0.0,0.018789259953635916,-3.9555018306204315,True
558,대조,0,1.0,19.0,511.44,237.0,0.0,0.0,0.0,0.0,0,0.0,0.0,0.0,39.37,5.0,1.0,0,1,1.0,2.995732273553991,6.239183630988233,0.0,0,0.0,0.05498202096605772,-2.8441977124799385,True
560,대조,0,1.0,35.0,744.54,17298.0,0.0,0.0,0.0,2.0,1,0.0,0.0,0.0,275.0,15.0,1.0,0,1,1.0,3.58351893845611,6.6141087880303235,0.0,0,2.0,0.08665800474572449,-2.355141002413162,True
562,대조,0,4.0,11.0,437.89,21000.0,0.0,0.0,0.0,1.0,0,0.0,0.0,0.0,25.0,1.0,4.0,0,1,4.0,2.4849066497880004,6.084248812201313,0.0,0,1.0,0.04260253088377418,-3.1123049715303495,True
563,대조,0,5.0,13.0,553.0600000000001,33268.0,0.0,0.0,0.0,0.0,0,0.0,0.0,0.0,349.08,12.0,5.0,0,1,5.0,2.6390573296152584,6.317272984132008,0.0,0,0.0,0.05887010715513489,-2.7717477238509085,True
566,대조,0,8.0,13.0,129.09,15854.0,0.0,0.0,0.0,0.0,0,0.0,0.0,0.0,81.83,7.0,8.0,0,1,8.0,2.6390573296152584,4.868226518613468,0.0,0,0.0,0.014495614567454622,-4.219307416482382,True
567,대조,0,1.0,33.0,301.45,189.0,0.0,0.0,0.0,1.0,1,0.0,0.0,0.0,131.19,10.0,1.0,0,1,1.0,3.5263605246161616,5.711915974552923,0.0,0,1.0,0.0375538092423773,-3.2437033412904515,True
570,대조,0,42.0,3.0,116.83,56.0,0.0,0.0,0.0,0.0,0,0.0,0.0,0.0,41.83,2.0,42.0,0,1,42.0,1.3862943611198906,4.769242907725249,0.0,0,0.0,0.017376835572313842,-4.035087663762261,True
572,대조,0,,0.0,0.0,0.0,0.0,0.0,0.0,2.0,0,0.0,0.0,0.0,0.0,0.0,90.0,0,0,90.0,0.0,0.0,0.0,0,2.0,0.00018744322370752906,-8.581847104508867,False
573,대조,0,1.0,21.0,468.15000000000003,219.0,1.0,2.5,0.0,0.0,0,0.0,0.0,0.0,319.17,9.0,1.0,0,1,1.0,3.091042453358316,6.150922546736059,0.005340168749332478,0,0.0,0.05487121733710797,-2.8463322594928906,True
574,처치,1,1.0,15.0,874.04,14194.0,6.0,45.56,0.0,0.0,1,0.0,0.0,0.0,436.11,7.0,1.0,0,1,1.0,2.772588722239781,6.774269599598463,0.05212576083474441,0,0.0,0.1732858017186816,-1.5625167823107358,True
575,대조,0,2.0,50.0,1734.3,26707.0,0.0,0.0,0.0,3.0,1,0.0,0.0,0.0,686.67,20.0,2.0,0,1,2.0,3.9318256327243257,7.458935588096458,0.0,0,3.0,0.18971924406853524,-1.4518354833284466,True
577,대조,0,1.0,8.0,581.36,256.0,0.0,0.0,0.0,0.0,0,0.0,0.0,0.0,46.63,1.0,1.0,0,1,1.0,2.1972245773362196,6.367088813205125,0.0,0,0.0,0.05356974050838462,-2.871712919502824,True
578,대조,0,2.0,13.0,395.53,163.0,0.0,0.0,0.0,1.0,1,0.0,0.0,0.0,84.55,8.0,2.0,0,1,2.0,2.6390573296152584,5.98275170025555,0.0,0,1.0,0.04205878217104866,-3.125718201536725,True
580,대조,0,3.0,15.0,178.67000000000002,54.0,0.0,0.0,0.0,0.0,0,0.0,0.0,0.0,77.84,5.0,3.0,0,1,3.0,2.772588722239781,5.1911218349444805,0.0,0,0.0,0.01910664645230466,-3.9384274853588477,True
581,대조,0,3.0,22.0,635.54,347.0,0.0,0.0,0.0,0.0,0,0.0,0.0,0.0,181.83,8.0,3.0,0,1,3.0,3.1354942159291497,6.456047259699235,0.0,0,0.0,0.07169095382007024,-2.5610001286850945,True
582,대조,0,2.0,15.0,484.22,170.0,0.0,0.0,0.0,0.0,1,0.0,0.0,0.0,397.43,10.0,2.0,0,1,2.0,2.772588722239781,6.1846023963357855,0.0,0,0.0,0.05534576952018015,-2.8372187420656165,True
584,대조,0,8.0,7.0,135.74,6346.0,0.0,0.0,0.0,0.0,0,0.0,0.0,0.0,0.0,0.0,8.0,0,0,8.0,2.0794415416798357,4.918081312485648,0.0,0,0.0,0.013658583978678708,-4.279634371494083,True
586,처치,1,1.0,36.0,993.15,45521.0,5.0,12.27,0.0,0.0,1,3.36,8.0,7.0,268.27,7.0,1.0,1,1,1.0,3.6109179126442243,6.90188810070409,0.01235462921008911,0,0.0,0.1438205862679519,-1.7839133555942805,True
588,처치,1,5.0,53.0,1607.75,295163.0,6.0,61.94,3.0,1.0,1,44.57,3.0,3.0,593.54,18.0,5.0,1,1,5.0,3.9889840465642745,7.383212758910337,0.03852589021925051,1,1.0,0.521397098196423,0.08564069751213355,True
594,대조,0,14.0,10.0,469.1,206.0,0.0,0.0,0.0,0.0,0,0.0,0.0,0.0,0.0,0.0,14.0,0,0,14.0,2.3978952727983707,6.152945438030085,0.0,0,0.0,0.05481500755964387,-2.8474166504931055,True
595,처치,1,11.0,20.0,356.28000000000003,181.0,0.0,0.0,0.0,0.0,1,0.0,0.0,0.0,346.48,18.0,11.0,0,1,11.0,3.044522437723423,5.878519788091848,0.0,0,0.0,0.049422709813818154,-2.9566594425271355,True
596,대조,0,8.0,19.0,505.04,192.0,0.0,0.0,0.0,0.0,1,0.0,0.0,0.0,170.66,6.0,8.0,0,1,8.0,2.995732273553991,6.226615717546469,0.0,0,0.0,0.06570407291818749,-2.654632310227934,True
597,대조,0,15.0,11.0,667.54,375.0,0.0,0.0,0.0,0.0,1,0.0,0.0,0.0,234.33,6.0,15.0,0,1,15.0,2.4849066497880004,6.505096230204434,0.0,0,0.0,0.08636135003833952,-2.3588949049258043,True
601,대조,0,11.0,10.0,923.05,14224.0,0.0,0.0,0.0,1.0,1,0.0,0.0,0.0,259.34000000000003,5.0,11.0,0,1,11.0,2.3978952727983707,6.828766182731766,0.0,0,1.0,0.10348632903438763,-2.159074024836462,True
603,대조,0,7.0,13.0,182.32,17289.0,0.0,0.0,0.0,2.0,0,0.0,0.0,0.0,31.5,3.0,7.0,0,1,7.0,2.6390573296152584,5.211233259640923,0.0,0,2.0,0.018191976101203332,-3.988415170922245,True
604,대조,0,2.0,3.0,164.70000000000002,66.0,0.0,0.0,0.0,1.0,0,0.0,0.0,0.0,94.03999999999999,2.0,2.0,0,1,2.0,1.3862943611198906,5.1101789244325175,0.0,0,1.0,0.012515918050108486,-4.368159098926122,True
605,처치,1,1.0,26.0,1053.61,106812.0,4.0,18.34,0.0,0.0,1,17.79,15.0,15.0,250.60999999999999,6.0,1.0,1,1,1.0,3.295836866004329,6.9609263093195715,0.01740682036047494,0,0.0,0.15189508506227284,-1.7198142959100793,True
606,대조,0,2.0,14.0,515.63,10198.0,0.0,0.0,0.0,0.0,1,0.0,0.0,0.0,292.51,7.0,2.0,0,1,2.0,2.70805020110221,6.247326950984918,0.0,0,0.0,0.05811835139118871,-2.7853981555663005,True
607,대조,0,1.0,24.0,724.07,11323.0,0.0,0.0,0.0,0.0,1,0.0,0.0,0.0,6.0,1.0,1.0,0,1,1.0,3.2188758248682006,6.586268201917995,0.0,0,0.0,0.08710584456177306,-2.3494959600080274,True
608,처치,1,3.0,31.0,782.0600000000001,322.0,3.0,31.77,0.0,0.0,1,0.0,0.0,0.0,173.65,10.0,3.0,0,1,3.0,3.4657359027997265,6.663209321407491,0.04062348157430376,0,0.0,0.160080132747704,-1.6576319716249854,True
609,대조,0,18.0,11.0,118.56,54.0,0.0,0.0,0.0,2.0,1,0.0,0.0,0.0,111.68,6.0,18.0,0,1,18.0,2.4849066497880004,4.783818337415737,0.0,0,2.0,0.014854463959730231,-4.194488959157525,True
612,대조,0,11.0,21.0,643.57,14369.0,1.0,4.99,0.0,0.0,0,0.0,0.0,0.0,154.14000000000001,5.0,11.0,0,1,11.0,3.091042453358316,6.468583427808069,0.007753624314371397,0,0.0,0.08873052250312759,-2.3292347180604813,True
614,대조,0,2.0,19.0,451.57,227.0,0.0,0.0,0.0,0.0,1,0.0,0.0,0.0,131.69,9.0,2.0,0,1,2.0,2.995732273553991,6.114942447308365,0.0,0,0.0,0.05393561499487313,-2.8645196067134178,True
618,대조,0,1.0,98.0,1649.73,202139.0,0.0,0.0,0.0,0.0,0,0.0,0.0,0.0,737.82,42.0,1.0,0,1,1.0,4.59511985013459,7.408972893296302,0.0,0,0.0,0.21115414532268226,-1.3179825204864033,True
621,대조,0,2.0,12.0,355.12,121.0,0.0,0.0,0.0,0.0,1,0.0,0.0,0.0,90.92,5.0,2.0,0,1,2.0,2.5649493574615367,5.87526775270547,0.0,0,0.0,0.039248257098610406,-3.197809005436784,True
624,대조,0,1.0,12.0,705.22,36073.0,0.0,0.0,0.0,2.0,1,0.0,0.0,0.0,225.58,4.0,1.0,0,1,1.0,2.5649493574615367,6.559926803682334,0.0,0,2.0,0.06821400535664342,-2.6144532679355645,True
631,대조,0,3.0,58.0,897.92,81317.0,0.0,0.0,0.0,2.0,1,0.0,0.0,0.0,382.76,18.0,3.0,0,1,3.0,4.07753744390572,6.801194042747792,0.0,0,2.0,0.11589241225410521,-2.031916480664949,True
632,대조,0,8.0,10.0,315.37,124.0,0.0,0.0,0.0,0.0,0,0.0,0.0,0.0,43.29,2.0,8.0,0,1,8.0,2.3978952727983707,5.756912414710375,0.0,0,0.0,0.03387349519509778,-3.3506619270650937,True
633,대조,0,2.0,32.0,849.13,55999.0,2.0,23.96,0.0,0.0,0,0.0,0.0,0.0,215.68,10.0,2.0,0,1,2.0,3.4965075614664802,6.745389278966523,0.028217116342609497,0,0.0,0.13741648256723668,-1.8369156429699143,True
634,대조,0,1.0,18.0,703.9300000000001,315.0,1.0,7.99,0.0,0.0,0,0.0,0.0,0.0,217.84,3.0,1.0,0,1,1.0,2.9444389791664403,6.558098507102471,0.011350560425042263,0,0.0,0.0849517662816778,-2.3768931384155856,True
635,대조,0,68.0,2.0,15.43,10.0,0.0,0.0,0.0,1.0,0,0.0,0.0,0.0,0.0,0.0,68.0,0,0,68.0,1.0986122886681098,2.799108932049177,0.0,0,1.0,0.003115238315451317,-5.7683295231348435,False
636,처치,1,8.0,38.0,1412.7,55668.0,3.0,1.26,0.0,0.0,0,0.0,0.0,0.0,743.85,13.0,8.0,0,1,8.0,3.6635616461296463,7.2539656598729865,0.0008919091102144829,0,0.0,0.1762735778144581,-1.541801255291437,True
638,대조,0,1.0,30.0,1397.6100000000001,154266.0,0.0,0.0,0.0,0.0,0,0.0,0.0,0.0,237.56,2.0,1.0,0,1,1.0,3.4339872044851463,7.243234165251355,0.0,0,0.0,0.15176138991307078,-1.7208524918207717,True
639,대조,0,2.0,6.0,112.17,57.0,0.0,0.0,0.0,0.0,0,0.0,0.0,0.0,72.67,5.0,2.0,0,1,2.0,1.9459101490553132,4.72889111297785,0.0,0,0.0,0.009989720429914285,-4.596158719203546,True
640,대조,0,4.0,14.0,391.34,4655.0,0.0,0.0,0.0,0.0,0,0.0,0.0,0.0,20.849999999999998,2.0,4.0,0,1,4.0,2.70805020110221,5.972128810801239,0.0,0,0.0,0.041894022510692866,-3.129815239628135,True
646,대조,0,8.0,4.0,112.19,8488.0,0.0,0.0,0.0,0.0,0,0.0,0.0,0.0,97.64,1.0,8.0,0,1,8.0,1.6094379124341003,4.729067822644328,0.0,0,0.0,0.010267083609250086,-4.5684921135302,True
650,대조,0,9.0,11.0,190.05,85.0,0.0,0.0,0.0,2.0,0,0.0,0.0,0.0,137.09,3.0,9.0,0,1,9.0,2.4849066497880004,5.252535173892909,0.0,0,2.0,0.018983274014062485,-3.9450312329424584,True
654,대조,0,5.0,15.0,247.37,124.0,0.0,0.0,0.0,2.0,0,0.0,0.0,0.0,191.71,12.0,5.0,0,1,5.0,2.772588722239781,5.514919569818824,0.0,0,2.0,0.024602141323898326,-3.680011963107566,True
656,대조,0,2.0,14.0,854.21,394.0,0.0,0.0,0.0,0.0,0,0.0,0.0,0.0,284.81,4.0,2.0,0,1,2.0,2.70805020110221,6.751347052813659,0.0,0,0.0,0.08647150373210932,-2.3574996468937304,True
662,대조,0,6.0,3.0,103.45,31.0,0.0,0.0,0.0,0.0,0,0.0,0.0,0.0,25.37,1.0,6.0,0,1,6.0,1.3862943611198906,4.648708488002574,0.0,0,0.0,0.008770799704435828,-4.727517800826968,True
663,대조,0,9.0,14.0,443.03000000000003,285.0,0.0,0.0,0.0,0.0,0,0.0,0.0,0.0,223.01,8.0,9.0,0,1,9.0,2.70805020110221,6.095892127717207,0.0,0,0.0,0.05101683587792255,-2.923235364299773,True
665,대조,0,13.0,4.0,53.74,21.0,0.0,0.0,0.0,1.0,0,0.0,0.0,0.0,0.0,0.0,13.0,0,0,13.0,1.6094379124341003,4.002594703612533,0.0,0,1.0,0.005003270536429559,-5.292647644296821,False
670,대조,0,3.0,18.0,615.88,25462.0,0.0,0.0,0.0,2.0,1,0.0,0.0,0.0,195.18,11.0,3.0,0,1,3.0,2.9444389791664403,6.424674515524705,0.0,0,2.0,0.06619649441348334,-2.646638529576568,True
671,대조,0,7.0,9.0,481.64,36231.0,0.0,0.0,0.0,0.0,1,0.0,0.0,0.0,530.88,8.0,7.0,0,1,7.0,2.302585092994046,6.179271034132507,0.0,0,0.0,0.054285594041873164,-2.857681738377249,True
672,대조,0,3.0,13.0,197.13,123.0,0.0,0.0,0.0,0.0,1,0.0,0.0,0.0,54.72,4.0,3.0,0,1,3.0,2.6390573296152584,5.2889233809061675,0.0,0,0.0,0.022485826701799494,-3.772127604932008,True
674,대조,0,1.0,17.0,693.22,301.0,0.0,0.0,0.0,2.0,0,0.0,0.0,0.0,197.23,6.0,1.0,0,1,1.0,2.8903717578961645,6.542788913153852,0.0,0,2.0,0.06542331703458926,-2.6592149567745027,True
675,대조,0,1.0,34.0,722.87,34937.0,0.0,0.0,0.0,0.0,1,0.0,0.0,0.0,209.91,14.0,1.0,0,1,1.0,3.5553480614894135,6.584611818252197,0.0,0,0.0,0.09245603272716034,-2.2840088041023057,True
679,대조,0,2.0,44.0,647.04,247.0,0.0,0.0,0.0,1.0,0,0.0,0.0,0.0,397.99,13.0,2.0,0,1,2.0,3.8066624897703196,6.473952422842217,0.0,0,1.0,0.07742453338492668,-2.477865480028321,True
680,대조,0,1.0,10.0,595.15,376.0,0.0,0.0,0.0,0.0,1,0.0,0.0,0.0,124.98,3.0,1.0,0,1,1.0,2.3978952727983707,6.390492313252141,0.0,0,0.0,0.062069406461641455,-2.7154227341961885,True
682,대조,0,24.0,1.0,30.35,12757.0,0.0,0.0,0.0,2.0,1,0.0,0.0,0.0,40.88,2.0,24.0,0,1,24.0,0.6931471805599453,3.4452142670789296,0.0,0,2.0,0.0029044611415143216,-5.838598712065073,False
685,대조,0,26.0,16.0,537.13,11899.0,0.0,0.0,0.0,0.0,1,0.0,0.0,0.0,255.68,8.0,26.0,0,1,26.0,2.833213344056216,6.288100166660316,0.0,0,0.0,0.08789455888407983,-2.339617697079922,True
687,대조,0,3.0,6.0,566.38,252.0,0.0,0.0,0.0,1.0,0,0.0,0.0,0.0,0.0,0.0,3.0,0,0,3.0,1.9459101490553132,6.34102927325157,0.0,0,1.0,0.04876164792824242,-2.9708205634699265,True
688,대조,0,6.0,8.0,848.67,278.0,0.0,0.0,0.0,0.0,1,0.0,0.0,0.0,465.5,3.0,6.0,0,1,6.0,2.1972245773362196,6.744848038807411,0.0,0,0.0,0.09021365169855095,-2.3110290250346233,True
691,대조,0,4.0,6.0,363.06,148.0,0.0,0.0,0.0,2.0,0,0.0,0.0,0.0,180.41,3.0,4.0,0,1,4.0,1.9459101490553132,5.8973186892177525,0.0,0,2.0,0.030283931825035727,-3.4663860463759057,True
692,대조,0,1.0,22.0,550.58,29678.0,0.0,0.0,0.0,0.0,1,0.0,0.0,0.0,265.66,10.0,1.0,0,1,1.0,3.1354942159291497,6.3127868871037185,0.0,0,0.0,0.06609490360847389,-2.648283180555219,True
694,대조,0,5.0,7.0,92.23,32.0,0.0,0.0,0.0,0.0,0,0.0,0.0,0.0,92.59,5.0,5.0,0,1,5.0,2.0794415416798357,4.535069558308602,0.0,0,0.0,0.008817972696839982,-4.722106207257337,True
696,대조,0,3.0,54.0,2201.2400000000002,152790.0,0.0,0.0,0.0,0.0,1,0.0,0.0,0.0,979.77,18.0,3.0,0,1,3.0,4.007333185232471,7.697230303169061,0.0,0,0.0,0.2661278451393547,-1.0143580233598035,True
697,대조,0,9.0,15.0,447.0,16477.0,0.0,0.0,0.0,0.0,0,0.0,0.0,0.0,95.23,3.0,9.0,0,1,9.0,2.772588722239781,6.104793232414985,0.0,0,0.0,0.052096063134010016,-2.901163782443099,True
698,대조,0,22.0,12.0,44.22,4191.0,0.0,0.0,0.0,2.0,0,0.0,0.0,0.0,0.0,0.0,22.0,0,0,22.0,2.5649493574615367,3.811539466849824,0.0,0,2.0,0.005429305969388515,-5.210499869097713,False
699,대조,0,2.0,16.0,1196.74,70090.0,0.0,0.0,1.0,1.0,1,0.0,0.0,0.0,694.16,14.0,2.0,0,1,2.0,2.833213344056216,7.0881917267406935,0.0,1,1.0,0.26873510926909516,-1.0010495911954067,True
700,대조,0,22.0,10.0,1046.23,481.0,0.0,0.0,0.0,1.0,0,0.0,0.0,0.0,0.0,0.0,22.0,0,0,22.0,2.3978952727983707,6.953903862008115,0.0,0,1.0,0.12472063972586514,-1.9484667502539634,True
702,대조,0,3.0,53.0,1461.74,62384.0,0.0,0.0,0.0,0.0,0,0.0,0.0,0.0,556.32,20.0,3.0,0,1,3.0,3.9889840465642745,7.288066668206762,0.0,0,0.0,0.17767139579158653,-1.5322043238760532,True
703,대조,0,2.0,37.0,975.48,154738.0,0.0,0.0,0.0,0.0,0,0.0,0.0,0.0,506.85,10.0,2.0,0,1,2.0,3.6375861597263857,6.8839542687961846,0.0,0,0.0,0.11557059531220205,-2.0350611385372437,True
705,대조,0,5.0,9.0,189.2,95.0,1.0,2.19,0.0,0.0,0,0.0,0.0,0.0,90.69,7.0,5.0,0,1,5.0,2.302585092994046,5.24807615011129,0.011575052854122622,0,0.0,0.02208564062555473,-3.7904944472011595,True
706,대조,0,11.0,12.0,390.14,143.0,0.0,0.0,0.0,2.0,1,0.0,0.0,0.0,414.86,9.0,11.0,0,1,11.0,2.5649493574615367,5.969065552164503,0.0,0,2.0,0.04452272731892516,-3.066211192547116,True
707,대조,0,3.0,70.0,3118.93,276977.0,0.0,0.0,0.0,0.0,1,0.0,0.0,0.0,887.28,25.0,3.0,0,1,3.0,4.2626798770413155,8.045565844654403,0.0,0,0.0,0.35342789697966276,-0.6040052246614801,True
708,대조,0,23.0,8.0,304.72,127.0,0.0,0.0,0.0,1.0,1,0.0,0.0,0.0,267.87,4.0,23.0,0,1,23.0,2.1972245773362196,5.722669650374684,0.0,0,1.0,0.04105635981502772,-3.1508865513969573,True
710,대조,0,3.0,22.0,391.81,209.0,0.0,0.0,0.0,2.0,0,0.0,0.0,0.0,299.94,12.0,3.0,0,1,3.0,3.1354942159291497,5.973326034404727,0.0,0,2.0,0.04045826010549904,-3.166184988230525,True
712,대조,0,5.0,31.0,1367.14,7322.0,0.0,0.0,2.0,3.0,1,0.0,0.0,0.0,671.41,20.0,5.0,0,1,5.0,3.4657359027997265,7.2212074321274855,0.0,1,3.0,0.3105918577011168,-0.7973537690874436,True
714,대조,0,1.0,39.0,401.03000000000003,214.0,1.0,8.99,0.0,1.0,1,0.0,0.0,0.0,164.58,16.0,1.0,0,1,1.0,3.6888794541139363,5.996526712700247,0.022417275515547463,0,1.0,0.06759321923519755,-2.6242615086664975,True
715,대조,0,2.0,15.0,367.2,6935.0,0.0,0.0,0.0,0.0,1,0.0,0.0,0.0,96.04,7.0,2.0,0,1,2.0,2.772588722239781,5.908626268798978,0.0,0,0.0,0.04221176193118803,-3.121927806723791,True
716,대조,0,3.0,19.0,328.08,9864.0,0.0,0.0,0.0,0.0,1,0.0,0.0,0.0,131.82,10.0,3.0,0,1,3.0,2.995732273553991,5.79630088230073,0.0,0,0.0,0.040022649370130114,-3.1774641629726106,True
720,대조,0,14.0,10.0,207.03,54.0,0.0,0.0,0.0,1.0,0,0.0,0.0,0.0,113.32,4.0,14.0,0,1,14.0,2.3978952727983707,5.337682300070291,0.0,0,1.0,0.023156021953217653,-3.7420720700796952,True
722,처치,1,1.0,17.0,1048.3700000000001,27569.0,35.0,67.97,0.0,0.0,1,30.88,12.0,4.0,285.99,8.0,1.0,1,1,1.0,2.8903717578961645,6.955945263079537,0.06483398036952602,0,0.0,0.23410755383670143,-1.1852611086335916,True
725,대조,0,3.0,24.0,972.62,600.0,0.0,0.0,0.0,0.0,1,0.0,0.0,0.0,407.54,9.0,3.0,0,1,3.0,3.2188758248682006,6.8810210837795,0.0,0,0.0,0.11775580134774605,-2.013855886876904,True
726,대조,0,1.0,11.0,345.46000000000004,166.0,0.0,0.0,0.0,0.0,0,0.0,0.0,0.0,183.79,6.0,1.0,0,1,1.0,2.4849066497880004,5.847767371850795,0.0,0,0.0,0.0338946576225308,-3.3500154686354744,True
727,대조,0,1.0,13.0,595.47,275.0,0.0,0.0,0.0,0.0,0,0.0,0.0,0.0,322.53,3.0,1.0,0,1,1.0,2.6390573296152584,6.391028946895178,0.0,0,0.0,0.05959281111431119,-2.758778013225586,True
729,대조,0,10.0,4.0,309.75,131.0,0.0,0.0,0.0,0.0,0,0.0,0.0,0.0,8.98,1.0,10.0,0,1,10.0,1.6094379124341003,5.738988730390821,0.0,0,0.0,0.02945330548776208,-3.495053370852954,True
730,대조,0,4.0,13.0,167.89,65.0,0.0,0.0,0.0,1.0,0,0.0,0.0,0.0,53.85,5.0,4.0,0,1,4.0,2.6390573296152584,5.12924761542983,0.0,0,1.0,0.01684453423297696,-4.0667410357221385,True
733,대조,0,9.0,14.0,490.63,284.0,0.0,0.0,0.0,0.0,1,0.0,0.0,0.0,132.19,4.0,9.0,0,1,9.0,2.70805020110221,6.197726401053676,0.0,0,0.0,0.06145025031520655,-2.7261079549267904,True
734,대조,0,29.0,7.0,148.7,8478.0,0.0,0.0,0.0,0.0,0,0.0,0.0,0.0,149.62,11.0,29.0,0,1,29.0,2.0794415416798357,5.008633291425583,0.0,0,0.0,0.02073790620530658,-3.8548360792440346,True
737,대조,0,66.0,2.0,17.490000000000002,8.0,0.0,0.0,0.0,1.0,0,0.0,0.0,0.0,10.25,1.0,66.0,0,1,66.0,1.0986122886681098,2.9172300453990334,0.0,0,1.0,0.0034086289197356036,-5.67803069333447,False
741,대조,0,1.0,19.0,655.62,6483.0,0.0,0.0,0.0,0.0,1,8.99,1.0,1.0,212.68,6.0,1.0,1,1,1.0,2.995732273553991,6.48710546454877,0.0,0,0.0,0.07611375357076725,-2.496359975366591,True
743,대조,0,2.0,11.0,525.9,259.0,1.0,0.0,0.0,0.0,0,0.0,0.0,0.0,92.57,5.0,2.0,0,1,2.0,2.4849066497880004,6.26701077721524,0.0,0,0.0,0.052068328373300034,-2.9017255601058958,True
745,대조,0,2.0,26.0,1044.45,513.0,0.0,0.0,0.0,1.0,0,0.0,0.0,0.0,475.35,9.0,2.0,0,1,2.0,3.295836866004329,6.952202693717432,0.0,0,1.0,0.11041617151857949,-2.0864971406531865,True
747,대조,0,3.0,17.0,141.11,54.0,0.0,0.0,0.0,0.0,0,0.0,0.0,0.0,148.0,17.0,3.0,0,1,3.0,2.8903717578961645,4.95660140560377,0.0,0,0.0,0.015415489706427036,-4.156846906212323,True
748,대조,0,,0.0,0.0,0.0,0.0,0.0,0.0,0.0,1,0.0,0.0,0.0,63.89,3.0,90.0,0,1,90.0,0.0,0.0,0.0,0,0.0,0.0002287646778797536,-8.382587899424106,False
749,대조,0,3.0,19.0,444.32,207.0,0.0,0.0,0.0,0.0,0,0.0,0.0,0.0,67.99000000000001,7.0,3.0,0,1,3.0,2.995732273553991,6.0987931248605065,0.0,0,0.0,0.04938461436871176,-2.957470623570901,True
752,대조,0,10.0,22.0,935.15,147731.0,0.0,0.0,0.0,0.0,1,0.0,0.0,0.0,138.95,9.0,10.0,0,1,10.0,3.1354942159291497,6.841775720048162,0.0,0,0.0,0.12340918846714478,-1.9605347364563632,True
754,대조,0,4.0,5.0,333.11,154.0,1.0,5.49,0.0,1.0,0,0.0,0.0,0.0,25.41,1.0,4.0,0,1,4.0,1.791759469228055,5.811470280073118,0.01648104229833989,0,1.0,0.03501084713351369,-3.316458929147836,True
755,대조,0,2.0,62.0,2000.1399999999999,710914.0,0.0,0.0,0.0,3.0,1,0.0,0.0,0.0,641.01,13.0,2.0,0,1,2.0,4.143134726391533,7.601472297153787,0.0,0,3.0,0.22052863441990722,-1.2625884057102783,True
757,대조,0,17.0,4.0,235.93,10840.0,0.0,0.0,0.0,0.0,0,0.0,0.0,0.0,98.64,2.0,17.0,0,1,17.0,1.6094379124341003,5.467764738858386,0.0,0,0.0,0.024979582449835336,-3.6643996226768394,True
759,대조,0,26.0,2.0,26.22,7.0,0.0,0.0,0.0,1.0,0,0.0,0.0,0.0,49.61,1.0,26.0,0,1,26.0,1.0986122886681098,3.30395199722332,0.0,0,1.0,0.002704114216610555,-5.910273104884837,False
760,대조,0,5.0,14.0,413.95,164.0,0.0,0.0,0.0,1.0,0,0.0,0.0,0.0,101.21000000000001,3.0,5.0,0,1,5.0,2.70805020110221,6.028158031044457,0.0,0,1.0,0.042703705899057615,-3.109827245071838,True
763,대조,0,32.0,4.0,453.99,228.0,0.0,0.0,0.0,0.0,0,0.0,0.0,0.0,365.43,2.0,32.0,0,1,32.0,1.6094379124341003,6.120275440687452,0.0,0,0.0,0.05983073992024024,-2.7545403485996958,True
764,대조,0,2.0,13.0,394.97,18266.0,1.0,2.5,0.0,0.0,1,0.0,0.0,0.0,80.34,2.0,2.0,0,1,2.0,2.6390573296152584,5.981338450808973,0.006329594652758437,0,0.0,0.04784559019191515,-2.990748262162286,True
769,대조,0,49.0,5.0,99.63,56.0,0.0,0.0,0.0,0.0,0,0.0,0.0,0.0,128.32,3.0,49.0,0,1,49.0,1.791759469228055,4.611450423945242,0.0,0,0.0,0.01787283786971932,-4.006438670048689,True
771,대조,0,1.0,71.0,1122.76,633.0,0.0,0.0,0.0,1.0,1,0.0,0.0,0.0,465.86,31.0,1.0,0,1,1.0,4.276666119016055,7.024435484522654,0.0,0,1.0,0.1493371684828361,-1.7398092221600105,True
776,대조,0,28.0,9.0,631.41,373.0,0.0,0.0,0.0,1.0,0,0.0,0.0,0.0,42.17,3.0,28.0,0,1,28.0,2.302585092994046,6.44953791798702,0.0,0,1.0,0.08369679500228887,-2.3931466344529797,True
778,대조,0,8.0,8.0,274.13,2296.0,0.0,0.0,0.0,3.0,0,0.0,0.0,0.0,0.99,1.0,8.0,0,1,8.0,2.1972245773362196,5.617243713238962,0.0,0,3.0,0.0242306371962196,-3.6956084175807864,True
779,대조,0,1.0,9.0,399.82,143.0,1.0,10.59,0.0,0.0,1,0.0,0.0,0.0,82.46,3.0,1.0,0,1,1.0,2.302585092994046,5.993512448725283,0.02648691911360112,0,0.0,0.057466371041312574,-2.797371674022854,True
780,대조,0,2.0,11.0,62.92,36.0,0.0,0.0,0.0,0.0,0,0.0,0.0,0.0,25.98,4.0,2.0,0,1,2.0,2.4849066497880004,4.157632301458019,0.0,0,0.0,0.006194665582691825,-5.077852815036038,False
784,대조,0,4.0,13.0,358.61,17851.0,0.0,0.0,0.0,1.0,1,0.0,0.0,0.0,99.37,3.0,4.0,0,1,4.0,2.6390573296152584,5.885020110887118,0.0,0,1.0,0.03935498477166739,-3.194982305060628,True
785,대조,0,20.0,2.0,21.15,8.0,0.0,0.0,0.0,1.0,1,0.0,0.0,0.0,70.92,1.0,20.0,0,1,20.0,1.0986122886681098,3.0978374964911444,0.0,0,1.0,0.0021815855066503395,-6.125519401273634,False
786,대조,0,1.0,32.0,1571.62,497.0,0.0,0.0,0.0,0.0,1,0.0,0.0,0.0,428.46999999999997,8.0,1.0,0,1,1.0,3.4965075614664802,7.3604982972687365,0.0,0,0.0,0.18312438826745328,-1.4953211940007034,True
787,대조,0,1.0,29.0,419.25,135.0,0.0,0.0,0.0,0.0,1,0.0,0.0,0.0,184.66,13.0,1.0,0,1,1.0,3.4011973816621555,6.040849772288725,0.0,0,0.0,0.05336479407305327,-2.87576256723973,True
788,대조,0,5.0,50.0,1423.99,58510.0,0.0,0.0,0.0,2.0,1,1.26,3.0,2.0,360.06,23.0,5.0,1,1,5.0,3.9318256327243257,7.2619200751342685,0.0,0,2.0,0.17448755145936054,-1.5541509424912472,True
790,대조,0,8.0,7.0,293.48,111.0,0.0,0.0,0.0,0.0,1,0.0,0.0,0.0,251.09,6.0,8.0,0,1,8.0,2.0794415416798357,5.685211089070766,0.0,0,0.0,0.03241572219189171,-3.3961589720184078,True
793,대조,0,1.0,8.0,57.93,20.0,0.0,0.0,0.0,0.0,0,0.0,0.0,0.0,140.64000000000001,13.0,1.0,0,1,1.0,2.1972245773362196,4.076350298849822,0.0,0,0.0,0.005298920566234115,-5.23493913627612,False
795,대조,0,33.0,4.0,124.29,68.0,0.0,0.0,0.0,1.0,0,0.0,0.0,0.0,59.68,1.0,33.0,0,1,33.0,1.6094379124341003,4.830631050257462,0.0,0,1.0,0.01594073706506795,-4.122808209538941,True
800,처치,1,3.0,44.0,1378.2,587.0,1.0,3.19,0.0,0.0,1,0.0,0.0,0.0,351.16,12.0,3.0,0,1,3.0,3.8066624897703196,7.2292588999094285,0.0023146132636772602,0,0.0,0.18139532373958422,-1.5069225179262473,True
802,대조,0,12.0,9.0,168.14,42.0,0.0,0.0,0.0,0.0,1,0.0,0.0,0.0,54.53,2.0,12.0,0,1,12.0,2.302585092994046,5.130726774354076,0.0,0,0.0,0.02062308029189264,-3.8605057221121606,True
803,대조,0,13.0,7.0,222.78,93.0,0.0,0.0,0.0,1.0,1,0.0,0.0,0.0,29.22,2.0,13.0,0,1,13.0,2.0794415416798357,5.410663426379575,0.0,0,1.0,0.02523195233856939,-3.6540884015698367,True
805,대조,0,1.0,42.0,707.32,6820.0,0.0,0.0,0.0,2.0,0,0.0,0.0,0.0,299.0,14.0,1.0,0,1,1.0,3.7612001156935624,6.562895968983831,0.0,0,2.0,0.07838023987004084,-2.4645608777106554,True
806,대조,0,5.0,23.0,883.59,371.0,6.0,7.14,0.0,1.0,1,2.38,2.0,2.0,540.52,8.0,5.0,1,1,5.0,3.1780538303479458,6.785124260825903,0.008080670899399041,0,1.0,0.11534966896524733,-2.0372243459706585,True
807,대조,0,4.0,17.0,706.66,42065.0,0.0,0.0,0.0,0.0,0,0.0,0.0,0.0,458.61,8.0,4.0,0,1,4.0,2.8903717578961645,6.561963752359589,0.0,0,0.0,0.07692321326269405,-2.4849047296732856,True
808,대조,0,2.0,28.0,455.18,21064.0,0.0,0.0,0.0,0.0,1,0.0,0.0,0.0,116.93,10.0,2.0,0,1,2.0,3.367295829986474,6.1228874684684005,0.0,0,0.0,0.05829810210512291,-2.7821192290226793,True
812,대조,0,28.0,1.0,44.34,24.0,0.0,0.0,0.0,2.0,0,0.0,0.0,0.0,118.85,3.0,28.0,0,1,28.0,0.6931471805599453,3.814189645079383,0.0,0,2.0,0.0041235938403084834,-5.486898085210207,False
820,대조,0,3.0,3.0,169.53,92.0,0.0,0.0,0.0,0.0,0,0.0,0.0,0.0,103.06,15.0,3.0,0,1,3.0,1.3862943611198906,5.138911234324823,0.0,0,0.0,0.013800643507051295,-4.269143299256384,True
823,대조,0,3.0,17.0,479.13,198.0,0.0,0.0,0.0,0.0,1,0.0,0.0,0.0,8.82,2.0,3.0,0,1,3.0,2.8903717578961645,6.174056900566543,0.0,0,0.0,0.05685071587532569,-2.8087957652942186,True
830,대조,0,11.0,20.0,150.99,136.0,0.0,0.0,0.0,0.0,0,0.0,0.0,0.0,72.41,3.0,11.0,0,1,11.0,3.044522437723423,5.02381472920837,0.0,0,0.0,0.019256140253718735,-3.930481340204965,True
831,대조,0,2.0,21.0,1357.84,461.0,1.0,5.49,0.0,0.0,1,0.0,0.0,0.0,461.29,5.0,2.0,0,1,2.0,3.091042453358316,7.214386673592329,0.004043186236964591,0,0.0,0.15998515013125464,-1.6583385708493732,True
834,대조,0,69.0,2.0,18.28,3.0,0.0,0.0,0.0,2.0,0,0.0,0.0,0.0,0.0,0.0,69.0,0,0,69.0,1.0986122886681098,2.9590682891823996,0.0,0,2.0,0.0035363320063196,-5.64112264581557,False
840,대조,0,6.0,33.0,1962.5,612.0,0.0,0.0,0.0,0.0,1,0.0,0.0,0.0,291.1,10.0,6.0,0,1,6.0,3.5263605246161616,7.582483874018064,0.0,0,0.0,0.23479174819332058,-1.1814490780084115,True
841,대조,0,7.0,16.0,193.9,10133.0,0.0,0.0,0.0,0.0,0,0.0,0.0,0.0,12.01,1.0,7.0,0,1,7.0,2.833213344056216,5.272486606513515,0.0,0,0.0,0.022329573243477684,-3.77926067196943,True
842,대조,0,2.0,108.0,1523.01,111623.0,0.0,0.0,0.0,0.0,0,0.0,0.0,0.0,765.8,50.0,2.0,0,1,2.0,4.6913478822291435,7.329100297904854,0.0,0,0.0,0.2033664749601064,-1.3653851081991537,True
844,대조,0,2.0,20.0,863.0600000000001,290.0,0.0,0.0,0.0,0.0,1,0.0,0.0,0.0,154.27,6.0,2.0,0,1,2.0,3.044522437723423,6.761642210837346,0.0,0,0.0,0.10086846040468127,-2.187612045662746,True
850,대조,0,7.0,13.0,134.19,90.0,0.0,0.0,0.0,0.0,0,0.0,0.0,0.0,150.09,9.0,7.0,0,1,7.0,2.6390573296152584,4.906681196376314,0.0,0,0.0,0.014840904957662979,-4.195415929084406,True
852,대조,0,4.0,17.0,263.84000000000003,108.0,2.0,33.489999999999995,0.0,0.0,1,0.0,0.0,0.0,71.52,5.0,4.0,0,1,4.0,2.8903717578961645,5.579125870056646,0.12693298969072161,0,0.0,0.14859852858659592,-1.745635551225889,True
853,대조,0,1.0,76.0,2050.42,82260.0,0.0,0.0,0.0,0.0,1,0.0,0.0,0.0,682.91,28.0,1.0,0,1,1.0,4.343805421853684,7.626287515265193,0.0,0,0.0,0.25885852706761575,-1.0519098437842511,True
854,대조,0,5.0,4.0,38.230000000000004,19.0,0.0,0.0,0.0,0.0,0,0.0,0.0,0.0,76.44,2.0,5.0,0,1,5.0,1.6094379124341003,3.6694417602214613,0.0,0,0.0,0.0033050639635357564,-5.708988914548149,False
855,대조,0,1.0,28.0,664.75,275.0,0.0,0.0,0.0,0.0,0,0.0,0.0,0.0,628.79,26.0,1.0,0,1,1.0,3.367295829986474,6.500914224694042,0.0,0,0.0,0.07585951067715084,-2.499981018906554,True
857,대조,0,9.0,6.0,722.95,281.0,0.0,0.0,0.0,0.0,1,0.0,0.0,0.0,372.86,4.0,9.0,0,1,9.0,1.9459101490553132,6.58472232922743,0.0,0,0.0,0.0773384731447158,-2.479070913581263,True
859,대조,0,3.0,14.0,659.16,35131.0,0.0,0.0,0.0,0.0,1,0.0,0.0,0.0,433.19,15.0,3.0,0,1,3.0,2.70805020110221,6.492482229882887,0.0,0,0.0,0.0746953505334088,-2.5167051857166944,True
861,대조,0,1.0,5.0,173.57,56.0,0.0,0.0,0.0,1.0,0,0.0,0.0,0.0,6.82,1.0,1.0,0,1,1.0,1.791759469228055,5.162325807336688,0.0,0,1.0,0.014075170857214808,-4.249167800496265,True
862,대조,0,4.0,12.0,193.5,117.0,0.0,0.0,0.0,0.0,0,0.0,0.0,0.0,306.58,12.0,4.0,0,1,4.0,2.5649493574615367,5.270432163058501,0.0,0,0.0,0.0201875613357294,-3.882294524948647,True
863,대조,0,12.0,8.0,52.46,28.0,0.0,0.0,0.0,0.0,1,0.0,0.0,0.0,37.39,6.0,12.0,0,1,12.0,2.1972245773362196,3.978933710710773,0.0,0,0.0,0.006244518318257618,-5.0697871722916545,False
867,대조,0,17.0,21.0,797.91,47907.0,1.0,1.99,0.0,0.0,1,0.0,0.0,0.0,211.11,3.0,17.0,0,1,17.0,3.091042453358316,6.683248298620822,0.0024940156157962677,0,0.0,0.12027197997087387,-1.9898571136489411,True
868,대조,0,1.0,26.0,1315.36,100696.0,0.0,0.0,0.0,0.0,1,0.0,0.0,0.0,557.12,13.0,1.0,0,1,1.0,3.295836866004329,7.182625630706582,0.0,0,0.0,0.1520131848414789,-1.7188978280463831,True
873,대조,0,2.0,13.0,393.42,16210.0,0.0,0.0,0.0,0.0,0,0.0,0.0,0.0,38.61,2.0,2.0,0,1,2.0,2.6390573296152584,5.977416331381923,0.0,0,0.0,0.04032206654264884,-3.1696988662043313,True
876,대조,0,1.0,37.0,1171.57,49101.0,0.0,0.0,0.0,1.0,0,0.0,0.0,0.0,375.49,17.0,1.0,0,1,1.0,3.6375861597263857,7.066953200030908,0.0,0,1.0,0.1283479131534849,-1.9156457131650593,True
877,대조,0,8.0,10.0,484.44,16731.0,0.0,0.0,0.0,1.0,0,0.0,0.0,0.0,91.53999999999999,3.0,8.0,0,1,8.0,2.3978952727983707,6.185055696160167,0.0,0,1.0,0.04914601224525404,-2.9625648063514074,True
878,처치,1,1.0,32.0,1081.86,22590.0,0.0,0.0,0.0,0.0,1,0.0,0.0,0.0,225.12,6.0,1.0,0,1,1.0,3.4965075614664802,6.987360968100051,0.0,0,0.0,0.13235832193108285,-1.8802660112385534,True
879,대조,0,1.0,8.0,339.54,37080.0,0.0,0.0,0.0,0.0,1,0.0,0.0,0.0,143.79,6.0,1.0,0,1,1.0,2.1972245773362196,5.830532592992498,0.0,0,0.0,0.0344503917190187,-3.3331771134227477,True
881,대조,0,1.0,23.0,804.62,513.0,0.0,0.0,0.0,0.0,0,0.0,0.0,0.0,243.66,10.0,1.0,0,1,1.0,3.1780538303479458,6.691612167312671,0.0,0,0.0,0.08778046718623575,-2.3410416704254744,True
882,대조,0,11.0,16.0,376.39,217.0,0.0,0.0,0.0,0.0,1,0.0,0.0,0.0,123.86,7.0,11.0,0,1,11.0,2.833213344056216,5.933279135498076,0.0,0,0.0,0.05009849825953457,-2.942367264058765,True
884,대조,0,32.0,5.0,81.39,42.0,0.0,0.0,0.0,0.0,0,0.0,0.0,0.0,0.0,0.0,32.0,0,0,32.0,1.791759469228055,4.411464070327499,0.0,0,0.0,0.011195174984322685,-4.481014085852741,True
885,대조,0,3.0,18.0,446.38,17395.0,0.0,0.0,0.0,0.0,0,0.0,0.0,0.0,272.62,7.0,3.0,0,1,3.0,2.9444389791664403,6.103408345329966,0.0,0,0.0,0.049127874677711764,-2.962953004031086,True
888,처치,1,1.0,17.0,1560.3700000000001,671.0,2.0,4.6899999999999995,2.0,1.0,1,0.0,0.0,0.0,674.1,6.0,1.0,0,1,1.0,2.8903717578961645,7.353318919975286,0.003005697366650217,1,1.0,0.33346313709308617,-0.6925631204843481,True
891,처치,1,19.0,13.0,1010.26,417.0,0.0,0.0,0.0,0.0,0,0.0,0.0,0.0,429.53000000000003,10.0,19.0,0,1,19.0,2.6390573296152584,6.918952357075353,0.0,0,0.0,0.12673859135776425,-1.9301083187705084,True
893,대조,0,3.0,8.0,333.19,229.0,0.0,0.0,0.0,0.0,0,0.0,0.0,0.0,67.74,4.0,3.0,0,1,3.0,2.1972245773362196,5.811709693511341,0.0,0,0.0,0.03188836283450069,-3.4131062664689034,True
895,처치,1,1.0,27.0,949.96,23992.0,0.0,0.0,0.0,3.0,1,0.0,0.0,0.0,454.11,8.0,1.0,0,1,1.0,3.332204510175204,6.857472000672369,0.0,0,3.0,0.09904683853166792,-2.207860416473503,True
896,대조,0,1.0,23.0,1251.82,30896.0,0.0,0.0,1.0,1.0,0,0.0,0.0,0.0,268.73,6.0,1.0,0,1,1.0,3.1780538303479458,7.133152289349214,0.0,1,1.0,0.2701917561671071,-0.9936499050087958,True
901,대조,0,10.0,16.0,546.61,229.0,0.0,0.0,0.0,1.0,0,0.0,0.0,0.0,67.34,7.0,10.0,0,1,10.0,2.833213344056216,6.3055633547523025,0.0,0,1.0,0.06181810568476528,-2.7197475535860893,True
903,대조,0,1.0,21.0,768.96,235.0,0.0,0.0,0.0,1.0,1,0.0,0.0,0.0,59.550000000000004,4.0,1.0,0,1,1.0,3.091042453358316,6.646338565446435,0.0,0,1.0,0.08575154667145417,-2.3666482424218,True
907,대조,0,8.0,13.0,268.61,132.0,0.0,0.0,0.0,2.0,0,0.0,0.0,0.0,108.99000000000001,4.0,8.0,0,1,8.0,2.6390573296152584,5.596976470338392,0.0,0,2.0,0.027260288357746125,-3.57468553097325,True
908,대조,0,6.0,31.0,890.03,25261.0,0.0,0.0,0.0,0.0,1,0.0,0.0,0.0,349.44,11.0,6.0,0,1,6.0,3.4657359027997265,6.792378096937656,0.0,0,0.0,0.11829625529380966,-2.0086639930650008,True
909,대조,0,2.0,115.0,2212.71,164611.0,0.0,0.0,0.0,2.0,0,0.0,0.0,0.0,1159.8,55.0,2.0,0,1,2.0,4.7535901911063645,7.702425120046165,0.0,0,2.0,0.2544524151759013,-1.0750051168361237,True
911,대조,0,1.0,15.0,728.89,343.0,0.0,0.0,0.0,0.0,1,0.0,0.0,0.0,275.58,5.0,1.0,0,1,1.0,2.772588722239781,6.592893837856815,0.0,0,0.0,0.08078064073749096,-2.431787445316722,True
913,대조,0,8.0,10.0,216.9,9166.0,0.0,0.0,0.0,1.0,0,0.0,0.0,0.0,72.74,3.0,8.0,0,1,8.0,2.3978952727983707,5.384036241950574,0.0,0,1.0,0.022119420643107877,-3.7889315708122138,True
915,대조,0,8.0,16.0,135.9,82.0,0.0,0.0,0.0,0.0,1,0.0,0.0,0.0,3.38,1.0,8.0,0,1,8.0,2.833213344056216,4.919250732294404,0.0,0,0.0,0.017364275341056362,-4.0358235220313095,True
916,대조,0,3.0,14.0,165.36,31472.0,0.0,0.0,0.0,0.0,0,0.0,0.0,0.0,42.17,5.0,3.0,0,1,3.0,2.70805020110221,5.114154114874711,0.0,0,0.0,0.017451577704648488,-4.030719569872668,True
918,대조,0,32.0,2.0,148.61,76.0,0.0,0.0,0.0,3.0,0,0.0,0.0,0.0,0.0,0.0,32.0,0,0,32.0,1.0986122886681098,5.008031908226141,0.0,0,3.0,0.015295576604022667,-4.164777842619564,True
919,대조,0,15.0,17.0,264.37,149.0,0.0,0.0,0.0,0.0,0,0.0,0.0,0.0,130.22,3.0,15.0,0,1,15.0,2.8903717578961645,5.581125078583557,0.0,0,0.0,0.03478379832747622,-3.3232004063601757,True
922,대조,0,2.0,14.0,219.18,138.0,0.0,0.0,0.0,2.0,1,0.0,0.0,0.0,100.60000000000001,4.0,2.0,0,1,2.0,2.70805020110221,5.394445393642257,0.0,0,2.0,0.02247859575936326,-3.772456631687255,True
923,대조,0,4.0,21.0,377.04,34064.0,0.0,0.0,0.0,0.0,0,0.0,0.0,0.0,81.98,7.0,4.0,0,1,4.0,3.091042453358316,5.935000010126855,0.0,0,0.0,0.043453724616935765,-3.0916325976728967,True
924,대조,0,8.0,10.0,270.89,94.0,0.0,0.0,0.0,2.0,0,0.0,0.0,0.0,138.52,4.0,8.0,0,1,8.0,2.3978952727983707,5.6053975727348,0.0,0,2.0,0.02623284992106213,-3.6141597702544677,True
925,대조,0,,0.0,0.0,0.0,0.0,0.0,0.0,0.0,0,0.0,0.0,0.0,48.69,9.0,90.0,0,1,90.0,0.0,0.0,0.0,0,0.0,0.00020864688520603287,-8.474658610703141,False
927,대조,0,10.0,9.0,241.45000000000002,119.0,0.0,0.0,0.0,0.0,0,0.0,0.0,0.0,31.01,3.0,10.0,0,1,10.0,2.302585092994046,5.490795503551361,0.0,0,0.0,0.02627083421451806,-3.6126738425009832,True
928,대조,0,1.0,6.0,305.83,162.0,0.0,0.0,0.0,2.0,0,0.0,0.0,0.0,0.0,0.0,1.0,0,0,1.0,1.9459101490553132,5.726293848284959,0.0,0,2.0,0.024359722610501865,-3.6901628945392084,True
929,대조,0,1.0,13.0,466.15,8688.0,0.0,0.0,0.0,0.0,1,0.0,0.0,0.0,339.33,13.0,1.0,0,1,1.0,2.6390573296152584,6.146650405238964,0.0,0,0.0,0.051231078969799136,-2.9188189126081987,True
931,대조,0,10.0,3.0,461.06,197.0,0.0,0.0,0.0,0.0,0,0.0,0.0,0.0,413.08,5.0,10.0,0,1,10.0,1.3862943611198906,6.135694752779214,0.0,0,0.0,0.041872264265685584,-3.130357447879637,True
935,대조,0,10.0,4.0,126.84,23096.0,0.0,0.0,0.0,1.0,0,0.0,0.0,0.0,54.28,2.0,10.0,0,1,10.0,1.6094379124341003,4.850779482017964,0.0,0,1.0,0.01137425702695193,-4.464963193969012,True
938,대조,0,20.0,2.0,151.56,62.0,0.0,0.0,0.0,1.0,0,0.0,0.0,0.0,194.61,1.0,20.0,0,1,20.0,1.0986122886681098,5.027557961292164,0.0,0,1.0,0.01438888363001429,-4.226805933178459,True
939,대조,0,29.0,3.0,80.05,51.0,0.0,0.0,0.0,0.0,1,0.0,0.0,0.0,179.33,5.0,29.0,0,1,29.0,1.3862943611198906,4.395066248181685,0.0,0,0.0,0.010621732998276385,-4.534174547703341,True
940,대조,0,7.0,4.0,61.25,17.0,0.0,0.0,0.0,0.0,0,0.0,0.0,0.0,69.60000000000001,4.0,7.0,0,1,7.0,1.6094379124341003,4.131158535344817,0.0,0,0.0,0.005480291765804765,-5.201101573848824,False
942,대조,0,6.0,29.0,1326.13,757.0,0.0,0.0,0.0,0.0,0,0.0,0.0,0.0,242.69,12.0,6.0,0,1,6.0,3.4011973816621555,7.19077399486926,0.0,0,0.0,0.15412327649747143,-1.702620853164574,True
943,대조,0,3.0,51.0,1066.49,53734.0,0.0,0.0,0.0,0.0,0,0.0,0.0,0.0,496.35,22.0,3.0,0,1,3.0,3.9512437185814275,6.973065377377404,0.0,0,0.0,0.13415495189949764,-1.8647104749189172,True
944,대조,0,3.0,8.0,205.43,20715.0,0.0,0.0,0.0,0.0,0,0.0,0.0,0.0,332.2,12.0,3.0,0,1,3.0,2.1972245773362196,5.329961371882498,0.0,0,0.0,0.019644864335623857,-3.9100989421607535,True
946,대조,0,2.0,15.0,432.99,258.0,0.0,0.0,0.0,1.0,1,0.0,0.0,0.0,88.42,5.0,2.0,0,1,2.0,2.772588722239781,6.073021492360292,0.0,0,1.0,0.047158929851245444,-3.005924738264039,True
949,대조,0,3.0,24.0,861.87,104004.0,0.0,0.0,0.0,0.0,1,0.0,0.0,0.0,478.74,10.0,3.0,0,1,3.0,3.2188758248682006,6.760264042424785,0.0,0,0.0,0.10541696538619105,-2.138434141531934,True
953,대조,0,7.0,7.0,149.25,110.0,0.0,0.0,0.0,1.0,0,0.0,0.0,0.0,106.11,6.0,7.0,0,1,7.0,2.0794415416798357,5.012300573415317,0.0,0,1.0,0.014038580393184988,-4.251807943760261,True
954,대조,0,8.0,6.0,385.74,187.0,0.0,0.0,0.0,1.0,0,0.0,0.0,0.0,42.76,2.0,8.0,0,1,8.0,1.9459101490553132,5.957752632622446,0.0,0,1.0,0.036008574001867334,-3.287325323560727,True
955,대조,0,1.0,30.0,637.89,4533.0,0.0,0.0,0.0,0.0,1,0.0,0.0,0.0,189.7,11.0,1.0,0,1,1.0,3.4339872044851463,6.459732295584099,0.0,0,0.0,0.0803887609478665,-2.43707663728127,True
956,대조,0,2.0,78.0,1341.07,142159.0,0.0,0.0,0.0,0.0,1,0.0,0.0,0.0,579.5600000000001,34.0,2.0,0,1,2.0,4.3694478524670215,7.201968477125092,0.0,0,0.0,0.18713193201925643,-1.4687549314601105,True
957,대조,0,3.0,56.0,233.38,187.0,0.0,0.0,0.0,0.0,0,0.0,0.0,0.0,124.94,20.0,3.0,0,1,3.0,4.04305126783455,5.456943729830456,0.0,0,0.0,0.031969744924021284,-3.410473357596277,True
960,대조,0,9.0,13.0,288.56,96.0,0.0,0.0,0.0,2.0,1,0.0,0.0,0.0,110.85,6.0,9.0,0,1,9.0,2.6390573296152584,5.6683625294249405,0.0,0,2.0,0.032508979808087195,-3.3931897904467956,True
961,처치,1,12.0,9.0,326.95,100.0,0.0,0.0,0.0,0.0,0,0.0,0.0,0.0,228.74,5.0,12.0,0,1,12.0,2.302585092994046,5.792861157739744,0.0,0,0.0,0.03663283672172224,-3.269489593039007,True
964,대조,0,15.0,9.0,479.07,247.0,0.0,0.0,0.0,0.0,0,0.0,0.0,0.0,152.75,4.0,15.0,0,1,15.0,2.302585092994046,6.173931926602623,0.0,0,0.0,0.05577597861946364,-2.8290201627672866,True
971,대조,0,7.0,14.0,362.55,171.0,0.0,0.0,0.0,0.0,1,0.0,0.0,0.0,152.61,7.0,7.0,0,1,7.0,2.70805020110221,5.895916839096066,0.0,0,0.0,0.0444030523141581,-3.0690280084231936,True
975,대조,0,3.0,25.0,708.87,110561.0,0.0,0.0,0.0,0.0,0,0.0,0.0,0.0,307.94,13.0,3.0,0,1,3.0,3.258096538021482,6.565081854679218,0.0,0,0.0,0.08135849594932132,-2.4240306875204265,True
976,대조,0,2.0,7.0,521.18,185.0,1.0,28.99,0.0,0.0,1,0.0,0.0,0.0,192.42000000000002,3.0,2.0,0,1,2.0,2.0794415416798357,6.258012356029477,0.0556237768141525,0,0.0,0.10229513007440605,-2.1719792941712783,True
978,대조,0,4.0,18.0,323.38,120.0,2.0,1.5,0.0,0.0,0,0.0,0.0,0.0,30.25,3.0,4.0,0,1,4.0,2.9444389791664403,5.781915668059543,0.004638505782670542,0,0.0,0.038488906544707116,-3.218136044540262,True
982,처치,1,1.0,61.0,2748.82,200140.0,4.0,37.66,0.0,0.0,1,11.98,2.0,2.0,742.3,16.0,1.0,1,1,1.0,4.127134385045092,7.91929073397292,0.013700424182012644,0,0.0,0.351235695284888,-0.6136119892431288,True
984,대조,0,24.0,6.0,118.8,54.0,3.0,2.0,0.0,0.0,0,3.88,8.0,4.0,211.35,4.0,24.0,1,1,24.0,1.9459101490553132,4.785823685681349,0.016835016835016835,0,0.0,0.018524762997840664,-3.9699484061885775,True
986,대조,0,2.0,11.0,224.66,99.0,0.0,0.0,0.0,1.0,1,0.0,0.0,0.0,119.49,5.0,2.0,0,1,2.0,2.4849066497880004,5.4190294417103,0.0,0,1.0,0.023246861930555213,-3.7380637945010906,True
987,대조,0,2.0,27.0,354.76,136.0,0.0,0.0,0.0,1.0,0,0.0,0.0,0.0,17.87,1.0,2.0,0,1,2.0,3.332204510175204,5.874256346202441,0.0,0,1.0,0.03949477876137763,-3.1912909382390025,True
988,대조,0,2.0,11.0,438.9,31278.0,1.0,2.19,0.0,2.0,0,0.0,0.0,0.0,625.69,18.0,2.0,0,1,2.0,2.4849066497880004,6.086547428354674,0.004989747095010253,0,2.0,0.04189509562645301,-3.1297885049079643,True
998,대조,0,5.0,46.0,1425.15,45276.0,0.0,0.0,0.0,0.0,0,0.0,0.0,0.0,747.45,23.0,5.0,0,1,5.0,3.8501476017100584,7.262733784783044,0.0,0,0.0,0.17443650091853546,-1.5545053985325121,True
999,대조,0,9.0,6.0,176.14000000000001,83.0,0.0,0.0,0.0,2.0,0,0.0,0.0,0.0,43.68,2.0,9.0,0,1,9.0,1.9459101490553132,5.176940380381437,0.0,0,2.0,0.0158180412577338,-4.1306596570067935,True
1000,대조,0,7.0,23.0,776.05,412.0,0.0,0.0,0.0,0.0,0,0.0,0.0,0.0,197.83,6.0,7.0,0,1,7.0,3.1780538303479458,6.655504698361621,0.0,0,0.0,0.09248937850164637,-2.283611459284905,True
1001,대조,0,5.0,5.0,296.31,139.0,0.0,0.0,0.0,1.0,1,0.0,0.0,0.0,139.26,3.0,5.0,0,1,5.0,1.791759469228055,5.694775365496226,0.0,0,1.0,0.02806737478106311,-3.5446786244486264,True
1003,대조,0,23.0,4.0,200.68,85.0,0.0,0.0,0.0,2.0,1,0.0,0.0,0.0,0.0,0.0,23.0,0,0,23.0,1.6094379124341003,5.306682282879664,0.0,0,2.0,0.022954552931419292,-3.751016866277344,True
1005,대조,0,2.0,35.0,471.66,294.0,0.0,0.0,0.0,0.0,0,0.0,0.0,0.0,167.4,10.0,2.0,0,1,2.0,3.58351893845611,6.15837631395214,0.0,0,0.0,0.05762771630084751,-2.7943967643809207,True
1007,대조,0,3.0,25.0,167.22,145.0,1.0,0.39,0.0,0.0,0,0.0,0.0,0.0,120.34,9.0,3.0,0,1,3.0,3.258096538021482,5.125272646534291,0.0023322569070685327,0,0.0,0.02025522447097197,-3.878879345769217,True
1010,대조,0,6.0,10.0,356.05,21403.0,0.0,0.0,0.0,0.0,0,0.0,0.0,0.0,154.59,7.0,6.0,0,1,6.0,2.3978952727983707,5.877875827995119,0.0,0,0.0,0.03706078609660772,-3.2574308561206684,True
1011,대조,0,4.0,19.0,307.40999999999997,33555.0,0.0,0.0,0.0,0.0,0,0.0,0.0,0.0,282.33,9.0,4.0,0,1,4.0,2.995732273553991,5.731430066585012,0.0,0,0.0,0.0348685710643345,-3.3206784069463304,True
1012,대조,0,3.0,15.0,125.06,3895.0,0.0,0.0,0.0,2.0,1,0.0,0.0,0.0,135.69,11.0,3.0,0,1,3.0,2.772588722239781,4.836757984084964,0.0,0,2.0,0.013136688941670074,-4.319122542367099,True
1014,대조,0,1.0,34.0,672.63,33508.0,0.0,0.0,0.0,0.0,1,0.0,0.0,0.0,431.76,11.0,1.0,0,1,1.0,3.5553480614894135,6.512680998753485,0.0,0,0.0,0.08641494941913674,-2.358215789041041,True
1017,대조,0,19.0,9.0,425.81,210.0,0.0,0.0,0.0,0.0,0,0.0,0.0,0.0,206.87,5.0,19.0,0,1,19.0,2.302585092994046,6.056338949331185,0.0,0,0.0,0.05278924917959219,-2.887214058214143,True
1018,대조,0,4.0,17.0,250.93,112.0,0.0,0.0,0.0,2.0,1,0.0,0.0,0.0,95.31,7.0,4.0,0,1,4.0,2.8903717578961645,5.529151271146253,0.0,0,2.0,0.027504465270210436,-3.5655171189909893,True
1019,대조,0,25.0,5.0,145.65,62.0,0.0,0.0,0.0,0.0,0,0.0,0.0,0.0,52.349999999999994,4.0,25.0,0,1,25.0,1.791759469228055,4.9880487954234605,0.0,0,0.0,0.01804557627886599,-3.996644322349896,True
1020,대조,0,3.0,15.0,1093.63,475.0,0.0,0.0,0.0,0.0,1,0.0,0.0,0.0,360.45,7.0,3.0,0,1,3.0,2.772588722239781,6.998171685606309,0.0,0,0.0,0.12109249656115989,-1.9821249748854954,True
1021,대조,0,2.0,16.0,150.6,67.0,0.0,0.0,0.0,1.0,1,0.0,0.0,0.0,185.63,4.0,2.0,0,1,2.0,2.833213344056216,5.021245473208271,0.0,0,1.0,0.016644746949075466,-4.078875783563251,True
1024,대조,0,3.0,14.0,742.71,356.0,0.0,0.0,0.0,0.0,1,0.0,0.0,0.0,1145.76,16.0,3.0,0,1,3.0,2.70805020110221,6.611651173900957,0.0,0,0.0,0.08364936213517114,-2.393765281854314,True
1025,대조,0,6.0,22.0,963.61,520.0,6.0,2.94,0.0,0.0,0,0.0,0.0,0.0,145.01,4.0,6.0,0,1,6.0,3.1354942159291497,6.871723874572634,0.003051026867716192,0,0.0,0.11456853616888257,-2.044901842872812,True
1031,대조,0,,0.0,0.0,0.0,0.0,0.0,0.0,0.0,1,0.0,0.0,0.0,362.01,9.0,90.0,0,1,90.0,0.0,0.0,0.0,0,0.0,0.0002287646778797536,-8.382587899424106,False
1034,대조,0,21.0,14.0,133.27,62.0,0.0,0.0,0.0,0.0,0,0.0,0.0,0.0,14.93,2.0,21.0,0,1,21.0,2.70805020110221,4.899852698084617,0.0,0,0.0,0.01856456585637391,-3.967761526417538,True
1038,대조,0,3.0,40.0,288.61,198.0,0.0,0.0,0.0,0.0,1,0.0,0.0,0.0,57.03,11.0,3.0,0,1,3.0,3.713572066704308,5.6685351903021415,0.0,0,0.0,0.04046874198949169,-3.1659150189212992,True
1039,대조,0,16.0,12.0,810.36,282.0,0.0,0.0,0.0,0.0,0,0.0,0.0,0.0,117.81,4.0,16.0,0,1,16.0,2.5649493574615367,6.698711852046709,0.0,0,0.0,0.09801670261490651,-2.2194581035855614,True
1041,대조,0,1.0,36.0,945.16,418.0,1.0,1.19,0.0,0.0,1,0.0,0.0,0.0,323.5,15.0,1.0,0,1,1.0,3.6109179126442243,6.852411687942862,0.0012590460874349317,0,0.0,0.12130175808714938,-1.9801602321617755,True
1042,대조,0,2.0,31.0,737.73,23748.0,0.0,0.0,0.0,2.0,1,0.0,0.0,0.0,429.98,17.0,2.0,0,1,2.0,3.4657359027997265,6.604932495595797,0.0,0,2.0,0.08530561275679409,-2.3723497539414238,True
1045,대조,0,5.0,37.0,498.03000000000003,107134.0,0.0,0.0,0.0,0.0,1,0.0,0.0,0.0,257.02,17.0,5.0,0,1,5.0,3.6375861597263857,6.212666214184851,0.0,0,0.0,0.06990299012798762,-2.588180466848277,True
1047,대조,0,1.0,18.0,229.97,106.0,0.0,0.0,0.0,0.0,0,2.45,1.0,1.0,2.45,1.0,1.0,1,1,1.0,2.9444389791664403,5.442287831958068,0.0,0,0.0,0.024685258726466,-3.6765539776913427,True
1048,대조,0,,0.0,0.0,0.0,0.0,0.0,0.0,0.0,0,0.0,0.0,0.0,53.21,1.0,90.0,0,1,90.0,0.0,0.0,0.0,0,0.0,0.00020864688520603287,-8.474658610703141,False
1050,대조,0,1.0,33.0,1194.93,173828.0,0.0,0.0,0.0,0.0,0,0.0,0.0,0.0,308.51,8.0,1.0,0,1,1.0,3.5263605246161616,7.086679404369628,0.0,0,0.0,0.1342475396899117,-1.8639136182146867,True
1051,대조,0,11.0,4.0,132.89,83.0,0.0,0.0,0.0,1.0,0,0.0,0.0,0.0,53.57,2.0,11.0,0,1,11.0,1.6094379124341003,4.8970185673092885,0.0,0,1.0,0.012110704820388526,-4.401480884666698,True
1056,처치,1,3.0,11.0,930.37,403.0,0.0,0.0,0.0,0.0,0,0.0,0.0,0.0,347.12,5.0,3.0,0,1,3.0,2.4849066497880004,6.8366566204525565,0.0,0,0.0,0.09126601621651342,-2.298273907003379,True
1058,대조,0,1.0,102.0,570.85,263.0,0.0,0.0,0.0,0.0,0,0.0,0.0,0.0,83.8,28.0,1.0,0,1,1.0,4.634728988229636,6.348876719227226,0.0,0,0.0,0.0828899275304534,-2.403713947143946,True
1061,대조,0,5.0,5.0,116.56,57.0,0.0,0.0,0.0,0.0,0,7.99,1.0,1.0,552.84,18.0,5.0,1,1,5.0,1.791759469228055,4.766948841550716,0.0,0,0.0,0.01055711938529037,-4.540341582291846,True
1062,대조,0,3.0,31.0,203.12,128.0,0.0,0.0,0.0,0.0,1,0.0,0.0,0.0,36.13,11.0,3.0,0,1,3.0,3.4657359027997265,5.318708056195771,0.0,0,0.0,0.027217332406073474,-3.576306702849406,True
1064,대조,0,7.0,9.0,375.09000000000003,244.0,0.0,0.0,0.0,0.0,0,0.0,0.0,0.0,79.83,3.0,7.0,0,1,7.0,2.302585092994046,5.929828476449581,0.0,0,0.0,0.038899846343622986,-3.207088321123561,True
1065,대조,0,27.0,7.0,619.04,264.0,11.0,13.35,0.0,2.0,0,12.969999999999999,15.0,15.0,246.29,2.0,27.0,1,1,27.0,2.0794415416798357,6.429783992087094,0.02156565003876971,0,2.0,0.09576087841363075,-2.245239606161095,True
1067,대조,0,44.0,4.0,369.12,15205.0,0.0,0.0,0.0,1.0,0,0.0,0.0,0.0,67.22,1.0,44.0,0,1,44.0,1.6094379124341003,5.91382727738083,0.0,0,1.0,0.05563212060649039,-2.831755049781563,True
1069,처치,1,8.0,13.0,756.28,307.0,23.0,18.4,0.0,0.0,1,22.02,50.0,24.0,210.37,4.0,8.0,1,1,8.0,2.6390573296152584,6.629733066157938,0.024329613370709262,0,0.0,0.12008828253329214,-1.9915944213053174,True
1071,처치,1,4.0,11.0,200.51,154.0,0.0,0.0,0.0,0.0,0,0.0,0.0,0.0,104.93,5.0,4.0,0,1,4.0,2.4849066497880004,5.305839007946883,0.0,0,0.0,0.02059791555384219,-3.861752383585736,True
1072,대조,0,21.0,10.0,487.91,350.0,0.0,0.0,0.0,0.0,0,0.0,0.0,0.0,170.96,2.0,21.0,0,1,21.0,2.3978952727983707,6.192178423456007,0.0,0,0.0,0.06318127157098183,-2.6964818826674577,True
1074,대조,0,8.0,20.0,1092.56,517.0,0.0,0.0,0.0,0.0,1,0.0,0.0,0.0,622.97,10.0,8.0,0,1,8.0,3.044522437723423,6.997193708296035,0.0,0,0.0,0.13588152199947998,-1.8499265424327982,True
1075,대조,0,33.0,9.0,195.43,9782.0,0.0,0.0,0.0,0.0,0,0.0,0.0,0.0,131.2,6.0,33.0,0,1,33.0,2.302585092994046,5.280306133746185,0.0,0,0.0,0.030269343949134088,-3.4668829092681688,True
1076,대조,0,26.0,10.0,171.83,59.0,0.0,0.0,0.0,0.0,1,0.0,0.0,0.0,39.53,1.0,26.0,0,1,26.0,2.3978952727983707,5.152308452412401,0.0,0,0.0,0.026641394541502914,-3.598286378813189,True
1082,대조,0,2.0,15.0,182.49,156.0,0.0,0.0,0.0,1.0,1,0.0,0.0,0.0,139.34,10.0,2.0,0,1,2.0,2.772588722239781,5.212160170096862,0.0,0,1.0,0.01995679450880979,-3.8940269956932854,True
1083,대조,0,4.0,9.0,238.26,86.0,0.0,0.0,0.0,0.0,0,0.0,0.0,0.0,96.49,5.0,4.0,0,1,4.0,2.302585092994046,5.477550826742758,0.0,0,0.0,0.023637075536847154,-3.7210178894994423,True
1085,대조,0,2.0,17.0,649.32,33992.0,0.0,0.0,0.0,0.0,0,0.0,0.0,0.0,416.26,10.0,2.0,0,1,2.0,2.8903717578961645,6.477464549438317,0.0,0,0.0,0.06890465823006073,-2.603637895651615,True
1088,대조,0,5.0,7.0,199.61,138.0,0.0,0.0,0.0,0.0,0,0.0,0.0,0.0,115.31,6.0,5.0,0,1,5.0,2.0794415416798357,5.3013627247339965,0.0,0,0.0,0.019235693120991288,-3.9315646027563207,True
1089,대조,0,5.0,9.0,87.25,40.0,0.0,0.0,0.0,0.0,0,0.0,0.0,0.0,41.41,4.0,5.0,0,1,5.0,2.302585092994046,4.480173695813406,0.0,0,0.0,0.00871310487416374,-4.734175793371594,True
1091,대조,0,6.0,29.0,1432.48,140610.0,0.0,0.0,0.0,0.0,1,0.0,0.0,0.0,360.61,7.0,6.0,0,1,6.0,3.4011973816621555,7.2678603333600345,0.0,0,0.0,0.17784383899749776,-1.5310244976730525,True
1097,대조,0,8.0,19.0,787.23,82806.0,1.0,23.29,0.0,0.0,0,0.0,0.0,0.0,174.21,4.0,8.0,0,1,8.0,2.995732273553991,6.669789925442321,0.029584746516265893,0,0.0,0.12984412616365765,-1.9023376593953154,True
1098,대조,0,1.0,62.0,1176.94,55912.0,0.0,0.0,0.0,2.0,0,0.0,0.0,0.0,602.48,27.0,1.0,0,1,1.0,4.143134726391533,7.071522429128285,0.0,0,2.0,0.13428813095645545,-1.8635644159392468,True
1102,대조,0,4.0,6.0,66.36,27.0,0.0,0.0,0.0,1.0,0,0.0,0.0,0.0,45.2,2.0,4.0,0,1,4.0,1.9459101490553132,4.210051369934071,0.0,0,1.0,0.005746217414273706,-5.15345069120089,False
1103,대조,0,1.0,35.0,1422.73,92372.0,0.0,0.0,0.0,0.0,1,0.0,0.0,0.0,487.68,13.0,1.0,0,1,1.0,3.58351893845611,7.261035467252717,0.0,0,0.0,0.17071695117043362,-1.5805546021734416,True
1104,처치,1,1.0,24.0,871.49,344.0,0.0,0.0,0.0,1.0,0,0.0,0.0,0.0,322.6,11.0,1.0,0,1,1.0,3.2188758248682006,6.771351192692849,0.0,0,1.0,0.09077396627506766,-2.304221195765499,True
1110,대조,0,3.0,24.0,817.06,191.0,0.0,0.0,0.0,0.0,0,0.0,0.0,0.0,515.12,12.0,3.0,0,1,3.0,3.2188758248682006,6.706935683546046,0.0,0,0.0,0.09232924879833403,-2.2855207243344813,True
1113,대조,0,5.0,22.0,459.51,196.0,0.0,0.0,0.0,1.0,1,0.0,0.0,0.0,238.65,11.0,5.0,0,1,5.0,3.1354942159291497,6.132334570986185,0.0,0,1.0,0.05599231959214401,-2.8249197709487515,True
1116,대조,0,15.0,2.0,19.5,9.0,0.0,0.0,0.0,2.0,0,0.0,0.0,0.0,6.12,1.0,15.0,0,1,15.0,1.0986122886681098,3.0204248861443626,0.0,0,2.0,0.0016099405068232214,-6.429946815098569,False
1119,대조,0,10.0,13.0,450.42,8054.0,0.0,0.0,0.0,0.0,0,0.0,0.0,0.0,51.68,3.0,10.0,0,1,10.0,2.6390573296152584,6.11239817000361,0.0,0,0.0,0.05194606903938232,-2.904205343307934,True
1120,대조,0,3.0,20.0,419.17,6599.0,0.0,0.0,0.0,0.0,1,0.0,0.0,0.0,45.97,4.0,3.0,0,1,3.0,3.044522437723423,6.040659391288174,0.0,0,0.0,0.05138632864323495,-2.9156294681017854,True
1121,대조,0,3.0,4.0,94.4,44.0,0.0,0.0,0.0,1.0,0,0.0,0.0,0.0,200.74,4.0,3.0,0,1,3.0,1.6094379124341003,4.558078578454241,0.0,0,1.0,0.00755931573865003,-4.877386571472478,True
1122,대조,0,1.0,16.0,306.17,206.0,0.0,0.0,0.0,0.0,0,0.0,0.0,0.0,136.42000000000002,7.0,1.0,0,1,1.0,2.833213344056216,5.727401340254835,0.0,0,0.0,0.03215104884334948,-3.4046309593233564,True
1123,대조,0,2.0,8.0,298.13,97.0,0.0,0.0,0.0,1.0,1,0.0,0.0,0.0,322.18,4.0,2.0,0,1,2.0,2.1972245773362196,5.700878261508811,0.0,0,1.0,0.02917742577869657,-3.504748406281714,True
1124,대조,0,2.0,16.0,301.31,179.0,0.0,0.0,0.0,0.0,0,0.0,0.0,0.0,111.41,8.0,2.0,0,1,2.0,2.833213344056216,5.711452980960421,0.0,0,0.0,0.03213011397629101,-3.405303942507804,True
1125,대조,0,1.0,4.0,192.5,65.0,0.0,0.0,0.0,0.0,0,0.0,0.0,0.0,276.54,15.0,1.0,0,1,1.0,1.6094379124341003,5.2652775124698366,0.0,0,0.0,0.01589426480956014,-4.125775005385592,True
1127,대조,0,13.0,3.0,30.240000000000002,13.0,0.0,0.0,0.0,0.0,0,0.0,0.0,0.0,0.0,0.0,13.0,0,0,13.0,1.3862943611198906,3.441699324971485,0.0,0,0.0,0.002836734248304774,-5.862261035630249,False
1128,대조,0,1.0,44.0,600.33,318.0,0.0,0.0,0.0,1.0,1,0.0,0.0,0.0,140.48,14.0,1.0,0,1,1.0,3.8066624897703196,6.399143868701845,0.0,0,1.0,0.07736133336971734,-2.4787505938458527,True
1131,대조,0,3.0,18.0,546.07,273.0,0.0,0.0,0.0,0.0,1,0.0,0.0,0.0,231.9,6.0,3.0,0,1,3.0,2.9444389791664403,6.304576764983967,0.0,0,0.0,0.06517105501511157,-2.6633481371363086,True
1132,대조,0,2.0,6.0,406.49,215.0,0.0,0.0,0.0,1.0,0,0.0,0.0,0.0,0.0,0.0,2.0,0,0,2.0,1.9459101490553132,6.010016392502509,0.0,0,1.0,0.03462007551077105,-3.3280879971146233,True
1133,대조,0,2.0,19.0,193.41,83.0,0.0,0.0,0.0,0.0,0,0.0,0.0,0.0,87.46000000000001,10.0,2.0,0,1,2.0,2.995732273553991,5.269969331032549,0.0,0,0.0,0.021283672659571685,-3.828301606006323,True
1136,대조,0,1.0,6.0,219.2,109.0,0.0,0.0,0.0,1.0,0,0.0,0.0,0.0,38.68,3.0,1.0,0,1,1.0,1.9459101490553132,5.394536224288579,0.0,0,1.0,0.018364071983290653,-3.9788243480270613,True
1137,대조,0,2.0,17.0,288.64,6306.0,0.0,0.0,0.0,0.0,1,0.0,0.0,0.0,124.61,7.0,2.0,0,1,2.0,2.8903717578961645,5.6686387725206195,0.0,0,0.0,0.03402681143113363,-3.3459872933617016,True
1139,처치,1,1.0,18.0,1648.75,497.0,1.0,3.19,0.0,1.0,0,0.0,0.0,0.0,634.69,5.0,1.0,0,1,1.0,2.9444389791664403,7.408379040263531,0.0019347990902198635,0,1.0,0.15755653502424008,-1.6765222096961152,True
1141,대조,0,8.0,12.0,123.88,85.0,0.0,0.0,0.0,0.0,0,0.0,0.0,0.0,63.38,2.0,8.0,0,1,8.0,2.5649493574615367,4.827353276207177,0.0,0,0.0,0.013703929796499498,-4.276273945408153,True
1142,처치,1,1.0,37.0,1914.94,115290.0,0.0,0.0,0.0,0.0,1,0.0,0.0,0.0,824.55,17.0,1.0,0,1,1.0,3.6375861597263857,7.55796364280039,0.0,0,0.0,0.22038350896880912,-1.2634328693163097,True
1145,대조,0,2.0,20.0,1215.32,488.0,1.0,5.49,0.0,0.0,0,0.0,0.0,0.0,66.54,2.0,2.0,0,1,2.0,3.044522437723423,7.103585185800884,0.004517328769377613,0,0.0,0.13379621213260193,-1.8678023643692383,True
1146,처치,1,1.0,59.0,1485.13,729.0,64.0,35.699999999999996,0.0,0.0,1,20.16,48.0,25.0,445.28000000000003,22.0,1.0,1,1,1.0,4.0943445622221,7.303930704627587,0.02403829967746931,0,0.0,0.24606623113572534,-1.1197037924923616,True
1151,대조,0,4.0,8.0,327.95,139.0,4.0,2.46,0.0,0.0,1,6.180000000000001,14.0,8.0,75.39,8.0,4.0,1,1,4.0,2.1972245773362196,5.795905763532007,0.00750114346699192,0,0.0,0.03829478904692845,-3.2233941394704995,True
1153,대조,0,14.0,10.0,117.24000000000001,58.0,0.0,0.0,0.0,0.0,0,0.0,0.0,0.0,43.61,2.0,14.0,0,1,14.0,2.3978952727983707,4.772716457199892,0.0,0,0.0,0.013771031340068622,-4.271321339835698,True
1154,대조,0,10.0,19.0,742.74,420.0,73.0,56.76,0.0,0.0,1,2.1,5.0,5.0,138.26,4.0,10.0,1,1,10.0,2.995732273553991,6.611691511391299,0.0764197431133371,0,0.0,0.2269301710384951,-1.225727025928662,True
1157,대조,0,11.0,14.0,471.59,157.0,0.0,0.0,0.0,0.0,0,0.0,0.0,0.0,233.56,5.0,11.0,0,1,11.0,2.70805020110221,6.1582282049859876,0.0,0,0.0,0.05586312490328945,-2.8273666497895538,True
1160,대조,0,1.0,22.0,613.26,8310.0,0.0,0.0,0.0,0.0,1,0.0,0.0,0.0,345.18,10.0,1.0,0,1,1.0,3.1354942159291497,6.42041829128505,0.0,0,0.0,0.07328800303462785,-2.5372459082888854,True
1163,대조,0,2.0,30.0,820.1,54216.0,0.0,0.0,0.0,1.0,1,0.0,0.0,0.0,584.65,13.0,2.0,0,1,2.0,3.4339872044851463,6.710644904714743,0.0,0,1.0,0.09831945251998646,-2.216038400217479,True
1164,대조,0,2.0,11.0,607.48,275.0,0.0,0.0,0.0,0.0,1,0.0,0.0,0.0,165.51,5.0,2.0,0,1,2.0,2.4849066497880004,6.410964044179949,0.0,0,0.0,0.06530532463182148,-2.6611463515237923,True
1165,대조,0,58.0,3.0,158.27,9354.0,0.0,0.0,0.0,0.0,0,0.0,0.0,0.0,3.34,1.0,58.0,0,1,58.0,1.3862943611198906,5.07060087526369,0.0,0,0.0,0.030127890117427964,-3.4717128926060714,True
1167,처치,1,8.0,23.0,1106.09,486.0,0.0,0.0,0.0,0.0,1,0.0,0.0,0.0,442.75,9.0,8.0,0,1,8.0,3.1780538303479458,7.009490230216913,0.0,0,0.0,0.14056880066184116,-1.8105737209668076,True
1169,대조,0,1.0,19.0,841.41,445.0,0.0,0.0,0.0,0.0,1,0.0,0.0,0.0,296.54,4.0,1.0,0,1,1.0,2.995732273553991,6.736266831594512,0.0,0,0.0,0.0962751947539459,-2.239314192480591,True
1172,대조,0,13.0,25.0,676.5,224.0,0.0,0.0,0.0,1.0,1,0.0,0.0,0.0,104.01,3.0,13.0,0,1,13.0,3.258096538021482,6.518409552753856,0.0,0,1.0,0.09313842567994073,-2.275902984511705,True
1174,대조,0,23.0,32.0,346.36,210.0,0.0,0.0,0.0,0.0,1,0.0,0.0,0.0,104.04,4.0,23.0,0,1,23.0,3.4965075614664802,5.8503617061299815,0.0,0,0.0,0.06261534619070855,-2.706083319459356,True
1175,대조,0,5.0,21.0,1074.24,101258.0,0.0,0.0,0.0,0.0,1,0.0,0.0,0.0,487.65,10.0,5.0,0,1,5.0,3.091042453358316,6.980299171457846,0.0,0,0.0,0.1294979086270941,-1.9054054302900587,True
1179,대조,0,1.0,22.0,1175.71,15726.0,0.0,0.0,0.0,0.0,1,0.0,0.0,0.0,674.05,12.0,1.0,0,1,1.0,3.1354942159291497,7.070477687776596,0.0,0,0.0,0.13393374751979858,-1.8666161534645989,True
1180,대조,0,6.0,13.0,551.36,286.0,0.0,0.0,0.0,0.0,0,0.0,0.0,0.0,284.95,7.0,6.0,0,1,6.0,2.6390573296152584,6.31420000761715,0.0,0,0.0,0.05957264582272951,-2.759137898043863,True
1182,대조,0,26.0,12.0,121.53999999999999,11093.0,0.0,0.0,0.0,2.0,0,0.0,0.0,0.0,0.0,0.0,26.0,0,0,26.0,2.5649493574615367,4.8084375072975085,0.0,0,2.0,0.016001592960579597,-4.118936000868331,True
1184,대조,0,,0.0,0.0,0.0,0.0,0.0,0.0,1.0,0,0.0,0.0,0.0,0.0,0.0,90.0,0,0,90.0,0.0,0.0,0.0,0,1.0,0.00019776113621266213,-8.528252857606004,False
1187,처치,1,8.0,19.0,467.71,322.0,34.0,29.89,0.0,0.0,0,25.83,3.0,3.0,116.42,9.0,8.0,1,1,8.0,2.995732273553991,6.149984240310191,0.06390712193453209,0,0.0,0.12031776073100386,-1.9894245014405898,True
1188,대조,0,34.0,8.0,189.95,143.0,0.0,0.0,0.0,0.0,1,0.0,0.0,0.0,102.01,6.0,34.0,0,1,34.0,2.1972245773362196,5.252011613671526,0.0,0,0.0,0.03200721513769552,-3.409263283156671,True
1190,처치,1,6.0,26.0,332.78,27772.0,0.0,0.0,0.0,0.0,1,0.0,0.0,0.0,153.62,16.0,6.0,0,1,6.0,3.295836866004329,5.810482093315256,0.0,0,0.0,0.04497799531496688,-3.055561004596769,True
1191,대조,0,2.0,14.0,290.55,95.0,0.0,0.0,0.0,0.0,0,0.0,0.0,0.0,78.98,2.0,2.0,0,1,2.0,2.70805020110221,5.675211517668165,0.0,0,0.0,0.03024571468225293,-3.4676882142575294,True
1193,대조,0,6.0,27.0,430.09,273.0,0.0,0.0,0.0,0.0,0,0.0,0.0,0.0,46.97,3.0,6.0,0,1,6.0,3.332204510175204,6.06631688500991,0.0,0,0.0,0.05333066068349785,-2.8764384525791695,True
1197,대조,0,5.0,14.0,768.38,276.0,0.0,0.0,0.0,2.0,1,0.0,0.0,0.0,316.49,6.0,5.0,0,1,5.0,2.70805020110221,6.645584995699079,0.0,0,2.0,0.08058788944704741,-2.4343860722967188,True
1203,처치,1,6.0,33.0,1063.67,66380.0,1.0,2.69,0.0,0.0,0,15.71,17.0,9.0,261.26,12.0,6.0,1,1,6.0,3.5263605246161616,6.970420170972329,0.0025289798527738864,0,0.0,0.13332717641261033,-1.8718554589872618,True
1204,대조,0,6.0,6.0,237.76,110.0,0.0,0.0,0.0,0.0,0,0.0,0.0,0.0,13.77,2.0,6.0,0,1,6.0,1.9459101490553132,5.4754588633004495,0.0,0,0.0,0.022690733003841834,-3.7628465461234737,True
1206,대조,0,5.0,29.0,888.62,392.0,0.0,0.0,0.0,0.0,0,0.0,0.0,0.0,340.29,17.0,5.0,0,1,5.0,3.4011973816621555,6.79079440525799,0.0,0,0.0,0.10611655131133946,-2.131037365347209,True
1207,대조,0,6.0,12.0,99.27,50.0,0.0,0.0,0.0,0.0,0,0.0,0.0,0.0,41.85,7.0,6.0,0,1,6.0,2.5649493574615367,4.607866547535834,0.0,0,0.0,0.01062077032498341,-4.534266157231664,True
1217,대조,0,2.0,5.0,357.74,14972.0,0.0,0.0,0.0,0.0,0,0.0,0.0,0.0,171.98,7.0,2.0,0,1,2.0,1.791759469228055,5.882597892120868,0.0,0,0.0,0.031167094857200373,-3.436729270242227,True
1218,대조,0,7.0,16.0,611.28,55930.0,6.0,2.52,0.0,0.0,1,0.0,0.0,0.0,103.59,3.0,7.0,0,1,7.0,2.833213344056216,6.417189694223507,0.004122497055359246,0,0.0,0.07926948682320839,-2.452314117980018,True
1219,대조,0,3.0,11.0,73.27,26.0,0.0,0.0,0.0,0.0,1,0.0,0.0,0.0,24.27,3.0,3.0,0,1,3.0,2.4849066497880004,4.307707101681205,0.0,0,0.0,0.008040601198268148,-4.815178321520692,True
1222,대조,0,8.0,27.0,1143.48,536.0,0.0,0.0,0.0,1.0,1,0.0,0.0,0.0,277.29,6.0,8.0,0,1,8.0,3.332204510175204,7.042705664360073,0.0,0,1.0,0.14195865188156687,-1.7991164583406647,True
1223,대조,0,1.0,10.0,175.48,105.0,0.0,0.0,0.0,0.0,0,0.0,0.0,0.0,0.0,0.0,1.0,0,0,1.0,2.3978952727983707,5.173207555505193,0.0,0,0.0,0.01690165300061354,-4.0632977351218456,True
1224,대조,0,28.0,13.0,294.42,170.0,0.0,0.0,0.0,0.0,0,0.0,0.0,0.0,168.76,4.0,28.0,0,1,28.0,2.6390573296152584,5.688398072612454,0.0,0,0.0,0.0448912784563582,-3.0575816464024665,True
1226,대조,0,15.0,8.0,774.02,402.0,0.0,0.0,0.0,0.0,1,0.0,0.0,0.0,304.44,4.0,15.0,0,1,15.0,2.1972245773362196,6.6528888354719795,0.0,0,0.0,0.09415909980866753,-2.2638777810939383,True
1227,대조,0,1.0,13.0,848.6,276.0,4.0,77.44,0.0,0.0,0,5.930000000000001,12.0,6.0,109.26,3.0,1.0,1,1,1.0,2.6390573296152584,6.7447656504876745,0.0912561866603818,0,0.0,0.23154582291002285,-1.1996031416976976,True
1228,대조,0,1.0,83.0,1658.16,153072.0,0.0,0.0,0.0,1.0,1,0.0,0.0,0.0,548.41,32.0,1.0,0,1,1.0,4.430816798843313,7.414066729180803,0.0,0,1.0,0.21297863387102775,-1.3070635466652427,True
1229,처치,1,1.0,64.0,2984.87,147415.0,0.0,0.0,0.0,1.0,1,0.0,0.0,0.0,674.58,13.0,1.0,0,1,1.0,4.174387269895637,8.001646440647711,0.0,0,1.0,0.32036358550316385,-0.7521014151127934,True
1233,대조,0,10.0,5.0,411.07,28301.0,0.0,0.0,0.0,1.0,0,0.0,0.0,0.0,30.0,1.0,10.0,0,1,10.0,1.791759469228055,6.021193237830283,0.0,0,1.0,0.03837928879552912,-3.221102142016455,True
1236,대조,0,2.0,26.0,568.93,294.0,0.0,0.0,0.0,0.0,1,0.0,0.0,0.0,283.38,12.0,2.0,0,1,2.0,3.295836866004329,6.345513546269653,0.0,0,0.0,0.07131126707560351,-2.5667192881778673,True
1237,대조,0,,0.0,0.0,0.0,0.0,0.0,0.0,1.0,0,0.0,0.0,0.0,0.0,0.0,90.0,0,0,90.0,0.0,0.0,0.0,0,1.0,0.00019776113621266213,-8.528252857606004,False
1239,대조,0,15.0,4.0,338.86,160.0,0.0,0.0,0.0,0.0,0,0.0,0.0,0.0,78.6,2.0,15.0,0,1,15.0,1.6094379124341003,5.8285337681059595,0.0,0,0.0,0.03476452651851736,-3.323774571572124,True
1240,대조,0,4.0,24.0,1210.18,388.0,0.0,0.0,0.0,0.0,1,0.0,0.0,0.0,622.09,13.0,4.0,0,1,4.0,3.2188758248682006,7.099350369997313,0.0,0,0.0,0.14518977736020963,-1.7728377864178597,True
1245,대조,0,2.0,25.0,602.8100000000001,26610.0,0.0,0.0,0.0,1.0,0,0.0,0.0,0.0,261.54,19.0,2.0,0,1,2.0,3.258096538021482,6.403259578911016,0.0,0,1.0,0.06535407780552864,-2.6603479271303314,True
1251,대조,0,57.0,3.0,19.48,16.0,0.0,0.0,0.0,0.0,0,0.0,0.0,0.0,51.760000000000005,5.0,57.0,0,1,57.0,1.3862943611198906,3.019448800171307,0.0,0,0.0,0.0036712272682994933,-5.603551284523364,False
1257,대조,0,,0.0,0.0,0.0,0.0,0.0,0.0,0.0,1,0.0,0.0,0.0,0.0,0.0,90.0,0,0,90.0,0.0,0.0,0.0,0,0.0,0.0002287646778797536,-8.382587899424106,False
1259,대조,0,3.0,6.0,153.83,84.0,0.0,0.0,0.0,0.0,0,0.0,0.0,0.0,71.67,2.0,3.0,0,1,3.0,1.9459101490553132,5.042327740828745,0.0,0,0.0,0.013966568947468113,-4.2570237181264625,True
1260,대조,0,14.0,15.0,1236.73,537.0,0.0,0.0,0.0,1.0,1,0.0,0.0,0.0,407.99,6.0,14.0,0,1,14.0,2.772588722239781,7.121034335759137,0.0,0,1.0,0.14989965961787094,-1.7353882556477287,True
1261,대조,0,16.0,17.0,308.5,6036.0,1.0,1.49,0.0,0.0,1,0.0,0.0,0.0,198.98,7.0,16.0,0,1,16.0,2.8903717578961645,5.734958092124651,0.0048298217179902755,0,0.0,0.04772301220678889,-2.993442228276492,True
1263,대조,0,7.0,21.0,1140.55,439.0,0.0,0.0,0.0,2.0,1,0.0,0.0,0.0,509.42,7.0,7.0,0,1,7.0,3.091042453358316,7.0401422670254625,0.0,0,2.0,0.1279399716747666,-1.919297078734841,True
1265,대조,0,29.0,6.0,169.13,77.0,0.0,0.0,0.0,0.0,0,0.0,0.0,0.0,33.24,2.0,29.0,0,1,29.0,1.9459101490553132,5.136562850694046,0.0,0,0.0,0.022988023858013927,-3.749525531554033,True
1266,대조,0,10.0,18.0,372.48,196.0,0.0,0.0,0.0,2.0,0,0.0,0.0,0.0,34.58,3.0,10.0,0,1,10.0,2.9444389791664403,5.922864455615725,0.0,0,2.0,0.04125162374278157,-3.145938183608747,True
1269,대조,0,4.0,15.0,632.09,302.0,0.0,0.0,0.0,0.0,0,0.0,0.0,0.0,29.5,4.0,4.0,0,1,4.0,2.772588722239781,6.450612592132331,0.0,0,0.0,0.06765374234484214,-2.623301594476977,True
1270,처치,1,5.0,8.0,173.01,85.0,2.0,2.45,0.0,0.0,1,0.0,0.0,0.0,235.44,5.0,5.0,0,1,5.0,2.1972245773362196,5.159112768827487,0.014161031154268542,0,0.0,0.022370196092736137,-3.7774015334208246,True
1277,대조,0,1.0,33.0,599.57,268.0,0.0,0.0,0.0,0.0,0,0.0,0.0,0.0,433.88,17.0,1.0,0,1,1.0,3.5263605246161616,6.397879204251734,0.0,0,0.0,0.07079703415037157,-2.574510083431677,True
1282,대조,0,1.0,42.0,1467.15,656.0,0.0,0.0,0.0,0.0,0,0.0,0.0,0.0,413.98,12.0,1.0,0,1,1.0,3.7612001156935624,7.291758383790969,0.0,0,0.0,0.1672218393449424,-1.6054459827470533,True
1284,대조,0,3.0,15.0,79.21000000000001,54.0,0.0,0.0,0.0,0.0,0,0.0,0.0,0.0,93.72,12.0,3.0,0,1,3.0,2.772588722239781,4.384648195378833,0.0,0,0.0,0.008405558124618866,-4.77042102640013,True
1285,대조,0,2.0,20.0,576.96,352.0,57.0,36.769999999999996,0.0,0.0,1,17.4,34.0,25.0,209.75,7.0,2.0,1,1,2.0,3.044522437723423,6.359504662125411,0.06373058790904047,0,0.0,0.14573517970180433,-1.7684501026912987,True
1287,대조,0,7.0,19.0,383.34000000000003,213.0,0.0,0.0,2.0,2.0,0,0.0,0.0,0.0,190.83,10.0,7.0,0,1,7.0,2.995732273553991,5.951527577504281,0.0,1,2.0,0.09903521672607017,-2.2079906591926135,True
1288,대조,0,15.0,3.0,324.88,155.0,0.0,0.0,0.0,0.0,0,0.0,0.0,0.0,50.28,1.0,15.0,0,1,15.0,1.3862943611198906,5.786529215442441,0.0,0,0.0,0.03193267982125735,-3.4116716992858485,True
1289,대조,0,1.0,78.0,205.41,138.0,0.0,0.0,0.0,1.0,0,0.0,0.0,0.0,50.58,27.0,1.0,0,1,1.0,4.3694478524670215,5.329864482046166,0.0,0,1.0,0.027610926129470227,-3.5615444374871394,True
1291,대조,0,6.0,17.0,638.65,390.0,0.0,0.0,0.0,0.0,1,0.0,0.0,0.0,258.31,8.0,6.0,0,1,6.0,2.8903717578961645,6.460921151763044,0.0,0,0.0,0.07831142382162386,-2.4655139061681988,True
1292,대조,0,23.0,2.0,34.69,8.0,0.0,0.0,0.0,1.0,0,0.0,0.0,0.0,0.0,0.0,23.0,0,0,23.0,1.0986122886681098,3.574870537502069,0.0,0,1.0,0.003408319450648306,-5.67812179788614,False
1293,대조,0,4.0,23.0,391.86,251.0,0.0,0.0,0.0,0.0,0,0.0,0.0,0.0,198.06,10.0,4.0,0,1,4.0,3.1780538303479458,5.973453314306131,0.0,0,0.0,0.04588763839394856,-3.034585679215656,True
1294,대조,0,19.0,6.0,597.78,280.0,0.0,0.0,0.0,0.0,0,0.0,0.0,0.0,421.09,4.0,19.0,0,1,19.0,1.9459101490553132,6.394894251854076,0.0,0,0.0,0.06855018832119235,-2.609176156341245,True
1296,대조,0,6.0,11.0,311.7,215.0,0.0,0.0,0.0,0.0,1,0.0,0.0,0.0,109.94,4.0,6.0,0,1,6.0,2.4849066497880004,5.745244264463795,0.0,0,0.0,0.036095922653861336,-3.2848118717484027,True
1300,대조,0,12.0,9.0,69.6,52.0,1.0,0.84,0.0,0.0,1,0.0,0.0,0.0,39.62,1.0,12.0,0,1,12.0,2.302585092994046,4.257030144499196,0.01206896551724138,0,0.0,0.009913388421825379,-4.603906216386104,True
1301,대조,0,6.0,21.0,338.36,148.0,0.0,0.0,0.0,2.0,0,0.0,0.0,0.0,58.81,5.0,6.0,0,1,6.0,3.091042453358316,5.827061490816372,0.0,0,2.0,0.036312147479616856,-3.278615111132483,True
1304,대조,0,18.0,14.0,154.28,75.0,0.0,0.0,0.0,0.0,0,0.0,0.0,0.0,21.73,3.0,18.0,0,1,18.0,2.70805020110221,5.045229938860754,0.0,0,0.0,0.02053000509989949,-3.8651241243945287,True
1305,처치,1,3.0,60.0,1702.13,79509.0,20.0,33.9,0.0,0.0,1,17.34,24.0,10.0,862.25,39.0,3.0,1,1,3.0,4.110873864173311,7.440223013627116,0.019916222615193904,0,0.0,0.2692990011987173,-0.9981820547753858,True
1306,처치,1,1.0,34.0,629.18,5018.0,21.0,13.559999999999999,0.0,0.0,1,0.0,0.0,0.0,207.14000000000001,8.0,1.0,0,1,1.0,3.5553480614894135,6.446005492862739,0.021551861152611335,0,0.0,0.10480333017580934,-2.1449578890864527,True
1307,대조,0,7.0,14.0,262.49,109.0,0.0,0.0,0.0,0.0,0,0.0,0.0,0.0,177.54999999999998,13.0,7.0,0,1,7.0,2.70805020110221,5.574015416597136,0.0,0,0.0,0.029506723250535858,-3.4931863307930944,True
1317,대조,0,7.0,33.0,767.4300000000001,407.0,0.0,0.0,0.0,2.0,0,0.0,0.0,0.0,152.83,9.0,7.0,0,1,7.0,3.5263605246161616,6.644349472297815,0.0,0,2.0,0.08844679391680574,-2.332748791879506,True
1318,대조,0,6.0,12.0,634.49,31074.0,0.0,0.0,0.0,0.0,1,0.0,0.0,0.0,442.54,5.0,6.0,0,1,6.0,2.5649493574615367,6.454396354864475,0.0,0,0.0,0.07328878507304365,-2.537234393704153,True
1319,대조,0,10.0,8.0,140.79,66.0,0.0,0.0,0.0,1.0,0,0.0,0.0,0.0,44.72,2.0,10.0,0,1,10.0,2.1972245773362196,4.954347089749467,0.0,0,1.0,0.014192701582472848,-4.240733038379288,True
1321,대조,0,3.0,44.0,283.22,203.0,0.0,0.0,0.0,0.0,1,0.0,0.0,0.0,110.28,7.0,3.0,0,1,3.0,3.8066624897703196,5.649748586163716,0.0,0,0.0,0.04043806694913839,-3.166705268034278,True
1325,대조,0,3.0,4.0,129.62,41.0,0.0,0.0,0.0,0.0,0,0.0,0.0,0.0,53.68,1.0,3.0,0,1,3.0,1.6094379124341003,4.872292344474511,0.0,0,0.0,0.010990902591170953,-4.499635636725584,True
1326,대조,0,1.0,59.0,1848.3700000000001,92960.0,0.0,0.0,0.0,0.0,1,0.0,0.0,0.0,757.8,31.0,1.0,0,1,1.0,4.0943445622221,7.522600319534733,0.0,0,0.0,0.22993163932609853,-1.2086972465798151,True
1330,대조,0,2.0,7.0,164.22,52.0,0.0,0.0,0.0,1.0,0,0.0,0.0,0.0,47.03,3.0,2.0,0,1,2.0,2.0794415416798357,5.10727791913436,0.0,0,1.0,0.014305176000545775,-4.232725367711494,True
1331,대조,0,10.0,20.0,453.53,205.0,0.0,0.0,0.0,1.0,0,0.0,0.0,0.0,52.78,5.0,10.0,0,1,10.0,3.044522437723423,6.119263918039854,0.0,0,1.0,0.05366974137131181,-2.8697422514197695,True
1333,대조,0,1.0,15.0,938.56,362.0,18.0,30.9,0.0,0.0,1,33.089999999999996,20.0,18.0,500.55,11.0,1.0,1,1,1.0,2.772588722239781,6.845411680571635,0.03292277531537675,0,0.0,0.14925861949678226,-1.7404276790075588,True
1337,처치,1,1.0,34.0,1679.49,119202.0,3.0,21.47,0.0,0.0,1,0.0,0.0,0.0,893.38,15.0,1.0,0,1,1.0,3.5553480614894135,7.426840696537518,0.01278364265342455,0,0.0,0.22307555500461754,-1.2478325804951076,True
1344,대조,0,8.0,4.0,566.6700000000001,199.0,0.0,0.0,0.0,0.0,0,0.0,0.0,0.0,63.66,2.0,8.0,0,1,8.0,1.6094379124341003,6.341540263967944,0.0,0,0.0,0.051907199210203606,-2.904994894934363,True
1345,대조,0,9.0,2.0,58.61,27.0,0.0,0.0,0.0,1.0,0,0.0,0.0,0.0,10.08,1.0,9.0,0,1,9.0,1.0986122886681098,4.087823345231835,0.0,0,1.0,0.004633226420531252,-5.369857809402118,False
1347,대조,0,2.0,17.0,402.42,9908.0,0.0,0.0,0.0,0.0,0,0.0,0.0,0.0,44.82,3.0,2.0,0,1,2.0,2.8903717578961645,5.999978202873186,0.0,0,0.0,0.04326287744724981,-3.0962337311355235,True
1349,대조,0,2.0,31.0,763.17,24440.0,0.0,0.0,0.0,0.0,0,0.0,0.0,0.0,391.16,10.0,2.0,0,1,2.0,3.4657359027997265,6.63879027750316,0.0,0,0.0,0.0892926197021649,-2.3223028001698034,True
1350,대조,0,7.0,9.0,73.5,52.0,0.0,0.0,0.0,2.0,0,0.0,0.0,0.0,47.25,8.0,7.0,0,1,7.0,2.302585092994046,4.310799125385514,0.0,0,2.0,0.006796428277701473,-4.984538428894804,False
1351,대조,0,3.0,11.0,37.71,40.0,0.0,0.0,0.0,0.0,0,0.0,0.0,0.0,6.46,4.0,3.0,0,1,3.0,2.4849066497880004,3.6560979645895566,0.0,0,0.0,0.0037603433879048083,-5.579477567926704,False
1354,대조,0,12.0,16.0,341.73,14563.0,0.0,0.0,0.0,0.0,1,0.0,0.0,0.0,148.85,6.0,12.0,0,1,12.0,2.833213344056216,5.836942965171707,0.0,0,0.0,0.04626624804377256,-3.025971835178381,True
1356,대조,0,5.0,11.0,307.83,150.0,0.0,0.0,0.0,0.0,0,0.0,0.0,0.0,128.31,6.0,5.0,0,1,5.0,2.4849066497880004,5.732790963690908,0.0,0,0.0,0.032123706766764286,-3.4055099967456988,True
1357,대조,0,3.0,13.0,465.92,9849.0,0.0,0.0,0.0,1.0,1,0.0,0.0,0.0,225.85,6.0,3.0,0,1,3.0,2.6390573296152584,6.146157936784463,0.0,0,1.0,0.05014640070308,-2.9413611255100047,True
1363,대조,0,,0.0,0.0,0.0,0.0,0.0,0.0,0.0,1,0.0,0.0,0.0,262.31,6.0,90.0,0,1,90.0,0.0,0.0,0.0,0,0.0,0.0002287646778797536,-8.382587899424106,False
1364,대조,0,14.0,11.0,171.11,81.0,0.0,0.0,1.0,2.0,1,0.0,0.0,0.0,83.89,9.0,14.0,0,1,14.0,2.4849066497880004,5.14813380728189,0.0,1,2.0,0.05038842944943598,-2.9362914535733875,True
1366,대조,0,2.0,42.0,450.84000000000003,9455.0,0.0,0.0,0.0,2.0,0,0.0,0.0,0.0,138.79,6.0,2.0,0,1,2.0,3.7612001156935624,6.1133281348648225,0.0,0,2.0,0.0515354394403269,-2.912574709528518,True
1367,대조,0,1.0,28.0,1271.52,107959.0,0.0,0.0,0.0,1.0,1,6.99,1.0,1.0,397.69,8.0,1.0,1,1,1.0,3.367295829986474,7.148754465393504,0.0,0,1.0,0.14268522397206937,-1.79316417805028,True
1369,대조,0,13.0,6.0,190.86,66.0,0.0,0.0,0.0,0.0,1,0.0,0.0,0.0,36.28,3.0,13.0,0,1,13.0,1.9459101490553132,5.256765939389801,0.0,0,0.0,0.02218446571239709,-3.7859287357376363,True
1370,대조,0,1.0,12.0,1319.63,605.0,0.0,0.0,0.0,0.0,1,0.0,0.0,0.0,366.31,4.0,1.0,0,1,1.0,2.5649493574615367,7.1858641744492875,0.0,0,0.0,0.13452594026055772,-1.8615203579143889,True
1374,대조,0,1.0,14.0,396.97,161.0,0.0,0.0,0.0,0.0,0,0.0,0.0,0.0,214.51,5.0,1.0,0,1,1.0,2.70805020110221,5.986376625559036,0.0,0,0.0,0.04060324572018418,-3.1624566987300464,True
1375,대조,0,5.0,21.0,601.85,262.0,0.0,0.0,0.0,1.0,0,0.0,0.0,0.0,139.98,7.0,5.0,0,1,5.0,3.091042453358316,6.40166840956332,0.0,0,1.0,0.06611169184352199,-2.6480112343045934,True
1376,대조,0,1.0,41.0,1984.18,219157.0,1.0,3.29,0.0,0.0,1,8.99,1.0,1.0,874.35,17.0,1.0,1,1,1.0,3.7376696182833684,7.593464869110854,0.0016581156951486257,0,0.0,0.23413257773466006,-1.1851215503459842,True
1382,대조,0,4.0,24.0,624.22,212.0,0.0,0.0,0.0,2.0,1,0.0,0.0,0.0,128.49,8.0,4.0,0,1,4.0,3.2188758248682006,6.438103587798936,0.0,0,2.0,0.07161131248574348,-2.5621974323020154,True
1383,대조,0,3.0,15.0,107.58,32.0,0.0,0.0,0.0,0.0,0,0.0,0.0,0.0,51.8,6.0,3.0,0,1,3.0,2.772588722239781,4.687487228477305,0.0,0,0.0,0.011452835522702902,-4.457999011405546,True
1385,대조,0,3.0,11.0,768.05,343.0,2.0,50.97,0.0,1.0,0,0.0,0.0,0.0,236.94,5.0,3.0,0,1,3.0,2.4849066497880004,6.645155986897819,0.0663628670008463,0,1.0,0.15696891641549854,-1.6809560287694503,True
1387,대조,0,14.0,8.0,231.25,95.0,0.0,0.0,0.0,0.0,0,0.0,0.0,0.0,93.9,4.0,14.0,0,1,14.0,2.1972245773362196,5.447814377693948,0.0,0,0.0,0.02621302497370828,-3.614936144612944,True
1389,대조,0,6.0,3.0,215.2,84.0,0.0,0.0,0.0,0.0,1,0.0,0.0,0.0,59.38,1.0,6.0,0,1,6.0,1.3862943611198906,5.376203905205108,0.0,0,0.0,0.02013547883775337,-3.8849309430119714,True
1390,대조,0,3.0,39.0,1208.8700000000001,596.0,0.0,0.0,0.0,0.0,0,0.0,0.0,0.0,460.45,20.0,3.0,0,1,3.0,3.6888794541139363,7.0982681948023805,0.0,0,0.0,0.143325248330137,-1.7879418154940228,True
1391,대조,0,12.0,26.0,1322.08,141781.0,0.0,0.0,0.0,3.0,1,0.0,0.0,0.0,504.2,8.0,12.0,0,1,12.0,3.295836866004329,7.187717630918699,0.0,0,3.0,0.1543546789518183,-1.7008469650423053,True
1392,대조,0,3.0,18.0,391.33,10298.0,0.0,0.0,0.0,1.0,0,0.0,0.0,0.0,119.03,5.0,3.0,0,1,3.0,2.9444389791664403,5.972103322379354,0.0,0,1.0,0.04101225916258694,-3.152007265547724,True
1393,대조,0,5.0,33.0,851.94,366.0,1.0,2.69,1.0,3.0,1,0.0,0.0,0.0,206.2,8.0,5.0,0,1,5.0,3.5263605246161616,6.7486892050411535,0.00315749935441463,1,3.0,0.22593722634730556,-1.2313957720467539,True
1396,대조,0,2.0,39.0,1000.72,11685.0,0.0,0.0,0.0,0.0,1,0.0,0.0,0.0,481.24,17.0,2.0,0,1,2.0,3.6888794541139363,6.909473801476102,0.0,0,0.0,0.12938361308295782,-1.9064197151389026,True
1397,대조,0,2.0,29.0,537.54,4204.0,0.0,0.0,0.0,0.0,1,0.0,0.0,0.0,341.3,18.0,2.0,0,1,2.0,3.4011973816621555,6.288861774246333,0.0,0,0.0,0.06887357555020426,-2.6041224767186493,True
1402,대조,0,2.0,32.0,538.48,33237.0,0.0,0.0,0.0,0.0,1,0.0,0.0,0.0,191.13,13.0,2.0,0,1,2.0,3.4965075614664802,6.290605712648657,0.0,0,0.0,0.07022167215347484,-2.583289217058967,True
1403,대조,0,6.0,30.0,496.51,141484.0,0.0,0.0,0.0,0.0,0,0.0,0.0,0.0,249.98,6.0,6.0,0,1,6.0,3.4339872044851463,6.209615656899148,0.0,0,0.0,0.06248662934292144,-2.7082784164343785,True
1405,대조,0,21.0,6.0,388.63,157.0,1.0,2.5,0.0,1.0,0,0.0,0.0,0.0,71.48,1.0,21.0,0,1,21.0,1.9459101490553132,5.965197570857262,0.00643285387129146,0,1.0,0.047865138120563415,-2.9903192523746482,True
1408,대조,0,4.0,4.0,85.29,47.0,0.0,0.0,0.0,0.0,0,0.0,0.0,0.0,21.92,2.0,4.0,0,1,4.0,1.6094379124341003,4.4577137165202165,0.0,0,0.0,0.0073072581518890765,-4.911553070462931,True
1409,대조,0,13.0,8.0,523.77,249.0,0.0,0.0,0.0,0.0,0,0.0,0.0,0.0,209.66,5.0,13.0,0,1,13.0,2.1972245773362196,6.262960071361773,0.0,0,0.0,0.05787915902429969,-2.7897761756242163,True
1417,대조,0,3.0,1.0,10.56,12.0,0.0,0.0,0.0,0.0,0,0.0,0.0,0.0,438.33,8.0,3.0,0,1,3.0,0.6931471805599453,2.4475508632442313,0.0,0,0.0,0.0007579801355826263,-7.1840951114728995,False
1418,대조,0,9.0,5.0,197.48,78.0,0.0,0.0,0.0,0.0,1,0.0,0.0,0.0,117.12,3.0,9.0,0,1,9.0,1.791759469228055,5.2906883393835455,0.0,0,0.0,0.020941919769013228,-3.8448380860958196,True
1419,대조,0,3.0,111.0,1320.02,22823.0,0.0,0.0,0.0,0.0,1,0.0,0.0,0.0,451.67,18.0,3.0,0,1,3.0,4.718498871295094,7.1861594444531365,0.0,0,0.0,0.1978833784915066,-1.3995761509975413,True
1420,대조,0,3.0,14.0,833.12,342.0,0.0,0.0,0.0,2.0,0,0.0,0.0,0.0,283.29,3.0,3.0,0,1,3.0,2.70805020110221,6.726377276900394,0.0,0,2.0,0.07765323723180519,-2.4746680125281113,True
1423,대조,0,2.0,34.0,254.71,157.0,0.0,0.0,0.0,0.0,1,0.0,0.0,0.0,93.75,5.0,2.0,0,1,2.0,3.5553480614894135,5.544043989862504,0.0,0,0.0,0.03416721620254177,-3.341724123811911,True
1424,대조,0,4.0,3.0,37.12,20.0,0.0,0.0,0.0,0.0,0,0.0,0.0,0.0,23.06,3.0,4.0,0,1,4.0,1.3862943611198906,3.6407390787860012,0.0,0,0.0,0.0030215979521156914,-5.79894329211869,False
1425,대조,0,5.0,13.0,441.72,163.0,0.0,0.0,0.0,0.0,1,0.0,0.0,0.0,473.9,12.0,5.0,0,1,5.0,2.6390573296152584,6.092937516038615,0.0,0,0.0,0.05160701667623031,-2.9111113103881032,True
1426,대조,0,50.0,4.0,106.68,44.0,0.0,0.0,0.0,2.0,0,0.0,0.0,0.0,47.49,1.0,50.0,0,1,50.0,1.6094379124341003,4.679163865896418,0.0,0,2.0,0.016883315847669656,-4.06440190884044,True
1428,대조,0,1.0,20.0,729.44,51183.0,30.0,17.22,0.0,0.0,1,0.0,0.0,0.0,324.84000000000003,9.0,1.0,0,1,1.0,3.044522437723423,6.593647092293834,0.023607150690940992,0,0.0,0.11226980328429059,-2.067762931995499,True
1429,대조,0,2.0,10.0,111.17,59.0,0.0,0.0,0.0,0.0,1,0.0,0.0,0.0,56.25,4.0,2.0,0,1,2.0,2.3978952727983707,4.720015577657132,0.0,0,0.0,0.01185617205931169,-4.422979681118131,True
1431,대조,0,8.0,21.0,399.89,149.0,0.0,0.0,0.0,0.0,0,0.0,0.0,0.0,106.26,4.0,8.0,0,1,8.0,3.091042453358316,5.99368707546108,0.0,0,0.0,0.048894118615007975,-2.9679682777149905,True
1437,대조,0,7.0,21.0,885.8,475.0,0.0,0.0,0.0,0.0,1,0.0,0.0,0.0,316.78000000000003,5.0,7.0,0,1,7.0,3.091042453358316,6.787619477742156,0.0,0,0.0,0.11178641874706295,-2.0726221582711952,True
1438,대조,0,23.0,5.0,471.2,155.0,0.0,0.0,0.0,0.0,1,0.0,0.0,0.0,86.14,2.0,23.0,0,1,23.0,1.791759469228055,6.157402624651413,0.0,0,0.0,0.06123897849438289,-2.7297770533436134,True
1440,대조,0,11.0,2.0,60.21,25.0,0.0,0.0,0.0,0.0,0,0.0,0.0,0.0,57.3,3.0,11.0,0,1,11.0,1.0986122886681098,4.114310574862978,0.0,0,0.0,0.005181951716282708,-5.257378089876956,False
1443,대조,0,19.0,24.0,285.67,96.0,0.0,0.0,0.0,0.0,1,0.0,0.0,0.0,82.43,6.0,19.0,0,1,19.0,3.2188758248682006,5.658331728418817,0.0,0,0.0,0.04640839567565168,-3.022755107932351,True
1446,대조,0,2.0,8.0,488.44,238.0,0.0,0.0,0.0,0.0,0,0.0,0.0,0.0,341.37,4.0,2.0,0,1,2.0,2.1972245773362196,6.193261880402593,0.0,0,0.0,0.04585810875352674,-3.0352603563374996,True
1447,대조,0,15.0,4.0,55.72,17.0,0.0,0.0,0.0,0.0,0,0.0,0.0,0.0,9.99,1.0,15.0,0,1,15.0,1.6094379124341003,4.038126882223872,0.0,0,0.0,0.0056477361022975224,-5.170836759112451,False
1448,대조,0,12.0,19.0,603.67,219.0,0.0,0.0,0.0,0.0,0,0.0,0.0,0.0,208.17,13.0,12.0,0,1,12.0,2.995732273553991,6.40468285467094,0.0,0,0.0,0.07586652355393605,-2.499880989026651,True
1454,대조,0,2.0,25.0,706.29,32328.0,0.0,0.0,0.0,0.0,1,0.0,0.0,0.0,214.28,8.0,2.0,0,1,2.0,3.258096538021482,6.561440765669695,0.0,0,0.0,0.08694690993252085,-2.351496326210369,True
1456,대조,0,34.0,20.0,540.89,256.0,0.0,0.0,0.0,0.0,0,0.0,0.0,0.0,43.09,5.0,34.0,0,1,34.0,3.044522437723423,6.295063028812576,0.0,0,0.0,0.09482760082661824,-2.2560649070362424,True
1458,대조,0,1.0,16.0,345.01,10263.0,0.0,0.0,0.0,0.0,0,0.0,0.0,0.0,133.4,4.0,1.0,0,1,1.0,2.833213344056216,5.846467676374181,0.0,0,0.0,0.03620096907383624,-3.2817969102649154,True
1459,대조,0,5.0,13.0,755.8,267.0,0.0,0.0,0.0,0.0,0,0.0,0.0,0.0,95.01,3.0,5.0,0,1,5.0,2.6390573296152584,6.629099017737668,0.0,0,0.0,0.07943457656470514,-2.450054325380799,True
1460,대조,0,8.0,6.0,298.96,7015.0,0.0,0.0,0.0,1.0,0,0.0,0.0,0.0,207.54,3.0,8.0,0,1,8.0,1.9459101490553132,5.703649132433188,0.0,0,1.0,0.02793697323788333,-3.5494696275299282,True
1462,대조,0,1.0,20.0,698.83,10511.0,0.0,0.0,0.0,0.0,1,0.0,0.0,0.0,297.56,4.0,1.0,0,1,1.0,3.044522437723423,6.550837448405976,0.0,0,0.0,0.08159522230245406,-2.420867517707669,True
1463,대조,0,12.0,16.0,447.49,77613.0,0.0,0.0,0.0,2.0,0,0.0,0.0,0.0,222.85999999999999,9.0,12.0,0,1,12.0,2.833213344056216,6.105886384706244,0.0,0,2.0,0.049841671298391295,-2.9477772253079464,True
1464,대조,0,4.0,14.0,406.18,20446.0,0.0,0.0,0.0,0.0,0,0.0,0.0,0.0,74.26,2.0,4.0,0,1,4.0,2.70805020110221,6.009255348116531,0.0,0,0.0,0.043458659564670266,-3.091513877088639,True
1467,대조,0,1.0,135.0,270.09,287.0,0.0,0.0,0.0,0.0,1,0.0,0.0,0.0,205.66,59.0,1.0,0,1,1.0,4.912654885736052,5.602450869066632,0.0,0,0.0,0.046256841917897314,-3.026185022494024,True
1468,대조,0,,0.0,0.0,0.0,0.0,0.0,0.0,1.0,1,0.0,0.0,0.0,106.87,1.0,90.0,0,1,90.0,0.0,0.0,0.0,0,1.0,0.00021682954947126366,-8.436182146326969,False
1470,처치,1,1.0,20.0,344.36,26305.0,20.0,25.83,0.0,1.0,1,0.0,0.0,0.0,16.44,3.0,1.0,0,1,1.0,3.044522437723423,5.844587351247222,0.07500871181321872,0,1.0,0.09784145183572486,-2.221441948488411,True
1474,대조,0,1.0,8.0,240.26,140.0,0.0,0.0,0.0,0.0,1,0.0,0.0,0.0,151.10999999999999,2.0,1.0,0,1,1.0,2.1972245773362196,5.485875190137238,0.0,0,0.0,0.02439354366186402,-3.688740790869266,True
1479,대조,0,1.0,103.0,1376.6100000000001,642.0,1.0,2.5,0.0,0.0,1,0.0,0.0,0.0,288.46,36.0,1.0,0,1,1.0,4.6443908991413725,7.228105392648281,0.0018160553824249422,0,0.0,0.20118626209087387,-1.3788966435494805,True
1481,대조,0,3.0,15.0,416.16,195.0,0.0,0.0,0.0,0.0,1,0.0,0.0,0.0,316.7,18.0,3.0,0,1,3.0,2.772588722239781,6.033469841253012,0.0,0,0.0,0.04845950867496893,-2.9773536645235543,True
1484,대조,0,8.0,12.0,381.75,201.0,0.0,0.0,0.0,0.0,1,0.0,0.0,0.0,109.38,4.0,8.0,0,1,8.0,2.5649493574615367,5.947382034537793,0.0,0,0.0,0.046144584536163255,-3.02873249461004,True
1485,대조,0,20.0,7.0,202.64,49.0,0.0,0.0,0.0,1.0,1,0.0,0.0,0.0,74.23,3.0,20.0,0,1,20.0,2.0794415416798357,5.316353729034136,0.0,0,1.0,0.025557813314857004,-3.6409221162688477,True
1488,대조,0,1.0,14.0,580.78,4757.0,0.0,0.0,0.0,0.0,1,0.0,0.0,0.0,127.41,1.0,1.0,0,1,1.0,2.70805020110221,6.366092369395978,0.0,0,0.0,0.06424471149180269,-2.678654589417751,True
1489,처치,1,1.0,78.0,2429.51,96847.0,3.0,6.68,0.0,0.0,0,1.98,2.0,1.0,1099.32,32.0,1.0,1,1,1.0,4.3694478524670215,7.7958563908568035,0.0027495256245086454,0,0.0,0.2833423009313526,-0.9279426087865016,True
1490,대조,0,2.0,21.0,554.97,33722.0,0.0,0.0,0.0,2.0,0,0.0,0.0,0.0,39.269999999999996,5.0,2.0,0,1,2.0,3.091042453358316,6.320714335960328,0.0,0,2.0,0.05559502367597324,-2.8324613794741356,True
1492,대조,0,5.0,16.0,249.14,108.0,0.0,0.0,0.0,1.0,1,0.0,0.0,0.0,46.14,4.0,5.0,0,1,5.0,2.833213344056216,5.522020761120761,0.0,0,1.0,0.02889085025555551,-3.514913926761175,True
1493,대조,0,22.0,6.0,131.39000000000001,72.0,0.0,0.0,0.0,0.0,0,0.0,0.0,0.0,0.0,0.0,22.0,0,0,22.0,1.9459101490553132,4.885752111949565,0.0,0,0.0,0.01600478680373035,-4.118733179673542,True
1494,대조,0,5.0,14.0,462.74,221.0,0.0,0.0,0.0,0.0,1,0.0,0.0,0.0,168.86,5.0,5.0,0,1,5.0,2.70805020110221,6.1393240503468345,0.0,0,0.0,0.054708277847635704,-2.849478550800733,True
1495,대조,0,6.0,19.0,236.96,168.0,0.0,0.0,0.0,0.0,0,0.0,0.0,0.0,148.42,11.0,6.0,0,1,6.0,2.995732273553991,5.472102592319705,0.0,0,0.0,0.027742587615007402,-3.556651905417675,True
1499,대조,0,11.0,14.0,344.32,152.0,0.0,0.0,0.0,0.0,1,0.0,0.0,0.0,96.8,3.0,11.0,0,1,11.0,2.70805020110221,5.8444715233673215,0.0,0,0.0,0.04483131455287095,-3.058981078059369,True
1501,대조,0,2.0,30.0,1240.28,173673.0,0.0,0.0,0.0,0.0,0,0.0,0.0,0.0,391.95,10.0,2.0,0,1,2.0,3.4339872044851463,7.123898384251603,0.0,0,0.0,0.1384546966565093,-1.8281844690054205,True
1502,대조,0,19.0,5.0,222.0,101.0,0.0,0.0,0.0,3.0,0,0.0,0.0,0.0,77.59,4.0,19.0,0,1,19.0,1.791759469228055,5.407171771460119,0.0,0,3.0,0.021463134013746683,-3.8197216958241613,True
1505,대조,0,2.0,10.0,527.74,221.0,0.0,0.0,0.0,0.0,1,0.0,0.0,0.0,318.79,5.0,2.0,0,1,2.0,2.3978952727983707,6.270496817652093,0.0,0,0.0,0.05607083617831238,-2.823435301866934,True
1506,대조,0,7.0,22.0,517.78,263.0,0.0,0.0,0.0,0.0,0,0.0,0.0,0.0,35.3,4.0,7.0,0,1,7.0,3.1354942159291497,6.251479901198042,0.0,0,0.0,0.062449019102688935,-2.7089206064641296,True
1508,대조,0,33.0,3.0,66.87,28.0,0.0,0.0,0.0,1.0,0,0.0,0.0,0.0,131.95,5.0,33.0,0,1,33.0,1.3862943611198906,4.217594110715667,0.0,0,1.0,0.008164130850821013,-4.799807366506826,True
1509,대조,0,1.0,37.0,957.9200000000001,97564.0,0.0,0.0,0.0,0.0,1,0.0,0.0,0.0,295.0,10.0,1.0,0,1,1.0,3.6375861597263857,6.8658076511743715,0.0,0,0.0,0.12158651920058919,-1.977491316082188,True
1510,대조,0,1.0,195.0,1555.13,82064.0,0.0,0.0,0.0,0.0,0,0.0,0.0,0.0,664.35,74.0,1.0,0,1,1.0,5.278114659230517,7.349957248806275,0.0,0,0.0,0.22400692804618877,-1.2424666120944083,True
1511,대조,0,1.0,23.0,505.34000000000003,249.0,0.0,0.0,0.0,0.0,0,0.0,0.0,0.0,302.24,10.0,1.0,0,1,1.0,3.1780538303479458,6.22720838039793,0.0,0,0.0,0.056245450458570406,-2.8201409641807853,True
1512,대조,0,9.0,6.0,231.76,6359.0,10.0,4.2,0.0,1.0,0,35.03,21.0,16.0,160.06,7.0,9.0,1,1,9.0,1.9459101490553132,5.450007879788469,0.018122195374525373,0,1.0,0.02770094678988176,-3.558196832302716,True
1515,대조,0,5.0,11.0,636.12,245.0,0.0,0.0,0.0,0.0,0,0.0,0.0,0.0,421.2,12.0,5.0,0,1,5.0,2.4849066497880004,6.456958020875831,0.0,0,0.0,0.06547147909579426,-2.658427532231141,True
1517,대조,0,8.0,19.0,426.95,224.0,0.0,0.0,0.0,0.0,1,0.0,0.0,0.0,120.56,6.0,8.0,0,1,8.0,2.995732273553991,6.059006366327619,0.0,0,0.0,0.055853694739509914,-2.827545460504375,True
1518,대조,0,18.0,3.0,46.25,13.0,0.0,0.0,0.0,1.0,0,0.0,0.0,0.0,60.97,3.0,18.0,0,1,18.0,1.3862943611198906,3.855452653939752,0.0,0,1.0,0.00445125058397269,-5.4101090052825,False
1520,대조,0,3.0,19.0,490.93,122941.0,0.0,0.0,0.0,0.0,0,0.0,0.0,0.0,259.63,7.0,3.0,0,1,3.0,2.995732273553991,6.198336429947293,0.0,0,0.0,0.05443489265037421,-2.854777388698756,True
1524,대조,0,15.0,9.0,469.86,34198.0,0.0,0.0,0.0,0.0,1,0.0,0.0,0.0,247.07999999999998,5.0,15.0,0,1,15.0,2.302585092994046,6.154560809916804,0.0,0,0.0,0.05969626194671097,-2.7569335441785445,True
1526,대조,0,2.0,30.0,409.08,237.0,0.0,0.0,0.0,0.0,0,0.0,0.0,0.0,167.71,11.0,2.0,0,1,2.0,3.4339872044851463,6.016352262615761,0.0,0,0.0,0.04876364200680832,-2.970777573601662,True
1528,처치,1,5.0,31.0,1206.72,55717.0,1.0,2.19,0.0,2.0,1,0.0,0.0,0.0,439.36,7.0,5.0,0,1,5.0,3.4657359027997265,7.096489563548282,0.0018148369132856006,0,2.0,0.14256497465207235,-1.7941475457201435,True
1529,처치,1,6.0,46.0,1384.73,128809.0,44.0,137.68,0.0,0.0,1,8.99,1.0,1.0,670.7,14.0,6.0,1,1,6.0,3.8501476017100584,7.233982355578047,0.09942732518252656,0,0.0,0.4563271133418497,-0.1751378485466745,True
1530,대조,0,15.0,7.0,149.06,61.0,0.0,0.0,0.0,1.0,0,0.0,0.0,0.0,96.77,4.0,15.0,0,1,15.0,2.0794415416798357,5.011035214117583,0.0,0,1.0,0.015877099506605746,-4.126872999709645,True
1532,대조,0,44.0,1.0,58.82000000000001,8.0,0.0,0.0,0.0,0.0,0,0.0,0.0,0.0,0.0,0.0,44.0,0,0,44.0,0.6931471805599453,4.091340053201802,0.0,0,0.0,0.007834845688530212,-4.8413083991607415,True
1535,대조,0,1.0,41.0,1458.41,24272.0,0.0,0.0,0.0,0.0,0,0.0,0.0,0.0,595.36,13.0,1.0,0,1,1.0,3.7376696182833684,7.285787523439057,0.0,0,0.0,0.1657150870703405,-1.6163049954342794,True
1536,대조,0,4.0,21.0,895.54,72527.0,0.0,0.0,0.0,1.0,1,0.0,0.0,0.0,576.5,12.0,4.0,0,1,4.0,3.091042453358316,6.798542910008565,0.0,0,1.0,0.10318857767964928,-2.1622874429070515,True
1537,대조,0,12.0,11.0,219.66,24050.0,0.0,0.0,0.0,0.0,1,0.0,0.0,0.0,13.38,4.0,12.0,0,1,12.0,2.4849066497880004,5.39662305533216,0.0,0,0.0,0.027928422933449545,-3.5497845273114943,True
1540,대조,0,1.0,25.0,535.45,320.0,0.0,0.0,0.0,0.0,1,0.0,0.0,0.0,207.56,7.0,1.0,0,1,1.0,3.258096538021482,6.284973361082756,0.0,0,0.0,0.0658355666413704,-2.6524922568157994,True
1541,처치,1,9.0,15.0,1035.48,398.0,0.0,0.0,0.0,0.0,1,0.0,0.0,0.0,98.78,1.0,9.0,0,1,9.0,2.772588722239781,6.943585635982965,0.0,0,0.0,0.12523557288427362,-1.943758077178504,True
1542,대조,0,8.0,23.0,339.71,131.0,0.0,0.0,0.0,1.0,0,0.0,0.0,0.0,67.08,5.0,8.0,0,1,8.0,3.1780538303479458,5.831031675571665,0.0,0,1.0,0.04023357287458773,-3.171988156562197,True
1544,대조,0,45.0,2.0,63.32,35.0,0.0,0.0,0.0,2.0,0,0.0,0.0,0.0,92.19,3.0,45.0,0,1,45.0,1.0986122886681098,4.163870624870711,0.0,0,2.0,0.008351588981923935,-4.776916802089828,True
1545,대조,0,6.0,30.0,765.29,296.0,1.0,4.79,0.0,0.0,1,0.0,0.0,0.0,236.37,12.0,6.0,0,1,6.0,3.4339872044851463,6.641560688171779,0.006259065190973357,0,0.0,0.11020158838636482,-2.08868362298111,True
1546,대조,0,6.0,15.0,677.54,451.0,0.0,0.0,0.0,0.0,0,0.0,0.0,0.0,123.65,1.0,6.0,0,1,6.0,2.772588722239781,6.51994343111129,0.0,0,0.0,0.07445300571569821,-2.5202167773212634,True
1547,대조,0,6.0,9.0,104.59,25001.0,0.0,0.0,0.0,0.0,0,0.0,0.0,0.0,76.8,11.0,6.0,0,1,6.0,2.302585092994046,4.659563669818423,0.0,0,0.0,0.010630620427626171,-4.533329193460396,True
1548,대조,0,14.0,5.0,99.24000000000001,46.0,0.0,0.0,0.0,2.0,0,0.0,0.0,0.0,22.72,1.0,14.0,0,1,14.0,1.791759469228055,4.607567310587813,0.0,0,2.0,0.00928584679154843,-4.66993465934826,True
1549,대조,0,3.0,17.0,175.47,110.0,0.0,0.0,0.0,2.0,1,0.0,0.0,0.0,82.77,8.0,3.0,0,1,3.0,2.8903717578961645,5.173150890255142,0.0,0,2.0,0.018917618442882093,-3.948562752573071,True
1551,대조,0,,0.0,0.0,0.0,0.0,0.0,0.0,1.0,0,0.0,0.0,0.0,0.0,0.0,90.0,0,0,90.0,0.0,0.0,0.0,0,1.0,0.00019776113621266213,-8.528252857606004,False
1555,대조,0,1.0,17.0,348.2,195.0,0.0,0.0,0.0,0.0,0,0.0,0.0,0.0,18.81,2.0,1.0,0,1,1.0,2.8903717578961645,5.855644823965447,0.0,0,0.0,0.036936667750411156,-3.2609144115908237,True
1556,대조,0,8.0,13.0,452.08,292.0,0.0,0.0,0.0,0.0,1,0.0,0.0,0.0,100.48,7.0,8.0,0,1,8.0,2.6390573296152584,6.116068710332513,0.0,0,0.0,0.05520533464345772,-2.8399080278417426,True
1563,대조,0,1.0,24.0,717.37,4117.0,0.0,0.0,0.0,0.0,1,0.0,0.0,0.0,106.69,2.0,1.0,0,1,1.0,3.2188758248682006,6.57698475665056,0.0,0,0.0,0.08634728550216982,-2.3590731688865167,True
1566,대조,0,1.0,18.0,560.7,16156.0,0.0,0.0,0.0,0.0,1,0.0,0.0,0.0,800.98,29.0,1.0,0,1,1.0,2.9444389791664403,6.330967899538387,0.0,0,0.0,0.06490751838821426,-2.667681972476437,True
1567,대조,0,2.0,10.0,281.8,138.0,0.0,0.0,0.0,0.0,1,0.0,0.0,0.0,86.4,7.0,2.0,0,1,2.0,2.3978952727983707,5.644739934022418,0.0,0,0.0,0.030207452352437783,-3.468993519643787,True
1569,대조,0,15.0,11.0,155.39000000000001,96.0,0.0,0.0,0.0,2.0,0,0.0,0.0,0.0,40.63,4.0,15.0,0,1,15.0,2.4849066497880004,5.052352887448125,0.0,0,2.0,0.017008825388761563,-4.056867792227063,True
1572,대조,0,,0.0,0.0,0.0,0.0,0.0,0.0,0.0,1,0.0,0.0,0.0,0.0,0.0,90.0,0,0,90.0,0.0,0.0,0.0,0,0.0,0.0002287646778797536,-8.382587899424106,False
1575,대조,0,19.0,7.0,193.37,112.0,0.0,0.0,0.0,0.0,0,0.0,0.0,0.0,171.04,5.0,19.0,0,1,19.0,2.0794415416798357,5.269763559129975,0.0,0,0.0,0.0231295486090327,-3.7432430842161954,True
1577,대조,0,3.0,11.0,618.36,15137.0,0.0,0.0,0.0,0.0,0,0.0,0.0,0.0,444.99,7.0,3.0,0,1,3.0,2.4849066497880004,6.428686686829338,0.0,0,0.0,0.06185256397924569,-2.7191535651362457,True
1578,대조,0,3.0,22.0,681.0600000000001,17299.0,0.0,0.0,0.0,0.0,1,0.0,0.0,0.0,128.72,4.0,3.0,0,1,3.0,3.1354942159291497,6.525117630513343,0.0,0,0.0,0.08335028377223429,-2.397673396656746,True
1579,대조,0,1.0,85.0,1853.55,146043.0,0.0,0.0,0.0,2.0,0,0.0,0.0,0.0,635.2,31.0,1.0,0,1,1.0,4.454347296253507,7.525397358011325,0.0,0,2.0,0.20863454595930306,-1.3331757388129122,True
1580,대조,0,1.0,23.0,195.32,177.0,0.0,0.0,0.0,0.0,1,0.0,0.0,0.0,86.63,13.0,1.0,0,1,1.0,3.1780538303479458,5.279745980962601,0.0,0,0.0,0.02399753545540101,-3.705513975841318,True
1581,대조,0,,0.0,0.0,0.0,0.0,0.0,0.0,0.0,0,0.0,0.0,0.0,0.0,0.0,90.0,0,0,90.0,0.0,0.0,0.0,0,0.0,0.00020864688520603287,-8.474658610703141,False
1584,대조,0,1.0,73.0,1641.73,136701.0,0.0,0.0,0.0,2.0,0,0.0,0.0,0.0,530.41,21.0,1.0,0,1,1.0,4.30406509320417,7.404114770996819,0.0,0,2.0,0.1841757302072599,-1.4883086188176826,True
1585,대조,0,1.0,18.0,1016.3,38339.0,0.0,0.0,0.0,0.0,1,0.0,0.0,0.0,663.29,14.0,1.0,0,1,1.0,2.9444389791664403,6.924907337799702,0.0,0,0.0,0.11355336482742785,-2.0549480253765116,True
1586,처치,1,5.0,11.0,306.89,117.0,3.0,12.77,0.0,0.0,0,9.09,2.0,2.0,180.02,7.0,5.0,1,1,5.0,2.4849066497880004,5.729742576325733,0.04161100068428427,0,0.0,0.05395686994456947,-2.864103137337846,True
1587,대조,0,3.0,13.0,276.58,13961.0,0.0,0.0,0.0,0.0,0,0.0,0.0,0.0,26.29,3.0,3.0,0,1,3.0,2.6390573296152584,5.626109179927694,0.0,0,0.0,0.028850792089547394,-3.5163426726368208,True
1588,대조,0,2.0,45.0,672.65,333.0,0.0,0.0,0.0,0.0,1,0.0,0.0,0.0,170.41,7.0,2.0,0,1,2.0,3.828641396489095,6.512710688201857,0.0,0,0.0,0.09213620005940326,-2.2878264495715763,True
1591,대조,0,3.0,9.0,407.99,210.0,0.0,0.0,0.0,0.0,1,0.0,0.0,0.0,313.95,6.0,3.0,0,1,3.0,2.302585092994046,6.013690705866148,0.0,0,0.0,0.04345417211015991,-3.091621831748235,True
1592,대조,0,26.0,4.0,181.95,49.0,0.0,0.0,0.0,0.0,0,0.0,0.0,0.0,0.0,0.0,26.0,0,0,26.0,1.6094379124341003,5.209212891465215,0.0,0,0.0,0.022115504225539394,-3.7891126493596534,True
1593,대조,0,3.0,4.0,133.74,64.0,0.0,0.0,0.0,0.0,0,0.0,0.0,0.0,60.74,1.0,3.0,0,1,3.0,1.6094379124341003,4.903346995532514,0.0,0,0.0,0.011344663709609454,-4.46759829807994,True
1594,대조,0,4.0,6.0,172.4,120.0,0.0,0.0,0.0,0.0,0,0.0,0.0,0.0,173.95,8.0,4.0,0,1,4.0,1.9459101490553132,5.155601064346442,0.0,0,0.0,0.015916006500566026,-4.124385951662521,True
1595,대조,0,3.0,23.0,677.35,94996.0,0.0,0.0,0.0,0.0,1,0.0,0.0,0.0,190.21,8.0,3.0,0,1,3.0,3.1780538303479458,6.519663378931318,0.0,0,0.0,0.08357002343043439,-2.3948007768903166,True
1598,처치,1,1.0,56.0,1315.65,78299.0,0.0,0.0,0.0,0.0,0,0.0,0.0,0.0,820.26,25.0,1.0,0,1,1.0,4.04305126783455,7.182845910919093,0.0,0,0.0,0.15955844463325472,-1.6615171357358682,True
1599,대조,0,10.0,13.0,830.39,468.0,0.0,0.0,0.0,0.0,0,8.99,1.0,1.0,563.9,11.0,10.0,1,1,10.0,2.6390573296152584,6.723098998841462,0.0,0,0.0,0.09328409018684322,-2.2741796113133903,True
1601,대조,0,14.0,5.0,206.65,99.0,0.0,0.0,0.0,1.0,0,0.0,0.0,0.0,0.0,0.0,14.0,0,0,14.0,1.791759469228055,5.335853970076762,0.0,0,1.0,0.020532340607681967,-3.865007985699644,True
1602,대조,0,1.0,26.0,1152.8,466.0,0.0,0.0,0.0,1.0,0,0.0,0.0,0.0,465.27,8.0,1.0,0,1,1.0,3.295836866004329,7.050816121822789,0.0,0,1.0,0.1191458959885554,-2.00054325063404,True
1604,대조,0,1.0,22.0,115.52,73.0,0.0,0.0,0.0,0.0,1,0.0,0.0,0.0,50.26,13.0,1.0,0,1,1.0,3.1354942159291497,4.758062932091234,0.0,0,0.0,0.01403309209607459,-4.252204530506858,True
1605,대조,0,6.0,5.0,77.27,58.0,0.0,0.0,0.0,0.0,0,0.0,0.0,0.0,0.0,0.0,6.0,0,0,6.0,1.791759469228055,4.360164387816747,0.0,0,0.0,0.007074083195202715,-4.944218204413138,False
1607,대조,0,1.0,18.0,761.67,353.0,0.0,0.0,0.0,2.0,0,0.0,0.0,0.0,281.98,5.0,1.0,0,1,1.0,2.9444389791664403,6.636825434451398,0.0,0,2.0,0.07233214324460771,-2.551405143843484,True
1609,대조,0,4.0,47.0,4729.03,321373.0,1.0,28.99,0.0,0.0,1,0.0,0.0,0.0,1536.84,22.0,4.0,0,1,4.0,3.871201010907891,8.46168682396058,0.006130221208154738,0,0.0,0.4608569586710044,-0.15689320853101146,True
1615,대조,0,5.0,5.0,57.160000000000004,22.0,0.0,0.0,0.0,0.0,0,0.0,0.0,0.0,12.48,1.0,5.0,0,1,5.0,1.791759469228055,4.063197833225264,0.0,0,0.0,0.005135844269813772,-5.266361956303593,False
1618,대조,0,3.0,16.0,685.4300000000001,56092.0,0.0,0.0,0.0,0.0,1,0.0,0.0,0.0,349.51,8.0,3.0,0,1,3.0,2.833213344056216,6.531504253512367,0.0,0,0.0,0.07933240531237185,-2.451452366096896,True
1619,대조,0,5.0,29.0,587.86,83087.0,0.0,0.0,0.0,0.0,0,0.0,0.0,0.0,100.58,8.0,5.0,0,1,5.0,3.4011973816621555,6.378188464396906,0.0,0,0.0,0.07197767877083226,-2.5566997316665483,True
1621,대조,0,1.0,12.0,517.8100000000001,249.0,11.0,5.04,0.0,0.0,0,0.0,0.0,0.0,101.79,1.0,1.0,0,1,1.0,2.5649493574615367,6.251537727507102,0.009733299859021648,0,0.0,0.057861168282161556,-2.7901061525817465,True
1624,대조,0,20.0,9.0,59.5,18.0,1.0,4.5,0.0,0.0,0,0.0,0.0,0.0,136.24,4.0,20.0,0,1,20.0,2.302585092994046,4.102643365036796,0.07563025210084033,0,0.0,0.019894835679340608,-3.8971996919885488,True
1627,대조,0,74.0,1.0,5.0,5.0,0.0,0.0,0.0,0.0,1,0.0,0.0,0.0,232.83,8.0,74.0,0,1,74.0,0.6931471805599453,1.791759469228055,0.0,0,0.0,0.0012946951531203352,-6.6481844805431525,False
1630,대조,0,2.0,21.0,1257.74,388.0,0.0,0.0,0.0,0.0,0,0.0,0.0,0.0,596.0600000000001,12.0,2.0,0,1,2.0,3.091042453358316,7.13786649961194,0.0,0,0.0,0.1321291670405999,-1.8822629113160996,True
1631,대조,0,1.0,46.0,1908.75,1130.0,0.0,0.0,0.0,0.0,1,0.0,0.0,0.0,666.02,24.0,1.0,0,1,1.0,3.8501476017100584,7.554727622421469,0.0,0,0.0,0.22717688972582847,-1.2243212231329,True
1632,대조,0,41.0,10.0,243.56,18765.0,0.0,0.0,0.0,0.0,0,0.0,0.0,0.0,168.5,4.0,41.0,0,1,41.0,2.3978952727983707,5.499460677582579,0.0,0,0.0,0.043292470712536675,-3.0955189993723335,True
1634,대조,0,12.0,9.0,551.32,317.0,0.0,0.0,2.0,2.0,1,0.0,0.0,0.0,36.660000000000004,2.0,12.0,0,1,12.0,2.302585092994046,6.314127588455008,0.0,1,2.0,0.14168410874541537,-1.8013722101213434,True
1640,처치,1,2.0,28.0,904.58,78613.0,11.0,13.44,0.0,0.0,0,0.0,0.0,0.0,276.76,9.0,2.0,0,1,2.0,3.367295829986474,6.808575622399392,0.014857724026620087,0,0.0,0.12213508344623143,-1.97236505465883,True
1642,대조,0,8.0,16.0,244.61,173.0,0.0,0.0,1.0,3.0,0,0.0,0.0,0.0,84.42,7.0,8.0,0,1,8.0,2.833213344056216,5.503744912056466,0.0,1,3.0,0.0606417521168219,-2.740213292426368,True
1646,대조,0,8.0,17.0,216.68,33.0,0.0,0.0,0.0,0.0,0,0.0,0.0,0.0,14.69,1.0,8.0,0,1,8.0,2.8903717578961645,5.383026094474991,0.0,0,0.0,0.025629981745159,-3.6380282989086847,True
1648,대조,0,2.0,23.0,972.16,82957.0,0.0,0.0,0.0,0.0,1,0.0,0.0,0.0,323.59000000000003,5.0,2.0,0,1,2.0,3.1780538303479458,6.880548508543921,0.0,0,0.0,0.11524240658058311,-2.0382759085445143,True
1651,대조,0,1.0,10.0,407.31,168.0,0.0,0.0,0.0,0.0,0,0.0,0.0,0.0,50.769999999999996,1.0,1.0,0,1,1.0,2.3978952727983707,6.01202668982086,0.0,0,0.0,0.039243500189466436,-3.197935164525803,True
1653,대조,0,1.0,90.0,2655.17,156973.0,1.0,3.43,0.0,0.0,1,0.0,0.0,0.0,597.54,23.0,1.0,0,1,1.0,4.51085950651685,7.884640514572123,0.0012918193561994148,0,0.0,0.32407350668567936,-0.7351139698825594,True
1659,대조,0,2.0,22.0,376.5,245.0,0.0,0.0,0.0,0.0,0,0.0,0.0,0.0,133.51,12.0,2.0,0,1,2.0,3.1354942159291497,5.933570568689079,0.0,0,0.0,0.04246061074211939,-3.115790017702517,True
1660,대조,0,7.0,5.0,58.57,25.0,0.0,0.0,0.0,0.0,0,0.0,0.0,0.0,31.650000000000002,1.0,7.0,0,1,7.0,1.791759469228055,4.087152091640596,0.0,0,0.0,0.0054315217598236406,-5.210089607765961,False
1663,대조,0,6.0,24.0,289.47,97781.0,0.0,0.0,0.0,0.0,0,0.0,0.0,0.0,92.25999999999999,9.0,6.0,0,1,6.0,3.2188758248682006,5.671500300735477,0.0,0,0.0,0.035352927519189975,-3.306381102278543,True
1666,대조,0,10.0,10.0,161.93,57.0,0.0,0.0,0.0,0.0,0,0.0,0.0,0.0,40.44,5.0,10.0,0,1,10.0,2.3978952727983707,5.093320660714864,0.0,0,0.0,0.017921112196972542,-4.003692168755456,True
1667,대조,0,7.0,3.0,36.84,39.0,0.0,0.0,0.0,0.0,0,0.0,0.0,0.0,0.0,0.0,7.0,0,0,7.0,1.3862943611198906,3.6333667441836774,0.0,0,0.0,0.003143691822504157,-5.759208786449266,False
1671,대조,0,4.0,3.0,141.47,76.0,0.0,0.0,0.0,2.0,0,0.0,0.0,0.0,0.0,0.0,4.0,0,0,4.0,1.3862943611198906,4.9591314512291405,0.0,0,2.0,0.010497964394434504,-4.546020451074646,True
1672,대조,0,19.0,11.0,206.33,113.0,0.0,0.0,0.0,0.0,0,0.0,0.0,0.0,58.43,3.0,19.0,0,1,19.0,2.4849066497880004,5.334311726771412,0.0,0,0.0,0.026709116750482487,-3.5956780340894308,True
1673,대조,0,13.0,18.0,730.84,9572.0,0.0,0.0,0.0,0.0,0,0.0,0.0,0.0,356.71,4.0,13.0,0,1,13.0,2.9444389791664403,6.595561910834417,0.0,0,0.0,0.09133641346053552,-2.29742539268905,True
1676,대조,0,9.0,18.0,870.22,29019.0,0.0,0.0,0.0,1.0,1,0.0,0.0,0.0,132.08,3.0,9.0,0,1,9.0,2.9444389791664403,6.769894528196385,0.0,0,1.0,0.1050604820736935,-2.1422199341841175,True
1678,처치,1,10.0,8.0,136.09,56.0,10.0,7.5,0.0,0.0,1,17.08,24.0,18.0,287.81,8.0,10.0,1,1,10.0,2.1972245773362196,4.920637644447809,0.05511058858108604,0,0.0,0.032026931046346394,-3.4086271215053037,True
1681,대조,0,3.0,18.0,565.74,17749.0,0.0,0.0,0.0,0.0,0,0.0,0.0,0.0,218.39,10.0,3.0,0,1,3.0,2.9444389791664403,6.339900644767924,0.0,0,0.0,0.06186279947013077,-2.718977186365982,True
1685,대조,0,6.0,10.0,185.29,74.0,0.0,0.0,0.0,0.0,0,0.0,0.0,0.0,58.260000000000005,7.0,6.0,0,1,6.0,2.3978952727983707,5.227304599301617,0.0,0,0.0,0.019291917095934925,-3.9285886394696736,True
1686,대조,0,1.0,15.0,190.22,12224.0,0.0,0.0,0.0,0.0,1,0.0,0.0,0.0,26.48,4.0,1.0,0,1,1.0,2.772588722239781,5.2534245976573,0.0,0,0.0,0.021591182127035112,-3.813642600396165,True
1689,대조,0,3.0,20.0,456.58000000000004,20831.0,0.0,0.0,0.0,0.0,1,0.0,0.0,0.0,255.66,7.0,3.0,0,1,3.0,3.044522437723423,6.125951732816734,0.0,0,0.0,0.05584880696184905,-2.8276381516214744,True
1692,대조,0,4.0,25.0,339.84,4721.0,0.0,0.0,0.0,0.0,1,0.0,0.0,0.0,98.16,5.0,4.0,0,1,4.0,3.258096538021482,5.831413158959755,0.0,0,0.0,0.04423208422940416,-3.0730647043508497,True
1693,대조,0,7.0,24.0,987.02,500.0,0.0,0.0,0.0,1.0,1,0.0,0.0,0.0,628.52,10.0,7.0,0,1,7.0,3.2188758248682006,6.895702940457962,0.0,0,1.0,0.12034326939638386,-1.9891835150951307,True
1695,대조,0,2.0,17.0,93.86,39.0,0.0,0.0,0.0,0.0,1,0.0,0.0,0.0,28.2,4.0,2.0,0,1,2.0,2.8903717578961645,4.552402120449436,0.0,0,0.0,0.011013641146609866,-4.497545929917948,True
1696,대조,0,3.0,12.0,560.37,233.0,0.0,0.0,0.0,0.0,1,0.0,0.0,0.0,64.05,1.0,3.0,0,1,3.0,2.5649493574615367,6.3303802246659435,0.0,0,0.0,0.06223890135917414,-2.712514996255945,True
1703,대조,0,8.0,9.0,231.45000000000002,100.0,0.0,0.0,0.0,0.0,0,0.0,0.0,0.0,358.92,23.0,8.0,0,1,8.0,2.302585092994046,5.448675148136594,0.0,0,0.0,0.024418631716198982,-3.687687132624256,True
1707,대조,0,1.0,79.0,708.0,359.0,0.0,0.0,0.0,2.0,1,0.0,0.0,0.0,156.81,26.0,1.0,0,1,1.0,4.382026634673881,6.5638555265321274,0.0,0,2.0,0.09556388704584663,-2.2475166717713067,True
1708,대조,0,2.0,7.0,759.79,394.0,0.0,0.0,0.0,0.0,1,0.0,0.0,0.0,175.94,1.0,2.0,0,1,2.0,2.0794415416798357,6.6343573670859115,0.0,0,0.0,0.07504491738483646,-2.511658344265741,True
1709,대조,0,5.0,21.0,603.12,30502.0,0.0,0.0,0.0,0.0,1,0.0,0.0,0.0,191.02,8.0,5.0,0,1,5.0,3.091042453358316,6.403772853698141,0.0,0,0.0,0.0758458960045764,-2.5001752393500656,True
1710,처치,1,3.0,22.0,1759.82,40298.0,124.0,386.25,0.0,2.0,1,115.75,53.0,27.0,653.66,7.0,3.0,1,1,3.0,3.1354942159291497,7.473534888621166,0.21948267436442365,0,2.0,0.7934546255970247,1.3458762366901986,True
1717,대조,0,19.0,11.0,205.57,100.0,0.0,0.0,0.0,0.0,0,0.0,0.0,0.0,33.839999999999996,4.0,19.0,0,1,19.0,2.4849066497880004,5.330639338010161,0.0,0,0.0,0.026610805764586846,-3.599466631235891,True
1720,대조,0,3.0,21.0,833.54,281.0,0.0,0.0,0.0,0.0,1,0.0,0.0,0.0,294.27,9.0,3.0,0,1,3.0,3.091042453358316,6.726880674847094,0.0,0,0.0,0.0998939793002048,-2.1984031405907483,True
1722,대조,0,1.0,45.0,1639.4,104901.0,0.0,0.0,0.0,1.0,1,0.0,0.0,0.0,876.8000000000001,22.0,1.0,0,1,1.0,3.828641396489095,7.402695393517904,0.0,0,1.0,0.19169195856596147,-1.4390535241073477,True
1723,대조,0,2.0,9.0,470.51,98.0,0.0,0.0,0.0,0.0,0,0.0,0.0,0.0,410.64,6.0,2.0,0,1,2.0,2.302585092994046,6.155940310756348,0.0,0,0.0,0.04510011693576437,-3.0527216611814887,True
1731,처치,1,4.0,8.0,314.27,231.0,16.0,15.61,0.0,1.0,0,0.0,0.0,0.0,58.44,3.0,4.0,0,1,4.0,2.1972245773362196,5.753429414545614,0.04967066535144939,0,1.0,0.05411453664432899,-2.861018637760194,True
1732,처치,1,25.0,12.0,489.22,234.0,0.0,0.0,0.0,0.0,0,0.0,0.0,0.0,50.13,3.0,25.0,0,1,25.0,2.5649493574615367,6.19485426993533,0.0,0,0.0,0.06931630746068584,-2.5972392739163888,True
1733,대조,0,,0.0,0.0,0.0,0.0,0.0,0.0,2.0,0,0.0,0.0,0.0,0.0,0.0,90.0,0,0,90.0,0.0,0.0,0.0,0,2.0,0.00018744322370752906,-8.581847104508867,False
1735,대조,0,8.0,6.0,231.6,76.0,0.0,0.0,0.0,0.0,0,0.0,0.0,0.0,281.54,8.0,8.0,0,1,8.0,1.9459101490553132,5.449320240084564,0.0,0,0.0,0.0227928401300141,-3.758252209023097,True
1740,대조,0,4.0,73.0,2368.81,5382.0,0.0,0.0,0.0,0.0,1,0.0,0.0,0.0,1018.96,35.0,4.0,0,1,4.0,4.30406509320417,7.770565062139117,0.0,0,0.0,0.29657458582266133,-0.8636631088526423,True
1742,대조,0,1.0,52.0,438.62,212.0,0.0,0.0,0.0,0.0,0,0.0,0.0,0.0,106.53,21.0,1.0,0,1,1.0,3.970291913552122,6.085910717399927,0.0,0,0.0,0.05690981382051789,-2.807694114440995,True
1744,대조,0,16.0,5.0,64.58,52.0,12.0,31.73,0.0,0.0,0,0.0,0.0,0.0,12.56,2.0,16.0,0,1,16.0,1.791759469228055,4.1832707714165025,0.4913285847011459,0,0.0,0.8116814372978106,1.4609729333131307,False
1746,대조,0,14.0,9.0,181.09,81.0,2.0,51.45,0.0,0.0,0,22.48,3.0,3.0,345.69,8.0,14.0,1,1,14.0,2.302585092994046,5.204501070343752,0.2841128720525706,0,0.0,0.4683422512058737,-0.1268006183430122,True
1747,대조,0,1.0,12.0,418.73,26857.0,0.0,0.0,0.0,2.0,0,0.0,0.0,0.0,415.97,9.0,1.0,0,1,1.0,2.5649493574615367,6.039611647413304,0.0,0,2.0,0.03756824943967254,-3.243303891270833,True
1749,대조,0,22.0,19.0,492.19,43056.0,0.0,0.0,0.0,0.0,1,0.0,0.0,0.0,309.56,9.0,22.0,0,1,22.0,2.995732273553991,6.20089449533443,0.0,0,0.0,0.07869243886234165,-2.4602468477511295,True
1751,대조,0,1.0,29.0,1006.1899999999999,511.0,1.0,7.59,0.0,0.0,1,10.32,2.0,2.0,339.22,13.0,1.0,1,1,1.0,3.4011973816621555,6.914919554166155,0.007543306930102665,0,0.0,0.1329277333880444,-1.8753167032358404,True
1758,대조,0,3.0,11.0,366.05,142.0,0.0,0.0,0.0,0.0,0,3.19,1.0,1.0,159.94,5.0,3.0,1,1,3.0,2.4849066497880004,5.90549807855679,0.0,0,0.0,0.037008468388692414,-3.258897856175414,True
1759,대조,0,1.0,55.0,597.68,305.0,0.0,0.0,0.0,0.0,1,0.0,0.0,0.0,312.12,31.0,1.0,0,1,1.0,4.02535169073515,6.394727231660946,0.0,0,0.0,0.08424351281710998,-2.3860389185801942,True
1761,대조,0,25.0,4.0,294.04,113.0,0.0,0.0,0.0,0.0,0,0.0,0.0,0.0,48.64,2.0,25.0,0,1,25.0,1.6094379124341003,5.687110940368229,0.0,0,0.0,0.03516614360186904,-3.3118721267236015,True
1762,처치,1,3.0,57.0,2294.8,310393.0,1.0,7.99,0.0,0.0,1,7.99,1.0,1.0,823.65,19.0,3.0,1,1,3.0,4.060443010546419,7.738836645631396,0.0034817849050026144,0,0.0,0.28592396721671853,-0.9152635185788993,True
1763,처치,1,2.0,26.0,553.93,192.0,6.0,17.310000000000002,0.0,0.0,0,0.0,0.0,0.0,372.46000000000004,13.0,2.0,0,1,2.0,3.295836866004329,6.31884197966574,0.031249435849295043,0,0.0,0.09301604176554719,-2.277352792956534,True
1765,대조,0,1.0,7.0,818.3100000000001,419.0,0.0,0.0,0.0,0.0,1,0.0,0.0,0.0,186.83,3.0,1.0,0,1,1.0,2.0794415416798357,6.708462522614598,0.0,0,0.0,0.07936630952335465,-2.450988262030879,True
1767,처치,1,2.0,134.0,2877.65,1454.0,0.0,0.0,0.0,0.0,0,0.0,0.0,0.0,892.64,34.0,2.0,0,1,2.0,4.90527477843843,7.965076713232366,0.0,0,0.0,0.33926726917276334,-0.666561216037063,True
1768,대조,0,1.0,18.0,354.39,6761.0,0.0,0.0,0.0,0.0,0,0.0,0.0,0.0,142.94,5.0,1.0,0,1,1.0,2.9444389791664403,5.873215778014616,0.0,0,0.0,0.03797947777362359,-3.231989828060448,True
1772,대조,0,2.0,19.0,508.59000000000003,206.0,0.0,0.0,0.0,1.0,0,0.0,0.0,0.0,90.85,5.0,2.0,0,1,2.0,2.995732273553991,6.233606480831506,0.0,0,1.0,0.05276168004618663,-2.887765548821421,True
1773,대조,0,10.0,14.0,554.7,46245.0,0.0,0.0,3.0,1.0,0,0.0,0.0,0.0,27.61,2.0,10.0,0,1,10.0,2.70805020110221,6.3202285802858755,0.0,1,1.0,0.1437926338770028,-1.784140377750139,True
1774,대조,0,25.0,6.0,317.43,187.0,27.0,20.16,0.0,0.0,0,44.02,57.0,48.0,421.75,5.0,25.0,1,1,25.0,1.9459101490553132,5.763402670637226,0.06351006521122766,0,0.0,0.08827901808112049,-2.3348315438382015,True
1777,대조,0,3.0,17.0,309.57,108.0,0.0,0.0,0.0,0.0,0,0.0,0.0,0.0,34.86,3.0,3.0,0,1,3.0,2.8903717578961645,5.738409318799255,0.0,0,0.0,0.03388535444223277,-3.3502996091872976,True
1779,대조,0,4.0,15.0,616.38,383.0,0.0,0.0,0.0,2.0,1,0.0,0.0,0.0,28.11,3.0,4.0,0,1,4.0,2.772588722239781,6.42548471763342,0.0,0,2.0,0.06511050734576786,-2.6643423932778876,True
1781,대조,0,6.0,15.0,488.78000000000003,21462.0,0.0,0.0,0.0,0.0,0,0.0,0.0,0.0,43.33,2.0,6.0,0,1,6.0,2.772588722239781,6.19395631069132,0.0,0,0.0,0.05434529923760894,-2.856519373396364,True
1783,대조,0,46.0,4.0,187.35,100.0,0.0,0.0,0.0,3.0,0,0.0,0.0,0.0,223.1,4.0,46.0,0,1,46.0,1.6094379124341003,5.23830193413805,0.0,0,3.0,0.026486281452211016,-3.604284998797927,True
1784,대조,0,19.0,7.0,335.76,123.0,0.0,0.0,0.0,1.0,0,0.0,0.0,0.0,5.29,1.0,19.0,0,1,19.0,2.0794415416798357,5.819370510469463,0.0,0,1.0,0.038058151052077605,-3.229838719890895,True
1785,대조,0,4.0,6.0,210.1,136.0,10.0,6.78,0.0,0.0,1,4.38,9.0,9.0,156.74,4.0,4.0,1,1,4.0,1.9459101490553132,5.352331954854275,0.03227034745359353,0,0.0,0.03207598766997467,-3.407045881991885,True
1790,대조,0,4.0,7.0,406.12,210.0,0.0,0.0,0.0,1.0,0,0.0,0.0,0.0,8.99,1.0,4.0,0,1,4.0,2.0794415416798357,6.009107982280577,0.0,0,1.0,0.0365866942481984,-3.270797876166475,True
1791,대조,0,8.0,19.0,500.05,12384.0,0.0,0.0,0.0,0.0,1,0.0,0.0,0.0,89.29,6.0,8.0,0,1,8.0,2.995732273553991,6.216705896504338,0.0,0,0.0,0.0650792677988118,-2.664855715799341,True
1792,대조,0,,0.0,0.0,0.0,0.0,0.0,0.0,0.0,0,0.0,0.0,0.0,0.0,0.0,90.0,0,0,90.0,0.0,0.0,0.0,0,0.0,0.00020864688520603287,-8.474658610703141,False
1793,대조,0,21.0,10.0,255.25,136.0,18.0,9.34,0.0,0.0,0,11.0,25.0,18.0,101.46,3.0,21.0,1,1,21.0,2.3978952727983707,5.546153530452618,0.036591576885406464,0,0.0,0.05294590035018358,-2.88408557483226,True
1794,대조,0,1.0,9.0,435.02,182.0,37.0,62.839999999999996,0.0,0.0,0,61.26,51.0,50.0,292.0,5.0,1.0,1,1,1.0,2.302585092994046,6.0776881138566,0.14445312859178888,0,0.0,0.2211785060391594,-1.2588117768149758,True
1795,대조,0,1.0,152.0,1264.33,821.0,0.0,0.0,2.0,1.0,1,0.0,0.0,0.0,417.92,63.0,1.0,0,1,1.0,5.030437921392435,7.14308823670629,0.0,1,1.0,0.37252626832119073,-0.5213942539469372,True
1796,대조,0,23.0,5.0,147.39000000000001,6766.0,0.0,0.0,0.0,0.0,1,0.0,0.0,0.0,96.36,4.0,23.0,0,1,23.0,1.791759469228055,4.9998439430180355,0.0,0,0.0,0.01937958403880611,-3.9239653060606283,True
1797,대조,0,4.0,14.0,667.03,299.0,0.0,0.0,0.0,0.0,1,0.0,0.0,0.0,135.91,5.0,4.0,0,1,4.0,2.70805020110221,6.504333082707855,0.0,0,0.0,0.07665420921485037,-2.488699283696885,True
1798,대조,0,9.0,7.0,422.97,212.0,0.0,0.0,0.0,0.0,0,0.0,0.0,0.0,105.07000000000001,1.0,9.0,0,1,9.0,2.0794415416798357,6.049662698011744,0.0,0,0.0,0.04325328971633286,-3.096465392580897,True
1800,대조,0,1.0,10.0,406.15,109128.0,0.0,0.0,0.0,0.0,1,0.0,0.0,0.0,138.3,4.0,1.0,0,1,1.0,2.3978952727983707,6.009181667913141,0.0,0,0.0,0.04274573986921195,-3.1087995024972526,True
1802,처치,1,14.0,4.0,352.27,178.0,0.0,0.0,0.0,0.0,1,0.0,0.0,0.0,308.84000000000003,5.0,14.0,0,1,14.0,1.6094379124341003,5.8672326370886285,0.0,0,0.0,0.038882198700095995,-3.2075604545338625,True
1803,처치,1,2.0,25.0,2175.43,860.0,0.0,0.0,0.0,2.0,1,23.19,1.0,1.0,759.11,13.0,2.0,1,1,2.0,3.258096538021482,7.685441198747609,0.0,0,2.0,0.2143137079185573,-1.2991167268145736,True
1804,처치,1,3.0,40.0,1189.54,75866.0,0.0,0.0,0.0,0.0,1,0.0,0.0,0.0,474.1,14.0,3.0,0,1,3.0,3.713572066704308,7.082162264690486,0.0,0,0.0,0.1534810614341639,-1.7075553929753975,True
1806,대조,0,1.0,16.0,554.91,277.0,0.0,0.0,0.0,1.0,0,0.0,0.0,0.0,67.71,4.0,1.0,0,1,1.0,2.833213344056216,6.320606410644541,0.0,0,1.0,0.05487554235638625,-2.8462488651979023,True
1808,대조,0,23.0,7.0,245.46,68.0,0.0,0.0,0.0,2.0,0,2.38,2.0,2.0,352.35,9.0,23.0,1,1,23.0,2.0794415416798357,5.507199708509977,0.0,0,2.0,0.028130644020227556,-3.542361871332182,True
1809,대조,0,8.0,8.0,222.85,132.0,0.0,0.0,0.0,0.0,0,0.0,0.0,0.0,121.32000000000001,4.0,8.0,0,1,8.0,2.1972245773362196,5.410976184686975,0.0,0,0.0,0.02303085353529973,-3.747620296637116,True
1810,대조,0,1.0,11.0,200.23,88.0,0.0,0.0,0.0,0.0,0,0.0,0.0,0.0,107.61,12.0,1.0,0,1,1.0,2.4849066497880004,5.304448532478276,0.0,0,0.0,0.019636622318689144,-3.9105269880540647,True
1812,대조,0,5.0,11.0,254.53,118.0,0.0,0.0,0.0,0.0,1,0.0,0.0,0.0,55.64,3.0,5.0,0,1,5.0,2.4849066497880004,5.543339819580688,0.0,0,0.0,0.02906046922818734,-3.508885386256116,True
1814,대조,0,8.0,7.0,720.58,258.0,5.0,8.28,0.0,0.0,1,0.0,0.0,0.0,308.54,4.0,8.0,0,1,8.0,2.0794415416798357,6.581443252178061,0.011490743567681589,0,0.0,0.08938312014996803,-2.321190408080443,True
1815,대조,0,1.0,12.0,543.3,289.0,0.0,0.0,0.0,0.0,1,0.0,0.0,0.0,285.83,4.0,1.0,0,1,1.0,2.5649493574615367,6.299500565440154,0.0,0,0.0,0.058638713208008036,-2.7759318916959725,True
1816,대조,0,1.0,24.0,555.9,20933.0,0.0,0.0,0.0,0.0,1,0.0,0.0,0.0,264.98,8.0,1.0,0,1,1.0,3.2188758248682006,6.322385690595623,0.0,0,0.0,0.0677530215697121,-2.6217287203152475,True
1818,대조,0,,0.0,0.0,0.0,0.0,0.0,0.0,1.0,0,0.0,0.0,0.0,0.0,0.0,90.0,0,0,90.0,0.0,0.0,0.0,0,1.0,0.00019776113621266213,-8.528252857606004,False
1820,대조,0,1.0,14.0,856.27,9556.0,0.0,0.0,0.0,0.0,1,0.0,0.0,0.0,498.66,6.0,1.0,0,1,1.0,2.70805020110221,6.753752921487911,0.0,0,0.0,0.09290017466594908,-2.278726979098465,True
1822,대조,0,5.0,44.0,584.69,314.0,0.0,0.0,0.0,0.0,1,0.0,0.0,0.0,109.43,12.0,5.0,0,1,5.0,3.8066624897703196,6.372790639362821,0.0,0,0.0,0.08399817220906645,-2.3892233208863902,True
1824,대조,0,3.0,26.0,404.81,218.0,0.0,0.0,0.0,0.0,0,0.0,0.0,0.0,138.72,3.0,3.0,0,1,3.0,3.295836866004329,6.005885069769212,0.0,0,0.0,0.047725586996034304,-2.993385573122969,True
1825,대조,0,7.0,3.0,121.09,55.0,0.0,0.0,0.0,1.0,0,0.0,0.0,0.0,133.31,4.0,7.0,0,1,7.0,1.3862943611198906,4.804758477680764,0.0,0,1.0,0.009909092464992062,-4.6043439982575345,True
1826,대조,0,2.0,13.0,276.99,204.0,0.0,0.0,0.0,0.0,0,0.0,0.0,0.0,46.06,6.0,2.0,0,1,2.0,2.6390573296152584,5.627585141820636,0.0,0,0.0,0.028453995030329707,-3.5306000486986995,True
1829,대조,0,1.0,59.0,1217.1100000000001,62098.0,0.0,0.0,0.0,0.0,1,0.0,0.0,0.0,412.54,24.0,1.0,0,1,1.0,4.0943445622221,7.105055756178825,0.0,0,0.0,0.1625393008573039,-1.6394545122433506,True
1831,처치,1,1.0,16.0,478.18,40760.0,0.0,0.0,1.0,1.0,1,3.19,1.0,1.0,276.84,8.0,1.0,1,1,1.0,2.833213344056216,6.172076309703214,0.0,1,1.0,0.12325784958845551,-1.9619344366888285,True
1832,대조,0,6.0,3.0,66.7,33.0,0.0,0.0,0.0,0.0,0,0.0,0.0,0.0,22.720000000000002,3.0,6.0,0,1,6.0,1.3862943611198906,4.215086179918229,0.0,0,0.0,0.005625178311423397,-5.174861572375277,False
1833,대조,0,1.0,20.0,523.33,263.0,0.0,0.0,0.0,1.0,1,0.0,0.0,0.0,81.18,3.0,1.0,0,1,1.0,3.044522437723423,6.262121257090876,0.0,0,1.0,0.05883873872830312,-2.772314037249691,True
1834,처치,1,2.0,24.0,575.95,5482.0,0.0,0.0,0.0,0.0,1,0.0,0.0,0.0,300.79,7.0,2.0,0,1,2.0,3.2188758248682006,6.3577556076406765,0.0,0,0.0,0.07113000552809368,-2.5694595211925284,True
1837,대조,0,2.0,21.0,926.65,65987.0,0.0,0.0,0.0,0.0,0,0.0,0.0,0.0,359.48,8.0,2.0,0,1,2.0,3.091042453358316,6.8326545064728865,0.0,0,0.0,0.10000824443526536,-2.197132975856329,True
1839,대조,0,8.0,8.0,261.3,170.0,15.0,19.88,0.0,0.0,0,7.65,12.0,7.0,52.47,4.0,8.0,1,1,8.0,2.1972245773362196,5.569488886872828,0.0760811327975507,0,0.0,0.06988619539537849,-2.588438810234464,True
1840,대조,0,1.0,2.0,4.08,2.0,0.0,0.0,0.0,0.0,0,0.0,0.0,0.0,19.61,3.0,1.0,0,1,1.0,1.0986122886681098,1.6253112615903906,0.0,0,0.0,0.0003411185659919479,-7.982939263498375,False
1841,대조,0,31.0,4.0,281.71,129.0,0.0,0.0,0.0,0.0,1,0.0,0.0,0.0,91.57000000000001,1.0,31.0,0,1,31.0,1.6094379124341003,5.644421637261052,0.0,0,0.0,0.04034287295641361,-3.1691613127929124,True
1847,대조,0,10.0,23.0,525.08,17880.0,0.0,0.0,0.0,0.0,1,0.0,0.0,0.0,223.64000000000001,7.0,10.0,0,1,10.0,3.1780538303479458,6.26545329242776,0.0,0,0.0,0.07265558718577955,-2.546594738846997,True
1848,대조,0,2.0,15.0,2287.6,769.0,0.0,0.0,0.0,0.0,1,0.0,0.0,0.0,405.65000000000003,7.0,2.0,0,1,2.0,2.772588722239781,7.7356955558836145,0.0,0,0.0,0.22495109984185369,-1.2370430797933194,True
1849,대조,0,2.0,33.0,398.95,251.0,0.0,0.0,0.0,0.0,0,0.0,0.0,0.0,145.96,20.0,2.0,0,1,2.0,3.5263605246161616,5.991339539294831,0.0,0,0.0,0.04842353129067841,-2.9781341707254856,True
1850,대조,0,5.0,31.0,982.33,76895.0,0.0,0.0,0.0,0.0,1,0.0,0.0,0.0,597.78,21.0,5.0,0,1,5.0,3.4657359027997265,6.890944770829502,0.0,0,0.0,0.12755429155938666,-1.9227583367409808,True
1854,대조,0,1.0,25.0,662.23,40000.0,0.0,0.0,0.0,0.0,0,0.0,0.0,0.0,138.14000000000001,8.0,1.0,0,1,1.0,3.258096538021482,6.4971218380211635,0.0,0,0.0,0.07407594926730525,-2.525701304309316,True
1856,대조,0,1.0,68.0,762.26,381.0,0.0,0.0,2.0,2.0,0,0.0,0.0,0.0,254.92,31.0,1.0,0,1,1.0,4.23410650459726,6.637598733396175,0.0,1,2.0,0.20626670160645597,-1.34757750916943,True
1857,대조,0,7.0,16.0,804.07,22579.0,0.0,0.0,0.0,0.0,0,0.0,0.0,0.0,81.13,4.0,7.0,0,1,7.0,2.833213344056216,6.690929230159804,0.0,0,0.0,0.08981195589710868,-2.3159331144227715,True
1858,대조,0,1.0,13.0,450.52,181.0,0.0,0.0,0.0,0.0,1,0.0,0.0,0.0,280.28,6.0,1.0,0,1,1.0,2.6390573296152584,6.112619668664449,0.0,0,0.0,0.04955126142161454,-2.9539265114655198,True
1859,대조,0,30.0,5.0,346.39,106.0,0.0,0.0,0.0,1.0,0,0.0,0.0,0.0,60.67,1.0,30.0,0,1,30.0,1.791759469228055,5.850448068130755,0.0,0,1.0,0.043870574329472174,-3.081649479673799,True
1860,대조,0,,0.0,0.0,0.0,0.0,0.0,0.0,0.0,0,0.0,0.0,0.0,0.0,0.0,90.0,0,0,90.0,0.0,0.0,0.0,0,0.0,0.00020864688520603287,-8.474658610703141,False
1864,대조,0,2.0,30.0,2730.35,113128.0,0.0,0.0,0.0,0.0,1,0.0,0.0,0.0,1081.33,9.0,2.0,0,1,2.0,3.4339872044851463,7.912551271445962,0.0,0,0.0,0.2844477816299106,-0.9225048856215756,True
1865,처치,1,3.0,21.0,907.08,357.0,0.0,0.0,0.0,3.0,1,0.0,0.0,0.0,389.92,7.0,3.0,0,1,3.0,3.091042453358316,6.811332480447084,0.0,0,3.0,0.09346338221803399,-2.272061698509794,True
1869,대조,0,3.0,21.0,427.41,248.0,0.0,0.0,0.0,0.0,1,0.0,0.0,0.0,197.03,3.0,3.0,0,1,3.0,3.091042453358316,6.060080680971559,0.0,0,0.0,0.052834811506577095,-2.8863032291411974,True
1872,대조,0,4.0,25.0,465.32,33300.0,1.0,3.19,0.0,1.0,0,0.0,0.0,0.0,52.910000000000004,6.0,4.0,0,1,4.0,3.258096538021482,6.144872093737295,0.006855497292186022,0,1.0,0.05702039272334745,-2.8056356861027814,True
1873,처치,1,8.0,23.0,502.52,21514.0,0.0,0.0,0.0,2.0,1,21.18,2.0,2.0,421.39,14.0,8.0,1,1,8.0,3.1780538303479458,6.221623433316097,0.0,0,2.0,0.06119397632563886,-2.7305601216891238,True
1877,대조,0,11.0,7.0,183.22,96.0,0.0,0.0,0.0,0.0,0,0.0,0.0,0.0,68.51,2.0,11.0,0,1,11.0,2.0794415416798357,5.216130695560089,0.0,0,0.0,0.01936347265152552,-3.924813440262552,True
1879,대조,0,3.0,46.0,755.19,474.0,0.0,0.0,0.0,0.0,1,0.0,0.0,0.0,356.75,19.0,3.0,0,1,3.0,3.8501476017100584,6.628292667354583,0.0,0,0.0,0.1044703504415365,-2.1485120271396916,True
1881,대조,0,7.0,19.0,441.83,31346.0,0.0,0.0,0.0,0.0,0,0.0,0.0,0.0,146.87,6.0,7.0,0,1,7.0,2.995732273553991,6.093185949217015,0.0,0,0.0,0.05214688700597242,-2.9001350595639286,True
1883,대조,0,6.0,31.0,843.6,10786.0,0.0,0.0,0.0,2.0,0,0.0,0.0,0.0,171.5,8.0,6.0,0,1,6.0,3.4657359027997265,6.738863142499843,0.0,0,2.0,0.09422276580625145,-2.2631315698274266,True
1887,대조,0,4.0,21.0,212.07,88.0,0.0,0.0,0.0,0.0,0,0.0,0.0,0.0,62.2,6.0,4.0,0,1,4.0,3.091042453358316,5.361620750217275,0.0,0,0.0,0.02452681256961607,-3.6831557639709684,True
1889,대조,0,6.0,6.0,205.15,82.0,0.0,0.0,0.0,0.0,0,0.0,0.0,0.0,168.0,1.0,6.0,0,1,6.0,1.9459101490553132,5.328604059152909,0.0,0,0.0,0.019563191175646987,-3.914348396310966,True
1890,대조,0,1.0,2.0,76.36,28.0,0.0,0.0,0.0,0.0,0,0.0,0.0,0.0,73.95,1.0,1.0,0,1,1.0,1.0986122886681098,4.348469851145039,0.0,0,0.0,0.0056321858725470195,-5.173609551295016,False
1892,대조,0,1.0,64.0,1246.49,7313.0,0.0,0.0,0.0,0.0,1,0.0,0.0,0.0,374.0,35.0,1.0,0,1,1.0,4.174387269895637,7.128888811561481,0.0,0,0.0,0.1681379040390395,-1.5988821769768973,True
1894,대조,0,5.0,8.0,379.92,165.0,0.0,0.0,0.0,0.0,1,0.0,0.0,0.0,191.79,3.0,5.0,0,1,5.0,2.1972245773362196,5.942589379325845,0.0,0,0.0,0.040916126623061384,-3.1544542509657205,True
1896,대조,0,2.0,1.0,118.97,53.0,1.0,10.59,0.0,0.0,1,0.0,0.0,0.0,365.22,13.0,2.0,0,1,2.0,0.6931471805599453,4.787241711526836,0.08901403715222325,0,0.0,0.028493425557610794,-3.529174657631061,True
1899,처치,1,8.0,6.0,1351.75,493.0,1.0,28.99,0.0,1.0,1,51.98,2.0,2.0,530.17,4.0,8.0,1,1,8.0,1.9459101490553132,7.209894836522845,0.021446273349361937,0,1.0,0.16481517138969157,-1.6228283793436773,True
1900,대조,0,6.0,1.0,150.04,58.0,0.0,0.0,0.0,0.0,0,0.0,0.0,0.0,401.1,2.0,6.0,0,1,6.0,0.6931471805599453,5.01754470239719,0.0,0,0.0,0.011146322614975975,-4.485436737420635,True
1901,대조,0,1.0,113.0,1415.1,4963.0,1.0,0.0,0.0,0.0,1,13.19,4.0,2.0,419.5,32.0,1.0,1,1,1.0,4.736198448394496,7.255661893229013,0.0,0,0.0,0.20490751155019793,-1.3558997313964192,True
1905,대조,0,14.0,10.0,152.93,46.0,0.0,0.0,0.0,0.0,0,0.0,0.0,0.0,42.9,4.0,14.0,0,1,14.0,2.3978952727983707,5.036497953621983,0.0,0,0.0,0.01800047300760394,-3.9991927909254277,True
1906,대조,0,4.0,19.0,1196.95,45678.0,0.0,0.0,0.0,0.0,0,0.0,0.0,0.0,336.95,9.0,4.0,0,1,4.0,2.995732273553991,7.088367041577369,0.0,0,0.0,0.12777207363074844,-1.9208027713312874,True
1911,대조,0,3.0,30.0,383.87,49901.0,0.0,0.0,0.0,0.0,1,0.0,0.0,0.0,73.75,6.0,3.0,0,1,3.0,3.4339872044851463,5.952905614929358,0.0,0,0.0,0.05076828147593247,-2.9283811608804244,True
1912,대조,0,9.0,16.0,401.37,260.0,0.0,0.0,0.0,0.0,0,0.0,0.0,0.0,79.9,4.0,9.0,0,1,9.0,2.833213344056216,5.997372063322444,0.0,0,0.0,0.047431430717944076,-2.9998769888916095,True
1914,대조,0,4.0,16.0,389.79,101.0,0.0,0.0,0.0,2.0,1,0.0,0.0,0.0,177.86,9.0,4.0,0,1,4.0,2.833213344056216,5.9681703313049,0.0,0,2.0,0.04212722449484417,-3.124020772687631,True
1918,대조,0,19.0,4.0,77.17,27501.0,0.0,0.0,0.0,0.0,0,0.0,0.0,0.0,38.120000000000005,2.0,19.0,0,1,19.0,1.6094379124341003,4.358885942232239,0.0,0,0.0,0.008352494359443848,-4.776807487146781,True
1920,대조,0,2.0,20.0,474.02,141.0,0.0,0.0,0.0,1.0,1,0.0,0.0,0.0,155.79,6.0,2.0,0,1,2.0,3.044522437723423,6.163356908411397,0.0,0,1.0,0.05424751923718992,-2.8584236235454656,True
1922,대조,0,5.0,13.0,334.1,122.0,0.0,0.0,0.0,0.0,0,0.0,0.0,0.0,182.32,8.0,5.0,0,1,5.0,2.6390573296152584,5.814428994743265,0.0,0,0.0,0.03589841184732482,-3.2905036146797624,True
1923,대조,0,1.0,25.0,699.57,71460.0,0.0,0.0,3.0,2.0,1,0.0,0.0,0.0,108.54,6.0,1.0,0,1,1.0,3.258096538021482,6.551894289406942,0.0,1,2.0,0.17670403349929945,-1.538839549220743,True
1925,대조,0,4.0,13.0,142.69,46.0,0.0,0.0,0.0,0.0,0,0.0,0.0,0.0,79.22,4.0,4.0,0,1,4.0,2.6390573296152584,4.9676582012411155,0.0,0,0.0,0.015070223412699896,-4.179849508300674,True
1927,대조,0,2.0,15.0,916.5600000000001,408.0,0.0,0.0,0.0,0.0,1,0.0,0.0,0.0,727.27,13.0,2.0,0,1,2.0,2.772588722239781,6.821717972885927,0.0,0,0.0,0.10156618389604387,-2.17994239900746,True
1928,대조,0,2.0,13.0,282.95,10113.0,0.0,0.0,0.0,1.0,1,0.0,0.0,0.0,96.12,5.0,2.0,0,1,2.0,2.6390573296152584,5.6487981663234414,0.0,0,1.0,0.03017097864960147,-3.4702392988277273,True
1929,대조,0,1.0,8.0,680.67,318.0,0.0,0.0,0.0,2.0,1,0.0,0.0,0.0,89.26,1.0,1.0,0,1,1.0,2.1972245773362196,6.524545669772387,0.0,0,2.0,0.06154933085951748,-2.7243913100523867,True
1930,대조,0,8.0,24.0,313.45,162.0,0.0,0.0,0.0,0.0,0,0.0,0.0,0.0,204.25,12.0,8.0,0,1,8.0,3.2188758248682006,5.750825080989513,0.0,0,0.0,0.03943052317219462,-3.1929860974335114,True
1931,대조,0,1.0,20.0,526.29,226.0,0.0,0.0,0.0,0.0,1,0.0,0.0,0.0,146.75,5.0,1.0,0,1,1.0,3.044522437723423,6.267750681820278,0.0,0,0.0,0.0622157208049041,-2.71291222915095,True
1932,대조,0,14.0,9.0,319.58,23447.0,0.0,0.0,0.0,0.0,0,0.0,0.0,0.0,246.68,8.0,14.0,0,1,14.0,2.302585092994046,5.770131855197735,0.0,0,0.0,0.03692017853466245,-3.2613780513570507,True
1933,대조,0,2.0,12.0,212.28,31795.0,0.0,0.0,0.0,1.0,0,0.0,0.0,0.0,230.79,7.0,2.0,0,1,2.0,2.5649493574615367,5.362605856430399,0.0,0,1.0,0.02038503721736468,-3.8723584373487325,True
1936,대조,0,1.0,86.0,697.76,42640.0,0.0,0.0,0.0,1.0,0,0.0,0.0,0.0,364.48,26.0,1.0,0,1,1.0,4.465908118654584,6.549307335637029,0.0,0,1.0,0.0924358011192495,-2.284249944599482,True
1937,대조,0,2.0,21.0,664.59,4434.0,0.0,0.0,0.0,1.0,1,0.0,0.0,0.0,75.54,5.0,2.0,0,1,2.0,3.091042453358316,6.500673865355675,0.0,0,1.0,0.07577814030725168,-2.5011422861038914,True
1939,대조,0,50.0,4.0,57.81,10716.0,0.0,0.0,0.0,1.0,1,0.0,0.0,0.0,140.01,5.0,50.0,0,1,50.0,1.6094379124341003,4.074311908471865,0.0,0,1.0,0.010532213141053274,-4.542728730643362,True
1940,대조,0,16.0,9.0,341.25,208.0,0.0,0.0,0.0,1.0,0,0.0,0.0,0.0,57.39,3.0,16.0,0,1,16.0,2.302585092994046,5.835541464168558,0.0,0,1.0,0.03857052633047319,-3.2159327937835624,True
1941,대조,0,1.0,29.0,152.86,100.0,0.0,0.0,0.0,0.0,0,0.0,0.0,0.0,72.55,12.0,1.0,0,1,1.0,3.4011973816621555,5.036043098030789,0.0,0,0.0,0.01790802782525994,-4.0044358678210346,True
1942,대조,0,1.0,6.0,95.47,37.0,0.0,0.0,0.0,0.0,0,0.0,0.0,0.0,73.77000000000001,8.0,1.0,0,1,1.0,1.9459101490553132,4.569232079182462,0.0,0,0.0,0.008353798745550828,-4.776650016712144,True
1943,처치,1,2.0,32.0,1522.26,18957.0,0.0,0.0,0.0,2.0,0,0.0,0.0,0.0,221.3,9.0,2.0,0,1,2.0,3.4965075614664802,7.328608054017608,0.0,0,2.0,0.15294338315376688,-1.7116997282300352,True
1946,대조,0,8.0,9.0,885.7,326.0,0.0,0.0,0.0,0.0,1,0.0,0.0,0.0,199.82,3.0,8.0,0,1,8.0,2.302585092994046,6.787506706385962,0.0,0,0.0,0.09846309893301035,-2.214419126904653,True
1947,대조,0,8.0,17.0,1222.95,374.0,0.0,0.0,0.0,0.0,0,0.0,0.0,0.0,637.0,6.0,8.0,0,1,8.0,2.8903717578961645,7.109838612564698,0.0,0,0.0,0.13510301480805886,-1.8565728474773773,True
1948,대조,0,22.0,5.0,120.24,81.0,0.0,0.0,0.0,0.0,1,0.0,0.0,0.0,48.27,4.0,22.0,0,1,22.0,1.791759469228055,4.797772052189602,0.0,0,0.0,0.01554710557411389,-4.14821156514194,True
1949,대조,0,28.0,4.0,208.17000000000002,103.0,0.0,0.0,0.0,0.0,1,0.0,0.0,0.0,80.18,3.0,28.0,0,1,28.0,1.6094379124341003,5.343147318465829,0.0,0,0.0,0.02854510895750058,-3.5273092290098536,True
1950,대조,0,,0.0,0.0,0.0,0.0,0.0,0.0,0.0,0,0.0,0.0,0.0,0.0,0.0,90.0,0,0,90.0,0.0,0.0,0.0,0,0.0,0.00020864688520603287,-8.474658610703141,False
1953,대조,0,14.0,29.0,882.2,338.0,0.0,0.0,0.0,0.0,1,0.0,0.0,0.0,292.29,5.0,14.0,0,1,14.0,3.4011973816621555,6.783551675522831,0.0,0,0.0,0.12960923981168335,-1.9044181842328118,True
1955,처치,1,6.0,22.0,1004.91,35090.0,27.0,101.44,0.0,2.0,1,28.98,69.0,12.0,662.63,11.0,6.0,1,1,6.0,3.1354942159291497,6.913647883436936,0.1009443631768019,0,2.0,0.3239526310633932,-0.7356658412970588,True
1957,대조,0,7.0,3.0,71.19,31.0,0.0,0.0,0.0,1.0,0,0.0,0.0,0.0,0.0,0.0,7.0,0,0,7.0,1.3862943611198906,4.279301532151069,0.0,0,1.0,0.005786476692414681,-5.146428405395062,False
1959,대조,0,,0.0,0.0,0.0,0.0,0.0,0.0,2.0,0,0.0,0.0,0.0,748.1,11.0,90.0,0,1,90.0,0.0,0.0,0.0,0,2.0,0.00018744322370752906,-8.581847104508867,False
1961,대조,0,55.0,2.0,69.53,32.0,0.0,0.0,0.0,2.0,0,0.0,0.0,0.0,0.0,0.0,55.0,0,0,55.0,1.0986122886681098,4.256038151220088,0.0,0,2.0,0.010728847575486061,-4.524032313544638,True
1962,대조,0,5.0,5.0,168.41,74.0,0.0,0.0,0.0,0.0,1,0.0,0.0,0.0,105.57,6.0,5.0,0,1,5.0,1.791759469228055,5.132321812352855,0.0,0,0.0,0.01676860491794093,-4.071336106049919,True
1963,대조,0,9.0,9.0,343.19,4698.0,0.0,0.0,0.0,1.0,0,0.0,0.0,0.0,58.28,1.0,9.0,0,1,9.0,2.302585092994046,5.8411938304791615,0.0,0,1.0,0.034872493194936335,-3.32056186617164,True
1964,대조,0,18.0,10.0,290.88,162.0,0.0,0.0,0.0,0.0,1,0.0,0.0,0.0,33.22,1.0,18.0,0,1,18.0,2.3978952727983707,5.67634275889742,0.0,0,0.0,0.03977572892607766,-3.1839099725870335,True
1968,대조,0,4.0,13.0,472.76,270.0,0.0,0.0,0.0,0.0,0,0.0,0.0,0.0,54.01,6.0,4.0,0,1,4.0,2.6390573296152584,6.160700864353281,0.0,0,0.0,0.04978122107532955,-2.949054425611287,True
1969,대조,0,1.0,30.0,255.5,180.0,0.0,0.0,0.0,0.0,0,0.0,0.0,0.0,170.64,20.0,1.0,0,1,1.0,3.4339872044851463,5.547128664610824,0.0,0,0.0,0.030159570830648946,-3.47062923866836,True
1970,대조,0,5.0,4.0,66.46,30.0,0.0,0.0,0.0,0.0,0,0.0,0.0,0.0,203.43,8.0,5.0,0,1,5.0,1.6094379124341003,4.2115348296335045,0.0,0,0.0,0.005767445057873898,-5.149741953126107,False
1971,대조,0,6.0,20.0,665.86,73243.0,0.0,0.0,0.0,2.0,0,0.0,0.0,0.0,49.84,4.0,6.0,0,1,6.0,3.044522437723423,6.502580128832101,0.0,0,2.0,0.06971919072790732,-2.5910108729000916,True
1972,대조,0,4.0,28.0,341.81,2676.0,0.0,0.0,0.0,0.0,0,0.0,0.0,0.0,190.84,10.0,4.0,0,1,4.0,3.367295829986474,5.837176357826732,0.0,0,0.0,0.041591353420365275,-3.137381954019432,True
1974,대조,0,1.0,34.0,966.51,62140.0,0.0,0.0,0.0,2.0,0,0.0,0.0,0.0,439.29,13.0,1.0,0,1,1.0,3.5553480614894135,6.874725760767834,0.0,0,2.0,0.10119891107558776,-2.183973755169005,True
1976,대조,0,3.0,29.0,480.04,234.0,0.0,0.0,0.0,0.0,1,0.0,0.0,0.0,160.64,10.0,3.0,0,1,3.0,3.4011973816621555,6.175950426731314,0.0,0,0.0,0.06268914202239959,-2.704826726843271,True
1979,대조,0,16.0,14.0,137.34,84.0,0.0,0.0,0.0,1.0,1,0.0,0.0,0.0,71.85000000000001,6.0,16.0,0,1,16.0,2.70805020110221,4.929714423172439,0.0,0,1.0,0.018390152159234348,-3.9773786131816387,True
1980,대조,0,16.0,3.0,355.72,122.0,0.0,0.0,0.0,0.0,1,0.0,0.0,0.0,391.12,3.0,16.0,0,1,16.0,1.3862943611198906,5.876951160319221,0.0,0,0.0,0.038771090359236385,-3.2105377049486408,True
1981,대조,0,1.0,10.0,128.93,65.0,0.0,0.0,0.0,0.0,0,0.0,0.0,0.0,23.34,2.0,1.0,0,1,1.0,2.3978952727983707,4.866995843894645,0.0,0,0.0,0.01238020281976825,-4.379199153038473,True
1982,대조,0,4.0,28.0,884.6,85778.0,0.0,0.0,0.0,0.0,1,0.0,0.0,0.0,325.11,11.0,4.0,0,1,4.0,3.367295829986474,6.786265381394427,0.0,0,0.0,0.11242672321805763,-2.0661894230777174,True
1985,처치,1,2.0,14.0,1000.5,394.0,1.0,2.5,0.0,1.0,1,51.98,2.0,2.0,608.65,9.0,2.0,1,1,2.0,2.70805020110221,6.909254155105873,0.0024987506246876563,0,1.0,0.10684138482330713,-2.123418835868863,True
1987,대조,0,9.0,12.0,288.08,192.0,0.0,0.0,0.0,0.0,0,0.0,0.0,0.0,112.13,5.0,9.0,0,1,9.0,2.5649493574615367,5.666703466414781,0.0,0,0.0,0.032465174103305156,-3.3945834712687954,True
1988,대조,0,5.0,32.0,1272.78,109821.0,0.0,0.0,0.0,1.0,0,0.0,0.0,0.0,459.86,11.0,5.0,0,1,5.0,3.4965075614664802,7.149744136762032,0.0,0,1.0,0.14242547481176943,-1.7952892059762222,True
1989,대조,0,2.0,26.0,414.16,15155.0,0.0,0.0,0.0,0.0,1,0.0,0.0,0.0,223.7,10.0,2.0,0,1,2.0,3.295836866004329,6.0286639880970885,0.0,0,0.0,0.05247108614271458,-2.8935951746895916,True
1990,대조,0,5.0,17.0,514.51,70944.0,8.0,7.62,0.0,0.0,1,0.0,0.0,0.0,264.56,9.0,5.0,0,1,5.0,2.8903717578961645,6.245156701910958,0.014810207770500088,0,0.0,0.07515532047678568,-2.510068897597125,True
1993,대조,0,13.0,10.0,188.29,99.0,0.0,0.0,0.0,0.0,0,0.0,0.0,0.0,53.89,4.0,13.0,0,1,13.0,2.3978952727983707,5.2432802306181285,0.0,0,0.0,0.02184604500904056,-3.8016471771303175,True
1996,대조,0,6.0,17.0,428.95,188.0,0.0,0.0,0.0,0.0,0,0.0,0.0,0.0,222.38,9.0,6.0,0,1,6.0,2.8903717578961645,6.063668922856905,0.0,0,0.0,0.04892020696814193,-2.9674074218133732,True
1997,대조,0,7.0,12.0,806.1700000000001,16708.0,0.0,0.0,0.0,0.0,1,0.0,0.0,0.0,184.58,2.0,7.0,0,1,7.0,2.5649493574615367,6.693534302838338,0.0,0,0.0,0.09323592716790957,-2.2747491660764254,True
1998,대조,0,1.0,45.0,448.33,259.0,0.0,0.0,0.0,2.0,0,0.0,0.0,0.0,199.37,15.0,1.0,0,1,1.0,3.828641396489095,6.107757584379,0.0,0,2.0,0.051142971353307864,-2.9206330620069116,True
2002,대조,0,6.0,2.0,7.73,5.0,0.0,0.0,0.0,1.0,1,0.0,0.0,0.0,50.92,2.0,6.0,0,1,6.0,1.0986122886681098,2.166765369851511,0.0,0,1.0,0.0006703936897974757,-7.306974802929835,False
2004,대조,0,1.0,35.0,1421.23,619.0,0.0,0.0,0.0,0.0,1,0.0,0.0,0.0,541.67,13.0,1.0,0,1,1.0,3.58351893845611,7.259981341306536,0.0,0,0.0,0.17056304848979126,-1.5816420846845118,True
2006,대조,0,15.0,8.0,229.53,12367.0,0.0,0.0,0.0,2.0,1,0.0,0.0,0.0,28.669999999999998,1.0,15.0,0,1,15.0,2.1972245773362196,5.4403810058115045,0.0,0,2.0,0.026034774470457225,-3.6219424762381482,True
2007,처치,1,5.0,28.0,1249.55,113675.0,0.0,0.0,2.0,1.0,1,0.0,0.0,0.0,371.33,8.0,5.0,0,1,5.0,3.367295829986474,7.131338733524732,0.0,1,1.0,0.3094831000224815,-0.8025369610292774,True
2009,대조,0,61.0,2.0,20.48,2.0,0.0,0.0,0.0,1.0,0,0.0,0.0,0.0,0.0,0.0,61.0,0,0,61.0,1.0986122886681098,3.067122269640664,0.0,0,1.0,0.0036758233947458024,-5.602295522586555,False
2011,대조,0,2.0,19.0,214.65,114.0,0.0,0.0,0.0,0.0,1,0.0,0.0,0.0,74.61,6.0,2.0,0,1,2.0,2.995732273553991,5.373656723093852,0.0,0,0.0,0.02584980501248004,-3.6292624381651093,True
2012,처치,1,3.0,16.0,512.02,27249.0,8.0,14.85,0.0,0.0,1,8.99,1.0,1.0,636.7,19.0,3.0,1,1,3.0,2.833213344056216,6.240314830765597,0.029002773329166828,0,0.0,0.0853091186960621,-2.372304823294093,True
2013,대조,0,4.0,20.0,185.38,96.0,0.0,0.0,0.0,0.0,1,0.0,0.0,0.0,19.830000000000002,2.0,4.0,0,1,4.0,3.044522437723423,5.22778760035751,0.0,0,0.0,0.023238239926761634,-3.738443579399129,True
2014,대조,0,40.0,5.0,387.39,195.0,0.0,0.0,0.0,0.0,0,0.0,0.0,0.0,0.0,0.0,40.0,0,0,40.0,1.791759469228055,5.962009989432784,0.0,0,0.0,0.05979574516743907,-2.7551626366554847,True
2015,대조,0,1.0,17.0,876.48,335.0,0.0,0.0,0.0,0.0,0,0.0,0.0,0.0,340.94,6.0,1.0,0,1,1.0,2.8903717578961645,6.777054163057487,0.0,0,0.0,0.09026954880187343,-2.3103481671782036,True
2016,대조,0,1.0,23.0,624.42,421.0,0.0,0.0,0.0,1.0,0,0.0,0.0,0.0,89.43,11.0,1.0,0,1,1.0,3.1780538303479458,6.438423424045506,0.0,0,1.0,0.0656301888085974,-2.655836517977969,True
2017,대조,0,3.0,17.0,670.38,66936.0,0.0,0.0,0.0,0.0,1,0.0,0.0,0.0,467.47,11.0,3.0,0,1,3.0,2.8903717578961645,6.50933529560061,0.0,0,0.0,0.07849973011391675,-2.462907883243581,True
2019,대조,0,2.0,91.0,3640.56,1561.0,0.0,0.0,0.0,0.0,0,0.0,0.0,0.0,1219.38,24.0,2.0,0,1,2.0,4.5217885770490405,8.200167440248853,0.0,0,0.0,0.37739584539384957,-0.50061630660089,True
2020,대조,0,1.0,43.0,1603.93,722.0,0.0,0.0,0.0,0.0,1,0.0,0.0,0.0,697.52,19.0,1.0,0,1,1.0,3.784189633918261,7.3808354209058455,0.0,0,0.0,0.19514985987942365,-1.416888323135864,True
2021,대조,0,10.0,15.0,277.86,141.0,0.0,0.0,0.0,0.0,0,0.0,0.0,0.0,41.55,2.0,10.0,0,1,10.0,2.772588722239781,5.630709863766875,0.0,0,0.0,0.03310297273867756,-3.374468913793544,True
2027,대조,0,2.0,14.0,168.91,71.0,0.0,0.0,0.0,1.0,0,0.0,0.0,0.0,159.75,17.0,2.0,0,1,2.0,2.70805020110221,5.135268885097667,0.0,0,1.0,0.016653994700627665,-4.078310937718445,True
2029,대조,0,,0.0,0.0,0.0,0.0,0.0,0.0,0.0,0,0.0,0.0,0.0,28.87,4.0,90.0,0,1,90.0,0.0,0.0,0.0,0,0.0,0.00020864688520603287,-8.474658610703141,False
2030,대조,0,4.0,11.0,320.08,158.0,0.0,0.0,0.0,1.0,1,0.0,0.0,0.0,135.67,4.0,4.0,0,1,4.0,2.4849066497880004,5.771690313263376,0.0,0,1.0,0.03413557763475882,-3.3426833020500997,True
2032,대조,0,3.0,7.0,196.81,18664.0,0.0,0.0,0.0,0.0,0,0.0,0.0,0.0,135.65,7.0,3.0,0,1,3.0,2.0794415416798357,5.2873069740279846,0.0,0,0.0,0.018385701006061912,-3.977625217052351,True
2033,대조,0,4.0,8.0,187.4,63.0,0.0,0.0,0.0,0.0,0,0.0,0.0,0.0,248.96,14.0,4.0,0,1,4.0,2.1972245773362196,5.238567362142263,0.0,0,0.0,0.018188586513707194,-3.988604963886162,True
2034,대조,0,2.0,22.0,658.22,76129.0,0.0,0.0,0.0,0.0,0,0.0,0.0,0.0,204.41,9.0,2.0,0,1,2.0,3.1354942159291497,6.491057317940845,0.0,0,0.0,0.07305631298095999,-2.540662261706204,True
2035,대조,0,2.0,14.0,270.59,164.0,0.0,0.0,0.0,0.0,0,0.0,0.0,0.0,62.91,4.0,2.0,0,1,2.0,2.70805020110221,5.604293576155459,0.0,0,0.0,0.028171999652248522,-3.5408502698881303,True
2036,대조,0,3.0,8.0,689.08,16608.0,3.0,62.48,0.0,0.0,0,13.66,14.0,7.0,223.79,2.0,3.0,1,1,3.0,2.1972245773362196,6.536807532899533,0.0906716201311894,0,0.0,0.18565877345779697,-1.478469037829374,True
2037,대조,0,6.0,12.0,253.61,134.0,0.0,0.0,0.0,1.0,0,0.0,0.0,0.0,86.88,7.0,6.0,0,1,6.0,2.5649493574615367,5.539732962649695,0.0,0,1.0,0.025919302715037566,-3.626506181936274,True
2039,대조,0,,0.0,0.0,0.0,0.0,0.0,0.0,1.0,0,0.0,0.0,0.0,0.0,0.0,90.0,0,0,90.0,0.0,0.0,0.0,0,1.0,0.00019776113621266213,-8.528252857606004,False
2041,대조,0,2.0,13.0,600.6800000000001,210.0,0.0,0.0,0.0,0.0,1,0.0,0.0,0.0,532.35,11.0,2.0,0,1,2.0,2.6390573296152584,6.3997257425181475,0.0,0,0.0,0.06648657705624983,-2.641955263526734,True
2042,대조,0,3.0,4.0,817.3100000000001,327.0,0.0,0.0,0.0,0.0,0,0.0,0.0,0.0,207.43,2.0,3.0,0,1,3.0,1.6094379124341003,6.707241237915712,0.0,0,0.0,0.06871345612960413,-2.6066219626442297,True
2043,대조,0,22.0,6.0,145.98,9460.0,0.0,0.0,0.0,0.0,0,0.0,0.0,0.0,72.07,2.0,22.0,0,1,22.0,1.9459101490553132,4.990296523100725,0.0,0,0.0,0.017795033918034976,-4.010880584669227,True
2044,대조,0,20.0,6.0,145.72,56.0,0.0,0.0,0.0,1.0,0,0.0,0.0,0.0,146.97,3.0,20.0,0,1,20.0,1.9459101490553132,4.988526008508154,0.0,0,1.0,0.01633683008588623,-4.0978614580338055,True
2046,대조,0,1.0,9.0,136.77,49.0,0.0,0.0,0.0,1.0,0,0.0,0.0,0.0,38.1,3.0,1.0,0,1,1.0,2.302585092994046,4.925585628056508,0.0,0,1.0,0.012232104341000046,-4.391383747969814,True
2047,처치,1,3.0,30.0,758.11,57577.0,8.0,6.75,0.0,0.0,0,0.0,0.0,0.0,511.93,15.0,3.0,0,1,3.0,3.4339872044851463,6.632146694430881,0.008903721095883183,0,0.0,0.09946381225281747,-2.203196468031281,True
2050,대조,0,1.0,24.0,814.35,81933.0,0.0,0.0,0.0,2.0,1,0.0,0.0,0.0,449.19,11.0,1.0,0,1,1.0,3.2188758248682006,6.703617468907286,0.0,0,2.0,0.08821543366310526,-2.3356218085007545,True
2053,대조,0,4.0,24.0,424.16,4599.0,0.0,0.0,0.0,0.0,1,0.0,0.0,0.0,393.06,18.0,4.0,0,1,4.0,3.2188758248682006,6.052465568665381,0.0,0,0.0,0.05453418314549334,-2.8528500152013816,True
2055,대조,0,1.0,31.0,551.08,9395.0,0.0,0.0,0.0,0.0,0,0.0,0.0,0.0,141.48000000000002,8.0,1.0,0,1,1.0,3.4657359027997265,6.313692963312347,0.0,0,0.0,0.06455725262271618,-2.673467476171098,True
2056,대조,0,5.0,13.0,266.01,92.0,0.0,0.0,0.0,0.0,0,0.0,0.0,0.0,94.45,3.0,5.0,0,1,5.0,2.6390573296152584,5.587286110882417,0.0,0,0.0,0.028613823319273483,-3.524834165604524,True
2057,대조,0,1.0,22.0,568.33,57579.0,0.0,0.0,0.0,0.0,1,0.0,0.0,0.0,97.14,7.0,1.0,0,1,1.0,3.1354942159291497,6.344460230862329,0.0,0,0.0,0.06814067339859141,-2.615607571412511,True
2058,대조,0,1.0,16.0,615.03,15395.0,0.0,0.0,0.0,3.0,1,0.0,0.0,0.0,114.18,4.0,1.0,0,1,1.0,2.833213344056216,6.423295663646352,0.0,0,3.0,0.05978083289529582,-2.7554279151481937,True
2059,대조,0,15.0,8.0,446.27,244.0,0.0,0.0,0.0,0.0,0,0.0,0.0,0.0,136.69,3.0,15.0,0,1,15.0,2.1972245773362196,6.103162439108417,0.0,0,0.0,0.051024826541391795,-2.9230703283212818,True
2062,대조,0,1.0,28.0,825.65,8915.0,0.0,0.0,0.0,2.0,1,0.0,0.0,0.0,271.17,11.0,1.0,0,1,1.0,3.367295829986474,6.717381388997354,0.0,0,2.0,0.09180588049110729,-2.2917817905451066,True
2063,대조,0,18.0,11.0,307.33,198.0,0.0,0.0,0.0,2.0,1,0.0,0.0,0.0,123.57,3.0,18.0,0,1,18.0,2.4849066497880004,5.731170637975067,0.0,0,2.0,0.03852508754246579,-3.2171588190422593,True
2064,대조,0,3.0,25.0,424.85,196.0,0.0,0.0,0.0,0.0,1,0.0,0.0,0.0,619.51,24.0,3.0,0,1,3.0,3.258096538021482,6.05408717158709,0.0,0,0.0,0.05421157323018936,-2.859124479805404,True
2065,대조,0,17.0,7.0,674.51,277.0,0.0,0.0,0.0,0.0,0,23.29,1.0,1.0,83.00999999999999,5.0,17.0,1,1,17.0,2.0794415416798357,6.515467961139678,0.0,0,0.0,0.07658482947512234,-2.4896799304183928,True
2066,처치,1,6.0,24.0,513.73,11099.0,22.0,34.51,0.0,0.0,0,25.99,13.0,9.0,160.9,12.0,6.0,1,1,6.0,3.2188758248682006,6.243642491340539,0.06717536449107507,0,0.0,0.13740308792654313,-1.8370286508896752,True
2068,대조,0,7.0,17.0,393.8,4781.0,0.0,0.0,0.0,0.0,1,0.0,0.0,0.0,157.94,10.0,7.0,0,1,7.0,2.8903717578961645,5.978379307559327,0.0,0,0.0,0.04985266192990903,-2.9475451714975685,True
2069,대조,0,14.0,5.0,45.63,18.0,0.0,0.0,0.0,1.0,1,0.0,0.0,0.0,137.14,3.0,14.0,0,1,14.0,1.791759469228055,3.8422441108202294,0.0,0,1.0,0.00489901214521311,-5.313810645565506,False
2070,대조,0,2.0,90.0,665.42,17834.0,0.0,0.0,0.0,0.0,1,0.0,0.0,0.0,351.71,32.0,2.0,0,1,2.0,4.51085950651685,6.501920102407084,0.0,0,0.0,0.10314905772423512,-2.1627145701742747,True
2071,대조,0,2.0,39.0,303.29,125.0,0.0,0.0,0.0,0.0,0,0.0,0.0,0.0,288.64,32.0,2.0,0,1,2.0,3.6888794541139363,5.717981194056014,0.0,0,0.0,0.038137025150992855,-3.2276864037419513,True
2074,대조,0,21.0,7.0,151.89000000000001,83.0,0.0,0.0,0.0,0.0,0,0.0,0.0,0.0,30.69,1.0,21.0,0,1,21.0,2.0794415416798357,5.029718708572522,0.0,0,0.0,0.018718927019942832,-3.959323783230506,True
2075,대조,0,6.0,9.0,358.85,31925.0,0.0,0.0,0.0,0.0,0,0.0,0.0,0.0,225.3,11.0,6.0,0,1,6.0,2.302585092994046,5.885687277953814,0.0,0,0.0,0.036671084207495264,-3.26840635849173,True
2078,처치,1,1.0,7.0,161.41,26990.0,0.0,0.0,0.0,2.0,0,0.0,0.0,0.0,41.22,4.0,1.0,0,1,1.0,2.0794415416798357,5.090124002186512,0.0,0,2.0,0.013127955968845426,-4.319796389929343,True
2081,대조,0,65.0,3.0,76.45,27.0,0.0,0.0,0.0,0.0,0,0.0,0.0,0.0,0.0,0.0,65.0,0,0,65.0,1.3862943611198906,4.349632566862877,0.0,0,0.0,0.016221949404024487,-4.1050350866021565,True
2084,대조,0,1.0,10.0,244.94,123.0,0.0,0.0,0.0,0.0,1,0.0,0.0,0.0,131.84,6.0,1.0,0,1,1.0,2.3978952727983707,5.505087603744301,0.0,0,0.0,0.02586031821529985,-3.6288450252394555,True
2085,대조,0,1.0,73.0,2066.2,128566.0,0.0,0.0,0.0,0.0,1,0.0,0.0,0.0,711.59,24.0,1.0,0,1,1.0,4.30406509320417,7.633950313588283,0.0,0,0.0,0.2588525501349723,-1.0519409980867442,True
2086,대조,0,1.0,57.0,625.82,267.0,0.0,0.0,0.0,0.0,1,0.0,0.0,0.0,243.55,27.0,1.0,0,1,1.0,4.060443010546419,6.440659418077471,0.0,0,0.0,0.08853580457639548,-2.331645270726054,True
2087,대조,0,5.0,25.0,871.25,64135.0,0.0,0.0,0.0,0.0,1,0.0,0.0,0.0,449.14,17.0,5.0,0,1,5.0,3.258096538021482,6.771076080066884,0.0,0,0.0,0.11027970548547385,-2.0878872219596585,True
2092,대조,0,5.0,23.0,368.49,39042.0,0.0,0.0,0.0,0.0,1,0.0,0.0,0.0,155.75,13.0,5.0,0,1,5.0,3.1780538303479458,5.9121236764225715,0.0,0,0.0,0.047879449768646484,-2.990005266428111,True
2094,대조,0,9.0,6.0,214.06,115.0,0.0,0.0,0.0,0.0,1,0.0,0.0,0.0,185.01,4.0,9.0,0,1,9.0,1.9459101490553132,5.37091705896238,0.0,0,0.0,0.023401268750101466,-3.7312856114928934,True
2097,대조,0,5.0,28.0,1326.19,108214.0,0.0,0.0,0.0,2.0,1,0.0,0.0,0.0,690.52,19.0,5.0,0,1,5.0,3.367295829986474,7.190819204188416,0.0,0,2.0,0.14928214462614353,-1.7402424253361661,True
2098,대조,0,16.0,7.0,368.14,170.0,0.0,0.0,0.0,0.0,0,0.0,0.0,0.0,0.0,0.0,16.0,0,0,16.0,2.0794415416798357,5.911175975879146,0.0,0,0.0,0.04193181666647016,-3.1288740616022004,True
2099,대조,0,3.0,2.0,32.010000000000005,15.0,0.0,0.0,0.0,0.0,0,0.0,0.0,0.0,74.1,9.0,3.0,0,1,3.0,1.0986122886681098,3.496810545865102,0.0,0,0.0,0.0024221888940990626,-6.02065851879564,False
2100,대조,0,8.0,18.0,610.15,11543.0,0.0,0.0,0.0,0.0,1,0.0,0.0,0.0,171.12,2.0,8.0,0,1,8.0,2.9444389791664403,6.415342428223272,0.0,0,0.0,0.07797549354902698,-2.4701772108140156,True
2102,대조,0,4.0,15.0,296.54,110.0,0.0,0.0,0.0,1.0,1,0.0,0.0,0.0,113.74,7.0,4.0,0,1,4.0,2.772588722239781,5.695548669729098,0.0,0,1.0,0.033446737600492445,-3.363782154475623,True
2107,대조,0,1.0,18.0,556.42,236.0,0.0,0.0,0.0,1.0,1,0.0,0.0,0.0,234.4,4.0,1.0,0,1,1.0,2.9444389791664403,6.323318995279638,0.0,0,1.0,0.06127404965600505,-2.729167164138201,True
2108,대조,0,5.0,22.0,238.88,121.0,0.0,0.0,0.0,0.0,0,0.0,0.0,0.0,150.58,9.0,5.0,0,1,5.0,3.1354942159291497,5.480138798300309,0.0,0,0.0,0.02829877193659168,-3.5362299694334864,True
2109,대조,0,2.0,24.0,574.17,296.0,0.0,0.0,0.0,0.0,0,0.0,0.0,0.0,140.96,6.0,2.0,0,1,2.0,3.2188758248682006,6.3546656492747715,0.0,0,0.0,0.06508764936707494,-2.6647179689038474,True
2112,처치,1,2.0,17.0,794.94,356.0,1.0,2.19,0.0,0.0,1,0.0,0.0,0.0,320.61,8.0,2.0,0,1,2.0,2.8903717578961645,6.679523806118981,0.002754924899992452,0,0.0,0.09388793854377261,-2.2670610585850266,True
2114,대조,0,1.0,18.0,393.06,215.0,0.0,0.0,0.0,2.0,0,0.0,0.0,0.0,149.85,6.0,1.0,0,1,1.0,2.9444389791664403,5.976503181967821,0.0,0,2.0,0.03795636818564547,-3.232622510561206,True
2117,대조,0,9.0,15.0,166.54,129.0,0.0,0.0,0.0,1.0,0,0.0,0.0,0.0,91.32000000000001,5.0,9.0,0,1,9.0,2.772588722239781,5.121222128725663,0.0,0,1.0,0.018533771082282848,-3.9694530736441203,True
2121,대조,0,4.0,26.0,785.64,84153.0,0.0,0.0,0.0,1.0,1,0.0,0.0,0.0,151.82,5.0,4.0,0,1,4.0,3.295836866004329,6.667770710471901,0.0,0,1.0,0.094807523083666,-2.2562988392269125,True
2123,대조,0,3.0,13.0,762.88,343.0,0.0,0.0,0.0,0.0,1,0.0,0.0,0.0,254.71,3.0,3.0,0,1,3.0,2.6390573296152584,6.638410708767213,0.0,0,0.0,0.08471542327390877,-2.379937351693041,True
2128,대조,0,1.0,5.0,58.07,18.0,0.0,0.0,0.0,0.0,0,8.99,1.0,1.0,31.51,5.0,1.0,1,1,1.0,1.791759469228055,4.078723181319144,0.0,0,0.0,0.004900695026064437,-5.313465499060496,False
2130,대조,0,2.0,9.0,500.23,175.0,0.0,0.0,0.0,0.0,1,0.0,0.0,0.0,190.75,3.0,2.0,0,1,2.0,2.302585092994046,6.217065077575366,0.0,0,0.0,0.05227272942823208,-2.897591962359515,True
2131,대조,0,1.0,22.0,830.66,345.0,0.0,0.0,0.0,0.0,0,0.0,0.0,0.0,522.82,10.0,1.0,0,1,1.0,3.1354942159291497,6.723423703453316,0.0,0,0.0,0.0897474102267052,-2.3167229606352806,True
2133,처치,1,5.0,18.0,817.8100000000001,11453.0,4.0,1.68,0.0,0.0,1,0.0,0.0,0.0,210.03,5.0,5.0,0,1,5.0,2.9444389791664403,6.707852066707183,0.0020542668835059484,0,0.0,0.10075461395499823,-2.188867955812591,True
2134,대조,0,3.0,13.0,1310.48,578.0,1.0,2.69,0.0,2.0,1,0.0,0.0,0.0,426.91,6.0,3.0,0,1,3.0,2.6390573296152584,7.178911549476583,0.0020526829863866673,0,2.0,0.12980786912947584,-1.9026585998812615,True
2137,대조,0,1.0,27.0,491.05,29828.0,0.0,0.0,0.0,1.0,0,0.0,0.0,0.0,295.11,16.0,1.0,0,1,1.0,3.332204510175204,6.198580337344994,0.0,0,1.0,0.05353065295865353,-2.87248414221182,True
2138,대조,0,19.0,20.0,549.25,299.0,0.0,0.0,0.0,0.0,0,0.0,0.0,0.0,129.6,3.0,19.0,0,1,19.0,3.044522437723423,6.310372720406571,0.0,0,0.0,0.0774884213695437,-2.4769714036823918,True
2139,대조,0,1.0,101.0,1527.15,11138.0,9.0,4.47,0.0,0.0,0,14.58,2.0,2.0,475.25,26.0,1.0,1,1,1.0,4.624972813284271,7.331813132447615,0.0029270209213240347,0,0.0,0.2053286218109876,-1.353316939552238,True
2141,대조,0,5.0,15.0,807.08,335.0,1.0,28.99,0.0,1.0,0,0.0,0.0,0.0,229.44,5.0,5.0,0,1,5.0,2.772588722239781,6.694661063520929,0.03591961143876691,0,1.0,0.1257275668405453,-1.9392746373456031,True
2142,대조,0,4.0,11.0,1075.65,481.0,0.0,0.0,0.0,0.0,0,0.0,0.0,0.0,313.61,4.0,4.0,0,1,4.0,2.4849066497880004,6.9816096475526175,0.0,0,0.0,0.10593488735487752,-2.1329539703238987,True
2144,대조,0,59.0,4.0,349.92,97.0,0.0,0.0,0.0,0.0,0,0.0,0.0,0.0,479.23,4.0,59.0,0,1,59.0,1.6094379124341003,5.860558277260183,0.0,0,0.0,0.06936951496069695,-2.5964147920403415,True
2146,대조,0,12.0,6.0,183.11,57.0,0.0,0.0,0.0,1.0,0,0.0,0.0,0.0,62.18,1.0,12.0,0,1,12.0,1.9459101490553132,5.215533405069116,0.0,0,1.0,0.018165277840468667,-3.9899110258858146,True
2147,대조,0,7.0,11.0,773.55,41427.0,0.0,0.0,0.0,0.0,1,0.0,0.0,0.0,258.33,4.0,7.0,0,1,7.0,2.4849066497880004,6.652282215552372,0.0,0,0.0,0.08840302924422114,-2.3332917378437905,True
2148,대조,0,3.0,14.0,347.52,205.0,0.0,0.0,1.0,2.0,1,0.0,0.0,0.0,138.6,8.0,3.0,0,1,3.0,2.70805020110221,5.853695617363086,0.0,1,2.0,0.08807090115693275,-2.337420059510195,True
2149,처치,1,15.0,20.0,659.92,82259.0,5.0,11.3,0.0,0.0,0,4.76,4.0,1.0,260.66,7.0,15.0,1,1,15.0,3.044522437723423,6.49363280378279,0.01712328767123288,0,0.0,0.1065053914016234,-2.126944693198382,True
2154,대조,0,8.0,18.0,517.0600000000001,10998.0,0.0,0.0,0.0,0.0,1,0.0,0.0,0.0,224.79,12.0,8.0,0,1,8.0,2.9444389791664403,6.250091065667523,0.0,0,0.0,0.06656715357398234,-2.64065775667377,True
2156,대조,0,2.0,16.0,811.35,49067.0,0.0,0.0,0.0,0.0,1,0.0,0.0,0.0,404.40999999999997,7.0,2.0,0,1,2.0,2.833213344056216,6.6999312817757595,0.0,0,0.0,0.09166474346024966,-2.2934757073737324,True
2158,대조,0,1.0,19.0,476.98,57970.0,0.0,0.0,0.0,0.0,1,0.0,0.0,0.0,184.60999999999999,8.0,1.0,0,1,1.0,2.995732273553991,6.169568890611913,0.0,0,0.0,0.056043885779174456,-2.8239446174413523,True
2159,대조,0,2.0,25.0,446.73,13046.0,0.0,0.0,0.0,0.0,0,0.0,0.0,0.0,63.83,6.0,2.0,0,1,2.0,3.258096538021482,6.104190372159825,0.0,0,0.0,0.051403045697295265,-2.9152865771927594,True
2161,대조,0,1.0,3.0,111.65,44802.0,0.0,0.0,0.0,1.0,0,0.0,0.0,0.0,0.0,0.0,1.0,0,0,1.0,1.3862943611198906,4.724285666878253,0.0,0,1.0,0.008309237053472286,-4.782043533786672,True
2164,대조,0,5.0,9.0,383.85,222.0,0.0,0.0,0.0,0.0,0,0.0,0.0,0.0,170.39000000000001,3.0,5.0,0,1,5.0,2.302585092994046,5.9528536479803265,0.0,0,0.0,0.03860904278854795,-3.2148946313936686,True
2168,대조,0,4.0,27.0,792.89,437.0,0.0,0.0,0.0,2.0,1,0.0,0.0,0.0,309.04,7.0,4.0,0,1,4.0,3.332204510175204,6.676944912606895,0.0,0,2.0,0.09169055915218352,-2.2931656940965826,True
2170,처치,1,1.0,34.0,901.51,530.0,0.0,0.0,0.0,0.0,0,0.0,0.0,0.0,315.26,16.0,1.0,0,1,1.0,3.5553480614894135,6.80517977047806,0.0,0,0.0,0.10446848635988028,-2.148531952002263,True
2173,대조,0,56.0,2.0,14.34,5.0,0.0,0.0,0.0,0.0,1,0.0,0.0,0.0,0.0,0.0,56.0,0,0,56.0,1.0986122886681098,2.73046379593911,0.0,0,0.0,0.0027791076619539347,-5.882842411163575,False
2176,대조,0,9.0,60.0,962.55,99777.0,0.0,0.0,0.0,0.0,0,0.0,0.0,0.0,166.08,6.0,9.0,0,1,9.0,4.110873864173311,6.87062438064393,0.0,0,0.0,0.13659853756906704,-1.8438335357817615,True
2179,대조,0,4.0,8.0,175.27,4515.0,0.0,0.0,0.0,0.0,1,0.0,0.0,0.0,133.51,4.0,4.0,0,1,4.0,2.1972245773362196,5.1720169104318625,0.0,0,0.0,0.018611465698109366,-3.965190614402477,True
2181,대조,0,50.0,4.0,83.74,22.0,0.0,0.0,0.0,0.0,1,0.0,0.0,0.0,0.0,0.0,50.0,0,0,50.0,1.6094379124341003,4.439587745198413,0.0,0,0.0,0.01610641784448526,-4.112299926545775,True
2182,대조,0,6.0,17.0,250.51,106.0,0.0,0.0,0.0,2.0,1,0.0,0.0,0.0,20.32,1.0,6.0,0,1,6.0,2.8903717578961645,5.527482750180741,0.0,0,2.0,0.028313944225514368,-3.5356783522873148,True
2183,대조,0,6.0,14.0,416.66,42524.0,0.0,0.0,0.0,1.0,1,0.0,0.0,0.0,75.98,3.0,6.0,0,1,6.0,2.70805020110221,6.03466770440863,0.0,0,1.0,0.04764043299742429,-2.9952608265207314,True
2184,대조,0,6.0,24.0,543.95,13042.0,0.0,0.0,0.0,0.0,1,0.0,0.0,0.0,194.21,14.0,6.0,0,1,6.0,3.2188758248682006,6.300694047335321,0.0,0,0.0,0.07141151430158664,-2.565206554801495,True
2186,대조,0,21.0,10.0,761.5,296.0,0.0,0.0,0.0,1.0,1,0.0,0.0,0.0,140.5,3.0,21.0,0,1,21.0,2.3978952727983707,6.636602508481567,0.0,0,1.0,0.09979377580456487,-2.199518060386329,True
2187,대조,0,4.0,10.0,329.90000000000003,76.0,0.0,0.0,0.0,0.0,0,0.0,0.0,0.0,204.74,5.0,4.0,0,1,4.0,2.3978952727983707,5.801816214927567,0.0,0,0.0,0.03332812850118023,-3.36745737143759,True
2188,처치,1,1.0,26.0,654.54,27798.0,1.0,5.49,0.0,0.0,1,0.0,0.0,0.0,298.88,10.0,1.0,0,1,1.0,3.295836866004329,6.485459323462499,0.008387569896415804,0,0.0,0.08880133057866814,-2.3283593180032724,True
2190,대조,0,1.0,44.0,1568.41,150262.0,0.0,0.0,0.0,0.0,1,0.0,0.0,0.0,511.26,12.0,1.0,0,1,1.0,3.8066624897703196,7.35845503153493,0.0,0,0.0,0.19224488725062575,-1.4354889205460233,True
2193,대조,0,15.0,14.0,1307.71,26983.0,0.0,0.0,0.0,2.0,1,0.0,0.0,0.0,505.75,6.0,15.0,0,1,15.0,2.70805020110221,7.176797198202869,0.0,0,2.0,0.15077137002276103,-1.7285638597289952,True
2198,대조,0,1.0,32.0,369.89,8795.0,0.0,0.0,0.0,0.0,1,0.0,0.0,0.0,466.83,40.0,1.0,0,1,1.0,3.4965075614664802,5.915905522686946,0.0,0,0.0,0.048079465174304455,-2.9856263929831197,True
2203,대조,0,5.0,8.0,504.68,147.0,0.0,0.0,0.0,1.0,1,0.0,0.0,0.0,70.2,2.0,5.0,0,1,5.0,2.1972245773362196,6.225904058164043,0.0,0,1.0,0.05137954394482694,-2.915768662159981,True
2204,대조,0,1.0,28.0,325.21,268.0,0.0,0.0,0.0,0.0,0,0.0,0.0,0.0,160.99,18.0,1.0,0,1,1.0,3.367295829986474,5.787541345756266,0.0,0,0.0,0.03783585976108641,-3.2359277362101904,True
2205,대조,0,15.0,10.0,284.6,170.0,0.0,0.0,0.0,1.0,0,0.0,0.0,0.0,86.25,2.0,15.0,0,1,15.0,2.3978952727983707,5.654592230465429,0.0,0,1.0,0.03231566433659956,-3.39935385792029,True
2207,대조,0,3.0,92.0,1430.19,791.0,2.0,9.0,0.0,1.0,0,0.0,0.0,0.0,215.11,24.0,3.0,0,1,3.0,4.532599493153256,7.266261545026444,0.0062928701780882255,0,1.0,0.19507316815404396,-1.417376671682172,True
2208,대조,0,5.0,14.0,1758.09,713.0,0.0,0.0,0.0,2.0,1,0.0,0.0,0.0,1100.3,17.0,5.0,0,1,5.0,2.70805020110221,7.472551908863558,0.0,0,2.0,0.17061841509236142,-1.5812507723280111,True
2209,처치,1,2.0,25.0,819.3100000000001,106506.0,0.0,0.0,0.0,0.0,1,0.0,0.0,0.0,181.5,6.0,2.0,0,1,2.0,3.258096538021482,6.709682317596352,0.0,0,0.0,0.09987953035176365,-2.1985638462556105,True
2210,대조,0,3.0,14.0,574.63,272.0,0.0,0.0,0.0,0.0,0,1.26,3.0,3.0,49.85,5.0,3.0,1,1,3.0,2.70805020110221,6.355465093182487,0.0,0,0.0,0.060079377664365566,-2.7501287784217117,True
2211,대조,0,9.0,12.0,307.63,9542.0,0.0,0.0,0.0,0.0,0,0.0,0.0,0.0,206.23,7.0,9.0,0,1,9.0,2.5649493574615367,5.73214314842516,0.0,0,0.0,0.034654013349361044,-3.327073028162739,True
2215,대조,0,10.0,13.0,285.58,113.0,0.0,0.0,0.0,2.0,0,0.0,0.0,0.0,150.68,10.0,10.0,0,1,10.0,2.6390573296152584,5.658017729288456,0.0,0,2.0,0.029882255492805952,-3.480152607771193,True
2221,대조,0,2.0,18.0,356.95,195.0,0.0,0.0,0.0,0.0,1,0.0,0.0,0.0,139.16,6.0,2.0,0,1,2.0,2.9444389791664403,5.880393311842194,0.0,0,0.0,0.04242223028424258,-3.116734415393962,True
2222,대조,0,20.0,5.0,535.39,205.0,0.0,0.0,0.0,0.0,0,0.0,0.0,0.0,218.54,2.0,20.0,0,1,20.0,1.791759469228055,6.2848615084298665,0.0,0,0.0,0.06078532240234739,-2.737695724745108,True
2223,대조,0,44.0,7.0,43.52,12.0,0.0,0.0,0.0,2.0,0,0.0,0.0,0.0,3.5700000000000003,1.0,44.0,0,1,44.0,2.0794415416798357,3.795938526407344,0.0,0,2.0,0.006851633462199991,-4.976392979827309,False
2225,대조,0,5.0,15.0,412.76,167.0,0.0,0.0,0.0,0.0,0,0.0,0.0,0.0,148.65,6.0,5.0,0,1,5.0,2.772588722239781,6.025286095583493,0.0,0,0.0,0.045377178861601364,-3.04630700035863,True
2226,처치,1,1.0,129.0,1655.21,120881.0,3.0,2.69,0.0,0.0,0,24.45,1.0,1.0,778.1,55.0,1.0,1,1,1.0,4.867534450455582,7.412287138499497,0.0016251714283988133,0,0.0,0.2246288991545165,-1.2388920510872388,True
2228,대조,0,2.0,39.0,1043.06,24660.0,0.0,0.0,0.0,2.0,0,0.0,0.0,0.0,401.51,14.0,2.0,0,1,2.0,3.6888794541139363,6.950872238055542,0.0,0,2.0,0.11274833277758099,-2.0629704792362418,True
2230,대조,0,6.0,2.0,100.84,41.0,0.0,0.0,0.0,0.0,0,0.0,0.0,0.0,104.47,3.0,6.0,0,1,6.0,1.0986122886681098,4.623402954249151,0.0,0,0.0,0.008073384818825963,-4.811076301251434,True
2231,대조,0,24.0,9.0,250.77,110.0,2.0,31.77,0.0,0.0,1,26.97,3.0,3.0,282.26,4.0,24.0,1,1,24.0,2.302585092994046,5.528515972335923,0.12668979543007536,0,0.0,0.1675886912686446,-1.602813968880084,True
2234,대조,0,2.0,28.0,1259.91,65211.0,0.0,0.0,0.0,0.0,1,0.0,0.0,0.0,253.56,7.0,2.0,0,1,2.0,3.367295829986474,7.13958896149078,0.0,0,0.0,0.15017292508353108,-1.7332454235288883,True
2235,대조,0,7.0,15.0,612.09,202.0,0.0,0.0,0.0,0.0,1,0.0,0.0,0.0,12.95,1.0,7.0,0,1,7.0,2.772588722239781,6.418511744082696,0.0,0,0.0,0.07467446570393046,-2.5170073954444856,True
2236,대조,0,1.0,42.0,727.55,65683.0,1.0,4.38,0.0,0.0,0,0.0,0.0,0.0,341.22,19.0,1.0,0,1,1.0,3.7612001156935624,6.591056257459863,0.006020204796921174,0,0.0,0.09538947592167561,-2.2495362338513347,True
2237,대조,0,6.0,24.0,708.96,46769.0,0.0,0.0,0.0,0.0,1,0.0,0.0,0.0,333.09000000000003,11.0,6.0,0,1,6.0,3.2188758248682006,6.565208630420146,0.0,0,0.0,0.09176087227993666,-2.2923217215708265,True
2238,대조,0,1.0,37.0,524.89,307.0,17.0,8.22,0.0,0.0,0,0.0,0.0,0.0,93.46000000000001,9.0,1.0,0,1,1.0,3.6375861597263857,6.265092065392643,0.015660424088856713,0,0.0,0.07696311698036368,-2.4843428867976787,True
2239,대조,0,7.0,9.0,500.26,4403.0,0.0,0.0,0.0,0.0,0,0.0,0.0,0.0,531.72,15.0,7.0,0,1,7.0,2.302585092994046,6.2171249285464665,0.0,0,0.0,0.05162711651265099,-2.9107007136657126,True
2240,처치,1,2.0,26.0,692.39,283.0,0.0,0.0,1.0,2.0,0,0.0,0.0,0.0,40.86,1.0,2.0,0,1,2.0,3.295836866004329,6.541592611456707,0.0,1,2.0,0.16545038127731745,-1.618220861706942,True
2241,대조,0,5.0,12.0,452.62,277.0,0.0,0.0,0.0,0.0,0,0.0,0.0,0.0,84.83,7.0,5.0,0,1,5.0,2.5649493574615367,6.11725984315229,0.0,0,0.0,0.047748117298137674,-2.9928899446273967,True
2243,대조,0,6.0,7.0,554.1,218.0,0.0,0.0,0.0,0.0,1,0.0,0.0,0.0,107.63,1.0,6.0,0,1,6.0,2.0794415416798357,6.319148277696116,0.0,0,0.0,0.05876083649178844,-2.773721679235401,True
2244,대조,0,8.0,42.0,733.73,6433.0,0.0,0.0,1.0,2.0,0,0.0,0.0,0.0,512.25,25.0,8.0,0,1,8.0,3.7612001156935624,6.599503084785646,0.0,1,2.0,0.20248074304850636,-1.3708611950471965,True
2245,처치,1,14.0,19.0,515.94,288.0,3.0,16.97,0.0,0.0,0,0.0,0.0,0.0,54.33,3.0,14.0,0,1,14.0,2.995732273553991,6.247926813615017,0.03289142148311819,0,0.0,0.09978674504516251,-2.1995963258879554,True
2247,대조,0,17.0,6.0,409.77000000000004,100.0,0.0,0.0,0.0,0.0,0,0.0,0.0,0.0,55.67,3.0,17.0,0,1,17.0,1.9459101490553132,6.018033447150127,0.0,0,0.0,0.04610983085958362,-3.0295223601154255,True
2248,대조,0,9.0,7.0,162.13,80.0,0.0,0.0,0.0,0.0,0,0.0,0.0,0.0,138.43,2.0,9.0,0,1,9.0,2.0794415416798357,5.0945474289482116,0.0,0,0.0,0.016596884090487426,-4.081804151128232,True
2250,대조,0,9.0,9.0,371.9,200.0,0.0,0.0,0.0,0.0,1,0.0,0.0,0.0,93.84,2.0,9.0,0,1,9.0,2.302585092994046,5.921310287184775,0.0,0,0.0,0.043428266079386706,-3.092245261066621,True
2251,대조,0,14.0,2.0,172.05,89.0,13.0,18.52,0.0,1.0,0,0.0,0.0,0.0,0.0,0.0,14.0,0,0,14.0,1.0986122886681098,5.1535805700813535,0.1076431269979657,0,1.0,0.05826184878399686,-2.7827797804658805,True
2252,대조,0,4.0,24.0,1155.03,47425.0,0.0,0.0,0.0,0.0,1,0.0,0.0,0.0,386.26,10.0,4.0,0,1,4.0,3.2188758248682006,7.052747000452681,0.0,0,0.0,0.13932401279717221,-1.8209158642987153,True
2254,대조,0,8.0,8.0,187.36,80.0,0.0,0.0,0.0,0.0,1,0.0,0.0,0.0,147.75,5.0,8.0,0,1,8.0,2.1972245773362196,5.238355025375354,0.0,0,0.0,0.021172896261994145,-3.8336331364480802,True
2258,대조,0,26.0,6.0,162.11,54.0,0.0,0.0,0.0,1.0,0,0.0,0.0,0.0,67.73,4.0,26.0,0,1,26.0,1.9459101490553132,5.094424819825939,0.0,0,1.0,0.01995866535399437,-3.893931346370013,True
2260,대조,0,4.0,16.0,698.94,74691.0,0.0,0.0,0.0,0.0,1,0.0,0.0,0.0,340.14,6.0,4.0,0,1,4.0,2.833213344056216,6.550994617084011,0.0,0,0.0,0.08199344620406497,-2.4155652100768026,True
2261,대조,0,1.0,79.0,1994.34,136544.0,0.0,0.0,0.0,0.0,0,0.0,0.0,0.0,960.77,38.0,1.0,0,1,1.0,4.382026634673881,7.598569740868255,0.0,0,0.0,0.2377703907993508,-1.1649423712424698,True
2262,대조,0,7.0,15.0,207.63,115.0,0.0,0.0,0.0,3.0,0,0.0,0.0,0.0,45.53,6.0,7.0,0,1,7.0,2.772588722239781,5.340562348141782,0.0,0,3.0,0.02019495746148852,-3.881920673064128,True
2263,대조,0,2.0,51.0,552.09,369.0,0.0,0.0,0.0,3.0,0,0.0,0.0,0.0,46.39,4.0,2.0,0,1,2.0,3.9512437185814275,6.315520736923973,0.0,0,3.0,0.06182520685325751,-2.7196251190956664,True
2264,대조,0,1.0,45.0,2481.85,888.0,0.0,0.0,0.0,0.0,1,0.0,0.0,0.0,1006.01,20.0,1.0,0,1,1.0,3.828641396489095,7.817162372889966,0.0,0,0.0,0.2773034597298062,-0.9578769820185346,True
2266,대조,0,1.0,15.0,1343.76,621.0,0.0,0.0,0.0,1.0,1,0.0,0.0,0.0,555.41,9.0,1.0,0,1,1.0,2.772588722239781,7.203970837452157,0.0,0,1.0,0.1352906647191565,-1.8549678859902414,True
2269,대조,0,3.0,32.0,386.41,208.0,0.0,0.0,0.0,0.0,1,0.0,0.0,0.0,144.47,11.0,3.0,0,1,3.0,3.4965075614664802,5.959483563752804,0.0,0,0.0,0.051705091011046214,-2.9091092904758113,True
2273,대조,0,5.0,8.0,230.51,131.0,0.0,0.0,0.0,0.0,0,0.0,0.0,0.0,25.67,2.0,5.0,0,1,5.0,2.1972245773362196,5.444623069137621,0.0,0,0.0,0.022748411185791063,-3.760248825501961,True
2274,처치,1,65.0,5.0,558.46,222.0,8.0,3.48,0.0,2.0,0,0.0,0.0,0.0,315.09,2.0,65.0,0,1,65.0,1.791759469228055,6.326972032792344,0.006231422125129821,0,2.0,0.11817882786395384,-2.00979031512795,True
2275,대조,0,11.0,9.0,222.77,111.0,0.0,0.0,0.0,0.0,0,0.0,0.0,0.0,46.89,5.0,11.0,0,1,11.0,2.302585092994046,5.410618738635182,0.0,0,0.0,0.024611845128436335,-3.679607662998686,True
2279,대조,0,3.0,5.0,107.09,61.0,0.0,0.0,0.0,0.0,1,0.0,0.0,0.0,20.48,2.0,3.0,0,1,3.0,1.791759469228055,4.682964213428112,0.0,0,0.0,0.010287619653872988,-4.5664731790834905,True
2281,대조,0,11.0,6.0,281.96,152.0,0.0,0.0,0.0,0.0,0,0.0,0.0,0.0,97.45,2.0,11.0,0,1,11.0,1.9459101490553132,5.645305544897225,0.0,0,0.0,0.02906499353431461,-3.508725052715032,True
2282,대조,0,24.0,8.0,85.36,54.0,0.0,0.0,0.0,1.0,1,0.0,0.0,0.0,43.31,4.0,24.0,0,1,24.0,2.1972245773362196,4.458524605646606,0.0,0,1.0,0.011667016356141596,-4.439253923190633,True
2284,대조,0,15.0,40.0,2285.52,7631.0,0.0,0.0,0.0,1.0,1,0.0,0.0,0.0,1174.65,17.0,15.0,0,1,15.0,3.713572066704308,7.734786290053076,0.0,0,1.0,0.2893560517989982,-0.8985135853320899,True
2286,대조,0,74.0,1.0,20.23,5.0,0.0,0.0,0.0,1.0,0,0.0,0.0,0.0,0.0,0.0,74.0,0,0,74.0,0.6931471805599453,3.055415275715165,0.0,0,1.0,0.004110028806133177,-5.490206743518264,False
2289,대조,0,13.0,5.0,81.98,62.0,0.0,0.0,0.0,0.0,0,44.56999999999999,3.0,3.0,136.76,5.0,13.0,1,1,13.0,1.791759469228055,4.418599614904722,0.0,0,0.0,0.008380153666731914,-4.773473562770727,True
2293,대조,0,21.0,5.0,250.60999999999999,8444.0,0.0,0.0,0.0,0.0,0,0.0,0.0,0.0,445.06,7.0,21.0,0,1,21.0,1.791759469228055,5.52788026966443,0.0,0,0.0,0.02923122863881599,-3.502850693665839,True
2298,대조,0,14.0,15.0,523.34,217.0,0.0,0.0,0.0,0.0,1,3.19,1.0,1.0,139.36,6.0,14.0,1,1,14.0,2.772588722239781,6.262140328867508,0.0,0,0.0,0.07123531615101084,-2.5678666974415107,True
2299,대조,0,6.0,12.0,419.37,255.0,0.0,0.0,0.0,0.0,0,0.0,0.0,0.0,192.85,5.0,6.0,0,1,6.0,2.5649493574615367,6.041135275847563,0.0,0,0.0,0.04497445870957812,-3.0556433405280017,True
2300,대조,0,1.0,14.0,621.35,322.0,0.0,0.0,0.0,0.0,1,0.0,0.0,0.0,251.08,5.0,1.0,0,1,1.0,2.70805020110221,6.433502635446986,0.0,0,0.0,0.06855433561893337,-2.6091112054771175,True
2301,처치,1,4.0,23.0,635.38,31562.0,3.0,1.68,0.0,0.0,0,0.0,0.0,0.0,422.98,15.0,4.0,0,1,4.0,3.1780538303479458,6.455795869194188,0.002644087003053291,0,0.0,0.07569167446798632,-2.50237752783447,True
2302,대조,0,6.0,12.0,440.8,255.0,0.0,0.0,0.0,0.0,1,0.0,0.0,0.0,11.870000000000001,1.0,6.0,0,1,6.0,2.5649493574615367,6.090857290986017,0.0,0,0.0,0.051549982534351675,-2.9122772199346194,True
2303,대조,0,1.0,14.0,449.47,145.0,0.0,0.0,0.0,0.0,0,0.0,0.0,0.0,158.85,4.0,1.0,0,1,1.0,2.70805020110221,6.110291482156196,0.0,0,0.0,0.04588610498572131,-3.034620703515844,True
2310,대조,0,1.0,12.0,292.48,173.0,0.0,0.0,0.0,0.0,0,0.0,0.0,0.0,56.74,1.0,1.0,0,1,1.0,2.5649493574615367,5.681809493845794,0.0,0,0.0,0.02916351041822154,-3.505239775664449,True
2314,대조,0,4.0,12.0,662.21,360.0,0.0,0.0,0.0,0.0,1,0.0,0.0,0.0,302.01,6.0,4.0,0,1,4.0,2.5649493574615367,6.497091682115127,0.0,0,0.0,0.07414135421070751,-2.5247481095144435,True
2316,대조,0,16.0,5.0,99.22,29.0,1.0,3.19,0.0,1.0,0,0.0,0.0,0.0,45.46,2.0,16.0,0,1,16.0,1.791759469228055,4.607367769531579,0.03215077605321508,0,1.0,0.015303712237862904,-4.164237827434858,True
2319,대조,0,9.0,4.0,55.85,20.0,1.0,5.49,0.0,1.0,0,0.0,0.0,0.0,116.64,2.0,9.0,0,1,9.0,1.6094379124341003,4.040416220196545,0.09829901521933751,0,1.0,0.017458133105463982,-4.0303373348418425,True
2324,대조,0,3.0,21.0,214.13,127.0,0.0,0.0,0.0,3.0,1,0.0,0.0,0.0,312.47,12.0,3.0,0,1,3.0,3.091042453358316,5.371242496562593,0.0,0,3.0,0.02280466107586132,-3.7577216213256732,True
2327,대조,0,14.0,7.0,220.29,188.0,0.0,0.0,0.0,0.0,0,0.0,0.0,0.0,106.38,5.0,14.0,0,1,14.0,2.0794415416798357,5.399474058507774,0.0,0,0.0,0.024403363082972845,-3.688328265070626,True
2328,대조,0,5.0,20.0,2183.15,8977.0,0.0,0.0,0.0,3.0,1,0.0,0.0,0.0,613.97,7.0,5.0,0,1,5.0,3.044522437723423,7.688982015825023,0.0,0,3.0,0.20679228552623483,-1.3443702844528076,True
2330,대조,0,8.0,18.0,1254.71,181768.0,1.0,27.99,0.0,0.0,1,0.0,0.0,0.0,267.58,4.0,8.0,0,1,8.0,2.9444389791664403,7.135456428648802,0.022307943668258,0,0.0,0.19226830250263055,-1.4353381403964958,True
2334,대조,0,3.0,49.0,1695.6200000000001,650.0,0.0,0.0,0.0,2.0,1,0.0,0.0,0.0,734.92,18.0,3.0,0,1,3.0,3.912023005428146,7.4363933155866,0.0,0,2.0,0.1962858717474884,-1.4096715181432091,True
2342,대조,0,2.0,27.0,830.05,220538.0,0.0,0.0,0.0,0.0,1,0.0,0.0,0.0,269.92,11.0,2.0,0,1,2.0,3.332204510175204,6.722689961517119,0.0,0,0.0,0.10244533479094357,-2.1703446896180294,True
2344,대조,0,19.0,8.0,280.11,14240.0,0.0,0.0,0.0,0.0,0,0.0,0.0,0.0,149.55,2.0,19.0,0,1,19.0,2.1972245773362196,5.638746051808365,0.0,0,0.0,0.03425515997103328,-3.3390624491151324,True
2345,대조,0,4.0,21.0,974.5,13635.0,0.0,0.0,0.0,1.0,0,0.0,0.0,0.0,470.01,9.0,4.0,0,1,4.0,3.091042453358316,6.8829501600631655,0.0,0,1.0,0.10272748324193472,-2.1672799368493036,True
2346,대조,0,7.0,4.0,128.83,56.0,0.0,0.0,0.0,0.0,0,0.0,0.0,0.0,39.33,1.0,7.0,0,1,7.0,1.6094379124341003,4.866225902372162,0.0,0,0.0,0.011626497876634945,-4.442773872119658,True
2347,대조,0,3.0,12.0,625.7,9421.0,3.0,109.19,0.0,0.0,1,0.0,0.0,0.0,172.13,6.0,3.0,0,1,3.0,2.5649493574615367,6.44046795723063,0.17450855042352564,0,0.0,0.4218463988439205,-0.315198315317295,True
2350,대조,0,12.0,11.0,503.17,21833.0,0.0,0.0,0.0,0.0,0,0.0,0.0,0.0,33.01,3.0,12.0,0,1,12.0,2.4849066497880004,6.222913512785278,0.0,0,0.0,0.0578987040449184,-2.789417799971582,True
2351,대조,0,1.0,53.0,2207.42,166291.0,0.0,0.0,0.0,1.0,1,0.0,0.0,0.0,1003.93,22.0,1.0,0,1,1.0,3.9889840465642745,7.700032606699256,0.0,0,1.0,0.24968634161003944,-1.1002858337002552,True
2354,대조,0,1.0,10.0,673.58,80814.0,0.0,0.0,0.0,0.0,0,0.0,0.0,0.0,219.98,4.0,1.0,0,1,1.0,2.3978952727983707,6.514090274989723,0.0,0,0.0,0.06416481477111374,-2.6799843728824486,True
2356,대조,0,4.0,7.0,183.63,98.0,0.0,0.0,0.0,1.0,0,0.0,0.0,0.0,148.61,5.0,4.0,0,1,4.0,2.0794415416798357,5.218353822407652,0.0,0,1.0,0.016519204248783326,-4.086574513230687,True
2358,대조,0,8.0,11.0,211.67000000000002,85.0,0.0,0.0,0.0,0.0,0,0.0,0.0,0.0,139.91,5.0,8.0,0,1,8.0,2.4849066497880004,5.359741668535036,0.0,0,0.0,0.023134502287166032,-3.743023865185587,True
2359,대조,0,1.0,39.0,766.78,64355.0,3.0,2.67,0.0,0.0,1,0.0,0.0,0.0,109.33,11.0,1.0,0,1,1.0,3.6888794541139363,6.643503233777313,0.003482093951328934,0,0.0,0.10423618508478644,-2.1510174440760883,True
2364,대조,0,14.0,11.0,1087.82,443.0,0.0,0.0,0.0,0.0,1,0.0,0.0,0.0,539.04,9.0,14.0,0,1,14.0,2.4849066497880004,6.992849820014987,0.0,0,0.0,0.13336976093367026,-1.871486974483396,True
2369,대조,0,17.0,14.0,413.9,45749.0,1.0,0.75,0.0,0.0,0,0.0,0.0,0.0,240.93,7.0,17.0,0,1,17.0,2.70805020110221,6.028037527338822,0.0018120318917612952,0,0.0,0.05502955556898463,-2.8432832363899547,True
2370,대조,0,5.0,16.0,617.87,9684.0,0.0,0.0,0.0,0.0,1,0.0,0.0,0.0,362.28,11.0,5.0,0,1,5.0,2.833213344056216,6.427895234473026,0.0,0,0.0,0.07400200489070362,-2.52677988358031,True
2372,대조,0,5.0,9.0,523.3100000000001,258.0,0.0,0.0,0.0,0.0,0,0.0,0.0,0.0,78.07000000000001,3.0,5.0,0,1,5.0,2.302585092994046,6.26208311244638,0.0,0,0.0,0.05235760719505538,-2.8958799674128644,True
2373,대조,0,13.0,16.0,380.75,8292.0,0.0,0.0,0.0,0.0,0,0.0,0.0,0.0,305.77,11.0,13.0,0,1,13.0,2.833213344056216,5.944765944098742,0.0,0,0.0,0.047832866436576374,-2.991027594272094,True
2374,대조,0,4.0,11.0,1091.1200000000001,372.0,0.0,0.0,0.0,0.0,1,0.0,0.0,0.0,313.34000000000003,3.0,4.0,0,1,4.0,2.4849066497880004,6.995876040377265,0.0,0,0.0,0.11648297637800482,-2.0261654231457786,True
2375,대조,0,1.0,26.0,769.8100000000001,310.0,0.0,0.0,0.0,0.0,0,0.0,0.0,0.0,119.86,7.0,1.0,0,1,1.0,3.295836866004329,6.647441909990047,0.0,0,0.0,0.0860311135178717,-2.3630875139101475,True
2376,대조,0,2.0,28.0,477.25,20952.0,0.0,0.0,0.0,0.0,1,0.0,0.0,0.0,162.07,10.0,2.0,0,1,2.0,3.367295829986474,6.170133608320362,0.0,0,0.0,0.06103228893737657,-2.7333780411307407,True
2377,대조,0,16.0,5.0,134.68,4378.0,0.0,0.0,0.0,1.0,0,0.0,0.0,0.0,54.38,3.0,16.0,0,1,16.0,1.791759469228055,4.910299172043593,0.0,0,1.0,0.013755454918677119,-4.272468874377475,True
2378,대조,0,7.0,29.0,1547.38,21553.0,0.0,0.0,0.0,0.0,1,0.0,0.0,0.0,594.57,10.0,7.0,0,1,7.0,3.4011973816621555,7.344964502061045,0.0,0,0.0,0.19221204693541796,-1.4357004160167286,True
2379,대조,0,1.0,11.0,97.27,15534.0,0.0,0.0,0.0,0.0,0,0.0,0.0,0.0,0.0,0.0,1.0,0,0,1.0,2.4849066497880004,4.587718792374336,0.0,0,0.0,0.009471636591146946,-4.6499367904126885,True
2380,처치,1,4.0,29.0,525.01,31065.0,0.0,0.0,0.0,0.0,1,0.0,0.0,0.0,402.27,15.0,4.0,0,1,4.0,3.4011973816621555,6.2653202239638395,0.0,0,0.0,0.0693414962669166,-2.5968488853932254,True
2381,대조,0,13.0,12.0,239.66,10453.0,0.0,0.0,0.0,0.0,0,0.0,0.0,0.0,133.74,4.0,13.0,0,1,13.0,2.5649493574615367,5.483385149010016,0.0,0,0.0,0.028732235611349147,-3.5205825072570356,True
2384,대조,0,21.0,4.0,125.98,51.0,0.0,0.0,0.0,1.0,0,0.0,0.0,0.0,0.0,0.0,21.0,0,0,21.0,1.6094379124341003,4.844029593742304,0.0,0,1.0,0.013408778306460931,-4.298346201255395,True
2386,대조,0,3.0,8.0,148.49,61.0,0.0,0.0,0.0,0.0,0,0.0,0.0,0.0,201.68,3.0,3.0,0,1,3.0,2.1972245773362196,5.007229500961423,0.0,0,0.0,0.01416041461881769,-4.243043280228788,True
2388,처치,1,25.0,17.0,472.85,185.0,0.0,0.0,0.0,0.0,0,0.0,0.0,0.0,21.38,2.0,25.0,0,1,25.0,2.8903717578961645,6.160890815916204,0.0,0,0.0,0.07127359688064716,-2.567288239960745,True
2391,대조,0,8.0,1.0,2.99,3.0,0.0,0.0,0.0,1.0,0,0.0,0.0,0.0,87.48,5.0,8.0,0,1,8.0,0.6931471805599453,1.3837912309017721,0.0,0,1.0,0.00025957372426166413,-8.256210187087065,False
2393,대조,0,4.0,7.0,473.6,219.0,0.0,0.0,0.0,0.0,1,0.0,0.0,0.0,249.98,3.0,4.0,0,1,4.0,2.0794415416798357,6.162472344001663,0.0,0,0.0,0.04894309863321452,-2.9669155229974513,True
2394,대조,0,13.0,19.0,408.53000000000003,132879.0,0.0,0.0,0.0,0.0,0,0.0,0.0,0.0,14.66,1.0,13.0,0,1,13.0,2.995732273553991,6.015010160682996,0.0,0,0.0,0.052844763954690364,-2.886104370067167,True
2398,대조,0,,0.0,0.0,0.0,0.0,0.0,0.0,0.0,0,0.0,0.0,0.0,190.44,9.0,90.0,0,1,90.0,0.0,0.0,0.0,0,0.0,0.00020864688520603287,-8.474658610703141,False
2400,대조,0,5.0,58.0,2308.63,206278.0,0.0,0.0,0.0,0.0,1,0.0,0.0,0.0,788.45,18.0,5.0,0,1,5.0,4.07753744390572,7.744842617526576,0.0,0,0.0,0.28502744438192046,-0.9196586864970001,True
2405,대조,0,13.0,15.0,461.75,193.0,0.0,0.0,0.0,0.0,1,0.0,0.0,0.0,93.79,4.0,13.0,0,1,13.0,2.772588722239781,6.137186951453607,0.0,0,0.0,0.06223661797614701,-2.7125541192492895,True
2406,대조,0,6.0,23.0,582.72,229.0,0.0,0.0,0.0,1.0,1,0.0,0.0,0.0,456.58,11.0,6.0,0,1,6.0,3.1780538303479458,6.369421415799545,0.0,0,1.0,0.07202101828073648,-2.5560510865389716,True
2407,대조,0,6.0,21.0,764.54,452.0,0.0,0.0,0.0,2.0,1,0.0,0.0,0.0,445.75,11.0,6.0,0,1,6.0,3.091042453358316,6.640581467161707,0.0,0,2.0,0.08728209208735749,-2.3472815490652783,True
2410,처치,1,8.0,10.0,519.05,222.0,28.0,15.18,0.0,1.0,0,0.0,0.0,0.0,204.5,5.0,8.0,0,1,8.0,2.3978952727983707,6.253924960799142,0.02924573740487429,0,1.0,0.07524458522225544,-2.508785342231125,True
2411,대조,0,3.0,19.0,523.64,193.0,0.0,0.0,0.0,0.0,1,0.0,0.0,0.0,119.91,3.0,3.0,0,1,3.0,2.995732273553991,6.262712313096338,0.0,0,0.0,0.06319241115250504,-2.696293695827811,True
2412,대조,0,1.0,45.0,2151.65,1175.0,0.0,0.0,0.0,0.0,0,0.0,0.0,0.0,1096.27,17.0,1.0,0,1,1.0,3.828641396489095,7.674454920285051,0.0,0,0.0,0.2319788703446071,-1.197170953923536,True
2415,대조,0,34.0,12.0,248.9,106.0,0.0,0.0,0.0,0.0,0,0.0,0.0,0.0,3.6799999999999997,1.0,34.0,0,1,34.0,2.5649493574615367,5.521060837840906,0.0,0,0.0,0.04107813100889774,-3.1503337125809487,True
2416,대조,0,1.0,18.0,620.15,202.0,0.0,0.0,0.0,0.0,0,0.0,0.0,0.0,186.21,7.0,1.0,0,1,1.0,2.9444389791664403,6.431572598659686,0.0,0,0.0,0.06562234296444035,-2.6559644682938943,True
2419,대조,0,11.0,13.0,274.41,124.0,0.0,0.0,0.0,0.0,0,0.0,0.0,0.0,52.67,5.0,11.0,0,1,11.0,2.6390573296152584,5.618260896455957,0.0,0,0.0,0.03235179903147039,-3.39819896158532,True
2420,대조,0,15.0,5.0,341.24,190.0,0.0,0.0,0.0,2.0,1,0.0,0.0,0.0,330.27,4.0,15.0,0,1,15.0,1.791759469228055,5.835512245334096,0.0,0,2.0,0.035733395761911285,-3.2952821097522405,True
2421,대조,0,14.0,8.0,818.1700000000001,345.0,1.0,10.59,0.0,0.0,1,0.0,0.0,0.0,349.23,3.0,14.0,0,1,14.0,2.1972245773362196,6.7082916325209245,0.012943520295293153,0,0.0,0.11373814871560624,-2.0531135848635103,True
2423,대조,0,10.0,9.0,512.46,275.0,0.0,0.0,0.0,0.0,0,0.0,0.0,0.0,215.74,2.0,10.0,0,1,10.0,2.302585092994046,6.241172129547743,0.0,0,0.0,0.055276081721848586,-2.838552438466523,True
2425,대조,0,1.0,24.0,776.66,82191.0,0.0,0.0,0.0,0.0,0,0.0,0.0,0.0,403.49,8.0,1.0,0,1,1.0,3.2188758248682006,6.656289410663339,0.0,0,0.0,0.08554155663766605,-2.3693297244683102,True
2426,대조,0,2.0,17.0,513.13,47905.0,0.0,0.0,0.0,0.0,1,0.0,0.0,0.0,163.22,5.0,2.0,0,1,2.0,2.8903717578961645,6.242476151764665,0.0,0,0.0,0.059861620050830955,-2.753991511086366,True
2429,대조,0,5.0,7.0,169.35,96.0,0.0,0.0,0.0,1.0,0,0.0,0.0,0.0,38.95,2.0,5.0,0,1,5.0,2.0794415416798357,5.137855144106975,0.0,0,1.0,0.015461188045750432,-4.153840433680003,True
2437,대조,0,14.0,8.0,606.65,251.0,0.0,0.0,0.0,0.0,1,0.0,0.0,0.0,193.84,2.0,14.0,0,1,14.0,2.1972245773362196,6.409599058316809,0.0,0,0.0,0.07373749759960428,-2.5306462176114377,True
2438,대조,0,4.0,22.0,343.52,34551.0,0.0,0.0,0.0,0.0,0,0.0,0.0,0.0,52.949999999999996,6.0,4.0,0,1,4.0,3.1354942159291497,5.8421521439209725,0.0,0,0.0,0.03998128981376225,-3.1785411840226323,True
2439,대조,0,23.0,10.0,127.43,79.0,0.0,0.0,0.0,0.0,0,0.0,0.0,0.0,67.07,5.0,23.0,0,1,23.0,2.3978952727983707,4.855384008824965,0.0,0,0.0,0.017225015259801118,-4.04401748446138,True
2440,대조,0,6.0,16.0,180.59,65.0,0.0,0.0,0.0,0.0,0,0.0,0.0,0.0,121.87,3.0,6.0,0,1,6.0,2.833213344056216,5.201751398571705,0.0,0,0.0,0.020471969308501144,-3.868014254659843,True
2441,대조,0,7.0,11.0,114.38,80.0,0.0,0.0,0.0,1.0,0,0.0,0.0,0.0,49.51,6.0,7.0,0,1,7.0,2.4849066497880004,4.7482310288287435,0.0,0,1.0,0.011620920720959457,-4.4432593234733115,True
2445,처치,1,9.0,18.0,690.8100000000001,488.0,0.0,0.0,0.0,2.0,1,0.0,0.0,0.0,221.04,9.0,9.0,0,1,9.0,2.9444389791664403,6.539311351443406,0.0,0,2.0,0.08063919061665208,-2.4336938888906765,True
2447,대조,0,8.0,19.0,1443.91,427.0,1.0,4.99,0.0,0.0,1,0.0,0.0,0.0,119.68,2.0,8.0,0,1,8.0,2.995732273553991,7.275802314869796,0.0034558940654195896,0,0.0,0.17843024373593563,-1.5270191137124072,True
2448,대조,0,2.0,14.0,912.39,339.0,0.0,0.0,3.0,3.0,1,0.0,0.0,0.0,346.58,4.0,2.0,0,1,2.0,2.70805020110221,6.81716295258499,0.0,1,3.0,0.19578662090543542,-1.4128392335009126,True
2450,대조,0,17.0,8.0,253.42,15594.0,0.0,0.0,0.0,0.0,0,0.0,0.0,0.0,49.26,2.0,17.0,0,1,17.0,2.1972245773362196,5.538986444728065,0.0,0,0.0,0.03007457908497387,-3.473538916636249,True
2452,대조,0,1.0,17.0,432.48,4554.0,0.0,0.0,0.0,2.0,0,0.0,0.0,0.0,247.98,12.0,1.0,0,1,1.0,2.8903717578961645,6.0718456590547945,0.0,0,2.0,0.04128634405305245,-3.1450606513943637,True
2455,대조,0,1.0,11.0,786.41,302.0,0.0,0.0,0.0,0.0,1,0.0,0.0,0.0,469.46,4.0,1.0,0,1,1.0,2.4849066497880004,6.668749078454392,0.0,0,0.0,0.08233893284007812,-2.410984058709026,True
2456,대조,0,12.0,13.0,287.63,160.0,0.0,0.0,0.0,0.0,0,0.0,0.0,0.0,0.0,0.0,12.0,0,0,12.0,2.6390573296152584,5.665145591041283,0.0,0,0.0,0.034421347809315064,-3.334050613448885,True
2457,대조,0,9.0,7.0,72.02,43.0,0.0,0.0,1.0,1.0,0,0.0,0.0,0.0,35.47,3.0,9.0,0,1,9.0,2.0794415416798357,4.29073337622749,0.0,1,1.0,0.01765065126558312,-4.019174315766551,True
2466,대조,0,9.0,17.0,340.0,158.0,2.0,20.08,0.0,0.0,0,8.99,1.0,1.0,19.58,1.0,9.0,1,1,9.0,2.8903717578961645,5.831882477283517,0.05905882352941176,0,0.0,0.08422323600701619,-2.3863017822850807,True
2467,대조,0,1.0,62.0,1774.76,1092.0,0.0,0.0,0.0,0.0,1,0.0,0.0,0.0,740.72,23.0,1.0,0,1,1.0,4.143134726391533,7.481983779285406,0.0,0,0.0,0.22428714377740072,-1.2408552982674659,True
2468,대조,0,1.0,10.0,277.79,156.0,0.0,0.0,0.0,0.0,0,0.0,0.0,0.0,402.37,12.0,1.0,0,1,1.0,2.3978952727983707,5.630458810237358,0.0,0,0.0,0.02681592533483911,-3.5915773069438375,True
2470,대조,0,15.0,8.0,57.25,26.0,0.0,0.0,0.0,0.0,0,0.0,0.0,0.0,46.480000000000004,4.0,15.0,0,1,15.0,2.1972245773362196,4.06474409244581,0.0,0,0.0,0.006522251637257036,-5.025992005062941,False
2472,대조,0,62.0,3.0,21.1,9.0,0.0,0.0,0.0,0.0,0,0.0,0.0,0.0,302.77,5.0,62.0,0,1,62.0,1.3862943611198906,3.095577608523707,0.0,0,0.0,0.0042945134338583215,-5.446113255265643,False
2474,대조,0,23.0,4.0,34.65,22.0,0.0,0.0,0.0,1.0,0,0.0,0.0,0.0,28.759999999999998,4.0,23.0,0,1,23.0,1.6094379124341003,3.573749146860305,0.0,0,1.0,0.003768648433933303,-5.577263079706993,False
2475,대조,0,1.0,18.0,852.27,338.0,0.0,0.0,0.0,0.0,0,0.0,0.0,0.0,388.8,6.0,1.0,0,1,1.0,2.9444389791664403,6.74907602730115,0.0,0,0.0,0.08879690440140099,-2.3284140203580734,True
2477,대조,0,46.0,2.0,32.54,6481.0,0.0,0.0,0.0,1.0,0,0.0,0.0,0.0,0.0,0.0,46.0,0,0,46.0,1.0986122886681098,3.5127387563950627,0.0,0,1.0,0.004589981781114023,-5.379278676081093,False
2478,대조,0,12.0,26.0,464.51,246.0,1.0,6.99,0.0,1.0,0,0.0,0.0,0.0,117.07000000000001,6.0,12.0,0,1,12.0,3.295836866004329,6.143133578763503,0.015048115218186907,0,1.0,0.07132994315327922,-2.566437316917952,True
2482,대조,0,3.0,11.0,197.41,110.0,0.0,0.0,0.0,1.0,0,0.0,0.0,0.0,0.0,0.0,3.0,0,0,3.0,2.4849066497880004,5.290335596806379,0.0,0,1.0,0.01894440166856748,-3.9471206716982263,True
2483,대조,0,1.0,7.0,65.99,56.0,0.0,0.0,0.0,0.0,1,0.0,0.0,0.0,46.550000000000004,5.0,1.0,0,1,1.0,2.0794415416798357,4.204543354520176,0.0,0,0.0,0.006469660396756487,-5.034140981400627,False
2484,대조,0,1.0,18.0,973.64,50804.0,0.0,0.0,0.0,0.0,0,0.0,0.0,0.0,543.52,12.0,1.0,0,1,1.0,2.9444389791664403,6.882068172046152,0.0,0,0.0,0.10054229952132863,-2.191213496982428,True
2485,대조,0,17.0,16.0,430.57,16138.0,0.0,0.0,0.0,0.0,0,0.0,0.0,0.0,33.21,4.0,17.0,0,1,17.0,2.833213344056216,6.067429722163682,0.0,0,0.0,0.0572506152505303,-2.8013620944148947,True
2486,대조,0,9.0,7.0,405.86,7727.0,0.0,0.0,0.0,0.0,1,0.0,0.0,0.0,241.69,4.0,9.0,0,1,9.0,2.0794415416798357,6.008469145923806,0.0,0,0.0,0.04535185516287411,-3.0468917544711354,True
2492,대조,0,19.0,2.0,91.89,47.0,0.0,0.0,0.0,1.0,0,0.0,0.0,0.0,162.99,2.0,19.0,0,1,19.0,1.0986122886681098,4.53141599739943,0.0,0,1.0,0.008539913911909152,-4.754427763883919,True
2493,대조,0,3.0,37.0,869.13,32594.0,0.0,0.0,0.0,1.0,0,0.0,0.0,0.0,213.23000000000002,11.0,3.0,0,1,3.0,3.6375861597263857,6.76864262577314,0.0,0,1.0,0.10048602870584207,-2.1918358855762525,True
2494,대조,0,36.0,8.0,670.9,26016.0,0.0,0.0,0.0,0.0,1,0.0,0.0,0.0,65.79,2.0,36.0,0,1,36.0,2.1972245773362196,6.510109519926104,0.0,0,0.0,0.11107627800071732,-2.0797942753055416,True
2496,대조,0,6.0,8.0,503.45,9448.0,10.0,9.51,0.0,0.0,1,0.0,0.0,0.0,338.05,4.0,6.0,0,1,6.0,2.1972245773362196,6.223468726854389,0.018889661336776244,0,0.0,0.06902890050138832,-2.601702969615059,True
2497,대조,0,2.0,29.0,1110.5,521.0,0.0,0.0,0.0,0.0,1,0.0,0.0,0.0,326.8,12.0,2.0,0,1,2.0,3.4011973816621555,7.013465733404251,0.0,0,0.0,0.13510109409350882,-1.8565892849865269,True
2499,대조,0,22.0,5.0,96.11,23998.0,0.0,0.0,0.0,0.0,1,0.0,0.0,0.0,219.58,2.0,22.0,0,1,22.0,1.791759469228055,4.575844356606263,0.0,0,0.0,0.012405136946075816,-4.377161899343761,True
2500,대조,0,1.0,14.0,851.46,354.0,8.0,17.759999999999998,0.0,0.0,0,22.56,50.0,19.0,272.2,5.0,1.0,1,1,1.0,2.70805020110221,6.748126287235741,0.020858290465788173,0,0.0,0.10874395536861534,-2.1036356682939275,True
