household_key,group,treatment,recency_days,pre_baskets,pre_sales,pre_quantity,pre_target_purchase_count,pre_target_sales,pre_coupon_redemptions,pre_campaign_count_raw,has_demographic,target_sales,target_quantity,target_purchase_count,total_sales,baskets,recency_days_filled,target_purchase,any_purchase,pre_recency_capped,log_pre_baskets,log_pre_sales,pre_target_share,pre_coupon_user,pre_campaign_count_c,p_score,logit_p,in_support
2,대조,0,2.0,4.0,113.58,38.0,0.0,0.0,0.0,0.0,0,0.0,0.0,0.0,281.47,4.0,2.0,0,1,2.0,1.6094379124341003,4.741273268980431,0.0,0,0.0,0.004838639284098966,-5.326271354031568,True
3,대조,0,15.0,7.0,214.86,135.0,0.0,0.0,0.0,1.0,0,0.0,0.0,0.0,114.56,3.0,15.0,0,1,15.0,2.0794415416798357,5.3746300493972,0.0,0,1.0,0.015677013036847234,-4.139758580300644,True
4,대조,0,42.0,2.0,39.99,16.0,0.0,0.0,0.0,1.0,0,0.0,0.0,0.0,14.48,1.0,42.0,0,1,42.0,1.0986122886681098,3.7133281345162463,0.0,0,1.0,0.006829903444893203,-4.979591408429142,True
6,대조,0,1.0,41.0,820.04,357.0,0.0,0.0,0.0,2.0,0,0.0,0.0,0.0,350.6,12.0,1.0,0,1,1.0,3.7376696182833684,6.710571829337459,0.0,0,2.0,0.057660442674073366,-2.793794304379954,True
14,대조,0,9.0,37.0,694.26,55294.0,0.0,0.0,0.0,1.0,0,0.0,0.0,0.0,56.620000000000005,4.0,9.0,0,1,9.0,3.6375861597263857,6.54428587632599,0.0,0,1.0,0.041370577125932576,-3.142934649118249,True
16,대조,0,23.0,21.0,282.59,18670.0,0.0,0.0,0.0,2.0,1,0.0,0.0,0.0,0.0,0.0,23.0,0,0,23.0,3.091042453358316,5.647529533105403,0.0,0,2.0,0.034485187988247824,-3.332131544863768,True
17,대조,0,8.0,16.0,634.07,47998.0,1.0,2.99,0.0,3.0,1,0.0,0.0,0.0,165.2,3.0,8.0,0,1,8.0,2.833213344056216,6.453735229037599,0.004715567681801694,0,3.0,0.06748450849380107,-2.6259876965123405,True
18,대조,0,4.0,26.0,1188.8700000000001,26540.0,0.0,0.0,2.0,1.0,1,0.0,0.0,0.0,265.31,8.0,4.0,0,1,4.0,3.295836866004329,7.0815993364405685,0.0,1,1.0,0.06993148156377568,-2.5877423312967274,True
23,대조,0,2.0,14.0,249.25,82.0,0.0,0.0,0.0,1.0,0,0.0,0.0,0.0,83.57,3.0,2.0,0,1,2.0,2.70805020110221,5.52246041819533,0.0,0,1.0,0.01483679609762534,-4.19569699864431,True
25,대조,0,10.0,14.0,542.1,14190.0,0.0,0.0,0.0,2.0,1,0.0,0.0,0.0,76.63,4.0,10.0,0,1,10.0,2.70805020110221,6.2972934650407995,0.0,0,2.0,0.040066343372804215,-3.1763275098917854,True
26,대조,0,2.0,7.0,73.47,46.0,0.0,0.0,0.0,0.0,0,0.0,0.0,0.0,276.31,7.0,2.0,0,1,2.0,2.0794415416798357,4.310396359722554,0.0,0,0.0,0.0037893114261244665,-5.571774449100162,True
27,대조,0,1.0,69.0,925.69,472.0,0.0,0.0,0.0,4.0,1,0.0,0.0,0.0,418.97,26.0,1.0,0,1,1.0,4.248495242049359,6.831619097555681,0.0,0,4.0,0.12239517303206449,-1.9699414758491915,True
28,대조,0,2.0,24.0,460.93,28147.0,0.0,0.0,0.0,1.0,0,0.0,0.0,0.0,106.27,7.0,2.0,0,1,2.0,3.2188758248682006,6.135413364450644,0.0,0,1.0,0.025141822653274692,-3.6577593006217257,True
31,대조,0,3.0,4.0,532.29,191.0,0.0,0.0,0.0,0.0,1,0.0,0.0,0.0,369.11,5.0,3.0,0,1,3.0,1.6094379124341003,6.279065366258803,0.0,0,0.0,0.01398144035579776,-4.25594441635325,True
32,대조,0,1.0,9.0,283.5,13294.0,0.0,0.0,0.0,4.0,0,0.0,0.0,0.0,322.19,7.0,1.0,0,1,1.0,2.302585092994046,5.6507332535663855,0.0,0,4.0,0.0445555243135381,-3.065440502995921,True
37,대조,0,2.0,11.0,750.97,294.0,0.0,0.0,0.0,1.0,0,0.0,0.0,0.0,28.15,3.0,2.0,0,1,2.0,2.4849066497880004,6.622696429537047,0.0,0,1.0,0.03190695410809542,-3.412504221294473,True
38,대조,0,37.0,3.0,40.18,16.0,0.0,0.0,0.0,1.0,0,0.0,0.0,0.0,15.75,1.0,37.0,0,1,37.0,1.3862943611198906,3.717952701599643,0.0,0,1.0,0.006479328724759978,-5.032637955152875,True
39,대조,0,9.0,5.0,478.57,213.0,1.0,8.99,0.0,3.0,1,0.0,0.0,0.0,82.23,1.0,9.0,0,1,9.0,1.791759469228055,6.172889869070121,0.01878513070188269,0,3.0,0.06076964398641334,-2.7379703819375085,True
41,대조,0,3.0,11.0,478.64,224.0,0.0,0.0,0.0,0.0,0,0.0,0.0,0.0,258.13,4.0,3.0,0,1,3.0,2.4849066497880004,6.173035822511232,0.0,0,0.0,0.016301478749770976,-4.100063644722116,True
42,대조,0,6.0,15.0,293.68,212.0,0.0,0.0,0.0,1.0,1,0.0,0.0,0.0,110.62,5.0,6.0,0,1,6.0,2.772588722239781,5.685890021814613,0.0,0,1.0,0.016684362493399718,-4.076458261641265,True
43,처치,1,2.0,17.0,87.56,5976.0,2.0,1.68,0.0,2.0,1,0.0,0.0,0.0,40.41,8.0,2.0,0,1,2.0,2.8903717578961645,4.4836802884003815,0.01918684330744632,0,2.0,0.013003749509423328,-4.329428500854024,True
45,대조,0,32.0,2.0,37.92,12.0,0.0,0.0,0.0,1.0,0,0.0,0.0,0.0,0.0,0.0,32.0,0,0,32.0,1.0986122886681098,3.6615082573178044,0.0,0,1.0,0.005361226515289193,-5.22318685313406,True
47,대조,0,5.0,23.0,559.3,162.0,0.0,0.0,0.0,1.0,0,0.0,0.0,0.0,146.95,4.0,5.0,0,1,5.0,3.1780538303479458,6.328472354571239,0.0,0,1.0,0.030498906665587185,-3.4590907664713364,True
48,대조,0,8.0,11.0,189.52,83.0,0.0,0.0,0.0,0.0,1,5.0,2.0,2.0,258.43,8.0,8.0,1,1,8.0,2.4849066497880004,5.249757175932659,0.0,0,0.0,0.008330460445922602,-4.779471196064675,True
51,대조,0,25.0,9.0,363.04,167.0,0.0,0.0,0.0,2.0,0,0.0,0.0,0.0,252.9,7.0,25.0,0,1,25.0,2.302585092994046,5.897263751709155,0.0,0,2.0,0.04162024349999138,-3.136657433454527,True
56,대조,0,2.0,32.0,1343.39,510.0,0.0,0.0,2.0,1.0,1,0.0,0.0,0.0,376.53000000000003,11.0,2.0,0,1,2.0,3.4965075614664802,7.203695657560865,0.0,1,1.0,0.07545476796047289,-2.5057685987173324,True
57,대조,0,12.0,13.0,82.52,57.0,0.0,0.0,0.0,2.0,1,0.0,0.0,0.0,58.019999999999996,6.0,12.0,0,1,12.0,2.6390573296152584,4.425086124134329,0.0,0,2.0,0.010562556322184422,-4.539821217963666,True
64,대조,0,2.0,40.0,479.23,254.0,0.0,0.0,0.0,1.0,0,0.0,0.0,0.0,185.39,8.0,2.0,0,1,2.0,3.713572066704308,6.174265155804915,0.0,0,1.0,0.027930756298597748,-3.549698582348456,True
71,대조,0,2.0,15.0,533.4300000000001,183.0,0.0,0.0,0.0,0.0,1,0.0,0.0,0.0,87.82000000000001,3.0,2.0,0,1,2.0,2.772588722239781,6.281200758371324,0.0,0,0.0,0.01648354987053253,-4.088771457749147,True
74,대조,0,2.0,22.0,442.35,301.0,0.0,0.0,0.0,2.0,1,0.0,0.0,0.0,110.52,8.0,2.0,0,1,2.0,3.1354942159291497,6.094359525826016,0.0,0,2.0,0.031584169789767094,-3.4230055326459525,True
77,처치,1,13.0,11.0,490.94,273.0,0.0,0.0,0.0,0.0,1,0.0,0.0,0.0,300.96,4.0,13.0,0,1,13.0,2.4849066497880004,6.198356757836141,0.0,0,0.0,0.018506983277879998,-3.9709267634488974,True
78,대조,0,2.0,38.0,340.36,234.0,0.0,0.0,0.0,2.0,1,0.0,0.0,0.0,69.91,8.0,2.0,0,1,2.0,3.6635616461296463,5.832937638879745,0.0,0,2.0,0.028385077369256932,-3.5330959935031188,True
79,대조,0,2.0,33.0,785.79,8575.0,0.0,0.0,0.0,0.0,0,24.99,1.0,1.0,189.68,8.0,2.0,1,1,2.0,3.5263605246161616,6.667961376723916,0.0,0,0.0,0.026972813114145188,-3.585582586076846,True
80,대조,0,11.0,14.0,397.38,18266.0,0.0,0.0,0.0,0.0,1,24.99,1.0,1.0,149.16,5.0,11.0,1,1,11.0,2.70805020110221,5.987406323647128,0.0,0,0.0,0.015777915167297592,-4.1332403795413475,True
81,대조,0,2.0,20.0,597.39,332.0,0.0,0.0,0.0,2.0,0,9.99,1.0,1.0,58.72,5.0,2.0,1,1,2.0,3.044522437723423,6.394242715290686,0.0,0,2.0,0.042304983644983855,-3.119624476971145,True
83,대조,0,3.0,9.0,84.42,32.0,0.0,0.0,0.0,1.0,0,0.0,0.0,0.0,59.55,3.0,3.0,0,1,3.0,2.302585092994046,4.44758026541332,0.0,0,1.0,0.006431579364032787,-5.040082795545145,True
85,대조,0,4.0,36.0,818.19,11277.0,0.0,0.0,0.0,3.0,1,0.0,0.0,0.0,282.11,12.0,4.0,0,1,4.0,3.6109179126442243,6.708316047179487,0.0,0,3.0,0.07758692655601516,-2.4755942013659706,True
86,대조,0,3.0,6.0,630.53,235.0,0.0,0.0,0.0,1.0,1,0.0,0.0,0.0,284.38,4.0,3.0,0,1,3.0,1.9459101490553132,6.448145446600416,0.0,0,1.0,0.02405919618382069,-3.702884631576323,True
91,대조,0,10.0,35.0,632.84,67936.0,0.0,0.0,0.0,0.0,0,0.0,0.0,0.0,225.13,8.0,10.0,0,1,10.0,3.58351893845611,6.451796556656986,0.0,0,0.0,0.027296900364445903,-3.5733057405199853,True
92,대조,0,68.0,4.0,34.52,32.0,0.0,0.0,0.0,1.0,0,0.0,0.0,0.0,41.49,1.0,68.0,0,1,68.0,1.6094379124341003,3.5700959181239695,0.0,0,1.0,0.011302056653925197,-4.471404154811617,True
95,대조,0,7.0,30.0,952.58,63661.0,0.0,0.0,0.0,1.0,0,0.0,0.0,0.0,380.83,10.0,7.0,0,1,7.0,3.4339872044851463,6.8602233229367835,0.0,0,1.0,0.048274910219727164,-2.9813642533042977,True
96,대조,0,58.0,4.0,54.29,15.0,0.0,0.0,0.0,2.0,0,0.0,0.0,0.0,0.0,0.0,58.0,0,0,58.0,1.6094379124341003,4.012592060349841,0.0,0,2.0,0.018456657251495926,-3.9737010404009094,True
97,대조,0,1.0,30.0,686.77,29681.0,0.0,0.0,0.0,2.0,1,0.0,0.0,0.0,364.05,14.0,1.0,0,1,1.0,3.4339872044851463,6.533454479716283,0.0,0,2.0,0.04440675096542665,-3.0689408441406623,True
98,대조,0,15.0,13.0,229.49,181.0,0.0,0.0,0.0,2.0,1,0.0,0.0,0.0,37.22,3.0,15.0,0,1,15.0,2.6390573296152584,5.440207477547653,0.0,0,2.0,0.0235966562507931,-3.722770745377008,True
99,대조,0,3.0,30.0,723.45,438.0,1.0,3.79,0.0,1.0,0,3.79,1.0,1.0,299.03,12.0,3.0,1,1,3.0,3.4339872044851463,6.585412746266731,0.005238786370861843,0,1.0,0.04002617952043095,-3.1773722857154203,True
103,대조,0,12.0,6.0,92.22,52.0,0.0,0.0,0.0,1.0,0,0.0,0.0,0.0,0.0,0.0,12.0,0,0,12.0,1.9459101490553132,4.534962290944595,0.0,0,1.0,0.007786212592578502,-4.847584042282719,True
108,처치,1,12.0,4.0,218.28,112.0,0.0,0.0,0.0,2.0,0,0.0,0.0,0.0,69.62,4.0,12.0,0,1,12.0,1.6094379124341003,5.39034945199453,0.0,0,2.0,0.02000872966523295,-3.8913750022187465,True
110,대조,0,2.0,24.0,317.05,18914.0,0.0,0.0,0.0,1.0,1,0.0,0.0,0.0,164.88,12.0,2.0,0,1,2.0,3.2188758248682006,5.762208603124813,0.0,0,1.0,0.017459343050139402,-4.030266800297419,True
111,대조,0,13.0,12.0,257.8,12945.0,1.0,7.99,0.0,0.0,0,0.0,0.0,0.0,101.29,4.0,13.0,0,1,13.0,2.5649493574615367,5.556055562626746,0.03099301784328937,0,0.0,0.0217575419827332,-3.8057970961378835,True
112,대조,0,7.0,14.0,328.79,12608.0,0.0,0.0,0.0,0.0,0,9.99,1.0,1.0,114.19000000000001,7.0,7.0,1,1,7.0,2.70805020110221,5.798456088258882,0.0,0,0.0,0.013909876296346723,-4.261148641025812,True
114,대조,0,9.0,11.0,557.69,790.0,0.0,0.0,0.0,2.0,1,0.0,0.0,0.0,73.49000000000001,4.0,9.0,0,1,9.0,2.4849066497880004,6.325594757611524,0.0,0,2.0,0.03873653205199124,-3.2114653961531068,True
116,대조,0,9.0,10.0,110.92,53.0,0.0,0.0,0.0,2.0,0,0.0,0.0,0.0,35.21,4.0,9.0,0,1,9.0,2.3978952727983707,4.717784330357226,0.0,0,2.0,0.01303078829027094,-4.327323957728185,True
117,대조,0,2.0,15.0,477.72,10871.0,0.0,0.0,3.0,2.0,1,0.0,0.0,0.0,141.7,6.0,2.0,0,1,2.0,2.772588722239781,6.171115875346058,0.0,1,2.0,0.04667549938095291,-3.0167359615375364,True
118,대조,0,1.0,15.0,601.3100000000001,41010.0,0.0,0.0,0.0,2.0,1,0.0,0.0,0.0,140.05,3.0,1.0,0,1,1.0,2.772588722239781,6.400772262933597,0.0,0,2.0,0.036491280068489215,-3.2735082082661062,True
119,대조,0,10.0,10.0,524.0600000000001,182.0,0.0,0.0,0.0,1.0,1,0.0,0.0,0.0,128.73,4.0,10.0,0,1,10.0,2.3978952727983707,6.263512541775794,0.0,0,1.0,0.025970624058228982,-3.6244754079398134,True
121,대조,0,5.0,29.0,592.85,307.0,1.0,2.99,0.0,1.0,1,0.0,0.0,0.0,162.47,10.0,5.0,0,1,5.0,3.4011973816621555,6.386626762220249,0.005043434258244076,0,1.0,0.032682759820007345,-3.3876787917787556,True
122,대조,0,9.0,7.0,142.05,49.0,0.0,0.0,0.0,3.0,0,0.0,0.0,0.0,77.75,8.0,9.0,0,1,9.0,2.0794415416798357,4.96319421949612,0.0,0,3.0,0.02141049737399915,-3.8222309186153325,True
123,대조,0,3.0,22.0,458.63,230.0,0.0,0.0,0.0,1.0,1,0.0,0.0,0.0,161.31,7.0,3.0,0,1,3.0,3.1354942159291497,6.130421817995772,0.0,0,1.0,0.022998767331777872,-3.7490472935066124,True
125,대조,0,3.0,51.0,1595.53,175112.0,1.0,4.25,2.0,4.0,0,0.0,0.0,0.0,350.51,11.0,3.0,0,1,3.0,3.9512437185814275,7.375587803083829,0.0026636916886551803,1,4.0,0.26431688395251657,-1.0236507758250208,True
127,대조,0,1.0,38.0,879.13,84277.0,0.0,0.0,0.0,0.0,1,0.0,0.0,0.0,257.94,11.0,1.0,0,1,1.0,3.6635616461296463,6.780069623834381,0.0,0,0.0,0.026715563219338448,-3.5954300814474482,True
134,대조,0,5.0,13.0,589.03,240.0,0.0,0.0,0.0,3.0,1,0.0,0.0,0.0,138.55,3.0,5.0,0,1,5.0,2.6390573296152584,6.3801733830647045,0.0,0,3.0,0.05443337264666385,-2.8548069199299744,True
136,대조,0,4.0,17.0,760.71,454.0,0.0,0.0,0.0,1.0,1,0.0,0.0,0.0,413.33,9.0,4.0,0,1,4.0,2.8903717578961645,6.635565905820856,0.0,0,1.0,0.03255310273374699,-3.3917878506580688,True
137,대조,0,15.0,7.0,115.72,27.0,0.0,0.0,0.0,1.0,0,0.0,0.0,0.0,1.0,1.0,15.0,0,1,15.0,2.0794415416798357,4.7597779042145305,0.0,0,1.0,0.009977594213828456,-4.597385574454846,True
139,대조,0,11.0,19.0,578.49,36322.0,0.0,0.0,0.0,0.0,1,0.0,0.0,0.0,107.76,3.0,11.0,0,1,11.0,2.995732273553991,6.362148406375523,0.0,0,0.0,0.021704340327983847,-3.808299679190768,True
140,대조,0,1.0,10.0,246.92000000000002,133.0,0.0,0.0,0.0,2.0,0,0.0,0.0,0.0,0.0,0.0,1.0,0,0,1.0,2.3978952727983707,5.513106113479493,0.0,0,2.0,0.019852038742326952,-3.899396831862163,True
145,대조,0,11.0,7.0,174.58,62.0,0.0,0.0,0.0,1.0,0,0.0,0.0,0.0,105.06,2.0,11.0,0,1,11.0,2.0794415416798357,5.1680947794980625,0.0,0,1.0,0.012425625561817585,-4.375490892083049,True
149,대조,0,5.0,29.0,1760.24,140704.0,0.0,0.0,0.0,3.0,1,0.0,0.0,0.0,569.08,12.0,5.0,0,1,5.0,3.4011973816621555,7.473773385411108,0.0,0,3.0,0.12798171406679087,-1.9189229989348782,True
151,대조,0,,0.0,0.0,0.0,0.0,0.0,0.0,1.0,0,0.0,0.0,0.0,0.0,0.0,90.0,0,0,90.0,0.0,0.0,0.0,0,1.0,0.0009721671059444202,-6.93501020861755,False
155,대조,0,29.0,6.0,304.96,114.0,0.0,0.0,0.0,1.0,1,0.0,0.0,0.0,109.41,2.0,29.0,0,1,29.0,1.9459101490553132,5.723454374453665,0.0,0,1.0,0.023911484534171582,-3.7091944064115663,True
160,대조,0,14.0,7.0,183.14,10513.0,0.0,0.0,0.0,1.0,0,0.0,0.0,0.0,32.87,2.0,14.0,0,1,14.0,2.0794415416798357,5.2156963378597,0.0,0,1.0,0.013673150900718722,-4.278553667963063,True
161,대조,0,3.0,29.0,560.37,292.0,1.0,3.79,0.0,0.0,1,0.0,0.0,0.0,288.31,18.0,3.0,0,1,3.0,3.4011973816621555,6.3303802246659435,0.0067633884754715635,0,0.0,0.021579256571837912,-3.814207276158057,True
164,대조,0,5.0,24.0,706.1,13151.0,0.0,0.0,0.0,0.0,1,0.0,0.0,0.0,301.67,6.0,5.0,0,1,5.0,3.2188758248682006,6.561172098610196,0.0,0,0.0,0.023033894792009412,-3.747485140988506,True
165,대조,0,2.0,26.0,481.7,37816.0,0.0,0.0,1.0,5.0,1,0.0,0.0,0.0,237.81,8.0,2.0,0,1,2.0,3.295836866004329,6.179395342666448,0.0,1,5.0,0.14103663864203161,-1.8067065632579142,True
166,대조,0,5.0,14.0,331.5,147.0,0.0,0.0,0.0,0.0,1,0.0,0.0,0.0,268.33,10.0,5.0,0,1,5.0,2.70805020110221,5.806639860095909,0.0,0,0.0,0.012239176530489879,-4.390798589032592,True
179,대조,0,32.0,10.0,105.24,31.0,0.0,0.0,0.0,1.0,0,0.0,0.0,0.0,23.85,1.0,32.0,0,1,32.0,2.3978952727983707,4.665700685728123,0.0,0,1.0,0.013817394241464947,-4.267913285253439,True
180,대조,0,10.0,8.0,325.69,122.0,0.0,0.0,0.0,1.0,0,0.0,0.0,0.0,33.83,3.0,10.0,0,1,10.0,2.1972245773362196,5.789011709017037,0.0,0,1.0,0.01955052202166811,-3.9150091295642033,True
181,대조,0,21.0,7.0,348.77,28955.0,0.0,0.0,0.0,2.0,0,0.0,0.0,0.0,0.0,0.0,21.0,0,0,21.0,2.0794415416798357,5.85727579561331,0.0,0,2.0,0.036119649626107336,-3.284130140810026,True
183,대조,0,2.0,20.0,227.87,90.0,6.0,43.33,0.0,2.0,0,40.47,3.0,3.0,134.13,9.0,2.0,1,1,2.0,3.044522437723423,5.4331541567702475,0.1901522798086628,0,2.0,0.3661911112726924,-0.5485921125877266,True
185,대조,0,32.0,10.0,341.69,189.0,1.0,2.99,0.0,1.0,0,0.0,0.0,0.0,106.47,2.0,32.0,0,1,32.0,2.3978952727983707,5.836826248413965,0.008750621908747695,0,1.0,0.03750611557468323,-3.2450237106264312,True
187,대조,0,2.0,4.0,69.27,45.0,0.0,0.0,0.0,2.0,0,0.0,0.0,0.0,7.68,2.0,2.0,0,1,2.0,1.6094379124341003,4.252344965204106,0.0,0,2.0,0.0070798011387017854,-4.943404477574171,True
188,대조,0,81.0,2.0,289.97,159.0,0.0,0.0,0.0,1.0,0,0.0,0.0,0.0,0.0,0.0,81.0,0,0,81.0,1.0986122886681098,5.673220169073561,0.0,0,1.0,0.06173021313117112,-2.7212640378798296,True
192,대조,0,6.0,11.0,526.23,210.0,0.0,0.0,0.0,2.0,1,0.0,0.0,0.0,113.0,4.0,6.0,0,1,6.0,2.4849066497880004,6.26763688596991,0.0,0,2.0,0.03502261403711079,-3.3161106986362694,True
193,대조,0,9.0,28.0,936.33,186426.0,0.0,0.0,0.0,2.0,1,0.0,0.0,0.0,424.75,5.0,9.0,0,1,9.0,3.367295829986474,6.8430354080683555,0.0,0,2.0,0.06385402038613786,-2.6851718788363503,True
194,대조,0,1.0,6.0,155.41,59.0,0.0,0.0,0.0,1.0,0,0.0,0.0,0.0,87.96,4.0,1.0,0,1,1.0,1.9459101490553132,5.05248076468615,0.0,0,1.0,0.009121745369746184,-4.687930511716775,True
195,대조,0,11.0,10.0,596.18,57238.0,0.0,0.0,0.0,1.0,0,0.0,0.0,0.0,11.02,1.0,11.0,0,1,11.0,2.3978952727983707,6.3922185754860275,0.0,0,1.0,0.031877978515288306,-3.4134426918551872,True
200,대조,0,,0.0,0.0,0.0,0.0,0.0,0.0,0.0,0,2.99,1.0,1.0,11.96,4.0,90.0,1,1,90.0,0.0,0.0,0.0,0,0.0,0.0006694426771685246,-7.308395350005387,False
205,대조,0,1.0,25.0,551.09,233.0,3.0,33.37,0.0,0.0,0,0.0,0.0,0.0,77.34,2.0,1.0,0,1,1.0,3.258096538021482,6.3137110764652125,0.06055272278575186,0,0.0,0.053852557380176774,-2.866148522627454,True
208,대조,0,2.0,21.0,665.28,23870.0,0.0,0.0,1.0,4.0,1,0.0,0.0,0.0,328.21000000000004,11.0,2.0,0,1,2.0,3.091042453358316,6.501710002608907,0.0,1,4.0,0.12207122598831661,-1.9729607733976666,True
210,대조,0,1.0,23.0,524.37,264.0,0.0,0.0,0.0,2.0,0,0.0,0.0,0.0,238.41,6.0,1.0,0,1,1.0,3.1780538303479458,6.264102776268335,0.0,0,2.0,0.038581914484338245,-3.215625736930084,True
211,대조,0,1.0,14.0,260.26,152.0,0.0,0.0,0.0,0.0,1,0.0,0.0,0.0,106.05,7.0,1.0,0,1,1.0,2.70805020110221,5.565516080058417,0.0,0,0.0,0.00944972754698894,-4.652274709388984,True
212,대조,0,5.0,13.0,354.65000000000003,11085.0,1.0,2.99,0.0,3.0,1,0.0,0.0,0.0,161.84,5.0,5.0,0,1,5.0,2.6390573296152584,5.873947101179525,0.00843084731425349,0,3.0,0.04369360646276615,-3.0858765708375424,True
214,대조,0,3.0,12.0,387.35,178.0,0.0,0.0,1.0,2.0,1,0.0,0.0,0.0,180.91,5.0,3.0,0,1,3.0,2.5649493574615367,5.9619069948656565,0.0,1,2.0,0.03972785882745763,-3.1851640493946807,True
215,대조,0,19.0,13.0,135.66,97.0,0.0,0.0,0.0,0.0,0,0.0,0.0,0.0,49.45,9.0,19.0,0,1,19.0,2.6390573296152584,4.917496089352632,0.0,0,0.0,0.009176937446165465,-4.681842436600899,True
216,대조,0,6.0,12.0,230.41,149.0,0.0,0.0,0.0,1.0,1,0.0,0.0,0.0,153.08,6.0,6.0,0,1,6.0,2.5649493574615367,5.44419102903758,0.0,0,1.0,0.01352536235441529,-4.289570999872777,True
217,대조,0,6.0,10.0,453.68,35641.0,0.0,0.0,0.0,1.0,0,0.0,0.0,0.0,30.09,3.0,6.0,0,1,6.0,2.3978952727983707,6.11959387481851,0.0,0,1.0,0.02368676037161872,-3.7188672192263406,True
218,대조,0,7.0,32.0,1471.09,191512.0,0.0,0.0,0.0,1.0,1,0.0,0.0,0.0,391.19,7.0,7.0,0,1,7.0,3.4965075614664802,7.294438438724116,0.0,0,1.0,0.06048794081870176,-2.7429166346567895,True
221,대조,0,2.0,11.0,383.38,5194.0,0.0,0.0,0.0,1.0,1,0.0,0.0,0.0,158.64,6.0,2.0,0,1,2.0,2.4849066497880004,5.951631646606258,0.0,0,1.0,0.017868157817487167,-4.006705322324174,True
222,대조,0,25.0,10.0,433.77,15205.0,0.0,0.0,1.0,1.0,1,0.0,0.0,0.0,177.17000000000002,4.0,25.0,0,1,25.0,2.3978952727983707,6.0748171556265245,0.0,1,1.0,0.045209736218504555,-3.0501792305774247,True
223,대조,0,32.0,9.0,358.96,195.0,3.0,3.21,0.0,1.0,0,0.0,0.0,0.0,7.5,1.0,32.0,0,1,32.0,2.302585092994046,5.885992914165747,0.008942500557165145,0,1.0,0.03840663150558568,-3.2203615272912214,True
226,대조,0,59.0,2.0,60.75,33.0,0.0,0.0,0.0,1.0,0,0.0,0.0,0.0,0.0,0.0,59.0,0,0,59.0,1.0986122886681098,4.123093975508087,0.0,0,1.0,0.013047021241915618,-4.326062547339756,True
227,대조,0,1.0,19.0,186.22,7553.0,0.0,0.0,0.0,0.0,0,0.0,0.0,0.0,64.68,5.0,1.0,0,1,1.0,2.995732273553991,5.232284395943599,0.0,0,0.0,0.008496782974178232,-4.7595345743285895,True
228,대조,0,16.0,11.0,424.03,13066.0,0.0,0.0,0.0,0.0,0,0.0,0.0,0.0,124.52000000000001,6.0,16.0,0,1,16.0,2.4849066497880004,6.052159754668478,0.0,0,0.0,0.019388509775495517,-3.923495735704566,True
230,대조,0,1.0,20.0,589.82,30277.0,0.0,0.0,0.0,1.0,1,0.0,0.0,0.0,168.52,7.0,1.0,0,1,1.0,3.044522437723423,6.3815114024877655,0.0,0,1.0,0.02614196257012298,-3.6177237563228175,True
236,대조,0,43.0,2.0,58.830000000000005,21.0,0.0,0.0,0.0,2.0,0,0.0,0.0,0.0,3.52,1.0,43.0,0,1,43.0,1.0986122886681098,4.091507207401941,0.0,0,2.0,0.013331170431326098,-4.304229516141429,True
239,대조,0,1.0,39.0,552.68,438.0,1.0,3.79,3.0,4.0,1,0.0,0.0,0.0,141.77,13.0,1.0,0,1,1.0,3.6888794541139363,6.316586902533608,0.006857494390967649,1,4.0,0.1281867515390272,-1.917087039346358,True
242,대조,0,9.0,10.0,509.49,180.0,0.0,0.0,0.0,1.0,1,0.0,0.0,0.0,405.13,6.0,9.0,0,1,9.0,2.3978952727983707,6.235371048774271,0.0,0,1.0,0.024942495965138728,-3.6659234337169795,True
245,대조,0,58.0,4.0,47.19,35.0,0.0,0.0,0.0,1.0,0,0.0,0.0,0.0,106.07000000000001,2.0,58.0,0,1,58.0,1.6094379124341003,3.8751515306522415,0.0,0,1.0,0.011550811995339796,-4.449381501034624,True
246,대조,0,2.0,9.0,152.76,94.0,0.0,0.0,0.0,1.0,0,0.0,0.0,0.0,54.26,3.0,2.0,0,1,2.0,2.302585092994046,5.035392945221982,0.0,0,1.0,0.009726918485617122,-4.623083601371376,True
248,대조,0,40.0,1.0,189.56,34.0,0.0,0.0,0.0,1.0,1,0.0,0.0,0.0,334.94,4.0,40.0,0,1,40.0,0.6931471805599453,5.24996710560699,0.0,0,1.0,0.017352755620796335,-4.0364988803795185,True
249,대조,0,5.0,20.0,309.7,145.0,0.0,0.0,0.0,1.0,1,0.0,0.0,0.0,152.56,7.0,5.0,0,1,5.0,3.044522437723423,5.738827816399001,0.0,0,1.0,0.017739639705803285,-4.014054738926992,True
251,대조,0,15.0,14.0,374.24,7394.0,0.0,0.0,0.0,1.0,0,0.0,0.0,0.0,135.51,7.0,15.0,0,1,15.0,2.70805020110221,5.92756582125775,0.0,0,1.0,0.025890503879835658,-3.627647460430152,True
256,대조,0,4.0,11.0,1232.93,411.0,3.0,11.83,2.0,4.0,1,4.25,1.0,1.0,578.98,5.0,4.0,1,1,4.0,2.4849066497880004,7.117959476762344,0.0095950297259374,1,4.0,0.19711373903879556,-1.4044321436166047,True
257,대조,0,9.0,26.0,419.65,2226.0,0.0,0.0,0.0,2.0,1,0.0,0.0,0.0,57.62,9.0,9.0,0,1,9.0,3.295836866004329,6.041801133996823,0.0,0,2.0,0.035813729826258876,-3.2929531676823944,True
258,대조,0,6.0,39.0,385.65000000000003,292.0,0.0,0.0,0.0,3.0,0,0.0,0.0,0.0,41.22,6.0,6.0,0,1,6.0,3.6888794541139363,5.957519891055044,0.0,0,3.0,0.052840528472711,-2.8861889945729287,True
261,대조,0,1.0,6.0,61.82,9149.0,0.0,0.0,0.0,0.0,0,0.0,0.0,0.0,301.91,8.0,1.0,0,1,1.0,1.9459101490553132,4.140273494110501,0.0,0,0.0,0.003203634802822857,-5.740260460486103,True
264,대조,0,3.0,13.0,366.76,181.0,0.0,0.0,0.0,0.0,1,0.0,0.0,0.0,60.17,3.0,3.0,0,1,3.0,2.6390573296152584,5.907430551497972,0.0,0,0.0,0.012520055266932104,-4.367824407484062,True
271,대조,0,26.0,8.0,54.4,29.0,0.0,0.0,0.0,3.0,0,0.0,0.0,0.0,26.91,1.0,26.0,0,1,26.0,2.1972245773362196,4.014579593753238,0.0,0,3.0,0.015354324636328995,-4.160884686395185,True
273,대조,0,3.0,18.0,270.57,111.0,0.0,0.0,0.0,0.0,0,0.0,0.0,0.0,176.29,10.0,3.0,0,1,3.0,2.9444389791664403,5.604219933030011,0.0,0,0.0,0.011544798908731942,-4.449908296878834,True
275,대조,0,1.0,47.0,953.76,25200.0,0.0,0.0,0.0,1.0,0,0.0,0.0,0.0,494.93,21.0,1.0,0,1,1.0,3.871201010907891,6.861459999996834,0.0,0,1.0,0.04593465865611621,-3.0335122384012863,True
276,대조,0,3.0,43.0,1551.17,101333.0,0.0,0.0,1.0,1.0,1,0.0,0.0,0.0,153.52,7.0,3.0,0,1,3.0,3.784189633918261,7.347409230827,0.0,1,1.0,0.08848484209982822,-2.3322769619657695,True
278,대조,0,1.0,12.0,368.97,133.0,0.0,0.0,0.0,3.0,0,0.0,0.0,0.0,25.79,3.0,1.0,0,1,1.0,2.5649493574615367,5.913421921269941,0.0,0,3.0,0.03911550016428569,-3.201335402196106,True
279,대조,0,9.0,18.0,543.82,43144.0,0.0,0.0,1.0,1.0,0,0.0,0.0,0.0,171.22,3.0,9.0,0,1,9.0,2.9444389791664403,6.3004554648810105,0.0,1,1.0,0.04617210102997725,-3.0281075138994145,True
280,대조,0,11.0,15.0,295.19,21875.0,0.0,0.0,0.0,1.0,0,0.0,0.0,0.0,45.14,4.0,11.0,0,1,11.0,2.772588722239781,5.691001140291468,0.0,0,1.0,0.020324285217842138,-3.875405126438898,True
281,대조,0,25.0,10.0,241.34,127.0,0.0,0.0,0.0,3.0,1,0.0,0.0,0.0,43.39,3.0,25.0,0,1,25.0,2.3978952727983707,5.490341698803377,0.0,0,3.0,0.04126393287181267,-3.145626997905632,True
283,대조,0,18.0,12.0,987.08,408.0,2.0,26.58,0.0,1.0,1,8.49,1.0,1.0,227.6,3.0,18.0,1,1,18.0,2.5649493574615367,6.895763666129759,0.026927908578838592,0,1.0,0.0760152013849743,-2.4977622812823137,True
286,대조,0,26.0,10.0,255.14,126.0,0.0,0.0,0.0,1.0,0,0.0,0.0,0.0,35.71,1.0,26.0,0,1,26.0,2.3978952727983707,5.545724169997926,0.0,0,1.0,0.02329517095286263,-3.735938402839955,True
288,대조,0,14.0,14.0,442.47,22877.0,1.0,2.99,0.0,2.0,0,0.0,0.0,0.0,0.0,0.0,14.0,0,0,14.0,2.70805020110221,6.09463015571874,0.006757520283861053,0,2.0,0.04592939651011285,-3.033632317649516,True
289,대조,0,1.0,24.0,595.73,93041.0,0.0,0.0,0.0,3.0,1,0.0,0.0,0.0,307.6,7.0,1.0,0,1,1.0,3.2188758248682006,6.391464749785079,0.0,0,3.0,0.055427768586733886,-2.8356514536356823,True
293,대조,0,2.0,27.0,876.57,358.0,0.0,0.0,0.0,2.0,0,0.0,0.0,0.0,164.57,6.0,2.0,0,1,2.0,3.332204510175204,6.77715672423817,0.0,0,2.0,0.05794324577467681,-2.7886015110525078,True
297,대조,0,3.0,13.0,256.56,125.0,0.0,0.0,0.0,1.0,0,0.0,0.0,0.0,98.33,4.0,3.0,0,1,3.0,2.6390573296152584,5.5512527026699825,0.0,0,1.0,0.015295206786865497,-4.164802396519535,True
302,대조,0,3.0,9.0,84.55,22.0,0.0,0.0,0.0,1.0,1,0.0,0.0,0.0,86.33,3.0,3.0,0,1,3.0,2.302585092994046,4.449101000338202,0.0,0,1.0,0.005860243429287989,-5.133686653384786,True
303,대조,0,2.0,28.0,532.93,10857.0,0.0,0.0,0.0,1.0,0,0.0,0.0,0.0,515.64,17.0,2.0,0,1,2.0,3.367295829986474,6.280264744225334,0.0,0,1.0,0.028575793952924068,-3.5262032541496047,True
305,대조,0,6.0,27.0,686.35,30709.0,0.0,0.0,0.0,3.0,0,0.0,0.0,0.0,174.82,9.0,6.0,0,1,6.0,3.332204510175204,6.5328436239174295,0.0,0,3.0,0.07481017472383097,-2.5150450315237363,True
306,대조,0,6.0,27.0,682.07,67158.0,0.0,0.0,4.0,1.0,1,0.0,0.0,0.0,320.64,11.0,6.0,0,1,6.0,3.332204510175204,6.526597343338183,0.0,1,1.0,0.04954780001102438,-2.9540000109144864,True
307,대조,0,3.0,59.0,357.12,177.0,0.0,0.0,1.0,2.0,0,0.0,0.0,0.0,124.63000000000001,28.0,3.0,0,1,3.0,4.0943445622221,5.880868125765955,0.0,1,2.0,0.0518545699077772,-2.906064829884459,True
308,대조,0,2.0,19.0,401.38,11556.0,0.0,0.0,0.0,0.0,0,0.0,0.0,0.0,196.93,6.0,2.0,0,1,2.0,2.995732273553991,5.99739691576109,0.0,0,0.0,0.015223597046775504,-4.16956795197024,True
312,대조,0,2.0,6.0,545.77,254.0,0.0,0.0,0.0,1.0,0,0.0,0.0,0.0,257.85,4.0,2.0,0,1,2.0,1.9459101490553132,6.304028238677519,0.0,0,1.0,0.023295674924652895,-3.735916252907562,True
314,대조,0,6.0,3.0,283.89,182.0,40.0,26.72,0.0,0.0,1,6.3,15.0,14.0,197.59,1.0,6.0,1,1,6.0,1.3862943611198906,5.652103140852742,0.09412096234457008,0,0.0,0.04435737503541627,-3.0701050333059454,True
318,대조,0,10.0,24.0,241.66,6728.0,0.0,0.0,0.0,1.0,0,0.0,0.0,0.0,80.28999999999999,7.0,10.0,0,1,10.0,3.2188758248682006,5.491661286623727,0.0,0,1.0,0.018471628971725506,-3.9728749332163975,True
319,대조,0,4.0,13.0,539.99,26513.0,0.0,0.0,0.0,3.0,1,0.0,0.0,0.0,294.62,8.0,4.0,0,1,4.0,2.6390573296152584,6.29340079438729,0.0,0,3.0,0.050216359150216903,-2.939893359085618,True
322,대조,0,15.0,12.0,401.09,12151.0,0.0,0.0,0.0,1.0,0,0.0,0.0,0.0,26.55,2.0,15.0,0,1,15.0,2.5649493574615367,5.996675944158515,0.0,0,1.0,0.026620211599364754,-3.5991035714420505,True
324,대조,0,2.0,22.0,1209.74,125095.0,0.0,0.0,0.0,4.0,1,0.0,0.0,0.0,280.37,8.0,2.0,0,1,2.0,3.1354942159291497,7.098987021905848,0.0,0,4.0,0.12691634696718415,-1.9285031896054674,True
329,대조,0,7.0,22.0,295.16,166.0,0.0,0.0,0.0,3.0,1,0.0,0.0,0.0,82.92,6.0,7.0,0,1,7.0,3.1354942159291497,5.690899848825188,0.0,0,3.0,0.03742052563055221,-3.2473972659981323,True
330,대조,0,1.0,66.0,783.09,34341.0,0.0,0.0,0.0,1.0,0,0.0,0.0,0.0,226.08,28.0,1.0,0,1,1.0,4.204692619390966,6.664523809680228,0.0,0,1.0,0.042017797536471155,-3.126735920599356,True
333,대조,0,18.0,8.0,217.03,148.0,0.0,0.0,0.0,1.0,0,0.0,0.0,0.0,0.0,0.0,18.0,0,0,18.0,2.1972245773362196,5.3846326679999565,0.0,0,1.0,0.017091037272410577,-4.051962314202703,True
334,대조,0,1.0,97.0,839.04,17001.0,0.0,0.0,0.0,3.0,1,0.0,0.0,0.0,129.6,30.0,1.0,0,1,1.0,4.584967478670572,6.733449509751227,0.0,0,3.0,0.0860723915921109,-2.3625626603936567,True
335,대조,0,3.0,28.0,702.9,206.0,0.0,0.0,0.0,2.0,0,0.0,0.0,0.0,114.04,6.0,3.0,0,1,3.0,3.367295829986474,6.556636300614086,0.0,0,2.0,0.050853439575444304,-2.9266154615732267,True
336,대조,0,2.0,11.0,239.14,37381.0,0.0,0.0,0.0,2.0,0,0.0,0.0,0.0,416.36,22.0,2.0,0,1,2.0,2.4849066497880004,5.481222086602572,0.0,0,2.0,0.020061159325578178,-3.888704588478058,True
337,대조,0,1.0,6.0,63.62,37.0,0.0,0.0,0.0,1.0,0,0.0,0.0,0.0,79.28,5.0,1.0,0,1,1.0,1.9459101490553132,4.168523960396352,0.0,0,1.0,0.004745277283948089,-5.345848839689939,True
338,대조,0,1.0,30.0,449.93,272.0,0.0,0.0,0.0,1.0,0,0.0,0.0,0.0,179.26,9.0,1.0,0,1,1.0,3.4339872044851463,6.111312116813244,0.0,0,1.0,0.025043325133277453,-3.6617857036981825,True
339,대조,0,13.0,16.0,446.37,308.0,0.0,0.0,0.0,1.0,0,0.0,0.0,0.0,90.73,3.0,13.0,0,1,13.0,2.833213344056216,6.103385992717504,0.0,0,1.0,0.028810890006120585,-3.517767766420513,True
342,대조,0,21.0,1.0,18.09,19.0,0.0,0.0,0.0,1.0,0,0.0,0.0,0.0,193.13,3.0,21.0,0,1,21.0,0.6931471805599453,2.949164637737656,0.0,0,1.0,0.002366974475248057,-6.043772951908501,True
343,대조,0,6.0,10.0,231.99,69.0,0.0,0.0,0.0,0.0,0,0.0,0.0,0.0,0.0,0.0,6.0,0,0,6.0,2.3978952727983707,5.450995534189742,0.0,0,0.0,0.010051988065433608,-4.58988199615449,True
345,처치,1,3.0,24.0,642.85,352.0,0.0,0.0,0.0,4.0,0,0.0,0.0,0.0,151.77,7.0,3.0,0,1,3.0,3.2188758248682006,6.4674657797197925,0.0,0,4.0,0.09364172274846636,-2.269958637354835,True
346,대조,0,2.0,24.0,1043.6,554.0,0.0,0.0,0.0,1.0,1,0.0,0.0,0.0,289.24,9.0,2.0,0,1,2.0,3.2188758248682006,6.9513893160021984,0.0,0,1.0,0.04128185698644172,-3.1451740192052253,True
348,대조,0,21.0,17.0,519.95,331.0,0.0,0.0,0.0,0.0,0,0.0,0.0,0.0,124.65,11.0,21.0,0,1,21.0,2.8903717578961645,6.255654067858193,0.0,0,0.0,0.026476718836570955,-3.604655927049226,True
350,대조,0,11.0,10.0,271.98,18198.0,0.0,0.0,0.0,3.0,1,0.0,0.0,0.0,272.05,6.0,11.0,0,1,11.0,2.3978952727983707,5.60939853242805,0.0,0,3.0,0.03409049330483253,-3.344051594748949,True
351,처치,1,2.0,35.0,1064.96,430.0,0.0,0.0,0.0,2.0,1,0.0,0.0,0.0,512.07,20.0,2.0,0,1,2.0,3.58351893845611,6.97163108056961,0.0,0,2.0,0.06306866880368996,-2.6983858799387015,True
353,대조,0,1.0,17.0,476.33,263.0,0.0,0.0,1.0,1.0,1,0.0,0.0,0.0,303.21000000000004,12.0,1.0,0,1,1.0,2.8903717578961645,6.1682080755878745,0.0,1,1.0,0.032485250315209054,-3.393944520074317,True
356,대조,0,2.0,24.0,477.52,30745.0,0.0,0.0,0.0,0.0,0,0.0,0.0,0.0,224.91,12.0,2.0,0,1,2.0,3.2188758248682006,6.170698007302703,0.0,0,0.0,0.017900174267605623,-4.004882510300118,True
361,대조,0,2.0,20.0,878.5,503.0,0.0,0.0,0.0,5.0,1,0.0,0.0,0.0,498.76,14.0,2.0,0,1,2.0,3.044522437723423,6.779353564177613,0.0,0,5.0,0.1409318952446484,-1.8075714413671031,True
362,대조,0,9.0,10.0,395.05,185.0,0.0,0.0,0.0,1.0,1,0.0,0.0,0.0,167.32,5.0,9.0,0,1,9.0,2.3978952727983707,5.981540465910289,0.0,0,1.0,0.020737695439299406,-3.854846457846533,True
364,대조,0,6.0,8.0,173.02,71.0,0.0,0.0,0.0,3.0,0,0.0,0.0,0.0,110.94,4.0,6.0,0,1,6.0,2.1972245773362196,5.1591702351378785,0.0,0,3.0,0.02368293076422044,-3.719032831937386,True
365,대조,0,14.0,14.0,716.5600000000001,11802.0,0.0,0.0,0.0,5.0,0,0.0,0.0,0.0,255.96,11.0,14.0,0,1,14.0,2.70805020110221,6.57585656783089,0.0,0,5.0,0.15814511283772129,-1.6720946091471258,True
368,대조,0,71.0,1.0,3.79,1.0,0.0,0.0,0.0,3.0,0,0.0,0.0,0.0,0.0,0.0,71.0,0,0,71.0,0.6931471805599453,1.5665304114228238,0.0,0,3.0,0.00496211939393729,-5.300947860758603,True
369,대조,0,14.0,7.0,440.22,191.0,0.0,0.0,0.0,0.0,0,0.0,0.0,0.0,0.0,0.0,14.0,0,0,14.0,2.0794415416798357,6.089543617267617,0.0,0,0.0,0.01795894354298682,-4.001544878129491,True
370,대조,0,2.0,36.0,953.71,64530.0,0.0,0.0,0.0,0.0,1,0.0,0.0,0.0,359.87,13.0,2.0,0,1,2.0,3.6109179126442243,6.861407629443736,0.0,0,0.0,0.028670118662444337,-3.522810725414203,True
377,대조,0,21.0,14.0,139.51,62.0,0.0,0.0,0.0,2.0,1,0.0,0.0,0.0,73.36,3.0,21.0,0,1,21.0,2.70805020110221,4.945278660618249,0.0,0,2.0,0.018760066205756418,-3.957086537827017,True
378,대조,0,2.0,43.0,605.84,9010.0,0.0,0.0,2.0,2.0,1,0.0,0.0,0.0,153.63,18.0,2.0,0,1,2.0,3.784189633918261,6.408265164879892,0.0,1,2.0,0.06426073928161759,-2.6783880119022383,True
380,대조,0,4.0,19.0,1123.47,565.0,0.0,0.0,0.0,1.0,0,0.0,0.0,0.0,506.58,9.0,4.0,0,1,4.0,2.995732273553991,7.025067092519704,0.0,0,1.0,0.047866240912393485,-2.990295054846416,True
381,처치,1,2.0,16.0,359.45,153.0,1.0,15.99,0.0,2.0,1,13.49,1.0,1.0,88.32,2.0,2.0,1,1,2.0,2.833213344056216,5.8873532508505875,0.04448462929475588,0,2.0,0.054340113454664225,-2.8566202845789466,True
383,대조,0,6.0,24.0,865.33,29528.0,0.0,0.0,1.0,1.0,1,0.0,0.0,0.0,291.03,11.0,6.0,0,1,6.0,3.2188758248682006,6.764265898332273,0.0,1,1.0,0.05758210075972217,-2.795237037258947,True
384,대조,0,1.0,11.0,552.8100000000001,18133.0,0.0,0.0,0.0,2.0,0,0.0,0.0,0.0,263.53000000000003,4.0,1.0,0,1,1.0,2.4849066497880004,6.316821667634145,0.0,0,2.0,0.03601012615990942,-3.287280609116727,True
386,대조,0,1.0,54.0,1132.77,13793.0,0.0,0.0,0.0,1.0,1,0.0,0.0,0.0,318.54,23.0,1.0,0,1,1.0,4.007333185232471,7.033303641847072,0.0,0,1.0,0.04840355573259688,-2.9785677652649496,True
387,대조,0,1.0,10.0,362.46,145.0,0.0,0.0,0.0,1.0,1,0.0,0.0,0.0,277.11,7.0,1.0,0,1,1.0,2.3978952727983707,5.895669249653115,0.0,0,1.0,0.016580954677583627,-4.082780593480923,True
390,대조,0,18.0,10.0,232.84,107.0,0.0,0.0,0.0,1.0,1,0.0,0.0,0.0,80.37,4.0,18.0,0,1,18.0,2.3978952727983707,5.454637120802991,0.0,0,1.0,0.016915073867306868,-4.062490342066718,True
391,대조,0,6.0,17.0,630.13,284.0,0.0,0.0,0.0,0.0,1,0.0,0.0,0.0,270.25,5.0,6.0,0,1,6.0,2.8903717578961645,6.447511863508562,0.0,0,0.0,0.0205499239490383,-3.864134027117335,True
397,대조,0,6.0,33.0,820.4,53795.0,0.0,0.0,2.0,1.0,0,0.0,0.0,0.0,291.89,9.0,6.0,0,1,6.0,3.5263605246161616,6.711010201522458,0.0,1,1.0,0.06350972733280665,-2.6909460544189496,True
398,대조,0,17.0,20.0,158.84,16075.0,0.0,0.0,0.0,0.0,0,15.99,1.0,1.0,193.09,14.0,17.0,1,1,17.0,3.044522437723423,5.074173314900244,0.0,0,0.0,0.01054641780907113,-4.54136659547433,True
400,대조,0,4.0,45.0,3030.4700000000003,145878.0,2.0,5.98,0.0,0.0,1,0.0,0.0,0.0,1258.57,21.0,4.0,0,1,4.0,3.828641396489095,8.016802929371774,0.001973291271650932,0,0.0,0.07223040453632522,-2.552922348492964,True
402,대조,0,19.0,15.0,437.84,62777.0,0.0,0.0,0.0,1.0,0,0.0,0.0,0.0,99.51,6.0,19.0,0,1,19.0,2.772588722239781,6.08413488194929,0.0,0,1.0,0.03171369459276088,-3.4187792199177807,True
403,대조,0,11.0,5.0,178.13,51.0,0.0,0.0,0.0,1.0,0,0.0,0.0,0.0,116.7,5.0,11.0,0,1,11.0,1.791759469228055,5.188111799227011,0.0,0,1.0,0.012049407735925628,-4.406617180484405,True
405,대조,0,3.0,16.0,625.91,117516.0,0.0,0.0,0.0,2.0,0,0.0,0.0,0.0,245.36,7.0,3.0,0,1,3.0,2.833213344056216,6.440802989660116,0.0,0,2.0,0.04317851578843157,-3.0982737853454045,True
410,대조,0,2.0,19.0,172.76,109.0,0.0,0.0,0.0,1.0,1,0.0,0.0,0.0,79.76,8.0,2.0,0,1,2.0,2.995732273553991,5.15767503674557,0.0,0,1.0,0.01081536341577381,-4.515913342596039,True
411,처치,1,3.0,32.0,1197.48,8651.0,0.0,0.0,0.0,1.0,1,0.0,0.0,0.0,310.37,5.0,3.0,0,1,3.0,3.4965075614664802,7.0888093662091265,0.0,0,1.0,0.04843089040468072,-2.9779744747173886,True
413,대조,0,1.0,67.0,1168.16,150064.0,0.0,0.0,0.0,4.0,1,0.0,0.0,0.0,350.62,23.0,1.0,0,1,1.0,4.219507705176107,7.06404082122525,0.0,0,4.0,0.1416575808627365,-1.8015903666633404,True
419,대조,0,3.0,7.0,352.4,9100.0,0.0,0.0,0.0,0.0,0,0.0,0.0,0.0,50.21,3.0,3.0,0,1,3.0,2.0794415416798357,5.867600559885596,0.0,0,0.0,0.012221478152294359,-4.392263596293704,True
420,대조,0,1.0,4.0,51.53,23.0,0.0,0.0,0.0,3.0,0,20.85,17.0,10.0,41.92,1.0,1.0,1,1,1.0,1.6094379124341003,3.9613844349658702,0.0,0,3.0,0.008105447930886266,-4.807080383662246,True
421,대조,0,10.0,21.0,848.86,43948.0,1.0,3.79,1.0,2.0,0,0.0,0.0,0.0,241.63,7.0,10.0,0,1,10.0,3.091042453358316,6.745071630036506,0.004464811629715147,1,2.0,0.09951020198234337,-2.2026786639156066,True
426,대조,0,2.0,38.0,1262.4,172776.0,0.0,0.0,3.0,1.0,1,0.0,0.0,0.0,382.67,12.0,2.0,0,1,2.0,3.6635616461296463,7.1415617784646,0.0,1,1.0,0.07410430203376478,-2.525288003364026,True
428,대조,0,4.0,10.0,433.86,308.0,0.0,0.0,0.0,2.0,1,0.0,0.0,0.0,246.92,6.0,4.0,0,1,4.0,2.3978952727983707,6.075024140206913,0.0,0,2.0,0.028905389871118424,-3.514395820850839,True
430,대조,0,8.0,3.0,66.24,33.0,0.0,0.0,0.0,1.0,0,0.0,0.0,0.0,6.87,2.0,8.0,0,1,8.0,1.3862943611198906,4.208268308540415,0.0,0,1.0,0.005156748425200853,-5.262278957932207,True
432,대조,0,5.0,34.0,468.76,193.0,0.0,0.0,0.0,1.0,1,0.0,0.0,0.0,215.23,18.0,5.0,0,1,5.0,3.5553480614894135,6.152221925986096,0.0,0,1.0,0.025966302443027164,-3.624646262599251,True
433,대조,0,1.0,4.0,22.05,15.0,0.0,0.0,0.0,1.0,0,0.0,0.0,0.0,20.3,2.0,1.0,0,1,1.0,1.6094379124341003,3.1376657694426577,0.0,0,1.0,0.002093265613550494,-6.166934478351932,True
436,대조,0,19.0,4.0,374.28000000000003,141.0,0.0,0.0,0.0,0.0,0,0.0,0.0,0.0,78.26,1.0,19.0,0,1,19.0,1.6094379124341003,5.927672414020202,0.0,0,0.0,0.016387651923581756,-4.094703744478661,True
438,대조,0,4.0,19.0,1031.99,411.0,1.0,6.99,0.0,0.0,1,0.0,0.0,0.0,349.47,5.0,4.0,0,1,4.0,2.995732273553991,6.940212788530672,0.006773321446913246,0,0.0,0.03215480793275538,-3.404510162536626,True
439,대조,0,,0.0,0.0,0.0,0.0,0.0,0.0,1.0,0,0.0,0.0,0.0,0.0,0.0,90.0,0,0,90.0,0.0,0.0,0.0,0,1.0,0.0009721671059444202,-6.93501020861755,False
441,대조,0,5.0,8.0,236.42,136.0,0.0,0.0,0.0,0.0,1,0.0,0.0,0.0,124.37,3.0,5.0,0,1,5.0,2.1972245773362196,5.469830724625388,0.0,0,0.0,0.008808367224878827,-4.723205798019983,True
445,대조,0,1.0,52.0,770.36,271.0,0.0,0.0,0.0,2.0,0,0.0,0.0,0.0,100.38,15.0,1.0,0,1,1.0,3.970291913552122,6.648155190657312,0.0,0,2.0,0.057160430446333545,-2.8030342568483517,True
447,대조,0,31.0,1.0,6.890000000000001,6.0,0.0,0.0,0.0,3.0,0,0.0,0.0,0.0,0.0,0.0,31.0,0,0,31.0,0.6931471805599453,2.065596134857783,0.0,0,3.0,0.003173930896201447,-5.7496054504499305,True
450,대조,0,4.0,9.0,261.07,133.0,0.0,0.0,0.0,0.0,0,0.0,0.0,0.0,61.48,3.0,4.0,0,1,4.0,2.302585092994046,5.568611643648579,0.0,0,0.0,0.010368141514553003,-4.558595225173046,True
451,대조,0,6.0,15.0,256.79,93.0,0.0,0.0,0.0,1.0,1,0.0,0.0,0.0,212.55,10.0,6.0,0,1,6.0,2.772588722239781,5.552145299993241,0.0,0,1.0,0.015127426635365355,-4.176002835911101,True
456,대조,0,8.0,12.0,559.17,193.0,0.0,0.0,0.0,5.0,1,0.0,0.0,0.0,465.0,7.0,8.0,0,1,8.0,2.5649493574615367,6.328240309089283,0.0,0,5.0,0.10938504834161475,-2.0970379700350454,True
459,대조,0,2.0,12.0,132.71,41.0,0.0,0.0,0.0,1.0,0,0.0,0.0,0.0,48.92,5.0,2.0,0,1,2.0,2.5649493574615367,4.895673275626574,0.0,0,1.0,0.009147355541340661,-4.68510100384845,True
460,대조,0,2.0,11.0,44.68,2184.0,0.0,0.0,0.0,2.0,1,0.0,0.0,0.0,67.22,10.0,2.0,0,1,2.0,2.4849066497880004,3.821660565347755,0.0,0,2.0,0.005385570950831583,-5.218631822423931,True
462,대조,0,16.0,14.0,255.19,119.0,0.0,0.0,0.0,0.0,1,0.0,0.0,0.0,43.84,4.0,16.0,0,1,16.0,2.70805020110221,5.54591935669462,0.0,0,0.0,0.012625628610773725,-4.359320504961651,True
463,처치,1,4.0,67.0,595.53,52244.0,0.0,0.0,0.0,1.0,0,0.0,0.0,0.0,411.05,45.0,4.0,0,1,4.0,4.219507705176107,6.391129533651339,0.0,0,1.0,0.0367440866760323,-3.266341816479725,True
464,대조,0,8.0,25.0,632.05,393.0,0.0,0.0,1.0,3.0,1,0.0,0.0,0.0,193.28,8.0,8.0,0,1,8.0,3.258096538021482,6.450549407966262,0.0,1,3.0,0.09667896907246377,-2.23468211373188,True
469,대조,0,3.0,24.0,1164.16,5827.0,1.0,2.99,0.0,2.0,1,0.0,0.0,0.0,489.69,10.0,3.0,0,1,3.0,3.2188758248682006,7.060613695625451,0.002568375481033535,0,2.0,0.06750870968546875,-2.6256031893972387,True
470,대조,0,2.0,25.0,413.07,19364.0,0.0,0.0,0.0,2.0,0,0.0,0.0,0.0,80.58,7.0,2.0,0,1,2.0,3.258096538021482,6.0260350416581465,0.0,0,2.0,0.03358517537807863,-3.359508406488331,True
473,대조,0,3.0,11.0,395.11,26528.0,0.0,0.0,0.0,1.0,1,0.0,0.0,0.0,314.48,7.0,3.0,0,1,3.0,2.4849066497880004,5.981691950459155,0.0,0,1.0,0.01863634927776472,-3.963829148903474,True
475,대조,0,3.0,8.0,122.68,63.0,0.0,0.0,0.0,1.0,0,0.0,0.0,0.0,86.89,3.0,3.0,0,1,3.0,2.1972245773362196,4.817697584839112,0.0,0,1.0,0.008314005407591538,-4.781465028216779,True
476,대조,0,9.0,5.0,293.18,137.0,0.0,0.0,0.0,0.0,0,3.98,2.0,2.0,231.28,4.0,9.0,1,1,9.0,1.791759469228055,5.684191824891197,0.0,0,0.0,0.011523444834297519,-4.451781283420909,True
479,대조,0,39.0,8.0,258.0,151.0,0.0,0.0,0.0,1.0,0,0.0,0.0,0.0,109.31,2.0,39.0,0,1,39.0,2.1972245773362196,5.556828061699537,0.0,0,1.0,0.02950508218095736,-3.4932436401045233,True
480,대조,0,25.0,11.0,529.0,59578.0,0.0,0.0,0.0,3.0,0,0.0,0.0,0.0,13.01,1.0,25.0,0,1,25.0,2.4849066497880004,6.272877006546167,0.0,0,3.0,0.07910723542919203,-2.4545392532712635,True
481,대조,0,1.0,3.0,197.5,100.0,0.0,0.0,0.0,1.0,0,0.0,0.0,0.0,119.12,1.0,1.0,0,1,1.0,1.3862943611198906,5.290789100127245,0.0,0,1.0,0.009950910826177209,-4.600090439623143,True
482,대조,0,1.0,14.0,224.28,2899.0,0.0,0.0,0.0,0.0,0,0.0,0.0,0.0,35.01,2.0,1.0,0,1,1.0,2.70805020110221,5.417344072969677,0.0,0,0.0,0.00930530616925942,-4.667821614696307,True
483,대조,0,7.0,18.0,342.6,167.0,0.0,0.0,0.0,1.0,1,0.0,0.0,0.0,361.86,10.0,7.0,0,1,7.0,2.9444389791664403,5.839478190110101,0.0,0,1.0,0.019567027661498895,-3.914148395128546,True
484,대조,0,10.0,21.0,508.95,5931.0,0.0,0.0,0.0,1.0,1,0.0,0.0,0.0,83.57,3.0,10.0,0,1,10.0,3.091042453358316,6.234312681696527,0.0,0,1.0,0.028323925904443572,-3.535315606027534,True
485,대조,0,1.0,18.0,573.73,51697.0,0.0,0.0,0.0,0.0,1,0.0,0.0,0.0,126.49,7.0,1.0,0,1,1.0,2.9444389791664403,6.353900365299689,0.0,0,0.0,0.01750392385179519,-4.027671274094676,True
490,대조,0,1.0,11.0,545.25,276.0,1.0,10.0,1.0,3.0,1,0.0,0.0,0.0,137.42000000000002,3.0,1.0,0,1,1.0,2.4849066497880004,6.3030767464098,0.018340210912425492,1,3.0,0.09156355674820421,-2.2946915870712994,True
491,대조,0,4.0,16.0,591.27,36067.0,0.0,0.0,0.0,2.0,1,0.0,0.0,0.0,349.97,8.0,4.0,0,1,4.0,2.833213344056216,6.3839626119917225,0.0,0,2.0,0.03861209306389379,-3.214812457567108,True
492,대조,0,5.0,28.0,1455.76,157618.0,0.0,0.0,0.0,3.0,1,0.0,0.0,0.0,379.87,5.0,5.0,0,1,5.0,3.367295829986474,7.283970070595469,0.0,0,3.0,0.11248405275068002,-2.0656150316505295,True
493,대조,0,8.0,31.0,712.22,5942.0,0.0,0.0,0.0,2.0,1,0.0,0.0,0.0,329.91,15.0,8.0,0,1,8.0,3.4657359027997265,6.569789928220588,0.0,0,2.0,0.05248581678303219,-2.89329892935391,True
495,대조,0,13.0,11.0,414.37,178.0,0.0,0.0,0.0,2.0,0,0.0,0.0,0.0,189.86,2.0,13.0,0,1,13.0,2.4849066497880004,6.029169689286631,0.0,0,2.0,0.037135309383480274,-3.2553446413353626,True
498,대조,0,10.0,26.0,450.3,219.0,0.0,0.0,0.0,0.0,0,0.0,0.0,0.0,11.65,1.0,10.0,0,1,10.0,3.295836866004329,6.112132306832955,0.0,0,0.0,0.02038943100918397,-3.872138435296804,True
502,대조,0,7.0,10.0,527.11,330.0,0.0,0.0,0.0,0.0,0,0.0,0.0,0.0,174.89,3.0,7.0,0,1,7.0,2.3978952727983707,6.26930459534122,0.0,0,0.0,0.018700603111800395,-3.960321833298954,True
503,대조,0,3.0,23.0,668.9,321.0,0.0,0.0,0.0,2.0,0,0.0,0.0,0.0,260.85,13.0,3.0,0,1,3.0,3.1780538303479458,6.507128447514222,0.0,0,2.0,0.04770951027119654,-2.993739369740477,True
507,대조,0,7.0,8.0,137.44,95.0,0.0,0.0,0.0,1.0,0,0.0,0.0,0.0,107.44,4.0,7.0,0,1,7.0,2.1972245773362196,4.930437018767144,0.0,0,1.0,0.00979981308163495,-4.615543819503527,True
508,대조,0,11.0,2.0,84.6,41.0,0.0,0.0,0.0,1.0,0,0.0,0.0,0.0,0.0,0.0,11.0,0,0,11.0,1.0986122886681098,4.449685283147696,0.0,0,1.0,0.0062611412133260535,-5.067111983676658,True
511,대조,0,1.0,57.0,877.46,41245.0,0.0,0.0,0.0,2.0,0,0.0,0.0,0.0,124.63,10.0,1.0,0,1,1.0,4.060443010546419,6.778170374433446,0.0,0,2.0,0.06345641662288465,-2.6918427415225032,True
513,대조,0,2.0,18.0,1366.4,368.0,0.0,0.0,0.0,2.0,1,0.0,0.0,0.0,699.8000000000001,9.0,2.0,0,1,2.0,2.9444389791664403,7.220666405479694,0.0,0,2.0,0.06816180108845882,-2.6152748867043627,True
514,대조,0,12.0,12.0,432.26,240.0,1.0,3.19,0.0,1.0,0,0.0,0.0,0.0,106.1,2.0,12.0,0,1,12.0,2.5649493574615367,6.071338009691146,0.007379817702308796,0,1.0,0.029959314399558176,-3.477497740008483,True
517,대조,0,2.0,13.0,457.43,231.0,0.0,0.0,0.0,2.0,0,0.0,0.0,0.0,158.9,4.0,2.0,0,1,2.0,2.6390573296152584,6.127807608285275,0.0,0,2.0,0.032837445567316194,-3.382797085745178,True
518,대조,0,6.0,33.0,848.85,423.0,1.0,8.59,2.0,1.0,1,0.0,0.0,0.0,887.02,17.0,6.0,0,1,6.0,3.5263605246161616,6.745059863323361,0.010119573540672675,1,1.0,0.07008106829403042,-2.5854447217055077,True
519,대조,0,26.0,4.0,84.72,34.0,0.0,0.0,0.0,1.0,0,0.0,0.0,0.0,32.96,1.0,26.0,0,1,26.0,1.6094379124341003,4.451086170605376,0.0,0,1.0,0.00922285253249863,-4.676805257598936,True
520,대조,0,5.0,12.0,234.16,3786.0,0.0,0.0,0.0,0.0,0,0.0,0.0,0.0,76.45,5.0,5.0,0,1,5.0,2.5649493574615367,5.460266133534054,0.0,0,0.0,0.010183421796845832,-4.576758567421186,True
523,대조,0,2.0,36.0,675.75,43988.0,0.0,0.0,0.0,0.0,1,0.0,0.0,0.0,307.19,15.0,2.0,0,1,2.0,3.6109179126442243,6.517301928494411,0.0,0,0.0,0.022336915018043375,-3.778924424993117,True
524,대조,0,2.0,8.0,103.46000000000001,57.0,0.0,0.0,0.0,3.0,0,0.0,0.0,0.0,141.94,7.0,2.0,0,1,2.0,2.1972245773362196,4.6488042230081525,0.0,0,3.0,0.015054599048223838,-4.180902680016939,True
526,대조,0,7.0,21.0,495.21000000000004,175.0,0.0,0.0,0.0,3.0,1,0.0,0.0,0.0,133.53,7.0,7.0,0,1,7.0,3.091042453358316,6.206999224218675,0.0,0,3.0,0.053637239993369126,-2.87038235995722,True
527,대조,0,2.0,22.0,663.26,243.0,0.0,0.0,0.0,1.0,1,0.0,0.0,0.0,194.18,8.0,2.0,0,1,2.0,3.1354942159291497,6.49867363909943,0.0,0,1.0,0.029441552918201653,-3.495464583426324,True
529,대조,0,21.0,11.0,416.17,194.0,0.0,0.0,0.0,2.0,0,0.0,0.0,0.0,91.31,2.0,21.0,0,1,21.0,2.4849066497880004,6.033493812583302,0.0,0,2.0,0.04360058659740409,-3.088105017911613,True
530,대조,0,7.0,7.0,255.18,93.0,0.0,0.0,0.0,1.0,0,0.0,0.0,0.0,43.47,4.0,7.0,0,1,7.0,2.0794415416798357,5.54588032240299,0.0,0,1.0,0.015122697446556707,-4.1763203100879265,True
533,대조,0,3.0,6.0,222.94,148.0,0.0,0.0,0.0,2.0,0,0.0,0.0,0.0,78.61,4.0,3.0,0,1,3.0,1.9459101490553132,5.411378158832051,0.0,0,2.0,0.017873216761378957,-4.006417085186117,True
534,대조,0,2.0,57.0,182.17,4437.0,0.0,0.0,0.0,2.0,1,0.0,0.0,0.0,62.18,24.0,2.0,0,1,2.0,4.060443010546419,5.210414683372125,0.0,0,2.0,0.019209812286197715,-3.9329373557002008,True
536,대조,0,4.0,8.0,51.550000000000004,3541.0,0.0,0.0,0.0,3.0,0,0.0,0.0,0.0,3.0,1.0,4.0,0,1,4.0,2.1972245773362196,3.96176509732296,0.0,0,3.0,0.009459302910419212,-4.65125226048229,True
537,대조,0,10.0,3.0,95.87,38.0,0.0,0.0,0.0,1.0,0,0.0,0.0,0.0,34.0,1.0,10.0,0,1,10.0,1.3862943611198906,4.573369873438294,0.0,0,1.0,0.007036849601609831,-4.949532983748707,True
538,대조,0,7.0,11.0,627.74,26711.0,0.0,0.0,0.0,1.0,0,0.0,0.0,0.0,213.78,3.0,7.0,0,1,7.0,2.4849066497880004,6.443717816714905,0.0,0,1.0,0.03097222131568999,-3.4432025626838274,True
540,대조,0,14.0,6.0,164.57,58.0,0.0,0.0,0.0,1.0,1,0.0,0.0,0.0,187.46,6.0,14.0,0,1,14.0,1.9459101490553132,5.10939406611952,0.0,0,1.0,0.011275629816332981,-4.473771853943066,True
541,대조,0,10.0,8.0,256.8,123.0,0.0,0.0,0.0,0.0,0,0.0,0.0,0.0,260.92,6.0,10.0,0,1,10.0,2.1972245773362196,5.552184090505087,0.0,0,0.0,0.011377642223736885,-4.464662194942324,True
542,대조,0,10.0,15.0,268.79,136.0,0.0,0.0,0.0,0.0,1,0.0,0.0,0.0,29.48,3.0,10.0,0,1,10.0,2.772588722239781,5.597643878594534,0.0,0,0.0,0.011733396544726552,-4.433513321645025,True
543,대조,0,4.0,13.0,401.9,207.0,0.0,0.0,0.0,1.0,1,0.0,0.0,0.0,222.22,4.0,4.0,0,1,4.0,2.6390573296152584,5.998688392197302,0.0,0,1.0,0.019723680744435552,-3.906014508262026,True
545,대조,0,2.0,9.0,446.35,15261.0,0.0,0.0,4.0,1.0,0,0.0,0.0,0.0,114.48,2.0,2.0,0,1,2.0,2.302585092994046,6.103341285993605,0.0,1,1.0,0.031644878945673305,-3.4210225477586245,True
546,대조,0,5.0,20.0,446.08,10517.0,0.0,0.0,0.0,1.0,1,0.0,0.0,0.0,259.24,9.0,5.0,0,1,5.0,3.044522437723423,6.1027375495174105,0.0,0,1.0,0.023130496375631065,-3.7432011384065627,True
548,대조,0,3.0,9.0,546.28,290.0,0.0,0.0,0.0,1.0,1,0.0,0.0,0.0,249.08,7.0,3.0,0,1,3.0,2.302585092994046,6.304960554452743,0.0,0,1.0,0.02292371206044697,-3.752392896867964,True
549,대조,0,5.0,6.0,145.45,53.0,0.0,0.0,0.0,0.0,0,0.0,0.0,0.0,55.45,3.0,5.0,0,1,5.0,1.9459101490553132,4.986684073273742,0.0,0,0.0,0.006507464040789489,-5.028276717028158,True
558,대조,0,7.0,16.0,194.89000000000001,85.0,0.0,0.0,0.0,1.0,0,0.0,0.0,0.0,104.16,6.0,7.0,0,1,7.0,2.833213344056216,5.2775532771953095,0.0,0,1.0,0.013988382638063693,-4.255440963283385,True
560,대조,0,8.0,31.0,515.28,26381.0,0.0,0.0,0.0,3.0,1,0.0,0.0,0.0,336.17,13.0,8.0,0,1,8.0,3.4657359027997265,6.246649253966987,0.0,0,3.0,0.0595006638948665,-2.7604234724589265,True
562,대조,0,12.0,9.0,398.88,9512.0,0.0,0.0,0.0,1.0,0,0.0,0.0,0.0,117.26,3.0,12.0,0,1,12.0,2.302585092994046,5.99116450209898,0.0,0,1.0,0.023970055909108865,-3.7066878854581002,True
563,대조,0,27.0,13.0,436.55,37964.0,0.0,0.0,0.0,0.0,0,0.0,0.0,0.0,0.0,1.0,27.0,0,1,27.0,2.6390573296152584,6.08119098498184,0.0,0,0.0,0.025290831247669197,-3.6516972092694835,True
566,대조,0,19.0,10.0,128.96,7700.0,0.0,0.0,0.0,0.0,0,0.0,0.0,0.0,95.57000000000001,5.0,19.0,0,1,19.0,2.3978952727983707,4.8672267108008995,0.0,0,0.0,0.008511074752582403,-4.757839550691074,True
567,대조,0,1.0,36.0,381.41,3892.0,0.0,0.0,0.0,2.0,1,0.0,0.0,0.0,215.19,19.0,1.0,0,1,1.0,3.6109179126442243,5.94649333146294,0.0,0,2.0,0.029959169918269034,-3.4775027115469306,True
569,처치,1,1.0,14.0,511.39,142.0,2.0,32.18,0.0,3.0,1,0.0,0.0,0.0,132.54,3.0,1.0,0,1,1.0,2.70805020110221,6.239086053829017,0.06292653356538062,0,3.0,0.12529187425338334,-1.943244250668267,True
570,대조,0,4.0,3.0,50.66,35.0,3.0,1.26,0.0,1.0,0,0.0,0.0,0.0,117.03,2.0,4.0,0,1,4.0,1.3862943611198906,3.9446837876676946,0.024871693643900517,0,1.0,0.0059961679641421985,-5.110620469269167,True
572,대조,0,,0.0,0.0,0.0,0.0,0.0,0.0,2.0,0,0.0,0.0,0.0,0.0,0.0,90.0,0,0,90.0,0.0,0.0,0.0,0,2.0,0.001411591262840036,-6.5616250672297145,True
574,처치,1,4.0,16.0,1023.18,41493.0,4.0,59.83,7.0,2.0,1,2.5,1.0,1.0,388.37,10.0,4.0,1,1,4.0,2.833213344056216,6.931647571401739,0.05847455970601458,1,2.0,0.19950763077501382,-1.3893745147831458,True
577,대조,0,35.0,4.0,539.52,201.0,0.0,0.0,0.0,0.0,0,0.0,0.0,0.0,149.38,1.0,35.0,0,1,35.0,1.6094379124341003,6.292531639169885,0.0,0,0.0,0.029451944379253192,-3.4951009867535423,True
578,대조,0,3.0,19.0,333.21,136.0,0.0,0.0,0.0,1.0,1,0.0,0.0,0.0,190.43,12.0,3.0,0,1,3.0,2.995732273553991,5.811769537915907,0.0,0,1.0,0.01783535760924858,-4.008576084985793,True
580,대조,0,11.0,13.0,188.27,56.0,0.0,0.0,0.0,1.0,0,0.0,0.0,0.0,71.24,4.0,11.0,0,1,11.0,2.6390573296152584,5.243174567050828,0.0,0,1.0,0.014342525282017649,-4.230079985298337,True
582,대조,0,2.0,27.0,772.83,52670.0,0.0,0.0,0.0,1.0,1,0.0,0.0,0.0,28.009999999999998,2.0,2.0,0,1,2.0,3.332204510175204,6.651352211222822,0.0,0,1.0,0.033883470836696114,-3.3503571480015064,True
583,대조,0,14.0,23.0,236.14,114.0,0.0,0.0,0.0,4.0,1,0.0,0.0,0.0,58.63,7.0,14.0,0,1,14.0,3.1780538303479458,5.4686506840299245,0.0,0,4.0,0.052694925923353016,-2.889102020601223,True
584,대조,0,2.0,10.0,130.53,10431.0,0.0,0.0,0.0,1.0,0,0.0,0.0,0.0,40.95,4.0,2.0,0,1,2.0,2.3978952727983707,4.879234962480687,0.0,0,1.0,0.008800895677117037,-4.724061928890123,True
594,대조,0,5.0,6.0,98.27,92.0,0.0,0.0,0.0,1.0,0,0.0,0.0,0.0,282.14,5.0,5.0,0,1,5.0,1.9459101490553132,4.59784341060163,0.0,0,1.0,0.0070735019077150536,-4.944300964641803,True
597,대조,0,23.0,12.0,528.7,280.0,0.0,0.0,0.0,1.0,1,0.0,0.0,0.0,0.0,0.0,23.0,0,0,23.0,2.5649493574615367,6.272310808550481,0.0,0,1.0,0.03473461356495116,-3.324666376532312,True
600,대조,0,1.0,27.0,1018.4,32657.0,0.0,0.0,0.0,1.0,0,0.0,0.0,0.0,288.5,11.0,1.0,0,1,1.0,3.332204510175204,6.926969497905941,0.0,0,1.0,0.04432006821873689,-3.0709854759323165,True
603,대조,0,5.0,12.0,247.37,18082.0,0.0,0.0,0.0,3.0,0,0.0,0.0,0.0,36.38,4.0,5.0,0,1,5.0,2.5649493574615367,5.514919569818824,0.0,0,3.0,0.03180145123560518,-3.415925253519214,True
604,대조,0,15.0,7.0,222.1,68.0,0.0,0.0,0.0,1.0,0,4.39,1.0,1.0,147.11,3.0,15.0,1,1,15.0,2.0794415416798357,5.407620101438487,0.0,0,1.0,0.016060453942510686,-4.115204484700701,True
605,처치,1,2.0,25.0,1408.85,129318.0,46.0,77.98,1.0,2.0,1,28.330000000000002,10.0,10.0,426.31,9.0,2.0,1,1,2.0,3.258096538021482,7.25123859473442,0.055350108244312746,1,2.0,0.23531543880367556,-1.178536503630113,True
606,대조,0,9.0,17.0,664.54,309.0,0.0,0.0,0.0,1.0,1,0.0,0.0,0.0,0.0,0.0,9.0,0,0,9.0,2.8903717578961645,6.500598741212994,0.0,0,1.0,0.032618005220713606,-3.389729004953783,True
607,대조,0,3.0,10.0,59.23,3917.0,0.0,0.0,0.0,1.0,1,0.0,0.0,0.0,22.0,1.0,3.0,0,1,3.0,2.3978952727983707,4.09817056705563,0.0,0,1.0,0.004588368883139396,-5.379631753457888,True
609,대조,0,7.0,25.0,336.58,5766.0,0.0,0.0,0.0,2.0,1,0.0,0.0,0.0,132.8,11.0,7.0,0,1,7.0,3.258096538021482,5.821802519260782,0.0,0,2.0,0.029206041873870905,-3.5037386488706765,True
618,대조,0,2.0,105.0,1837.7,140925.0,0.0,0.0,0.0,1.0,0,0.0,0.0,0.0,247.66,17.0,2.0,0,1,2.0,4.663439094112067,7.516814079159796,0.0,0,1.0,0.0832877944764221,-2.398491565967469,True
621,대조,0,1.0,19.0,503.68,165.0,0.0,0.0,0.0,0.0,1,0.0,0.0,0.0,263.38,7.0,1.0,0,1,1.0,2.995732273553991,6.223924565059541,0.0,0,0.0,0.01604465809776997,-4.116204546399808,True
622,대조,0,5.0,24.0,359.17,3927.0,0.0,0.0,0.0,3.0,1,0.0,0.0,0.0,149.42000000000002,11.0,5.0,0,1,5.0,3.2188758248682006,5.8865761422105525,0.0,0,3.0,0.0419097571641439,-3.129423305038844,True
623,대조,0,6.0,19.0,320.49,31412.0,0.0,0.0,0.0,2.0,1,0.0,0.0,0.0,11.89,2.0,6.0,0,1,6.0,2.995732273553991,5.772966438994861,0.0,0,2.0,0.02653070200665924,-3.6025636578965,True
624,대조,0,12.0,19.0,744.3,59816.0,0.0,0.0,0.0,3.0,1,0.0,0.0,0.0,33.99,4.0,12.0,0,1,12.0,2.995732273553991,6.613786821887648,0.0,0,3.0,0.07724723753187863,-2.4803501806063895,True
630,대조,0,3.0,24.0,1070.6,101198.0,0.0,0.0,2.0,4.0,1,0.0,0.0,0.0,369.59000000000003,8.0,3.0,0,1,3.0,3.2188758248682006,6.976908137670454,0.0,1,4.0,0.17103318317189092,-1.5783225350690602,True
631,대조,0,1.0,53.0,1018.0500000000001,124697.0,0.0,0.0,0.0,3.0,1,0.0,0.0,0.0,521.58,24.0,1.0,0,1,1.0,3.9889840465642745,6.926626099732388,0.0,0,3.0,0.08995930936377265,-2.3141318635823556,True
632,대조,0,8.0,13.0,552.8100000000001,10825.0,0.0,0.0,0.0,0.0,0,0.0,0.0,0.0,41.76,1.0,8.0,0,1,8.0,2.6390573296152584,6.316821667634145,0.0,0,0.0,0.02051500048076202,-3.8658705735120154,True
633,대조,0,1.0,25.0,830.48,13497.0,2.0,19.58,0.0,0.0,0,16.58,2.0,2.0,148.13,6.0,1.0,1,1,1.0,3.258096538021482,6.72320724542729,0.023576726712262786,0,0.0,0.03915017319037186,-3.2004132829400613,True
635,대조,0,24.0,4.0,127.85000000000001,36.0,0.0,0.0,0.0,1.0,0,0.0,0.0,0.0,0.0,0.0,24.0,0,0,24.0,1.6094379124341003,4.8586489370983745,0.0,0,1.0,0.011956324216203006,-4.4144665415281255,True
638,대조,0,5.0,16.0,1011.41,26689.0,1.0,2.99,0.0,1.0,0,0.0,0.0,0.0,563.8,12.0,5.0,0,1,5.0,2.833213344056216,6.920088906140954,0.002956268971040429,0,1.0,0.04640488696183247,-3.0228343954082346,True
639,대조,0,1.0,21.0,298.72,141.0,0.0,0.0,0.0,0.0,0,0.0,0.0,0.0,44.44,14.0,1.0,0,1,1.0,3.091042453358316,5.70284870549611,0.0,0,0.0,0.012199917994498722,-4.394051101170626,True
640,대조,0,11.0,10.0,168.7,5672.0,1.0,2.99,0.0,1.0,0,0.0,0.0,0.0,5.6,1.0,11.0,0,1,11.0,2.3978952727983707,5.134032172240181,0.017723770005927685,0,1.0,0.017232428528049223,-4.043579655782399,True
641,대조,0,4.0,44.0,1944.77,820.0,0.0,0.0,0.0,4.0,0,0.0,0.0,0.0,606.0600000000001,14.0,4.0,0,1,4.0,3.8066624897703196,7.573413064599468,0.0,0,4.0,0.2087831383075005,-1.3322759941086804,True
644,대조,0,2.0,32.0,823.89,18255.0,0.0,0.0,0.0,3.0,1,0.0,0.0,0.0,114.66,7.0,2.0,0,1,2.0,3.4965075614664802,6.715250044111668,0.0,0,3.0,0.07379924429190807,-2.5297425183625917,True
646,대조,0,15.0,5.0,255.82,11239.0,0.0,0.0,0.0,0.0,0,0.0,0.0,0.0,122.86,4.0,15.0,0,1,15.0,1.791759469228055,5.548375450403128,0.0,0,0.0,0.011775930062717283,-4.429851840467812,True
650,대조,0,3.0,6.0,146.83,79.0,0.0,0.0,0.0,3.0,0,0.0,0.0,0.0,81.36,6.0,3.0,0,1,3.0,1.9459101490553132,4.996062964912999,0.0,0,3.0,0.019037079983741663,-3.942146005298838,True
654,대조,0,7.0,19.0,253.16,110.0,0.0,0.0,0.0,2.0,0,0.0,0.0,0.0,50.46,8.0,7.0,0,1,7.0,2.995732273553991,5.537963989961261,0.0,0,2.0,0.025032363385790995,-3.66223475411946,True
661,대조,0,1.0,71.0,1511.64,334.0,0.0,0.0,0.0,2.0,1,0.0,0.0,0.0,495.27000000000004,28.0,1.0,0,1,1.0,4.276666119016055,7.321611747604871,0.0,0,2.0,0.08726395307684347,-2.347509264615871,True
662,대조,0,2.0,6.0,254.61,94.0,0.0,0.0,0.0,0.0,0,0.0,0.0,0.0,209.54,3.0,2.0,0,1,2.0,1.9459101490553132,5.543652845368744,0.0,0,0.0,0.00923717039444717,-4.675239576987003,True
665,대조,0,24.0,3.0,29.89,11.0,0.0,0.0,0.0,1.0,0,0.0,0.0,0.0,78.67,4.0,24.0,0,1,24.0,1.3862943611198906,3.43043250693049,0.0,0,1.0,0.004017098361812555,-5.513170248943954,True
669,대조,0,18.0,14.0,1108.32,359.0,0.0,0.0,0.0,3.0,0,0.0,0.0,0.0,256.72,3.0,18.0,0,1,18.0,2.70805020110221,7.011502493969989,0.0,0,3.0,0.11788547444021362,-2.0126082975705715,True
670,대조,0,3.0,33.0,669.83,11028.0,0.0,0.0,0.0,2.0,1,0.0,0.0,0.0,323.05,11.0,3.0,0,1,3.0,3.5263605246161616,6.508515751668164,0.0,0,2.0,0.046013318798817385,-3.0317188166603177,True
671,대조,0,7.0,16.0,840.1,72887.0,0.0,0.0,0.0,1.0,1,0.0,0.0,0.0,143.07999999999998,6.0,7.0,0,1,7.0,2.833213344056216,6.734710558968391,0.0,0,1.0,0.03676921126071832,-3.265632194633386,True
672,대조,0,3.0,15.0,159.5,10836.0,0.0,0.0,0.0,0.0,1,0.0,0.0,0.0,134.0,5.0,3.0,0,1,3.0,2.772588722239781,5.07829394257007,0.0,0,0.0,0.0069393904695648975,-4.963577756901852,True
679,대조,0,1.0,54.0,1622.82,645.0,2.0,2.69,1.0,2.0,0,0.0,0.0,0.0,223.73,22.0,1.0,0,1,1.0,4.007333185232471,7.392536677140277,0.0016576083607547356,1,2.0,0.1409737251465307,-1.807225982703776,True
680,대조,0,7.0,15.0,648.78,348.0,0.0,0.0,2.0,1.0,1,0.0,0.0,0.0,220.20000000000002,7.0,7.0,0,1,7.0,2.772588722239781,6.476633844060187,0.0,1,1.0,0.04477852661104014,-3.0602145151076274,True
681,대조,0,25.0,8.0,241.17000000000002,74.0,0.0,0.0,0.0,4.0,0,0.0,0.0,0.0,112.67,2.0,25.0,0,1,25.0,2.1972245773362196,5.48963995887241,0.0,0,4.0,0.06237809203355774,-2.7101326600316,True
682,대조,0,1.0,37.0,959.85,83899.0,0.0,0.0,0.0,2.0,1,0.0,0.0,0.0,710.99,23.0,1.0,0,1,1.0,3.6375861597263857,6.867818309378436,0.0,0,2.0,0.058003118090391846,-2.7875051952155965,True
685,대조,0,2.0,42.0,1035.38,11374.0,0.0,0.0,0.0,0.0,1,0.0,0.0,0.0,508.37,23.0,2.0,0,1,2.0,3.7612001156935624,6.943489150933249,0.0,0,0.0,0.031138532433613034,-3.4376756000623216,True
690,대조,0,5.0,42.0,748.0600000000001,32885.0,0.0,0.0,0.0,2.0,1,0.0,0.0,0.0,379.28000000000003,12.0,5.0,0,1,5.0,3.7612001156935624,6.618819087117919,0.0,0,2.0,0.0536035965744679,-2.8710453462925187,True
691,대조,0,1.0,11.0,464.91,196.0,1.0,2.99,0.0,2.0,0,0.0,0.0,0.0,95.84,3.0,1.0,0,1,1.0,2.4849066497880004,6.143992482425847,0.006431352304747156,0,2.0,0.03540812859623242,-3.3047636655472843,True
693,대조,0,1.0,45.0,1288.6100000000001,545.0,0.0,0.0,0.0,3.0,1,0.0,0.0,0.0,472.99,23.0,1.0,0,1,1.0,3.828641396489095,7.162095126064731,0.0,0,3.0,0.10298146683166863,-2.1645274847590357,True
694,대조,0,43.0,6.0,93.1,38.0,0.0,0.0,0.0,1.0,0,0.0,0.0,0.0,7.119999999999999,1.0,43.0,0,1,43.0,1.9459101490553132,4.544358046591334,0.0,0,1.0,0.014701304245749697,-4.20500862557376,True
696,대조,0,1.0,56.0,2743.58,242269.0,0.0,0.0,0.0,0.0,1,0.0,0.0,0.0,934.35,18.0,1.0,0,1,1.0,4.04305126783455,7.91738333677262,0.0,0,0.0,0.06367153312988218,-2.6882287680083023,True
698,대조,0,17.0,9.0,131.01,109.0,1.0,2.99,0.0,3.0,0,0.0,0.0,0.0,10.93,3.0,17.0,0,1,17.0,2.302585092994046,4.882877677292668,0.022822685291199147,0,3.0,0.03599038471170005,-3.2878494574870585,True
699,대조,0,12.0,27.0,1572.83,153564.0,0.0,0.0,0.0,2.0,1,2.52,6.0,6.0,676.28,9.0,12.0,1,1,12.0,3.332204510175204,7.361267418061788,0.0,0,2.0,0.09590605220920859,-2.24356419005659,True
705,대조,0,14.0,14.0,247.84,157.0,0.0,0.0,0.0,1.0,0,0.0,0.0,0.0,55.24,5.0,14.0,0,1,14.0,2.70805020110221,5.516810119646819,0.0,0,1.0,0.018819357287000855,-3.9538706009702214,True
709,처치,1,2.0,20.0,584.95,377.0,0.0,0.0,0.0,3.0,0,0.0,0.0,0.0,144.75,5.0,2.0,0,1,2.0,3.044522437723423,6.3732344617046115,0.0,0,3.0,0.059419458564297846,-2.761875523919561,True
710,대조,0,3.0,28.0,514.35,24283.0,0.0,0.0,0.0,3.0,0,5.0,2.0,2.0,216.87,13.0,3.0,1,1,3.0,3.367295829986474,6.244846281482801,0.0,0,3.0,0.05812417091006814,-2.7852918497421273,True
714,처치,1,4.0,40.0,578.34,421.0,0.0,0.0,0.0,2.0,1,0.0,0.0,0.0,317.49,22.0,4.0,0,1,4.0,3.713572066704308,6.361889524570879,0.0,0,2.0,0.043505098779840455,-3.090397313647029,True
715,대조,0,1.0,23.0,428.25,460.0,0.0,0.0,0.0,1.0,1,0.0,0.0,0.0,335.67,17.0,1.0,0,1,1.0,3.1780538303479458,6.062039499777585,0.0,0,1.0,0.021162397441989247,-3.834139846595798,True
716,대조,0,41.0,13.0,153.62,8851.0,0.0,0.0,0.0,0.0,1,0.0,0.0,0.0,41.49,3.0,41.0,0,1,41.0,2.6390573296152584,5.0409704938923285,0.0,0,0.0,0.014292576935367448,-4.233619272337122,True
720,대조,0,6.0,10.0,283.65,62.0,0.0,0.0,0.0,1.0,0,0.0,0.0,0.0,73.74,4.0,6.0,0,1,6.0,2.3978952727983707,5.651260355397091,0.0,0,1.0,0.01683292670235815,-4.06744217734218,True
727,대조,0,9.0,8.0,595.59,271.0,0.0,0.0,0.0,1.0,0,0.0,0.0,0.0,203.65,4.0,9.0,0,1,9.0,2.1972245773362196,6.391230110290824,0.0,0,1.0,0.029676099815913348,-3.4872879316300844,True
728,대조,0,3.0,90.0,1793.6100000000001,155692.0,0.0,0.0,0.0,1.0,0,0.0,0.0,0.0,71.62,17.0,3.0,0,1,3.0,4.51085950651685,7.492543007120805,0.0,0,1.0,0.08162546844020573,-2.4204639673545545,True
730,대조,0,5.0,13.0,186.95,76.0,0.0,0.0,0.0,1.0,0,0.0,0.0,0.0,50.54,4.0,5.0,0,1,5.0,2.6390573296152584,5.236175970010187,0.0,0,1.0,0.012638295894121984,-4.358304879365921,True
731,대조,0,1.0,64.0,761.9,57858.0,0.0,0.0,0.0,2.0,1,0.0,0.0,0.0,223.66,12.0,1.0,0,1,1.0,4.174387269895637,6.637126961096183,0.0,0,2.0,0.05348801442717319,-2.873326034209983,True
733,대조,0,4.0,10.0,333.19,237.0,0.0,0.0,0.0,0.0,1,0.0,0.0,0.0,155.01,4.0,4.0,0,1,4.0,2.3978952727983707,5.811709693511341,0.0,0,0.0,0.011462476068705624,-4.457147852576695,True
734,대조,0,5.0,21.0,325.31,16232.0,0.0,0.0,0.0,0.0,0,0.0,0.0,0.0,99.9,5.0,5.0,0,1,5.0,3.091042453358316,5.787847849773868,0.0,0,0.0,0.014080599858364148,-4.248776653583741,True
737,대조,0,11.0,5.0,277.44,113.0,0.0,0.0,0.0,1.0,0,0.0,0.0,0.0,84.93,3.0,11.0,0,1,11.0,1.791759469228055,5.629202596300466,0.0,0,1.0,0.01665386839678739,-4.078318650186789,True
738,대조,0,21.0,6.0,330.95,175.0,0.0,0.0,0.0,3.0,0,0.0,0.0,0.0,0.0,0.0,21.0,0,0,21.0,1.9459101490553132,5.8049843551651685,0.0,0,3.0,0.04875203376430603,-2.9710278563663746,True
744,대조,0,2.0,29.0,785.0600000000001,64575.0,0.0,0.0,0.0,2.0,0,0.0,0.0,0.0,282.58,6.0,2.0,0,1,2.0,3.4011973816621555,6.667033125393634,0.0,0,2.0,0.054190919673437477,-2.8595273701374566,True
747,대조,0,14.0,29.0,260.22,150.0,0.0,0.0,0.0,1.0,0,0.0,0.0,0.0,72.02,9.0,14.0,0,1,14.0,3.4011973816621555,5.565362964149375,0.0,0,1.0,0.021735347134481206,-3.8068404040956407,True
748,대조,0,2.0,18.0,789.2,427.0,0.0,0.0,0.0,0.0,1,0.0,0.0,0.0,89.23,3.0,2.0,0,1,2.0,2.9444389791664403,6.67228607797729,0.0,0,0.0,0.022528279023412454,-3.770197995967558,True
749,대조,0,4.0,19.0,118.11,12745.0,0.0,0.0,0.0,1.0,0,0.0,0.0,0.0,30.790000000000003,8.0,4.0,0,1,4.0,2.995732273553991,4.78004743589281,0.0,0,1.0,0.009366214106791554,-4.661235955563345,True
752,대조,0,1.0,17.0,392.22,42457.0,0.0,0.0,0.0,1.0,1,0.0,0.0,0.0,189.1,4.0,1.0,0,1,1.0,2.8903717578961645,5.974369251679345,0.0,0,1.0,0.01897610125172608,-3.9454164623084345,True
755,대조,0,1.0,42.0,1779.02,483863.0,0.0,0.0,0.0,4.0,1,0.0,0.0,0.0,364.44,11.0,1.0,0,1,1.0,3.7612001156935624,7.484379879178064,0.0,0,4.0,0.1733513523375986,-1.562059279772605,True
757,대조,0,11.0,8.0,393.51,10866.0,0.0,0.0,0.0,0.0,0,0.0,0.0,0.0,119.96,2.0,11.0,0,1,11.0,2.1972245773362196,5.977644488507119,0.0,0,0.0,0.015867391049932563,-4.12749452723075,True
759,대조,0,53.0,1.0,49.61,8.0,0.0,0.0,0.0,1.0,0,0.0,0.0,0.0,18.86,1.0,53.0,0,1,53.0,0.6931471805599453,3.9241491852259864,0.0,0,1.0,0.009358952771941632,-4.662018855138488,True
760,대조,0,1.0,11.0,262.92,107.0,0.0,0.0,0.0,2.0,0,0.0,0.0,0.0,115.08,4.0,1.0,0,1,1.0,2.4849066497880004,5.575646026920326,0.0,0,2.0,0.021063426691844137,-3.838928648824568,True
763,대조,0,25.0,3.0,506.84000000000003,292.0,0.0,0.0,0.0,1.0,0,0.0,0.0,0.0,57.12,1.0,25.0,0,1,25.0,1.3862943611198906,6.2301664373380445,0.0,0,1.0,0.032019725073376186,-3.408859588486022,True
764,대조,0,41.0,4.0,134.87,68.0,0.0,0.0,0.0,0.0,1,3.79,1.0,1.0,292.34000000000003,10.0,41.0,1,1,41.0,1.6094379124341003,4.911698546236233,0.0,0,0.0,0.011046233103132972,-4.49455810900477,True
766,대조,0,5.0,25.0,1398.76,530.0,0.0,0.0,0.0,4.0,1,0.0,0.0,0.0,562.28,8.0,5.0,0,1,5.0,3.258096538021482,7.244056072336364,0.0,0,4.0,0.14938819537539613,-1.7394076046952363,True
769,대조,0,18.0,8.0,230.83,7387.0,0.0,0.0,0.0,1.0,0,0.0,0.0,0.0,0.0,0.0,18.0,0,0,18.0,2.1972245773362196,5.446004344446802,0.0,0,1.0,0.017875550954194432,-4.006284119796745,True
771,대조,0,1.0,101.0,1406.13,817.0,0.0,0.0,0.0,2.0,1,0.0,0.0,0.0,601.53,41.0,1.0,0,1,1.0,4.624972813284271,7.249307448013241,0.0,0,2.0,0.0874160835831362,-2.345600756003117,True
778,대조,0,68.0,1.0,0.99,1.0,0.0,0.0,0.0,3.0,0,0.0,0.0,0.0,6.58,2.0,68.0,0,1,68.0,0.6931471805599453,0.688134638736401,0.0,0,3.0,0.002432900755493586,-6.0162351419467,True
779,대조,0,13.0,13.0,542.19,186.0,1.0,28.99,0.0,1.0,1,0.0,0.0,0.0,48.74,1.0,13.0,0,1,13.0,2.6390573296152584,6.297459166649405,0.05346834135635108,0,1.0,0.07076232051188232,-2.575037887661666,True
780,대조,0,26.0,8.0,48.04,34.0,0.0,0.0,0.0,1.0,0,0.0,0.0,0.0,0.0,0.0,26.0,0,0,26.0,2.1972245773362196,3.892636291627956,0.0,0,1.0,0.006703390411913506,-4.998415889899616,True
784,대조,0,11.0,7.0,254.76,17272.0,0.0,0.0,0.0,2.0,1,0.0,0.0,0.0,127.4,5.0,11.0,0,1,11.0,2.0794415416798357,5.544239504751586,0.0,0,2.0,0.021522865935806195,-3.81688151632544,True
785,대조,0,31.0,3.0,94.02,41.0,0.0,0.0,0.0,1.0,1,0.0,0.0,0.0,7.75,1.0,31.0,0,1,31.0,1.3862943611198906,4.554087395758775,0.0,0,1.0,0.009679056108170018,-4.628064689293555,True
787,대조,0,3.0,27.0,358.28000000000003,142.0,0.0,0.0,0.0,1.0,1,0.0,0.0,0.0,113.11,8.0,3.0,0,1,3.0,3.332204510175204,5.884102028779482,0.0,0,1.0,0.019822626730710773,-3.9009094989994226,True
790,대조,0,1.0,10.0,449.3,163.0,0.0,0.0,0.0,0.0,1,0.0,0.0,0.0,224.17000000000002,3.0,1.0,0,1,1.0,2.3978952727983707,6.109914027307526,0.0,0,0.0,0.01343049455054388,-4.2967059454228025,True
793,대조,0,2.0,29.0,282.0,121.0,1.0,3.19,0.0,0.0,0,0.0,0.0,0.0,170.8,7.0,2.0,0,1,2.0,3.4011973816621555,5.645446897643238,0.011312056737588653,0,0.0,0.01519992482960984,-4.17114816878126,True
795,대조,0,8.0,6.0,197.6,103.0,0.0,0.0,0.0,1.0,0,0.0,0.0,0.0,51.25,1.0,8.0,0,1,8.0,1.9459101490553132,5.291292751611072,0.0,0,1.0,0.01253437186508639,-4.366667069346565,True
802,대조,0,6.0,7.0,186.19,65.0,0.0,0.0,0.0,1.0,1,0.0,0.0,0.0,56.39,2.0,6.0,0,1,6.0,2.0794415416798357,5.2321241438132375,0.0,0,1.0,0.010717695184220475,-4.52508360454413,True
803,대조,0,8.0,8.0,280.18,129.0,0.0,0.0,0.0,1.0,1,0.0,0.0,0.0,81.73,4.0,8.0,0,1,8.0,2.1972245773362196,5.638995033651762,0.0,0,1.0,0.015331345250563667,-4.162405751619801,True
808,대조,0,11.0,26.0,461.61,26643.0,0.0,0.0,0.0,1.0,1,0.0,0.0,0.0,34.65,6.0,11.0,0,1,11.0,3.295836866004329,6.136884366511383,0.0,0,1.0,0.02779896810194584,-3.554563704643272,True
812,대조,0,19.0,6.0,225.58,111.0,0.0,0.0,0.0,2.0,0,0.0,0.0,0.0,48.19,3.0,19.0,0,1,19.0,1.9459101490553132,5.423098083445343,0.0,0,2.0,0.024851985374652687,-3.669651625644571,True
816,대조,0,14.0,15.0,495.79,214.0,0.0,0.0,0.0,4.0,1,0.0,0.0,0.0,138.94,5.0,14.0,0,1,14.0,2.772588722239781,6.208167401592205,0.0,0,4.0,0.08290186786071536,-2.403556887479631,True
820,대조,0,13.0,20.0,210.77,95.0,15.0,44.17,0.0,0.0,0,0.0,0.0,0.0,11.32,3.0,13.0,0,1,13.0,3.044522437723423,5.355500780075491,0.2095649285951511,0,0.0,0.31171252077580514,-0.7921252430863341,True
823,대조,0,4.0,17.0,527.37,26570.0,0.0,0.0,0.0,0.0,1,0.0,0.0,0.0,124.83,4.0,4.0,0,1,4.0,2.8903717578961645,6.269796795866074,0.0,0,0.0,0.01733721777960542,-4.037410504193375,True
831,대조,0,2.0,18.0,1015.44,385.0,0.0,0.0,0.0,0.0,1,0.0,0.0,0.0,403.96000000000004,11.0,2.0,0,1,2.0,2.9444389791664403,6.924061605256447,0.0,0,0.0,0.02704582000321778,-3.582804524784142,True
834,대조,0,,0.0,0.0,0.0,0.0,0.0,0.0,2.0,0,0.0,0.0,0.0,0.0,0.0,90.0,0,0,90.0,0.0,0.0,0.0,0,2.0,0.001411591262840036,-6.5616250672297145,True
836,대조,0,20.0,16.0,215.11,84.0,0.0,0.0,0.0,2.0,0,0.0,0.0,0.0,257.72,9.0,20.0,0,1,20.0,2.833213344056216,5.3757875373149355,0.0,0,2.0,0.028129417002726732,-3.542406753351792,True
841,대조,0,18.0,5.0,110.67999999999999,12032.0,0.0,0.0,0.0,0.0,0,0.0,0.0,0.0,210.23,10.0,18.0,0,1,18.0,1.791759469228055,4.715637639014062,0.0,0,0.0,0.0067721563778233435,-4.988140531669191,True
850,대조,0,4.0,14.0,233.33,126.0,0.0,0.0,0.0,1.0,0,0.0,0.0,0.0,71.37,2.0,4.0,0,1,4.0,2.70805020110221,5.456730378290316,0.0,0,1.0,0.014721522767550788,-4.203613762384582,True
852,대조,0,8.0,16.0,478.33,192.0,3.0,42.57,0.0,0.0,1,0.0,0.0,0.0,106.65,3.0,8.0,0,1,8.0,2.833213344056216,6.1723892954857815,0.08899713586854265,0,0.0,0.07593349366676741,-2.4989261717572275,True
853,대조,0,1.0,66.0,1677.6200000000001,66020.0,0.0,0.0,0.0,1.0,1,0.0,0.0,0.0,740.83,28.0,1.0,0,1,1.0,4.204692619390966,7.425727306268562,0.0,0,1.0,0.06568659187423573,-2.654917113080118,True
854,대조,0,18.0,3.0,77.44,39.0,0.0,0.0,0.0,1.0,0,0.0,0.0,0.0,11.48,2.0,18.0,0,1,18.0,1.3862943611198906,4.362334001328145,0.0,0,1.0,0.007085576843562286,-4.942583192817622,True
855,대조,0,41.0,40.0,1022.68,337.0,0.0,0.0,0.0,1.0,0,0.0,0.0,0.0,0.0,0.0,41.0,0,0,41.0,3.713572066704308,6.931159256761153,0.0,0,1.0,0.10094685277499554,-2.186747982687729,True
856,대조,0,1.0,35.0,863.64,54764.0,0.0,0.0,0.0,3.0,1,0.0,0.0,0.0,296.53,7.0,1.0,0,1,1.0,3.58351893845611,6.76231323533178,0.0,0,3.0,0.07576736672065582,-2.5012961258202666,True
859,대조,0,3.0,27.0,921.54,32726.0,0.0,0.0,0.0,0.0,1,0.0,0.0,0.0,446.64,8.0,3.0,0,1,3.0,3.332204510175204,6.82713073540825,0.0,0,0.0,0.027320698938797336,-3.572409811982805,True
861,대조,0,10.0,7.0,305.7,116.0,0.0,0.0,0.0,1.0,0,0.0,0.0,0.0,0.0,0.0,10.0,0,0,10.0,2.0794415416798357,5.725870071120206,0.0,0,1.0,0.018327624573275345,-3.9808481616148033,True
862,대조,0,13.0,25.0,647.74,338.0,0.0,0.0,0.0,0.0,0,0.0,0.0,0.0,43.62,3.0,13.0,0,1,13.0,3.258096538021482,6.475032020103109,0.0,0,0.0,0.02801592038452924,-3.5465664915762067,True
863,대조,0,2.0,24.0,377.9,33412.0,0.0,0.0,0.0,1.0,1,0.0,0.0,0.0,185.31,12.0,2.0,0,1,2.0,3.2188758248682006,5.937272318024555,0.0,0,1.0,0.01984090857741056,-3.8999690006349716,True
864,대조,0,4.0,11.0,963.96,400.0,1.0,2.99,1.0,4.0,1,0.0,0.0,0.0,511.15000000000003,6.0,4.0,0,1,4.0,2.4849066497880004,6.872086649702677,0.003101788455952529,1,4.0,0.15451052153707467,-1.6996535295187964,True
867,대조,0,1.0,16.0,657.78,46472.0,0.0,0.0,0.0,1.0,1,0.0,0.0,0.0,281.7,8.0,1.0,0,1,1.0,2.833213344056216,6.490389639615586,0.0,0,1.0,0.027371677295203223,-3.570493214729521,True
879,대조,0,8.0,19.0,443.41,23129.0,0.0,0.0,0.0,0.0,1,0.0,0.0,0.0,227.23000000000002,7.0,8.0,0,1,8.0,2.995732273553991,6.0967475597625285,0.0,0,0.0,0.016834580175512596,-4.06734227188157,True
882,대조,0,20.0,14.0,207.04000000000002,87.0,0.0,0.0,0.0,1.0,1,0.0,0.0,0.0,52.71,6.0,20.0,0,1,20.0,2.70805020110221,5.337730368904872,0.0,0,1.0,0.016975260185078386,-4.058877286623284,True
884,대조,0,,0.0,0.0,0.0,0.0,0.0,0.0,0.0,0,0.0,0.0,0.0,24.21,4.0,90.0,0,1,90.0,0.0,0.0,0.0,0,0.0,0.0006694426771685246,-7.308395350005387,False
885,대조,0,9.0,21.0,654.03,15095.0,0.0,0.0,0.0,0.0,0,0.0,0.0,0.0,33.08,4.0,9.0,0,1,9.0,3.091042453358316,6.484681036113112,0.0,0,0.0,0.025379125348956012,-3.648121549389358,True
886,대조,0,1.0,29.0,684.82,70094.0,0.0,0.0,0.0,1.0,1,0.0,0.0,0.0,393.44,16.0,1.0,0,1,1.0,3.4011973816621555,6.530615202624876,0.0,0,1.0,0.030778251941587394,-3.4496850930991334,True
889,처치,1,1.0,25.0,1500.18,67868.0,1.0,9.09,1.0,4.0,1,0.0,0.0,0.0,653.23,11.0,1.0,0,1,1.0,3.258096538021482,7.314006744496925,0.006059272887253529,1,4.0,0.22141598601886034,-1.2574336813092488,True
893,대조,0,7.0,23.0,619.1800000000001,327.0,0.0,0.0,0.0,0.0,0,0.0,0.0,0.0,372.61,5.0,7.0,0,1,7.0,3.1780538303479458,6.430009758484337,0.0,0,0.0,0.023755533459670186,-3.715897541942545,True
898,대조,0,9.0,32.0,932.32,69292.0,0.0,0.0,0.0,2.0,1,0.0,0.0,0.0,562.67,17.0,9.0,0,1,9.0,3.4965075614664802,6.838748121678858,0.0,0,2.0,0.06490697280700393,-2.6676909614796003,True
900,대조,0,1.0,102.0,2203.27,208052.0,1.0,10.59,0.0,3.0,1,0.0,0.0,0.0,1118.32,74.0,1.0,0,1,1.0,4.634728988229636,7.698151667306942,0.0048064921684587,0,3.0,0.17457903586619866,-1.553515949050934,True
901,대조,0,19.0,13.0,208.52,4084.0,0.0,0.0,0.0,2.0,0,0.0,0.0,0.0,34.14,1.0,19.0,0,1,19.0,2.6390573296152584,5.344819200199456,0.0,0,2.0,0.026159866179617172,-3.6170207453986403,True
903,대조,0,16.0,8.0,312.19,125.0,0.0,0.0,0.0,2.0,1,4.25,1.0,1.0,236.70000000000002,4.0,16.0,1,1,16.0,2.1972245773362196,5.746810035126719,0.0,0,2.0,0.028065319146480614,-3.5447539814148494,True
907,대조,0,11.0,10.0,195.94,115.0,0.0,0.0,0.0,2.0,0,0.0,0.0,0.0,62.28,3.0,11.0,0,1,11.0,2.3978952727983707,5.282899113819656,0.0,0,2.0,0.02051821584124494,-3.8657105709155726,True
908,대조,0,2.0,25.0,799.82,23530.0,0.0,0.0,0.0,1.0,1,0.0,0.0,0.0,338.05,11.0,2.0,0,1,2.0,3.258096538021482,6.685636202714115,0.0,0,1.0,0.034333528387912,-3.3366961263649584,True
911,대조,0,10.0,9.0,556.54,13443.0,0.0,0.0,0.0,1.0,1,0.0,0.0,0.0,340.55,5.0,10.0,0,1,10.0,2.302585092994046,6.32353424963937,0.0,0,1.0,0.02672544407510682,-3.595050143781368,True
915,대조,0,3.0,10.0,93.52,59.0,0.0,0.0,0.0,0.0,1,0.0,0.0,0.0,61.69,7.0,3.0,0,1,3.0,2.3978952727983707,4.548811452318707,0.0,0,0.0,0.0044181321149306275,-5.417610349741027,True
918,대조,0,13.0,5.0,236.43,142.0,0.0,0.0,0.0,3.0,0,0.0,0.0,0.0,151.87,4.0,13.0,0,1,13.0,1.791759469228055,5.469872843189151,0.0,0,3.0,0.032011336742771825,-3.4091302624254594,True
919,대조,0,1.0,8.0,159.09,91.0,0.0,0.0,0.0,1.0,0,0.0,0.0,0.0,59.15,10.0,1.0,0,1,1.0,2.1972245773362196,5.075736157090003,0.0,0,1.0,0.009656550040463759,-4.630415356350271,True
920,대조,0,1.0,33.0,528.73,10110.0,0.0,0.0,0.0,3.0,1,0.0,0.0,0.0,318.11,14.0,1.0,0,1,1.0,3.5263605246161616,6.272367442778336,0.0,0,3.0,0.05339820891667674,-2.875101305075594,True
922,대조,0,16.0,9.0,285.75,18530.0,0.0,0.0,0.0,3.0,1,0.0,0.0,0.0,255.93,14.0,16.0,0,1,16.0,2.302585092994046,5.65861075600948,0.0,0,3.0,0.03841413293412334,-3.2201584293209393,True
924,대조,0,5.0,11.0,260.17,76.0,0.0,0.0,0.0,2.0,0,0.0,0.0,0.0,102.16,3.0,5.0,0,1,5.0,2.4849066497880004,5.56517153628838,0.0,0,2.0,0.022649355950476516,-3.7647140697069124,True
925,대조,0,10.0,21.0,96.47,49.0,0.0,0.0,0.0,1.0,0,0.0,0.0,0.0,0.0,0.0,10.0,0,0,10.0,3.091042453358316,4.579544638349119,0.0,0,1.0,0.009264996002156519,-4.672203667708079,True
927,대조,0,3.0,8.0,396.64,175.0,0.0,0.0,0.0,0.0,0,0.0,0.0,0.0,187.53,6.0,3.0,0,1,3.0,2.1972245773362196,5.985547073343945,0.0,0,0.0,0.01357799275350043,-4.285633960087756,True
928,대조,0,4.0,13.0,160.68,50.0,0.0,0.0,0.0,2.0,0,0.0,0.0,0.0,150.31,9.0,4.0,0,1,4.0,2.6390573296152584,5.085619073095366,0.0,0,2.0,0.016024533635372828,-4.117480064118734,True
929,대조,0,4.0,27.0,722.3,30433.0,0.0,0.0,2.0,1.0,1,0.0,0.0,0.0,271.33,9.0,4.0,0,1,4.0,3.332204510175204,6.583824073855235,0.0,1,1.0,0.04962263001895467,-2.9524121572155386,True
931,대조,0,2.0,8.0,931.6,356.0,0.0,0.0,10.0,1.0,0,0.0,0.0,0.0,162.98000000000002,1.0,2.0,0,1,2.0,2.1972245773362196,6.837976384374221,0.0,1,1.0,0.052595348359852814,-2.891098618768737,True
935,대조,0,21.0,3.0,84.35,30542.0,0.0,0.0,0.0,1.0,0,0.0,0.0,0.0,156.09,5.0,21.0,0,1,21.0,1.3862943611198906,4.4467604492404496,0.0,0,1.0,0.008016236836043574,-4.81823765005198,True
936,대조,0,3.0,95.0,1617.61,6729.0,1.0,5.0,0.0,4.0,0,0.0,0.0,0.0,456.7,39.0,3.0,0,1,3.0,4.564348191467836,7.38932303522119,0.0030909799024486746,0,4.0,0.21162536440008378,-1.3151558404010422,True
938,대조,0,5.0,4.0,388.37,187.0,0.0,0.0,0.0,1.0,0,0.0,0.0,0.0,73.97,2.0,5.0,0,1,5.0,1.6094379124341003,5.964530048367777,0.0,0,1.0,0.018326276945571325,-3.9809230669668647,True
939,대조,0,3.0,16.0,555.67,452.0,0.0,0.0,0.0,0.0,1,0.0,0.0,0.0,463.21,17.0,3.0,0,1,3.0,2.833213344056216,6.321972604748715,0.0,0,0.0,0.017494424218927357,-4.028223804723259,True
940,대조,0,3.0,9.0,165.11,57.0,0.0,0.0,0.0,0.0,0,0.0,0.0,0.0,74.29,8.0,3.0,0,1,3.0,2.302585092994046,5.112650219502986,0.0,0,0.0,0.007257294388578936,-4.918464436698132,True
944,대조,0,11.0,22.0,728.12,59358.0,0.0,0.0,0.0,0.0,0,0.0,0.0,0.0,148.60999999999999,6.0,11.0,0,1,11.0,3.1354942159291497,6.591838327515572,0.0,0,0.0,0.028741550578457523,-3.520248770051982,True
946,대조,0,15.0,17.0,253.62,164.0,0.0,0.0,0.0,1.0,1,0.0,0.0,0.0,242.21,10.0,15.0,0,1,15.0,2.8903717578961645,5.5397722376335,0.0,0,1.0,0.018309705629301686,-3.981844594584434,True
947,대조,0,7.0,17.0,247.16,8275.0,0.0,0.0,0.0,5.0,1,0.0,0.0,0.0,61.2,8.0,7.0,0,1,7.0,2.8903717578961645,5.514073699428229,0.0,0,5.0,0.0646790509248435,-2.6714523702242947,True
952,대조,0,2.0,17.0,263.91,146.0,0.0,0.0,0.0,2.0,0,0.0,0.0,0.0,153.81,6.0,2.0,0,1,2.0,2.8903717578961645,5.5793901456598824,0.0,0,2.0,0.02296006547752494,-3.7507711025907366,True
953,대조,0,2.0,16.0,205.65,140.0,0.0,0.0,0.0,1.0,0,0.0,0.0,0.0,16.19,4.0,2.0,0,1,2.0,2.833213344056216,5.331026540957741,0.0,0,1.0,0.013149241675218996,-4.318154730952227,True
954,대조,0,18.0,6.0,217.63,98.0,0.0,0.0,0.0,2.0,0,0.0,0.0,0.0,19.01,2.0,18.0,0,1,18.0,1.9459101490553132,5.387380803288797,0.0,0,2.0,0.023736044971958796,-3.716738217914946,True
956,대조,0,2.0,70.0,1191.29,125821.0,0.0,0.0,0.0,1.0,1,0.0,0.0,0.0,648.38,45.0,2.0,0,1,2.0,4.2626798770413155,7.083631106626029,0.0,0,1.0,0.053163445457993654,-2.879755440685205,True
957,대조,0,1.0,71.0,406.01,15292.0,0.0,0.0,0.0,1.0,0,0.0,0.0,0.0,463.59000000000003,52.0,1.0,0,1,1.0,4.276666119016055,6.0088377551653265,0.0,0,1.0,0.026513228380879453,-3.603240443619121,True
960,대조,0,8.0,16.0,322.69,104.0,0.0,0.0,0.0,3.0,1,0.0,0.0,0.0,110.22,4.0,8.0,0,1,8.0,2.833213344056216,5.779786267653029,0.0,0,3.0,0.038824787272707946,-3.209097825800923,True
961,대조,0,9.0,11.0,548.34,220.0,10.0,20.19,0.0,2.0,0,4.98,2.0,2.0,380.76,5.0,9.0,1,1,9.0,2.4849066497880004,6.308717557649998,0.03682022103074735,0,2.0,0.07635490687317807,-2.4929356017608666,True
964,대조,0,16.0,8.0,241.33,127.0,0.0,0.0,0.0,0.0,0,0.0,0.0,0.0,113.75,11.0,16.0,0,1,16.0,2.1972245773362196,5.490300433612623,0.0,0,0.0,0.012276626199347284,-4.387705527008372,True
965,대조,0,87.0,1.0,4.4,5.0,0.0,0.0,0.0,1.0,0,0.0,0.0,0.0,26.96,2.0,87.0,0,1,87.0,0.6931471805599453,1.6863989535702288,0.0,0,1.0,0.003574108549815028,-5.630458979690268,True
968,대조,0,5.0,19.0,1083.65,588.0,0.0,0.0,0.0,5.0,1,0.0,0.0,0.0,391.54,4.0,5.0,0,1,5.0,2.995732273553991,6.989012633289071,0.0,0,5.0,0.16828617695092243,-1.5978224545347213,True
971,대조,0,5.0,21.0,675.43,298.0,1.0,10.59,0.0,0.0,1,0.0,0.0,0.0,262.87,6.0,5.0,0,1,5.0,3.091042453358316,6.516828968495053,0.01567890084834846,0,0.0,0.028471537342036234,-3.5299656675304467,True
973,대조,0,2.0,9.0,2369.29,968.0,0.0,0.0,0.0,2.0,1,0.0,0.0,0.0,643.77,3.0,2.0,0,1,2.0,2.302585092994046,7.77076758951265,0.0,0,2.0,0.09041913321598292,-2.3085280118343974,True
975,대조,0,3.0,34.0,883.6,102371.0,0.0,0.0,0.0,1.0,0,0.0,0.0,0.0,316.87,14.0,3.0,0,1,3.0,3.5553480614894135,6.785135565434226,0.0,0,1.0,0.04311361175298039,-3.0998459026560017,True
976,대조,0,24.0,9.0,686.64,235.0,0.0,0.0,0.0,1.0,1,12.99,1.0,1.0,1077.22,8.0,24.0,1,1,24.0,2.302585092994046,6.533265445173293,0.0,0,1.0,0.04101598236006929,-3.1519126046858434,True
979,대조,0,2.0,27.0,2141.57,17576.0,41.0,103.97999999999999,3.0,5.0,1,27.72,19.0,14.0,542.25,10.0,2.0,1,1,2.0,3.332204510175204,7.669761322050232,0.04855316426733657,1,5.0,0.5368098811738694,0.1475063994220888,True
983,대조,0,7.0,24.0,346.96999999999997,139.0,0.0,0.0,0.0,2.0,1,0.0,0.0,0.0,121.89,8.0,7.0,0,1,7.0,3.2188758248682006,5.852116269161894,0.0,0,2.0,0.029671398671815404,-3.4874512042497696,True
984,대조,0,9.0,7.0,408.52,204.0,4.0,27.619999999999997,0.0,0.0,0,0.0,0.0,0.0,12.06,1.0,9.0,0,1,9.0,2.0794415416798357,6.014985742149328,0.0676099089395868,0,0.0,0.047831213944564535,-2.991063877582147,True
986,대조,0,4.0,10.0,213.79,114.0,0.0,0.0,0.0,1.0,1,0.0,0.0,0.0,141.53,3.0,4.0,0,1,4.0,2.3978952727983707,5.369660806616172,0.0,0,1.0,0.011976331384244332,-4.412774336120162,True
987,대조,0,2.0,7.0,151.06,74.0,0.0,0.0,0.0,2.0,0,0.0,0.0,0.0,32.65,1.0,2.0,0,1,2.0,2.0794415416798357,5.0242751798002905,0.0,0,2.0,0.013470743195988974,-4.293672819134564,True
988,대조,0,6.0,48.0,1316.85,99775.0,0.0,0.0,0.0,2.0,0,0.0,0.0,0.0,422.38,16.0,6.0,0,1,6.0,3.8918202981106265,7.183756899784526,0.0,0,2.0,0.08993462787050806,-2.314433385024784,True
995,대조,0,12.0,3.0,173.52,56.0,0.0,0.0,0.0,2.0,0,0.0,0.0,0.0,151.97,1.0,12.0,0,1,12.0,1.3862943611198906,5.1620393482554086,0.0,0,2.0,0.016350631432585416,-4.097002984466424,True
996,대조,0,2.0,11.0,128.1,74.0,0.0,0.0,0.0,4.0,1,0.0,0.0,0.0,97.33,8.0,2.0,0,1,2.0,2.4849066497880004,4.860587297852597,0.0,0,4.0,0.024159983302232187,-3.698600973725718,True
999,대조,0,2.0,6.0,143.17000000000002,56.0,0.0,0.0,0.0,2.0,0,0.0,0.0,0.0,0.0,0.0,2.0,0,0,2.0,1.9459101490553132,4.970993158823813,0.0,0,2.0,0.01268344699700914,-4.354692953151297,True
1000,대조,0,3.0,19.0,524.26,328.0,0.0,0.0,0.0,1.0,0,0.0,0.0,0.0,214.09,8.0,3.0,0,1,3.0,2.995732273553991,6.263893378096949,0.0,0,1.0,0.027190250224697447,-3.5773300721230004,True
1001,대조,0,4.0,13.0,741.35,318.0,0.0,0.0,0.0,1.0,1,0.0,0.0,0.0,0.0,0.0,4.0,0,0,4.0,2.6390573296152584,6.609820830066004,0.0,0,1.0,0.030734402256406147,-3.451156047145499,True
1003,대조,0,12.0,7.0,216.34,112.0,0.0,0.0,0.0,2.0,1,0.0,0.0,0.0,38.15,1.0,12.0,0,1,12.0,2.0794415416798357,5.381462947634706,0.0,0,2.0,0.01950223140853292,-3.917531479617678,True
1005,대조,0,4.0,27.0,450.91,292.0,0.0,0.0,4.0,1.0,0,0.0,0.0,0.0,156.81,14.0,4.0,0,1,4.0,3.332204510175204,6.113483044961951,0.0,1,1.0,0.03887528190923389,-3.2077455578829968,True
1007,대조,0,2.0,23.0,258.78000000000003,5846.0,0.0,0.0,0.0,1.0,0,0.0,0.0,0.0,10.17,2.0,2.0,0,1,2.0,3.1780538303479458,5.559835118979138,0.0,0,1.0,0.01642020628830232,-4.092686099754927,True
1010,대조,0,1.0,16.0,388.44,59084.0,0.0,0.0,0.0,0.0,0,0.0,0.0,0.0,140.42000000000002,4.0,1.0,0,1,1.0,2.833213344056216,5.964709809799162,0.0,0,0.0,0.014197365393350444,-4.240399755110869,True
1012,대조,0,1.0,23.0,296.55,142.0,0.0,0.0,0.0,3.0,1,0.0,0.0,0.0,10.64,1.0,1.0,0,1,1.0,3.1780538303479458,5.695582278090861,0.0,0,3.0,0.033565355424003476,-3.360119229183612,True
1015,대조,0,5.0,13.0,575.52,342.0,0.0,0.0,1.0,3.0,1,0.0,0.0,0.0,154.02,3.0,5.0,0,1,5.0,2.6390573296152584,6.357010031214902,0.0,1,3.0,0.07835956910903896,-2.4648470651062437,True
1016,대조,0,23.0,6.0,311.34000000000003,96.0,0.0,0.0,0.0,2.0,0,0.0,0.0,0.0,1.39,1.0,23.0,0,1,23.0,1.9459101490553132,5.7440923380596995,0.0,0,2.0,0.033936813290023175,-3.348728879804874,True
1017,대조,0,7.0,16.0,703.88,355.0,0.0,0.0,0.0,1.0,0,0.0,0.0,0.0,51.91,1.0,7.0,0,1,7.0,2.833213344056216,6.558027575558475,0.0,0,1.0,0.03548896488171434,-3.3023994738086175,True
1018,대조,0,5.0,16.0,267.84000000000003,67.0,0.0,0.0,0.0,3.0,1,0.0,0.0,0.0,50.56,2.0,5.0,0,1,5.0,2.833213344056216,5.594116407101765,0.0,0,3.0,0.03202164603778188,-3.4087976126183874,True
1019,대조,0,58.0,4.0,52.349999999999994,14.0,0.0,0.0,0.0,1.0,0,0.0,0.0,0.0,98.65,4.0,58.0,0,1,58.0,1.6094379124341003,3.976873977747762,0.0,0,1.0,0.012447981176085358,-4.373670717446965,True
1021,대조,0,4.0,11.0,277.25,139.0,1.0,5.98,0.0,1.0,1,0.0,0.0,0.0,9.99,1.0,4.0,0,1,4.0,2.4849066497880004,5.628519990155654,0.021568981064021643,0,1.0,0.02117739117188177,-3.8334162713638342,True
1024,대조,0,4.0,31.0,1838.94,15929.0,0.0,0.0,1.0,1.0,1,0.0,0.0,0.0,619.56,10.0,4.0,0,1,4.0,3.4657359027997265,7.5174882413757045,0.0,1,1.0,0.09655222343691443,-2.236134269629032,True
1031,대조,0,2.0,34.0,1080.69,88054.0,0.0,0.0,0.0,0.0,1,0.0,0.0,0.0,598.64,24.0,2.0,0,1,2.0,3.5553480614894135,6.986279911886107,0.0,0,0.0,0.03110583017801539,-3.438760122909531,True
1034,대조,0,13.0,8.0,67.71000000000001,34.0,0.0,0.0,0.0,1.0,0,0.0,0.0,0.0,20.12,2.0,13.0,0,1,13.0,2.1972245773362196,4.229894749042985,0.0,0,1.0,0.0066008572625782845,-5.01393301084771,True
1038,대조,0,1.0,32.0,154.89,105.0,0.0,0.0,0.0,0.0,1,0.0,0.0,0.0,99.77,18.0,1.0,0,1,1.0,3.4965075614664802,5.04915063032459,0.0,0,0.0,0.007315204607359772,-4.910458182049332,True
1042,대조,0,1.0,39.0,742.92,7395.0,0.0,0.0,0.0,3.0,1,0.0,0.0,0.0,199.16,15.0,1.0,0,1,1.0,3.6888794541139363,6.611933502169942,0.0,0,3.0,0.06937267312053494,-2.596365872876543,True
1046,대조,0,2.0,35.0,665.33,14986.0,0.0,0.0,0.0,2.0,0,0.0,0.0,0.0,188.86,9.0,2.0,0,1,2.0,3.58351893845611,6.501785043318527,0.0,0,2.0,0.049578379091888544,-2.9533508643305932,True
1047,대조,0,5.0,8.0,77.64,33.0,1.0,2.45,0.0,1.0,0,0.0,0.0,0.0,48.41,6.0,5.0,0,1,5.0,2.1972245773362196,4.364880475838911,0.031555899021123136,0,1.0,0.010643424504054673,-4.532112524080048,True
1048,대조,0,1.0,16.0,417.25,29886.0,0.0,0.0,0.0,0.0,0,0.0,0.0,0.0,253.54,14.0,1.0,0,1,1.0,2.833213344056216,6.036079339866934,0.0,0,0.0,0.014960324161804886,-4.18728027951823,True
1050,대조,0,4.0,20.0,850.0,116793.0,0.0,0.0,0.0,1.0,0,0.0,0.0,0.0,228.57999999999998,10.0,4.0,0,1,4.0,3.044522437723423,6.7464121285733745,0.0,0,1.0,0.039547999817058886,-3.189888887769368,True
1051,대조,0,5.0,5.0,93.19,44.0,0.0,0.0,0.0,1.0,0,0.0,0.0,0.0,100.18,3.0,5.0,0,1,5.0,1.791759469228055,4.545314018834726,0.0,0,1.0,0.006639482092493458,-5.008059695149974,True
1055,대조,0,,0.0,0.0,0.0,0.0,0.0,0.0,5.0,0,0.0,0.0,0.0,33.58,3.0,90.0,0,1,90.0,0.0,0.0,0.0,0,5.0,0.004314415623780067,-5.441469643066204,True
1058,대조,0,1.0,81.0,730.21,6206.0,0.0,0.0,0.0,1.0,0,1.09,1.0,1.0,396.15,40.0,1.0,1,1,1.0,4.406719247264253,6.594700696195219,0.0,0,1.0,0.0412340246239926,-3.146383259330454,True
1060,대조,0,3.0,9.0,1075.85,482.0,0.0,0.0,0.0,5.0,1,0.0,0.0,0.0,319.63,4.0,3.0,0,1,3.0,2.302585092994046,6.981795391690602,0.0,0,5.0,0.14740605168721155,-1.7550923712501383,True
1061,대조,0,18.0,21.0,878.86,402.0,1.0,7.99,0.0,0.0,0,0.0,0.0,0.0,285.0,7.0,18.0,0,1,18.0,3.091042453358316,6.77976280390686,0.009091322850055754,0,0.0,0.043653008593874096,-3.086848603604495,True
1062,대조,0,2.0,32.0,140.12,96.0,0.0,0.0,0.0,0.0,1,0.0,0.0,0.0,91.69,13.0,2.0,0,1,2.0,3.4965075614664802,4.949610592258481,0.0,0,0.0,0.006936192191662752,-4.964041971204076,True
1065,대조,0,17.0,7.0,749.65,385.0,4.0,6.949999999999999,0.0,3.0,0,2.78,2.0,1.0,366.14,4.0,17.0,1,1,17.0,2.0794415416798357,6.620939497858314,0.009270993130127391,0,3.0,0.09413660857821214,-2.264141502555477,True
1066,대조,0,2.0,43.0,566.21,372.0,0.0,0.0,2.0,2.0,1,0.0,0.0,0.0,154.37,16.0,2.0,0,1,2.0,3.784189633918261,6.340729605527947,0.0,1,2.0,0.061303578470190336,-2.728653909593091,True
1067,대조,0,3.0,3.0,249.65,118.0,0.0,0.0,0.0,1.0,0,0.0,0.0,0.0,124.08,2.0,3.0,0,1,3.0,1.3862943611198906,5.524057543709512,0.0,0,1.0,0.012303809043724391,-4.385466258638732,True
1070,대조,0,2.0,17.0,556.71,32848.0,0.0,0.0,0.0,4.0,1,0.0,0.0,0.0,265.26,7.0,2.0,0,1,2.0,2.8903717578961645,6.323839114021915,0.0,0,4.0,0.072786577544394,-2.544652204439981,True
1071,대조,0,22.0,10.0,216.4,179.0,0.0,0.0,0.0,2.0,0,0.0,0.0,0.0,0.0,0.0,22.0,0,0,22.0,2.3978952727983707,5.381738974687109,0.0,0,2.0,0.02747508585209304,-3.5666160688057724,True
1072,대조,0,2.0,8.0,429.14,308.0,0.0,0.0,0.0,1.0,0,0.0,0.0,0.0,57.47,6.0,2.0,0,1,2.0,2.1972245773362196,6.064110737092836,0.0,0,1.0,0.02034674996052672,-3.874277490528279,True
1075,대조,0,3.0,8.0,157.29,56.0,0.0,0.0,0.0,1.0,0,0.0,0.0,0.0,27.79,2.0,3.0,0,1,3.0,2.1972245773362196,5.064428793697647,0.0,0,1.0,0.00997324478788476,-4.597825982051593,True
1076,대조,0,1.0,7.0,110.75,55.0,1.0,1.39,0.0,0.0,1,0.0,0.0,0.0,20.38,2.0,1.0,0,1,1.0,2.0794415416798357,4.716264233493678,0.012550790067720089,0,0.0,0.005663588900616222,-5.168017818496577,True
1081,대조,0,1.0,22.0,1296.44,437.0,0.0,0.0,0.0,3.0,1,0.0,0.0,0.0,598.17,6.0,1.0,0,1,1.0,3.1354942159291497,7.1681483711962475,0.0,0,3.0,0.09356058230170124,-2.2709150314330038,True
1082,대조,0,5.0,21.0,352.08,6450.0,0.0,0.0,0.0,2.0,1,0.0,0.0,0.0,56.05,5.0,5.0,0,1,5.0,3.091042453358316,5.8666946601520324,0.0,0,2.0,0.028248565495076615,-3.5380573685712213,True
1083,대조,0,4.0,8.0,164.92000000000002,61.0,0.0,0.0,1.0,1.0,0,0.0,0.0,0.0,47.69,2.0,4.0,0,1,4.0,2.1972245773362196,5.111505744481217,0.0,1,1.0,0.01574930392383155,-4.13508446805568,True
1084,대조,0,7.0,37.0,604.96,242.0,0.0,0.0,0.0,4.0,1,0.0,0.0,0.0,50.5,7.0,7.0,0,1,7.0,3.6375861597263857,6.406813977290123,0.0,0,4.0,0.09441861355955808,-2.2608389221432064,True
1088,대조,0,4.0,12.0,194.46,163.0,0.0,0.0,0.0,0.0,0,0.0,0.0,0.0,80.58,6.0,4.0,0,1,4.0,2.5649493574615367,5.27535575491069,0.0,0,0.0,0.008706957520905834,-4.734887773326157,True
1089,대조,0,1.0,7.0,78.81,1804.0,0.0,0.0,0.0,0.0,0,0.0,0.0,0.0,50.43,6.0,1.0,0,1,1.0,2.0794415416798357,4.379648809887917,0.0,0,0.0,0.003908313549747673,-5.540733344263583,True
1097,대조,0,6.0,18.0,751.92,44952.0,0.0,0.0,0.0,1.0,0,0.0,0.0,0.0,156.22,5.0,6.0,0,1,6.0,2.9444389791664403,6.623958980455977,0.0,0,1.0,0.03711060441037909,-3.2560357892584677,True
1102,대조,0,4.0,9.0,204.82,94.0,0.0,0.0,0.0,2.0,0,0.0,0.0,0.0,60.879999999999995,3.0,4.0,0,1,4.0,2.302585092994046,5.327002000407946,0.0,0,2.0,0.018134251841708346,-3.9916520693923205,True
1103,대조,0,1.0,29.0,1069.35,81894.0,0.0,0.0,0.0,1.0,1,0.0,0.0,0.0,192.3,12.0,1.0,0,1,1.0,3.4011973816621555,6.975740976773231,0.0,0,1.0,0.04235529566805841,-3.1183833783046677,True
1110,대조,0,2.0,31.0,1431.54,321.0,1.0,4.25,0.0,0.0,0,0.0,0.0,0.0,615.24,14.0,2.0,0,1,2.0,3.4657359027997265,7.267204371410219,0.002968830769660645,0,0.0,0.04319137108331257,-3.0979626698154576,True
1116,대조,0,46.0,2.0,20.07,13.0,0.0,0.0,0.0,2.0,0,0.0,0.0,0.0,215.93,4.0,46.0,0,1,46.0,1.0986122886681098,3.0478502278160975,0.0,0,2.0,0.0065644348416393555,-5.019502786005568,True
1117,대조,0,10.0,25.0,463.93,31884.0,0.0,0.0,0.0,3.0,0,0.0,0.0,0.0,96.69,7.0,10.0,0,1,10.0,3.258096538021482,6.141886856621021,0.0,0,3.0,0.06088935539415631,-2.735874933482358,True
1119,대조,0,2.0,9.0,222.06,114.0,0.0,0.0,0.0,0.0,0,0.0,0.0,0.0,53.63,3.0,2.0,0,1,2.0,2.302585092994046,5.407440793566391,0.0,0,0.0,0.008840272111803191,-4.71955804178279,True
1120,대조,0,28.0,10.0,128.1,64.0,0.0,0.0,0.0,1.0,1,0.0,0.0,0.0,0.0,0.0,28.0,0,0,28.0,2.3978952727983707,4.860587297852597,0.0,0,1.0,0.0133920978031732,-4.299607881467233,True
1121,대조,0,24.0,8.0,430.75,217.0,0.0,0.0,0.0,2.0,0,0.0,0.0,0.0,16.23,2.0,24.0,0,1,24.0,2.1972245773362196,6.067846717026788,0.0,0,2.0,0.045344860703529,-3.047053319611133,True
1122,대조,0,30.0,12.0,201.9,127.0,0.0,0.0,0.0,1.0,0,0.0,0.0,0.0,6.99,1.0,30.0,0,1,30.0,2.5649493574615367,5.312713246831769,0.0,0,1.0,0.021867814890093658,-3.800628903379785,True
1123,대조,0,23.0,11.0,509.93,185.0,0.0,0.0,0.0,2.0,1,0.0,0.0,0.0,214.31,5.0,23.0,0,1,23.0,2.4849066497880004,6.236232594518854,0.0,0,2.0,0.047836882656814565,-2.9909394161977207,True
1124,대조,0,24.0,11.0,159.54,2095.0,0.0,0.0,0.0,1.0,0,0.0,0.0,0.0,331.17,4.0,24.0,0,1,24.0,2.4849066497880004,5.078543132703431,0.0,0,1.0,0.016131150224179797,-4.110740406205891,True
1125,대조,0,1.0,27.0,478.48,7724.0,0.0,0.0,0.0,0.0,0,0.0,0.0,0.0,5.98,3.0,1.0,0,1,1.0,3.332204510175204,6.172702183338899,0.0,0,0.0,0.0178847085203132,-4.005762631088811,True
1126,대조,0,1.0,6.0,510.43,230.0,0.0,0.0,0.0,2.0,0,0.0,0.0,0.0,0.0,0.0,1.0,0,0,1.0,1.9459101490553132,6.2372107236316205,0.0,0,2.0,0.0312870145229667,-3.4327652314053387,True
1127,대조,0,7.0,6.0,664.63,286.0,0.0,0.0,0.0,0.0,0,0.0,0.0,0.0,261.96,3.0,7.0,0,1,7.0,1.9459101490553132,6.5007339606066665,0.0,0,0.0,0.020625570422614863,-3.860382441982417,True
1130,대조,0,3.0,37.0,572.9,258.0,1.0,17.49,0.0,4.0,1,0.0,0.0,0.0,172.78,17.0,3.0,0,1,3.0,3.6375861597263857,6.352455165114317,0.030528888113108745,0,4.0,0.13520687993210098,-1.855684261389284,True
1132,대조,0,33.0,3.0,65.14,41.0,0.0,0.0,0.0,2.0,0,0.0,0.0,0.0,0.0,0.0,33.0,0,0,33.0,1.3862943611198906,4.191773707553646,0.0,0,2.0,0.012265733728549477,-4.388604201430933,True
1133,대조,0,1.0,18.0,167.65,59.0,0.0,0.0,0.0,0.0,0,0.0,0.0,0.0,101.9,4.0,1.0,0,1,1.0,2.9444389791664403,5.12782556150766,0.0,0,0.0,0.0078024212516857845,-4.845488157169068,True
1134,처치,1,19.0,8.0,802.67,335.0,4.0,3.36,0.0,3.0,0,0.0,0.0,0.0,0.0,0.0,19.0,0,0,19.0,2.1972245773362196,6.689188737161034,0.004186029127786014,0,3.0,0.09609578687947692,-2.2413779218298577,True
1136,대조,0,12.0,5.0,90.94,68.0,0.0,0.0,0.0,2.0,0,0.0,0.0,0.0,16.6,2.0,12.0,0,1,12.0,1.791759469228055,4.521136190378082,0.0,0,2.0,0.010887946846121484,-4.50915124119253,True
1138,대조,0,3.0,25.0,493.95,240.0,0.0,0.0,0.0,4.0,1,0.0,0.0,0.0,335.66,13.0,3.0,0,1,3.0,3.258096538021482,6.204456747365817,0.0,0,4.0,0.07214656688735785,-2.5541740807574342,True
1139,대조,0,4.0,15.0,1578.94,466.0,1.0,8.39,0.0,3.0,0,0.0,0.0,0.0,41.88,1.0,4.0,0,1,4.0,2.772588722239781,7.365142150616411,0.005313691463893498,0,3.0,0.12627813009706007,-1.9342752423686154,True
1141,대조,0,44.0,4.0,139.65,45.0,0.0,0.0,0.0,0.0,0,0.0,0.0,0.0,16.6,1.0,44.0,0,1,44.0,1.6094379124341003,4.946274534935866,0.0,0,0.0,0.013221778789679383,-4.312579935998523,True
1142,대조,0,3.0,37.0,2203.4700000000003,105831.0,0.0,0.0,0.0,2.0,1,0.0,0.0,0.0,870.95,15.0,3.0,0,1,3.0,3.6375861597263857,7.698242396177385,0.0,0,2.0,0.10636457484744066,-2.128425311850443,True
1151,대조,0,3.0,19.0,291.39,142.0,0.0,0.0,0.0,0.0,1,0.0,0.0,0.0,264.41,17.0,3.0,0,1,3.0,2.995732273553991,5.678088527564397,0.0,0,0.0,0.011190257775088325,-4.4814583809692,True
1153,대조,0,27.0,7.0,146.66,70.0,4.0,4.2,0.0,1.0,0,0.0,0.0,0.0,6.83,1.0,27.0,0,1,27.0,2.0794415416798357,4.994912333631019,0.02863766534842493,0,1.0,0.02456866974623275,-3.681407719491182,True
1157,대조,0,3.0,19.0,466.31,147.0,3.0,27.97,0.0,1.0,0,0.0,0.0,0.0,44.69,1.0,3.0,0,1,3.0,2.995732273553991,6.146992849006624,0.05998155733310458,0,1.0,0.06737746049238408,-2.6276900046142924,True
1158,대조,0,1.0,23.0,332.14,5828.0,1.0,2.99,0.0,2.0,1,0.0,0.0,0.0,373.48,16.0,1.0,0,1,1.0,3.1780538303479458,5.808562822048962,0.009002227976154634,0,2.0,0.029488272392233505,-3.493830848347006,True
1159,처치,1,,0.0,0.0,0.0,0.0,0.0,0.0,2.0,1,0.0,0.0,0.0,0.0,0.0,90.0,0,0,90.0,0.0,0.0,0.0,0,2.0,0.001284166022706813,-6.656360789629041,True
1160,대조,0,4.0,27.0,699.17,22083.0,0.0,0.0,0.0,1.0,1,0.0,0.0,0.0,97.59,4.0,4.0,0,1,4.0,3.332204510175204,6.551323162701239,0.0,0,1.0,0.03280553746161333,-3.3838022478444465,True
1164,대조,0,3.0,16.0,647.16,264.0,0.0,0.0,0.0,1.0,1,0.0,0.0,0.0,270.51,8.0,3.0,0,1,3.0,2.833213344056216,6.47413757945438,0.0,0,1.0,0.028151915058560677,-3.5415841182619627,True
1165,대조,0,14.0,6.0,228.44,77.0,0.0,0.0,0.0,0.0,0,0.0,0.0,0.0,66.56,6.0,14.0,0,1,14.0,1.9459101490553132,5.435641557411255,0.0,0,0.0,0.010883123416661958,-4.509599222199638,True
1166,대조,0,1.0,57.0,1958.71,267895.0,0.0,0.0,1.0,4.0,1,0.0,0.0,0.0,655.09,23.0,1.0,0,1,1.0,4.060443010546419,7.58055178209385,0.0,1,4.0,0.26203750236086987,-1.0354053748024796,True
1172,대조,0,1.0,10.0,298.9,166.0,0.0,0.0,0.0,2.0,1,0.0,0.0,0.0,436.98,17.0,1.0,0,1,1.0,2.3978952727983707,5.703449085754963,0.0,0,2.0,0.020786161554326544,-3.852462588655496,True
1174,대조,0,1.0,9.0,254.27,183.0,0.0,0.0,0.0,1.0,1,0.0,0.0,0.0,65.33,8.0,1.0,0,1,1.0,2.302585092994046,5.542321808529576,0.0,0,1.0,0.012604447755269912,-4.361020973183658,True
1178,대조,0,3.0,24.0,525.98,12922.0,0.0,0.0,0.0,5.0,1,0.0,0.0,0.0,281.97,17.0,3.0,0,1,3.0,3.2188758248682006,6.267162597157081,0.0,0,5.0,0.10523243148590763,-2.1403924476823115,True
1181,대조,0,16.0,15.0,180.96,12316.0,0.0,0.0,0.0,2.0,0,0.0,0.0,0.0,51.67,3.0,16.0,0,1,16.0,2.772588722239781,5.203786882701803,0.0,0,2.0,0.02270653131063205,-3.7621343782690007,True
1182,대조,0,,0.0,0.0,0.0,0.0,0.0,0.0,3.0,0,0.0,0.0,0.0,94.52,5.0,90.0,0,1,90.0,0.0,0.0,0.0,0,3.0,0.0020492298113671337,-6.188239925841877,True
1184,대조,0,,0.0,0.0,0.0,0.0,0.0,0.0,1.0,0,0.0,0.0,0.0,0.0,0.0,90.0,0,0,90.0,0.0,0.0,0.0,0,1.0,0.0009721671059444202,-6.93501020861755,False
1187,처치,1,1.0,27.0,506.09,259.0,21.0,105.35,0.0,2.0,0,44.29,19.0,13.0,398.57,18.0,1.0,1,1,1.0,3.332204510175204,6.228688502630196,0.20816455571143472,0,2.0,0.5939547688085531,0.3803386094044512,False
1188,대조,0,9.0,12.0,210.89,166.0,0.0,0.0,0.0,1.0,1,0.0,0.0,0.0,27.1,3.0,9.0,0,1,9.0,2.5649493574615367,5.35606727208894,0.0,0,1.0,0.013471013468121126,-4.293652481733918,True
1191,대조,0,1.0,11.0,346.13,149.0,0.0,0.0,0.0,1.0,0,0.0,0.0,0.0,101.66,5.0,1.0,0,1,1.0,2.4849066497880004,5.849699349556356,0.0,0,1.0,0.01783950720036489,-4.0083392261509285,True
1193,대조,0,4.0,10.0,113.85,58.0,0.0,0.0,0.0,1.0,0,0.0,0.0,0.0,28.27,3.0,4.0,0,1,4.0,2.3978952727983707,4.743626929135107,0.0,0,1.0,0.008293229291954722,-4.783988035602164,True
1204,대조,0,9.0,9.0,259.42,92.0,0.0,0.0,0.0,1.0,0,0.0,0.0,0.0,170.41,8.0,9.0,0,1,9.0,2.302585092994046,5.562295712300583,0.0,0,1.0,0.016505836048586582,-4.087397685568795,True
1206,대조,0,2.0,37.0,817.22,366.0,0.0,0.0,0.0,1.0,0,0.0,0.0,0.0,331.83,16.0,2.0,0,1,2.0,3.6375861597263857,6.707131249097798,0.0,0,1.0,0.04049459693548953,-3.1652493903445134,True
1207,대조,0,3.0,20.0,170.62,99.0,0.0,0.0,0.0,1.0,0,0.0,0.0,0.0,50.29,7.0,3.0,0,1,3.0,3.044522437723423,5.145282730378975,0.0,0,1.0,0.01210338683340378,-4.40209273270444,True
1211,대조,0,4.0,18.0,823.58,31013.0,2.0,6.38,0.0,2.0,0,0.0,0.0,0.0,541.99,10.0,4.0,0,1,4.0,2.9444389791664403,6.714874165794815,0.0077466669904563005,0,2.0,0.061681523519603404,-2.7221049892118225,True
1217,대조,0,1.0,14.0,590.9,23669.0,0.0,0.0,0.0,0.0,0,0.0,0.0,0.0,26.1,1.0,1.0,0,1,1.0,2.70805020110221,6.3833377016966795,0.0,0,0.0,0.01891239419809155,-3.948844273314317,True
1218,대조,0,6.0,12.0,441.12,10841.0,0.0,0.0,0.0,0.0,1,0.0,0.0,0.0,296.0,7.0,6.0,0,1,6.0,2.5649493574615367,6.091581338442754,0.0,0,0.0,0.015051504675934833,-4.181111386129068,True
1219,대조,0,1.0,14.0,77.32000000000001,64.0,0.0,0.0,0.0,1.0,1,0.0,0.0,0.0,36.300000000000004,7.0,1.0,0,1,1.0,2.70805020110221,4.360802998222255,0.0,0,1.0,0.005621368548121659,-5.175542902918176,True
1223,대조,0,87.0,3.0,37.95,25.0,0.0,0.0,0.0,0.0,0,0.0,0.0,0.0,29.25,1.0,87.0,0,1,87.0,1.3862943611198906,3.6622787723167574,0.0,0,0.0,0.011863811275430597,-4.422327833708471,True
1224,대조,0,9.0,15.0,354.33,211.0,0.0,0.0,0.0,0.0,0,0.0,0.0,0.0,40.61,2.0,9.0,0,1,9.0,2.772588722239781,5.87304693515064,0.0,0,0.0,0.015454177307085558,-4.154301098460986,True
1226,대조,0,2.0,15.0,1072.91,513.0,0.0,0.0,0.0,1.0,1,0.0,0.0,0.0,292.08,3.0,2.0,0,1,2.0,2.772588722239781,6.979061472674806,0.0,0,1.0,0.03931739446491626,-3.1959770510165066,True
1227,대조,0,4.0,15.0,491.76,18190.0,2.0,18.58,0.0,0.0,0,50.97,3.0,3.0,370.88,9.0,4.0,1,1,4.0,2.772588722239781,6.200022240093773,0.03778265820725557,0,0.0,0.03355425558399536,-3.360461462513953,True
1228,대조,0,2.0,92.0,1669.72,119979.0,0.0,0.0,1.0,2.0,1,0.0,0.0,0.0,1025.89,31.0,2.0,0,1,2.0,4.532599493153256,7.421009950222188,0.0,1,2.0,0.14125803078919244,-1.8048802682181648,True
1233,대조,0,12.0,4.0,38.0,12425.0,0.0,0.0,0.0,1.0,0,0.0,0.0,0.0,0.0,0.0,12.0,0,0,12.0,1.6094379124341003,3.6635616461296463,0.0,0,1.0,0.0038724521854792754,-5.549987363404778,True
1234,대조,0,8.0,18.0,856.3,355.0,2.0,7.4399999999999995,0.0,3.0,1,8.5,2.0,2.0,237.37,6.0,8.0,1,1,8.0,2.9444389791664403,6.75378791568471,0.008688543734672427,0,3.0,0.08978984079425827,-2.3162036795882774,True
1236,대조,0,1.0,32.0,621.86,283.0,0.0,0.0,0.0,1.0,1,0.0,0.0,0.0,169.76,8.0,1.0,0,1,1.0,3.4965075614664802,6.434321774433209,0.0,0,1.0,0.02913896788545239,-3.50610695876023,True
1237,대조,0,11.0,2.0,152.06,70.0,0.0,0.0,0.0,1.0,0,0.0,0.0,0.0,102.14,3.0,11.0,0,1,11.0,1.0986122886681098,5.030830001381775,0.0,0,1.0,0.00961687001703518,-4.6345730185649066,True
1239,대조,0,10.0,3.0,178.25,129.0,0.0,0.0,0.0,1.0,0,0.0,0.0,0.0,72.29,1.0,10.0,0,1,10.0,1.3862943611198906,5.188781479479729,0.0,0,1.0,0.011079804607724697,-4.491489589662993,True
1246,대조,0,37.0,4.0,250.09,89.0,0.0,0.0,0.0,3.0,0,0.0,0.0,0.0,68.7,2.0,37.0,0,1,37.0,1.6094379124341003,5.5258114405995045,0.0,0,3.0,0.05192659720866001,-2.904600799156815,True
1247,대조,0,1.0,23.0,1246.46,20468.0,0.0,0.0,2.0,3.0,1,0.0,0.0,0.0,356.99,5.0,1.0,0,1,1.0,3.1780538303479458,7.128864762983352,0.0,1,3.0,0.13168470748398767,-1.8861444032178976,True
1251,대조,0,5.0,9.0,83.23,27.0,0.0,0.0,0.0,1.0,0,0.0,0.0,0.0,9.99,1.0,5.0,0,1,5.0,2.302585092994046,4.433551152327272,0.0,0,1.0,0.006629863091875927,-5.009519186531541,True
1256,대조,0,9.0,30.0,662.62,34310.0,0.0,0.0,1.0,6.0,1,0.0,0.0,0.0,112.69999999999999,4.0,9.0,0,1,9.0,3.4339872044851463,6.4977096964998635,0.0,1,6.0,0.2629322539988071,-1.0307833996312494,True
1257,대조,0,8.0,4.0,187.66,99.0,0.0,0.0,0.0,0.0,1,0.0,0.0,0.0,249.06,4.0,8.0,0,1,8.0,1.6094379124341003,5.239946453221707,0.0,0,0.0,0.007197237456960936,-4.926834750601829,True
1259,대조,0,19.0,7.0,186.02,115.0,0.0,0.0,0.0,1.0,0,0.0,0.0,0.0,91.06,2.0,19.0,0,1,19.0,2.0794415416798357,5.231215563007301,0.0,0,1.0,0.015299918196106597,-4.164489627604296,True
1260,대조,0,10.0,17.0,1069.63,427.0,0.0,0.0,0.0,1.0,1,0.0,0.0,0.0,578.7,5.0,10.0,0,1,10.0,2.8903717578961645,6.976002539236773,0.0,0,1.0,0.046735468465628316,-3.015389070366564,True
1261,대조,0,6.0,23.0,571.64,372.0,0.0,0.0,0.0,1.0,1,0.0,0.0,0.0,373.0,25.0,6.0,0,1,6.0,3.1780538303479458,6.350257247017716,0.0,0,1.0,0.028829311650242162,-3.517109603787787,True
1263,대조,0,4.0,19.0,967.96,368.0,0.0,0.0,0.0,3.0,1,0.0,0.0,0.0,133.61,2.0,4.0,0,1,4.0,2.995732273553991,6.8762233313689745,0.0,0,3.0,0.07950855355506199,-2.4490431005773927,True
1264,대조,0,1.0,34.0,1613.17,16707.0,0.0,0.0,0.0,4.0,1,0.0,0.0,0.0,574.0600000000001,14.0,1.0,0,1,1.0,3.5553480614894135,7.386576171659954,0.0,0,4.0,0.15871951098972728,-1.6677865602407735,True
1265,대조,0,3.0,12.0,224.05,144.0,0.0,0.0,0.0,0.0,0,0.0,0.0,0.0,194.48,5.0,3.0,0,1,3.0,2.5649493574615367,5.416322599738942,0.0,0,0.0,0.009466630543987603,-4.650470514361636,True
1269,대조,0,7.0,20.0,413.57,191.0,0.0,0.0,0.0,1.0,0,0.0,0.0,0.0,96.02,8.0,7.0,0,1,7.0,3.044522437723423,6.027241838483503,0.0,0,1.0,0.02499783061454017,-3.6636506503214967,True
1270,대조,0,8.0,16.0,707.33,240.0,0.0,0.0,0.0,2.0,1,9.99,1.0,1.0,105.04,2.0,8.0,1,1,8.0,2.833213344056216,6.562910086796982,0.0,0,2.0,0.04744334121118957,-2.9996134070623426,True
1271,대조,0,7.0,19.0,687.19,362.0,0.0,0.0,0.0,2.0,0,0.0,0.0,0.0,165.48,10.0,7.0,0,1,7.0,2.995732273553991,6.534064962598117,0.0,0,2.0,0.05113249919959891,-2.9208488818355574,True
1272,대조,0,2.0,36.0,1460.21,661.0,1.0,2.99,0.0,3.0,1,9.99,1.0,1.0,587.62,16.0,2.0,1,1,2.0,3.6109179126442243,7.2870201385878275,0.002047650680381589,0,3.0,0.11400308204211278,-2.050487988510021,True
1277,처치,1,2.0,52.0,1040.15,7617.0,0.0,0.0,0.0,1.0,0,0.0,0.0,0.0,237.26,7.0,2.0,0,1,2.0,3.970291913552122,6.948081150453702,0.0,0,1.0,0.05056125276605991,-2.9326854902813064,True
1279,대조,0,1.0,31.0,747.53,4288.0,0.0,0.0,0.0,2.0,0,0.0,0.0,0.0,227.0,13.0,1.0,0,1,1.0,3.4657359027997265,6.618111283216815,0.0,0,2.0,0.05185201553166131,-2.9061167855561827,True
1284,대조,0,1.0,21.0,167.37,108.0,0.0,0.0,0.0,0.0,0,0.0,0.0,0.0,157.95,13.0,1.0,0,1,1.0,3.091042453358316,5.126163938669708,0.0,0,0.0,0.007976314043384287,-4.823270578544131,True
1285,대조,0,2.0,20.0,624.63,426.0,32.0,46.3,1.0,1.0,1,11.54,12.0,11.0,300.41,9.0,2.0,1,1,2.0,3.044522437723423,6.438759142045541,0.07412388133775194,1,1.0,0.13396509401581785,-1.8663459412936139,True
1288,대조,0,4.0,7.0,317.34000000000003,126.0,0.0,0.0,0.0,1.0,0,0.0,0.0,0.0,108.61999999999999,1.0,4.0,0,1,4.0,2.0794415416798357,5.763119994001708,0.0,0,1.0,0.016689594230337865,-4.076139418992014,True
1291,대조,0,1.0,17.0,652.18,332.0,0.0,0.0,0.0,1.0,1,0.0,0.0,0.0,96.38,5.0,1.0,0,1,1.0,2.8903717578961645,6.481852742133984,0.0,0,1.0,0.027446066931950796,-3.56770265560025,True
1292,대조,0,8.0,2.0,55.21,27.0,0.0,0.0,0.0,1.0,0,0.0,0.0,0.0,0.0,0.0,8.0,0,0,8.0,1.0986122886681098,4.029094677013983,0.0,0,1.0,0.004313596109515972,-5.441660432091328,True
1293,대조,0,3.0,26.0,505.28000000000003,348.0,0.0,0.0,0.0,0.0,0,0.0,0.0,0.0,241.88,12.0,3.0,0,1,3.0,3.295836866004329,6.227089875924247,0.0,0,0.0,0.019263428556656748,-3.9300954879741417,True
1294,대조,0,8.0,9.0,775.04,340.0,0.0,0.0,0.0,1.0,0,0.0,0.0,0.0,448.97,3.0,8.0,0,1,8.0,2.302585092994046,6.6542040652465015,0.0,0,1.0,0.0357360115769593,-3.295206196025533,True
1299,대조,0,4.0,33.0,976.4,41340.0,0.0,0.0,2.0,5.0,1,0.0,0.0,0.0,293.73,11.0,4.0,0,1,4.0,3.5263605246161616,6.884895984836055,0.0,1,5.0,0.2308131446054858,-1.2037254395222565,True
1300,대조,0,28.0,4.0,90.44,27692.0,0.0,0.0,0.0,1.0,1,0.0,0.0,0.0,202.31,6.0,28.0,0,1,28.0,1.6094379124341003,4.515683019486556,0.0,0,1.0,0.009171350885612982,-4.682457021142088,True
1303,대조,0,1.0,29.0,953.95,58706.0,0.0,0.0,0.0,2.0,0,0.0,0.0,0.0,288.46,13.0,1.0,0,1,1.0,3.4011973816621555,6.861658983089163,0.0,0,2.0,0.06092954230923906,-2.7351723587228105,True
1304,대조,0,2.0,14.0,117.12,72.0,0.0,0.0,0.0,0.0,0,0.0,0.0,0.0,10.79,2.0,2.0,0,1,2.0,2.70805020110221,4.771701056875722,0.0,0,0.0,0.005894267948572459,-5.127863226746497,True
1307,대조,0,1.0,24.0,323.24,121.0,0.0,0.0,0.0,1.0,0,0.0,0.0,0.0,182.32,13.0,1.0,0,1,1.0,3.2188758248682006,5.7814839823200534,0.0,0,1.0,0.01904564802852588,-3.9416873008156412,True
1318,대조,0,4.0,10.0,921.89,292.0,0.0,0.0,1.0,1.0,1,0.0,0.0,0.0,427.68,6.0,4.0,0,1,4.0,2.3978952727983707,6.827510050802707,0.0,1,1.0,0.05114871209760674,-2.9205147691806586,True
1319,대조,0,26.0,5.0,75.08,58.0,0.0,0.0,0.0,1.0,0,0.0,0.0,0.0,16.37,1.0,26.0,0,1,26.0,1.791759469228055,4.331785418237135,0.0,0,1.0,0.00869365028488932,-4.7364307115836946,True
1325,대조,0,8.0,8.0,364.54,140.0,0.0,0.0,0.0,1.0,0,0.0,0.0,0.0,252.57,6.0,8.0,0,1,8.0,2.1972245773362196,5.901375712326296,0.0,0,1.0,0.02038454127837464,-3.872383272482732,True
1330,대조,0,3.0,14.0,342.48,167.0,0.0,0.0,0.0,1.0,0,0.0,0.0,0.0,189.64,5.0,3.0,0,1,3.0,2.70805020110221,5.839128885804284,0.0,0,1.0,0.019086521648281764,-3.9395018451934223,True
1331,대조,0,6.0,12.0,159.53,74.0,0.0,0.0,0.0,2.0,0,0.0,0.0,0.0,2.0,2.0,6.0,0,1,6.0,2.5649493574615367,5.078480840991323,0.0,0,2.0,0.016404746139060483,-4.093643793371229,True
1333,대조,0,1.0,27.0,1283.39,477.0,27.0,69.17,0.0,0.0,1,5.3,8.0,6.0,493.6,9.0,1.0,1,1,1.0,3.332204510175204,7.158039176448519,0.053896321461130284,0,0.0,0.08049458449052628,-2.435646024899307,True
1336,대조,0,7.0,9.0,536.83,295.0,0.0,0.0,0.0,4.0,0,0.0,0.0,0.0,471.28000000000003,8.0,7.0,0,1,7.0,2.302585092994046,6.2875425250978525,0.0,0,4.0,0.07809939074335075,-2.468455162841189,True
1344,처치,1,38.0,3.0,266.14,112.0,0.0,0.0,0.0,0.0,0,0.0,0.0,0.0,52.32,1.0,38.0,0,1,38.0,1.3862943611198906,5.587772865548959,0.0,0,0.0,0.01809540744557505,-3.9938359735886424,True
1345,대조,0,10.0,8.0,182.41,74.0,0.0,0.0,0.0,1.0,0,0.0,0.0,0.0,45.68,3.0,10.0,0,1,10.0,2.1972245773362196,5.211724083962941,0.0,0,1.0,0.012809482799500367,-4.34467730700455,True
1347,대조,0,13.0,9.0,231.22,49.0,0.0,0.0,0.0,0.0,0,29.83,3.0,2.0,278.4,9.0,13.0,1,1,13.0,2.302585092994046,5.44768519819886,0.0,0,0.0,0.011384244194016407,-4.464075427047869,True
1349,대조,0,6.0,26.0,809.35,8231.0,0.0,0.0,0.0,1.0,0,0.95,1.0,1.0,371.83,10.0,6.0,1,1,6.0,3.295836866004329,6.697466253104128,0.0,0,1.0,0.041284511406542754,-3.145106952630641,True
1350,대조,0,16.0,18.0,217.17000000000002,5564.0,0.0,0.0,0.0,2.0,0,0.0,0.0,0.0,80.54,2.0,16.0,0,1,16.0,2.9444389791664403,5.385274575403933,0.0,0,2.0,0.02660833847138373,-3.5995618879947315,True
1351,대조,0,7.0,12.0,49.61,41.0,0.0,0.0,0.0,1.0,0,0.0,0.0,0.0,5.29,1.0,7.0,0,1,7.0,2.5649493574615367,3.9241491852259864,0.0,0,1.0,0.004938802578251791,-5.305681331462277,True
1352,대조,0,3.0,21.0,848.7,73985.0,0.0,0.0,0.0,2.0,1,0.0,0.0,0.0,237.96,7.0,3.0,0,1,3.0,3.091042453358316,6.7448833460094955,0.0,0,2.0,0.05091032730625334,-2.9254374889113453,True
1354,대조,0,3.0,12.0,324.37,13254.0,0.0,0.0,0.0,0.0,1,0.0,0.0,0.0,104.75999999999999,4.0,3.0,0,1,3.0,2.5649493574615367,5.784962996312293,0.0,0,0.0,0.01130845567532786,-4.470831660808958,True
1356,대조,0,4.0,19.0,538.92,250.0,0.0,0.0,1.0,1.0,0,0.0,0.0,0.0,79.47,6.0,4.0,0,1,4.0,2.995732273553991,6.291420980435151,0.0,1,1.0,0.04192117841862539,-3.129138901062085,True
1357,대조,0,5.0,13.0,635.17,289.0,0.0,0.0,1.0,2.0,1,0.0,0.0,0.0,221.67000000000002,4.0,5.0,0,1,5.0,2.6390573296152584,6.455465823220503,0.0,1,2.0,0.05924770886019891,-2.764952754668782,True
1363,대조,0,4.0,18.0,1054.85,434.0,3.0,34.97,0.0,0.0,1,30.369999999999997,3.0,3.0,475.45,8.0,4.0,1,1,4.0,2.9444389791664403,6.96210140872225,0.033151632933592454,0,0.0,0.05018579061105749,-2.940534465330918,True
1364,대조,0,1.0,23.0,298.61,111.0,0.0,0.0,0.0,2.0,1,0.0,0.0,0.0,54.48,5.0,1.0,0,1,1.0,3.1780538303479458,5.702481628923153,0.0,0,2.0,0.02346801057367191,-3.728369267428792,True
1366,대조,0,8.0,21.0,287.78000000000003,178.0,0.0,0.0,0.0,3.0,0,0.0,0.0,0.0,258.19,12.0,8.0,0,1,8.0,3.091042453358316,5.665665152543073,0.0,0,3.0,0.040775162348769656,-3.158052367434512,True
1369,대조,0,2.0,8.0,166.19,55.0,0.0,0.0,0.0,1.0,1,0.0,0.0,0.0,164.18,8.0,2.0,0,1,2.0,2.1972245773362196,5.119130890249554,0.0,0,1.0,0.009263650585043075,-4.672350251328458,True
1375,대조,0,1.0,22.0,889.61,12593.0,0.0,0.0,0.0,2.0,0,0.0,0.0,0.0,236.74,6.0,1.0,0,1,1.0,3.1354942159291497,6.791906621209923,0.0,0,2.0,0.055745627181410566,-2.8295966215224304,True
1376,대조,0,3.0,40.0,1889.77,213908.0,2.0,12.780000000000001,0.0,0.0,1,0.0,0.0,0.0,415.02,10.0,3.0,0,1,3.0,3.713572066704308,7.544739432493231,0.006762727739354525,0,0.0,0.05414566236819518,-2.8604107138280637,True
1382,대조,0,8.0,16.0,266.68,102.0,0.0,0.0,0.0,3.0,1,0.0,0.0,0.0,13.11,1.0,8.0,0,1,8.0,2.833213344056216,5.589792237238514,0.0,0,3.0,0.03387853042628402,-3.3505080782121026,True
1387,대조,0,6.0,10.0,243.48000000000002,107.0,0.0,0.0,0.0,1.0,0,0.0,0.0,0.0,189.19,8.0,6.0,0,1,6.0,2.3978952727983707,5.499133505978156,0.0,0,1.0,0.015058074134729092,-4.1806683462271454,True
1388,대조,0,10.0,15.0,949.54,372.0,0.0,0.0,0.0,4.0,1,0.0,0.0,0.0,249.12,6.0,10.0,0,1,10.0,2.772588722239781,6.857030244157165,0.0,0,4.0,0.11892740490056375,-2.00262675922806,True
1389,대조,0,20.0,4.0,255.41,115.0,0.0,0.0,0.0,0.0,1,0.0,0.0,0.0,0.0,0.0,20.0,0,0,20.0,1.6094379124341003,5.546777725846036,0.0,0,0.0,0.01151603385439564,-4.452432109574269,True
1391,대조,0,6.0,19.0,1025.65,84724.0,0.0,0.0,0.0,4.0,1,0.0,0.0,0.0,189.86,4.0,6.0,0,1,6.0,2.995732273553991,6.934056353401508,0.0,0,4.0,0.12008682292835825,-1.9916082346187725,True
1392,대조,0,1.0,21.0,448.01,209.0,0.0,0.0,0.0,2.0,0,0.0,0.0,0.0,115.9,8.0,1.0,0,1,1.0,3.091042453358316,6.107045159209165,0.0,0,2.0,0.03401185898190308,-3.346442300371177,True
1393,대조,0,1.0,27.0,617.48,243.0,0.0,0.0,0.0,4.0,1,0.0,0.0,0.0,182.88,6.0,1.0,0,1,1.0,3.332204510175204,6.427264855012219,0.0,0,4.0,0.08184869187560351,-2.4174898789859087,True
1396,대조,0,3.0,40.0,1045.26,27561.0,0.0,0.0,1.0,1.0,1,0.0,0.0,0.0,286.62,12.0,3.0,0,1,3.0,3.713572066704308,6.95297717970305,0.0,1,1.0,0.06678571234582753,-2.6371456797911743,True
1402,대조,0,3.0,29.0,311.5,12481.0,0.0,0.0,0.0,0.0,1,0.0,0.0,0.0,96.09,8.0,3.0,0,1,3.0,3.4011973816621555,5.744604469176457,0.0,0,0.0,0.012529222572220652,-4.367083182189721,True
1403,대조,0,1.0,17.0,937.94,71128.0,0.0,0.0,0.0,1.0,0,0.0,0.0,0.0,288.7,8.0,1.0,0,1,1.0,2.8903717578961645,6.844751579403136,0.0,0,1.0,0.03905802260544712,-3.2028657302000005,True
1405,처치,1,6.0,5.0,197.64,73.0,0.0,0.0,0.0,1.0,0,0.0,0.0,0.0,0.0,0.0,6.0,0,0,6.0,1.791759469228055,5.2914941411999115,0.0,0,1.0,0.011748818369906386,-4.4321842265854485,True
1408,대조,0,4.0,14.0,277.83,160.0,0.0,0.0,0.0,0.0,0,0.0,0.0,0.0,183.21,9.0,4.0,0,1,4.0,2.70805020110221,5.630602277114688,0.0,0,0.0,0.011571305235089042,-4.447588158359403,True
1409,대조,0,5.0,16.0,745.41,293.0,0.0,0.0,0.0,1.0,0,0.0,0.0,0.0,497.22,7.0,5.0,0,1,5.0,2.833213344056216,6.615275047085402,0.0,0,1.0,0.03554388561780241,-3.3007961828275856,True
1412,대조,0,5.0,12.0,688.32,284.0,0.0,0.0,0.0,2.0,1,0.0,0.0,0.0,243.63,5.0,5.0,0,1,5.0,2.5649493574615367,6.535705604413376,0.0,0,2.0,0.04211646459335232,-3.124287452811016,True
1417,대조,0,4.0,24.0,1363.93,108683.0,0.0,0.0,0.0,0.0,0,0.0,0.0,0.0,332.53000000000003,4.0,4.0,0,1,4.0,3.2188758248682006,7.218858424252809,0.0,0,0.0,0.03978206402293084,-3.1837441173145127,True
1418,대조,0,2.0,8.0,262.32,84.0,0.0,0.0,0.0,1.0,1,1.39,1.0,1.0,392.78999999999996,8.0,2.0,1,1,2.0,2.1972245773362196,5.573370022599676,0.0,0,1.0,0.012941813371476662,-4.3342655745598,True
1419,대조,0,1.0,44.0,1072.28,19409.0,0.0,0.0,0.0,0.0,1,0.0,0.0,0.0,232.45,18.0,1.0,0,1,1.0,3.8066624897703196,6.97847465919479,0.0,0,0.0,0.03152732364970523,-3.4248656828172708,True
1421,대조,0,2.0,27.0,728.78,109473.0,0.0,0.0,2.0,4.0,1,0.0,0.0,0.0,448.12,13.0,2.0,0,1,2.0,3.332204510175204,6.5927431188584,0.0,1,4.0,0.13393287172193702,-1.8666237037600093,True
1423,대조,0,1.0,15.0,178.8,155.0,0.0,0.0,0.0,1.0,1,0.0,0.0,0.0,130.06,8.0,1.0,0,1,1.0,2.772588722239781,5.19184512203752,0.0,0,1.0,0.010491082592499033,-4.546683157617192,True
1424,대조,0,4.0,9.0,86.2,47.0,0.0,0.0,0.0,1.0,0,0.0,0.0,0.0,70.55,4.0,4.0,0,1,4.0,2.302585092994046,4.468204330914934,0.0,0,1.0,0.0066647889073493125,-5.00422989987773,True
1426,대조,0,52.0,1.0,47.49,20.0,0.0,0.0,0.0,2.0,0,0.0,0.0,0.0,184.27,3.0,52.0,0,1,52.0,0.6931471805599453,3.881357591117261,0.0,0,2.0,0.012856249564464007,-4.340985632091698,True
1428,대조,0,2.0,33.0,917.36,79754.0,1.0,2.99,0.0,0.0,1,2.5,1.0,1.0,538.47,13.0,2.0,1,1,2.0,3.5263605246161616,6.82258947060983,0.0032593529257870413,0,0.0,0.0290600616046264,-3.50889983291531,True
1431,대조,0,15.0,11.0,191.32,71.0,0.0,0.0,0.0,1.0,0,0.0,0.0,0.0,152.5,10.0,15.0,0,1,15.0,2.4849066497880004,5.259160651346843,0.0,0,1.0,0.015355108158518899,-4.1608328625424935,True
1434,대조,0,5.0,30.0,687.35,312.0,0.0,0.0,0.0,2.0,0,0.0,0.0,0.0,178.13,11.0,5.0,0,1,5.0,3.4339872044851463,6.534297429508952,0.0,0,2.0,0.0525720088170138,-2.891567108984203,True
1440,대조,0,3.0,18.0,329.88,42468.0,1.0,15.99,0.0,0.0,0,0.0,0.0,0.0,104.53999999999999,6.0,3.0,0,1,3.0,2.9444389791664403,5.80175577188001,0.04847217169879957,0,0.0,0.030320217314157363,-3.465151167951124,True
1443,대조,0,5.0,14.0,188.01000000000002,55.0,0.0,0.0,0.0,1.0,1,0.0,0.0,0.0,0.0,0.0,5.0,0,0,5.0,2.70805020110221,5.241799923712865,0.0,0,1.0,0.011683597447204912,-4.437816961384517,True
1446,대조,0,2.0,10.0,563.54,18111.0,0.0,0.0,0.0,1.0,0,0.0,0.0,0.0,173.91,4.0,2.0,0,1,2.0,2.3978952727983707,6.336011240246729,0.0,0,1.0,0.02558574877469192,-3.6398010145020625,True
1447,대조,0,14.0,3.0,28.53,5.0,0.0,0.0,0.0,0.0,0,17.98,2.0,2.0,176.26,8.0,14.0,1,1,14.0,1.3862943611198906,3.3854066957558313,0.0,0,0.0,0.0021825115224926293,-6.125094094100032,True
1448,대조,0,5.0,31.0,518.74,3849.0,0.0,0.0,0.0,0.0,0,0.0,0.0,0.0,191.36,13.0,5.0,0,1,5.0,3.4657359027997265,6.2533286865337905,0.0,0,0.0,0.020992384029258924,-3.8423797151659818,True
1452,대조,0,3.0,48.0,235.29,7708.0,0.0,0.0,0.0,4.0,1,0.0,0.0,0.0,103.89,18.0,3.0,0,1,3.0,3.8918202981106265,5.465059864211477,0.0,0,4.0,0.047285474775395304,-3.0031121438387944,True
1456,대조,0,4.0,13.0,192.95,58.0,0.0,0.0,0.0,0.0,0,0.0,0.0,0.0,30.25,1.0,4.0,0,1,4.0,2.6390573296152584,5.267600393885976,0.0,0,0.0,0.008759625955607276,-4.728803857070618,True
1458,대조,0,5.0,13.0,319.88,157.0,0.0,0.0,0.0,1.0,0,0.0,0.0,0.0,153.79,6.0,5.0,0,1,5.0,2.6390573296152584,5.771067221461798,0.0,0,1.0,0.018702989330610948,-3.960191808574801,True
1460,대조,0,24.0,8.0,482.18,166.0,0.0,0.0,0.0,1.0,0,0.0,0.0,0.0,193.36,4.0,24.0,0,1,24.0,2.1972245773362196,6.180389255035508,0.0,0,1.0,0.034334248230424226,-3.336674414980858,True
1461,대조,0,2.0,28.0,877.86,65924.0,0.0,0.0,0.0,2.0,1,0.0,0.0,0.0,283.21,15.0,2.0,0,1,2.0,3.367295829986474,6.778625613100175,0.0,0,2.0,0.05332099675432148,-2.8766298850470164,True
1463,대조,0,1.0,17.0,504.28,56831.0,0.0,0.0,1.0,3.0,0,0.0,0.0,0.0,172.8,8.0,1.0,0,1,1.0,2.8903717578961645,6.225112731067277,0.0,1,3.0,0.0751541963879961,-2.510085070019194,True
1464,대조,0,3.0,8.0,283.16,144.0,0.0,0.0,0.0,1.0,0,0.0,0.0,0.0,236.9,6.0,3.0,0,1,3.0,2.1972245773362196,5.649537459803805,0.0,0,1.0,0.015332387729958699,-4.162336698617141,True
1467,대조,0,2.0,180.0,459.53,410.0,0.0,0.0,0.0,0.0,1,0.0,0.0,0.0,232.09,85.0,2.0,0,1,2.0,5.198497031265826,6.13237800015322,0.0,0,0.0,0.021637965226434616,-3.8114303590366223,True
1468,대조,0,6.0,12.0,749.15,22930.0,0.0,0.0,0.0,1.0,1,0.0,0.0,0.0,341.55,6.0,6.0,0,1,6.0,2.5649493574615367,6.620273186533022,0.0,0,1.0,0.031853772555856745,-3.4142273146797617,True
1474,대조,0,6.0,6.0,214.88,45.0,0.0,0.0,0.0,0.0,1,0.0,0.0,1.0,337.47,11.0,6.0,1,1,6.0,1.9459101490553132,5.374722697750442,0.0,0,0.0,0.00805242201216203,-4.813697343864339,True
1476,대조,0,1.0,50.0,1320.23,206918.0,0.0,0.0,0.0,4.0,0,0.0,0.0,0.0,539.16,21.0,1.0,0,1,1.0,3.9318256327243257,7.186318399889179,0.0,0,4.0,0.15951117978272727,-1.6618696389623262,True
1479,대조,0,3.0,96.0,766.19,409.0,0.0,0.0,0.0,0.0,1,16.04,4.0,3.0,636.71,50.0,3.0,1,1,3.0,4.574710978503383,6.642734489073435,0.0,0,0.0,0.029004474500086384,-3.510871748953732,True
1483,대조,0,6.0,9.0,284.09,2821.0,0.0,0.0,0.0,2.0,1,0.0,0.0,0.0,198.08,10.0,6.0,0,1,6.0,2.302585092994046,5.6528049198913335,0.0,0,2.0,0.02181947492595533,-3.8028913227392103,True
1484,대조,0,7.0,19.0,449.18,223.0,0.0,0.0,0.0,0.0,1,0.0,0.0,0.0,137.24,8.0,7.0,0,1,7.0,2.995732273553991,6.109647502785692,0.0,0,0.0,0.01665509660757392,-4.078243654614709,True
1485,대조,0,2.0,10.0,234.45000000000002,67.0,0.0,0.0,0.0,2.0,1,0.0,0.0,0.0,0.0,0.0,2.0,0,0,2.0,2.3978952727983707,5.461498576689563,0.0,0,2.0,0.01777476721247746,-4.0120407640868425,True
1488,대조,0,7.0,10.0,376.07,10493.0,0.0,0.0,0.0,1.0,1,0.0,0.0,0.0,99.31,4.0,7.0,0,1,7.0,2.3978952727983707,5.932430846604856,0.0,0,1.0,0.019219873896386977,-3.9324034595731705,True
1490,대조,0,4.0,22.0,489.62,27195.0,0.0,0.0,0.0,3.0,0,0.0,0.0,0.0,417.45,20.0,4.0,0,1,4.0,3.1354942159291497,6.195669897401941,0.0,0,3.0,0.055280111105699366,-2.838475280357058,True
1491,대조,0,2.0,45.0,831.59,470.0,0.0,0.0,0.0,3.0,1,0.0,0.0,0.0,107.18,6.0,2.0,0,1,2.0,3.828641396489095,6.724541324119446,0.0,0,3.0,0.07801047004840113,-2.4696908186201245,True
1492,대조,0,6.0,14.0,179.03,91.0,0.0,0.0,0.0,2.0,1,0.0,0.0,0.0,15.95,2.0,6.0,0,1,6.0,2.70805020110221,5.193123503669531,0.0,0,2.0,0.016623765903691873,-4.080158435178883,True
1493,대조,0,12.0,1.0,19.25,13.0,0.0,0.0,0.0,1.0,0,0.0,0.0,0.0,0.0,0.0,12.0,0,0,12.0,0.6931471805599453,3.0081547935525483,0.0,0,1.0,0.0020571157190415893,-6.1843911791872905,True
1495,대조,0,4.0,22.0,243.83,188.0,0.0,0.0,0.0,0.0,0,0.0,0.0,0.0,115.77,8.0,4.0,0,1,4.0,3.1354942159291497,5.500564092149261,0.0,0,0.0,0.01125093291598635,-4.475989524472989,True
1499,대조,0,12.0,12.0,328.8,13935.0,0.0,0.0,0.0,1.0,1,0.0,0.0,0.0,119.67,7.0,12.0,0,1,12.0,2.5649493574615367,5.7984864101254985,0.0,0,1.0,0.019784816513367942,-3.9028573217809317,True
1501,대조,0,5.0,26.0,1237.17,129619.0,1.0,15.99,0.0,1.0,0,0.0,0.0,0.0,364.7,11.0,5.0,0,1,5.0,3.295836866004329,7.1213897620725035,0.012924658696864618,0,1.0,0.06743878347316351,-2.6267145222364676,True
1502,대조,0,47.0,5.0,105.48,45.0,0.0,0.0,0.0,4.0,0,10.0,2.0,1.0,88.67,2.0,47.0,1,1,47.0,1.791759469228055,4.667957174086856,0.0,0,4.0,0.050425787018813305,-2.9355109958332415,True
1505,대조,0,5.0,15.0,666.4,270.0,0.0,0.0,0.0,1.0,1,0.0,0.0,0.0,87.72,3.0,5.0,0,1,5.0,2.772588722239781,6.503389566317273,0.0,0,1.0,0.02964104740435665,-3.4885059199341324,True
1506,대조,0,1.0,15.0,198.63,134.0,0.0,0.0,0.0,0.0,0,0.0,0.0,0.0,207.92000000000002,13.0,1.0,0,1,1.0,2.772588722239781,5.296465653184562,0.0,0,0.0,0.00859907154788297,-4.7474647842091855,True
1508,대조,0,5.0,11.0,273.49,16112.0,0.0,0.0,0.0,1.0,0,0.0,0.0,0.0,70.53,2.0,5.0,0,1,5.0,2.4849066497880004,5.614914830413506,0.0,0,1.0,0.016285254742628055,-4.101075880610887,True
1509,대조,0,3.0,26.0,920.91,41875.0,0.0,0.0,0.0,0.0,1,0.0,0.0,0.0,415.14,12.0,3.0,0,1,3.0,3.295836866004329,6.826447604909185,0.0,0,0.0,0.027153073024014502,-3.5787365222643808,True
1511,대조,0,3.0,25.0,782.0,407.0,1.0,2.99,0.0,1.0,0,0.0,0.0,0.0,122.04,5.0,3.0,0,1,3.0,3.258096538021482,6.663132695990803,0.003823529411764706,0,1.0,0.04022826424756274,-3.1721256416231163,True
1512,대조,0,9.0,13.0,234.27,27424.0,4.0,29.96,0.0,1.0,0,0.0,0.0,0.0,26.189999999999998,3.0,9.0,0,1,9.0,2.6390573296152584,5.460733790792328,0.12788662654202415,0,1.0,0.13023042851026814,-1.8989229078247671,True
1515,대조,0,3.0,21.0,841.67,356.0,1.0,2.99,0.0,1.0,0,6.99,1.0,1.0,248.16,5.0,3.0,1,1,3.0,3.091042453358316,6.736575422287017,0.0035524611783715712,0,1.0,0.04113566826543866,-3.1488740102488553,True
1518,대조,0,5.0,7.0,126.74000000000001,58.0,0.0,0.0,0.0,1.0,0,0.0,0.0,0.0,30.69,1.0,5.0,0,1,5.0,2.0794415416798357,4.849996948133443,0.0,0,1.0,0.008703717989265775,-4.735263172953781,True
1520,대조,0,1.0,21.0,696.51,132682.0,0.0,0.0,0.0,1.0,0,0.0,0.0,0.0,224.25,6.0,1.0,0,1,1.0,3.091042453358316,6.547516850510311,0.0,0,1.0,0.032546746273930935,-3.3919897043786302,True
1526,대조,0,2.0,32.0,490.43,243.0,0.0,0.0,0.0,1.0,0,0.0,0.0,0.0,157.75,11.0,2.0,0,1,2.0,3.4965075614664802,6.197319508284649,0.0,0,1.0,0.02745771168146891,-3.5672664946061907,True
1530,대조,0,1.0,7.0,186.73,65.0,0.0,0.0,0.0,1.0,0,0.0,0.0,0.0,4.28,1.0,1.0,0,1,1.0,2.0794415416798357,5.23500476033627,0.0,0,1.0,0.010658128097332046,-4.530717143518707,True
1532,대조,0,2.0,1.0,18.97,6.0,0.0,0.0,0.0,1.0,0,0.0,0.0,0.0,0.0,0.0,2.0,0,0,2.0,0.6931471805599453,2.994231147427724,0.0,0,1.0,0.0016591639291812412,-6.3997809187452575,True
1535,처치,1,1.0,60.0,1734.29,14822.0,2.0,2.34,0.0,1.0,0,0.0,0.0,0.0,446.68,16.0,1.0,0,1,1.0,4.110873864173311,7.458929825387524,0.0013492553148550703,0,1.0,0.07397597208896609,-2.52715984340084,True
1537,대조,0,7.0,13.0,188.59,9543.0,0.0,0.0,0.0,1.0,1,13.93,7.0,7.0,325.78,9.0,7.0,1,1,7.0,2.6390573296152584,5.244863845813947,0.0,0,1.0,0.012061891730180524,-4.405569013453972,True
1542,대조,0,2.0,12.0,173.70000000000002,56.0,0.0,0.0,0.0,2.0,0,0.0,0.0,0.0,201.39000000000001,6.0,2.0,0,1,2.0,2.5649493574615367,5.163070217140011,0.0,0,2.0,0.01610014940701293,-4.112695562133831,True
1544,대조,0,10.0,4.0,195.3,90.0,0.0,0.0,0.0,3.0,0,0.0,0.0,0.0,222.25,3.0,10.0,0,1,10.0,1.6094379124341003,5.279644101282416,0.0,0,3.0,0.025546118173380615,-3.641391818352562,True
1545,대조,0,8.0,33.0,677.69,317.0,1.0,2.99,0.0,1.0,1,0.0,0.0,0.0,261.45,10.0,8.0,0,1,8.0,3.5263605246161616,6.520164469550775,0.004412046806061769,0,1.0,0.038506221066596,-3.217668280454382,True
1547,대조,0,2.0,50.0,253.82,43980.0,0.0,0.0,0.0,0.0,0,0.0,0.0,0.0,94.22,19.0,2.0,0,1,2.0,3.9318256327243257,5.540557413553235,0.0,0,0.0,0.012619309966108003,-4.359827491443339,True
1548,대조,0,31.0,4.0,75.39,37.0,0.0,0.0,0.0,3.0,0,0.0,0.0,0.0,72.22,3.0,31.0,0,1,31.0,1.6094379124341003,4.335851797553269,0.0,0,3.0,0.01958351641057251,-3.91328925170189,True
1549,대조,0,5.0,23.0,282.03,9367.0,0.0,0.0,0.0,3.0,1,0.0,0.0,0.0,141.55,16.0,5.0,0,1,5.0,3.1780538303479458,5.645552899092023,0.0,0,3.0,0.035048505097736396,-3.3153448737185363,True
1551,대조,0,,0.0,0.0,0.0,0.0,0.0,0.0,1.0,0,0.0,0.0,0.0,0.0,0.0,90.0,0,0,90.0,0.0,0.0,0.0,0,1.0,0.0009721671059444202,-6.93501020861755,False
1556,대조,0,9.0,19.0,398.12,237.0,0.0,0.0,0.0,1.0,1,0.0,0.0,0.0,38.63,3.0,9.0,0,1,9.0,2.995732273553991,5.989262123552782,0.0,0,1.0,0.02289994422381962,-3.753454583117523,True
1558,대조,0,4.0,10.0,504.64,178.0,0.0,0.0,0.0,3.0,0,0.0,0.0,0.0,225.52,7.0,4.0,0,1,4.0,2.3978952727983707,6.225824953627357,0.0,0,3.0,0.05049647356984378,-2.9340357406889748,True
1563,대조,0,10.0,11.0,356.44,115.0,0.0,0.0,0.0,1.0,1,0.0,0.0,0.0,182.81,5.0,10.0,0,1,10.0,2.4849066497880004,5.878967515880836,0.0,0,1.0,0.019903272115608,-3.8967671225830944,True
1566,대조,0,2.0,73.0,2300.56,85059.0,0.0,0.0,0.0,0.0,1,0.0,0.0,0.0,1166.88,29.0,2.0,0,1,2.0,4.30406509320417,7.741342432871859,0.0,0,0.0,0.059692923484061244,-2.7569930202938693,True
1567,대조,0,1.0,13.0,112.63,82.0,0.0,0.0,0.0,1.0,1,9.99,1.0,1.0,154.21,19.0,1.0,1,1,1.0,2.6390573296152584,4.7329475559299174,0.0,0,1.0,0.007321453471483749,-4.909598022188095,True
1568,대조,0,6.0,17.0,713.9,334.0,0.0,0.0,2.0,2.0,1,0.0,0.0,0.0,274.14,6.0,6.0,0,1,6.0,2.8903717578961645,6.572142672772806,0.0,1,2.0,0.06802678895211242,-2.6174024879873743,True
1569,대조,0,14.0,9.0,139.95,93.0,0.0,0.0,0.0,2.0,0,0.0,0.0,0.0,45.44,1.0,14.0,0,1,14.0,2.302585092994046,4.948405217560121,0.0,0,2.0,0.016816908464001235,-4.068410524261657,True
1572,대조,0,15.0,2.0,34.230000000000004,13.0,0.0,0.0,0.0,0.0,1,0.0,0.0,0.0,309.15,6.0,15.0,0,1,15.0,1.0986122886681098,3.5618979923531464,0.0,0,0.0,0.0022068242067473085,-6.113991544632192,True
1575,대조,0,15.0,12.0,408.62,231.0,0.0,0.0,0.0,0.0,0,0.0,0.0,0.0,218.89000000000001,5.0,15.0,0,1,15.0,2.5649493574615367,6.015229900658244,0.0,0,0.0,0.0187307702238854,-3.9586792280469787,True
1577,처치,1,5.0,14.0,794.93,368.0,0.0,0.0,0.0,0.0,0,0.0,0.0,0.0,197.43,4.0,5.0,0,1,5.0,2.70805020110221,6.679511242278968,0.0,0,0.0,0.02542185957255209,-3.6463952838797185,True
1578,대조,0,2.0,12.0,379.49,218.0,0.0,0.0,0.0,0.0,1,0.0,0.0,0.0,17.42,2.0,2.0,0,1,2.0,2.5649493574615367,5.941459895747448,0.0,0,0.0,0.012433424153399576,-4.374855570563632,True
1579,대조,0,2.0,70.0,1637.02,124968.0,1.0,2.99,0.0,3.0,0,0.0,0.0,0.0,659.92,31.0,2.0,0,1,2.0,4.2626798770413155,7.401243474350683,0.0018264895969505566,0,3.0,0.14550656731606348,-1.770287595174393,True
1580,대조,0,3.0,44.0,339.63,3957.0,0.0,0.0,0.0,0.0,1,0.0,0.0,0.0,243.95,23.0,3.0,0,1,3.0,3.8066624897703196,5.830796844208857,0.0,0,0.0,0.014230106565966657,-4.238063052669778,True
1581,대조,0,14.0,5.0,318.3,128.0,0.0,0.0,0.0,0.0,0,0.0,0.0,0.0,228.87,7.0,14.0,0,1,14.0,1.791759469228055,5.766131099720736,0.0,0,0.0,0.013542576797601671,-4.288281605688725,True
1582,대조,0,,0.0,0.0,0.0,0.0,0.0,0.0,4.0,0,0.0,0.0,0.0,25.02,1.0,90.0,0,1,90.0,0.0,0.0,0.0,0,4.0,0.002974042151061567,-5.81485478445404,True
1584,대조,0,2.0,63.0,1212.49,93659.0,0.0,0.0,0.0,3.0,0,0.0,0.0,0.0,419.6,16.0,2.0,0,1,2.0,4.1588830833596715,7.101255784506415,0.0,0,3.0,0.1148899275744814,-2.0417374944210036,True
1585,대조,0,1.0,28.0,1223.39,98727.0,0.0,0.0,0.0,1.0,1,0.0,0.0,0.0,309.24,6.0,1.0,0,1,1.0,3.367295829986474,7.110198039772306,0.0,0,1.0,0.04636516756109194,-3.023732344747748,True
1586,처치,1,2.0,12.0,323.11,105.0,5.0,24.549999999999997,0.0,2.0,0,3.8899999999999997,2.0,2.0,39.45,1.0,2.0,1,1,2.0,2.5649493574615367,5.781082964345989,0.07598031630095013,0,2.0,0.08789874215827927,-2.3395655175748056,True
1587,대조,0,19.0,7.0,44.09,20.0,0.0,0.0,0.0,0.0,0,0.0,0.0,0.0,49.0,6.0,19.0,0,1,19.0,2.0794415416798357,3.8086604924329928,0.0,0,0.0,0.003696500921052818,-5.596665253934382,True
1588,처치,1,2.0,33.0,696.9300000000001,308.0,0.0,0.0,1.0,1.0,1,0.0,0.0,1.0,316.89,15.0,2.0,1,1,2.0,3.5263605246161616,6.548118811200391,0.0,1,1.0,0.047928469955651136,-2.9889304783855,True
1592,대조,0,1.0,4.0,147.43,49.0,0.0,0.0,0.0,0.0,0,0.0,0.0,0.0,345.78000000000003,7.0,1.0,0,1,1.0,1.6094379124341003,5.000113466636674,0.0,0,0.0,0.005742381149588265,-5.15412238823609,True
1593,대조,0,5.0,5.0,345.75,168.0,0.0,0.0,1.0,1.0,0,0.0,0.0,0.0,101.04,3.0,5.0,0,1,5.0,1.791759469228055,5.848604059194941,0.0,1,1.0,0.025810192948967765,-3.6308366689789704,True
1594,대조,0,1.0,18.0,506.64,7849.0,0.0,0.0,0.0,0.0,0,0.0,0.0,0.0,123.42,8.0,1.0,0,1,1.0,2.9444389791664403,6.229772534941963,0.0,0,0.0,0.017544364680837036,-4.0253223902915005,True
1595,대조,0,3.0,18.0,638.76,31342.0,0.0,0.0,0.0,1.0,1,0.0,0.0,0.0,207.69,4.0,3.0,0,1,3.0,2.9444389791664403,6.461093106023634,0.0,0,1.0,0.02837397672270693,-3.5334985681951427,True
1598,대조,0,1.0,88.0,2739.31,34439.0,0.0,0.0,0.0,2.0,0,5.0,1.0,1.0,1468.27,63.0,1.0,1,1,1.0,4.48863636973214,7.915826331668549,0.0,0,2.0,0.1447241106316942,-1.7765948497943633,True
1599,대조,0,14.0,22.0,1093.25,589.0,2.0,11.49,0.0,1.0,0,14.75,6.0,5.0,345.97,11.0,14.0,1,1,14.0,3.1354942159291497,6.997824476071004,0.010509947404527785,0,1.0,0.06903911382258364,-2.6015440527128844,True
1601,대조,0,23.0,1.0,161.97,79.0,0.0,0.0,0.0,2.0,0,0.0,0.0,0.0,196.89,2.0,23.0,0,1,23.0,0.6931471805599453,5.093566134787897,0.0,0,2.0,0.01740686477156727,-4.033330477859671,True
1604,대조,0,2.0,33.0,125.72,70.0,0.0,0.0,0.0,1.0,1,0.0,0.0,0.0,26.22,6.0,2.0,0,1,2.0,3.5263605246161616,4.841979928066116,0.0,0,1.0,0.00932221561581395,-4.665989012103479,True
1605,대조,0,2.0,18.0,108.71,51.0,0.0,0.0,0.0,0.0,0,0.0,0.0,0.0,23.96,3.0,2.0,0,1,2.0,2.9444389791664403,4.697840520829399,0.0,0,0.0,0.005794595517583706,-5.145018153820168,True
1607,대조,0,3.0,15.0,606.57,289.0,0.0,0.0,0.0,3.0,0,0.0,0.0,0.0,246.09,9.0,3.0,0,1,3.0,2.772588722239781,6.409467394914108,0.0,0,3.0,0.05964145454730488,-2.7579103554833218,True
1615,대조,0,5.0,7.0,159.37,62.0,0.0,0.0,0.0,1.0,0,0.0,0.0,0.0,28.66,2.0,5.0,0,1,5.0,2.0794415416798357,5.077483645520718,0.0,0,1.0,0.010292972534948323,-4.565947583261114,True
1619,대조,0,3.0,24.0,671.89,56686.0,0.0,0.0,0.0,1.0,0,0.0,0.0,0.0,308.98,9.0,3.0,0,1,3.0,3.2188758248682006,6.511581869034655,0.0,0,1.0,0.03365761126852165,-3.3572789913227274,True
1621,대조,0,12.0,10.0,403.67,169.0,1.0,1.95,0.0,1.0,0,0.0,0.0,0.0,143.54,3.0,12.0,0,1,12.0,2.3978952727983707,6.003071920149698,0.004830678524537369,0,1.0,0.026620572398233445,-3.5990896472989786,True
1622,대조,0,2.0,14.0,479.66,20805.0,0.0,0.0,0.0,3.0,0,0.0,0.0,0.0,127.15,5.0,2.0,0,1,2.0,2.70805020110221,6.17516015945508,0.0,0,3.0,0.04911959704777396,-2.9631302150055143,True
1624,대조,0,4.0,14.0,469.64,189.0,0.0,0.0,0.0,0.0,0,0.0,0.0,0.0,46.14,2.0,4.0,0,1,4.0,2.70805020110221,6.154093470556201,0.0,0,0.0,0.016990573614980065,-4.057960012474569,True
1627,대조,0,2.0,22.0,657.55,52477.0,0.0,0.0,0.0,0.0,1,0.0,0.0,0.0,366.38,9.0,2.0,0,1,2.0,3.1354942159291497,6.490040448445056,0.0,0,0.0,0.020326870302343505,-3.8752753039067533,True
1630,대조,0,3.0,27.0,1466.72,515.0,0.0,0.0,1.0,1.0,0,0.0,0.0,0.0,385.48,9.0,3.0,0,1,3.0,3.332204510175204,7.291465455287272,0.0,1,1.0,0.08694739695729468,-2.3514901914193898,True
1632,대조,0,8.0,10.0,406.29,31373.0,0.0,0.0,0.0,0.0,0,0.0,0.0,0.0,97.25,3.0,8.0,0,1,8.0,2.3978952727983707,6.009525462425637,0.0,0,0.0,0.01577901376050164,-4.133169637219669,True
1639,대조,0,18.0,16.0,334.41,145.0,1.0,2.99,0.0,2.0,0,0.0,0.0,0.0,181.4,4.0,18.0,0,1,18.0,2.833213344056216,5.81535366409074,0.008941120181812744,0,2.0,0.043036322699556456,-3.1017209629119784,True
1640,처치,1,2.0,38.0,1077.85,81675.0,3.0,52.209999999999994,0.0,2.0,0,0.0,0.0,0.0,40.83,3.0,2.0,0,1,2.0,3.6635616461296463,6.983650937985394,0.04843902212738321,0,2.0,0.14871216596815803,-1.7447376360994247,True
1642,대조,0,4.0,15.0,221.85,160.0,0.0,0.0,1.0,4.0,0,0.0,0.0,0.0,64.79,4.0,4.0,0,1,4.0,2.772588722239781,5.406498899392565,0.0,1,4.0,0.06277774682897122,-2.703319789845432,True
1646,대조,0,12.0,2.0,19.35,6.0,0.0,0.0,0.0,0.0,0,0.0,0.0,0.0,3.94,1.0,12.0,0,1,12.0,1.0986122886681098,3.013080911888604,0.0,0,0.0,0.0015173950038262335,-6.489241680240658,True
1651,대조,0,2.0,8.0,219.94,96.0,0.0,0.0,0.0,0.0,0,0.0,0.0,0.0,101.15,4.0,2.0,0,1,2.0,2.1972245773362196,5.397891171444129,0.0,0,0.0,0.008632751426398053,-4.743521774090789,True
1659,대조,0,4.0,27.0,414.27,293.0,0.0,0.0,0.0,1.0,0,0.0,0.0,0.0,183.39000000000001,6.0,4.0,0,1,4.0,3.332204510175204,6.028928911090341,0.0,0,1.0,0.02465339620476137,-3.6778782308301694,True
1660,대조,0,81.0,1.0,31.650000000000002,5.0,0.0,0.0,0.0,0.0,0,0.0,0.0,0.0,141.95,3.0,81.0,0,1,81.0,0.6931471805599453,3.48584485572244,0.0,0,0.0,0.008263950222394262,-4.787554284654804,True
1666,대조,0,1.0,25.0,293.72,3912.0,0.0,0.0,0.0,0.0,0,0.0,0.0,0.0,23.490000000000002,3.0,1.0,0,1,1.0,3.258096538021482,5.686025753066942,0.0,0,0.0,0.012372294737990749,-4.3798461326725455,True
1667,대조,0,41.0,2.0,15.66,8.0,0.0,0.0,0.0,1.0,0,0.0,0.0,0.0,0.0,0.0,41.0,0,0,41.0,1.0986122886681098,2.8130106367386967,0.0,0,1.0,0.003435369671283134,-5.670189455989991,True
1668,대조,0,10.0,14.0,371.38,12412.0,0.0,0.0,0.0,2.0,0,0.0,0.0,0.0,101.36,1.0,10.0,0,1,10.0,2.70805020110221,5.919914838267906,0.0,0,2.0,0.033489179023706114,-3.3624701221965068,True
1671,대조,0,5.0,3.0,126.29,62.0,0.0,0.0,0.0,2.0,0,0.0,0.0,0.0,93.98,2.0,5.0,0,1,5.0,1.3862943611198906,4.846467947882343,0.0,0,2.0,0.011257520405709012,-4.475397527255708,True
1672,대조,0,10.0,8.0,123.37,82.0,0.0,0.0,0.0,1.0,0,5.0,2.0,1.0,41.410000000000004,4.0,10.0,1,1,10.0,2.1972245773362196,4.82326099366565,0.0,0,1.0,0.009624181258621845,-4.6338056734670054,True
1676,대조,0,12.0,13.0,572.77,30331.0,1.0,12.99,0.0,2.0,1,0.0,0.0,0.0,292.23,6.0,12.0,0,1,12.0,2.6390573296152584,6.352228619155015,0.022679260436126194,0,2.0,0.06218074251416066,-2.713511895266084,True
1678,대조,0,17.0,12.0,366.07,201.0,3.0,7.33,0.0,2.0,1,0.0,0.0,0.0,112.77,5.0,17.0,0,1,17.0,2.5649493574615367,5.905552565561653,0.02002349277460595,0,2.0,0.047371267989116735,-3.001209365241866,True
1683,대조,0,29.0,13.0,302.24,115.0,1.0,3.79,0.0,3.0,0,0.0,0.0,0.0,55.230000000000004,3.0,29.0,0,1,29.0,2.6390573296152584,5.714524571188103,0.012539703546850184,0,3.0,0.0726470821571364,-2.5467209765642664,True
1685,대조,0,6.0,12.0,92.82000000000001,28.0,0.0,0.0,0.0,1.0,0,0.0,0.0,0.0,47.45,6.0,6.0,0,1,6.0,2.5649493574615367,4.5413780529003125,0.0,0,1.0,0.007639244270237849,-4.866788025447295,True
1686,대조,0,2.0,14.0,155.88,99.0,0.0,0.0,0.0,1.0,1,0.0,0.0,0.0,49.04,4.0,2.0,0,1,2.0,2.70805020110221,5.055481181888091,0.0,0,1.0,0.009584287738322827,-4.6379997026636115,True
1687,대조,0,3.0,18.0,748.8,290.0,0.0,0.0,2.0,3.0,0,0.0,0.0,0.0,171.18,6.0,3.0,0,1,3.0,2.9444389791664403,6.6198065043018115,0.0,1,3.0,0.10278426631286151,-2.1666640490484887,True
1689,대조,0,5.0,17.0,543.9300000000001,22809.0,0.0,0.0,0.0,0.0,1,0.0,0.0,0.0,193.09,5.0,5.0,0,1,5.0,2.8903717578961645,6.300657346047101,0.0,0,0.0,0.01809358199232828,-3.993938717136788,True
1692,대조,0,8.0,15.0,307.62,220.0,0.0,0.0,0.0,1.0,1,0.0,0.0,0.0,138.37,10.0,8.0,0,1,8.0,2.772588722239781,5.732110746643059,0.0,0,1.0,0.01796764828877615,-4.001051429034618,True
1693,대조,0,4.0,30.0,1462.27,685.0,0.0,0.0,2.0,2.0,1,0.0,0.0,0.0,406.05,8.0,4.0,0,1,4.0,3.4339872044851463,7.288428936282261,0.0,1,2.0,0.1152384723113888,-2.0383144949125613,True
1695,대조,0,3.0,10.0,114.97,45.0,0.0,0.0,0.0,0.0,1,0.0,0.0,0.0,35.11,5.0,3.0,0,1,3.0,2.3978952727983707,4.753331536968612,0.0,0,0.0,0.005140820349514321,-5.265388531348098,True
1703,대조,0,1.0,51.0,1062.13,492.0,1.0,3.19,0.0,0.0,0,4.2,10.0,5.0,357.29,19.0,1.0,1,1,1.0,3.9512437185814275,6.9689726662548805,0.0030033988306516148,0,0.0,0.03689223064002692,-3.2621643384512304,True
1708,대조,0,1.0,6.0,392.37,217.0,0.0,0.0,3.0,1.0,1,0.0,0.0,0.0,61.5,2.0,1.0,0,1,1.0,1.9459101490553132,5.974750644785838,0.0,1,1.0,0.024386616854473568,-3.6890318918560485,True
1709,대조,0,8.0,16.0,325.16,180.0,0.0,0.0,0.0,0.0,1,0.0,0.0,0.0,164.0,7.0,8.0,0,1,8.0,2.833213344056216,5.787388058510998,0.0,0,0.0,0.013078829306060812,-4.323595329230518,True
1710,처치,1,2.0,27.0,1639.24,62117.0,14.0,76.86,1.0,4.0,1,19.06,5.0,5.0,755.29,15.0,2.0,1,1,2.0,3.332204510175204,7.402597851574791,0.046887582050218396,1,4.0,0.38852628274528184,-0.45351115405286185,True
1716,대조,0,10.0,12.0,138.85,68.0,0.0,0.0,0.0,1.0,0,0.0,0.0,0.0,39.04,4.0,10.0,0,1,10.0,2.5649493574615367,4.940570419647969,0.0,0,1.0,0.01112180714770802,-4.487663373207054,True
1717,대조,0,6.0,11.0,108.72,60.0,0.0,0.0,0.0,0.0,0,0.0,0.0,0.0,64.21000000000001,5.0,6.0,0,1,6.0,2.4849066497880004,4.697931666069403,0.0,0,0.0,0.005844121001670597,-5.136457815322908,True
1723,대조,0,9.0,13.0,1005.11,183.0,0.0,0.0,0.0,1.0,0,0.0,0.0,0.0,472.79,7.0,9.0,0,1,9.0,2.6390573296152584,6.913846688618454,0.0,0,1.0,0.04619338671013819,-3.0276242964240483,True
1726,대조,0,3.0,21.0,1091.1,75364.0,0.0,0.0,5.0,3.0,1,0.0,0.0,0.0,412.04,12.0,3.0,0,1,3.0,3.091042453358316,6.995857727203683,0.0,1,3.0,0.12367768421532253,-1.9580551029954663,True
1729,대조,0,15.0,6.0,200.6,83.0,0.0,0.0,0.0,5.0,0,0.0,0.0,0.0,16.3,1.0,15.0,0,1,15.0,1.9459101490553132,5.306285536197214,0.0,0,5.0,0.06189346149698679,-2.7184489790359114,True
1731,대조,0,10.0,9.0,236.3,139.0,9.0,19.689999999999998,0.0,3.0,0,3.79,1.0,1.0,130.43,1.0,10.0,1,1,10.0,2.302585092994046,5.4693251634417175,0.08332628015234869,0,3.0,0.12463927279494702,-1.9492123134030694,True
1732,대조,0,11.0,9.0,284.93,149.0,0.0,0.0,0.0,2.0,0,0.0,0.0,0.0,174.32,5.0,11.0,0,1,11.0,2.302585092994046,5.655747025617644,0.0,0,2.0,0.02650775421472899,-3.603452557419247,True
1733,대조,0,,0.0,0.0,0.0,0.0,0.0,0.0,2.0,0,0.0,0.0,0.0,0.0,0.0,90.0,0,0,90.0,0.0,0.0,0.0,0,2.0,0.001411591262840036,-6.5616250672297145,True
1735,대조,0,2.0,25.0,850.8100000000001,25985.0,1.0,2.99,0.0,0.0,0,0.0,0.0,0.0,17.81,3.0,2.0,0,1,2.0,3.258096538021482,6.747363497265236,0.003514298139420082,0,0.0,0.029066664368443646,-3.508665847380623,True
1740,대조,0,1.0,99.0,3269.18,130734.0,0.0,0.0,0.0,1.0,1,0.0,0.0,0.0,591.88,21.0,1.0,0,1,1.0,4.605170185988092,8.09260030824789,0.0,0,1.0,0.1096324091645292,-2.0945013660081253,True
1742,대조,0,3.0,47.0,313.89,158.0,0.0,0.0,0.0,1.0,0,0.0,0.0,0.0,119.05,14.0,3.0,0,1,3.0,3.871201010907891,5.752223371489691,0.0,0,1.0,0.021497255845065205,-3.818098299408505,True
1744,대조,0,3.0,11.0,135.54,68.0,0.0,0.0,0.0,0.0,0,0.0,0.0,0.0,58.08,6.0,3.0,0,1,3.0,2.4849066497880004,4.916617611990135,0.0,0,0.0,0.006462853708698055,-5.0352004797908965,True
1745,대조,0,9.0,24.0,464.58,247.0,0.0,0.0,0.0,4.0,1,0.0,0.0,0.0,126.06,8.0,9.0,0,1,9.0,3.2188758248682006,6.143283940168161,0.0,0,4.0,0.07706119769894201,-2.4829630477743025,True
1746,대조,0,7.0,15.0,640.63,185.0,3.0,26.47,0.0,1.0,0,0.0,0.0,0.0,48.89,3.0,7.0,0,1,7.0,2.772588722239781,6.464011813563917,0.04131870190281441,0,1.0,0.06488994925627815,-2.667971477055863,True
1747,대조,0,22.0,17.0,676.26,45150.0,0.0,0.0,0.0,3.0,0,0.0,0.0,0.0,41.39,1.0,22.0,0,1,22.0,2.8903717578961645,6.518055246452355,0.0,0,3.0,0.0937489555697539,-2.268695834443803,True
1753,대조,0,1.0,52.0,455.93,5915.0,4.0,6.12,2.0,2.0,1,0.0,0.0,0.0,341.91,37.0,1.0,0,1,1.0,3.970291913552122,6.124530206295522,0.013423113197201325,1,2.0,0.06609330911025685,-2.6483090125644293,True
1756,대조,0,8.0,8.0,342.45,159.0,0.0,0.0,0.0,4.0,0,0.0,0.0,0.0,35.83,1.0,8.0,0,1,8.0,2.1972245773362196,5.839041540659891,0.0,0,4.0,0.05739866334039042,-2.7986224162430506,True
1758,대조,0,4.0,17.0,572.96,249.0,1.0,3.19,0.0,0.0,0,0.0,0.0,0.0,101.81,3.0,4.0,0,1,4.0,2.8903717578961645,6.352559707480206,0.005567578888578609,0,0.0,0.022207831550083247,-3.7848521415597345,True
1761,대조,0,6.0,5.0,230.07999999999998,109.0,0.0,0.0,0.0,0.0,0,0.0,0.0,0.0,88.87,1.0,6.0,0,1,6.0,1.791759469228055,5.442763970913065,0.0,0,0.0,0.009076208706660515,-4.6929810684605915,True
1765,대조,0,14.0,7.0,601.14,276.0,0.0,0.0,0.0,0.0,1,0.0,0.0,0.0,31.450000000000003,1.0,14.0,0,1,14.0,2.0794415416798357,6.400489976410904,0.0,0,0.0,0.020535578465927778,-3.8648469968684456,True
1768,대조,0,8.0,18.0,339.84000000000003,6699.0,0.0,0.0,0.0,0.0,0,0.0,0.0,0.0,60.09,3.0,8.0,0,1,8.0,2.9444389791664403,5.831413158959755,0.0,0,0.0,0.015093271963862584,-4.1782978651193385,True
1769,대조,0,2.0,22.0,786.23,7518.0,0.0,0.0,0.0,3.0,0,0.0,0.0,0.0,221.15,7.0,2.0,0,1,2.0,3.1354942159291497,6.668520454767983,0.0,0,3.0,0.07394968404805306,-2.5275436534111893,True
1772,대조,0,25.0,9.0,236.32,114.0,0.0,0.0,0.0,2.0,0,0.0,0.0,0.0,51.26,3.0,25.0,0,1,25.0,2.302585092994046,5.469409441390442,0.0,0,2.0,0.030617005021246355,-3.455104207205152,True
1774,대조,0,8.0,10.0,777.5600000000001,392.0,8.0,30.91,0.0,1.0,0,2.69,3.0,3.0,239.2,2.0,8.0,1,1,8.0,2.3978952727983707,6.6574460595951575,0.03975255928802922,0,1.0,0.06975164808687977,-2.5905105466569274,True
1776,대조,0,7.0,18.0,227.94,186.0,0.0,0.0,0.0,3.0,0,0.0,0.0,0.0,127.82,10.0,7.0,0,1,7.0,2.9444389791664403,5.43345996049033,0.0,0,3.0,0.03309119868823728,-3.3748368336884784,True
1777,대조,0,10.0,7.0,100.44,32.0,0.0,0.0,0.0,1.0,0,0.0,0.0,0.0,22.97,1.0,10.0,0,1,10.0,2.0794415416798357,4.6194674906889155,0.0,0,1.0,0.008127588796189572,-4.804330182738434,True
1779,대조,0,5.0,13.0,393.1,9251.0,0.0,0.0,0.0,3.0,1,0.0,0.0,0.0,174.93,8.0,5.0,0,1,5.0,2.6390573296152584,5.976604684200958,0.0,0,3.0,0.04088772655772729,-3.155178207633411,True
1781,대조,0,5.0,12.0,257.36,37357.0,0.0,0.0,0.0,1.0,0,0.0,0.0,0.0,522.8100000000001,9.0,5.0,0,1,5.0,2.5649493574615367,5.554353961164272,0.0,0,1.0,0.015776290646181298,-4.133344997113868,True
1783,대조,0,3.0,11.0,541.72,237.0,0.0,0.0,0.0,3.0,0,0.0,0.0,0.0,102.4,3.0,3.0,0,1,3.0,2.4849066497880004,6.296593533163484,0.0,0,3.0,0.05275267643990216,-2.8879457151442907,True
1784,대조,0,5.0,6.0,162.44,70.0,0.0,0.0,0.0,1.0,0,0.0,0.0,0.0,145.65,1.0,5.0,0,1,5.0,1.9459101490553132,5.096445950509366,0.0,0,1.0,0.01021938266357435,-4.573197141709155,True
1785,대조,0,1.0,9.0,225.47,117.0,1.0,0.42,0.0,0.0,1,0.0,0.0,0.0,108.49,5.0,1.0,0,1,1.0,2.302585092994046,5.422612485819643,0.0018627755355479663,0,0.0,0.008233223320525805,-4.791310382492709,True
1788,대조,0,2.0,23.0,1239.8,74904.0,0.0,0.0,0.0,3.0,1,0.0,0.0,0.0,781.85,12.0,2.0,0,1,2.0,3.1780538303479458,7.123511611862329,0.0,0,3.0,0.09306048596656305,-2.276826091465203,True
1791,대조,0,3.0,21.0,385.4,209.0,0.0,0.0,1.0,1.0,1,0.0,0.0,0.0,105.82,4.0,3.0,0,1,3.0,3.091042453358316,5.9568731023383625,0.0,1,1.0,0.029940973149709314,-3.47812904027541,True
1792,대조,0,,0.0,0.0,0.0,0.0,0.0,0.0,1.0,0,0.0,0.0,0.0,0.0,0.0,90.0,0,0,90.0,0.0,0.0,0.0,0,1.0,0.0009721671059444202,-6.93501020861755,False
1793,대조,0,4.0,11.0,256.14,8003.0,28.0,17.689999999999998,0.0,0.0,0,17.0,22.0,13.0,290.59,4.0,4.0,1,1,4.0,2.4849066497880004,5.549620683656102,0.06906379323807292,0,0.0,0.03389688759728305,-3.3499473712518517,True
1794,대조,0,8.0,15.0,731.78,343.0,66.0,45.03,0.0,0.0,0,0.0,0.0,0.0,181.42000000000002,3.0,8.0,0,1,8.0,2.772588722239781,6.596845520411052,0.06153488753450491,0,0.0,0.07092307663942832,-2.572595675615938,True
1796,대조,0,11.0,8.0,322.43,137.0,0.0,0.0,0.0,0.0,1,0.0,0.0,0.0,32.2,3.0,11.0,0,1,11.0,2.1972245773362196,5.778982707219137,0.0,0,0.0,0.012492053719496337,-4.3700918038857415,True
1797,대조,0,5.0,17.0,498.81,194.0,0.0,0.0,0.0,1.0,1,0.0,0.0,0.0,290.65,6.0,5.0,0,1,5.0,2.8903717578961645,6.214228026203896,0.0,0,1.0,0.0244855489256905,-3.684881870212147,True
1798,대조,0,28.0,4.0,230.22,112.0,0.0,0.0,0.0,0.0,0,0.0,0.0,0.0,223.12,4.0,28.0,0,1,28.0,1.6094379124341003,5.443369638247176,0.0,0,0.0,0.01378028058722134,-4.270640541643131,True
1800,대조,0,12.0,14.0,671.45,138824.0,0.0,0.0,0.0,1.0,1,0.0,0.0,0.0,429.85,9.0,12.0,0,1,12.0,2.70805020110221,6.510927759269558,0.0,0,1.0,0.03390492621544331,-3.3497019295175923,True
1802,대조,0,7.0,8.0,697.88,240.0,1.0,2.99,0.0,1.0,1,8.99,1.0,1.0,263.6,2.0,7.0,1,1,7.0,2.1972245773362196,6.549479053676431,0.004284404195563708,0,1.0,0.031334494595658166,-3.4311998021571855,True
1803,처치,1,3.0,32.0,1903.04,805.0,1.0,3.29,0.0,4.0,1,2.5,1.0,1.0,623.27,12.0,3.0,1,1,3.0,3.4965075614664802,7.551733223533999,0.0017288128468135194,0,4.0,0.18491566107160193,-1.4833917562033436,True
1808,대조,0,1.0,19.0,568.15,178.0,0.0,0.0,0.0,2.0,0,8.49,1.0,1.0,156.4,8.0,1.0,1,1,1.0,2.995732273553991,6.3441440197712256,0.0,0,2.0,0.03972569924411709,-3.1852206592175483,True
1809,대조,0,5.0,8.0,227.85,133.0,0.0,0.0,0.0,1.0,0,0.0,0.0,0.0,62.17,2.0,5.0,0,1,5.0,2.1972245773362196,5.433066767099651,0.0,0,1.0,0.013620731840183621,-4.282447901911363,True
1810,대조,0,4.0,36.0,534.27,25532.0,0.0,0.0,0.0,1.0,0,0.0,0.0,0.0,413.99,24.0,4.0,0,1,4.0,3.6109179126442243,6.282771292488666,0.0,0,1.0,0.03093760516274922,-3.444356561251566,True
1812,대조,0,4.0,20.0,513.67,6091.0,0.0,0.0,0.0,1.0,1,0.0,0.0,0.0,46.97,4.0,4.0,0,1,4.0,3.044522437723423,6.243525918579576,0.0,0,1.0,0.025113470302870894,-3.658916716790018,True
1814,대조,0,10.0,10.0,630.96,204.0,0.0,0.0,0.0,1.0,1,0.0,0.0,0.0,23.47,1.0,10.0,0,1,10.0,2.3978952727983707,6.448826101004649,0.0,0,1.0,0.02969739159335609,-3.486548773462963,True
1815,대조,0,12.0,12.0,629.74,36182.0,0.0,0.0,0.0,0.0,1,0.0,0.0,0.0,398.36,7.0,12.0,0,1,12.0,2.5649493574615367,6.446893733253594,0.0,0,0.0,0.022017789131682786,-3.793640757058551,True
1818,대조,0,,0.0,0.0,0.0,0.0,0.0,0.0,1.0,0,0.0,0.0,0.0,0.0,0.0,90.0,0,0,90.0,0.0,0.0,0.0,0,1.0,0.0009721671059444202,-6.93501020861755,False
1820,대조,0,3.0,25.0,1397.41,704.0,0.0,0.0,0.0,0.0,1,0.0,0.0,0.0,414.83,4.0,3.0,0,1,3.0,3.258096538021482,7.243091155905451,0.0,0,0.0,0.036450395771795194,-3.274671653567965,True
1822,대조,0,2.0,22.0,270.21,4023.0,0.0,0.0,0.0,1.0,1,0.0,0.0,0.0,94.76,6.0,2.0,0,1,2.0,3.1354942159291497,5.602893428542784,0.0,0,1.0,0.015334709405681463,-4.162182929278509,True
1823,대조,0,1.0,45.0,2020.92,164120.0,0.0,0.0,5.0,2.0,1,0.0,0.0,0.0,276.53,11.0,1.0,0,1,1.0,3.828641396489095,7.611802834010371,0.0,1,2.0,0.14233860973484808,-1.7960005769424752,True
1824,대조,0,1.0,17.0,388.65,143.0,0.0,0.0,0.0,1.0,0,0.0,0.0,0.0,172.71,5.0,1.0,0,1,1.0,2.8903717578961645,5.96524890028957,0.0,0,1.0,0.020684506560914185,-3.857468906828316,True
1825,대조,0,19.0,9.0,320.24,19370.0,0.0,0.0,0.0,1.0,0,0.0,0.0,0.0,78.60000000000001,3.0,19.0,0,1,19.0,2.302585092994046,5.772188507320261,0.0,0,1.0,0.0235189127844657,-3.726150485386589,True
1828,대조,0,43.0,2.0,147.83,64.0,0.0,0.0,0.0,5.0,0,0.0,0.0,0.0,0.0,0.0,43.0,0,0,43.0,1.0986122886681098,5.0028047149810675,0.0,0,5.0,0.07545213022566359,-2.505806410160278,True
1829,대조,0,2.0,65.0,1220.71,75336.0,1.0,10.59,0.0,1.0,1,0.0,0.0,0.0,331.33,17.0,2.0,0,1,2.0,4.189654742026425,7.1080067956920585,0.008675279140827878,0,1.0,0.0616087584833521,-2.723362920269847,True
1832,대조,0,1.0,11.0,115.68,57.0,0.0,0.0,0.0,0.0,0,0.0,0.0,0.0,77.62,3.0,1.0,0,1,1.0,2.4849066497880004,4.759435144999521,0.0,0,0.0,0.005523554707599558,-5.193194791240445,True
1834,대조,0,9.0,35.0,890.18,34310.0,0.0,0.0,0.0,2.0,1,0.0,0.0,0.0,230.93,11.0,9.0,0,1,9.0,3.58351893845611,6.792546427269496,0.0,0,2.0,0.06367576191375718,-2.6881578382443836,True
1839,대조,0,13.0,9.0,194.44,152.0,2.0,51.98,0.0,0.0,0,0.0,0.0,0.0,107.87,6.0,13.0,0,1,13.0,2.302585092994046,5.275253426949485,0.26733182472742234,0,0.0,0.506954868562666,0.02782126863689937,True
1840,대조,0,8.0,15.0,146.38,79.0,0.0,0.0,0.0,0.0,0,0.0,0.0,0.0,85.45,13.0,8.0,0,1,8.0,2.772588722239781,4.9930142853388535,0.0,0,0.0,0.007924803524509492,-4.829801379714638,True
1841,대조,0,14.0,3.0,194.53,82.0,0.0,0.0,0.0,0.0,1,0.0,0.0,0.0,133.45,2.0,14.0,0,1,14.0,1.3862943611198906,5.275713820338184,0.0,0,0.0,0.008058816133048102,-4.812897151095886,True
1847,대조,0,1.0,15.0,472.61,4191.0,0.0,0.0,0.0,1.0,1,0.0,0.0,0.0,129.68,4.0,1.0,0,1,1.0,2.772588722239781,6.160384198211745,0.0,0,1.0,0.021335609925832305,-3.8258112705738156,True
1848,대조,0,8.0,9.0,686.5500000000001,29720.0,0.0,0.0,0.0,1.0,1,0.0,0.0,0.0,548.57,5.0,8.0,0,1,8.0,2.302585092994046,6.533134554168954,0.0,0,1.0,0.029885158058953365,-3.480052487074948,True
1849,대조,0,3.0,44.0,481.19,274.0,0.0,0.0,0.0,1.0,0,0.0,0.0,0.0,0.0,0.0,3.0,0,0,3.0,3.8066624897703196,6.178338227249159,0.0,0,1.0,0.028993222489127293,-3.511271352794572,True
1850,대조,0,1.0,47.0,1327.49,170129.0,0.0,0.0,0.0,0.0,1,0.0,0.0,0.0,423.67,14.0,1.0,0,1,1.0,3.871201010907891,7.191798237885124,0.0,0,0.0,0.03712023329452352,-3.25576635838112,True
1854,대조,0,1.0,24.0,656.91,48989.0,0.0,0.0,0.0,1.0,0,0.0,0.0,0.0,335.77,13.0,1.0,0,1,1.0,3.2188758248682006,6.489068143854836,0.0,0,1.0,0.03182868903924338,-3.4150409916316953,True
1858,대조,0,10.0,13.0,729.3,298.0,0.0,0.0,0.0,1.0,1,0.0,0.0,0.0,143.75,3.0,10.0,0,1,10.0,2.6390573296152584,6.593455408626064,0.0,0,1.0,0.03421355893601433,-3.3403207086522153,True
1859,대조,0,64.0,1.0,60.67,27.0,0.0,0.0,0.0,1.0,0,0.0,0.0,0.0,75.28,2.0,64.0,0,1,64.0,0.6931471805599453,4.1217975890034015,0.0,0,1.0,0.013527879592751355,-4.289382352983768,True
1860,대조,0,7.0,6.0,41.26,21.0,0.0,0.0,0.0,0.0,0,0.0,0.0,0.0,64.3,4.0,7.0,0,1,7.0,1.9459101490553132,3.7438410121879104,0.0,0,0.0,0.0026986416777506892,-5.912304425299185,True
1861,대조,0,11.0,14.0,121.75,79.0,0.0,0.0,0.0,4.0,1,0.0,0.0,0.0,31.53,4.0,11.0,0,1,11.0,2.70805020110221,4.81014976667463,0.0,0,4.0,0.028862704607521092,-3.5159175904695674,True
1862,대조,0,6.0,22.0,478.92,42012.0,0.0,0.0,0.0,3.0,0,0.0,0.0,0.0,42.46,2.0,6.0,0,1,6.0,3.1354942159291497,6.173619423344838,0.0,0,3.0,0.056578619196511235,-2.8138818730235977,True
1869,대조,0,8.0,13.0,554.72,12977.0,0.0,0.0,0.0,1.0,1,4.76,3.0,3.0,237.73,7.0,8.0,1,1,8.0,2.6390573296152584,6.320264570280661,0.0,0,1.0,0.026997072838203292,-3.5846586438424666,True
1873,대조,0,6.0,44.0,1106.93,71637.0,16.0,64.83,0.0,4.0,1,31.98,2.0,2.0,250.42,12.0,6.0,1,1,6.0,3.8066624897703196,7.010248688416178,0.058567389085127326,0,4.0,0.31153434149005615,-0.7929558605124434,True
1877,대조,0,4.0,5.0,115.35,45.0,0.0,0.0,0.0,0.0,0,0.0,0.0,0.0,231.76,8.0,4.0,0,1,4.0,1.791759469228055,4.756602889748301,0.0,0,0.0,0.0052477841996854185,-5.2446877464896735,True
1879,대조,0,2.0,43.0,813.7,506.0,0.0,0.0,0.0,1.0,1,0.0,0.0,0.0,426.32,18.0,2.0,0,1,2.0,3.784189633918261,6.702819947316597,0.0,0,1.0,0.03769733360142104,-3.2397396580185647,True
1881,대조,0,1.0,19.0,378.81,45332.0,0.0,0.0,0.0,0.0,0,0.0,0.0,0.0,167.65,7.0,1.0,0,1,1.0,2.995732273553991,5.939671127678749,0.0,0,0.0,0.014300807718539761,-4.233035209749896,True
1887,대조,0,2.0,17.0,222.28,120.0,0.0,0.0,0.0,0.0,0,0.0,0.0,0.0,6.870000000000001,2.0,2.0,0,1,2.0,2.8903717578961645,5.408426589228067,0.0,0,0.0,0.009710519843333659,-4.624787486811758,True
1889,대조,0,3.0,4.0,484.72,236.0,0.0,0.0,0.0,1.0,0,0.0,0.0,0.0,14.76,2.0,3.0,0,1,3.0,1.6094379124341003,6.185632326185618,0.0,0,1.0,0.020686618945269578,-3.8573646310487484,True
1890,대조,0,8.0,8.0,426.45,158.0,0.0,0.0,0.0,0.0,0,0.0,0.0,0.0,118.92,3.0,8.0,0,1,8.0,2.1972245773362196,6.057837322472243,0.0,0,0.0,0.015838973707866816,-4.129315935152545,True
1894,대조,0,12.0,8.0,522.28,181.0,0.0,0.0,0.0,0.0,1,0.0,0.0,0.0,241.95,3.0,12.0,0,1,12.0,2.1972245773362196,6.260116693652957,0.0,0,0.0,0.01813719192224167,-3.9914869595660436,True
1895,대조,0,3.0,7.0,101.63,40.0,0.0,0.0,0.0,2.0,0,0.0,0.0,0.0,5.65,1.0,3.0,0,1,3.0,2.0794415416798357,4.631130287657623,0.0,0,2.0,0.010294647857201099,-4.565783140062601,True
1896,대조,0,35.0,20.0,651.26,308.0,2.0,13.58,0.0,0.0,1,0.0,0.0,0.0,489.14,11.0,35.0,0,1,35.0,3.044522437723423,6.480443255443964,0.02085188711113841,0,0.0,0.054166371008697756,-2.8600064309256013,True
1900,대조,0,11.0,8.0,1224.02,488.0,0.0,0.0,0.0,0.0,0,0.0,0.0,0.0,517.5,4.0,11.0,0,1,11.0,2.1972245773362196,7.110712449376163,0.0,0,0.0,0.03611840862831381,-3.2841657868701186,True
1906,대조,0,1.0,22.0,1052.45,40790.0,1.0,2.99,0.0,1.0,0,0.0,0.0,0.0,313.08,7.0,1.0,0,1,1.0,3.1354942159291497,6.959825771273139,0.002840990070787211,0,1.0,0.046137151297835605,-3.0289013862128042,True
1911,대조,0,4.0,21.0,310.22,42444.0,0.0,0.0,0.0,1.0,1,0.0,0.0,0.0,56.97,7.0,4.0,0,1,4.0,3.091042453358316,5.740500057591364,0.0,0,1.0,0.017534923513513014,-4.025870275900736,True
1912,대조,0,14.0,9.0,219.94,139.0,0.0,0.0,0.0,1.0,0,0.0,0.0,0.0,68.37,1.0,14.0,0,1,14.0,2.302585092994046,5.397891171444129,0.0,0,1.0,0.016186660250850367,-4.107248721962144,True
1914,대조,0,5.0,19.0,407.72,113.0,0.0,0.0,0.0,2.0,1,0.0,0.0,0.0,178.53,12.0,5.0,0,1,5.0,2.995732273553991,6.013030325022543,0.0,0,2.0,0.030936612469115585,-3.444389673109388,True
1916,대조,0,1.0,24.0,286.76,7981.0,0.0,0.0,0.0,4.0,0,2.99,1.0,1.0,128.99,10.0,1.0,1,1,1.0,3.2188758248682006,5.6621267993873685,0.0,0,4.0,0.051643410156936694,-2.910367980232725,True
1918,대조,0,17.0,3.0,47.11,5711.0,0.0,0.0,0.0,1.0,0,0.0,0.0,0.0,0.0,0.0,17.0,0,0,17.0,1.3862943611198906,3.8734900557113625,0.0,0,1.0,0.004835485793245279,-5.3269264662435605,True
1919,대조,0,4.0,12.0,526.65,18713.0,0.0,0.0,0.0,4.0,1,0.0,0.0,0.0,270.69,8.0,4.0,0,1,4.0,2.5649493574615367,6.268433185117099,0.0,0,4.0,0.0693351362391053,-2.5969474438488493,True
1920,대조,0,6.0,13.0,226.99,83.0,0.0,0.0,0.0,2.0,1,0.0,0.0,0.0,55.13,3.0,6.0,0,1,6.0,2.6390573296152584,5.429301768343455,0.0,0,2.0,0.01954280850946966,-3.915411617226697,True
1921,대조,0,1.0,25.0,405.04,24613.0,0.0,0.0,1.0,1.0,1,0.0,0.0,0.0,55.15,6.0,1.0,0,1,1.0,3.258096538021482,6.00645167691623,0.0,1,1.0,0.030605036875799733,-3.45550752833145,True
1922,대조,0,4.0,14.0,399.18,19588.0,0.0,0.0,0.0,1.0,0,0.0,0.0,0.0,84.08999999999999,4.0,4.0,0,1,4.0,2.70805020110221,5.991914445888347,0.0,0,1.0,0.021768492052622594,-3.8052827520872303,True
1925,대조,0,6.0,16.0,455.68,164.0,3.0,23.150000000000002,0.0,0.0,0,2.5,1.0,1.0,148.56,3.0,6.0,1,1,6.0,2.833213344056216,6.123982926808126,0.05080319522471911,0,0.0,0.04143460905034405,-3.14132128332362,True
1927,대조,0,2.0,26.0,1054.65,600.0,0.0,0.0,0.0,1.0,1,0.0,0.0,0.0,44.02,1.0,2.0,0,1,2.0,3.295836866004329,6.961911969934092,0.0,0,1.0,0.04208653654766819,-3.1250295508904014,True
1929,대조,0,10.0,5.0,464.32,253.0,0.0,0.0,0.0,3.0,1,0.0,0.0,0.0,158.5,3.0,10.0,0,1,10.0,1.791759469228055,6.142725340948566,0.0,0,3.0,0.04459225606164393,-3.0645779933184554,True
1932,대조,0,1.0,24.0,1065.01,100319.0,0.0,0.0,0.0,0.0,0,0.0,0.0,0.0,181.07,4.0,1.0,0,1,1.0,3.2188758248682006,6.971677985544829,0.0,0,0.0,0.031394475931964684,-3.4292254813958603,True
1933,대조,0,8.0,13.0,363.9,16260.0,0.0,0.0,0.0,1.0,0,0.0,0.0,0.0,243.74,7.0,8.0,0,1,8.0,2.6390573296152584,5.899623343442402,0.0,0,1.0,0.021817132358219523,-3.8030010846463256,True
1935,대조,0,4.0,23.0,1956.33,145464.0,0.0,0.0,1.0,2.0,1,0.0,0.0,0.0,624.54,10.0,4.0,0,1,4.0,3.1780538303479458,7.579336578627516,0.0,1,2.0,0.13438390047783416,-1.8627408743798561,True
1936,대조,0,4.0,83.0,1060.85,55041.0,0.0,0.0,1.0,2.0,0,0.0,0.0,0.0,173.83,9.0,4.0,0,1,4.0,4.430816798843313,6.967767948888308,0.0,1,2.0,0.11683334212412136,-2.0227654302623383,True
1937,대조,0,3.0,26.0,874.97,7445.0,0.0,0.0,6.0,2.0,1,0.0,0.0,0.0,393.66,10.0,3.0,0,1,3.0,3.295836866004329,6.775331843774621,0.0,1,2.0,0.07850673696763123,-2.462811023862508,True
1939,대조,0,2.0,11.0,496.92,18744.0,0.0,0.0,0.0,2.0,1,0.0,0.0,0.0,297.1,6.0,2.0,0,1,2.0,2.4849066497880004,6.210439421549972,0.0,0,2.0,0.03104763862926556,-3.440692693109907,True
1940,대조,0,2.0,8.0,263.62,167.0,0.0,0.0,0.0,1.0,0,0.0,0.0,0.0,82.47,3.0,2.0,0,1,2.0,2.1972245773362196,5.578294834614265,0.0,0,1.0,0.01426098173373326,-4.235864374310768,True
1941,대조,0,1.0,23.0,117.29,62.0,0.0,0.0,0.0,0.0,0,0.0,0.0,0.0,4.59,1.0,1.0,0,1,1.0,3.1780538303479458,4.773139236557646,0.0,0,0.0,0.006230169394708372,-5.072102098503943,True
1942,대조,0,13.0,23.0,276.21000000000004,86.0,0.0,0.0,0.0,0.0,0,0.0,0.0,0.0,247.9,10.0,13.0,0,1,13.0,3.1780538303479458,5.624775341701135,0.0,0,0.0,0.014887882558417406,-4.1922078285379225,True
1946,대조,0,5.0,8.0,658.12,257.0,0.0,0.0,0.0,0.0,1,0.0,0.0,0.0,203.48,2.0,5.0,0,1,5.0,2.1972245773362196,6.490905612007334,0.0,0,0.0,0.018647271061992477,-3.9632321438984426,True
1948,대조,0,4.0,18.0,326.66,167.0,0.0,0.0,0.0,0.0,1,5.49,1.0,1.0,186.25,9.0,4.0,1,1,4.0,2.9444389791664403,5.791976485392118,0.0,0,0.0,0.012316816710818461,-4.384396440780516,True
1949,대조,0,4.0,12.0,377.73,182.0,0.0,0.0,0.0,0.0,1,2.5,1.0,1.0,138.93,5.0,4.0,1,1,4.0,2.5649493574615367,5.936823550148803,0.0,0,0.0,0.01290309464677233,-4.337301038633473,True
1950,대조,0,,0.0,0.0,0.0,0.0,0.0,0.0,0.0,0,0.0,0.0,0.0,51.1,2.0,90.0,0,1,90.0,0.0,0.0,0.0,0,0.0,0.0006694426771685246,-7.308395350005387,False
1953,대조,0,1.0,20.0,792.07,320.0,0.0,0.0,0.0,0.0,1,0.0,0.0,0.0,93.0,5.0,1.0,0,1,1.0,3.044522437723423,6.675911490122425,0.0,0,0.0,0.02248884086321126,-3.7719904832454065,True
1954,대조,0,3.0,31.0,379.57,190.0,3.0,11.67,0.0,4.0,0,0.0,0.0,0.0,147.93,9.0,3.0,0,1,3.0,3.4657359027997265,5.941670128844168,0.030745317069315277,0,4.0,0.1100291118624225,-2.0904437681607644,True
1957,대조,0,1.0,9.0,415.23,168.0,0.0,0.0,0.0,1.0,0,0.0,0.0,0.0,292.31,5.0,1.0,0,1,1.0,2.302585092994046,6.031237992092261,0.0,0,1.0,0.019793864704814337,-3.9023908653940627,True
1959,대조,0,1.0,26.0,1567.53,131468.0,1.0,3.79,0.0,2.0,0,0.0,0.0,0.0,711.25,13.0,1.0,0,1,1.0,3.295836866004329,7.357894154001855,0.0024178165649142284,0,2.0,0.08779181000312486,-2.3409000263845376,True
1961,대조,0,12.0,6.0,138.60999999999999,64.0,0.0,0.0,0.0,2.0,0,0.0,0.0,0.0,80.75,7.0,12.0,0,1,12.0,1.9459101490553132,4.938852821000556,0.0,0,2.0,0.015163445270479498,-4.173588078138552,True
1962,대조,0,1.0,21.0,433.33,172.0,0.0,0.0,0.0,0.0,1,0.0,0.0,0.0,248.26,8.0,1.0,0,1,1.0,3.091042453358316,6.073804613830202,0.0,0,0.0,0.014590468635603442,-4.2126888402991325,True
1963,대조,0,21.0,4.0,190.59,91.0,0.0,0.0,4.0,2.0,0,0.0,0.0,0.0,24.64,2.0,21.0,0,1,21.0,1.6094379124341003,5.255357672107901,0.0,1,2.0,0.032291595702642215,-3.4001238052587386,True
1964,대조,0,5.0,8.0,238.18,141.0,0.0,0.0,0.0,0.0,1,0.0,0.0,0.0,222.39000000000001,7.0,5.0,0,1,5.0,2.1972245773362196,5.477216406540661,0.0,0,0.0,0.008856490781411912,-4.717708724550944,True
1965,처치,1,2.0,26.0,774.68,104109.0,20.0,22.919999999999998,1.0,3.0,1,0.45,1.0,1.0,272.05,11.0,2.0,1,1,2.0,3.295836866004329,6.65374006400084,0.029586409872463467,1,3.0,0.15589521181415447,-1.6890925811023414,True
1968,대조,0,10.0,16.0,279.29,147.0,0.0,0.0,0.0,1.0,0,0.0,0.0,0.0,95.64,6.0,10.0,0,1,10.0,2.833213344056216,5.635824781472974,0.0,0,1.0,0.01931677009781519,-3.927275866515476,True
1969,대조,0,1.0,43.0,389.82,245.0,0.0,0.0,0.0,1.0,0,0.0,0.0,0.0,178.67,17.0,1.0,0,1,1.0,3.784189633918261,5.9682470959317975,0.0,0,1.0,0.023840498298429283,-3.7122402531769643,True
1970,대조,0,6.0,16.0,302.56,163.0,0.0,0.0,0.0,0.0,0,0.0,0.0,0.0,45.07,5.0,6.0,0,1,6.0,2.833213344056216,5.715579284535712,0.0,0,0.0,0.01308249581656455,-4.323311314061897,True
1971,대조,0,2.0,14.0,169.92,26789.0,0.0,0.0,0.0,3.0,0,2.5,1.0,1.0,100.8,6.0,2.0,1,1,2.0,2.70805020110221,5.141195610775824,0.0,0,3.0,0.02336902392932064,-3.7326974876927035,True
1972,대조,0,10.0,20.0,390.66,216.0,0.0,0.0,0.0,1.0,0,0.0,0.0,0.0,74.6,4.0,10.0,0,1,10.0,3.044522437723423,5.9703941164886905,0.0,0,1.0,0.02547000634900296,-3.64445375871168,True
1974,대조,0,3.0,35.0,1042.06,35990.0,0.0,0.0,0.0,3.0,0,0.0,0.0,0.0,352.17,14.0,3.0,0,1,3.0,3.58351893845611,6.949913979712446,0.0,0,3.0,0.09744635239447018,-2.225926137051461,True
1979,대조,0,6.0,14.0,129.5,5197.0,0.0,0.0,0.0,1.0,1,0.0,0.0,0.0,70.49000000000001,4.0,6.0,0,1,6.0,2.70805020110221,4.871373226762748,0.0,0,1.0,0.009075872912680267,-4.693018405178383,True
1980,대조,0,3.0,8.0,737.03,9091.0,0.0,0.0,0.0,0.0,1,0.0,0.0,0.0,405.74,6.0,3.0,0,1,3.0,2.1972245773362196,6.603984474180771,0.0,0,0.0,0.01945366863949091,-3.9200742260348447,True
1981,대조,0,4.0,6.0,80.81,51.0,0.0,0.0,0.0,1.0,0,0.0,0.0,0.0,93.15,4.0,4.0,0,1,4.0,1.9459101490553132,4.404399485525607,0.0,0,1.0,0.006007138066120934,-5.108781585668609,True
1982,대조,0,45.0,16.0,421.88,34223.0,0.0,0.0,0.0,1.0,1,0.0,0.0,0.0,0.0,0.0,45.0,0,0,45.0,2.833213344056216,6.047088450855979,0.0,0,1.0,0.04750182123738495,-2.998320142793532,True
1987,대조,0,12.0,13.0,477.12,267.0,0.0,0.0,0.0,0.0,0,0.0,0.0,0.0,85.44,2.0,12.0,0,1,12.0,2.6390573296152584,6.16986174700978,0.0,0,0.0,0.01997218409644304,-3.89324044451402,True
1988,대조,0,2.0,34.0,1335.63,89760.0,1.0,24.99,0.0,1.0,0,0.0,0.0,0.0,288.35,5.0,2.0,0,1,2.0,3.5553480614894135,7.1979067998348105,0.01871027155724265,0,1.0,0.07657898798054713,-2.4897625341016196,True
1989,대조,0,1.0,25.0,550.9,32627.0,0.0,0.0,0.0,1.0,1,0.0,0.0,0.0,194.49,11.0,1.0,0,1,1.0,3.258096538021482,6.3133668704454555,0.0,0,1.0,0.025723897089055196,-3.63427432900247,True
1990,대조,0,5.0,19.0,632.32,66247.0,0.0,0.0,1.0,1.0,1,0.0,0.0,0.0,290.93,11.0,5.0,0,1,5.0,2.995732273553991,6.450975823633233,0.0,1,1.0,0.04374625739681613,-3.08461723503769,True
1993,대조,0,10.0,8.0,91.84,11625.0,0.0,0.0,0.0,0.0,0,0.0,0.0,0.0,196.36,7.0,10.0,0,1,10.0,2.1972245773362196,4.530877581406236,0.0,0,0.0,0.005352587414360946,-5.2248082422984305,True
1996,대조,0,6.0,16.0,410.53000000000003,128.0,0.0,0.0,0.0,0.0,0,0.0,0.0,0.0,252.22,11.0,6.0,0,1,6.0,2.833213344056216,6.0198819214694765,0.0,0,0.0,0.016353533629019874,-4.096822552260759,True
1997,대조,0,20.0,8.0,529.63,16982.0,0.0,0.0,0.0,0.0,1,0.0,0.0,0.0,217.3,3.0,20.0,0,1,20.0,2.1972245773362196,6.274064979871629,0.0,0,0.0,0.02151859815012396,-3.8170841884103512,True
1998,대조,0,3.0,45.0,467.89,320.0,0.0,0.0,0.0,3.0,0,0.0,0.0,0.0,142.41,22.0,3.0,0,1,3.0,3.828641396489095,6.150368199359277,0.0,0,3.0,0.05831549085950456,-2.7818025350053297,True
2002,대조,0,4.0,7.0,126.4,5711.0,0.0,0.0,0.0,1.0,1,0.0,0.0,0.0,139.43,2.0,4.0,0,1,4.0,2.0794415416798357,4.847331743138063,0.0,0,1.0,0.007748439247287216,-4.852485228967689,True
2006,대조,0,4.0,6.0,166.88,93.0,0.0,0.0,0.0,3.0,1,0.0,0.0,0.0,133.2,4.0,4.0,0,1,4.0,1.9459101490553132,5.12324943846539,0.0,0,3.0,0.01942238138201924,-3.921715724207692,True
2008,대조,0,1.0,11.0,455.04,179.0,0.0,0.0,0.0,1.0,0,0.0,0.0,0.0,116.67,5.0,1.0,0,1,1.0,2.4849066497880004,6.122580524965519,0.0,0,1.0,0.021769464706574534,-3.8052370770535053,True
2009,대조,0,,0.0,0.0,0.0,0.0,0.0,0.0,1.0,0,0.0,0.0,0.0,0.0,0.0,90.0,0,0,90.0,0.0,0.0,0.0,0,1.0,0.0009721671059444202,-6.93501020861755,False
2011,대조,0,3.0,17.0,248.55,125.0,0.0,0.0,0.0,1.0,1,0.0,0.0,0.0,116.06,6.0,3.0,0,1,3.0,2.8903717578961645,5.519659295915618,0.0,0,1.0,0.014163165271126326,-4.242846259507982,True
2012,처치,1,1.0,52.0,1670.86,111249.0,4.0,41.56,0.0,2.0,1,3.79,1.0,1.0,634.32,29.0,1.0,1,1,1.0,3.970291913552122,7.421692058081506,0.02487341847910657,0,2.0,0.13099904455144457,-1.892154195071158,True
2014,대조,0,,0.0,0.0,0.0,0.0,0.0,0.0,1.0,0,0.0,0.0,0.0,18.759999999999998,2.0,90.0,0,1,90.0,0.0,0.0,0.0,0,1.0,0.0009721671059444202,-6.93501020861755,False
2016,대조,0,12.0,21.0,363.32,289.0,0.0,0.0,0.0,1.0,0,0.0,0.0,0.0,33.8,1.0,12.0,0,1,12.0,3.091042453358316,5.898032602315429,0.0,0,1.0,0.025336067333904973,-3.649863760265122,True
2017,대조,0,2.0,33.0,1511.51,101741.0,0.0,0.0,0.0,1.0,1,0.0,0.0,0.0,443.65,10.0,2.0,0,1,2.0,3.5263605246161616,7.321525801453388,0.0,0,1.0,0.05622676172263305,-2.8204930928063945,True
2018,대조,0,8.0,28.0,481.96,297.0,0.0,0.0,0.0,2.0,1,0.0,0.0,0.0,192.67,10.0,8.0,0,1,8.0,3.367295829986474,6.17993383448817,0.0,0,2.0,0.039195350073989846,-3.1992129911949987,True
2020,대조,0,1.0,45.0,1550.39,658.0,0.0,0.0,0.0,1.0,1,0.0,0.0,0.0,177.01,5.0,1.0,0,1,1.0,3.828641396489095,7.346906582245099,0.0,0,1.0,0.05875955540392378,-2.7737448422668685,True
2021,대조,0,8.0,5.0,104.25,48.0,0.0,0.0,0.0,1.0,0,0.0,0.0,0.0,107.3,3.0,8.0,0,1,8.0,1.791759469228055,4.656338472562491,0.0,0,1.0,0.007661035578750991,-4.86391757926152,True
2027,대조,0,1.0,34.0,417.44,223.0,0.0,0.0,0.0,2.0,0,0.0,0.0,0.0,284.5,12.0,1.0,0,1,1.0,3.5553480614894135,6.03653351047556,0.0,0,2.0,0.03473544767990878,-3.324641498749175,True
2029,대조,0,1.0,15.0,284.62,62.0,0.0,0.0,0.0,0.0,0,0.0,0.0,0.0,255.39,4.0,1.0,0,1,1.0,2.772588722239781,5.654662256024787,0.0,0,0.0,0.011196843206259507,-4.48086339726059,True
2032,대조,0,21.0,13.0,198.47,4957.0,0.0,0.0,0.0,1.0,0,0.0,0.0,0.0,22.58,1.0,21.0,0,1,21.0,2.6390573296152584,5.295663849082473,0.0,0,1.0,0.018235408847559,-3.985986310695237,True
2033,대조,0,4.0,29.0,636.65,28836.0,0.0,0.0,0.0,0.0,0,0.0,0.0,0.0,205.59,7.0,4.0,0,1,4.0,3.4011973816621555,6.4577895434729085,0.0,0,0.0,0.02363680054102827,-3.7210298053084436,True
2034,대조,0,1.0,24.0,660.73,42185.0,0.0,0.0,0.0,1.0,0,0.0,0.0,0.0,40.29,5.0,1.0,0,1,1.0,3.2188758248682006,6.494857617756648,0.0,0,1.0,0.03196174285863198,-3.410731956426763,True
2035,대조,0,12.0,11.0,105.79,76.0,0.0,0.0,0.0,1.0,0,0.0,0.0,0.0,21.43,1.0,12.0,0,1,12.0,2.4849066497880004,4.670864289183454,0.0,0,1.0,0.009375806286683813,-4.660202671076867,True
2037,대조,0,9.0,12.0,182.75,88.0,0.0,0.0,0.0,2.0,0,0.0,0.0,0.0,4.83,1.0,9.0,0,1,9.0,2.5649493574615367,5.213576138092946,0.0,0,2.0,0.019235288683494278,-3.9315860407134475,True
2039,대조,0,,0.0,0.0,0.0,0.0,0.0,0.0,1.0,0,0.0,0.0,0.0,0.0,0.0,90.0,0,0,90.0,0.0,0.0,0.0,0,1.0,0.0009721671059444202,-6.93501020861755,False
2041,대조,0,1.0,27.0,1345.25,40079.0,0.0,0.0,1.0,1.0,1,0.0,0.0,0.0,569.84,14.0,1.0,0,1,1.0,3.332204510175204,7.205078228470598,0.0,1,1.0,0.07232388747970998,-2.551528186678077,True
2043,대조,0,19.0,5.0,97.31,66.0,0.0,0.0,0.0,0.0,0,0.0,0.0,0.0,282.08,4.0,19.0,0,1,19.0,1.791759469228055,4.588125751378833,0.0,0,0.0,0.006289630695545207,-5.062543429189324,True
2044,대조,0,11.0,6.0,190.3,67.0,0.0,0.0,0.0,1.0,0,0.0,0.0,0.0,5.0200000000000005,1.0,11.0,0,1,11.0,1.9459101490553132,5.253842876446207,0.0,0,1.0,0.01295757330490578,-4.333032595616554,True
2046,대조,0,17.0,9.0,92.16,32.0,0.0,0.0,0.0,1.0,0,0.0,0.0,0.0,0.0,0.0,17.0,0,0,17.0,2.302585092994046,4.53431844501614,0.0,0,1.0,0.009116712688806889,-4.688487466432134,True
2047,처치,1,4.0,33.0,1140.56,146393.0,0.0,0.0,0.0,2.0,0,2.79,1.0,1.0,279.74,8.0,4.0,1,1,4.0,3.5263605246161616,7.040151027006366,0.0,0,2.0,0.07441346284206826,-2.520790753136905,True
2050,대조,0,3.0,21.0,811.54,85058.0,0.0,0.0,0.0,3.0,1,0.0,0.0,0.0,140.03,8.0,3.0,0,1,3.0,3.091042453358316,6.700165143761328,0.0,0,3.0,0.07008818246458684,-2.5853355630723924,True
2051,대조,0,1.0,3.0,29.79,1825.0,0.0,0.0,0.0,4.0,0,0.0,0.0,0.0,0.0,0.0,1.0,0,0,1.0,1.3862943611198906,3.427189961936409,0.0,0,4.0,0.007637718956896624,-4.866989250531486,True
2053,대조,0,5.0,34.0,689.75,15117.0,0.0,0.0,0.0,1.0,1,0.0,0.0,0.0,237.61,11.0,5.0,0,1,5.0,3.5553480614894135,6.537777963803526,0.0,0,1.0,0.034300870919258465,-3.337681580038088,True
2056,대조,0,6.0,10.0,395.98,145.0,0.0,0.0,0.0,0.0,0,0.0,0.0,0.0,221.32,8.0,6.0,0,1,6.0,2.3978952727983707,5.983885901584432,0.0,0,0.0,0.014872486011542802,-4.193258159098331,True
2057,대조,0,4.0,22.0,447.43,34586.0,0.0,0.0,0.0,1.0,1,0.0,0.0,0.0,105.5,3.0,4.0,0,1,4.0,3.1354942159291497,6.1057525935095045,0.0,0,1.0,0.02304693900673808,-3.746905644217544,True
2058,대조,0,3.0,22.0,674.69,235.0,0.0,0.0,0.0,4.0,1,0.0,0.0,0.0,201.58,7.0,3.0,0,1,3.0,3.1354942159291497,6.515734390981397,0.0,0,4.0,0.08769508673111708,-2.3421083947032817,True
2059,대조,0,26.0,5.0,228.14,77.0,1.0,6.99,0.0,1.0,0,0.0,0.0,0.0,0.0,0.0,26.0,0,0,26.0,1.791759469228055,5.43433317046548,0.030639081265889368,0,1.0,0.03272671125487544,-3.3862894681630906,True
2063,대조,0,3.0,7.0,276.64,153.0,0.0,0.0,0.0,2.0,1,0.0,0.0,0.0,118.05,4.0,3.0,0,1,3.0,2.0794415416798357,5.626325310471383,0.0,0,2.0,0.01945876139297676,-3.9198072776431436,True
2064,대조,0,2.0,49.0,1423.43,477.0,0.0,0.0,0.0,1.0,1,0.0,0.0,0.0,392.76,20.0,2.0,0,1,2.0,3.912023005428146,7.2615270126814115,0.0,0,1.0,0.05713806176131427,-2.80344938960274,True
2065,대조,0,13.0,11.0,432.65,138.0,0.0,0.0,0.0,0.0,0,17.49,1.0,1.0,306.16,6.0,13.0,1,1,13.0,2.4849066497880004,6.072237757130464,0.0,0,0.0,0.0185227362696241,-3.970059883584915,True
2066,처치,1,12.0,22.0,251.67,7354.0,3.0,5.67,1.0,2.0,0,0.0,0.0,0.0,24.0,3.0,12.0,0,1,12.0,3.1354942159291497,5.532084289499378,0.02252950292049112,1,2.0,0.06036026363369379,-2.745165541037823,True
2069,대조,0,20.0,7.0,208.56,95.0,0.0,0.0,0.0,2.0,1,0.0,0.0,0.0,123.07,7.0,20.0,0,1,20.0,2.0794415416798357,5.345010094540019,0.0,0,2.0,0.022299444711465218,-3.780641665140485,True
2070,처치,1,2.0,99.0,1627.96,30232.0,2.0,34.989999999999995,0.0,1.0,1,0.0,0.0,0.0,411.41,30.0,2.0,0,1,2.0,4.605170185988092,7.3956970533588855,0.021493157080026533,0,1.0,0.09785981125657199,-2.2212339707286666,True
2071,대조,0,4.0,60.0,465.43,237.0,0.0,0.0,0.0,0.0,0,0.0,0.0,0.0,106.9,11.0,4.0,0,1,4.0,4.110873864173311,6.145107955437664,0.0,0,0.0,0.021036865627302653,-3.8402175807238463,True
2074,대조,0,19.0,3.0,75.42,34.0,0.0,0.0,0.0,1.0,0,0.0,0.0,0.0,33.99,3.0,19.0,0,1,19.0,1.3862943611198906,4.336244442018754,0.0,0,1.0,0.0070932108636247914,-4.941498681510248,True
2075,대조,0,3.0,40.0,1051.6200000000001,67839.0,0.0,0.0,0.0,0.0,0,0.0,0.0,0.0,430.25,19.0,3.0,0,1,3.0,3.713572066704308,6.959037573309187,0.0,0,0.0,0.034942478205643335,-3.3184844779834073,True
2076,처치,1,3.0,26.0,1049.93,86516.0,8.0,10.61,0.0,6.0,1,0.0,0.0,0.0,180.48,6.0,3.0,0,1,3.0,3.295836866004329,6.957430765423843,0.010105435600468601,0,6.0,0.25610992388597764,-1.0662865342612524,True
2078,대조,0,13.0,6.0,65.64,28.0,0.0,0.0,0.0,4.0,0,0.0,0.0,0.0,0.0,0.0,13.0,0,0,13.0,1.9459101490553132,4.1993049978585875,0.0,0,4.0,0.018766232476665142,-3.95675161633306,True
2081,대조,0,11.0,3.0,75.61,39.0,0.0,0.0,0.0,1.0,0,0.0,0.0,0.0,9.67,1.0,11.0,0,1,11.0,1.3862943611198906,4.33872761652873,0.0,0,1.0,0.006037726512999764,-5.1036717157418225,True
2082,대조,0,2.0,26.0,759.5600000000001,89547.0,0.0,0.0,2.0,2.0,1,0.0,0.0,0.0,343.17,10.0,2.0,0,1,2.0,3.295836866004329,6.634055004050775,0.0,1,2.0,0.06988453748530311,-2.588464315993178,True
2083,대조,0,4.0,48.0,844.58,47639.0,0.0,0.0,0.0,2.0,0,0.0,0.0,0.0,420.84,20.0,4.0,0,1,4.0,3.8918202981106265,6.740022782431475,0.0,0,2.0,0.06382218262642063,-2.6857046142710956,True
2084,대조,0,10.0,20.0,457.88,237.0,0.0,0.0,0.0,1.0,1,0.0,0.0,0.0,226.13,6.0,10.0,0,1,10.0,3.044522437723423,6.128788737971201,0.0,0,1.0,0.026051114180777137,-3.6212982855005587,True
2085,처치,1,3.0,55.0,2157.86,79649.0,0.0,0.0,4.0,1.0,1,0.0,0.0,0.0,763.57,19.0,3.0,0,1,3.0,4.02535169073515,7.677335583576718,0.0,1,1.0,0.1142410099770599,-2.0481345539229134,True
2088,대조,0,4.0,13.0,578.81,466.0,0.0,0.0,0.0,4.0,1,0.0,0.0,0.0,285.52,5.0,4.0,0,1,4.0,2.6390573296152584,6.362700463665486,0.0,0,4.0,0.07481818431906423,-2.514929314385605,True
2092,대조,0,3.0,29.0,359.22,34326.0,0.0,0.0,0.0,1.0,1,0.0,0.0,0.0,49.06,3.0,3.0,0,1,3.0,3.4011973816621555,5.886714955908912,0.0,0,1.0,0.02007645281085169,-3.8879269291765968,True
2094,대조,0,8.0,13.0,546.72,276.0,0.0,0.0,0.0,0.0,1,0.0,0.0,0.0,161.42,4.0,8.0,0,1,8.0,2.6390573296152584,6.3057642074640325,0.0,0,0.0,0.018544994978898485,-3.9688362294006776,True
2095,처치,1,15.0,12.0,373.2,3377.0,1.0,1.39,0.0,3.0,0,0.0,0.0,0.0,199.87,9.0,15.0,0,1,15.0,2.5649493574615367,5.92479041383999,0.0037245444801714896,0,3.0,0.055124112156424425,-2.841466355621801,True
2099,대조,0,10.0,19.0,245.27,17406.0,1.0,1.79,0.0,0.0,0,0.0,0.0,0.0,51.980000000000004,5.0,10.0,0,1,10.0,2.995732273553991,5.506428495028285,0.007298079667305418,0,0.0,0.014135389337625886,-4.244837498481466,True
2100,대조,0,5.0,11.0,412.32,306.0,0.0,0.0,0.0,1.0,1,0.0,0.0,0.0,200.9,6.0,5.0,0,1,5.0,2.4849066497880004,6.0242221113461545,0.0,0,1.0,0.02001276633039106,-3.8911691582758148,True
2102,대조,0,4.0,16.0,417.19,155.0,0.0,0.0,0.0,1.0,1,4.49,1.0,1.0,357.32,6.0,4.0,1,1,4.0,2.833213344056216,6.035935874704811,0.0,0,1.0,0.020892940242512464,-3.847229678321906,True
2108,대조,0,1.0,25.0,564.69,300.0,0.0,0.0,0.0,1.0,0,0.0,0.0,0.0,135.21,9.0,1.0,0,1,1.0,3.258096538021482,6.338046224978795,0.0,0,1.0,0.02871584343017855,-3.521170062358409,True
2112,처치,1,4.0,21.0,803.6,8375.0,0.0,0.0,0.0,2.0,1,0.0,0.0,0.0,440.33,8.0,4.0,0,1,4.0,3.091042453358316,6.690345259515688,0.0,0,2.0,0.04994835041213245,-2.9455268713368308,True
2114,대조,0,3.0,21.0,448.51,13666.0,0.0,0.0,0.0,3.0,0,0.0,0.0,0.0,173.07,9.0,3.0,0,1,3.0,3.091042453358316,6.108158100605261,0.0,0,3.0,0.05063148134938527,-2.931223502475758,True
2117,대조,0,7.0,10.0,186.73,130.0,0.0,0.0,0.0,2.0,0,0.0,0.0,0.0,89.8,4.0,7.0,0,1,7.0,2.3978952727983707,5.23500476033627,0.0,0,2.0,0.018282336632879016,-3.983368372756016,True
2123,대조,0,1.0,9.0,717.51,324.0,0.0,0.0,0.0,1.0,1,0.0,0.0,0.0,232.71,4.0,1.0,0,1,1.0,2.302585092994046,6.577179623306709,0.0,0,1.0,0.026836509153198775,-3.5907888533741907,True
2128,대조,0,9.0,10.0,112.95,41.0,2.0,33.98,0.0,0.0,0,0.0,0.0,0.0,7.99,1.0,9.0,0,1,9.0,2.3978952727983707,4.735759755691693,0.3008410801239486,0,0.0,0.534607853453525,0.13865311783846895,True
2130,대조,0,3.0,13.0,571.39,217.0,0.0,0.0,0.0,1.0,1,0.0,0.0,0.0,173.05,7.0,3.0,0,1,3.0,2.6390573296152584,6.349820577229199,0.0,0,1.0,0.024960735392612815,-3.665173735666898,True
2131,대조,0,4.0,16.0,746.63,325.0,0.0,0.0,0.0,1.0,0,0.0,0.0,0.0,8.42,2.0,4.0,0,1,4.0,2.833213344056216,6.6169082031872,0.0,0,1.0,0.03488860364983296,-3.320083298412105,True
2133,대조,0,2.0,17.0,905.33,43574.0,0.0,0.0,0.0,2.0,1,0.0,0.0,0.0,314.94,5.0,2.0,0,1,2.0,2.8903717578961645,6.809403478134869,0.0,0,2.0,0.05068922680683036,-2.9300228203878005,True
2137,대조,0,4.0,35.0,748.57,79169.0,1.0,2.99,0.0,2.0,0,0.0,0.0,0.0,111.0,6.0,4.0,0,1,4.0,3.58351893845611,6.61949970877862,0.003994282431836702,0,2.0,0.059765559760199385,-2.755699677372022,True
2144,대조,0,2.0,11.0,703.26,224.0,0.0,0.0,0.0,0.0,0,0.0,0.0,0.0,87.18,3.0,2.0,0,1,2.0,2.4849066497880004,6.557147606158687,0.0,0,0.0,0.021151282586417554,-3.834676556885026,True
2145,대조,0,31.0,6.0,140.42000000000002,14378.0,0.0,0.0,0.0,1.0,0,0.0,0.0,0.0,17.05,2.0,31.0,0,1,31.0,1.9459101490553132,4.951734186176095,0.0,0,1.0,0.01555286470952516,-4.147835352273503,True
2146,대조,0,13.0,4.0,114.19,43.0,0.0,0.0,0.0,2.0,0,0.0,0.0,0.0,147.44,3.0,13.0,0,1,13.0,1.6094379124341003,4.746582938938415,0.0,0,2.0,0.012742098422723216,-4.350019955817865,True
2148,대조,0,5.0,23.0,424.6,279.0,0.0,0.0,0.0,3.0,1,0.0,0.0,0.0,174.4,5.0,5.0,0,1,5.0,3.1780538303479458,6.053499938027435,0.0,0,3.0,0.0468994329290591,-3.0117148406043865,True
2149,대조,0,28.0,20.0,734.72,58176.0,1.0,9.98,0.0,2.0,0,4.54,4.0,4.0,333.65,6.0,28.0,1,1,28.0,3.044522437723423,6.600849611562597,0.013583405923344947,0,2.0,0.09992829696824629,-2.198021531704737,True
2158,대조,0,4.0,19.0,440.71,35353.0,0.0,0.0,0.0,0.0,1,0.0,0.0,0.0,102.6,4.0,4.0,0,1,4.0,2.995732273553991,6.090653558146974,0.0,0,0.0,0.015460455190787498,-4.153888578820779,True
2159,대조,0,10.0,25.0,253.14000000000001,17173.0,0.0,0.0,0.0,1.0,0,0.0,0.0,0.0,215.51,8.0,10.0,0,1,10.0,3.258096538021482,5.5378852962763885,0.0,0,1.0,0.01922378025095698,-3.9321962517233837,True
2161,대조,0,87.0,1.0,40.0,15215.0,0.0,0.0,0.0,1.0,0,0.0,0.0,0.0,0.0,0.0,87.0,0,0,87.0,0.6931471805599453,3.713572066704308,0.0,0,1.0,0.015958780304257982,-4.121658619047215,True
2162,처치,1,2.0,28.0,2099.41,114772.0,3.0,30.98,0.0,3.0,1,4.2,10.0,6.0,458.57,7.0,2.0,1,1,2.0,3.367295829986474,7.6498878427502754,0.014756526833729477,0,3.0,0.16801780115703685,-1.5997411119128317,True
2168,대조,0,1.0,25.0,726.28,456.0,0.0,0.0,1.0,3.0,1,0.0,0.0,0.0,265.7,11.0,1.0,0,1,1.0,3.258096538021482,6.589311547813603,0.0,1,3.0,0.09322134054892889,-2.27492171311972,True
2173,대조,0,3.0,7.0,304.13,149.0,0.0,0.0,0.0,0.0,1,0.0,0.0,0.0,331.51,15.0,3.0,0,1,3.0,2.0794415416798357,5.720737915305614,0.0,0,0.0,0.009988250057740407,-4.596307403765592,True
2176,대조,0,24.0,11.0,268.59,155.0,0.0,0.0,0.0,1.0,0,0.0,0.0,0.0,51.35,4.0,24.0,0,1,24.0,2.4849066497880004,5.596902286362097,0.0,0,1.0,0.023546913064907513,-3.724931975285224,True
2179,대조,0,8.0,9.0,229.91,8103.0,0.0,0.0,0.0,1.0,1,0.0,0.0,0.0,17.419999999999998,1.0,8.0,0,1,8.0,2.302585092994046,5.442028024214336,0.0,0,1.0,0.013490997454966616,-4.292149843353682,True
2181,대조,0,32.0,2.0,53.75,8.0,0.0,0.0,0.0,1.0,1,0.0,0.0,0.0,0.0,0.0,32.0,0,0,32.0,1.0986122886681098,4.00277736869661,0.0,0,1.0,0.006281032155757168,-5.063920115166985,True
2182,대조,0,15.0,5.0,61.96,38.0,0.0,0.0,0.0,3.0,1,0.0,0.0,0.0,0.0,0.0,15.0,0,0,15.0,1.791759469228055,4.1424996041091475,0.0,0,3.0,0.01153453097747074,-4.450808479315353,True
2183,대조,0,1.0,22.0,583.5600000000001,29842.0,0.0,0.0,0.0,2.0,1,0.0,0.0,0.0,439.72,16.0,1.0,0,1,1.0,3.1354942159291497,6.370859427482962,0.0,0,2.0,0.037770934300590114,-3.237712663356255,True
2184,대조,0,1.0,36.0,578.94,57567.0,1.0,3.9,0.0,0.0,1,0.0,0.0,0.0,163.04,5.0,1.0,0,1,1.0,3.6109179126442243,6.362924649913461,0.0067364493729920195,0,0.0,0.02192618235625122,-3.797903681236541,True
2185,처치,1,11.0,8.0,897.84,299.0,1.0,15.99,0.0,7.0,1,0.0,0.0,0.0,399.26,6.0,11.0,0,1,11.0,2.1972245773362196,6.801105043103732,0.017809409248863938,0,6.0,0.2570741457907126,-1.0612316989797965,True
2186,대조,0,2.0,13.0,386.89,111.0,0.0,0.0,0.0,1.0,1,0.0,0.0,0.0,546.37,14.0,2.0,0,1,2.0,2.6390573296152584,5.960721794273451,0.0,0,1.0,0.01842811263200117,-3.9752778943273985,True
2187,대조,0,27.0,9.0,324.2,148.0,0.0,0.0,0.0,1.0,0,0.0,0.0,0.0,166.04999999999998,1.0,27.0,0,1,27.0,2.302585092994046,5.784440377673656,0.0,0,1.0,0.02784098053922057,-3.553010335983695,True
2198,대조,0,5.0,83.0,1107.87,59999.0,0.0,0.0,0.0,0.0,1,0.0,0.0,0.0,431.8,22.0,5.0,0,1,5.0,4.430816798843313,7.011096757756072,0.0,0,0.0,0.038467311567624576,-3.2187197313255997,True
2204,대조,0,1.0,38.0,451.68,7323.0,0.0,0.0,0.0,0.0,0,0.0,0.0,0.0,90.97,10.0,1.0,0,1,1.0,3.6635616461296463,6.115185474097741,0.0,0,0.0,0.018064808117729418,-3.995559567356624,True
2205,대조,0,39.0,3.0,93.24,49.0,0.0,0.0,0.0,2.0,0,0.0,0.0,0.0,52.42,3.0,39.0,0,1,39.0,1.3862943611198906,4.545844719903276,0.0,0,2.0,0.017949904640056524,-4.00205751826964,True
2211,대조,0,3.0,14.0,349.0,28096.0,0.0,0.0,0.0,0.0,0,0.0,0.0,0.0,103.63,4.0,3.0,0,1,3.0,2.70805020110221,5.857933154483459,0.0,0,0.0,0.013401570472323605,-4.29889119747921,True
2213,대조,0,8.0,6.0,196.87,7519.0,1.0,2.99,0.0,3.0,0,0.0,0.0,0.0,33.46,2.0,8.0,0,1,8.0,1.9459101490553132,5.287610249404349,0.015187687306344289,0,3.0,0.03356428404454366,-3.3601522574870666,True
2215,대조,0,3.0,24.0,453.45,165.0,0.0,0.0,0.0,3.0,0,0.0,0.0,0.0,256.31,11.0,3.0,0,1,3.0,3.2188758248682006,6.119087896564779,0.0,0,3.0,0.05202335015655118,-2.9026372117202337,True
2221,대조,0,2.0,18.0,383.92,231.0,0.0,0.0,0.0,1.0,1,0.0,0.0,0.0,123.32000000000001,7.0,2.0,0,1,2.0,2.9444389791664403,5.9530355204882,0.0,0,1.0,0.01922479710370716,-3.9321423207714323,True
2222,대조,0,2.0,6.0,495.77,193.0,0.0,0.0,1.0,1.0,0,0.0,0.0,0.0,129.44,2.0,2.0,0,1,2.0,1.9459101490553132,6.208127142322502,0.0,1,1.0,0.03229252024922723,-3.4000942190872667,True
2223,대조,0,45.0,2.0,46.129999999999995,11.0,0.0,0.0,0.0,2.0,0,0.0,0.0,0.0,0.0,0.0,45.0,0,0,45.0,1.0986122886681098,3.8529097409356394,0.0,0,2.0,0.011649093829453104,-4.440809408772487,True
2226,처치,1,1.0,148.0,2278.81,104802.0,41.0,118.55,0.0,2.0,0,40.28,30.0,16.0,786.52,41.0,1.0,1,1,1.0,5.003946305945459,7.731847385142738,0.05202276626835936,0,2.0,0.2825214148526412,-0.9319887482022754,True
2230,대조,0,10.0,7.0,208.02,76.0,0.0,0.0,0.0,0.0,0,0.0,0.0,0.0,0.0,0.0,10.0,0,0,10.0,2.0794415416798357,5.342429941166357,0.0,0,0.0,0.009568889627600267,-4.639623141004661,True
2231,대조,0,11.0,6.0,400.07,130.0,4.0,37.56,0.0,0.0,1,10.59,1.0,1.0,187.29,3.0,11.0,1,1,11.0,1.9459101490553132,5.9941359756631405,0.09388357037518436,0,0.0,0.06738351018438124,-2.6275937338031303,True
2234,대조,0,45.0,11.0,421.17,28253.0,0.0,0.0,0.0,0.0,1,0.0,0.0,0.0,365.95,8.0,45.0,0,1,45.0,2.4849066497880004,6.045408076518209,0.0,0,0.0,0.03141107712657981,-3.4286796882440473,True
2238,대조,0,2.0,24.0,266.34000000000003,174.0,0.0,0.0,0.0,1.0,0,0.0,0.0,0.0,191.47,15.0,2.0,0,1,2.0,3.2188758248682006,5.588521256543327,0.0,0,1.0,0.0168766354393138,-4.06480446331515,True
2241,대조,0,8.0,14.0,216.21,103.0,0.0,0.0,0.0,0.0,0,0.0,0.0,0.0,153.35,6.0,8.0,0,1,8.0,2.70805020110221,5.380864627515602,0.0,0,0.0,0.01044166932289384,-4.551454246452304,True
2245,처치,1,5.0,11.0,312.45,172.0,2.0,16.18,0.0,2.0,0,0.0,0.0,0.0,277.77,15.0,5.0,0,1,5.0,2.4849066497880004,5.747639857719977,0.05178428548567771,0,2.0,0.06100072278486879,-2.733928996433634,True
2247,대조,0,14.0,7.0,275.45,123.0,0.0,0.0,0.0,1.0,0,0.0,0.0,0.0,50.699999999999996,3.0,14.0,0,1,14.0,2.0794415416798357,5.622029972783942,0.0,0,1.0,0.018412805540628477,-3.9761244718855453,True
2248,대조,0,23.0,4.0,183.59,86.0,0.0,0.0,0.0,0.0,0,0.0,0.0,0.0,154.4,1.0,23.0,0,1,23.0,1.6094379124341003,5.218137149420508,0.0,0,0.0,0.010552419470913146,-4.54079162055847,True
2250,대조,0,2.0,13.0,515.95,31109.0,0.0,0.0,0.0,0.0,1,0.0,0.0,0.0,151.69,3.0,2.0,0,1,2.0,2.6390573296152584,6.247946158032702,0.0,0,0.0,0.01575238963236931,-4.134885425496523,True
2251,대조,0,17.0,5.0,353.17,210.0,20.0,40.22,0.0,1.0,0,0.0,0.0,0.0,0.0,0.0,17.0,0,0,17.0,1.791759469228055,5.869777023850878,0.1138828326301781,0,1.0,0.14087580409040731,-1.808034813327591,True
2252,대조,0,5.0,25.0,981.99,78683.0,0.0,0.0,0.0,0.0,1,0.0,0.0,0.0,946.79,30.0,5.0,0,1,5.0,3.258096538021482,6.890598947155442,0.0,0,0.0,0.029425628444498062,-3.496022021458203,True
2254,대조,0,1.0,25.0,309.46000000000004,33076.0,0.0,0.0,0.0,0.0,1,0.0,0.0,0.0,72.45,8.0,1.0,0,1,1.0,3.258096538021482,5.738055068598298,0.0,0,0.0,0.011706250203373103,-4.435857066582371,True
2258,대조,0,30.0,7.0,104.8,46.0,0.0,0.0,0.0,1.0,0,0.0,0.0,0.0,113.25,2.0,30.0,0,1,30.0,2.0794415416798357,4.661550519424199,0.0,0,1.0,0.01258039765034531,-4.362955217620646,True
2260,대조,0,12.0,14.0,699.85,68326.0,0.0,0.0,0.0,1.0,1,0.0,0.0,0.0,451.66,7.0,12.0,0,1,12.0,2.70805020110221,6.5522938841090665,0.0,0,1.0,0.03492800962769844,-3.3189136245268247,True
2263,대조,0,1.0,36.0,349.28,5843.0,0.0,0.0,0.0,4.0,0,0.0,0.0,0.0,151.83,15.0,1.0,0,1,1.0,3.6109179126442243,5.858732834654024,0.0,0,4.0,0.0628957595380579,-2.701315779704938,True
2266,대조,0,2.0,31.0,1604.51,35859.0,0.0,0.0,0.0,2.0,1,0.0,0.0,0.0,762.01,12.0,2.0,0,1,2.0,3.4657359027997265,7.381196742099395,0.0,0,2.0,0.08223241600563964,-2.412394602464912,True
2269,대조,0,1.0,32.0,457.39,248.0,0.0,0.0,0.0,1.0,1,0.0,0.0,0.0,271.5,13.0,1.0,0,1,1.0,3.4965075614664802,6.127720350153853,0.0,0,1.0,0.02333232562673801,-3.734306680100836,True
2273,대조,0,10.0,5.0,148.91,57.0,0.0,0.0,0.0,1.0,0,0.0,0.0,0.0,20.41,2.0,10.0,0,1,10.0,1.791759469228055,5.010035114024223,0.0,0,1.0,0.010357220383514876,-4.559660151261904,True
2274,대조,0,14.0,7.0,900.77,317.0,0.0,0.0,0.0,4.0,0,0.0,0.0,0.0,698.37,3.0,14.0,0,1,14.0,2.0794415416798357,6.8043594986338976,0.0,0,4.0,0.12174850379494974,-1.9759755220367161,True
2275,대조,0,3.0,18.0,193.91,103.0,0.0,0.0,0.0,0.0,0,0.0,0.0,0.0,147.02,12.0,3.0,0,1,3.0,2.9444389791664403,5.27253791356055,0.0,0,0.0,0.00904214840170791,-4.696775201018382,True
2277,대조,0,2.0,28.0,783.64,463.0,1.0,2.99,0.0,2.0,0,0.0,0.0,0.0,129.44,7.0,2.0,0,1,2.0,3.367295829986474,6.665225013867738,0.0038155275381552755,0,2.0,0.057305051985273706,-2.8003539522119176,True
2278,대조,0,15.0,5.0,72.5,17.0,0.0,0.0,0.0,2.0,0,0.0,0.0,0.0,93.32000000000001,3.0,15.0,0,1,15.0,1.791759469228055,4.297285406218791,0.0,0,2.0,0.009812349718940848,-4.614252703181483,True
2279,대조,0,4.0,8.0,140.76,76.0,0.0,0.0,0.0,0.0,1,0.0,0.0,0.0,69.52,3.0,4.0,0,1,4.0,2.1972245773362196,4.954135486856771,0.0,0,0.0,0.005896196422373274,-5.127534162516799,True
2281,대조,0,1.0,15.0,430.07,175.0,0.0,0.0,0.0,0.0,0,0.0,0.0,0.0,278.7,10.0,1.0,0,1,1.0,2.772588722239781,6.066270489909225,0.0,0,0.0,0.015149708041910431,-4.174508381152297,True
2282,대조,0,13.0,8.0,94.22,56.0,0.0,0.0,0.0,1.0,1,0.0,0.0,0.0,102.77,6.0,13.0,0,1,13.0,2.1972245773362196,4.556190003766373,0.0,0,1.0,0.0076466535456046906,-4.86581113277224,True
2286,대조,0,29.0,2.0,38.8,6.0,0.0,0.0,0.0,1.0,0,0.0,0.0,0.0,35.4,1.0,29.0,0,1,29.0,1.0986122886681098,3.6838669122903918,0.0,0,1.0,0.005127208414317668,-5.2680535390126675,True
2288,대조,0,10.0,24.0,451.05,192.0,0.0,0.0,0.0,2.0,0,0.0,0.0,0.0,75.4,5.0,10.0,0,1,10.0,3.2188758248682006,6.113792793183375,0.0,0,2.0,0.04162872356396782,-3.136444857292416,True
2289,대조,0,8.0,13.0,267.08,109.0,1.0,10.59,0.0,1.0,0,6.72,16.0,9.0,176.10999999999999,6.0,8.0,1,1,8.0,2.6390573296152584,5.591285443429055,0.03965104088662573,0,1.0,0.03398653828777453,-3.347213256133726,True
2293,대조,0,1.0,9.0,576.42,319.0,0.0,0.0,0.0,0.0,0,0.0,0.0,0.0,94.37,3.0,1.0,0,1,1.0,2.302585092994046,6.358569904661511,0.0,0,0.0,0.017427121218191642,-4.03214683444599,True
2294,대조,0,2.0,21.0,896.33,59079.0,0.0,0.0,0.0,4.0,1,4.2,10.0,10.0,602.05,8.0,2.0,1,1,2.0,3.091042453358316,6.799423687379357,0.0,0,4.0,0.10353252986616665,-2.1585761454332886,True
2298,대조,0,9.0,10.0,296.69,159.0,1.0,3.19,0.0,0.0,1,0.0,0.0,0.0,143.09,4.0,9.0,0,1,9.0,2.3978952727983707,5.69605267659426,0.010751963328726953,0,0.0,0.013995943329678903,-4.254892943403976,True
2299,대조,0,4.0,14.0,368.09000000000003,201.0,1.0,3.19,0.0,0.0,0,0.0,0.0,0.0,0.0,0.0,4.0,0,0,4.0,2.70805020110221,5.911040516740187,0.008666358770952756,0,0.0,0.01647850553291851,-4.089082655978945,True
2300,대조,0,2.0,19.0,834.2,373.0,0.0,0.0,0.0,1.0,1,5.0,1.0,1.0,197.27,6.0,2.0,1,1,2.0,2.995732273553991,6.727671217128374,0.0,0,1.0,0.033980925482481335,-3.3473842279278165,True
2301,대조,0,4.0,30.0,850.93,19922.0,0.0,0.0,0.0,2.0,0,10.0,2.0,1.0,350.29,8.0,4.0,1,1,4.0,3.4339872044851463,6.7475043638296155,0.0,0,2.0,0.05989590736741684,-2.7533824276062484,True
2302,대조,0,4.0,6.0,164.84,72.0,0.0,0.0,0.0,1.0,1,0.0,0.0,0.0,38.89,2.0,4.0,0,1,4.0,1.9459101490553132,5.111023468127524,0.0,0,1.0,0.00921572421438236,-4.677585648417769,True
2303,대조,0,3.0,15.0,506.01,10966.0,0.0,0.0,0.0,1.0,0,0.0,0.0,0.0,178.44,6.0,3.0,0,1,3.0,2.772588722239781,6.228530727262548,0.0,0,1.0,0.02559700531829374,-3.639349605421924,True
2307,대조,0,1.0,30.0,1106.25,127011.0,0.0,0.0,0.0,4.0,1,0.0,0.0,0.0,249.51,10.0,1.0,0,1,1.0,3.4339872044851463,7.009634742803308,0.0,0,4.0,0.1226301869228783,-1.9677553671115278,True
2310,대조,0,10.0,6.0,168.34,111.0,0.0,0.0,0.0,0.0,0,0.0,0.0,0.0,283.75,7.0,10.0,0,1,10.0,1.9459101490553132,5.131908528214131,0.0,0,0.0,0.008020715060980973,-4.817674647321669,True
2314,대조,0,5.0,14.0,719.83,13956.0,0.0,0.0,0.0,1.0,1,0.0,0.0,0.0,243.06,4.0,5.0,0,1,5.0,2.70805020110221,6.580403325849776,0.0,0,1.0,0.03102303985771789,-3.441510685015407,True
2316,대조,0,74.0,2.0,45.46,7.0,0.0,0.0,0.0,1.0,0,0.0,0.0,0.0,0.0,0.0,74.0,0,0,74.0,1.0986122886681098,3.838591727342263,0.0,0,1.0,0.014339778380212224,-4.230274311999148,True
2319,대조,0,9.0,4.0,172.47,78.0,0.0,0.0,0.0,1.0,0,0.0,0.0,0.0,139.83,2.0,9.0,0,1,9.0,1.6094379124341003,5.156004673773317,0.0,0,1.0,0.010979468296703506,-4.500688081270597,True
2322,처치,1,3.0,34.0,2800.69,153689.0,12.0,61.79,3.0,3.0,1,26.27,3.0,3.0,740.75,12.0,3.0,1,1,3.0,3.5553480614894135,7.937978085515892,0.02206242033213244,1,3.0,0.3097550413751697,-0.8012647510861747,True
2327,대조,0,19.0,6.0,151.99,98.0,0.0,0.0,0.0,1.0,0,0.0,0.0,0.0,0.0,0.0,19.0,0,0,19.0,1.9459101490553132,5.030372559779288,0.0,0,1.0,0.012928125980604218,-4.335337610952433,True
2329,대조,0,7.0,12.0,350.12,175.0,20.0,11.59,0.0,3.0,0,0.0,0.0,0.0,40.65,4.0,7.0,0,1,7.0,2.5649493574615367,5.861128045379979,0.03310293613618188,0,3.0,0.0727542975185014,-2.54513060494043,True
2331,대조,0,3.0,17.0,845.49,83267.0,0.0,0.0,0.0,5.0,1,0.0,0.0,0.0,317.08,4.0,3.0,0,1,3.0,2.8903717578961645,6.741098388154327,0.0,0,5.0,0.137027239494893,-1.8402033923657821,True
2336,대조,0,33.0,4.0,57.620000000000005,48.0,0.0,0.0,0.0,2.0,0,0.0,0.0,0.0,217.7,7.0,33.0,0,1,33.0,1.6094379124341003,4.071075935282747,0.0,0,2.0,0.011626903802168687,-4.442738548201654,True
2337,대조,0,1.0,248.0,1961.34,1300.0,0.0,0.0,0.0,2.0,1,0.0,0.0,0.0,821.02,72.0,1.0,0,1,1.0,5.517452896464707,7.581892917670501,0.0,0,2.0,0.12397895098205403,-1.9552783181558844,True
2338,대조,0,5.0,19.0,554.13,22230.0,1.0,2.79,0.0,1.0,0,0.0,0.0,0.0,106.62,6.0,5.0,0,1,5.0,2.995732273553991,6.3192023205521135,0.005034919603703102,0,1.0,0.03204198589105792,-3.4081416105835913,True
2342,대조,0,4.0,31.0,636.3,82180.0,0.0,0.0,0.0,0.0,1,0.0,0.0,0.0,401.15999999999997,15.0,4.0,0,1,4.0,3.4657359027997265,6.457240502320248,0.0,0,0.0,0.021756437276828515,-3.80584900017242,True
2343,대조,0,1.0,28.0,549.35,28835.0,0.0,0.0,0.0,2.0,1,0.0,0.0,0.0,341.35,14.0,1.0,0,1,1.0,3.367295829986474,6.310554439469401,0.0,0,2.0,0.037488484073969625,-3.2455122362354896,True
2344,대조,0,3.0,7.0,333.57,8169.0,0.0,0.0,0.0,1.0,0,0.0,0.0,0.0,155.88,4.0,3.0,0,1,3.0,2.0794415416798357,5.8128461252384085,0.0,0,1.0,0.016962678859267118,-4.059631516500473,True
2346,대조,0,18.0,5.0,171.58,75.0,0.0,0.0,0.0,1.0,0,0.0,0.0,0.0,0.0,0.0,18.0,0,0,18.0,1.791759469228055,5.150860897080162,0.0,0,1.0,0.01350865450361722,-4.29082399809988,True
2347,대조,0,1.0,14.0,357.27,26886.0,0.0,0.0,0.0,0.0,1,0.0,0.0,0.0,347.79,10.0,1.0,0,1,1.0,2.70805020110221,5.8812868920865125,0.0,0,0.0,0.011923483002369376,-4.4172503239619525,True
2350,대조,0,24.0,7.0,196.43,4121.0,0.0,0.0,0.0,1.0,0,0.0,0.0,0.0,76.69,2.0,24.0,0,1,24.0,2.0794415416798357,5.285384091136137,0.0,0,1.0,0.017607614086726696,-4.0216593798117035,True
2356,대조,0,3.0,17.0,271.0,167.0,0.0,0.0,0.0,1.0,0,0.0,0.0,0.0,5.76,1.0,3.0,0,1,3.0,2.8903717578961645,5.605802066295998,0.0,0,1.0,0.016561155717806326,-4.0839955179351,True
2358,대조,0,1.0,12.0,372.41,101.0,0.0,0.0,0.0,0.0,0,0.0,0.0,0.0,84.58,4.0,1.0,0,1,1.0,2.5649493574615367,5.922677011680996,0.0,0,0.0,0.013195418065042265,-4.314602374821111,True
2364,대조,0,2.0,23.0,1179.83,504.0,0.0,0.0,0.0,0.0,1,0.0,0.0,0.0,402.93,6.0,2.0,0,1,2.0,3.1780538303479458,7.073972860027533,0.0,0,0.0,0.03125407496243387,-3.433852607766765,True
2366,대조,0,11.0,29.0,905.38,78595.0,0.0,0.0,3.0,2.0,0,0.0,0.0,0.0,380.33,11.0,11.0,0,1,11.0,3.4011973816621555,6.809458644157027,0.0,1,2.0,0.10323389443833796,-2.1617978425702242,True
2367,처치,1,1.0,28.0,882.33,8724.0,3.0,4.17,0.0,2.0,1,0.0,0.0,0.0,69.54,2.0,1.0,0,1,1.0,3.367295829986474,6.783698856720132,0.0047261228791948585,0,2.0,0.0566964746007707,-2.8116760705057855,True
2369,대조,0,25.0,12.0,353.62,55383.0,0.0,0.0,0.0,1.0,0,0.0,0.0,0.0,326.9,6.0,25.0,0,1,25.0,2.5649493574615367,5.871046793628842,0.0,0,1.0,0.029667653721962284,-3.487581285806418,True
2370,대조,0,1.0,29.0,866.29,48805.0,0.0,0.0,1.0,1.0,1,0.0,0.0,0.0,382.57,13.0,1.0,0,1,1.0,3.4011973816621555,6.7653734075881955,0.0,1,1.0,0.05377064238842981,-2.867757351854685,True
2371,대조,0,9.0,21.0,363.14,141.0,0.0,0.0,0.0,4.0,0,0.0,0.0,0.0,24.83,2.0,9.0,0,1,9.0,3.091042453358316,5.8975384090758185,0.0,0,4.0,0.0696820200111315,-2.5915841197237155,True
2372,대조,0,13.0,6.0,391.3,191.0,0.0,0.0,0.0,1.0,0,0.0,0.0,0.0,273.76,4.0,13.0,0,1,13.0,1.9459101490553132,5.972026853215507,0.0,0,1.0,0.022809786129541064,-3.7574916647928203,True
2375,대조,0,2.0,20.0,246.97,123.0,0.0,0.0,0.0,0.0,0,0.0,0.0,0.0,134.83,6.0,2.0,0,1,2.0,3.044522437723423,5.513307771105859,0.0,0,0.0,0.010749759364443374,-4.522063953895815,True
2377,대조,0,12.0,7.0,143.13,105.0,0.0,0.0,0.0,1.0,0,0.0,0.0,0.0,44.8,4.0,12.0,0,1,12.0,2.0794415416798357,4.970715670095012,0.0,0,1.0,0.010966368944390792,-4.501895115349577,True
2381,대조,0,1.0,13.0,282.23,12560.0,0.0,0.0,0.0,1.0,0,0.0,0.0,0.0,82.66,4.0,1.0,0,1,1.0,2.6390573296152584,5.646259288412535,0.0,0,1.0,0.015749133616229545,-4.135095454805874,True
2384,대조,0,20.0,1.0,2.59,2.0,0.0,0.0,0.0,1.0,0,0.0,0.0,0.0,0.0,0.0,20.0,0,0,20.0,0.6931471805599453,1.2781522025001875,0.0,0,1.0,0.0006697139801347829,-7.307989893707512,False
2385,대조,0,1.0,122.0,2291.05,163085.0,38.0,54.04,0.0,3.0,0,0.0,0.0,0.0,177.44,8.0,1.0,0,1,1.0,4.812184355372417,7.7372018926054125,0.02358743807424543,0,3.0,0.2541236954811289,-1.0767386362580549,True
2386,대조,0,4.0,7.0,294.64,103.0,0.0,0.0,0.0,0.0,0,0.0,0.0,0.0,66.05,1.0,4.0,0,1,4.0,2.0794415416798357,5.689142497916686,0.0,0,0.0,0.01093723128346941,-4.504585113447264,True
2388,대조,0,13.0,5.0,45.43,9.0,1.0,10.59,0.0,1.0,0,0.0,0.0,0.0,0.0,0.0,13.0,0,0,13.0,1.791759469228055,3.8379458020318302,0.2331058771736738,0,1.0,0.20721292350854895,-1.3418078012015948,True
2390,대조,0,9.0,3.0,53.800000000000004,20.0,0.0,0.0,0.0,2.0,1,0.0,0.0,0.0,93.84,4.0,9.0,0,1,9.0,1.3862943611198906,4.00369019395397,0.0,0,2.0,0.005967796178312961,-5.115391894451917,True
2391,대조,0,10.0,11.0,143.63,81.0,0.0,0.0,0.0,1.0,0,0.0,0.0,0.0,39.15,3.0,10.0,0,1,10.0,2.4849066497880004,4.974178757085641,0.0,0,1.0,0.011256884054375593,-4.475454699225757,True
2393,대조,0,2.0,11.0,756.22,309.0,0.0,0.0,0.0,1.0,1,0.0,0.0,0.0,443.81,5.0,2.0,0,1,2.0,2.4849066497880004,6.6296538320872465,0.0,0,1.0,0.02925362793617239,-3.50206163336161,True
2398,대조,0,5.0,21.0,472.14,199.0,0.0,0.0,0.0,0.0,0,0.0,0.0,0.0,115.61,2.0,5.0,0,1,5.0,3.091042453358316,6.159391327784261,0.0,0,0.0,0.018483119623985998,-3.9722413493294484,True
2400,대조,0,4.0,64.0,2227.43,167855.0,2.0,52.97,0.0,0.0,1,10.0,4.0,3.0,775.12,21.0,4.0,1,1,4.0,4.174387269895637,7.709052580630085,0.023780769766053256,0,0.0,0.08708410006795711,-2.3497694431873253,True
2405,대조,0,2.0,22.0,324.3,10409.0,0.0,0.0,0.0,1.0,1,0.0,0.0,0.0,216.3,10.0,2.0,0,1,2.0,3.1354942159291497,5.784747833479305,0.0,0,1.0,0.01751838205374579,-4.026830901385565,True
2407,대조,0,3.0,22.0,1011.74,53246.0,0.0,0.0,0.0,3.0,1,0.0,0.0,0.0,455.37,10.0,3.0,0,1,3.0,3.1354942159291497,6.920414807928892,0.0,0,3.0,0.08208912066570227,-2.41429481010191,True
2410,대조,0,6.0,9.0,339.46999999999997,132.0,1.0,1.55,0.0,3.0,0,0.0,0.0,0.0,13.16,1.0,6.0,0,1,6.0,2.302585092994046,5.830327015981157,0.004565941025716559,0,3.0,0.04213892765850375,-3.1237307880864,True
2411,대조,0,35.0,7.0,145.16,57.0,0.0,0.0,0.0,1.0,1,0.0,0.0,0.0,123.39,2.0,35.0,0,1,35.0,2.0794415416798357,4.9847019120697516,0.0,0,1.0,0.016069060301472555,-4.114660008644822,True
2415,대조,0,30.0,5.0,82.07,59.0,0.0,0.0,0.0,1.0,0,0.0,0.0,0.0,0.0,0.0,30.0,0,0,30.0,1.791759469228055,4.41968362585098,0.0,0,1.0,0.010060783232167279,-4.588998526318329,True
2416,대조,0,8.0,18.0,548.82,178.0,0.0,0.0,0.0,1.0,0,5.0,1.0,1.0,310.36,7.0,8.0,1,1,8.0,2.9444389791664403,6.309590951933838,0.0,0,1.0,0.03079837334402199,-3.4490107922110265,True
2420,대조,0,3.0,12.0,582.87,7636.0,0.0,0.0,0.0,3.0,1,0.0,0.0,0.0,441.83,8.0,3.0,0,1,3.0,2.5649493574615367,6.369678355308833,0.0,0,3.0,0.05139363033335633,-2.9154796869222865,True
2423,대조,0,18.0,7.0,385.65,5863.0,1.0,2.79,0.0,0.0,0,2.8,3.0,3.0,218.17,4.0,18.0,1,1,18.0,2.0794415416798357,5.957519891055044,0.007234539089848308,0,0.0,0.019981491942428185,-3.892765015033506,True
2425,대조,0,29.0,14.0,541.51,10982.0,0.0,0.0,0.0,1.0,0,0.0,0.0,0.0,0.0,0.0,29.0,0,0,29.0,2.70805020110221,6.296206518424449,0.0,0,1.0,0.0445216929964122,-3.066235506673287,True
2426,대조,0,11.0,16.0,392.14,39433.0,0.0,0.0,0.0,1.0,1,0.0,0.0,0.0,101.53,6.0,11.0,0,1,11.0,2.833213344056216,5.974165782529653,0.0,0,1.0,0.022984423860573512,-3.749685831683648,True
2429,대조,0,4.0,8.0,251.59,149.0,0.0,0.0,0.0,1.0,0,0.0,0.0,0.0,176.5,4.0,4.0,0,1,4.0,2.1972245773362196,5.531767620850886,0.0,0,1.0,0.014350886469451783,-4.229488707463762,True
2437,대조,0,2.0,7.0,475.72,165.0,0.0,0.0,0.0,1.0,1,0.0,0.0,0.0,265.19,4.0,2.0,0,1,2.0,2.0794415416798357,6.166929316438724,0.0,0,1.0,0.01962116816488215,-3.911330068206097,True
2438,대조,0,6.0,17.0,165.76,21752.0,0.0,0.0,0.0,1.0,0,0.0,0.0,0.0,102.9,4.0,6.0,0,1,6.0,2.8903717578961645,5.116555653012596,0.0,0,1.0,0.01228970236975415,-4.38662772771326,True
2439,대조,0,19.0,8.0,77.5,56.0,0.0,0.0,0.0,1.0,0,0.0,0.0,0.0,25.6,3.0,19.0,0,1,19.0,2.1972245773362196,4.363098624788363,0.0,0,1.0,0.008229429903983681,-4.791775058576541,True
2440,대조,0,1.0,8.0,176.75,75.0,0.0,0.0,0.0,1.0,0,0.0,0.0,0.0,87.09,10.0,1.0,0,1,1.0,2.1972245773362196,5.18037806868335,0.0,0,1.0,0.010430542761058191,-4.552531650746892,True
2441,대조,0,11.0,14.0,126.05,91.0,0.0,0.0,0.0,1.0,0,0.0,0.0,0.0,67.3,6.0,11.0,0,1,11.0,2.70805020110221,4.8445807097661735,0.0,0,1.0,0.010817530950211202,-4.515710758901585,True
2443,대조,0,10.0,26.0,534.75,40361.0,0.0,0.0,2.0,4.0,0,0.0,0.0,0.0,0.0,0.0,10.0,0,0,10.0,3.295836866004329,6.283667634353686,0.0,1,4.0,0.13661120315160405,-1.843726149354991,True
2445,대조,0,2.0,18.0,628.92,387.0,0.0,0.0,0.0,4.0,1,0.0,0.0,0.0,564.12,12.0,2.0,0,1,2.0,2.9444389791664403,6.445592827195427,0.0,0,4.0,0.07977687682767189,-2.445382467424137,True
2446,대조,0,6.0,27.0,799.85,102304.0,0.0,0.0,0.0,2.0,1,0.0,0.0,0.0,322.21000000000004,8.0,6.0,0,1,6.0,3.332204510175204,6.685673663614305,0.0,0,2.0,0.053686296062365774,-2.869416350431016,True
2447,대조,0,5.0,8.0,409.73,132.0,1.0,3.19,0.0,1.0,1,0.0,0.0,0.0,461.96000000000004,7.0,5.0,0,1,5.0,2.1972245773362196,6.0179360643137745,0.007785614917140555,0,1.0,0.02172524802582981,-3.8073154753743474,True
2448,대조,0,1.0,23.0,997.45,366.0,0.0,0.0,4.0,4.0,1,0.0,0.0,0.0,483.45,9.0,1.0,0,1,1.0,3.1780538303479458,6.9062040764894,0.0,1,4.0,0.157296461108209,-1.6784829101492282,True
2450,대조,0,5.0,5.0,127.12,49.0,0.0,0.0,0.0,0.0,0,0.0,0.0,0.0,58.66,3.0,5.0,0,1,5.0,1.791759469228055,4.852967324740957,0.0,0,0.0,0.005751867549397586,-5.152462212460531,True
2452,처치,1,1.0,22.0,552.75,238.0,0.0,0.0,0.0,3.0,0,0.0,0.0,0.0,23.740000000000002,1.0,1.0,0,1,1.0,3.1354942159291497,6.316713321359345,0.0,0,3.0,0.05679196092807351,-2.809892089621985,True
2453,대조,0,6.0,14.0,483.09000000000003,158.0,0.0,0.0,0.0,3.0,1,0.0,0.0,0.0,130.81,3.0,6.0,0,1,6.0,2.70805020110221,6.18227083984322,0.0,0,3.0,0.048773599431773555,-2.9705629287864337,True
2455,대조,0,4.0,13.0,1013.69,330.0,0.0,0.0,1.0,1.0,1,0.0,0.0,0.0,654.79,8.0,4.0,0,1,4.0,2.6390573296152584,6.92233842610688,0.0,1,1.0,0.056713759044161045,-2.811352934261075,True
2456,대조,0,2.0,11.0,191.14000000000001,92.0,0.0,0.0,0.0,0.0,0,0.0,0.0,0.0,55.05,3.0,2.0,0,1,2.0,2.4849066497880004,5.258224272981592,0.0,0,0.0,0.008150844936666755,-4.80144943920455,True
2457,대조,0,33.0,8.0,161.65,14057.0,0.0,0.0,0.0,1.0,0,0.0,0.0,0.0,4.49,2.0,33.0,0,1,33.0,2.1972245773362196,5.091600652919361,0.0,0,1.0,0.018660258350128092,-3.962522680919722,True
2466,처치,1,2.0,5.0,279.23,109.0,1.0,8.99,0.0,1.0,0,41.97,3.0,2.0,170.35,8.0,2.0,1,1,2.0,1.791759469228055,5.6356106945528675,0.03219568097983741,0,1.0,0.02408838194983029,-3.701642379546533,True
2470,대조,0,1.0,14.0,137.15,91.0,0.0,0.0,0.0,1.0,0,0.0,0.0,0.0,15.27,3.0,1.0,0,1,1.0,2.70805020110221,4.9283400513694255,0.0,0,1.0,0.00939259915943891,-4.658396235484719,True
2472,대조,0,6.0,16.0,575.44,249.0,0.0,0.0,0.0,0.0,0,0.0,0.0,0.0,68.37,5.0,6.0,0,1,6.0,2.833213344056216,6.356871257970161,0.0,0,0.0,0.020917997730799113,-3.846005476427006,True
2474,대조,0,15.0,8.0,87.79,54.0,0.0,0.0,0.0,2.0,0,0.0,0.0,0.0,17.11,2.0,15.0,0,1,15.0,2.1972245773362196,4.4862740310442355,0.0,0,2.0,0.012024370426894901,-4.408722571750204,True
2475,처치,1,3.0,19.0,787.59,15712.0,0.0,0.0,0.0,0.0,0,0.0,0.0,0.0,87.4,4.0,3.0,0,1,3.0,2.995732273553991,6.670246540663151,0.0,0,0.0,0.025375416995105315,-3.6482714832462575,True
2477,대조,0,13.0,4.0,223.39000000000001,16539.0,0.0,0.0,0.0,1.0,0,0.0,0.0,0.0,17.45,1.0,13.0,0,1,13.0,1.6094379124341003,5.413385609375712,0.0,0,1.0,0.014384544289950412,-4.227111957209325,True
2478,대조,0,9.0,14.0,341.47,193.0,0.0,0.0,0.0,2.0,0,0.0,0.0,0.0,51.160000000000004,4.0,9.0,0,1,9.0,2.70805020110221,5.836184062625067,0.0,0,2.0,0.03090955529411404,-3.4452925768044866,True
2481,대조,0,2.0,21.0,676.78,46205.0,0.0,0.0,1.0,2.0,0,0.0,0.0,0.0,261.87,8.0,2.0,0,1,2.0,3.091042453358316,6.518822751508333,0.0,1,2.0,0.06835363753144924,-2.6122585223276884,True
2482,대조,0,47.0,3.0,20.09,13.0,0.0,0.0,0.0,2.0,0,0.0,0.0,0.0,0.0,0.0,47.0,0,0,47.0,1.3862943611198906,3.0487989944906833,0.0,0,2.0,0.007017756074468255,-4.952269263214211,True
2483,대조,0,3.0,13.0,166.03,133.0,0.0,0.0,0.0,0.0,1,0.0,0.0,0.0,62.73,6.0,3.0,0,1,3.0,2.6390573296152584,5.118173437001857,0.0,0,0.0,0.006996953409878967,-4.955258904950718,True
2484,대조,0,1.0,28.0,1590.74,37486.0,0.0,0.0,0.0,0.0,0,0.0,0.0,0.0,612.51,8.0,1.0,0,1,1.0,3.367295829986474,7.3725830364838085,0.0,0,0.0,0.04281567143532349,-3.1070917931359734,True
2485,대조,0,3.0,9.0,51.660000000000004,26.0,0.0,0.0,0.0,1.0,0,0.0,0.0,0.0,36.92,3.0,3.0,0,1,3.0,2.302585092994046,3.9638561540681634,0.0,0,1.0,0.004495768359076349,-5.400112784558245,True
2486,대조,0,13.0,10.0,599.66,14160.0,6.0,3.78,0.0,0.0,1,0.0,0.0,0.0,411.78000000000003,7.0,13.0,0,1,13.0,2.3978952727983707,6.3980290506594475,0.006303572024147016,0,0.0,0.023492748675751594,-3.7272903695762154,True
2492,대조,0,6.0,5.0,421.83,191.0,0.0,0.0,0.0,1.0,0,0.0,0.0,0.0,112.6,4.0,6.0,0,1,6.0,1.791759469228055,6.0469702070133895,0.0,0,1.0,0.020434337927226168,-3.8698925539249407,True
2493,대조,0,12.0,16.0,328.13,19185.0,0.0,0.0,0.0,1.0,0,0.0,0.0,0.0,11.49,1.0,12.0,0,1,12.0,2.833213344056216,5.796452809497509,0.0,0,1.0,0.022605059271337342,-3.766717065779386,True
2494,대조,0,10.0,7.0,380.7,162.0,1.0,2.99,0.0,0.0,1,0.0,0.0,0.0,109.5,2.0,10.0,0,1,10.0,2.0794415416798357,5.944634959751184,0.007853953244024168,0,0.0,0.0155135412581631,-4.150406871440493,True
2496,대조,0,4.0,13.0,819.5600000000001,30728.0,1.0,3.1,3.0,1.0,1,8.49,1.0,1.0,299.94,4.0,4.0,1,1,4.0,2.6390573296152584,6.709987033999155,0.003782517448386939,1,1.0,0.0519546505545047,-2.9040311047228937,True
2497,대조,0,3.0,31.0,880.57,387.0,0.0,0.0,0.0,1.0,1,0.0,0.0,0.0,796.23,14.0,3.0,0,1,3.0,3.4657359027997265,6.781704408781537,0.0,0,1.0,0.038736287549210595,-3.2114719624715873,True
2498,대조,0,3.0,33.0,583.91,233.0,0.0,0.0,0.0,2.0,1,0.0,0.0,0.0,288.62,10.0,3.0,0,1,3.0,3.5263605246161616,6.371457989242477,0.0,0,2.0,0.04173719990094338,-3.1337292468682727,True
2499,대조,0,10.0,9.0,459.27,277.0,0.0,0.0,0.0,1.0,1,0.0,0.0,0.0,127.24,3.0,10.0,0,1,10.0,2.302585092994046,6.131813273813276,0.0,0,1.0,0.02325408489661365,-3.7377457407163672,True
