household_key,group,treatment,recency_days,pre_baskets,pre_sales,pre_quantity,pre_target_purchase_count,pre_target_sales,pre_coupon_redemptions,pre_campaign_count_raw,has_demographic,target_sales,target_quantity,target_purchase_count,total_sales,baskets,recency_days_filled,target_purchase,any_purchase,pre_recency_capped,log_pre_baskets,log_pre_sales,pre_target_share,pre_coupon_user,pre_campaign_count_c,p_score,logit_p,in_support
2,처치,1,4.0,3.0,236.35,97.0,31.0,84.33,0.0,0.0,0,104.49,43.0,40.0,201.86,5.0,4.0,1,1,4.0,1.3862943611198906,5.469535844997327,0.3568013539242649,0,0.0,0.3127759742834619,-0.7871731346471978,True
4,대조,0,3.0,1.0,22.54,14.0,2.0,8.0,0.0,1.0,0,26.29,18.0,7.0,119.39,3.0,3.0,1,1,3.0,0.6931471805599453,3.1587011018321305,0.354924578527063,0,1.0,0.22489569613732754,-1.2373608839283905,True
6,처치,1,2.0,41.0,882.39,56774.0,148.0,528.59,0.0,3.0,0,237.16,107.0,84.0,406.07,22.0,2.0,1,1,2.0,3.7376696182833684,6.783766779197971,0.5990435068393795,0,3.0,0.7821897342033426,1.2784729945339786,True
16,대조,0,5.0,4.0,35.45,14.0,5.0,13.469999999999999,0.0,2.0,1,4.99,1.0,1.0,24.05,2.0,5.0,1,1,5.0,1.6094379124341003,3.5959414584546674,0.37997179125528907,0,2.0,0.5390804723123858,0.1566413916171668,True
17,처치,1,2.0,7.0,323.99,5989.0,44.0,237.5,0.0,4.0,1,274.44,93.0,61.0,485.42,8.0,2.0,1,1,2.0,2.0794415416798357,5.783794412625586,0.7330473162751937,0,4.0,0.6415593324130912,0.5821385254073697,True
23,처치,1,23.0,16.0,252.1,66.0,26.0,73.46000000000001,0.0,2.0,0,119.23,50.0,45.0,215.25,9.0,23.0,1,1,23.0,2.833213344056216,5.533784667551078,0.2913923046410155,0,2.0,0.6558065166706298,0.6446618505441898,True
25,처치,1,7.0,20.0,803.51,255.0,79.0,181.84,0.0,3.0,1,68.84,32.0,24.0,168.2,6.0,7.0,1,1,7.0,3.044522437723423,6.690233396435981,0.22630707769660616,0,3.0,0.8099432575955119,1.4496415210521627,True
26,대조,0,14.0,9.0,169.01,81.0,45.0,146.25,0.0,1.0,0,87.1,48.0,42.0,145.55,12.0,14.0,1,1,14.0,2.302585092994046,5.135857258849637,0.8653334122241289,0,1.0,0.47226096636414616,-0.11107017940989426,True
29,대조,0,9.0,2.0,32.46,7.0,1.0,2.99,0.0,5.0,0,7.49,3.0,3.0,47.58,3.0,9.0,1,1,9.0,1.0986122886681098,3.510350695558678,0.09211337030191005,0,5.0,0.3987181336600793,-0.41080908484544315,True
31,대조,0,2.0,18.0,979.9300000000001,89366.0,111.0,373.07,0.0,0.0,1,474.64,141.0,109.0,796.87,13.0,2.0,1,1,2.0,2.9444389791664403,6.88850110125999,0.3807108671027522,0,0.0,0.7319624153067543,1.0046019553630894,True
32,처치,1,8.0,13.0,519.42,10120.0,78.0,224.6,0.0,5.0,0,97.71000000000001,51.0,45.0,251.11,7.0,8.0,1,1,8.0,2.6390573296152584,6.254636177875264,0.43240537522621386,0,5.0,0.6639318037393304,0.680865334559941,True
37,처치,1,9.0,7.0,187.55,72.0,29.0,180.07,0.0,1.0,0,140.75,37.0,14.0,302.88,8.0,9.0,1,1,9.0,2.0794415416798357,5.239363223704366,0.9601173020527858,0,1.0,0.4159265878215019,-0.3395179076076232,True
38,대조,0,36.0,3.0,108.93,28.0,1.0,5.98,0.0,1.0,0,0.0,0.0,0.0,0.0,0.0,36.0,0,0,36.0,1.3862943611198906,4.699843799590773,0.054897640686679516,0,1.0,0.3837288108767531,-0.4737510273179929,True
39,대조,0,14.0,11.0,605.25,274.0,126.0,335.14,0.0,4.0,1,182.22,80.0,75.0,433.4,8.0,14.0,1,1,14.0,2.4849066497880004,6.407292442251693,0.5537216026435358,0,4.0,0.7324543861379306,1.0071109965583491,True
41,처치,1,7.0,12.0,591.84,284.0,126.0,357.34000000000003,0.0,0.0,0,191.14000000000001,70.0,68.0,332.94,7.0,7.0,1,1,7.0,2.5649493574615367,6.384924548088715,0.6037780481211138,0,0.0,0.5171160356442279,0.06849090428170956,True
42,처치,1,4.0,8.0,213.56,166.0,53.0,134.02,0.0,2.0,1,110.03,64.0,52.0,166.54,8.0,4.0,1,1,4.0,2.1972245773362196,5.368589419533368,0.627551976025473,0,2.0,0.6286854571766679,0.5265815358140329,True
45,대조,0,79.0,2.0,19.1,5.0,3.0,14.93,0.0,1.0,0,1.0,1.0,1.0,6.5,1.0,79.0,1,1,79.0,1.0986122886681098,3.0007198150650303,0.781675392670157,0,1.0,0.3056439632252211,-0.820563944578715,True
47,처치,1,12.0,19.0,289.32,106.0,53.0,152.55,0.0,2.0,0,52.0,12.0,9.0,80.32000000000001,6.0,12.0,1,1,12.0,2.995732273553991,5.6709837629048145,0.5272708419742845,0,2.0,0.6575290601920317,0.6523021542593697,True
49,처치,1,5.0,18.0,922.87,49429.0,108.0,347.39,0.0,3.0,1,290.93,96.0,77.0,542.66,15.0,5.0,1,1,5.0,2.9444389791664403,6.828571369102853,0.37642354827873914,0,3.0,0.7873088840756123,1.3087797011280584,True
51,처치,1,3.0,9.0,472.01,191.0,65.0,232.8,0.0,3.0,0,52.36,13.0,13.0,202.96,7.0,3.0,1,1,3.0,2.302585092994046,6.1591165299175,0.49320988962098267,0,3.0,0.544874777256763,0.17998340585492542,True
55,처치,1,1.0,15.0,67.38,31.0,12.0,34.85,0.0,3.0,1,58.160000000000004,16.0,16.0,117.45,15.0,1.0,1,1,1.0,2.772588722239781,4.2250803842111555,0.5172157910359158,0,3.0,0.7530892375490217,1.1151567444144312,True
56,대조,0,5.0,27.0,643.47,274.0,90.0,283.96,0.0,1.0,1,310.29,110.0,94.0,732.01,23.0,5.0,1,1,5.0,3.332204510175204,6.468428273584459,0.4412948544609694,0,1.0,0.8021342380463659,1.3996871421325228,True
57,처치,1,6.0,31.0,457.81,9941.0,60.0,208.84,0.0,3.0,1,59.58,35.0,28.0,274.48,21.0,6.0,1,1,6.0,3.4657359027997265,6.1286361810072245,0.45617177431685635,0,3.0,0.8455146650678209,1.6998463407350044,True
65,처치,1,5.0,22.0,355.7,110.0,53.0,249.53,0.0,5.0,0,113.37,28.0,27.0,255.91,18.0,5.0,1,1,5.0,3.1354942159291497,5.876895092364846,0.7015181332583638,0,5.0,0.7250558613515833,0.9696807571817215,True
71,처치,1,7.0,10.0,301.7,143.0,64.0,205.2,0.0,1.0,1,47.64,25.0,16.0,65.29,4.0,7.0,1,1,7.0,2.3978952727983707,5.712742216027673,0.6801458402386477,0,1.0,0.6407234820230926,0.5785056414850659,True
73,처치,1,72.0,11.0,241.33,10971.0,30.0,104.37,0.0,3.0,0,0.0,0.0,0.0,0.0,0.0,72.0,0,0,72.0,2.4849066497880004,5.490300433612623,0.4324783491484689,0,3.0,0.639730167593583,0.5741931891631292,True
77,처치,1,23.0,7.0,459.85,235.0,76.0,218.64000000000001,0.0,1.0,1,356.34000000000003,134.0,125.0,745.92,8.0,23.0,1,1,23.0,2.0794415416798357,6.133072610439673,0.47545938893117323,0,1.0,0.6107153767350983,0.4503202633649464,True
79,처치,1,3.0,23.0,664.05,91562.0,70.0,199.07,0.0,0.0,0,117.76,57.0,46.0,298.29,10.0,3.0,1,1,3.0,3.1780538303479458,6.499862225799305,0.2997816429485732,0,0.0,0.657666950438325,0.6529145565105724,True
83,대조,0,4.0,21.0,174.3,91.0,18.0,51.94,0.0,1.0,0,69.97,22.0,17.0,125.98,12.0,4.0,1,1,4.0,3.091042453358316,5.1664987919271885,0.2979919678714859,0,1.0,0.6657001105151447,0.6888008217808148,True
86,처치,1,19.0,3.0,617.57,225.0,68.0,249.52,0.0,1.0,1,217.93,63.0,45.0,379.82,3.0,19.0,1,1,19.0,1.3862943611198906,6.427410362469733,0.40403517010217466,0,1.0,0.47772152648430777,-0.08917293765518358,True
91,처치,1,1.0,45.0,743.66,91004.0,99.0,330.18,0.0,1.0,0,162.63,72.0,67.0,405.34000000000003,27.0,1.0,1,1,1.0,3.828641396489095,6.612927738369485,0.4439932227093027,0,1.0,0.7701312199836712,1.2090522914462105,True
92,대조,0,4.0,13.0,579.68,320.0,168.0,398.71,0.0,1.0,0,89.01,47.0,30.0,165.1,5.0,4.0,1,1,4.0,2.6390573296152584,6.364199830593227,0.6878105161468396,0,1.0,0.546082712359872,0.18485545648157417,True
96,대조,0,,0.0,0.0,0.0,0.0,0.0,0.0,2.0,0,0.0,0.0,0.0,0.0,0.0,90.0,0,0,90.0,0.0,0.0,0.0,0,2.0,0.21924550005555304,-1.2700686529845346,True
98,대조,0,1.0,34.0,594.56,409.0,127.0,344.48,0.0,2.0,1,309.93,140.0,105.0,658.15,50.0,1.0,1,1,1.0,3.5553480614894135,6.38950213938735,0.5793864370290636,0,2.0,0.8336826883223079,1.6119553804592035,True
99,처치,1,4.0,33.0,1002.28,560.0,229.0,566.07,2.0,2.0,0,318.61,171.0,117.0,538.56,11.0,4.0,1,1,4.0,3.5263605246161616,6.9110299115157945,0.5647822963642894,1,2.0,0.7986258136870041,1.377727716948448,True
101,처치,1,4.0,25.0,924.39,49655.0,114.0,404.94,2.0,3.0,1,378.38,160.0,76.0,1015.9300000000001,38.0,4.0,1,1,4.0,3.258096538021482,6.830215270276626,0.43806185700840555,1,3.0,0.8675074006897459,1.8790972532349504,True
103,대조,0,67.0,1.0,17.97,4.0,1.0,2.99,0.0,1.0,0,11.96,5.0,5.0,47.24,5.0,67.0,1,1,67.0,0.6931471805599453,2.9428587839469227,0.16638842515303284,0,1.0,0.27697341089494365,-0.9595244855303504,True
105,처치,1,26.0,15.0,338.47,219.0,96.0,224.16,0.0,7.0,1,201.54,88.0,75.0,271.69,18.0,26.0,1,1,26.0,2.772588722239781,5.827385577851309,0.6622743522321032,0,6.0,0.8073053165125609,1.4325949464697116,True
108,대조,0,9.0,5.0,232.97,14923.0,28.0,111.2,0.0,4.0,0,49.56,30.0,21.0,128.51,5.0,9.0,1,1,9.0,1.791759469228055,5.455192902010516,0.4773146757093188,0,4.0,0.47462031588300974,-0.101606059631784,True
109,처치,1,1.0,18.0,555.58,250.0,95.0,255.36,0.0,3.0,1,92.75,44.0,43.0,231.33,8.0,1.0,1,1,1.0,2.9444389791664403,6.321810915999205,0.45962777637783936,0,3.0,0.7802272087214884,1.2669909247333948,True
111,처치,1,17.0,3.0,66.95,25.0,14.0,34.79,0.0,0.0,0,18.09,9.0,9.0,22.68,1.0,17.0,1,1,17.0,1.3862943611198906,4.218772140597153,0.5196415235250187,0,0.0,0.3099769982089799,-0.8002268375642754,True
112,대조,0,1.0,9.0,137.13,36791.0,4.0,29.26,0.0,1.0,0,45.95,10.0,10.0,176.45,10.0,1.0,1,1,1.0,2.302585092994046,4.928195270711869,0.21337417049515062,0,1.0,0.520731759441681,0.08297461021686658,True
114,처치,1,8.0,7.0,325.75,131.0,53.0,165.75,0.0,3.0,1,101.23,37.0,31.0,231.63,9.0,8.0,1,1,8.0,2.0794415416798357,5.789195352504331,0.508825786646201,0,3.0,0.6422875420239688,0.5853066145323552,True
116,대조,0,6.0,11.0,84.5,61.0,28.0,53.21,0.0,2.0,0,31.43,27.0,22.0,52.46,7.0,6.0,1,1,6.0,2.4849066497880004,4.448516375942715,0.6297041420118343,0,2.0,0.5479925485420182,0.19256302408165146,True
119,처치,1,1.0,11.0,460.34,134.0,59.0,234.39000000000001,0.0,1.0,1,201.34,53.0,51.0,355.22,5.0,1.0,1,1,1.0,2.4849066497880004,6.134135298272144,0.5091671373332755,0,1.0,0.6657132174929797,0.688859718613662,True
121,처치,1,8.0,12.0,214.21,83.0,49.0,164.79,0.0,2.0,1,12.65,6.0,5.0,81.62,8.0,8.0,1,1,8.0,2.5649493574615367,5.371614295609493,0.7692918164418093,0,2.0,0.6858756978932459,0.7809076387453534,True
122,처치,1,1.0,13.0,152.98,67.0,26.0,77.88,0.0,4.0,0,7.77,4.0,3.0,54.45,6.0,1.0,1,1,1.0,2.6390573296152584,5.0368227238499035,0.5090861550529481,0,4.0,0.630888007563473,0.5360282622065443,True
123,처치,1,1.0,21.0,404.37,11734.0,82.0,222.52,0.0,2.0,1,60.82,33.0,30.0,144.4,10.0,1.0,1,1,1.0,3.091042453358316,6.004800230293012,0.5502881024804016,0,2.0,0.7780144206881953,1.2541326378880697,True
132,처치,1,15.0,9.0,199.43,11386.0,44.0,97.59,0.0,5.0,0,50.25,20.0,20.0,133.52,3.0,15.0,1,1,15.0,2.302585092994046,5.3004650586054955,0.48934463220177504,0,5.0,0.6030117286251456,0.41802990987992594,True
133,처치,1,4.0,12.0,498.79,238.0,76.0,231.34,0.0,3.0,1,115.71000000000001,56.0,44.0,338.33,7.0,4.0,1,1,4.0,2.5649493574615367,6.214188010197488,0.46380240181238597,0,3.0,0.7258459667968807,0.9736477119603364,True
136,처치,1,2.0,14.0,270.04,156.0,41.0,90.92,0.0,1.0,1,24.03,9.0,9.0,60.129999999999995,2.0,2.0,1,1,2.0,2.70805020110221,5.60226641146369,0.33669086061324244,0,1.0,0.7177909729486115,0.9335303755953838,True
137,대조,0,89.0,1.0,2.0,2.0,2.0,2.0,0.0,1.0,0,18.770000000000003,8.0,6.0,43.730000000000004,3.0,89.0,1,1,89.0,0.6931471805599453,1.0986122886681098,1.0,0,1.0,0.23427910195956236,-1.1843045924515068,True
138,대조,0,2.0,13.0,739.8100000000001,335.0,108.0,343.34000000000003,0.0,2.0,0,260.29,111.0,91.0,404.31,11.0,2.0,1,1,2.0,2.6390573296152584,6.607744182160946,0.4640921317635609,0,2.0,0.5881137250836957,0.3561730597144023,True
139,처치,1,1.0,15.0,579.15,12201.0,108.0,288.14,4.0,1.0,1,114.5,60.0,48.0,305.38,9.0,1.0,1,1,1.0,2.772588722239781,6.363286690793554,0.4975222308555642,1,1.0,0.7803445050646558,1.2676751084474414,True
140,대조,0,4.0,10.0,161.0,72.0,28.0,76.0,0.0,3.0,0,0.0,0.0,0.0,20.23,3.0,4.0,0,1,4.0,2.3978952727983707,5.087596335232384,0.4720496894409938,0,3.0,0.5670106967981722,0.2696651453795734,True
144,처치,1,17.0,9.0,82.68,49.0,14.0,47.04,0.0,3.0,0,8.0,4.0,1.0,56.32,1.0,17.0,1,1,17.0,2.302585092994046,4.427000000316613,0.5689404934687953,0,3.0,0.550585082191023,0.20303494446238174,True
145,대조,0,1.0,7.0,200.31,83.0,11.0,75.79,0.0,1.0,0,22.48,4.0,3.0,60.25,2.0,1.0,1,1,1.0,2.0794415416798357,5.304846008510737,0.3783635365183965,0,1.0,0.46125372183454005,-0.15529646877637113,True
151,대조,0,45.0,1.0,13.99,5.0,1.0,5.0,0.0,1.0,0,133.27,49.0,35.0,155.61,4.0,45.0,1,1,45.0,0.6931471805599453,2.7073833121145063,0.35739814152966404,0,1.0,0.24976720068117214,-1.0998542707048866,True
155,대조,0,28.0,7.0,302.46,134.0,39.0,112.69,0.0,2.0,1,30.4,11.0,11.0,84.17,4.0,28.0,1,1,28.0,2.0794415416798357,5.715249806097095,0.3725781921576407,0,2.0,0.6462458654149452,0.6025778912295521,True
157,처치,1,5.0,33.0,363.97,157.0,65.0,201.05,0.0,4.0,1,64.28,27.0,21.0,121.56,5.0,5.0,1,1,5.0,3.5263605246161616,5.89981515842374,0.5523806907162678,0,4.0,0.859141477685458,1.808177610063879,True
158,처치,1,2.0,34.0,379.37,115.0,65.0,123.43,0.0,3.0,1,49.04,23.0,22.0,100.56,13.0,2.0,1,1,2.0,3.5553480614894135,5.941144463207967,0.3253551941376493,0,3.0,0.8588694648695405,1.8059317055275232,True
160,대조,0,2.0,7.0,117.94,55.0,22.0,70.18,0.0,1.0,0,60.61,25.0,17.0,210.1,9.0,2.0,1,1,2.0,2.0794415416798357,4.778619164278448,0.5950483296591488,0,1.0,0.4429971427730233,-0.22900704928349866,True
161,처치,1,1.0,66.0,1489.99,802.0,195.0,640.3100000000001,0.0,1.0,1,456.24,158.0,124.0,1081.72,51.0,1.0,1,1,1.0,4.204692619390966,7.307195607834132,0.4297411392022766,0,1.0,0.8892072581489415,2.082669079209269,True
162,처치,1,3.0,10.0,402.06,136.0,61.0,208.06,0.0,3.0,0,157.87,59.0,56.0,349.18,8.0,3.0,1,1,3.0,2.3978952727983707,5.999085434239343,0.5174849524946525,0,3.0,0.5615525651834613,0.2474654558038119,True
165,처치,1,1.0,25.0,341.85,25442.0,87.0,213.25,0.0,6.0,1,107.71,57.0,44.0,258.53,18.0,1.0,1,1,1.0,3.258096538021482,5.837293033730374,0.6238116132806786,0,6.0,0.8520930503832269,1.7511123776987354,True
166,처치,1,11.0,17.0,548.41,195.0,68.0,280.62,0.0,1.0,1,160.56,60.0,34.0,307.44,12.0,11.0,1,1,11.0,2.8903717578961645,6.308844975170079,0.5116974526358017,0,1.0,0.7393737599213002,1.042716206895188,True
179,대조,0,65.0,1.0,52.08,23.0,3.0,13.65,0.0,1.0,0,0.0,0.0,0.0,0.0,0.0,65.0,0,0,65.0,0.6931471805599453,3.9718002094640066,0.2620967741935484,0,1.0,0.268253015999009,-1.003504179251465,True
180,대조,0,1.0,6.0,151.56,79.0,13.0,57.4,0.0,2.0,0,98.69,35.0,31.0,160.64,4.0,1.0,1,1,1.0,1.9459101490553132,5.027557961292164,0.37872789654262334,0,2.0,0.45925209093710734,-0.16335392106681276,True
181,대조,0,5.0,6.0,270.83,18061.0,76.0,170.9,0.0,2.0,0,2.0,1.0,1.0,33.36,1.0,5.0,1,1,5.0,1.9459101490553132,5.605176870902079,0.6310231510541668,0,2.0,0.43950507996333843,-0.2431709036359225,True
184,대조,0,1.0,42.0,1046.17,83197.0,132.0,496.44,4.0,5.0,1,320.03,127.0,79.0,736.4,28.0,1.0,1,1,1.0,3.7612001156935624,6.953846566362568,0.4745309079786268,1,5.0,0.920645233127156,2.45114624539453,True
185,대조,0,8.0,10.0,266.78,32629.0,31.0,88.77,0.0,1.0,0,41.39,21.0,15.0,108.9,5.0,8.0,1,1,8.0,2.3978952727983707,5.590165747869233,0.33274608291476127,0,1.0,0.5341111999103998,0.13665707758127155,True
187,대조,0,44.0,3.0,25.83,11.0,6.0,22.560000000000002,0.0,2.0,0,20.57,7.0,7.0,33.480000000000004,4.0,44.0,1,1,44.0,1.3862943611198906,3.2895206644375325,0.8734030197444833,0,2.0,0.34470007716346396,-0.6424183309128946,True
188,대조,0,1.0,1.0,3.0,3.0,3.0,3.0,0.0,2.0,0,3.0,3.0,3.0,4.18,2.0,1.0,1,1,1.0,0.6931471805599453,1.3862943611198906,1.0,0,2.0,0.20182354367321775,-1.3749359267569765,False
194,대조,0,11.0,6.0,196.89000000000001,86.0,38.0,76.37,0.0,1.0,0,51.980000000000004,26.0,22.0,122.37,4.0,11.0,1,1,11.0,1.9459101490553132,5.287711320760812,0.38788155823048404,0,1.0,0.4421913159510276,-0.23227341351705708,True
195,대조,0,1.0,8.0,464.62,29493.0,83.0,246.43,0.0,2.0,0,59.52,23.0,18.0,123.61,3.0,1.0,1,1,1.0,2.1972245773362196,6.143369850821135,0.5303904265851663,0,2.0,0.49466499480392884,-0.021340830687151084,True
211,처치,1,12.0,22.0,341.71,202.0,71.0,192.24,0.0,1.0,1,52.22,20.0,19.0,122.42,12.0,12.0,1,1,12.0,3.1354942159291497,5.836884608495686,0.5625823066342805,0,1.0,0.7727454134976867,1.2238787302132341,True
214,처치,1,2.0,15.0,534.79,254.0,140.0,340.5,0.0,3.0,1,160.44,83.0,70.0,290.19,9.0,2.0,1,1,2.0,2.772588722239781,6.2837422932558615,0.636698517174966,0,3.0,0.7445125763468454,1.0695565583812607,True
215,대조,0,2.0,30.0,366.52,208.0,97.0,198.76,2.0,1.0,0,72.73,48.0,45.0,225.88,18.0,2.0,1,1,2.0,3.4339872044851463,5.9067777389407885,0.5422896431299793,1,1.0,0.7704816684747225,1.2110329605128083,True
216,대조,0,3.0,28.0,792.92,197.0,43.0,201.42000000000002,0.0,2.0,1,161.66,27.0,26.0,380.81,16.0,3.0,1,1,3.0,3.367295829986474,6.676982700503436,0.25402310447460025,0,2.0,0.8300285749364054,1.5858297927715435,True
219,처치,1,4.0,37.0,1715.6200000000001,35756.0,292.0,925.38,0.0,5.0,1,563.87,192.0,146.0,1011.98,18.0,4.0,1,1,4.0,3.6375861597263857,7.448112520154148,0.5393851785360394,0,5.0,0.8798942570879993,1.9914291921575868,True
220,처치,1,13.0,11.0,297.77,25028.0,44.0,139.28,0.0,2.0,1,127.44,65.0,34.0,230.48,4.0,13.0,1,1,13.0,2.4849066497880004,5.6996740466116576,0.46774356046613164,0,2.0,0.6988407335576783,0.8417836180796814,True
221,처치,1,7.0,14.0,503.01,4043.0,96.0,200.09,0.0,2.0,1,112.57000000000001,69.0,54.0,260.39,8.0,7.0,1,1,7.0,2.70805020110221,6.222596109144375,0.3977853322995567,0,2.0,0.7356751987392041,1.0236100605199396,True
222,처치,1,3.0,11.0,567.22,317.0,126.0,298.21,0.0,2.0,1,99.76,50.0,46.0,196.29,7.0,3.0,1,1,3.0,2.4849066497880004,6.342508667674258,0.5257395719473925,0,2.0,0.6870534232594951,0.7863795576810174,True
226,대조,0,,0.0,0.0,0.0,0.0,0.0,0.0,1.0,0,9.86,8.0,8.0,10.45,2.0,90.0,1,1,90.0,0.0,0.0,0.0,0,1.0,0.20300406875223337,-1.367623551737449,False
227,처치,1,1.0,20.0,224.54,196.0,123.0,176.47,0.0,0.0,0,98.97,70.0,61.0,150.31,20.0,1.0,1,1,1.0,3.044522437723423,5.418497526804142,0.7859178765476085,0,0.0,0.5907761641654783,0.3671749226079187,True
228,처치,1,5.0,14.0,373.29,13817.0,66.0,103.9,0.0,1.0,0,45.39,20.0,19.0,116.01,9.0,5.0,1,1,5.0,2.70805020110221,5.925030898015954,0.27833587827158507,0,1.0,0.5968592336050459,0.39239549876123486,True
230,처치,1,4.0,27.0,695.14,12081.0,135.0,322.73,0.0,2.0,1,247.54,98.0,87.0,449.65,21.0,4.0,1,1,4.0,3.332204510175204,6.545550789531874,0.46426619098311134,0,2.0,0.8153947146019909,1.4854523551104888,True
236,대조,0,31.0,5.0,137.92,60.0,19.0,94.13,0.0,2.0,0,39.519999999999996,6.0,5.0,81.06,3.0,31.0,1,1,31.0,1.791759469228055,4.933898227875873,0.6824970997679815,0,2.0,0.42612146525429284,-0.29769332665278964,True
245,대조,0,1.0,9.0,209.82,24711.0,29.0,90.07,0.0,1.0,0,227.89,87.0,58.0,422.11,7.0,1.0,1,1,1.0,2.302585092994046,5.351004688827043,0.4292727099418549,0,1.0,0.5009221391851619,0.003688560922695939,True
246,처치,1,20.0,3.0,30.91,13.0,10.0,22.92,0.0,1.0,0,1.0,1.0,1.0,9.04,2.0,20.0,1,1,20.0,1.3862943611198906,3.462919440290152,0.7415076027175672,0,1.0,0.316241619084678,-0.7710980721686894,True
249,처치,1,2.0,30.0,646.22,322.0,114.0,298.75,1.0,2.0,1,291.55,142.0,126.0,621.46,22.0,2.0,1,1,2.0,3.4339872044851463,6.4726862676153925,0.4623038593667791,1,2.0,0.8706991608159783,1.9071547460645097,True
251,처치,1,10.0,10.0,172.28,64.0,36.0,115.45,0.0,1.0,0,125.82,33.0,28.0,185.21,5.0,10.0,1,1,10.0,2.3978952727983707,5.15490878325268,0.6701300208962154,0,1.0,0.5055709179338836,0.022284593906321398,True
257,대조,0,15.0,12.0,453.11,272.0,118.0,310.16,0.0,3.0,1,207.99,84.0,64.0,355.1,14.0,15.0,1,1,15.0,2.5649493574615367,6.118339459442583,0.6845136942464303,0,3.0,0.7170677152300644,0.9299626860002869,True
258,처치,1,11.0,29.0,311.21,201.0,72.0,127.99,0.0,4.0,0,14.03,8.0,8.0,74.01,4.0,11.0,1,1,11.0,3.4011973816621555,5.7436760383178775,0.41126570482953634,0,4.0,0.7700367019375072,1.2085184560170703,True
261,처치,1,51.0,3.0,74.89,30.0,4.0,9.48,0.0,0.0,0,0.0,0.0,0.0,0.0,0.0,51.0,0,0,51.0,1.3862943611198906,4.3292849234158215,0.1265856589664842,0,0.0,0.3665033128598789,-0.5472472098253359,True
264,처치,1,14.0,11.0,331.78000000000003,15572.0,32.0,112.03,0.0,0.0,1,38.41,16.0,15.0,88.61,2.0,14.0,1,1,14.0,2.4849066497880004,5.807481610987361,0.33766351196576044,0,0.0,0.6674599324244848,0.6967190053199936,True
266,대조,0,1.0,8.0,505.6,14083.0,94.0,249.72,0.0,2.0,0,82.08,29.0,24.0,135.54,3.0,1.0,1,1,1.0,2.1972245773362196,6.227721737567575,0.49390822784810123,0,2.0,0.4979077486051522,-0.008369054427177707,True
271,대조,0,50.0,2.0,37.24,9.0,3.0,8.39,0.0,4.0,0,47.62,4.0,3.0,59.589999999999996,3.0,50.0,1,1,50.0,1.0986122886681098,3.643882088183201,0.2252953813104189,0,4.0,0.3957935350074737,-0.42302326993538875,True
273,처치,1,3.0,21.0,421.03000000000003,203.0,56.0,157.54,0.0,1.0,0,181.67,63.0,57.0,499.38,18.0,3.0,1,1,3.0,3.091042453358316,6.045076401556628,0.37417761204664746,0,1.0,0.6582629759011052,0.655563005010124,True
275,처치,1,1.0,48.0,948.04,30341.0,130.0,358.45,0.0,2.0,0,323.65,166.0,110.0,780.97,37.0,1.0,1,1,1.0,3.8918202981106265,6.855450947352848,0.37809586093413783,0,2.0,0.7990001631681888,1.3800570537050467,True
278,대조,0,2.0,12.0,211.79,56.0,24.0,117.91,0.0,3.0,0,11.87,3.0,3.0,51.36,4.0,2.0,1,1,2.0,2.5649493574615367,5.3603057638821054,0.5567307238302092,0,3.0,0.59016619312016,0.364652452040345,True
279,대조,0,4.0,4.0,132.01,59.0,35.0,108.07000000000001,0.0,1.0,0,139.5,54.0,44.0,320.48,7.0,4.0,1,1,4.0,1.6094379124341003,4.890424313365204,0.81865010226498,0,1.0,0.33678895473987974,-0.6776367710608557,True
280,대조,0,2.0,14.0,281.54,10027.0,47.0,172.41,0.0,1.0,0,175.74,57.0,34.0,310.3,17.0,2.0,1,1,2.0,2.70805020110221,5.643820133483518,0.6123818995524614,0,1.0,0.5652459180058286,0.26248034707784046,True
282,처치,1,15.0,11.0,535.38,8401.0,60.0,213.20000000000002,2.0,4.0,1,89.71000000000001,32.0,28.0,366.86,8.0,15.0,1,1,15.0,2.4849066497880004,6.284842865104642,0.39822182375135423,1,4.0,0.8042907209624488,1.4133305091770774,True
286,대조,0,1.0,3.0,92.5,69.0,9.0,33.08,0.0,1.0,0,51.800000000000004,10.0,6.0,210.05,6.0,1.0,1,1,1.0,1.3862943611198906,4.537961436294641,0.3576216216216216,0,1.0,0.33244076423404434,-0.6971664375122658,True
287,처치,1,7.0,28.0,296.06,14864.0,46.0,143.55,0.0,7.0,0,163.55,72.0,58.0,362.33,30.0,7.0,1,1,7.0,3.367295829986474,5.693934138601387,0.48486793217591034,0,6.0,0.792011444746391,1.3370927867790618,True
288,대조,0,41.0,9.0,376.22,31928.0,57.0,184.38,0.0,3.0,0,91.57,53.0,43.0,210.99,8.0,41.0,1,1,41.0,2.302585092994046,5.932828571623025,0.49008558821965864,0,3.0,0.5758688138689823,0.30583707242673386,True
289,처치,1,2.0,27.0,806.13,102825.0,120.0,283.95,0.0,4.0,1,458.52,175.0,145.0,954.47,23.0,2.0,1,1,2.0,3.332204510175204,6.693484745754763,0.3522384727029139,0,4.0,0.8473759919877527,1.7141670735106405,True
297,대조,0,8.0,9.0,489.9,238.0,83.0,268.2,0.0,2.0,0,535.75,177.0,101.0,869.36,21.0,8.0,1,1,8.0,2.302585092994046,6.196240441064007,0.5474586650336803,0,2.0,0.5197459197472465,0.07902477857906816,True
300,처치,1,9.0,13.0,423.89,204.0,67.0,240.92,0.0,5.0,1,133.44,42.0,30.0,295.56,12.0,9.0,1,1,9.0,2.6390573296152584,6.051830311894415,0.5683549977588526,0,5.0,0.7697066695355245,1.2066556474122685,True
302,대조,0,18.0,19.0,289.9,10443.0,29.0,137.38,0.0,1.0,1,73.22,30.0,25.0,157.51,14.0,18.0,1,1,18.0,2.995732273553991,5.672979565501156,0.4738875474301483,0,1.0,0.7622081477449476,1.1648239575008088,True
307,처치,1,1.0,59.0,361.15000000000003,16659.0,49.0,86.59,0.0,3.0,0,83.69,29.0,23.0,322.87,40.0,1.0,1,1,1.0,4.0943445622221,5.892058490641335,0.2397618717984217,0,3.0,0.8444128914198493,1.691435824246136,True
308,처치,1,3.0,10.0,418.72,12701.0,57.0,155.14000000000001,0.0,0.0,0,127.18,46.0,45.0,396.2,12.0,3.0,1,1,3.0,2.3978952727983707,6.03958782228971,0.3705101260985862,0,0.0,0.5019694816233392,0.00787796723687905,True
312,대조,0,6.0,8.0,313.93,70.0,31.0,112.34,0.0,2.0,0,45.76,16.0,14.0,124.17,1.0,6.0,1,1,6.0,2.1972245773362196,5.7523503919083945,0.35785047622081356,0,2.0,0.5146200961696131,0.05849705992582211,True
318,처치,1,6.0,7.0,146.12,61.0,19.0,56.12,3.0,2.0,0,10.77,4.0,4.0,16.240000000000002,1.0,6.0,1,1,6.0,2.0794415416798357,4.991248580296066,0.38406788940596764,1,2.0,0.5753533040644925,0.3037267744377987,True
319,처치,1,2.0,12.0,459.8,19680.0,92.0,218.23,0.0,4.0,1,143.32,48.0,42.0,311.82,10.0,2.0,1,1,2.0,2.5649493574615367,6.132964109381682,0.47461939973901696,0,4.0,0.7428774568736254,1.0609783081763613,True
322,처치,1,25.0,2.0,50.480000000000004,26.0,11.0,22.060000000000002,0.0,2.0,0,75.61,27.0,25.0,133.52,6.0,25.0,1,1,25.0,1.0986122886681098,3.941193382727926,0.43700475435816166,0,2.0,0.3149219851764739,-0.7772077799856594,True
330,처치,1,1.0,43.0,256.17,5546.0,86.0,135.78,0.0,1.0,0,27.54,17.0,17.0,40.79,9.0,1.0,1,1,1.0,3.784189633918261,5.549737344813903,0.5300386462115001,0,1.0,0.7586795552457459,1.1454537983177564,True
331,대조,0,35.0,13.0,215.28,89.0,21.0,99.14,0.0,2.0,0,144.59,37.0,15.0,200.62,8.0,35.0,1,1,35.0,2.6390573296152584,5.376573864513804,0.4605165366034931,0,2.0,0.6150540575971981,0.4686072473895999,True
333,대조,0,8.0,3.0,119.27,51.0,24.0,85.68,0.0,1.0,0,0.0,0.0,0.0,0.0,0.0,8.0,0,0,8.0,1.3862943611198906,4.789739215322525,0.7183700846818144,0,1.0,0.3088411568897971,-0.8055425822524691,True
335,처치,1,13.0,8.0,133.66,49.0,14.0,47.98,0.0,2.0,0,55.160000000000004,30.0,23.0,145.46,10.0,13.0,1,1,13.0,2.1972245773362196,4.902753083117135,0.35897052222055964,0,2.0,0.5208068208410014,0.08327537477001333,True
336,대조,0,7.0,35.0,1360.64,39689.0,231.0,750.49,0.0,2.0,0,115.87,56.0,43.0,241.54,8.0,7.0,1,1,7.0,3.58351893845611,7.216445134590899,0.5515713193791156,0,2.0,0.7484949018013352,1.0906011321138354,True
337,대조,0,5.0,6.0,114.26,68.0,22.0,57.35,0.0,1.0,0,54.03,11.0,11.0,90.53,6.0,5.0,1,1,5.0,1.9459101490553132,4.747190446008521,0.5019254332224751,0,1.0,0.4275970023166,-0.29166211607027565,True
339,처치,1,3.0,6.0,141.55,97.0,47.0,104.95,0.0,1.0,0,6.75,4.0,3.0,12.15,3.0,3.0,1,1,3.0,1.9459101490553132,4.9596928153586815,0.7414341222182974,0,1.0,0.40481327318041105,-0.38544927598691825,True
342,대조,0,16.0,11.0,378.07,195.0,58.0,270.59000000000003,0.0,1.0,0,93.32000000000001,34.0,22.0,151.61,8.0,16.0,1,1,16.0,2.4849066497880004,5.937720884598035,0.715714021213003,0,1.0,0.5231012831719203,0.09247096873952658,True
343,대조,0,23.0,5.0,135.60999999999999,39.0,12.0,43.94,0.0,1.0,0,26.8,13.0,11.0,170.72,6.0,23.0,1,1,23.0,1.791759469228055,4.917130150899395,0.3240174028463978,0,1.0,0.4276118643562923,-0.2916013949247285,True
346,처치,1,3.0,19.0,1406.4199999999998,401.0,147.0,407.75,1.0,2.0,1,290.37,125.0,88.0,640.0600000000001,13.0,3.0,1,1,3.0,2.995732273553991,7.249513520032587,0.28992050738755143,1,2.0,0.8350710047735872,1.6220017075724444,True
348,대조,0,4.0,21.0,388.92,241.0,86.0,250.15,0.0,1.0,0,621.65,240.0,187.0,1026.86,40.0,4.0,1,1,4.0,3.091042453358316,5.965941589876896,0.6431914018307107,0,1.0,0.6368442441421467,0.5616932892482795,True
353,처치,1,1.0,13.0,550.75,221.0,96.0,378.75,0.0,2.0,1,333.39,132.0,105.0,733.36,20.0,1.0,1,1,1.0,2.6390573296152584,6.313095045136846,0.6876985928279619,0,2.0,0.6992987808445782,0.8439609469368804,True
356,대조,0,8.0,27.0,401.68,22464.0,28.0,57.12,0.0,1.0,0,10.030000000000001,7.0,5.0,221.26,15.0,8.0,1,1,8.0,3.332204510175204,5.9981422018612225,0.14220274845648276,0,1.0,0.7206803820350268,0.9478390306064564,True
362,처치,1,5.0,8.0,306.22,161.0,68.0,149.62,0.0,2.0,1,88.14,43.0,35.0,205.76,5.0,5.0,1,1,5.0,2.1972245773362196,5.727564103321,0.4886029651884266,0,2.0,0.6408717337151436,0.5791497211110226,True
364,처치,1,38.0,2.0,42.91,25.0,12.0,30.09,0.0,4.0,0,32.03,9.0,8.0,75.06,4.0,38.0,1,1,38.0,1.0986122886681098,3.782142084573626,0.7012351433232348,0,4.0,0.3464167643132331,-0.6348273226821327,True
365,처치,1,3.0,21.0,878.97,45796.0,108.0,567.52,0.0,6.0,0,276.79,83.0,46.0,438.35,11.0,3.0,1,1,3.0,3.091042453358316,6.779887815982053,0.6456648122233978,0,6.0,0.7394442319569899,1.0430819470712953,True
368,대조,0,4.0,1.0,8.72,3.0,1.0,1.99,0.0,3.0,0,9.780000000000001,4.0,4.0,15.47,1.0,4.0,1,1,4.0,0.6931471805599453,2.2741856184723477,0.22821100917431192,0,3.0,0.2707715137959687,-0.9907117643218625,True
370,처치,1,31.0,28.0,572.34,62063.0,72.0,178.62,0.0,0.0,1,0.0,0.0,0.0,0.0,0.0,31.0,0,0,31.0,3.367295829986474,6.351478908978763,0.3120872208826921,0,0.0,0.8118448922128982,1.4620426383817824,True
387,처치,1,3.0,19.0,896.6800000000001,307.0,105.0,372.55,1.0,2.0,1,195.51,62.0,51.0,500.22,8.0,3.0,1,1,3.0,2.995732273553991,6.799813657356611,0.4154770932774234,1,2.0,0.8288918576674777,1.577793929575338,True
390,처치,1,5.0,13.0,207.18,87.0,31.0,97.16,0.0,2.0,1,56.17,18.0,16.0,171.16,14.0,5.0,1,1,5.0,2.6390573296152584,5.338403090087322,0.4689641857322135,0,2.0,0.7188663743481541,0.9388453987119282,True
393,처치,1,2.0,19.0,459.96,258.0,81.0,198.93,0.0,3.0,0,256.64,113.0,92.0,466.40999999999997,14.0,2.0,1,1,2.0,2.995732273553991,6.133311271336218,0.4324941299243413,0,3.0,0.6792293525537894,0.7502324766058602,True
396,대조,0,7.0,16.0,357.68,23984.0,46.0,129.57,0.0,3.0,0,152.59,66.0,55.0,302.08,12.0,7.0,1,1,7.0,2.833213344056216,5.882430626083847,0.3622511742339521,0,3.0,0.6600162217411851,0.6633665076456472,True
398,처치,1,2.0,27.0,288.33,43321.0,31.0,76.33,0.0,0.0,0,39.45,21.0,18.0,157.44,14.0,2.0,1,1,2.0,3.332204510175204,5.667567905188549,0.2647313841778518,0,0.0,0.6872407748733798,0.7872510579883518,True
403,대조,0,16.0,7.0,113.48,33.0,25.0,99.73,0.0,1.0,0,32.66,11.0,8.0,98.97,7.0,16.0,1,1,16.0,2.0794415416798357,4.740400135248196,0.8788332745858302,0,1.0,0.42901348134250267,-0.28587725584530677,True
405,처치,1,9.0,18.0,603.72,94413.0,87.0,218.53,0.0,2.0,0,75.08,49.0,37.0,212.13,6.0,9.0,1,1,9.0,2.9444389791664403,6.404765540983921,0.3619724375538329,0,2.0,0.6591499430926634,0.6595083751036427,True
410,대조,0,1.0,31.0,239.96,150.0,68.0,175.09,0.0,1.0,1,93.47,33.0,27.0,145.76,15.0,1.0,1,1,1.0,3.4657359027997265,5.484630944611529,0.7296632772128688,0,1.0,0.8007829466296138,1.391194981581376,True
412,처치,1,5.0,14.0,462.12,2586.0,140.0,288.79,4.0,2.0,1,96.49,57.0,50.0,253.47,10.0,5.0,1,1,5.0,2.70805020110221,6.137986199770749,0.6249242620964252,1,2.0,0.7826977538843484,1.2814573874225281,True
414,처치,1,4.0,13.0,315.2,15282.0,40.0,109.93,0.0,3.0,0,94.24000000000001,41.0,34.0,211.32,16.0,4.0,1,1,4.0,2.6390573296152584,5.756374924775372,0.34876269035533,0,3.0,0.623474677131402,0.5043228466384855,True
419,처치,1,79.0,1.0,2.21,3.0,0.0,0.0,0.0,0.0,0,25.790000000000003,5.0,5.0,35.45,5.0,79.0,1,1,79.0,0.6931471805599453,1.1662709371419244,0.0,0,0.0,0.27831825767639673,-0.9528189709271643,True
420,처치,1,30.0,1.0,12.350000000000001,5.0,0.0,0.0,0.0,4.0,0,0.0,0.0,0.0,0.0,0.0,30.0,0,0,30.0,0.6931471805599453,2.591516384846259,0.0,0,4.0,0.3259578384981175,-0.7265246198704559,True
426,처치,1,1.0,37.0,1219.58,183394.0,204.0,473.26,3.0,2.0,1,323.22,129.0,119.0,623.35,16.0,1.0,1,1,1.0,3.6375861597263857,7.107081434591915,0.38805162432968726,1,2.0,0.8900263380681724,2.091010155483917,True
430,대조,0,1.0,16.0,579.0,230.0,93.0,260.14,0.0,1.0,0,226.23000000000002,78.0,73.0,520.96,17.0,1.0,1,1,1.0,2.833213344056216,6.363028103540465,0.44929188255613123,0,1.0,0.6024895057252101,0.4158489128924584,True
432,대조,0,2.0,45.0,498.52,26368.0,71.0,211.21,0.0,2.0,1,159.48,73.0,52.0,302.07,29.0,2.0,1,1,2.0,3.828641396489095,6.2136476373270675,0.42367407526277784,0,2.0,0.8686968903126128,1.889485796695005,True
433,대조,0,9.0,10.0,66.63,46.0,16.0,33.3,0.0,2.0,0,49.33,15.0,14.0,77.62,6.0,9.0,1,1,9.0,2.3978952727983707,4.214051671586849,0.49977487618190003,0,2.0,0.5450758393504312,0.1807942145862946,True
439,대조,0,3.0,2.0,18.69,10.0,6.0,11.2,0.0,1.0,0,12.89,8.0,8.0,44.160000000000004,3.0,3.0,1,1,3.0,1.0986122886681098,2.9801108926510342,0.5992509363295879,0,1.0,0.2684108979590724,-1.0027000126461145,True
441,대조,0,2.0,17.0,459.51,185.0,66.0,203.51,0.0,1.0,1,73.78,26.0,23.0,166.45000000000002,6.0,2.0,1,1,2.0,2.8903717578961645,6.132334570986185,0.44288481208243563,0,1.0,0.7386005868367026,1.0387077407321825,True
442,대조,0,2.0,63.0,934.73,82908.0,150.0,353.33,0.0,2.0,1,116.43,51.0,46.0,353.25,46.0,2.0,1,1,2.0,4.1588830833596715,6.841326973326098,0.3780022038449605,0,2.0,0.8972504400495565,2.1670404498236935,True
443,처치,1,5.0,24.0,606.89,358.0,148.0,374.08,0.0,3.0,1,165.48,115.0,62.0,277.17,10.0,5.0,1,1,5.0,3.2188758248682006,6.409993944545348,0.616388472375554,0,3.0,0.8086756820607652,1.4414279614844554,True
447,대조,0,24.0,3.0,44.06,11214.0,4.0,6.54,0.0,4.0,0,12.66,6.0,6.0,65.82000000000001,3.0,24.0,1,1,24.0,1.3862943611198906,3.8079949350040985,0.1484339536995007,0,4.0,0.43740787374816886,-0.25168879133745947,True
450,처치,1,16.0,9.0,159.61,103.0,49.0,81.64,0.0,0.0,0,78.42,32.0,27.0,171.69,6.0,16.0,1,1,16.0,2.302585092994046,5.0789790660748055,0.5114967733851262,0,0.0,0.48153595390941273,-0.07388978402367402,True
451,처치,1,3.0,32.0,506.83,44063.0,72.0,210.37,0.0,2.0,1,119.06,53.0,41.0,292.68,21.0,3.0,1,1,3.0,3.4965075614664802,6.230146745902833,0.4150701418621629,0,2.0,0.8363849312934901,1.6315724243087366,True
458,처치,1,6.0,10.0,125.81,86.0,51.0,85.76,2.0,4.0,1,64.94,21.0,17.0,102.01,9.0,6.0,1,1,6.0,2.3978952727983707,4.842689903246808,0.6816628248946824,1,4.0,0.7713728947140825,1.2160795922373504,True
459,처치,1,12.0,9.0,247.8,53.0,18.0,52.82,0.0,1.0,0,24.1,12.0,11.0,112.86999999999999,3.0,12.0,1,1,12.0,2.302585092994046,5.516649360865024,0.21315577078288941,0,1.0,0.5293088996420764,0.11737015172782887,True
460,처치,1,1.0,17.0,109.14,3842.0,25.0,60.92,0.0,3.0,1,38.43,14.0,12.0,65.99,4.0,1.0,1,1,1.0,2.8903717578961645,4.7017522838343355,0.558182151365219,0,3.0,0.7672303345005125,1.1927376574919406,True
462,대조,0,5.0,15.0,255.07,105.0,50.0,149.37,0.0,1.0,1,60.54,24.0,22.0,143.73,7.0,5.0,1,1,5.0,2.772588722239781,5.5454508446023425,0.5856039518563532,0,1.0,0.711925237063881,0.9047528617993272,True
463,처치,1,1.0,118.0,951.29,85146.0,159.0,530.71,0.0,3.0,0,257.3,109.0,80.0,521.15,56.0,1.0,1,1,1.0,4.77912349311153,6.85886961025229,0.5578845567597683,0,3.0,0.8926867855458187,2.1184839789485763,True
468,처치,1,2.0,53.0,687.67,11590.0,79.0,242.99,0.0,6.0,0,329.49,107.0,77.0,863.5600000000001,35.0,2.0,1,1,2.0,3.9889840465642745,6.534762201270815,0.3533526255325956,0,6.0,0.8653758876775224,1.860677423019841,True
473,처치,1,17.0,10.0,455.22,28171.0,67.0,220.56,0.0,1.0,1,172.02,68.0,48.0,374.06,7.0,17.0,1,1,17.0,2.3978952727983707,6.122975149310193,0.48451298273362325,0,1.0,0.6639261274816365,0.6808398950111244,True
475,대조,0,65.0,4.0,118.7,67.0,33.0,66.17,0.0,1.0,0,74.43,21.0,21.0,184.82,8.0,65.0,1,1,65.0,1.6094379124341003,4.784988612563928,0.5574557708508846,0,1.0,0.40525746651039163,-0.3836060101714361,True
479,대조,0,37.0,7.0,280.37,179.0,56.0,151.05,0.0,2.0,0,40.75,20.0,16.0,53.410000000000004,7.0,37.0,1,1,37.0,2.0794415416798357,5.639670529188956,0.5387523629489603,0,2.0,0.5002184161735135,0.0008736647496256295,True
480,대조,0,1.0,11.0,408.27,15112.0,80.0,220.14000000000001,0.0,4.0,0,152.24,62.0,56.0,375.94,10.0,1.0,1,1,1.0,2.4849066497880004,6.014375084941085,0.539201998677346,0,4.0,0.5986430893479618,0.3998144934224937,True
481,대조,0,88.0,1.0,76.95,35.0,16.0,50.01,0.0,1.0,0,20.11,11.0,9.0,76.82,3.0,88.0,1,1,88.0,0.6931471805599453,4.356067595503785,0.6499025341130604,0,1.0,0.2554450072795955,-1.0697795639213408,True
482,처치,1,42.0,7.0,46.339999999999996,34.0,9.0,25.92,0.0,0.0,0,36.94,5.0,5.0,37.82,1.0,42.0,1,1,42.0,2.0794415416798357,3.857355604085838,0.5593439792835564,0,0.0,0.45500043911157073,-0.18048660492275548,True
483,처치,1,6.0,15.0,544.53,315.0,107.0,334.5,0.0,2.0,1,77.09,31.0,23.0,304.32,12.0,6.0,1,1,6.0,2.772588722239781,6.301757799177982,0.6142912236240428,0,2.0,0.7297047065989747,0.9931249001673614,True
484,처치,1,13.0,24.0,436.34000000000003,185.0,79.0,208.9,0.0,2.0,1,246.26,102.0,98.0,486.9,17.0,13.0,1,1,13.0,3.2188758248682006,6.080710924622177,0.47875509923454185,0,2.0,0.8054493493563754,1.420707775865587,True
490,처치,1,2.0,9.0,548.79,15399.0,81.0,280.24,4.0,4.0,1,129.54,81.0,45.0,269.67,5.0,2.0,1,1,2.0,2.302585092994046,6.309536387133576,0.5106507042766815,1,4.0,0.7658570552191246,1.1850637363595455,True
502,처치,1,89.0,1.0,6.78,3.0,0.0,0.0,0.0,0.0,0,9.78,3.0,3.0,24.299999999999997,2.0,89.0,1,1,89.0,0.6931471805599453,2.0515563381903004,0.0,0,0.0,0.2844325480841441,-0.9225797308511303,True
507,대조,0,18.0,6.0,144.91,13349.0,9.0,27.49,0.0,1.0,0,4.0,2.0,2.0,19.47,3.0,18.0,1,1,18.0,1.9459101490553132,4.982989993275931,0.1897039541784556,0,1.0,0.4658378769300821,-0.1368617241275483,True
508,대조,0,55.0,8.0,70.46,41.0,13.0,26.43,0.0,1.0,0,67.83,34.0,25.0,170.65,6.0,55.0,1,1,55.0,2.1972245773362196,4.2691378525952635,0.37510644337212606,0,1.0,0.5296604311729027,0.11878118461038258,True
514,처치,1,5.0,7.0,237.65,134.0,100.0,210.49,0.0,1.0,0,148.47,96.0,65.0,182.79,6.0,5.0,1,1,5.0,2.0794415416798357,5.474998043451905,0.8857142857142857,0,1.0,0.41914108329087923,-0.3263003214360708,True
515,처치,1,15.0,5.0,173.2,108.0,28.0,84.29,0.0,2.0,0,63.92,36.0,24.0,146.97,4.0,15.0,1,1,15.0,1.791759469228055,5.160204064418402,0.4866628175519631,0,2.0,0.4305280531539846,-0.27969703653900113,True
519,대조,0,45.0,2.0,36.8,15.0,4.0,10.69,0.0,1.0,0,4.45,3.0,3.0,30.48,3.0,45.0,1,1,45.0,1.0986122886681098,3.632309102625542,0.29048913043478264,0,1.0,0.319606994624217,-0.755578481093678,True
520,처치,1,16.0,8.0,118.36,63.0,20.0,61.64,0.0,0.0,0,97.99000000000001,41.0,37.0,193.9,10.0,16.0,1,1,16.0,2.1972245773362196,4.782144136455451,0.5207840486650895,0,0.0,0.46001932806208073,-0.1602648400834972,True
523,처치,1,3.0,42.0,1155.78,56606.0,200.0,478.84,0.0,1.0,1,446.51,187.0,151.0,1389.21,61.0,3.0,1,1,3.0,3.7612001156935624,7.053395562181737,0.414300299364931,0,1.0,0.8510216973047818,1.7426369486469566,True
524,처치,1,27.0,6.0,85.64,35.0,25.0,75.86,0.0,4.0,0,24.1,12.0,10.0,28.189999999999998,3.0,27.0,1,1,27.0,1.9459101490553132,4.461761602692735,0.8858010275572162,0,4.0,0.4836843198158362,-0.0652858995856065,True
529,대조,0,68.0,2.0,126.69,78.0,31.0,62.4,0.0,2.0,0,0.0,0.0,0.0,0.0,0.0,68.0,0,0,68.0,1.0986122886681098,4.84960545143659,0.4925408477385745,0,2.0,0.3408846399883887,-0.6593544514177262,True
530,대조,0,2.0,1.0,56.04,24.0,17.0,26.32,0.0,1.0,0,67.88,27.0,21.0,136.2,5.0,2.0,1,1,2.0,0.6931471805599453,4.04375277610604,0.46966452533904357,0,1.0,0.21677354987416214,-1.2845686028153993,True
533,대조,0,17.0,7.0,213.13,122.0,33.0,80.94,0.0,2.0,0,163.59,54.0,47.0,257.54,7.0,17.0,1,1,17.0,2.0794415416798357,5.366583307218125,0.3797682165814292,0,2.0,0.49845897228182173,-0.006164130390588913,True
534,처치,1,1.0,65.0,167.76,1551.0,58.0,80.81,0.0,2.0,1,67.13,40.0,37.0,149.28,48.0,1.0,1,1,1.0,4.189654742026425,5.128477587256138,0.4817000476871722,0,2.0,0.8961734189486619,2.1554119247390284,True
536,대조,0,5.0,13.0,217.1,132.0,44.0,126.78999999999999,0.0,4.0,0,12.15,7.0,6.0,15.34,4.0,5.0,1,1,5.0,2.6390573296152584,5.384953673207583,0.584016582220175,0,4.0,0.627387215604523,0.5210241498705152,True
537,대조,0,24.0,1.0,0.0,0.0,0.0,0.0,0.0,1.0,0,41.7,15.0,15.0,119.45,4.0,24.0,1,1,24.0,0.6931471805599453,0.0,0.0,0,1.0,0.26275444022501576,-1.0317011163287133,True
538,처치,1,6.0,16.0,903.17,342.0,170.0,528.78,0.0,1.0,0,443.21000000000004,178.0,140.0,709.22,9.0,6.0,1,1,6.0,2.833213344056216,6.807017395809754,0.5854711737546642,0,1.0,0.5942791200143915,0.3816836725552969,True
540,대조,0,4.0,29.0,985.28,52223.0,179.0,568.74,0.0,1.0,1,343.91,116.0,100.0,553.82,13.0,4.0,1,1,4.0,3.4011973816621555,6.893940289948409,0.5772369275738877,0,1.0,0.8023352268382785,1.4009539781093256,True
542,처치,1,10.0,13.0,223.2,110.0,40.0,100.81,0.0,1.0,1,123.25,54.0,44.0,318.59000000000003,13.0,10.0,1,1,10.0,2.6390573296152584,5.4125385106380595,0.45165770609319,0,1.0,0.7034290098349989,0.8636803445107772,True
544,처치,1,3.0,11.0,74.2,44.0,17.0,35.79,0.0,2.0,0,3.69,2.0,2.0,12.030000000000001,2.0,3.0,1,1,3.0,2.4849066497880004,4.320151230955794,0.4823450134770889,0,2.0,0.5588369375921322,0.23644316369965157,True
545,처치,1,11.0,7.0,283.46,152.0,38.0,97.3,0.0,2.0,0,104.35000000000001,53.0,48.0,226.74,7.0,11.0,1,1,11.0,2.0794415416798357,5.650592646142082,0.3432583080505186,0,2.0,0.4966691701947046,-0.01332351631255636,True
546,처치,1,8.0,14.0,420.0,23014.0,62.0,180.74,0.0,2.0,1,84.61,56.0,25.0,219.64000000000001,5.0,8.0,1,1,8.0,2.70805020110221,6.042632833682381,0.43033333333333335,0,2.0,0.7341125510825841,1.0155892613401025,True
549,처치,1,8.0,3.0,64.55,27.0,12.0,49.04,0.0,0.0,0,14.57,5.0,3.0,28.66,2.0,8.0,1,1,8.0,1.3862943611198906,4.182813210209709,0.759721146398141,0,0.0,0.2856914110756229,-0.9164028202959014,True
562,처치,1,10.0,13.0,500.08,185.0,64.0,241.85999999999999,0.0,1.0,0,105.4,32.0,27.0,292.19,10.0,10.0,1,1,10.0,2.6390573296152584,6.216765768975991,0.483642617181251,0,1.0,0.5692370715303873,0.27873910446059136,True
563,대조,0,6.0,8.0,215.61,101.0,38.0,90.67,0.0,1.0,0,71.76,42.0,36.0,200.07,5.0,6.0,1,1,6.0,2.1972245773362196,5.378098501552887,0.42052780483279995,0,1.0,0.48482545766473645,-0.06071681533903992,True
566,대조,0,71.0,3.0,22.75,7.0,3.0,7.790000000000001,0.0,1.0,0,0.0,0.0,0.0,0.0,0.0,71.0,0,0,71.0,1.3862943611198906,3.1675825304806504,0.34241758241758247,0,1.0,0.38715071109213006,-0.45930499591629137,True
567,대조,0,1.0,71.0,999.18,20557.0,97.0,328.57,0.0,3.0,1,201.55,80.0,72.0,450.17,26.0,1.0,1,1,1.0,4.276666119016055,6.907935262784081,0.32883964851177966,0,3.0,0.9147176156583056,2.3726474818714047,True
570,대조,0,9.0,10.0,398.51,160.0,81.0,282.23,0.0,1.0,0,3.29,1.0,1.0,7.67,1.0,9.0,1,1,9.0,2.3978952727983707,5.9902387961821635,0.7082130937743094,0,1.0,0.5007384298067485,0.0029537213744633122,True
572,대조,0,71.0,6.0,154.14000000000001,46.0,23.0,82.77,0.0,2.0,0,0.0,0.0,0.0,0.0,0.0,71.0,0,0,71.0,1.9459101490553132,5.044327935062726,0.5369793694044375,0,2.0,0.501986245224598,0.007945022691189105,True
573,대조,0,4.0,10.0,188.9,70.0,26.0,95.15,0.0,3.0,0,29.15,9.0,9.0,52.58,4.0,4.0,1,1,4.0,2.3978952727983707,5.24649761781824,0.5037056643726839,0,3.0,0.5640892583580841,0.25777499709044555,True
575,처치,1,1.0,47.0,1627.79,52379.0,268.0,693.73,0.0,6.0,1,316.8,148.0,122.0,825.9,30.0,1.0,1,1,1.0,3.871201010907891,7.395592686848162,0.4261790525804926,0,6.0,0.9093861670605144,2.306162947367965,True
577,대조,0,7.0,3.0,392.82,156.0,57.0,158.53,1.0,1.0,0,141.52,58.0,48.0,538.83,4.0,7.0,1,1,7.0,1.3862943611198906,5.9758939521170245,0.4035690647115727,1,1.0,0.4129500748108517,-0.3517831662222641,True
578,처치,1,1.0,22.0,536.42,181.0,86.0,329.64,0.0,1.0,1,130.86,32.0,29.0,241.15,9.0,1.0,1,1,1.0,3.1354942159291497,6.286779911715159,0.6145184743298162,0,1.0,0.7627704879025744,1.167929105802294,True
580,대조,0,6.0,10.0,130.73,35.0,12.0,30.880000000000003,0.0,2.0,0,36.51,20.0,19.0,133.13,12.0,6.0,1,1,6.0,2.3978952727983707,4.880754373241736,0.23621204008261307,0,2.0,0.5657552974082086,0.2645534419199252,True
581,대조,0,4.0,37.0,1002.23,579.0,154.0,478.35,0.0,3.0,0,145.53,63.0,45.0,280.0,13.0,4.0,1,1,4.0,3.6375861597263857,6.910980073737751,0.4772856529938238,0,3.0,0.7771426991881993,1.2490923275852568,True
582,처치,1,3.0,14.0,498.85,10647.0,51.0,235.32999999999998,0.0,2.0,1,296.42,68.0,56.0,562.14,12.0,3.0,1,1,3.0,2.70805020110221,6.214308053413189,0.4717450135311215,0,2.0,0.7278624040571292,0.9838042190916552,True
583,처치,1,1.0,25.0,605.71,310.0,100.0,293.42,0.0,5.0,1,219.61,72.0,65.0,319.0,19.0,1.0,1,1,1.0,3.258096538021482,6.408050917423261,0.48442323884367106,0,5.0,0.8458531270574713,1.7024398675380712,True
584,대조,0,52.0,1.0,20.0,9305.0,0.0,0.0,0.0,1.0,0,0.0,0.0,0.0,0.0,0.0,52.0,0,0,52.0,0.6931471805599453,3.044522437723423,0.0,0,1.0,0.2791709698181471,-0.9485775912439183,True
594,처치,1,11.0,8.0,193.23000000000002,117.0,35.0,75.9,0.0,2.0,0,52.83,33.0,19.0,166.07,4.0,11.0,1,1,11.0,2.1972245773362196,5.269043023844041,0.3927961496662009,0,2.0,0.5158700103383229,0.06350137145759156,True
595,처치,1,2.0,19.0,285.83,151.0,52.0,115.24,0.0,4.0,1,100.61,41.0,32.0,197.51000000000002,14.0,2.0,1,1,2.0,2.995732273553991,5.658889705765464,0.40317671343106043,0,4.0,0.8070355586833695,1.4308618000563615,True
596,처치,1,6.0,14.0,347.78000000000003,4675.0,46.0,173.0,1.0,3.0,1,124.67,33.0,25.0,350.65,6.0,6.0,1,1,6.0,2.70805020110221,5.854441350941315,0.497440910920697,1,3.0,0.8067746854670321,1.429187488323154,True
598,처치,1,6.0,27.0,569.7,28790.0,87.0,241.67000000000002,0.0,5.0,1,253.65,117.0,69.0,462.18,21.0,6.0,1,1,6.0,3.332204510175204,6.346863677542663,0.4242057223099877,0,5.0,0.8581111000906668,1.799689222024513,True
601,처치,1,21.0,14.0,1006.16,72208.0,113.0,393.88,0.0,4.0,1,131.7,30.0,22.0,224.55,6.0,21.0,1,1,21.0,2.70805020110221,6.914889767882737,0.3914685537091516,0,4.0,0.7798575086186862,1.264836196947458,True
603,처치,1,,0.0,0.0,0.0,0.0,0.0,0.0,4.0,0,0.0,0.0,0.0,11.05,5.0,90.0,0,1,90.0,0.0,0.0,0.0,0,4.0,0.2544611913504072,-1.0749588554787053,True
604,대조,0,4.0,9.0,216.59,98.0,40.0,113.54,0.0,1.0,0,76.15,33.0,25.0,171.77,5.0,4.0,1,1,4.0,2.302585092994046,5.382612558043431,0.5242162611385568,0,1.0,0.4947605128826555,-0.020958715643020407,True
607,처치,1,17.0,2.0,15.45,10.0,6.0,10.99,0.0,2.0,1,0.0,0.0,0.0,5.99,2.0,17.0,0,1,17.0,1.0986122886681098,2.800325477211381,0.711326860841424,0,2.0,0.41864910787015264,-0.3283214020165292,True
609,처치,1,5.0,49.0,543.39,40134.0,86.0,206.06,0.0,3.0,1,33.58,17.0,14.0,82.4,7.0,5.0,1,1,5.0,3.912023005428146,6.2996659017621655,0.3792119840262059,0,3.0,0.8888484717579388,2.0790323833377196,True
612,대조,0,6.0,23.0,717.53,61113.0,63.0,200.12,0.0,3.0,0,178.43,76.0,60.0,525.99,21.0,6.0,1,1,6.0,3.1780538303479458,6.577207458300864,0.2789012306105668,0,3.0,0.7236664355632811,0.9627218590716364,True
621,처치,1,2.0,29.0,621.86,278.0,96.0,327.58,0.0,1.0,1,179.5,59.0,51.0,399.66,20.0,2.0,1,1,2.0,3.4011973816621555,6.434321774433209,0.5267745151641848,0,1.0,0.8043866492125809,1.4139400497302714,True
622,처치,1,2.0,30.0,431.56,139.0,48.0,164.43,0.0,4.0,1,93.75,32.0,25.0,174.44,13.0,2.0,1,1,2.0,3.4339872044851463,6.0697210450737495,0.38101306886643804,0,4.0,0.8564900035468339,1.7864379519459594,True
624,처치,1,3.0,23.0,958.16,35208.0,127.0,496.91,0.0,4.0,1,436.26,185.0,112.0,870.66,15.0,3.0,1,1,3.0,3.1780538303479458,6.866057901425928,0.5186085831176422,0,4.0,0.8226070399876524,1.5341112291462526,True
630,처치,1,8.0,24.0,1156.62,198865.0,137.0,475.73,3.0,5.0,1,346.95,150.0,88.0,545.03,13.0,8.0,1,1,8.0,3.2188758248682006,7.054121452293113,0.4113105427884699,1,5.0,0.8874680453407403,2.0651352927235056,True
631,처치,1,2.0,76.0,1341.36,140028.0,188.0,495.23,0.0,4.0,1,398.07,175.0,155.0,1008.2,43.0,2.0,1,1,2.0,4.343805421853684,7.20218453789116,0.36919991650265405,0,4.0,0.9249423337019751,2.511474691555152,False
632,처치,1,9.0,10.0,380.24,29235.0,49.0,222.42,0.0,1.0,0,140.32,57.0,49.0,247.15,4.0,9.0,1,1,9.0,2.3978952727983707,5.9434290980694255,0.5849463496738901,0,1.0,0.5119202407189662,0.04768999941104131,True
633,처치,1,2.0,13.0,448.78000000000003,7848.0,51.0,254.04,0.0,1.0,0,281.75,78.0,70.0,528.2,16.0,2.0,1,1,2.0,2.6390573296152584,6.10875857433034,0.5660680065956593,0,1.0,0.5555395169543389,0.22307859521366563,True
634,대조,0,,0.0,0.0,0.0,0.0,0.0,0.0,3.0,0,0.0,0.0,0.0,0.0,0.0,90.0,0,0,90.0,0.0,0.0,0.0,0,3.0,0.23640091197908725,-1.1725137542316197,True
635,대조,0,,0.0,0.0,0.0,0.0,0.0,0.0,1.0,0,8.969999999999999,3.0,3.0,8.969999999999999,1.0,90.0,1,1,90.0,0.0,0.0,0.0,0,1.0,0.20300406875223337,-1.367623551737449,False
637,처치,1,2.0,22.0,398.45,231.0,77.0,238.64000000000001,0.0,6.0,0,123.4,53.0,40.0,221.01999999999998,14.0,2.0,1,1,2.0,3.1354942159291497,5.9900886009280505,0.5989208181704104,0,6.0,0.7491824779114347,1.0942569114594904,True
639,처치,1,6.0,24.0,217.88,112.0,53.0,129.7,0.0,0.0,0,21.98,12.0,8.0,53.32,12.0,6.0,1,1,6.0,3.2188758248682006,5.388523634434185,0.5952818064989902,0,0.0,0.6436613777937157,0.5912913122039917,True
640,처치,1,,0.0,0.0,0.0,0.0,0.0,0.0,2.0,0,0.0,0.0,0.0,0.0,0.0,90.0,0,0,90.0,0.0,0.0,0.0,0,2.0,0.21924550005555304,-1.2700686529845346,True
642,처치,1,15.0,1.0,66.32000000000001,34.0,18.0,42.54,0.0,6.0,0,0.0,0.0,0.0,26.97,1.0,15.0,0,1,15.0,0.6931471805599453,4.209457369322605,0.6414354644149577,0,6.0,0.30641115657135987,-0.8169514913248558,True
646,처치,1,59.0,3.0,182.97,11710.0,24.0,72.59,0.0,0.0,0,41.28,17.0,13.0,68.73,1.0,59.0,1,1,59.0,1.3862943611198906,5.214772700837692,0.3967317046510357,0,0.0,0.34948538642615656,-0.621302014841654,True
650,대조,0,51.0,5.0,72.2,37.0,16.0,25.25,1.0,4.0,0,8.45,3.0,3.0,10.45,2.0,51.0,1,1,51.0,1.791759469228055,4.293195420967266,0.3497229916897507,1,4.0,0.6061739464475626,0.4312576618560032,True
654,대조,0,4.0,26.0,199.79,113.0,52.0,91.42999999999999,0.0,2.0,0,158.76,73.0,59.0,382.65,24.0,4.0,1,1,4.0,3.295836866004329,5.302259585780661,0.4576305120376395,0,2.0,0.7091273653611778,0.891149661539178,True
662,처치,1,20.0,5.0,198.81,54.0,20.0,57.82,0.0,0.0,0,9.33,3.0,3.0,24.8,3.0,20.0,1,1,20.0,1.791759469228055,5.2973669150120415,0.2908304411246919,0,0.0,0.40420282438365435,-0.3879835072438743,True
665,대조,0,32.0,2.0,22.63,8.0,0.0,0.0,0.0,1.0,0,3.49,1.0,1.0,39.66,2.0,32.0,1,1,32.0,1.0986122886681098,3.1625170911988163,0.0,0,1.0,0.33367109688826696,-0.6916276292070785,True
671,처치,1,9.0,17.0,449.14,33634.0,44.0,129.18,0.0,2.0,1,104.62,62.0,34.0,430.44,12.0,9.0,1,1,9.0,2.8903717578961645,6.10955864549045,0.28761633343723564,0,2.0,0.7712487014857893,1.21537551086491,True
672,대조,0,2.0,8.0,221.29,11912.0,39.0,100.22,0.0,1.0,1,136.24,81.0,62.0,247.74,12.0,2.0,1,1,2.0,2.1972245773362196,5.403982835702818,0.4528898730173076,0,1.0,0.6190706769573121,0.4856055913253929,True
675,대조,0,1.0,31.0,587.42,34592.0,79.0,234.0,0.0,3.0,1,193.42000000000002,69.0,51.0,420.52,20.0,1.0,1,1,1.0,3.4657359027997265,6.377440978632284,0.3983521160328215,0,3.0,0.846025273701592,1.7037607595118618,True
680,처치,1,1.0,17.0,586.08,400.0,91.0,243.94,0.0,2.0,1,108.76,50.0,45.0,243.77,8.0,1.0,1,1,1.0,2.8903717578961645,6.375161096742998,0.4162230412230412,0,2.0,0.7580432539992341,1.1419814726902882,True
681,대조,0,1.0,9.0,402.05,24048.0,42.0,167.08,0.0,5.0,0,127.3,43.0,37.0,218.0,6.0,1.0,1,1,1.0,2.302585092994046,5.99906062372961,0.4155702027111056,0,5.0,0.5979896199222682,0.39709548643591436,True
682,처치,1,18.0,52.0,896.36,116973.0,130.0,340.35,0.0,2.0,1,0.0,0.0,0.0,0.0,0.0,18.0,0,0,18.0,3.970291913552122,6.799457119336968,0.37970235173367844,0,2.0,0.8878285173782343,2.068749818081642,True
684,처치,1,1.0,7.0,93.16,33.0,11.0,29.32,0.0,5.0,0,75.85,35.0,26.0,133.88,8.0,1.0,1,1,1.0,2.0794415416798357,4.544995462952021,0.31472735079433234,0,5.0,0.5646434334001954,0.26002905194094045,True
685,처치,1,1.0,39.0,1038.1,452.0,125.0,386.13,0.0,1.0,1,274.01,88.0,74.0,555.36,19.0,1.0,1,1,1.0,3.6888794541139363,6.946110232858601,0.3719583855119931,0,1.0,0.8447734061412348,1.694182487730762,True
687,처치,1,21.0,7.0,193.05,118.0,37.0,107.8,0.0,2.0,0,374.36,151.0,116.0,619.22,10.0,21.0,1,1,21.0,2.0794415416798357,5.268115857814915,0.5584045584045584,0,2.0,0.4856346850109297,-0.05747707823975162,True
688,대조,0,21.0,6.0,738.16,225.0,93.0,358.14,0.0,3.0,1,126.88,43.0,36.0,219.9,1.0,21.0,1,1,21.0,1.9459101490553132,6.605514406309225,0.48517936490733715,0,3.0,0.6289817364896712,0.5278509313049766,True
690,처치,1,15.0,28.0,371.29,13442.0,38.0,120.94,0.0,3.0,1,71.27,28.0,26.0,212.12,18.0,15.0,1,1,15.0,3.367295829986474,5.9196731204588415,0.32572921436074226,0,3.0,0.8453643850211036,1.698696281104035,True
691,처치,1,73.0,2.0,77.67,28.0,8.0,20.4,0.0,2.0,0,130.35,51.0,45.0,256.47,6.0,73.0,1,1,73.0,1.0986122886681098,4.365261888341151,0.26264967168791037,0,2.0,0.3638929936664938,-0.5585069471655291,True
692,처치,1,10.0,17.0,604.09,21274.0,111.0,262.92,0.0,3.0,1,196.48,89.0,87.0,469.98,15.0,10.0,1,1,10.0,2.8903717578961645,6.4053772072976995,0.43523316062176165,0,3.0,0.7793646126387261,1.2619674804328638,True
694,대조,0,88.0,1.0,2.0,1.0,1.0,2.0,0.0,2.0,0,30.06,15.0,12.0,125.8,7.0,88.0,1,1,88.0,0.6931471805599453,1.0986122886681098,1.0,0,2.0,0.2516153405468698,-1.0900156014642761,True
696,처치,1,1.0,45.0,2092.29,83548.0,258.0,854.9300000000001,4.0,1.0,1,502.29,194.0,150.0,1275.33,33.0,1.0,1,1,1.0,3.828641396489095,7.6464922699429305,0.4086097051555951,1,1.0,0.8944048378130364,2.136545953790768,True
698,대조,0,19.0,5.0,100.28,54.0,21.0,58.18,0.0,3.0,0,50.46,21.0,21.0,116.66,8.0,19.0,1,1,19.0,1.791759469228055,4.617888958395866,0.5801755085759872,0,3.0,0.4498103616648251,-0.201436940350732,True
700,대조,0,83.0,3.0,62.31,6813.0,0.0,0.0,0.0,2.0,0,108.03,28.0,25.0,243.26,2.0,83.0,1,1,83.0,1.3862943611198906,4.148043294556035,0.0,0,2.0,0.44983841986960366,-0.2013235658083306,True
702,처치,1,5.0,40.0,1191.0,84373.0,174.0,596.57,3.0,3.0,0,360.2,151.0,105.0,644.26,20.0,5.0,1,1,5.0,3.713572066704308,7.083387847625295,0.5008984047019311,1,3.0,0.8389103355532531,1.6501426981497989,True
708,처치,1,14.0,9.0,380.87,138.0,54.0,193.87,0.0,3.0,1,155.48000000000002,78.0,52.0,270.3,6.0,14.0,1,1,14.0,2.302585092994046,5.945080236550453,0.5090188253209756,0,3.0,0.6860981961820947,0.7819405502999783,True
714,처치,1,3.0,43.0,441.67,268.0,94.0,295.62,0.0,4.0,1,454.29,199.0,120.0,660.71,26.0,3.0,1,1,3.0,3.784189633918261,6.0928245714604,0.6693232503905631,0,4.0,0.8769575331944555,1.9639290140223702,True
715,처치,1,2.0,25.0,678.4,10716.0,68.0,175.99,0.0,2.0,1,200.7,85.0,65.0,385.64,21.0,2.0,1,1,2.0,3.258096538021482,6.521210055726484,0.2594192216981132,0,2.0,0.8167014324660099,1.4941572443878393,True
716,대조,0,2.0,16.0,186.27,89.0,45.0,150.35,2.0,1.0,1,25.27,8.0,8.0,33.74,2.0,2.0,1,1,2.0,2.833213344056216,5.232551425772417,0.8071616470714553,1,1.0,0.7703363495795363,1.2102113879946064,True
720,처치,1,7.0,10.0,273.65,53.0,29.0,162.67,0.0,1.0,0,33.32,10.0,8.0,122.92,5.0,7.0,1,1,7.0,2.3978952727983707,5.615497559788629,0.594445459528595,0,1.0,0.5096530430257394,0.03861697041615729,True
722,처치,1,5.0,20.0,966.62,51636.0,185.0,554.66,0.0,3.0,1,437.22,252.0,144.0,779.99,16.0,5.0,1,1,5.0,3.044522437723423,6.874839448220479,0.57381390825764,0,3.0,0.788656777113022,1.3168477555360254,True
725,처치,1,4.0,15.0,851.76,591.0,187.0,474.15000000000003,5.0,4.0,1,258.6,117.0,85.0,433.22,9.0,4.0,1,1,4.0,2.772588722239781,6.748478147996341,0.5566708932093548,1,4.0,0.8245783499732008,1.547679660112807,True
729,대조,0,77.0,1.0,19.27,9.0,5.0,16.810000000000002,0.0,1.0,0,71.42,14.0,12.0,176.96,4.0,77.0,1,1,77.0,0.6931471805599453,3.0091419604639085,0.872340425531915,0,1.0,0.2345994502700921,-1.1825196982650978,True
730,대조,0,8.0,11.0,126.3,32.0,21.0,100.1,0.0,1.0,0,52.39,31.0,19.0,89.52,10.0,8.0,1,1,8.0,2.4849066497880004,4.846546505563361,0.7925574030087094,0,1.0,0.5103779816036722,0.0415178892071892,True
731,처치,1,16.0,7.0,151.14,11663.0,25.0,62.4,0.0,3.0,1,79.67,31.0,23.0,279.69,13.0,16.0,1,1,16.0,2.0794415416798357,5.024801149569155,0.4128622469233823,0,3.0,0.6566162194391584,0.648250991489542,True
733,처치,1,5.0,10.0,295.77,225.0,38.0,121.06,0.0,1.0,1,153.12,72.0,42.0,348.83,7.0,5.0,1,1,5.0,2.3978952727983707,5.692957428017367,0.40930452716637933,0,1.0,0.6615123819494051,0.6700411885606863,True
734,처치,1,4.0,14.0,123.38,39.0,23.0,89.75,0.0,0.0,0,119.66,55.0,42.0,185.39000000000001,6.0,4.0,1,1,4.0,2.70805020110221,4.823341395675743,0.7274274598800454,0,0.0,0.5329687822758726,0.13206674980196018,True
737,대조,0,18.0,8.0,200.94,87.0,44.0,119.14,0.0,1.0,0,114.89,53.0,44.0,235.95,7.0,18.0,1,1,18.0,2.1972245773362196,5.307970623576175,0.5929133074549617,0,1.0,0.47908274485352764,-0.08371788235450628,True
741,대조,0,8.0,15.0,504.68,15807.0,83.0,257.25,0.0,2.0,1,161.62,63.0,52.0,356.23,10.0,8.0,1,1,8.0,2.772588722239781,6.225904058164043,0.5097289371482919,0,2.0,0.738406657411162,1.0377035287038228,True
743,대조,0,12.0,11.0,132.04,136.0,25.0,75.13,0.0,2.0,0,83.83,23.0,22.0,136.17,10.0,12.0,1,1,12.0,2.4849066497880004,4.890649834884672,0.5689942441684338,0,2.0,0.5579681434544186,0.2329199170550465,True
747,처치,1,9.0,13.0,108.45,64.0,32.0,54.89,0.0,2.0,0,59.69,24.0,23.0,106.4,11.0,9.0,1,1,9.0,2.6390573296152584,4.695467823968872,0.5061318579990779,0,2.0,0.5912288975215576,0.36904790013631306,True
749,처치,1,30.0,5.0,43.58,15.0,8.0,30.38,0.0,2.0,0,0.0,0.0,0.0,0.0,0.0,30.0,0,0,30.0,1.791759469228055,3.797285327957723,0.6971087654887563,0,2.0,0.42479002633902196,-0.3031401545569342,True
752,처치,1,21.0,6.0,95.35,49.0,13.0,42.3,0.0,2.0,1,56.26,24.0,18.0,126.39,2.0,21.0,1,1,21.0,1.9459101490553132,4.567987394860375,0.44362873623492394,0,2.0,0.6108536557435876,0.45090193532984446,True
754,대조,0,4.0,6.0,158.09,79.0,21.0,56.89,0.0,4.0,0,60.56,33.0,24.0,127.71000000000001,4.0,4.0,1,1,4.0,1.9459101490553132,5.069470079817148,0.3598583085584161,0,4.0,0.5120645701177398,0.04826764931548095,True
755,처치,1,5.0,29.0,1143.68,329021.0,68.0,179.69,6.0,5.0,1,109.55,42.0,35.0,573.0,13.0,5.0,1,1,5.0,3.4011973816621555,7.042880400945117,0.15711562674874088,1,5.0,0.9082467935151208,2.292413706308005,True
759,대조,0,55.0,3.0,74.2,22.0,9.0,24.21,0.0,1.0,0,85.34,25.0,24.0,200.47,5.0,55.0,1,1,55.0,1.3862943611198906,4.320151230955794,0.32628032345013475,0,1.0,0.3754584319392496,-0.5088701249822118,True
760,처치,1,38.0,9.0,284.16,5707.0,33.0,210.83,0.0,2.0,0,0.0,0.0,0.0,0.0,0.0,38.0,0,0,38.0,2.302585092994046,5.653050426249428,0.7419411599099099,0,2.0,0.5270003486636246,0.10810655878268632,True
763,대조,0,88.0,1.0,142.34,79.0,15.0,59.42,0.0,2.0,0,150.86,62.0,53.0,268.43,6.0,88.0,1,1,88.0,0.6931471805599453,4.9652194305657735,0.4174511732471547,0,2.0,0.2911574655841357,-0.8897691668768168,True
764,대조,0,4.0,35.0,857.86,77655.0,133.0,385.83,3.0,1.0,1,174.59,67.0,64.0,355.97,15.0,4.0,1,1,4.0,3.58351893845611,6.755605928491992,0.44975870188608863,1,1.0,0.8742275788533236,1.9388666370010204,True
768,처치,1,1.0,84.0,1056.95,73756.0,214.0,474.32,0.0,3.0,1,356.46,163.0,141.0,822.39,46.0,1.0,1,1,1.0,4.442651256490317,6.964088352322298,0.44876294999763466,0,3.0,0.9213733368041581,2.4611544460630386,False
769,대조,0,16.0,6.0,108.22,26.0,12.0,61.74,0.0,1.0,0,50.99,22.0,20.0,153.83,6.0,16.0,1,1,16.0,1.9459101490553132,4.693364196724008,0.5705045278137129,0,1.0,0.43035382191295946,-0.28040771589441155,True
778,대조,0,16.0,12.0,57.04,37.0,12.0,18.06,0.0,3.0,0,37.99,19.0,13.0,63.6,2.0,16.0,1,1,16.0,2.5649493574615367,4.061132428015987,0.31661991584852733,0,3.0,0.6226517111419977,0.5008187072313873,True
780,대조,0,,0.0,0.0,0.0,0.0,0.0,0.0,2.0,0,0.0,0.0,0.0,0.0,0.0,90.0,0,0,90.0,0.0,0.0,0.0,0,2.0,0.21924550005555304,-1.2700686529845346,True
784,처치,1,2.0,20.0,416.09,46655.0,56.0,168.4,0.0,3.0,1,82.74000000000001,36.0,33.0,237.51,10.0,2.0,1,1,2.0,3.044522437723423,6.0333020258495615,0.40472013266360646,0,3.0,0.7974678226552865,1.3705427116863678,True
785,대조,0,3.0,23.0,360.37,139.0,62.0,169.23,0.0,1.0,1,130.31,53.0,42.0,233.17000000000002,14.0,3.0,1,1,3.0,3.1780538303479458,5.8899023641979,0.4696006881815911,0,1.0,0.7793444026789657,1.2618499540586758,True
787,처치,1,1.0,28.0,332.07,126.0,30.0,94.17,0.0,2.0,1,48.4,26.0,22.0,225.28,20.0,1.0,1,1,1.0,3.367295829986474,5.808352678099584,0.2835847863402295,0,2.0,0.8279224685533269,1.570974373513527,True
793,처치,1,7.0,10.0,160.37,79.0,27.0,89.02,0.0,0.0,0,164.9,59.0,48.0,258.96,10.0,7.0,1,1,7.0,2.3978952727983707,5.083699864953261,0.5550913512502338,0,0.0,0.4891910167263395,-0.04324267022674058,True
795,대조,0,18.0,2.0,17.6,7.0,2.0,5.67,0.0,1.0,0,30.64,10.0,6.0,43.540000000000006,2.0,18.0,1,1,18.0,1.0986122886681098,2.9231615807191558,0.3221590909090909,0,1.0,0.2987451556814375,-0.8532804771102156,True
797,처치,1,3.0,18.0,516.37,153.0,62.0,235.09,0.0,4.0,1,56.160000000000004,20.0,19.0,151.85,6.0,3.0,1,1,3.0,2.9444389791664403,6.248758285852109,0.45527431880240915,0,4.0,0.7978406704729184,1.372852769924837,True
802,처치,1,7.0,9.0,337.29,127.0,48.0,166.87,0.0,2.0,1,41.589999999999996,17.0,11.0,90.69,1.0,7.0,1,1,7.0,2.302585092994046,5.823903515787252,0.494737466275312,0,2.0,0.6608364013045119,0.6670237244169938,True
807,처치,1,8.0,10.0,410.95,218.0,44.0,114.94,0.0,3.0,0,95.58,52.0,40.0,284.11,9.0,8.0,1,1,8.0,2.3978952727983707,6.020901982761599,0.27969339335685606,0,3.0,0.5865662774963364,0.34978844935166115,True
808,처치,1,16.0,26.0,181.87,3844.0,29.0,59.09,0.0,1.0,1,82.1,39.0,32.0,227.27,18.0,16.0,1,1,16.0,3.295836866004329,5.208775517886542,0.32490240281519767,0,1.0,0.810343172138182,1.4522415573284395,True
812,처치,1,17.0,6.0,66.52,30.0,8.0,30.7,0.0,2.0,0,26.52,12.0,9.0,43.87,4.0,17.0,1,1,17.0,1.9459101490553132,4.212423850287702,0.46151533373421527,0,2.0,0.46534793810792574,-0.1388308039416264,True
817,처치,1,3.0,19.0,586.06,267.0,162.0,364.63,0.0,5.0,1,354.59,179.0,164.0,482.43,18.0,3.0,1,1,3.0,2.995732273553991,6.375127029255301,0.6221717912841689,0,5.0,0.8100713588772762,1.4504739125885187,True
820,처치,1,3.0,23.0,481.27,9751.0,101.0,267.28,0.0,1.0,0,165.17,58.0,55.0,491.2,18.0,3.0,1,1,3.0,3.1780538303479458,6.178504123191311,0.5553639329274627,0,1.0,0.6590034874763168,0.658856576533879,True
823,처치,1,8.0,12.0,277.07,11476.0,23.0,85.36,0.0,1.0,1,19.35,6.0,6.0,144.64,10.0,8.0,1,1,8.0,2.5649493574615367,5.627872880555851,0.30808099036344605,0,1.0,0.7004742780814377,0.8495573489986303,True
830,처치,1,36.0,2.0,12.21,9.0,6.0,9.71,0.0,3.0,0,67.71,35.0,28.0,106.96,6.0,36.0,1,1,36.0,1.0986122886681098,2.580974118534234,0.7952497952497952,0,3.0,0.316554127550114,-0.76965321521647,True
831,대조,0,1.0,30.0,1503.6200000000001,495.0,223.0,695.07,0.0,0.0,1,415.15,129.0,109.0,912.91,16.0,1.0,1,1,1.0,3.4339872044851463,7.31629565360723,0.4622644019100571,0,0.0,0.7957826882530833,1.360141463339125,True
834,대조,0,73.0,2.0,16.73,7.0,1.0,9.0,0.0,2.0,0,0.0,0.0,0.0,1.0,1.0,73.0,0,1,73.0,1.0986122886681098,2.8752581200861167,0.5379557680812911,0,2.0,0.3420744912325082,-0.654063192390017,True
836,대조,0,34.0,12.0,218.16,129.0,24.0,90.36,0.0,2.0,0,6.0,2.0,1.0,34.63,1.0,34.0,1,1,34.0,2.5649493574615367,5.389802056670215,0.4141914191419142,0,2.0,0.6042269058362807,0.4231087468078481,True
844,처치,1,4.0,17.0,588.8,227.0,92.0,251.87,0.0,3.0,1,199.6,74.0,67.0,514.58,16.0,4.0,1,1,4.0,2.8903717578961645,6.379783496381176,0.4277683423913044,0,3.0,0.7764580273411882,1.2451433939252239,True
850,처치,1,2.0,13.0,257.96,127.0,40.0,120.61,0.0,2.0,0,104.24,35.0,29.0,144.2,7.0,2.0,1,1,2.0,2.6390573296152584,5.556673609617989,0.46755310900914876,0,2.0,0.5885062172718304,0.35779358005111084,True
852,처치,1,6.0,13.0,251.35,79.0,52.0,188.56,0.0,0.0,1,54.86,27.0,23.0,109.07,7.0,6.0,1,1,6.0,2.6390573296152584,5.5308170127862715,0.7501889795106426,0,0.0,0.6558161799879557,0.6447046610901798,True
854,대조,0,3.0,4.0,31.0,15.0,5.0,19.25,0.0,1.0,0,14.74,9.0,8.0,16.62,2.0,3.0,1,1,3.0,1.6094379124341003,3.4657359027997265,0.6209677419354839,0,1.0,0.3530931865597647,-0.6054702487578282,True
857,처치,1,2.0,8.0,662.95,323.0,105.0,281.88,0.0,3.0,1,205.93,57.0,51.0,454.1,4.0,2.0,1,1,2.0,2.1972245773362196,6.498206845436337,0.4251904366845161,0,3.0,0.6654658682100926,0.6877484364834102,True
861,대조,0,41.0,5.0,174.97,71.0,47.0,127.26,0.0,1.0,0,0.0,0.0,0.0,0.0,0.0,41.0,0,0,41.0,1.791759469228055,5.17031352596367,0.7273246842315826,0,1.0,0.4062576819129848,-0.3794577745170052,True
862,대조,0,1.0,15.0,334.82,187.0,63.0,167.77,0.0,1.0,0,67.07000000000001,29.0,20.0,137.31,5.0,1.0,1,1,1.0,2.772588722239781,5.816575302131323,0.5010752045875396,0,1.0,0.5867072186386284,0.3503696641463802,True
864,처치,1,8.0,16.0,1185.06,521.0,187.0,512.93,6.0,5.0,1,381.64,148.0,125.0,896.0,13.0,8.0,1,1,8.0,2.833213344056216,7.078392168497253,0.4328304052115505,1,5.0,0.8520090088795133,1.7504456994717688,True
867,처치,1,1.0,17.0,696.57,44678.0,106.0,370.83,5.0,2.0,1,193.14,91.0,64.0,627.81,21.0,1.0,1,1,1.0,2.8903717578961645,6.54760286708289,0.5323657349584392,1,2.0,0.8093551909644644,1.4458258118895917,True
871,처치,1,1.0,24.0,1662.7,22711.0,174.0,810.94,0.0,5.0,1,316.4,90.0,67.0,685.1,10.0,1.0,1,1,1.0,3.2188758248682006,7.416799316665697,0.4877247849882721,0,5.0,0.8412133085996154,1.6672835266743369,True
873,처치,1,16.0,10.0,264.54,7644.0,52.0,130.54,0.0,3.0,0,256.07,132.0,76.0,471.4,16.0,16.0,1,1,16.0,2.3978952727983707,5.581765488467756,0.49346034626143487,0,3.0,0.574383134822565,0.29975709185263955,True
877,처치,1,2.0,7.0,374.40000000000003,175.0,64.0,173.1,0.0,3.0,0,112.03,37.0,28.0,260.48,8.0,2.0,1,1,2.0,2.0794415416798357,5.927992124152409,0.46233974358974356,0,3.0,0.5027465321887197,0.010986239254469576,True
879,처치,1,4.0,23.0,463.66,21501.0,62.0,225.59,0.0,0.0,1,137.7,48.0,40.0,348.87,16.0,4.0,1,1,4.0,3.1780538303479458,6.141305955347142,0.486541862571712,0,0.0,0.7614677006673767,1.160743027898246,True
882,처치,1,1.0,37.0,288.21,135.0,73.0,208.34,0.0,2.0,1,190.83,77.0,57.0,378.89,31.0,1.0,1,1,1.0,3.6375861597263857,5.667153067833411,0.7228756809271019,0,2.0,0.8358176090876639,1.6274324687698531,True
883,처치,1,1.0,56.0,1899.65,77323.0,249.0,864.98,3.0,6.0,1,386.3,110.0,83.0,742.05,29.0,1.0,1,1,1.0,4.04305126783455,7.549951211913027,0.4553365093569868,1,6.0,0.9414896941838024,2.7782604953499956,False
884,대조,0,9.0,6.0,102.03,28.0,6.0,39.71,0.0,0.0,0,1.49,1.0,1.0,33.33,1.0,9.0,1,1,9.0,1.9459101490553132,4.635020207956977,0.3891992551210428,0,0.0,0.4170116808929431,-0.33505291717266344,True
885,처치,1,32.0,4.0,93.42,21.0,11.0,54.92,0.0,0.0,0,36.45,14.0,11.0,60.29,4.0,32.0,1,1,32.0,1.6094379124341003,4.54775291511814,0.5878826803682295,0,0.0,0.3545042175118445,-0.5992984335792865,True
886,처치,1,1.0,18.0,359.99,90840.0,12.0,41.99,0.0,2.0,1,31.51,11.0,10.0,193.59,11.0,1.0,1,1,1.0,2.9444389791664403,5.888850257118181,0.11664212894802634,0,2.0,0.7849485178174829,1.2947406817583649,True
901,대조,0,33.0,7.0,382.16,237.0,72.0,200.47,0.0,3.0,0,221.34,70.0,58.0,423.09,10.0,33.0,1,1,33.0,2.0794415416798357,5.948452656514691,0.5245708603726188,0,3.0,0.5223982431587364,0.0896529743873179,True
903,대조,0,4.0,8.0,543.15,113.0,54.0,270.05,0.0,3.0,1,11.17,5.0,4.0,100.37,2.0,4.0,1,1,4.0,2.1972245773362196,6.299224944142071,0.4971923041517077,0,3.0,0.6612271910794129,0.6687677864017983,True
906,대조,0,2.0,43.0,734.58,41701.0,88.0,393.5,0.0,5.0,1,246.63,156.0,56.0,397.9,23.0,2.0,1,1,2.0,3.784189633918261,6.6006593036710415,0.5356802526613847,0,5.0,0.8914069090126926,2.105193224651186,True
907,처치,1,15.0,8.0,204.65,115.0,38.0,106.46000000000001,0.0,2.0,0,82.42,33.0,27.0,152.46,11.0,15.0,1,1,15.0,2.1972245773362196,5.326175694676433,0.520205228438798,0,2.0,0.5075747856319132,0.03030146082735038,True
911,처치,1,1.0,12.0,687.44,13141.0,147.0,376.79,1.0,2.0,1,240.08,118.0,105.0,405.11,7.0,1.0,1,1,1.0,2.5649493574615367,6.53442816840178,0.5481060165250785,1,2.0,0.7651738316386937,1.1812575075901908,True
913,대조,0,36.0,7.0,154.04,50.0,29.0,96.55,0.0,2.0,0,25.32,8.0,8.0,40.95,4.0,36.0,1,1,36.0,2.0794415416798357,5.043683148142456,0.6267852505842638,0,2.0,0.49184549489584334,-0.032620912833400656,True
915,처치,1,1.0,24.0,170.67,100.0,41.0,75.92,0.0,1.0,1,55.36,36.0,32.0,110.07,16.0,1.0,1,1,1.0,3.2188758248682006,5.145574029282837,0.44483506181519894,0,1.0,0.7856318143083637,1.2987932224948273,True
916,처치,1,2.0,40.0,702.3100000000001,43070.0,140.0,253.43,0.0,3.0,0,183.74,83.0,77.0,544.88,28.0,2.0,1,1,2.0,3.713572066704308,6.555797761896238,0.36085204539306004,0,3.0,0.7934948608495956,1.3461217643671242,True
919,대조,0,1.0,8.0,68.28,55.0,23.0,38.64,0.0,1.0,0,89.64,56.0,47.0,154.39,14.0,1.0,1,1,1.0,2.1972245773362196,4.2381562642541795,0.5659050966608085,0,1.0,0.46840708740668097,-0.1265402318250877,True
922,대조,0,1.0,21.0,440.11,20167.0,83.0,278.4,0.0,4.0,1,214.53,75.0,53.0,512.01,22.0,1.0,1,1,1.0,3.091042453358316,6.089294277450157,0.6325691304446615,0,4.0,0.8052184994083345,1.4192352478881507,True
923,대조,0,5.0,21.0,559.42,41743.0,64.0,194.44,0.0,2.0,0,113.24,28.0,20.0,326.94,10.0,5.0,1,1,5.0,3.091042453358316,6.328686502619741,0.3475742733545458,0,2.0,0.6831967218850621,0.7685018368134804,True
924,대조,0,2.0,12.0,296.62,104.0,58.0,196.33,0.0,3.0,0,121.1,35.0,32.0,196.34,6.0,2.0,1,1,2.0,2.5649493574615367,5.695817505001904,0.6618906344818286,0,3.0,0.5807077918623893,0.3256796193602477,True
925,대조,0,,0.0,0.0,0.0,0.0,0.0,0.0,1.0,0,45.77,36.0,32.0,84.14,19.0,90.0,1,1,90.0,0.0,0.0,0.0,0,1.0,0.20300406875223337,-1.367623551737449,False
926,처치,1,1.0,30.0,616.28,42274.0,97.0,286.61,0.0,8.0,1,79.02,46.0,34.0,371.16,17.0,1.0,1,1,1.0,3.4339872044851463,6.425322729717364,0.4650645810345947,0,6.0,0.8751074485786741,1.946892898179387,True
927,처치,1,13.0,9.0,290.99,107.0,51.0,178.17,0.0,0.0,0,2.5,1.0,1.0,2.5,1.0,13.0,1,1,13.0,2.302585092994046,5.676719555106512,0.6122890820990411,0,0.0,0.4695884484647608,-0.12179654800534347,True
935,대조,0,7.0,3.0,84.97,20921.0,3.0,8.27,0.0,1.0,0,56.81,27.0,25.0,115.55,2.0,7.0,1,1,7.0,1.3862943611198906,4.453998398186353,0.09732846887136636,0,1.0,0.3582091542324469,-0.5831454196970272,True
938,처치,1,27.0,3.0,79.0,9654.0,0.0,0.0,0.0,1.0,0,8.129999999999999,5.0,5.0,57.36,3.0,27.0,1,1,27.0,1.3862943611198906,4.382026634673881,0.0,0,1.0,0.38168346744037257,-0.48240886909586184,True
939,처치,1,2.0,31.0,1023.39,877.0,184.0,426.1,0.0,1.0,1,326.33,191.0,114.0,742.42,15.0,2.0,1,1,2.0,3.4657359027997265,6.931852592465931,0.4163613089828902,0,1.0,0.8181530754456502,1.5038841935935294,True
940,처치,1,22.0,11.0,173.13,78.0,23.0,54.3,0.0,0.0,0,45.99,16.0,15.0,139.79,6.0,22.0,1,1,22.0,2.4849066497880004,5.159802146691291,0.3136371512736094,0,0.0,0.5404472440928175,0.16214327981148557,True
941,처치,1,22.0,19.0,303.04,37990.0,33.0,83.45,0.0,4.0,1,22.7,7.0,7.0,47.57,5.0,22.0,1,1,22.0,2.995732273553991,5.71715927169784,0.2753761879619852,0,4.0,0.8237944328266594,1.542269715295172,True
943,처치,1,3.0,16.0,491.89,4980.0,101.0,246.04,0.0,2.0,0,17.900000000000002,8.0,8.0,39.52,1.0,3.0,1,1,3.0,2.833213344056216,6.200286025414635,0.5001931326109496,0,2.0,0.6229198491380757,0.5019600908348105,True
944,처치,1,2.0,9.0,226.57,38745.0,22.0,77.69,0.0,0.0,0,121.8,29.0,28.0,336.86,12.0,2.0,1,1,2.0,2.302585092994046,5.427457883371127,0.342896235159112,0,0.0,0.48511662404108813,-0.05955109659880849,True
947,처치,1,1.0,24.0,240.15,119.0,24.0,64.8,3.0,6.0,1,22.51,11.0,9.0,143.01,15.0,1.0,1,1,1.0,3.2188758248682006,5.485419146514981,0.2698313554028732,1,6.0,0.899828083817919,2.1953158553562546,True
952,처치,1,6.0,28.0,464.99,222.0,90.0,215.46,0.0,3.0,0,38.97,14.0,11.0,108.34,6.0,6.0,1,1,6.0,3.367295829986474,6.144164174667925,0.46336480354416226,0,3.0,0.740335524181049,1.0477131744811414,True
953,처치,1,1.0,8.0,129.61,71.0,34.0,82.9,0.0,1.0,0,540.84,199.0,146.0,913.66,31.0,1.0,1,1,1.0,2.1972245773362196,4.8722157835894295,0.6396111411156546,0,1.0,0.4613407030504067,-0.15494644671172705,True
954,대조,0,30.0,6.0,303.42,152.0,50.0,174.24,2.0,3.0,0,147.69,60.0,55.0,328.98,6.0,30.0,1,1,30.0,1.9459101490553132,5.718408326851521,0.5742535099861578,1,3.0,0.5750809599137016,0.302612173872343,True
960,처치,1,3.0,12.0,371.65000000000003,123.0,34.0,93.26,0.0,4.0,1,37.39,10.0,8.0,147.93,5.0,3.0,1,1,3.0,2.5649493574615367,5.9206396413277025,0.2509350195076012,0,4.0,0.7587379001565042,1.1457725014180264,True
964,대조,0,4.0,16.0,277.53000000000003,148.0,47.0,146.85,0.0,1.0,0,46.99,16.0,15.0,107.54,10.0,4.0,1,1,4.0,2.833213344056216,5.629525773494151,0.5291319857312722,0,1.0,0.5983893859052425,0.3987586914980559,True
965,대조,0,36.0,3.0,162.57,92.0,29.0,106.21000000000001,0.0,1.0,0,71.1,28.0,24.0,94.44,1.0,36.0,1,1,36.0,1.3862943611198906,5.097241033270434,0.653318570461955,0,1.0,0.33372247518499837,-0.6913965527121486,True
978,처치,1,26.0,1.0,54.53,12.0,7.0,23.67,0.0,2.0,0,157.83,51.0,48.0,222.63,5.0,26.0,1,1,26.0,0.6931471805599453,4.016923415253516,0.43407298734641486,0,2.0,0.2505504783796389,-1.0956785551468236,True
984,처치,1,2.0,5.0,169.25,108.0,51.0,129.59,0.0,0.0,0,59.47,46.0,28.0,86.38,3.0,2.0,1,1,2.0,1.791759469228055,5.137267945029622,0.765672082717873,0,0.0,0.3501977525025049,-0.618170079904673,True
986,대조,0,3.0,16.0,309.12,137.0,49.0,161.53,0.0,2.0,1,63.78,24.0,19.0,124.7,6.0,3.0,1,1,3.0,2.833213344056216,5.736959319350758,0.5225478778467909,0,2.0,0.7438935622532606,1.0663048325929192,True
987,대조,0,3.0,12.0,502.15,245.0,86.0,266.8,0.0,3.0,0,26.54,8.0,7.0,106.25,1.0,3.0,1,1,3.0,2.5649493574615367,6.220888336379343,0.531315344020711,0,3.0,0.5926094991977967,0.3747634778227456,True
989,처치,1,2.0,26.0,491.07,35933.0,88.0,220.04,0.0,6.0,0,152.33,64.0,49.0,392.26,10.0,2.0,1,1,2.0,3.295836866004329,6.198620982794742,0.44808275805893255,0,6.0,0.7817412491407423,1.2758425128485975,True
993,처치,1,2.0,26.0,652.35,9482.0,141.0,373.25,4.0,6.0,1,77.3,38.0,32.0,212.26,10.0,2.0,1,1,2.0,3.295836866004329,6.4821129734351555,0.5721621828772898,1,6.0,0.8954517122784058,2.1476792492722976,True
995,대조,0,,0.0,0.0,0.0,0.0,0.0,0.0,3.0,0,0.0,0.0,0.0,0.0,0.0,90.0,0,0,90.0,0.0,0.0,0.0,0,3.0,0.23640091197908725,-1.1725137542316197,True
996,대조,0,1.0,32.0,518.28,258.0,115.0,292.73,0.0,5.0,1,63.910000000000004,34.0,31.0,147.96,15.0,1.0,1,1,1.0,3.4965075614664802,6.252443236725213,0.5648105271281934,0,5.0,0.8656992216507223,1.863455630009294,True
999,대조,0,8.0,7.0,177.32,72.0,26.0,95.97,0.0,3.0,0,233.62,84.0,70.0,461.04,7.0,8.0,1,1,8.0,2.0794415416798357,5.183579689077614,0.54122490412813,0,3.0,0.5010172840443925,0.004069141792269411,True
1000,처치,1,2.0,18.0,565.26,18359.0,113.0,185.44,4.0,2.0,0,110.54,81.0,73.0,334.05,14.0,2.0,1,1,2.0,2.9444389791664403,6.339053336685457,0.3280614230619538,1,2.0,0.730161960156003,0.9954444461765459,True
1003,대조,0,5.0,19.0,928.68,459.0,199.0,573.39,0.0,2.0,1,5.0,3.0,3.0,20.58,1.0,5.0,1,1,5.0,2.995732273553991,6.834840440914618,0.6174247318775036,0,2.0,0.7622042295109066,1.1648023394090987,True
1004,처치,1,1.0,42.0,501.03000000000003,56181.0,72.0,231.2,0.0,4.0,1,102.2,33.0,28.0,429.1,37.0,1.0,1,1,1.0,3.7612001156935624,6.218659878862289,0.4614494142067341,0,4.0,0.8822580227178977,2.0139889588985516,True
1005,처치,1,3.0,39.0,454.39,271.0,100.0,238.35,1.0,2.0,0,128.61,55.0,52.0,260.48,20.0,3.0,1,1,3.0,3.6888794541139363,6.1211541946709325,0.5245493958933956,1,2.0,0.8206093910125825,1.520481622550095,True
1007,처치,1,1.0,14.0,84.79,67.0,24.0,38.88,0.0,2.0,0,8.83,5.0,4.0,24.53,5.0,1.0,1,1,1.0,2.70805020110221,4.451902449584874,0.4585446396980776,0,2.0,0.6024535176309512,0.41569864919311783,True
1010,처치,1,5.0,18.0,421.96,37417.0,75.0,144.91,0.0,0.0,0,101.29,45.0,37.0,363.09000000000003,12.0,5.0,1,1,5.0,2.9444389791664403,6.0472776119271945,0.3434211773627832,0,0.0,0.6127829763851035,0.45902551760657884,True
1012,대조,0,6.0,21.0,447.61,12959.0,63.0,196.5,1.0,4.0,1,28.16,10.0,9.0,63.06,1.0,6.0,1,1,6.0,3.091042453358316,6.10615391341144,0.43899823507070884,1,4.0,0.8643517835908011,1.851914952329696,True
1015,처치,1,2.0,13.0,556.23,291.0,119.0,338.78,2.0,4.0,1,71.31,54.0,33.0,157.91,5.0,2.0,1,1,2.0,2.6390573296152584,6.322978081088026,0.6090645955809646,1,4.0,0.8048852700949127,1.4171120016037868,True
1018,처치,1,8.0,10.0,124.17,50.0,17.0,78.05,0.0,4.0,1,96.03,38.0,26.0,232.77,11.0,8.0,1,1,8.0,2.3978952727983707,4.829672813339932,0.628573729564307,0,4.0,0.7100265867691279,0.8955131752244188,True
1019,대조,0,14.0,2.0,25.23,8.0,3.0,14.47,0.0,1.0,0,96.71,32.0,23.0,184.92,6.0,14.0,1,1,14.0,1.0986122886681098,3.2669037938787824,0.5735235830360682,0,1.0,0.27722898829453385,-0.9582486151344514,True
1021,대조,0,6.0,22.0,283.17,94.0,19.0,64.86,0.0,1.0,1,1.0,1.0,1.0,128.51,5.0,6.0,1,1,6.0,3.1354942159291497,5.649572650626043,0.22904968746689267,0,1.0,0.7900945745961577,1.3254955789172167,True
1025,대조,0,22.0,8.0,445.5,279.0,62.0,157.95,0.0,3.0,0,326.25,110.0,90.0,518.92,5.0,22.0,1,1,22.0,2.1972245773362196,6.101439400316553,0.3545454545454545,0,3.0,0.551948934314694,0.2085483198745001,True
1031,처치,1,30.0,27.0,702.98,78592.0,75.0,230.61,0.0,1.0,1,0.0,0.0,0.0,0.0,0.0,30.0,0,0,30.0,3.332204510175204,6.5567499466635875,0.32804631710717236,0,1.0,0.8208440246788488,1.5220763123556766,True
1034,처치,1,72.0,1.0,3.6799999999999997,2.0,1.0,2.69,0.0,1.0,0,0.0,0.0,0.0,0.0,0.0,72.0,0,0,72.0,0.6931471805599453,1.5432981099295553,0.7309782608695653,0,1.0,0.24164430108433155,-1.143685720691079,True
1038,처치,1,1.0,60.0,287.4,235.0,81.0,145.03,0.0,1.0,1,3.4299999999999997,4.0,3.0,5.61,3.0,1.0,1,1,1.0,4.110873864173311,5.664348405410794,0.5046276965901183,0,1.0,0.8792573854713005,1.9854165437199767,True
1039,처치,1,8.0,11.0,656.4300000000001,211.0,91.0,329.22,1.0,3.0,0,405.11,105.0,93.0,705.12,12.0,8.0,1,1,8.0,2.4849066497880004,6.488338294505912,0.5015310086376308,1,3.0,0.664587159796995,0.6838039036275673,True
1040,처치,1,3.0,27.0,666.6,246.0,91.0,258.46,0.0,4.0,1,176.46,52.0,50.0,501.51,17.0,3.0,1,1,3.0,3.332204510175204,6.5036891917876805,0.3877287728772877,0,4.0,0.8462007413193914,1.705108377304657,True
1046,처치,1,6.0,27.0,686.4,16562.0,101.0,315.49,0.0,2.0,0,163.91,61.0,56.0,329.72,9.0,6.0,1,1,6.0,3.332204510175204,6.532916364415733,0.4596299533799534,0,2.0,0.7155569975388311,0.922528366302082,True
1047,대조,0,15.0,8.0,71.36,34.0,10.0,21.509999999999998,0.0,2.0,0,55.08,23.0,18.0,128.63,5.0,15.0,1,1,15.0,2.1972245773362196,4.281653660527095,0.30142937219730936,0,2.0,0.5280525485382047,0.11232815476171316,True
1048,처치,1,30.0,23.0,399.53000000000003,35535.0,54.0,172.3,0.0,0.0,0,40.42,20.0,19.0,94.28,2.0,30.0,1,1,30.0,3.1780538303479458,5.992788670070113,0.43125672665381826,0,0.0,0.6670563570715924,0.6949013005045395,True
1051,대조,0,11.0,4.0,111.7,69.0,30.0,70.04,0.0,1.0,0,100.6,46.0,36.0,256.28000000000003,5.0,11.0,1,1,11.0,1.6094379124341003,4.724729421045731,0.6270367054610564,0,1.0,0.35778736895416,-0.5849805813822293,True
1053,처치,1,11.0,14.0,851.85,353.0,133.0,415.09000000000003,0.0,4.0,1,178.26,85.0,59.0,438.8,10.0,11.0,1,1,11.0,2.70805020110221,6.748583682086882,0.48728062452309684,0,4.0,0.7681614651557406,1.197958793270784,True
1055,대조,0,6.0,8.0,84.6,41.0,13.0,37.55,0.0,5.0,0,55.85,22.0,21.0,147.55,11.0,6.0,1,1,6.0,2.1972245773362196,4.449685283147696,0.4438534278959811,0,5.0,0.5802011828083024,0.32359932047628365,True
1062,처치,1,1.0,36.0,168.48,125.0,72.0,113.73,0.0,1.0,1,23.93,30.0,20.0,26.93,9.0,1.0,1,1,1.0,3.6109179126442243,5.132734925758358,0.6750356125356126,0,1.0,0.8216304942480189,1.5274334999601915,True
1067,처치,1,8.0,10.0,504.28000000000003,208.0,57.0,203.84,0.0,1.0,0,420.26,160.0,131.0,966.98,14.0,8.0,1,1,8.0,2.3978952727983707,6.225112731067277,0.4042198778456413,0,1.0,0.5272370739061094,0.10905625348558988,True
1071,대조,0,9.0,17.0,545.53,372.0,122.0,285.89,0.0,3.0,0,33.62,28.0,24.0,98.32,5.0,9.0,1,1,9.0,2.8903717578961645,6.303589200894925,0.5240591718145656,0,3.0,0.65828635104597,0.6556669180360508,True
1072,대조,0,2.0,11.0,408.44,379.0,91.0,198.58,0.0,2.0,0,162.62,92.0,72.0,282.01,5.0,2.0,1,1,2.0,2.4849066497880004,6.014790372411479,0.4861913622563902,0,2.0,0.5565453699832997,0.22715319809878565,True
1075,대조,0,6.0,5.0,68.02,33.0,18.0,54.56,0.0,1.0,0,59.51,27.0,22.0,174.46,10.0,6.0,1,1,6.0,1.791759469228055,4.234396317669857,0.802117024404587,0,1.0,0.3732562688702054,-0.518272503158327,True
1076,처치,1,4.0,10.0,310.94,68.0,19.0,178.13,0.0,0.0,1,104.7,21.0,15.0,198.01,9.0,4.0,1,1,4.0,2.3978952727983707,5.7428108616236795,0.5728757959734997,0,0.0,0.6247807344427191,0.5098902000433502,True
1083,대조,0,2.0,10.0,303.72,5117.0,40.0,167.24,0.0,1.0,0,126.28,32.0,22.0,164.71,5.0,2.0,1,1,2.0,2.3978952727983707,5.719393322170348,0.5506387462136177,0,1.0,0.5094629737076956,0.03785641521113271,True
1084,처치,1,1.0,21.0,243.99,123.0,36.0,108.33,0.0,5.0,1,54.09,14.0,14.0,107.38,11.0,1.0,1,1,1.0,3.091042453358316,5.501217393385187,0.44399360629533996,0,5.0,0.8301428720392323,1.5866401610281122,True
1087,처치,1,19.0,11.0,111.5,4442.0,16.0,69.03,0.0,5.0,0,224.91,86.0,67.0,347.32,3.0,19.0,1,1,19.0,2.4849066497880004,4.722953221644475,0.6191031390134529,0,5.0,0.629662851093393,0.5307707151467602,True
1089,대조,0,1.0,5.0,59.38,2325.0,11.0,28.42,0.0,1.0,0,17.21,8.0,6.0,71.06,4.0,1.0,1,1,1.0,1.791759469228055,4.100657924278693,0.4786123273829572,0,1.0,0.3971953071515573,-0.4171651345293765,True
1102,대조,0,1.0,10.0,219.51,100.0,55.0,139.68,0.0,2.0,0,177.81,68.0,52.0,356.67,8.0,1.0,1,1,1.0,2.3978952727983707,5.395943045332476,0.6363263632636327,0,2.0,0.5254830264396271,0.10202050109022634,True
1110,대조,0,1.0,38.0,1506.66,414.0,135.0,342.7,0.0,0.0,0,220.01,100.0,63.0,761.39,16.0,1.0,1,1,1.0,3.6635616461296463,7.318314058956048,0.22745675865822412,0,0.0,0.7420387296376447,1.0565919793036913,True
1116,대조,0,1.0,11.0,123.56,54.0,16.0,62.04,0.0,3.0,0,190.43,92.0,45.0,384.96,4.0,1.0,1,1,1.0,2.4849066497880004,4.824787527525743,0.5021042408546454,0,3.0,0.5790650023842718,0.3189363161122307,True
1119,처치,1,28.0,7.0,251.25,9835.0,45.0,85.24,0.0,1.0,0,21.0,11.0,8.0,41.16,3.0,28.0,1,1,28.0,2.0794415416798357,5.530420659233719,0.3392636815920398,0,1.0,0.48660722642920745,-0.05358391160583404,True
1120,대조,0,9.0,8.0,194.36,111.0,45.0,103.08,0.0,1.0,1,27.46,18.0,14.0,55.25,5.0,9.0,1,1,9.0,2.1972245773362196,5.274844010362394,0.5303560403375179,0,1.0,0.6179334896705859,0.48078612551275185,True
1121,대조,0,17.0,7.0,209.35,86.0,28.0,80.51,0.0,2.0,0,281.09,113.0,77.0,529.03,7.0,17.0,1,1,17.0,2.0794415416798357,5.34877281003653,0.38457129209457847,0,2.0,0.49803660860124066,-0.00785360596175146,True
1122,처치,1,89.0,1.0,4.1,3.0,1.0,2.92,0.0,2.0,0,0.0,0.0,0.0,0.0,0.0,89.0,0,0,89.0,0.6931471805599453,1.62924053973028,0.7121951219512196,0,2.0,0.2720893153099545,-0.9840479772987372,True
1123,처치,1,4.0,11.0,669.04,194.0,50.0,233.39,0.0,3.0,1,147.99,44.0,29.0,348.46,7.0,4.0,1,1,4.0,2.4849066497880004,6.507337412095485,0.3488431184981466,0,3.0,0.7212691831378988,0.9507659125659159,True
1124,대조,0,35.0,5.0,389.66,210.0,82.0,272.55,0.0,1.0,0,52.83,32.0,22.0,106.88,6.0,35.0,1,1,35.0,1.791759469228055,5.967837616476825,0.6994559359441564,0,1.0,0.4034409969848662,-0.39114790303584196,True
1125,처치,1,2.0,19.0,36.68,47.0,7.0,2.8,0.0,0.0,0,0.63,3.0,3.0,17.18,11.0,2.0,1,1,2.0,2.995732273553991,3.629129449708162,0.07633587786259542,0,0.0,0.64412215970566,0.5933008703760045,True
1126,대조,0,7.0,3.0,383.65,183.0,44.0,183.12,0.0,2.0,0,144.54,44.0,31.0,255.66,3.0,7.0,1,1,7.0,1.3862943611198906,5.952333829904943,0.47731004822103484,0,2.0,0.3481467154330331,-0.6271955259349765,True
1130,처치,1,1.0,41.0,712.3,426.0,142.0,455.78000000000003,0.0,5.0,1,239.12,104.0,73.0,453.98,24.0,1.0,1,1,1.0,3.7376696182833684,6.5699020892839926,0.6398708409378072,0,5.0,0.8836332030419873,2.0272948027410314,True
1132,대조,0,53.0,6.0,290.51,152.0,48.0,158.5,0.0,2.0,0,244.63,75.0,63.0,376.25,10.0,53.0,1,1,53.0,1.9459101490553132,5.675074310519458,0.5455922343464941,0,2.0,0.48608303043427625,-0.05568226077344859,True
1133,처치,1,1.0,17.0,178.42000000000002,76.0,29.0,100.18,0.0,0.0,0,198.99,65.0,40.0,269.88,18.0,1.0,1,1,1.0,2.8903717578961645,5.189729426131137,0.56148413854949,0,0.0,0.5808773573385441,0.32637606530914415,True
1136,대조,0,10.0,7.0,160.32,65.0,31.0,119.98,0.0,2.0,0,151.75,66.0,54.0,265.53,13.0,10.0,1,1,10.0,2.0794415416798357,5.083389970005167,0.7483782435129741,0,2.0,0.4596763459901018,-0.16164567312202735,True
1137,처치,1,3.0,17.0,343.37,129.0,73.0,267.93,0.0,3.0,1,120.12,37.0,25.0,149.44,7.0,3.0,1,1,3.0,2.8903717578961645,5.841716660745515,0.780295308268049,0,3.0,0.7532040291201609,1.115774179653455,True
1138,처치,1,3.0,35.0,747.59,379.0,44.0,195.92000000000002,0.0,5.0,1,37.08,17.0,10.0,267.21,14.0,3.0,1,1,3.0,3.58351893845611,6.618191437112338,0.2620687810163325,0,5.0,0.8857223058165116,2.0477720766353054,True
1141,대조,0,10.0,11.0,228.37,104.0,32.0,96.46,0.0,1.0,0,174.06,63.0,41.0,295.79,5.0,10.0,1,1,10.0,2.4849066497880004,5.4353364202061245,0.42238472654026354,0,1.0,0.5449781034589889,0.18040007465767766,True
1153,대조,0,16.0,13.0,133.31,97.0,37.0,95.28,0.0,1.0,0,42.89,13.0,13.0,64.81,1.0,16.0,1,1,16.0,2.6390573296152584,4.9001505609209834,0.7147250768884554,0,1.0,0.5543613271430204,0.2183082160812121,True
1154,처치,1,4.0,18.0,532.4,252.0,116.0,340.41,0.0,4.0,1,109.96000000000001,48.0,39.0,187.87,9.0,4.0,1,1,4.0,2.9444389791664403,6.279271611747914,0.6393876784372653,0,4.0,0.7874139914445425,1.309407494901699,True
1157,처치,1,1.0,13.0,332.77,126.0,60.0,211.19,0.0,2.0,0,177.43,82.0,62.0,244.42,8.0,1.0,1,1,1.0,2.6390573296152584,5.810452133012656,0.6346425459025754,0,2.0,0.5728202079943634,0.29336691117435004,True
1159,대조,0,3.0,18.0,485.40000000000003,204.0,67.0,186.16,0.0,4.0,1,112.81,55.0,51.0,318.85,15.0,3.0,1,1,3.0,2.9444389791664403,6.1870313306519575,0.38351874742480424,0,4.0,0.8020233655955076,1.3989887259281928,True
1164,처치,1,1.0,16.0,835.01,316.0,118.0,368.96,0.0,2.0,1,144.34,66.0,49.0,431.5,11.0,1.0,1,1,1.0,2.833213344056216,6.728640574735649,0.4418629717009377,0,2.0,0.7476769855362343,1.0862609770570137,True
1165,처치,1,14.0,6.0,57.32,5630.0,7.0,19.83,0.0,0.0,0,126.76,56.0,50.0,272.04,9.0,14.0,1,1,14.0,1.9459101490553132,4.065945087700403,0.34595254710397766,0,0.0,0.4251865463451869,-0.3015175545340484,True
1174,대조,0,2.0,18.0,354.55,220.0,71.0,199.29,0.0,2.0,1,120.46000000000001,50.0,43.0,173.34,6.0,2.0,1,1,2.0,2.9444389791664403,5.873665886329527,0.5620927936821323,0,2.0,0.7571001615102216,1.136846387353544,True
1181,대조,0,9.0,14.0,413.79,286.0,71.0,185.46,0.0,3.0,0,16.98,4.0,4.0,29.69,3.0,9.0,1,1,9.0,2.70805020110221,6.027772368060912,0.44819836148771114,0,3.0,0.631537292468351,0.5388174880568587,True
1182,대조,0,34.0,6.0,52.17,1762.0,19.0,36.83,0.0,3.0,0,124.67,51.0,38.0,194.42000000000002,9.0,34.0,1,1,34.0,1.9459101490553132,3.973494327516247,0.7059612804293655,0,3.0,0.4816173912949144,-0.07356359161735074,True
1184,대조,0,,0.0,0.0,0.0,0.0,0.0,0.0,1.0,0,0.0,0.0,0.0,0.0,0.0,90.0,0,0,90.0,0.0,0.0,0.0,0,1.0,0.20300406875223337,-1.367623551737449,False
1186,처치,1,9.0,14.0,952.82,26016.0,108.0,486.35,0.0,4.0,1,485.46,119.0,91.0,762.05,10.0,9.0,1,1,9.0,2.70805020110221,6.8604749744008355,0.5104321907600596,0,4.0,0.7654406332940931,1.1827429404703795,True
1188,대조,0,5.0,30.0,663.65,503.0,241.0,369.1,0.0,2.0,1,216.82,146.0,129.0,466.61,22.0,5.0,1,1,5.0,3.4339872044851463,6.499260586313608,0.5561666541098471,0,2.0,0.8229650264996314,1.5365664011809652,True
1191,처치,1,3.0,19.0,407.87,155.0,76.0,248.47,0.0,1.0,0,137.0,61.0,51.0,288.09000000000003,9.0,3.0,1,1,3.0,2.995732273553991,6.013397257107531,0.6091892024419545,0,1.0,0.621230217014323,0.4947731452987514,True
1193,처치,1,16.0,9.0,103.35,45.0,17.0,33.88,0.0,2.0,0,100.74,40.0,39.0,207.07,10.0,16.0,1,1,16.0,2.302585092994046,4.647750633523209,0.3278180938558298,0,2.0,0.5470774408100556,0.18886920624067519,True
1197,처치,1,6.0,26.0,1590.13,124941.0,147.0,675.37,13.0,4.0,1,744.5600000000001,177.0,133.0,1544.22,30.0,6.0,1,1,6.0,3.295836866004329,7.3721997346163315,0.4247262802412381,1,4.0,0.8825243077005571,2.016554894429196,True
1204,처치,1,8.0,12.0,346.77,8124.0,51.0,201.44,0.0,1.0,0,19.25,11.0,11.0,141.48,3.0,8.0,1,1,8.0,2.5649493574615367,5.851541341730644,0.5809037690688352,0,1.0,0.5446426775717592,0.17904750739248282,True
1207,처치,1,22.0,11.0,48.910000000000004,29.0,7.0,26.46,0.0,2.0,0,41.8,8.0,7.0,64.4,5.0,22.0,1,1,22.0,2.4849066497880004,3.910221383481518,0.540993661827847,0,2.0,0.569151926385504,0.2783918738887372,True
1211,처치,1,2.0,17.0,1105.92,72629.0,83.0,590.52,0.0,2.0,0,431.33,101.0,63.0,814.6,16.0,2.0,1,1,2.0,2.8903717578961645,7.009336662707883,0.533962673611111,0,2.0,0.6294219213558009,0.5297376518823808,True
1218,처치,1,3.0,12.0,508.53000000000003,283.0,142.0,335.81,0.0,0.0,1,111.57000000000001,64.0,45.0,204.56,9.0,3.0,1,1,3.0,2.5649493574615367,6.23348873218548,0.6603543547086701,0,0.0,0.6471500387429465,0.606535239108686,True
1219,처치,1,1.0,16.0,160.43,81.0,19.0,75.74,0.0,1.0,1,21.37,11.0,11.0,60.04,13.0,1.0,1,1,1.0,2.833213344056216,5.084071612169438,0.4721062145484011,0,1.0,0.7275557809134492,0.982256778351947,True
1224,처치,1,3.0,12.0,253.17,133.0,63.0,156.5,0.0,1.0,0,137.69,59.0,46.0,213.04,12.0,3.0,1,1,3.0,2.5649493574615367,5.538003334481558,0.6181617095232452,0,1.0,0.537452696564668,0.15009192031722485,True
1233,대조,0,9.0,3.0,105.08,10711.0,17.0,56.07,0.0,1.0,0,0.0,0.0,0.0,0.0,0.0,9.0,0,0,9.0,1.3862943611198906,4.664193526437552,0.5335934526075371,0,1.0,0.3240840797693533,-0.735065702362725,True
1237,처치,1,7.0,5.0,274.7,41976.0,37.0,108.95,0.0,1.0,0,52.04,23.0,18.0,78.57000000000001,1.0,7.0,1,1,7.0,1.791759469228055,5.619313318029751,0.39661448853294506,0,1.0,0.4080464801715163,-0.3720470280938436,True
1239,대조,0,64.0,1.0,133.1,52.0,15.0,61.190000000000005,0.0,2.0,0,68.82,38.0,25.0,84.82000000000001,1.0,64.0,1,1,64.0,0.6931471805599453,4.898585790287632,0.4597295266716755,0,2.0,0.2722436839657594,-0.9832686992868465,True
1245,처치,1,2.0,48.0,454.42,12763.0,94.0,235.51,0.0,4.0,0,328.67,136.0,108.0,666.47,40.0,2.0,1,1,2.0,3.8918202981106265,6.121220070100518,0.5182650411513577,0,4.0,0.8219645596298062,1.5297146456441124,True
1246,대조,0,5.0,11.0,472.7,7215.0,59.0,226.44,0.0,3.0,0,112.89,50.0,36.0,434.13,14.0,5.0,1,1,5.0,2.4849066497880004,6.160574209929706,0.47903532896128626,0,3.0,0.5833879605109873,0.33669699264831965,True
1247,처치,1,1.0,16.0,934.3,430.0,223.0,553.46,2.0,4.0,1,319.90000000000003,137.0,115.0,514.12,9.0,1.0,1,1,1.0,2.833213344056216,6.840867333440506,0.5923793214171038,1,4.0,0.828202383152078,1.5729404108265068,True
1248,처치,1,10.0,13.0,375.3,151.0,52.0,193.35,0.0,6.0,1,86.56,23.0,20.0,274.21,8.0,10.0,1,1,10.0,2.6390573296152584,5.930386697599392,0.5151878497202238,0,6.0,0.7903520487824531,1.327048776392313,True
1251,대조,0,55.0,3.0,7.29,6.0,2.0,4.970000000000001,0.0,1.0,0,9.99,1.0,1.0,10.74,1.0,55.0,1,1,55.0,1.3862943611198906,2.1150499691472033,0.6817558299039781,0,1.0,0.3471741682568007,-0.6314837937157077,True
1257,대조,0,1.0,13.0,629.86,15981.0,128.0,324.79,0.0,0.0,1,0.0,0.0,0.0,8.78,1.0,1.0,0,1,1.0,2.6390573296152584,6.447083967876869,0.5156542723779888,0,0.0,0.6705657750988719,0.7107450834135918,True
1258,처치,1,2.0,32.0,536.76,2680.0,74.0,342.89,0.0,5.0,1,126.1,69.0,42.0,289.57,21.0,2.0,1,1,2.0,3.4965075614664802,6.287412363976795,0.6388143676876071,0,5.0,0.8629303875582842,1.8398451077225704,True
1259,대조,0,10.0,6.0,161.14,125.0,35.0,77.14,0.0,1.0,0,28.1,14.0,11.0,47.06,1.0,10.0,1,1,10.0,1.9459101490553132,5.088460159559561,0.47871416159860997,0,1.0,0.43343116122912245,-0.26786560302457496,True
1260,처치,1,3.0,21.0,1457.73,531.0,274.0,804.47,0.0,2.0,1,439.88,149.0,137.0,777.47,12.0,3.0,1,1,3.0,3.091042453358316,7.285321473138311,0.5518648858156174,0,2.0,0.7784391689500301,1.2565936653681247,True
1265,처치,1,15.0,11.0,224.8,134.0,61.0,106.56,0.0,0.0,0,42.69,24.0,17.0,102.09,4.0,15.0,1,1,15.0,2.4849066497880004,5.419649651715562,0.4740213523131672,0,0.0,0.5201219006735084,0.08053109656227879,True
1266,처치,1,10.0,14.0,103.83,90.0,21.0,64.83,0.0,4.0,0,143.37,52.0,24.0,195.21,7.0,10.0,1,1,10.0,2.70805020110221,4.6523399904644815,0.624386015602427,0,4.0,0.640984177593115,0.5796383116000673,True
1269,대조,0,2.0,13.0,281.42,170.0,64.0,193.33,0.0,2.0,0,46.68,27.0,22.0,143.89000000000001,7.0,2.0,1,1,2.0,2.6390573296152584,5.643395324641106,0.6869803141212423,0,2.0,0.5690924229614285,0.27814922276514714,True
1271,처치,1,4.0,23.0,640.84,309.0,138.0,389.1,0.0,3.0,0,301.21,115.0,106.0,506.23,16.0,4.0,1,1,4.0,3.1780538303479458,6.464339051445401,0.6071718369639848,0,3.0,0.6979811158023554,0.8377025017962688,True
1285,처치,1,1.0,21.0,998.12,516.0,203.0,610.97,0.0,1.0,1,375.46,134.0,122.0,546.93,12.0,1.0,1,1,1.0,3.091042453358316,6.906874891554829,0.6121207870797098,0,1.0,0.7561590773409748,1.1317357174457967,True
1288,처치,1,7.0,6.0,246.63,104.0,23.0,86.37,0.0,1.0,0,99.81,35.0,22.0,140.05,4.0,7.0,1,1,7.0,1.9459101490553132,5.511935696637175,0.3502007055102786,0,1.0,0.44218134909006673,-0.2323138211986988,True
1289,처치,1,2.0,85.0,193.42,136.0,19.0,40.2,0.0,2.0,0,53.21,21.0,17.0,190.62,34.0,2.0,1,1,2.0,4.454347296253507,5.270020767392923,0.2078378657843036,0,2.0,0.8695312343799846,1.8968204011728034,True
1292,대조,0,20.0,3.0,145.31,42.0,22.0,112.92,0.0,1.0,0,21.65,13.0,5.0,28.21,2.0,20.0,1,1,20.0,1.3862943611198906,4.985727658390071,0.7770972403826303,0,1.0,0.31256821852823247,-0.7881398530242734,True
1293,처치,1,3.0,26.0,572.18,413.0,168.0,316.36,0.0,1.0,0,179.0,119.0,101.0,338.31,17.0,3.0,1,1,3.0,3.295836866004329,6.351199803509972,0.5529029326435738,0,1.0,0.6798285646842989,0.7529840679261255,True
1294,대조,0,13.0,5.0,653.88,284.0,115.0,359.68,1.0,2.0,0,274.89,96.0,84.0,573.5,5.0,13.0,1,1,13.0,1.791759469228055,6.484452012744093,0.5500703492995657,1,2.0,0.5083870086920442,0.03355118174347265,True
1296,처치,1,5.0,12.0,330.97,162.0,76.0,221.27,0.0,3.0,1,135.31,48.0,42.0,215.21,7.0,5.0,1,1,5.0,2.5649493574615367,5.805044603387864,0.6685500196392422,0,3.0,0.7117578797809474,0.9039369749375139,True
1297,대조,0,2.0,25.0,503.44,221.0,111.0,340.6,0.0,4.0,1,253.73,127.0,96.0,521.69,21.0,2.0,1,1,2.0,3.258096538021482,6.223448903087673,0.6765453678690609,0,4.0,0.8233381357575602,1.539129439865602,True
1300,대조,0,2.0,18.0,917.94,53998.0,187.0,519.83,0.0,1.0,1,305.85,118.0,89.0,521.84,12.0,2.0,1,1,2.0,2.9444389791664403,6.8232208318674,0.5663006296707845,0,1.0,0.7379176036485557,1.0351732259841373,True
1301,대조,0,9.0,2.0,97.82000000000001,46.0,20.0,42.09,0.0,4.0,0,0.0,0.0,0.0,0.0,0.0,9.0,0,0,9.0,1.0986122886681098,4.593300013417604,0.43028010631772645,0,4.0,0.34667172471538105,-0.6337014277291814,True
1304,처치,1,9.0,14.0,110.59,52.0,16.0,45.73,0.0,0.0,0,40.910000000000004,22.0,18.0,98.27,11.0,9.0,1,1,9.0,2.70805020110221,4.71483144019761,0.4135093588932091,0,0.0,0.5652003686967393,0.26229499586173366,True
1307,처치,1,15.0,27.0,325.87,8241.0,50.0,139.21,0.0,2.0,0,36.160000000000004,14.0,13.0,47.94,7.0,15.0,1,1,15.0,3.332204510175204,5.789562538335084,0.4271948936692546,0,2.0,0.7242598229768569,0.9656911647854793,True
1317,처치,1,1.0,23.0,358.75,178.0,65.0,199.91,0.0,5.0,0,55.83,23.0,19.0,133.67,8.0,1.0,1,1,1.0,3.1780538303479458,5.885409345767477,0.5572404181184669,0,5.0,0.7393641677503067,1.0426664297981783,True
1318,처치,1,1.0,12.0,725.62,259.0,104.0,392.45,2.0,2.0,1,300.71,110.0,81.0,668.11,8.0,1.0,1,1,1.0,2.5649493574615367,6.588403644869334,0.5408478266861443,1,2.0,0.7656189887321021,1.1837365977781875,True
1319,대조,0,16.0,6.0,96.56,43.0,20.0,66.48,0.0,1.0,0,42.769999999999996,8.0,5.0,63.85,3.0,16.0,1,1,16.0,1.9459101490553132,4.580467573347719,0.6884838442419221,0,1.0,0.41999497639750005,-0.3227940146390281,True
1321,처치,1,4.0,37.0,261.96,163.0,63.0,149.15,0.0,3.0,1,67.07000000000001,32.0,32.0,132.0,17.0,4.0,1,1,4.0,3.6375861597263857,5.572001929355964,0.569361734615972,0,3.0,0.8570007612439638,1.790599500002012,True
1325,처치,1,10.0,15.0,688.3100000000001,243.0,107.0,349.64,0.0,1.0,0,226.99,65.0,59.0,480.66,12.0,10.0,1,1,10.0,2.772588722239781,6.535691097257722,0.507968793131002,0,1.0,0.5927396303974211,0.3753025210783494,True
1331,처치,1,21.0,5.0,101.67,44.0,16.0,39.8,0.0,3.0,0,31.73,17.0,14.0,75.55,2.0,21.0,1,1,21.0,1.791759469228055,4.6315199613108735,0.39146257499754106,0,3.0,0.46837973226503304,-0.12665009138018102,True
1345,처치,1,25.0,2.0,43.93,13.0,2.0,7.48,0.0,1.0,0,90.09,32.0,27.0,142.71,6.0,25.0,1,1,25.0,1.0986122886681098,3.8051057230820686,0.17027088549965855,0,1.0,0.3147804611209592,-0.7778638346071463,True
1347,처치,1,4.0,19.0,515.17,50564.0,60.0,198.73,0.0,0.0,0,288.12,87.0,74.0,797.5,24.0,4.0,1,1,4.0,2.995732273553991,6.246436168586744,0.38575615816138364,0,0.0,0.6179141309541398,0.4807041297038693,True
1350,대조,0,25.0,9.0,377.27,238.0,71.0,251.49,0.0,3.0,0,237.07999999999998,91.0,73.0,403.46999999999997,11.0,25.0,1,1,25.0,2.302585092994046,5.935608226353245,0.6666048188300157,0,3.0,0.5472821428644441,0.1896953704137683,True
1351,대조,0,7.0,7.0,64.87,26.0,9.0,16.5,0.0,2.0,0,11.24,5.0,5.0,89.42,8.0,7.0,1,1,7.0,2.0794415416798357,4.187683102652602,0.25435486357330045,0,2.0,0.5024460676822565,0.009784348785759596,True
1354,처치,1,4.0,15.0,436.19,19431.0,75.0,244.58,0.0,0.0,1,160.92,56.0,52.0,380.35,11.0,4.0,1,1,4.0,2.772588722239781,6.080367883213715,0.5607189527499484,0,0.0,0.6924238161537424,0.8114754103286835,True
1357,처치,1,10.0,10.0,571.69,46276.0,51.0,332.95,1.0,3.0,1,178.85,131.0,52.0,401.13,8.0,10.0,1,1,10.0,2.3978952727983707,6.350344558098421,0.582396053805384,1,3.0,0.76194822466712,1.1633904133192938,True
1369,대조,0,3.0,17.0,371.26,136.0,58.0,130.28,0.0,2.0,1,113.62,47.0,47.0,242.39000000000001,12.0,3.0,1,1,3.0,2.8903717578961645,5.919592534870187,0.3509131067176642,0,2.0,0.7637578037237044,1.1733931938815487,True
1374,대조,0,13.0,10.0,250.02,109.0,39.0,117.07000000000001,0.0,3.0,0,65.48,25.0,25.0,162.19,5.0,13.0,1,1,13.0,2.3978952727983707,5.5255326172323,0.46824254059675224,0,3.0,0.5742564757770791,0.2992390092894165,True
1382,처치,1,4.0,13.0,267.67,76.0,24.0,92.9,0.0,4.0,1,46.75,14.0,12.0,91.99000000000001,4.0,4.0,1,1,4.0,2.6390573296152584,5.593483860709444,0.347069152314417,0,4.0,0.7638860278823436,1.1741039787208027,True
1383,처치,1,6.0,18.0,270.78,119.0,64.0,192.45,0.0,3.0,0,188.14000000000001,85.0,67.0,325.3,20.0,6.0,1,1,6.0,2.9444389791664403,5.6049929154923515,0.7107245734544649,0,3.0,0.65095590456075,0.6232436428000694,True
1387,대조,0,10.0,7.0,164.15,78.0,20.0,65.4,0.0,1.0,0,110.99,36.0,34.0,254.43,6.0,10.0,1,1,10.0,2.0794415416798357,5.1068541518367985,0.3984160828510509,0,1.0,0.46689380406295417,-0.13261881471189485,True
1389,대조,0,6.0,10.0,636.37,203.0,80.0,350.2,0.0,1.0,1,171.11,57.0,44.0,386.67,5.0,6.0,1,1,6.0,2.3978952727983707,6.4573503346691234,0.5503087826264594,0,1.0,0.6502618614230838,0.6201904465237316,True
1392,처치,1,6.0,2.0,7.79,4.0,2.0,7.79,0.0,3.0,0,32.96,15.0,13.0,83.26,3.0,6.0,1,1,6.0,1.0986122886681098,2.1736147116970854,1.0,0,3.0,0.2807765551505025,-0.9406129055254768,True
1394,처치,1,2.0,24.0,759.38,306.0,163.0,365.81,1.0,4.0,1,202.65,98.0,88.0,367.61,13.0,2.0,1,1,2.0,3.2188758248682006,6.633818308322028,0.4817219310490137,1,4.0,0.8725452383388972,1.9236530106942993,True
1402,처치,1,1.0,19.0,80.52,52.0,26.0,39.17,0.0,1.0,1,19.4,10.0,9.0,43.46,7.0,1.0,1,1,1.0,2.995732273553991,4.400848388914469,0.4864629905613513,0,1.0,0.7517989643633338,1.1082299082352338,True
1403,처치,1,1.0,7.0,141.56,6824.0,6.0,19.94,0.0,2.0,0,4.19,1.0,1.0,7.370000000000001,1.0,1.0,1,1,1.0,2.0794415416798357,4.9597629637225,0.14085899971743432,0,2.0,0.5072872085825466,0.02915089846322175,True
1405,대조,0,6.0,5.0,121.58,29.0,19.0,111.8,0.0,2.0,0,209.29,76.0,58.0,324.08,5.0,6.0,1,1,6.0,1.791759469228055,4.808763878057586,0.9195591380161211,0,2.0,0.3858505783473669,-0.4647880644866953,True
1406,처치,1,4.0,14.0,317.31,135.0,29.0,133.91,0.0,4.0,0,204.06,86.0,68.0,521.68,21.0,4.0,1,1,4.0,2.70805020110221,5.76302575069684,0.42201632472975953,0,4.0,0.6525441923939542,0.6302413801491963,True
1409,처치,1,7.0,18.0,812.89,248.0,95.0,438.59000000000003,0.0,2.0,0,226.4,77.0,70.0,357.16,7.0,7.0,1,1,7.0,2.9444389791664403,6.70182522173583,0.5395440957571136,0,2.0,0.642884113733963,0.5879041400260797,True
1417,처치,1,5.0,15.0,931.82,85339.0,68.0,319.12,0.0,0.0,0,249.75,102.0,48.0,744.91,17.0,5.0,1,1,5.0,2.772588722239781,6.8382122561897045,0.3424695756691206,0,0.0,0.5794419048750017,0.3204827801995583,True
1423,처치,1,3.0,19.0,453.17,26353.0,66.0,301.55,2.0,2.0,1,51.29,26.0,13.0,130.69,9.0,3.0,1,1,3.0,2.995732273553991,6.118471577291897,0.6654235717280491,1,2.0,0.8159588488893209,1.489204543465468,True
1424,대조,0,30.0,6.0,40.46,19.0,8.0,22.14,0.0,1.0,0,85.88,37.0,37.0,188.83,15.0,30.0,1,1,30.0,1.9459101490553132,3.7247291070076334,0.5472071181413742,0,1.0,0.4443301713114069,-0.2236063694109994,True
1425,처치,1,2.0,18.0,443.93,247.0,85.0,190.75,0.0,3.0,1,46.49,33.0,28.0,170.4,7.0,2.0,1,1,2.0,2.9444389791664403,6.097916966421981,0.42968486022571123,0,3.0,0.7827398147219538,1.2817047021499866,True
1426,대조,0,5.0,4.0,178.31,50.0,24.0,139.23,0.0,2.0,0,73.87,34.0,30.0,125.94,3.0,5.0,1,1,5.0,1.6094379124341003,5.1891161515042725,0.7808311367842521,0,2.0,0.36263485245096694,-0.5639463095211895,True
1429,대조,0,10.0,12.0,97.05,67.0,29.0,68.04,0.0,1.0,1,35.86,19.0,13.0,77.99,11.0,10.0,1,1,10.0,2.5649493574615367,4.585477552642355,0.7010819165378671,0,1.0,0.6718837764869349,0.7167174883095236,True
1431,처치,1,1.0,34.0,579.27,8567.0,46.0,144.74,0.0,2.0,0,40.84,22.0,21.0,189.83,12.0,1.0,1,1,1.0,3.5553480614894135,6.363493512462308,0.2498662109206415,0,2.0,0.7613520885418339,1.1601066245626663,True
1438,대조,0,12.0,8.0,246.07,80.0,37.0,147.32,0.0,1.0,1,42.93,3.0,3.0,117.26,1.0,12.0,1,1,12.0,2.1972245773362196,5.50967169728727,0.5986914292680945,0,1.0,0.6142499835431166,0.4652124507041419,True
1440,처치,1,1.0,28.0,642.8100000000001,61521.0,89.0,267.54,0.0,0.0,0,82.42,38.0,30.0,192.06,6.0,1.0,1,1,1.0,3.367295829986474,6.467403651518229,0.41620385494936296,0,0.0,0.6802459277568946,0.7549022151661836,True
1443,처치,1,2.0,10.0,153.51,31.0,8.0,23.32,0.0,1.0,1,48.84,17.0,14.0,171.79,13.0,2.0,1,1,2.0,2.3978952727983707,5.040258819162327,0.15191192756172237,0,1.0,0.6803050307177779,0.7551739519789475,True
1448,처치,1,55.0,5.0,105.92999999999999,25.0,6.0,38.99,0.0,0.0,0,0.0,0.0,0.0,0.0,0.0,55.0,0,0,55.0,1.791759469228055,4.672174414768565,0.36807325592372325,0,0.0,0.42557684060216033,-0.2999208155386922,True
1452,처치,1,3.0,41.0,263.47,16025.0,48.0,81.17,0.0,5.0,1,179.28,114.0,72.0,307.61,39.0,3.0,1,1,3.0,3.7376696182833684,5.577727823315549,0.30808061638896267,0,5.0,0.8962846920461203,2.1566083771404094,True
1454,처치,1,2.0,25.0,796.17,39463.0,141.0,379.43,0.0,2.0,1,379.3,149.0,112.0,862.0,19.0,2.0,1,1,2.0,3.258096538021482,6.681067955919561,0.47656907444390023,0,2.0,0.8045749373890142,1.415137115384409,True
1456,대조,0,42.0,4.0,50.24,20.0,10.0,28.28,0.0,1.0,0,0.0,0.0,0.0,4.19,1.0,42.0,0,1,42.0,1.6094379124341003,3.9365204770285334,0.5628980891719745,0,1.0,0.3873720593861608,-0.4583721782913088,True
1460,처치,1,10.0,7.0,224.91,10832.0,26.0,90.05,0.0,1.0,0,60.230000000000004,37.0,25.0,120.21000000000001,4.0,10.0,1,1,10.0,2.0794415416798357,5.420136689869131,0.40038237517229114,0,1.0,0.46650356866271003,-0.13418671144260202,True
1461,처치,1,1.0,35.0,811.05,64008.0,123.0,430.15000000000003,0.0,3.0,1,608.23,202.0,132.0,1003.1,22.0,1.0,1,1,1.0,3.58351893845611,6.699561914620612,0.5303618765797424,0,3.0,0.8518035192769172,1.748816923284924,True
1463,처치,1,18.0,11.0,197.64000000000001,14512.0,34.0,72.05,0.0,4.0,0,42.33,25.0,16.0,170.17000000000002,5.0,18.0,1,1,18.0,2.4849066497880004,5.2914941411999115,0.36455171018012544,0,4.0,0.6272679688529652,0.5205140855670478,True
1464,처치,1,8.0,13.0,430.19,167.0,90.0,253.64000000000001,0.0,1.0,0,90.99000000000001,44.0,37.0,117.18,2.0,8.0,1,1,8.0,2.6390573296152584,6.06654882823125,0.5895999442106976,0,1.0,0.5583019826267559,0.23427357353038303,True
1467,처치,1,2.0,192.0,674.16,58066.0,51.0,120.18,0.0,1.0,1,74.73,43.0,29.0,426.69,101.0,2.0,1,1,2.0,5.262690188904886,6.514949699820727,0.17826628693485227,0,1.0,0.9535074445680236,3.0208550310933098,False
1470,처치,1,3.0,20.0,227.38,11011.0,43.0,114.48,0.0,5.0,1,137.51,51.0,37.0,293.63,19.0,3.0,1,1,3.0,3.044522437723423,5.431010908273502,0.5034743601020318,0,5.0,0.8227114777425781,1.5348270906834507,True
1473,대조,0,5.0,14.0,550.0,216.0,86.0,267.09,0.0,5.0,0,321.03000000000003,123.0,96.0,586.29,19.0,5.0,1,1,5.0,2.70805020110221,6.311734809152915,0.4856181818181818,0,5.0,0.6696374630477864,0.7065458177394064,True
1474,처치,1,7.0,21.0,926.51,485.0,150.0,396.88,0.0,0.0,1,58.17,30.0,26.0,189.23,13.0,7.0,1,1,7.0,3.091042453358316,6.832503576094627,0.42836019039190076,0,0.0,0.754077679463523,1.1204796699730657,True
1483,처치,1,10.0,18.0,713.48,10700.0,160.0,388.58,0.0,3.0,1,245.6,92.0,74.0,436.49,11.0,10.0,1,1,10.0,2.9444389791664403,6.571555005375631,0.5446263385098391,0,3.0,0.779875634445937,1.2649417793485522,True
1484,처치,1,8.0,18.0,577.35,282.0,129.0,336.25,0.0,0.0,1,155.91,68.0,61.0,298.61,13.0,8.0,1,1,8.0,2.9444389791664403,6.360179221741411,0.5824023555901966,0,0.0,0.7216483012612068,0.9526524853472688,True
1485,대조,0,6.0,8.0,369.12,81.0,30.0,158.84,3.0,3.0,1,19.14,6.0,6.0,56.39,4.0,6.0,1,1,6.0,2.1972245773362196,5.91382727738083,0.43032076289553534,1,3.0,0.740178931445378,1.0468987599881654,True
1492,대조,0,4.0,13.0,132.36,87.0,29.0,74.99,0.0,3.0,1,68.97,36.0,29.0,91.64,7.0,4.0,1,1,4.0,2.6390573296152584,4.893052238442539,0.5665608945300694,0,3.0,0.7308684067646567,0.9990329712699638,True
1493,대조,0,3.0,5.0,133.72,25614.0,17.0,32.0,0.0,1.0,0,4.59,1.0,1.0,13.97,1.0,3.0,1,1,3.0,1.791759469228055,4.903198550494016,0.23930601256356565,0,1.0,0.41915924418615946,-0.326225727462417,True
1494,처치,1,17.0,11.0,395.01,190.0,72.0,196.74,0.0,3.0,1,104.68,44.0,38.0,216.01,13.0,17.0,1,1,17.0,2.4849066497880004,5.981439463460894,0.4980633401686034,0,3.0,0.7192328967783997,0.9406597113850481,True
1495,처치,1,1.0,25.0,237.22,160.0,60.0,139.61,0.0,0.0,0,112.97,46.0,44.0,197.77,13.0,1.0,1,1,1.0,3.258096538021482,5.473194616452755,0.5885254194418683,0,0.0,0.6475710822860563,0.6083796170982061,True
1499,대조,0,11.0,10.0,302.75,115.0,41.0,179.45,0.0,1.0,1,160.28,64.0,36.0,237.6,10.0,11.0,1,1,11.0,2.3978952727983707,5.716204994654758,0.5927332782824112,0,1.0,0.6509444118504945,0.6231930618158846,True
1501,처치,1,5.0,37.0,1253.53,176866.0,157.0,413.53000000000003,0.0,2.0,0,332.62,144.0,125.0,1114.6,27.0,5.0,1,1,5.0,3.6375861597263857,7.134516279430469,0.32989238390784426,0,2.0,0.7698619147608443,1.2075316679086046,True
1502,대조,0,70.0,1.0,59.99,1.0,1.0,59.99,0.0,4.0,0,11.84,4.0,4.0,50.03,3.0,70.0,1,1,70.0,0.6931471805599453,4.110709916308365,1.0,0,4.0,0.2764928621398975,-0.961925406175423,True
1508,대조,0,5.0,12.0,200.42000000000002,82.0,34.0,117.19,4.0,2.0,0,62.17,29.0,18.0,98.94,4.0,5.0,1,1,5.0,2.5649493574615367,5.305392280219999,0.5847220836243887,1,2.0,0.6486844742387513,0.6132616728191617,True
1512,대조,0,1.0,9.0,196.93,64669.0,12.0,27.82,0.0,1.0,0,35.05,9.0,6.0,146.51,10.0,1.0,1,1,1.0,2.302585092994046,5.287913432832644,0.14126847103031534,0,1.0,0.5269950481685943,0.10808529480738405,True
1518,대조,0,28.0,2.0,121.44,30.0,12.0,118.43,0.0,1.0,0,38.88,7.0,4.0,47.65,2.0,28.0,1,1,28.0,1.0986122886681098,4.807621114077212,0.9752140974967063,0,1.0,0.2569077956055693,-1.0621028858952168,True
1524,대조,0,9.0,11.0,575.66,47112.0,116.0,283.77,0.0,1.0,1,118.58,44.0,36.0,192.35,4.0,9.0,1,1,9.0,2.4849066497880004,6.357252838063248,0.4929472257930028,0,1.0,0.6726613721006572,0.7202468468037558,True
1526,처치,1,1.0,29.0,331.41,190.0,62.0,147.5,0.0,2.0,0,110.61,42.0,36.0,234.88,14.0,1.0,1,1,1.0,3.4011973816621555,5.806369146764632,0.44506804260583566,0,2.0,0.7247896324143206,0.9683456722996768,True
1530,대조,0,7.0,2.0,45.3,17674.0,3.0,6.619999999999999,0.0,1.0,0,60.08,23.0,21.0,98.81,7.0,7.0,1,1,7.0,1.0986122886681098,3.835141961092188,0.14613686534216336,0,1.0,0.3040684331892044,-0.8279985467046678,True
1532,처치,1,19.0,3.0,70.81,28.0,10.0,27.23,0.0,1.0,0,36.29,16.0,10.0,104.25,3.0,19.0,1,1,19.0,1.3862943611198906,4.2740237421222265,0.38455020477333707,0,1.0,0.3435748484137345,-0.6474036887122735,True
1542,처치,1,4.0,13.0,157.02,74.0,19.0,72.15,0.0,3.0,0,104.9,26.0,17.0,175.41,5.0,4.0,1,1,4.0,2.6390573296152584,5.062721607294587,0.45949560565533054,0,3.0,0.614471243966252,0.46614634774464636,True
1544,대조,0,41.0,4.0,111.49,28245.0,19.0,30.67,0.0,4.0,0,0.0,0.0,0.0,42.91,1.0,41.0,0,1,41.0,1.6094379124341003,4.722864328804734,0.2750919364965468,0,4.0,0.4832637085516453,-0.06697018471049254,True
1547,처치,1,1.0,47.0,491.11,69660.0,45.0,112.39,0.0,1.0,0,58.26,19.0,18.0,217.0,31.0,1.0,1,1,1.0,3.871201010907891,6.198702268738415,0.2288489340473621,0,1.0,0.7894980801119079,1.3219026282261923,True
1548,처치,1,8.0,4.0,158.65,9608.0,20.0,65.91,0.0,4.0,0,117.7,42.0,35.0,381.66,12.0,8.0,1,1,8.0,1.6094379124341003,5.072983919160791,0.4154427986132997,0,4.0,0.44361758363280274,-0.22649296386911913,True
1549,처치,1,6.0,20.0,211.79,9203.0,54.0,132.81,0.0,4.0,1,70.72,43.0,35.0,181.59,19.0,6.0,1,1,6.0,3.044522437723423,5.3603057638821054,0.6270834317012135,0,4.0,0.802585207969073,1.4025309690297887,True
1551,대조,0,,0.0,0.0,0.0,0.0,0.0,0.0,1.0,0,0.0,0.0,0.0,0.0,0.0,90.0,0,0,90.0,0.0,0.0,0.0,0,1.0,0.20300406875223337,-1.367623551737449,False
1555,처치,1,8.0,7.0,130.67000000000002,66.0,33.0,69.94,0.0,2.0,0,56.540000000000006,6.0,6.0,75.34,6.0,8.0,1,1,8.0,2.0794415416798357,4.880298792368253,0.5352414479222468,0,2.0,0.47739256272355207,-0.09049144921070008,True
1557,처치,1,2.0,25.0,577.54,70260.0,93.0,322.89,0.0,6.0,1,175.9,48.0,45.0,388.19,12.0,2.0,1,1,2.0,3.258096538021482,6.360507688582179,0.559078159088548,0,6.0,0.8552485713792578,1.7763741674655416,True
1563,처치,1,6.0,20.0,635.93,186.0,68.0,273.95,0.0,2.0,1,213.49,77.0,71.0,569.38,11.0,6.0,1,1,6.0,3.044522437723423,6.456659759423912,0.43078640730898055,0,2.0,0.7816761915674824,1.2754612569966037,True
1567,대조,0,2.0,47.0,545.73,394.0,148.0,285.81,0.0,2.0,1,111.08,48.0,42.0,151.61,18.0,2.0,1,1,2.0,3.871201010907891,6.303955079098154,0.5237205211368259,0,2.0,0.8684010253603187,1.8868943913809273,True
1569,대조,0,12.0,9.0,89.5,50.0,20.0,49.35,0.0,2.0,0,0.0,0.0,0.0,0.0,0.0,12.0,0,0,12.0,2.302585092994046,4.505349850705881,0.5513966480446928,0,2.0,0.5238032909942567,0.09528519189616468,True
1572,처치,1,9.0,8.0,359.59000000000003,8874.0,58.0,175.49,0.0,0.0,1,93.1,28.0,23.0,146.74,4.0,9.0,1,1,9.0,2.1972245773362196,5.887741578826176,0.4880280319252482,0,0.0,0.5979363222452072,0.3968737852911673,True
1575,처치,1,13.0,11.0,312.93,7767.0,96.0,200.01,0.0,0.0,0,94.93,60.0,51.0,147.99,4.0,13.0,1,1,13.0,2.4849066497880004,5.749170031119376,0.6391525261240533,0,0.0,0.503334988639564,0.013340152388824075,True
1578,처치,1,2.0,11.0,213.83,142.0,43.0,88.38,0.0,1.0,1,115.53999999999999,42.0,29.0,233.0,6.0,2.0,1,1,2.0,2.4849066497880004,5.369847017686959,0.4133189917223963,0,1.0,0.6745639907413017,0.7289006923384419,True
1584,처치,1,3.0,34.0,814.26,19616.0,120.0,384.14,0.0,4.0,0,189.41,54.0,48.0,349.54,12.0,3.0,1,1,3.0,3.5553480614894135,6.703507080770219,0.4717657750595633,0,4.0,0.7825377385110351,1.280516824301983,True
1586,처치,1,5.0,6.0,233.65,65.0,41.0,196.53,0.0,4.0,0,116.83,15.0,9.0,151.51,2.0,5.0,1,1,5.0,1.9459101490553132,5.458095042240426,0.8411298951423068,0,4.0,0.46911600361413497,-0.12369345450234184,True
1587,대조,0,3.0,5.0,45.85,19.0,6.0,24.04,0.0,1.0,0,29.77,13.0,13.0,51.99,3.0,3.0,1,1,3.0,1.791759469228055,3.846951008684431,0.5243184296619411,0,1.0,0.39496714728124016,-0.42648016856873194,True
1588,처치,1,3.0,20.0,632.12,271.0,142.0,366.89,0.0,3.0,1,150.61,58.0,54.0,270.13,10.0,3.0,1,1,3.0,3.044522437723423,6.450659977637114,0.5804119470986522,0,3.0,0.7873604488736157,1.309087663210071,True
1591,처치,1,4.0,20.0,802.2,93552.0,114.0,336.12,0.0,2.0,1,363.33,170.0,121.0,808.33,19.0,4.0,1,1,4.0,3.044522437723423,6.688603748937465,0.41899775617053103,0,2.0,0.781180932246464,1.272561576713226,True
1592,처치,1,7.0,11.0,458.94,39477.0,56.0,175.63,0.0,0.0,0,112.4,49.0,41.0,745.61,13.0,7.0,1,1,7.0,2.4849066497880004,6.131096046193176,0.38268618991589315,0,0.0,0.5213649704139187,0.0855119509568272,True
1593,대조,0,19.0,6.0,129.38,16210.0,16.0,69.98,0.0,1.0,0,41.96,15.0,15.0,88.22,3.0,19.0,1,1,19.0,1.9459101490553132,4.870453263496393,0.5408873087030454,0,1.0,0.4352712729705003,-0.2603760339510521,True
1595,처치,1,4.0,16.0,409.45,55712.0,25.0,113.07,0.0,2.0,1,101.34,41.0,33.0,315.35,7.0,4.0,1,1,4.0,2.833213344056216,6.017254118794275,0.27615093417999753,0,2.0,0.7609639898680758,1.1579718266620624,True
1601,대조,0,,0.0,0.0,0.0,0.0,0.0,0.0,2.0,0,0.0,0.0,0.0,0.0,0.0,90.0,0,0,90.0,0.0,0.0,0.0,0,2.0,0.21924550005555304,-1.2700686529845346,True
1604,처치,1,4.0,27.0,127.37,63.0,20.0,50.400000000000006,0.0,2.0,1,33.26,14.0,12.0,82.62,17.0,4.0,1,1,4.0,3.332204510175204,4.854916719096835,0.3956975739970166,0,2.0,0.8197843980107041,1.5148874534882038,True
1605,처치,1,3.0,3.0,30.11,19.0,7.0,20.42,0.0,0.0,0,29.34,10.0,10.0,53.35,4.0,3.0,1,1,3.0,1.3862943611198906,3.4375293109095457,0.6781800066423116,0,0.0,0.28880668631629064,-0.9011867238830148,True
1607,처치,1,9.0,12.0,354.59,176.0,23.0,178.73,0.0,4.0,0,100.59,35.0,14.0,145.56,9.0,9.0,1,1,9.0,2.5649493574615367,5.873778381759519,0.5040469274373219,0,4.0,0.6231008247620414,0.502730631199914,True
1609,처치,1,1.0,71.0,3807.18,316188.0,409.0,1586.95,0.0,2.0,1,908.1,294.0,241.0,2641.15,40.0,1.0,1,1,1.0,4.276666119016055,8.244906663701679,0.41683083016826106,0,2.0,0.9037492744966116,2.239595459865624,True
1615,대조,0,8.0,7.0,31.51,31.0,12.0,13.459999999999999,0.0,1.0,0,5.4399999999999995,4.0,4.0,14.4,2.0,8.0,1,1,8.0,2.0794415416798357,3.4815477343158143,0.42716597905426845,0,1.0,0.4637854859198365,-0.14511216334526433,True
1617,처치,1,23.0,6.0,271.29,8729.0,29.0,99.65,0.0,7.0,0,97.55,47.0,30.0,214.52,4.0,23.0,1,1,23.0,1.9459101490553132,5.606867674804115,0.36731910501677173,0,6.0,0.574750707203084,0.3012608258503363,True
1619,처치,1,6.0,35.0,764.42,101464.0,122.0,341.91,0.0,2.0,0,186.22,82.0,72.0,312.52,16.0,6.0,1,1,6.0,3.58351893845611,6.640424702778254,0.4472802909395359,0,2.0,0.7552203287695912,1.126651028030413,True
1621,처치,1,2.0,15.0,370.19,218.0,90.0,221.05,0.0,1.0,0,314.1,136.0,114.0,565.13,21.0,2.0,1,1,2.0,2.772588722239781,5.916714060893994,0.597125800264729,0,1.0,0.578983664078926,0.3186026275564764,True
1622,대조,0,15.0,14.0,603.15,10260.0,93.0,263.63,0.0,3.0,0,179.36,80.0,66.0,523.47,10.0,15.0,1,1,15.0,2.70805020110221,6.403822511473317,0.4370886180883694,0,3.0,0.6367776797905215,0.5614054841755258,True
1624,처치,1,2.0,24.0,533.97,229.0,101.0,323.81,0.0,0.0,0,125.28,48.0,40.0,209.72,15.0,2.0,1,1,2.0,3.2188758248682006,6.282210670557403,0.6064198363203925,0,0.0,0.6391678485260461,0.5717541977922022,True
1627,처치,1,2.0,26.0,816.62,91835.0,59.0,163.74,0.0,0.0,1,207.49,123.0,77.0,589.8,18.0,2.0,1,1,2.0,3.295836866004329,6.7063976809897845,0.20050941686463716,0,0.0,0.7941110308487397,1.3498862500292952,True
1630,처치,1,3.0,32.0,1478.93,500.0,179.0,722.53,0.0,2.0,0,384.6,129.0,90.0,852.73,18.0,3.0,1,1,3.0,3.4965075614664802,7.299750068342311,0.4885491537800977,0,2.0,0.7370883526460056,1.0308897323607313,True
1634,대조,0,18.0,7.0,34.46,26.0,8.0,10.92,0.0,4.0,1,198.19,82.0,75.0,473.07,8.0,18.0,1,1,18.0,2.0794415416798357,3.5684053006460617,0.3168891468369123,0,4.0,0.6880566977785215,0.7910497964530347,True
1639,처치,1,17.0,6.0,144.53,68.0,26.0,80.38,0.0,3.0,0,166.69,48.0,32.0,261.65,8.0,17.0,1,1,17.0,1.9459101490553132,4.980382250925235,0.5561475126271362,0,3.0,0.48060449632995306,-0.07762096349611876,True
1640,처치,1,16.0,4.0,89.4,6475.0,9.0,44.230000000000004,0.0,4.0,0,149.74,49.0,35.0,230.48,8.0,16.0,1,1,16.0,1.6094379124341003,4.504244267398131,0.4947427293064877,0,4.0,0.4433669353332643,-0.22750852838637445,True
1646,대조,0,16.0,4.0,146.76,42.0,24.0,94.76,0.0,1.0,0,0.0,0.0,0.0,0.0,0.0,16.0,0,0,16.0,1.6094379124341003,4.995589335890984,0.6456800218043064,0,1.0,0.3598216912150305,-0.5761381384593349,True
1651,처치,1,6.0,13.0,360.76,118.0,36.0,201.83,0.0,0.0,0,223.9,65.0,56.0,417.66,12.0,6.0,1,1,6.0,2.6390573296152584,5.89098100852966,0.5594578112872824,0,0.0,0.5353346827157293,0.14157472780620275,True
1660,대조,0,15.0,6.0,44.7,27.0,2.0,7.99,0.0,1.0,0,131.12,60.0,25.0,252.21,8.0,15.0,1,1,15.0,1.9459101490553132,3.822098297900159,0.17874720357941834,0,1.0,0.4651761748327612,-0.13952118947034287,True
1663,처치,1,3.0,49.0,370.84000000000003,97285.0,7.0,22.2,0.0,1.0,0,44.83,7.0,7.0,218.3,23.0,3.0,1,1,3.0,3.912023005428146,5.918463654223491,0.05986409233092438,0,1.0,0.8057819522003873,1.4228316895121345,True
1666,처치,1,3.0,10.0,108.67,39.0,23.0,66.15,0.0,0.0,0,15.71,7.0,7.0,34.06,4.0,3.0,1,1,3.0,2.3978952727983707,4.697475856772117,0.6087236587834729,0,0.0,0.4813438400037311,-0.07465929997941952,True
1667,대조,0,2.0,4.0,34.5,31.0,0.0,0.0,0.0,1.0,0,12.370000000000001,3.0,3.0,41.71,3.0,2.0,1,1,2.0,1.6094379124341003,3.56953269648137,0.0,0,1.0,0.40508990784472754,-0.3843012513589281,True
1668,대조,0,3.0,16.0,408.09000000000003,143.0,59.0,201.19,0.0,2.0,0,156.14000000000001,44.0,38.0,291.82,11.0,3.0,1,1,3.0,2.833213344056216,6.013935180735349,0.4930039942169619,0,2.0,0.6236503163503201,0.5050710999223716,True
1671,대조,0,2.0,5.0,215.75,86.0,48.0,121.34,0.0,2.0,0,33.24,18.0,13.0,77.62,1.0,2.0,1,1,2.0,1.791759469228055,5.3787446156606515,0.5624101969872538,0,2.0,0.4133428942951764,-0.35016300111449317,True
1672,대조,0,9.0,7.0,246.24,135.0,40.0,103.17,0.0,2.0,0,55.24,26.0,15.0,151.2,8.0,9.0,1,1,9.0,2.0794415416798357,5.510359524791073,0.41898148148148145,0,2.0,0.4882833792166534,-0.046875064352061804,True
1675,처치,1,15.0,15.0,654.06,5689.0,116.0,314.35,0.0,7.0,0,121.36,70.0,41.0,259.07,7.0,15.0,1,1,15.0,2.772588722239781,6.484726834493383,0.48061339938231973,0,6.0,0.7087756996919191,0.8894453532717719,True
1678,처치,1,2.0,6.0,25.29,13.0,3.0,10.94,0.0,3.0,1,11.67,6.0,3.0,20.16,2.0,2.0,1,1,2.0,1.9459101490553132,3.26918863874179,0.43258204824041124,0,3.0,0.6210370611605023,0.4939523463624592,True
1681,대조,0,1.0,14.0,506.49,8522.0,91.0,300.69,0.0,2.0,0,124.77,44.0,36.0,232.21,8.0,1.0,1,1,1.0,2.70805020110221,6.22947700628831,0.5936741100515311,0,2.0,0.5895096246776892,0.36193856430654175,True
1685,대조,0,20.0,6.0,66.21000000000001,30.0,15.0,50.46,0.0,2.0,0,56.05,11.0,11.0,81.42,7.0,20.0,1,1,20.0,1.9459101490553132,4.2078220459818745,0.7621205256003624,0,2.0,0.44082737611058204,-0.23780487244828175,True
1686,대조,0,4.0,16.0,159.15,98.0,23.0,50.72,0.0,1.0,1,38.72,23.0,20.0,161.09,13.0,4.0,1,1,4.0,2.833213344056216,5.076110876055167,0.31869305686459315,0,1.0,0.740312634880111,1.0475941108908653,True
1689,처치,1,10.0,21.0,579.08,32858.0,45.0,183.78,0.0,1.0,1,125.96,32.0,28.0,273.56,14.0,10.0,1,1,10.0,3.091042453358316,6.363166025063338,0.3173654762727084,0,1.0,0.7806198902842542,1.269282449085306,True
1692,처치,1,5.0,28.0,284.16,50738.0,38.0,77.71000000000001,0.0,2.0,1,108.2,55.0,49.0,209.64000000000001,19.0,5.0,1,1,5.0,3.367295829986474,5.653050426249428,0.27347269144144143,0,2.0,0.8303517060321832,1.5881219182523885,True
1695,대조,0,1.0,21.0,142.84,85.0,29.0,73.94,0.0,1.0,1,6.49,3.0,3.0,23.31,9.0,1.0,1,1,1.0,3.091042453358316,4.96870157072331,0.5176421170540465,0,1.0,0.7633661677497143,1.1712238867025904,True
1708,처치,1,1.0,8.0,450.04,250.0,55.0,222.0,0.0,2.0,1,140.88,57.0,33.0,267.33,6.0,1.0,1,1,1.0,2.1972245773362196,6.111556027365802,0.4932894853790774,0,2.0,0.6372251165013817,0.5633405080041666,True
1709,대조,0,5.0,14.0,301.85,12358.0,59.0,146.16,0.0,1.0,1,64.9,35.0,26.0,113.19,2.0,5.0,1,1,5.0,2.70805020110221,5.713237633426957,0.4842140135829054,0,1.0,0.7088155500461377,0.8896384225899104,True
1717,처치,1,6.0,11.0,243.18,138.0,59.0,144.29,0.0,0.0,0,151.55,60.0,44.0,215.31,10.0,6.0,1,1,6.0,2.4849066497880004,5.497905658240709,0.5933464923102229,0,0.0,0.5019355150624831,0.007742098921546526,True
1723,처치,1,13.0,17.0,791.07,161.0,59.0,230.33,0.0,2.0,0,115.54,49.0,34.0,367.52,8.0,13.0,1,1,13.0,2.8903717578961645,6.674649771747188,0.29116260255097526,0,2.0,0.6580109966723635,0.6544430609208035,True
1729,대조,0,7.0,9.0,125.66,37.0,14.0,53.14,0.0,6.0,0,32.15,19.0,13.0,113.09,4.0,7.0,1,1,7.0,2.302585092994046,4.841506331088285,0.42288715581728475,0,6.0,0.6259221324368424,0.5147619965005854,True
1731,처치,1,4.0,4.0,237.09,9298.0,38.0,149.15,0.0,4.0,0,115.38,58.0,43.0,292.87,5.0,4.0,1,1,4.0,1.6094379124341003,5.472648753450811,0.6290860010966299,0,4.0,0.42117220939530203,-0.31796320929027305,True
1732,처치,1,1.0,14.0,590.36,297.0,130.0,327.11,1.0,3.0,0,203.1,100.0,88.0,385.55,16.0,1.0,1,1,1.0,2.70805020110221,6.382424969013265,0.5540856426587167,1,3.0,0.6941827993642615,0.8197477855791241,True
1733,대조,0,2.0,6.0,388.29,122.0,47.0,169.15,0.0,2.0,0,84.29,18.0,18.0,204.52,4.0,2.0,1,1,2.0,1.9459101490553132,5.964324567155742,0.4356280099925314,0,2.0,0.4543177903758676,-0.18323984067020913,True
1735,처치,1,2.0,7.0,421.75,10326.0,60.0,244.25,0.0,1.0,0,218.53,79.0,67.0,515.28,14.0,2.0,1,1,2.0,2.0794415416798357,6.04678098777869,0.5791345583876705,0,1.0,0.44356290629841466,-0.22671449288175344,True
1742,처치,1,3.0,34.0,336.6,147.0,43.0,119.99,0.0,2.0,0,40.78,17.0,16.0,178.5,24.0,3.0,1,1,3.0,3.5553480614894135,5.821861762721802,0.3564765300059417,0,2.0,0.7557536856899784,1.129538309528559,True
1745,처치,1,4.0,7.0,184.32,96.0,38.0,116.43,0.0,5.0,1,13.97,5.0,3.0,13.97,1.0,4.0,1,1,4.0,2.0794415416798357,5.222084060548448,0.6316731770833334,0,5.0,0.6735853814184464,0.7244463511148905,True
1746,처치,1,10.0,1.0,73.99,17.0,11.0,56.18,0.0,1.0,0,123.85000000000001,45.0,34.0,260.92,5.0,10.0,1,1,10.0,0.6931471805599453,4.317354771313298,0.7592917961886742,0,1.0,0.20359083123953056,-1.3640008344240884,True
1747,대조,0,3.0,4.0,210.99,122.0,52.0,149.83,0.0,4.0,0,133.47,66.0,46.0,298.72,11.0,3.0,1,1,3.0,1.6094379124341003,5.356539103748161,0.710128442106261,0,4.0,0.4133242837097743,-0.3502397492990746,True
1754,처치,1,3.0,29.0,545.57,20263.0,122.0,286.41,0.0,5.0,0,196.11,91.0,71.0,329.76,19.0,3.0,1,1,3.0,3.4011973816621555,6.303662387245703,0.5249738805286215,0,5.0,0.7750877977506825,1.237266196530484,True
1756,처치,1,33.0,5.0,101.36,39.0,13.0,56.97,0.0,4.0,0,0.0,0.0,0.0,0.0,0.0,33.0,0,0,33.0,1.791759469228055,4.628496011291588,0.5620560378847672,0,4.0,0.4870950741941344,-0.05163116993519295,True
1761,처치,1,2.0,8.0,529.88,216.0,96.0,332.13,0.0,0.0,0,35.52,16.0,13.0,78.17,3.0,2.0,1,1,2.0,2.1972245773362196,6.274536007002079,0.6268022948592133,0,0.0,0.4382091760459706,-0.24843321398328078,True
1768,대조,0,10.0,7.0,117.09,69.0,44.0,111.09,0.0,1.0,0,166.13,62.0,47.0,203.84,8.0,10.0,1,1,10.0,2.0794415416798357,4.77144704561319,0.948757366128619,0,1.0,0.418030896805646,-0.3308620134312344,True
1772,처치,1,34.0,11.0,233.29,105.0,47.0,105.37,0.0,3.0,0,32.2,12.0,12.0,76.38,1.0,34.0,1,1,34.0,2.4849066497880004,5.456559664278548,0.45166959578207383,0,3.0,0.6090298115967449,0.4432359056449405,True
1781,처치,1,8.0,14.0,386.71000000000004,20291.0,51.0,172.12,0.0,2.0,0,36.83,8.0,7.0,49.760000000000005,3.0,8.0,1,1,8.0,2.70805020110221,5.960257637483271,0.44508805047710165,0,2.0,0.6080938425876828,0.4393067996425875,True
1784,처치,1,21.0,3.0,130.18,53.0,29.0,82.78,0.0,1.0,0,31.790000000000003,10.0,10.0,77.69,2.0,21.0,1,1,21.0,1.3862943611198906,4.876570425865589,0.6358887693962206,0,1.0,0.32443275493202106,-0.7334744130709393,True
1790,처치,1,4.0,11.0,388.92,180.0,63.0,202.73,0.0,2.0,0,98.57000000000001,32.0,26.0,208.23,3.0,4.0,1,1,4.0,2.4849066497880004,5.965941589876896,0.5212640131646611,0,2.0,0.5550574098957917,0.22112628680860943,True
1791,처치,1,1.0,25.0,609.23,48083.0,88.0,322.92,2.0,2.0,1,114.46000000000001,44.0,40.0,211.09,9.0,1.0,1,1,1.0,3.258096538021482,6.413835935282505,0.5300461237956109,1,2.0,0.8506356255514912,1.7395950780350553,True
1792,대조,0,,0.0,0.0,0.0,0.0,0.0,0.0,1.0,0,95.68,39.0,33.0,572.97,26.0,90.0,1,1,90.0,0.0,0.0,0.0,0,1.0,0.20300406875223337,-1.367623551737449,False
1794,처치,1,1.0,11.0,437.81,9775.0,86.0,265.01,0.0,1.0,0,76.55,29.0,27.0,289.42,6.0,1.0,1,1,1.0,2.4849066497880004,6.0840665175671065,0.6053082387336972,0,1.0,0.520747199455902,0.08303647671531518,True
1798,대조,0,6.0,5.0,285.32,132.0,62.0,169.04,0.0,1.0,0,237.2,91.0,72.0,367.15,5.0,6.0,1,1,6.0,1.791759469228055,5.65711006645777,0.5924575914762372,0,1.0,0.39024348905929723,-0.44628883985705414,True
1800,대조,0,8.0,11.0,553.95,97729.0,52.0,161.84,0.0,1.0,1,50.46,20.0,16.0,215.99,7.0,8.0,1,1,8.0,2.4849066497880004,6.318878019597989,0.2921563317988988,0,1.0,0.6877774232102896,0.7897489521997203,True
1808,대조,0,5.0,7.0,106.97,35.0,16.0,64.42,0.0,3.0,0,76.85,16.0,16.0,129.65,8.0,5.0,1,1,5.0,2.0794415416798357,4.681853410759049,0.6022249228755726,0,3.0,0.4933923528913856,-0.02643212724361356,True
1809,대조,0,6.0,9.0,244.85,122.0,49.0,122.31,0.0,1.0,0,120.75999999999999,46.0,40.0,197.56,8.0,6.0,1,1,6.0,2.302585092994046,5.504721593857949,0.4995303246885849,0,1.0,0.4985432006019547,-0.0058272140814046545,True
1810,처치,1,1.0,46.0,643.35,58201.0,55.0,101.22,0.0,2.0,0,129.52,80.0,62.0,510.26,30.0,1.0,1,1,1.0,3.8501476017100584,6.4682420567344,0.1573327115877827,0,2.0,0.8065662799765898,1.427851154814994,True
1812,처치,1,2.0,21.0,415.61,15442.0,68.0,176.94,0.0,1.0,1,93.19,39.0,35.0,173.09,11.0,2.0,1,1,2.0,3.091042453358316,6.032150532379399,0.4257356656480835,0,1.0,0.7693851148769022,1.2048424884390883,True
1814,처치,1,9.0,10.0,590.52,230.0,72.0,259.76,0.0,1.0,1,95.18,36.0,30.0,157.89,2.0,9.0,1,1,9.0,2.3978952727983707,6.3826954951883215,0.4398834925150715,0,1.0,0.6615375152613618,0.6701534361005566,True
1815,대조,0,1.0,27.0,1049.9,113204.0,124.0,405.45,0.0,0.0,1,286.42,123.0,94.0,759.63,15.0,1.0,1,1,1.0,3.332204510175204,6.957402218871551,0.38617963615582435,0,0.0,0.7871242408144851,1.3076773969833937,True
1816,처치,1,1.0,29.0,436.05,17265.0,78.0,152.3,0.0,3.0,1,120.47,48.0,44.0,392.94,18.0,1.0,1,1,1.0,3.4011973816621555,6.080047605026497,0.34927187249168673,0,3.0,0.8417074725534516,1.6709877733474028,True
1818,대조,0,2.0,5.0,39.33,10.0,0.0,0.0,0.0,1.0,0,0.0,0.0,0.0,50.86,6.0,2.0,0,1,2.0,1.791759469228055,3.697095608885277,0.0,0,1.0,0.44038647195928626,-0.2395937302274129,True
1825,대조,0,6.0,6.0,252.48000000000002,23655.0,23.0,66.14,0.0,1.0,0,0.0,0.0,0.0,5.39,1.0,6.0,0,1,6.0,1.9459101490553132,5.535284924455317,0.2619613434727503,0,1.0,0.4492476170317859,-0.20371109111829458,True
1826,대조,0,5.0,13.0,202.2,169.0,51.0,108.21000000000001,0.0,1.0,0,101.67999999999999,54.0,41.0,161.45,13.0,5.0,1,1,5.0,2.6390573296152584,5.314190715704327,0.5351632047477746,0,1.0,0.5612488905317348,0.24623215879415958,True
1828,대조,0,17.0,4.0,130.35,63.0,28.0,98.25,0.0,6.0,0,0.0,0.0,0.0,0.0,0.0,17.0,0,0,17.0,1.6094379124341003,4.877865516131549,0.7537399309551208,0,6.0,0.4690692563182719,-0.12388116092382404,True
1829,처치,1,3.0,34.0,716.77,24696.0,93.0,317.05,0.0,2.0,1,274.74,86.0,71.0,535.23,20.0,3.0,1,1,3.0,3.5553480614894135,6.576149183468407,0.4423315707967689,0,2.0,0.8412522447715707,1.6675750519522197,True
1831,처치,1,1.0,23.0,1052.24,86872.0,152.0,466.77,4.0,5.0,1,360.15,169.0,122.0,729.27,20.0,1.0,1,1,1.0,3.1780538303479458,6.959626406392027,0.44359651790466054,1,5.0,0.8806258526632587,1.9983701948538044,True
1832,처치,1,6.0,8.0,90.41,39.0,9.0,27.810000000000002,0.0,0.0,0,40.51,16.0,14.0,120.01,4.0,6.0,1,1,6.0,2.1972245773362196,4.515354881665727,0.307598716956089,0,0.0,0.47127013076501295,-0.11504620161331588,True
1840,처치,1,31.0,8.0,100.39,76.0,12.0,59.27,0.0,0.0,0,0.0,0.0,0.0,0.0,0.0,31.0,0,0,31.0,2.1972245773362196,4.618974466964488,0.5903974499452137,0,0.0,0.466046776876325,-0.1360222293257808,True
1841,처치,1,5.0,7.0,517.77,200.0,72.0,237.84,0.0,0.0,1,133.43,51.0,36.0,292.91,3.0,5.0,1,1,5.0,2.0794415416798357,6.251460625018581,0.459354539660467,0,0.0,0.5743162539210841,0.29948351914101135,True
1847,처치,1,4.0,11.0,271.17,115.0,49.0,141.15,0.0,1.0,1,104.88,37.0,31.0,224.78,10.0,4.0,1,1,4.0,2.4849066497880004,5.60642687106484,0.5205221816572629,0,1.0,0.6672982521916966,0.6959906642649243,True
1849,처치,1,18.0,11.0,238.11,131.0,39.0,109.92,0.0,2.0,0,155.31,50.0,43.0,350.03,14.0,18.0,1,1,18.0,2.4849066497880004,5.47692369709451,0.46163537860652637,0,2.0,0.5719384426295023,0.2897643569361126,True
1856,처치,1,3.0,45.0,487.96,269.0,98.0,237.26,2.0,5.0,0,174.59,82.0,74.0,448.94,36.0,3.0,1,1,3.0,3.828641396489095,6.192280686538101,0.4862283793753586,1,5.0,0.87413392858374,1.9380151839038604,True
1857,대조,0,14.0,24.0,263.19,14425.0,32.0,97.13,0.0,1.0,0,0.0,0.0,0.0,27.13,4.0,14.0,0,1,14.0,3.2188758248682006,5.576668541258341,0.3690489760249249,0,1.0,0.6891887488216618,0.7963293609966747,True
1858,처치,1,2.0,10.0,468.41,184.0,94.0,299.74,0.0,1.0,1,135.27,49.0,41.0,210.95000000000002,4.0,2.0,1,1,2.0,2.3978952727983707,6.151476586982076,0.639909481010226,0,1.0,0.6400400052622995,0.5755377830758784,True
1859,대조,0,17.0,5.0,221.32,66.0,22.0,90.45,0.0,1.0,0,25.47,8.0,8.0,39.77,1.0,17.0,1,1,17.0,1.791759469228055,5.404117785434249,0.40868425808783665,0,1.0,0.415040235353146,-0.34316759829579285,True
1860,처치,1,2.0,10.0,88.65,55.0,36.0,73.36,0.0,0.0,0,38.05,25.0,23.0,63.47,7.0,2.0,1,1,2.0,2.3978952727983707,4.495913200051142,0.8275239706711788,0,0.0,0.46094106675511304,-0.15655470606540256,True
1861,대조,0,10.0,34.0,513.84,370.0,88.0,255.51,0.0,5.0,1,74.84,43.0,30.0,151.45,7.0,10.0,1,1,10.0,3.5553480614894135,6.243856172781177,0.49725595516113963,0,5.0,0.8769795536796036,1.964133106361265,True
1862,처치,1,12.0,4.0,123.19,53.0,39.0,87.91,0.0,4.0,0,2.0,3.0,1.0,17.1,2.0,12.0,1,1,12.0,1.6094379124341003,4.8218126509599415,0.7136131179478854,0,4.0,0.4205183184954251,-0.3206460093486251,True
1865,처치,1,1.0,17.0,645.75,265.0,116.0,252.72,0.0,7.0,1,211.54,83.0,70.0,392.93,11.0,1.0,1,1,1.0,2.8903717578961645,6.471959821066139,0.3913588850174216,0,6.0,0.8236005230599417,1.5409344318673297,True
1877,대조,0,19.0,9.0,389.39,158.0,62.0,200.52,0.0,0.0,0,137.29,41.0,25.0,213.91,4.0,19.0,1,1,19.0,2.302585092994046,5.967146239456776,0.514959295308046,0,0.0,0.4830632801304904,-0.0677728084782777,True
1879,처치,1,3.0,33.0,627.47,387.0,72.0,156.72,0.0,2.0,1,87.66,44.0,39.0,488.87,25.0,3.0,1,1,3.0,3.5263605246161616,6.443288294194163,0.24976492900058966,0,2.0,0.8474271167774116,1.7145624330039895,True
1881,처치,1,1.0,25.0,492.68,64543.0,87.0,195.47,0.0,1.0,0,58.75,32.0,31.0,265.18,10.0,1.0,1,1,1.0,3.258096538021482,6.201887534012811,0.3967483965251279,0,1.0,0.6842437906669209,0.7733438468405435,True
1883,처치,1,26.0,10.0,242.03,116.0,40.0,110.95,0.0,5.0,0,55.36,25.0,19.0,129.79,5.0,26.0,1,1,26.0,2.3978952727983707,5.493184892510509,0.45841424616783044,0,5.0,0.6319172638916228,0.5404507347325757,True
1887,대조,0,1.0,16.0,124.03999999999999,69.0,37.0,100.82,0.0,1.0,0,80.02000000000001,42.0,33.0,99.44,12.0,1.0,1,1,1.0,2.833213344056216,4.828633686113221,0.8128023218316672,0,1.0,0.5716274524957178,0.2884942172973335,True
1889,처치,1,29.0,2.0,80.63,25.0,6.0,12.0,0.0,1.0,0,0.0,0.0,0.0,24.23,2.0,29.0,0,1,29.0,1.0986122886681098,4.402196841463264,0.14882797966017614,0,1.0,0.3189345642345096,-0.7586724353429897,True
1890,처치,1,8.0,12.0,363.86,157.0,93.0,191.07,0.0,0.0,0,38.92,21.0,19.0,87.85,5.0,8.0,1,1,8.0,2.5649493574615367,5.899513718360073,0.5251195514758423,0,0.0,0.5253654376708995,0.10154892672633553,True
1895,대조,0,1.0,4.0,75.81,32.0,12.0,49.26,0.0,2.0,0,22.71,16.0,8.0,50.69,2.0,1.0,1,1,1.0,1.6094379124341003,4.341334840010591,0.6497823506133755,0,2.0,0.3711542883390029,-0.5272680874440769,True
1896,처치,1,2.0,23.0,635.88,256.0,138.0,402.51,0.0,0.0,1,229.76,84.0,81.0,353.05,15.0,2.0,1,1,2.0,3.1780538303479458,6.456581254780323,0.6329967918475183,0,0.0,0.7503256166048177,1.1003496652888687,True
1900,처치,1,3.0,12.0,1924.44,588.0,207.0,797.79,0.0,1.0,0,464.36,132.0,98.0,1248.98,8.0,3.0,1,1,3.0,2.5649493574615367,7.562909792031987,0.41455696202531644,0,1.0,0.5543440927359772,0.218238454084706,True
1905,처치,1,5.0,11.0,123.46000000000001,46.0,20.0,67.04,0.0,2.0,0,47.43,14.0,13.0,56.410000000000004,4.0,5.0,1,1,5.0,2.4849066497880004,4.823984379141072,0.5430098817430747,0,2.0,0.5546913325107783,0.21964412487513005,True
1911,처치,1,11.0,13.0,210.48,66052.0,15.0,37.31,0.0,2.0,1,22.29,6.0,5.0,162.74,7.0,11.0,1,1,11.0,2.6390573296152584,5.354130431367249,0.1772614975294565,0,2.0,0.743446683426355,1.0639605481790897,True
1912,대조,0,16.0,8.0,237.22,153.0,29.0,104.41,0.0,2.0,0,34.25,10.0,10.0,103.91,4.0,16.0,1,1,16.0,2.1972245773362196,5.473194616452755,0.4401399544726414,0,2.0,0.5155299760387514,0.06213989184334984,True
1918,대조,0,86.0,1.0,66.61,20.0,13.0,44.28,0.0,2.0,0,126.16,45.0,35.0,421.28000000000003,8.0,86.0,1,1,86.0,0.6931471805599453,4.213755901102586,0.6647650502927489,0,2.0,0.2721491278746804,-0.9837460009319615,True
1920,처치,1,6.0,5.0,57.19,25.0,15.0,28.05,0.0,3.0,1,108.3,55.0,49.0,169.52,10.0,6.0,1,1,6.0,1.791759469228055,4.063713518668578,0.49047036195139015,0,3.0,0.589343490635002,0.36125206819099764,True
1921,처치,1,11.0,20.0,182.41,90.0,50.0,134.84,0.0,1.0,1,142.6,58.0,45.0,212.66,10.0,11.0,1,1,11.0,3.044522437723423,5.211724083962941,0.7392138588893153,0,1.0,0.7476322147794551,1.0860236768951264,True
1923,처치,1,2.0,26.0,737.6,137106.0,64.0,185.33,0.0,5.0,1,196.19,70.0,62.0,621.47,21.0,2.0,1,1,2.0,3.295836866004329,6.6047565024184625,0.25126084598698484,0,5.0,0.8605148119878298,1.819572412237626,True
1925,처치,1,6.0,10.0,163.84,65.0,36.0,126.35,0.0,1.0,0,75.62,22.0,21.0,126.87,6.0,6.0,1,1,6.0,2.3978952727983707,5.1049753064706165,0.77117919921875,0,1.0,0.4931977486846725,-0.027210684084577778,True
1928,처치,1,6.0,13.0,254.74,10078.0,40.0,139.36,0.0,4.0,1,92.10000000000001,46.0,22.0,153.96,7.0,6.0,1,1,6.0,2.6390573296152584,5.544161303383023,0.5470675983355578,0,4.0,0.7518296321070554,1.1083942676124832,True
1931,처치,1,2.0,16.0,442.71,217.0,101.0,334.77,0.0,2.0,1,171.76,70.0,53.0,205.11,6.0,2.0,1,1,2.0,2.833213344056216,6.095171195881625,0.7561835061326828,0,2.0,0.726613999346282,0.9775106681773005,True
1932,처치,1,35.0,16.0,503.86,62135.0,35.0,136.23,0.0,0.0,0,6.180000000000001,2.0,2.0,26.630000000000003,3.0,35.0,1,1,35.0,2.833213344056216,6.224281163117879,0.2703727225816695,0,0.0,0.6211570492346162,0.49446220600214436,True
1933,처치,1,21.0,13.0,345.4,4404.0,41.0,144.68,0.0,1.0,0,43.39,27.0,15.0,78.82000000000001,3.0,21.0,1,1,21.0,2.6390573296152584,5.84759417668828,0.4188766647365374,0,1.0,0.5839745530814487,0.3391109795204924,True
1937,처치,1,8.0,21.0,990.53,8372.0,219.0,514.84,7.0,3.0,1,349.58,134.0,124.0,609.62,12.0,8.0,1,1,8.0,3.091042453358316,6.899249204688193,0.5197621475371771,1,3.0,0.8493480457826653,1.7294968128278345,True
1939,처치,1,13.0,12.0,516.23,44979.0,49.0,171.9,0.0,2.0,1,186.04,88.0,58.0,557.9,10.0,13.0,1,1,13.0,2.5649493574615367,6.2484876498558695,0.3329911086143773,0,2.0,0.7216640347546306,0.9527308126611308,True
1940,대조,0,10.0,6.0,227.4,119.0,67.0,139.91,0.0,2.0,0,33.62,21.0,20.0,93.17,5.0,10.0,1,1,10.0,1.9459101490553132,5.431098477781855,0.6152594547053649,0,2.0,0.4450575286948821,-0.2206609012911668,True
1941,처치,1,2.0,20.0,66.8,52.0,22.0,39.48,0.0,1.0,0,33.67,19.0,17.0,58.72,11.0,2.0,1,1,2.0,3.044522437723423,4.216562194946349,0.5910179640718562,0,1.0,0.6322339183953973,0.5418123614655723,True
1942,처치,1,1.0,21.0,606.44,150.0,46.0,208.21,0.0,1.0,0,346.81,95.0,80.0,666.6800000000001,24.0,1.0,1,1,1.0,3.091042453358316,6.4092534049049785,0.34333157443440404,0,1.0,0.6590803089898779,0.6591984526967285,True
1948,처치,1,3.0,20.0,301.42,210.0,85.0,133.19,0.0,0.0,1,94.85,54.0,51.0,198.62,11.0,3.0,1,1,3.0,3.044522437723423,5.711816779684523,0.44187512441112065,0,0.0,0.7443261785102099,1.06857685346057,True
1949,처치,1,28.0,10.0,290.7,125.0,54.0,161.18,0.0,0.0,1,176.44,60.0,44.0,412.15,10.0,28.0,1,1,28.0,2.3978952727983707,5.675725876873676,0.5544547643618851,0,0.0,0.6445394235958605,0.5951216428775952,True
1953,처치,1,1.0,9.0,107.36,45.0,12.0,37.160000000000004,0.0,1.0,1,31.25,11.0,9.0,55.34,5.0,1.0,1,1,1.0,2.302585092994046,4.685459017216894,0.34612518628912076,0,1.0,0.6472026590739725,0.606765687270894,True
1957,처치,1,20.0,3.0,153.34,58.0,20.0,75.87,0.0,1.0,0,197.74,68.0,61.0,455.1,6.0,20.0,1,1,20.0,1.3862943611198906,5.039157961029457,0.4947828355288901,0,1.0,0.33489660176019914,-0.6861206819237278,True
1959,대조,0,2.0,25.0,1075.09,81742.0,138.0,364.92,1.0,3.0,0,0.0,0.0,0.0,41.0,1.0,2.0,0,1,2.0,3.258096538021482,6.981089380346515,0.3394320475495075,1,3.0,0.791943029764853,1.3366775195519875,True
1963,대조,0,21.0,6.0,371.03000000000003,172.0,77.0,214.28,0.0,2.0,0,61.79,30.0,26.0,102.9,1.0,21.0,1,1,21.0,1.9459101490553132,5.91897449618279,0.5775274236584642,0,2.0,0.45700275255535516,-0.1724148367852473,True
1964,처치,1,16.0,9.0,364.19,214.0,82.0,190.89000000000001,0.0,0.0,1,65.65,27.0,27.0,108.59,4.0,16.0,1,1,16.0,2.302585092994046,5.900417766089615,0.5241494824130262,0,0.0,0.6202134241987118,0.4904541990713226,True
1968,처치,1,1.0,10.0,352.77,189.0,44.0,143.4,0.0,2.0,0,75.32000000000001,44.0,36.0,207.4,9.0,1.0,1,1,1.0,2.3978952727983707,5.868646984461759,0.40649715111829243,0,2.0,0.5458458794333204,0.18390005075110244,True
1969,처치,1,3.0,37.0,331.69,210.0,85.0,182.52,0.0,2.0,0,189.37,78.0,67.0,326.97,16.0,3.0,1,1,3.0,3.6375861597263857,5.807211125464201,0.5502728451264736,0,2.0,0.7548919744882966,1.1248756250403336,True
1970,처치,1,3.0,16.0,403.96,8714.0,47.0,195.84,0.0,0.0,0,19.86,3.0,3.0,23.33,3.0,3.0,1,1,3.0,2.833213344056216,6.003788296796814,0.48480047529458364,0,0.0,0.577607053234915,0.3129577645300311,True
1971,처치,1,22.0,11.0,124.31,59.0,8.0,23.66,0.0,4.0,0,118.45,40.0,31.0,272.64,8.0,22.0,1,1,22.0,2.4849066497880004,4.830790667177194,0.19033062505027754,0,4.0,0.6451722601420657,0.5978849192549677,True
1972,처치,1,2.0,4.0,80.52,39.0,14.0,34.07,0.0,2.0,0,76.69,32.0,29.0,163.14,8.0,2.0,1,1,2.0,1.6094379124341003,4.400848388914469,0.42312468951813215,0,2.0,0.39123094179922374,-0.44214095140109655,True
1974,처치,1,77.0,6.0,139.97,49.0,18.0,56.87,0.0,4.0,0,0.0,0.0,0.0,0.0,0.0,77.0,0,0,77.0,1.9459101490553132,4.948547101782834,0.4063013502893477,0,4.0,0.5671426001338677,0.2702024282632895,True
1978,처치,1,17.0,7.0,86.94,32.0,10.0,30.95,0.0,5.0,0,9.280000000000001,6.0,5.0,64.9,4.0,17.0,1,1,17.0,2.0794415416798357,4.476654763752664,0.35599263860133423,0,5.0,0.5738403325362637,0.297537109011057,True
1979,처치,1,9.0,13.0,101.82000000000001,9873.0,39.0,69.37,0.0,2.0,1,28.950000000000003,21.0,17.0,30.93,6.0,9.0,1,1,9.0,2.6390573296152584,4.632979886627359,0.6813003339226085,0,2.0,0.7061993452137072,0.8769960638795161,True
1980,처치,1,1.0,9.0,609.0,27048.0,52.0,203.52,0.0,0.0,1,186.76,52.0,46.0,477.59000000000003,6.0,1.0,1,1,1.0,2.302585092994046,6.413458957167357,0.3341871921182266,0,0.0,0.6245269186849676,0.5088076519580829,True
1981,대조,0,4.0,14.0,176.89000000000001,87.0,38.0,109.87,0.0,1.0,0,84.53,33.0,32.0,205.08,18.0,4.0,1,1,4.0,2.70805020110221,5.181165381737179,0.6211204703488044,0,1.0,0.5663843647276188,0.26711442866808877,True
1982,대조,0,2.0,22.0,492.85,37837.0,111.0,188.13,0.0,2.0,1,216.76,169.0,123.0,548.63,23.0,2.0,1,1,2.0,3.1354942159291497,6.202231827354137,0.3817185756315309,0,2.0,0.7946568165703303,1.3532276992216339,True
1987,처치,1,8.0,11.0,297.68,145.0,58.0,145.78,0.0,0.0,0,184.79,72.0,61.0,351.23,11.0,8.0,1,1,8.0,2.4849066497880004,5.699372766167501,0.48972050524052674,0,0.0,0.5128031673332112,0.051223866854094156,True
1988,대조,0,9.0,23.0,802.39,39375.0,112.0,508.5,0.0,1.0,0,629.96,186.0,140.0,945.41,17.0,9.0,1,1,9.0,3.1780538303479458,6.68884027474789,0.6337317264671793,0,1.0,0.6567167697290173,0.6486969785760134,True
1990,처치,1,12.0,17.0,961.36,90510.0,160.0,459.7,8.0,2.0,1,255.94,124.0,98.0,453.21000000000004,12.0,12.0,1,1,12.0,2.8903717578961645,6.869388601036946,0.4781767496047266,1,2.0,0.8176462620177521,1.5004813845638856,True
1993,대조,0,7.0,6.0,42.7,31.0,4.0,6.710000000000001,0.0,1.0,0,58.53,22.0,20.0,110.37,11.0,7.0,1,1,7.0,1.9459101490553132,3.7773481021015445,0.15714285714285714,0,1.0,0.46065455229790087,-0.15770785260312495,True
1996,처치,1,2.0,16.0,186.7,60.0,22.0,57.57,0.0,1.0,0,66.98,17.0,17.0,196.83,11.0,2.0,1,1,2.0,2.833213344056216,5.234844943592463,0.30835565077664706,0,1.0,0.6161411659371682,0.47320123739051334,True
1998,처치,1,5.0,41.0,283.45,256.0,94.0,134.07,0.0,4.0,0,50.85,35.0,33.0,104.7,19.0,5.0,1,1,5.0,3.7376696182833684,5.650557491196657,0.47299347327571,0,4.0,0.8076075108459845,1.434538686792389,True
2002,대조,0,18.0,8.0,585.88,20951.0,103.0,292.31,0.0,1.0,1,199.29,79.0,62.0,383.25,9.0,18.0,1,1,18.0,2.1972245773362196,6.374820369628045,0.49892469447668464,0,1.0,0.6268079763309727,0.5185471399416771,True
2009,대조,0,,0.0,0.0,0.0,0.0,0.0,0.0,1.0,0,0.0,0.0,0.0,0.0,0.0,90.0,0,0,90.0,0.0,0.0,0.0,0,1.0,0.20300406875223337,-1.367623551737449,False
2011,처치,1,10.0,12.0,212.34,126.0,36.0,112.6,2.0,2.0,1,82.78,45.0,30.0,133.84,10.0,10.0,1,1,10.0,2.5649493574615367,5.362887137197337,0.5302816238108693,1,2.0,0.7721169268381559,1.2203033377917312,True
2013,대조,0,19.0,16.0,92.69,50.0,26.0,51.53,0.0,2.0,1,0.0,0.0,0.0,2.99,1.0,19.0,0,1,19.0,2.833213344056216,4.539991459963097,0.5559391520120833,0,2.0,0.7520820087129569,1.1097473609594235,True
2014,대조,0,8.0,6.0,167.57,116.0,40.0,96.3,0.0,1.0,0,15.52,6.0,6.0,25.97,2.0,8.0,1,1,8.0,1.9459101490553132,5.127351093792217,0.5746852061824909,0,1.0,0.42330168274672086,-0.30923415990362996,True
2016,대조,0,25.0,5.0,30.25,27.0,10.0,21.05,0.0,2.0,0,0.0,0.0,0.0,0.0,0.0,25.0,0,0,25.0,1.791759469228055,3.4420193761824107,0.6958677685950413,0,2.0,0.42115117001757,-0.3180495124635176,True
2018,처치,1,1.0,40.0,874.65,383.0,115.0,353.84000000000003,0.0,2.0,1,370.45,130.0,110.0,764.05,25.0,1.0,1,1,1.0,3.713572066704308,6.774966467718674,0.40455039158520556,0,2.0,0.858155782079058,1.8000562487027914,True
2021,대조,0,21.0,6.0,69.73,38.0,11.0,33.46,0.0,1.0,0,56.56,25.0,18.0,94.09,6.0,21.0,1,1,21.0,1.9459101490553132,4.258869811047899,0.4798508532912663,0,1.0,0.4427313300206584,-0.23008436792705475,True
2024,처치,1,2.0,12.0,597.82,46864.0,67.0,311.81,0.0,4.0,1,170.38,54.0,46.0,324.01,6.0,2.0,1,1,2.0,2.5649493574615367,6.394961052121302,0.5215784015255428,0,4.0,0.7394801592843935,1.0432684296162145,True
2027,처치,1,16.0,24.0,351.55,204.0,75.0,192.07,0.0,3.0,0,21.52,15.0,7.0,58.35,1.0,16.0,1,1,16.0,3.2188758248682006,5.865192456165049,0.5463518702887213,0,3.0,0.717687403460807,0.9330191476487679,True
2032,대조,0,80.0,1.0,6.8,4.0,2.0,6.8,0.0,1.0,0,0.0,0.0,0.0,0.0,0.0,80.0,0,0,80.0,0.6931471805599453,2.0541237336955462,1.0,0,1.0,0.2285865522127177,-1.2163095556703571,True
2033,처치,1,3.0,31.0,561.97,51943.0,65.0,201.01,0.0,0.0,0,94.84,38.0,36.0,184.28,6.0,3.0,1,1,3.0,3.4657359027997265,6.3332263407519145,0.35768813281847783,0,0.0,0.7029314131663962,0.8612962797459689,True
2034,처치,1,6.0,29.0,491.08,32728.0,139.0,281.15,0.0,1.0,0,238.23,118.0,88.0,408.96,16.0,6.0,1,1,6.0,3.4011973816621555,6.198641304900113,0.5725136433982243,0,1.0,0.6984499431243454,0.8399274842343063,True
2035,대조,0,5.0,7.0,45.9,35.0,12.0,23.32,0.0,1.0,0,13.04,10.0,7.0,33.44,2.0,5.0,1,1,5.0,2.0794415416798357,3.8480176754522337,0.5080610021786492,0,1.0,0.45383529228339,-0.18518625284960422,True
2036,대조,0,5.0,6.0,527.82,160.0,88.0,373.49,0.0,2.0,0,497.48,199.0,162.0,782.78,8.0,5.0,1,1,5.0,1.9459101490553132,6.270648109304864,0.7076086544655374,0,2.0,0.4322431396991615,-0.2727050109293335,True
2037,처치,1,7.0,5.0,55.4,20.0,10.0,39.89,0.0,3.0,0,64.61,27.0,25.0,125.99,7.0,7.0,1,1,7.0,1.791759469228055,4.032469158504013,0.7200361010830325,0,3.0,0.4280917502343506,-0.28964103369201266,True
2039,대조,0,,0.0,0.0,0.0,0.0,0.0,0.0,1.0,0,0.0,0.0,0.0,0.0,0.0,90.0,0,0,90.0,0.0,0.0,0.0,0,1.0,0.20300406875223337,-1.367623551737449,False
2041,처치,1,2.0,36.0,1369.96,73290.0,173.0,642.77,0.0,2.0,1,427.13,116.0,98.0,792.36,17.0,2.0,1,1,2.0,3.6109179126442243,7.223266503352594,0.46918888142719495,0,2.0,0.8451468040756737,1.6970327998554147,True
2043,대조,0,1.0,15.0,287.57,156.0,49.0,153.94,0.0,0.0,0,123.4,64.0,49.0,228.25,10.0,1.0,1,1,1.0,2.772588722239781,5.664937690832634,0.5353131411482421,0,0.0,0.5599204148991487,0.24083907159264104,True
2044,대조,0,8.0,4.0,80.16,46.0,11.0,23.240000000000002,0.0,2.0,0,0.0,0.0,0.0,0.0,0.0,8.0,0,0,8.0,1.6094379124341003,4.396422514957614,0.2899201596806388,0,2.0,0.4074954590947632,-0.3743287476619056,True
2046,대조,0,43.0,5.0,35.53,25.0,7.0,16.63,0.0,1.0,0,0.0,0.0,0.0,3.99,1.0,43.0,0,1,43.0,1.791759469228055,3.5981338408071912,0.46805516464959185,0,1.0,0.4317283633587436,-0.27480293597501104,True
2047,처치,1,60.0,4.0,132.4,51.0,21.0,89.82,0.0,4.0,0,272.73,121.0,78.0,617.54,11.0,60.0,1,1,60.0,1.6094379124341003,4.893352133481524,0.6783987915407854,0,4.0,0.4622384252672077,-0.1513344623221251,True
2050,처치,1,6.0,18.0,455.39,26122.0,65.0,238.99,0.0,4.0,1,150.42,70.0,48.0,200.42000000000002,5.0,6.0,1,1,6.0,2.9444389791664403,6.1233477071431475,0.5248029161817344,0,4.0,0.7954071094515195,1.3578319660813403,True
2051,처치,1,,0.0,0.0,0.0,0.0,0.0,0.0,5.0,0,0.0,0.0,0.0,0.0,0.0,90.0,0,0,90.0,0.0,0.0,0.0,0,5.0,0.2734071989794886,-0.9774039567257905,True
2055,처치,1,9.0,21.0,318.62,132.0,60.0,136.85,0.0,2.0,0,148.0,57.0,55.0,301.13,19.0,9.0,1,1,9.0,3.091042453358316,5.767132790156963,0.4295085054296654,0,2.0,0.6799299034707854,0.753449686266266,True
2057,대조,0,15.0,22.0,673.9300000000001,96654.0,76.0,201.75,1.0,2.0,1,74.37,33.0,21.0,290.48,11.0,15.0,1,1,15.0,3.1354942159291497,6.514608981791225,0.29936343537162613,1,2.0,0.8545794561594768,1.7709796367842356,True
2059,대조,0,3.0,9.0,367.84000000000003,214.0,61.0,177.85,0.0,1.0,0,0.0,0.0,0.0,0.0,0.0,3.0,0,0,3.0,2.302585092994046,5.910362945670941,0.4834982601130926,0,1.0,0.49726703709323505,-0.010931960496934926,True
2063,대조,0,8.0,11.0,311.57,146.0,93.0,245.32,0.0,2.0,1,150.32,50.0,42.0,186.76,3.0,8.0,1,1,8.0,2.4849066497880004,5.744828444092202,0.7873672048014893,0,2.0,0.6703268676621644,0.70966380008521,True
2064,처치,1,1.0,57.0,1160.05,11664.0,178.0,478.49,2.0,2.0,1,230.83,89.0,83.0,619.35,30.0,1.0,1,1,1.0,4.060443010546419,7.0570800470927,0.4124736002758502,1,2.0,0.9182449437052446,2.4187365196727773,True
2069,대조,0,15.0,24.0,439.69,2592.0,55.0,212.67000000000002,0.0,3.0,1,45.41,23.0,14.0,93.2,6.0,15.0,1,1,15.0,3.2188758248682006,6.088341680417359,0.48368168482339835,0,3.0,0.820978465599814,1.5229907771154811,True
2071,처치,1,1.0,40.0,315.18,145.0,45.0,125.52,0.0,1.0,0,69.8,23.0,21.0,176.29,24.0,1.0,1,1,1.0,3.713572066704308,5.756311671668041,0.398248619836284,0,1.0,0.7570177178877996,1.136398130999805,True
2074,대조,0,29.0,2.0,9.26,6.0,2.0,3.26,0.0,1.0,0,0.0,0.0,0.0,17.759999999999998,1.0,29.0,0,1,29.0,1.0986122886681098,2.3282528397426234,0.3520518358531317,0,1.0,0.3043756641776442,-0.8265470912990766,True
2078,대조,0,17.0,1.0,5.88,1.0,1.0,5.88,0.0,5.0,0,85.37,26.0,18.0,136.33,4.0,17.0,1,1,17.0,0.6931471805599453,1.9286186519452522,1.0,0,5.0,0.26279357666252545,-1.0314990945238502,True
2079,처치,1,1.0,5.0,132.79,43.0,24.0,96.47,0.0,6.0,0,177.09,71.0,49.0,248.49,4.0,1.0,1,1,1.0,1.791759469228055,4.8962714064855275,0.7264854281195874,0,6.0,0.4946834975470703,-0.021266811316737484,True
2081,대조,0,2.0,4.0,190.67000000000002,129.0,28.0,100.43,0.0,1.0,0,0.0,0.0,0.0,0.0,0.0,2.0,0,0,2.0,1.6094379124341003,5.255775143282362,0.5267215608118739,0,1.0,0.3590424022011527,-0.5795228111583208,True
2084,처치,1,1.0,32.0,652.56,53152.0,155.0,289.7,1.0,2.0,1,124.2,61.0,56.0,418.51,15.0,1.0,1,1,1.0,3.4965075614664802,6.482434342162622,0.4439438519063381,1,2.0,0.8765597884811,1.9602479932018688,True
2092,처치,1,28.0,1.0,13.98,4.0,4.0,13.98,0.0,2.0,1,0.0,0.0,0.0,0.0,0.0,28.0,0,0,28.0,0.6931471805599453,2.7067159780890733,1.0,0,2.0,0.32756971604200175,-0.7191975332935782,True
2094,처치,1,1.0,13.0,386.04,239.0,80.0,248.44,0.0,0.0,1,132.3,85.0,50.0,262.75,6.0,1.0,1,1,1.0,2.6390573296152584,5.958528046861717,0.6435602528235416,0,0.0,0.6605605708035346,0.6657933049404167,True
2097,처치,1,1.0,24.0,949.28,93755.0,73.0,412.93,0.0,5.0,1,40.94,17.0,9.0,144.46,5.0,1.0,1,1,1.0,3.2188758248682006,6.8567566780103215,0.4349928366762178,0,5.0,0.8439474240251664,1.687897222897663,True
2098,대조,0,30.0,2.0,213.99,67.0,34.0,112.35,0.0,1.0,0,17.7,8.0,7.0,26.67,2.0,30.0,1,1,30.0,1.0986122886681098,5.370591515418057,0.5250245338567222,0,1.0,0.2902452461349947,-0.8941932513482599,True
2099,처치,1,14.0,11.0,161.16,14340.0,16.0,45.04,0.0,0.0,0,0.0,0.0,0.0,7.739999999999999,2.0,14.0,0,1,14.0,2.4849066497880004,5.088583502143744,0.27947381484239264,0,0.0,0.5370752919160515,0.14857386975706252,True
2107,처치,1,3.0,11.0,585.03,286.0,111.0,296.13,0.0,3.0,1,211.74,98.0,71.0,303.51,6.0,3.0,1,1,3.0,2.4849066497880004,6.3733709828058664,0.5061791702989591,0,3.0,0.7090817873475987,0.8909287043091068,True
2108,처치,1,4.0,15.0,254.55,133.0,68.0,206.44,0.0,1.0,0,49.58,32.0,24.0,82.63,7.0,4.0,1,1,4.0,2.772588722239781,5.543418085214289,0.8109998035749361,0,1.0,0.5618705609768052,0.24875711521752525,True
2109,처치,1,1.0,21.0,302.26,157.0,87.0,211.81,0.0,3.0,0,195.82,88.0,70.0,322.7,15.0,1.0,1,1,1.0,3.091042453358316,5.714590523372793,0.7007543174750215,0,3.0,0.6741161238807173,0.7268612770097619,True
2111,대조,0,6.0,13.0,299.52,12657.0,53.0,233.36,0.0,5.0,1,36.15,19.0,14.0,71.15,8.0,6.0,1,1,6.0,2.6390573296152584,5.70551430750096,0.779113247863248,0,5.0,0.7542732195040149,1.1215343921412189,True
2114,처치,1,3.0,24.0,500.85,6355.0,108.0,286.14,0.0,4.0,0,96.81,42.0,39.0,137.6,6.0,3.0,1,1,3.0,3.2188758248682006,6.2183012702598095,0.5713087750823599,0,4.0,0.7267351313603099,0.9781205405169664,True
2116,대조,0,1.0,26.0,1390.57,33879.0,208.0,539.49,0.0,5.0,1,222.73,85.0,78.0,540.34,18.0,1.0,1,1,1.0,3.295836866004329,7.23818788512647,0.38796320933142525,0,5.0,0.8538478249097539,1.765104612903909,True
2117,처치,1,12.0,3.0,53.77,28.0,17.0,29.38,0.0,3.0,0,58.72,33.0,31.0,123.24,5.0,12.0,1,1,12.0,1.3862943611198906,4.00314259879563,0.5464013390366375,0,3.0,0.3698206641893747,-0.532986242137103,True
2121,대조,0,6.0,21.0,849.62,91905.0,101.0,285.97,0.0,4.0,1,278.0,96.0,90.0,828.66,17.0,6.0,1,1,6.0,3.091042453358316,6.745965495357595,0.3365857677549964,0,4.0,0.8235928538533706,1.5408816446084905,True
2123,처치,1,6.0,8.0,681.8,264.0,119.0,373.19,6.0,2.0,1,404.77,141.0,119.0,635.54,7.0,6.0,1,1,6.0,2.1972245773362196,6.526201990920286,0.5473599295981226,1,2.0,0.7120405791763882,0.9053153327225825,True
2128,처치,1,74.0,4.0,22.07,15.0,6.0,14.33,0.0,1.0,0,0.0,0.0,0.0,0.0,0.0,74.0,0,0,74.0,1.6094379124341003,3.138533072185662,0.6492976891708201,0,1.0,0.405415929942578,-0.38294859155342337,True
2130,처치,1,2.0,20.0,1615.18,28286.0,198.0,861.67,8.0,2.0,1,742.13,266.0,149.0,1437.68,16.0,2.0,1,1,2.0,3.044522437723423,7.387820619016679,0.5334823363340309,1,2.0,0.8276458907948859,1.5690342598971148,True
2137,대조,0,16.0,38.0,551.28,18290.0,110.0,300.78,0.0,3.0,0,89.9,53.0,45.0,267.91,23.0,16.0,1,1,16.0,3.6635616461296463,6.314055164047952,0.5456029603831084,0,3.0,0.7834453115339665,1.2858581409896652,True
2138,대조,0,25.0,8.0,164.11,99.0,38.0,105.76,0.0,3.0,0,93.08,40.0,32.0,152.51,3.0,25.0,1,1,25.0,2.1972245773362196,5.1066119184437415,0.6444457985497531,0,3.0,0.5290061077741867,0.1161548514196731,True
2145,대조,0,14.0,7.0,146.59,15593.0,16.0,76.63,0.0,1.0,0,9.99,1.0,1.0,9.99,1.0,14.0,1,1,14.0,2.0794415416798357,4.994438159193685,0.5227505286854491,0,1.0,0.4590313999961992,-0.16424261920515568,True
2146,대조,0,14.0,4.0,153.07,53.0,19.0,58.77,0.0,2.0,0,49.57,23.0,18.0,167.52,2.0,14.0,1,1,14.0,1.6094379124341003,5.037407044593683,0.38394198732606,0,2.0,0.4035944353164366,-0.3905104125383145,True
2147,처치,1,2.0,13.0,1122.97,571.0,252.0,581.77,6.0,3.0,1,279.68,128.0,114.0,550.47,9.0,2.0,1,1,2.0,2.6390573296152584,7.024622339705982,0.5180637060651665,1,3.0,0.7942229712771812,1.3505710443254606,True
2148,처치,1,2.0,11.0,383.34,230.0,77.0,169.9,0.0,4.0,1,125.1,68.0,46.0,231.35,10.0,2.0,1,1,2.0,2.4849066497880004,5.951527577504281,0.44320968330985555,0,4.0,0.7328554232595472,1.0091584449083324,True
2154,처치,1,20.0,26.0,594.23,27547.0,118.0,363.44,0.0,2.0,1,175.23,85.0,55.0,299.86,16.0,20.0,1,1,20.0,3.295836866004329,6.388947885474488,0.6116150312168689,0,2.0,0.8109013146317768,1.4558773395551667,True
2158,처치,1,8.0,15.0,323.24,73369.0,44.0,94.33,0.0,0.0,1,211.23,98.0,74.0,374.88,11.0,8.0,1,1,8.0,2.772588722239781,5.7814839823200534,0.2918265066204678,0,0.0,0.7155846087044659,0.9226640282205618,True
2159,대조,0,29.0,9.0,223.96,4007.0,33.0,153.23,0.0,1.0,0,73.35,26.0,18.0,116.13,4.0,29.0,1,1,29.0,2.302585092994046,5.4159226086223,0.6841846758349704,0,1.0,0.5006769579220677,0.002707833342837173,True
2161,대조,0,5.0,3.0,198.62,14540.0,22.0,79.93,0.0,1.0,0,194.69,73.0,57.0,464.51,10.0,5.0,1,1,5.0,1.3862943611198906,5.29641555925844,0.4024267445373074,0,1.0,0.33128249301132917,-0.702390244749916,True
2164,대조,0,,0.0,0.0,0.0,0.0,0.0,0.0,3.0,0,0.0,0.0,0.0,0.0,0.0,90.0,0,0,90.0,0.0,0.0,0.0,0,3.0,0.23640091197908725,-1.1725137542316197,True
2173,처치,1,1.0,27.0,825.0,303.0,133.0,441.53000000000003,0.0,0.0,1,102.87,39.0,35.0,232.84,13.0,1.0,1,1,1.0,3.332204510175204,6.716594773520978,0.5351878787878789,0,0.0,0.7780626375333887,1.254411840897041,True
2176,처치,1,5.0,7.0,95.76,37.0,8.0,20.37,0.0,2.0,0,0.0,0.0,0.0,0.0,0.0,5.0,0,0,5.0,2.0794415416798357,4.572233685741827,0.21271929824561403,0,2.0,0.504317060367924,0.017268670595414214,True
2179,대조,0,9.0,7.0,338.86,93.0,47.0,155.11,0.0,1.0,1,52.55,7.0,7.0,56.709999999999994,2.0,9.0,1,1,9.0,2.0794415416798357,5.8285337681059595,0.45774065985952905,0,1.0,0.6015295010199161,0.4118421146371755,True
2181,대조,0,2.0,25.0,1248.6200000000001,478.0,207.0,631.1,0.0,1.0,1,386.37,136.0,113.0,985.73,11.0,2.0,1,1,2.0,3.258096538021482,7.13059478407898,0.5054380035559257,0,1.0,0.7868273190630939,1.3059062617629897,True
2182,대조,0,4.0,11.0,181.49,82.0,30.0,93.31,0.0,4.0,1,12.370000000000001,7.0,6.0,51.17,5.0,4.0,1,1,4.0,2.4849066497880004,5.206695377000724,0.5141330100832001,0,4.0,0.7294946441630727,0.9920601282869984,True
2187,대조,0,21.0,2.0,160.89,59.0,22.0,137.8,0.0,1.0,0,155.02,73.0,34.0,215.64,2.0,21.0,1,1,21.0,1.0986122886681098,5.086917092253414,0.8564857977500157,0,1.0,0.2606174675278977,-1.0427617317377298,True
2188,처치,1,4.0,15.0,624.5,308.0,100.0,319.99,0.0,4.0,1,181.28,59.0,36.0,359.32,9.0,4.0,1,1,4.0,2.772588722239781,6.438551329906966,0.5123939151321057,0,4.0,0.7717473378461751,1.218204031141873,True
2203,처치,1,2.0,20.0,1192.48,29689.0,87.0,379.82,0.0,4.0,1,21.410000000000004,7.0,7.0,63.79,3.0,2.0,1,1,2.0,3.044522437723423,7.084628688202365,0.3185126794579364,0,4.0,0.8170400832048124,1.496421060162815,True
2204,처치,1,6.0,14.0,256.18,7168.0,56.0,117.55,0.0,1.0,0,55.76,35.0,34.0,127.39,8.0,6.0,1,1,6.0,2.70805020110221,5.549776228842293,0.45885705363416346,0,1.0,0.5820900799348944,0.3313593052110017,True
2205,처치,1,8.0,8.0,111.37,67.0,12.0,36.31,0.0,3.0,0,23.48,14.0,10.0,53.07,4.0,8.0,1,1,8.0,2.1972245773362196,4.721796997919811,0.32603034928616326,0,3.0,0.5441139735761157,0.17691589894116755,True
2211,처치,1,5.0,7.0,237.8,109.0,37.0,80.9,0.0,1.0,0,74.28,37.0,33.0,206.37,7.0,5.0,1,1,5.0,2.0794415416798357,5.475626381518447,0.340201850294365,0,1.0,0.46782215280921396,-0.1288895243783252,True
2213,대조,0,,0.0,0.0,0.0,0.0,0.0,0.0,3.0,0,101.22,39.0,35.0,178.04,5.0,90.0,1,1,90.0,0.0,0.0,0.0,0,3.0,0.23640091197908725,-1.1725137542316197,True
2215,처치,1,2.0,14.0,292.07,135.0,68.0,190.71,0.0,4.0,0,98.45,51.0,41.0,192.19,10.0,2.0,1,1,2.0,2.70805020110221,5.680411488332961,0.6529599068716404,0,4.0,0.6318962685489941,0.5403604712415121,True
2223,대조,0,1.0,8.0,64.35,23.0,9.0,40.239999999999995,0.0,3.0,0,81.79,16.0,12.0,134.15,12.0,1.0,1,1,1.0,2.1972245773362196,4.179757440070231,0.6253302253302253,0,3.0,0.5118038458674711,0.04722415781226091,True
2225,처치,1,11.0,11.0,486.18,177.0,76.0,239.06,0.0,3.0,0,81.32,31.0,29.0,228.77,7.0,11.0,1,1,11.0,2.4849066497880004,6.188633664649956,0.49171088897116294,0,3.0,0.5870124670937118,0.3516286524252333,True
2228,처치,1,86.0,3.0,40.98,15.0,9.0,23.240000000000002,0.0,5.0,0,0.0,0.0,0.0,0.0,0.0,86.0,0,0,86.0,1.3862943611198906,3.7371933143924867,0.5671059053196682,0,5.0,0.47428147109840374,-0.1029649870193691,True
2238,처치,1,3.0,31.0,431.48,236.0,60.0,171.4,0.0,2.0,0,191.52,100.0,58.0,501.2,26.0,3.0,1,1,3.0,3.4657359027997265,6.0695360825281375,0.39723741540743485,0,2.0,0.7393927148300748,1.0428145739690704,True
2239,대조,0,54.0,1.0,5.16,4.0,0.0,0.0,0.0,1.0,0,123.87,49.0,23.0,201.73,3.0,54.0,1,1,54.0,0.6931471805599453,1.8180767775454285,0.0,0,1.0,0.28116434295703496,-0.9386934112707587,True
2241,처치,1,9.0,9.0,115.73,101.0,44.0,81.21,0.0,0.0,0,33.78,27.0,16.0,67.11,7.0,9.0,1,1,9.0,2.302585092994046,4.759863575664572,0.7017195195714161,0,0.0,0.45891346948964035,-0.1647175388889908,True
2245,처치,1,4.0,32.0,625.22,48337.0,105.0,239.48000000000002,0.0,4.0,0,252.89000000000001,116.0,95.0,497.28000000000003,19.0,4.0,1,1,4.0,3.4965075614664802,6.439701747060015,0.3830331723233422,0,4.0,0.7807086623789646,1.2698008942094916,True
2247,대조,0,1.0,8.0,473.61,180.0,47.0,198.19,0.0,1.0,0,210.78,74.0,52.0,456.78000000000003,16.0,1.0,1,1,1.0,2.1972245773362196,6.1624934141547385,0.4184666708895505,0,1.0,0.4803989189711065,-0.07844452536139288,True
2250,처치,1,3.0,9.0,419.48,20363.0,62.0,244.38,0.0,0.0,1,55.370000000000005,22.0,16.0,92.86,3.0,3.0,1,1,3.0,2.302585092994046,6.041396915856191,0.5825784304376848,0,0.0,0.605029828487925,0.4264675132108958,True
2251,대조,0,4.0,3.0,213.73,107.0,36.0,78.13,0.0,1.0,0,176.76,85.0,62.0,341.35,4.0,4.0,1,1,4.0,1.3862943611198906,5.369381424979041,0.36555467178215506,0,1.0,0.333474462979099,-0.6925121643473685,True
2252,대조,0,1.0,79.0,1759.3700000000001,143566.0,257.0,771.77,0.0,0.0,1,526.13,219.0,177.0,1263.19,66.0,1.0,1,1,1.0,4.382026634673881,7.473279293210268,0.43866270312668737,0,0.0,0.8930727848603884,2.1225197128989026,True
2258,대조,0,13.0,4.0,96.81,46.0,19.0,73.91,0.0,1.0,0,123.43,35.0,29.0,268.37,4.0,13.0,1,1,13.0,1.6094379124341003,4.5830268213024015,0.7634541886168784,0,1.0,0.34809377482535725,-0.6274288137999008,True
2262,처치,1,5.0,14.0,123.08,5354.0,27.0,54.52,0.0,6.0,0,71.01,35.0,31.0,185.45000000000002,10.0,5.0,1,1,5.0,2.70805020110221,4.8209265188682835,0.44296392590185246,0,6.0,0.6950024453255796,0.8236116048983192,True
2273,대조,0,3.0,6.0,188.93,65.0,22.0,98.62,0.0,1.0,0,78.24,17.0,10.0,144.32,5.0,3.0,1,1,3.0,1.9459101490553132,5.246655583224145,0.521992272270153,0,1.0,0.4238908741634178,-0.3068210474790942,True
2275,처치,1,2.0,29.0,625.7,326.0,135.0,355.09,0.0,0.0,0,287.82,125.0,100.0,536.86,17.0,2.0,1,1,2.0,3.4011973816621555,6.44046795723063,0.5675083906025251,0,0.0,0.67490604800989,0.7304592694516892,True
2278,처치,1,9.0,11.0,215.14000000000001,82.0,42.0,144.66,0.0,2.0,0,61.72,13.0,12.0,62.31,3.0,9.0,1,1,9.0,2.4849066497880004,5.37592634587502,0.6723993678534906,0,2.0,0.5459636220038622,0.18437502458262867,True
2282,처치,1,4.0,14.0,227.73,100.0,56.0,96.77,0.0,1.0,1,29.96,20.0,20.0,57.94,6.0,4.0,1,1,4.0,2.70805020110221,5.432542268639268,0.424933034734115,0,1.0,0.7127120863551251,0.9085926365701597,True
2286,대조,0,24.0,2.0,18.97,4.0,3.0,17.97,0.0,1.0,0,112.59,33.0,22.0,178.03,3.0,24.0,1,1,24.0,1.0986122886681098,2.994231147427724,0.9472851871375857,0,1.0,0.25728981777026877,-1.0601027592008114,True
2288,처치,1,9.0,5.0,82.49,39.0,11.0,37.36,0.0,3.0,0,30.96,11.0,6.0,71.31,4.0,9.0,1,1,9.0,1.791759469228055,4.424726864205909,0.4529033822281489,0,3.0,0.4532593166578113,-0.18751021468924345,True
2294,처치,1,3.0,13.0,354.61,33472.0,48.0,142.84,0.0,5.0,1,142.64000000000001,75.0,62.0,265.79,8.0,3.0,1,1,3.0,2.6390573296152584,5.873834624729162,0.4028087194382561,0,5.0,0.7768590630920269,1.2474553720319925,True
2298,처치,1,9.0,12.0,314.5,134.0,54.0,209.1,0.0,1.0,1,255.21,83.0,65.0,399.61,8.0,9.0,1,1,9.0,2.5649493574615367,5.754158681981268,0.6648648648648648,0,1.0,0.6733472523594329,0.7233635005092844,True
2302,대조,0,13.0,10.0,268.64,157.0,81.0,166.82,0.0,2.0,1,87.43,47.0,38.0,134.57,9.0,13.0,1,1,13.0,2.3978952727983707,5.597087735985238,0.6209797498511018,0,2.0,0.6720305660356685,0.717383409752225,True
2303,처치,1,19.0,4.0,68.98,17.0,6.0,31.35,0.0,2.0,0,127.7,52.0,37.0,207.47,4.0,19.0,1,1,19.0,1.6094379124341003,4.248209486939542,0.4544795592925486,0,2.0,0.40190108737249836,-0.3975501389729825,True
2310,처치,1,8.0,7.0,70.7,32.0,16.0,43.4,0.0,0.0,0,145.76,48.0,39.0,211.78,15.0,8.0,1,1,8.0,2.0794415416798357,4.272490747605575,0.6138613861386139,0,0.0,0.4225311803869733,-0.312391205119609,True
2316,대조,0,10.0,2.0,53.37,18.0,11.0,40.21,0.0,1.0,0,0.0,0.0,0.0,0.0,0.0,10.0,0,0,10.0,1.0986122886681098,3.995812531157829,0.753419524077197,0,1.0,0.2614576351264212,-1.0384062032222197,True
2319,대조,0,23.0,7.0,200.76,67.0,24.0,76.5,0.0,2.0,0,45.57,12.0,10.0,111.9,7.0,23.0,1,1,23.0,2.0794415416798357,5.30707887221661,0.3810520023909145,0,2.0,0.5032822986724881,0.01312938329106425,True
2327,대조,0,21.0,4.0,237.33,143.0,51.0,113.2,0.0,1.0,0,0.0,0.0,0.0,20.01,1.0,21.0,0,1,21.0,1.6094379124341003,5.473656267914107,0.4769729911936965,0,1.0,0.3775258915336549,-0.5000628814674805,True
2329,처치,1,6.0,6.0,88.22999999999999,29.0,20.0,79.64999999999999,0.0,4.0,0,0.0,0.0,0.0,0.0,0.0,6.0,0,0,6.0,1.9459101490553132,4.49121730591206,0.902754165249915,0,4.0,0.46503577056908635,-0.14008555520019036,True
2336,대조,0,7.0,17.0,339.35,176.0,86.0,236.54,0.0,2.0,0,124.41,57.0,48.0,240.56,9.0,7.0,1,1,7.0,2.8903717578961645,5.829974499893961,0.697038455871519,0,2.0,0.6201715084276059,0.49027625341181136,True
2338,대조,0,4.0,8.0,282.32,11404.0,57.0,131.02,0.0,1.0,0,74.18,41.0,34.0,255.56,6.0,4.0,1,1,4.0,2.1972245773362196,5.646577000885422,0.4640833097194673,0,1.0,0.47907608881274816,-0.08374455320984313,True
2344,처치,1,51.0,5.0,204.34,118.0,34.0,111.66,0.0,2.0,0,123.19,50.0,27.0,245.81,7.0,51.0,1,1,51.0,1.791759469228055,5.324667141870819,0.5464422041695214,0,2.0,0.45407799585861486,-0.18420713565169983,True
2346,대조,0,33.0,3.0,158.86,59.0,22.0,63.74,0.0,1.0,0,85.03,39.0,34.0,230.41,3.0,33.0,1,1,33.0,1.3862943611198906,5.074298432197873,0.401233790759159,0,1.0,0.35208064517327753,-0.6099059812162136,True
2347,처치,1,1.0,19.0,668.37,44235.0,105.0,333.58,0.0,0.0,1,100.9,61.0,38.0,217.15,8.0,1.0,1,1,1.0,2.995732273553991,6.506336971519587,0.499094812753415,0,0.0,0.731127113902012,1.0003486095275809,True
2350,처치,1,,0.0,0.0,0.0,0.0,0.0,0.0,2.0,0,0.0,0.0,0.0,0.0,0.0,90.0,0,0,90.0,0.0,0.0,0.0,0,2.0,0.21924550005555304,-1.2700686529845346,True
2354,처치,1,2.0,12.0,862.65,328.0,180.0,537.19,0.0,3.0,0,136.75,44.0,39.0,362.99,6.0,2.0,1,1,2.0,2.5649493574615367,6.761167594139294,0.6227206862574626,0,3.0,0.5834476512921389,0.3369425918101284,True
2356,대조,0,43.0,7.0,98.38,51.0,23.0,66.64,0.0,2.0,0,14.030000000000001,13.0,10.0,36.26,2.0,43.0,1,1,43.0,2.0794415416798357,4.598950886174174,0.6773734498881887,0,2.0,0.49328764950517096,-0.02685101511006772,True
2358,처치,1,1.0,11.0,502.0,128.0,45.0,280.13,0.0,1.0,0,118.54,28.0,21.0,160.35,5.0,1.0,1,1,1.0,2.4849066497880004,6.220590170099739,0.5580278884462151,0,1.0,0.5249226612976439,0.09977333082423435,True
2359,처치,1,2.0,33.0,386.7,10818.0,58.0,187.73,0.0,3.0,1,75.33,26.0,17.0,226.05,15.0,2.0,1,1,2.0,3.5263605246161616,5.960231844676883,0.48546677010602535,0,3.0,0.8487556966495247,1.7248749582581673,True
2371,처치,1,17.0,9.0,130.46,51.0,21.0,60.620000000000005,0.0,5.0,0,39.48,15.0,13.0,69.81,5.0,17.0,1,1,17.0,2.302585092994046,4.87870262283543,0.46466349839031124,0,5.0,0.6069826122609385,0.43464629077869754,True
2372,대조,0,1.0,12.0,463.61,218.0,94.0,243.31,0.0,2.0,0,289.96000000000004,77.0,70.0,445.75,15.0,1.0,1,1,1.0,2.5649493574615367,6.141198343996193,0.524816116994888,0,2.0,0.5678897558969945,0.2732465577819013,True
2373,처치,1,2.0,38.0,679.45,34496.0,109.0,242.18,0.0,1.0,0,0.0,0.0,0.0,0.0,0.0,2.0,0,0,2.0,3.6635616461296463,6.5227543440063265,0.35643535212304067,0,1.0,0.7526716012357647,1.1129120089225923,True
2375,처치,1,1.0,26.0,593.99,248.0,85.0,337.06,8.0,1.0,0,316.83,86.0,61.0,466.49,17.0,1.0,1,1,1.0,3.295836866004329,6.388544598681706,0.5674506304819946,1,1.0,0.7478977522234969,1.0874315233785314,True
2376,처치,1,2.0,26.0,458.23,39039.0,55.0,158.46,0.0,2.0,1,220.21,78.0,62.0,522.55,21.0,2.0,1,1,2.0,3.295836866004329,6.129551173881832,0.34580887327324705,0,2.0,0.8166765701510655,1.4939911724192094,True
2377,처치,1,1.0,20.0,232.13,20526.0,59.0,106.87,0.0,1.0,0,43.18,24.0,23.0,119.43,9.0,1.0,1,1,1.0,3.044522437723423,5.451596237889261,0.46038857536725114,0,1.0,0.6416294316268852,0.5824433695024954,True
2379,대조,0,37.0,5.0,224.56,15047.0,37.0,109.39,0.0,2.0,0,64.97,21.0,21.0,110.0,4.0,37.0,1,1,37.0,1.791759469228055,5.418586198938981,0.48713038831492694,0,2.0,0.44800798279280046,-0.20872253360120224,True
2384,대조,0,,0.0,0.0,0.0,0.0,0.0,0.0,1.0,0,0.0,0.0,0.0,0.0,0.0,90.0,0,0,90.0,0.0,0.0,0.0,0,1.0,0.20300406875223337,-1.367623551737449,False
2385,대조,0,1.0,11.0,458.27,9712.0,92.0,284.0,0.0,3.0,0,37.6,16.0,15.0,185.63,11.0,1.0,1,1,1.0,2.4849066497880004,6.129638272412099,0.6197219979488074,0,3.0,0.5677815436089074,0.2728055919003448,True
2388,대조,0,10.0,11.0,201.56,81.0,49.0,157.60999999999999,0.0,1.0,0,157.14,92.0,80.0,255.11,8.0,10.0,1,1,10.0,2.4849066497880004,5.311036138955811,0.7819507838856915,0,1.0,0.5126519089487201,0.05061844101922682,True
2390,대조,0,1.0,10.0,296.23,15166.0,32.0,94.94,0.0,2.0,1,6.7,3.0,3.0,16.68,3.0,1.0,1,1,1.0,2.3978952727983707,5.694506249875805,0.3204942105796172,0,2.0,0.6871152883237354,0.7866673029109267,True
2391,처치,1,11.0,7.0,69.17,55.0,25.0,47.4,0.0,1.0,0,10.77,6.0,6.0,35.61,2.0,11.0,1,1,11.0,2.0794415416798357,4.250920869264197,0.6852681798467544,0,1.0,0.4425496848145725,-0.2308206384075014,True
2393,처치,1,4.0,9.0,538.95,230.0,79.0,316.5,0.0,1.0,1,175.69,70.0,46.0,350.1,5.0,4.0,1,1,4.0,2.302585092994046,6.291476542678769,0.5872529919287502,0,1.0,0.6282958941137817,0.5249131009949468,True
2394,대조,0,8.0,7.0,73.34,18.0,7.0,27.59,0.0,1.0,0,39.94,14.0,14.0,104.06,6.0,8.0,1,1,8.0,2.0794415416798357,4.308649164869106,0.37619307335696756,0,1.0,0.46781290870081765,-0.12892665463682879,True
2398,처치,1,5.0,16.0,531.35,231.0,94.0,296.87,0.0,0.0,0,48.42,26.0,20.0,64.59,4.0,5.0,1,1,5.0,2.833213344056216,6.277301167760616,0.5587089489037358,0,0.0,0.5724846250606307,0.29199562677792756,True
2405,처치,1,5.0,34.0,940.8,111150.0,115.0,319.01,0.0,2.0,1,133.76,49.0,42.0,308.11,13.0,5.0,1,1,5.0,3.5553480614894135,6.847792937809454,0.3390837585034014,0,2.0,0.8469307039483809,1.7107281435576467,True
2406,처치,1,5.0,24.0,728.8100000000001,30622.0,102.0,334.05,0.0,5.0,1,246.78,110.0,67.0,599.35,13.0,5.0,1,1,5.0,3.2188758248682006,6.592784226292685,0.4583499128716675,0,5.0,0.8446484420080624,1.693229831121866,True
2407,처치,1,1.0,31.0,1180.13,118297.0,180.0,506.68,4.0,4.0,1,309.21,166.0,110.0,838.61,23.0,1.0,1,1,1.0,3.4657359027997265,7.074226886346026,0.4293425300602476,1,4.0,0.8942154297745265,2.134542049336417,True
2410,대조,0,1.0,8.0,530.97,12943.0,104.0,306.9,0.0,4.0,0,64.13,32.0,29.0,142.82,5.0,1.0,1,1,1.0,2.1972245773362196,6.27658709677417,0.5779987569919204,0,4.0,0.538964861039082,0.15617611247209792,True
2411,대조,0,3.0,15.0,359.43,129.0,56.0,180.32,0.0,2.0,1,0.0,0.0,0.0,0.0,0.0,3.0,0,0,3.0,2.772588722239781,5.887297763113363,0.5016832206549259,0,2.0,0.7359864258022496,1.0252111561151256,True
2415,대조,0,37.0,1.0,3.31,5.0,1.0,0.79,0.0,1.0,0,11.22,7.0,7.0,56.25,3.0,37.0,1,1,37.0,0.6931471805599453,1.4609379041156565,0.23867069486404835,0,1.0,0.2535800407303549,-1.0796088741694547,True
2416,처치,1,3.0,18.0,785.22,46822.0,81.0,285.99,0.0,2.0,0,139.02,59.0,40.0,340.7,9.0,3.0,1,1,3.0,2.9444389791664403,6.6672366514838375,0.36421639795216626,0,2.0,0.6543879427127451,0.6383834358635503,True
2419,대조,0,11.0,8.0,98.52000000000001,7581.0,6.0,23.47,0.0,2.0,0,11.18,5.0,4.0,18.91,2.0,11.0,1,1,11.0,2.1972245773362196,4.600358628990869,0.23822574096630122,0,2.0,0.530279351491179,0.12126579285001018,True
2420,처치,1,1.0,16.0,790.48,21086.0,121.0,442.71,1.0,4.0,1,331.8,125.0,82.0,568.68,10.0,1.0,1,1,1.0,2.833213344056216,6.6739046105242394,0.5600521202307458,1,4.0,0.829924955059897,1.585095500644361,True
2423,처치,1,26.0,3.0,214.19,114.0,65.0,131.12,0.0,1.0,0,138.16,72.0,63.0,275.84,3.0,26.0,1,1,26.0,1.3862943611198906,5.3715213588064525,0.612166767822961,0,1.0,0.32961803187217087,-0.7099131467332094,True
2426,처치,1,1.0,21.0,307.22,23769.0,42.0,176.04000000000002,0.0,2.0,1,129.35,51.0,35.0,265.06,14.0,1.0,1,1,1.0,3.091042453358316,5.730813813707232,0.5730095696894734,0,2.0,0.7767209830523587,1.2466590042668424,True
2429,대조,0,19.0,10.0,134.59,68.0,16.0,99.28,0.0,1.0,0,99.28,54.0,20.0,151.93,5.0,19.0,1,1,19.0,2.3978952727983707,4.909635626474218,0.7376476707036184,0,1.0,0.5069781967860895,0.02791459964898818,True
2430,대조,0,6.0,3.0,42.11,13.0,6.0,24.14,0.0,4.0,0,116.6,51.0,34.0,168.2,6.0,6.0,1,1,6.0,1.3862943611198906,3.763754988759043,0.5732605081928284,0,4.0,0.38601545097814893,-0.46409236626647166,True
2437,처치,1,6.0,12.0,888.77,326.0,117.0,405.61,0.0,2.0,1,188.42000000000002,74.0,55.0,394.54,5.0,6.0,1,1,6.0,2.5649493574615367,6.790963002361891,0.45637228979375993,0,2.0,0.7075960028819966,0.8837369156149435,True
2438,처치,1,1.0,31.0,431.27,11965.0,56.0,214.91,0.0,2.0,0,202.99,72.0,51.0,401.03000000000003,28.0,1.0,1,1,1.0,3.4657359027997265,6.069050393012953,0.49831891854290816,0,2.0,0.7310004272994117,0.9997042531635986,True
2439,대조,0,1.0,7.0,29.17,21.0,10.0,14.09,0.0,1.0,0,4.76,3.0,3.0,4.76,3.0,1.0,1,1,1.0,2.0794415416798357,3.40684805317097,0.4830305107987658,0,1.0,0.45314145108730974,-0.18798584387342945,True
2440,대조,0,1.0,15.0,404.98,168.0,95.0,326.59000000000003,0.0,1.0,0,341.97,85.0,64.0,588.5,28.0,1.0,1,1,1.0,2.772588722239781,6.006303897304622,0.8064348856733666,0,1.0,0.5595525030158612,0.23934611384053883,True
2441,처치,1,16.0,14.0,193.42000000000002,117.0,65.0,104.75,2.0,2.0,0,69.45,37.0,36.0,147.76,9.0,16.0,1,1,16.0,2.70805020110221,5.270020767392923,0.5415675731568607,1,2.0,0.6854111314101348,0.7787522428009748,True
2443,처치,1,,0.0,0.0,0.0,0.0,0.0,0.0,5.0,0,0.0,0.0,0.0,0.0,0.0,90.0,0,0,90.0,0.0,0.0,0.0,0,5.0,0.2734071989794886,-0.9774039567257905,True
2446,처치,1,5.0,29.0,1000.6800000000001,109802.0,71.0,266.82,0.0,3.0,1,115.2,69.0,52.0,459.75,16.0,5.0,1,1,5.0,3.4011973816621555,6.909433869360693,0.26663868569372823,0,3.0,0.8470551018187289,1.7116880338925597,True
2447,처치,1,2.0,14.0,620.89,181.0,60.0,340.19,0.0,2.0,1,245.09,58.0,54.0,505.74,13.0,2.0,1,1,2.0,2.70805020110221,6.432763228224975,0.5479070366731628,0,2.0,0.7215934282535489,0.9523793279267465,True
2453,처치,1,7.0,14.0,329.55,141.0,44.0,133.98000000000002,0.0,4.0,1,401.95,150.0,122.0,670.45,15.0,7.0,1,1,7.0,2.70805020110221,5.800757933779587,0.40655439235320895,0,4.0,0.7714822052147573,1.216699522534781,True
2456,처치,1,9.0,13.0,184.67,107.0,56.0,103.53,0.0,0.0,0,15.82,7.0,7.0,24.26,3.0,9.0,1,1,9.0,2.6390573296152584,5.22397090441938,0.5606216494287107,0,0.0,0.5381195063377427,0.15277448033998206,True
2457,대조,0,5.0,17.0,418.46,201.0,77.0,208.25,0.0,1.0,0,63.769999999999996,32.0,31.0,144.07,7.0,5.0,1,1,5.0,2.8903717578961645,6.038968169751949,0.49765807962529274,0,1.0,0.6124852507642852,0.4577709511312828,True
2468,대조,0,13.0,10.0,176.1,97.0,30.0,68.64,0.0,2.0,0,11.82,11.0,11.0,34.44,4.0,13.0,1,1,13.0,2.3978952727983707,5.176714544788788,0.389778534923339,0,2.0,0.5575025756410713,0.2310324795343303,True
2470,처치,1,13.0,10.0,143.01,20101.0,27.0,58.15,0.0,1.0,0,43.68,21.0,18.0,94.91,7.0,13.0,1,1,13.0,2.3978952727983707,4.969882741609291,0.40661492203342425,0,1.0,0.5319439583140201,0.1279501063370487,True
2472,처치,1,58.0,3.0,146.4,68.0,21.0,71.53,0.0,0.0,0,62.54,25.0,11.0,103.61,2.0,58.0,1,1,58.0,1.3862943611198906,4.993149979755236,0.4885928961748634,0,0.0,0.3413676848448732,-0.6572052841135946,True
2474,대조,0,34.0,3.0,30.68,19.0,11.0,22.490000000000002,0.0,2.0,0,29.15,22.0,18.0,45.64,5.0,34.0,1,1,34.0,1.3862943611198906,3.455685566946225,0.7330508474576272,0,2.0,0.34870410821534986,-0.6247403226863156,True
2475,처치,1,1.0,25.0,947.78,374.0,125.0,420.96,1.0,2.0,0,271.22,99.0,86.0,599.17,12.0,1.0,1,1,1.0,3.258096538021482,6.8551769487632805,0.4441537065563738,1,2.0,0.7682228895713638,1.1983037328802917,True
2477,대조,0,86.0,1.0,131.33,56.0,22.0,95.35000000000001,0.0,1.0,0,205.34,96.0,78.0,411.66,6.0,86.0,1,1,86.0,0.6931471805599453,4.885298802784958,0.72603365567654,0,1.0,0.24874653446575934,-1.1053086547170137,True
2481,처치,1,8.0,19.0,722.21,71893.0,89.0,261.64,0.0,3.0,0,303.06,127.0,87.0,706.61,20.0,8.0,1,1,8.0,2.995732273553991,6.583699636415997,0.3622769000706165,0,3.0,0.6886911405895327,0.794007362065963,True
2482,대조,0,3.0,8.0,280.97,160.0,62.0,144.26,0.0,3.0,0,91.39,48.0,39.0,181.67,4.0,3.0,1,1,3.0,2.1972245773362196,5.64180068230032,0.5134355981065594,0,3.0,0.5225478372788118,0.09025256212939342,True
2483,처치,1,1.0,21.0,391.0,198.0,65.0,178.47,0.0,0.0,1,137.48,63.0,50.0,266.46,15.0,1.0,1,1,1.0,3.091042453358316,5.971261839790462,0.45644501278772376,0,0.0,0.7489602986793604,1.093074877127812,True
2492,대조,0,4.0,24.0,531.13,27004.0,64.0,159.83,0.0,1.0,0,53.47,24.0,22.0,229.62,16.0,4.0,1,1,4.0,3.2188758248682006,6.276887820392638,0.30092444410972835,0,1.0,0.6870598654081942,0.7864095197959784,True
2493,처치,1,44.0,3.0,28.12,14.0,6.0,22.6,0.0,1.0,0,0.0,0.0,0.0,0.0,0.0,44.0,0,0,44.0,1.3862943611198906,3.3714252233284854,0.8036984352773827,0,1.0,0.32850112098339135,-0.7149720962405018,True
2497,처치,1,4.0,24.0,545.95,286.0,100.0,310.94,0.0,2.0,1,355.93,121.0,92.0,714.48,22.0,4.0,1,1,4.0,3.2188758248682006,6.3043573905658,0.5695393351039472,0,2.0,0.7954100246579245,1.3578498800413783,True
2499,처치,1,16.0,17.0,895.61,23775.0,141.0,442.68,0.0,1.0,1,143.69,37.0,36.0,336.53,10.0,16.0,1,1,16.0,2.8903717578961645,6.798620984904737,0.4942776431705765,0,1.0,0.7434562971101908,1.0640109524924526,True
