household_key,group,treatment,recency_days,pre_baskets,pre_sales,pre_quantity,pre_target_purchase_count,pre_target_sales,pre_coupon_redemptions,pre_campaign_count_raw,has_demographic,target_sales,target_quantity,target_purchase_count,total_sales,baskets,recency_days_filled,target_purchase,any_purchase,pre_recency_capped,log_pre_baskets,log_pre_sales,pre_target_share,pre_coupon_user,pre_campaign_count_c,p_score,logit_p,in_support
1,처치,1,5.0,12.0,603.59,295.0,10.0,48.03,0.0,0.0,1,28.8,9.0,6.0,301.36,6.0,5.0,1,1,5.0,2.5649493574615367,6.404550542347508,0.07957388293377955,0,0.0,0.25665142044694716,-1.063446262625934,True
2,대조,0,18.0,8.0,317.95,130.0,2.0,4.32,0.0,0.0,0,0.0,0.0,0.0,80.79,2.0,18.0,0,1,18.0,2.1972245773362196,5.765034350687964,0.013587041987733922,0,0.0,0.06455699725024273,-2.673471704927134,True
3,대조,0,15.0,13.0,966.58,566.0,0.0,0.0,0.0,0.0,0,0.0,0.0,0.0,321.65,3.0,15.0,0,1,15.0,2.6390573296152584,6.874798108824029,0.0,0,0.0,0.066099821565106,-2.6482035097947927,True
4,대조,0,17.0,7.0,406.27,126.0,2.0,6.98,0.0,0.0,0,3.49,1.0,1.0,170.06,5.0,17.0,1,1,17.0,2.0794415416798357,6.009476356159667,0.01718069264282374,0,0.0,0.07584295547074699,-2.5002171918094267,True
6,대조,0,2.0,38.0,1003.91,372.0,2.0,3.96,0.0,0.0,0,2.79,1.0,1.0,562.53,19.0,2.0,1,1,2.0,3.6635616461296463,6.912653264244329,0.003944576705083125,0,0.0,0.06450782489496197,-2.6742862486360135,True
7,대조,0,8.0,7.0,316.27,111.0,3.0,7.470000000000001,0.0,0.0,1,0.0,0.0,0.0,204.78,4.0,8.0,0,1,8.0,2.0794415416798357,5.759753146372618,0.023619059664210962,0,0.0,0.08397565580412181,-2.389515995969983,True
8,처치,1,5.0,17.0,693.01,318.0,1.0,3.89,0.0,0.0,1,7.78,2.0,2.0,412.8,8.0,5.0,1,1,5.0,2.8903717578961645,6.5424863696248945,0.005613194614796323,0,0.0,0.06820146767279636,-2.614650539540393,True
13,대조,0,6.0,42.0,1912.72,285482.0,4.0,22.23,0.0,0.0,1,3.89,1.0,1.0,975.72,24.0,6.0,1,1,6.0,3.7612001156935624,7.556804270820284,0.011622192479819314,0,0.0,0.09344296373766575,-2.272302710764082,True
16,대조,0,1.0,23.0,391.56,31580.0,1.0,1.98,0.0,0.0,1,0.0,0.0,0.0,246.14000000000001,16.0,1.0,0,1,1.0,3.1780538303479458,5.972689391781648,0.005056696291756053,0,0.0,0.054784255652675556,-2.848010355268002,True
18,대조,0,4.0,20.0,1114.07,34918.0,0.0,0.0,0.0,0.0,1,0.0,0.0,0.0,362.14,11.0,4.0,0,1,4.0,3.044522437723423,7.016672462192679,0.0,0,0.0,0.06942796118777361,-2.5955098072205796,True
19,대조,0,4.0,35.0,1109.89,63216.0,6.0,11.95,0.0,0.0,1,2.34,1.0,1.0,620.53,22.0,4.0,1,1,4.0,3.58351893845611,7.012916774836836,0.01076683274919136,0,0.0,0.07993219051740959,-2.443268716576481,True
20,대조,0,2.0,48.0,969.38,66903.0,18.0,60.160000000000004,0.0,0.0,1,53.300000000000004,16.0,16.0,813.08,41.0,2.0,1,1,2.0,3.8918202981106265,6.877687747359742,0.062060285955971864,0,0.0,0.19001851633223033,-1.449889865943502,True
23,대조,0,1.0,21.0,606.0,74422.0,3.0,10.91,0.0,0.0,0,13.56,4.0,2.0,434.46,16.0,1.0,1,1,1.0,3.091042453358316,6.408528791059498,0.018003300330033004,0,0.0,0.07819744410178024,-2.467094090111235,True
26,대조,0,12.0,6.0,187.5,77.0,0.0,0.0,0.0,0.0,0,0.0,0.0,0.0,198.72,7.0,12.0,0,1,12.0,1.9459101490553132,5.2390980068880655,0.0,0,0.0,0.043487563302298096,-3.090818794972895,True
28,대조,0,2.0,23.0,362.93,109.0,2.0,6.0,0.0,0.0,0,0.0,0.0,0.0,107.62,5.0,2.0,0,1,2.0,3.1780538303479458,5.8969615414509375,0.01653211363072769,0,0.0,0.06417636315257473,-2.679792068843102,True
31,대조,0,9.0,4.0,288.2,34846.0,1.0,6.79,0.0,0.0,1,0.0,0.0,0.0,73.25,2.0,9.0,0,1,9.0,1.6094379124341003,5.66711849028461,0.02356002775850104,0,0.0,0.08632884940513645,-2.359306880951573,True
36,대조,0,19.0,11.0,400.66,222.0,1.0,2.39,0.0,0.0,0,0.0,0.0,0.0,88.83,12.0,19.0,0,1,19.0,2.4849066497880004,5.9956059596085325,0.0059651574901412666,0,0.0,0.05746325509114929,-2.7974292035669497,True
37,대조,0,4.0,10.0,407.51,19773.0,2.0,14.870000000000001,0.0,0.0,0,0.0,0.0,0.0,380.33,6.0,4.0,0,1,4.0,2.3978952727983707,6.012516393804594,0.036489902088292316,0,0.0,0.10715761320012698,-2.1201092955611642,True
38,처치,1,2.0,4.0,46.86,11.0,0.0,0.0,0.0,0.0,0,0.0,0.0,0.0,9.77,1.0,2.0,0,1,2.0,1.6094379124341003,3.868280082480227,0.0,0,0.0,0.029738198280757678,-3.485133576919295,True
40,대조,0,2.0,59.0,1657.06,155773.0,3.0,10.77,0.0,0.0,1,3.8899999999999997,2.0,2.0,1009.91,36.0,2.0,1,1,2.0,4.0943445622221,7.413403523218992,0.006499462904179691,0,0.0,0.07820796823202739,-2.466948098129372,True
41,대조,0,2.0,7.0,159.27,71.0,0.0,0.0,0.0,0.0,0,6.98,2.0,2.0,253.63,8.0,2.0,1,1,2.0,2.0794415416798357,5.0768598930054845,0.0,0,0.0,0.04110722714433892,-3.149595308248248,True
42,대조,0,6.0,13.0,354.62,226.0,0.0,0.0,0.0,0.0,1,0.0,0.0,0.0,173.84,9.0,6.0,0,1,6.0,2.6390573296152584,5.873862745027802,0.0,0,0.0,0.051145365825925014,-2.920583720373658,True
43,대조,0,4.0,18.0,148.82,1224.0,0.0,0.0,0.0,0.0,1,0.0,0.0,0.0,311.5,22.0,4.0,0,1,4.0,2.9444389791664403,5.009434573519737,0.0,0,0.0,0.03752793388789607,-3.2444194841690455,True
45,대조,0,11.0,19.0,231.09,98.0,0.0,0.0,0.0,0.0,0,0.0,0.0,0.0,86.38000000000001,8.0,11.0,0,1,11.0,2.995732273553991,5.447125227475003,0.0,0,0.0,0.0406105869115896,-3.162268260092789,True
46,대조,0,4.0,16.0,987.36,369.0,4.0,13.05,0.0,0.0,1,15.18,4.0,3.0,893.69,10.0,4.0,1,1,4.0,2.833213344056216,6.896047003849977,0.013217063684978124,0,0.0,0.08872110971567843,-2.3293511358054273,True
47,대조,0,2.0,12.0,314.7,108.0,0.0,0.0,0.0,0.0,0,0.0,0.0,0.0,130.72,11.0,2.0,0,1,2.0,2.5649493574615367,5.754792395563946,0.0,0,0.0,0.04782236593893182,-2.991258171050391,True
48,대조,0,30.0,2.0,18.5,7.0,0.0,0.0,0.0,0.0,1,0.0,0.0,0.0,13.12,1.0,30.0,0,1,30.0,1.0986122886681098,2.970414465569701,0.0,0,0.0,0.024083191108940763,-3.701863213192399,True
49,대조,0,4.0,10.0,479.46000000000004,81443.0,0.0,0.0,0.0,0.0,1,0.0,0.0,0.0,816.25,14.0,4.0,0,1,4.0,2.3978952727983707,6.174743978327049,0.0,0,0.0,0.05807071966617238,-2.7862686254151217,True
55,대조,0,4.0,21.0,317.74,74.0,0.0,0.0,0.0,0.0,1,0.0,0.0,0.0,73.72,11.0,4.0,0,1,4.0,3.091042453358316,5.764375723431487,0.0,0,0.0,0.04675140106318923,-3.015031504409708,True
56,대조,0,4.0,33.0,1131.17,514.0,7.0,23.01,0.0,0.0,1,27.24,7.0,7.0,594.19,17.0,4.0,1,1,4.0,3.5263605246161616,7.031891424166185,0.020341770025725577,0,0.0,0.09724025120924132,-2.228271726253392,True
57,대조,0,4.0,32.0,449.02,22896.0,0.0,0.0,0.0,0.0,1,0.0,0.0,0.0,637.3,23.0,4.0,0,1,4.0,3.4965075614664802,6.109292026221185,0.0,0,0.0,0.049462600103833826,-2.955810678214502,True
58,대조,0,1.0,40.0,1547.69,227657.0,8.0,24.02,0.0,0.0,1,27.040000000000003,6.0,6.0,678.53,25.0,1.0,1,1,1.0,3.713572066704308,7.345164691272807,0.015519903856715492,0,0.0,0.09556355632449316,-2.247520498178705,True
64,대조,0,1.0,39.0,438.53000000000003,247.0,0.0,0.0,0.0,0.0,0,0.0,0.0,0.0,224.15,22.0,1.0,0,1,1.0,3.6888794541139363,6.085705974181331,0.0,0,0.0,0.04599505996440789,-3.032134851025189,True
65,대조,0,10.0,14.0,263.9,74.0,1.0,2.99,0.0,0.0,0,14.58,11.0,8.0,210.66,9.0,10.0,1,1,10.0,2.70805020110221,5.579352396278024,0.011330049261083745,0,0.0,0.055162495645923626,-2.840729663979805,True
67,대조,0,1.0,26.0,1316.68,532.0,5.0,15.8,0.0,0.0,1,0.0,0.0,0.0,446.79,12.0,1.0,0,1,1.0,3.295836866004329,7.18362789347442,0.011999878482243218,0,0.0,0.08960386503522805,-2.3184813623333014,True
69,대조,0,2.0,18.0,1216.08,579.0,2.0,3.96,0.0,0.0,0,3.39,1.0,1.0,711.92,12.0,2.0,1,1,2.0,2.9444389791664403,7.104209826242005,0.0032563647128478392,0,0.0,0.07387169498821915,-2.5286830465425516,True
71,대조,0,2.0,13.0,462.25,125.0,0.0,0.0,0.0,0.0,1,0.0,0.0,0.0,76.0,2.0,2.0,0,1,2.0,2.6390573296152584,6.138266865165469,0.0,0,0.0,0.05581744811940992,-2.8282330178573556,True
72,대조,0,8.0,15.0,810.47,20173.0,29.0,31.98,0.0,0.0,0,6.0,11.0,9.0,530.28,9.0,8.0,1,1,8.0,2.772588722239781,6.698847417694582,0.03945858575888065,0,0.0,0.13160471648300875,-1.886844148970538,True
73,대조,0,7.0,23.0,359.34,45398.0,8.0,17.87,0.0,0.0,0,4.59,1.0,1.0,326.56,18.0,7.0,1,1,7.0,3.1780538303479458,5.887048030187554,0.04973006066677799,0,0.0,0.12000302891437922,-1.9924014821015117,True
74,대조,0,5.0,22.0,362.8,249.0,0.0,0.0,0.0,0.0,1,0.0,0.0,0.0,166.71,9.0,5.0,0,1,5.0,3.1354942159291497,5.896604266084022,0.0,0,0.0,0.04839946538177605,-2.978656572407957,True
77,대조,0,13.0,8.0,322.08,118.0,0.0,0.0,0.0,0.0,1,0.0,0.0,0.0,59.300000000000004,1.0,13.0,0,1,13.0,2.1972245773362196,5.777899970574095,0.0,0,0.0,0.052070908908330854,-2.901673278499946,True
78,대조,0,6.0,25.0,250.20000000000002,131.0,7.0,32.45,0.0,0.0,1,16.84,6.0,4.0,227.35,21.0,6.0,1,1,6.0,3.258096538021482,5.526249434594043,0.1296962430055955,0,0.0,0.40238986454535636,-0.39551716298347306,False
79,대조,0,4.0,26.0,639.43,10552.0,0.0,0.0,0.0,0.0,0,0.0,0.0,0.0,227.35,13.0,4.0,0,1,4.0,3.295836866004329,6.462139825746757,0.0,0,0.0,0.054227876076116066,-2.8588065612567495,True
80,대조,0,2.0,8.0,174.43,17601.0,0.0,0.0,0.0,0.0,1,0.0,0.0,0.0,118.81,5.0,2.0,0,1,2.0,2.1972245773362196,5.1672401029410935,0.0,0,0.0,0.04355609408094251,-3.089172515534795,True
81,대조,0,8.0,29.0,1441.53,736.0,0.0,0.0,0.0,0.0,0,0.0,0.0,0.0,459.89,12.0,8.0,0,1,8.0,3.4011973816621555,7.2741537953930315,0.0,0,0.0,0.0684894260551573,-2.61012817230695,True
83,처치,1,5.0,10.0,129.03,20814.0,0.0,0.0,0.0,0.0,0,0.0,0.0,0.0,117.04,11.0,5.0,0,1,5.0,2.3978952727983707,4.867765193063229,0.0,0,0.0,0.03678084931860698,-3.2653036459393916,True
86,대조,0,5.0,10.0,687.78,15205.0,2.0,8.98,0.0,0.0,1,0.0,0.0,0.0,576.64,4.0,5.0,0,1,5.0,2.3978952727983707,6.534921916687322,0.01305650062519992,0,0.0,0.08358951081156997,-2.3945463531369504,True
88,대조,0,1.0,30.0,1798.26,15376.0,0.0,0.0,0.0,0.0,0,0.0,0.0,0.0,840.9,16.0,1.0,0,1,1.0,3.4339872044851463,7.495130748243804,0.0,0,0.0,0.07359728711543073,-2.5327008700196303,True
91,대조,0,35.0,2.0,38.11,15.0,0.0,0.0,0.0,0.0,0,0.0,0.0,0.0,0.0,0.0,35.0,0,0,35.0,1.0986122886681098,3.666378188767423,0.0,0,0.0,0.028608493156216747,-3.525025949416385,True
92,대조,0,8.0,10.0,229.74,124.0,3.0,6.89,0.0,0.0,0,0.0,0.0,0.0,60.56,5.0,8.0,0,1,8.0,2.3978952727983707,5.441291535499143,0.02999042395751719,0,0.0,0.07942570747472878,-2.450175618725322,True
95,대조,0,1.0,37.0,801.46,41898.0,6.0,12.52,0.0,0.0,0,5.5,2.0,2.0,607.91,29.0,1.0,1,1,1.0,3.6375861597263857,6.687682009525146,0.015621490779327726,0,0.0,0.07595762206549798,-2.4985823537896215,True
97,대조,0,1.0,19.0,693.17,308.0,9.0,9.959999999999999,0.0,0.0,1,5.0,6.0,6.0,388.87,10.0,1.0,1,1,1.0,2.995732273553991,6.542716887282127,0.014368769565907352,0,0.0,0.0801854104665509,-2.4398305326748604,True
98,대조,0,11.0,18.0,152.7,105.0,0.0,0.0,0.0,0.0,1,0.0,0.0,0.0,161.24,14.0,11.0,0,1,11.0,2.9444389791664403,5.03500265054455,0.0,0,0.0,0.037510485299678084,-3.2449026704000024,True
99,대조,0,4.0,34.0,944.72,40018.0,2.0,5.58,0.0,0.0,0,5.29,4.0,2.0,484.07,19.0,4.0,1,1,4.0,3.5553480614894135,6.851946542153558,0.005906511982386315,0,0.0,0.06653953109297375,-2.641102391333818,True
101,대조,0,2.0,35.0,929.16,54679.0,0.0,0.0,0.0,0.0,1,0.0,0.0,0.0,780.03,23.0,2.0,0,1,2.0,3.58351893845611,6.835356614360353,0.0,0,0.0,0.061492345180495504,-2.7253783139781187,True
103,대조,0,8.0,19.0,174.64000000000001,100.0,0.0,0.0,0.0,0.0,0,0.0,0.0,0.0,91.21000000000001,4.0,8.0,0,1,8.0,2.995732273553991,5.168436445693517,0.0,0,0.0,0.03731207632117822,-3.2504122562725764,True
104,대조,0,2.0,15.0,542.46,310.0,7.0,4.64,0.0,0.0,1,29.1,40.0,29.0,912.35,17.0,2.0,1,1,2.0,2.772588722239781,6.29795610679675,0.008553626073811892,0,0.0,0.06824771714240097,-2.613923003388933,True
108,대조,0,2.0,16.0,644.74,28299.0,3.0,10.280000000000001,0.0,0.0,0,7.5,3.0,3.0,639.79,9.0,2.0,1,1,2.0,2.833213344056216,6.470396945986898,0.01594441170084065,0,0.0,0.07896735912476271,-2.4564608848664915,True
109,대조,0,17.0,9.0,320.86,169.0,9.0,6.18,0.0,0.0,1,5.5,7.0,7.0,247.12,11.0,17.0,1,1,17.0,2.302585092994046,5.774116668390349,0.01926073676993081,0,0.0,0.07461948494306213,-2.5178033551818793,True
110,대조,0,4.0,26.0,619.49,43314.0,0.0,0.0,0.0,0.0,1,0.0,0.0,0.0,246.65,13.0,4.0,0,1,4.0,3.295836866004329,6.430509488479342,0.0,0,0.0,0.056105206280255816,-2.822786100811718,True
111,대조,0,29.0,9.0,282.33,12009.0,0.0,0.0,0.0,0.0,0,2.29,1.0,1.0,78.98,2.0,29.0,1,1,29.0,2.302585092994046,5.646612296041165,0.0,0,0.0,0.04626346886479785,-3.0260348202304668,True
112,대조,0,18.0,7.0,109.02,49.0,0.0,0.0,0.0,0.0,0,0.0,0.0,0.0,70.95,7.0,18.0,0,1,18.0,2.0794415416798357,4.700662167447312,0.0,0,0.0,0.035773102619331344,-3.2941303501026846,True
113,대조,0,2.0,36.0,2380.16,200666.0,24.0,43.98,0.0,0.0,1,18.54,12.0,8.0,1082.82,16.0,2.0,1,1,2.0,3.6109179126442243,7.775343042885161,0.018477749394998657,0,0.0,0.11599570887544422,-2.0309087188701,True
114,대조,0,2.0,9.0,426.87,191.0,1.0,3.89,0.0,1.0,1,0.0,0.0,0.0,174.2,5.0,2.0,0,1,2.0,2.302585092994046,6.058819411126215,0.009112844659966734,0,1.0,0.026239856541973375,-3.6138855171218602,True
115,대조,0,4.0,25.0,1634.52,146078.0,6.0,5.890000000000001,0.0,0.0,0,12.67,5.0,5.0,980.49,11.0,4.0,1,1,4.0,3.258096538021482,7.3997160755799145,0.003603504392726917,0,0.0,0.0780843205853825,-2.4686644894373018,True
116,처치,1,7.0,13.0,72.96,35.0,0.0,0.0,0.0,0.0,0,0.0,0.0,0.0,48.75,7.0,7.0,0,1,7.0,2.6390573296152584,4.303524406518924,0.0,0,0.0,0.0296980123618271,-3.486527230782176,True
117,대조,0,6.0,16.0,441.48,255.0,3.0,9.780000000000001,0.0,1.0,1,4.0,2.0,2.0,169.89,7.0,6.0,1,1,6.0,2.833213344056216,6.092395265686423,0.02215275890187551,0,1.0,0.032121861186733325,-3.405569357503822,True
118,대조,0,11.0,17.0,703.89,39407.0,0.0,0.0,0.0,0.0,1,0.0,0.0,0.0,394.51,6.0,11.0,0,1,11.0,2.8903717578961645,6.558041762269782,0.0,0,0.0,0.06093827046822467,-2.7350198244387003,True
119,대조,0,8.0,3.0,181.0,57.0,0.0,0.0,0.0,0.0,1,0.0,0.0,0.0,226.22,9.0,8.0,0,1,8.0,1.3862943611198906,5.204006687076795,0.0,0,0.0,0.04854583350291854,-2.975483143469685,True
121,대조,0,1.0,16.0,323.61,153.0,0.0,0.0,0.0,0.0,1,7.68,2.0,2.0,269.34,10.0,1.0,1,1,1.0,2.833213344056216,5.782624461753219,0.0,0,0.0,0.0487780901905742,-2.9704661384365916,True
123,대조,0,1.0,21.0,366.35,9248.0,0.0,0.0,0.0,0.0,1,3.34,1.0,1.0,322.46,18.0,1.0,1,1,1.0,3.091042453358316,5.9063150720662865,0.0,0,0.0,0.049061793976528364,-2.9643684773891694,True
127,대조,0,6.0,23.0,327.79,20655.0,1.0,3.39,0.0,0.0,1,0.0,0.0,0.0,523.1,21.0,6.0,0,1,6.0,3.1780538303479458,5.795419249094217,0.010341987247933128,0,0.0,0.05722106422607969,-2.801909742315513,True
133,대조,0,9.0,10.0,546.67,224.0,12.0,14.14,0.0,0.0,1,0.0,0.0,0.0,189.33,7.0,9.0,0,1,9.0,2.3978952727983707,6.305672915777904,0.02586569594087841,0,0.0,0.09918168384205607,-2.2063502318372916,True
136,대조,0,19.0,6.0,318.58,144.0,0.0,0.0,0.0,0.0,1,0.0,0.0,0.0,272.72,8.0,19.0,0,1,19.0,1.9459101490553132,5.767007633711242,0.0,0,0.0,0.053197902310369576,-2.8790711278806573,True
137,대조,0,4.0,11.0,383.44,184.0,0.0,0.0,0.0,0.0,0,0.0,0.0,0.0,134.18,5.0,4.0,0,1,4.0,2.4849066497880004,5.951787729955083,0.0,0,0.0,0.0512699370597541,-2.9180197562887464,True
138,처치,1,4.0,9.0,626.84,348.0,0.0,0.0,0.0,0.0,0,0.0,0.0,0.0,336.92,4.0,4.0,0,1,4.0,2.302585092994046,6.442285356936944,0.0,0,0.0,0.061134045912506,-2.7316037878833375,True
139,대조,0,25.0,4.0,214.11,6377.0,0.0,0.0,0.0,0.0,1,0.0,0.0,0.0,270.33,6.0,25.0,0,1,25.0,1.6094379124341003,5.371149525197707,0.0,0,0.0,0.04870512613429781,-2.9720397976605426,True
143,대조,0,1.0,91.0,1347.63,12897.0,2.0,4.78,0.0,0.0,0,8.57,3.0,3.0,858.66,68.0,1.0,1,1,1.0,4.5217885770490405,7.206844541344472,0.0035469676394856153,0,0.0,0.06298226260169743,-2.6998490713015557,True
144,대조,0,2.0,17.0,422.28000000000003,192.0,0.0,0.0,0.0,0.0,0,0.0,0.0,0.0,395.8,13.0,2.0,0,1,2.0,2.8903717578961645,6.048033898595876,0.0,0,0.0,0.050291874983456816,-2.938311167648859,True
145,처치,1,17.0,12.0,262.05,104.0,1.0,20.0,0.0,0.0,0,5.0,2.0,2.0,109.98,3.0,17.0,1,1,17.0,2.5649493574615367,5.572344128176816,0.0763213127265789,0,0.0,0.18722902551395662,-1.4681167628157477,True
151,대조,0,2.0,12.0,461.15000000000003,41790.0,1.0,3.0,0.0,0.0,0,3.34,1.0,1.0,210.59,8.0,2.0,1,1,2.0,2.5649493574615367,6.1358895137107865,0.006505475441830206,0,0.0,0.06128910393538267,-2.728905469574594,True
155,대조,0,5.0,10.0,402.65,15050.0,1.0,2.99,0.0,0.0,1,0.0,0.0,0.0,121.13,3.0,5.0,0,1,5.0,2.3978952727983707,6.000548165841025,0.007425804048180803,0,0.0,0.0636188298824456,-2.6891131327514586,True
156,대조,0,1.0,121.0,1138.84,106337.0,1.0,3.39,0.0,0.0,0,0.0,0.0,0.0,385.34,57.0,1.0,0,1,1.0,4.804021044733257,7.038643180661242,0.0029767131467106885,0,0.0,0.05703655960868468,-2.8053350535422936,True
157,대조,0,8.0,23.0,394.79,153.0,3.0,10.96,0.0,0.0,1,2.0,1.0,1.0,301.71,17.0,8.0,1,1,8.0,3.1780538303479458,5.980883767563795,0.02776159477190405,0,0.0,0.08490397575783017,-2.3775080833611835,True
158,대조,0,7.0,32.0,341.37,99.0,1.0,7.99,0.0,0.0,1,0.0,0.0,0.0,133.22,18.0,7.0,0,1,7.0,3.4965075614664802,5.835892023606579,0.023405688842018924,0,0.0,0.07186266339770728,-2.558422869163128,True
160,대조,0,4.0,9.0,224.6,109.0,3.0,2.69,0.0,0.0,0,0.0,0.0,0.0,78.65,2.0,4.0,0,1,4.0,2.302585092994046,5.418763519623904,0.011976847729296526,0,0.0,0.05636474035315072,-2.817895922030056,True
161,대조,0,46.0,12.0,215.85999999999999,98.0,1.0,2.34,0.0,0.0,1,0.0,0.0,0.0,29.54,2.0,46.0,0,1,46.0,2.5649493574615367,5.379251984044036,0.010840359492263505,0,0.0,0.052292497947985704,-2.8971929944020225,True
162,대조,0,1.0,12.0,369.55,136.0,0.0,0.0,0.0,1.0,0,0.0,0.0,0.0,156.58,3.0,1.0,0,1,1.0,2.5649493574615367,5.914988388397368,0.0,0,1.0,0.019204853014557665,-3.9332006088833413,True
164,대조,0,4.0,20.0,638.3100000000001,31606.0,0.0,0.0,0.0,0.0,1,0.0,0.0,0.0,232.56,5.0,4.0,0,1,4.0,3.044522437723423,6.460389469758901,0.0,0,0.0,0.05846502127270987,-2.7790828510878143,True
166,대조,0,7.0,17.0,277.05,127.0,0.0,0.0,0.0,0.0,1,0.0,0.0,0.0,144.94,6.0,7.0,0,1,7.0,2.8903717578961645,5.627800953633573,0.0,0,0.0,0.0457863664252234,-3.0369012104428523,True
179,대조,0,1.0,8.0,139.9,83.0,0.0,0.0,0.0,0.0,0,0.0,0.0,0.0,106.72,5.0,1.0,0,1,1.0,2.1972245773362196,4.948050418904635,0.0,0,0.0,0.03891477644439023,-3.2066890515189117,True
180,대조,0,5.0,23.0,769.71,322.0,0.0,0.0,0.0,0.0,0,0.0,0.0,0.0,117.71000000000001,5.0,5.0,0,1,5.0,3.1780538303479458,6.647312167917105,0.0,0,0.0,0.05824356275063829,-2.783113106340512,True
183,대조,0,13.0,10.0,85.03,60.0,0.0,0.0,0.0,1.0,0,0.0,0.0,0.0,100.44,8.0,13.0,0,1,13.0,2.3978952727983707,4.454696072633257,0.0,0,1.0,0.01203423423607228,-4.407892605979095,False
184,대조,0,7.0,27.0,788.44,50611.0,3.0,7.69,0.0,0.0,1,5.0,2.0,2.0,684.77,23.0,7.0,1,1,7.0,3.332204510175204,6.671323833340992,0.009753437167064076,0,0.0,0.0726113165005732,-2.5472519851414033,True
185,대조,0,7.0,10.0,320.55,24899.0,0.0,0.0,0.0,0.0,0,0.0,0.0,0.0,104.57000000000001,1.0,7.0,0,1,7.0,2.3978952727983707,5.773153052580872,0.0,0,0.0,0.048842679500549845,-2.9690749646904306,True
188,대조,0,13.0,8.0,454.81,220.0,1.0,4.0,0.0,0.0,0,1.8,3.0,1.0,743.33,11.0,13.0,1,1,13.0,2.1972245773362196,6.122076056018043,0.0087948813790374,0,0.0,0.06599554905301937,-2.6498939025236212,True
192,대조,0,4.0,12.0,517.15,210.0,0.0,0.0,0.0,1.0,1,0.0,0.0,0.0,327.16,12.0,4.0,0,1,4.0,2.5649493574615367,6.250264775630226,0.0,0,1.0,0.022315090508751387,-3.779924285656703,True
194,대조,0,14.0,13.0,284.52,9849.0,3.0,7.98,0.0,0.0,0,0.0,0.0,0.0,110.89,3.0,14.0,0,1,14.0,2.6390573296152584,5.654312079181905,0.02804723745255167,0,0.0,0.07865229615411663,-2.460800669951836,True
195,대조,0,4.0,15.0,570.07,41061.0,5.0,17.96,0.0,0.0,0,12.27,4.0,4.0,364.04,8.0,4.0,1,1,4.0,2.772588722239781,6.34751179408619,0.03150490290666058,0,0.0,0.10296691144685598,-2.1646850608679244,True
196,대조,0,1.0,22.0,835.45,404.0,0.0,0.0,0.0,0.0,0,0.0,0.0,0.0,358.12,13.0,1.0,0,1,1.0,3.1354942159291497,6.72916674577729,0.0,0,0.0,0.06035420239165832,-2.7452724144141447,True
198,대조,0,1.0,112.0,1752.53,929.0,7.0,22.79,0.0,0.0,1,2.5,1.0,1.0,1150.22,82.0,1.0,1,1,1.0,4.727387818712341,7.469386178073745,0.013004056991891721,0,0.0,0.08348779716177447,-2.39587490239721,True
200,대조,0,,0.0,0.0,0.0,0.0,0.0,0.0,0.0,0,0.0,0.0,0.0,172.48000000000002,1.0,90.0,0,1,90.0,0.0,0.0,0.0,0,0.0,0.00940488877818188,-4.657076248108105,False
205,대조,0,,0.0,0.0,0.0,0.0,0.0,0.0,0.0,0,0.0,0.0,0.0,90.47,1.0,90.0,0,1,90.0,0.0,0.0,0.0,0,0.0,0.00940488877818188,-4.657076248108105,False
209,대조,0,4.0,20.0,899.09,21193.0,4.0,17.46,0.0,0.0,1,7.38,2.0,2.0,579.48,5.0,4.0,1,1,4.0,3.044522437723423,6.802494758324644,0.019419635409135903,0,0.0,0.09462325288509214,-2.258447904206311,True
211,대조,0,13.0,12.0,490.99,284.0,2.0,6.48,0.0,0.0,1,0.0,0.0,0.0,92.69,2.0,13.0,0,1,13.0,2.5649493574615367,6.198458391082497,0.013197824802949145,0,0.0,0.07342007414361357,-2.5353029205203956,True
214,처치,1,4.0,14.0,406.19,173.0,4.0,15.96,0.0,0.0,1,0.0,0.0,0.0,188.68,8.0,4.0,0,1,4.0,2.70805020110221,6.009279906977984,0.0392919569659519,0,0.0,0.11328140453728723,-2.0576526490246825,True
215,대조,0,1.0,13.0,239.65,131.0,3.0,5.54,0.0,0.0,0,2.0,2.0,2.0,164.24,12.0,1.0,1,1,1.0,2.6390573296152584,5.483343595749118,0.02311704569163363,0,0.0,0.0688705898791422,-2.6041690341910577,True
216,대조,0,5.0,23.0,511.62,198.0,8.0,26.35,0.0,0.0,1,6.83,2.0,2.0,59.3,3.0,5.0,1,1,5.0,3.1780538303479458,6.2395348299460505,0.051503068683788754,0,0.0,0.14309145215724092,-1.7898472495091933,True
217,대조,0,4.0,11.0,434.92,19064.0,3.0,6.12,0.0,0.0,0,0.0,0.0,0.0,104.95,5.0,4.0,0,1,4.0,2.4849066497880004,6.077458740274843,0.014071553389129035,0,0.0,0.0703648793094347,-2.581097900577328,True
218,대조,0,4.0,23.0,1211.23,111178.0,2.0,5.98,0.0,0.0,1,0.0,0.0,0.0,1294.84,21.0,4.0,0,1,4.0,3.1780538303479458,7.100216917602303,0.004937130024850772,0,0.0,0.07711117637232524,-2.482260546643212,True
220,대조,0,6.0,14.0,322.85,38997.0,1.0,1.98,0.0,0.0,1,4.5,1.0,1.0,292.58,6.0,6.0,1,1,6.0,2.70805020110221,5.780280445628926,0.006132879045996593,0,0.0,0.055619836179909156,-2.8319888975318794,True
221,대조,0,12.0,8.0,267.07,132.0,0.0,0.0,0.0,0.0,1,0.0,0.0,0.0,204.96,7.0,12.0,0,1,12.0,2.1972245773362196,5.591248140435486,0.0,0,0.0,0.049172698396110735,-2.961993890593482,True
222,대조,0,4.0,21.0,949.33,57422.0,0.0,0.0,0.0,0.0,1,2.29,1.0,1.0,562.1800000000001,10.0,4.0,1,1,4.0,3.091042453358316,6.856809292697197,0.0,0,0.0,0.06571040888820327,-2.6545291013873333,True
223,대조,0,5.0,13.0,371.8,140.0,0.0,0.0,0.0,0.0,0,0.0,0.0,0.0,108.78,6.0,5.0,0,1,5.0,2.6390573296152584,5.921042082811436,0.0,0,0.0,0.049727123942429556,-2.9501986437028216,True
226,대조,0,1.0,13.0,425.42,4651.0,0.0,0.0,0.0,0.0,0,0.0,0.0,0.0,125.57,4.0,1.0,0,1,1.0,2.6390573296152584,6.055424776066859,0.0,0,0.0,0.05211625672307439,-2.900754931738771,True
227,대조,0,5.0,10.0,146.24,149.0,0.0,0.0,0.0,0.0,0,0.0,0.0,0.0,98.03,10.0,5.0,0,1,5.0,2.3978952727983707,4.99206390851082,0.0,0,0.0,0.03826198826558871,-3.2242851466254514,True
228,대조,0,9.0,9.0,218.13,14553.0,0.0,0.0,0.0,0.0,0,0.0,0.0,0.0,106.03999999999999,3.0,9.0,0,1,9.0,2.302585092994046,5.389665161007312,0.0,0,0.0,0.04371604545021305,-3.0853396850524004,True
230,대조,0,1.0,24.0,793.19,48314.0,11.0,25.72,0.0,0.0,1,35.05,23.0,13.0,474.04,18.0,1.0,1,1,1.0,3.2188758248682006,6.677322727331051,0.032426026551015515,0,0.0,0.11442430107394619,-2.0463244624184718,True
232,대조,0,1.0,166.0,2853.43,131109.0,6.0,15.05,0.0,0.0,1,2.4,4.0,2.0,1167.37,65.0,1.0,1,1,1.0,5.117993812416755,7.956627452420146,0.005274354023052958,0,0.0,0.07943993314843699,-2.4499810749344606,True
236,처치,1,6.0,8.0,209.94,98.0,0.0,0.0,0.0,1.0,0,0.0,0.0,0.0,41.15,1.0,6.0,0,1,6.0,2.1972245773362196,5.351573732848468,0.0,0,1.0,0.016692212585605007,-4.075979883001558,True
242,대조,0,4.0,14.0,741.65,367.0,4.0,13.96,0.0,0.0,1,5.73,2.0,2.0,631.7,7.0,4.0,1,1,4.0,2.70805020110221,6.610224870475542,0.01882289489651453,0,0.0,0.09202841733505215,-2.289115668056208,True
243,대조,0,1.0,32.0,1052.59,99156.0,7.0,6.6899999999999995,0.0,0.0,1,18.490000000000002,14.0,12.0,546.25,21.0,1.0,1,1,1.0,3.4965075614664802,6.959958659115996,0.006355751052166561,0,0.0,0.07324896403879469,-2.5378208548913617,True
245,대조,0,5.0,5.0,217.63,11469.0,0.0,0.0,0.0,0.0,0,0.0,0.0,0.0,47.91,3.0,5.0,0,1,5.0,1.791759469228055,5.387380803288797,0.0,0,0.0,0.04687746242561025,-3.012206461606747,True
246,대조,0,9.0,3.0,49.480000000000004,21.0,0.0,0.0,0.0,0.0,0,0.0,0.0,0.0,122.16,6.0,9.0,0,1,9.0,1.3862943611198906,3.921577218232958,0.0,0,0.0,0.03087589475770535,-3.446416904740352,True
248,대조,0,15.0,5.0,999.29,525.0,9.0,22.92,6.0,1.0,1,0.0,0.0,0.0,249.69,1.0,15.0,0,1,15.0,1.791759469228055,6.908045236940265,0.022936284762181153,1,1.0,0.00394263014673969,-5.531956805648619,False
249,대조,0,2.0,14.0,108.99,53.0,0.0,0.0,0.0,0.0,1,0.0,0.0,0.0,425.11,11.0,2.0,0,1,2.0,2.70805020110221,4.700389452569025,0.0,0,0.0,0.035161042018219256,-3.312022495646098,True
251,대조,0,6.0,11.0,524.86,226.0,0.0,0.0,0.0,0.0,0,0.0,0.0,0.0,133.55,4.0,6.0,0,1,6.0,2.4849066497880004,6.265035017615114,0.0,0,0.0,0.056401920762483605,-2.8171970979663756,True
253,대조,0,2.0,62.0,1882.65,6158.0,3.0,8.780000000000001,0.0,0.0,1,4.78,2.0,1.0,806.42,33.0,2.0,1,1,2.0,4.143134726391533,7.540966662931084,0.004663639019467241,0,0.0,0.0779905292828826,-2.4699680955638668,True
257,대조,0,5.0,16.0,371.79,217.0,0.0,0.0,0.0,1.0,1,0.0,0.0,0.0,267.23,7.0,5.0,0,1,5.0,2.833213344056216,5.921015258417331,0.0,0,1.0,0.01934140664305465,-3.9259761602890126,True
261,대조,0,40.0,13.0,402.52,17605.0,1.0,3.49,0.0,0.0,0,0.0,0.0,0.0,0.0,0.0,40.0,0,0,40.0,2.6390573296152584,6.000226052776554,0.008670376627248337,0,0.0,0.05805120946330798,-2.78662536782965,True
262,대조,0,1.0,100.0,1595.3799999999999,685.0,12.0,79.19,0.0,0.0,0,21.46,7.0,5.0,821.07,33.0,1.0,1,1,1.0,4.61512051684126,7.375493844907677,0.04963707706001078,0,0.0,0.1559019036180195,-1.6890417292867053,True
263,대조,0,2.0,46.0,901.22,377.0,7.0,14.23,0.0,0.0,1,5.279999999999999,5.0,4.0,619.08,28.0,2.0,1,1,2.0,3.8501476017100584,6.804858392762283,0.01578970728567941,0,0.0,0.08018600417560051,-2.4398224830331454,True
264,대조,0,8.0,10.0,434.78000000000003,208.0,22.0,40.6,0.0,0.0,1,22.21,9.0,7.0,215.58,7.0,8.0,1,1,8.0,2.3978952727983707,6.077137528846132,0.0933805602833617,0,0.0,0.29672748233025364,-0.8629303166273437,False
265,대조,0,43.0,17.0,92.17,39.0,0.0,0.0,0.0,0.0,0,30.39,23.0,16.0,537.52,8.0,43.0,1,1,43.0,2.8903717578961645,4.534425781462334,0.0,0,0.0,0.029596658061546387,-3.4900503498713107,True
266,대조,0,27.0,7.0,277.41,104.0,5.0,14.950000000000001,0.0,0.0,0,18.200000000000003,5.0,5.0,390.51,7.0,27.0,1,1,27.0,2.0794415416798357,5.629094847355403,0.05389135215024692,0,0.0,0.1338082212551124,-1.8676987473966709,True
271,대조,0,4.0,14.0,73.71,46.0,0.0,0.0,0.0,1.0,0,24.6,8.0,4.0,159.01000000000002,13.0,4.0,1,1,4.0,2.70805020110221,4.31361395198771,0.0,0,1.0,0.011153930055105407,-4.4847467702782025,False
273,대조,0,1.0,6.0,39.04,14.0,0.0,0.0,0.0,0.0,0,0.0,0.0,0.0,175.96,12.0,1.0,0,1,1.0,1.9459101490553132,3.68987895444702,0.0,0,0.0,0.026908340583903144,-3.5880419832128023,True
275,대조,0,1.0,38.0,770.98,22525.0,1.0,3.39,0.0,0.0,0,0.0,0.0,0.0,500.33,29.0,1.0,0,1,1.0,3.6635616461296463,6.648958642953439,0.004397001219227477,0,0.0,0.060056629048033786,-2.750531695207531,True
276,대조,0,8.0,11.0,451.06,10287.0,0.0,0.0,0.0,0.0,1,0.0,0.0,0.0,742.77,25.0,8.0,0,1,8.0,2.4849066497880004,6.113814914385443,0.0,0,0.0,0.05608382386094373,-2.8231899395153905,True
279,대조,0,4.0,5.0,230.0,102.0,0.0,0.0,0.0,0.0,0,0.0,0.0,0.0,329.21,10.0,4.0,0,1,4.0,1.791759469228055,5.442417710521793,0.0,0,0.0,0.04775357400795204,-2.9927699396674354,True
280,대조,0,2.0,12.0,394.79,20444.0,0.0,0.0,0.0,0.0,0,0.0,0.0,0.0,180.73000000000002,9.0,2.0,0,1,2.0,2.5649493574615367,5.980883767563795,0.0,0,0.0,0.05133669450500007,-2.9166481579551724,True
282,대조,0,7.0,10.0,419.24,20731.0,10.0,15.08,0.0,0.0,1,4.41,2.0,2.0,260.91,8.0,7.0,1,1,7.0,2.3978952727983707,6.040825976645706,0.035969850205133096,0,0.0,0.11114968983454133,-2.0790509914261777,True
283,대조,0,7.0,10.0,398.53000000000003,147.0,0.0,0.0,0.0,0.0,1,14.22,9.0,8.0,353.28000000000003,5.0,7.0,1,1,7.0,2.3978952727983707,5.99028885625426,0.0,0,0.0,0.05463162021839277,-2.8509618314066816,True
285,처치,1,1.0,43.0,983.71,84284.0,2.0,4.34,0.0,0.0,0,3.89,1.0,1.0,317.26,19.0,1.0,1,1,1.0,3.784189633918261,6.8923471815794635,0.004411869351739842,0,0.0,0.06379583711572023,-2.686145636179866,True
286,처치,1,4.0,6.0,157.47,34.0,0.0,0.0,0.0,0.0,0,0.0,0.0,0.0,57.57,3.0,4.0,0,1,4.0,1.9459101490553132,5.065565300954717,0.0,0,0.0,0.04157112783818179,-3.1378894683280194,True
288,처치,1,4.0,21.0,624.54,51069.0,9.0,18.8,0.0,0.0,0,0.0,0.0,0.0,175.96,6.0,4.0,0,1,4.0,3.091042453358316,6.438615276703253,0.030102155186217058,0,0.0,0.09912743547145175,-2.206957560437346,True
289,대조,0,1.0,32.0,1023.96,97396.0,3.0,1.7999999999999998,0.0,0.0,1,4.1899999999999995,3.0,3.0,587.3100000000001,21.0,1.0,1,1,1.0,3.4965075614664802,6.9324088664207935,0.0017578811672330948,0,0.0,0.06639383327458678,-2.6434505064702956,True
290,대조,0,1.0,16.0,243.47,177.0,1.0,1.89,0.0,0.0,1,0.0,0.0,0.0,794.24,36.0,1.0,0,1,1.0,2.833213344056216,5.499092602000238,0.007762763379471803,0,0.0,0.05210206748130501,-2.9010421994246003,True
291,대조,0,,0.0,0.0,0.0,0.0,0.0,0.0,0.0,0,0.0,0.0,0.0,313.36,6.0,90.0,0,1,90.0,0.0,0.0,0.0,0,0.0,0.00940488877818188,-4.657076248108105,False
293,대조,0,4.0,22.0,663.29,270.0,0.0,0.0,0.0,0.0,0,0.0,0.0,0.0,393.03,8.0,4.0,0,1,4.0,3.1354942159291497,6.49871880111818,0.0,0,0.0,0.055980509695003525,-2.8251432234477782,True
297,대조,0,7.0,23.0,371.46,178.0,0.0,0.0,0.0,0.0,0,0.0,0.0,0.0,249.89000000000001,8.0,7.0,0,1,7.0,3.1780538303479458,5.92012964950336,0.0,0,0.0,0.04628126164758015,-3.025631641311763,True
301,대조,0,7.0,6.0,489.29,175.0,4.0,9.39,0.0,0.0,1,9.57,3.0,3.0,329.64,3.0,7.0,1,1,7.0,1.9459101490553132,6.194997052773076,0.019191072778924564,0,0.0,0.08951257897385445,-2.3196009210160646,True
302,대조,0,9.0,13.0,340.35,180.0,1.0,2.34,0.0,0.0,1,2.29,1.0,1.0,255.54,4.0,9.0,1,1,9.0,2.6390573296152584,5.83290834386429,0.006875275451740854,0,0.0,0.05767282407774064,-2.7935664587424043,True
303,대조,0,5.0,18.0,339.4,7358.0,1.0,2.5,0.0,0.0,0,0.0,0.0,0.0,454.02,22.0,5.0,0,1,5.0,2.9444389791664403,5.830121396699219,0.007365939893930466,0,0.0,0.053826058500059205,-2.8666687140160363,True
305,대조,0,9.0,18.0,413.95,25045.0,5.0,31.27,0.0,1.0,0,19.0,7.0,2.0,240.49,6.0,9.0,1,1,9.0,2.9444389791664403,6.028158031044457,0.07554052421790071,0,1.0,0.08540459399093946,-2.371081895107788,True
306,대조,0,26.0,15.0,542.62,15400.0,0.0,0.0,0.0,0.0,1,5.1,8.0,7.0,425.79,7.0,26.0,1,1,26.0,2.772588722239781,6.298250473358834,0.0,0,0.0,0.056040672159809915,-2.8240053646189898,True
307,대조,0,1.0,43.0,284.52,5059.0,0.0,0.0,0.0,1.0,0,0.0,0.0,0.0,298.93,33.0,1.0,0,1,1.0,3.784189633918261,5.654312079181905,0.0,0,1.0,0.015017454496443698,-4.183410763011914,False
308,대조,0,26.0,7.0,260.3,78.0,0.0,0.0,0.0,0.0,0,0.0,0.0,0.0,33.9,3.0,26.0,0,1,26.0,2.0794415416798357,5.565669172526567,0.0,0,0.0,0.046580473881135634,-3.0188735851778317,True
312,대조,0,15.0,7.0,369.06,152.0,2.0,5.68,0.0,0.0,0,8.29,5.0,5.0,236.47,3.0,15.0,1,1,15.0,2.0794415416798357,5.91366515465357,0.015390451417113747,0,0.0,0.0713009879988092,-2.566874510679942,True
314,대조,0,56.0,1.0,111.11,52.0,2.0,5.4,0.0,0.0,1,9.6,16.0,5.0,91.09,3.0,56.0,1,1,56.0,0.6931471805599453,4.719480532165502,0.048600486004860055,0,0.0,0.1107823316253382,-2.082774752127033,True
321,대조,0,5.0,16.0,988.77,367.0,11.0,17.38,0.0,0.0,1,7.2,12.0,8.0,478.68,9.0,5.0,1,1,5.0,2.833213344056216,6.89747259290509,0.017577394136148953,0,0.0,0.09633697929587837,-2.238604280100124,True
322,대조,0,4.0,16.0,735.45,306.0,8.0,30.43,0.0,0.0,0,15.47,6.0,5.0,245.54,8.0,4.0,1,1,4.0,2.833213344056216,6.601841344935552,0.041376028282004214,0,0.0,0.13219793815944333,-1.881663318378613,True
328,대조,0,1.0,43.0,2591.17,64054.0,8.0,27.220000000000002,0.0,0.0,0,43.78,13.0,12.0,1257.27,19.0,1.0,1,1,1.0,3.784189633918261,7.8602506417412235,0.010504907049711135,0,0.0,0.09631934410122259,-2.2388068692761776,True
329,대조,0,5.0,21.0,312.78000000000003,161.0,1.0,1.89,0.0,0.0,1,0.0,0.0,0.0,316.01,17.0,5.0,0,1,5.0,3.091042453358316,5.748692103404809,0.006042585843084596,0,0.0,0.052420676698396645,-2.8946095450001863,True
330,대조,0,15.0,10.0,15.1,1016.0,0.0,0.0,0.0,0.0,0,1.89,1.0,1.0,51.04,11.0,15.0,1,1,15.0,2.3978952727983707,2.7788192719904172,0.0,0,0.0,0.01857118542700991,-3.967398274983667,True
331,대조,0,8.0,12.0,310.05,139.0,1.0,2.29,0.0,0.0,0,3.39,1.0,1.0,157.67000000000002,10.0,8.0,1,1,8.0,2.5649493574615367,5.739953670961029,0.007385905499113046,0,0.0,0.054747284703577995,-2.8487245423249563,True
332,대조,0,7.0,12.0,336.64,148.0,0.0,0.0,0.0,1.0,1,0.0,0.0,0.0,210.56,7.0,7.0,0,1,7.0,2.5649493574615367,5.821980239115519,0.0,0,1.0,0.019358391831841203,-3.9250810477919407,True
333,대조,0,14.0,10.0,298.75,173.0,0.0,0.0,0.0,0.0,0,0.0,0.0,0.0,224.12,3.0,14.0,0,1,14.0,2.3978952727983707,5.702948793907623,0.0,0,0.0,0.04737336205855404,-3.0011629625397487,True
334,대조,0,4.0,75.0,724.75,473.0,15.0,21.5,3.0,1.0,1,23.97,32.0,16.0,568.34,53.0,4.0,1,1,4.0,4.330733340286331,6.587205602904739,0.02966540186271128,1,1.0,0.002945766659492961,-5.824436055983769,False
336,대조,0,6.0,16.0,287.15000000000003,144.0,4.0,3.0,0.0,0.0,0,0.0,0.0,0.0,239.03,13.0,6.0,0,1,6.0,2.833213344056216,5.663481177882676,0.010447501305937662,0,0.0,0.05503103152234878,-2.8432548537414037,True
337,대조,0,1.0,15.0,253.56,30828.0,0.0,0.0,0.0,0.0,0,0.0,0.0,0.0,170.48000000000002,9.0,1.0,0,1,1.0,2.772588722239781,5.5395365645894765,0.0,0,0.0,0.04356413460493876,-3.088979524264986,True
338,대조,0,1.0,15.0,331.56,202.0,1.0,2.99,0.0,0.0,0,0.0,0.0,0.0,213.99,12.0,1.0,0,1,1.0,2.772588722239781,5.806820294944382,0.00901797563035348,0,0.0,0.05670953084151668,-2.8114319728314476,True
339,대조,0,2.0,10.0,238.18,166.0,2.0,4.09,0.0,0.0,0,8.0,3.0,3.0,202.6,7.0,2.0,1,1,2.0,2.3978952727983707,5.477216406540661,0.017171886808296247,0,0.0,0.06298421586837849,-2.699815974258882,True
342,대조,0,24.0,7.0,345.03000000000003,165.0,0.0,0.0,0.0,0.0,0,0.0,0.0,0.0,496.94,6.0,24.0,0,1,24.0,2.0794415416798357,5.846525476501358,0.0,0,0.0,0.0509971319818616,-2.923642425259761,True
343,대조,0,5.0,10.0,159.94,68.0,0.0,0.0,0.0,0.0,0,0.0,0.0,0.0,156.7,7.0,5.0,0,1,5.0,2.3978952727983707,5.081031624717987,0.0,0,0.0,0.03935711897884062,-3.1949258552356286,True
346,대조,0,4.0,21.0,567.1,228.0,0.0,0.0,0.0,0.0,1,0.0,0.0,1.0,468.76,14.0,4.0,1,1,4.0,3.091042453358316,6.342297459563081,0.0,0,0.0,0.056024152481825545,-2.8243176884892196,True
348,대조,0,17.0,2.0,4.11,7.0,0.0,0.0,0.0,0.0,0,0.0,0.0,0.0,74.5,4.0,17.0,0,1,17.0,1.0986122886681098,1.631199404215613,0.0,0,0.0,0.015161849930052668,-4.173694913203298,False
351,대조,0,1.0,46.0,1023.92,18201.0,0.0,0.0,0.0,0.0,1,0.0,0.0,0.0,1080.23,34.0,1.0,0,1,1.0,3.8501476017100584,6.932369839746056,0.0,0,0.0,0.06134151961088054,-2.727994775444607,True
353,대조,0,7.0,32.0,589.96,206.0,2.0,7.58,0.0,0.0,1,7.58,2.0,1.0,364.42,7.0,7.0,1,1,7.0,3.4965075614664802,6.381748333220482,0.012848328700250863,0,0.0,0.0691412468492041,-2.5999560825501944,True
354,대조,0,2.0,27.0,1503.66,676.0,8.0,27.830000000000002,0.0,0.0,1,18.27,5.0,5.0,538.55,13.0,2.0,1,1,2.0,3.332204510175204,7.316322238039388,0.018508173390261097,0,0.0,0.10487314260591717,-2.144213994256705,True
356,대조,0,2.0,13.0,189.1,70.0,0.0,0.0,0.0,0.0,0,0.0,0.0,0.0,158.5,12.0,2.0,0,1,2.0,2.6390573296152584,5.247550249494384,0.0,0,0.0,0.04036354852126854,-3.168627403005372,True
358,대조,0,4.0,41.0,1595.34,609.0,1.0,3.89,0.0,0.0,1,0.0,0.0,0.0,1702.39,28.0,4.0,0,1,4.0,3.7376696182833684,7.37546878790299,0.002438351699324282,0,0.0,0.07451948139546527,-2.5192524957593556,True
369,대조,0,20.0,8.0,102.2,2264.0,0.0,0.0,0.0,0.0,0,0.0,0.0,0.0,134.8,4.0,20.0,0,1,20.0,2.1972245773362196,4.636668853047462,0.0,0,0.0,0.0344344016143933,-3.333657930363349,True
370,대조,0,89.0,1.0,37.34,13106.0,0.0,0.0,0.0,0.0,1,0.0,0.0,0.0,0.0,0.0,89.0,0,0,89.0,0.6931471805599453,3.6464937376174986,0.0,0,0.0,0.029330891823310647,-3.499344346887437,True
371,대조,0,4.0,16.0,1740.41,763.0,5.0,13.47,0.0,0.0,1,12.83,5.0,5.0,1149.98,15.0,4.0,1,1,4.0,2.833213344056216,7.462450408884057,0.00773955562195115,0,0.0,0.09470914264900131,-2.2574457425874574,True
377,대조,0,2.0,19.0,390.89,187.0,6.0,14.32,0.0,0.0,1,12.97,3.0,3.0,235.38,13.0,2.0,1,1,2.0,2.995732273553991,5.970981188166582,0.036634347258819616,0,0.0,0.10318901870065408,-2.162282677218073,True
378,대조,0,1.0,55.0,873.64,36988.0,2.0,3.96,1.0,1.0,1,0.0,0.0,0.0,506.73,27.0,1.0,0,1,1.0,4.02535169073515,6.773812373126229,0.004532759489034385,1,1.0,0.0019352117286473751,-6.245601451326583,False
380,대조,0,5.0,20.0,1259.59,610.0,0.0,0.0,0.0,0.0,0,0.0,0.0,0.0,672.59,13.0,5.0,0,1,5.0,3.044522437723423,7.1393351443171,0.0,0,0.0,0.06896074399960783,-2.6027640266474257,True
383,대조,0,16.0,22.0,746.12,24243.0,3.0,12.52,0.0,0.0,1,9.98,4.0,4.0,649.13,11.0,16.0,1,1,16.0,3.1354942159291497,6.616225814801463,0.016780142604406797,0,0.0,0.08295340588694093,-2.4028792071196245,True
384,처치,1,4.0,16.0,641.67,66127.0,0.0,0.0,0.0,0.0,0,3.0,5.0,1.0,206.43,4.0,4.0,1,1,4.0,2.833213344056216,6.465631373210922,0.0,0,0.0,0.0575756529384325,-2.7953558614295178,True
386,대조,0,5.0,43.0,1040.51,56376.0,10.0,9.0,0.0,0.0,1,1.1,2.0,2.0,152.3,12.0,5.0,1,1,5.0,3.784189633918261,6.948426862191178,0.008649604520859963,0,0.0,0.07328421472100773,-2.537301688299047,True
387,대조,0,1.0,27.0,1132.49,385.0,8.0,20.88,0.0,0.0,1,24.3,6.0,6.0,678.42,22.0,1.0,1,1,1.0,3.332204510175204,7.033056647676643,0.018437248894029968,0,0.0,0.09639776518048185,-2.2379062392579376,True
389,대조,0,1.0,37.0,2451.33,33634.0,21.0,83.09,0.0,0.0,1,32.14,12.0,11.0,1329.75,20.0,1.0,1,1,1.0,3.6375861597263857,7.804793872013537,0.03389588509095063,0,0.0,0.15449359753727346,-1.6997830851172753,True
390,대조,0,1.0,16.0,296.98,11533.0,1.0,1.98,0.0,0.0,1,4.18,2.0,2.0,145.69,8.0,1.0,1,1,1.0,2.833213344056216,5.697026370159193,0.0066671156306822,0,0.0,0.05423186834077561,-2.8587287226326197,True
391,대조,0,57.0,1.0,12.760000000000002,5.0,0.0,0.0,0.0,0.0,1,0.0,0.0,0.0,0.0,0.0,57.0,0,0,57.0,0.6931471805599453,2.6217658325051976,0.0,0,0.0,0.021951498122476515,-3.796723872941323,True
392,대조,0,5.0,14.0,1365.45,424.0,6.0,20.23,0.0,0.0,1,12.47,3.0,3.0,950.75,9.0,5.0,1,1,5.0,2.70805020110221,7.21997141487067,0.014815628547365338,0,0.0,0.10217282868111062,-2.1733118119792216,True
393,대조,0,1.0,19.0,320.77,172.0,0.0,0.0,0.0,0.0,0,0.0,0.0,0.0,413.9,16.0,1.0,0,1,1.0,2.995732273553991,5.7738370046065395,0.0,0,0.0,0.045576737094382216,-3.04170980995404,True
394,대조,0,1.0,6.0,122.23,45.0,0.0,0.0,0.0,0.0,0,12.21,4.0,4.0,380.74,7.0,1.0,1,1,1.0,1.9459101490553132,4.8140525279500315,0.0,0,0.0,0.038528548076837414,-3.217065398399055,True
396,대조,0,5.0,17.0,199.68,74.0,0.0,0.0,0.0,0.0,0,0.0,0.0,0.0,184.62,16.0,5.0,0,1,5.0,2.8903717578961645,5.301711599616052,0.0,0,0.0,0.03960382432237834,-3.188420194934278,True
397,대조,0,2.0,40.0,1038.04,84695.0,2.0,6.0,0.0,0.0,0,13.84,5.0,5.0,540.31,24.0,2.0,1,1,2.0,3.713572066704308,6.946052488914481,0.005780124079996917,0,0.0,0.06714098572837797,-2.631459406193804,True
398,대조,0,1.0,10.0,235.42,1195.0,7.0,6.0,0.0,0.0,0,4.67,2.0,1.0,152.56,7.0,1.0,1,1,1.0,2.3978952727983707,5.465609884322231,0.025486364794834765,0,0.0,0.07393223361726167,-2.5277985020981792,True
400,대조,0,2.0,48.0,3084.05,140102.0,10.0,36.11,0.0,0.0,1,18.35,7.0,7.0,1468.15,25.0,2.0,1,1,2.0,3.8918202981106265,8.034323143663578,0.01170862988602649,0,0.0,0.10665255556974196,-2.1253991738753606,True
402,대조,0,18.0,2.0,60.89,13.0,0.0,0.0,0.0,0.0,0,6.6000000000000005,16.0,13.0,515.08,12.0,18.0,1,1,18.0,1.0986122886681098,4.12535861575127,0.0,0,0.0,0.0338330571683558,-3.351898290678623,True
403,대조,0,5.0,9.0,172.05,75.0,0.0,0.0,0.0,1.0,0,0.0,0.0,0.0,0.0,0.0,5.0,0,0,5.0,2.302585092994046,5.1535805700813535,0.0,0,1.0,0.015455238725672286,-4.154231341077178,False
408,대조,0,26.0,7.0,265.51,73.0,0.0,0.0,0.0,0.0,0,5.68,2.0,2.0,417.57,7.0,26.0,1,1,26.0,2.0794415416798357,5.58541176635407,0.0,0,0.0,0.04687066797338389,-3.0123585414104626,True
409,대조,0,9.0,13.0,672.72,411.0,8.0,18.96,0.0,1.0,1,9.530000000000001,5.0,4.0,270.33,7.0,9.0,1,1,9.0,2.6390573296152584,6.512814594330186,0.02818408847663218,0,1.0,0.04237599953611463,-3.117873063775418,True
410,대조,0,7.0,10.0,123.43,78.0,0.0,0.0,0.0,0.0,1,0.0,0.0,0.0,94.31,15.0,7.0,0,1,7.0,2.3978952727983707,4.82374330878754,0.0,0,0.0,0.037836099839358664,-3.235921141453768,True
411,대조,0,4.0,20.0,745.8,30498.0,1.0,1.89,0.0,0.0,1,7.78,2.0,1.0,451.63,12.0,4.0,1,1,4.0,3.044522437723423,6.615797411667567,0.0025341914722445697,0,0.0,0.06448951554841482,-2.6745896920232015,True
412,대조,0,7.0,9.0,231.8,122.0,2.0,3.96,0.0,0.0,1,12.91,8.0,7.0,212.44,11.0,7.0,1,1,7.0,2.302585092994046,5.450179715857283,0.017083692838654012,0,0.0,0.06551793928684464,-2.6576684426585038,True
414,대조,0,9.0,18.0,361.49,166.0,0.0,0.0,0.0,0.0,0,0.0,0.0,0.0,356.63,20.0,9.0,0,1,9.0,2.9444389791664403,5.892996887707326,0.0,0,0.0,0.047170162033366554,-3.0056748012527383,True
418,대조,0,1.0,50.0,634.2,45052.0,2.0,3.78,0.0,0.0,1,11.649999999999999,5.0,4.0,382.91,22.0,1.0,1,1,1.0,3.9318256327243257,6.453939909932926,0.005960264900662251,0,0.0,0.05887098286071354,-2.771731918261566,True
419,대조,0,1.0,4.0,127.52,41.0,0.0,0.0,0.0,0.0,0,0.0,0.0,0.0,225.43,8.0,1.0,0,1,1.0,1.6094379124341003,4.856084534247658,0.0,0,0.0,0.04078173477889261,-3.1578843414875126,True
421,대조,0,4.0,35.0,1011.09,116659.0,1.0,1.98,0.0,0.0,0,0.0,0.0,0.0,816.01,24.0,4.0,0,1,4.0,3.58351893845611,6.919772778699447,0.001958282645461828,0,0.0,0.06265478675842401,-2.705411555150704,True
426,대조,0,5.0,37.0,1171.47,115092.0,10.0,11.46,0.0,0.0,1,11.0,11.0,9.0,761.66,20.0,5.0,1,1,5.0,3.6375861597263857,7.066867913639154,0.009782580859945197,0,0.0,0.07909656211629162,-2.454685774568836,True
428,대조,0,2.0,13.0,425.75,268.0,0.0,0.0,0.0,0.0,1,7.98,2.0,2.0,457.41,16.0,2.0,1,1,2.0,2.6390573296152584,6.05619836167455,0.0,0,0.0,0.054407197996226946,-2.855315573312707,True
430,처치,1,7.0,17.0,126.36,7494.0,1.0,5.0,0.0,0.0,0,0.0,0.0,0.0,38.48,7.0,7.0,0,1,7.0,2.8903717578961645,4.847017722096073,0.03956948401392846,0,0.0,0.07514585759214615,-2.5102050483768914,True
432,대조,0,1.0,18.0,164.5,110.0,0.0,0.0,0.0,1.0,1,0.0,0.0,0.0,420.38,20.0,1.0,0,1,1.0,2.9444389791664403,5.1089711948171175,0.0,0,1.0,0.01471837611360307,-4.203830724036045,False
433,대조,0,1.0,13.0,137.76,86.0,0.0,0.0,0.0,1.0,0,0.0,0.0,0.0,72.52,6.0,1.0,0,1,1.0,2.6390573296152584,4.932745822101549,0.0,0,1.0,0.013825485239776747,-4.2673196860882285,False
434,대조,0,5.0,17.0,550.37,3710.0,1.0,3.89,0.0,0.0,1,0.0,0.0,0.0,393.35,11.0,5.0,0,1,5.0,2.8903717578961645,6.312406090145492,0.007067972454893981,0,0.0,0.06537338165917261,-2.660031943515579,True
436,대조,0,13.0,7.0,403.77,169.0,6.0,10.99,0.0,0.0,0,5.49,2.0,2.0,82.38,1.0,13.0,1,1,13.0,2.0794415416798357,6.003319004554988,0.02721846595834262,0,0.0,0.09225596070735925,-2.2863955482621394,True
438,대조,0,35.0,2.0,29.82,10.0,0.0,0.0,0.0,0.0,1,0.0,0.0,0.0,61.39,2.0,35.0,0,1,35.0,1.0986122886681098,3.42816382989197,0.0,0,0.0,0.027728398438751398,-3.557178088487663,True
439,처치,1,37.0,6.0,201.95000000000002,73.0,1.0,2.5,0.0,0.0,0,0.0,0.0,0.0,39.02,2.0,37.0,0,1,37.0,1.9459101490553132,5.312959643284906,0.012379301807378063,0,0.0,0.05528485591198152,-2.838384429511572,True
441,대조,0,4.0,11.0,390.11,200.0,0.0,0.0,0.0,0.0,1,0.0,0.0,0.0,240.3,9.0,4.0,0,1,4.0,2.4849066497880004,5.9689888503427975,0.0,0,0.0,0.05386598888883723,-2.8658849449824615,True
442,대조,0,18.0,6.0,245.35,141.0,0.0,0.0,0.0,0.0,1,4.0,5.0,5.0,161.1,4.0,18.0,1,1,18.0,1.9459101490553132,5.506753288989972,0.0,0,0.0,0.049093900203101046,-2.9636805243195643,True
443,대조,0,5.0,18.0,241.34,130.0,0.0,0.0,0.0,0.0,1,0.0,0.0,0.0,303.23,13.0,5.0,0,1,5.0,2.9444389791664403,5.490341698803377,0.0,0,0.0,0.04364690540899965,-3.086994806449676,True
445,대조,0,2.0,29.0,333.6,115.0,0.0,0.0,0.0,0.0,0,3.39,1.0,1.0,251.35,19.0,2.0,1,1,2.0,3.4011973816621555,5.812935788552724,0.0,0,0.0,0.043743508347286526,-3.084682952613458,True
450,대조,0,6.0,9.0,316.2,172.0,1.0,1.0,0.0,0.0,0,1.0,1.0,1.0,70.44,6.0,6.0,1,1,6.0,2.302585092994046,5.7595324897606925,0.003162555344718533,0,0.0,0.05249776904037542,-2.893058617302988,True
451,대조,0,4.0,13.0,222.94,107.0,1.0,1.98,0.0,0.0,1,0.0,0.0,0.0,109.47,8.0,4.0,0,1,4.0,2.6390573296152584,5.411378158832051,0.008881313357854132,0,0.0,0.052941170284928424,-2.8841799110199333,True
458,대조,0,19.0,15.0,194.67000000000002,124.0,9.0,11.34,0.0,0.0,1,12.0,6.0,4.0,118.68,9.0,19.0,1,1,19.0,2.772588722239781,5.276429566790007,0.058252427184466014,0,0.0,0.12683917731410788,-1.9291997936633778,True
459,대조,0,9.0,9.0,97.81,56.0,1.0,1.89,0.0,0.0,0,2.29,1.0,1.0,177.18,8.0,9.0,1,1,9.0,2.302585092994046,4.593198814206872,0.019323177589203558,0,0.0,0.050094183698154125,-2.9424579314427324,True
460,대조,0,2.0,26.0,195.99,23190.0,2.0,3.87,0.0,0.0,1,0.0,0.0,0.0,40.73,9.0,2.0,0,1,2.0,3.295836866004329,5.283152966028264,0.019745905403336903,0,0.0,0.058179950873325,-2.784273417001011,True
462,대조,0,9.0,4.0,95.77,34.0,1.0,1.98,0.0,0.0,1,0.0,0.0,0.0,48.04,4.0,9.0,0,1,9.0,1.6094379124341003,4.572337028892851,0.020674532734676832,0,0.0,0.05835030233148757,-2.7811687945107764,True
463,대조,0,6.0,57.0,655.08,84738.0,0.0,0.0,0.0,0.0,0,3.39,1.0,1.0,338.58,39.0,6.0,1,1,6.0,4.060443010546419,6.486282732728156,0.0,0,0.0,0.04943712303468628,-2.9563526907930093,True
464,대조,0,6.0,21.0,468.45,293.0,1.0,1.25,2.0,1.0,1,1.2,2.0,1.0,197.46,12.0,6.0,1,1,6.0,3.091042453358316,6.151561796704557,0.0026683744262994986,1,1.0,0.0017081351022976618,-6.370643491409602,False
467,대조,0,8.0,5.0,259.76,126.0,2.0,5.85,0.0,0.0,0,0.0,0.0,0.0,303.3,12.0,8.0,0,1,8.0,1.791759469228055,5.5636004440563385,0.022520788420080075,0,0.0,0.07691473915689351,-2.485024079162348,True
468,대조,0,2.0,29.0,472.9,186.0,0.0,0.0,0.0,0.0,0,0.0,0.0,0.0,726.95,33.0,2.0,0,1,2.0,3.4011973816621555,6.1609963289735425,0.0,0,0.0,0.04880793090821216,-2.9698231892840394,True
469,대조,0,17.0,20.0,1229.25,509.0,8.0,16.23,0.0,1.0,1,15.96,9.0,7.0,297.54,5.0,17.0,1,1,17.0,3.044522437723423,7.114972679746088,0.013203172666259914,0,1.0,0.03562263712790129,-3.298501363118654,True
470,대조,0,2.0,22.0,446.89,9367.0,0.0,0.0,0.0,0.0,0,0.0,0.0,0.0,156.67,11.0,2.0,0,1,2.0,3.1354942159291497,6.104547666551871,0.0,0,0.0,0.04961043844344645,-2.9526707012596645,True
472,대조,0,2.0,20.0,1263.77,426.0,9.0,22.79,0.0,0.0,0,12.66,6.0,5.0,765.22,10.0,2.0,1,1,2.0,3.044522437723423,7.142645566448873,0.018033344675059543,0,0.0,0.09803819583233142,-2.219215017326314,True
473,대조,0,5.0,9.0,577.73,41204.0,2.0,1.5,0.0,0.0,1,0.0,0.0,0.0,104.15,4.0,5.0,0,1,5.0,2.302585092994046,6.360836047567908,0.002596368545860523,0,0.0,0.06544968353397543,-2.658783811530601,True
475,대조,0,5.0,4.0,489.54,234.0,0.0,0.0,0.0,0.0,0,5.0,10.0,5.0,152.31,4.0,5.0,1,1,5.0,1.6094379124341003,6.19550682511979,0.0,0,0.0,0.06174705358975318,-2.7209733191115504,True
476,대조,0,63.0,3.0,68.49,36.0,0.0,0.0,0.0,0.0,0,0.0,0.0,0.0,0.0,0.0,63.0,0,0,63.0,1.3862943611198906,4.241182857326236,0.0,0,0.0,0.031991718347291746,-3.409763575008663,True
479,대조,0,2.0,52.0,475.92,219.0,0.0,0.0,0.0,0.0,0,0.0,0.0,0.0,142.82,15.0,2.0,0,1,2.0,3.970291913552122,6.167348761937931,0.0,0,0.0,0.045461457724617994,-3.044363137891279,True
482,대조,0,20.0,4.0,319.82,164.0,0.0,0.0,0.0,0.0,0,0.0,0.0,0.0,267.88,8.0,20.0,0,1,20.0,1.6094379124341003,5.770880218188696,0.0,0,0.0,0.053140292906327435,-2.8802154853521085,True
484,대조,0,16.0,23.0,456.38,8328.0,0.0,0.0,0.0,0.0,1,0.0,0.0,0.0,145.58,10.0,16.0,0,1,16.0,3.1780538303479458,6.1255145552282375,0.0,0,0.0,0.05103473649546443,-2.922865686048281,True
485,대조,0,1.0,38.0,1236.2,196878.0,0.0,0.0,0.0,0.0,1,1.5,3.0,3.0,532.85,19.0,1.0,1,1,1.0,3.6635616461296463,7.120606040810914,0.0,0,0.0,0.06656138290102864,-2.640750632112539,True
489,대조,0,1.0,16.0,714.17,24409.0,5.0,19.439999999999998,0.0,0.0,1,10.98,2.0,2.0,542.43,14.0,1.0,1,1,1.0,2.833213344056216,6.572520276670809,0.02722040970637243,0,0.0,0.10543214113735849,-2.138273228412435,True
491,대조,0,1.0,19.0,785.9,57334.0,3.0,11.32,0.0,0.0,1,2.99,1.0,1.0,242.73,6.0,1.0,1,1,1.0,2.995732273553991,6.668101175540937,0.014403868176612801,0,0.0,0.08334696354623325,-2.397716854184755,True
492,대조,0,5.0,21.0,1320.58,76376.0,7.0,24.48,0.0,0.0,1,13.0,7.0,5.0,839.85,14.0,5.0,1,1,5.0,3.091042453358316,7.186583269480293,0.018537309364067306,0,0.0,0.10360798469938336,-2.157763435125494,True
493,대조,0,4.0,20.0,655.52,8177.0,2.0,7.78,0.0,0.0,1,10.59,7.0,6.0,472.69,12.0,4.0,1,1,4.0,3.044522437723423,6.486953157863735,0.011868440322186967,0,0.0,0.07439054333809585,-2.5211235645287617,True
498,대조,0,,0.0,0.0,0.0,0.0,0.0,0.0,0.0,0,0.0,0.0,0.0,0.0,0.0,90.0,0,0,90.0,0.0,0.0,0.0,0,0.0,0.00940488877818188,-4.657076248108105,False
502,대조,0,21.0,13.0,409.77,234.0,0.0,0.0,0.0,0.0,0,0.0,0.0,0.0,151.52,2.0,21.0,0,1,21.0,2.6390573296152584,6.018033447150127,0.0,0,0.0,0.050278961042472814,-2.9385815781971276,True
503,대조,0,7.0,19.0,681.5600000000001,1005.0,3.0,4.0,0.0,0.0,0,7.09,2.0,2.0,383.65000000000003,11.0,7.0,1,1,7.0,2.995732273553991,6.525850435282986,0.0058688890193086445,0,0.0,0.0642860496483431,-2.677967170723662,True
507,대조,0,1.0,17.0,169.95,1099.0,3.0,9.65,0.0,0.0,0,0.0,0.0,0.0,149.65,4.0,1.0,0,1,1.0,2.8903717578961645,5.141371116085311,0.05678140629596941,0,0.0,0.11465642560718567,-2.0440357361715433,True
508,대조,0,8.0,12.0,272.79,144.0,0.0,0.0,0.0,0.0,0,0.0,0.0,0.0,244.6,7.0,8.0,0,1,8.0,2.5649493574615367,5.612361389177871,0.0,0,0.0,0.04539452770417064,-3.045906574477205,True
510,대조,0,4.0,65.0,1302.35,81044.0,19.0,35.25,0.0,0.0,1,27.39,11.0,11.0,672.3,29.0,4.0,1,1,4.0,4.189654742026425,7.172693151953324,0.02706645678964948,0,0.0,0.10622114029013617,-2.1299352339611533,True
513,대조,0,2.0,21.0,1548.76,512.0,2.0,24.39,0.0,0.0,1,21.25,8.0,4.0,824.59,12.0,2.0,1,1,2.0,3.091042453358316,7.345855359214864,0.01574808233683721,0,0.0,0.10340563858570753,-2.15994405048425,True
514,대조,0,22.0,8.0,259.65,164.0,6.0,16.59,0.0,0.0,0,6.880000000000001,2.0,2.0,197.94,4.0,22.0,1,1,22.0,2.1972245773362196,5.563178511214115,0.06389370306181398,0,0.0,0.15591687485746103,-1.688927967496705,True
515,대조,0,7.0,4.0,146.91,89.0,1.0,1.98,0.0,0.0,0,0.0,0.0,0.0,99.61,4.0,7.0,0,1,7.0,1.6094379124341003,4.996603980683279,0.013477639371043496,0,0.0,0.0554001673992983,-2.836178764848217,True
517,대조,0,11.0,12.0,374.5,11540.0,3.0,5.98,0.0,0.0,0,3.39,1.0,1.0,431.64,9.0,11.0,1,1,11.0,2.5649493574615367,5.928258471204189,0.015967957276368492,0,0.0,0.06848382904578569,-2.6102159049391456,True
518,대조,0,2.0,16.0,282.3,136.0,3.0,4.78,0.0,0.0,1,0.0,0.0,0.0,257.43,8.0,2.0,0,1,2.0,2.833213344056216,5.646506406836471,0.016932341480694297,0,0.0,0.06530553314413218,-2.661142935564435,True
519,처치,1,15.0,5.0,155.39,69.0,0.0,0.0,0.0,0.0,0,6.78,2.0,1.0,60.18,3.0,15.0,1,1,15.0,1.791759469228055,5.052352887448124,0.0,0,0.0,0.04166606705547538,-3.1355092323823346,True
520,대조,0,2.0,17.0,333.22,220.0,1.0,1.98,0.0,0.0,0,0.0,0.0,0.0,90.48,6.0,2.0,0,1,2.0,2.8903717578961645,5.811799458775237,0.005942020286897545,0,0.0,0.052574954492799586,-2.891507970162195,True
523,대조,0,5.0,6.0,108.12,23191.0,0.0,0.0,0.0,0.0,1,0.0,0.0,0.0,0.0,0.0,5.0,0,0,5.0,1.9459101490553132,4.692448194095152,0.0,0,0.0,0.03857419719257123,-3.2158338074504886,True
524,대조,0,4.0,21.0,740.92,350.0,3.0,5.9399999999999995,0.0,0.0,0,2.34,1.0,1.0,73.29,6.0,4.0,1,1,4.0,3.091042453358316,6.6092414206431505,0.008017059871511094,0,0.0,0.06822017301984583,-2.6143562364400292,True
526,처치,1,2.0,35.0,900.73,65229.0,8.0,25.59,0.0,0.0,1,0.0,0.0,0.0,174.01,8.0,2.0,0,1,2.0,3.58351893845611,6.804315140441487,0.028410289431905232,0,0.0,0.10535313906875368,-2.139111135242926,True
527,대조,0,2.0,20.0,479.29,198.0,4.0,12.41,0.0,0.0,1,22.94,7.0,7.0,331.87,9.0,2.0,1,1,2.0,3.044522437723423,6.1743900881334,0.025892465939201734,0,0.0,0.08888968799682496,-2.3272678385904753,True
530,대조,0,1.0,10.0,319.43,113.0,2.0,5.470000000000001,0.0,0.0,0,0.0,0.0,0.0,106.08999999999999,5.0,1.0,0,1,1.0,2.3978952727983707,5.769663843769714,0.01712425257489904,0,0.0,0.0689433952250003,-2.603034266541314,True
534,대조,0,2.0,77.0,235.23,8084.0,3.0,5.78,0.0,0.0,1,0.0,0.0,0.0,159.0,55.0,2.0,0,1,2.0,4.356708826689592,5.464805906705667,0.02457169578710199,0,0.0,0.05919688082622773,-2.7658650408314727,True
537,대조,0,8.0,11.0,272.3,105.0,8.0,18.12,0.0,0.0,0,0.0,0.0,0.0,274.57,3.0,8.0,0,1,8.0,2.4849066497880004,5.610570092934022,0.06654425266250459,0,0.0,0.16266436137058923,-1.6385360468739099,True
538,대조,0,12.0,6.0,318.17,148.0,15.0,20.689999999999998,0.0,0.0,0,18.89,31.0,17.0,436.75,5.0,12.0,1,1,12.0,1.9459101490553132,5.765723876196384,0.06502812961624288,0,0.0,0.174843363030231,-1.551682726594716,True
540,대조,0,1.0,7.0,182.18,58.0,6.0,22.240000000000002,0.0,0.0,1,20.35,5.0,5.0,218.33,6.0,1.0,1,1,1.0,2.0794415416798357,5.210469275974842,0.1220770666373916,0,0.0,0.3788092921064651,-0.4946052414585901,False
541,대조,0,5.0,3.0,70.53,14027.0,0.0,0.0,0.0,0.0,0,0.0,0.0,0.0,45.44,2.0,5.0,0,1,5.0,1.3862943611198906,4.270116942120293,0.0,0,0.0,0.03467983247044649,-3.3263015049602327,True
542,대조,0,1.0,22.0,254.27,14692.0,0.0,0.0,0.0,0.0,1,0.0,0.0,0.0,172.32999999999998,9.0,1.0,0,1,1.0,3.1354942159291497,5.542321808529576,0.0,0,0.0,0.04350198857929937,-3.0904720583452123,True
543,대조,0,4.0,13.0,444.55,261.0,0.0,0.0,0.0,0.0,1,0.0,0.0,0.0,253.53,6.0,4.0,0,1,4.0,2.6390573296152584,6.099309474058729,0.0,0,0.0,0.05501112663615801,-2.843637685958585,True
544,대조,0,9.0,12.0,363.7,181.0,1.0,1.0,0.0,0.0,0,7.58,3.0,3.0,326.01,46.0,9.0,1,1,9.0,2.5649493574615367,5.8990750978146345,0.0027495188342040143,0,0.0,0.05240943450843718,-2.894835893029751,True
545,대조,0,15.0,8.0,430.92,252.0,3.0,15.24,0.0,0.0,0,0.0,0.0,0.0,251.86,6.0,15.0,0,1,15.0,2.1972245773362196,6.068240385910031,0.0353661932609301,0,0.0,0.10790616999253959,-2.112309264502641,True
546,대조,0,2.0,33.0,838.97,77652.0,1.0,1.64,0.0,0.0,1,0.0,0.0,0.0,303.14,12.0,2.0,0,1,2.0,3.5263605246161616,6.733366176913875,0.001954777882403423,0,0.0,0.06236860671112563,-2.7102948496643213,True
548,대조,0,6.0,16.0,780.7,334.0,3.0,1.7999999999999998,0.0,0.0,1,9.98,3.0,3.0,662.76,10.0,6.0,1,1,6.0,2.833213344056216,6.661471035226285,0.002305623158703727,0,0.0,0.06670697813324876,-2.6384096485671744,True
549,대조,0,87.0,2.0,66.27,32.0,0.0,0.0,0.0,0.0,0,0.0,0.0,0.0,0.0,0.0,87.0,0,0,87.0,1.0986122886681098,4.208714372037514,0.0,0,0.0,0.031912554639096015,-3.4123229245935955,True
553,대조,0,2.0,38.0,958.83,423.0,6.0,11.52,0.0,0.0,1,1.2,2.0,1.0,559.24,26.0,2.0,1,1,2.0,3.6635616461296463,6.866756185447444,0.012014642845968523,0,0.0,0.07773461915352989,-2.4735323067640556,True
558,대조,0,8.0,18.0,645.93,251.0,3.0,6.5600000000000005,0.0,0.0,0,9.16,4.0,4.0,486.89,13.0,8.0,1,1,8.0,2.9444389791664403,6.472238096993975,0.010155899246048336,0,0.0,0.06913746032423149,-2.600014916884035,True
562,대조,0,16.0,9.0,152.01,59.0,0.0,0.0,0.0,1.0,0,0.0,0.0,0.0,203.54000000000002,6.0,16.0,0,1,16.0,2.302585092994046,5.030503278733722,0.0,0,1.0,0.014645549651543814,-4.208864913250238,False
563,대조,0,8.0,10.0,348.2,13038.0,0.0,0.0,0.0,0.0,0,1.2,2.0,1.0,304.11,8.0,8.0,1,1,8.0,2.3978952727983707,5.855644823965447,0.0,0,0.0,0.05006235069669967,-2.9431271076423298,True
566,대조,0,20.0,11.0,75.63,15188.0,0.0,0.0,0.0,0.0,0,0.0,0.0,0.0,58.22,6.0,20.0,0,1,20.0,2.4849066497880004,4.3389886449823125,0.0,0,0.0,0.030159475938367004,-3.4706324828570874,True
567,대조,0,2.0,26.0,191.06,130.0,0.0,0.0,0.0,1.0,1,0.0,0.0,0.0,116.05,17.0,2.0,0,1,2.0,3.295836866004329,5.257807823209827,0.0,0,1.0,0.014725935728140429,-4.203309565889364,False
569,처치,1,11.0,18.0,1112.24,413.0,8.0,27.95,0.0,0.0,1,10.77,3.0,2.0,687.49,10.0,11.0,1,1,11.0,2.9444389791664403,7.01502996145318,0.025129468460044595,0,0.0,0.11265846717977764,-2.0638691231823216,True
570,대조,0,6.0,3.0,178.06,55.0,2.0,4.98,0.0,0.0,0,0.0,0.0,0.0,84.97,2.0,6.0,0,1,6.0,1.3862943611198906,5.18772094520601,0.027968100640233633,0,0.0,0.08035446792675684,-2.4375406081279936,True
573,대조,0,2.0,15.0,553.48,234.0,0.0,0.0,0.0,0.0,0,0.0,0.0,0.0,283.15,12.0,2.0,0,1,2.0,2.772588722239781,6.318030737609729,0.0,0,0.0,0.055548317327686475,-2.833351304622702,True
574,대조,0,10.0,12.0,669.8,34014.0,0.0,0.0,0.0,0.0,1,0.0,0.0,0.0,521.86,10.0,10.0,0,1,10.0,2.5649493574615367,6.508471029949054,0.0,0,0.0,0.06260372987764816,-2.706281247479001,True
577,대조,0,1.0,8.0,776.84,274.0,3.0,10.370000000000001,0.0,0.0,0,6.380000000000001,2.0,2.0,274.38,2.0,1.0,1,1,1.0,2.1972245773362196,6.656520847501402,0.01334895216518202,0,0.0,0.08606817102654112,-2.362616314705578,True
580,대조,0,4.0,11.0,152.72,7189.0,0.0,0.0,0.0,0.0,0,3.99,1.0,1.0,119.54,9.0,4.0,1,1,4.0,2.4849066497880004,5.035132765696643,0.0,0,0.0,0.03840095179939105,-3.2205153282434567,True
581,대조,0,7.0,15.0,592.87,335.0,0.0,0.0,0.0,0.0,0,0.0,0.0,0.0,223.25,11.0,7.0,0,1,7.0,2.772588722239781,6.386660440191491,0.0,0,0.0,0.05640839648243239,-2.8170754279191934,True
582,대조,0,5.0,25.0,985.52,331.0,0.0,0.0,0.0,0.0,1,0.0,0.0,0.0,334.56,10.0,5.0,0,1,5.0,3.258096538021482,6.894183598952043,0.0,0,0.0,0.06501174246104974,-2.66596606360123,True
583,대조,0,9.0,24.0,630.8,190.0,0.0,0.0,0.0,1.0,1,0.0,0.0,0.0,380.95,20.0,9.0,0,1,9.0,3.2188758248682006,6.448572888367985,0.0,0,1.0,0.02169128687204204,-3.8089146245414867,True
584,대조,0,1.0,16.0,320.97,55564.0,0.0,0.0,0.0,0.0,0,0.0,0.0,0.0,117.07,4.0,1.0,0,1,1.0,2.833213344056216,5.774458373502165,0.0,0,0.0,0.04654736313090159,-3.019619394719041,True
586,대조,0,2.0,21.0,604.23,20942.0,8.0,6.49,0.0,0.0,1,0.6,1.0,1.0,649.0,28.0,2.0,1,1,2.0,3.091042453358316,6.405608551075583,0.010740943018387038,0,0.0,0.07074138645994862,-2.575356295518157,True
591,대조,0,1.0,52.0,1868.88,662.0,2.0,7.98,0.0,0.0,0,9.26,4.0,3.0,1246.74,27.0,1.0,1,1,1.0,3.970291913552122,7.5336295366665835,0.004269937074611532,0,0.0,0.07567862336428359,-2.5025640870216095,True
594,대조,0,5.0,31.0,574.17,19815.0,0.0,0.0,0.0,0.0,0,0.0,0.0,0.0,416.3,6.0,5.0,0,1,5.0,3.4657359027997265,6.3546656492747715,0.0,0,0.0,0.051250153954523495,-2.9184265444342112,True
595,대조,0,4.0,26.0,392.24,165.0,1.0,8.0,0.0,0.0,1,0.0,0.0,0.0,197.25,10.0,4.0,0,1,4.0,3.295836866004329,5.9744201124987235,0.020395676116663267,0,0.0,0.07275894871939731,-2.5450616605677236,True
596,대조,0,2.0,20.0,414.16,163.0,0.0,0.0,0.0,0.0,1,0.0,0.0,0.0,215.86,12.0,2.0,0,1,2.0,3.044522437723423,6.0286639880970885,0.0,0,0.0,0.05122212019793887,-2.9190032402425525,True
597,대조,0,10.0,21.0,675.3100000000001,336.0,4.0,9.83,0.0,0.0,1,12.67,8.0,7.0,361.38,7.0,10.0,1,1,10.0,3.091042453358316,6.5166515508090015,0.01455627785757652,0,0.0,0.07807461744083115,-2.4687992870385322,True
600,대조,0,9.0,11.0,269.85,16220.0,0.0,0.0,0.0,0.0,0,3.0,2.0,2.0,809.31,19.0,9.0,1,1,9.0,2.4849066497880004,5.601565162103908,0.0,0,0.0,0.04565270131871286,-3.0399648700880704,True
601,처치,1,8.0,10.0,704.1800000000001,28605.0,17.0,31.28,0.0,0.0,1,10.0,12.0,8.0,232.8,3.0,8.0,1,1,8.0,2.3978952727983707,6.558453089372818,0.04442046067766764,0,0.0,0.15032207311315665,-1.7320772217921336,True
605,대조,0,1.0,15.0,713.26,365.0,9.0,26.200000000000003,0.0,0.0,1,27.5,11.0,8.0,571.62,16.0,1.0,1,1,1.0,2.772588722239781,6.571247041712908,0.03673274822645319,0,0.0,0.12666143944211988,-1.9308055978021579,True
606,대조,0,28.0,10.0,358.62,150.0,0.0,0.0,0.0,0.0,1,0.0,0.0,0.0,264.89,8.0,28.0,0,1,28.0,2.3978952727983707,5.885047918403492,0.0,0,0.0,0.05154137990259855,-2.9124531834508285,True
607,대조,0,6.0,57.0,719.83,61329.0,0.0,0.0,0.0,0.0,1,8.37,3.0,1.0,746.58,24.0,6.0,1,1,6.0,4.060443010546419,6.580403325849776,0.0,0,0.0,0.053209821966132914,-2.878834501000446,True
608,대조,0,4.0,34.0,670.63,269.0,3.0,10.77,0.0,0.0,1,14.17,8.0,8.0,530.33,21.0,4.0,1,1,4.0,3.5553480614894135,6.509707593651835,0.01605952611723305,0,0.0,0.0762512091103754,-2.4944068907993504,True
612,대조,0,2.0,21.0,418.18,232.0,1.0,1.2,0.0,0.0,0,0.0,0.0,0.0,256.17,8.0,2.0,0,1,2.0,3.091042453358316,6.038300421945014,0.00286957769381606,0,0.0,0.05174499630539075,-2.9082957196025845,True
614,대조,0,8.0,13.0,304.4,187.0,6.0,14.73,0.0,0.0,1,0.0,0.0,0.0,265.0,11.0,8.0,0,1,8.0,2.6390573296152584,5.721622392784532,0.04839027595269383,0,0.0,0.12375356736568899,-1.957355138936325,True
618,대조,0,2.0,98.0,764.86,64814.0,1.0,3.34,0.0,0.0,0,4.49,1.0,1.0,764.93,44.0,2.0,1,1,2.0,4.59511985013459,6.640999385412533,0.004366812227074236,0,0.0,0.053125307713321024,-2.8805133442413617,True
621,대조,0,2.0,15.0,307.54,96.0,2.0,3.75,0.0,0.0,1,0.0,0.0,0.0,179.6,8.0,2.0,0,1,2.0,2.772588722239781,5.731851494583793,0.012193535800221108,0,0.0,0.061553880060862334,-2.724312553739048,True
622,처치,1,1.0,17.0,256.83,132.0,0.0,0.0,0.0,0.0,1,6.0,10.0,5.0,368.29,15.0,1.0,1,1,1.0,2.8903717578961645,5.552300453013218,0.0,0,0.0,0.04503778071776077,-3.0541700697040692,True
623,대조,0,4.0,21.0,1186.1,21885.0,4.0,27.0,0.0,0.0,1,6.66,2.0,1.0,630.58,15.0,4.0,1,1,4.0,3.091042453358316,7.079268637059489,0.022763679285051852,0,0.0,0.1087896087230653,-2.1031647071753357,True
632,대조,0,4.0,29.0,803.16,48523.0,0.0,0.0,0.0,0.0,0,0.0,0.0,0.0,219.6,6.0,4.0,0,1,4.0,3.4011973816621555,6.689798254355227,0.0,0,0.0,0.057439513784498214,-2.7978676336693367,True
633,대조,0,2.0,28.0,937.9300000000001,49209.0,3.0,9.33,0.0,0.0,0,0.0,0.0,0.0,452.71,22.0,2.0,0,1,2.0,3.367295829986474,6.844740929038627,0.00994743744202659,0,0.0,0.07372950451495146,-2.530763252029562,True
634,대조,0,8.0,10.0,592.51,207.0,6.0,21.66,0.0,0.0,0,4.49,1.0,1.0,306.56,8.0,8.0,1,1,8.0,2.3978952727983707,6.38605406310744,0.036556345040590035,0,0.0,0.11914576006611538,-2.000544545748961,True
636,대조,0,1.0,23.0,909.94,666.0,0.0,0.0,0.0,0.0,0,0.0,0.0,0.0,824.24,23.0,1.0,0,1,1.0,3.1780538303479458,6.814477033400532,0.0,0,0.0,0.06163834360976199,-2.7228512977919412,True
637,대조,0,4.0,11.0,373.38,202.0,0.0,0.0,0.0,0.0,0,0.0,0.0,0.0,318.77,11.0,4.0,0,1,4.0,2.4849066497880004,5.925271324373183,0.0,0,0.0,0.050845973510058054,-2.926770153750641,True
638,대조,0,9.0,27.0,1304.61,106524.0,8.0,28.89,0.0,0.0,0,18.19,6.0,5.0,852.46,19.0,9.0,1,1,9.0,3.332204510175204,7.174425643494236,0.022144548945661924,0,0.0,0.10247073758177748,-2.17006845338439,True
639,대조,0,,0.0,0.0,0.0,0.0,0.0,0.0,0.0,0,0.0,0.0,0.0,2.0,1.0,90.0,0,1,90.0,0.0,0.0,0.0,0,0.0,0.00940488877818188,-4.657076248108105,False
640,대조,0,15.0,21.0,415.87,25572.0,0.0,0.0,0.0,0.0,0,0.0,0.0,0.0,235.77,7.0,15.0,0,1,15.0,3.091042453358316,6.032774422594961,0.0,0,0.0,0.04801953105010811,-2.986936693746918,True
644,대조,0,2.0,55.0,825.39,58343.0,5.0,11.540000000000001,0.0,0.0,1,7.12,3.0,3.0,294.63,15.0,2.0,1,1,2.0,4.02535169073515,6.717066817054577,0.013981269460497462,0,0.0,0.07375720338447181,-2.5303577361867347,True
646,대조,0,28.0,4.0,72.07,13802.0,0.0,0.0,0.0,0.0,0,0.0,0.0,0.0,68.65,3.0,28.0,0,1,28.0,1.6094379124341003,4.291417885803126,0.0,0,0.0,0.032969977941617906,-3.3786321535280375,True
647,대조,0,1.0,18.0,767.59,65142.0,1.0,4.59,0.0,0.0,1,21.5,8.0,4.0,572.84,13.0,1.0,1,1,1.0,2.9444389791664403,6.644557667377356,0.005979754817024713,0,0.0,0.07073496119398019,-2.575454041557572,True
653,대조,0,4.0,50.0,2052.9,171335.0,3.0,8.49,0.0,0.0,0,3.33,1.0,1.0,1396.85,31.0,4.0,1,1,4.0,3.9318256327243257,7.627495703811603,0.004135613035218471,0,0.0,0.07776907864618267,-2.473051743722971,True
656,대조,0,6.0,5.0,209.85,98.0,4.0,10.75,0.0,0.0,0,8.67,4.0,3.0,207.96,3.0,6.0,1,1,6.0,1.791759469228055,5.351146980192569,0.05122706695258518,0,0.0,0.12456869902712782,-1.949859317178166,True
660,대조,0,2.0,25.0,1318.0,51858.0,7.0,27.03,0.0,0.0,1,0.0,0.0,0.0,377.72,9.0,2.0,0,1,2.0,3.258096538021482,7.1846291527173145,0.020508345978755692,0,0.0,0.10567538928356353,-2.1356967782771985,True
661,대조,0,2.0,52.0,1251.6000000000001,325.0,0.0,0.0,0.0,0.0,1,5.68,2.0,2.0,831.04,28.0,2.0,1,1,2.0,3.970291913552122,7.132976670091312,0.0,0,0.0,0.06420904210002581,-2.679248072499491,True
662,대조,0,10.0,3.0,52.43,11.0,0.0,0.0,0.0,0.0,0,0.0,0.0,0.0,0.0,0.0,10.0,0,0,10.0,1.3862943611198906,3.97837238596968,0.0,0,0.0,0.031402887212580034,-3.428948911022331,True
663,대조,0,5.0,13.0,300.19,10392.0,0.0,0.0,0.0,0.0,0,0.0,0.0,0.0,247.31,7.0,5.0,0,1,5.0,2.6390573296152584,5.70774129484338,0.0,0,0.0,0.04650440473173031,-3.0205877719687497,True
665,대조,0,4.0,2.0,20.15,5.0,0.0,0.0,0.0,1.0,0,0.0,0.0,0.0,7.17,1.0,4.0,0,1,4.0,1.0986122886681098,3.0516399054922867,0.0,0,1.0,0.009153122574645694,-4.68446492313983,False
671,대조,0,2.0,15.0,575.16,49884.0,0.0,0.0,0.0,0.0,1,0.0,0.0,0.0,261.71,6.0,2.0,0,1,2.0,2.772588722239781,6.356385399900565,0.0,0,0.0,0.05873240587369778,-2.774235837555687,True
672,대조,0,6.0,27.0,782.08,35194.0,4.0,10.33,0.0,0.0,1,6.0,2.0,2.0,117.76,6.0,6.0,1,1,6.0,3.332204510175204,6.663234861908342,0.013208367430441898,0,0.0,0.07755029033181714,-2.4761062257466495,True
675,대조,0,6.0,33.0,747.22,43557.0,0.0,0.0,0.0,0.0,1,0.0,0.0,0.0,360.27,18.0,6.0,0,1,6.0,3.5263605246161616,6.61769705237742,0.0,0,0.0,0.05761634409902954,-2.7946061905164847,True
680,대조,0,5.0,17.0,651.85,351.0,5.0,9.629999999999999,0.0,0.0,1,0.0,0.0,0.0,279.29,6.0,5.0,0,1,5.0,2.8903717578961645,6.481347393854048,0.014773337424254044,0,0.0,0.07998894165693331,-2.4424972940779637,True
685,대조,0,2.0,23.0,534.45,16821.0,0.0,0.0,0.0,0.0,1,4.68,2.0,2.0,436.31,12.0,2.0,1,1,2.0,3.1780538303479458,6.2831075148468845,0.0,0,0.0,0.05452547941568068,-2.8530188350152805,True
688,대조,0,1.0,2.0,136.25,44.0,0.0,0.0,0.0,0.0,1,0.0,0.0,0.0,303.33,2.0,1.0,0,1,1.0,1.0986122886681098,4.92180408038964,0.0,0,0.0,0.04648839316429628,-3.020948925775012,True
690,대조,0,9.0,35.0,701.5600000000001,49086.0,0.0,0.0,0.0,0.0,1,0.0,0.0,0.0,701.91,31.0,9.0,0,1,9.0,3.58351893845611,6.554730806813407,0.0,0,0.0,0.05588746297243096,-2.8269052929708356,True
692,대조,0,6.0,14.0,461.15,19853.0,1.0,1.89,0.0,0.0,1,2.8899999999999997,2.0,2.0,260.94,11.0,6.0,1,1,6.0,2.70805020110221,6.1358895137107865,0.00409844952835303,0,0.0,0.0596726869662162,-2.7573536090518953,True
693,대조,0,5.0,38.0,1023.89,452.0,8.0,35.67,0.0,1.0,1,14.39,5.0,3.0,336.63,18.0,5.0,1,1,5.0,3.6635616461296463,6.9323405687404485,0.034837726708923815,0,1.0,0.0486794640229361,-2.972593799409017,True
694,대조,0,17.0,39.0,397.05,179.0,0.0,0.0,0.0,0.0,0,0.0,0.0,0.0,62.94,4.0,17.0,0,1,17.0,3.6888794541139363,5.986577625534587,0.0,0,0.0,0.04372033130205647,-3.0852371696545235,True
695,대조,0,2.0,30.0,1252.85,24545.0,0.0,0.0,0.0,0.0,1,15.05,5.0,5.0,726.23,23.0,2.0,1,1,2.0,3.4339872044851463,7.133974096813275,0.0,0,0.0,0.06870857347698427,-2.60669826623892,True
696,대조,0,4.0,37.0,1318.25,55171.0,3.0,5.9399999999999995,0.0,0.0,1,21.15,10.0,6.0,1341.85,32.0,4.0,1,1,4.0,3.6375861597263857,7.184818672285777,0.004505973828939882,0,0.0,0.0741050622549767,-2.5252769235506207,True
697,대조,0,27.0,5.0,263.84,14641.0,2.0,3.7800000000000002,0.0,0.0,0,0.0,0.0,0.0,131.83,6.0,27.0,0,1,27.0,1.791759469228055,5.579125870056645,0.01432686476652517,0,0.0,0.06439508974377378,-2.676155898950608,True
702,대조,0,1.0,41.0,1020.47,51295.0,4.0,19.45,0.0,0.0,0,23.55,9.0,8.0,772.99,26.0,1.0,1,1,1.0,3.7376696182833684,6.928998045250788,0.01905984497339461,0,0.0,0.08625582115959218,-2.36023309507818,True
703,대조,0,1.0,28.0,1543.78,154688.0,7.0,25.049999999999997,0.0,0.0,0,36.91,12.0,7.0,512.23,16.0,1.0,1,1,1.0,3.367295829986474,7.342636784370734,0.016226405316819754,0,0.0,0.09679550058631349,-2.233348482803218,True
705,대조,0,1.0,9.0,174.97,67.0,0.0,0.0,0.0,0.0,0,0.0,0.0,0.0,97.19,5.0,1.0,0,1,1.0,2.302585092994046,5.17031352596367,0.0,0,0.0,0.04118869069780189,-3.147530576709929,True
707,대조,0,1.0,74.0,2654.59,227655.0,2.0,6.68,0.0,0.0,1,15.99,7.0,7.0,1888.29,48.0,1.0,1,1,1.0,4.31748811353631,7.8844221312105605,0.0025163961289690682,0,0.0,0.08136700770382249,-2.423916807008746,True
708,대조,0,18.0,6.0,260.40000000000003,169.0,1.0,2.5,0.0,1.0,1,2.99,1.0,1.0,190.7,6.0,18.0,1,1,18.0,1.9459101490553132,5.566051801190122,0.009600614439324116,0,1.0,0.023234324279217042,-3.7386161025711253,True
709,대조,0,2.0,28.0,940.36,527.0,3.0,5.95,0.0,0.0,0,3.0,5.0,3.0,1099.32,21.0,2.0,1,1,2.0,3.367295829986474,6.847325638155674,0.006327363988259816,0,0.0,0.06875848998074328,-2.6059184333430325,True
715,대조,0,5.0,21.0,386.76,256.0,0.0,0.0,0.0,0.0,1,4.0,2.0,2.0,177.42,10.0,5.0,1,1,5.0,3.091042453358316,5.96038659153712,0.0,0,0.0,0.04965988766234161,-2.9516224155684663,True
716,대조,0,16.0,7.0,74.74,36.0,0.0,0.0,0.0,0.0,1,3.34,1.0,1.0,201.07,11.0,16.0,1,1,16.0,2.0794415416798357,4.327306422473649,0.0,0,0.0,0.03330001617541978,-3.368330310003322,True
722,대조,0,7.0,14.0,544.15,7783.0,1.0,2.67,0.0,0.0,1,26.72,9.0,7.0,609.3100000000001,11.0,7.0,1,1,7.0,2.70805020110221,6.3010609861523905,0.004906735275199853,0,0.0,0.06373584729304226,-2.6871504949473297,True
725,대조,0,14.0,18.0,600.19,413.0,1.0,2.67,0.0,0.0,1,5.78,2.0,2.0,480.94,12.0,14.0,1,1,14.0,2.9444389791664403,6.398911024340616,0.00444859127942818,0,0.0,0.06266527749575644,-2.7052329400119004,True
726,대조,0,1.0,7.0,181.99,83.0,1.0,2.29,0.0,0.0,0,3.39,1.0,1.0,166.48000000000002,4.0,1.0,1,1,1.0,2.0794415416798357,5.2094315065395955,0.012583108962030881,0,0.0,0.055181051233407906,-2.8403737009378403,True
727,대조,0,4.0,16.0,843.98,393.0,0.0,0.0,0.0,0.0,0,0.0,0.0,0.0,348.6,9.0,4.0,0,1,4.0,2.833213344056216,6.739312958438014,0.0,0,0.0,0.06267654637231022,-2.7050411073674865,True
728,대조,0,2.0,73.0,1825.14,156433.0,0.0,0.0,0.0,0.0,0,0.0,0.0,0.0,1534.6,54.0,2.0,0,1,2.0,4.30406509320417,7.50995972853353,0.0,0,0.0,0.06622055204112606,-2.64624940469949,True
729,대조,0,1.0,7.0,220.64000000000001,94.0,6.0,4.0,0.0,0.0,0,8.02,6.0,4.0,262.58,3.0,1.0,1,1,1.0,2.0794415416798357,5.401054443999149,0.018129079042784626,0,0.0,0.06533297722328531,-2.6606934206049373,True
730,대조,0,15.0,10.0,149.17000000000002,62.0,0.0,0.0,0.0,1.0,0,0.0,0.0,0.0,58.56,5.0,15.0,0,1,15.0,2.3978952727983707,5.011767985692189,0.0,0,1.0,0.014391691355900484,-4.226607971894283,False
731,대조,0,2.0,27.0,320.99,10624.0,0.0,0.0,0.0,0.0,1,0.0,0.0,0.0,393.08,24.0,2.0,0,1,2.0,3.332204510175204,5.774520489161543,0.0,0,0.0,0.04558104827742729,-3.0416107056177046,True
732,처치,1,2.0,18.0,757.96,18995.0,3.0,2.08,0.0,0.0,1,6.0,3.0,3.0,538.54,16.0,2.0,1,1,2.0,2.9444389791664403,6.631949075084622,0.0027442081376325925,0,0.0,0.06606154456828817,-2.6488237415322993,True
733,대조,0,21.0,8.0,221.28,152.0,1.0,4.0,0.0,0.0,1,6.0,10.0,6.0,244.4,8.0,21.0,1,1,21.0,2.1972245773362196,5.40393784841172,0.018076644974692697,0,0.0,0.06563653883710871,-2.65573297189137,True
734,대조,0,1.0,5.0,199.82,77.0,2.0,6.95,0.0,0.0,0,0.0,0.0,0.0,93.68,5.0,1.0,0,1,1.0,1.791759469228055,5.30240898445129,0.03478130317285557,0,0.0,0.09072034403506303,-2.3048710669429955,True
737,대조,0,27.0,6.0,126.5,55.0,0.0,0.0,0.0,1.0,0,0.0,0.0,0.0,17.490000000000002,2.0,27.0,0,1,27.0,1.9459101490553132,4.848116364598481,0.0,0,1.0,0.014272581622538746,-4.235039536725325,False
738,대조,0,16.0,27.0,525.91,1214.0,0.0,0.0,0.0,0.0,0,0.0,0.0,0.0,303.0,23.0,16.0,0,1,16.0,3.332204510175204,6.267029755968526,0.0,0,0.0,0.05005019826983785,-2.943382675725745,True
740,처치,1,6.0,18.0,1199.45,634.0,16.0,36.39,0.0,0.0,1,22.560000000000002,7.0,7.0,754.48,17.0,6.0,1,1,6.0,2.9444389791664403,7.0904517654811645,0.030338905331610322,0,0.0,0.12750189963952294,-1.9232292132159334,True
741,대조,0,2.0,11.0,441.65,7884.0,0.0,0.0,0.0,0.0,1,3.78,4.0,3.0,484.76,13.0,2.0,1,1,2.0,2.4849066497880004,6.092779390057058,0.0,0,0.0,0.056121133259525675,-2.8224853902452223,True
742,대조,0,1.0,52.0,556.64,443.0,0.0,0.0,0.0,0.0,1,0.5,1.0,1.0,452.68,29.0,1.0,1,1,1.0,3.970291913552122,6.3237135928848875,0.0,0,0.0,0.04997193342891857,-2.9450300115161583,True
743,대조,0,8.0,16.0,460.2,7130.0,4.0,13.370000000000001,0.0,0.0,0,6.68,2.0,2.0,320.68,6.0,8.0,1,1,8.0,2.833213344056216,6.133831788394904,0.029052585832246854,0,0.0,0.09112707438419586,-2.299950334371945,True
744,대조,0,1.0,28.0,800.18,45140.0,13.0,16.35,0.0,0.0,0,4.58,2.0,2.0,240.56,8.0,1.0,1,1,1.0,3.367295829986474,6.6860856409239275,0.020432902596915697,0,0.0,0.08614113472422831,-2.361689092609398,True
745,처치,1,5.0,26.0,823.38,455.0,9.0,23.23,0.0,0.0,0,21.57,9.0,5.0,620.12,16.0,5.0,1,1,5.0,3.295836866004329,6.714631588654096,0.028212975782749155,0,0.0,0.10116098196245409,-2.1843908218479346,True
747,대조,0,5.0,27.0,256.87,113.0,0.0,0.0,0.0,0.0,0,3.49,1.0,1.0,74.55,12.0,5.0,1,1,5.0,3.332204510175204,5.55245558196447,0.0,0,0.0,0.04049754303404665,-3.1651735696714556,True
748,대조,0,61.0,3.0,98.06,33.0,0.0,0.0,0.0,0.0,1,0.0,0.0,0.0,0.0,0.0,61.0,0,0,61.0,1.3862943611198906,4.595725727160092,0.0,0,0.0,0.03755185391304506,-3.2437574416718418,True
749,대조,0,2.0,14.0,219.0,134.0,0.0,0.0,0.0,0.0,0,0.0,0.0,0.0,227.60999999999999,14.0,2.0,0,1,2.0,2.70805020110221,5.393627546352362,0.0,0,0.0,0.04189813431269984,-3.1297128051396634,True
752,대조,0,6.0,18.0,743.25,15249.0,3.0,5.890000000000001,0.0,0.0,1,3.99,1.0,1.0,620.34,13.0,6.0,1,1,6.0,2.9444389791664403,6.6123769998958855,0.007924655230406997,0,0.0,0.0723184106375793,-2.551609819958583,True
754,처치,1,10.0,5.0,301.23,126.0,4.0,9.54,0.0,0.0,0,2.34,1.0,1.0,144.01,2.0,10.0,1,1,10.0,1.791759469228055,5.711188316916794,0.031670152375261426,0,0.0,0.09562877353203486,-2.246766171705786,True
757,대조,0,11.0,5.0,322.74,129.0,0.0,0.0,0.0,0.0,0,0.0,0.0,0.0,155.88,2.0,11.0,0,1,11.0,1.791759469228055,5.779940724505814,0.0,0,0.0,0.052634748657438606,-2.8903081894075817,True
760,대조,0,8.0,13.0,397.6,160.0,3.0,16.74,0.0,1.0,0,19.96,5.0,5.0,215.18,8.0,8.0,1,1,8.0,2.6390573296152584,5.987958407778694,0.042102615694164985,0,1.0,0.04547627056302039,-3.0440218396233805,True
761,대조,0,5.0,24.0,1214.56,48378.0,1.0,2.99,0.0,0.0,1,4.58,2.0,1.0,558.82,11.0,5.0,1,1,5.0,3.2188758248682006,7.102960154940198,0.0024617968647082074,0,0.0,0.07309441721930132,-2.5400997159202636,True
762,처치,1,2.0,95.0,1046.2,46796.0,1.0,3.99,0.0,0.0,1,26.09,13.0,11.0,800.12,89.0,2.0,1,1,2.0,4.564348191467836,6.953875214595691,0.003813802332250048,0,0.0,0.06075235086972378,-2.7382734026127515,True
763,대조,0,4.0,9.0,644.34,333.0,0.0,0.0,0.0,0.0,0,0.0,0.0,0.0,336.23,3.0,4.0,0,1,4.0,2.302585092994046,6.469777309693565,0.0,0,0.0,0.06165684529388841,-2.7225314604564157,True
764,대조,0,27.0,8.0,199.87,111.0,0.0,0.0,0.0,0.0,1,0.0,0.0,0.0,27.77,1.0,27.0,0,1,27.0,2.1972245773362196,5.302657932646457,0.0,0,0.0,0.044093651588814085,-3.0763441291517104,True
766,처치,1,4.0,20.0,1226.41,523.0,5.0,13.96,0.0,0.0,1,13.27,4.0,4.0,987.5,12.0,4.0,1,1,4.0,3.044522437723423,7.11266153722505,0.011382816513237824,0,0.0,0.08908679597188808,-2.3248364870924068,True
768,대조,0,1.0,66.0,736.25,61465.0,0.0,0.0,0.0,0.0,1,0.0,0.0,0.0,381.33,30.0,1.0,0,1,1.0,4.204692619390966,6.602927047695386,0.0,0,0.0,0.052927381583262996,-2.8844549576204614,True
769,대조,0,12.0,8.0,328.99,195.0,1.0,3.49,0.0,0.0,0,0.0,0.0,0.0,117.76,7.0,12.0,0,1,12.0,2.1972245773362196,5.799062350971077,0.010608225174017447,0,0.0,0.061969487786446883,-2.7171403460579886,True
771,처치,1,1.0,61.0,1038.24,580.0,2.0,2.98,0.0,0.0,1,4.59,1.0,1.0,728.19,39.0,1.0,1,1,1.0,4.127134385045092,6.946244955762661,0.002870241947911851,0,0.0,0.06294671643165374,-2.70045154915707,True
779,대조,0,4.0,19.0,938.88,284.0,3.0,8.76,0.0,0.0,1,8.98,3.0,3.0,329.49,6.0,4.0,1,1,4.0,2.995732273553991,6.8457522075404045,0.009330265848670756,0,0.0,0.0794793562319423,-2.4494421092098406,True
780,대조,0,11.0,18.0,104.98,63.0,0.0,0.0,0.0,0.0,0,0.0,0.0,0.0,46.57,7.0,11.0,0,1,11.0,2.9444389791664403,4.663250397064616,0.0,0,0.0,0.031859576311330684,-3.414039136607797,True
784,대조,0,8.0,20.0,304.77,36055.0,0.0,0.0,0.0,1.0,1,10.0,4.0,1.0,195.59,8.0,8.0,1,1,8.0,3.044522437723423,5.722833185347001,0.0,0,1.0,0.017573130153894004,-4.023654868591461,True
785,대조,0,1.0,21.0,577.44,84254.0,1.0,4.99,0.0,1.0,1,0.0,0.0,0.0,27.04,2.0,1.0,0,1,1.0,3.091042453358316,6.360334824746592,0.00864159046827376,0,1.0,0.025851824574830748,-3.6291822412693135,True
786,대조,0,2.0,56.0,1133.54,361.0,5.0,12.86,0.0,0.0,1,7.08,3.0,3.0,929.99,24.0,2.0,1,1,2.0,4.04305126783455,7.033982561421183,0.0113449900312296,0,0.0,0.07702221166865886,-2.483511326081358,True
787,대조,0,2.0,27.0,374.27,160.0,14.0,41.900000000000006,0.0,0.0,1,15.11,5.0,5.0,230.24,18.0,2.0,1,1,2.0,3.332204510175204,5.927645766894759,0.11195126512945203,0,0.0,0.3451295536390396,-0.6405175599200271,False
790,대조,0,12.0,5.0,135.13,21257.0,0.0,0.0,0.0,0.0,1,0.0,0.0,0.0,122.34,3.0,12.0,0,1,12.0,1.791759469228055,4.913610311524382,0.0,0,0.0,0.04184598752349376,-3.1310126148747583,True
793,대조,0,7.0,15.0,149.52,56.0,0.0,0.0,0.0,0.0,0,0.0,0.0,0.0,39.77,4.0,7.0,0,1,7.0,2.772588722239781,5.014095965725237,0.0,0,0.0,0.03661409258169962,-3.2700208566108624,True
797,대조,0,6.0,19.0,701.18,179.0,3.0,14.07,0.0,0.0,1,2.34,1.0,1.0,507.0,8.0,6.0,1,1,6.0,2.995732273553991,6.554189781414729,0.02006617416355287,0,0.0,0.08925284833383706,-2.3227919741690544,True
800,대조,0,1.0,70.0,1587.82,673.0,1.0,1.98,0.0,0.0,1,10.59,5.0,3.0,881.63,34.0,1.0,1,1,1.0,4.2626798770413155,7.370746881328496,0.001246992732173672,0,0.0,0.06832543831745604,-2.61270142398536,True
802,대조,0,12.0,8.0,269.41,106.0,0.0,0.0,0.0,0.0,1,0.0,0.0,0.0,106.62,5.0,12.0,0,1,12.0,2.1972245773362196,5.599939325733503,0.0,0,0.0,0.04930696853364315,-2.9591258048139926,True
804,대조,0,4.0,36.0,940.19,537.0,0.0,0.0,0.0,0.0,0,0.0,0.0,0.0,479.13,27.0,4.0,0,1,4.0,3.6109179126442243,6.847145032062383,0.0,0,0.0,0.05873521694792894,-2.774184989813783,True
807,대조,0,16.0,9.0,289.66,17401.0,2.0,5.2299999999999995,0.0,0.0,0,8.49,3.0,3.0,283.8,7.0,16.0,1,1,16.0,2.302585092994046,5.672154199198024,0.018055651453428155,0,0.0,0.06773984765852295,-2.6219373106762434,True
808,대조,0,1.0,38.0,393.76,15553.0,2.0,7.59,0.0,0.0,1,16.310000000000002,5.0,5.0,380.52,23.0,1.0,1,1,1.0,3.6635616461296463,5.978277985303807,0.019275700934579438,0,0.0,0.06830644303497668,-2.6129998626178175,True
817,처치,1,4.0,24.0,758.0600000000001,301.0,3.0,3.0,0.0,0.0,1,16.89,26.0,20.0,384.35,15.0,4.0,1,1,4.0,3.2188758248682006,6.632080825654633,0.003957470384929953,0,0.0,0.06520374910163235,-2.662811623226179,True
820,대조,0,8.0,22.0,806.28,2833.0,4.0,10.48,0.0,0.0,0,0.0,0.0,0.0,0.0,0.0,8.0,0,0,8.0,3.1354942159291497,6.6936705721562735,0.012997965967157812,0,0.0,0.0763505328109841,-2.492997624977556,True
823,대조,0,14.0,17.0,322.81,27555.0,0.0,0.0,0.0,0.0,1,0.0,0.0,0.0,411.15,15.0,14.0,0,1,14.0,2.8903717578961645,5.780156924027929,0.0,0,0.0,0.04762756550236009,-2.9955444701832787,True
825,대조,0,1.0,53.0,2293.57,168147.0,1.0,2.5,0.0,0.0,1,2.0,1.0,1.0,905.91,19.0,1.0,1,1,1.0,3.9889840465642745,7.7383007411054265,0.0010900037932132004,0,0.0,0.07886651420353667,-2.4578482317728154,True
830,대조,0,1.0,70.0,465.1,345.0,4.0,7.92,0.0,0.0,0,0.0,0.0,0.0,119.78,20.0,1.0,0,1,1.0,4.2626798770413155,6.144400203378695,0.01702859600086003,0,0.0,0.061082723526827615,-2.7324983089956993,True
831,대조,0,2.0,23.0,1253.75,400.0,0.0,0.0,0.0,0.0,1,0.0,0.0,0.0,830.08,12.0,2.0,0,1,2.0,3.1780538303479458,7.134691628535043,0.0,0,0.0,0.07096256143954346,-2.5719966035521704,True
836,대조,0,4.0,7.0,139.66,53.0,0.0,0.0,0.0,0.0,0,4.99,1.0,1.0,248.13,11.0,4.0,1,1,4.0,2.0794415416798357,4.946345630879872,0.0,0,0.0,0.03934623803044568,-3.1952136872277497,True
840,대조,0,5.0,32.0,1809.91,567.0,0.0,0.0,0.0,0.0,1,4.58,2.0,2.0,1105.92,21.0,5.0,1,1,5.0,3.4965075614664802,7.501584760348125,0.0,0,0.0,0.07602454122023727,-2.4976293125723483,True
841,대조,0,5.0,16.0,140.83,74.0,0.0,0.0,0.0,0.0,0,0.0,0.0,0.0,173.18,13.0,5.0,0,1,5.0,2.833213344056216,4.954629157306516,0.0,0,0.0,0.03573415636030436,-3.2952600358285196,True
842,대조,0,1.0,87.0,820.94,9659.0,4.0,13.96,0.0,0.0,0,0.0,0.0,0.0,661.25,53.0,1.0,0,1,1.0,4.477336814478207,6.711667399691353,0.017004896825590178,0,0.0,0.0707842436673473,-2.574704528771192,True
844,대조,0,20.0,30.0,1135.8,10864.0,2.0,4.5600000000000005,0.0,0.0,1,0.69,1.0,1.0,568.92,12.0,20.0,1,1,20.0,3.4339872044851463,7.035972576782891,0.0040147913365029065,0,0.0,0.07058867125982192,-2.577681738000095,True
845,대조,0,8.0,20.0,851.79,303.0,1.0,4.59,0.0,0.0,1,30.990000000000002,9.0,8.0,571.57,10.0,8.0,1,1,8.0,3.044522437723423,6.74851332726403,0.005388652132567886,0,0.0,0.0707018471875344,-2.575957927158683,True
849,대조,0,9.0,11.0,943.61,413.0,1.0,1.98,0.0,0.0,0,5.29,2.0,2.0,559.98,9.0,9.0,1,1,9.0,2.4849066497880004,6.850772143897617,0.002098324519663844,0,0.0,0.07019679541919265,-2.5836702950869936,True
850,대조,0,2.0,17.0,86.62,51.0,0.0,0.0,0.0,0.0,0,0.0,0.0,0.0,80.33,6.0,2.0,0,1,2.0,2.8903717578961645,4.473009282385752,0.0,0,0.0,0.030529153677291233,-3.4580683180491296,True
852,대조,0,13.0,15.0,206.36,66.0,0.0,0.0,0.0,0.0,1,2.34,1.0,1.0,196.07,11.0,13.0,1,1,13.0,2.772588722239781,5.33445641316391,0.0,0,0.0,0.042067980803057424,-3.125489913954265,True
853,대조,0,5.0,68.0,1970.68,106740.0,4.0,13.190000000000001,0.0,0.0,1,9.72,3.0,3.0,1227.85,44.0,5.0,1,1,5.0,4.23410650459726,7.586641250189813,0.006693121156149147,0,0.0,0.0810356902364112,-2.428357607822865,True
854,대조,0,4.0,5.0,45.95,16.0,0.0,0.0,0.0,0.0,0,0.0,0.0,0.0,14.8,2.0,4.0,0,1,4.0,1.791759469228055,3.849083205654272,0.0,0,0.0,0.028788469730817872,-3.518569342013974,True
855,대조,0,2.0,39.0,1199.71,499.0,7.0,13.91,0.0,0.0,0,0.0,0.0,0.0,367.8,14.0,2.0,0,1,2.0,3.6888794541139363,7.090668327477047,0.011594468663260287,0,0.0,0.07883142256953567,-2.4583313759382346,True
856,대조,0,2.0,30.0,557.33,9114.0,1.0,2.0,0.0,0.0,1,0.0,0.0,0.0,233.86,18.0,2.0,0,1,2.0,3.4339872044851463,6.324950185423982,0.00358853820896058,0,0.0,0.05741450540534698,-2.7983296468428698,True
857,대조,0,5.0,8.0,573.73,261.0,0.0,0.0,0.0,0.0,1,3.89,1.0,1.0,631.41,6.0,5.0,1,1,5.0,2.1972245773362196,6.353900365299689,0.0,0,0.0,0.06289088468188159,-2.7013984916510383,True
859,대조,0,1.0,38.0,1037.23,99055.0,2.0,5.98,0.0,0.0,1,8.0,4.0,2.0,397.04,9.0,1.0,1,1,1.0,3.6635616461296463,6.945272619142084,0.005765355803438003,0,0.0,0.07059669541260964,-2.577559436041402,True
862,대조,0,35.0,2.0,99.36,43.0,0.0,0.0,0.0,0.0,0,0.0,0.0,0.0,83.12,5.0,35.0,0,1,35.0,1.0986122886681098,4.608763721498222,0.0,0,0.0,0.03864080362650684,-3.2140393057604895,True
863,대조,0,10.0,7.0,50.03,21.0,0.0,0.0,0.0,0.0,1,0.0,0.0,0.0,57.89,5.0,10.0,0,1,10.0,2.0794415416798357,3.93241369507588,0.0,0,0.0,0.02956944134663091,-3.490998406801077,True
867,대조,0,4.0,22.0,562.24,60399.0,3.0,10.47,0.0,0.0,1,10.52,4.0,4.0,483.44,13.0,4.0,1,1,4.0,3.1354942159291497,6.333705825049111,0.018621940808195788,0,0.0,0.08001471129850225,-2.4421471703741457,True
868,대조,0,1.0,7.0,179.7,15202.0,1.0,2.79,0.0,0.0,1,12.73,5.0,5.0,817.15,16.0,1.0,1,1,1.0,2.0794415416798357,5.196838197598183,0.015525876460767947,0,0.0,0.0608659789656386,-2.7362838154843656,True
871,대조,0,2.0,26.0,1568.3,492.0,30.0,124.45,0.0,0.0,1,57.410000000000004,20.0,13.0,1301.05,15.0,2.0,1,1,2.0,3.295836866004329,7.358384939044675,0.07935344003060639,0,0.0,0.29987131781231,-0.8479107078359066,False
873,대조,0,4.0,20.0,574.73,77878.0,0.0,0.0,0.0,0.0,0,0.0,0.0,0.0,258.36,8.0,4.0,0,1,4.0,3.044522437723423,6.355638800798266,0.0,0,0.0,0.054161118474563064,-2.860108959340674,True
876,처치,1,1.0,33.0,809.76,70522.0,0.0,0.0,0.0,0.0,0,57.33,19.0,12.0,719.65,23.0,1.0,1,1,1.0,3.5263605246161616,6.697972079369764,0.0,0,0.0,0.05688255846690254,-2.8082020506484064,True
877,처치,1,25.0,10.0,314.53000000000003,125.0,2.0,5.49,0.0,0.0,0,6.93,3.0,3.0,298.12,7.0,25.0,1,1,25.0,2.3978952727983707,5.7542537646240035,0.017454614822115536,0,0.0,0.0671216453018495,-2.631768236831524,True
878,대조,0,4.0,33.0,1144.31,19867.0,1.0,2.39,0.0,0.0,1,0.0,0.0,0.0,669.91,20.0,4.0,0,1,4.0,3.5263605246161616,7.043430621702321,0.0020885948737667244,0,0.0,0.06864367994524018,-2.6077128663648317,True
879,대조,0,2.0,3.0,75.4,34.0,1.0,1.98,0.0,0.0,1,0.0,0.0,0.0,0.0,0.0,2.0,0,0,2.0,1.3862943611198906,4.335982696172475,0.02625994694960212,0,0.0,0.06280111750699749,-2.7029226462306597,True
881,대조,0,1.0,24.0,632.68,443.0,0.0,0.0,0.0,0.0,0,0.0,0.0,0.0,442.94,13.0,1.0,0,1,1.0,3.2188758248682006,6.451544095156025,0.0,0,0.0,0.054778776260336046,-2.848116174875551,True
882,대조,0,9.0,45.0,1163.6100000000001,76924.0,3.0,1.2000000000000002,0.0,0.0,1,2.0,4.0,4.0,108.51,10.0,9.0,1,1,9.0,3.828641396489095,7.060141546005344,0.001031273364787171,0,0.0,0.06467761039628737,-2.671476182564217,True
884,대조,0,40.0,9.0,61.2,30.0,0.0,0.0,0.0,0.0,0,0.0,0.0,0.0,92.74,5.0,40.0,0,1,40.0,2.302585092994046,4.130354999745133,0.0,0,0.0,0.028183866110630233,-3.540416933419352,True
885,대조,0,1.0,2.0,33.2,15.0,0.0,0.0,0.0,0.0,0,0.0,0.0,0.0,179.46,7.0,1.0,0,1,1.0,1.0986122886681098,3.5322256440685598,0.0,0,0.0,0.028582341708478162,-3.5259674035727273,True
886,대조,0,6.0,58.0,1414.3,50953.0,6.0,19.189999999999998,0.0,0.0,1,106.86,93.0,17.0,358.32,16.0,6.0,1,1,6.0,4.07753744390572,7.255096801739793,0.013568549812628155,0,0.0,0.08520820362309593,-2.3735987785839057,True
891,대조,0,5.0,9.0,749.3100000000001,371.0,2.0,3.96,0.0,0.0,0,6.0,10.0,4.0,658.38,6.0,5.0,1,1,5.0,2.302585092994046,6.620486454464999,0.0052848620731072585,0,0.0,0.0715507067612702,-2.563109384000162,True
893,대조,0,26.0,8.0,272.35,178.0,0.0,0.0,0.0,0.0,0,0.0,0.0,0.0,116.47,3.0,26.0,0,1,26.0,2.1972245773362196,5.610753025341008,0.0,0,0.0,0.04653681853180446,-3.01985701453727,True
896,처치,1,13.0,20.0,697.96,40704.0,6.0,6.0,0.0,0.0,0,12.93,6.0,6.0,784.15,15.0,13.0,1,1,13.0,3.044522437723423,6.549593515989839,0.00859648117370623,0,0.0,0.06741585542698647,-2.6270791489374044,True
898,대조,0,2.0,51.0,1548.73,143319.0,6.0,14.92,0.0,0.0,1,13.99,5.0,3.0,813.82,34.0,2.0,1,1,2.0,3.9512437185814275,7.345836001191447,0.009633699870216242,0,0.0,0.08285545421762941,-2.4041675146773147,True
900,대조,0,1.0,218.0,2520.97,168177.0,2.0,4.32,0.0,0.0,1,5.390000000000001,2.0,2.0,1099.03,130.0,1.0,1,1,1.0,5.389071729816501,7.8327956211329415,0.0017136261042376547,0,0.0,0.06900262601550337,-2.602111894564685,True
901,처치,1,2.0,20.0,711.16,372.0,1.0,1.89,0.0,0.0,0,0.0,0.0,0.0,187.33,7.0,2.0,0,1,2.0,3.044522437723423,6.568302605267544,0.0026576297879520785,0,0.0,0.061135359586187044,-2.7315809004860983,True
906,처치,1,4.0,58.0,1021.33,150745.0,11.0,32.11,0.0,0.0,1,16.07,5.0,3.0,804.73,47.0,4.0,1,1,4.0,4.07753744390572,6.929839614925665,0.03143939764816465,0,0.0,0.1087897659481818,-2.1031630855370347,True
908,대조,0,1.0,40.0,1133.77,61611.0,15.0,28.43,0.0,0.0,1,13.99,16.0,11.0,545.6,18.0,1.0,1,1,1.0,3.713572066704308,7.034185266208795,0.025075632623900793,0,0.0,0.10437715088515295,-2.1495086067913807,True
911,대조,0,10.0,7.0,303.07,26240.0,0.0,0.0,0.0,0.0,1,3.39,1.0,1.0,493.31,11.0,10.0,1,1,10.0,2.0794415416798357,5.7172579380576245,0.0,0,0.0,0.05205473958527657,-2.9020009091792636,True
915,대조,0,6.0,13.0,146.27,94.0,0.0,0.0,0.0,0.0,1,0.0,0.0,0.0,71.71000000000001,9.0,6.0,0,1,6.0,2.6390573296152584,4.992267636738071,0.0,0,0.0,0.038734887543444646,-3.2115095615164218,True
916,대조,0,8.0,13.0,174.88,15605.0,2.0,9.51,0.0,0.0,0,0.0,0.0,0.0,91.88,8.0,8.0,0,1,8.0,2.6390573296152584,5.169801944312609,0.05438014638609332,0,0.0,0.11303090068127161,-2.0601489057209843,True
919,대조,0,5.0,22.0,242.8,144.0,0.0,0.0,0.0,0.0,0,0.0,0.0,0.0,255.34,15.0,5.0,0,1,5.0,3.1354942159291497,5.496348217047172,0.0,0,0.0,0.04080854209990353,-3.15719927354172,True
920,대조,0,5.0,34.0,891.8100000000001,393.0,1.0,3.99,0.0,0.0,1,8.0,14.0,9.0,333.62,18.0,5.0,1,1,5.0,3.5553480614894135,6.7943737922811644,0.004474047162512194,0,0.0,0.06629823868175592,-2.644993742920808,True
923,대조,0,7.0,30.0,752.19,66208.0,0.0,0.0,0.0,0.0,0,0.0,0.0,0.0,160.19,10.0,7.0,0,1,7.0,3.4339872044851463,6.624317520008722,0.0,0,0.0,0.0558447571894241,-2.8277149567088524,True
925,대조,0,8.0,10.0,92.12,54.0,1.0,1.89,0.0,0.0,0,0.0,0.0,0.0,6.340000000000001,1.0,8.0,0,1,8.0,2.3978952727983707,4.533888983983128,0.020516717325227963,0,0.0,0.049806003163585626,-2.948530648724246,True
927,대조,0,69.0,3.0,148.85,75.0,1.0,1.0,0.0,0.0,0,0.0,0.0,0.0,88.16,4.0,69.0,0,1,69.0,1.3862943611198906,5.009634793762673,0.006718172657037286,0,0.0,0.04640798320336601,-3.0227644283985398,True
929,대조,0,9.0,33.0,681.64,95447.0,0.0,0.0,0.0,0.0,1,1.0,1.0,1.0,329.29,8.0,9.0,1,1,9.0,3.5263605246161616,6.525967634228329,0.0,0,0.0,0.05579284389765827,-2.82869997149321,True
931,대조,0,10.0,6.0,829.34,322.0,1.0,1.98,0.0,0.0,0,0.0,0.0,0.0,374.65000000000003,3.0,10.0,0,1,10.0,1.9459101490553132,6.721835255465894,0.0023874406154291363,0,0.0,0.07250443664250654,-2.548840255970751,True
938,대조,0,32.0,2.0,235.93,101.0,0.0,0.0,0.0,1.0,0,0.0,0.0,0.0,9.27,1.0,32.0,0,1,32.0,1.0986122886681098,5.467764738858386,0.0,0,1.0,0.01940121372780693,-3.922827764075106,True
939,대조,0,36.0,10.0,406.04,309.0,0.0,0.0,0.0,0.0,1,0.0,0.0,0.0,42.12,2.0,36.0,0,1,36.0,2.3978952727983707,6.008911460711703,0.0,0,0.0,0.053061963649313,-2.8817733034095805,True
940,대조,0,9.0,10.0,131.77,64.0,0.0,0.0,0.0,0.0,0,0.0,0.0,0.0,70.09,5.0,9.0,0,1,9.0,2.3978952727983707,4.8886183079078105,0.0,0,0.0,0.036844105473068184,-3.263519637125154,True
941,대조,0,5.0,13.0,191.71,59.0,1.0,3.69,0.0,0.0,1,15.27,6.0,6.0,375.03000000000003,17.0,5.0,1,1,5.0,2.6390573296152584,5.2611864682098295,0.019247822231495487,0,0.0,0.06195676927548886,-2.7173591640473393,True
942,대조,0,7.0,22.0,548.0500000000001,248.0,0.0,0.0,0.0,0.0,0,0.0,0.0,0.0,690.55,16.0,7.0,0,1,7.0,3.1354942159291497,6.308189512043723,0.0,0,0.0,0.05255837341205911,-2.8918409007976584,True
943,대조,0,,0.0,0.0,0.0,0.0,0.0,0.0,0.0,0,0.0,0.0,0.0,392.48,12.0,90.0,0,1,90.0,0.0,0.0,0.0,0,0.0,0.00940488877818188,-4.657076248108105,False
944,대조,0,15.0,8.0,176.70000000000002,19815.0,1.0,2.99,0.0,0.0,0,0.0,0.0,0.0,116.44,7.0,15.0,0,1,15.0,2.1972245773362196,5.180096735160606,0.01692133559705716,0,0.0,0.05772157319818451,-2.7926698115374635,True
946,대조,0,8.0,10.0,147.11,103.0,0.0,0.0,0.0,1.0,1,11.57,3.0,3.0,329.83,9.0,8.0,1,1,8.0,2.3978952727983707,4.997955240938881,0.0,0,1.0,0.015130641414042625,-4.175787081071332,False
949,대조,0,6.0,20.0,969.79,70152.0,17.0,27.93,0.0,0.0,1,14.39,16.0,12.0,501.35,17.0,6.0,1,1,6.0,3.044522437723423,6.878110173016533,0.02880004949525155,0,0.0,0.11515946049205177,-2.0390896665487714,True
952,대조,0,2.0,16.0,187.2,62.0,0.0,0.0,0.0,0.0,0,5.5,6.0,4.0,207.63,11.0,2.0,1,1,2.0,2.833213344056216,5.23750522715128,0.0,0,0.0,0.03923773900514931,-3.1980879778703493,True
954,대조,0,16.0,7.0,304.75,153.0,4.0,3.97,0.0,1.0,0,2.4,4.0,1.0,242.18,5.0,16.0,1,1,16.0,2.0794415416798357,5.722767774567282,0.01302707136997539,0,1.0,0.024678168233643,-3.676848524791359,True
955,대조,0,7.0,52.0,674.45,20186.0,5.0,9.780000000000001,0.0,0.0,1,1.7999999999999998,3.0,2.0,206.19,13.0,7.0,1,1,7.0,3.970291913552122,6.5153791354156905,0.014500704277559494,0,0.0,0.07011229365804031,-2.584965681170387,True
956,대조,0,2.0,85.0,1378.2,141103.0,5.0,10.530000000000001,0.0,0.0,1,6.56,3.0,3.0,947.43,52.0,2.0,1,1,2.0,4.454347296253507,7.2292588999094285,0.007640400522420549,0,0.0,0.07227618006296453,-2.552239465494821,True
957,대조,0,6.0,31.0,240.28,149.0,0.0,0.0,0.0,0.0,0,0.0,0.0,0.0,97.38,22.0,6.0,0,1,6.0,3.4657359027997265,5.4859580848195915,0.0,0,0.0,0.0389265656803117,-3.20637388062336,True
961,대조,0,5.0,9.0,803.05,286.0,5.0,15.030000000000001,0.0,0.0,0,0.0,0.0,0.0,106.29,3.0,5.0,0,1,5.0,2.302585092994046,6.689661456300033,0.01871614469833759,0,0.0,0.09463811021484107,-2.2582744906589336,True
964,대조,0,23.0,6.0,301.31,176.0,0.0,0.0,0.0,0.0,0,0.0,0.0,0.0,306.09,5.0,23.0,0,1,23.0,1.9459101490553132,5.711452980960421,0.0,0,0.0,0.04978568375117785,-2.948960087377178,True
965,대조,0,18.0,6.0,80.97,51.0,0.0,0.0,0.0,0.0,0,0.0,0.0,0.0,817.65,14.0,18.0,0,1,18.0,1.9459101490553132,4.406353326664939,0.0,0,0.0,0.0331413589483974,-3.373270284334476,True
971,대조,0,8.0,11.0,285.79,109.0,2.0,6.98,0.0,0.0,1,0.0,0.0,0.0,302.55,10.0,8.0,0,1,8.0,2.4849066497880004,5.6587502406140935,0.024423527765142238,0,0.0,0.07866992803720603,-2.460557382777194,True
973,대조,0,2.0,15.0,1535.71,30697.0,4.0,6.8,0.0,0.0,1,0.0,0.0,0.0,1303.44,10.0,2.0,0,1,2.0,2.772588722239781,7.337399046491145,0.004427919333728373,0,0.0,0.0864689452741623,-2.3575320352560647,True
975,대조,0,7.0,26.0,631.8100000000001,44132.0,5.0,18.94,0.0,0.0,0,8.38,2.0,2.0,430.97,15.0,7.0,1,1,7.0,3.295836866004329,6.450170219109871,0.029977366613380605,0,0.0,0.09646226391044715,-2.237165991417183,True
976,대조,0,1.0,7.0,445.9,193.0,12.0,18.85,0.0,0.0,1,7.59,9.0,5.0,285.27,5.0,1.0,1,1,1.0,2.0794415416798357,6.1023348559394055,0.042274052478134115,0,0.0,0.1328653735200949,-1.875857856850004,True
978,대조,0,1.0,10.0,304.81,89.0,1.0,7.98,0.0,0.0,0,0.0,0.0,0.0,120.84,8.0,1.0,0,1,1.0,2.3978952727983707,5.72296399407213,0.026180243430333653,0,0.0,0.08103976260041884,-2.4283029236484355,True
982,대조,0,4.0,75.0,3112.21,236363.0,14.0,30.17,0.0,0.0,1,12.46,4.0,4.0,1749.47,38.0,4.0,1,1,4.0,4.330733340286331,8.043409627209073,0.009694075913900412,0,0.0,0.09740880544081816,-2.2263531202064026,True
983,대조,0,5.0,25.0,468.21,260.0,2.0,8.08,0.0,0.0,1,2.39,1.0,1.0,399.04,18.0,5.0,1,1,5.0,3.258096538021482,6.1510504294251795,0.01725721364345059,0,0.0,0.07250297543641349,-2.5488619849380023,True
984,대조,0,58.0,7.0,272.83,101.0,2.0,4.78,0.0,0.0,0,0.0,0.0,0.0,63.7,4.0,58.0,0,1,58.0,2.0794415416798357,5.612507475880589,0.017520067441263793,0,0.0,0.0643839686103527,-2.6763405019397726,True
986,대조,0,2.0,8.0,126.2,39.0,0.0,0.0,0.0,1.0,1,0.0,0.0,0.0,182.18,8.0,2.0,0,1,2.0,2.1972245773362196,4.845760650906022,0.0,0,1.0,0.014900587376613985,-4.191341929176877,False
987,대조,0,1.0,11.0,422.42,148.0,1.0,1.98,0.0,1.0,0,0.0,0.0,0.0,252.1,15.0,1.0,0,1,1.0,2.4849066497880004,6.048364594240794,0.004687278064485583,0,1.0,0.02231360806398209,-3.779992236531816,True
993,처치,1,1.0,18.0,244.20000000000002,130.0,3.0,7.17,0.0,0.0,1,13.9,6.0,6.0,442.63,14.0,1.0,1,1,1.0,2.9444389791664403,5.5020742040620565,0.02936117936117936,0,0.0,0.07859804351663084,-2.461549568401247,True
998,대조,0,2.0,38.0,1484.71,20496.0,1.0,3.39,0.0,0.0,0,0.0,0.0,0.0,783.25,23.0,2.0,0,1,2.0,3.6635616461296463,7.303648051454606,0.002283274174754666,0,0.0,0.07042760351181143,-2.5801394100367396,True
1000,대조,0,1.0,9.0,313.65,158.0,0.0,0.0,0.0,0.0,0,1.0,1.0,1.0,483.9,12.0,1.0,1,1,1.0,2.302585092994046,5.751460909972942,0.0,0,0.0,0.04946534493699853,-2.9557522989824054,True
1004,대조,0,1.0,27.0,557.22,83996.0,3.0,25.12,0.0,0.0,1,0.0,0.0,0.0,433.7,28.0,1.0,0,1,1.0,3.332204510175204,6.324753149912172,0.0450809375112164,0,0.0,0.12873084635623858,-1.9122271836173017,True
1005,대조,0,4.0,14.0,235.22,153.0,1.0,2.67,0.0,0.0,0,5.84,2.0,2.0,263.44,19.0,4.0,1,1,4.0,2.70805020110221,5.464763574183701,0.011351075588810475,0,0.0,0.05363349348871307,-2.8704561701807325,True
1007,대조,0,12.0,24.0,351.35,182.0,0.0,0.0,0.0,0.0,0,0.0,0.0,0.0,122.84,14.0,12.0,0,1,12.0,3.2188758248682006,5.8646249997730315,0.0,0,0.0,0.044966989332143534,-3.055817255848598,True
1010,대조,0,22.0,7.0,182.69,18018.0,1.0,1.89,0.0,0.0,0,3.0,6.0,4.0,150.83,4.0,22.0,1,1,22.0,2.0794415416798357,5.213249554157973,0.010345393836553725,0,0.0,0.05152152644764836,-2.912859384253106,True
1011,대조,0,5.0,13.0,345.89,16944.0,1.0,1.0,0.0,0.0,0,6.92,3.0,3.0,375.65000000000003,15.0,5.0,1,1,5.0,2.6390573296152584,5.84900772680898,0.0028910925438723296,0,0.0,0.051501576818100046,-2.913267701912106,True
1014,대조,0,4.0,35.0,938.07,32810.0,3.0,7.9399999999999995,0.0,0.0,1,0.0,0.0,0.0,400.83,21.0,4.0,0,1,4.0,3.58351893845611,6.844890023820586,0.008464187107571929,0,0.0,0.07262394457453923,-2.5470644700574354,True
1016,대조,0,6.0,10.0,667.94,18248.0,3.0,10.38,0.0,0.0,0,30.25,22.0,20.0,515.66,7.0,6.0,1,1,6.0,2.3978952727983707,6.505694370007535,0.015540317992634068,0,0.0,0.08318998592749789,-2.399773289619972,True
1017,대조,0,7.0,4.0,173.08,85.0,0.0,0.0,0.0,0.0,0,11.41,6.0,6.0,263.95,6.0,7.0,1,1,7.0,1.6094379124341003,5.1595149636675774,0.0,0,0.0,0.0445573019341617,-3.065398746522913,True
1019,대조,0,2.0,9.0,273.4,107.0,0.0,0.0,0.0,0.0,0,0.0,0.0,0.0,100.08,3.0,2.0,0,1,2.0,2.302585092994046,5.61458689585173,0.0,0,0.0,0.0473268081545351,-3.0021950156411186,True
1020,대조,0,5.0,22.0,1174.18,14864.0,18.0,23.64,0.0,0.0,1,20.009999999999998,10.0,10.0,702.7,10.0,5.0,1,1,5.0,3.1354942159291497,7.069176606335003,0.020133199339113252,0,0.0,0.10257035149772423,-2.1689858120009857,True
1021,처치,1,4.0,15.0,546.87,262.0,0.0,0.0,0.0,0.0,1,0.0,0.0,0.0,59.42,7.0,4.0,0,1,4.0,2.772588722239781,6.306038032528039,0.0,0,0.0,0.05768191520653805,-2.7933991907886297,True
1024,대조,0,1.0,15.0,1096.9,19062.0,0.0,0.0,0.0,0.0,1,0.0,0.0,0.0,460.63,9.0,1.0,0,1,1.0,2.772588722239781,7.001154543240687,0.0,0,0.0,0.07174501809608458,-2.5601880419997305,True
1025,대조,0,8.0,9.0,191.17000000000002,116.0,3.0,3.0,0.0,0.0,0,0.0,0.0,0.0,673.25,15.0,8.0,0,1,8.0,2.302585092994046,5.258380396944336,0.015692838834545166,0,0.0,0.057437885439170826,-2.7978977105164793,True
1029,처치,1,1.0,37.0,1817.8600000000001,176171.0,31.0,64.19,0.0,0.0,0,33.49,18.0,14.0,1016.92,24.0,1.0,1,1,1.0,3.6375861597263857,7.505965210190551,0.03531075000275048,0,0.0,0.14001710706381137,-1.8151478886577939,True
1031,대조,0,72.0,10.0,262.95,46391.0,0.0,0.0,0.0,0.0,1,0.0,0.0,0.0,0.0,0.0,72.0,0,0,72.0,2.3978952727983707,5.575759691269625,0.0,0,0.0,0.04433679331220912,-3.0705906755769514,True
1032,대조,0,7.0,16.0,358.39,153.0,9.0,8.0,0.0,0.0,0,0.0,0.0,0.0,203.94,9.0,7.0,0,1,7.0,2.833213344056216,5.884408149810996,0.02232205139652334,0,0.0,0.07430944801781188,-2.5223018976307428,True
1034,대조,0,2.0,17.0,143.35,14719.0,2.0,6.78,0.0,0.0,0,7.99,1.0,1.0,117.21000000000001,11.0,2.0,1,1,2.0,2.8903717578961645,4.972240906108944,0.047296825950470876,0,0.0,0.09110109621283705,-2.3002640337713256,True
1038,대조,0,1.0,51.0,358.64,226.0,0.0,0.0,0.0,0.0,1,0.0,0.0,0.0,192.8,25.0,1.0,0,1,1.0,3.9512437185814275,5.885103531116572,0.0,0,0.0,0.043638092116743604,-3.087205964817514,True
1039,대조,0,6.0,11.0,943.79,316.0,1.0,3.49,0.0,0.0,0,3.39,1.0,1.0,409.86,7.0,6.0,1,1,6.0,2.4849066497880004,6.850962680576504,0.0036978565146907685,0,0.0,0.07268218511470957,-2.546200041242337,True
1040,대조,0,1.0,34.0,869.9300000000001,308.0,8.0,25.490000000000002,0.0,0.0,1,11.27,4.0,4.0,406.2,14.0,1.0,1,1,1.0,3.5553480614894135,6.769561606229071,0.029301208143183936,0,0.0,0.10651860735030619,-2.1268058223519204,True
1041,대조,0,2.0,24.0,969.07,417.0,0.0,0.0,0.0,0.0,1,0.0,0.0,0.0,433.74,15.0,2.0,0,1,2.0,3.2188758248682006,6.877368233842118,0.0,0,0.0,0.06522820902799478,-2.662410396502552,True
1045,대조,0,1.0,52.0,966.8100000000001,119085.0,0.0,0.0,0.0,0.0,1,0.0,0.0,0.0,356.27,25.0,1.0,0,1,1.0,3.970291913552122,6.875035787019207,0.0,0,0.0,0.059351394397200614,-2.763094028023282,True
1046,처치,1,7.0,18.0,724.48,51670.0,10.0,19.94,0.0,0.0,0,2.62,1.0,1.0,297.39,9.0,7.0,1,1,7.0,2.9444389791664403,6.586833504749222,0.027523189045936397,0,0.0,0.10008546115104121,-2.1962753694551234,True
1047,대조,0,2.0,16.0,229.91,115.0,0.0,0.0,0.0,0.0,0,0.0,0.0,0.0,92.66,11.0,2.0,0,1,2.0,2.833213344056216,5.442028024214336,0.0,0,0.0,0.04186271164327579,-3.1305955811805917,True
1048,대조,0,1.0,8.0,83.04,31.0,1.0,1.0,0.0,0.0,0,0.0,0.0,0.0,21.82,2.0,1.0,0,1,1.0,2.1972245773362196,4.4312928759767996,0.012042389210019266,0,0.0,0.04211300734521251,-3.1243731532363537,True
1050,대조,0,4.0,19.0,445.21,115348.0,1.0,4.0,0.0,0.0,0,0.0,0.0,0.0,598.59,18.0,4.0,0,1,4.0,2.995732273553991,6.100789693221974,0.008984524157139328,0,0.0,0.06014331938703334,-2.7489970258390115,True
1051,대조,0,13.0,2.0,34.47,16.0,0.0,0.0,0.0,1.0,0,0.0,0.0,0.0,130.8,4.0,13.0,0,1,13.0,1.0986122886681098,3.5686872687855304,0.0,0,1.0,0.010715305601868294,-4.525309001607927,False
1053,대조,0,7.0,14.0,517.61,17525.0,3.0,5.37,0.0,0.0,1,8.620000000000001,11.0,4.0,379.54,10.0,7.0,1,1,7.0,2.70805020110221,6.251152155602805,0.010374606363864686,0,0.0,0.0698617242310552,-2.588815338408713,True
1056,대조,0,1.0,11.0,612.16,262.0,0.0,0.0,0.0,0.0,0,0.0,0.0,0.0,617.1,7.0,1.0,0,1,1.0,2.4849066497880004,6.418625913297906,0.0,0,0.0,0.05951651148474666,-2.760140314516198,True
1057,처치,1,1.0,17.0,950.98,462.0,1.0,1.89,0.0,0.0,1,7.08,2.0,2.0,746.72,18.0,1.0,1,1,1.0,2.8903717578961645,6.8585440261673245,0.0019874234999684537,0,0.0,0.07034629985501935,-2.5813819654222505,True
1058,대조,0,1.0,87.0,397.86,175.0,0.0,0.0,0.0,0.0,0,0.0,0.0,0.0,328.53,57.0,1.0,0,1,1.0,4.477336814478207,5.988610478125076,0.0,0,0.0,0.04029677275385204,-3.170352713187088,True
1061,대조,0,5.0,18.0,284.74,170.0,0.0,0.0,0.0,0.0,0,0.0,0.0,0.0,0.0,0.0,5.0,0,0,5.0,2.9444389791664403,5.655082306437012,0.0,0,0.0,0.0439781032836293,-3.0790889599008318,True
1062,대조,0,2.0,27.0,251.96,149.0,0.0,0.0,0.0,0.0,1,0.0,0.0,0.0,168.34,21.0,2.0,0,1,2.0,3.332204510175204,5.533231373461162,0.0,0,0.0,0.04223974191391593,-3.121235964745909,True
1064,대조,0,15.0,7.0,521.78,290.0,8.0,9.51,0.0,0.0,0,14.11,5.0,4.0,360.62,8.0,15.0,1,1,15.0,2.0794415416798357,6.259160725471251,0.018226072291003873,0,0.0,0.08368322034658138,-2.39332365056353,True
1066,대조,0,2.0,37.0,443.84000000000003,356.0,0.0,0.0,0.0,0.0,1,0.0,0.0,0.0,240.46,20.0,2.0,0,1,2.0,3.6375861597263857,6.097714666950641,0.0,0,0.0,0.04851824582688746,-2.976080580883234,True
1069,대조,0,24.0,3.0,288.72,96.0,0.0,0.0,0.0,0.0,1,0.0,0.0,0.0,375.78000000000003,8.0,24.0,0,1,24.0,1.3862943611198906,5.668914939327125,0.0,0,0.0,0.055072706791554224,-2.8424537322285786,True
1071,대조,0,11.0,19.0,520.78,228.0,0.0,0.0,0.0,0.0,0,0.0,0.0,0.0,168.84,7.0,11.0,0,1,11.0,2.995732273553991,6.257246043106425,0.0,0,0.0,0.052404816153089326,-2.894928891375039,True
1072,대조,0,13.0,9.0,476.61,308.0,1.0,1.89,0.0,0.0,0,0.0,0.0,0.0,203.9,6.0,13.0,0,1,13.0,2.302585092994046,6.168794499882646,0.0039655063888714035,0,0.0,0.06008303326339352,-2.7500640448482647,True
1073,대조,0,10.0,12.0,382.99,38495.0,1.0,1.29,0.0,0.0,0,6.49,3.0,3.0,273.28000000000003,12.0,10.0,1,1,10.0,2.5649493574615367,5.95061651058197,0.0033682341575498056,0,0.0,0.053854474115527344,-2.8661109051463107,True
1074,대조,0,5.0,14.0,649.27,267.0,3.0,9.67,0.0,0.0,1,1.0,2.0,2.0,556.85,9.0,5.0,1,1,5.0,2.70805020110221,6.477387661256762,0.01489364979130408,0,0.0,0.0819061277471945,-2.416725834820339,True
1075,대조,0,6.0,13.0,435.21999999999997,13585.0,0.0,0.0,0.0,0.0,0,0.0,0.0,0.0,190.45,9.0,6.0,0,1,6.0,2.6390573296152584,6.078146703243706,0.0,0,0.0,0.052171926127885314,-2.8996285925600085,True
1076,대조,0,4.0,7.0,217.63,78.0,0.0,0.0,0.0,0.0,1,0.0,0.0,0.0,142.94,8.0,4.0,0,1,4.0,2.0794415416798357,5.387380803288797,0.0,0,0.0,0.047280890890646604,-3.0032139005719265,True
1078,대조,0,5.0,59.0,1374.94,190973.0,5.0,17.5,0.0,0.0,0,7.390000000000001,3.0,2.0,842.84,25.0,5.0,1,1,5.0,4.0943445622221,7.226892412891416,0.012727828123409021,0,0.0,0.0795845158751816,-2.448005631528778,True
1081,대조,0,4.0,29.0,2014.3,643.0,0.0,0.0,0.0,0.0,1,3.39,1.0,1.0,788.34,10.0,4.0,1,1,4.0,3.4011973816621555,7.608523346673444,0.0,0,0.0,0.07956804793704594,-2.4482304685296055,True
1082,대조,0,4.0,13.0,203.31,180.0,0.0,0.0,0.0,1.0,1,0.0,0.0,0.0,108.14,7.0,4.0,0,1,4.0,2.6390573296152584,5.3196384482517205,0.0,0,1.0,0.016350518022667626,-4.097010035904075,False
1083,대조,0,5.0,8.0,202.93,84.0,0.0,0.0,0.0,0.0,0,0.0,0.0,0.0,175.46,7.0,5.0,0,1,5.0,2.1972245773362196,5.317776797704256,0.0,0,0.0,0.04353091545614778,-3.0897770811110115,True
1085,대조,0,14.0,18.0,555.17,45424.0,0.0,0.0,0.0,0.0,0,0.0,0.0,0.0,376.37,9.0,14.0,0,1,14.0,2.9444389791664403,6.321074002912611,0.0,0,0.0,0.0536169831180408,-2.870781500426997,True
1087,대조,0,4.0,36.0,712.54,59454.0,0.0,0.0,0.0,0.0,0,0.0,0.0,0.0,545.15,24.0,4.0,0,1,4.0,3.6109179126442243,6.570238497013329,0.0,0,0.0,0.05388234927161008,-2.865563975324895,True
1088,대조,0,2.0,10.0,137.07,97.0,0.0,0.0,0.0,0.0,0,0.0,0.0,0.0,204.01,8.0,2.0,0,1,2.0,2.3978952727983707,4.927760802928061,0.0,0,0.0,0.037626935888405454,-3.2416820020933628,True
1089,대조,0,2.0,18.0,502.24,5808.0,3.0,3.39,0.0,0.0,0,0.0,0.0,0.0,28.06,4.0,2.0,0,1,2.0,2.9444389791664403,6.22106719348293,0.0067497610704045875,0,0.0,0.060269260690899336,-2.7467711858854496,True
1091,대조,0,2.0,28.0,1413.6200000000001,222613.0,0.0,0.0,0.0,0.0,1,0.0,0.0,0.0,639.96,13.0,2.0,0,1,2.0,3.367295829986474,7.254616222774248,0.0,0,0.0,0.0718971756176548,-2.5579055469198377,True
1094,대조,0,5.0,17.0,934.49,391.0,7.0,14.49,0.0,0.0,1,4.0,2.0,2.0,831.8,9.0,5.0,1,1,5.0,2.8903717578961645,6.841070456186141,0.015505783903519567,0,0.0,0.09042881943472669,-2.3084102426498054,True
1097,대조,0,8.0,21.0,1159.36,98475.0,1.0,2.99,0.0,0.0,0,0.0,0.0,0.0,216.97,6.0,8.0,0,1,8.0,3.091042453358316,7.056485580781001,0.002579009108473641,0,0.0,0.07004212976647345,-2.5860423694822665,True
1103,대조,0,4.0,42.0,1221.6200000000001,121295.0,5.0,17.46,0.0,0.0,1,3.78,2.0,2.0,615.63,16.0,4.0,1,1,4.0,3.7612001156935624,7.1087513760409005,0.014292496848447142,0,0.0,0.08615250720748699,-2.3615446352658513,True
1104,대조,0,2.0,11.0,225.15,87.0,3.0,7.79,0.0,1.0,0,5.779999999999999,2.0,2.0,486.40000000000003,14.0,2.0,1,1,2.0,2.4849066497880004,5.421198495923853,0.03459915611814346,0,1.0,0.033562982164269055,-3.360192393000018,True
1110,대조,0,1.0,2.0,77.71,12.0,0.0,0.0,0.0,0.0,0,0.0,0.0,0.0,409.38,13.0,1.0,0,1,1.0,1.0986122886681098,4.3657702121543585,0.0,0,0.0,0.03729462480682416,-3.2508982110147233,True
1113,대조,0,1.0,28.0,772.1,12044.0,6.0,15.01,0.0,1.0,1,8.57,3.0,3.0,272.84,13.0,1.0,1,1,1.0,3.367295829986474,6.650408406326429,0.01944048698355135,0,1.0,0.03409474276217757,-3.3439225508023256,True
1119,대조,0,4.0,13.0,444.13,264.0,6.0,24.45,0.0,0.0,0,9.56,4.0,4.0,206.33,6.0,4.0,1,1,4.0,2.6390573296152584,6.0983663743346295,0.05505144890009682,0,0.0,0.1500089520523129,-1.7345308449384444,True
1120,대조,0,20.0,11.0,278.07,131.0,0.0,0.0,0.0,0.0,1,0.0,0.0,0.0,312.31,14.0,20.0,0,1,20.0,2.4849066497880004,5.631462646409561,0.0,0,0.0,0.0475317706317218,-2.997658408589452,True
1121,대조,0,8.0,13.0,467.27,227.0,0.0,0.0,0.0,1.0,0,0.0,0.0,0.0,132.97,3.0,8.0,0,1,8.0,2.6390573296152584,6.1490450526384315,0.0,0,1.0,0.0203350958208599,-3.874862327217448,True
1122,대조,0,2.0,21.0,349.63,10545.0,7.0,20.39,0.0,0.0,0,4.59,1.0,1.0,132.29,6.0,2.0,1,1,2.0,3.091042453358316,5.859731536424839,0.058318794153819756,0,0.0,0.1414868545171414,-1.8029951805439246,True
1123,대조,0,4.0,8.0,503.53000000000003,166.0,2.0,4.98,0.0,1.0,1,8.34,3.0,2.0,214.85,4.0,4.0,1,1,4.0,2.1972245773362196,6.223627302842352,0.009890175361944671,0,1.0,0.028428063919520817,-3.531538489046487,True
1124,대조,0,7.0,11.0,192.0,137.0,0.0,0.0,0.0,0.0,0,2.5,1.0,1.0,86.94,9.0,7.0,1,1,7.0,2.4849066497880004,5.262690188904886,0.0,0,0.0,0.04112105146026342,-3.14924464880717,True
1125,대조,0,,0.0,0.0,0.0,0.0,0.0,0.0,0.0,0,0.0,0.0,0.0,0.0,0.0,90.0,0,0,90.0,0.0,0.0,0.0,0,0.0,0.00940488877818188,-4.657076248108105,False
1126,대조,0,5.0,7.0,629.02,283.0,5.0,13.129999999999999,0.0,0.0,0,4.78,2.0,1.0,115.32000000000001,1.0,5.0,1,1,5.0,2.0794415416798357,6.445751564913429,0.0208737401036533,0,0.0,0.0941986811444572,-2.2634138062382316,True
1127,대조,0,,0.0,0.0,0.0,0.0,0.0,0.0,0.0,0,0.0,0.0,0.0,0.0,0.0,90.0,0,0,90.0,0.0,0.0,0.0,0,0.0,0.00940488877818188,-4.657076248108105,False
1131,대조,0,26.0,3.0,61.27,26.0,0.0,0.0,0.0,0.0,1,0.0,0.0,0.0,350.6,9.0,26.0,0,1,26.0,1.3862943611198906,4.13147976888436,0.0,0,0.0,0.03381812662310618,-3.3523551418473465,True
1133,대조,0,19.0,11.0,102.17,52.0,1.0,1.98,0.0,0.0,0,0.0,0.0,0.0,196.6,16.0,19.0,0,1,19.0,2.4849066497880004,4.6363781131122845,0.019379465596554762,0,0.0,0.049063926494942796,-2.9643227698207815,True
1134,대조,0,7.0,7.0,738.49,301.0,6.0,13.7,0.0,0.0,0,9.58,7.0,5.0,775.67,9.0,7.0,1,1,7.0,2.0794415416798357,6.605960759408983,0.018551368332678845,0,0.0,0.09433178548993808,-2.261854829215352,True
1137,대조,0,9.0,19.0,260.92,4545.0,0.0,0.0,0.0,0.0,1,0.0,0.0,0.0,190.39000000000001,11.0,9.0,0,1,9.0,2.995732273553991,5.568039113622825,0.0,0,0.0,0.044219621250146904,-3.0733595470513757,True
1141,대조,0,14.0,14.0,129.97,84.0,0.0,0.0,0.0,0.0,0,0.0,0.0,0.0,63.16,6.0,14.0,0,1,14.0,2.70805020110221,4.874968289341312,0.0,0,0.0,0.03502086143308118,-3.3161625581672043,True
1142,대조,0,2.0,34.0,1535.68,100458.0,0.0,0.0,0.0,0.0,1,4.99,4.0,4.0,1119.38,24.0,2.0,1,1,2.0,3.5553480614894135,7.337379524074529,0.0,0,0.0,0.07202994853773137,-2.555917475689293,True
1145,대조,0,22.0,12.0,474.46,183.0,0.0,0.0,0.0,0.0,0,0.0,0.0,0.0,711.97,11.0,22.0,0,1,22.0,2.5649493574615367,6.164282756470127,0.0,0,0.0,0.05306996181019038,-2.8816141359219984,True
1146,대조,0,1.0,48.0,1185.29,527.0,0.0,0.0,0.0,0.0,1,0.0,0.0,0.0,709.3,34.0,1.0,0,1,1.0,3.8918202981106265,7.078586069060593,0.0,0,0.0,0.06384305694074068,-2.6853553002252237,True
1151,대조,0,17.0,7.0,98.4,22.0,0.0,0.0,0.0,0.0,1,4.0,2.0,1.0,302.78000000000003,6.0,17.0,1,1,17.0,2.0794415416798357,4.599152113662528,0.0,0,0.0,0.03626735902611704,-3.2798957763904935,True
1153,대조,0,6.0,13.0,312.21999999999997,169.0,0.0,0.0,0.0,0.0,0,0.0,0.0,0.0,80.45,5.0,6.0,0,1,6.0,2.6390573296152584,5.746905819038288,0.0,0,0.0,0.047023719038404986,-3.0089378797284483,True
1154,대조,0,1.0,25.0,616.33,289.0,1.0,2.0,0.0,0.0,1,0.0,0.0,0.0,558.18,13.0,1.0,0,1,1.0,3.258096538021482,6.425403726955403,0.00324501484594292,0,0.0,0.06023182624553373,-2.747432333391702,True
1157,대조,0,1.0,18.0,510.56,175.0,2.0,5.87,0.0,0.0,0,0.0,0.0,0.0,400.94,11.0,1.0,0,1,1.0,2.9444389791664403,6.23746488056512,0.011497179567533688,0,0.0,0.06658271273430005,-2.640407378793148,True
1158,대조,0,5.0,20.0,499.59000000000003,271.0,1.0,3.99,0.0,0.0,1,0.0,0.0,0.0,232.01,20.0,5.0,0,1,5.0,3.044522437723423,6.215787402769385,0.007986548970155527,0,0.0,0.0633646554250692,-2.6933878125635555,True
1159,대조,0,6.0,58.0,1080.5,124000.0,18.0,43.39,0.0,0.0,1,31.25,14.0,13.0,417.03000000000003,32.0,6.0,1,1,6.0,4.07753744390572,6.986104245393113,0.04015733456732994,0,0.0,0.12964512041128518,-1.904100161400977,True
1160,대조,0,1.0,21.0,569.48,4582.0,1.0,7.78,0.0,0.0,1,0.0,0.0,0.0,351.15,8.0,1.0,0,1,1.0,3.091042453358316,6.346478111720049,0.013661586008288262,0,0.0,0.0736265165762732,-2.5322722427431454,True
1164,대조,0,19.0,6.0,333.16,122.0,2.0,7.880000000000001,0.0,0.0,1,0.0,0.0,0.0,274.92,7.0,19.0,0,1,19.0,1.9459101490553132,5.81161992018892,0.023652299195581702,0,0.0,0.08566611679039797,-2.367738426247778,True
1165,대조,0,6.0,8.0,137.56,4939.0,0.0,0.0,0.0,0.0,0,0.0,0.0,0.0,163.11,4.0,6.0,0,1,6.0,2.1972245773362196,4.931303444814125,0.0,0,0.0,0.03847220554298857,-3.2185874253770237,True
1166,대조,0,4.0,69.0,1792.22,221563.0,3.0,5.5,0.0,0.0,1,2.29,1.0,1.0,1202.92,36.0,4.0,1,1,4.0,4.248495242049359,7.4917681654646815,0.0030688196761558292,0,0.0,0.07334371936576876,-2.53642583463407,True
1167,대조,0,1.0,23.0,883.02,33407.0,0.0,0.0,0.0,0.0,1,10.47,3.0,3.0,631.85,12.0,1.0,1,1,1.0,3.1780538303479458,6.784479686816104,0.0,0,0.0,0.06378709885928745,-2.686291951430281,True
1169,대조,0,4.0,25.0,821.45,419.0,0.0,0.0,0.0,0.0,1,0.0,0.0,0.0,461.76,10.0,4.0,0,1,4.0,3.258096538021482,6.712287690518167,0.0,0,0.0,0.061530508403184976,-2.724717224470107,True
1172,대조,0,14.0,15.0,330.55,132.0,2.0,6.98,0.0,1.0,1,5.19,1.0,1.0,479.88,18.0,14.0,1,1,14.0,2.772588722239781,5.803778627814877,0.021116321282710633,0,1.0,0.028620190599811423,-3.524605110865238,True
1174,대조,0,5.0,33.0,483.11,261.0,10.0,15.2,0.0,0.0,1,6.38,5.0,5.0,252.88,29.0,5.0,1,1,5.0,3.5263605246161616,6.18231215362137,0.03146281385191778,0,0.0,0.09309594704981451,-2.2764060094231695,True
1175,대조,0,4.0,17.0,1048.7,91019.0,4.0,10.14,0.0,0.0,1,9.39,11.0,5.0,725.03,11.0,4.0,1,1,4.0,2.8903717578961645,6.956259688041752,0.009669114141317822,0,0.0,0.08380996145297909,-2.391671936641515,True
1179,대조,0,4.0,18.0,1069.47,442.0,7.0,23.44,0.0,0.0,1,13.81,4.0,4.0,701.84,10.0,4.0,1,1,4.0,2.9444389791664403,6.9758530833493335,0.021917398337494273,0,0.0,0.10571115368321105,-2.13531840792084,True
1180,대조,0,5.0,14.0,388.52,37797.0,0.0,0.0,0.0,0.0,0,6.0,3.0,2.0,366.41,11.0,5.0,1,1,5.0,2.70805020110221,5.9649152118744455,0.0,0,0.0,0.049972819003642734,-2.9450113580742805,True
1181,대조,0,2.0,5.0,168.01,85.0,0.0,0.0,0.0,0.0,0,0.0,0.0,0.0,281.84,4.0,2.0,0,1,2.0,1.791759469228055,5.129957884770136,0.0,0,0.0,0.04338311234370998,-3.093332736046486,True
1184,대조,0,,0.0,0.0,0.0,0.0,0.0,0.0,1.0,0,0.0,0.0,0.0,0.0,0.0,90.0,0,0,90.0,0.0,0.0,0.0,0,1.0,0.0034941751657687646,-5.653157641167976,False
1186,대조,0,1.0,9.0,679.24,15053.0,2.0,7.08,0.0,0.0,1,4.58,2.0,2.0,288.12,2.0,1.0,1,1,1.0,2.302585092994046,6.522445677077537,0.010423414404334256,0,0.0,0.08046718602352938,-2.436016255883195,True
1187,대조,0,2.0,9.0,192.98,106.0,0.0,0.0,0.0,0.0,0,7.78,2.0,2.0,247.13,13.0,2.0,1,1,2.0,2.302585092994046,5.2677550609653965,0.0,0,0.0,0.042425687745759576,-3.1166493069031724,True
1188,대조,0,4.0,13.0,358.63,5506.0,0.0,0.0,0.0,0.0,1,0.0,0.0,0.0,97.36,6.0,4.0,0,1,4.0,2.6390573296152584,5.885075725146629,0.0,0,0.0,0.051449480239851936,-2.9143346907597247,True
1190,대조,0,6.0,25.0,239.05,7786.0,0.0,0.0,0.0,0.0,1,2.39,2.0,2.0,273.82,16.0,6.0,1,1,6.0,3.258096538021482,5.48084723497695,0.0,0,0.0,0.0417407468068769,-3.13364056719525,True
1191,대조,0,2.0,12.0,359.32,143.0,1.0,3.39,0.0,0.0,0,0.0,0.0,0.0,159.85,8.0,2.0,0,1,2.0,2.5649493574615367,5.886992525511271,0.009434487365022821,0,0.0,0.06011246949078876,-2.7495429206427264,True
1193,대조,0,1.0,36.0,627.82,421.0,0.0,0.0,0.0,0.0,0,2.5,1.0,1.0,282.67,14.0,1.0,1,1,1.0,3.6109179126442243,6.443845047224953,0.0,0,0.0,0.051983250667440174,-2.903450606025232,True
1203,대조,0,16.0,10.0,753.0500000000001,6300.0,4.0,13.870000000000001,0.0,0.0,0,3.89,1.0,1.0,599.35,16.0,16.0,1,1,16.0,2.3978952727983707,6.625458678806694,0.018418431711041763,0,0.0,0.09008765091809043,-2.3125651796935243,True
1204,대조,0,8.0,11.0,232.75,157.0,0.0,0.0,0.0,0.0,0,0.0,0.0,0.0,171.43,5.0,8.0,0,1,8.0,2.4849066497880004,5.4542521681687965,0.0,0,0.0,0.04363401383218104,-3.087303690535459,True
1206,대조,0,1.0,34.0,788.51,342.0,0.0,0.0,0.0,0.0,0,0.0,0.0,0.0,556.09,22.0,1.0,0,1,1.0,3.5553480614894135,6.671412499859939,0.0,0,0.0,0.05620675068627239,-2.8208702579418414,True
1207,대조,0,1.0,16.0,111.52,67.0,0.0,0.0,0.0,0.0,0,0.0,0.0,0.0,67.45,10.0,1.0,0,1,1.0,2.833213344056216,4.723130983621656,0.0,0,0.0,0.033357155254184194,-3.366556783937057,True
1211,대조,0,4.0,31.0,1615.45,59182.0,7.0,33.95,0.0,0.0,0,10.18,2.0,2.0,811.33,12.0,4.0,1,1,4.0,3.4657359027997265,7.387987665663297,0.021015816026494168,0,0.0,0.10575050244386279,-2.134902247121044,True
1216,대조,0,1.0,26.0,895.5600000000001,381.0,4.0,12.66,0.0,0.0,0,12.73,6.0,6.0,782.13,15.0,1.0,1,1,1.0,3.295836866004329,6.798565217743772,0.01413640627093662,0,0.0,0.07964713424869548,-2.4471510898283304,True
1217,대조,0,32.0,5.0,272.42,117.0,0.0,0.0,0.0,0.0,0,0.0,0.0,0.0,334.01,3.0,32.0,0,1,32.0,1.791759469228055,5.611009074503846,0.0,0,0.0,0.04866910845649183,-2.9728174371175924,True
1218,대조,0,11.0,11.0,151.89,64.0,0.0,0.0,0.0,0.0,1,17.55,5.0,5.0,401.47,12.0,11.0,1,1,11.0,2.4849066497880004,5.029718708572522,0.0,0,0.0,0.0397431177194011,-3.1847641474007014,True
1219,대조,0,4.0,17.0,118.59,75.0,0.0,0.0,0.0,0.0,1,0.0,0.0,0.0,77.79,9.0,4.0,0,1,4.0,2.8903717578961645,4.7840692259807165,0.0,0,0.0,0.035178465376320286,-3.311509029712943,True
1223,대조,0,1.0,5.0,69.05,53.0,0.0,0.0,0.0,0.0,0,0.0,0.0,0.0,6.31,2.0,1.0,0,1,1.0,1.791759469228055,4.249209272783016,0.0,0,0.0,0.032840374787745465,-3.3827048573816096,True
1224,대조,0,16.0,12.0,296.94,199.0,1.0,3.89,0.0,0.0,0,0.0,0.0,0.0,255.39,10.0,16.0,0,1,16.0,2.5649493574615367,5.6968921239514465,0.013100289620798814,0,0.0,0.05990905612782494,-2.753148938247818,True
1226,대조,0,5.0,11.0,871.92,455.0,5.0,7.65,0.0,0.0,1,3.69,4.0,3.0,408.57,5.0,5.0,1,1,5.0,2.4849066497880004,6.771843913610799,0.008773740710156895,0,0.0,0.08181024530299419,-2.4180015897543727,True
1227,대조,0,8.0,5.0,159.89000000000001,45.0,1.0,3.39,0.0,0.0,0,7.04,3.0,3.0,519.38,6.0,8.0,1,1,8.0,1.791759469228055,5.080720901662944,0.021202076427543935,0,0.0,0.06464217487266599,-2.6720620971754356,True
1229,대조,0,4.0,50.0,2682.34,151745.0,9.0,35.39,0.0,1.0,1,8.030000000000001,2.0,2.0,1772.6200000000001,33.0,4.0,1,1,4.0,3.9318256327243257,7.8948175662134625,0.013193704004712302,0,1.0,0.0413175606410905,-3.144272276059119,True
1233,대조,0,5.0,4.0,320.59000000000003,9166.0,12.0,13.48,0.0,1.0,0,0.0,0.0,0.0,182.33,2.0,5.0,0,1,5.0,1.6094379124341003,5.773277442294003,0.042047474968027694,0,1.0,0.04863525176818401,-2.9735489177957835,True
1234,처치,1,4.0,13.0,827.9,312.0,5.0,15.760000000000002,0.0,0.0,1,35.16,12.0,11.0,822.01,10.0,4.0,1,1,4.0,2.6390573296152584,6.720099520597481,0.0190361154728832,0,0.0,0.0962947514758535,-2.239089439197533,True
1236,대조,0,4.0,39.0,678.52,352.0,0.0,0.0,0.0,0.0,1,0.0,0.0,0.0,352.88,16.0,4.0,0,1,4.0,3.6888794541139363,6.521386666564961,0.0,0,0.0,0.05490270977578524,-2.845725169122129,True
1237,처치,1,35.0,3.0,150.66,61.0,1.0,1.99,0.0,0.0,0,0.0,0.0,0.0,0.0,0.0,35.0,0,0,35.0,1.3862943611198906,5.02164117327279,0.013208549050842958,0,0.0,0.05524229291778004,-2.839199664030275,True
1239,대조,0,13.0,5.0,315.75,149.0,1.0,1.2,0.0,0.0,0,7.28,2.0,2.0,139.93,2.0,13.0,1,1,13.0,1.791759469228055,5.758112819201249,0.003800475059382423,0,0.0,0.056238907179215564,-2.8202642385423515,True
1240,대조,0,10.0,18.0,1019.25,14148.0,5.0,27.15,0.0,0.0,1,24.240000000000002,6.0,6.0,919.1700000000001,12.0,10.0,1,1,10.0,2.9444389791664403,6.927802974285915,0.026637233259749815,0,0.0,0.11307369486399663,-2.0597221225020985,True
1245,대조,0,7.0,28.0,549.77,233.0,4.0,11.29,0.0,1.0,0,5.78,2.0,2.0,440.97,15.0,7.0,1,1,7.0,3.367295829986474,6.3113172991402235,0.020535860450733943,0,1.0,0.029686456373350652,-3.48692833268139,True
1247,처치,1,5.0,18.0,924.1,455.0,6.0,8.58,0.0,0.0,1,5.3999999999999995,9.0,9.0,594.73,10.0,5.0,1,1,5.0,2.9444389791664403,6.829901839777273,0.009284709447029542,0,0.0,0.0794388212404781,-2.449996279731044,True
1248,대조,0,5.0,28.0,1519.64,41552.0,1.0,2.99,0.0,0.0,1,6.59,7.0,3.0,1226.07,16.0,5.0,1,1,5.0,3.367295829986474,7.326886577854116,0.0019675712668789976,0,0.0,0.07609914086351657,-2.496567795347095,True
1251,대조,0,1.0,17.0,85.46000000000001,34.0,0.0,0.0,0.0,0.0,0,0.0,0.0,0.0,21.740000000000002,5.0,1.0,0,1,1.0,2.8903717578961645,4.4596818792394854,0.0,0,0.0,0.030436837828337,-3.461191976303894,True
1257,대조,0,,0.0,0.0,0.0,0.0,0.0,0.0,0.0,1,0.0,0.0,0.0,0.0,0.0,90.0,0,0,90.0,0.0,0.0,0.0,0,0.0,0.009847729724114483,-4.610617795904017,False
1259,대조,0,7.0,6.0,258.17,133.0,0.0,0.0,0.0,0.0,0,0.0,0.0,0.0,119.81,4.0,7.0,0,1,7.0,1.9459101490553132,5.557484217038903,0.0,0,0.0,0.04836617306129624,-2.9793796595482256,True
1260,대조,0,5.0,28.0,1490.21,13085.0,7.0,19.6,0.0,1.0,1,11.41,4.0,4.0,875.9,10.0,5.0,1,1,5.0,3.367295829986474,7.3073431499174255,0.013152508706826556,0,1.0,0.036817974472932134,-3.2642562504822106,True
1261,대조,0,2.0,23.0,516.57,10931.0,2.0,3.96,0.0,0.0,1,0.0,0.0,0.0,277.74,11.0,2.0,0,1,2.0,3.1780538303479458,6.2491447816924275,0.007665950403623903,0,0.0,0.06278067917024711,-2.7032699522897206,True
1264,대조,0,6.0,14.0,971.58,7038.0,0.0,0.0,0.0,1.0,1,0.0,0.0,0.0,593.29,9.0,6.0,0,1,6.0,2.70805020110221,6.879952334320048,0.0,0,1.0,0.02675415340053133,-3.5939469903248824,True
1265,대조,0,5.0,4.0,274.19,120.0,2.0,7.78,0.0,0.0,0,0.0,0.0,0.0,113.85000000000001,4.0,5.0,0,1,5.0,1.6094379124341003,5.617461768189674,0.028374484846274483,0,0.0,0.08980904300106765,-2.3159687485439324,True
1269,대조,0,4.0,16.0,491.19,236.0,2.0,5.28,0.0,0.0,0,23.47,14.0,8.0,477.66,14.0,4.0,1,1,4.0,2.833213344056216,6.198864820806232,0.010749404507420754,0,0.0,0.06551655943030102,-2.657690980223503,True
1270,대조,0,7.0,9.0,514.19,156.0,0.0,0.0,0.0,0.0,1,0.0,0.0,0.0,115.8,4.0,7.0,0,1,7.0,2.302585092994046,6.244535764663881,0.0,0,0.0,0.05984844119195106,-2.754225708624431,True
1271,대조,0,4.0,17.0,712.73,352.0,6.0,21.85,0.0,0.0,0,7.0,3.0,3.0,222.51,10.0,4.0,1,1,4.0,2.8903717578961645,6.570504739561862,0.030656770446031458,0,0.0,0.10671287515051524,-2.1247662397284572,True
1272,대조,0,2.0,40.0,1557.02,581.0,17.0,59.28,0.0,0.0,1,15.770000000000001,9.0,6.0,761.5600000000001,21.0,2.0,1,1,2.0,3.713572066704308,7.351171063318775,0.03807272867400548,0,0.0,0.14513403566058064,-1.773286990486082,True
1277,대조,0,1.0,47.0,1007.9,387.0,1.0,3.49,0.0,0.0,0,0.0,0.0,0.0,338.12,15.0,1.0,0,1,1.0,3.871201010907891,6.916615907414333,0.003462645103680921,0,0.0,0.0623984627134133,-2.709784419349954,True
1279,대조,0,4.0,33.0,614.65,366.0,0.0,0.0,0.0,0.0,0,0.0,0.0,0.0,495.69,24.0,4.0,0,1,4.0,3.5263605246161616,6.42267862023888,0.0,0,0.0,0.052011779648711974,-2.9028718517550463,True
1282,대조,0,5.0,33.0,627.93,354.0,0.0,0.0,0.0,0.0,0,0.0,0.0,0.0,840.6,18.0,5.0,0,1,5.0,3.5263605246161616,6.4440199627491515,0.0,0,0.0,0.052296928408705326,-2.8971035984606575,True
1284,대조,0,4.0,5.0,91.79,48.0,0.0,0.0,0.0,0.0,0,0.0,0.0,0.0,2.21,3.0,4.0,0,1,4.0,1.791759469228055,4.530338875365088,0.0,0,0.0,0.03578603845142213,-3.293755391845411,True
1285,대조,0,7.0,28.0,704.84,27141.0,0.0,0.0,0.0,0.0,1,0.0,0.0,0.0,286.38,11.0,7.0,0,1,7.0,3.367295829986474,6.559388582913849,0.0,0,0.0,0.05766545170870145,-2.7937021213602256,True
1288,대조,0,4.0,3.0,97.87,11908.0,0.0,0.0,0.0,0.0,0,4.58,2.0,1.0,170.56,2.0,4.0,1,1,4.0,1.3862943611198906,4.593805855909042,0.0,0,0.0,0.038486170218624736,-3.218209986813481,True
1291,대조,0,1.0,16.0,434.55,224.0,1.0,5.79,0.0,0.0,1,0.0,0.0,0.0,418.71,11.0,1.0,0,1,1.0,2.833213344056216,6.076609600264901,0.013324128408698654,0,0.0,0.06954537584377456,-2.5936938805117555,True
1292,대조,0,20.0,2.0,24.54,10.0,0.0,0.0,0.0,1.0,0,0.0,0.0,0.0,24.32,1.0,20.0,0,1,20.0,1.0986122886681098,3.2402458506043934,0.0,0,1.0,0.009540575400537776,-4.642615102572513,False
1293,대조,0,12.0,13.0,136.58,117.0,0.0,0.0,0.0,0.0,0,0.0,0.0,0.0,171.88,12.0,12.0,0,1,12.0,2.6390573296152584,4.924205566097868,0.0,0,0.0,0.03598257022635526,-3.2880747142915383,True
1294,대조,0,6.0,10.0,568.95,264.0,8.0,25.81,0.0,0.0,0,4.0,2.0,1.0,290.72,4.0,6.0,1,1,6.0,2.3978952727983707,6.345548637682787,0.04536426751032603,0,0.0,0.13866425329397952,-1.8264288108219875,True
1296,대조,0,8.0,10.0,250.64000000000001,164.0,6.0,25.19,0.0,0.0,1,9.98,3.0,3.0,161.24,6.0,8.0,1,1,8.0,2.3978952727983707,5.527999494701829,0.10050271305458028,0,0.0,0.29016008167008855,-0.8946067010325434,False
1297,대조,0,1.0,4.0,60.730000000000004,30.0,6.0,3.5999999999999996,0.0,0.0,1,3.39,1.0,1.0,245.45,19.0,1.0,1,1,1.0,1.6094379124341003,4.122770036405805,0.05927877490531861,0,0.0,0.10824593996876712,-2.1087845169921575,True
1300,대조,0,8.0,10.0,111.21000000000001,52.0,0.0,0.0,0.0,0.0,1,0.0,0.0,0.0,37.3,4.0,8.0,0,1,8.0,2.3978952727983707,4.720372115676775,0.0,0,0.0,0.03656871943467318,-3.271307947874925,True
1303,대조,0,1.0,27.0,914.3000000000001,52516.0,3.0,9.01,0.0,0.0,0,3.0,5.0,5.0,592.72,26.0,1.0,1,1,1.0,3.332204510175204,6.819251880390734,0.009854533522913704,0,0.0,0.0734321540915139,-2.5351253648848857,True
1304,대조,0,35.0,6.0,53.99,31.0,0.0,0.0,0.0,0.0,0,0.0,0.0,0.0,85.34,10.0,35.0,0,1,35.0,1.9459101490553132,4.007151350519723,0.0,0,0.0,0.028562810025481798,-3.526671091222778,True
1305,대조,0,8.0,60.0,1148.27,27952.0,0.0,0.0,0.0,0.0,1,0.0,0.0,0.0,529.72,20.0,8.0,0,1,8.0,4.110873864173311,7.046882237188818,0.0,0,0.0,0.06098310027288216,-2.7342366955432866,True
1306,대조,0,18.0,17.0,385.83,195.0,0.0,0.0,0.0,0.0,1,0.0,0.0,0.0,387.71,22.0,18.0,0,1,18.0,2.8903717578961645,5.957985320033814,0.0,0,0.0,0.05011794410068493,-2.94195871555506,True
1307,대조,0,1.0,21.0,226.76,24030.0,0.0,0.0,0.0,0.0,0,0.0,0.0,0.0,164.02,7.0,1.0,0,1,1.0,3.091042453358316,5.428292442969782,0.0,0,0.0,0.04036561315445396,-3.1685741019034186,True
1312,대조,0,1.0,32.0,1348.75,527.0,8.0,14.58,0.0,0.0,0,7.8,13.0,8.0,822.64,17.0,1.0,1,1,1.0,3.4965075614664802,7.207674669098396,0.010810009267840592,0,0.0,0.0824881950913379,-2.409010252931069,True
1314,대조,0,1.0,60.0,1821.99,210412.0,9.0,26.91,0.0,0.0,0,4.49,1.0,1.0,1568.66,47.0,1.0,1,1,1.0,4.110873864173311,7.5082332892000965,0.014769565145802117,0,0.0,0.0903455706166935,-2.3094227883398615,True
1318,대조,0,11.0,7.0,675.98,254.0,2.0,8.780000000000001,0.0,0.0,1,6.99,7.0,5.0,551.57,7.0,11.0,1,1,11.0,2.0794415416798357,6.5176417303784095,0.012988549957099324,0,0.0,0.08576805509592696,-2.366437689364902,True
1321,대조,0,2.0,31.0,295.59,189.0,6.0,7.16,0.0,0.0,1,7.89,7.0,7.0,230.93,36.0,2.0,1,1,2.0,3.4657359027997265,5.692350713693781,0.02422274095876045,0,0.0,0.07055988189591514,-2.578120643427961,True
1325,대조,0,5.0,2.0,162.87,64.0,1.0,1.98,0.0,0.0,0,0.0,0.0,0.0,147.85,3.0,5.0,0,1,5.0,1.0986122886681098,5.099073430558133,0.01215693497881746,0,0.0,0.05959407263172164,-2.7587555030371593,True
1326,대조,0,7.0,26.0,283.26,117.0,5.0,30.32,0.0,0.0,1,25.92,8.0,6.0,866.36,28.0,7.0,1,1,7.0,3.295836866004329,5.649889312310866,0.1070394690390454,0,0.0,0.30221316860628233,-0.8367810322814927,False
1331,대조,0,9.0,16.0,238.83,107.0,0.0,0.0,0.0,1.0,0,4.99,1.0,1.0,330.46,13.0,9.0,1,1,9.0,2.833213344056216,5.479930339022074,0.0,0,1.0,0.01593631936990152,-4.123089869622355,False
1333,대조,0,1.0,17.0,985.8,321.0,2.0,5.2299999999999995,0.0,0.0,1,0.0,0.0,0.0,514.39,7.0,1.0,0,1,1.0,2.8903717578961645,6.894467384655202,0.00530533576790424,0,0.0,0.07586775595289567,-2.499863411280078,True
1337,대조,0,5.0,29.0,1743.81,32377.0,8.0,16.37,0.0,0.0,1,7.83,3.0,3.0,1084.56,19.0,5.0,1,1,5.0,3.4011973816621555,7.464400946186905,0.009387490609642106,0,0.0,0.09112605712196815,-2.299962616807833,True
1344,대조,0,18.0,4.0,326.6,151.0,0.0,0.0,0.0,0.0,0,1.89,1.0,1.0,275.19,2.0,18.0,1,1,18.0,1.6094379124341003,5.791793351978915,0.0,0,0.0,0.05361779953591165,-2.8707654110187475,True
1347,대조,0,19.0,15.0,194.5,72.0,0.0,0.0,0.0,0.0,0,2.5,1.0,1.0,165.46,7.0,19.0,1,1,19.0,2.772588722239781,5.27556037942542,0.0,0,0.0,0.03920223137980051,-3.1990302802140054,True
1349,대조,0,1.0,28.0,895.79,25194.0,2.0,3.33,0.0,0.0,0,0.0,0.0,0.0,425.3,15.0,1.0,0,1,1.0,3.367295829986474,6.798821720937529,0.0037173891202179083,0,0.0,0.06443762458222135,-2.675450124356491,True
1351,대조,0,4.0,15.0,119.03,34.0,0.0,0.0,0.0,0.0,0,0.0,0.0,0.0,13.63,4.0,4.0,0,1,4.0,2.772588722239781,4.787741711537254,0.0,0,0.0,0.03419460451670252,-3.340894491013704,True
1352,대조,0,5.0,17.0,660.97,102673.0,6.0,7.69,0.0,0.0,1,6.78,4.0,3.0,601.73,12.0,5.0,1,1,5.0,2.8903717578961645,6.495220237689608,0.011634416085450171,0,0.0,0.07559046895262403,-2.5038249856874804,True
1353,대조,0,6.0,17.0,395.37,235.0,2.0,4.970000000000001,0.0,0.0,0,3.49,1.0,1.0,400.73,13.0,6.0,1,1,6.0,2.8903717578961645,5.9823481184617,0.01257050357892607,0,0.0,0.06290547664405996,-2.7011509268864304,True
1354,대조,0,7.0,9.0,268.45,7521.0,0.0,0.0,0.0,0.0,1,0.0,0.0,0.0,225.46,8.0,7.0,0,1,7.0,2.302585092994046,5.596382844379506,0.0,0,0.0,0.04888726007647398,-2.9681157719310205,True
1356,대조,0,2.0,10.0,277.52,149.0,0.0,0.0,0.0,0.0,0,5.53,2.0,2.0,174.05,4.0,2.0,1,1,2.0,2.3978952727983707,5.629489870074346,0.0,0,0.0,0.04697113877065612,-3.0101118434182457,True
1357,처치,1,12.0,12.0,281.96,296.0,1.0,1.2,0.0,0.0,1,0.0,0.0,0.0,312.75,9.0,12.0,0,1,12.0,2.5649493574615367,5.645305544897225,0.004255922825932757,0,0.0,0.051940646212788016,-2.9043154620934986,True
1363,대조,0,39.0,1.0,239.4,110.0,1.0,3.96,0.0,0.0,1,0.0,0.0,0.0,0.0,0.0,39.0,0,0,39.0,0.6931471805599453,5.4823042026610525,0.016541353383458645,0,0.0,0.07709399165237966,-2.482502048290477,True
1369,대조,0,14.0,10.0,200.06,73.0,1.0,3.89,0.0,0.0,1,2.34,1.0,1.0,103.52,4.0,14.0,1,1,14.0,2.3978952727983707,5.303603370977274,0.019444166749975008,0,0.0,0.06427007463352766,-2.678232772934045,True
1370,대조,0,4.0,12.0,1157.46,501.0,1.0,1.99,0.0,0.0,1,0.0,0.0,0.0,736.23,7.0,4.0,0,1,4.0,2.5649493574615367,7.054846815870218,0.0017192818758315622,0,0.0,0.07711315346394193,-2.482232765188866,True
1374,대조,0,4.0,18.0,362.44,185.0,0.0,0.0,0.0,0.0,0,0.0,0.0,0.0,182.99,8.0,4.0,0,1,4.0,2.9444389791664403,5.895614221451148,0.0,0,0.0,0.047496434737737445,-2.998439199980649,True
1375,처치,1,2.0,16.0,614.47,300.0,0.0,0.0,0.0,0.0,0,0.0,0.0,0.0,230.41,9.0,2.0,0,1,2.0,2.833213344056216,6.422386203575545,0.0,0,0.0,0.056942891047114814,-2.8070779875937233,True
1376,대조,0,1.0,36.0,1954.32,180027.0,1.0,3.89,0.0,0.0,1,11.280000000000001,4.0,3.0,1096.89,23.0,1.0,1,1,1.0,3.6109179126442243,7.578309141889338,0.0019904621556346967,0,0.0,0.08011191872295506,-2.440827370812836,True
1379,대조,0,1.0,76.0,1450.39,180797.0,3.0,7.2299999999999995,0.0,0.0,0,3.0,3.0,2.0,1023.95,47.0,1.0,1,1,1.0,4.343805421853684,7.280276996920894,0.004984866139452147,0,0.0,0.0677701208359883,-2.621458033558553,True
1383,대조,0,22.0,15.0,110.64,41.0,0.0,0.0,0.0,0.0,0,0.0,0.0,0.0,83.4,10.0,22.0,0,1,22.0,2.772588722239781,4.715279408668121,0.0,0,0.0,0.032680641950743224,-3.3877457841103773,True
1385,대조,0,6.0,16.0,1115.55,577.0,0.0,0.0,0.0,1.0,0,0.0,0.0,0.0,418.75,7.0,6.0,0,1,6.0,2.833213344056216,7.017998853080896,0.0,0,1.0,0.02629562718039937,-3.611705080450837,True
1387,대조,0,2.0,6.0,334.09000000000003,152.0,4.0,12.34,0.0,0.0,0,0.0,0.0,0.0,159.05,4.0,2.0,0,1,2.0,1.9459101490553132,5.814399152459731,0.036936154928312724,0,0.0,0.10786821950209238,-2.1127035653612345,True
1389,대조,0,49.0,7.0,422.04,141.0,0.0,0.0,0.0,0.0,1,0.0,0.0,0.0,0.0,0.0,49.0,0,0,49.0,2.0794415416798357,6.047466737223266,0.0,0,0.0,0.05505818105243531,-2.842732894913298,True
1390,대조,0,2.0,11.0,243.96,149.0,3.0,2.8,0.0,0.0,0,2.07,3.0,3.0,780.41,21.0,2.0,1,1,2.0,2.4849066497880004,5.501094931909374,0.011477291359239219,0,0.0,0.0560822991412144,-2.8232187416401513,True
1392,처치,1,4.0,23.0,513.03,24980.0,8.0,8.08,0.0,0.0,0,5.0,10.0,5.0,206.65,10.0,4.0,1,1,4.0,3.1780538303479458,6.242281629510705,0.015749566302165566,0,0.0,0.0701220528833243,-2.5848160015346795,True
1394,대조,0,7.0,24.0,812.07,301.0,4.0,8.76,0.0,0.0,1,5.779999999999999,4.0,2.0,220.65,11.0,7.0,1,1,7.0,3.2188758248682006,6.700817206702353,0.010787247404780376,0,0.0,0.07581950796118012,-2.500551769767999,True
1396,대조,0,6.0,45.0,1487.39,21902.0,0.0,0.0,0.0,0.0,1,0.0,0.0,0.0,746.39,25.0,6.0,0,1,6.0,3.828641396489095,7.305450277825872,0.0,0,0.0,0.0686026869247344,-2.6083542437566427,True
1397,대조,0,5.0,41.0,819.58,4025.0,0.0,0.0,0.0,0.0,1,0.0,0.0,0.0,364.29,18.0,5.0,0,1,5.0,3.7376696182833684,6.710011407300643,0.0,0,0.0,0.057794828762207845,-2.7913237508283406,True
1402,대조,0,2.0,31.0,540.38,8686.0,1.0,2.99,0.0,0.0,1,3.0,5.0,3.0,287.25,18.0,2.0,1,1,2.0,3.4657359027997265,6.294121435234464,0.0055331433435730415,0,0.0,0.05885895653314489,-2.7719490004378096,True
1403,대조,0,1.0,35.0,704.15,102093.0,0.0,0.0,0.0,0.0,0,0.0,0.0,0.0,405.1,28.0,1.0,0,1,1.0,3.58351893845611,6.55841054613825,0.0,0,0.0,0.05406665747754703,-2.8619544210653127,True
1405,대조,0,29.0,6.0,257.65,88.0,0.0,0.0,0.0,1.0,0,0.0,0.0,0.0,245.05,4.0,29.0,0,1,29.0,1.9459101490553132,5.555475796449524,0.0,0,1.0,0.01791287823871271,-4.004160114277096,True
1406,대조,0,8.0,21.0,714.92,256.0,2.0,4.49,0.0,0.0,0,0.0,0.0,0.0,389.04,8.0,8.0,0,1,8.0,3.091042453358316,6.573568428874602,0.006280422984389862,0,0.0,0.064907107031308,-2.667688749991688,True
1408,대조,0,57.0,3.0,41.05,16.0,2.0,3.6,0.0,0.0,0,7.8,13.0,6.0,23.849999999999998,1.0,57.0,1,1,57.0,1.3862943611198906,3.738859386418957,0.0876979293544458,0,0.0,0.1510291394772251,-1.7265520687377705,True
1409,대조,0,1.0,10.0,457.52,196.0,2.0,5.78,0.0,0.0,0,0.0,0.0,0.0,334.4,5.0,1.0,0,1,1.0,2.3978952727983707,6.128003911246809,0.012633327504808533,0,0.0,0.0704973159282468,-2.5790750576547827,True
1412,대조,0,9.0,11.0,573.48,243.0,3.0,7.85,0.0,0.0,1,3.0,5.0,2.0,347.4,6.0,9.0,1,1,9.0,2.4849066497880004,6.353465283802062,0.013688358791936946,0,0.0,0.07885730473006412,-2.457975009444611,True
1417,대조,0,,0.0,0.0,0.0,0.0,0.0,0.0,0.0,0,0.0,0.0,0.0,0.0,0.0,90.0,0,0,90.0,0.0,0.0,0.0,0,0.0,0.00940488877818188,-4.657076248108105,False
1418,대조,0,5.0,12.0,380.66,182.0,0.0,0.0,0.0,0.0,1,0.0,0.0,0.0,55.480000000000004,3.0,5.0,0,1,5.0,2.5649493574615367,5.944530159918768,0.0,0,0.0,0.052849512437572244,-2.886009503469089,True
1419,대조,0,1.0,100.0,1280.98,692.0,1.0,2.99,0.0,0.0,1,0.0,0.0,0.0,817.17,73.0,1.0,0,1,1.0,4.61512051684126,7.1561610367349,0.002334150416087683,0,0.0,0.06249419853283322,-2.7081492170977417,True
1423,대조,0,5.0,40.0,222.34,112.0,0.0,0.0,0.0,0.0,1,0.0,0.0,0.0,178.91,27.0,5.0,0,1,5.0,3.713572066704308,5.408695274017646,0.0,0,0.0,0.038511999722872205,-3.217512210895126,True
1424,대조,0,9.0,8.0,66.59,37.0,0.0,0.0,0.0,0.0,0,0.0,0.0,0.0,16.17,2.0,9.0,0,1,9.0,2.1972245773362196,4.213460043112263,0.0,0,0.0,0.030492766796013905,-3.4592984341531494,True
1425,대조,0,2.0,29.0,834.21,375.0,0.0,0.0,0.0,0.0,1,3.49,1.0,1.0,280.53000000000003,8.0,2.0,1,1,2.0,3.4011973816621555,6.727683190236773,0.0,0,0.0,0.06086171444615002,-2.73635842292584,True
1428,대조,0,4.0,10.0,321.95,151.0,3.0,13.96,0.0,0.0,1,10.33,4.0,4.0,433.41,11.0,4.0,1,1,4.0,2.3978952727983707,5.777497512478481,0.043360770305948135,0,0.0,0.1184757569832838,-2.0069441462381654,True
1429,대조,0,5.0,9.0,165.32,113.0,0.0,0.0,0.0,0.0,1,0.0,0.0,0.0,68.93,5.0,5.0,0,1,5.0,2.302585092994046,5.113913643549758,0.0,0,0.0,0.04209653561865665,-3.1247815570649666,True
1430,대조,0,2.0,46.0,2751.4,227522.0,7.0,21.82,0.0,0.0,1,13.16,4.0,4.0,1725.39,33.0,2.0,1,1,2.0,3.8501476017100584,7.920228537328325,0.007930508104964745,0,0.0,0.09649721047683099,-2.2367650965396217,True
1431,대조,0,14.0,18.0,383.65,122.0,2.0,11.97,0.0,0.0,0,3.99,2.0,2.0,287.67,14.0,14.0,1,1,14.0,2.9444389791664403,5.952333829904943,0.03120031278509058,0,0.0,0.08807455809019779,-2.3373745276519156,True
1434,대조,0,1.0,33.0,676.82,309.0,2.0,6.23,0.0,0.0,0,9.98,3.0,3.0,571.21,30.0,1.0,1,1,1.0,3.5263605246161616,6.518881765966892,0.009204810732543365,0,0.0,0.06452299984518219,-2.674034812807608,True
1437,대조,0,8.0,12.0,794.46,456.0,2.0,5.83,0.0,0.0,1,21.35,8.0,7.0,565.16,21.0,8.0,1,1,8.0,2.5649493574615367,6.678920563672636,0.007338317851118999,0,0.0,0.07632168515477715,-2.4934067599020393,True
1438,대조,0,34.0,8.0,528.1800000000001,181.0,2.0,5.0,0.0,0.0,1,13.56,4.0,3.0,389.97,4.0,34.0,1,1,34.0,2.1972245773362196,6.2713286386316955,0.009466469764095573,0,0.0,0.07130305939017989,-2.566843229306907,True
1440,대조,0,34.0,10.0,172.88,5344.0,0.0,0.0,0.0,0.0,0,0.0,0.0,0.0,7.6499999999999995,1.0,34.0,0,1,34.0,2.3978952727983707,5.158365406120591,0.0,0,0.0,0.038926984894994146,-3.206362675114619,True
1443,대조,0,1.0,51.0,537.9300000000001,227.0,0.0,0.0,0.0,0.0,1,0.0,0.0,0.0,185.24,15.0,1.0,0,1,1.0,3.9512437185814275,6.2895856923452715,0.0,0,0.0,0.049560653664960215,-2.953727101475149,True
1445,대조,0,2.0,24.0,545.17,158.0,5.0,4.8,0.0,0.0,1,6.0,10.0,10.0,380.33,12.0,2.0,1,1,2.0,3.2188758248682006,6.302930282595254,0.008804593062714383,0,0.0,0.06494219869134056,-2.6671107235843423,True
1446,대조,0,20.0,10.0,406.53000000000003,172.0,2.0,5.88,0.0,0.0,0,0.0,0.0,0.0,211.42000000000002,4.0,20.0,0,1,20.0,2.3978952727983707,6.010114549603027,0.014463877204634342,0,0.0,0.06889702590743105,-2.6037568653216994,True
1447,대조,0,,0.0,0.0,0.0,0.0,0.0,0.0,0.0,0,0.0,0.0,0.0,34.96,2.0,90.0,0,1,90.0,0.0,0.0,0.0,0,0.0,0.00940488877818188,-4.657076248108105,False
1448,대조,0,87.0,1.0,14.65,4.0,0.0,0.0,0.0,0.0,0,0.0,0.0,0.0,390.07,9.0,87.0,0,1,87.0,0.6931471805599453,2.750470916986162,0.0,0,0.0,0.0210631715348001,-3.8389410232931236,True
1451,대조,0,5.0,29.0,841.39,61712.0,2.0,9.98,0.0,0.0,1,11.99,5.0,4.0,536.91,18.0,5.0,1,1,5.0,3.4011973816621555,6.736243089904103,0.011861324712677831,0,0.0,0.076681560823833,-2.488312906525022,True
1453,처치,1,1.0,112.0,2946.39,1100.0,14.0,33.09,0.0,0.0,1,35.84,32.0,17.0,1738.47,68.0,1.0,1,1,1.0,4.727387818712341,7.9886753119526155,0.011230692474519669,0,0.0,0.09434126336706498,-2.261743895298027,True
1454,대조,0,2.0,3.0,41.51,23.0,0.0,0.0,0.0,0.0,1,0.0,0.0,0.0,235.35,7.0,2.0,0,1,2.0,1.3862943611198906,3.749739342370699,0.0,0,0.0,0.03083620310166848,-3.4477442095655757,True
1456,대조,0,1.0,11.0,257.13,143.0,0.0,0.0,0.0,0.0,0,0.0,0.0,0.0,467.22,18.0,1.0,0,1,1.0,2.4849066497880004,5.55346333398774,0.0,0,0.0,0.0454059320814806,-3.045643431246666,True
1458,대조,0,4.0,15.0,509.13,37848.0,5.0,7.75,0.0,0.0,0,3.0,5.0,4.0,186.98,8.0,4.0,1,1,4.0,2.772588722239781,6.23466559519717,0.015222045450081512,0,0.0,0.0728438471297586,-2.5438039314442076,True
1459,대조,0,1.0,10.0,431.72,176.0,16.0,19.84,0.0,0.0,0,6.0,10.0,6.0,538.98,5.0,1.0,1,1,1.0,2.3978952727983707,6.070090867563172,0.04595571203557861,0,0.0,0.13027384331182326,-1.8985396777365364,True
1460,대조,0,8.0,15.0,532.32,13883.0,6.0,15.04,1.0,1.0,0,5.28,2.0,2.0,204.15,3.0,8.0,1,1,8.0,2.772588722239781,6.279121619247258,0.028253681995792,1,1.0,0.0030260235881424914,-5.797475257235428,False
1461,대조,0,5.0,39.0,1082.6,51800.0,5.0,6.34,0.0,0.0,1,3.49,1.0,1.0,663.67,28.0,5.0,1,1,5.0,3.6888794541139363,6.98804411021094,0.005856271937927213,0,0.0,0.07109147376119881,-2.5700428585589115,True
1462,대조,0,11.0,17.0,571.99,10039.0,17.0,20.49,0.0,0.0,1,38.5,26.0,20.0,407.82,11.0,11.0,1,1,11.0,2.8903717578961645,6.350868264555471,0.0358223045857445,0,0.0,0.11392601140839898,-2.0512512407321077,True
1464,대조,0,14.0,15.0,371.95,171.0,1.0,1.98,0.0,0.0,0,0.0,0.0,0.0,323.64,9.0,14.0,0,1,14.0,2.772588722239781,5.921444362401172,0.0053232961419545635,0,0.0,0.053771139543346516,-2.867747580647951,True
1467,대조,0,2.0,25.0,45.44,51.0,0.0,0.0,0.0,0.0,1,0.0,0.0,0.0,225.52,84.0,2.0,0,1,2.0,3.258096538021482,3.8381611568296905,0.0,0,0.0,0.02482832359233953,-3.67062845203511,True
1470,처치,1,1.0,23.0,344.44,9341.0,3.0,6.279999999999999,0.0,0.0,1,0.0,0.0,0.0,189.77,7.0,1.0,0,1,1.0,3.1780538303479458,5.844818966766497,0.01823249332249448,0,0.0,0.06827051265931003,-2.613564582227369,True
1473,대조,0,12.0,15.0,552.47,228.0,4.0,11.16,0.0,0.0,0,0.0,0.0,0.0,412.09000000000003,9.0,12.0,0,1,12.0,2.772588722239781,6.316207550137784,0.02020019186562166,0,0.0,0.08146791954651418,-2.422567513489647,True
1474,대조,0,,0.0,0.0,0.0,0.0,0.0,0.0,0.0,1,0.0,0.0,0.0,64.88,2.0,90.0,0,1,90.0,0.0,0.0,0.0,0,0.0,0.009847729724114483,-4.610617795904017,False
1475,대조,0,2.0,41.0,1717.46,50890.0,1.0,2.25,0.0,0.0,1,5.73,2.0,2.0,1200.96,26.0,2.0,1,1,2.0,3.7376696182833684,7.449183819906106,0.0013100741793113085,0,0.0,0.0747394383781436,-2.516067476397616,True
1479,대조,0,2.0,82.0,915.08,457.0,1.0,3.89,0.0,0.0,1,0.0,0.0,0.0,822.1800000000001,60.0,2.0,0,1,2.0,4.418840607796598,6.820103697105084,0.004250994448572802,0,0.0,0.05988118322875455,-2.7536439487411704,True
1481,대조,0,23.0,7.0,38.57,10088.0,0.0,0.0,0.0,0.0,1,0.0,0.0,0.0,161.67000000000002,6.0,23.0,0,1,23.0,2.0794415416798357,3.678071255397333,0.0,0,0.0,0.02681799115926931,-3.5914981499375385,True
1483,대조,0,5.0,18.0,677.77,19224.0,1.0,3.49,0.0,0.0,1,3.49,1.0,1.0,492.34000000000003,9.0,5.0,1,1,5.0,2.9444389791664403,6.520282336744051,0.005149239417501512,0,0.0,0.06667022912449712,-2.639000077249112,True
1484,대조,0,9.0,12.0,549.06,296.0,9.0,8.69,0.0,0.0,1,0.0,0.0,0.0,317.01,7.0,9.0,0,1,9.0,2.5649493574615367,6.310027363185627,0.015827049867045497,0,0.0,0.08030695521730716,-2.438183734784841,True
1485,대조,0,4.0,11.0,328.25,89.0,1.0,1.89,0.0,1.0,1,0.0,0.0,0.0,58.4,3.0,4.0,0,1,4.0,2.4849066497880004,5.796817340623391,0.0057578065498857574,0,1.0,0.021926471054132365,-3.7978902193431665,True
1488,대조,0,10.0,11.0,361.44,193.0,0.0,0.0,0.0,0.0,1,2.29,1.0,1.0,378.09000000000003,11.0,10.0,1,1,10.0,2.4849066497880004,5.89285894335386,0.0,0,0.0,0.052220139470507354,-2.8986540265647815,True
1489,대조,0,1.0,86.0,2846.51,119369.0,8.0,25.63,0.0,0.0,0,6.0,3.0,3.0,1548.95,49.0,1.0,1,1,1.0,4.465908118654584,7.9542002071676725,0.009004008417325075,0,0.0,0.08857824496656151,-2.3311194631296215,True
1491,대조,0,1.0,41.0,792.22,332.0,6.0,4.8,0.0,0.0,1,1.7999999999999998,3.0,3.0,590.85,31.0,1.0,1,1,1.0,3.7376696182833684,6.6761006106495,0.006058923026432051,0,0.0,0.06475474346191522,-2.670201845354727,True
1493,대조,0,1.0,6.0,429.58,175.0,0.0,0.0,0.0,0.0,0,0.0,0.0,0.0,61.53,3.0,1.0,0,1,1.0,1.9459101490553132,6.0651331370331825,0.0,0,0.0,0.05709712210358234,-2.804209570238879,True
1494,대조,0,10.0,12.0,350.4,207.0,0.0,0.0,0.0,0.0,1,0.0,0.0,0.0,251.72,8.0,10.0,0,1,10.0,2.5649493574615367,5.861925175752996,0.0,0,0.0,0.05119113592715304,-2.9196409799691883,True
1495,대조,0,1.0,30.0,298.35,233.0,1.0,1.0,0.0,0.0,0,0.0,0.0,0.0,118.81,11.0,1.0,0,1,1.0,3.4339872044851463,5.701613457371361,0.0033517680576504102,0,0.0,0.04503710615617677,-3.054185753873726,True
1499,대조,0,6.0,14.0,340.07,154.0,1.0,3.39,0.0,0.0,1,8.39,3.0,2.0,176.29,10.0,6.0,1,1,6.0,2.70805020110221,5.832087734809125,0.009968535889669774,0,0.0,0.06097615781102327,-2.734357937716116,True
1501,대조,0,4.0,33.0,1459.72,157497.0,6.0,17.450000000000003,0.0,0.0,0,31.020000000000003,11.0,10.0,926.52,20.0,4.0,1,1,4.0,3.5263605246161616,7.286684743828477,0.011954347409092157,0,0.0,0.08574330692595936,-2.3667533481802487,True
1505,대조,0,5.0,22.0,1008.4300000000001,419.0,5.0,9.35,0.0,0.0,1,0.0,0.0,0.0,382.54,9.0,5.0,0,1,5.0,3.1354942159291497,6.917141094090628,0.009271838402268872,0,0.0,0.07964312490993002,-2.4472057861618555,True
1506,대조,0,11.0,10.0,330.18,148.0,0.0,0.0,0.0,0.0,0,0.0,0.0,0.0,340.12,14.0,11.0,0,1,11.0,2.3978952727983707,5.802662034214338,0.0,0,0.0,0.04905871262603201,-2.9644345251829,True
1509,대조,0,1.0,24.0,905.71,98610.0,0.0,0.0,0.0,0.0,1,2.5,1.0,1.0,516.93,23.0,1.0,1,1,1.0,3.2188758248682006,6.809822663597478,0.0,0,0.0,0.06395846175412583,-2.6834260164072776,True
1510,대조,0,1.0,186.0,1318.44,18002.0,6.0,11.45,0.0,0.0,0,6.9799999999999995,6.0,4.0,897.57,111.0,1.0,1,1,1.0,5.231108616854587,7.184962683139897,0.008684505931252084,0,0.0,0.06328561896403016,-2.694720298193075,True
1511,대조,0,5.0,23.0,318.64,140.0,0.0,0.0,0.0,0.0,0,0.0,0.0,0.0,303.32,14.0,5.0,0,1,5.0,3.1780538303479458,5.767195362506262,0.0,0,0.0,0.044211525758996756,-3.073551108446443,True
1512,대조,0,75.0,4.0,74.01,7206.0,0.0,0.0,0.0,1.0,0,1.7999999999999998,3.0,3.0,151.71,3.0,75.0,1,1,75.0,1.6094379124341003,4.317621437981545,0.0,0,1.0,0.011821282178513498,-4.425962088438325,False
1515,대조,0,2.0,20.0,999.27,362.0,2.0,7.01,0.0,0.0,0,0.0,0.0,0.0,431.48,6.0,2.0,0,1,2.0,3.044522437723423,6.908025242538697,0.007015121038358001,0,0.0,0.07391970787710465,-2.527981463996628,True
1517,대조,0,4.0,17.0,515.47,258.0,1.0,3.49,0.0,0.0,1,0.0,0.0,0.0,240.74,12.0,4.0,0,1,4.0,2.8903717578961645,6.247017203620134,0.006770520107862727,0,0.0,0.06376982422242111,-2.686581256645125,True
1520,대조,0,7.0,23.0,468.51,70190.0,4.0,7.3,0.0,0.0,0,9.08,4.0,3.0,298.26,13.0,7.0,1,1,7.0,3.1780538303479458,6.151689597676018,0.015581310964547181,0,0.0,0.06773164642991168,-2.622067184600073,True
1524,대조,0,45.0,9.0,376.49,44488.0,2.0,4.78,0.0,0.0,1,0.0,0.0,0.0,172.12,2.0,45.0,0,1,45.0,2.302585092994046,5.933544078271987,0.012696220351138144,0,0.0,0.06668856277298386,-2.63870548155653,True
1526,대조,0,2.0,29.0,493.04,286.0,5.0,13.55,0.0,0.0,0,0.0,0.0,0.0,243.42000000000002,20.0,2.0,0,1,2.0,3.4011973816621555,6.202616485569814,0.027482557196170695,0,0.0,0.08478373611752671,-2.3790566579815415,True
1529,대조,0,6.0,34.0,1270.03,97778.0,8.0,8.61,0.0,0.0,1,0.0,0.0,0.0,912.95,26.0,6.0,0,1,6.0,3.5553480614894135,7.147582874372738,0.00677936741651772,0,0.0,0.07717912317144159,-2.4813061541761336,True
1530,처치,1,17.0,9.0,191.09,16286.0,6.0,15.77,0.0,0.0,0,28.740000000000002,9.0,7.0,112.22,5.0,17.0,1,1,17.0,2.302585092994046,5.257964012198821,0.08252655816630906,0,0.0,0.19682715954711372,-1.4062439532635145,True
1532,대조,0,21.0,23.0,454.21,22794.0,0.0,0.0,0.0,0.0,0,0.0,0.0,0.0,83.83000000000001,2.0,21.0,0,1,21.0,3.1780538303479458,6.120758850936373,0.0,0,0.0,0.04846357879659306,-2.977265400484364,True
1534,처치,1,2.0,32.0,851.96,117403.0,10.0,32.7,0.0,0.0,1,9.77,3.0,3.0,476.92,16.0,2.0,1,1,2.0,3.4965075614664802,6.748712653074451,0.03838208366589981,0,0.0,0.12604698029790853,-1.9363719240456556,True
1535,대조,0,14.0,26.0,951.22,510.0,0.0,0.0,0.0,0.0,0,0.0,0.0,0.0,686.35,25.0,14.0,0,1,14.0,3.295836866004329,6.858796100530596,0.0,0,0.0,0.06061665230217028,-2.740654001113757,True
1536,대조,0,1.0,30.0,961.07,83457.0,6.0,28.310000000000002,0.0,1.0,1,11.66,4.0,2.0,603.02,13.0,1.0,1,1,1.0,3.4339872044851463,6.869087213091222,0.02945675132924761,0,1.0,0.04434338478643231,-3.0704351210588765,True
1537,대조,0,2.0,28.0,437.06,15145.0,1.0,0.6,0.0,0.0,1,0.0,0.0,0.0,15.27,3.0,2.0,0,1,2.0,3.367295829986474,6.08235588729605,0.0013728092252779938,0,0.0,0.05137183570139231,-2.9159268246545835,True
1540,대조,0,8.0,17.0,444.62,293.0,0.0,0.0,0.0,0.0,1,3.33,1.0,1.0,297.31,12.0,8.0,1,1,8.0,2.8903717578961645,6.09946657090926,0.0,0,0.0,0.05302414480158355,-2.8825262246572962,True
1541,대조,0,4.0,15.0,1073.19,374.0,15.0,55.870000000000005,0.0,0.0,1,56.46,16.0,16.0,854.58,11.0,4.0,1,1,4.0,2.772588722239781,6.97932216817463,0.052059747109086,0,0.0,0.18570641123336018,-1.4781539826915144,True
1542,대조,0,4.0,17.0,331.57,103.0,1.0,1.98,0.0,1.0,0,0.0,0.0,0.0,177.24,14.0,4.0,0,1,4.0,2.8903717578961645,5.806850364254143,0.005971589709563591,0,1.0,0.02001313292925637,-3.8911504661077503,True
1545,대조,0,1.0,20.0,495.32,199.0,2.0,6.98,0.0,0.0,1,4.49,1.0,1.0,503.68,18.0,1.0,1,1,1.0,3.044522437723423,6.207220879988174,0.014091900185738514,0,0.0,0.07156279098297667,-2.562927492367434,True
1546,대조,0,4.0,10.0,310.78,255.0,4.0,10.0,0.0,0.0,0,2.34,1.0,1.0,355.66,8.0,4.0,1,1,4.0,2.3978952727983707,5.742297810884534,0.03217710277366626,0,0.0,0.09113670403744632,-2.299834071938106,True
1547,대조,0,,0.0,0.0,0.0,0.0,0.0,0.0,0.0,0,0.0,0.0,0.0,0.0,0.0,90.0,0,0,90.0,0.0,0.0,0.0,0,0.0,0.00940488877818188,-4.657076248108105,False
1551,대조,0,,0.0,0.0,0.0,0.0,0.0,0.0,1.0,0,0.0,0.0,0.0,0.0,0.0,90.0,0,0,90.0,0.0,0.0,0.0,0,1.0,0.0034941751657687646,-5.653157641167976,False
1555,대조,0,8.0,19.0,277.56,148.0,0.0,0.0,0.0,0.0,0,2.79,1.0,1.0,150.62,10.0,8.0,1,1,8.0,2.995732273553991,5.629633476019879,0.0,0,0.0,0.043180840354021484,-3.0982175211627867,True
1556,대조,0,2.0,19.0,795.2,504.0,8.0,20.86,0.0,0.0,1,6.77,3.0,3.0,296.06,8.0,2.0,1,1,2.0,2.995732273553991,6.679850410566217,0.02623239436619718,0,0.0,0.10463449401813792,-2.1467587534833656,True
1557,대조,0,4.0,21.0,683.85,46454.0,7.0,14.98,0.0,0.0,1,25.61,9.0,8.0,605.36,14.0,4.0,1,1,4.0,3.091042453358316,6.5291998361808306,0.021905388608612998,0,0.0,0.09089893408437345,-2.3027079967524258,True
1563,대조,0,5.0,16.0,903.98,7373.0,2.0,3.96,0.0,0.0,1,3.39,1.0,1.0,535.74,15.0,5.0,1,1,5.0,2.833213344056216,6.807912844008216,0.004380627889997566,0,0.0,0.07274677278392847,-2.545242152070725,True
1566,대조,0,4.0,7.0,135.37,35.0,0.0,0.0,0.0,0.0,1,0.0,0.0,0.0,40.63,3.0,4.0,0,1,4.0,2.0794415416798357,4.9153717798697425,0.0,0,0.0,0.0407390291154248,-3.158976586723349,True
1567,대조,0,2.0,13.0,386.71,252.0,2.0,10.48,0.0,0.0,1,0.0,0.0,0.0,220.14000000000001,6.0,2.0,0,1,2.0,2.6390573296152584,5.960257637483271,0.027100411160818186,0,0.0,0.08964577596525714,-2.3179676989618625,True
1568,대조,0,1.0,13.0,750.27,356.0,0.0,0.0,0.0,0.0,1,7.0,3.0,2.0,243.27,5.0,1.0,1,1,1.0,2.6390573296152584,6.621765107791223,0.0,0,0.0,0.06492436027474954,-2.667404519914334,True
1572,대조,0,65.0,8.0,465.78,46742.0,1.0,2.34,0.0,0.0,1,0.0,0.0,0.0,0.0,0.0,65.0,0,0,65.0,2.1972245773362196,6.145858054593075,0.005023830993172743,0,0.0,0.06059507050000063,-2.741033076195413,True
1575,대조,0,36.0,4.0,35.03,17.0,0.0,0.0,0.0,0.0,0,0.0,0.0,0.0,109.4,4.0,36.0,0,1,36.0,1.6094379124341003,3.5843519247600018,0.0,0,0.0,0.026029297418161512,-3.62215849629784,True
1577,대조,0,42.0,10.0,627.88,280.0,0.0,0.0,0.0,0.0,0,17.91,5.0,5.0,456.55,7.0,42.0,1,1,42.0,2.3978952727983707,6.443940459485501,0.0,0,0.0,0.057740672283184136,-2.7923187140554337,True
1578,대조,0,5.0,19.0,655.65,314.0,0.0,0.0,0.0,0.0,1,0.0,0.0,0.0,302.86,15.0,5.0,0,1,5.0,2.995732273553991,6.487151152031169,0.0,0,0.0,0.059247548265659054,-2.7649556359422607,True
1580,대조,0,5.0,2.0,26.36,34.0,0.0,0.0,0.0,0.0,1,0.0,0.0,0.0,25.61,8.0,5.0,0,1,5.0,1.0986122886681098,3.3090820927543496,0.0,0,0.0,0.027699684726389083,-3.558243691661332,True
1581,대조,0,,0.0,0.0,0.0,0.0,0.0,0.0,0.0,0,0.0,0.0,0.0,0.0,0.0,90.0,0,0,90.0,0.0,0.0,0.0,0,0.0,0.00940488877818188,-4.657076248108105,False
1585,대조,0,8.0,19.0,923.58,289.0,3.0,6.17,0.0,0.0,1,6.49,6.0,4.0,636.87,11.0,8.0,1,1,8.0,2.995732273553991,6.829339580344615,0.006680525780116503,0,0.0,0.07477242970342776,-2.5155904990131988,True
1586,대조,0,2.0,15.0,480.0,177.0,9.0,18.16,0.0,0.0,0,1.7999999999999998,3.0,2.0,159.43,5.0,2.0,1,1,2.0,2.772588722239781,6.175867270105761,0.03783333333333334,0,0.0,0.11047431850593702,-2.0859052962855,True
1587,대조,0,12.0,4.0,17.37,11.0,0.0,0.0,0.0,0.0,0,0.0,0.0,0.0,137.05,5.0,12.0,0,1,12.0,1.6094379124341003,2.9107188992270343,0.0,0,0.0,0.02158633782960067,-3.8138719413799365,True
1588,대조,0,2.0,30.0,645.1800000000001,259.0,10.0,30.03,0.0,0.0,1,7.58,2.0,2.0,336.36,32.0,2.0,1,1,2.0,3.4339872044851463,6.471078102741205,0.046545150190644466,0,0.0,0.13608698795069066,-1.8481777846843597,True
1590,대조,0,7.0,24.0,1104.6200000000001,397.0,6.0,17.69,0.0,1.0,0,28.51,9.0,8.0,644.13,11.0,7.0,1,1,7.0,3.2188758248682006,7.0081615425748245,0.01601455704224077,0,1.0,0.03449243096475606,-3.331914033694377,True
1591,대조,0,24.0,3.0,180.47,97.0,0.0,0.0,0.0,0.0,1,7.390000000000001,3.0,2.0,298.44,5.0,24.0,1,1,24.0,1.3862943611198906,5.201090350786933,0.0,0,0.0,0.047569037033575394,-2.996835557454852,True
1592,대조,0,1.0,5.0,162.19,13712.0,0.0,0.0,0.0,0.0,0,0.0,0.0,0.0,86.18,2.0,1.0,0,1,1.0,1.791759469228055,5.094915166142843,0.0,0,0.0,0.042958080106329115,-3.103622434995662,True
1593,대조,0,9.0,7.0,298.43,124.0,1.0,1.98,0.0,0.0,0,0.0,0.0,0.0,19.26,2.0,9.0,0,1,9.0,2.0794415416798357,5.701880667366605,0.006634721710283818,0,0.0,0.056628119351073564,-2.812954893849434,True
1594,대조,0,7.0,10.0,436.04,198.0,0.0,0.0,0.0,0.0,0,0.0,0.0,0.0,10.76,1.0,7.0,0,1,7.0,2.3978952727983707,6.080024724087462,0.0,0,0.0,0.05376809080469091,-2.867807502658869,True
1595,대조,0,27.0,22.0,947.25,90295.0,1.0,3.49,0.0,0.0,1,0.0,0.0,0.0,484.44,13.0,27.0,0,1,27.0,3.1354942159291497,6.854618180569008,0.00368434943256796,0,0.0,0.06829426940630749,-2.6131911653414557,True
1598,대조,0,2.0,60.0,1535.15,33075.0,4.0,8.870000000000001,0.0,0.0,0,0.0,0.0,0.0,438.98,32.0,2.0,0,1,2.0,4.110873864173311,7.3370345651895565,0.005777937009412761,0,0.0,0.07202553389855132,-2.5559835238038424,True
1599,대조,0,4.0,15.0,361.65,214.0,0.0,0.0,0.0,0.0,0,2.0,1.0,1.0,621.22,11.0,4.0,1,1,4.0,2.772588722239781,5.8934381818094215,0.0,0,0.0,0.04852125776344872,-2.976015338852167,True
1601,처치,1,16.0,6.0,305.51,118.0,1.0,2.79,0.0,0.0,0,3.4,5.0,5.0,154.06,4.0,16.0,1,1,16.0,1.9459101490553132,5.725250381271442,0.009132270629439299,0,0.0,0.06044102685249706,-2.743742460785219,True
1602,처치,1,10.0,14.0,1025.0,425.0,2.0,4.98,0.0,0.0,0,3.0,1.0,1.0,557.52,10.0,10.0,1,1,10.0,2.70805020110221,6.933423025730715,0.004858536585365854,0,0.0,0.07379770841860829,-2.5297649883331808,True
1604,대조,0,2.0,18.0,102.54,57.0,1.0,2.39,0.0,0.0,1,0.0,0.0,0.0,43.03,9.0,2.0,0,1,2.0,2.9444389791664403,4.639958011473755,0.02330797737468305,0,0.0,0.05343283036767971,-2.874416576516033,True
1605,대조,0,4.0,11.0,251.75,145.0,1.0,1.19,0.0,0.0,0,0.0,0.0,0.0,34.870000000000005,3.0,4.0,0,1,4.0,2.4849066497880004,5.532400857900581,0.004726911618669315,0,0.0,0.04939875137849522,-2.957169529552411,True
1609,대조,0,5.0,51.0,3534.64,305859.0,11.0,50.89,0.0,0.0,1,32.83,7.0,7.0,2222.66,27.0,5.0,1,1,5.0,3.9512437185814275,8.170649608619797,0.014397505828033407,0,0.0,0.1154970987103169,-2.0357803834859225,True
1615,대조,0,23.0,8.0,329.48,182.0,0.0,0.0,0.0,0.0,0,0.0,0.0,0.0,27.6,3.0,23.0,0,1,23.0,2.1972245773362196,5.800546143088509,0.0,0,0.0,0.04957595674004772,-2.9534022732705263,True
1618,대조,0,6.0,13.0,785.56,42769.0,9.0,13.370000000000001,0.0,0.0,1,3.0,5.0,3.0,364.59000000000003,10.0,6.0,1,1,6.0,2.6390573296152584,6.667669006937615,0.01701970568766231,0,0.0,0.09101722534637254,-2.3012773660975157,True
1619,대조,0,7.0,20.0,505.09000000000003,63633.0,2.0,3.1799999999999997,0.0,0.0,0,0.0,0.0,0.0,324.52,15.0,7.0,0,1,7.0,3.044522437723423,6.2267145190839015,0.006295907660020986,0,0.0,0.05872961724282005,-2.7742862815886165,True
1621,대조,0,2.0,5.0,435.02,173.0,1.0,1.98,0.0,0.0,0,6.99,1.0,1.0,367.77,5.0,2.0,1,1,2.0,1.791759469228055,6.0776881138566,0.004551514872879408,0,0.0,0.06386325569293093,-2.6850173924403316,True
1622,대조,0,1.0,15.0,602.76,9885.0,7.0,23.02,0.0,1.0,0,0.0,0.0,0.0,151.78,5.0,1.0,0,1,1.0,2.772588722239781,6.403176767976613,0.038190988121308646,0,1.0,0.04750766953211687,-2.998190893125463,True
1624,대조,0,11.0,4.0,24.52,8.0,0.0,0.0,0.0,0.0,0,0.0,0.0,0.0,36.79,5.0,11.0,0,1,11.0,1.6094379124341003,3.239462458476589,0.0,0,0.0,0.024030384745374906,-3.704112393353554,True
1627,대조,0,21.0,7.0,94.56,59.0,0.0,0.0,0.0,0.0,1,0.0,0.0,0.0,5.0,1.0,21.0,0,1,21.0,2.0794415416798357,4.559754322457609,0.0,0,0.0,0.035640052823829184,-3.2979945293534505,True
1630,대조,0,2.0,28.0,1607.32,387.0,4.0,17.96,0.0,0.0,0,9.57,3.0,3.0,677.97,13.0,2.0,1,1,2.0,3.367295829986474,7.382945434915173,0.011173879501281637,0,0.0,0.08887855123678115,-2.3274053570729993,True
1631,대조,0,2.0,55.0,1829.95,1202.0,1.0,0.88,0.0,0.0,1,0.88,1.0,1.0,1021.84,28.0,2.0,1,1,2.0,4.02535169073515,7.512590236819404,0.00048088745594141916,0,0.0,0.07233963388176053,-2.5512935155759218,True
1632,대조,0,2.0,11.0,364.92,15395.0,2.0,4.48,0.0,0.0,0,0.0,0.0,0.0,246.85,9.0,2.0,0,1,2.0,2.4849066497880004,5.902414730274471,0.012276663378274691,0,0.0,0.06452512503903025,-2.6739996045748784,True
1639,대조,0,4.0,22.0,527.95,330.0,0.0,0.0,0.0,0.0,0,0.0,0.0,0.0,316.82,17.0,4.0,0,1,4.0,3.1354942159291497,6.270893909432783,0.0,0,0.0,0.05213748483077747,-2.9003252969683704,True
1640,대조,0,1.0,24.0,822.25,38038.0,6.0,23.97,0.0,0.0,0,5.84,2.0,2.0,598.33,16.0,1.0,1,1,1.0,3.2188758248682006,6.713259921256474,0.02915171784737002,0,0.0,0.10436187581950851,-2.1496720175173043,True
1646,대조,0,11.0,11.0,205.9,45.0,0.0,0.0,0.0,0.0,0,0.0,0.0,0.0,148.45,12.0,11.0,0,1,11.0,2.4849066497880004,5.332235584751498,0.0,0,0.0,0.041830770046989,-3.131392217341227,True
1648,대조,0,1.0,5.0,261.99,121.0,0.0,0.0,0.0,0.0,1,0.0,0.0,0.0,379.81,7.0,1.0,0,1,1.0,1.791759469228055,5.572116008641191,0.0,0,0.0,0.052168988529360596,-2.8996879995511575,True
1651,대조,0,10.0,3.0,68.4,11.0,0.0,0.0,0.0,0.0,0,0.0,0.0,0.0,191.96,6.0,10.0,0,1,10.0,1.3862943611198906,4.239886867512759,0.0,0,0.0,0.03413669892070817,-3.342649293659969,True
1653,대조,0,1.0,65.0,2573.53,123086.0,7.0,24.380000000000003,0.0,0.0,1,13.32,7.0,4.0,1457.23,51.0,1.0,1,1,1.0,4.189654742026425,7.8534222721664095,0.009473369263229883,0,0.0,0.09356511476401692,-2.2708615881573433,True
1659,대조,0,1.0,15.0,280.0,126.0,1.0,6.99,0.0,0.0,0,0.0,0.0,0.0,184.32,13.0,1.0,0,1,1.0,2.772588722239781,5.638354669333745,0.024964285714285717,0,0.0,0.07363062020166079,-2.5322120788129876,True
1660,대조,0,4.0,8.0,459.68,240.0,0.0,0.0,0.0,0.0,0,0.0,0.0,0.0,86.86,3.0,4.0,0,1,4.0,2.1972245773362196,6.132703658800707,0.0,0,0.0,0.05627537598255699,-2.819577343807978,True
1662,처치,1,13.0,15.0,1392.09,511.0,13.0,47.22,0.0,0.0,1,21.44,7.0,5.0,1287.26,11.0,13.0,1,1,13.0,2.772588722239781,7.239279580450826,0.033920220675387365,0,0.0,0.14372369332868604,-1.784700452224772,True
1663,대조,0,4.0,11.0,71.15,24328.0,0.0,0.0,0.0,0.0,0,0.0,0.0,0.0,136.35999999999999,12.0,4.0,0,1,4.0,2.4849066497880004,4.27874728521988,0.0,0,0.0,0.030174409048043246,-3.470122069554409,True
1666,대조,0,9.0,18.0,275.89,55.0,0.0,0.0,0.0,0.0,0,1.89,1.0,1.0,156.85,9.0,9.0,1,1,9.0,2.9444389791664403,5.623620315404164,0.0,0,0.0,0.043331839075385674,-3.0945689037092334,True
1667,대조,0,4.0,10.0,223.48,106.0,0.0,0.0,0.0,0.0,0,0.0,0.0,0.0,29.05,2.0,4.0,0,1,4.0,2.3978952727983707,5.413786616354151,0.0,0,0.0,0.04377867642698697,-3.0838425369996707,True
1668,대조,0,5.0,25.0,526.73,75049.0,2.0,3.96,0.0,0.0,0,0.0,0.0,0.0,108.13,6.0,5.0,0,1,5.0,3.258096538021482,6.268584789278924,0.007518083268467716,0,0.0,0.05946730001336498,-2.761019834992442,True
1672,대조,0,2.0,12.0,318.44,212.0,0.0,0.0,0.0,0.0,0,0.0,0.0,0.0,258.5,11.0,2.0,0,1,2.0,2.5649493574615367,5.7665694627549655,0.0,0,0.0,0.04799964712442766,-2.9873717461524705,True
1673,대조,0,12.0,23.0,867.0600000000001,62051.0,0.0,0.0,0.0,0.0,0,4.58,2.0,2.0,762.0,15.0,12.0,1,1,12.0,3.1780538303479458,6.766260836695331,0.0,0,0.0,0.05992979555556258,-2.752780754977376,True
1676,처치,1,9.0,9.0,449.61,41096.0,2.0,8.96,0.0,0.0,1,10.77,4.0,4.0,489.12,8.0,9.0,1,1,9.0,2.302585092994046,6.110602220383938,0.01992838237583684,0,0.0,0.08451304346033789,-2.3825502337224576,True
1678,대조,0,10.0,22.0,1238.09,9379.0,0.0,0.0,0.0,0.0,1,0.0,0.0,0.0,204.61,9.0,10.0,0,1,10.0,3.1354942159291497,7.122132518216223,0.0,0,0.0,0.07039713583372546,-2.5806048890104387,True
1681,대조,0,,0.0,0.0,0.0,0.0,0.0,0.0,0.0,0,21.400000000000002,8.0,7.0,305.48,11.0,90.0,1,1,90.0,0.0,0.0,0.0,0,0.0,0.00940488877818188,-4.657076248108105,False
1683,대조,0,4.0,14.0,342.19,90.0,0.0,0.0,0.0,1.0,0,0.0,0.0,0.0,103.51,7.0,4.0,0,1,4.0,2.70805020110221,5.838284229660164,0.0,0,1.0,0.018313985373440544,-3.981606520489686,True
1685,대조,0,21.0,19.0,254.63,154.0,0.0,0.0,0.0,0.0,0,0.0,0.0,0.0,196.8,10.0,21.0,0,1,21.0,2.995732273553991,5.543731086507974,0.0,0,0.0,0.04136274506634126,-3.143132151795703,True
1686,대조,0,5.0,13.0,229.82,137.0,1.0,3.99,0.0,0.0,1,0.0,0.0,0.0,53.49,5.0,5.0,0,1,5.0,2.6390573296152584,5.441638185992259,0.01736141327995823,0,0.0,0.06312589727650195,-2.6974178093472583,True
1687,대조,0,4.0,16.0,588.69,235.0,7.0,4.2,0.0,0.0,0,10.99,11.0,8.0,379.47,13.0,4.0,1,1,4.0,2.833213344056216,6.379596975087534,0.007134485043061713,0,0.0,0.06452815553580228,-2.6739493999937087,True
1689,대조,0,7.0,16.0,209.59,13532.0,0.0,0.0,0.0,0.0,1,0.0,0.0,0.0,209.78,14.0,7.0,0,1,7.0,2.833213344056216,5.349913115191687,0.0,0,0.0,0.042253057432993874,-3.120906874804752,True
1692,대조,0,1.0,16.0,261.43,6749.0,1.0,2.5,0.0,0.0,1,0.0,0.0,0.0,121.82,12.0,1.0,0,1,1.0,2.833213344056216,5.569984379803134,0.00956278927437555,0,0.0,0.05520814850294494,-2.839854080070627,True
1693,처치,1,1.0,30.0,1455.5,55425.0,15.0,42.57,0.0,0.0,1,13.55,5.0,5.0,449.36,12.0,1.0,1,1,1.0,3.4339872044851463,7.283791576399489,0.02924768120920646,0,0.0,0.1254402307895228,-1.9418912424071628,True
1694,대조,0,2.0,40.0,1147.05,633.0,0.0,0.0,0.0,0.0,1,0.0,0.0,0.0,647.51,17.0,2.0,0,1,2.0,3.713572066704308,7.045820129938032,0.0,0,0.0,0.06455897894600073,-2.6734388900999395,True
1695,대조,0,4.0,24.0,174.12,12844.0,0.0,0.0,0.0,0.0,1,2.29,1.0,1.0,35.59,7.0,4.0,1,1,4.0,3.2188758248682006,5.165471453214607,0.0,0,0.0,0.03805649230659396,-3.229884029711106,True
1696,대조,0,9.0,15.0,746.67,272.0,3.0,4.18,0.0,0.0,1,0.0,0.0,0.0,238.93,4.0,9.0,0,1,9.0,2.772588722239781,6.6169617041569175,0.005598189293797795,0,0.0,0.07046127406854663,-2.579625214576416,True
1703,대조,0,12.0,13.0,255.31,149.0,0.0,0.0,0.0,0.0,0,0.0,0.0,0.0,168.7,6.0,12.0,0,1,12.0,2.6390573296152584,5.546387649386105,0.0,0,0.0,0.04382422514171387,-3.0827550111505584,True
1708,대조,0,4.0,12.0,569.16,310.0,0.0,0.0,0.0,0.0,1,17.23,7.0,6.0,643.32,6.0,4.0,1,1,4.0,2.5649493574615367,6.345917023193615,0.0,0,0.0,0.05995814248707558,-2.7522777099887294,True
1709,대조,0,13.0,8.0,214.98,88.0,1.0,5.98,0.0,0.0,1,0.0,0.0,0.0,211.53,7.0,13.0,0,1,13.0,2.1972245773362196,5.375185810804614,0.027816541073588243,0,0.0,0.07940021127281292,-2.450524372772212,True
1716,대조,0,1.0,3.0,42.42,31.0,0.0,0.0,0.0,0.0,0,0.0,0.0,0.0,342.45,25.0,1.0,0,1,1.0,1.3862943611198906,3.7709201644501458,0.0,0,0.0,0.02971497828776414,-3.4859386270169077,True
1717,대조,0,2.0,9.0,165.49,86.0,0.0,0.0,0.0,0.0,0,0.0,0.0,0.0,116.3,6.0,2.0,0,1,2.0,2.302585092994046,5.114935247556761,0.0,0,0.0,0.040423538453774374,-3.1670797509257547,True
1720,대조,0,1.0,22.0,754.22,305.0,2.0,4.78,0.0,0.0,1,6.880000000000001,2.0,2.0,559.66,12.0,1.0,1,1,1.0,3.1354942159291497,6.627009097531468,0.0063376733579061815,0,0.0,0.06917329411870775,-2.5994582573411695,True
1722,대조,0,1.0,50.0,2790.39,13768.0,10.0,36.08,0.0,1.0,1,23.080000000000002,10.0,7.0,1054.98,30.0,1.0,1,1,1.0,3.9318256327243257,7.9342949586363725,0.012930092209332746,0,1.0,0.041768116914958194,-3.1329565025752104,True
1723,대조,0,5.0,11.0,636.68,9527.0,0.0,0.0,0.0,0.0,0,0.0,0.0,0.0,120.58,3.0,5.0,0,1,5.0,2.4849066497880004,6.457836590119667,0.0,0,0.0,0.059956980762578944,-2.752298321589614,True
1726,대조,0,2.0,22.0,959.14,80751.0,7.0,14.97,6.0,1.0,1,12.28,2.0,2.0,485.86,14.0,2.0,1,1,2.0,3.1354942159291497,6.867079107162568,0.015607731926517507,1,1.0,0.002832573104860116,-5.863733163656983,False
1732,대조,0,12.0,11.0,467.95,205.0,2.0,9.780000000000001,0.0,0.0,0,5.890000000000001,2.0,2.0,475.24,11.0,12.0,1,1,12.0,2.4849066497880004,6.150496152954948,0.020899668768030774,0,0.0,0.08137383430196411,-2.423825480395992,True
1735,대조,0,1.0,10.0,536.35,29949.0,0.0,0.0,0.0,0.0,0,0.0,0.0,0.0,206.91,3.0,1.0,0,1,1.0,2.3978952727983707,6.286649651287163,0.0,0,0.0,0.057759367576761624,-2.7919751450184407,True
1740,대조,0,1.0,6.0,232.07,89.0,0.0,0.0,0.0,0.0,1,2.0,1.0,1.0,1248.27,40.0,1.0,1,1,1.0,1.9459101490553132,5.4513388376304395,0.0,0,0.0,0.04925182251003321,-2.960302857674993,True
1742,대조,0,2.0,37.0,231.34,124.0,0.0,0.0,0.0,0.0,0,0.0,0.0,0.0,359.7,33.0,2.0,0,1,2.0,3.6375861597263857,5.448201816085329,0.0,0,0.0,0.03780128588679423,-3.2368778726455427,True
1744,대조,0,15.0,5.0,156.1,116.0,2.0,9.98,0.0,0.0,0,0.0,0.0,0.0,59.74,3.0,15.0,0,1,15.0,1.791759469228055,5.056882545261575,0.06393337604099937,0,0.0,0.14287050352275682,-1.7916503613772137,True
1746,대조,0,19.0,5.0,379.74,157.0,0.0,0.0,0.0,0.0,0,0.0,0.0,0.0,123.51,5.0,19.0,0,1,19.0,1.791759469228055,5.942116727477643,0.0,0,0.0,0.054837364353710054,-2.846985221014318,True
1749,대조,0,13.0,15.0,546.44,62376.0,6.0,27.4,0.0,0.0,1,22.84,8.0,5.0,370.52,13.0,13.0,1,1,13.0,2.772588722239781,6.305252866644242,0.05014274211258326,0,0.0,0.1477553423166779,-1.7523158290687462,True
1751,대조,0,50.0,4.0,73.29,38.0,0.0,0.0,0.0,0.0,1,1.89,1.0,1.0,374.27,13.0,50.0,1,1,50.0,1.6094379124341003,4.307976353163715,0.0,0,0.0,0.03374010336616823,-3.3547457014388904,True
1752,대조,0,4.0,25.0,731.15,5827.0,0.0,0.0,0.0,0.0,0,0.0,0.0,0.0,422.05,16.0,4.0,0,1,4.0,3.258096538021482,6.595985411001267,0.0,0,0.0,0.05681000124965247,-2.8095553570706913,True
1753,대조,0,5.0,67.0,584.14,69785.0,0.0,0.0,0.0,0.0,1,0.0,0.0,0.0,175.11,52.0,5.0,0,1,5.0,4.219507705176107,6.371851134839609,0.0,0,0.0,0.04890183200187718,-2.9678024232636586,True
1758,대조,0,20.0,4.0,57.85,24.0,0.0,0.0,0.0,0.0,0,0.0,0.0,0.0,35.910000000000004,2.0,20.0,0,1,20.0,1.6094379124341003,4.074991833706286,0.0,0,0.0,0.031072771007264542,-3.4398576046203586,True
1759,대조,0,1.0,20.0,485.21,276.0,4.0,14.32,0.0,0.0,1,8.379999999999999,3.0,3.0,347.73,37.0,1.0,1,1,1.0,3.044522437723423,6.186640629338138,0.02951299437357021,0,0.0,0.09570084472726859,-2.24593310437701,True
1761,대조,0,24.0,2.0,114.01,53.0,0.0,0.0,0.0,0.0,0,0.0,0.0,0.0,227.99,3.0,24.0,0,1,24.0,1.0986122886681098,4.74501908110449,0.0,0,0.0,0.040892480906824555,-3.1550569792026444,True
1762,대조,0,1.0,65.0,2048.59,239230.0,0.0,0.0,0.0,0.0,1,0.0,0.0,0.0,1446.46,36.0,1.0,0,1,1.0,4.189654742026425,7.625395052129787,0.0,0,0.0,0.07276202286802133,-2.545016094941896,True
1763,대조,0,7.0,14.0,234.06,84.0,0.0,0.0,0.0,0.0,0,0.0,0.0,0.0,261.1,13.0,7.0,0,1,7.0,2.70805020110221,5.459840800704708,0.0,0,0.0,0.04252390546559333,-3.1142343548591356,True
1764,대조,0,4.0,9.0,648.76,19357.0,5.0,24.64,0.0,0.0,1,21.04,13.0,10.0,1156.69,8.0,4.0,1,1,4.0,2.302585092994046,6.476603063937987,0.03798014674147605,0,0.0,0.13280544536017078,-1.876378111002091,True
1765,대조,0,65.0,4.0,85.36,28.0,0.0,0.0,0.0,0.0,1,0.0,0.0,0.0,565.23,4.0,65.0,0,1,65.0,1.6094379124341003,4.458524605646606,0.0,0,0.0,0.03475090712486249,-3.3241805193789276,True
1767,대조,0,1.0,127.0,1554.82,837.0,1.0,1.98,0.0,0.0,0,10.0,10.0,5.0,1582.25,87.0,1.0,1,1,1.0,4.852030263919617,7.349758016812814,0.001273459307186684,0,0.0,0.060375640350537135,-2.744894459864984,True
1768,대조,0,4.0,6.0,65.62,26.0,0.0,0.0,0.0,0.0,0,10.780000000000001,4.0,3.0,149.89000000000001,6.0,4.0,1,1,4.0,1.9459101490553132,4.199004832765533,0.0,0,0.0,0.03155823179880031,-3.423853887525037,True
1773,처치,1,21.0,9.0,297.34000000000003,29511.0,4.0,14.33,0.0,0.0,0,14.2,5.0,4.0,398.23,10.0,21.0,1,1,21.0,2.302585092994046,5.698233775725784,0.04819398668191296,0,0.0,0.12058420179937393,-1.986909542310922,True
1774,대조,0,1.0,14.0,778.07,302.0,0.0,0.0,0.0,0.0,0,0.0,0.0,0.0,281.2,4.0,1.0,0,1,1.0,2.70805020110221,6.658100900627014,0.0,0,0.0,0.062317857474183704,-2.7111630027887803,True
1776,대조,0,1.0,94.0,1271.9,722.0,3.0,20.66,0.0,0.0,0,0.0,0.0,0.0,567.28,21.0,1.0,0,1,1.0,4.553876891600541,7.149053040876389,0.01624341536284299,0,0.0,0.07895266166465217,-2.4566629803499356,True
1777,대조,0,27.0,9.0,79.93,22.0,1.0,1.98,0.0,0.0,0,6.56,3.0,2.0,280.87,14.0,27.0,1,1,27.0,2.302585092994046,4.393584583507611,0.024771675215813835,0,0.0,0.05132584225735855,-2.916871013331109,True
1778,대조,0,6.0,35.0,1225.01,147663.0,8.0,13.58,0.0,0.0,1,10.98,14.0,11.0,1141.38,36.0,6.0,1,1,6.0,3.58351893845611,7.111520273069743,0.011085623790826197,0,0.0,0.08267193779563838,-2.4065849451041417,True
1781,대조,0,1.0,14.0,539.51,42579.0,0.0,0.0,0.0,0.0,0,3.39,1.0,1.0,198.12,8.0,1.0,1,1,1.0,2.70805020110221,6.2925131382957185,0.0,0,0.0,0.055629405087829834,-2.831806738521464,True
1784,대조,0,35.0,3.0,125.78,56.0,0.0,0.0,0.0,1.0,0,6.63,2.0,2.0,203.15,6.0,35.0,1,1,35.0,1.3862943611198906,4.84245330085602,0.0,0,1.0,0.015191015211629078,-4.17174354971066,False
1785,대조,0,26.0,8.0,130.2,72.0,1.0,1.98,0.0,0.0,1,0.0,0.0,0.0,0.0,0.0,26.0,0,0,26.0,2.1972245773362196,4.876722876509988,0.015207373271889401,0,0.0,0.052335305182209337,-2.8963295476284188,True
1788,대조,0,1.0,20.0,1163.68,49286.0,12.0,42.040000000000006,0.0,0.0,1,33.64,7.0,7.0,807.04,17.0,1.0,1,1,1.0,3.044522437723423,7.060201650157271,0.036126770246115776,0,0.0,0.13957868099965567,-1.818793711333249,True
1790,처치,1,6.0,5.0,171.71,70.0,3.0,7.7700000000000005,0.0,0.0,0,1.0,1.0,1.0,122.1,4.0,6.0,1,1,6.0,1.791759469228055,5.151613887355828,0.04525071341214839,0,0.0,0.10515769727466748,-2.141186402406029,True
1791,대조,0,2.0,25.0,456.68,12513.0,0.0,0.0,0.0,0.0,1,0.0,0.0,0.0,240.96,10.0,2.0,0,1,2.0,3.258096538021482,6.126170249960273,0.0,0,0.0,0.051388405419344696,-2.915586864687114,True
1792,대조,0,1.0,40.0,1192.31,124563.0,1.0,2.0,0.0,0.0,0,0.0,0.0,0.0,119.9,3.0,1.0,0,1,1.0,3.713572066704308,7.084486237462847,0.0016774161082268875,0,0.0,0.0647279922821085,-2.6706436490559966,True
1793,대조,0,7.0,7.0,66.31,33.0,0.0,0.0,0.0,0.0,0,1.7999999999999998,3.0,3.0,166.18,6.0,7.0,1,1,7.0,2.0794415416798357,4.209308814022622,0.0,0,0.0,0.031000567629692315,-3.442258511148694,True
1794,대조,0,1.0,11.0,338.38,4118.0,0.0,0.0,0.0,0.0,0,0.0,0.0,0.0,170.45000000000002,3.0,1.0,0,1,1.0,2.4849066497880004,5.82712042354468,0.0,0,0.0,0.049484886590232556,-2.9553367607406535,True
1795,처치,1,1.0,173.0,1271.22,81279.0,33.0,29.45,0.0,0.0,1,23.28,33.0,30.0,637.5600000000001,94.0,1.0,1,1,1.0,5.159055299214529,7.14851868491975,0.02316672173187961,0,0.0,0.08734337674816546,-2.346512503233597,True
1796,대조,0,2.0,10.0,576.15,17338.0,3.0,8.96,0.0,0.0,1,0.0,0.0,0.0,110.05,2.0,2.0,0,1,2.0,2.3978952727983707,6.358102198060921,0.015551505684283609,0,0.0,0.08342562056803222,-2.396687756697271,True
1797,대조,0,1.0,15.0,898.3100000000001,348.0,3.0,6.98,0.0,0.0,1,0.0,0.0,0.0,300.92,6.0,1.0,0,1,1.0,2.772588722239781,6.801627802618459,0.007770146163351182,0,0.0,0.07850120789480973,-2.462887454452029,True
1798,대조,0,7.0,7.0,370.65,171.0,1.0,3.49,0.0,0.0,0,3.49,1.0,1.0,138.86,3.0,7.0,1,1,7.0,2.0794415416798357,5.917952551171302,0.009415891002293269,0,0.0,0.0641213583964188,-2.6807082989263415,True
1800,대조,0,2.0,18.0,662.94,279.0,0.0,0.0,0.0,0.0,1,0.0,0.0,0.0,283.21,6.0,2.0,0,1,2.0,2.9444389791664403,6.498191783947809,0.0,0,0.0,0.060053802324230465,-2.7505817712850082,True
1802,대조,0,16.0,9.0,408.92,162.0,1.0,5.29,0.0,0.0,1,7.78,2.0,2.0,344.62,2.0,16.0,1,1,16.0,2.302585092994046,6.015962018708369,0.012936515699892398,0,0.0,0.07112697567942879,-2.569505379888587,True
1804,대조,0,1.0,39.0,1314.27,63915.0,7.0,21.740000000000002,0.0,0.0,1,3.78,2.0,2.0,727.26,25.0,1.0,1,1,1.0,3.6888794541139363,7.181797246729859,0.016541502126655862,0,0.0,0.09307478521167543,-2.2766566812747815,True
1807,대조,0,9.0,40.0,1296.7,28424.0,17.0,34.92,0.0,0.0,0,44.0,63.0,26.0,1327.55,24.0,9.0,1,1,9.0,3.713572066704308,7.1683487457431845,0.026929898974319428,0,0.0,0.10688560913051508,-2.1229554809024225,True
1809,대조,0,17.0,9.0,215.48,135.0,0.0,0.0,0.0,0.0,0,7.09,2.0,2.0,146.22,6.0,17.0,1,1,17.0,2.302585092994046,5.3774981644224775,0.0,0,0.0,0.0431258291188306,-3.099549798814926,True
1810,대조,0,1.0,53.0,713.22,251.0,0.0,0.0,0.0,0.0,0,0.0,0.0,0.0,122.78,8.0,1.0,0,1,1.0,3.9889840465642745,6.5711910381286645,0.0,0,0.0,0.05154700078802276,-2.912338207261694,True
1812,대조,0,11.0,18.0,239.82,3214.0,2.0,1.76,0.0,0.0,1,1.89,1.0,1.0,121.34,5.0,11.0,1,1,11.0,2.9444389791664403,5.484049766464073,0.007338837461429406,0,0.0,0.05008604425895226,-2.9426289960075818,True
1814,대조,0,21.0,12.0,1043.6,398.0,1.0,3.85,0.0,0.0,1,7.7,2.0,1.0,503.32,5.0,21.0,1,1,21.0,2.5649493574615367,6.9513893160021984,0.0036891529321579153,0,0.0,0.07609138719610352,-2.496678081845258,True
1815,대조,0,4.0,7.0,419.89,216.0,1.0,0.0,0.0,0.0,1,7.78,2.0,2.0,261.38,5.0,4.0,1,1,4.0,2.0794415416798357,6.042371516881787,0.0,0,0.0,0.058027044962102654,-2.787067369697443,True
1816,대조,0,4.0,15.0,311.63,15788.0,1.0,2.34,0.0,0.0,1,6.66,2.0,1.0,289.35,12.0,4.0,1,1,4.0,2.772588722239781,5.745020382672446,0.007508904790937971,0,0.0,0.05620647360792664,-2.8208754811609777,True
1818,대조,0,78.0,2.0,50.33,16.0,1.0,1.2,0.0,1.0,0,0.0,0.0,0.0,0.0,0.0,78.0,0,0,78.0,1.0986122886681098,3.9382753765722116,0.02384263858533678,0,1.0,0.018242818130569622,-3.9855725333220677,True
1820,대조,0,7.0,5.0,285.74,16903.0,1.0,9.18,0.0,0.0,1,15.9,5.0,4.0,425.58,7.0,7.0,1,1,7.0,1.791759469228055,5.6585758818181215,0.03212710856022958,0,0.0,0.09936928292556693,-2.204252273619499,True
1821,대조,0,8.0,3.0,152.04,68.0,1.0,1.98,0.0,0.0,0,5.0,2.0,2.0,488.91,19.0,8.0,1,1,8.0,1.3862943611198906,5.030699325131997,0.01302288871349645,0,0.0,0.05701690826859676,-2.8057004920393958,True
1822,대조,0,1.0,44.0,541.94,276.0,2.0,8.58,0.0,0.0,1,0.0,0.0,0.0,508.71,34.0,1.0,0,1,1.0,3.8066624897703196,6.296998816591097,0.01583201092371849,0,0.0,0.06917721421372094,-2.5993973768833696,True
1823,대조,0,1.0,42.0,1682.42,98942.0,9.0,12.48,0.0,0.0,1,14.780000000000001,5.0,5.0,996.02,29.0,1.0,1,1,1.0,3.7612001156935624,7.428582717424496,0.007417886140202803,0,0.0,0.0834385468687287,-2.396518721745536,True
1824,대조,0,1.0,31.0,505.42,223.0,1.0,1.98,0.0,0.0,0,2.4,4.0,2.0,238.41,14.0,1.0,1,1,1.0,3.4657359027997265,6.227366364520854,0.003917533932175221,0,0.0,0.05350026813555385,-2.873084021588767,True
1826,대조,0,1.0,12.0,350.89,176.0,1.0,3.89,0.0,0.0,0,0.0,0.0,0.0,181.66,7.0,1.0,0,1,1.0,2.5649493574615367,5.863318626759797,0.01108609535751945,0,0.0,0.061722149599027366,-2.721403265792926,True
1829,대조,0,1.0,60.0,1451.94,92702.0,5.0,14.690000000000001,0.0,0.0,1,17.35,5.0,4.0,674.16,30.0,1.0,1,1,1.0,4.110873864173311,7.281344368842926,0.010117497968235602,0,0.0,0.08050437767495354,-2.4355137191019947,True
1831,처치,1,8.0,16.0,657.27,20917.0,26.0,31.04,0.0,0.0,1,9.08,7.0,6.0,299.45,11.0,8.0,1,1,8.0,2.833213344056216,6.489615181507706,0.04722564547294111,0,0.0,0.14747842246310247,-1.754516643038139,True
1832,대조,0,11.0,6.0,153.87,87.0,0.0,0.0,0.0,0.0,0,0.0,0.0,0.0,0.0,0.0,11.0,0,0,11.0,1.9459101490553132,5.0425860553280835,0.0,0,0.0,0.040918520841276174,-3.154393241044535,True
1834,대조,0,2.0,30.0,905.12,413.0,0.0,0.0,0.0,0.0,1,0.0,0.0,0.0,304.86,19.0,2.0,0,1,2.0,3.4339872044851463,6.809171747603335,0.0,0,0.0,0.06215911459650446,-2.7138828408361655,True
1836,대조,0,5.0,18.0,577.59,13336.0,1.0,1.98,0.0,0.0,0,11.39,5.0,5.0,338.73,8.0,5.0,1,1,5.0,2.9444389791664403,6.360594109295549,0.0034280371890095048,0,0.0,0.05872916749827724,-2.774294417306815,True
1837,대조,0,1.0,2.0,263.33,119.0,6.0,17.560000000000002,0.0,0.0,0,9.49,9.0,6.0,381.3,12.0,1.0,1,1,1.0,1.0986122886681098,5.577198322546748,0.06668438840997988,0,0.0,0.18984732420151162,-1.4510025262433552,True
1839,대조,0,12.0,9.0,216.18,119.0,0.0,0.0,0.0,0.0,0,0.0,0.0,0.0,150.8,5.0,12.0,0,1,12.0,2.302585092994046,5.380726502788755,0.0,0,0.0,0.04343377884883232,-3.092112566394865,True
1840,대조,0,,0.0,0.0,0.0,0.0,0.0,0.0,0.0,0,0.0,0.0,0.0,0.0,0.0,90.0,0,0,90.0,0.0,0.0,0.0,0,0.0,0.00940488877818188,-4.657076248108105,False
1841,대조,0,7.0,4.0,281.02,129.0,1.0,1.79,0.0,0.0,1,1.39,1.0,1.0,145.23,2.0,7.0,1,1,7.0,1.6094379124341003,5.641977990409084,0.00636965340545157,0,0.0,0.06145713059895831,-2.725988665301331,True
1845,대조,0,2.0,26.0,2432.37,992.0,23.0,75.49000000000001,0.0,0.0,1,40.72,18.0,12.0,1085.81,12.0,2.0,1,1,2.0,3.295836866004329,7.797032406847995,0.031035574357519625,0,0.0,0.15217365160018684,-1.717653523500687,True
1847,대조,0,7.0,17.0,380.83,159.0,2.0,3.87,0.0,0.0,1,8.370000000000001,4.0,4.0,374.53000000000003,18.0,7.0,1,1,7.0,2.8903717578961645,5.944975483375027,0.01016201454717328,0,0.0,0.06186906995707569,-2.7188691463143253,True
1848,대조,0,5.0,21.0,1894.6000000000001,660.0,5.0,12.54,0.0,0.0,1,13.639999999999999,6.0,6.0,1088.41,9.0,5.0,1,1,5.0,3.091042453358316,7.547290690093433,0.0066188113585981204,0,0.0,0.09204021214981685,-2.288974520973392,True
1849,대조,0,6.0,19.0,374.68,253.0,0.0,0.0,0.0,0.0,0,0.0,0.0,0.0,234.91,12.0,6.0,0,1,6.0,2.995732273553991,5.928737717199677,0.0,0,0.0,0.047563193062767004,-2.9969645532394673,True
1850,대조,0,4.0,42.0,1531.15,111800.0,7.0,18.02,0.0,0.0,1,14.66,5.0,5.0,672.4,21.0,4.0,1,1,4.0,3.7612001156935624,7.334427256734699,0.01176893184861052,0,0.0,0.08785932656439514,-2.3400572517208036,True
1854,대조,0,12.0,36.0,828.7,47727.0,2.0,5.470000000000001,0.0,0.0,0,0.0,0.0,0.0,389.18,16.0,12.0,0,1,12.0,3.6109179126442243,6.72106418967024,0.006600699891396163,0,0.0,0.06372117759292793,-2.6873963536912266,True
1857,대조,0,1.0,8.0,79.7,9154.0,0.0,0.0,0.0,0.0,0,4.49,1.0,1.0,318.88,8.0,1.0,1,1,1.0,2.1972245773362196,4.390738575275903,0.0,0,0.0,0.032590482027923216,-3.390601615644923,True
1858,대조,0,17.0,7.0,223.36,102.0,0.0,0.0,0.0,0.0,1,10.11,4.0,3.0,249.88,7.0,17.0,1,1,17.0,2.0794415416798357,5.413251904640136,0.0,0,0.0,0.04692051308119108,-3.0112433482664573,True
1859,처치,1,11.0,4.0,90.52000000000001,28.0,0.0,0.0,0.0,0.0,0,6.98,2.0,2.0,185.29,3.0,11.0,1,1,11.0,1.6094379124341003,4.5165575276314875,0.0,0,0.0,0.036170455823657424,-3.2826718094397647,True
1860,대조,0,9.0,13.0,83.46,37.0,0.0,0.0,0.0,0.0,0,0.0,0.0,0.0,0.0,0.0,9.0,0,0,9.0,2.6390573296152584,4.436278049505797,0.0,0,0.0,0.030910310540141657,-3.4452673637045637,True
1862,처치,1,1.0,31.0,424.36,35969.0,5.0,29.66,0.0,0.0,0,10.0,4.0,2.0,275.7,22.0,1.0,1,1,1.0,3.4657359027997265,6.052935869196083,0.06989348666226788,0,0.0,0.17575231858958748,-1.5453953458313818,True
1864,대조,0,5.0,24.0,3033.59,45896.0,1.0,3.69,0.0,0.0,1,0.0,0.0,0.0,1781.05,19.0,5.0,0,1,5.0,3.2188758248682006,8.017831603758486,0.001216380591971888,0,0.0,0.09411952692237333,-2.2643418316468984,True
1869,대조,0,1.0,16.0,605.6,257.0,3.0,3.98,0.0,0.0,1,2.0,3.0,3.0,399.47,15.0,1.0,1,1,1.0,2.833213344056216,6.407869595254481,0.006571994715984147,0,0.0,0.06747441593163267,-2.6261480843439085,True
1872,대조,0,11.0,15.0,292.77,113.0,2.0,8.93,1.0,1.0,0,15.59,5.0,5.0,239.37,19.0,11.0,1,1,11.0,2.772588722239781,5.682797148247066,0.03050175906001298,1,1.0,0.002596777676819605,-5.950883802507445,False
1877,대조,0,8.0,7.0,331.11,102.0,0.0,0.0,0.0,0.0,0,0.0,0.0,0.0,12.99,1.0,8.0,0,1,8.0,2.0794415416798357,5.805466239341587,0.0,0,0.0,0.05132920645658343,-2.9168019233476876,True
1879,대조,0,1.0,45.0,726.97,459.0,0.0,0.0,0.0,0.0,1,0.0,0.0,0.0,447.82,27.0,1.0,0,1,1.0,3.828641396489095,6.5902598385563715,0.0,0,0.0,0.05530521105256612,-2.8379947641634002,True
1881,대조,0,13.0,13.0,296.71,121.0,1.0,3.89,0.0,0.0,0,8.88,2.0,2.0,241.71,10.0,13.0,1,1,13.0,2.6390573296152584,5.696119858320856,0.013110444541808501,0,0.0,0.05956092790565697,-2.7593470771432074,True
1887,대조,0,2.0,6.0,51.81,22.0,0.0,0.0,0.0,0.0,0,0.0,0.0,0.0,92.52,9.0,2.0,0,1,2.0,1.9459101490553132,3.966700566718842,0.0,0,0.0,0.0293701767829837,-3.497965398716407,True
1889,대조,0,11.0,11.0,505.78000000000003,36559.0,3.0,9.14,0.0,0.0,0,2.99,1.0,1.0,162.9,4.0,11.0,1,1,11.0,2.4849066497880004,6.228076984369156,0.018071098105895845,0,0.0,0.07897622559696403,-2.4563389842418517,True
1890,대조,0,13.0,2.0,72.92,32.0,2.0,8.85,0.0,0.0,0,0.0,0.0,0.0,0.0,0.0,13.0,0,0,13.0,1.0986122886681098,4.302983427333428,0.12136588041689522,0,0.0,0.32329365035123847,-0.738676382024499,False
1892,대조,0,4.0,67.0,1018.79,54986.0,0.0,0.0,0.0,0.0,1,2.34,1.0,1.0,543.42,30.0,4.0,1,1,4.0,4.219507705176107,6.927352002728695,0.0,0,0.0,0.05823807802578379,-2.7832131034623364,True
1894,대조,0,7.0,7.0,258.29,158.0,0.0,0.0,0.0,0.0,1,4.59,1.0,1.0,57.25,4.0,7.0,1,1,7.0,2.0794415416798357,5.557947126432657,0.0,0,0.0,0.04970106467514836,-2.9507502489514437,True
1895,대조,0,4.0,5.0,45.65,30.0,0.0,0.0,0.0,0.0,0,0.0,0.0,0.0,35.59,3.0,4.0,0,1,4.0,1.791759469228055,3.8426729272933526,0.0,0,0.0,0.028729383052360162,-3.520684729913219,True
1896,대조,0,4.0,12.0,253.35,4956.0,1.0,3.89,0.0,0.0,1,0.0,0.0,0.0,1.99,1.0,4.0,0,1,4.0,2.5649493574615367,5.538711271268774,0.015354253009670417,0,0.0,0.06319365595440156,-2.6962726686529788,True
1899,대조,0,1.0,6.0,1081.73,350.0,1.0,9.29,0.0,1.0,1,10.58,8.0,5.0,765.3100000000001,3.0,1.0,1,1,1.0,1.9459101490553132,6.987240908439491,0.008588094995978663,0,1.0,0.03664237567595174,-3.2692193316602802,True
1900,대조,0,5.0,10.0,1316.77,425.0,5.0,7.95,0.0,0.0,0,0.0,0.0,0.0,0.0,0.0,5.0,0,0,5.0,2.3978952727983707,7.1836961930058365,0.006037500854363329,0,0.0,0.08515490924922339,-2.374282691639383,True
1901,대조,0,2.0,117.0,2244.57,875.0,6.0,21.93,0.0,0.0,1,17.16,4.0,4.0,798.42,71.0,2.0,1,1,2.0,4.770684624465665,7.7167146654999375,0.009770245525869097,0,0.0,0.08399538146753151,-2.3892595919251005,True
1905,대조,0,7.0,7.0,143.27,61.0,6.0,19.16,0.0,0.0,0,0.0,0.0,0.0,153.32,10.0,7.0,0,1,7.0,2.0794415416798357,4.971686543957681,0.13373351015565016,0,0.0,0.40545995262681167,-0.3827659687773547,False
1906,대조,0,4.0,22.0,1133.04,50786.0,9.0,23.59,0.0,0.0,0,5.97,3.0,3.0,848.4300000000001,13.0,4.0,1,1,4.0,3.1354942159291497,7.033541757034214,0.020820094612723293,0,0.0,0.09872189566431976,-2.211507109434796,True
1907,대조,0,2.0,66.0,1541.5,89593.0,9.0,16.29,0.0,0.0,1,0.0,0.0,0.0,931.44,49.0,2.0,0,1,2.0,4.204692619390966,7.341159755779543,0.010567628932857606,0,0.0,0.0816428641678636,-2.420231931594332,True
1911,대조,0,6.0,22.0,202.78,20629.0,1.0,3.58,0.0,0.0,1,0.0,0.0,0.0,175.62,15.0,6.0,0,1,6.0,3.1354942159291497,5.317040980546139,0.017654601045467996,0,0.0,0.05729687945739947,-2.800505246108263,True
1912,대조,0,1.0,27.0,465.14,306.0,3.0,5.89,0.0,0.0,0,0.0,0.0,0.0,294.96,12.0,1.0,0,1,1.0,3.332204510175204,6.144486018190384,0.012662854194436083,0,0.0,0.06304223248210324,-2.6988333505418085,True
1918,대조,0,9.0,17.0,906.72,30240.0,2.0,7.98,0.0,0.0,0,0.0,0.0,0.0,66.01,3.0,9.0,0,1,9.0,2.8903717578961645,6.810935961001421,0.008800952885124405,0,0.0,0.07511235663953915,-2.5106871824490877,True
1920,처치,1,1.0,12.0,281.15,77.0,4.0,8.120000000000001,0.0,0.0,1,10.95,5.0,5.0,263.29,10.0,1.0,1,1,1.0,2.5649493574615367,5.642438844415149,0.028881380046238667,0,0.0,0.08516135605144734,-2.3741999408422676,True
1921,대조,0,5.0,21.0,255.94,8274.0,0.0,0.0,0.0,0.0,1,0.0,0.0,0.0,25.8,1.0,5.0,0,1,5.0,3.091042453358316,5.548842594603464,0.0,0,0.0,0.043628673118874764,-3.0874316803311186,True
1922,대조,0,1.0,19.0,373.35,155.0,2.0,5.59,0.0,0.0,0,1.0,1.0,1.0,160.87,8.0,1.0,1,1,1.0,2.995732273553991,5.925191188676695,0.014972545868488013,0,0.0,0.06432047513495762,-2.6773950179928545,True
1923,처치,1,1.0,18.0,522.44,27996.0,13.0,42.120000000000005,0.0,1.0,1,12.14,12.0,7.0,329.55,13.0,1.0,1,1,1.0,2.9444389791664403,6.260422410561484,0.08062169818543756,0,1.0,0.10611103739134196,-2.131095496158113,True
1924,대조,0,5.0,36.0,789.77,25229.0,2.0,11.120000000000001,0.0,0.0,0,11.67,3.0,2.0,610.73,21.0,5.0,1,1,5.0,3.6109179126442243,6.673007154309792,0.014080048621750638,0,0.0,0.07328460849907127,-2.537295890095661,True
1925,대조,0,30.0,12.0,375.61,162.0,0.0,0.0,0.0,0.0,0,0.0,0.0,0.0,42.58,5.0,30.0,0,1,30.0,2.5649493574615367,5.931210169242796,0.0,0,0.0,0.048859035291783974,-2.9687229581352583,True
1927,대조,0,4.0,10.0,909.28,361.0,0.0,0.0,0.0,0.0,1,0.0,0.0,0.0,538.98,8.0,4.0,0,1,4.0,2.3978952727983707,6.813752244491018,0.0,0,0.0,0.07073875723366634,-2.5753962923192857,True
1928,대조,0,2.0,13.0,159.03,108.0,0.0,0.0,0.0,1.0,1,8.0,3.0,3.0,126.14,7.0,2.0,1,1,2.0,2.6390573296152584,5.075361297657899,0.0,0,1.0,0.015141292214792811,-4.1750725915999185,False
1930,대조,0,1.0,32.0,424.36,175.0,1.0,3.39,0.0,0.0,0,3.89,1.0,1.0,217.85,17.0,1.0,1,1,1.0,3.4965075614664802,6.052935869196083,0.007988500329908568,0,0.0,0.054716758244287796,-2.8493145803626,True
1931,대조,0,18.0,10.0,284.85,150.0,0.0,0.0,0.0,0.0,1,0.0,0.0,0.0,277.38,10.0,18.0,0,1,18.0,2.3978952727983707,5.655467197709981,0.0,0,0.0,0.04854639837686139,-2.9754709139525617,True
1932,대조,0,12.0,3.0,21.21,11.0,2.0,0.0,0.0,0.0,0,0.0,0.0,0.0,38.78,2.0,12.0,0,1,12.0,1.3862943611198906,3.100542637906336,0.0,0,0.0,0.02363331291985776,-3.7211809387177643,True
1935,대조,0,4.0,28.0,1884.56,149914.0,11.0,27.830000000000002,0.0,0.0,1,12.51,4.0,4.0,821.74,12.0,4.0,1,1,4.0,3.367295829986474,7.54198013799004,0.014767372755444243,0,0.0,0.10381240797790517,-2.155564256209834,True
1936,대조,0,4.0,60.0,354.18,28489.0,0.0,0.0,0.0,1.0,0,0.0,0.0,0.0,315.17,55.0,4.0,0,1,4.0,4.110873864173311,5.87262470322645,0.0,0,1.0,0.015380068455028283,-4.159183295431166,False
1937,대조,0,6.0,18.0,759.07,9065.0,15.0,31.17,1.0,1.0,1,24.22,11.0,11.0,403.28000000000003,12.0,6.0,1,1,6.0,2.9444389791664403,6.633410534302105,0.041063406536946526,1,1.0,0.004560563410158094,-5.385738113722885,False
1939,대조,0,10.0,6.0,343.81,22684.0,0.0,0.0,0.0,1.0,1,0.0,0.0,0.0,201.36,6.0,10.0,0,1,10.0,1.9459101490553132,5.842993540689164,0.0,0,1.0,0.021070042922967828,-3.8386078296208197,True
1940,처치,1,11.0,13.0,403.65,235.0,4.0,10.77,0.0,0.0,0,4.0,2.0,2.0,212.34,5.0,11.0,1,1,11.0,2.6390573296152584,6.0030224959417104,0.026681531029357115,0,0.0,0.08544395440632033,-2.3705780944709614,True
1941,대조,0,9.0,11.0,94.75,82.0,0.0,0.0,0.0,0.0,0,0.0,0.0,0.0,94.99,19.0,9.0,0,1,9.0,2.4849066497880004,4.561740628060756,0.0,0,0.0,0.032827625843036785,-3.3831063239854844,True
1942,대조,0,9.0,26.0,324.06,8734.0,3.0,7.87,0.0,0.0,0,0.0,0.0,0.0,0.0,0.0,9.0,0,0,9.0,3.295836866004329,5.78400978067503,0.024285626118620007,0,0.0,0.07049877798154165,-2.579052745792967,True
1944,처치,1,1.0,31.0,1667.07,152571.0,8.0,20.34,0.0,0.0,1,21.45,7.0,7.0,765.6,14.0,1.0,1,1,1.0,3.4657359027997265,7.4194225484649845,0.012201047346542137,0,0.0,0.09454816769647281,-2.259324665608937,True
1946,대조,0,8.0,5.0,59.3,9498.0,0.0,0.0,0.0,0.0,1,0.0,0.0,0.0,368.27,4.0,8.0,0,1,8.0,1.791759469228055,4.09933210373314,0.0,0,0.0,0.032463825240884814,-3.3946264142343194,True
1947,대조,0,9.0,12.0,1138.69,380.0,6.0,7.89,0.0,0.0,0,5.99,6.0,3.0,838.82,11.0,9.0,1,1,9.0,2.5649493574615367,7.038511574584361,0.006929014920654435,0,0.0,0.08083403309335045,-2.43106862266405,True
1948,대조,0,18.0,2.0,32.62,21.0,0.0,0.0,0.0,0.0,1,0.0,0.0,0.0,89.79,4.0,18.0,0,1,18.0,1.0986122886681098,3.5151211279804695,0.0,0,0.0,0.029118864077463787,-3.5068178324733656,True
1949,대조,0,,0.0,0.0,0.0,0.0,0.0,0.0,0.0,1,0.0,0.0,0.0,39.6,1.0,90.0,0,1,90.0,0.0,0.0,0.0,0,0.0,0.009847729724114483,-4.610617795904017,False
1950,대조,0,12.0,2.0,37.57,20.0,0.0,0.0,0.0,0.0,0,0.0,0.0,0.0,0.0,0.0,12.0,0,0,12.0,1.0986122886681098,3.6524747722201365,0.0,0,0.0,0.029303599119780206,-3.500303407622485,True
1953,대조,0,9.0,14.0,269.77,119.0,2.0,2.39,0.0,0.0,1,4.58,2.0,1.0,554.1,19.0,9.0,1,1,9.0,2.70805020110221,5.601269752035662,0.008859398747080848,0,0.0,0.05532382073553141,-2.8376386308334824,True
1957,대조,0,65.0,1.0,24.99,1.0,0.0,0.0,0.0,1.0,0,0.0,0.0,0.0,7.79,1.0,65.0,0,1,65.0,0.6931471805599453,3.2577118486533987,0.0,0,1.0,0.009569137963990457,-4.639596938128506,False
1962,대조,0,2.0,16.0,360.21,146.0,5.0,12.89,0.0,0.0,1,6.28,2.0,2.0,152.48,6.0,2.0,1,1,2.0,2.833213344056216,5.889459506652396,0.03578468115821327,0,0.0,0.10109294881841618,-2.185139258812996,True
1963,처치,1,8.0,9.0,421.78000000000003,158.0,3.0,9.17,0.0,0.0,0,3.0,5.0,2.0,198.71,6.0,8.0,1,1,8.0,2.302585092994046,6.04685194918754,0.02174119209066338,0,0.0,0.08235967536280422,-2.4107095701515084,True
1964,대조,0,1.0,10.0,286.59000000000003,178.0,1.0,0.5,0.0,0.0,1,0.0,0.0,0.0,193.76,6.0,1.0,0,1,1.0,2.3978952727983707,5.66153585472778,0.0017446526396594437,0,0.0,0.05140860280211055,-2.9151726163091847,True
1965,대조,0,4.0,28.0,747.12,152742.0,0.0,0.0,0.0,0.0,1,0.0,0.0,0.0,364.13,14.0,4.0,0,1,4.0,3.367295829986474,6.617563392914799,0.0,0,0.0,0.05892921731290973,-2.7706813403445048,True
1966,대조,0,8.0,12.0,577.59,330.0,7.0,16.47,0.0,0.0,0,28.89,10.0,7.0,504.12,11.0,8.0,1,1,8.0,2.5649493574615367,6.360594109295549,0.02851503661766997,0,0.0,0.09972533974896204,-2.20028009017952,True
1968,대조,0,5.0,10.0,307.16,170.0,3.0,6.26,0.0,0.0,0,0.0,0.0,0.0,329.12,9.0,5.0,0,1,5.0,2.3978952727983707,5.730619128609761,0.020380257846073706,0,0.0,0.07224849309605677,-2.5526524542228084,True
1969,대조,0,1.0,27.0,230.43,142.0,0.0,0.0,0.0,0.0,0,0.0,0.0,0.0,133.87,17.0,1.0,0,1,1.0,3.332204510175204,5.444277451991571,0.0,0,0.0,0.039325035281651544,-3.1957747795342506,True
1970,대조,0,10.0,4.0,26.79,22.0,0.0,0.0,0.0,0.0,0,0.0,0.0,0.0,9.79,1.0,10.0,0,1,10.0,1.6094379124341003,3.3246762437544124,0.0,0,0.0,0.024729511700721196,-3.6747175203007876,True
1972,대조,0,5.0,29.0,652.3,4936.0,1.0,1.98,0.0,0.0,0,0.0,0.0,0.0,241.68,14.0,5.0,0,1,5.0,3.4011973816621555,6.482036441846705,0.0030354131534569987,0,0.0,0.057109975615444085,-2.803970846996923,True
1975,대조,0,1.0,45.0,2434.67,85414.0,8.0,26.740000000000002,2.0,1.0,1,2.62,1.0,1.0,1276.87,23.0,1.0,1,1,1.0,3.828641396489095,7.797977151672876,0.01098300796411834,1,1.0,0.0031862899439961028,-5.745706689012039,False
1976,대조,0,1.0,22.0,451.45,243.0,1.0,1.98,0.0,0.0,1,0.0,0.0,0.0,267.35,17.0,1.0,0,1,1.0,3.1354942159291497,6.114677259797142,0.004385867759441798,0,0.0,0.05681253156583489,-2.8095081353597804,True
1979,처치,1,29.0,15.0,245.61,94.0,0.0,0.0,0.0,0.0,1,3.39,1.0,1.0,87.36,10.0,29.0,1,1,29.0,2.772588722239781,5.50780814140846,0.0,0,0.0,0.04357686746609605,-3.0886739755301673,True
1980,대조,0,5.0,9.0,844.88,27793.0,4.0,15.08,0.0,0.0,1,8.879999999999999,3.0,3.0,180.08,2.0,5.0,1,1,5.0,2.302585092994046,6.740377505573784,0.017848688571158036,0,0.0,0.09856309594875799,-2.213293139124538,True
1981,대조,0,9.0,17.0,185.44,108.0,0.0,0.0,0.0,0.0,0,0.0,0.0,0.0,73.74,7.0,9.0,0,1,9.0,2.8903717578961645,5.22810947150454,0.0,0,0.0,0.038501109281386475,-3.217806357947168,True
1982,대조,0,5.0,19.0,509.66,24620.0,0.0,0.0,0.0,0.0,1,11.67,3.0,3.0,444.49,18.0,5.0,1,1,5.0,2.995732273553991,6.235704006716925,0.0,0,0.0,0.054788259476605865,-2.847933038568061,True
1987,대조,0,14.0,7.0,109.59,82.0,0.0,0.0,0.0,0.0,0,4.390000000000001,5.0,5.0,129.28,5.0,14.0,1,1,14.0,2.0794415416798357,4.705829669087269,0.0,0,0.0,0.03600849596981173,-3.2873275715508905,True
1989,대조,0,1.0,27.0,483.93,24458.0,3.0,5.67,0.0,0.0,1,3.78,2.0,2.0,227.41,13.0,1.0,1,1,1.0,3.332204510175204,6.184004550624014,0.011716570578389436,0,0.0,0.06542409348533443,-2.6592022579356125,True
1990,대조,0,8.0,20.0,589.77,54607.0,6.0,9.62,0.0,0.0,1,3.0,1.0,1.0,249.21,8.0,8.0,1,1,8.0,3.044522437723423,6.381426770762666,0.01631144344405446,0,0.0,0.07814959360689909,-2.4677581046751254,True
1993,대조,0,11.0,7.0,119.68,76.0,0.0,0.0,0.0,0.0,0,0.0,0.0,0.0,58.97,6.0,11.0,0,1,11.0,2.0794415416798357,4.793142414290861,0.0,0,0.0,0.037158677864622985,-3.254691289917843,True
1995,처치,1,2.0,17.0,1472.75,99510.0,7.0,29.270000000000003,0.0,0.0,1,41.870000000000005,11.0,10.0,1364.48,14.0,2.0,1,1,2.0,2.8903717578961645,7.295565451851581,0.019874384654557802,0,0.0,0.11275742322827376,-2.0628796107736136,True
1996,대조,0,16.0,14.0,391.19,105.0,0.0,0.0,0.0,0.0,0,18.67,5.0,5.0,246.98000000000002,10.0,16.0,1,1,16.0,2.70805020110221,5.971746416241879,0.0,0,0.0,0.04941727147454106,-2.9567752069104953,True
1997,대조,0,6.0,12.0,766.91,16767.0,6.0,5.37,0.0,0.0,1,5.73,2.0,2.0,477.21,6.0,6.0,1,1,6.0,2.5649493574615367,6.643672538780681,0.007002125412369118,0,0.0,0.07519149076586396,-2.5095486291932008,True
2004,대조,0,2.0,35.0,1262.41,604.0,16.0,53.99,0.0,0.0,1,42.86,13.0,11.0,802.94,23.0,2.0,1,1,2.0,3.58351893845611,7.141569693582872,0.04276740520116285,0,0.0,0.15105234606462373,-1.7263710888475239,True
2008,대조,0,5.0,6.0,429.97,190.0,2.0,3.53,0.0,0.0,0,0.0,0.0,0.0,34.39,2.0,5.0,0,1,5.0,1.9459101490553132,6.066038482112722,0.008209875107565642,0,0.0,0.06681777557871249,-2.6366313453601995,True
2009,대조,0,14.0,1.0,43.120000000000005,13.0,2.0,5.0,0.0,1.0,0,0.0,0.0,0.0,20.48,2.0,14.0,0,1,14.0,0.6931471805599453,3.786913194385302,0.11595547309833022,0,1.0,0.12289114075625751,-1.9653321825186767,True
2011,대조,0,5.0,17.0,173.76,80.0,0.0,0.0,0.0,0.0,1,0.0,0.0,0.0,130.63,13.0,5.0,0,1,5.0,2.8903717578961645,5.163413604083235,0.0,0,0.0,0.03963503267500047,-3.1875999958243995,True
2012,대조,0,4.0,30.0,977.85,12657.0,0.0,0.0,0.0,0.0,1,0.0,0.0,0.0,210.62,7.0,4.0,0,1,4.0,3.4339872044851463,6.886378413222552,0.0,0,0.0,0.06350928795006239,-2.6909534419765238,True
2013,대조,0,12.0,15.0,446.46,260.0,0.0,0.0,0.0,0.0,1,2.79,1.0,1.0,186.26,14.0,12.0,1,1,12.0,2.772588722239781,6.10358714824493,0.0,0,0.0,0.053636198909972795,-2.870402869946418,True
2014,대조,0,16.0,12.0,252.5,143.0,0.0,0.0,0.0,0.0,0,0.0,0.0,0.0,308.63,4.0,16.0,0,1,16.0,2.5649493574615367,5.535363823031238,0.0,0,0.0,0.04387639442641624,-3.081510736146961,True
2015,대조,0,5.0,16.0,819.19,304.0,5.0,15.56,0.0,0.0,0,9.120000000000001,3.0,3.0,522.96,12.0,5.0,1,1,5.0,2.833213344056216,6.709536020735378,0.018994372489898558,0,0.0,0.08969780013261203,-2.3173303881043483,True
2016,대조,0,9.0,6.0,60.13,34.0,0.0,0.0,0.0,1.0,0,0.0,0.0,0.0,184.76,8.0,9.0,0,1,9.0,1.9459101490553132,4.113002744040634,0.0,0,1.0,0.011490384673267753,-4.454687799491007,False
2017,대조,0,4.0,18.0,655.72,43648.0,3.0,8.86,0.0,0.0,1,0.0,0.0,0.0,407.35,8.0,4.0,0,1,4.0,2.9444389791664403,6.487257748040011,0.013511864820350147,0,0.0,0.07776994700094546,-2.4730396363941582,True
2018,대조,0,10.0,3.0,120.78,52.0,1.0,2.99,0.0,0.0,1,0.0,0.0,0.0,161.3,3.0,10.0,0,1,10.0,1.3862943611198906,4.802216138180428,0.024755754263950987,0,0.0,0.06973005447135859,-2.590843385630161,True
2019,대조,0,4.0,35.0,422.26,190.0,0.0,0.0,0.0,0.0,0,0.0,0.0,0.0,1930.44,61.0,4.0,0,1,4.0,3.58351893845611,6.047986647432308,0.0,0,0.0,0.04590377725399544,-3.0342171219832346,True
2020,대조,0,1.0,39.0,1153.23,509.0,9.0,17.88,0.0,0.0,1,19.53,6.0,5.0,998.3000000000001,26.0,1.0,1,1,1.0,3.6888794541139363,7.05118873396819,0.015504279285138263,0,0.0,0.08774095200755223,-2.34153524758826,True
2021,대조,0,5.0,13.0,264.54,93.0,0.0,0.0,0.0,0.0,0,0.0,0.0,0.0,182.72,9.0,5.0,0,1,5.0,2.6390573296152584,5.581765488467756,0.0,0,0.0,0.04469539761772402,-3.062159710252942,True
2024,대조,0,14.0,13.0,739.61,38972.0,5.0,11.95,0.0,0.0,1,13.85,5.0,5.0,692.95,15.0,14.0,1,1,14.0,2.6390573296152584,6.607474170953841,0.016157163910709697,0,0.0,0.08710975220513408,-2.349446819642144,True
2029,대조,0,12.0,5.0,135.99,76.0,1.0,3.96,0.0,0.0,0,0.0,0.0,0.0,0.0,0.0,12.0,0,0,12.0,1.791759469228055,4.919907930463299,0.029119788219722036,0,0.0,0.07149254945381052,-2.563985164215749,True
2030,처치,1,5.0,12.0,558.41,271.0,0.0,0.0,0.0,0.0,1,0.0,0.0,0.0,137.1,6.0,5.0,0,1,5.0,2.5649493574615367,6.326882656904112,0.0,0,0.0,0.059533692254882004,-2.7598334156567463,True
2032,대조,0,5.0,13.0,522.32,19810.0,0.0,0.0,0.0,0.0,0,0.0,0.0,0.0,146.07,6.0,5.0,0,1,5.0,2.6390573296152584,6.2601931316426755,0.0,0,0.0,0.05529036221859116,-2.8382790070942523,True
2033,대조,0,15.0,5.0,106.54,32.0,1.0,4.99,0.0,0.0,0,0.0,0.0,0.0,155.44,5.0,15.0,0,1,15.0,1.791759469228055,4.6778628713815325,0.04683686878167824,0,0.0,0.09315642122131128,-2.27568994636277,True
2034,대조,0,13.0,11.0,227.9,15068.0,0.0,0.0,0.0,0.0,0,0.0,0.0,0.0,425.18,14.0,13.0,0,1,13.0,2.4849066497880004,5.433285226958521,0.0,0,0.0,0.04308273283618774,-3.1005946509362694,True
2035,대조,0,4.0,19.0,258.95,174.0,0.0,0.0,0.0,0.0,0,0.0,0.0,0.0,203.64000000000001,8.0,4.0,0,1,4.0,2.995732273553991,5.560489304829725,0.0,0,0.0,0.0424546128732597,-3.115937548739949,True
2036,대조,0,27.0,9.0,695.8,251.0,4.0,8.280000000000001,0.0,0.0,0,9.18,6.0,4.0,267.63,2.0,27.0,1,1,27.0,2.302585092994046,6.546498425538293,0.01189997125610808,0,0.0,0.07751004961412679,-2.476668881571788,True
2037,처치,1,6.0,24.0,398.07,226.0,18.0,13.74,0.0,0.0,0,3.39,1.0,1.0,138.42,8.0,6.0,1,1,6.0,3.2188758248682006,5.989136840098804,0.03451654231667797,0,0.0,0.09259425269181418,-2.282362627266882,True
2039,대조,0,,0.0,0.0,0.0,0.0,0.0,0.0,1.0,0,0.0,0.0,0.0,0.0,0.0,90.0,0,0,90.0,0.0,0.0,0.0,0,1.0,0.0034941751657687646,-5.653157641167976,False
2041,대조,0,24.0,9.0,383.14,130.0,3.0,9.01,0.0,0.0,1,3.34,1.0,1.0,180.28,4.0,24.0,1,1,24.0,2.302585092994046,5.951007069476706,0.023516208174557605,0,0.0,0.08478804487534473,-2.3790011307793195,True
2042,대조,0,10.0,6.0,799.6800000000001,12511.0,3.0,13.23,0.0,0.0,0,8.76,4.0,2.0,430.21,2.0,10.0,1,1,10.0,1.9459101490553132,6.685461366622505,0.016544117647058824,0,0.0,0.09418229745272613,-2.26360583568891,True
2043,대조,0,11.0,8.0,244.6,143.0,0.0,0.0,0.0,0.0,0,0.0,0.0,0.0,91.81,5.0,11.0,0,1,11.0,2.1972245773362196,5.503704196272987,0.0,0,0.0,0.04582280878172859,-3.0360674137414767,True
2044,대조,0,4.0,9.0,140.74,67.0,1.0,1.98,0.0,1.0,0,0.0,0.0,0.0,84.86,4.0,4.0,0,1,4.0,2.302585092994046,4.95399439338211,0.014068495097342617,0,1.0,0.01938968371065335,-3.9234339924078956,True
2047,대조,0,5.0,15.0,732.13,34485.0,4.0,15.05,0.0,0.0,0,6.66,2.0,2.0,460.16,19.0,5.0,1,1,5.0,2.772588722239781,6.597323039503835,0.020556458552442872,0,0.0,0.09001935240297887,-2.31339865899276,True
2053,대조,0,2.0,21.0,511.67,3641.0,3.0,9.76,0.0,0.0,1,2.49,1.0,1.0,215.5,15.0,2.0,1,1,2.0,3.091042453358316,6.239632363326927,0.019074794301014324,0,0.0,0.07906287623998925,-2.4551483267145526,True
2055,대조,0,,0.0,0.0,0.0,0.0,0.0,0.0,0.0,0,3.39,1.0,1.0,189.5,15.0,90.0,1,1,90.0,0.0,0.0,0.0,0,0.0,0.00940488877818188,-4.657076248108105,False
2056,대조,0,1.0,17.0,320.16,109.0,0.0,0.0,0.0,0.0,0,0.0,0.0,0.0,189.9,8.0,1.0,0,1,1.0,2.8903717578961645,5.7719394413164835,0.0,0,0.0,0.04617032722961706,-3.028147791446942,True
2057,대조,0,1.0,18.0,487.31,37739.0,0.0,0.0,0.0,0.0,1,0.0,0.0,0.0,426.62,15.0,1.0,0,1,1.0,2.9444389791664403,6.190950450071517,0.0,0,0.0,0.0546453075820872,-2.850696845119528,True
2059,대조,0,5.0,11.0,358.35,200.0,0.0,0.0,0.0,0.0,0,0.0,0.0,0.0,213.13,4.0,5.0,0,1,5.0,2.4849066497880004,5.884296843914452,0.0,0,0.0,0.050136639095651254,-2.941566083541309,True
2064,대조,0,4.0,19.0,435.23,9377.0,1.0,2.99,0.0,0.0,1,3.0,5.0,5.0,178.0,13.0,4.0,1,1,4.0,2.995732273553991,6.078169627193504,0.006869930841164442,0,0.0,0.059838533411963865,-2.7544018086027835,True
2065,대조,0,35.0,3.0,99.81,49.0,0.0,0.0,0.0,0.0,0,3.39,1.0,1.0,391.74,6.0,35.0,1,1,35.0,1.3862943611198906,4.61323755706585,0.0,0,0.0,0.03728008653667984,-3.251303210506777,True
2066,대조,0,4.0,24.0,679.13,304.0,0.0,0.0,0.0,0.0,0,0.0,0.0,0.0,180.72,11.0,4.0,0,1,4.0,3.2188758248682006,6.522283956368848,0.0,0,0.0,0.05579836383180169,-2.8285951940259326,True
2068,대조,0,2.0,13.0,250.62,27139.0,5.0,3.0,0.0,0.0,1,0.0,0.0,0.0,258.6,9.0,2.0,0,1,2.0,2.6390573296152584,5.527920012922985,0.011970313622216901,0,0.0,0.05850731142969628,-2.778314854210011,True
2069,대조,0,12.0,12.0,237.42,96.0,1.0,3.89,0.0,1.0,1,0.0,0.0,0.0,58.83,5.0,12.0,0,1,12.0,2.5649493574615367,5.474033824289855,0.01638446634655884,0,1.0,0.02407382182797484,-3.702261927518066,True
2070,대조,0,4.0,54.0,291.45,16877.0,0.0,0.0,0.0,0.0,1,0.0,0.0,0.0,363.03,52.0,4.0,0,1,4.0,4.007333185232471,5.678293711889035,0.0,0,0.0,0.0404332501806923,-3.1668294095799037,True
2071,대조,0,18.0,14.0,198.66,48.0,0.0,0.0,0.0,0.0,0,0.0,0.0,0.0,202.36,20.0,18.0,0,1,18.0,2.70805020110221,5.296615919908279,0.0,0,0.0,0.03984428062075563,-3.1821166067496947,True
2074,대조,0,4.0,7.0,266.26,158.0,3.0,9.07,0.0,0.0,0,3.89,1.0,1.0,170.66,7.0,4.0,1,1,4.0,2.0794415416798357,5.588221967352915,0.034064448283632545,0,0.0,0.09379383946155484,-2.2681676539473488,True
2075,대조,0,28.0,3.0,79.51,42.0,0.0,0.0,0.0,0.0,0,2.0,4.0,1.0,172.91,5.0,28.0,1,1,28.0,1.3862943611198906,4.388381400311889,0.0,0,0.0,0.03500658916698761,-3.31658496747906,True
2079,대조,0,1.0,23.0,904.26,392.0,2.0,5.98,0.0,0.0,0,2.5,1.0,1.0,741.0600000000001,16.0,1.0,1,1,1.0,3.1780538303479458,6.808222195256927,0.006613142237851945,0,0.0,0.0700407274477893,-2.586063898693717,True
2080,대조,0,1.0,20.0,1564.84,31636.0,11.0,9.98,0.0,0.0,0,5.0,6.0,5.0,469.52,6.0,1.0,1,1,1.0,3.044522437723423,7.3561777001942685,0.006377648833107538,0,0.0,0.08376929912334295,-2.392201608363535,True
2081,대조,0,16.0,7.0,199.91,123.0,0.0,0.0,0.0,0.0,0,0.0,0.0,0.0,76.45,3.0,16.0,0,1,16.0,2.0794415416798357,5.302857046590068,0.0,0,0.0,0.04340283280719524,-3.0928576588815226,True
2082,대조,0,5.0,26.0,821.5600000000001,86582.0,2.0,1.7999999999999998,0.0,0.0,1,1.0,2.0,1.0,378.12,18.0,5.0,1,1,5.0,3.295836866004329,6.712421428307195,0.0021909537952188515,0,0.0,0.06386263366240613,-2.685027796990802,True
2083,대조,0,1.0,60.0,1262.55,57258.0,5.0,12.66,0.0,0.0,0,10.56,4.0,4.0,543.0,28.0,1.0,1,1,1.0,4.110873864173311,7.141680498661024,0.01002732565046929,0,0.0,0.07378475966923383,-2.529954446864281,True
2084,대조,0,4.0,21.0,332.66,87.0,3.0,9.97,0.0,0.0,1,4.0,2.0,2.0,52.17,5.0,4.0,1,1,4.0,3.091042453358316,5.810122510427528,0.029970540491793422,0,0.0,0.08543718279385007,-2.3706647539419667,True
2085,대조,0,1.0,46.0,1473.11,44339.0,4.0,4.99,0.0,0.0,1,0.0,0.0,0.0,1123.67,40.0,1.0,0,1,1.0,3.8501476017100584,7.295809696830507,0.0033873913013963658,0,0.0,0.0733089738786108,-2.536937176732885,True
2086,대조,0,1.0,60.0,646.9,254.0,6.0,19.8,0.0,0.0,1,26.32,9.0,6.0,332.89,27.0,1.0,1,1,1.0,4.110873864173311,6.473736363455911,0.030607512753130315,0,0.0,0.09348475718602979,-2.2718094468153858,True
2087,대조,0,2.0,29.0,1058.72,80823.0,0.0,0.0,0.0,0.0,1,0.0,0.0,0.0,569.1,16.0,2.0,0,1,2.0,3.4011973816621555,6.965760001268711,0.0,0,0.0,0.06551030002187505,-2.6577932223538667,True
2092,대조,0,2.0,47.0,1148.55,73710.0,2.0,5.96,0.0,0.0,1,0.0,0.0,0.0,136.93,10.0,2.0,0,1,2.0,3.871201010907891,7.0471258404299455,0.00518915153889687,0,0.0,0.07009167967073741,-2.585281906286972,True
2094,대조,0,9.0,8.0,338.52,164.0,0.0,0.0,0.0,0.0,1,0.0,0.0,0.0,95.28999999999999,2.0,9.0,0,1,9.0,2.1972245773362196,5.827532855425618,0.0,0,0.0,0.053141225498170366,-2.880196950956193,True
2095,대조,0,4.0,18.0,305.32,4693.0,7.0,6.18,0.0,1.0,0,9.0,15.0,12.0,414.31,14.0,4.0,1,1,4.0,2.9444389791664403,5.724630307169039,0.020241058561509234,0,1.0,0.02593314848924403,-3.625957922508471,True
2098,대조,0,,0.0,0.0,0.0,0.0,0.0,0.0,0.0,0,24.1,26.0,12.0,210.31,5.0,90.0,1,1,90.0,0.0,0.0,0.0,0,0.0,0.00940488877818188,-4.657076248108105,False
2099,대조,0,40.0,3.0,88.96000000000001,20635.0,0.0,0.0,0.0,0.0,0,0.0,0.0,0.0,0.0,0.0,40.0,0,0,40.0,1.3862943611198906,4.499365127091115,0.0,0,0.0,0.03573440138712944,-3.2952529248088136,True
2100,대조,0,14.0,5.0,326.4,184.0,4.0,5.96,0.0,0.0,1,0.0,0.0,0.0,365.51,10.0,14.0,0,1,14.0,1.791759469228055,5.791182664937034,0.01825980392156863,0,0.0,0.07866866666725235,-2.4605747856788733,True
2107,처치,1,25.0,9.0,319.14,139.0,0.0,0.0,0.0,0.0,1,0.0,0.0,0.0,407.41,13.0,25.0,0,1,25.0,2.302585092994046,5.768758400118552,0.0,0,0.0,0.0504900020256327,-2.934170722932102,True
2108,대조,0,1.0,18.0,199.28,109.0,2.0,18.0,0.0,0.0,0,48.08,15.0,6.0,156.64,14.0,1.0,1,1,1.0,2.9444389791664403,5.299716387461744,0.09032517061421116,0,0.0,0.21504687580098777,-1.294767970258697,True
2109,대조,0,5.0,14.0,314.06,157.0,0.0,0.0,0.0,0.0,0,0.0,0.0,0.0,336.14,14.0,5.0,0,1,5.0,2.70805020110221,5.752763096877823,0.0,0,0.0,0.04675185026263889,-3.0150214249692127,True
2112,대조,0,25.0,12.0,467.65,211.0,1.0,2.0,0.0,0.0,1,3.49,1.0,1.0,442.78000000000003,13.0,25.0,1,1,25.0,2.5649493574615367,6.149856221192495,0.004276702662247407,0,0.0,0.05986425757922494,-2.7539446461602384,True
2115,대조,0,2.0,46.0,2098.13,275940.0,5.0,11.25,0.0,0.0,1,16.72,14.0,14.0,1428.33,37.0,2.0,1,1,2.0,3.8501476017100584,7.649278252157194,0.005361917517027067,0,0.0,0.0847020829282833,-2.3801094115209476,True
2117,처치,1,8.0,11.0,151.33,113.0,2.0,2.29,0.0,0.0,0,9.79,2.0,2.0,109.69,10.0,8.0,1,1,8.0,2.4849066497880004,5.02604922014861,0.01513249190510804,0,0.0,0.05161813736323758,-2.9108841198242845,True
2121,처치,1,4.0,21.0,647.92,57671.0,2.0,7.98,0.0,0.0,1,0.0,0.0,0.0,452.05,15.0,4.0,0,1,4.0,3.091042453358316,6.475309442542198,0.012316335350043216,0,0.0,0.07434216338455242,-2.5218263938031615,True
2123,대조,0,15.0,7.0,441.86,189.0,6.0,29.23,0.0,0.0,1,23.450000000000003,7.0,6.0,536.53,8.0,15.0,1,1,15.0,2.0794415416798357,6.093253693010016,0.06615217489702621,0,0.0,0.1985560228478316,-1.3953437808256697,True
2128,대조,0,27.0,17.0,477.65999999999997,34685.0,0.0,0.0,0.0,0.0,0,0.0,0.0,0.0,14.99,1.0,27.0,0,1,27.0,2.8903717578961645,6.170990533266468,0.0,0,0.0,0.05070981895229305,-2.929594967929523,True
2129,대조,0,6.0,28.0,1259.34,74497.0,0.0,0.0,0.0,0.0,1,5.390000000000001,6.0,4.0,692.19,17.0,6.0,1,1,6.0,3.367295829986474,7.139136804814758,0.0,0,0.0,0.06906694029311085,-2.60111118971346,True
2130,대조,0,10.0,8.0,512.26,2360.0,2.0,2.4,0.0,0.0,1,5.28,2.0,2.0,285.74,5.0,10.0,1,1,10.0,2.1972245773362196,6.240782539391654,0.0046851208370749225,0,0.0,0.06619090204622606,-2.6467290032529993,True
2131,대조,0,4.0,35.0,881.84,387.0,2.0,8.56,0.0,0.0,0,4.67,2.0,1.0,309.61,13.0,4.0,1,1,4.0,3.58351893845611,6.783143983732173,0.009706976322235326,0,0.0,0.06992739866543966,-2.587805107148995,True
2133,대조,0,7.0,14.0,927.45,17381.0,4.0,10.54,0.0,0.0,1,5.67,3.0,3.0,648.36,13.0,7.0,1,1,7.0,2.70805020110221,6.833516529046604,0.011364494042805541,0,0.0,0.08503277455935876,-2.3758514802198882,True
2138,대조,0,4.0,10.0,366.46,138.0,0.0,0.0,0.0,0.0,0,0.0,0.0,0.0,329.78000000000003,11.0,4.0,0,1,4.0,2.3978952727983707,5.906614469191589,0.0,0,0.0,0.051114998296001635,-2.9212096500007174,True
2139,대조,0,1.0,42.0,381.1,186.0,0.0,0.0,0.0,0.0,0,17.12,12.0,9.0,684.91,58.0,1.0,1,1,1.0,3.7612001156935624,5.945682354452854,0.0,0,0.0,0.043601566849586486,-3.088081510677903,True
2142,대조,0,2.0,14.0,1165.03,586.0,6.0,19.25,0.0,0.0,0,18.77,5.0,4.0,661.22,6.0,2.0,1,1,2.0,2.70805020110221,7.061360095567446,0.016523179660609597,0,0.0,0.09687525899680445,-2.232436523336949,True
2144,대조,0,48.0,1.0,47.67,16.0,0.0,0.0,0.0,0.0,0,9.25,4.0,4.0,349.92,4.0,48.0,1,1,48.0,0.6931471805599453,3.885062823845363,0.0,0,0.0,0.03183532376319662,-3.4148257094307066,True
2145,대조,0,20.0,5.0,99.86,29.0,1.0,4.78,0.0,0.0,0,7.98,2.0,2.0,260.94,5.0,20.0,1,1,20.0,1.791759469228055,4.6137334166485795,0.04786701381934709,0,0.0,0.09265874584216822,-2.2815952794438923,True
2147,대조,0,7.0,13.0,659.43,22090.0,4.0,11.879999999999999,0.0,0.0,1,27.23,7.0,5.0,519.24,8.0,7.0,1,1,7.0,2.6390573296152584,6.492891138028129,0.018015558891770166,0,0.0,0.0879184998669979,-2.33931910278999,True
2149,대조,0,1.0,16.0,433.8,87373.0,0.0,0.0,0.0,0.0,0,0.0,0.0,0.0,468.53999999999996,14.0,1.0,0,1,1.0,2.833213344056216,6.0748861552470546,0.0,0,0.0,0.05115047661611855,-2.9204784123282197,True
2154,대조,0,51.0,2.0,70.35,32.0,0.0,0.0,0.0,0.0,1,0.0,0.0,0.0,167.97,9.0,51.0,0,1,51.0,1.0986122886681098,4.267597343922845,0.0,0,0.0,0.03555213479596832,-3.3005555722166338,True
2156,대조,0,17.0,14.0,708.82,41594.0,10.0,12.15,0.0,0.0,1,8.89,10.0,9.0,610.87,13.0,17.0,1,1,17.0,2.70805020110221,6.565011416766687,0.0171411641883694,0,0.0,0.08659691469412473,-2.3559130907256627,True
2158,대조,0,1.0,19.0,396.59,71705.0,2.0,5.88,0.0,0.0,1,0.0,0.0,0.0,304.8,15.0,1.0,0,1,1.0,2.995732273553991,5.985421323560697,0.014826395017524396,0,0.0,0.06823460086937427,-2.614129285008757,True
2159,대조,0,4.0,19.0,254.4,3946.0,0.0,0.0,0.0,0.0,0,0.0,0.0,0.0,282.12,15.0,4.0,0,1,4.0,2.995732273553991,5.542830943598439,0.0,0,0.0,0.042218352893050766,-3.1217647970380717,True
2161,대조,0,7.0,5.0,162.76999999999998,59976.0,0.0,0.0,0.0,1.0,0,0.0,0.0,0.0,0.0,0.0,7.0,0,0,7.0,1.791759469228055,5.098463004461776,0.0,0,1.0,0.016203699191771666,-4.106179302906051,False
2162,대조,0,8.0,23.0,1962.06,99946.0,0.0,0.0,0.0,0.0,1,16.47,4.0,4.0,1354.0800000000002,19.0,8.0,1,1,8.0,3.1780538303479458,7.582259759270376,0.0,0,0.0,0.08076889354768696,-2.4319456561925006,True
2164,대조,0,2.0,16.0,515.92,284.0,1.0,3.0,0.0,0.0,0,0.0,0.0,0.0,133.95,4.0,2.0,0,1,2.0,2.833213344056216,6.247888123656991,0.005814855016281595,0,0.0,0.060507538793048446,-2.7425718291370904,True
2167,대조,0,2.0,25.0,636.82,365.0,5.0,3.0,0.0,0.0,0,3.0,5.0,4.0,440.61,18.0,2.0,1,1,2.0,3.258096538021482,6.458056111876723,0.004710907320749976,0,0.0,0.059883005297445,-2.7536115830086634,True
2170,대조,0,2.0,28.0,806.57,5672.0,1.0,1.98,0.0,0.0,0,0.0,0.0,0.0,507.0,16.0,2.0,0,1,2.0,3.367295829986474,6.694029738646186,0.002454839629542383,0,0.0,0.060778533079825864,-2.737814653132442,True
2171,대조,0,1.0,14.0,526.85,230.0,5.0,12.21,0.0,0.0,0,1.5,1.0,1.0,123.04,3.0,1.0,1,1,1.0,2.70805020110221,6.268812152435704,0.02317547689095568,0,0.0,0.08682532210879118,-2.353028876801004,True
2173,대조,0,67.0,1.0,29.68,10.0,0.0,0.0,0.0,0.0,1,0.0,0.0,0.0,14.34,2.0,67.0,0,1,67.0,0.6931471805599453,3.4236109764990554,0.0,0,0.0,0.02806244818356514,-3.544859236258689,True
2176,대조,0,1.0,82.0,641.89,77672.0,0.0,0.0,0.0,0.0,0,0.0,0.0,0.0,833.83,62.0,1.0,0,1,1.0,4.418840607796598,6.465973636508081,0.0,0,0.0,0.04720293506617095,-3.0049458633087642,True
2178,대조,0,1.0,20.0,624.13,7487.0,1.0,2.39,0.0,0.0,0,11.55,5.0,4.0,596.06,19.0,1.0,1,1,1.0,3.044522437723423,6.437959628107401,0.0038293304279557144,0,0.0,0.06015907929278734,-2.74871825243653,True
2179,대조,0,18.0,2.0,72.97,36.0,0.0,0.0,0.0,0.0,1,0.0,0.0,0.0,158.97,3.0,18.0,0,1,18.0,1.0986122886681098,4.303659605599776,0.0,0,0.0,0.03744923150859896,-3.2466006219674313,True
2181,대조,0,10.0,5.0,236.75,67.0,0.0,0.0,0.0,0.0,1,0.0,0.0,0.0,83.74,4.0,10.0,0,1,10.0,1.791759469228055,5.4712197014254995,0.0,0,0.0,0.049999328905511564,-2.944453107561285,True
2184,대조,0,4.0,37.0,1236.84,523.0,5.0,15.17,0.0,0.0,1,0.0,0.0,0.0,278.12,16.0,4.0,0,1,4.0,3.6375861597263857,7.121123204181417,0.012265127259791082,0,0.0,0.08444864135049258,-2.383382906645122,True
2187,대조,0,25.0,6.0,388.51,178.0,0.0,0.0,0.0,0.0,0,0.0,0.0,0.0,170.51,6.0,25.0,0,1,25.0,1.9459101490553132,5.964889538922183,0.0,0,0.0,0.05376466025351922,-2.8678749329080073,True
2188,대조,0,5.0,14.0,418.16,166.0,0.0,0.0,0.0,0.0,1,0.0,0.0,0.0,437.01,16.0,5.0,0,1,5.0,2.70805020110221,6.038252708606741,0.0,0,0.0,0.05343611798049199,-2.874351577251732,True
2190,대조,0,7.0,27.0,1405.14,152774.0,2.0,7.23,0.0,0.0,1,1.38,2.0,1.0,820.14,22.0,7.0,1,1,7.0,3.332204510175204,7.24860364067099,0.0051453947649344545,0,0.0,0.07918284415645696,-2.4535018275188802,True
2198,대조,0,2.0,43.0,636.37,18928.0,0.0,0.0,0.0,0.0,1,0.0,0.0,0.0,118.37,10.0,2.0,0,1,2.0,3.784189633918261,6.4573503346691234,0.0,0,0.0,0.05329509336289441,-2.8771431660533318,True
2199,대조,0,1.0,28.0,1009.59,77101.0,21.0,34.13,0.0,0.0,1,14.74,5.0,5.0,586.21,13.0,1.0,1,1,1.0,3.367295829986474,6.918289597697036,0.033805802355411606,0,0.0,0.12370293784850069,-1.95782211659379,True
2203,대조,0,5.0,17.0,674.42,27960.0,0.0,0.0,0.0,1.0,1,0.0,0.0,0.0,374.38,6.0,5.0,0,1,5.0,2.8903717578961645,6.515334719594768,0.0,0,1.0,0.023258570857338897,-3.7375482558955184,True
2204,대조,0,2.0,26.0,288.67,207.0,0.0,0.0,0.0,0.0,0,0.0,0.0,0.0,202.7,21.0,2.0,0,1,2.0,3.295836866004329,5.6687423440109335,0.0,0,0.0,0.04236766418820375,-3.118078487018174,True
2209,대조,0,4.0,45.0,1605.26,150283.0,5.0,14.47,0.0,0.0,1,0.0,0.0,0.0,655.41,20.0,4.0,0,1,4.0,3.828641396489095,7.381663774305085,0.009014116093343134,0,0.0,0.0838314564926357,-2.39139203435122,True
2210,대조,0,7.0,6.0,92.74,38.0,0.0,0.0,0.0,0.0,0,0.0,0.0,0.0,568.87,8.0,7.0,0,1,7.0,1.9459101490553132,4.54052499249456,0.0,0,0.0,0.035060996950099795,-3.3149755754357524,True
2211,대조,0,4.0,3.0,57.019999999999996,18712.0,0.0,0.0,0.0,0.0,0,3.34,1.0,1.0,102.85000000000001,5.0,4.0,1,1,4.0,1.3862943611198906,4.060787778693258,0.0,0,0.0,0.03248018723728593,-3.394105623030349,True
2213,대조,0,4.0,13.0,1337.34,628.0,15.0,24.21,2.0,1.0,0,0.0,0.0,0.0,114.59,4.0,4.0,0,1,4.0,2.6390573296152584,7.199185319020395,0.01810310018394724,1,1.0,0.003388748430050418,-5.6839001171915395,False
2217,처치,1,6.0,33.0,956.69,50762.0,3.0,8.0,0.0,0.0,1,7.28,3.0,3.0,318.44,22.0,6.0,1,1,6.0,3.5263605246161616,6.86452413478986,0.008362165382725856,0,0.0,0.07326539006232971,-2.537578906336832,True
2221,대조,0,2.0,16.0,322.94,183.0,3.0,7.2299999999999995,0.0,0.0,1,0.0,0.0,0.0,215.6,13.0,2.0,0,1,2.0,2.833213344056216,5.7805583134582506,0.022388059701492536,0,0.0,0.07569317959956258,-2.5023560146092017,True
2222,대조,0,20.0,6.0,437.31,168.0,12.0,26.19,0.0,0.0,0,6.0,6.0,3.0,460.46,4.0,20.0,1,1,20.0,1.9459101490553132,6.082926422587722,0.05988886602181519,0,0.0,0.17291510474261118,-1.56510659421583,True
2225,대조,0,23.0,16.0,512.98,25911.0,6.0,14.85,0.0,0.0,0,6.57,3.0,3.0,232.73000000000002,9.0,23.0,1,1,23.0,2.833213344056216,6.242184354192295,0.028948497017427577,0,0.0,0.0923313893497299,-2.2854951824171623,True
2226,대조,0,1.0,88.0,1078.05,82065.0,0.0,0.0,0.0,0.0,0,0.0,0.0,0.0,936.97,76.0,1.0,0,1,1.0,4.48863636973214,6.983836303387473,0.0,0,0.0,0.055020861253181494,-2.8434504430193828,True
2230,대조,0,31.0,6.0,152.84,52.0,0.0,0.0,0.0,0.0,0,0.0,0.0,0.0,13.96,1.0,31.0,0,1,31.0,1.9459101490553132,5.035913101280524,0.0,0,0.0,0.03984557233966378,-3.1820828427719037,True
2231,대조,0,4.0,13.0,730.0,13147.0,2.0,7.78,0.0,0.0,1,0.0,0.0,0.0,315.68,7.0,4.0,0,1,4.0,2.6390573296152584,6.594413459749778,0.010657534246575343,0,0.0,0.07896561008494163,-2.45648493300467,True
2234,대조,0,2.0,33.0,1359.76,76365.0,7.0,40.78,0.0,0.0,1,9.34,4.0,2.0,704.12,15.0,2.0,1,1,2.0,3.5263605246161616,7.215798646175787,0.029990586574101315,0,0.0,0.12320276211722765,-1.962444295333057,True
2235,대조,0,9.0,8.0,204.77,76.0,0.0,0.0,0.0,0.0,1,7.67,3.0,3.0,581.75,10.0,9.0,1,1,9.0,2.1972245773362196,5.32675904017934,0.0,0,0.0,0.045414230216415885,-3.0454520006415584,True
2236,대조,0,2.0,41.0,371.8,19646.0,1.0,1.98,0.0,0.0,0,6.390000000000001,6.0,6.0,552.89,32.0,2.0,1,1,2.0,3.7376696182833684,5.921042082811436,0.0053254437869822485,0,0.0,0.04822257815321322,-2.9825038690802796,True
2237,대조,0,6.0,24.0,729.45,42157.0,7.0,16.53,0.0,0.0,1,2.5,1.0,1.0,370.86,12.0,6.0,1,1,6.0,3.2188758248682006,6.593660782578523,0.022660908903968744,0,0.0,0.09234472771219364,-2.2853360357123016,True
2238,대조,0,1.0,9.0,123.69,64.0,1.0,1.89,0.0,0.0,0,0.0,0.0,0.0,332.43,21.0,1.0,0,1,1.0,2.302585092994046,4.825830657008495,0.015280135823429542,0,0.0,0.050192989278300966,-2.9403834562146165,True
2239,대조,0,19.0,2.0,107.24,72.0,0.0,0.0,0.0,0.0,0,0.0,0.0,0.0,444.44,6.0,19.0,0,1,19.0,1.0986122886681098,4.684350983862532,0.0,0,0.0,0.04036052239181187,-3.1687055310621863,True
2241,대조,0,25.0,4.0,58.9,33.0,1.0,4.99,0.0,0.0,0,0.0,0.0,0.0,70.06,7.0,25.0,0,1,25.0,1.6094379124341003,4.092676505121403,0.08471986417657046,0,0.0,0.15954864530159876,-1.6615902126078157,True
2243,대조,0,20.0,5.0,419.26,216.0,4.0,5.49,0.0,0.0,1,0.0,0.0,0.0,231.75,2.0,20.0,0,1,20.0,1.791759469228055,6.040873567365525,0.013094499833039164,0,0.0,0.07626046756982227,-2.4942754549237645,True
2245,대조,0,4.0,15.0,553.87,320.0,32.0,36.95,0.0,0.0,0,18.64,30.0,18.0,498.58,15.0,4.0,1,1,4.0,2.772588722239781,6.318733852075077,0.0667124054380992,0,0.0,0.19232787072872085,-1.4349546198854466,True
2247,대조,0,1.0,12.0,932.25,397.0,9.0,26.45,0.0,0.0,0,7.78,2.0,2.0,306.21000000000004,3.0,1.0,1,1,1.0,2.5649493574615367,6.838673117794693,0.028372217752748726,0,0.0,0.11541417673096274,-2.0365923440067206,True
2248,대조,0,,0.0,0.0,0.0,0.0,0.0,0.0,0.0,0,0.0,0.0,0.0,88.61,2.0,90.0,0,1,90.0,0.0,0.0,0.0,0,0.0,0.00940488877818188,-4.657076248108105,False
2250,대조,0,4.0,12.0,319.4,9029.0,0.0,0.0,0.0,0.0,1,0.0,0.0,0.0,169.51,5.0,4.0,0,1,4.0,2.5649493574615367,5.769570215194204,0.0,0,0.0,0.05009352374187331,-2.9424718005984865,True
2251,대조,0,,0.0,0.0,0.0,0.0,0.0,0.0,1.0,0,0.0,0.0,0.0,16.55,1.0,90.0,0,1,90.0,0.0,0.0,0.0,0,1.0,0.0034941751657687646,-5.653157641167976,False
2252,대조,0,4.0,17.0,690.68,23430.0,0.0,0.0,0.0,0.0,1,3.5,2.0,2.0,636.05,12.0,4.0,1,1,4.0,2.8903717578961645,6.539123420919322,0.0,0,0.0,0.061091675550227105,-2.7323422295429864,True
2254,대조,0,10.0,10.0,263.94,25309.0,0.0,0.0,0.0,0.0,1,0.0,0.0,0.0,98.95,5.0,10.0,0,1,10.0,2.3978952727983707,5.579503385256116,0.0,0,0.0,0.047864014260358204,-2.990343912731253,True
2258,대조,0,79.0,1.0,2.99,1.0,0.0,0.0,0.0,1.0,0,0.0,0.0,0.0,130.27,4.0,79.0,0,1,79.0,0.6931471805599453,1.3837912309017721,0.0,0,1.0,0.005087689240752118,-5.275830856108374,False
2260,대조,0,4.0,24.0,1377.68,106471.0,8.0,30.490000000000002,0.0,0.0,1,14.97,4.0,4.0,562.63,12.0,4.0,1,1,4.0,3.2188758248682006,7.228881798653274,0.022131409325823123,0,0.0,0.11063391378748043,-2.084282269572081,True
2261,대조,0,2.0,60.0,2062.61,195830.0,3.0,6.87,0.0,0.0,0,0.0,0.0,0.0,1351.02,39.0,2.0,0,1,2.0,4.110873864173311,7.632212155259122,0.003330731451898323,0,0.0,0.07516307392941134,-2.5099573536461817,True
2264,대조,0,8.0,53.0,3009.02,22480.0,10.0,21.86,0.0,0.0,1,11.55,5.0,5.0,1641.68,32.0,8.0,1,1,8.0,3.9889840465642745,8.00970200223912,0.007264823763218589,0,0.0,0.09556029159447545,-2.24755827135887,True
2266,처치,1,16.0,8.0,568.45,279.0,17.0,13.29,0.0,0.0,1,26.07,32.0,20.0,945.54,10.0,16.0,1,1,16.0,2.1972245773362196,6.34467098272036,0.023379364939748435,0,0.0,0.09730079270076455,-2.2275822580247584,True
2269,대조,0,2.0,34.0,446.51,209.0,3.0,11.97,0.0,0.0,1,0.0,0.0,0.0,245.64000000000001,17.0,2.0,0,1,2.0,3.5553480614894135,6.103698883833949,0.02680791023717274,0,0.0,0.08316015288964645,-2.4001645067810196,True
2270,대조,0,5.0,42.0,720.66,412.0,3.0,6.26,0.0,0.0,0,2.0,1.0,1.0,518.27,26.0,5.0,1,1,5.0,3.7612001156935624,6.5815541138505225,0.008686481836094691,0,0.0,0.06291686298404425,-2.700957785374724,True
2273,대조,0,4.0,9.0,499.92,228.0,2.0,7.380000000000001,0.0,0.0,0,0.0,0.0,0.0,133.42,4.0,4.0,0,1,4.0,2.302585092994046,6.216446407695832,0.014762361977916468,0,0.0,0.07612672134337715,-2.496175580087049,True
2275,대조,0,5.0,7.0,74.67,28.0,0.0,0.0,0.0,0.0,0,3.0,5.0,2.0,94.53,5.0,5.0,1,1,5.0,2.0794415416798357,4.326381780706431,0.0,0,0.0,0.032261861723839394,-3.4010757513618186,True
2277,대조,0,1.0,20.0,775.72,428.0,0.0,0.0,0.0,0.0,0,10.0,10.0,5.0,910.49,27.0,1.0,1,1,1.0,3.044522437723423,6.655079925061889,0.0,0,0.0,0.05966613149676624,-2.757470443657107,True
2278,대조,0,6.0,11.0,338.68,15474.0,0.0,0.0,0.0,0.0,0,4.2,7.0,5.0,167.69,4.0,6.0,1,1,6.0,2.4849066497880004,5.828003997954946,0.0,0,0.0,0.04919967476767078,-2.9614170644845306,True
2279,대조,0,70.0,1.0,4.38,2.0,0.0,0.0,0.0,0.0,1,0.0,0.0,0.0,34.01,1.0,70.0,0,1,70.0,0.6931471805599453,1.682688374173693,0.0,0,0.0,0.01593481582154217,-4.123185749247935,False
2281,대조,0,76.0,1.0,18.18,19.0,0.0,0.0,0.0,0.0,0,0.0,0.0,0.0,63.18,1.0,76.0,0,1,76.0,0.6931471805599453,2.953868069455292,0.0,0,0.0,0.022802871127928982,-3.7578019465664223,True
2282,처치,1,12.0,5.0,59.7,28.0,0.0,0.0,0.0,0.0,1,0.0,0.0,0.0,74.54,6.0,12.0,0,1,12.0,1.791759469228055,4.1059436980654525,0.0,0,0.0,0.03237236855675832,-3.3975420983916345,True
2284,처치,1,6.0,42.0,2865.66,60776.0,3.0,7.67,0.0,0.0,1,17.07,9.0,9.0,1483.83,26.0,6.0,1,1,6.0,3.7612001156935624,7.96090286798939,0.0026765212900344074,0,0.0,0.08892949816402691,-2.3267763834163246,True
2286,처치,1,13.0,8.0,362.69,24247.0,1.0,3.39,0.0,0.0,0,0.0,0.0,0.0,20.23,1.0,13.0,0,1,13.0,2.1972245773362196,5.896301856426602,0.009346825112354904,0,0.0,0.06222165791188362,-2.7128104749277826,True
2288,대조,0,4.0,19.0,323.33,141.0,0.0,0.0,0.0,0.0,0,0.0,0.0,0.0,228.48,11.0,4.0,0,1,4.0,2.995732273553991,5.781761515972789,0.0,0,0.0,0.04552421654680089,-3.042917855750501,True
2289,대조,0,5.0,11.0,380.38,170.0,2.0,8.48,0.0,0.0,0,0.0,0.0,0.0,57.92,4.0,5.0,0,1,5.0,2.4849066497880004,5.9437962534064805,0.022293495977706506,0,0.0,0.07915742697518045,-2.4538504750588945,True
2293,대조,0,5.0,5.0,188.57,10989.0,1.0,9.98,0.0,0.0,0,0.0,0.0,0.0,215.72,4.0,5.0,0,1,5.0,1.791759469228055,5.244758349453473,0.05292464336851037,0,0.0,0.12476610811751322,-1.9480503061641266,True
2295,대조,0,11.0,11.0,1147.2,600.0,1.0,2.29,0.0,1.0,1,0.0,0.0,0.0,687.46,9.0,11.0,0,1,11.0,2.4849066497880004,7.045950777733537,0.001996164574616457,0,1.0,0.030073434930671227,-3.4735781408912336,True
2296,대조,0,10.0,26.0,1400.53,599.0,0.0,0.0,0.0,0.0,1,0.0,0.0,0.0,1434.4,24.0,10.0,0,1,10.0,3.295836866004329,7.245319776012563,0.0,0,0.0,0.07165466918476576,-2.5615454685673678,True
2298,대조,0,2.0,10.0,188.76,69.0,0.0,0.0,0.0,0.0,1,0.0,0.0,0.0,388.68,12.0,2.0,0,1,2.0,2.3978952727983707,5.245760115809361,0.0,0,0.0,0.04350981539754976,-3.090283973078002,True
2299,대조,0,13.0,10.0,333.56,178.0,2.0,7.28,0.0,0.0,0,7.62,3.0,3.0,285.47,7.0,13.0,1,1,13.0,2.3978952727983707,5.812816235680323,0.021825158891953474,0,0.0,0.07548153951766738,-2.505384902041731,True
2300,대조,0,2.0,15.0,489.93,12722.0,6.0,22.99,0.0,0.0,1,0.0,0.0,0.0,331.7,10.0,2.0,0,1,2.0,2.772588722239781,6.196301551439549,0.046925070928499985,0,0.0,0.13683728140551443,-1.8418107302913977,True
2301,대조,0,1.0,35.0,1648.84,26430.0,5.0,25.45,0.0,0.0,0,0.0,0.0,0.0,374.32,15.0,1.0,0,1,1.0,3.58351893845611,7.408433592495792,0.015435093762887849,0,0.0,0.09471584758584076,-2.2573675436436464,True
2302,대조,0,13.0,11.0,243.13,159.0,2.0,6.0,0.0,0.0,1,7.5,3.0,2.0,240.31,7.0,13.0,1,1,13.0,2.4849066497880004,5.4977008702979075,0.024678155719162587,0,0.0,0.07483203650607267,-2.5147292143601687,True
2303,대조,0,4.0,7.0,241.98,85.0,0.0,0.0,0.0,0.0,0,2.5,1.0,1.0,235.95000000000002,11.0,4.0,1,1,4.0,2.0794415416798357,5.492979135426596,0.0,0,0.0,0.04676060634818537,-3.0148249684024084,True
2310,대조,0,1.0,5.0,89.29,49.0,0.0,0.0,0.0,0.0,0,0.0,0.0,0.0,252.88,11.0,1.0,0,1,1.0,1.791759469228055,4.503026712319388,0.0,0,0.0,0.03560739081626372,-3.2989452591267225,True
2312,대조,0,4.0,43.0,2121.2,843.0,7.0,31.3,0.0,0.0,1,22.3,9.0,8.0,1353.88,32.0,4.0,1,1,4.0,3.784189633918261,7.66020856543949,0.014755798604563457,0,0.0,0.10220764506728594,-2.172932331041596,True
2314,대조,0,5.0,9.0,899.3100000000001,391.0,2.0,9.99,0.0,0.0,1,0.0,0.0,0.0,530.91,8.0,5.0,0,1,5.0,2.302585092994046,6.802739148461386,0.01110851652933916,0,0.0,0.08832724591128446,-2.3342324826795258,True
2319,대조,0,21.0,2.0,21.38,13.0,0.0,0.0,0.0,1.0,0,0.0,0.0,0.0,51.56,3.0,21.0,0,1,21.0,1.0986122886681098,3.108167702883779,0.0,0,1.0,0.009125861766491418,-4.687475186281608,False
2322,대조,0,1.0,57.0,4224.7,226173.0,7.0,23.37,0.0,0.0,1,25.23,7.0,7.0,2614.62,33.0,1.0,1,1,1.0,4.060443010546419,8.348940206541153,0.005531753733992947,0,0.0,0.1022289475396321,-2.172700201388192,True
2327,대조,0,9.0,8.0,243.82,13163.0,0.0,0.0,0.0,0.0,0,0.88,1.0,1.0,192.92000000000002,4.0,9.0,1,1,9.0,2.1972245773362196,5.500523246647367,0.0,0,0.0,0.045888396141522465,-3.0345683720515653,True
2329,대조,0,1.0,25.0,738.21,360.0,1.0,2.0,0.0,0.0,0,0.0,0.0,0.0,332.15,12.0,1.0,0,1,1.0,3.258096538021482,6.605582048374498,0.002709256173717506,0,0.0,0.06033103510812612,-2.7456809984890596,True
2330,대조,0,5.0,15.0,1084.66,38831.0,8.0,22.2,0.0,0.0,1,11.52,3.0,3.0,497.11,7.0,5.0,1,1,5.0,2.772588722239781,6.989943375969068,0.020467243191414818,0,0.0,0.10534015204859792,-2.1392489304173985,True
2336,대조,0,5.0,9.0,441.1,296.0,0.0,0.0,0.0,0.0,0,0.0,0.0,0.0,261.06,8.0,5.0,0,1,5.0,2.302585092994046,6.091536100832197,0.0,0,0.0,0.054752425780328434,-2.8486252022782264,True
2337,대조,0,1.0,209.0,2435.47,1423.0,4.0,12.01,0.0,0.0,1,0.0,0.0,0.0,1106.41,138.0,1.0,0,1,1.0,5.3471075307174685,7.798305549464069,0.0049312863636177,0,0.0,0.07308195942554574,-2.5402836048242317,True
2338,대조,0,5.0,5.0,125.35,11911.0,0.0,0.0,0.0,0.0,0,10.0,3.0,1.0,162.81,4.0,5.0,1,1,5.0,1.791759469228055,4.839055833834204,0.0,0,0.0,0.039424188357590685,-3.1931533628068065,True
2342,대조,0,1.0,26.0,979.27,160662.0,2.0,3.37,0.0,0.0,1,0.0,0.0,0.0,443.2,14.0,1.0,0,1,1.0,3.295836866004329,6.887828043922733,0.0034413389565696897,0,0.0,0.0694096825426684,-2.5957927590459517,True
2343,대조,0,1.0,49.0,920.22,89986.0,4.0,12.38,0.0,0.0,1,0.0,0.0,0.0,488.19,22.0,1.0,0,1,1.0,3.912023005428146,6.8256988785228385,0.013453304644541524,0,0.0,0.07662875881543839,-2.4890589173642192,True
2344,대조,0,1.0,10.0,436.42,197.0,1.0,1.89,0.0,0.0,0,0.0,0.0,0.0,276.19,7.0,1.0,0,1,1.0,2.3978952727983707,6.080893831934406,0.004330690619128362,0,0.0,0.059025528338629694,-2.7689459762402056,True
2346,대조,0,8.0,7.0,292.48,124.0,2.0,3.96,0.0,0.0,0,3.39,1.0,1.0,46.480000000000004,1.0,8.0,1,1,8.0,2.0794415416798357,5.681809493845794,0.013539387308533915,0,0.0,0.06456545924713962,-2.6733315895784737,True
2347,대조,0,35.0,2.0,21.54,7.0,0.0,0.0,0.0,0.0,1,0.0,0.0,0.0,71.66,3.0,35.0,0,1,35.0,1.0986122886681098,3.11529150861163,0.0,0,0.0,0.02507655115792717,-3.6604257612377458,True
2350,대조,0,6.0,13.0,385.07,12652.0,1.0,4.99,0.0,0.0,0,0.0,0.0,0.0,343.62,9.0,6.0,0,1,6.0,2.6390573296152584,5.956018700173683,0.0129586828368868,0,0.0,0.06489753817625578,-2.6678464177015986,True
2351,처치,1,1.0,42.0,2134.44,120786.0,4.0,19.1,0.0,0.0,1,13.72,5.0,5.0,1328.32,30.0,1.0,1,1,1.0,3.7612001156935624,7.66642799342228,0.008948482974457,0,0.0,0.09229804982130951,-2.2858930634249592,True
2354,대조,0,24.0,11.0,613.89,54804.0,2.0,6.380000000000001,0.0,0.0,0,0.0,0.0,0.0,276.77,6.0,24.0,0,1,24.0,2.4849066497880004,6.421443390020222,0.010392741370603855,0,0.0,0.07107369343315517,-2.570312135683652,True
2358,대조,0,2.0,15.0,589.47,180.0,7.0,24.0,0.0,0.0,0,2.99,1.0,1.0,140.15,6.0,2.0,1,1,2.0,2.772588722239781,6.380918829943782,0.04071454018016184,0,0.0,0.12371143454703926,-1.9577437364544714,True
2359,대조,0,4.0,21.0,461.24,18160.0,0.0,0.0,0.0,0.0,1,0.0,0.0,0.0,596.4399999999999,29.0,4.0,0,1,4.0,3.091042453358316,6.136084236717926,0.0,0,0.0,0.052532135925247504,-2.892367924642834,True
2360,대조,0,4.0,49.0,1425.79,174653.0,4.0,4.9799999999999995,0.0,0.0,1,23.450000000000003,11.0,10.0,1152.73,40.0,4.0,1,1,4.0,3.912023005428146,7.263182444769399,0.0034928004825395043,0,0.0,0.07191446761818505,-2.557646433956826,True
2361,대조,0,9.0,14.0,690.51,257.0,3.0,10.17,0.0,0.0,1,11.620000000000001,4.0,4.0,270.38,4.0,9.0,1,1,9.0,2.70805020110221,6.538877612316229,0.014728244341139158,0,0.0,0.0827918661853787,-2.4050045969473355,True
2364,대조,0,1.0,22.0,1403.42,598.0,8.0,30.29,0.0,0.0,1,11.4,4.0,4.0,826.35,8.0,1.0,1,1,1.0,3.1354942159291497,7.247379685149868,0.02158299012412535,0,0.0,0.11158610836224213,-2.0746411634322195,True
2366,대조,0,2.0,17.0,614.35,38197.0,2.0,4.890000000000001,0.0,0.0,0,2.0,2.0,2.0,601.69,18.0,2.0,1,1,2.0,2.8903717578961645,6.422191211618346,0.00795963213152112,0,0.0,0.06612987940438692,-2.6477166933107354,True
2367,대조,0,1.0,28.0,1250.45,6993.0,2.0,6.28,0.0,0.0,1,78.57000000000001,24.0,22.0,846.05,24.0,1.0,1,1,1.0,3.367295829986474,7.132058158016194,0.005022192010876085,0,0.0,0.0764471886518343,-2.4916278260732008,True
2369,대조,0,5.0,11.0,346.66,59240.0,3.0,8.26,0.0,0.0,0,0.0,0.0,0.0,166.1,9.0,5.0,0,1,5.0,2.4849066497880004,5.851224990693394,0.023827381295794148,0,0.0,0.0792783253879181,-2.4521930244228733,True
2370,대조,0,5.0,30.0,876.66,63172.0,1.0,3.96,0.0,0.0,1,0.0,0.0,0.0,368.32,11.0,5.0,0,1,5.0,3.4339872044851463,6.7772592749011356,0.004517144617069331,0,0.0,0.06701993251353622,-2.633393761376078,True
2372,대조,0,9.0,5.0,354.65,3663.0,0.0,0.0,0.0,0.0,0,3.59,1.0,1.0,305.77,5.0,9.0,1,1,9.0,1.791759469228055,5.873947101179524,0.0,0,0.0,0.054334096037496324,-2.856737390074981,True
2373,대조,0,10.0,15.0,263.08,156.0,0.0,0.0,0.0,0.0,0,0.0,0.0,0.0,159.9,7.0,10.0,0,1,10.0,2.772588722239781,5.576252087544938,0.0,0,0.0,0.04359108861282526,-3.0883328133263843,True
2374,대조,0,5.0,12.0,905.64,351.0,1.0,1.79,0.0,0.0,1,8.780000000000001,4.0,3.0,472.13,7.0,5.0,1,1,5.0,2.5649493574615367,6.809745458424693,0.001976502804646438,0,0.0,0.0718248624141454,-2.5589897515335736,True
2375,대조,0,26.0,3.0,55.76,11.0,0.0,0.0,0.0,0.0,0,6.78,2.0,1.0,287.86,13.0,26.0,1,1,26.0,1.3862943611198906,4.038831852291842,0.0,0,0.0,0.03138955408656849,-3.4293873492950313,True
2376,대조,0,7.0,11.0,105.14999999999999,31.0,0.0,0.0,0.0,0.0,1,2.79,1.0,1.0,109.74000000000001,8.0,7.0,1,1,7.0,2.4849066497880004,4.664853188149265,0.0,0,0.0,0.03556871804388501,-3.3000720375471277,True
2378,대조,0,11.0,10.0,240.88,12580.0,4.0,12.950000000000001,0.0,0.0,1,0.0,0.0,0.0,863.1800000000001,17.0,11.0,0,1,11.0,2.3978952727983707,5.488441735405012,0.053761208900697445,0,0.0,0.13091617799485866,-1.8928823228502105,True
2379,대조,0,8.0,10.0,255.91,16145.0,0.0,0.0,0.0,0.0,0,0.0,0.0,0.0,52.42,8.0,8.0,0,1,8.0,2.3978952727983707,5.548725829010259,0.0,0,0.0,0.04545941611246931,-3.044410186382695,True
2380,대조,0,6.0,20.0,488.18,89570.0,0.0,0.0,0.0,0.0,1,0.0,0.0,0.0,377.68,20.0,6.0,0,1,6.0,3.044522437723423,6.192730519902875,0.0,0,0.0,0.05365873939650644,-2.8699588922991706,True
2381,대조,0,15.0,14.0,292.65000000000003,16297.0,0.0,0.0,0.0,0.0,0,0.0,0.0,0.0,120.1,7.0,15.0,0,1,15.0,2.70805020110221,5.682388581968529,0.0,0,0.0,0.04517480607818578,-3.0509887369233217,True
2384,대조,0,13.0,1.0,1.29,1.0,0.0,0.0,0.0,1.0,0,0.0,0.0,0.0,10.76,1.0,13.0,0,1,13.0,0.6931471805599453,0.8285518175661483,0.0,0,1.0,0.00460979853990448,-5.374950667172344,False
2385,대조,0,1.0,25.0,559.79,32529.0,1.0,2.29,0.0,0.0,0,0.0,0.0,0.0,854.33,56.0,1.0,0,1,1.0,3.258096538021482,6.32934650389235,0.004090819771700102,0,0.0,0.056902476093203744,-2.8078308393012126,True
2386,대조,0,8.0,9.0,209.45000000000002,66.0,1.0,3.0,0.0,0.0,0,0.0,0.0,0.0,108.72,6.0,8.0,0,1,8.0,2.302585092994046,5.34924809521658,0.0143232275005968,0,0.0,0.0575044863417627,-2.79666819117188,True
2388,대조,0,30.0,5.0,87.76,100.0,0.0,0.0,0.0,0.0,0,0.0,0.0,0.0,248.48,11.0,30.0,0,1,30.0,1.791759469228055,4.485936098064394,0.0,0,0.0,0.03417322441360158,-3.341542071243392,True
2390,대조,0,4.0,7.0,186.91,56.0,0.0,0.0,0.0,0.0,1,0.0,0.0,0.0,85.55,8.0,4.0,0,1,4.0,2.0794415416798357,5.235963124801061,0.0,0,0.0,0.045080311547809636,-3.0531816409367605,True
2391,대조,0,36.0,8.0,75.42999999999999,3646.0,0.0,0.0,0.0,1.0,0,0.0,0.0,0.0,0.0,0.0,36.0,0,0,36.0,2.1972245773362196,4.336375289254793,0.0,0,1.0,0.011552587103392865,-4.449226038783758,False
2393,대조,0,5.0,6.0,376.36,144.0,3.0,7.960000000000001,0.0,0.0,1,2.29,1.0,1.0,188.64000000000001,4.0,5.0,1,1,5.0,1.9459101490553132,5.933199638976006,0.021149962801572962,0,0.0,0.08609181903608888,-2.3623157180270367,True
2394,대조,0,2.0,20.0,374.71,126625.0,0.0,0.0,0.0,0.0,0,0.0,0.0,0.0,283.76,13.0,2.0,0,1,2.0,3.044522437723423,5.9288175692073315,0.0,0,0.0,0.04749771284315777,-2.9984109490015536,True
2395,대조,0,2.0,38.0,948.23,473.0,1.0,1.29,0.0,0.0,0,16.44,6.0,5.0,530.5600000000001,21.0,2.0,1,1,2.0,3.6635616461296463,6.855651129624742,0.0013604294316779683,0,0.0,0.060236235534368104,-2.7473544388713917,True
2398,대조,0,7.0,15.0,415.15,179.0,1.0,1.89,0.0,0.0,0,0.0,0.0,0.0,8.66,1.0,7.0,0,1,7.0,2.772588722239781,6.031045772192104,0.004552571359749488,0,0.0,0.055261019334878925,-2.838840912917555,True
2400,대조,0,4.0,54.0,1975.93,100450.0,0.0,0.0,0.0,0.0,1,2.0,1.0,1.0,1353.88,36.0,4.0,1,1,4.0,4.007333185232471,7.589300415361168,0.0,0,0.0,0.07335917982854202,-2.536198377931328,True
2405,대조,0,12.0,15.0,346.48,30184.0,20.0,13.979999999999999,0.0,0.0,1,12.29,9.0,8.0,257.32,7.0,12.0,1,1,12.0,2.772588722239781,5.85070710939172,0.040348649272685284,0,0.0,0.10844916267055349,-2.10668094380058,True
2410,대조,0,5.0,13.0,389.64,138.0,4.0,3.0,0.0,1.0,0,0.0,0.0,0.0,261.1,4.0,5.0,0,1,5.0,2.6390573296152584,5.967786419753405,0.0076994148444718205,0,1.0,0.022550371011011525,-3.7691952414559173,True
2411,대조,0,1.0,21.0,501.38,198.0,0.0,0.0,0.0,0.0,1,0.0,0.0,0.0,191.08,7.0,1.0,0,1,1.0,3.091042453358316,6.219356805444395,0.0,0,0.0,0.054112168770967875,-2.861064898751475,True
2412,대조,0,2.0,63.0,2391.27,1243.0,4.0,5.01,0.0,0.0,0,2.0,1.0,1.0,1125.5,21.0,2.0,1,1,2.0,4.1588830833596715,7.779997984954658,0.0020951210026471287,0,0.0,0.07630831355350504,-2.493596452167246,True
2415,대조,0,1.0,45.0,557.14,257.0,1.0,2.99,0.0,0.0,0,0.0,0.0,0.0,210.22,9.0,1.0,0,1,1.0,3.828641396489095,6.324609826969506,0.005366694188175324,0,0.0,0.054195559073080046,-2.8594368564497232,True
2416,대조,0,1.0,13.0,568.58,198.0,1.0,1.89,0.0,0.0,0,0.0,0.0,0.0,414.27,12.0,1.0,0,1,1.0,2.6390573296152584,6.344899247121762,0.003324070491399627,0,0.0,0.0609144954561731,-2.735435367194483,True
2419,대조,0,2.0,13.0,147.31,40.0,1.0,3.49,0.0,0.0,0,3.89,1.0,1.0,140.53,7.0,2.0,1,1,2.0,2.6390573296152584,4.999304677753871,0.02369153485846175,0,0.0,0.059911034575192375,-2.75311381008469,True
2421,대조,0,5.0,9.0,1259.8700000000001,579.0,13.0,17.65,0.0,0.0,1,15.280000000000001,15.0,12.0,607.4300000000001,6.0,5.0,1,1,5.0,2.302585092994046,7.139557237866988,0.01400938192035686,0,0.0,0.10319895658338782,-2.1621752928756504,True
2423,대조,0,8.0,9.0,337.59000000000003,174.0,0.0,0.0,0.0,0.0,0,3.39,1.0,1.0,263.1,3.0,8.0,1,1,8.0,2.302585092994046,5.824789935890205,0.0,0,0.0,0.050188653757740745,-2.940474401582501,True
2424,대조,0,4.0,23.0,635.27,269.0,6.0,12.52,0.0,0.0,0,5.73,2.0,2.0,335.68,9.0,4.0,1,1,4.0,3.1780538303479458,6.455623001555365,0.01970815558738804,0,0.0,0.0808170092377207,-2.431297768230009,True
2425,대조,0,1.0,35.0,1437.23,139894.0,7.0,27.84,0.0,0.0,0,7.0,3.0,1.0,400.93,12.0,1.0,1,1,1.0,3.58351893845611,7.2711684698584325,0.019370594824767086,0,0.0,0.0979657993586642,-2.220034004172963,True
2426,대조,0,5.0,14.0,316.5,24998.0,1.0,4.0,0.0,0.0,1,0.0,0.0,0.0,307.88,11.0,5.0,0,1,5.0,2.70805020110221,5.760477818332746,0.01263823064770932,0,0.0,0.06293435803274681,-2.7006610880352313,True
2430,대조,0,10.0,9.0,299.5,9017.0,0.0,0.0,0.0,0.0,0,5.6899999999999995,8.0,5.0,295.78000000000003,9.0,10.0,1,1,10.0,2.302585092994046,5.705447753975262,0.0,0,0.0,0.04822707021915367,-2.9824060009938753,True
2432,대조,0,12.0,23.0,523.13,21039.0,2.0,3.96,0.0,0.0,1,4.34,2.0,2.0,587.25,17.0,12.0,1,1,12.0,3.1780538303479458,6.261739745154463,0.007569820121193584,0,0.0,0.062159526940592576,-2.713875767497607,True
2437,대조,0,1.0,13.0,951.11,366.0,3.0,16.0,0.0,0.0,1,17.33,6.0,5.0,327.22,6.0,1.0,1,1,1.0,2.6390573296152584,6.858680574334903,0.0168224495589364,0,0.0,0.09656276459000311,-2.236013432161374,True
2438,대조,0,1.0,17.0,208.74,23842.0,7.0,11.870000000000001,0.0,0.0,0,21.91,7.0,5.0,346.86,16.0,1.0,1,1,1.0,2.8903717578961645,5.3458686684062595,0.056864999520935135,0,0.0,0.12187462553947022,-1.9747965221373032,True
2439,대조,0,10.0,19.0,149.44,113.0,1.0,1.98,0.0,0.0,0,0.0,0.0,0.0,86.4,7.0,10.0,0,1,10.0,2.995732273553991,5.013564333602136,0.013249464668094218,0,0.0,0.0462703433578996,-3.0258790288700776,True
2440,대조,0,1.0,12.0,221.33,90.0,0.0,0.0,0.0,0.0,0,0.0,0.0,0.0,146.23,7.0,1.0,0,1,1.0,2.5649493574615367,5.404162764631377,0.0,0,0.0,0.04287310159201984,-3.1056913561109782,True
2446,대조,0,5.0,27.0,888.45,115375.0,0.0,0.0,0.0,0.0,1,0.0,0.0,0.0,691.8100000000001,16.0,5.0,0,1,5.0,3.332204510175204,6.790603294171278,0.0,0,0.0,0.06237841504344857,-2.710127137287272,True
2447,대조,0,6.0,16.0,1015.8100000000001,288.0,0.0,0.0,0.0,0.0,1,0.0,0.0,0.0,1209.23,16.0,6.0,0,1,6.0,2.833213344056216,6.92442555460265,0.0,0,0.0,0.06913556508527655,-2.600044365881124,True
2450,대조,0,4.0,16.0,647.8,99007.0,1.0,3.78,0.0,0.0,0,5.0,5.0,4.0,234.95,6.0,4.0,1,1,4.0,2.833213344056216,6.475124502801203,0.005835134300710096,0,0.0,0.06478472291168842,-2.6697069276346834,True
2453,대조,0,1.0,12.0,730.42,322.0,2.0,5.28,0.0,0.0,1,4.39,1.0,1.0,513.5,14.0,1.0,1,1,1.0,2.5649493574615367,6.594987850159575,0.007228717724049178,0,0.0,0.07484894130267972,-2.514485064366313,True
2455,대조,0,4.0,9.0,226.92,99.0,1.0,2.99,0.0,0.0,1,0.0,0.0,0.0,429.78000000000003,8.0,4.0,0,1,4.0,2.302585092994046,5.428994690189652,0.013176449850167462,0,0.0,0.06049036439961341,-2.7428739886644973,True
2456,대조,0,25.0,8.0,88.69,40.0,1.0,3.79,0.0,0.0,0,0.0,0.0,0.0,200.98,12.0,25.0,0,1,25.0,2.1972245773362196,4.496359280129911,0.04273311534558575,0,0.0,0.07662622364141616,-2.4890947473164107,True
2462,대조,0,2.0,23.0,1774.89,672.0,1.0,1.89,0.0,0.0,0,14.799999999999999,26.0,16.0,848.4,17.0,2.0,1,1,2.0,3.1780538303479458,7.4820569846970075,0.0010648547233913087,0,0.0,0.07716768962488926,-2.4814666978486772,True
2466,대조,0,2.0,9.0,102.83,73.0,0.0,0.0,0.0,0.0,0,6.18,2.0,2.0,419.35,15.0,2.0,1,1,2.0,2.302585092994046,4.642754946315362,0.0,0,0.0,0.034793920517793085,-3.3228989586527464,True
2467,대조,0,5.0,56.0,1357.65,20408.0,5.0,10.42,0.0,0.0,1,33.64,24.0,12.0,1233.77,40.0,5.0,1,1,5.0,4.04305126783455,7.214246838670905,0.007675026700548742,0,0.0,0.07551517604955986,-2.504902991944523,True
2468,대조,0,4.0,20.0,708.5600000000001,349.0,3.0,12.98,0.0,0.0,0,0.0,0.0,0.0,33.71,1.0,4.0,0,1,4.0,3.044522437723423,6.564645059620739,0.0183188438523202,0,0.0,0.08267768566309941,-2.4065091553999283,True
2470,대조,0,15.0,13.0,117.35000000000001,78.0,0.0,0.0,0.0,0.0,0,7.99,1.0,1.0,32.84,5.0,15.0,1,1,15.0,2.6390573296152584,4.773646335959993,0.0,0,0.0,0.03417189677453519,-3.341582296883282,True
2472,대조,0,40.0,2.0,18.78,9.0,0.0,0.0,0.0,0.0,0,0.0,0.0,0.0,21.1,3.0,40.0,0,1,40.0,1.0986122886681098,2.984671326194566,0.0,0,0.0,0.022835008920565343,-3.756360675704152,True
2474,처치,1,1.0,13.0,124.34,93.0,0.0,0.0,0.0,0.0,0,0.0,0.0,0.0,5.58,1.0,1.0,0,1,1.0,2.6390573296152584,4.831030044796529,0.0,0,0.0,0.035406736108445955,-3.304804436705538,True
2475,대조,0,5.0,20.0,830.27,303.0,0.0,0.0,0.0,0.0,0,0.0,0.0,0.0,483.66,9.0,5.0,0,1,5.0,3.044522437723423,6.722954651830999,0.0,0,0.0,0.060644256344004464,-2.740169331954708,True
2478,대조,0,4.0,21.0,625.95,345.0,5.0,10.57,0.0,1.0,0,13.57,5.0,5.0,331.04,18.0,4.0,1,1,4.0,3.091042453358316,6.440866792636547,0.016886332774183242,0,1.0,0.029893080088599883,-3.4797792736881874,True
2479,대조,0,6.0,20.0,2349.8,33333.0,7.0,14.84,0.0,0.0,1,30.23,10.0,10.0,1182.18,12.0,6.0,1,1,6.0,3.044522437723423,7.762510974738495,0.006315431100519193,0,0.0,0.09802788276203064,-2.2193316512488943,True
2481,대조,0,5.0,25.0,1038.49,46141.0,5.0,15.850000000000001,0.0,0.0,0,19.89,15.0,8.0,496.8,14.0,5.0,1,1,5.0,3.258096538021482,6.946485487242175,0.015262544656183498,0,0.0,0.08512178051487347,-2.37470801988143,True
2482,대조,0,1.0,15.0,466.23,282.0,0.0,0.0,0.0,1.0,0,16.8,28.0,9.0,163.47,5.0,1.0,1,1,1.0,2.772588722239781,6.146821641781261,0.0,0,1.0,0.020140880172854144,-3.884657216993293,True
2483,대조,0,,0.0,0.0,0.0,0.0,0.0,0.0,0.0,1,0.0,0.0,0.0,4.86,1.0,90.0,0,1,90.0,0.0,0.0,0.0,0,0.0,0.009847729724114483,-4.610617795904017,False
2484,대조,0,2.0,21.0,936.45,54976.0,0.0,0.0,0.0,0.0,0,0.0,0.0,0.0,736.26,13.0,2.0,0,1,2.0,3.091042453358316,6.84316342308896,0.0,0,0.0,0.06279998258612839,-2.7029419290312173,True
2485,대조,0,5.0,20.0,550.53,18957.0,1.0,1.98,0.0,0.0,0,5.390000000000001,6.0,4.0,367.89,15.0,5.0,1,1,5.0,3.044522437723423,6.31269623431291,0.0035965342488147784,0,0.0,0.057321989626509376,-2.8000404586933842,True
2486,대조,0,1.0,6.0,275.15,5089.0,9.0,7.9799999999999995,0.0,0.0,1,7.2,12.0,10.0,241.11,5.0,1.0,1,1,1.0,1.9459101490553132,5.620944196347197,0.029002362347810284,0,0.0,0.09150539560166382,-2.295391009929288,True
2488,처치,1,5.0,20.0,817.46,70865.0,4.0,9.98,0.0,0.0,1,26.64,10.0,10.0,487.95,9.0,5.0,1,1,5.0,3.044522437723423,6.707424525733084,0.012208548430504245,0,0.0,0.07998863100987914,-2.4425015153662386,True
2492,대조,0,10.0,18.0,385.57,2752.0,2.0,5.84,0.0,1.0,0,0.0,0.0,0.0,36.75,1.0,10.0,0,1,10.0,2.9444389791664403,5.957312964177091,0.015146406618772206,0,1.0,0.02499448641318408,-3.663787868870419,True
2494,대조,0,9.0,2.0,50.58,11459.0,0.0,0.0,0.0,0.0,1,3.99,1.0,1.0,468.35,6.0,9.0,1,1,9.0,1.0986122886681098,3.9431340004531985,0.0,0,0.0,0.03376101518442975,-3.354104460000025,True
2496,대조,0,4.0,8.0,604.52,20195.0,2.0,3.0,0.0,0.0,1,0.0,0.0,0.0,323.63,4.0,4.0,0,1,4.0,2.1972245773362196,6.406087593000912,0.004962614967246742,0,0.0,0.07052151434406774,-2.578705829481258,True
2497,대조,0,1.0,32.0,1141.28,492.0,2.0,5.880000000000001,0.0,0.0,1,30.34,11.0,6.0,639.01,20.0,1.0,1,1,1.0,3.4965075614664802,7.040781544051214,0.005152109911678117,0,0.0,0.07334402358853072,-2.536421358436244,True
2498,대조,0,5.0,11.0,121.4,50.0,0.0,0.0,0.0,0.0,1,8.0,11.0,8.0,589.78,36.0,5.0,1,1,5.0,2.4849066497880004,4.807294370078226,0.0,0,0.0,0.03730828601984701,-3.2505177824002067,True
2499,대조,0,4.0,16.0,305.41,37867.0,0.0,0.0,0.0,0.0,1,0.0,0.0,0.0,184.91,6.0,4.0,0,1,4.0,2.833213344056216,5.724924074409577,0.0,0,0.0,0.04772809636452036,-2.9933303602684687,True
2500,대조,0,9.0,10.0,435.89,9293.0,0.0,0.0,0.0,0.0,0,25.8,11.0,7.0,436.92,6.0,9.0,1,1,9.0,2.3978952727983707,6.079681447162598,0.0,0,0.0,0.053632815037273004,-2.8704695369333995,True
