household_key,group,treatment,recency_days,pre_baskets,pre_sales,pre_quantity,pre_target_purchase_count,pre_target_sales,pre_coupon_redemptions,pre_campaign_count_raw,has_demographic,target_sales,target_quantity,target_purchase_count,total_sales,baskets,recency_days_filled,target_purchase,any_purchase,pre_recency_capped,log_pre_baskets,log_pre_sales,pre_target_share,pre_coupon_user,pre_campaign_count_c,p_score,logit_p,in_support
2,대조,0,37.0,7.0,330.69,142.0,4.0,7.88,0.0,1,0,4.5,3.0,2.0,130.89000000000001,1.0,37.0,1,1,37.0,2.0794415416798357,5.804200797774708,0.023828963681998244,0,1,0.008068112559519686,-4.811734871725083,True
3,대조,0,19.0,2.0,46.11,36.0,2.0,6.0,0.0,3,0,0.0,0.0,0.0,22.53,1.0,19.0,0,1,19.0,1.0986122886681098,3.85248529271195,0.13012361743656473,0,3,0.005123878547734899,-5.268706547228967,False
4,대조,0,32.0,4.0,141.93,52.0,0.0,0.0,0.0,1,0,0.0,0.0,0.0,0.0,0.0,32.0,0,0,32.0,1.6094379124341003,4.962354999921024,0.0,0,1,0.0031189838077909223,-5.76712417486909,False
6,대조,0,2.0,39.0,751.58,338.0,1.0,1.88,0.0,4,0,0.0,0.0,0.0,236.52,12.0,2.0,0,1,2.0,3.6888794541139363,6.623507303264638,0.002501397056866867,0,4,0.07716534434643035,-2.481499631673632,True
7,대조,0,1.0,13.0,542.78,294.0,1.0,1.0,0.0,4,1,0.0,0.0,0.0,298.63,4.0,1.0,0,1,1.0,2.6390573296152584,6.298544753294745,0.0018423670732156676,0,4,0.06239879009098242,-2.709778823634076,True
8,대조,0,2.0,17.0,923.59,9848.0,10.0,21.37,0.0,10,1,5.29,2.0,2.0,535.64,8.0,2.0,1,1,2.0,2.8903717578961645,6.829350396007859,0.023137972476964887,0,6,0.17059831558043445,-1.5813928171933882,True
16,대조,0,4.0,6.0,54.52,25.0,0.0,0.0,0.0,2,1,0.0,0.0,0.0,10.16,2.0,4.0,0,1,4.0,1.9459101490553132,4.016743316198549,0.0,0,2,0.004633961391724952,-5.369698453053315,False
17,대조,0,19.0,9.0,562.13,264.0,1.0,2.69,0.0,5,1,0.0,0.0,0.0,72.14,2.0,19.0,0,1,19.0,2.302585092994046,6.3335105073464915,0.004785369932222084,0,5,0.05589590521702895,-2.8267453044169413,True
18,대조,0,6.0,35.0,1291.19,66506.0,10.0,36.88,3.0,4,1,34.95,13.0,11.0,547.42,12.0,6.0,1,1,6.0,3.58351893845611,7.1640937323539875,0.028562798658601757,1,4,0.14186146445929618,-1.7999145707961504,True
22,대조,0,2.0,25.0,1150.97,110162.0,7.0,16.78,13.0,8,1,21.93,10.0,8.0,321.1,9.0,2.0,1,1,2.0,3.258096538021482,7.04922879925008,0.014579007272126989,1,6,0.17035202698871382,-1.58313443891914,True
23,대조,0,5.0,14.0,305.51,89.0,2.0,5.49,0.0,3,0,0.0,0.0,0.0,51.93,3.0,5.0,0,1,5.0,2.70805020110221,5.725250381271442,0.017969951883735395,0,3,0.02327385347365838,-3.736875750412211,True
25,대조,0,1.0,14.0,408.28000000000003,12233.0,9.0,17.88,0.0,4,1,9.32,4.0,3.0,132.75,6.0,1.0,1,1,1.0,2.70805020110221,6.014399518390478,0.04379347506613108,0,4,0.0677762609466234,-2.62136084913232,True
26,대조,0,18.0,13.0,148.39000000000001,103.0,3.0,4.49,0.0,1,0,21.97,7.0,5.0,233.68,10.0,18.0,1,1,18.0,2.6390573296152584,5.006560336054226,0.030258103645798232,0,1,0.007130230422548427,-4.936255955750699,True
27,대조,0,1.0,69.0,918.58,538.0,0.0,0.0,0.0,7,1,0.0,0.0,0.0,378.03000000000003,31.0,1.0,0,1,1.0,4.248495242049359,6.823917044066181,0.0,0,6,0.220457111930424,-1.2630045347063852,True
28,대조,0,4.0,17.0,335.3,129.0,1.0,2.67,0.0,4,0,0.0,0.0,0.0,108.76,5.0,4.0,0,1,4.0,2.8903717578961645,5.818003618746224,0.007963018192663287,0,4,0.03165139078552148,-3.4208100656348703,True
29,대조,0,7.0,7.0,89.2,37.0,0.0,0.0,0.0,5,0,0.0,0.0,0.0,13.28,2.0,7.0,0,1,7.0,2.0794415416798357,4.502029427068578,0.0,0,5,0.00929744211244108,-4.668675025219563,True
32,대조,0,13.0,12.0,352.72,157.0,2.0,4.49,0.0,6,0,5.01,3.0,3.0,174.99,5.0,13.0,1,1,13.0,2.5649493574615367,5.868505639707535,0.012729643910183715,0,6,0.041659252122969156,-3.1356799176979333,True
36,대조,0,1.0,42.0,997.64,440.0,3.0,8.99,0.0,3,0,0.0,0.0,0.0,449.51,12.0,1.0,0,1,1.0,3.7612001156935624,6.906394353342796,0.009011266589150396,0,3,0.08388925673331953,-2.390639699325526,True
37,대조,0,4.0,13.0,479.65999999999997,14148.0,2.0,9.68,0.0,2,0,8.0,8.0,1.0,450.74,6.0,4.0,1,1,4.0,2.6390573296152584,6.17516015945508,0.02018096151440604,0,2,0.02692836924587089,-3.5872773482349714,True
38,대조,0,,0.0,0.0,0.0,0.0,0.0,0.0,1,0,0.0,0.0,0.0,0.0,0.0,90.0,0,0,90.0,0.0,0.0,0.0,0,1,1.1694192252631282e-05,-11.356406533805565,False
40,대조,0,2.0,59.0,2292.02,231490.0,2.0,4.24,5.0,11,1,1.92,1.0,1.0,766.27,27.0,2.0,1,1,2.0,4.0943445622221,7.73762500501786,0.001849896597760927,1,6,0.3076199214704453,-0.8112700515244614,True
41,대조,0,1.0,12.0,548.98,229.0,22.0,67.36,0.0,1,0,33.68,11.0,8.0,231.22,4.0,1.0,1,1,1.0,2.5649493574615367,6.30988191392898,0.12270028052023753,0,1,0.049656916860780644,-2.9516853663551865,True
42,대조,0,6.0,12.0,245.86,186.0,0.0,0.0,0.0,3,1,1.0,1.0,1.0,139.69,5.0,6.0,1,1,6.0,2.5649493574615367,5.508821374315783,0.0,0,3,0.023788363581124548,-3.714482867547965,True
43,대조,0,17.0,3.0,13.59,10.0,1.0,2.88,0.0,5,1,2.79,1.0,1.0,26.13,6.0,17.0,1,1,17.0,1.3862943611198906,2.6803363625346943,0.2119205298013245,0,5,0.00932487941438133,-4.665700616686063,True
45,대조,0,72.0,1.0,6.5,4.0,1.0,4.0,0.0,1,0,0.0,0.0,0.0,0.0,0.0,72.0,0,0,72.0,0.6931471805599453,2.0149030205422647,0.6153846153846154,0,1,0.00855054015192655,-4.753173516617519,True
47,대조,0,3.0,11.0,160.75,62.0,0.0,0.0,0.0,3,0,0.0,0.0,0.0,139.67000000000002,6.0,3.0,0,1,3.0,2.4849066497880004,5.08605193338101,0.0,0,3,0.011624725865272629,-4.442928088036631,True
48,대조,0,8.0,5.0,167.75,54.0,1.0,7.99,0.0,2,1,0.0,0.0,0.0,29.599999999999998,1.0,8.0,0,1,8.0,1.791759469228055,5.128418329752639,0.047630402384500746,0,2,0.014464902031830661,-4.221459574703611,True
51,대조,0,31.0,9.0,310.87,94.0,4.0,10.219999999999999,0.0,4,0,0.0,0.0,0.0,161.34,2.0,31.0,0,1,31.0,2.302585092994046,5.74258643431314,0.03287547849583427,0,4,0.01922853774264315,-3.931943952079947,True
52,대조,0,3.0,14.0,727.4,59349.0,6.0,11.98,0.0,6,1,5.0,2.0,2.0,347.97,8.0,3.0,1,1,3.0,2.70805020110221,6.590850347853453,0.016469617816882047,0,6,0.12938827987092721,-1.9063782860588954,True
55,대조,0,4.0,21.0,153.79,56.0,0.0,0.0,0.0,4,1,0.0,0.0,0.0,77.99,8.0,4.0,0,1,4.0,3.091042453358316,5.042069359585786,0.0,0,4,0.025181394148910713,-3.6561460140130713,True
57,대조,0,4.0,34.0,475.43,30500.0,3.0,9.98,0.0,4,1,0.0,0.0,0.0,257.61,16.0,4.0,0,1,4.0,3.5553480614894135,6.166320807790665,0.020991523462970365,0,4,0.08239052824247199,-2.4103014062836357,True
64,대조,0,1.0,74.0,1057.99,569.0,8.0,24.96,0.0,4,0,18.950000000000003,4.0,3.0,250.47,17.0,1.0,1,1,1.0,4.31748811353631,6.96507090268619,0.023591905405533135,0,4,0.14037070600796087,-1.8122144196646381,True
65,대조,0,15.0,25.0,388.93,127.0,2.0,4.67,0.0,6,0,0.0,0.0,0.0,49.69,4.0,15.0,0,1,15.0,3.258096538021482,5.965967235834453,0.012007302085208135,0,6,0.05469219928179528,-2.8497894993554898,True
69,대조,0,7.0,40.0,900.37,531.0,8.0,27.31,0.0,7,0,6.17,3.0,3.0,318.0,10.0,7.0,1,1,7.0,3.713572066704308,6.80391582814069,0.03033197463265102,0,6,0.14946121230098083,-1.738833106880037,True
71,대조,0,8.0,10.0,184.39000000000001,61.0,3.0,17.47,0.0,2,1,38.78,14.0,4.0,180.16,4.0,8.0,1,1,8.0,2.3978952727983707,5.222461714244501,0.0947448343185639,0,2,0.026729927312919698,-3.5948777998274113,True
73,대조,0,7.0,2.0,33.44,14.0,1.0,5.98,0.0,4,0,5.88,2.0,2.0,81.88,2.0,7.0,1,1,7.0,1.0986122886681098,3.53921867955953,0.17882775119617228,0,4,0.00848486670964061,-4.760950021247061,True
74,대조,0,3.0,11.0,176.27,127.0,0.0,0.0,0.0,5,1,0.0,0.0,0.0,0.0,0.0,3.0,0,0,3.0,2.4849066497880004,5.177673994025693,0.0,0,5,0.029102384350163126,-3.507400913306159,True
77,대조,0,2.0,10.0,844.4300000000001,404.0,6.0,12.99,1.0,2,1,27.060000000000002,11.0,8.0,558.01,6.0,2.0,1,1,2.0,2.3978952727983707,6.739845373663468,0.015383157869805666,1,2,0.044782250629671554,-3.0601274546878505,True
78,대조,0,2.0,39.0,518.67,348.0,3.0,5.0,0.0,5,1,0.0,0.0,0.0,198.52,12.0,2.0,0,1,2.0,3.6888794541139363,6.25319399473728,0.009640040873773306,0,5,0.10811883083133321,-2.1101019975557604,True
79,대조,0,1.0,15.0,378.34000000000003,32873.0,3.0,4.88,1.0,1,0,12.48,5.0,4.0,397.58,12.0,1.0,1,1,1.0,2.772588722239781,5.938432900556176,0.012898451128614473,1,1,0.014409607864728656,-4.225345647569552,True
80,대조,0,2.0,18.0,610.88,26831.0,0.0,0.0,1.0,2,1,1.0,1.0,1.0,252.62,7.0,2.0,1,1,2.0,2.9444389791664403,6.416536184855064,0.0,1,2,0.03738060056167524,-3.248506241543889,True
81,대조,0,5.0,12.0,242.74,111.0,0.0,0.0,0.0,4,0,0.0,0.0,0.0,33.39,3.0,5.0,0,1,5.0,2.5649493574615367,5.496102083395356,0.0,0,4,0.02034877672797306,-3.8741758152644055,True
83,대조,0,2.0,17.0,159.61,52.0,0.0,0.0,0.0,1,0,0.0,0.0,0.0,9.97,2.0,2.0,0,1,2.0,2.8903717578961645,5.0789790660748055,0.0,0,1,0.008534460559828105,-4.755072040421899,True
86,대조,0,4.0,5.0,514.4,183.0,1.0,10.58,0.0,2,1,0.0,0.0,0.0,12.8,1.0,4.0,0,1,4.0,1.791759469228055,6.244943298218264,0.020567651632970453,0,2,0.031514339938519854,-3.425290998012725,True
91,대조,0,2.0,44.0,658.51,72815.0,6.0,9.0,0.0,2,0,0.0,0.0,0.0,134.88,9.0,2.0,0,1,2.0,3.8066624897703196,6.491497135044686,0.013667218417336107,0,2,0.05053264701151859,-2.933281543407748,True
92,대조,0,2.0,11.0,457.3,249.0,4.0,9.26,0.0,1,0,2.5,1.0,1.0,99.07,3.0,2.0,1,1,2.0,2.4849066497880004,6.127523991515078,0.020249289306800786,0,1,0.02022672021268985,-3.880316684636769,True
93,대조,0,,0.0,0.0,0.0,0.0,0.0,0.0,12,0,0.0,0.0,0.0,0.0,0.0,90.0,0,0,90.0,0.0,0.0,0.0,0,6,3.721943167553538e-05,-10.198642356072465,False
96,대조,0,,0.0,0.0,0.0,0.0,0.0,0.0,2,0,0.0,0.0,0.0,0.0,0.0,90.0,0,0,90.0,0.0,0.0,0.0,0,2,1.4741138439175728e-05,-11.124853698258944,False
97,대조,0,1.0,28.0,742.77,106381.0,10.0,23.38,0.0,4,1,2.75,1.0,1.0,283.55,8.0,1.0,1,1,1.0,3.367295829986474,6.6117318472545925,0.03147676939025539,0,4,0.12091189451305599,-1.9838229905850857,True
98,대조,0,1.0,72.0,930.59,620.0,5.0,12.99,0.0,2,1,9.399999999999999,5.0,5.0,252.13,27.0,1.0,1,1,1.0,4.290459441148391,6.836892803731878,0.013958886297940017,0,2,0.11265888107813933,-2.063864982819851,True
101,처치,1,1.0,65.0,1599.08,98065.0,8.0,99.54,3.0,4,1,55.4,20.0,1.0,309.06,27.0,1.0,1,1,1.0,4.189654742026425,7.377808906977914,0.062248292768341804,1,4,0.25125880565107284,-1.0919098827650309,True
103,대조,0,6.0,7.0,54.02,20.0,0.0,0.0,0.0,1,0,0.0,0.0,0.0,22.95,3.0,6.0,0,1,6.0,2.0794415416798357,4.007696755496428,0.0,0,1,0.002497770351690085,-5.989855909390883,False
105,대조,0,4.0,23.0,403.24,249.0,1.0,2.0,8.0,8,1,11.79,6.0,5.0,220.68,17.0,4.0,1,1,4.0,3.1780538303479458,6.002008760983653,0.004959825414145422,1,6,0.07037029450976288,-2.581015119588124,True
108,대조,0,3.0,11.0,340.42,14989.0,1.0,1.88,0.0,4,0,0.0,0.0,0.0,7.39,1.0,3.0,0,1,3.0,2.4849066497880004,5.833113390952607,0.0055225897420833085,0,4,0.027887359348913187,-3.5512981669610446,True
109,대조,0,1.0,14.0,443.84000000000003,187.0,1.0,5.48,0.0,4,1,0.0,0.0,0.0,208.78,4.0,1.0,0,1,1.0,2.70805020110221,6.097714666950641,0.01234679163662581,0,4,0.05856071395662395,-2.777345798145185,True
110,대조,0,9.0,27.0,462.66,25138.0,4.0,15.96,0.0,4,1,0.0,0.0,0.0,173.69,11.0,9.0,0,1,9.0,3.332204510175204,6.139151525006747,0.034496174296459604,0,4,0.07641704702265685,-2.492054820309373,True
111,대조,0,3.0,5.0,94.6,34.0,0.0,0.0,0.0,1,0,2.75,1.0,1.0,46.39,2.0,3.0,1,1,3.0,1.791759469228055,4.560172820057356,0.0,0,1,0.0037425962563046554,-5.5842261049206705,False
112,대조,0,3.0,14.0,221.51,36406.0,4.0,16.65,0.0,1,0,0.0,0.0,0.0,50.38,4.0,3.0,0,1,3.0,2.70805020110221,5.404972044416576,0.07516590673107308,0,1,0.017547145407207837,-4.025161075622621,True
114,대조,0,9.0,11.0,357.16,144.0,2.0,6.91,0.0,4,1,1.88,1.0,1.0,333.45,5.0,9.0,1,1,9.0,2.4849066497880004,5.8809798139327105,0.01934707134057565,0,4,0.04269476707098472,-3.110045926585393,True
116,대조,0,11.0,11.0,78.7,60.0,2.0,3.0,0.0,2,0,0.0,0.0,0.0,14.83,2.0,11.0,0,1,11.0,2.4849066497880004,4.378269585796169,0.03811944091486658,0,2,0.005973045149875185,-5.114507451128084,False
117,대조,0,6.0,11.0,279.51,183.0,4.0,8.5,2.0,7,1,1.67,1.0,1.0,88.46000000000001,2.0,6.0,1,1,6.0,2.4849066497880004,5.636609374951169,0.030410360988873387,1,6,0.04857130790569682,-2.974931757047627,True
118,대조,0,6.0,10.0,668.15,10139.0,0.0,0.0,0.0,5,1,0.0,0.0,0.0,337.23,5.0,6.0,0,1,6.0,2.3978952727983707,6.506008250242384,0.0,0,5,0.07718232052863414,-2.48126126251649,True
119,대조,0,9.0,13.0,760.21,232.0,0.0,0.0,0.0,2,1,3.99,1.0,1.0,250.84,8.0,9.0,1,1,9.0,2.6390573296152584,6.634909272487568,0.0,0,2,0.046010674569734164,-3.031779056677151,True
121,대조,0,20.0,12.0,180.84,14737.0,1.0,4.0,0.0,3,1,8.0,2.0,1.0,84.56,3.0,20.0,1,1,20.0,2.5649493574615367,5.203127179544288,0.02211900022119,0,3,0.017482395259072917,-4.028923872503344,True
122,대조,0,28.0,11.0,130.94,58.0,2.0,3.5,0.0,5,0,0.0,0.0,0.0,42.63,3.0,28.0,0,1,28.0,2.4849066497880004,4.882347273794725,0.026729799908354973,0,5,0.012760778780091799,-4.348536073145999,True
123,대조,0,2.0,17.0,279.97,117.0,7.0,12.129999999999999,0.0,3,1,17.52,10.0,9.0,95.3,7.0,2.0,1,1,2.0,2.8903717578961645,5.638247902068488,0.043326070650426825,0,3,0.04225545235998958,-3.120847695262663,True
131,대조,0,2.0,32.0,718.3,363.0,1.0,5.0,0.0,7,1,5.0,3.0,3.0,205.85,8.0,2.0,1,1,2.0,3.4965075614664802,6.5782785168733104,0.0069608798552137,0,6,0.15515845578696186,-1.6947021980005026,True
132,대조,0,9.0,5.0,271.75,146.0,4.0,12.07,0.0,6,0,6.38,2.0,2.0,183.72,7.0,9.0,1,1,9.0,1.791759469228055,5.60855562471318,0.044415823367065316,0,6,0.034509322114431695,-3.3314069528488517,True
133,대조,0,2.0,10.0,597.97,273.0,3.0,8.3,0.0,4,1,7.99,3.0,2.0,216.18,3.0,2.0,1,1,2.0,2.3978952727983707,6.395211513388777,0.013880294998076827,0,4,0.0664279045472256,-2.6429009739286258,True
134,대조,0,33.0,8.0,596.83,269.0,3.0,16.88,0.0,6,1,0.0,0.0,0.0,88.06,3.0,33.0,0,1,33.0,2.1972245773362196,6.393306432598692,0.02828276058509123,0,6,0.06705284495436208,-2.6328675202522644,True
136,처치,1,1.0,8.0,195.0,109.0,4.0,16.5,0.0,2,1,8.31,3.0,2.0,76.75,4.0,1.0,1,1,1.0,2.1972245773362196,5.278114659230517,0.08461538461538462,0,2,0.027077238200020684,-3.5816112413968075,True
137,대조,0,33.0,3.0,43.730000000000004,25.0,0.0,0.0,0.0,1,0,0.0,0.0,0.0,0.0,0.0,33.0,0,0,33.0,1.3862943611198906,3.8006444174447567,0.0,0,1,0.001084644311208396,-6.825417936543197,False
138,대조,0,1.0,18.0,700.63,293.0,7.0,24.009999999999998,0.0,2,0,0.0,0.0,0.0,126.57,5.0,1.0,0,1,1.0,2.9444389791664403,6.553406199550886,0.03426915775801778,0,2,0.046576933865296044,-3.0189532988759655,True
139,대조,0,8.0,13.0,484.74,24402.0,11.0,44.7,5.0,2,1,5.54,2.0,2.0,318.13,5.0,8.0,1,1,8.0,2.6390573296152584,6.185673501324075,0.09221438296818914,1,2,0.04833346797817374,-2.980090452434893,True
140,대조,0,35.0,5.0,33.39,14.0,0.0,0.0,0.0,3,0,5.99,4.0,2.0,16.650000000000002,1.0,35.0,1,1,35.0,1.791759469228055,3.537765824444175,0.0,0,3,0.001545686031681583,-6.470740551898524,False
142,대조,0,4.0,14.0,230.1,107.0,0.0,0.0,0.0,7,0,0.0,0.0,0.0,172.5,12.0,4.0,0,1,4.0,2.70805020110221,5.442850517280335,0.0,0,6,0.032614760517233506,-3.3898318398443497,True
144,대조,0,10.0,3.0,106.78,49.0,4.0,10.18,0.0,4,0,0.0,0.0,0.0,0.0,0.0,10.0,0,0,10.0,1.3862943611198906,4.680092112505351,0.09533620528188799,0,4,0.012643132222958505,-4.357917381776623,True
145,대조,0,3.0,7.0,224.29,80.0,1.0,1.76,0.0,1,0,3.0,3.0,2.0,167.37,3.0,3.0,1,1,3.0,2.0794415416798357,5.417388461189051,0.00784698381559588,0,1,0.008873048896593865,-4.715824161609897,True
151,대조,0,22.0,4.0,155.61,64.0,2.0,5.76,0.0,1,0,2.0,2.0,1.0,47.18,2.0,22.0,1,1,22.0,1.6094379124341003,5.053758638478342,0.03701561596298438,0,1,0.005118485387563898,-5.269765076730579,False
155,대조,0,11.0,5.0,109.48,53.0,1.0,1.88,0.0,2,1,0.0,0.0,0.0,0.0,0.0,11.0,0,0,11.0,1.791759469228055,4.704834509101037,0.017172086225794664,0,2,0.007858095487755984,-4.838321873233899,True
156,대조,0,1.0,46.0,330.42,132.0,8.0,11.120000000000001,1.0,8,0,10.64,6.0,3.0,218.02,13.0,1.0,1,1,1.0,3.8501476017100584,5.8033864532016475,0.03365413715876763,1,6,0.06562793540410938,-2.6558732651256873,True
157,대조,0,3.0,13.0,299.40000000000003,127.0,0.0,0.0,0.0,5,1,0.0,0.0,0.0,90.22,4.0,3.0,0,1,3.0,2.6390573296152584,5.70511491988998,0.0,0,5,0.046725529060846656,-3.0156121933273594,True
158,대조,0,1.0,22.0,137.6,57.0,0.0,0.0,0.0,4,1,0.0,0.0,0.0,126.95,10.0,1.0,0,1,1.0,3.1354942159291497,4.931592086755803,0.0,0,4,0.024470290051870968,-3.685520884972002,True
160,대조,0,11.0,12.0,256.41,12375.0,6.0,16.38,0.0,1,0,7.99,3.0,3.0,239.23,5.0,11.0,1,1,11.0,2.5649493574615367,5.550670144446233,0.06388206388206387,0,1,0.01536963885650413,-4.15987224224145,True
162,대조,0,10.0,13.0,551.29,210.0,20.0,52.06,0.0,4,0,16.52,9.0,5.0,229.66,4.0,10.0,1,1,10.0,2.6390573296152584,6.314073270641468,0.09443305701173613,0,4,0.07103550141472782,-2.570890751429637,True
165,대조,0,10.0,29.0,369.26,46924.0,4.0,9.870000000000001,0.0,7,1,0.0,0.0,0.0,96.0,4.0,10.0,0,1,10.0,3.4011973816621555,5.91420546156103,0.026729133943562803,0,6,0.09423178757516204,-2.2630258647566635,True
166,대조,0,3.0,20.0,572.61,219.0,10.0,25.049999999999997,0.0,2,1,16.0,14.0,5.0,272.13,5.0,3.0,1,1,3.0,3.044522437723423,6.3519497228851876,0.04374705296798868,0,2,0.06188930361505087,-2.718520591537315,True
179,대조,0,,0.0,0.0,0.0,0.0,0.0,0.0,1,0,0.0,0.0,0.0,0.0,0.0,90.0,0,0,90.0,0.0,0.0,0.0,0,1,1.1694192252631282e-05,-11.356406533805565,False
180,대조,0,10.0,7.0,173.75,84.0,1.0,2.88,0.0,2,0,0.0,0.0,0.0,0.0,0.0,10.0,0,0,10.0,2.0794415416798357,5.163356381113919,0.016575539568345322,0,2,0.008643807657089355,-4.742230710151324,True
181,대조,0,67.0,3.0,111.35,8576.0,0.0,0.0,0.0,2,0,0.0,0.0,0.0,0.0,0.0,67.0,0,0,67.0,1.3862943611198906,4.721618998631338,0.0,0,2,0.0017254639701663919,-6.360532342154171,False
183,대조,0,10.0,5.0,42.13,17.0,0.0,0.0,0.0,5,0,0.0,0.0,0.0,8.25,2.0,10.0,0,1,10.0,1.791759469228055,3.764218810659752,0.0,0,5,0.004369992220044373,-5.428614481641228,False
184,대조,0,1.0,53.0,1381.41,137773.0,3.0,13.879999999999999,0.0,5,1,1.99,1.0,1.0,482.21,18.0,1.0,1,1,1.0,3.9889840465642745,7.231583631819924,0.010047704881244525,0,5,0.2360679052762769,-1.1743594061051064,True
185,대조,0,5.0,9.0,272.52,9892.0,2.0,10.5,0.0,1,0,2.75,1.0,1.0,211.44,3.0,5.0,1,1,5.0,2.302585092994046,5.611374745331045,0.038529282254513436,0,1,0.013539063315508837,-4.288544640761908,True
187,대조,0,29.0,4.0,33.480000000000004,14.0,1.0,1.88,0.0,2,0,3.76,2.0,1.0,35.28,6.0,29.0,1,1,29.0,1.6094379124341003,3.5403794457954922,0.05615292712066905,0,2,0.001893026719311767,-6.267683471298152,False
188,대조,0,6.0,4.0,14.85,14.0,0.0,0.0,0.0,2,0,0.0,0.0,0.0,45.25,3.0,6.0,0,1,6.0,1.6094379124341003,2.7631695003232895,0.0,0,2,0.0009522629117604837,-6.955716676882455,False
192,처치,1,4.0,13.0,444.18,168.0,9.0,24.68,1.0,4,1,2.5,1.0,1.0,157.36,6.0,4.0,1,1,4.0,2.6390573296152584,6.098478694762464,0.055563060020712325,1,4,0.05790388912323876,-2.7893227459215306,True
193,대조,0,4.0,18.0,507.79,54697.0,5.0,29.84,0.0,5,1,0.0,0.0,0.0,63.71,4.0,4.0,0,1,4.0,2.9444389791664403,6.232035357744718,0.058764449871009664,0,5,0.1124039940288342,-2.066417220348524,True
194,대조,0,13.0,6.0,184.16,71.0,0.0,0.0,0.0,1,0,0.0,0.0,0.0,144.91,7.0,13.0,0,1,13.0,1.9459101490553132,5.22122031616307,0.0,0,1,0.005836160050745882,-5.137828966978381,False
195,대조,0,35.0,5.0,247.77,28057.0,0.0,0.0,0.0,2,0,3.0,3.0,1.0,222.11,4.0,35.0,1,1,35.0,1.791759469228055,5.516528774816684,0.0,0,2,0.006313836200419763,-5.058677978703814,True
196,처치,1,4.0,17.0,735.87,20106.0,6.0,12.84,5.0,6,0,0.0,0.0,0.0,54.93,2.0,4.0,0,1,4.0,2.8903717578961645,6.602411485857249,0.017448734151412612,1,6,0.07660662855483825,-2.4893717239640623,True
200,대조,0,1.0,33.0,540.75,234.0,3.0,8.059999999999999,0.0,1,0,0.0,0.0,0.0,15.14,2.0,1.0,0,1,1.0,3.5263605246161616,6.294804640416468,0.014905224225612572,0,1,0.03225413816911705,-3.4013231630446277,True
205,대조,0,5.0,22.0,848.16,296.0,4.0,12.5,0.0,4,0,10.0,5.0,3.0,325.87,6.0,5.0,1,1,5.0,3.1354942159291497,6.744247625563801,0.014737785323523864,0,4,0.0735627677277057,-2.5332072718148657,True
208,대조,0,1.0,17.0,564.51,33246.0,4.0,9.79,5.0,8,1,7.5,5.0,4.0,301.5,11.0,1.0,1,1,1.0,2.8903717578961645,6.337727978865784,0.01734247400400347,1,6,0.09391374383066561,-2.2667577648187254,True
209,대조,0,1.0,35.0,1155.29,62866.0,5.0,17.0,0.0,5,1,16.990000000000002,6.0,6.0,293.18,13.0,1.0,1,1,1.0,3.58351893845611,7.052971882822851,0.014714920063360715,0,5,0.1930212217570482,-1.4304972306770292,True
211,대조,0,1.0,16.0,146.88,97.0,4.0,12.0,0.0,2,1,5.0,4.0,2.0,87.75,9.0,1.0,1,1,1.0,2.833213344056216,4.996401134068432,0.08169934640522876,0,2,0.026211028931025483,-3.6150143442634026,True
212,대조,0,6.0,12.0,409.57,13885.0,3.0,8.96,0.0,5,1,0.0,0.0,0.0,32.31,2.0,6.0,0,1,6.0,2.5649493574615367,6.017546438106483,0.021876602290206805,0,5,0.06463635807018506,-2.672158304638671,True
214,대조,0,10.0,13.0,436.56,187.0,1.0,5.98,0.0,4,1,0.0,0.0,0.0,125.33,4.0,10.0,0,1,10.0,2.6390573296152584,6.08121383925159,0.013698002565512186,0,4,0.04991954545901194,-2.9461340513678547,True
215,대조,0,1.0,28.0,341.8,22391.0,0.0,0.0,0.0,1,0,0.0,0.0,0.0,94.04,8.0,1.0,0,1,1.0,3.367295829986474,5.837147186723625,0.0,0,1,0.0190100402057309,-3.94359495337258,True
216,대조,0,1.0,26.0,481.77,157.0,1.0,2.69,0.0,2,1,3.49,1.0,1.0,40.92,3.0,1.0,1,1,1.0,3.295836866004329,6.179540349761691,0.005583577225647093,0,2,0.04669827158934465,-3.0162243095243273,True
217,대조,0,14.0,7.0,291.07,40167.0,2.0,3.98,0.0,2,0,0.0,0.0,0.0,288.09000000000003,7.0,14.0,0,1,14.0,2.0794415416798357,5.676993499565986,0.01367368674202082,0,2,0.012141416213985618,-4.398917118020231,True
218,대조,0,3.0,20.0,1309.89,140695.0,12.0,26.97,0.0,4,1,2.5,1.0,1.0,459.99,8.0,3.0,1,1,3.0,3.044522437723423,7.178461574827731,0.020589515150127108,0,4,0.14998461507532254,-1.7347217265604753,True
220,대조,0,23.0,6.0,259.0,9247.0,5.0,25.5,0.0,3,1,2.77,1.0,1.0,54.43,3.0,23.0,1,1,23.0,1.9459101490553132,5.560681631015528,0.09845559845559845,0,3,0.030835410158957327,-3.4477707427354454,True
221,대조,0,2.0,12.0,463.17,8606.0,1.0,1.88,0.0,3,1,3.0,1.0,1.0,173.38,4.0,2.0,1,1,2.0,2.5649493574615367,6.14025086443609,0.004058984821987607,0,3,0.04317387278820735,-3.098386173974483,True
222,대조,0,2.0,12.0,474.92,306.0,0.0,0.0,0.0,3,1,2.99,1.0,1.0,310.53000000000003,6.0,2.0,1,1,2.0,2.5649493574615367,6.16524977287965,0.0,0,3,0.04283223670891709,-3.106687664121112,True
226,대조,0,5.0,4.0,113.26,82.0,1.0,1.92,0.0,1,0,0.0,0.0,0.0,5.0,1.0,5.0,0,1,5.0,1.6094379124341003,4.738476553296317,0.016952145505915592,0,1,0.004453977055102968,-5.409493936124103,False
227,대조,0,3.0,33.0,274.82,9601.0,4.0,11.52,0.0,1,0,5.0,2.0,2.0,103.3,8.0,3.0,1,1,3.0,3.5263605246161616,5.619748479046192,0.041918346554108143,0,1,0.021883901322950997,-3.799877106197265,True
228,대조,0,4.0,12.0,149.87,2487.0,0.0,0.0,0.0,2,0,0.0,0.0,0.0,34.910000000000004,4.0,4.0,0,1,4.0,2.5649493574615367,5.016418538851983,0.0,0,2,0.008835673050780595,-4.720083056982108,True
230,처치,1,2.0,34.0,682.97,11154.0,9.0,32.0,0.0,3,1,0.0,0.0,0.0,135.49,7.0,2.0,0,1,2.0,3.5553480614894135,6.527914057011565,0.04685418100355799,0,3,0.10668780091579934,-2.1250293057299627,True
235,대조,0,2.0,25.0,1620.24,63205.0,11.0,75.54,0.0,7,1,29.34,21.0,6.0,325.37,5.0,2.0,1,1,2.0,3.258096538021482,7.390946567531446,0.0466227225596208,0,6,0.30604290896296743,-0.8186848126275497,True
236,대조,0,1.0,5.0,160.93,53.0,3.0,8.61,0.0,2,0,0.0,0.0,0.0,40.07,2.0,1.0,0,1,1.0,1.791759469228055,5.08716414308538,0.05350152240104392,0,2,0.010981044229437423,-4.500542963619686,True
242,처치,1,7.0,8.0,522.81,251.0,3.0,13.5,0.0,4,1,20.09,13.0,7.0,530.23,8.0,7.0,1,1,7.0,2.1972245773362196,6.26112902314758,0.02582200034429334,0,4,0.05642169040937697,-2.816825694102584,True
245,대조,0,12.0,11.0,533.74,44227.0,1.0,2.0,0.0,1,0,0.0,0.0,0.0,25.01,1.0,12.0,0,1,12.0,2.4849066497880004,6.281780647460406,0.0037471428036122455,0,1,0.017520167972009698,-4.026727143428994,True
246,대조,0,12.0,3.0,14.82,7.0,0.0,0.0,0.0,2,0,3.48,2.0,2.0,73.78,3.0,12.0,1,1,12.0,1.3862943611198906,2.761274962339508,0.0,0,2,0.0008010230383968864,-7.128819505237205,False
248,처치,1,3.0,21.0,1358.28,65789.0,6.0,18.67,0.0,2,1,1.5,1.0,1.0,201.89,2.0,3.0,1,1,3.0,3.091042453358316,7.214710426777503,0.013745324969814766,0,2,0.09970299894557025,-2.2005289538472943,True
249,대조,0,4.0,32.0,831.82,518.0,11.0,24.14,0.0,3,1,2.0,2.0,1.0,21.689999999999998,3.0,4.0,1,1,4.0,3.4965075614664802,6.7248175323822315,0.029020701594094877,0,3,0.10518038277899253,-2.140945345527438,True
251,대조,0,1.0,9.0,248.62,74.0,7.0,19.72,2.0,2,0,8.95,3.0,3.0,131.38,4.0,1.0,1,1,1.0,2.302585092994046,5.519939761490308,0.0793178344461427,1,2,0.01747332248449045,-4.029452207715354,True
257,대조,0,9.0,18.0,468.19,225.0,1.0,1.0,0.0,3,1,0.0,0.0,0.0,102.41,4.0,9.0,0,1,9.0,2.9444389791664403,6.151007803679223,0.002135885003951387,0,3,0.04391769649087593,-3.0805266528964403,True
258,대조,0,1.0,12.0,162.67000000000002,91.0,0.0,0.0,0.0,5,0,0.0,0.0,0.0,211.58,5.0,1.0,0,1,1.0,2.5649493574615367,5.097852205517793,0.0,0,5,0.01962996589180121,-3.9108728154895633,True
261,대조,0,9.0,1.0,66.64,16.0,0.0,0.0,0.0,1,0,0.0,0.0,0.0,0.0,0.0,9.0,0,0,9.0,0.6931471805599453,4.21419952403038,0.0,0,1,0.0017471777890353854,-6.3480047789296705,False
264,대조,0,31.0,3.0,95.06,49.0,0.0,0.0,0.0,1,1,2.75,1.0,1.0,27.020000000000003,1.0,31.0,1,1,31.0,1.3862943611198906,4.564972996236678,0.0,0,1,0.003131976998636841,-5.762953952962705,False
265,대조,0,53.0,3.0,75.94,36.0,1.0,1.5,0.0,3,0,0.0,0.0,0.0,18.060000000000002,3.0,53.0,0,1,53.0,1.3862943611198906,4.343025897324149,0.019752436133789835,0,3,0.002275933785905975,-6.08308632779008,False
266,대조,0,26.0,5.0,305.79,13857.0,12.0,19.32,0.0,2,0,20.33,9.0,8.0,490.17,4.0,26.0,1,1,26.0,1.791759469228055,5.726163474437768,0.0631806141469636,0,2,0.013501207851296958,-4.291382949172906,True
271,대조,0,18.0,3.0,59.589999999999996,7.0,0.0,0.0,0.0,4,0,43.43,14.0,9.0,554.97,5.0,18.0,1,1,18.0,1.3862943611198906,4.104129862956897,0.0,0,4,0.0035257762806812382,-5.644122639014867,False
273,대조,0,2.0,29.0,683.6,283.0,11.0,31.11,0.0,2,0,11.98,2.0,2.0,102.32,3.0,2.0,1,1,2.0,3.4011973816621555,6.528834726096085,0.04550906963136337,0,2,0.05649502568423243,-2.8154490436999557,True
275,대조,0,3.0,56.0,1198.69,44451.0,1.0,2.5,0.0,3,0,0.0,0.0,0.0,345.6,21.0,3.0,0,1,3.0,4.04305126783455,7.089818469068955,0.0020856101243857876,0,3,0.09788060080631643,-2.2209985061654125,True
278,대조,0,8.0,8.0,94.88,30.0,0.0,0.0,0.0,3,0,6.77,2.0,2.0,124.33,11.0,8.0,1,1,8.0,2.1972245773362196,4.563097409566184,0.0,0,3,0.006332699137959893,-5.055675893874523,True
279,대조,0,4.0,11.0,387.14,38684.0,1.0,1.0,0.0,1,0,0.0,0.0,0.0,0.0,0.0,4.0,0,0,4.0,2.4849066497880004,5.961366099283949,0.002583044893320246,0,1,0.015125780891438494,-4.176113304911551,True
280,대조,0,19.0,20.0,378.45,32627.0,0.0,0.0,0.0,1,0,0.0,0.0,0.0,196.76999999999998,6.0,19.0,0,1,19.0,3.044522437723423,5.938722835849922,0.0,0,1,0.014020838966685668,-4.253090499003468,True
282,대조,0,1.0,13.0,692.22,27478.0,15.0,58.17,0.0,5,1,0.0,0.0,0.0,173.88,6.0,1.0,0,1,1.0,2.6390573296152584,6.541347409127499,0.08403397763716737,0,5,0.15604226261983192,-1.6879755343594938,True
285,대조,0,4.0,29.0,768.41,10775.0,4.0,13.42,0.0,6,0,3.0,1.0,1.0,142.24,16.0,4.0,1,1,4.0,3.4011973816621555,6.645623987374361,0.01746463476529457,0,6,0.11667215619567449,-2.0243284979175384,True
286,대조,0,4.0,10.0,324.62,117.0,1.0,10.0,0.0,1,0,0.0,0.0,0.0,46.58,1.0,4.0,0,1,4.0,2.3978952727983707,5.7857310573033685,0.030805249214466146,0,1,0.015516652336191315,-4.150203191924203,True
287,대조,0,6.0,38.0,526.32,20177.0,7.0,17.51,0.0,8,0,14.11,7.0,5.0,338.01,22.0,6.0,1,1,6.0,3.6635616461296463,6.267807574889769,0.0332687338501292,0,6,0.10294814494630658,-2.164888255477958,True
288,대조,0,1.0,11.0,333.93,16312.0,2.0,3.0,0.0,3,0,0.0,0.0,0.0,240.71,7.0,1.0,0,1,1.0,2.4849066497880004,5.813921554767002,0.00898391878537418,0,3,0.023141098879139767,-3.742732012128584,True
289,대조,0,3.0,36.0,1282.27,128807.0,6.0,22.0,0.0,5,1,0.0,0.0,0.0,449.14,13.0,3.0,0,1,3.0,3.6109179126442243,7.157166786746586,0.01715707300334563,0,5,0.2061657569699132,-1.3481941868055178,True
293,대조,0,9.0,8.0,487.24,181.0,3.0,10.99,0.0,5,0,0.0,0.0,0.0,61.17,2.0,9.0,0,1,9.0,2.1972245773362196,6.190807088236239,0.022555619407273624,0,5,0.0433278087828983,-3.094666130825723,True
294,대조,0,5.0,29.0,661.5,349.0,10.0,22.67,0.0,10,1,16.259999999999998,8.0,6.0,244.01,16.0,5.0,1,1,5.0,3.4011973816621555,6.496020557860377,0.034270597127739985,0,6,0.16143825854757432,-1.6475654422170263,True
297,대조,0,5.0,31.0,1385.59,7705.0,8.0,20.56,0.0,2,0,21.38,7.0,5.0,230.04,7.0,5.0,1,1,5.0,3.4657359027997265,7.234602774597198,0.014838444272836843,0,2,0.07775230081393156,-2.4732856986067,True
300,대조,0,6.0,16.0,419.02,195.0,1.0,1.5,0.0,6,1,0.0,0.0,0.0,92.84,3.0,6.0,0,1,6.0,2.833213344056216,6.040302329191282,0.0035797813946828313,0,6,0.07876066387289311,-2.459306185200841,True
302,대조,0,2.0,18.0,235.19,87.0,4.0,13.08,0.0,1,1,7.28,3.0,3.0,80.57000000000001,6.0,2.0,1,1,2.0,2.9444389791664403,5.4646365658644855,0.055614609464688124,0,1,0.026050222515381145,-3.621333429135498,True
303,대조,0,1.0,25.0,682.54,13314.0,3.0,13.65,0.0,4,0,0.0,0.0,0.0,500.29,13.0,1.0,0,1,1.0,3.258096538021482,6.527285176763272,0.019998827907521905,0,4,0.07106093790565997,-2.5705053522094596,True
304,처치,1,2.0,41.0,1295.23,48270.0,6.0,15.08,0.0,8,1,4.67,3.0,2.0,430.89,17.0,2.0,1,1,2.0,3.7376696182833684,7.167215330302239,0.011642719825822441,0,6,0.25199398598105177,-1.0880057960023497,True
306,대조,0,6.0,54.0,1616.67,109832.0,19.0,46.87,0.0,4,1,11.34,5.0,5.0,417.1,12.0,6.0,1,1,6.0,4.007333185232471,7.388742121316067,0.0289916928006334,0,4,0.22943412548445755,-1.2115091935356643,True
307,대조,0,1.0,71.0,490.41,11090.0,4.0,5.0,1.0,4,0,0.0,0.0,0.0,125.52000000000001,19.0,1.0,0,1,1.0,4.276666119016055,6.19727880990037,0.010195550661691238,1,4,0.05671895127872421,-2.811255882440597,True
308,대조,0,7.0,19.0,738.5,9744.0,11.0,30.92,0.0,1,0,0.0,0.0,0.0,187.75,6.0,7.0,0,1,7.0,2.995732273553991,6.6059742821508545,0.04186865267433988,0,1,0.0381115629316061,-3.2283807490496055,True
312,대조,0,55.0,2.0,173.53,56.0,1.0,1.88,0.0,2,0,0.0,0.0,0.0,117.57000000000001,2.0,55.0,0,1,55.0,1.0986122886681098,5.162096646636745,0.010833861580130236,0,2,0.002930584403775192,-5.829618533653996,False
314,대조,0,8.0,6.0,502.86,255.0,0.0,0.0,0.0,1,1,0.0,0.0,0.0,221.19,2.0,8.0,0,1,8.0,1.9459101490553132,6.222298451706198,0.0,0,1,0.0212108467281378,-3.8318035608922805,True
317,대조,0,6.0,6.0,597.77,193.0,3.0,14.2,0.0,6,1,2.77,1.0,1.0,463.04,4.0,6.0,1,1,6.0,1.9459101490553132,6.3948775510900155,0.02375495591950081,0,6,0.08872459432028723,-2.329308036771723,True
318,대조,0,37.0,3.0,55.43,25.0,1.0,1.67,0.0,3,0,6.78,4.0,3.0,31.94,3.0,37.0,1,1,37.0,1.3862943611198906,4.033000931981049,0.03012808948222984,0,3,0.002433200482883091,-6.016111651535913,False
319,대조,0,20.0,14.0,485.34000000000003,34338.0,2.0,4.17,0.0,5,1,0.0,0.0,0.0,35.17,3.0,20.0,0,1,20.0,2.70805020110221,6.186907967779913,0.008591914946223266,0,5,0.057557198398417136,-2.795696021406952,True
321,대조,0,9.0,12.0,831.51,280.0,4.0,15.43,0.0,7,1,17.93,8.0,6.0,276.33,4.0,9.0,1,1,9.0,2.5649493574615367,6.724445233794468,0.018556601844836502,0,6,0.1274027458024603,-1.924120818478293,True
322,대조,0,43.0,6.0,133.52,55.0,6.0,16.15,0.0,3,0,0.0,0.0,0.0,143.86,4.0,43.0,0,1,43.0,1.9459101490553132,4.901712886872069,0.12095566207309764,0,3,0.010528744491854109,-4.543061627614529,True
330,대조,0,36.0,15.0,66.93,59.0,0.0,0.0,0.0,2,0,7.0,7.0,2.0,135.39000000000001,3.0,36.0,1,1,36.0,2.772588722239781,4.218477763203211,0.0,0,2,0.0029856530017365293,-5.810946676056451,False
331,대조,0,50.0,8.0,200.62,72.0,0.0,0.0,0.0,2,0,0.0,0.0,0.0,40.23,3.0,50.0,0,1,50.0,2.1972245773362196,5.3063847376257955,0.0,0,2,0.004837138589872903,-5.326583058112519,False
333,대조,0,80.0,2.0,80.96000000000001,32.0,1.0,1.5,0.0,1,0,0.0,0.0,0.0,2.99,1.0,80.0,0,1,80.0,1.0986122886681098,4.406231323370699,0.01852766798418972,0,1,0.0008887182296492165,-7.02484121134208,False
335,대조,0,5.0,15.0,275.38,115.0,0.0,0.0,0.0,3,0,0.0,0.0,0.0,21.95,1.0,5.0,0,1,5.0,2.772588722239781,5.6217767303753385,0.0,0,3,0.01928354625077036,-3.929031173376423,True
336,대조,0,38.0,14.0,412.15000000000003,9864.0,2.0,4.38,0.0,2,0,0.0,0.0,0.0,24.03,2.0,38.0,0,1,38.0,2.70805020110221,6.023810723147194,0.01062719883537547,0,2,0.013532519459349126,-4.289034722780055,True
337,대조,0,42.0,7.0,105.36,46.0,0.0,0.0,0.0,1,0,0.0,0.0,0.0,0.0,0.0,42.0,0,0,42.0,2.0794415416798357,4.666829566374819,0.0,0,1,0.002459609674105468,-6.005289971206853,False
339,대조,0,1.0,8.0,128.72,89.0,0.0,0.0,0.0,2,0,0.0,0.0,0.0,41.96,2.0,1.0,0,1,1.0,2.1972245773362196,4.865378281439117,0.0,0,2,0.007198288875339603,-4.926687615848552,True
342,처치,1,2.0,12.0,334.75,167.0,1.0,2.59,0.0,1,0,0.0,0.0,0.0,216.39,3.0,2.0,0,1,2.0,2.5649493574615367,5.816366835403347,0.007737117251680358,0,1,0.014766790784330934,-4.200497580166672,True
343,대조,0,9.0,8.0,220.13,55.0,1.0,2.0,0.0,1,0,2.79,1.0,1.0,180.49,2.0,9.0,1,1,9.0,2.1972245773362196,5.398750763869307,0.00908554036251306,0,1,0.008365485016028032,-4.775240292569889,True
346,대조,0,6.0,17.0,1477.58,389.0,1.0,3.0,0.0,3,1,0.0,0.0,0.0,249.07,4.0,6.0,0,1,6.0,2.8903717578961645,7.298837446722848,0.00203034691861016,0,3,0.10911810537785409,-2.0997810337450105,True
348,대조,0,1.0,52.0,1154.63,52510.0,7.0,15.86,0.0,1,0,0.0,0.0,0.0,116.55,1.0,1.0,0,1,1.0,3.970291913552122,7.05240092879509,0.01373600200930168,0,1,0.06749505408066934,-2.625820133123921,True
350,대조,0,17.0,12.0,522.32,11769.0,1.0,4.99,0.0,5,1,3.76,2.0,2.0,51.84,2.0,17.0,1,1,17.0,2.5649493574615367,6.2601931316426755,0.009553530402818195,0,5,0.061176739336504124,-2.730860199616754,True
353,대조,0,15.0,23.0,986.28,376.0,3.0,10.76,1.0,3,1,4.49,2.0,2.0,248.87,6.0,15.0,1,1,15.0,3.1780538303479458,6.894953687144928,0.01090968082086223,1,3,0.06516985444172643,-2.6633678434562906,True
354,대조,0,1.0,15.0,1239.42,531.0,10.0,37.910000000000004,0.0,7,1,15.920000000000002,5.0,4.0,655.17,9.0,1.0,1,1,1.0,2.772588722239781,7.123205310927329,0.030586887415081247,0,6,0.21259607803012998,-1.309347341318796,True
356,대조,0,1.0,30.0,473.94,30743.0,1.0,1.88,0.0,1,0,5.5,2.0,2.0,72.69,5.0,1.0,1,1,1.0,3.4339872044851463,6.1631884802666566,0.003966746845592269,0,1,0.026054989843752298,-3.621145545742843,True
362,대조,0,4.0,10.0,386.43,171.0,1.0,2.0,0.0,3,1,0.0,0.0,1.0,133.18,4.0,4.0,1,1,4.0,2.3978952727983707,5.959535187313809,0.005175581605982972,0,3,0.03455801035997821,-3.329946645155914,True
364,대조,0,18.0,4.0,75.06,32.0,2.0,5.0,0.0,5,0,0.0,0.0,0.0,149.65,4.0,18.0,0,1,18.0,1.6094379124341003,4.331522502500114,0.06661337596589395,0,5,0.009294754853240429,-4.668966811570114,True
365,대조,0,1.0,18.0,726.17,55372.0,0.0,0.0,0.0,7,0,2.5,1.0,1.0,322.2,9.0,1.0,1,1,1.0,2.9444389791664403,6.589160287886882,0.0,0,6,0.09042603450165758,-2.308444101891876,True
368,대조,0,13.0,4.0,214.36,68.0,3.0,20.17,0.0,3,0,0.0,0.0,0.0,10.379999999999999,1.0,13.0,0,1,13.0,1.6094379124341003,5.372311046456363,0.09409404739690241,0,3,0.018117525966115062,-3.992591865775757,True
370,대조,0,,0.0,0.0,0.0,0.0,0.0,0.0,1,1,0.0,0.0,0.0,0.0,0.0,90.0,0,0,90.0,0.0,0.0,0.0,0,1,1.738146346898763e-05,-10.960088855857956,False
376,대조,0,4.0,38.0,439.35,297.0,2.0,5.87,0.0,6,0,1.67,1.0,1.0,214.07,20.0,4.0,1,1,4.0,3.6635616461296463,6.087569865251469,0.013360646409468532,0,6,0.08121992576250507,-2.4258861756272445,True
377,대조,0,1.0,17.0,665.11,315.0,1.0,2.5,0.0,5,1,0.0,0.0,0.0,64.28,4.0,1.0,0,1,1.0,2.8903717578961645,6.5014548220672905,0.003758776743696531,0,5,0.09899496962576004,-2.2084418037114038,True
378,대조,0,4.0,31.0,461.81,183.0,3.0,4.0,3.0,5,1,0.0,0.0,0.0,160.99,9.0,4.0,0,1,4.0,3.4657359027997265,6.137316602691958,0.008661570775860203,1,5,0.07086439361045963,-2.5734865968263754,True
381,대조,0,8.0,15.0,554.91,9169.0,4.0,10.64,0.0,5,1,1.88,1.0,1.0,144.03,3.0,8.0,1,1,8.0,2.772588722239781,6.320606410644541,0.01917428051395722,0,5,0.08326847054387826,-2.398744686249522,True
383,대조,0,26.0,22.0,692.88,48123.0,7.0,41.35,0.0,4,1,18.48,4.0,4.0,138.68,3.0,26.0,1,1,26.0,3.1354942159291497,6.542299034893208,0.05967844359773698,0,4,0.09020047342521974,-2.311189599102478,True
386,처치,1,2.0,48.0,492.66,400.0,6.0,7.1,0.0,4,1,8.5,7.0,6.0,235.46,24.0,2.0,1,1,2.0,3.8918202981106265,6.201847021119578,0.01441156172613973,0,4,0.09283809172157238,-2.279463917153154,True
387,대조,0,2.0,14.0,728.32,228.0,10.0,28.84,0.0,3,1,17.27,6.0,5.0,735.0,7.0,2.0,1,1,2.0,2.70805020110221,6.592112593171004,0.039597978910369064,0,3,0.08175555344480295,-2.4187298973077604,True
390,대조,0,5.0,21.0,260.53000000000003,96.0,9.0,19.82,0.0,3,1,0.0,0.0,0.0,73.74000000000001,4.0,5.0,0,1,5.0,3.091042453358316,5.566548999678172,0.07607569185890299,0,3,0.05103246975606876,-2.922912491293683,True
391,대조,0,46.0,16.0,133.96,73.0,2.0,10.96,0.0,2,1,0.0,0.0,0.0,0.0,0.0,46.0,0,0,46.0,2.833213344056216,4.904978438237713,0.08181546730367274,0,2,0.012203172086764084,-4.393781111782151,True
393,대조,0,5.0,29.0,824.8,382.0,4.0,11.379999999999999,0.0,4,0,0.0,0.0,0.0,97.64,5.0,5.0,0,1,5.0,3.4011973816621555,6.71635261345199,0.013797284190106692,0,4,0.07794627421000866,-2.470583695596912,True
394,대조,0,12.0,9.0,247.97,83.0,1.0,2.99,0.0,4,0,0.0,0.0,0.0,97.65,4.0,12.0,0,1,12.0,2.302585092994046,5.517332407278467,0.01205791023107634,0,4,0.01850530246405698,-3.9710193005978445,True
396,대조,0,10.0,14.0,380.15,157.0,1.0,3.0,0.0,3,0,0.0,0.0,0.0,74.12,3.0,10.0,0,1,10.0,2.70805020110221,5.943192998434283,0.00789162172826516,0,3,0.02398143402768824,-3.7062016599455876,True
398,대조,0,3.0,22.0,203.6,32491.0,0.0,0.0,0.0,1,0,18.0,12.0,7.0,276.05,13.0,3.0,1,1,3.0,3.1354942159291497,5.321056853517526,0.0,0,1,0.0111591831017362,-4.4842706095722065,True
402,대조,0,4.0,11.0,302.66,117.0,1.0,2.0,0.0,2,0,0.0,0.0,0.0,383.03000000000003,7.0,4.0,0,1,4.0,2.4849066497880004,5.715908654454042,0.006608075067732769,0,2,0.015990809207184348,-4.119621104601421,True
403,대조,0,17.0,8.0,118.64,36.0,2.0,3.52,0.0,1,0,0.0,0.0,0.0,0.0,0.0,17.0,0,0,17.0,2.1972245773362196,4.784487233761747,0.029669588671611596,0,1,0.005152241003961562,-5.263157952990634,False
404,대조,0,2.0,26.0,557.09,42973.0,6.0,17.560000000000002,0.0,8,1,19.8,10.0,9.0,470.32,14.0,2.0,1,1,2.0,3.295836866004329,6.324520239698006,0.03152093916602344,0,6,0.14191330271210706,-1.799488813310998,True
405,대조,0,17.0,10.0,323.52,22078.0,2.0,2.5,0.0,3,0,0.0,0.0,0.0,170.52,5.0,17.0,0,1,17.0,2.3978952727983707,5.782347167526864,0.0077274975272007915,0,3,0.016982442114603896,-4.058446987973654,True
408,대조,0,19.0,6.0,509.8,150.0,3.0,9.49,0.0,4,0,0.0,0.0,0.0,0.0,0.0,19.0,0,0,19.0,1.9459101490553132,6.235978124158384,0.01861514319340918,0,4,0.027630831779220946,-3.5608032923613924,True
409,대조,0,9.0,21.0,578.03,74333.0,2.0,8.52,0.0,8,1,9.54,4.0,4.0,464.65,9.0,9.0,1,1,9.0,3.091042453358316,6.361354289702226,0.014739719391727073,0,6,0.1120630171398252,-2.0698394091270877,True
410,대조,0,3.0,23.0,199.09,102.0,0.0,0.0,0.0,1,1,0.0,0.0,0.0,60.120000000000005,7.0,3.0,0,1,3.0,3.1780538303479458,5.298767265328402,0.0,0,1,0.016437008735616123,-4.091646261150714,True
414,대조,0,10.0,21.0,266.88,5863.0,2.0,7.76,0.0,4,0,1.88,1.0,1.0,134.25,8.0,10.0,1,1,10.0,3.091042453358316,5.59053911904185,0.02907673860911271,0,4,0.0298144802265415,-3.482493121572569,True
419,대조,0,18.0,5.0,35.45,10.0,1.0,1.5,0.0,1,0,0.0,0.0,0.0,0.0,0.0,18.0,0,0,18.0,1.791759469228055,3.5959414584546674,0.04231311706629055,0,1,0.0018026490327951994,-6.316693735300881,False
420,대조,0,9.0,2.0,12.08,4.0,0.0,0.0,0.0,5,0,0.0,0.0,0.0,8.370000000000001,2.0,9.0,0,1,9.0,1.0986122886681098,2.5710843460290524,0.0,0,5,0.0012982866112428563,-6.645410745065355,False
426,대조,0,3.0,30.0,1102.67,136245.0,4.0,11.36,5.0,3,1,1.5,1.0,1.0,390.54,13.0,3.0,1,1,3.0,3.4339872044851463,7.006396269110154,0.010302266317211857,1,3,0.09125714047743493,-2.2983809301365348,True
428,대조,0,39.0,7.0,316.04,181.0,10.0,47.42,0.0,5,1,0.0,0.0,0.0,11.870000000000001,1.0,39.0,0,1,39.0,2.0794415416798357,5.75902794888218,0.1500442981901025,0,5,0.06573203080653066,-2.6541769640099298,True
430,대조,0,3.0,32.0,1185.8,454.0,15.0,28.08,0.0,1,0,0.0,0.0,0.0,362.75,8.0,3.0,0,1,3.0,3.4965075614664802,7.0790158884166665,0.023680215888008095,0,1,0.061297019678751084,-2.728767891140503,True
432,대조,0,1.0,43.0,505.5,37557.0,1.0,1.0,0.0,2,1,0.0,0.0,0.0,165.43,13.0,1.0,0,1,1.0,3.784189633918261,6.227524323688738,0.0019782393669634025,0,2,0.05561292145320834,-2.8321205484418526,True
433,대조,0,4.0,11.0,116.9,58.0,0.0,0.0,0.0,2,0,5.0,2.0,1.0,92.47,5.0,4.0,1,1,4.0,2.4849066497880004,4.769836807543325,0.0,0,2,0.007014233618666485,-4.952774871342523,True
436,대조,0,3.0,4.0,325.26,124.0,2.0,3.84,0.0,1,0,0.0,0.0,0.0,0.0,0.0,3.0,0,0,3.0,1.6094379124341003,5.787694609508157,0.01180593986349382,0,1,0.010523529183040878,-4.543562361174876,True
437,대조,0,5.0,14.0,627.0,67703.0,3.0,7.5,1.0,8,1,2.0,2.0,1.0,104.92,2.0,5.0,1,1,5.0,2.70805020110221,6.4425401664681985,0.011961722488038277,1,6,0.08752240237209707,-2.344268746906611,True
439,대조,0,30.0,5.0,62.85,29.0,0.0,0.0,0.0,1,0,0.0,0.0,0.0,2.61,1.0,30.0,0,1,30.0,1.791759469228055,4.156536582478548,0.0,0,1,0.001758219943592272,-6.341693609997604,False
441,대조,0,4.0,13.0,318.04,113.0,4.0,7.99,0.0,1,1,6.96,4.0,3.0,106.91,4.0,4.0,1,1,4.0,2.6390573296152584,5.765316486773473,0.02512262608476921,0,1,0.023486726540891626,-3.7275529095889275,True
442,대조,0,2.0,72.0,658.13,55247.0,0.0,0.0,0.0,2,1,0.0,0.0,0.0,369.28,29.0,2.0,0,1,2.0,4.290459441148391,6.490920783636389,0.0,0,2,0.07821612000927014,-2.4668350280653724,True
443,대조,0,7.0,17.0,453.97,277.0,4.0,8.879999999999999,0.0,4,1,2.67,2.0,2.0,155.66,7.0,7.0,1,1,7.0,2.8903717578961645,6.1202314827112705,0.019560763927131745,0,4,0.06080717164246053,-2.737313076477411,True
445,대조,0,23.0,7.0,55.480000000000004,20.0,1.0,2.88,0.0,6,0,0.0,0.0,0.0,0.0,0.0,23.0,0,0,23.0,2.0794415416798357,4.033886593184986,0.05191059841384282,0,6,0.008973775385766734,-4.704434518962865,True
447,대조,0,13.0,4.0,107.41,66.0,3.0,5.5,0.0,4,0,1.89,1.0,1.0,156.64000000000001,7.0,13.0,1,1,13.0,1.6094379124341003,4.685920335673201,0.051205660553021136,0,4,0.00958146853270108,-4.638296741100572,True
450,대조,0,9.0,9.0,229.69,114.0,1.0,1.76,0.0,1,0,3.0,3.0,1.0,86.36,3.0,9.0,1,1,9.0,2.302585092994046,5.441074817902994,0.007662501632635291,0,1,0.008892769488507729,-4.713584203300032,True
451,대조,0,3.0,29.0,388.89,10197.0,0.0,0.0,0.0,3,1,0.0,0.0,0.0,109.0,10.0,3.0,0,1,3.0,3.4011973816621555,5.965864648057697,0.0,0,3,0.04757412931988054,-2.996723166111019,True
458,대조,0,1.0,13.0,178.15,94.0,3.0,9.5,2.0,5,1,0.0,0.0,0.0,119.54,10.0,1.0,0,1,1.0,2.6390573296152584,5.188223443750963,0.05332584900364861,1,5,0.03616030178369026,-3.282963111348738,True
459,대조,0,6.0,5.0,194.62,38.0,0.0,0.0,0.0,2,0,0.0,0.0,0.0,75.16,2.0,6.0,0,1,6.0,1.791759469228055,5.276174001862347,0.0,0,2,0.008123371194321542,-4.804853493699325,True
460,대조,0,5.0,13.0,152.3,3862.0,1.0,1.5,1.0,4,1,0.0,0.0,0.0,23.09,4.0,5.0,0,1,5.0,2.6390573296152584,5.0323967858777685,0.00984898227183191,1,4,0.017673904695278086,-4.017834085129578,True
462,대조,0,9.0,9.0,163.66,64.0,3.0,5.48,0.0,1,1,0.0,0.0,0.0,43.36,4.0,9.0,0,1,9.0,2.302585092994046,5.10388274187028,0.03348405230355616,0,1,0.011980285649228458,-4.412440215099969,True
463,대조,0,2.0,95.0,857.19,96276.0,1.0,2.5,1.0,4,0,1.67,1.0,1.0,220.3,17.0,2.0,1,1,2.0,4.564348191467836,6.754825520194034,0.002916506258822431,1,4,0.08982927850967393,-2.315721224469774,True
467,대조,0,3.0,34.0,705.38,295.0,7.0,11.690000000000001,0.0,7,0,0.0,0.0,0.0,41.11,4.0,3.0,0,1,3.0,3.5553480614894135,6.5601533363181606,0.016572627519918344,0,6,0.11584371028952664,-2.032391887768135,True
468,대조,0,1.0,55.0,1266.57,489.0,4.0,5.89,0.0,7,0,5.6499999999999995,3.0,3.0,623.52,22.0,1.0,1,1,1.0,4.02535169073515,7.144856960764851,0.004650354895505184,0,6,0.19198748181325473,-1.4371473801935175,True
470,대조,0,2.0,15.0,236.64000000000001,3085.0,0.0,0.0,0.0,6,0,0.0,0.0,0.0,168.84,10.0,2.0,0,1,2.0,2.772588722239781,5.47075692348754,0.0,0,6,0.0351311753369564,-3.312903236601697,True
473,대조,0,11.0,10.0,477.1,53605.0,3.0,8.0,3.0,2,1,0.0,0.0,0.0,0.0,0.0,11.0,0,0,11.0,2.3978952727983707,6.169819915632058,0.016767973171242925,1,2,0.024979042123762396,-3.6644218077883766,True
475,대조,0,18.0,8.0,184.82,40.0,2.0,6.07,0.0,1,0,0.0,0.0,0.0,0.0,0.0,18.0,0,0,18.0,2.1972245773362196,5.224778463213166,0.03284276593442268,0,1,0.007462652716217046,-4.8903536983644225,True
476,대조,0,14.0,2.0,55.71,33.0,0.0,0.0,0.0,1,0,0.0,0.0,0.0,0.0,0.0,14.0,0,0,14.0,1.0986122886681098,4.037950562025936,0.0,0,1,0.0016076276701527236,-6.431386762159179,False
479,대조,0,1.0,12.0,62.45,38.0,0.0,0.0,0.0,2,0,0.0,0.0,0.0,40.48,8.0,1.0,0,1,1.0,2.5649493574615367,4.150252194160397,0.0,0,2,0.004529363597173522,-5.392634183387903,False
480,대조,0,6.0,16.0,581.47,57519.0,2.0,7.14,0.0,4,0,0.0,0.0,0.0,25.559999999999995,1.0,6.0,0,1,6.0,2.833213344056216,6.367277681967652,0.012279223347722152,0,4,0.04811554857248178,-2.984838272852773,True
481,대조,0,10.0,4.0,160.85,92.0,1.0,5.0,0.0,1,0,0.0,0.0,0.0,138.74,2.0,10.0,0,1,10.0,1.6094379124341003,5.086669980372253,0.031084861672365557,0,1,0.006076355583710567,-5.097255281537613,False
482,대조,0,6.0,2.0,44.81,7.0,0.0,0.0,0.0,1,0,14.57,5.0,2.0,312.22,4.0,6.0,1,1,6.0,1.0986122886681098,3.8245024078986507,0.0,0,1,0.0015259856537568287,-6.4835875962162,False
483,대조,0,1.0,17.0,427.91,206.0,2.0,4.88,0.0,3,1,0.0,0.0,0.0,98.88,4.0,1.0,0,1,1.0,2.8903717578961645,6.061247106709183,0.011404267252459629,0,3,0.04822518501095042,-2.9824470727385295,True
484,대조,0,4.0,30.0,767.26,322.0,6.0,12.48,2.0,3,1,15.450000000000001,5.0,5.0,118.13,3.0,4.0,1,1,4.0,3.4339872044851463,6.644128217522039,0.01626567265333785,1,3,0.07094757602264823,-2.5722239293310416,True
485,처치,1,1.0,23.0,933.63,86209.0,3.0,8.08,2.0,1,1,8.25,7.0,6.0,296.49,6.0,1.0,1,1,1.0,3.1780538303479458,6.84015072904497,0.00865439199682958,1,1,0.04883557210676135,-2.9692279636649936,True
489,대조,0,2.0,56.0,1031.46,117704.0,5.0,16.79,0.0,6,1,0.0,0.0,0.0,365.76,21.0,2.0,0,1,2.0,4.04305126783455,6.939699583164642,0.016277897349388244,0,6,0.24278926167015707,-1.1374477697154535,True
490,대조,0,3.0,11.0,728.62,15465.0,14.0,38.85,2.0,5,1,0.0,0.0,0.0,111.33,2.0,3.0,0,1,3.0,2.4849066497880004,6.592523850665113,0.05331997474678159,1,5,0.09961499681737516,-2.2015097294544645,True
491,대조,0,4.0,18.0,906.74,56092.0,1.0,2.9,0.0,5,1,2.5,1.0,1.0,317.54,10.0,4.0,1,1,4.0,2.9444389791664403,6.810957993984799,0.003198270728102874,0,5,0.1209509214414999,-1.9834558752699205,True
493,대조,0,1.0,46.0,774.15,58723.0,14.0,31.310000000000002,0.0,5,1,20.21,9.0,8.0,370.41,12.0,1.0,1,1,1.0,3.8501476017100584,6.653056559012371,0.04044435832848931,0,5,0.18458621398541702,-1.485579058488608,True
502,대조,0,21.0,2.0,24.299999999999997,14.0,0.0,0.0,0.0,1,0,0.0,0.0,0.0,98.94,4.0,21.0,0,1,21.0,1.0986122886681098,3.2308043957334744,0.0,0,1,0.0007376648758941377,-7.211282997117305,False
507,대조,0,6.0,5.0,36.75,15.0,0.0,0.0,0.0,1,0,9.99,5.0,4.0,78.24,2.0,6.0,1,1,6.0,1.791759469228055,3.6309854756950335,0.0,0,1,0.0016539302306417963,-6.402945565986752,False
508,대조,0,27.0,6.0,170.65,94.0,1.0,9.79,0.0,1,0,4.63,2.0,2.0,41.53,2.0,27.0,1,1,27.0,1.9459101490553132,5.145457519903701,0.057368883680046875,0,1,0.006634211511313975,-5.008859140332746,True
510,처치,1,1.0,46.0,1045.46,16139.0,3.0,8.18,0.0,10,1,6.75,3.0,3.0,391.15,13.0,1.0,1,1,1.0,3.8501476017100584,6.953168318508633,0.007824307003615633,0,6,0.22472570145141757,-1.238336346513232,True
513,처치,1,3.0,19.0,1437.29,401.0,7.0,36.72,0.0,5,1,26.520000000000003,12.0,6.0,454.72,6.0,3.0,1,1,3.0,2.995732273553991,7.271210186933237,0.025548080067348967,0,5,0.19661099067514945,-1.4076119317387072,True
514,대조,0,1.0,13.0,364.99,8997.0,1.0,2.5,0.0,2,0,0.0,0.0,0.0,234.63,7.0,1.0,0,1,1.0,2.6390573296152584,5.902606010623731,0.006849502726102085,0,2,0.02058840511420539,-3.8622239191649923,True
515,대조,0,11.0,6.0,232.13,152.0,5.0,13.5,0.0,3,0,0.0,0.0,0.0,100.99,2.0,11.0,0,1,11.0,1.9459101490553132,5.451596237889261,0.05815706716064274,0,3,0.01736754787070066,-4.035631746065591,True
519,대조,0,26.0,3.0,30.48,17.0,0.0,0.0,0.0,1,0,0.0,0.0,0.0,12.04,1.0,26.0,0,1,26.0,1.3862943611198906,3.4493524235492026,0.0,0,1,0.0009040218659613114,-7.007752579114155,False
520,대조,0,15.0,12.0,221.76,117.0,2.0,5.34,0.0,1,0,5.54,2.0,2.0,97.87,7.0,15.0,1,1,15.0,2.5649493574615367,5.406094958721468,0.02408008658008658,0,1,0.009684194014308032,-4.627528814808578,True
523,대조,0,3.0,84.0,2167.55,159896.0,12.0,44.769999999999996,1.0,2,1,2.5,2.0,2.0,391.52,20.0,3.0,1,1,3.0,4.442651256490317,7.681814020422562,0.02065465617863486,1,2,0.17602397047819046,-1.5435212574370427,True
524,대조,0,1.0,4.0,29.93,16.0,0.0,0.0,0.0,5,0,0.0,0.0,0.0,27.3,3.0,1.0,0,1,1.0,1.6094379124341003,3.4317265866969784,0.0,0,5,0.0035844774750388615,-5.627551651573301,False
527,대조,0,2.0,20.0,547.92,217.0,1.0,1.67,0.0,3,1,5.49,2.0,2.0,170.31,6.0,2.0,1,1,2.0,3.044522437723423,6.307952711401432,0.003047890202949336,0,3,0.05736084780761258,-2.799321573358076,True
529,대조,0,,0.0,0.0,0.0,0.0,0.0,0.0,2,0,0.0,0.0,0.0,0.0,0.0,90.0,0,0,90.0,0.0,0.0,0.0,0,2,1.4741138439175728e-05,-11.124853698258944,False
530,대조,0,4.0,7.0,235.64000000000001,88.0,1.0,2.0,0.0,1,0,0.0,0.0,0.0,2.98,1.0,4.0,0,1,4.0,2.0794415416798357,5.46653999896249,0.008487523340689187,0,1,0.009138780464271986,-4.6860475355445335,True
533,대조,0,35.0,9.0,361.85,166.0,1.0,0.88,0.0,2,0,0.0,0.0,0.0,126.28,3.0,35.0,0,1,35.0,2.302585092994046,5.893989525724146,0.002431946939339505,0,2,0.010458332366187791,-4.549842857634833,True
534,대조,0,1.0,77.0,229.44,169.0,2.0,7.220000000000001,0.0,3,1,0.0,0.0,0.0,71.08,25.0,1.0,0,1,1.0,4.356708826689592,5.439990524864182,0.03146792189679219,0,3,0.05498369773522811,-2.84416544193693,True
536,대조,0,12.0,10.0,81.26,42.0,2.0,6.27,0.0,4,0,0.0,0.0,0.0,0.0,0.0,12.0,0,0,12.0,2.3978952727983707,4.409884962802278,0.07715973418656165,0,4,0.012230547875731959,-4.391512576081289,True
537,대조,0,8.0,6.0,166.3,47.0,1.0,1.0,0.0,1,0,0.0,0.0,0.0,45.09,2.0,8.0,0,1,8.0,1.9459101490553132,5.119788607992779,0.006013229104028863,0,1,0.006054768642120645,-5.100835939019734,False
538,처치,1,6.0,12.0,842.47,334.0,6.0,25.42,0.0,2,0,25.44,5.0,4.0,458.93,5.0,6.0,1,1,6.0,2.5649493574615367,6.737524335259877,0.030173181240875046,0,2,0.042873185920619464,-3.1056893010720366,True
541,대조,0,30.0,8.0,287.89,5018.0,2.0,5.0,0.0,1,0,2.5,2.0,2.0,33.37,2.0,30.0,1,1,30.0,2.1972245773362196,5.666045992819804,0.01736774462468304,0,1,0.007984128060544176,-4.822283528567997,True
542,대조,0,1.0,21.0,444.41,18513.0,3.0,15.22,0.0,2,1,0.0,0.0,0.0,35.769999999999996,4.0,1.0,0,1,1.0,3.091042453358316,6.098995206300014,0.03424765419319997,0,2,0.049775159178991814,-2.9491825832241627,True
544,대조,0,31.0,4.0,14.73,16.0,0.0,0.0,0.0,3,0,0.0,0.0,0.0,55.71,8.0,31.0,0,1,31.0,1.6094379124341003,2.7555697170701863,0.0,0,3,0.0008069845714787887,-7.121398697884087,False
545,대조,0,3.0,11.0,346.72,182.0,0.0,0.0,3.0,3,0,0.0,0.0,0.0,150.6,3.0,3.0,0,1,3.0,2.4849066497880004,5.851397558210864,0.0,1,3,0.01698396126779436,-4.058355992233115,True
546,대조,0,26.0,7.0,269.31,15621.0,2.0,4.0,2.0,3,1,0.0,0.0,0.0,0.0,0.0,26.0,0,0,26.0,2.0794415416798357,5.599569448528517,0.014852771898555567,1,3,0.013847563098973024,-4.265701676352804,True
548,대조,0,7.0,16.0,476.82,20516.0,1.0,1.79,0.0,5,1,5.0,4.0,4.0,130.28,2.0,7.0,1,1,7.0,2.833213344056216,6.169234092533874,0.0037540371628706853,0,5,0.06925733507728951,-2.598153770745542,True
549,대조,0,26.0,3.0,59.19,24.0,0.0,0.0,0.0,1,0,0.0,0.0,0.0,6.49,1.0,26.0,0,1,26.0,1.3862943611198906,4.0975062255596795,0.0,0,1,0.0015477902089122038,-6.4693780476837235,False
558,대조,0,1.0,15.0,299.09000000000003,125.0,0.0,0.0,0.0,4,0,3.19,1.0,1.0,88.97,7.0,1.0,1,1,1.0,2.772588722239781,5.704082429665199,0.0,0,4,0.027476440357138945,-3.566565377855749,True
562,대조,0,2.0,16.0,693.46,229.0,8.0,30.15,0.0,2,0,47.480000000000004,22.0,9.0,156.19,3.0,2.0,1,1,2.0,2.833213344056216,6.543134565143352,0.043477633893807856,0,2,0.04671209544757409,-3.0159138271436152,True
563,대조,0,37.0,9.0,284.82,32636.0,0.0,0.0,0.0,1,0,2.5,1.0,1.0,161.12,3.0,37.0,1,1,37.0,2.302585092994046,5.6553622420536485,0.0,0,1,0.006507345702302038,-5.0282950213461275,True
566,대조,0,,0.0,0.0,0.0,0.0,0.0,0.0,1,0,1.67,1.0,1.0,35.42,2.0,90.0,1,1,90.0,0.0,0.0,0.0,0,1,1.1694192252631282e-05,-11.356406533805565,False
567,처치,1,3.0,47.0,670.36,2741.0,2.0,8.48,0.0,3,1,1.67,1.0,1.0,167.5,10.0,3.0,1,1,3.0,3.871201010907891,6.509305505767878,0.012649919446267678,0,3,0.0918656074522518,-2.291065656568053,True
568,대조,0,2.0,42.0,1855.1200000000001,801.0,4.0,10.19,0.0,7,0,3.55,2.0,2.0,660.09,7.0,2.0,1,1,2.0,3.7612001156935624,7.526243566428504,0.005492906119280693,0,6,0.22759364290346915,-1.221949009979068,True
569,대조,0,3.0,7.0,496.39,132.0,3.0,7.88,0.0,7,1,0.0,0.0,0.0,310.25,5.0,3.0,0,1,3.0,2.0794415416798357,6.209374426623579,0.01587461471826588,0,6,0.07970139143788063,-2.4464111478177726,True
570,대조,0,22.0,5.0,157.69,64.0,0.0,0.0,0.0,1,0,0.0,0.0,0.0,130.79,3.0,22.0,0,1,22.0,1.791759469228055,5.066952613574751,0.0,0,1,0.004233930216550026,-5.460381669410192,False
572,대조,0,,0.0,0.0,0.0,0.0,0.0,0.0,2,0,0.0,0.0,0.0,0.0,0.0,90.0,0,0,90.0,0.0,0.0,0.0,0,2,1.4741138439175728e-05,-11.124853698258944,False
573,대조,0,34.0,8.0,182.98,76.0,4.0,17.77,0.0,3,0,0.0,0.0,0.0,6.0,1.0,34.0,0,1,34.0,2.1972245773362196,5.214827056049011,0.09711443873647393,0,3,0.014408033119194386,-4.225456535721814,True
574,처치,1,3.0,21.0,1317.81,46874.0,18.0,38.85,5.0,8,1,29.830000000000002,11.0,9.0,305.54,9.0,3.0,1,1,3.0,3.091042453358316,7.184485093819722,0.02948072939194573,1,6,0.19187261153692897,-1.4378880348351935,True
576,대조,0,31.0,7.0,246.52,108.0,5.0,11.719999999999999,0.0,9,1,0.0,0.0,0.0,43.29,1.0,31.0,0,1,31.0,2.0794415416798357,5.511491386824756,0.047541781599870186,0,6,0.03779112003802854,-3.2371574026350673,True
577,대조,0,13.0,6.0,940.39,315.0,10.0,42.98,0.0,1,0,7.52,4.0,3.0,183.9,2.0,13.0,1,1,13.0,1.9459101490553132,6.847357506433461,0.04570444177415753,0,1,0.030477172316190022,-3.4598260655008484,True
580,대조,0,1.0,18.0,200.1,64.0,5.0,9.36,0.0,2,0,2.5,2.0,2.0,99.05,7.0,1.0,1,1,1.0,2.9444389791664403,5.303802296778606,0.046776611694152925,0,2,0.018572184840521602,-3.967343442827847,True
581,대조,0,2.0,24.0,589.88,325.0,5.0,11.76,0.0,3,0,0.0,0.0,0.0,71.44,4.0,2.0,0,1,2.0,3.2188758248682006,6.381612951104253,0.019936258222011255,0,3,0.04960430438321966,-2.9528008076900765,True
582,대조,0,2.0,19.0,778.64,19792.0,1.0,5.0,0.0,3,1,5.47,3.0,2.0,278.23,10.0,2.0,1,1,2.0,2.995732273553991,6.65883227468044,0.006421452789479092,0,3,0.07580883883136652,-2.5007040415015087,True
583,대조,0,1.0,27.0,447.19,208.0,8.0,34.03,0.0,6,1,7.0,4.0,2.0,95.42,9.0,1.0,1,1,1.0,3.332204510175204,6.105217249649828,0.07609740826047094,0,6,0.16326462668470068,-1.6341354985999774,True
584,대조,0,,0.0,0.0,0.0,0.0,0.0,0.0,1,0,0.0,0.0,0.0,0.0,0.0,90.0,0,0,90.0,0.0,0.0,0.0,0,1,1.1694192252631282e-05,-11.356406533805565,False
586,대조,0,3.0,30.0,1177.49,39452.0,13.0,36.78,0.0,8,1,29.22,11.0,7.0,346.52,13.0,3.0,1,1,3.0,3.4339872044851463,7.071989236977435,0.031235934063134296,0,6,0.240820124075731,-1.1481884583095252,True
588,대조,0,1.0,36.0,1505.99,91715.0,9.0,18.86,9.0,10,1,0.0,0.0,0.0,305.63,12.0,1.0,0,1,1.0,3.6109179126442243,7.317869562904413,0.012523323528044675,1,6,0.22509624795431057,-1.2362107513089255,True
594,대조,0,2.0,7.0,181.09,78.0,0.0,0.0,0.0,3,0,12.5,6.0,5.0,223.77,7.0,2.0,1,1,2.0,2.0794415416798357,5.204501070343752,0.0,0,3,0.01131659640889695,-4.470103805698036,True
595,대조,0,3.0,23.0,316.12,138.0,2.0,5.49,0.0,5,1,0.0,0.0,0.0,19.46,1.0,3.0,0,1,3.0,3.1780538303479458,5.7592802511416235,0.01736682272554726,0,5,0.0654635750383226,-2.658556722486516,True
596,대조,0,9.0,12.0,543.3100000000001,168.0,9.0,31.93,0.0,4,1,18.48,6.0,6.0,141.9,6.0,9.0,1,1,9.0,2.5649493574615367,6.299518937492588,0.05876939500469345,0,4,0.07927640230050916,-2.4522193708060307,True
597,대조,0,31.0,16.0,749.1,276.0,1.0,2.5,0.0,3,1,0.0,0.0,0.0,233.41,2.0,31.0,0,1,31.0,2.833213344056216,6.620206530975591,0.0033373381391002535,0,3,0.04457689677543603,-3.0649385670998326,True
603,대조,0,12.0,6.0,13.15,20.0,0.0,0.0,0.0,5,0,0.0,0.0,0.0,21.93,6.0,12.0,0,1,12.0,1.9459101490553132,2.649714624089247,0.0,0,5,0.0017754138966333695,-6.331944710223573,False
604,대조,0,4.0,9.0,320.43,130.0,0.0,0.0,0.0,1,0,0.0,0.0,0.0,292.08,5.0,4.0,0,1,4.0,2.302585092994046,5.7727797905777205,0.0,0,1,0.011953007294019465,-4.414747356963693,True
605,대조,0,3.0,25.0,1121.2,145912.0,6.0,19.12,2.0,6,1,4.98,2.0,2.0,292.13,6.0,3.0,1,1,3.0,3.258096538021482,7.023046323316872,0.01705315733143061,1,6,0.16759037478669256,-1.6028019009342227,True
606,대조,0,2.0,13.0,373.26,167.0,0.0,0.0,0.0,3,1,2.5,1.0,1.0,201.1,4.0,2.0,1,1,2.0,2.6390573296152584,5.924950743049642,0.0,0,3,0.036246971315733685,-3.280479239576849,True
607,대조,0,61.0,3.0,21.439999999999998,11.0,0.0,0.0,0.0,3,1,0.0,0.0,0.0,0.0,0.0,61.0,0,0,61.0,1.3862943611198906,3.1108450806544954,0.0,0,3,0.0009324203286781467,-6.976793993208309,False
608,대조,0,3.0,24.0,701.3,252.0,2.0,5.49,0.0,7,1,7.52,4.0,3.0,302.58,8.0,3.0,1,1,3.0,3.2188758248682006,6.5543606631649745,0.0078283188364466,0,6,0.13935264768237957,-1.8206770873576923,True
609,대조,0,20.0,17.0,147.61,9686.0,2.0,5.5,0.0,4,1,0.0,0.0,0.0,29.779999999999998,5.0,20.0,0,1,20.0,2.8903717578961645,5.001325424770478,0.03726034821489058,0,4,0.02312959927702073,-3.7432408417336855,True
612,대조,0,1.0,35.0,898.88,74818.0,2.0,6.5,0.0,3,0,0.0,0.0,0.0,521.3,15.0,1.0,0,1,1.0,3.58351893845611,6.802261421101298,0.0072312210751157,0,3,0.07230845633842814,-2.551758205108041,True
614,처치,1,3.0,16.0,454.1,272.0,6.0,19.88,0.0,5,1,12.68,3.0,3.0,183.1,10.0,3.0,1,1,3.0,2.833213344056216,6.120517175022596,0.04377890332525875,0,5,0.09200007687944642,-2.289454881237448,True
621,대조,0,4.0,33.0,634.25,268.0,2.0,4.0,0.0,2,1,3.98,2.0,1.0,339.48,12.0,4.0,1,1,4.0,3.5263605246161616,6.454018622200273,0.0063066614111154905,0,2,0.06010416928265957,-2.749689839178804,True
622,대조,0,5.0,25.0,347.37,131.0,3.0,10.49,0.0,5,1,2.5,1.0,1.0,96.27,8.0,5.0,1,1,5.0,3.258096538021482,5.853265133348919,0.030198347583268562,0,5,0.07642065684353323,-2.4920036744966767,True
623,대조,0,21.0,10.0,138.03,58.0,0.0,0.0,0.0,5,1,0.0,0.0,0.0,21.6,4.0,21.0,0,1,21.0,2.3978952727983707,4.9346897371814515,0.0,0,5,0.01761910342559244,-4.020995376226114,True
624,대조,0,2.0,25.0,1369.49,33874.0,2.0,9.0,0.0,5,1,0.0,0.0,0.0,367.69,9.0,2.0,0,1,2.0,3.258096538021482,7.222923619109142,0.006571789498280382,0,5,0.18594064279071018,-1.4766057857475854,True
630,대조,0,6.0,22.0,1082.69,80387.0,4.0,22.82,2.0,6,1,9.98,2.0,1.0,363.90000000000003,10.0,6.0,1,1,6.0,3.1354942159291497,6.988127163240347,0.021077131958362964,1,6,0.15543461018406132,-1.6925970335715426,True
631,대조,0,2.0,70.0,1544.4,116184.0,10.0,17.38,1.0,5,1,0.0,0.0,0.0,437.62,23.0,2.0,0,1,2.0,4.2626798770413155,7.343038055499483,0.011253561253561252,1,5,0.2236333448729508,-1.244617044812288,True
632,대조,0,5.0,6.0,353.08,9116.0,1.0,3.6,0.0,2,0,0.0,0.0,0.0,328.96999999999997,9.0,5.0,0,1,5.0,1.9459101490553132,5.86952287630274,0.010195989577432877,0,2,0.015222071502156733,-4.169669715327275,True
633,대조,0,1.0,26.0,1019.5,35184.0,10.0,33.51,0.0,2,0,22.92,6.0,6.0,304.24,9.0,1.0,1,1,1.0,3.295836866004329,6.9280479822498995,0.03286905345757724,0,2,0.06943374777596908,-2.595420245708312,True
634,대조,0,,0.0,0.0,0.0,0.0,0.0,0.0,3,0,0.0,0.0,0.0,0.0,0.0,90.0,0,0,90.0,0.0,0.0,0.0,0,3,1.858195805865459e-05,-10.893300862712325,False
635,대조,0,4.0,3.0,51.02,13.0,0.0,0.0,0.0,1,0,0.0,0.0,0.0,0.0,0.0,4.0,0,0,4.0,1.3862943611198906,3.9516282600205055,0.0,0,1,0.0019334060919284882,-6.246536739515843,False
637,대조,0,2.0,29.0,481.69,259.0,9.0,33.74,0.0,7,0,8.27,3.0,3.0,46.1,4.0,2.0,1,1,2.0,3.4011973816621555,6.179374625650525,0.07004504972077477,0,6,0.11880373947521225,-2.0038074878050556,True
638,대조,0,1.0,28.0,1339.71,95980.0,9.0,34.44,0.0,4,0,4.49,2.0,2.0,420.01,10.0,1.0,1,1,1.0,3.367295829986474,7.200954603369883,0.02570705600465772,0,4,0.1265257665460597,-1.9320326555526275,True
639,대조,0,39.0,18.0,62.79,39.0,0.0,0.0,0.0,1,0,0.0,0.0,0.0,0.0,0.0,39.0,0,0,39.0,2.9444389791664403,4.1555964382538635,0.0,0,1,0.0022788661901880594,-6.081795777950828,False
640,대조,0,,0.0,0.0,0.0,0.0,0.0,0.0,3,0,1.92,1.0,1.0,111.49,4.0,90.0,1,1,90.0,0.0,0.0,0.0,0,3,1.858195805865459e-05,-10.893300862712325,False
642,대조,0,72.0,2.0,93.28999999999999,37.0,0.0,0.0,0.0,7,0,0.0,0.0,0.0,0.0,0.0,72.0,0,0,72.0,1.0986122886681098,4.546375139477586,0.0,0,6,0.003146695774092955,-5.758250680262529,False
646,대조,0,39.0,1.0,68.73,34.0,1.0,1.88,0.0,1,0,0.0,0.0,0.0,81.06,1.0,39.0,0,1,39.0,0.6931471805599453,4.244630641232919,0.02735341190164411,0,1,0.001364015311548047,-6.595957547721531,False
650,대조,0,3.0,3.0,13.030000000000001,6.0,2.0,6.66,0.0,4,0,3.69,1.0,1.0,49.75,2.0,3.0,1,1,3.0,1.3862943611198906,2.6411978941143697,0.5111281657712969,0,4,0.04905348333667805,-2.96454662238564,True
653,대조,0,1.0,25.0,1611.18,87387.0,8.0,26.67,0.0,8,0,0.0,0.0,0.0,304.64,5.0,1.0,0,1,1.0,3.258096538021482,7.385342579363795,0.016553085316351992,0,6,0.1947637759263321,-1.419348261712949,True
654,대조,0,3.0,33.0,447.14,195.0,2.0,6.0,0.0,2,0,1.0,1.0,1.0,130.35,9.0,3.0,1,1,3.0,3.5263605246161616,6.1051056835970305,0.013418616093393568,0,2,0.03327013725233304,-3.369258884995651,True
656,대조,0,5.0,16.0,732.4,32083.0,16.0,47.92,0.0,5,0,0.0,0.0,0.0,0.0,0.0,5.0,0,0,5.0,2.833213344056216,6.597691255637225,0.06542872747132715,0,5,0.102877032663007,-2.165658522622212,True
662,대조,0,22.0,3.0,24.8,8.0,0.0,0.0,0.0,1,0,0.0,0.0,0.0,39.9,2.0,22.0,0,1,22.0,1.3862943611198906,3.250374491927572,0.0,0,1,0.0008158355330950117,-7.110481607386243,False
663,대조,0,10.0,17.0,483.12,12538.0,3.0,4.4,0.0,5,0,9.36,6.0,5.0,272.14,7.0,10.0,1,1,10.0,2.8903717578961645,6.182332809870403,0.009107468123861567,0,5,0.04869486592276065,-2.972261265103822,True
665,대조,0,19.0,2.0,39.66,12.0,0.0,0.0,0.0,1,0,0.0,0.0,0.0,17.68,1.0,19.0,0,1,19.0,1.0986122886681098,3.7052448082002005,0.0,0,1,0.0011282869504853662,-6.785925845584041,False
671,대조,0,5.0,19.0,678.65,54843.0,3.0,18.0,0.0,3,1,0.0,0.0,0.0,30.86,4.0,5.0,0,1,5.0,2.995732273553991,6.521577959781257,0.026523244676932147,0,3,0.07462844629011388,-2.517673584458602,True
672,대조,0,1.0,17.0,414.9,261.0,3.0,7.5,0.0,1,1,19.03,7.0,4.0,370.31,11.0,1.0,1,1,1.0,2.8903717578961645,6.030444846748866,0.018076644974692697,0,1,0.0315734138794748,-3.4233572447974447,True
675,처치,1,1.0,27.0,510.59000000000003,28465.0,1.0,1.5,0.0,3,1,4.46,2.0,2.0,456.55,17.0,1.0,1,1,1.0,3.332204510175204,6.237523522992933,0.0029377778648230477,0,3,0.06049509134525297,-2.742790816636146,True
680,대조,0,4.0,15.0,610.92,368.0,5.0,10.51,0.0,3,1,0.0,0.0,0.0,30.77,3.0,4.0,0,1,4.0,2.772588722239781,6.41660155501361,0.017203561841157598,0,3,0.06101505403440858,-2.733678825918605,True
681,대조,0,9.0,9.0,376.41,12308.0,1.0,3.3,0.0,5,0,2.99,1.0,1.0,170.48,4.0,9.0,1,1,9.0,2.302585092994046,5.933332129668729,0.008767035944847373,0,5,0.03322764832152012,-3.3705807405313917,True
682,대조,0,90.0,3.0,50.910000000000004,13350.0,0.0,0.0,0.0,3,1,0.0,0.0,0.0,0.0,0.0,90.0,0,0,90.0,1.3862943611198906,3.9495114498391377,0.0,0,3,0.0011887728222235421,-6.733644265810236,False
684,대조,0,20.0,9.0,137.76,62.0,1.0,5.29,0.0,6,0,0.0,0.0,0.0,90.21000000000001,4.0,20.0,0,1,20.0,2.302585092994046,4.932745822101549,0.03840011614401859,0,6,0.019266238010686065,-3.929946790042493,True
685,대조,0,3.0,27.0,824.61,358.0,0.0,0.0,0.0,2,1,5.0,3.0,3.0,432.14,10.0,3.0,1,1,3.0,3.332204510175204,6.716122507057045,0.0,0,2,0.06728783514700712,-2.629117183573297,True
687,대조,0,1.0,14.0,706.1,319.0,6.0,26.75,5.0,3,0,2.77,1.0,1.0,122.07,3.0,1.0,1,1,1.0,2.70805020110221,6.561172098610196,0.03788415238634754,1,3,0.04358292694153629,-3.0885285970471346,True
688,대조,0,32.0,1.0,219.9,82.0,3.0,9.47,0.0,3,1,0.0,0.0,0.0,0.0,0.0,32.0,0,0,32.0,0.6931471805599453,5.397710110426072,0.043065029558890404,0,3,0.010386724781135805,-4.55678570829866,True
691,대조,0,26.0,6.0,256.47,100.0,2.0,5.25,0.0,3,0,0.0,0.0,0.0,199.63,4.0,26.0,0,1,26.0,1.9459101490553132,5.550903208462204,0.02047023043630834,0,3,0.011457666854217547,-4.457572367157485,True
692,대조,0,2.0,19.0,633.09,34894.0,0.0,0.0,2.0,4,1,0.0,0.0,0.0,233.49,6.0,2.0,0,1,2.0,2.995732273553991,6.452190900198412,0.0,1,4,0.06077238699936696,-2.7379223245809134,True
694,대조,0,3.0,13.0,179.1,76.0,4.0,13.34,0.0,2,0,4.0,1.0,1.0,49.46,6.0,3.0,1,1,3.0,2.6390573296152584,5.19351225218191,0.07448352875488554,0,2,0.018018644822982596,-3.9981652762925646,True
696,대조,0,1.0,51.0,2096.72,114651.0,4.0,12.98,0.0,2,1,0.0,0.0,0.0,722.08,13.0,1.0,0,1,1.0,3.9512437185814275,7.648606319611093,0.006190621542218323,0,2,0.17316066917188727,-1.5633905095804546,True
697,대조,0,41.0,6.0,93.33,36798.0,0.0,0.0,0.0,4,0,0.0,0.0,0.0,258.44,5.0,41.0,0,1,41.0,1.9459101490553132,4.546799272661762,0.0,0,4,0.004315590315699447,-5.4411962289571765,False
698,대조,0,17.0,8.0,116.66,64.0,0.0,0.0,0.0,3,0,1.5,1.0,1.0,104.64,5.0,17.0,1,1,17.0,2.1972245773362196,4.76779910943631,0.0,0,3,0.006519757467653615,-5.026376998028665,True
700,대조,0,3.0,5.0,663.63,146.0,2.0,8.19,0.0,2,0,0.0,0.0,0.0,209.23,2.0,3.0,0,1,3.0,1.791759469228055,6.499230494835513,0.012341214230821391,0,2,0.025242415529021588,-3.653663073260659,True
702,처치,1,3.0,35.0,1155.28,62138.0,7.0,19.5,0.0,4,0,13.85,5.0,4.0,449.94,9.0,3.0,1,1,3.0,3.58351893845611,7.052963234435991,0.016879024998268818,0,4,0.11163464890881568,-2.074151613933034,True
705,대조,0,8.0,17.0,161.91,59.0,0.0,0.0,0.0,3,0,0.0,0.0,0.0,54.49,5.0,8.0,0,1,8.0,2.8903717578961645,5.093197901078078,0.0,0,3,0.012444214702530838,-4.373977154235481,True
708,대조,0,21.0,7.0,311.95,134.0,1.0,2.5,0.0,4,1,0.0,0.0,0.0,357.83,6.0,21.0,0,1,21.0,2.0794415416798357,5.74604343337071,0.008014104824491105,0,4,0.0257778108450367,-3.632125320798499,True
710,처치,1,7.0,40.0,492.84000000000003,35458.0,3.0,14.33,0.0,7,0,7.76,4.0,3.0,266.47,17.0,7.0,1,1,7.0,3.713572066704308,6.202211578085641,0.029076373670968263,0,6,0.09555524396025646,-2.247616675151014,True
714,대조,0,1.0,38.0,782.98,414.0,6.0,19.12,0.0,5,1,24.54,10.0,6.0,276.84,20.0,1.0,1,1,1.0,3.6635616461296463,6.664383509820936,0.024419525402947714,0,5,0.1603130173754725,-1.655900920003939,True
715,대조,0,5.0,30.0,567.95,433.0,4.0,11.83,1.0,3,1,11.25,8.0,6.0,419.31,14.0,5.0,1,1,5.0,3.4339872044851463,6.343792556803018,0.02082929835372832,1,3,0.05707352527157283,-2.804647956407174,True
716,대조,0,7.0,5.0,82.69,40.0,1.0,2.5,0.0,1,1,0.0,0.0,0.0,29.86,3.0,7.0,0,1,7.0,1.791759469228055,4.427119496044782,0.030233401862377555,0,1,0.00579773571094885,-5.144473224491975,False
720,대조,0,9.0,8.0,196.15,40.0,0.0,0.0,0.0,2,0,0.0,0.0,0.0,86.97,3.0,9.0,0,1,9.0,2.1972245773362196,5.283964860323636,0.0,0,2,0.00897681208911832,-4.704093114479113,True
725,처치,1,1.0,17.0,698.92,464.0,14.0,30.38,0.0,5,1,9.0,8.0,3.0,238.81,6.0,1.0,1,1,1.0,2.8903717578961645,6.550966042798009,0.04346706346935272,0,5,0.13204850939526883,-1.882966476203396,True
727,대조,0,1.0,20.0,573.8100000000001,268.0,7.0,34.160000000000004,0.0,3,0,18.490000000000002,4.0,4.0,115.92,6.0,1.0,1,1,1.0,3.044522437723423,6.35403955140914,0.05953190080340182,0,3,0.0608112921486649,-2.737240927988452,True
728,처치,1,3.0,22.0,313.86,11840.0,1.0,1.88,0.0,4,0,0.0,0.0,0.0,298.55,12.0,3.0,0,1,3.0,3.1354942159291497,5.752128095586483,0.005989931816733575,0,4,0.032651796676925846,-3.3886586342062013,True
729,대조,0,3.0,5.0,181.31,32.0,0.0,0.0,0.0,1,0,0.0,0.0,0.0,20.34,3.0,3.0,0,1,3.0,1.791759469228055,5.205708534815374,0.0,0,1,0.006381017620244821,-5.048026229402794,True
730,대조,0,3.0,19.0,157.63,66.0,1.0,1.67,0.0,1,0,3.0,3.0,1.0,57.79,4.0,3.0,1,1,3.0,2.995732273553991,5.066574446420364,0.010594429994290427,0,1,0.009299466788552188,-4.668455238244464,True
731,대조,0,6.0,15.0,313.44,10373.0,8.0,16.75,0.0,4,1,1.0,1.0,1.0,78.4,6.0,6.0,1,1,6.0,2.772588722239781,5.750793278925555,0.053439254721796836,0,4,0.05588479739604352,-2.8269558128981203,True
732,대조,0,5.0,18.0,786.47,50648.0,6.0,23.42,0.0,8,1,2.0,2.0,1.0,210.38,3.0,5.0,1,1,5.0,2.9444389791664403,6.668825274736051,0.02977863109845258,0,6,0.15508560087851236,-1.6952580912007975,True
733,대조,0,6.0,11.0,437.93,312.0,1.0,4.0,0.0,2,1,0.0,0.0,0.0,203.28,4.0,6.0,0,1,6.0,2.4849066497880004,6.08433994705818,0.009133879843810654,0,2,0.031356934969415245,-3.4304607363292097,True
734,대조,0,1.0,12.0,229.75,8605.0,3.0,6.12,0.0,1,0,0.0,0.0,0.0,38.4,1.0,1.0,0,1,1.0,2.5649493574615367,5.441334873382962,0.02663764961915125,0,1,0.012604379499523656,-4.361026457536541,True
737,대조,0,8.0,11.0,423.18,12191.0,3.0,8.17,0.0,1,0,0.0,0.0,0.0,0.0,0.0,8.0,0,0,8.0,2.4849066497880004,6.0501578934472,0.01930620539723049,0,1,0.017205788995610333,-4.045153853615929,True
738,대조,0,46.0,6.0,188.22,112.0,5.0,6.52,0.0,5,0,0.0,0.0,0.0,0.0,0.0,46.0,0,0,46.0,1.9459101490553132,5.242910359276298,0.0346403145255552,0,5,0.011412585441548273,-4.461560337665121,True
740,대조,0,4.0,16.0,1175.68,561.0,5.0,16.990000000000002,2.0,6,1,15.0,8.0,2.0,507.38,11.0,4.0,1,1,4.0,2.833213344056216,7.070452192639792,0.014451211213935765,1,6,0.14859587132035534,-1.745656554614598,True
741,대조,0,10.0,14.0,434.68,23682.0,1.0,2.5,0.0,2,1,1.74,1.0,1.0,379.83,5.0,10.0,1,1,10.0,2.70805020110221,6.076908028925449,0.005751357320327597,0,2,0.03089748005897201,-3.445695776938495,True
743,대조,0,3.0,13.0,172.22,99.0,0.0,0.0,0.0,2,0,0.0,0.0,0.0,42.57,4.0,3.0,0,1,3.0,2.6390573296152584,5.1545624629028985,0.0,0,2,0.010313928560388043,-4.5638925241512505,True
747,대조,0,8.0,18.0,150.7,82.0,4.0,7.83,0.0,3,0,0.0,0.0,0.0,19.35,3.0,8.0,0,1,8.0,2.9444389791664403,5.021904886354487,0.05195753151957532,0,3,0.017254109598908024,-4.0423002298382595,True
748,대조,0,57.0,4.0,56.849999999999994,29.0,0.0,0.0,0.0,3,1,6.75,2.0,2.0,233.96,6.0,57.0,1,1,57.0,1.6094379124341003,4.0578534536396855,0.0,0,3,0.0023524864888262273,-6.049927171914417,False
749,대조,0,,0.0,0.0,0.0,0.0,0.0,0.0,3,0,0.0,0.0,0.0,4.99,2.0,90.0,0,1,90.0,0.0,0.0,0.0,0,3,1.858195805865459e-05,-10.893300862712325,False
752,대조,0,6.0,3.0,205.45000000000002,76.0,5.0,17.96,0.0,3,1,0.0,0.0,0.0,74.62,2.0,6.0,0,1,6.0,1.3862943611198906,5.330058252332099,0.08741786322706255,0,3,0.0253962836326441,-3.6474280939811896,True
754,대조,0,7.0,6.0,251.72,114.0,0.0,0.0,0.0,4,0,0.0,0.0,0.0,27.98,1.0,7.0,0,1,7.0,1.9459101490553132,5.53228215649383,0.0,0,4,0.016447904524018436,-4.090972521359426,True
757,대조,0,4.0,4.0,213.3,60.0,0.0,0.0,0.0,1,0,0.0,0.0,0.0,118.46000000000001,1.0,4.0,0,1,4.0,1.6094379124341003,5.367376902479531,0.0,0,1,0.006740426660475668,-4.992868807385096,True
759,대조,0,5.0,8.0,279.39,75.0,2.0,5.0,0.0,1,0,2.5,1.0,1.0,123.55,2.0,5.0,1,1,5.0,2.1972245773362196,5.636181491186394,0.017896130856508825,0,1,0.011516583938177354,-4.452383787448959,True
760,대조,0,,0.0,0.0,0.0,0.0,0.0,0.0,3,0,0.0,0.0,0.0,0.0,0.0,90.0,0,0,90.0,0.0,0.0,0.0,0,3,1.858195805865459e-05,-10.893300862712325,False
761,처치,1,4.0,30.0,1612.38,83644.0,27.0,78.89,7.0,5,1,25.82,16.0,8.0,621.48,7.0,4.0,1,1,4.0,3.4339872044851463,7.386086636244065,0.04892767213684119,1,5,0.22115722159634094,-1.2589353420784883,True
763,대조,0,40.0,6.0,268.43,142.0,2.0,3.0,0.0,2,0,0.0,0.0,0.0,0.0,0.0,40.0,0,0,40.0,1.9459101490553132,5.596308616350968,0.011176098051633573,0,2,0.007125801881540111,-4.9368817027174385,True
764,대조,0,2.0,29.0,740.44,65532.0,6.0,13.19,0.0,1,1,30.96,16.0,15.0,441.15,11.0,2.0,1,1,2.0,3.4011973816621555,6.6085942412440115,0.017813732375344386,0,1,0.0582629739994727,-2.7827592727479207,True
768,대조,0,1.0,71.0,1160.03,76460.0,11.0,26.23,3.0,4,1,5.48,1.0,1.0,427.06,21.0,1.0,1,1,1.0,4.276666119016055,7.057062821157332,0.022611484185753816,1,4,0.1663294839019736,-1.61186759572779,True
769,대조,0,14.0,8.0,221.02,95.0,1.0,1.76,0.0,1,0,5.98,2.0,1.0,90.75,1.0,14.0,1,1,14.0,2.1972245773362196,5.402767467904501,0.007963080264229481,0,1,0.007705188910452045,-4.858126265355679,True
776,대조,0,14.0,12.0,210.48,116.0,2.0,5.0,0.0,4,0,0.0,0.0,0.0,17.27,4.0,14.0,0,1,14.0,2.5649493574615367,5.354130431367249,0.023755226149752947,0,4,0.018656592057026324,-3.9627229122344207,True
778,대조,0,49.0,3.0,66.5,34.0,5.0,15.6,0.0,3,0,0.0,0.0,0.0,0.0,0.0,49.0,0,0,49.0,1.3862943611198906,4.212127597878484,0.23458646616541354,0,3,0.010042399576952918,-4.590846026960222,True
779,대조,0,6.0,14.0,558.44,171.0,0.0,0.0,0.0,2,1,19.67,8.0,7.0,728.1,12.0,6.0,1,1,6.0,2.70805020110221,6.326936283395612,0.0,0,2,0.038543823522969936,-3.2166531184273515,True
780,대조,0,4.0,1.0,12.47,5.0,0.0,0.0,0.0,2,0,0.0,0.0,0.0,16.73,2.0,4.0,0,1,4.0,0.6931471805599453,2.6004649904222727,0.0,0,2,0.0006240348151424789,-7.378680168047774,False
784,대조,0,12.0,18.0,408.99,66953.0,1.0,4.0,0.0,4,1,10.0,4.0,2.0,245.94,10.0,12.0,1,1,12.0,2.9444389791664403,6.016132769157005,0.009780190224699871,0,4,0.049586676972996624,-2.9531747786130973,True
785,대조,0,8.0,23.0,349.18,31750.0,0.0,0.0,0.0,1,1,0.0,0.0,0.0,0.0,0.0,8.0,0,0,8.0,3.1780538303479458,5.858447307998171,0.0,0,1,0.02401086677634281,-3.7049449421383875,True
787,대조,0,6.0,31.0,317.22,131.0,0.0,0.0,0.0,3,1,0.0,0.0,0.0,116.13,10.0,6.0,0,1,6.0,3.4657359027997265,5.762742967479711,0.0,0,3,0.039548437882190764,-3.18987735493137,True
790,대조,0,7.0,17.0,828.61,267.0,20.0,48.37,0.0,2,1,3.98,2.0,1.0,187.01,3.0,7.0,1,1,7.0,2.8903717578961645,6.720955710844597,0.05837486875610962,0,2,0.08139863051907048,-2.4234938139485465,True
793,대조,0,2.0,16.0,363.76,15440.0,5.0,18.0,2.0,1,0,0.0,0.0,0.0,0.99,1.0,2.0,0,1,2.0,2.833213344056216,5.899239603065465,0.04948317572025512,1,1,0.018155785558463765,-3.9904433812031286,True
795,대조,0,1.0,6.0,103.64,29.0,2.0,14.030000000000001,0.0,1,0,0.0,0.0,0.0,87.31,3.0,1.0,0,1,1.0,1.9459101490553132,4.650525887708889,0.13537244307217292,0,1,0.011488853474652743,-4.454822616492438,True
797,대조,0,13.0,11.0,365.83,106.0,0.0,0.0,0.0,5,1,0.0,0.0,0.0,0.0,0.0,13.0,0,0,13.0,2.4849066497880004,5.904898525478385,0.0,0,5,0.04479981414208162,-3.059716946415107,True
802,대조,0,5.0,7.0,222.8,77.0,2.0,5.57,0.0,3,1,0.0,0.0,0.0,22.22,2.0,5.0,0,1,5.0,2.0794415416798357,5.4107527958778245,0.025,0,3,0.022524841948640965,-3.7703540910171043,True
803,대조,0,8.0,8.0,241.91,107.0,6.0,17.82,0.0,3,1,16.61,10.0,7.0,116.32000000000001,6.0,8.0,1,1,8.0,2.1972245773362196,5.492691004366133,0.0736637592493076,0,3,0.033578702332777974,-3.359707858234735,True
804,대조,0,1.0,34.0,300.56,263.0,6.0,10.66,0.0,6,0,1.67,1.0,1.0,166.59,21.0,1.0,1,1,1.0,3.5553480614894135,5.708969001343501,0.03546712802768166,0,6,0.0709074770676744,-2.5728324406448833,True
805,대조,0,1.0,66.0,1105.8,43496.0,3.0,4.52,4.0,7,0,0.0,0.0,0.0,521.04,27.0,1.0,0,1,1.0,4.204692619390966,7.0092282479127705,0.004087538433713149,1,6,0.14899237740439422,-1.7425259394778316,True
808,대조,0,3.0,24.0,280.39,20426.0,5.0,17.490000000000002,0.0,2,1,5.54,2.0,2.0,98.1,9.0,3.0,1,1,3.0,3.2188758248682006,5.6397416074461475,0.06237740290309927,0,2,0.042453215454495895,-3.115971924249751,True
812,대조,0,2.0,6.0,71.1,35.0,0.0,0.0,0.0,3,0,0.0,0.0,0.0,103.42,1.0,2.0,0,1,2.0,1.9459101490553132,4.278054044290903,0.0,0,3,0.005035783876841123,-5.286137573194541,False
817,대조,0,6.0,26.0,705.48,353.0,24.0,72.98,0.0,6,1,25.73,9.0,9.0,311.72,6.0,6.0,1,1,6.0,3.295836866004329,6.560294893160547,0.10344729829336055,0,6,0.24028224152772115,-1.1511327551204207,True
820,대조,0,1.0,28.0,645.51,218.0,2.0,3.59,0.0,2,0,13.32,6.0,6.0,285.7,9.0,1.0,1,1,1.0,3.367295829986474,6.471588665996384,0.005561494012486251,0,2,0.04127957343968115,-3.145231718596687,True
823,대조,0,3.0,16.0,354.87,6644.0,2.0,4.49,0.0,2,1,2.77,1.0,1.0,112.89,3.0,3.0,1,1,3.0,2.833213344056216,5.874565495622438,0.012652520641361626,0,2,0.03194408447888507,-3.4113028352257775,True
825,처치,1,3.0,17.0,1089.8,61093.0,10.0,31.64,6.0,7,1,6.0,4.0,2.0,691.19,15.0,3.0,1,1,3.0,2.8903717578961645,6.994666650971434,0.02903285006423197,1,6,0.15860483895956642,-1.668645600859706,True
830,대조,0,39.0,6.0,106.96,47.0,1.0,3.0,0.0,4,0,0.0,0.0,0.0,27.64,5.0,39.0,0,1,39.0,1.9459101490553132,4.681760788149804,0.02804786836200449,0,4,0.006078080787945616,-5.096969665201003,False
834,대조,0,65.0,1.0,1.0,1.0,0.0,0.0,0.0,2,0,0.0,0.0,0.0,0.0,0.0,65.0,0,0,65.0,0.6931471805599453,0.6931471805599453,0.0,0,2,4.933627596892982e-05,-9.91680158913525,False
836,대조,0,9.0,2.0,41.52,17.0,0.0,0.0,0.0,2,0,6.25,5.0,5.0,73.26,5.0,9.0,1,1,9.0,1.0986122886681098,3.749974553473747,0.0,0,2,0.0017249163162993955,-6.360850336268379,False
841,대조,0,1.0,33.0,540.69,9514.0,1.0,4.0,0.0,1,0,0.0,0.0,0.0,368.46,18.0,1.0,0,1,1.0,3.5263605246161616,6.294693882091021,0.007397954465590263,0,1,0.030614918490348503,-3.455174511369305,True
844,대조,0,2.0,24.0,723.51,244.0,4.0,8.0,0.0,4,1,5.01,3.0,3.0,262.9,7.0,2.0,1,1,2.0,3.2188758248682006,6.58549556428798,0.011057207225884923,0,4,0.09804285088472812,-2.2191623753813357,True
849,대조,0,8.0,7.0,807.44,324.0,6.0,16.87,0.0,6,0,0.0,0.0,0.0,0.0,0.0,8.0,0,0,8.0,2.0794415416798357,6.695106464760569,0.020893193302288716,0,6,0.07716440165509372,-2.4815128697765436,True
850,대조,0,21.0,11.0,248.97,108.0,0.0,0.0,0.0,3,0,0.0,0.0,0.0,116.05,3.0,21.0,0,1,21.0,2.4849066497880004,5.52134091066167,0.0,0,3,0.012581965422156796,-4.362829017426402,True
852,대조,0,4.0,13.0,188.69,111.0,0.0,0.0,0.0,1,1,0.0,0.0,0.0,136.9,5.0,4.0,0,1,4.0,2.6390573296152584,5.245391160738632,0.0,0,1,0.01287740856399145,-4.339319735850835,True
854,대조,0,4.0,5.0,193.19,111.0,3.0,5.859999999999999,0.0,1,0,0.0,0.0,0.0,36.0,2.0,4.0,0,1,4.0,1.791759469228055,5.268837061225528,0.03033283296236865,0,1,0.008211174443688782,-4.794014243537846,True
856,대조,0,1.0,22.0,1073.44,32358.0,2.0,3.76,0.0,6,1,0.0,0.0,0.0,97.4,4.0,1.0,0,1,1.0,3.1354942159291497,6.979554874597912,0.0035027574899388876,0,6,0.18298738020100694,-1.4962373514378116,True
861,대조,0,,0.0,0.0,0.0,0.0,0.0,0.0,1,0,0.0,0.0,0.0,77.63,2.0,90.0,0,1,90.0,0.0,0.0,0.0,0,1,1.1694192252631282e-05,-11.356406533805565,False
862,대조,0,1.0,9.0,272.34,133.0,0.0,0.0,0.0,1,0,0.0,0.0,0.0,76.09,3.0,1.0,0,1,1.0,2.302585092994046,5.610716441536654,0.0,0,1,0.010960341405349716,-4.502450999352131,True
863,대조,0,2.0,43.0,716.7900000000001,74386.0,3.0,3.75,0.0,3,1,2.5,2.0,2.0,246.91,14.0,2.0,1,1,2.0,3.784189633918261,6.576177047159233,0.0052316578077261115,0,3,0.09084950137985501,-2.3033063390736928,True
864,처치,1,1.0,19.0,1328.68,593.0,11.0,39.14,5.0,6,1,6.75,2.0,2.0,260.21,3.0,1.0,1,1,1.0,2.995732273553991,7.192693590762855,0.029457807749044163,1,6,0.19260817449926146,-1.4331511425485544,True
867,대조,0,3.0,29.0,928.34,102760.0,0.0,0.0,1.0,3,1,0.0,0.0,0.0,432.17,10.0,3.0,0,1,3.0,3.4011973816621555,6.834474656787722,0.0,1,3,0.07402963068054814,-2.5263768078974698,True
871,대조,0,8.0,19.0,1289.1,30923.0,3.0,8.99,0.0,6,1,5.99,3.0,2.0,788.0,10.0,8.0,1,1,8.0,2.995732273553991,7.162475013731091,0.0069738577301993645,0,6,0.18579451174504683,-1.4775714892833576,True
873,대조,0,17.0,17.0,500.54,45404.0,6.0,19.0,0.0,4,0,0.0,0.0,0.0,0.0,0.0,17.0,0,0,17.0,2.8903717578961645,6.21768336493912,0.03795900427538258,0,4,0.044053205519990354,-3.077304137424618,True
877,대조,0,2.0,11.0,492.96,182.0,3.0,6.96,2.0,4,0,9.49,5.0,5.0,117.53,3.0,2.0,1,1,2.0,2.4849066497880004,6.202454542249622,0.014118792599805259,1,4,0.03172336610712957,-3.4184643147356724,True
878,처치,1,4.0,17.0,691.88,408.0,5.0,11.34,0.0,8,1,16.25,8.0,6.0,322.04,8.0,4.0,1,1,4.0,2.8903717578961645,6.540856824022789,0.016390125455281263,0,6,0.13003848746596547,-1.9006185081337197,True
882,대조,0,6.0,48.0,565.86,267.0,9.0,27.310000000000002,0.0,3,1,11.49,4.0,3.0,241.46,21.0,6.0,1,1,6.0,3.8918202981106265,6.3401123596593285,0.04826282119252112,0,3,0.0982954334735876,-2.2163093637703293,True
885,대조,0,6.0,7.0,363.24,191.0,1.0,6.0,0.0,1,0,0.0,0.0,0.0,370.39,11.0,6.0,0,1,6.0,2.0794415416798357,5.897812991026527,0.016518004625041296,0,1,0.013365960831028319,-4.301587951101982,True
886,대조,0,4.0,16.0,329.92,62174.0,0.0,0.0,0.0,3,1,5.9399999999999995,2.0,2.0,476.03000000000003,11.0,4.0,1,1,4.0,2.833213344056216,5.801876654321982,0.0,0,3,0.0340142802925463,-3.346368606150171,True
891,대조,0,3.0,14.0,1207.3600000000001,546.0,15.0,28.31,0.0,7,0,18.799999999999997,10.0,10.0,526.61,9.0,3.0,1,1,3.0,2.70805020110221,7.097019347342667,0.02344785316724092,0,6,0.13796605170736723,-1.8322870002851117,True
893,대조,0,5.0,28.0,1363.83,550.0,10.0,39.94,0.0,2,0,2.5,1.0,1.0,188.56,11.0,5.0,1,1,5.0,3.367295829986474,7.218785157738504,0.029285174838506265,0,2,0.08186653054022794,-2.4172525267992766,True
895,대조,0,3.0,30.0,1522.3,43150.0,1.0,2.5,1.0,10,1,0.0,0.0,0.0,645.51,14.0,3.0,0,1,3.0,3.4339872044851463,7.328634313142655,0.001642251855744597,1,6,0.1981214898039621,-1.398076685448834,True
898,대조,0,1.0,52.0,1378.21,135560.0,10.0,23.81,0.0,5,1,0.0,0.0,0.0,469.3,19.0,1.0,0,1,1.0,3.970291913552122,7.229266150463189,0.017276031954491695,0,5,0.24397071826335254,-1.1310318969109696,True
901,대조,0,15.0,11.0,428.16,219.0,2.0,8.0,0.0,3,0,0.0,0.0,0.0,0.0,0.0,15.0,0,0,15.0,2.4849066497880004,6.061829809768546,0.018684603886397606,0,3,0.024452588767994533,-3.6862626704650996,True
903,대조,0,17.0,3.0,271.3,59.0,0.0,0.0,0.0,3,1,2.5,1.0,1.0,214.88,4.0,17.0,1,1,17.0,1.3862943611198906,5.606904399679714,0.0,0,3,0.014550469095868513,-4.215474680252729,True
907,대조,0,1.0,18.0,282.87,141.0,0.0,0.0,0.0,3,0,0.0,0.0,0.0,32.75,2.0,1.0,0,1,1.0,2.9444389791664403,5.648516386884432,0.0,0,3,0.022217053676482437,-3.784427531527252,True
908,대조,0,5.0,20.0,824.91,9143.0,2.0,3.69,2.0,4,1,0.0,0.0,0.0,231.06,10.0,5.0,0,1,5.0,3.044522437723423,6.71648580874676,0.004473215259846529,1,4,0.07472481305647671,-2.516278986253192,True
911,대조,0,3.0,15.0,764.04,355.0,7.0,29.92,1.0,3,1,2.99,1.0,1.0,260.0,4.0,3.0,1,1,3.0,2.772588722239781,6.639928120041287,0.03916025338987488,1,3,0.06745512866720994,-2.6264546534105175,True
913,대조,0,9.0,5.0,143.28,52.0,1.0,4.99,0.0,2,0,1.45,1.0,1.0,179.83,4.0,9.0,1,1,9.0,1.791759469228055,4.9717558560353385,0.03482691233947516,0,2,0.007727381888737304,-4.855227775804181,True
915,대조,0,3.0,26.0,179.04,109.0,0.0,0.0,0.0,2,1,0.0,0.0,0.0,66.1,9.0,3.0,0,1,3.0,3.295836866004329,5.1931790484247315,0.0,0,2,0.019708866425843314,-3.906780995752642,True
916,대조,0,1.0,46.0,968.14,53133.0,1.0,2.0,0.0,4,0,1.67,1.0,1.0,324.57,17.0,1.0,1,1,1.0,3.8501476017100584,6.876409080298872,0.0020658169273039023,0,4,0.099503412463875,-2.202754435391797,True
918,대조,0,54.0,2.0,20.0,4351.0,0.0,0.0,0.0,5,0,0.0,0.0,0.0,0.0,0.0,54.0,0,0,54.0,1.0986122886681098,3.044522437723423,0.0,0,5,0.0009521646116418727,-6.955820008523517,False
919,대조,0,7.0,22.0,211.42,156.0,2.0,3.48,0.0,1,0,8.98,6.0,5.0,98.4,6.0,7.0,1,1,7.0,3.1354942159291497,5.358565446893394,0.016460126761895753,0,1,0.012154918471619997,-4.3977919850298575,True
920,대조,0,3.0,46.0,1609.72,74851.0,5.0,26.47,0.0,6,1,0.0,0.0,0.0,594.78,16.0,3.0,0,1,3.0,3.8501476017100584,7.384436562981113,0.016443853589444127,0,6,0.29950367630570557,-0.8496624253561131,True
922,대조,0,3.0,32.0,707.77,40708.0,2.0,5.87,0.0,4,1,5.49,2.0,2.0,266.77,13.0,3.0,1,1,3.0,3.4965075614664802,6.563531073338707,0.008293654718340704,0,4,0.1019127259279397,-2.1761504318743743,True
923,대조,0,3.0,25.0,716.47,121406.0,2.0,2.0,0.0,2,0,0.0,0.0,0.0,0.0,0.0,3.0,0,0,3.0,3.258096538021482,6.575731134912947,0.002791463703993189,0,2,0.04117545787462162,-3.1478657027311976,True
924,대조,0,1.0,13.0,393.76,137.0,2.0,4.0,0.0,3,0,15.440000000000001,4.0,4.0,132.24,4.0,1.0,1,1,1.0,2.6390573296152584,5.978277985303807,0.010158472165786267,0,3,0.028082606822418133,-3.5441204040012115,True
925,대조,0,8.0,21.0,91.48,60.0,0.0,0.0,0.0,1,0,0.0,0.0,0.0,0.0,0.0,8.0,0,0,8.0,3.091042453358316,4.5269924049240675,0.0,0,1,0.005285403094826757,-5.237506970827601,False
926,대조,0,3.0,29.0,657.01,98777.0,1.0,3.0,0.0,9,1,12.17,6.0,4.0,274.36,5.0,3.0,1,1,3.0,3.4011973816621555,6.489220128778224,0.004566140545806,0,6,0.13768489250285113,-1.8346530712142652,True
927,대조,0,13.0,5.0,133.3,30.0,0.0,0.0,0.0,1,0,2.99,1.0,1.0,123.03,4.0,13.0,1,1,13.0,1.791759469228055,4.900076103529192,0.0,0,1,0.00424287651608132,-5.458261913101419,False
928,대조,0,7.0,26.0,653.81,271.0,1.0,2.99,0.0,5,0,0.0,0.0,0.0,27.2,4.0,7.0,0,1,7.0,3.295836866004329,6.484345117219096,0.004573194047200258,0,5,0.07137476642750097,-2.5657608534955605,True
935,대조,0,5.0,5.0,189.09,35813.0,0.0,0.0,0.0,1,0,0.0,0.0,0.0,76.75,4.0,5.0,0,1,5.0,1.791759469228055,5.247497644218062,0.0,0,1,0.006402848868556945,-5.044588816922208,True
938,대조,0,17.0,3.0,57.36,20.0,0.0,0.0,0.0,2,0,0.0,0.0,0.0,0.0,0.0,17.0,0,0,17.0,1.3862943611198906,4.066630723654585,0.0,0,2,0.0021876458072221695,-6.1227392450237765,False
939,대조,0,5.0,29.0,1176.93,796.0,2.0,2.88,0.0,2,1,16.54,6.0,3.0,385.29,7.0,5.0,1,1,5.0,3.4011973816621555,7.071513939695506,0.0024470444291504164,0,2,0.08918364765281817,-2.3236435873545607,True
940,대조,0,18.0,6.0,139.79,55.0,0.0,0.0,0.0,1,0,0.0,0.0,0.0,167.07,3.0,18.0,0,1,18.0,1.9459101490553132,4.947269418474436,0.0,0,1,0.004305425286479942,-5.443564636701191,False
941,대조,0,3.0,11.0,139.95,13597.0,1.0,5.48,0.0,5,1,3.34,2.0,1.0,256.99,8.0,3.0,1,1,3.0,2.4849066497880004,4.948405217560121,0.039156841729189006,0,5,0.03175494135132935,-3.4174368686562158,True
943,대조,0,11.0,5.0,145.21,73.0,1.0,0.88,0.0,3,0,0.0,0.0,0.0,128.37,3.0,11.0,0,1,11.0,1.791759469228055,4.985043944429346,0.006060188692238826,0,3,0.007768271680624756,-4.849908972390254,True
944,대조,0,25.0,14.0,383.86,63319.0,0.0,0.0,0.0,1,0,8.5,4.0,3.0,360.2,12.0,25.0,1,1,25.0,2.70805020110221,5.952879631792413,0.0,0,1,0.011517237398744513,-4.452326387151457,True
946,대조,0,9.0,22.0,434.98,210.0,6.0,12.51,0.0,3,1,0.0,0.0,0.0,153.73,9.0,9.0,0,1,9.0,3.1354942159291497,6.077596370737269,0.028759942985884406,0,3,0.052934310271589326,-2.8843167409268364,True
947,대조,0,5.0,25.0,261.61,138.0,0.0,0.0,0.0,7,1,2.5,1.0,1.0,113.61,12.0,5.0,1,1,5.0,3.258096538021482,5.570670041874793,0.0,0,6,0.062302158900813115,-2.7114316875899833,True
952,대조,0,14.0,10.0,193.0,85.0,2.0,4.99,0.0,4,0,0.0,0.0,0.0,161.31,6.0,14.0,0,1,14.0,2.3978952727983707,5.267858159063328,0.025854922279792747,0,4,0.01666691416016069,-4.077522342718002,True
953,대조,0,6.0,36.0,1010.07,14410.0,12.0,41.33,0.0,2,0,0.0,0.0,0.0,148.78,7.0,6.0,0,1,6.0,3.6109179126442243,6.918764455001449,0.04091795618125476,0,2,0.07488575081526168,-2.5139536128796918,True
954,대조,0,13.0,7.0,396.75,200.0,5.0,20.62,0.0,3,0,1.79,1.0,1.0,115.42999999999999,2.0,13.0,1,1,13.0,2.0794415416798357,5.985823667217896,0.05197227473219912,0,3,0.02605996860479743,-3.6209493653692952,True
955,처치,1,2.0,44.0,569.38,8919.0,6.0,18.46,0.0,6,1,13.95,7.0,5.0,338.34,15.0,2.0,1,1,2.0,3.8066624897703196,6.3463028053717565,0.03242123010994415,0,6,0.16839320065931337,-1.5970580073050398,True
956,대조,0,1.0,80.0,1264.94,134049.0,2.0,7.98,1.0,4,1,4.99,1.0,1.0,495.92,41.0,1.0,1,1,1.0,4.394449154672439,7.143570208216092,0.006308599617373156,1,4,0.1657932519377512,-1.6157397291326299,True
957,대조,0,1.0,68.0,383.76,197.0,1.0,1.5,0.0,4,0,0.0,0.0,0.0,137.46,13.0,1.0,0,1,1.0,4.23410650459726,5.952619763284415,0.003908692933083177,0,4,0.05608475803143203,-2.8231722932951318,True
960,대조,0,6.0,8.0,211.18,15049.0,0.0,0.0,0.0,5,1,0.0,0.0,0.0,59.13,3.0,6.0,0,1,6.0,2.1972245773362196,5.357434971031125,0.0,0,5,0.02916520443534355,-3.50517994557237,True
964,대조,0,5.0,19.0,230.55,92.0,2.0,9.0,0.0,1,0,36.55,9.0,8.0,374.52,16.0,5.0,1,1,5.0,2.995732273553991,5.444795832926761,0.039037085230969416,0,1,0.015039954547904265,-4.181890780920298,True
965,대조,0,52.0,1.0,94.44,46.0,0.0,0.0,0.0,1,0,0.0,0.0,0.0,131.62,2.0,52.0,0,1,52.0,0.6931471805599453,4.55849777778966,0.0,0,1,0.001187867059919749,-6.734407393594482,False
971,대조,0,2.0,24.0,768.72,5333.0,4.0,9.21,0.0,3,1,0.0,0.0,0.0,171.37,5.0,2.0,0,1,2.0,3.2188758248682006,6.646026812352359,0.011980955354355293,0,3,0.08364506508829266,-2.393821342217665,True
972,대조,0,1.0,47.0,637.53,81978.0,0.0,0.0,0.0,7,0,0.0,0.0,0.0,172.74,17.0,1.0,0,1,1.0,3.871201010907891,6.459168659490206,0.0,0,6,0.10971243297138034,-2.0936818225884624,True
975,대조,0,1.0,25.0,675.6800000000001,122192.0,3.0,5.98,0.0,4,0,9.96,4.0,3.0,266.82,11.0,1.0,1,1,1.0,3.258096538021482,6.517198487607091,0.00885034335780251,0,4,0.0654537321375495,-2.658717623033035,True
976,대조,0,2.0,21.0,1611.47,631.0,13.0,56.6,0.0,3,1,4.59,3.0,2.0,355.01,5.0,2.0,1,1,2.0,3.091042453358316,7.385522443845696,0.035123210484836825,0,3,0.1599807134104192,-1.6583715850161944,True
978,대조,0,10.0,8.0,499.45,189.0,3.0,8.98,0.0,3,0,0.0,0.0,0.0,67.32000000000001,6.0,10.0,0,1,10.0,2.1972245773362196,6.215507693665028,0.017979777755531084,0,3,0.026970803514377906,-3.585659158798577,True
984,대조,0,14.0,5.0,140.65,104.0,1.0,1.5,0.0,1,0,5.0,3.0,1.0,72.73,1.0,14.0,1,1,14.0,1.791759469228055,4.953359226276525,0.01066477070742979,0,1,0.00471035631538993,-5.353270237985125,False
986,대조,0,1.0,13.0,245.26,100.0,1.0,0.88,0.0,2,1,0.0,0.0,0.0,69.13,6.0,1.0,0,1,1.0,2.6390573296152584,5.506387888364725,0.003588029030416701,0,2,0.021491513382114903,-3.8183713290924457,True
987,대조,0,12.0,6.0,264.18,89.0,0.0,0.0,0.0,3,0,0.0,0.0,0.0,32.86,1.0,12.0,0,1,12.0,1.9459101490553132,5.580408840686573,0.0,0,3,0.012608014188671135,-4.360734450850427,True
995,대조,0,,0.0,0.0,0.0,0.0,0.0,0.0,3,0,0.0,0.0,0.0,24.69,1.0,90.0,0,1,90.0,0.0,0.0,0.0,0,3,1.858195805865459e-05,-10.893300862712325,False
996,대조,0,1.0,30.0,298.78000000000003,135.0,0.0,0.0,0.0,5,1,3.29,2.0,2.0,119.04,9.0,1.0,1,1,1.0,3.4339872044851463,5.70304887230245,0.0,0,5,0.06243108158598397,-2.709227014414493,True
999,대조,0,19.0,8.0,468.49,180.0,10.0,35.85,0.0,3,0,13.75,5.0,1.0,74.46000000000001,1.0,19.0,1,1,19.0,2.1972245773362196,6.151646999166959,0.07652244444918782,0,3,0.033562306108736735,-3.3602132356288426,True
1000,대조,0,4.0,22.0,563.7,19081.0,1.0,2.5,0.0,3,0,0.0,0.0,0.0,205.19,7.0,4.0,0,1,4.0,3.1354942159291497,6.336294616678791,0.004434983147064041,0,3,0.04063045703844299,-3.1617583839121783,True
1001,대조,0,13.0,18.0,888.63,368.0,3.0,6.5,0.0,3,1,0.0,0.0,0.0,487.63,12.0,13.0,0,1,13.0,2.9444389791664403,6.790805645949292,0.007314630386099951,0,3,0.07079404486144844,-2.5745555247279093,True
1003,대조,0,39.0,2.0,42.04,8.0,0.0,0.0,0.0,2,1,0.0,0.0,0.0,46.56,1.0,39.0,0,1,39.0,1.0986122886681098,3.762129915853529,0.0,0,2,0.0016202669215798356,-6.423542795929402,False
1004,대조,0,3.0,53.0,590.9,90104.0,15.0,60.85,0.0,5,1,10.47,2.0,2.0,135.85,14.0,3.0,1,1,3.0,3.9889840465642745,6.3833377016966795,0.10297850736165172,0,5,0.22361288209484945,-1.24473490721972,True
1005,대조,0,20.0,27.0,340.74,197.0,3.0,8.43,0.0,3,0,5.5,2.0,2.0,123.04,6.0,20.0,1,1,20.0,3.332204510175204,5.834050214020127,0.024740271174502552,0,3,0.026205818687984814,-3.6152184950545196,True
1010,대조,0,13.0,16.0,509.6,58053.0,3.0,7.25,0.0,1,0,0.0,0.0,0.0,54.04,3.0,13.0,0,1,13.0,2.833213344056216,6.235586504807383,0.01422684458398744,0,1,0.020146065642072213,-3.884394498149459,True
1011,대조,0,4.0,18.0,454.43,5527.0,6.0,12.14,0.0,4,0,6.0,4.0,4.0,167.35,8.0,4.0,1,1,4.0,2.9444389791664403,6.121242027612733,0.026714785555531105,0,4,0.04671616240980277,-3.0158225002411485,True
1012,대조,0,50.0,6.0,252.62,111.0,1.0,3.0,0.0,4,1,0.0,0.0,0.0,121.72,4.0,50.0,0,1,50.0,1.9459101490553132,5.535837083806753,0.011875544295780223,0,4,0.013666487493469624,-4.279047877671582,True
1015,대조,0,4.0,10.0,358.47,186.0,3.0,5.0,1.0,5,1,0.0,0.0,0.0,163.42,4.0,4.0,0,1,4.0,2.3978952727983707,5.884630724443972,0.013948168605462101,1,5,0.04239586397878251,-3.117383663578149,True
1018,대조,0,2.0,18.0,367.3,172.0,12.0,46.57,0.0,5,1,0.0,0.0,0.0,26.67,4.0,2.0,0,1,2.0,2.9444389791664403,5.90889782345102,0.1267900898448135,0,5,0.13986391150156788,-1.8164207300197548,True
1019,대조,0,13.0,9.0,259.47,78.0,1.0,9.79,0.0,1,0,7.0,4.0,4.0,110.14,7.0,13.0,1,1,13.0,2.302585092994046,5.562487691413844,0.037730758854588195,0,1,0.01143059960095405,-4.459964912977853,True
1020,대조,0,2.0,38.0,1905.48,10887.0,15.0,38.09,0.0,5,1,14.48,6.0,6.0,914.71,11.0,2.0,1,1,2.0,3.6635616461296463,7.553013888815109,0.019989713877868045,0,5,0.2758505582343565,-0.9651385189598818,True
1021,대조,0,5.0,11.0,182.92000000000002,31.0,0.0,0.0,0.0,1,1,0.0,0.0,0.0,59.21,6.0,5.0,0,1,5.0,2.4849066497880004,5.214500880454926,0.0,0,1,0.011724317302089223,-4.434296603094153,True
1025,대조,0,4.0,7.0,772.55,325.0,8.0,31.76,0.0,3,0,2.75,1.0,1.0,124.37,1.0,4.0,1,1,4.0,2.0794415416798357,6.650990309165078,0.04111060772765517,0,3,0.047178397805298915,-3.0054915759022633,True
1031,대조,0,,0.0,0.0,0.0,0.0,0.0,0.0,2,1,0.0,0.0,0.0,0.0,0.0,90.0,0,0,90.0,0.0,0.0,0.0,0,2,2.1910207567514604e-05,-10.728536020311335,False
1032,대조,0,3.0,6.0,275.02,49.0,0.0,0.0,0.0,7,0,0.0,0.0,0.0,0.0,0.0,3.0,0,0,3.0,1.9459101490553132,5.620473326859893,0.0,0,6,0.029538843409467722,-3.4920652547197264,True
1034,대조,0,15.0,1.0,11.79,2.0,0.0,0.0,0.0,2,0,0.0,0.0,0.0,220.05,10.0,15.0,0,1,15.0,0.6931471805599453,2.548663615590751,0.0,0,2,0.000503353875822141,-7.593713624163655,False
1038,대조,0,61.0,16.0,73.25,61.0,0.0,0.0,0.0,2,1,0.0,0.0,0.0,9.27,1.0,61.0,0,1,61.0,2.833213344056216,4.307437777682809,0.0,0,2,0.0032999366878076817,-5.710546602719656,False
1039,대조,0,11.0,14.0,908.77,295.0,3.0,7.78,2.0,4,0,0.0,0.0,0.0,170.94,3.0,11.0,0,1,11.0,2.70805020110221,6.813191820312179,0.008561022040780396,1,4,0.04679773963926045,-3.0139922131104004,True
1041,대조,0,3.0,61.0,1401.8700000000001,682.0,11.0,29.5,0.0,8,1,0.0,0.0,0.0,340.23,16.0,3.0,0,1,3.0,4.127134385045092,7.246275417220651,0.02104332070734091,0,6,0.3025829814898077,-0.8350279779132861,True
1045,대조,0,1.0,43.0,718.85,58621.0,6.0,23.46,0.0,5,1,0.0,0.0,0.0,204.94,7.0,1.0,0,1,1.0,3.784189633918261,6.5790428569723645,0.03263545941434235,0,5,0.164386544780224,-1.6259454971476806,True
1047,대조,0,1.0,9.0,177.64000000000001,76.0,0.0,0.0,0.0,2,0,0.0,0.0,0.0,12.34,2.0,1.0,0,1,1.0,2.302585092994046,5.185372607531902,0.0,0,2,0.00971616554817769,-4.624200553792001,True
1048,대조,0,11.0,5.0,217.0,16439.0,1.0,1.0,0.0,1,0,0.0,0.0,0.0,0.0,0.0,11.0,0,0,11.0,1.791759469228055,5.384495062789089,0.004608294930875576,0,1,0.006748816485259339,-4.991616432257519,True
1050,대조,0,2.0,18.0,1086.42,82209.0,7.0,22.94,0.0,5,0,0.0,0.0,0.0,406.22,8.0,2.0,0,1,2.0,2.9444389791664403,6.991563197038542,0.021115222473813075,0,5,0.11202900307811228,-2.070181287508447,True
1051,대조,0,1.0,7.0,320.16,127.0,0.0,0.0,0.0,1,0,4.0,1.0,1.0,308.35,5.0,1.0,1,1,1.0,2.0794415416798357,5.7719394413164835,0.0,0,1,0.01158670584374453,-4.446242531258202,True
1053,대조,0,6.0,14.0,587.91,275.0,10.0,28.42,0.0,5,1,1.0,1.0,1.0,180.09,5.0,6.0,1,1,6.0,2.70805020110221,6.378273370618036,0.04834073242503105,0,5,0.10591291642948926,-2.133185966002583,True
1055,대조,0,18.0,14.0,169.78,85.0,2.0,4.57,0.0,5,0,0.0,0.0,0.0,5.74,1.0,18.0,0,1,18.0,2.70805020110221,5.14037617847946,0.026917186947814822,0,5,0.019863820727071886,-3.8987914973039293,True
1061,대조,0,3.0,35.0,1654.92,28083.0,10.0,34.14,0.0,3,0,8.5,5.0,2.0,628.76,17.0,3.0,1,1,3.0,3.58351893845611,7.412112024599535,0.02062939598288739,0,3,0.12126243643600083,-1.9805291975060908,True
1062,대조,0,2.0,26.0,90.88,92.0,0.0,0.0,0.0,2,1,0.0,0.0,0.0,70.5,14.0,2.0,0,1,2.0,3.295836866004329,4.520483377820898,0.0,0,2,0.011544850298777975,-4.449903793539346,True
1065,대조,0,3.0,6.0,716.03,300.0,6.0,37.24,0.0,5,0,9.68,2.0,2.0,175.79,2.0,3.0,1,1,3.0,1.9459101490553132,6.575117680728494,0.05200899403656272,0,5,0.07187559211512165,-2.5582290468146933,True
1066,처치,1,4.0,15.0,273.87,185.0,2.0,6.5,0.0,6,1,4.0,3.0,2.0,145.89000000000001,8.0,4.0,1,1,4.0,2.772588722239781,5.616298258623081,0.023733888341183774,0,6,0.0655582056139584,-2.657010956288424,True
1070,대조,0,2.0,17.0,658.17,88239.0,2.0,7.84,0.0,8,1,4.99,1.0,1.0,150.9,5.0,2.0,1,1,2.0,2.8903717578961645,6.490981467850926,0.011911816096145373,0,6,0.1253360056514721,-1.9428416299676698,True
1071,대조,0,4.0,13.0,312.42,226.0,2.0,3.75,0.0,3,0,0.0,0.0,0.0,45.23,3.0,4.0,0,1,4.0,2.6390573296152584,5.74754414409507,0.012003072786633378,0,3,0.022544186208246057,-3.7694758726639073,True
1072,대조,0,11.0,9.0,333.27,278.0,4.0,6.62,0.0,2,0,2.5,1.0,1.0,145.05,1.0,11.0,1,1,11.0,2.302585092994046,5.811949049644489,0.019863774117082247,0,2,0.01601832727865203,-4.117873749973025,True
1074,처치,1,1.0,20.0,1326.89,35663.0,12.0,28.490000000000002,1.0,5,1,6.0,3.0,2.0,518.39,9.0,1.0,1,1,1.0,3.044522437723423,7.191346495280374,0.021471259863289346,1,5,0.15368018429360214,-1.7060236032565894,True
1075,대조,0,11.0,13.0,231.29000000000002,81.0,1.0,0.88,0.0,1,0,9.98,4.0,2.0,117.66,3.0,11.0,1,1,11.0,2.6390573296152584,5.4479865910667415,0.0038047472869557693,0,1,0.009475091799447439,-4.6495685734028145,True
1076,대조,0,10.0,14.0,312.4,78.0,2.0,7.43,0.0,1,1,0.0,0.0,0.0,104.41,4.0,10.0,0,1,10.0,2.70805020110221,5.74748032992192,0.02378361075544174,0,1,0.021420535370843985,-3.8217519355194676,True
1078,대조,0,2.0,22.0,507.38,62405.0,1.0,3.0,0.0,9,0,0.0,0.0,0.0,410.1,14.0,2.0,0,1,2.0,3.1354942159291497,6.2312291994384275,0.005912728132760455,0,6,0.07498552743266776,-2.5125142560575204,True
1083,대조,0,11.0,12.0,285.56,5095.0,1.0,2.79,0.0,1,0,0.0,0.0,0.0,82.58,4.0,11.0,0,1,11.0,2.5649493574615367,5.657947938312402,0.009770275949012466,0,1,0.011449911243876391,-4.458257334461349,True
1084,대조,0,3.0,29.0,238.12,112.0,0.0,0.0,0.0,6,1,0.0,0.0,0.0,56.36,5.0,3.0,0,1,3.0,3.4011973816621555,5.476965517975683,0.0,0,6,0.06249369322689145,-2.7081578417655603,True
1087,대조,0,29.0,3.0,347.32,150.0,1.0,2.99,0.0,6,0,0.0,0.0,0.0,5.87,3.0,29.0,0,1,29.0,1.3862943611198906,5.853121597486237,0.008608775768743523,0,6,0.02106990534071379,-3.838614499942345,True
1088,대조,0,3.0,12.0,159.25,131.0,0.0,0.0,0.0,2,0,6.0,2.0,2.0,41.85,2.0,3.0,1,1,3.0,2.5649493574615367,5.076735095800779,0.0,0,2,0.00943036316688568,-4.654345560626706,True
1089,대조,0,4.0,11.0,310.82,24914.0,8.0,15.66,0.0,1,0,19.46,10.0,8.0,301.94,7.0,4.0,1,1,4.0,2.4849066497880004,5.742426098248406,0.05038285824593012,0,1,0.0177113798376535,-4.015677814052837,True
1091,대조,0,23.0,2.0,150.39000000000001,14093.0,0.0,0.0,0.0,5,1,0.0,0.0,0.0,37.42,2.0,23.0,0,1,23.0,1.0986122886681098,5.019859288623787,0.0,0,5,0.0117278805346799,-4.433989125626682,True
1097,대조,0,7.0,24.0,988.39,78134.0,1.0,1.5,0.0,4,0,3.86,2.0,2.0,333.95,7.0,7.0,1,1,7.0,3.2188758248682006,6.897088591606893,0.0015176195631279152,0,4,0.07563698995743744,-2.5031594138248576,True
1098,대조,0,1.0,70.0,1436.38,129811.0,7.0,13.78,1.0,7,0,34.489999999999995,18.0,12.0,543.82,30.0,1.0,1,1,1.0,4.2626798770413155,7.270577290926132,0.009593561592336288,1,6,0.18757876520900105,-1.4658201293932704,True
1102,대조,0,19.0,9.0,358.73,168.0,0.0,0.0,0.0,2,0,0.0,0.0,0.0,187.92,5.0,19.0,0,1,19.0,2.302585092994046,5.885353750059451,0.0,0,2,0.01307049998969298,-4.324240826658466,True
1104,대조,0,5.0,13.0,499.62,4655.0,2.0,5.64,0.0,8,0,0.0,0.0,0.0,104.74000000000001,5.0,5.0,0,1,5.0,2.6390573296152584,6.215847330257143,0.011288579320283414,0,6,0.06258590054251825,-2.706585104613615,True
1111,처치,1,3.0,30.0,2238.9900000000002,1318.0,2.0,4.04,0.0,11,0,6.48,3.0,3.0,605.52,7.0,3.0,1,1,3.0,3.4339872044851463,7.7142266805534065,0.001804385012885274,0,6,0.22761906589174638,-1.2218043982487334,True
1113,대조,0,1.0,23.0,390.49,195.0,4.0,8.9,1.0,7,1,0.0,0.0,0.0,106.33,6.0,1.0,0,1,1.0,3.1780538303479458,5.9699599723204715,0.022791876872647186,1,6,0.08068840510378476,-2.433030237593139,True
1116,대조,0,3.0,10.0,629.21,338.0,7.0,46.51,0.0,3,0,0.0,0.0,0.0,11.0,1.0,3.0,0,1,3.0,2.3978952727983707,6.446053097175699,0.07391808776084295,0,3,0.05655902669810885,-2.8142489883009008,True
1117,대조,0,9.0,7.0,162.68,96.0,2.0,1.76,0.0,6,0,0.0,0.0,0.0,66.03,5.0,9.0,0,1,9.0,2.0794415416798357,5.097913302203317,0.010818785345463487,0,6,0.019918919965440436,-3.895965270887248,True
1119,대조,0,6.0,6.0,127.11,72.0,1.0,3.0,0.0,2,0,6.55,3.0,3.0,116.16,4.0,6.0,1,1,6.0,1.9459101490553132,4.852889269868342,0.023601604909133822,0,2,0.007147968512490868,-4.933753449140338,True
1120,대조,0,35.0,6.0,60.230000000000004,39.0,1.0,2.5,0.0,1,1,2.5,1.0,1.0,46.69,2.0,35.0,1,1,35.0,1.9459101490553132,4.114637265489863,0.04150755437489623,0,1,0.003310147045127943,-5.707447028368159,False
1121,대조,0,23.0,8.0,590.14,247.0,9.0,34.11,0.0,2,0,23.78,11.0,6.0,147.56,4.0,23.0,1,1,23.0,2.1972245773362196,6.382052875985716,0.057799844104788695,0,2,0.026674665311666717,-3.597004138556983,True
1122,대조,0,,0.0,0.0,0.0,0.0,0.0,0.0,3,0,0.0,0.0,0.0,0.0,0.0,90.0,0,0,90.0,0.0,0.0,0.0,0,3,1.858195805865459e-05,-10.893300862712325,False
1123,대조,0,21.0,9.0,591.09,153.0,2.0,5.88,0.0,4,1,2.77,1.0,1.0,57.46,1.0,21.0,1,1,21.0,2.302585092994046,6.383658650356096,0.009947723696898949,0,4,0.04693363257203643,-3.0109500109022815,True
1124,대조,0,36.0,6.0,106.88,60.0,1.0,4.0,0.0,1,0,11.02,4.0,3.0,91.84,8.0,36.0,1,1,36.0,1.9459101490553132,4.681019498271529,0.037425149700598806,0,1,0.0034081122992867894,-5.678182785746138,False
1125,대조,0,4.0,19.0,23.75,58.0,0.0,0.0,0.0,1,0,0.0,0.0,0.0,3.0,2.0,4.0,0,1,4.0,2.995732273553991,3.2088254890146994,0.0,0,1,0.0018273555673360376,-6.303056375166765,False
1126,대조,0,3.0,5.0,489.05,214.0,9.0,29.45,0.0,2,0,0.0,0.0,0.0,0.0,0.0,3.0,0,0,3.0,1.791759469228055,6.194507426715189,0.06021879153460791,0,2,0.02754709632986375,-3.5639245125480814,True
1127,대조,0,22.0,4.0,53.900000000000006,19.0,0.0,0.0,0.0,2,0,2.99,1.0,1.0,135.64000000000001,2.0,22.0,1,1,22.0,1.6094379124341003,4.0055133485154855,0.0,0,2,0.0020785964085724305,-6.173981656933934,False
1128,대조,0,2.0,44.0,733.45,42364.0,7.0,18.32,0.0,7,1,0.0,0.0,0.0,309.62,18.0,2.0,0,1,2.0,3.8066624897703196,6.599121919777424,0.02497784443384007,0,6,0.19148940333516443,-1.4403613134797262,True
1130,대조,0,1.0,39.0,739.68,366.0,1.0,2.66,1.0,6,1,0.0,0.0,0.0,475.64,15.0,1.0,0,1,1.0,3.6888794541139363,6.607568683169615,0.003596149686350855,1,6,0.1343556011684659,-1.862984174264027,True
1132,대조,0,24.0,10.0,376.25,156.0,0.0,0.0,0.0,2,0,0.0,0.0,0.0,108.96000000000001,5.0,24.0,0,1,24.0,2.3978952727983707,5.9329080976479585,0.0,0,2,0.012999824418460024,-4.3297343662296095,True
1133,대조,0,2.0,29.0,367.34000000000003,147.0,3.0,13.5,0.0,1,0,2.0,1.0,1.0,94.87,8.0,2.0,1,1,2.0,3.4011973816621555,5.90900642466746,0.03675069417977895,0,1,0.02596830858964821,-3.624566946335451,True
1136,대조,0,4.0,18.0,444.12,258.0,10.0,20.47,0.0,2,0,5.64,3.0,3.0,112.69,5.0,4.0,1,1,4.0,2.9444389791664403,6.098343908735078,0.04609114653697199,0,2,0.03359536852946854,-3.35919440358425,True
1137,대조,0,1.0,12.0,255.86,96.0,0.0,0.0,0.0,4,1,0.0,0.0,0.0,124.77,8.0,1.0,0,1,1.0,2.5649493574615367,5.54853118938491,0.0,0,4,0.033189738857694266,-3.3717615046849527,True
1138,대조,0,1.0,26.0,483.77,287.0,0.0,0.0,0.0,6,1,0.0,0.0,0.0,189.7,11.0,1.0,0,1,1.0,3.295836866004329,6.183674551652266,0.0,0,6,0.10654173616915262,-2.1265628253375697,True
1139,대조,0,44.0,6.0,409.54,126.0,3.0,9.870000000000001,0.0,7,0,2.99,1.0,1.0,497.59000000000003,3.0,44.0,1,1,44.0,1.9459101490553132,6.017473366289033,0.024100209991698002,0,6,0.025810169764013242,-3.6308375910653474,True
1141,대조,0,23.0,10.0,434.78000000000003,191.0,4.0,29.83,0.0,1,0,0.0,0.0,0.0,36.19,1.0,23.0,0,1,23.0,2.3978952727983707,6.077137528846132,0.06860941165646993,0,1,0.01917965436143273,-3.9345392603761042,True
1151,대조,0,3.0,44.0,498.78000000000003,13465.0,12.0,36.94,0.0,2,1,9.49,5.0,3.0,269.1,16.0,3.0,1,1,3.0,3.8066624897703196,6.214168001593788,0.0740607081278319,0,2,0.08702747342418782,-2.3504819334790708,True
1153,대조,0,60.0,2.0,69.11,37.0,0.0,0.0,0.0,1,0,0.0,0.0,0.0,0.0,0.0,60.0,0,0,60.0,1.0986122886681098,4.250065437218876,0.0,0,1,0.0009345642018150871,-6.974495230467506,False
1154,대조,0,4.0,20.0,505.98,243.0,11.0,20.5,0.0,5,1,12.49,9.0,6.0,318.06,10.0,4.0,1,1,4.0,3.044522437723423,6.228471555081345,0.04051543539270327,0,5,0.10291890738520544,-2.1652048910244077,True
1157,대조,0,13.0,14.0,381.35,180.0,3.0,7.72,0.0,3,0,0.0,0.0,0.0,10.26,1.0,13.0,0,1,13.0,2.70805020110221,5.946336419490234,0.020243870460207158,0,3,0.025036940937571497,-3.6620472103999684,True
1158,대조,0,3.0,49.0,601.5600000000001,67153.0,3.0,13.29,0.0,5,1,4.69,1.0,1.0,84.75,14.0,3.0,1,1,3.0,3.912023005428146,6.401187245468788,0.022092559345701174,0,5,0.1375331633731612,-1.8359316216846797,True
1159,대조,0,2.0,23.0,466.65,228.0,15.0,46.18,0.0,4,1,17.0,5.0,5.0,338.97,17.0,2.0,1,1,2.0,3.1780538303479458,6.14772015288056,0.09896067716704168,0,4,0.12265417935598223,-1.9675323913420921,True
1164,대조,0,1.0,17.0,748.97,289.0,2.0,5.67,0.0,3,1,0.0,0.0,0.0,167.41,3.0,1.0,0,1,1.0,2.8903717578961645,6.620033205730335,0.007570396678104597,0,3,0.07271197902186187,-2.5457580752432567,True
1165,대조,0,9.0,13.0,314.24,5755.0,1.0,1.0,0.0,1,0,0.0,0.0,0.0,17.3,2.0,9.0,0,1,9.0,2.6390573296152584,5.753334253485449,0.0031822810590631362,0,1,0.012504022695748464,-4.369122014954452,True
1169,대조,0,3.0,23.0,639.12,7459.0,3.0,4.01,0.0,4,1,0.0,0.0,0.0,194.1,4.0,3.0,0,1,3.0,3.1780538303479458,6.461655658777789,0.00627425209663287,0,4,0.0842364366741567,-2.3861306454743065,True
1172,대조,0,10.0,30.0,912.51,14045.0,5.0,14.48,0.0,4,1,5.97,3.0,3.0,256.13,12.0,10.0,1,1,10.0,3.4339872044851463,6.817294322665643,0.015868319251295875,0,4,0.11482703769385401,-2.0423560874102504,True
1174,대조,0,3.0,13.0,465.63,258.0,2.0,3.76,0.0,2,1,1.99,1.0,1.0,49.37,2.0,3.0,1,1,3.0,2.6390573296152584,6.145536652419772,0.008075081072954921,0,2,0.03603310829100928,-3.2866187587558824,True
1175,대조,0,5.0,14.0,800.84,83154.0,7.0,20.27,0.0,5,1,5.67,3.0,3.0,552.29,9.0,5.0,1,1,5.0,2.70805020110221,6.686909086716611,0.02531092353029319,0,5,0.11648934876464828,-2.026103505501531,True
1178,대조,0,1.0,34.0,838.04,15044.0,7.0,13.64,0.0,8,1,13.04,6.0,5.0,367.55,13.0,1.0,1,1,1.0,3.5553480614894135,6.7322583811352805,0.01627607274115794,0,6,0.18786105438315825,-1.463968823663534,True
1180,대조,0,5.0,28.0,585.41,75221.0,4.0,8.5,0.0,4,0,3.76,2.0,2.0,295.37,13.0,5.0,1,1,5.0,3.367295829986474,6.37401920363304,0.014519738303069645,0,4,0.05943666060711729,-2.761567775055496,True
1181,대조,0,15.0,6.0,148.16,66.0,1.0,2.0,0.0,3,0,0.0,0.0,0.0,0.0,0.0,15.0,0,0,15.0,1.9459101490553132,5.00501955531062,0.013498920086393088,0,3,0.008252813602331429,-4.788914037471186,True
1182,대조,0,14.0,10.0,215.47,126.0,0.0,0.0,0.0,3,0,0.0,0.0,0.0,94.05,4.0,14.0,0,1,14.0,2.3978952727983707,5.377451969711764,0.0,0,3,0.012090275189885506,-4.403189895778756,True
1184,대조,0,,0.0,0.0,0.0,0.0,0.0,0.0,1,0,0.0,0.0,0.0,0.0,0.0,90.0,0,0,90.0,0.0,0.0,0.0,0,1,1.1694192252631282e-05,-11.356406533805565,False
1186,대조,0,1.0,14.0,1244.7,14001.0,1.0,4.99,0.0,5,1,8.49,3.0,2.0,623.2,7.0,1.0,1,1,1.0,2.70805020110221,7.127452899892047,0.00400899815216518,0,5,0.14802569149893055,-1.7501705221253019,True
1187,대조,0,1.0,27.0,677.61,352.0,2.0,3.76,0.0,6,0,5.64,3.0,3.0,313.09,8.0,1.0,1,1,1.0,3.332204510175204,6.5200465884631855,0.005548914567376514,0,6,0.10055435342862269,-2.1910802138574574,True
1188,처치,1,4.0,34.0,827.7,537.0,3.0,4.5,0.0,2,1,13.99,8.0,7.0,576.97,21.0,4.0,1,1,4.0,3.5553480614894135,6.719858207854997,0.005436752446538601,0,2,0.07412332151911362,-2.5250108360536307,True
1191,대조,0,4.0,13.0,371.91,175.0,4.0,9.49,0.0,2,0,6.5,3.0,2.0,218.85,8.0,4.0,1,1,4.0,2.6390573296152584,5.921337103666186,0.025516926138044148,0,2,0.022756186602866293,-3.7598991270125572,True
1193,대조,0,12.0,12.0,278.64,126.0,1.0,1.74,0.0,3,0,13.79,5.0,4.0,72.84,3.0,12.0,1,1,12.0,2.5649493574615367,5.6335030616437844,0.006244616709732989,0,3,0.017017647151285568,-4.056340294285761,True
1203,대조,0,1.0,25.0,1035.8700000000001,459.0,9.0,17.98,0.0,6,0,3.55,2.0,2.0,344.09000000000003,13.0,1.0,1,1,1.0,3.258096538021482,6.943961838751045,0.01735739040613204,0,6,0.14427698984646084,-1.7802117449660213,True
1204,대조,0,23.0,7.0,219.25,8054.0,3.0,8.01,0.0,2,0,0.0,0.0,0.0,55.11,2.0,23.0,0,1,23.0,2.0794415416798357,5.394763264816289,0.036533637400228046,0,2,0.009850068889618549,-4.6103779281985116,True
1207,대조,0,17.0,5.0,64.4,25.0,0.0,0.0,0.0,3,0,8.31,3.0,2.0,69.16,8.0,17.0,1,1,17.0,1.791759469228055,4.180522258463153,0.0,0,3,0.0034864274791599967,-5.655385192759397,False
1211,대조,0,3.0,26.0,1309.39,69046.0,3.0,14.350000000000001,0.0,3,0,6.25,3.0,2.0,460.23,14.0,3.0,1,1,3.0,3.295836866004329,7.178080081812055,0.010959301659551394,0,3,0.08751569682030388,-2.344352713807086,True
1218,대조,0,5.0,14.0,274.06,133.0,4.0,9.79,0.0,1,1,2.5,1.0,1.0,142.19,7.0,5.0,1,1,5.0,2.70805020110221,5.616989255686562,0.03572210464861709,0,1,0.022610612142104674,-3.766465767377412,True
1219,대조,0,1.0,22.0,141.16,84.0,0.0,0.0,0.0,2,1,0.0,0.0,0.0,103.53,16.0,1.0,0,1,1.0,3.1354942159291497,4.956953183846396,0.0,0,2,0.015866354238625594,-4.127560925160419,True
1222,처치,1,3.0,22.0,521.95,225.0,3.0,6.88,0.0,6,1,3.34,2.0,1.0,96.59,3.0,3.0,1,1,3.0,3.1354942159291497,6.259485857200278,0.013181339208736468,0,6,0.11341610228920548,-2.0563123835950408,True
1223,대조,0,1.0,10.0,306.6,107.0,5.0,24.0,0.0,1,0,35.45,10.0,7.0,292.23,9.0,1.0,1,1,1.0,2.3978952727983707,5.728800237631489,0.07827788649706457,0,1,0.0216549022711464,-3.8106306067937243,True
1224,대조,0,7.0,17.0,414.28000000000003,221.0,1.0,2.79,0.0,2,0,0.0,0.0,0.0,56.39,4.0,7.0,0,1,7.0,2.8903717578961645,6.028952991518974,0.0067345756493193,0,2,0.02265624625862906,-3.7644028494449246,True
1227,처치,1,3.0,7.0,427.31,161.0,4.0,8.74,0.0,2,0,0.0,0.0,0.0,185.95,4.0,3.0,0,1,3.0,2.0794415416798357,6.059847232469238,0.02045353490440196,0,2,0.02062618365947944,-3.8603520843984316,True
1228,대조,0,1.0,124.0,2258.03,227737.0,9.0,26.55,3.0,6,1,8.97,3.0,2.0,848.8100000000001,53.0,1.0,1,1,1.0,4.8283137373023015,7.722690796592306,0.011758036872849341,1,6,0.38190092600076536,-0.48148753957435997,True
1229,처치,1,1.0,52.0,2410.73,157805.0,6.0,16.27,1.0,8,1,2.99,1.0,1.0,1379.45,24.0,1.0,1,1,1.0,3.970291913552122,7.788099611282786,0.006748993043600901,1,6,0.3182500549829808,-0.7618255308717911,True
1233,대조,0,81.0,1.0,5.0,2315.0,0.0,0.0,0.0,1,0,0.0,0.0,0.0,34.18,1.0,81.0,0,1,81.0,0.6931471805599453,1.791759469228055,0.0,0,1,7.590084582137614e-05,-9.486006826006697,False
1236,대조,0,2.0,15.0,292.58,122.0,4.0,15.0,0.0,3,1,14.58,5.0,3.0,89.02,4.0,2.0,1,1,2.0,2.772588722239781,5.682150174529087,0.051268029256955366,0,3,0.04442435650461306,-3.068526037994609,True
1237,대조,0,38.0,3.0,175.25,41907.0,0.0,0.0,0.0,2,0,0.0,0.0,0.0,0.0,0.0,38.0,0,0,38.0,1.3862943611198906,5.171903441692378,0.0,0,2,0.0039383638764007795,-5.533043762059256,False
1238,대조,0,5.0,2.0,173.0,107.0,1.0,5.76,0.0,8,0,17.98,6.0,5.0,127.98,4.0,5.0,1,1,5.0,1.0986122886681098,5.159055299214529,0.03329479768786127,0,6,0.01864700376932309,-3.9632467505168396,True
1239,대조,0,3.0,2.0,241.29,136.0,1.0,2.08,0.0,2,0,0.0,0.0,0.0,0.0,0.0,3.0,0,0,3.0,1.0986122886681098,5.490135355819337,0.008620332380123504,0,2,0.008493930765630046,-4.759873188322002,True
1240,대조,0,3.0,47.0,2124.03,126287.0,6.0,12.5,0.0,5,1,10.98,6.0,5.0,1171.44,21.0,3.0,1,1,3.0,3.871201010907891,7.6615411989059234,0.005885039288522289,0,5,0.28509561987713045,-0.9193241673177962,True
1245,대조,0,1.0,58.0,974.5,131342.0,0.0,0.0,0.0,5,0,0.0,0.0,0.0,272.63,15.0,1.0,0,1,1.0,4.07753744390572,6.8829501600631655,0.0,0,5,0.12995292026744523,-1.9013750917457022,True
1246,대조,0,2.0,20.0,778.87,46366.0,1.0,5.0,0.0,3,0,6.34,4.0,2.0,461.02,8.0,2.0,1,1,2.0,3.044522437723423,6.659127239126539,0.006419556537034422,0,3,0.05316122585130567,-2.8797995364060167,True
1247,대조,0,2.0,16.0,872.35,386.0,4.0,12.76,0.0,5,1,0.0,0.0,0.0,445.79,7.0,2.0,0,1,2.0,2.833213344056216,6.7723363918744015,0.014627156531208803,0,5,0.12552116415285605,-1.9411537097110307,True
1248,대조,0,7.0,12.0,437.19,152.0,1.0,2.5,0.0,7,1,11.07,6.0,2.0,477.6,7.0,7.0,1,1,7.0,2.5649493574615367,6.082652606271123,0.005718337564903132,0,6,0.07461472758370638,-2.517872253098301,True
1251,대조,0,5.0,2.0,24.67,6.0,0.0,0.0,0.0,1,0,0.0,0.0,0.0,0.0,0.0,5.0,0,0,5.0,1.0986122886681098,3.245322994883049,0.0,0,1,0.0009586425370299312,-6.94903319577615,False
1256,대조,0,2.0,20.0,888.3100000000001,310.0,1.0,2.5,2.0,10,1,0.0,0.0,0.0,246.17000000000002,6.0,2.0,0,1,2.0,3.044522437723423,6.790445881141652,0.0028143328342583106,1,6,0.12382369791787731,-1.9567085658550087,True
1258,대조,0,1.0,33.0,476.94,17030.0,1.0,5.0,0.0,6,1,0.0,0.0,0.0,233.81,9.0,1.0,0,1,1.0,3.5263605246161616,6.169485201600231,0.0104834989726171,0,6,0.1209995097439381,-1.9829989615424395,True
1259,대조,0,2.0,5.0,124.41,85.0,0.0,0.0,0.0,1,0,0.0,0.0,0.0,68.42,1.0,2.0,0,1,2.0,1.791759469228055,4.831588369835958,0.0,0,1,0.004758069059846735,-5.34314392803164,False
1260,대조,0,2.0,21.0,1236.46,468.0,3.0,8.98,0.0,3,1,5.0,2.0,1.0,452.1,7.0,2.0,1,1,2.0,3.091042453358316,7.120816170688116,0.0072626692331333,0,3,0.1112780377823874,-2.077752518881742,True
1265,대조,0,3.0,6.0,178.36,107.0,1.0,1.76,0.0,1,0,0.0,0.0,0.0,33.61,1.0,3.0,0,1,3.0,1.9459101490553132,5.18939495932385,0.009867683337071092,0,1,0.00712331772414508,-4.937232879915243,True
1266,대조,0,5.0,14.0,265.75,136.0,0.0,0.0,0.0,5,0,0.0,0.0,0.0,118.06,7.0,5.0,0,1,5.0,2.70805020110221,5.586311890181863,0.0,0,5,0.02880834937691596,-3.5178585692515156,True
1269,대조,0,2.0,11.0,188.82,85.0,1.0,2.88,0.0,2,0,0.0,0.0,0.0,82.94,9.0,2.0,0,1,2.0,2.4849066497880004,5.246076254702346,0.015252621544327931,0,2,0.011929970709566943,-4.416699794169187,True
1270,대조,0,4.0,12.0,756.96,337.0,3.0,15.17,0.0,4,1,0.0,0.0,0.0,248.82,4.0,4.0,0,1,4.0,2.5649493574615367,6.630630613801414,0.020040689072077785,0,4,0.08499480891797165,-2.376339555501022,True
1271,대조,0,8.0,23.0,847.76,416.0,6.0,9.379999999999999,0.0,4,0,0.0,0.0,0.0,264.89,9.0,8.0,0,1,8.0,3.1780538303479458,6.743776460835899,0.011064452203453807,0,4,0.06965552351930974,-2.5919929213624924,True
1282,대조,0,3.0,23.0,632.38,363.0,3.0,4.74,0.0,6,0,0.0,0.0,0.0,564.17,12.0,3.0,0,1,3.0,3.1780538303479458,6.4510705579824,0.007495493216104242,0,6,0.08952979848911526,-2.3193896571421595,True
1284,대조,0,1.0,33.0,632.85,310.0,2.0,8.25,0.0,2,0,0.0,0.0,0.0,183.73,8.0,1.0,0,1,1.0,3.5263605246161616,6.451812333384736,0.013036264517658212,0,2,0.045099372389305156,-3.052738949776862,True
1285,대조,0,1.0,19.0,835.98,419.0,1.0,5.48,0.0,2,1,0.0,0.0,0.0,384.68,8.0,1.0,0,1,1.0,2.995732273553991,6.729800175341384,0.006555180745950861,0,2,0.06557637160280669,-2.6567144569095866,True
1287,대조,0,12.0,14.0,320.63,178.0,3.0,6.859999999999999,0.0,5,0,2.5,1.0,1.0,102.73,5.0,12.0,1,1,12.0,2.70805020110221,5.773401816536258,0.02139537784985809,0,5,0.03493510953197116,-3.3187030157794255,True
1288,대조,0,3.0,8.0,215.1,96.0,2.0,14.95,0.0,2,0,0.0,0.0,0.0,59.59,1.0,3.0,0,1,3.0,2.1972245773362196,5.3757412635128405,0.06950255695025569,0,2,0.017355569511281536,-4.036333871805307,True
1289,대조,0,2.0,61.0,265.1,121.0,0.0,0.0,0.0,3,0,0.0,0.0,0.0,76.01,37.0,2.0,0,1,2.0,4.127134385045092,5.583872177983643,0.0,0,3,0.031011454349423078,-3.4418961596455553,True
1291,대조,0,1.0,15.0,553.11,242.0,3.0,4.88,0.0,5,1,0.0,0.0,0.0,115.81,3.0,1.0,0,1,1.0,2.772588722239781,6.317363222994337,0.008822838133463505,0,5,0.08579401029944538,-2.3661067236980893,True
1292,대조,0,17.0,2.0,28.21,17.0,0.0,0.0,0.0,1,0,0.0,0.0,0.0,0.0,0.0,17.0,0,0,17.0,1.0986122886681098,3.3745111163996495,0.0,0,1,0.0008847072629335445,-7.029368645173805,False
1293,대조,0,1.0,29.0,507.82,402.0,0.0,0.0,0.0,2,0,0.0,0.0,0.0,172.54,14.0,1.0,0,1,1.0,3.4011973816621555,6.232094319429467,0.0,0,2,0.03317624387494643,-3.372182146578079,True
1294,대조,0,1.0,8.0,966.3,402.0,8.0,17.46,0.0,2,0,1.0,1.0,1.0,382.25,5.0,1.0,1,1,1.0,2.1972245773362196,6.874508685188501,0.018068922694815276,0,2,0.041948570437963795,-3.128457106260207,True
1296,대조,0,2.0,12.0,355.85,174.0,4.0,10.43,0.0,4,1,19.52,10.0,7.0,119.84,4.0,2.0,1,1,2.0,2.5649493574615367,5.877315525417076,0.029310102571308134,0,4,0.05193588393687615,-2.9044121763499025,True
1297,대조,0,6.0,32.0,891.97,66339.0,1.0,1.5,0.0,4,1,3.5,2.0,2.0,371.49,19.0,6.0,1,1,6.0,3.4965075614664802,6.794552985687327,0.0016816709082144018,0,4,0.11120254317135941,-2.078516125166412,True
1300,대조,0,5.0,19.0,897.08,51214.0,3.0,5.5,0.0,1,1,0.0,0.0,0.0,430.15000000000003,7.0,5.0,0,1,5.0,2.995732273553991,6.800259151193889,0.0061310028091140145,0,1,0.052385040196561546,-2.895327201070348,True
1301,대조,0,81.0,1.0,20.3,4.0,0.0,0.0,0.0,4,0,0.0,0.0,0.0,0.0,0.0,81.0,0,0,81.0,0.6931471805599453,3.0587070727153796,0.0,0,4,0.00043532316027471195,-7.738986487562956,False
1304,대조,0,3.0,17.0,153.92000000000002,78.0,0.0,0.0,0.0,1,0,0.0,0.0,0.0,52.42,4.0,3.0,0,1,3.0,2.8903717578961645,5.0429088546465515,0.0,0,1,0.008157149876033037,-4.800669849456125,True
1305,대조,0,2.0,23.0,443.16,9262.0,4.0,30.92,0.0,7,1,10.96,2.0,1.0,103.81,4.0,2.0,1,1,2.0,3.1780538303479458,6.096184857878385,0.06977164003971477,0,6,0.14725996427739974,-1.7562552469964894,True
1306,대조,0,2.0,36.0,517.95,254.0,4.0,12.49,0.0,6,1,2.99,1.0,1.0,371.92,14.0,2.0,1,1,2.0,3.6109179126442243,6.251807539411298,0.02411429674679023,0,6,0.14146191823186882,-1.803200486090768,True
1307,대조,0,1.0,12.0,87.54,46.0,0.0,0.0,0.0,3,0,0.0,0.0,0.0,195.07999999999998,18.0,1.0,0,1,1.0,2.5649493574615367,4.483454427303995,0.0,0,3,0.00750751942453789,-4.884314328063224,True
1312,대조,0,4.0,8.0,295.28000000000003,12834.0,0.0,0.0,0.0,6,0,0.0,0.0,0.0,217.9,2.0,4.0,0,1,4.0,2.1972245773362196,5.691304953145089,0.0,0,6,0.03352547521365351,-3.3613493361159983,True
1317,대조,0,4.0,15.0,226.73000000000002,99.0,0.0,0.0,0.0,6,0,2.0,2.0,2.0,62.46,5.0,4.0,1,1,4.0,2.772588722239781,5.4281607166967865,0.0,0,6,0.03294045257489736,-3.3795586090809984,True
1318,대조,0,3.0,13.0,1039.09,353.0,4.0,16.58,3.0,3,1,0.0,0.0,0.0,360.58,6.0,3.0,0,1,3.0,2.6390573296152584,6.94706252685272,0.01595626942805724,1,3,0.07017498276921805,-2.5840045382211816,True
1319,대조,0,9.0,6.0,117.96,39.0,0.0,0.0,0.0,1,0,0.0,0.0,0.0,76.83,2.0,9.0,0,1,9.0,1.9459101490553132,4.778787302151899,0.0,0,1,0.004308796502437831,-5.442778541514744,False
1321,대조,0,2.0,34.0,307.02,186.0,0.0,0.0,0.0,4,1,0.0,0.0,0.0,225.36,16.0,2.0,0,1,2.0,3.5553480614894135,5.73016471593032,0.0,0,4,0.05256884202762862,-2.891630690481613,True
1325,대조,0,4.0,19.0,709.17,254.0,6.0,14.15,0.0,2,0,0.0,0.0,0.0,270.23,6.0,4.0,0,1,4.0,2.995732273553991,6.565504377994706,0.019952902689059044,0,2,0.04146840387109112,-3.1404707413263293,True
1330,대조,0,4.0,9.0,163.47,88.0,1.0,1.0,0.0,3,0,2.0,2.0,1.0,153.83,5.0,4.0,1,1,4.0,2.302585092994046,5.102728182753178,0.006117330397014743,0,3,0.011380601833881836,-4.4643991100089355,True
1331,대조,0,13.0,3.0,126.61,62.0,2.0,5.1899999999999995,0.0,4,0,0.0,0.0,0.0,12.99,3.0,13.0,0,1,13.0,1.3862943611198906,4.848978737745885,0.0409920227470184,0,4,0.009436364575053131,-4.653703312425421,True
1336,처치,1,5.0,16.0,766.6,394.0,3.0,8.879999999999999,0.0,8,0,5.88,5.0,3.0,384.08,8.0,5.0,1,1,5.0,2.833213344056216,6.643268764133545,0.01158361596660579,0,6,0.09263892277644287,-2.281831085775138,True
1344,대조,0,39.0,3.0,422.57,128.0,3.0,13.46,0.0,2,0,1.5,1.0,1.0,301.97,2.0,39.0,1,1,39.0,1.3862943611198906,6.048718789689543,0.031852710793478005,0,2,0.010028182234596447,-4.592277123112455,True
1345,대조,0,11.0,7.0,182.65,77.0,1.0,2.0,0.0,2,0,0.0,0.0,0.0,16.990000000000002,1.0,11.0,0,1,11.0,2.0794415416798357,5.213031772265676,0.010949904188338352,0,2,0.008519084136562825,-4.75689086067768,True
1347,대조,0,5.0,28.0,912.29,73841.0,1.0,2.67,2.0,1,0,0.0,0.0,0.0,374.2,11.0,5.0,0,1,5.0,3.367295829986474,6.81705346433297,0.0029267009393942715,1,1,0.031602929898795325,-3.4223923649434846,True
1350,대조,0,6.0,15.0,655.01,344.0,10.0,21.02,0.0,3,0,0.0,0.0,0.0,30.19,2.0,6.0,0,1,6.0,2.772588722239781,6.486176032730341,0.0320911131127769,0,3,0.047567456024592024,-2.996870454072009,True
1351,대조,0,5.0,11.0,141.38,35.0,0.0,0.0,0.0,2,0,0.0,0.0,0.0,16.06,5.0,5.0,0,1,5.0,2.4849066497880004,4.958499539675727,0.0,0,2,0.008068365535995081,-4.811703262082581,True
1354,처치,1,2.0,15.0,542.98,15285.0,6.0,8.57,0.0,1,1,0.0,0.0,0.0,189.05,6.0,2.0,0,1,2.0,2.772588722239781,6.298912481474222,0.01578327010202954,0,1,0.036493776948637056,-3.273437195136326,True
1356,대조,0,22.0,6.0,89.24000000000001,40.0,0.0,0.0,0.0,4,0,12.370000000000001,5.0,5.0,160.0,4.0,22.0,1,1,22.0,1.9459101490553132,4.502472787749749,0.0,0,4,0.005591424299533931,-5.180914115249555,False
1357,대조,0,5.0,12.0,532.9,45903.0,1.0,3.0,1.0,4,1,0.0,0.0,0.0,39.27,2.0,5.0,0,1,5.0,2.5649493574615367,6.280208555506141,0.00562957402889848,1,4,0.04576503611149352,-3.0373895386072443,True
1364,대조,0,7.0,23.0,350.08,131.0,1.0,2.0,0.0,5,1,1.25,1.0,1.0,172.24,8.0,7.0,1,1,7.0,3.1780538303479458,5.861014117723917,0.005712979890310786,0,5,0.06180032615143892,-2.7200541562779037,True
1366,대조,0,3.0,54.0,998.79,15480.0,13.0,21.54,0.0,6,0,0.0,0.0,0.0,310.82,11.0,3.0,0,1,3.0,4.007333185232471,6.907545256929049,0.021566094974919653,0,6,0.17498800539783702,-1.5506804941499923,True
1369,대조,0,1.0,18.0,393.38,145.0,2.0,3.99,0.0,2,1,0.0,0.0,0.0,223.07,8.0,1.0,0,1,1.0,2.9444389791664403,5.97731491150354,0.010142864405917943,0,2,0.036476778268878955,-3.273920742689132,True
1370,대조,0,3.0,13.0,1215.64,526.0,24.0,104.11,0.0,6,1,41.92,12.0,10.0,463.86,5.0,3.0,1,1,3.0,2.6390573296152584,7.103848239860009,0.08564213089401466,0,6,0.26718504655260794,-1.00895174246125,True
1374,대조,0,2.0,9.0,290.58,138.0,4.0,11.03,0.0,3,0,0.0,0.0,0.0,30.68,1.0,2.0,0,1,2.0,2.302585092994046,5.675314410676676,0.03795856562736596,0,3,0.02344199394509527,-3.7295051235465095,True
1382,대조,0,12.0,8.0,153.91,53.0,1.0,4.0,0.0,5,1,0.0,0.0,0.0,11.66,2.0,12.0,0,1,12.0,2.1972245773362196,5.0428443031182715,0.025989214475992464,0,5,0.024741972500543295,-3.6742009865834895,True
1383,대조,0,2.0,24.0,406.96,186.0,2.0,7.88,0.0,4,0,0.0,0.0,0.0,157.9,5.0,2.0,0,1,2.0,3.2188758248682006,6.011169130382317,0.01936308236681738,0,4,0.04595477197961011,-3.033053384172116,True
1385,대조,0,3.0,14.0,768.0,404.0,1.0,1.5,0.0,5,0,0.0,0.0,0.0,106.22,4.0,3.0,0,1,3.0,2.70805020110221,6.645090969505644,0.001953125,0,5,0.06958075698568394,-2.5931472344861515,True
1387,대조,0,4.0,9.0,395.93,166.0,7.0,29.0,0.0,1,0,6.5,3.0,3.0,109.62,3.0,4.0,1,1,4.0,2.302585092994046,5.983759942722429,0.07324527062864648,0,1,0.023776495581988116,-3.7149940485151083,True
1388,처치,1,18.0,14.0,548.39,212.0,9.0,30.64,0.0,9,1,20.75,11.0,6.0,351.77,4.0,18.0,1,1,18.0,2.70805020110221,6.3088085718209665,0.0558726453801127,0,6,0.10977519884058971,-2.093039388611299,True
1389,대조,0,15.0,7.0,526.17,165.0,0.0,0.0,0.0,1,1,0.0,0.0,0.0,296.44,2.0,15.0,0,1,15.0,2.0794415416798357,6.2675230771685735,0.0,0,1,0.020690039438531874,-3.8571958038587573,True
1390,대조,0,1.0,25.0,661.53,347.0,10.0,32.79,0.0,5,0,1.5,1.0,1.0,244.7,18.0,1.0,1,1,1.0,3.258096538021482,6.496065839854,0.04956691306516711,0,5,0.10403742705624043,-2.153147930891886,True
1392,대조,0,3.0,5.0,131.67,56.0,1.0,1.0,0.0,4,0,0.0,0.0,0.0,38.3,1.0,3.0,0,1,3.0,1.791759469228055,4.887864841928826,0.007594744436849701,0,4,0.010323127216051076,-4.562991759762312,True
1393,대조,0,1.0,34.0,1214.9,454.0,17.0,61.910000000000004,4.0,8,1,31.85,17.0,9.0,560.47,18.0,1.0,1,1,1.0,3.5553480614894135,7.103239822302372,0.0509589266606305,1,6,0.23892110889232213,-1.1586036110490383,True
1394,대조,0,3.0,24.0,647.82,282.0,2.0,3.33,1.0,5,1,4.88,3.0,3.0,162.96,6.0,3.0,1,1,3.0,3.2188758248682006,6.475155328466655,0.00514031675465407,1,5,0.08406046474280462,-2.3884139946858083,True
1396,처치,1,39.0,4.0,173.82,74.0,1.0,2.0,0.0,4,1,0.0,0.0,0.0,0.0,0.0,39.0,0,0,39.0,1.6094379124341003,5.163756873152342,0.011506155793349442,0,4,0.010603395572453421,-4.535920979991604,True
1397,대조,0,2.0,46.0,1216.3700000000001,569.0,3.0,5.0,1.0,7,1,0.0,0.0,0.0,416.36,18.0,2.0,0,1,2.0,3.8501476017100584,7.104448073075065,0.004110591349671564,1,6,0.19685701555118817,-1.406055105094874,True
1402,대조,0,5.0,13.0,64.53,36.0,0.0,0.0,0.0,2,1,0.0,0.0,0.0,9.52,6.0,5.0,0,1,5.0,2.6390573296152584,4.182508053051405,0.0,0,2,0.006651335979590566,-5.006263990613062,True
1403,대조,0,3.0,3.0,49.56,10.0,0.0,0.0,0.0,3,0,0.0,0.0,0.0,15.11,1.0,3.0,0,1,3.0,1.3862943611198906,3.923160749838602,0.0,0,3,0.0030442856273229816,-5.791440081601994,False
1405,대조,0,11.0,7.0,471.39,199.0,6.0,18.33,0.0,2,0,11.74,4.0,3.0,550.82,6.0,11.0,1,1,11.0,2.0794415416798357,6.157804915597882,0.03888499968179215,0,2,0.022486573387590296,-3.7720936346681833,True
1408,대조,0,62.0,3.0,37.97,14.0,0.0,0.0,0.0,2,0,0.0,0.0,0.0,18.52,3.0,62.0,0,1,62.0,1.3862943611198906,3.662792119350618,0.0,0,2,0.0007750258307610005,-7.161838872833618,False
1409,대조,0,1.0,12.0,618.01,229.0,0.0,0.0,0.0,3,0,0.0,0.0,0.0,256.61,5.0,1.0,0,1,1.0,2.5649493574615367,6.4281214276429575,0.0,0,3,0.03664941403763417,-3.269019961435737,True
1417,대조,0,4.0,25.0,1077.14,96003.0,0.0,0.0,3.0,1,0,0.0,0.0,0.0,92.88,2.0,4.0,0,1,4.0,3.258096538021482,6.9829926131664175,0.0,1,1,0.03462610669210422,-3.3279075542795034,True
1418,대조,0,14.0,14.0,388.24,111.0,0.0,0.0,0.0,4,1,0.0,0.0,0.0,201.67,4.0,14.0,0,1,14.0,2.70805020110221,5.9641961199537885,0.0,0,4,0.03992745692480341,-3.179944616597826,True
1420,대조,0,5.0,9.0,208.42000000000002,8461.0,5.0,25.96,0.0,6,0,0.0,0.0,0.0,0.0,0.0,5.0,0,0,5.0,2.302585092994046,5.344341804859316,0.12455618462719509,0,6,0.06085081194054906,-2.736549183653999,True
1421,처치,1,3.0,29.0,769.6,106887.0,27.0,59.25,4.0,7,1,32.11,14.0,12.0,338.27,10.0,3.0,1,1,3.0,3.4011973816621555,6.647169432192057,0.07698804573804574,1,6,0.1921670930018771,-1.4359899692571463,True
1423,대조,0,1.0,17.0,333.18,45081.0,0.0,0.0,0.0,3,1,0.0,0.0,0.0,37.75,2.0,1.0,0,1,1.0,2.8903717578961645,5.8116797699659974,0.0,0,3,0.03656511476145091,-3.2714102668068987,True
1424,대조,0,8.0,16.0,209.8,9201.0,2.0,3.74,0.0,1,0,0.0,0.0,0.0,0.0,0.0,8.0,0,0,8.0,2.833213344056216,5.350909816667207,0.01782650142993327,0,1,0.010822248250390229,-4.515270005863232,True
1426,대조,0,5.0,6.0,258.90999999999997,98.0,5.0,12.3,0.0,2,0,0.0,0.0,0.0,92.28999999999999,2.0,5.0,0,1,5.0,1.9459101490553132,5.560335417244302,0.047506855664130404,0,2,0.015378190309287805,-4.159307325933456,True
1429,대조,0,9.0,14.0,118.7,65.0,3.0,10.0,0.0,1,1,8.94,8.0,3.0,91.76,7.0,9.0,1,1,9.0,2.70805020110221,4.784988612563928,0.08424599831508003,0,1,0.015177940269202427,-4.172617899213078,True
1431,대조,0,3.0,22.0,369.53000000000003,8518.0,4.0,16.46,0.0,3,0,1.5,1.0,1.0,178.5,10.0,3.0,1,1,3.0,3.1354942159291497,5.914934413118033,0.044543068221795254,0,3,0.03883209226463302,-3.2089020906209416,True
1437,대조,0,10.0,7.0,425.47,221.0,4.0,7.5,6.0,6,1,10.82,9.0,7.0,235.49,3.0,10.0,1,1,10.0,2.0794415416798357,6.055542024481208,0.017627564810679952,1,6,0.051065084313608226,-2.922239232130347,True
1438,대조,0,8.0,4.0,236.36,47.0,0.0,0.0,0.0,1,1,0.0,0.0,0.0,0.0,0.0,8.0,0,0,8.0,1.6094379124341003,5.469577975982566,0.0,0,1,0.010209166536983024,-4.574207644660316,True
1440,대조,0,4.0,14.0,409.73,18953.0,6.0,15.28,0.0,1,0,9.98,4.0,3.0,293.3,6.0,4.0,1,1,4.0,2.70805020110221,6.0179360643137745,0.037292851389939714,0,1,0.021820123463693716,-3.8028609372918227,True
1443,대조,0,12.0,19.0,275.23,61.0,2.0,3.0,0.0,2,1,1.67,1.0,1.0,119.42999999999999,5.0,12.0,1,1,12.0,2.995732273553991,5.621233852021042,0.01089997456672601,0,2,0.023697260938330827,-3.7184132525411986,True
1446,대조,0,11.0,5.0,164.81,93.0,0.0,0.0,0.0,4,0,0.0,0.0,0.0,27.71,1.0,11.0,0,1,11.0,1.791759469228055,5.110842554513281,0.0,0,4,0.010381838793897463,-4.557261163154236,True
1447,대조,0,1.0,9.0,166.68,12927.0,0.0,0.0,0.0,1,0,2.77,1.0,1.0,52.93,1.0,1.0,1,1,1.0,2.302585092994046,5.122057401132677,0.0,0,1,0.007330567644681547,-4.908344756498499,True
1448,대조,0,8.0,1.0,68.11,14.0,0.0,0.0,0.0,1,0,0.0,0.0,0.0,0.0,0.0,8.0,0,0,8.0,0.6931471805599453,4.235699438103303,0.0,0,1,0.001806583691127861,-6.314509463141871,False
1452,대조,0,2.0,57.0,421.11,10930.0,1.0,1.5,0.0,6,1,0.0,0.0,0.0,53.64,7.0,2.0,0,1,2.0,4.060443010546419,6.045265943576291,0.003562014675500463,0,6,0.12288483084378195,-1.9653907233451622,True
1454,대조,0,3.0,29.0,1163.18,79881.0,11.0,26.12,0.0,3,1,0.0,0.0,0.0,218.55,8.0,3.0,0,1,3.0,3.4011973816621555,7.059772255511236,0.02245568183772073,0,3,0.12705098996245484,-1.9272886447394841,True
1456,대조,0,30.0,1.0,4.19,1.0,0.0,0.0,0.0,1,0,0.0,0.0,0.0,8.19,1.0,30.0,0,1,30.0,0.6931471805599453,1.6467336971777973,0.0,0,1,0.00014936206886775584,-8.808987834050587,False
1458,대조,0,4.0,25.0,709.44,51260.0,6.0,24.740000000000002,0.0,4,0,14.44,7.0,6.0,362.2,8.0,4.0,1,1,4.0,3.258096538021482,6.565884496399126,0.03487257555254849,0,4,0.07735467617557508,-2.478843866158402,True
1459,대조,0,3.0,14.0,1050.6100000000001,404.0,2.0,5.88,0.0,6,0,3.76,2.0,2.0,99.76,5.0,3.0,1,1,3.0,2.70805020110221,6.958077602129646,0.005596748555601031,0,6,0.11149830848017991,-2.0755271311818477,True
1460,대조,0,7.0,6.0,278.32,113.0,2.0,2.5,0.0,2,0,0.0,0.0,0.0,0.0,0.0,7.0,0,0,7.0,1.9459101490553132,5.632358077977835,0.00898246622592699,0,2,0.012049265067437738,-4.406629165253512,True
1461,대조,0,3.0,41.0,1695.23,54107.0,6.0,15.25,0.0,4,1,4.69,1.0,1.0,328.40000000000003,10.0,3.0,1,1,3.0,3.7376696182833684,7.436163420364756,0.008995829474466591,0,4,0.20386562315490536,-1.3623069199542646,True
1462,대조,0,5.0,21.0,999.6899999999999,392.0,8.0,19.29,1.0,6,1,8.99,3.0,3.0,240.72,4.0,5.0,1,1,5.0,3.091042453358316,6.908445041041583,0.019295981754343848,1,6,0.14537066760994827,-1.771381036651908,True
1463,대조,0,7.0,7.0,259.55,126.0,6.0,30.75,0.0,5,0,11.86,4.0,3.0,102.23,4.0,7.0,1,1,7.0,2.0794415416798357,5.562794781355223,0.1184742824118667,0,5,0.0502502571025251,-2.9391828579679657,True
1464,처치,1,24.0,5.0,166.18,95.0,1.0,2.88,0.0,2,0,2.67,2.0,2.0,99.72,3.0,24.0,1,1,24.0,1.791759469228055,5.11907107627101,0.017330605367673606,0,2,0.006103882835409676,-5.092707592225507,True
1467,대조,0,1.0,165.0,725.21,65678.0,9.0,33.69,0.0,2,1,0.0,0.0,0.0,295.05,49.0,1.0,0,1,1.0,5.111987788356544,6.587839229196635,0.046455509438645355,0,2,0.14780290412948432,-1.7519381758869312,True
1468,대조,0,,0.0,0.0,0.0,0.0,0.0,0.0,3,1,0.0,0.0,0.0,0.0,0.0,90.0,0,0,90.0,0.0,0.0,0.0,0,3,2.7618884338945794e-05,-10.496983184764716,False
1470,대조,0,1.0,31.0,529.08,40215.0,2.0,4.8,0.0,6,1,0.0,0.0,0.0,231.52,12.0,1.0,0,1,1.0,3.4657359027997265,6.273027938551586,0.00907235200725788,0,6,0.12694876305303662,-1.9282106802509744,True
1474,대조,0,4.0,17.0,401.42,227.0,11.0,19.16,0.0,1,1,4.5,3.0,3.0,109.15,5.0,4.0,1,1,4.0,2.8903717578961645,5.997496319339701,0.047730556524338594,0,1,0.03607946317749267,-3.2852850441197674,True
1475,대조,0,3.0,54.0,2608.59,173771.0,21.0,51.01,6.0,6,1,3.78,2.0,1.0,1012.22,15.0,3.0,1,1,3.0,4.007333185232471,7.866948399854502,0.019554625295657806,1,6,0.3490982654669564,-0.6230052398838222,True
1476,대조,0,1.0,48.0,1348.03,191729.0,4.0,7.39,0.0,7,0,13.99,9.0,8.0,486.11,20.0,1.0,1,1,1.0,3.8918202981106265,7.207141094655809,0.005482073841086623,0,6,0.1937293033354231,-1.4259576970291084,True
1483,대조,0,9.0,16.0,619.22,8117.0,4.0,17.61,2.0,4,1,3.0,1.0,1.0,261.94,3.0,9.0,1,1,9.0,2.833213344056216,6.430074253808448,0.0284390039081425,1,4,0.06187911053305366,-2.718696169190912,True
1484,대조,0,4.0,17.0,487.61,240.0,2.0,3.49,0.0,1,1,9.33,4.0,4.0,186.94,9.0,4.0,1,1,4.0,2.8903717578961645,6.191564625253579,0.007157359365066345,0,1,0.03184135465167835,-3.414630058006696,True
1485,대조,0,17.0,5.0,72.37,18.0,0.0,0.0,0.0,3,1,2.77,1.0,1.0,147.19,6.0,17.0,1,1,17.0,1.791759469228055,4.295515132725903,0.0,0,3,0.005688798097457321,-5.16355124289143,False
1488,대조,0,17.0,12.0,630.84,31179.0,4.0,8.379999999999999,2.0,4,1,5.0,4.0,2.0,293.07,5.0,17.0,1,1,17.0,2.5649493574615367,6.448636197538339,0.01328387546763046,1,4,0.046074790526983773,-3.0303193143994345,True
1490,대조,0,3.0,32.0,642.69,237.0,8.0,19.0,0.0,6,0,6.0,2.0,2.0,248.77,5.0,3.0,1,1,3.0,3.4965075614664802,6.467217243750699,0.029563241998475157,0,6,0.11536721043129868,-2.0370524565387886,True
1491,대조,0,1.0,32.0,867.19,389.0,8.0,19.73,0.0,6,1,5.0,3.0,3.0,265.53000000000003,14.0,1.0,1,1,1.0,3.4965075614664802,6.766410584715769,0.02275164612138055,0,6,0.1962781674525474,-1.4097203551117645,True
1492,대조,0,7.0,14.0,142.58,85.0,0.0,0.0,0.0,3,1,2.75,1.0,1.0,50.76,5.0,7.0,1,1,7.0,2.70805020110221,4.9668923711483375,0.0,0,3,0.015821657676348133,-4.130427382391499,True
1493,대조,0,10.0,3.0,62.41,44.0,2.0,16.0,0.0,1,0,0.0,0.0,0.0,2.4,1.0,10.0,0,1,10.0,1.3862943611198906,4.14962157771194,0.25636917160711425,0,1,0.01286816904156416,-4.340046851973342,True
1494,대조,0,3.0,17.0,337.71,203.0,0.0,0.0,2.0,4,1,2.5,1.0,1.0,123.2,3.0,3.0,1,1,3.0,2.8903717578961645,5.8251442840409675,0.0,1,4,0.035192607942609894,-3.3110924287743755,True
1495,대조,0,6.0,21.0,283.03,170.0,0.0,0.0,0.0,1,0,2.5,1.0,1.0,134.14,8.0,6.0,1,1,6.0,3.091042453358316,5.649079866385166,0.0,0,1,0.01373204112292325,-4.274196210979299,True
1499,대조,0,18.0,12.0,323.47,135.0,1.0,3.0,0.0,1,1,0.0,0.0,0.0,51.36,2.0,18.0,0,1,18.0,2.5649493574615367,5.782193081947429,0.009274430395399881,0,1,0.01676182898725112,-4.071747163523952,True
1502,대조,0,2.0,4.0,70.64,23.0,0.0,0.0,0.0,4,0,5.0,4.0,3.0,169.03,1.0,2.0,1,1,2.0,1.6094379124341003,4.271653577192511,0.0,0,4,0.0056128125534273075,-5.177074715081246,False
1505,대조,0,3.0,21.0,609.54,303.0,15.0,22.73,2.0,5,1,0.0,0.0,0.0,0.0,0.0,3.0,0,0,3.0,3.091042453358316,6.414343811469934,0.03729041572333235,1,5,0.09507236492417113,-2.253216641589884,True
1506,처치,1,1.0,19.0,293.07,239.0,1.0,1.0,0.0,3,0,1.67,1.0,1.0,189.46,15.0,1.0,1,1,1.0,2.995732273553991,5.683817834236604,0.0034121540928788345,0,3,0.02382728036421323,-3.7128083795527416,True
1508,대조,0,4.0,10.0,196.72,62.0,0.0,0.0,0.0,2,0,0.0,0.0,0.0,88.7,4.0,4.0,0,1,4.0,2.3978952727983707,5.2868518884387585,0.0,0,2,0.010419224692558689,-4.5536287663065815,True
1511,대조,0,4.0,21.0,779.96,357.0,8.0,17.95,1.0,4,0,1.88,1.0,1.0,62.760000000000005,4.0,4.0,1,1,4.0,3.091042453358316,6.660523932138838,0.023014000717985535,1,4,0.057623575421013394,-2.7944730167538596,True
1512,대조,0,4.0,14.0,229.81,89581.0,0.0,0.0,0.0,1,0,2.75,1.0,1.0,70.28,4.0,4.0,1,1,4.0,2.70805020110221,5.441594861251659,0.0,0,1,0.010470798377403749,-4.548639000313923,True
1517,대조,0,1.0,22.0,795.95,431.0,6.0,12.5,0.0,5,1,10.15,4.0,4.0,133.0,4.0,1.0,1,1,1.0,3.1354942159291497,6.680791941565062,0.015704504051762044,0,5,0.13140707788128864,-1.8885746017048457,True
1518,대조,0,4.0,3.0,211.67,64.0,0.0,0.0,0.0,1,0,0.0,0.0,0.0,19.84,1.0,4.0,0,1,4.0,1.3862943611198906,5.359741668535036,0.0,0,1,0.006200419085213986,-5.076918673312378,True
1520,처치,1,10.0,14.0,497.93,84802.0,6.0,17.5,0.0,3,0,0.0,0.0,0.0,152.62,6.0,10.0,0,1,10.0,2.70805020110221,6.212465805350158,0.03514550237985259,0,3,0.03600695671941343,-3.2873719160774235,True
1524,대조,0,38.0,5.0,227.47,21153.0,2.0,3.0,0.0,1,1,0.0,0.0,0.0,333.31,7.0,38.0,0,1,38.0,1.791759469228055,5.431404910686392,0.013188552336571856,0,1,0.007267223628894681,-4.917087196080793,True
1526,대조,0,1.0,25.0,347.7,182.0,6.0,14.129999999999999,0.0,3,0,0.0,0.0,0.0,110.98,10.0,1.0,0,1,1.0,3.258096538021482,5.854211953681605,0.04063848144952545,0,3,0.038667105626946946,-3.2133314983256644,True
1530,대조,0,23.0,8.0,105.43,38.0,1.0,4.99,0.0,1,0,0.0,0.0,0.0,55.410000000000004,3.0,23.0,0,1,23.0,2.1972245773362196,4.667487492052953,0.04732998197856397,0,1,0.004831779585934223,-5.32769694451302,False
1532,대조,0,6.0,4.0,129.7,51.0,1.0,4.0,0.0,2,0,0.0,0.0,0.0,59.67,1.0,6.0,0,1,6.0,1.6094379124341003,4.872904620630176,0.03084040092521203,0,2,0.006810439419778339,-4.982464898940231,True
1537,대조,0,8.0,22.0,278.77,5581.0,1.0,1.0,0.0,4,1,3.76,2.0,2.0,155.99,4.0,8.0,1,1,8.0,3.1354942159291497,5.633967837040506,0.003587186569573484,0,4,0.03970060837267496,-3.185878590295697,True
1541,처치,1,3.0,17.0,1440.56,565.0,17.0,34.36,1.0,9,1,10.97,6.0,4.0,559.55,8.0,3.0,1,1,3.0,2.8903717578961645,7.273481139521284,0.023851835397345478,1,6,0.18631179686621246,-1.4741556523070825,True
1542,대조,0,18.0,8.0,194.53,65.0,2.0,9.0,0.0,4,0,0.0,0.0,0.0,105.09,5.0,18.0,0,1,18.0,2.1972245773362196,5.275713820338184,0.04626535752840179,0,4,0.017002134281804575,-4.057268066788257,True
1544,대조,0,6.0,3.0,96.44999999999999,41839.0,0.0,0.0,0.0,4,0,0.0,0.0,0.0,15.53,1.0,6.0,0,1,6.0,1.3862943611198906,4.579339425953569,0.0,0,4,0.006294543443059293,-5.061757703424041,True
1546,처치,1,1.0,25.0,832.62,50838.0,11.0,20.88,0.0,5,0,9.98,5.0,3.0,336.73,9.0,1.0,1,1,1.0,3.258096538021482,6.725777663033748,0.025077466311162352,0,5,0.10548516483964296,-2.137711162279879,True
1547,대조,0,1.0,58.0,549.6899999999999,69234.0,10.0,18.5,0.0,2,0,13.5,8.0,8.0,179.95,26.0,1.0,1,1,1.0,4.07753744390572,6.311172037396465,0.033655333005876045,0,2,0.05572632011824853,-2.8299634703915157,True
1548,대조,0,2.0,18.0,645.02,303.0,8.0,16.17,0.0,5,0,6.17,4.0,3.0,175.24,8.0,2.0,1,1,2.0,2.9444389791664403,6.47083046305568,0.025068990108833837,0,5,0.07767218281737782,-2.474403524677988,True
1549,대조,0,6.0,29.0,258.47,7282.0,0.0,0.0,0.0,5,1,2.48,2.0,2.0,103.55,8.0,6.0,1,1,6.0,3.4011973816621555,5.55864108898653,0.0,0,5,0.051233001818806904,-2.9187793537707636,True
1551,대조,0,,0.0,0.0,0.0,0.0,0.0,0.0,1,0,0.0,0.0,0.0,0.0,0.0,90.0,0,0,90.0,0.0,0.0,0.0,0,1,1.1694192252631282e-05,-11.356406533805565,False
1555,대조,0,11.0,8.0,90.03,27.0,1.0,1.5,0.0,3,0,0.0,0.0,0.0,8.57,1.0,11.0,0,1,11.0,2.1972245773362196,4.511189122517197,0.016661112962345886,0,3,0.006519652110108399,-5.026393263942003,True
1556,대조,0,2.0,20.0,677.38,423.0,4.0,6.76,0.0,5,1,0.0,0.0,0.0,52.89,3.0,2.0,0,1,2.0,3.044522437723423,6.519707602911041,0.009979627387876819,0,5,0.10806229392852769,-2.1106884374225303,True
1557,대조,0,9.0,18.0,583.49,106251.0,0.0,0.0,0.0,7,1,0.0,0.0,0.0,247.99,5.0,9.0,0,1,9.0,2.9444389791664403,6.3707396721259055,0.0,0,6,0.0980883668492036,-2.2186477726574885,True
1558,대조,0,2.0,24.0,805.09,269.0,5.0,13.34,0.0,6,0,0.0,0.0,0.0,158.32,5.0,2.0,0,1,2.0,3.2188758248682006,6.692195398803849,0.01656957607224037,0,6,0.11667791512039415,-2.0242726196471637,True
1563,대조,0,10.0,13.0,844.93,249.0,2.0,3.0,0.0,3,1,1.5,1.0,1.0,553.13,7.0,10.0,1,1,10.0,2.6390573296152584,6.740436613866104,0.003550589989703289,0,3,0.06280930786091472,-2.7027834981839787,True
1567,대조,0,6.0,28.0,199.61,106.0,0.0,0.0,0.0,2,1,0.0,0.0,0.0,72.28,9.0,6.0,0,1,6.0,3.367295829986474,5.3013627247339965,0.0,0,2,0.02106306205428661,-3.838946332864925,True
1568,대조,0,11.0,12.0,822.33,420.0,6.0,30.71,0.0,5,1,14.0,4.0,2.0,291.41,6.0,11.0,1,1,11.0,2.5649493574615367,6.713357092362722,0.03734510476329454,0,5,0.11288414030791463,-2.061613607784128,True
1569,대조,0,6.0,6.0,89.53,48.0,4.0,7.42,0.0,2,0,1.67,1.0,1.0,54.730000000000004,3.0,6.0,1,1,6.0,1.9459101490553132,4.505681287487349,0.08287724784988272,0,2,0.008181352414586228,-4.7976828068327695,True
1572,대조,0,17.0,6.0,324.4,127.0,4.0,9.76,0.0,1,1,14.42,10.0,5.0,553.65,10.0,17.0,1,1,17.0,1.9459101490553132,5.785055194784937,0.030086313193588163,0,1,0.015980527948646933,-4.120274707646108,True
1575,대조,0,6.0,7.0,222.58,137.0,0.0,0.0,0.0,1,0,0.0,0.0,0.0,117.99000000000001,4.0,6.0,0,1,6.0,2.0794415416798357,5.40976929184218,0.0,0,1,0.007960622831861107,-4.825255559219028,True
1578,대조,0,8.0,11.0,509.63,234.0,11.0,25.98,0.0,2,1,5.22,3.0,3.0,173.92000000000002,3.0,8.0,1,1,8.0,2.4849066497880004,6.235645257487992,0.050978160626336755,0,2,0.04580781466062046,-3.0364104009542876,True
1579,처치,1,1.0,74.0,1637.58,116807.0,19.0,40.87,0.0,7,0,8.34,4.0,3.0,843.91,38.0,1.0,1,1,1.0,4.31748811353631,7.4015852920919105,0.02495755932534594,0,6,0.27353745323332906,-0.9767483756999853,True
1580,대조,0,2.0,52.0,459.52,9028.0,2.0,4.0,0.0,2,1,0.0,0.0,0.0,106.62,11.0,2.0,0,1,2.0,3.970291913552122,6.132356285805463,0.008704735376044569,0,2,0.05658139462085358,-2.813829878054872,True
1581,대조,0,20.0,6.0,299.99,147.0,2.0,8.5,1.0,2,0,5.0,2.0,2.0,100.67,3.0,20.0,1,1,20.0,1.9459101490553132,5.707077041605631,0.02833427780926031,1,2,0.009373857326685558,-4.660412531277903,True
1582,대조,0,57.0,5.0,90.13,43.0,2.0,5.0,0.0,5,0,0.0,0.0,0.0,0.0,0.0,57.0,0,0,57.0,1.791759469228055,4.5122870585080355,0.05547542438699656,0,5,0.005795137204573122,-5.144924131929807,False
1584,대조,0,1.0,25.0,946.39,13567.0,15.0,29.69,0.0,5,0,9.15,4.0,4.0,447.59000000000003,17.0,1.0,1,1,1.0,3.258096538021482,6.853710835230229,0.03137184458838323,0,5,0.12064116836593342,-1.9863724525545077,True
1585,대조,0,1.0,25.0,1853.19,80095.0,4.0,12.780000000000001,0.0,7,1,9.85,3.0,3.0,798.9,9.0,1.0,1,1,1.0,3.258096538021482,7.525203221996867,0.00689621679374484,0,6,0.2736840011971007,-0.9760110196396662,True
1586,대조,0,4.0,5.0,284.81,65.0,1.0,1.88,0.0,5,0,0.0,0.0,0.0,62.690000000000005,2.0,4.0,0,1,4.0,1.791759469228055,5.655327254386798,0.006600891822618587,0,5,0.02373653219991301,-3.716717192129057,True
1587,대조,0,9.0,7.0,77.64,39.0,0.0,0.0,0.0,1,0,3.34,2.0,1.0,28.82,3.0,9.0,1,1,9.0,2.0794415416798357,4.364880475838911,0.0,0,1,0.003204211537983827,-5.740079872848327,False
1588,대조,0,6.0,16.0,534.53,25778.0,3.0,10.16,0.0,4,1,0.0,0.0,0.0,232.53,7.0,6.0,0,1,6.0,2.833213344056216,6.28325691072757,0.019007352253381477,0,4,0.06848926892263162,-2.610130635254917,True
1592,대조,0,11.0,15.0,873.75,64793.0,2.0,5.04,0.0,1,0,3.48,2.0,2.0,91.84,3.0,11.0,1,1,11.0,2.772588722239781,6.773938131247798,0.005768240343347639,0,1,0.02966611457696153,-3.4876347529209495,True
1593,대조,0,7.0,4.0,127.03,16993.0,6.0,10.0,0.0,1,0,6.99,3.0,2.0,79.61,2.0,7.0,1,1,7.0,1.6094379124341003,4.852264611458088,0.07872156183578682,0,1,0.0073628132516371765,-4.90392313144913,True
1594,대조,0,1.0,24.0,418.9,21278.0,1.0,5.0,0.0,1,0,0.0,0.0,0.0,311.75,13.0,1.0,0,1,1.0,3.2188758248682006,6.040016587690148,0.011936022917164002,0,1,0.023173527164959927,-3.7412984673414083,True
1595,대조,0,11.0,12.0,450.84,40785.0,5.0,12.68,0.0,3,1,4.0,2.0,2.0,268.34,8.0,11.0,1,1,11.0,2.5649493574615367,6.1133281348648225,0.02812527726022536,0,3,0.04355732756580408,-3.089142906822305,True
1601,대조,0,,0.0,0.0,0.0,0.0,0.0,0.0,2,0,0.0,0.0,0.0,0.0,0.0,90.0,0,0,90.0,0.0,0.0,0.0,0,2,1.4741138439175728e-05,-11.124853698258944,False
1602,대조,0,3.0,20.0,885.94,329.0,5.0,9.23,4.0,8,0,0.0,0.0,0.0,299.72,9.0,3.0,0,1,3.0,3.044522437723423,6.787777336278684,0.010418312752556606,1,6,0.08977152452948682,-2.316427813702294,True
1604,대조,0,5.0,27.0,129.68,70.0,3.0,10.48,0.0,3,1,4.69,1.0,1.0,99.75,13.0,5.0,1,1,5.0,3.332204510175204,4.8727515867328695,0.08081431215299198,0,3,0.03288552986349832,-3.3812841257672335,True
1605,대조,0,1.0,7.0,120.61,52.0,3.0,7.83,0.0,1,0,0.0,0.0,0.0,0.0,0.0,1.0,0,0,1.0,2.0794415416798357,4.800819202992908,0.06491999005057623,0,1,0.008260366026658004,-4.78799170737622,True
1607,대조,0,6.0,13.0,274.01,105.0,7.0,100.27,0.0,5,0,56.78,32.0,7.0,218.56,9.0,6.0,1,1,6.0,2.6390573296152584,5.616807460641794,0.36593554979745263,0,5,0.28664454487010405,-0.9117369021872874,True
1609,대조,0,1.0,61.0,4014.78,303460.0,10.0,34.64,4.0,3,1,0.0,0.0,0.0,1093.81,18.0,1.0,0,1,1.0,4.127134385045092,8.297986878994545,0.008628119099925774,1,3,0.27590178059424697,-0.9648821103779124,True
1613,대조,0,1.0,18.0,1009.27,507.0,6.0,24.22,0.0,7,0,0.0,0.0,0.0,259.08,4.0,1.0,0,1,1.0,2.9444389791664403,6.917972900842554,0.023997542778443823,0,6,0.1342982370879433,-1.8634774878493374,True
1615,대조,0,17.0,4.0,21.45,17.0,0.0,0.0,0.0,1,0,0.0,0.0,0.0,6.32,1.0,17.0,0,1,17.0,1.6094379124341003,3.1112906141882632,0.0,0,1,0.000849412158116238,-7.070116253304507,False
1617,대조,0,9.0,6.0,237.46,132.0,2.0,10.64,0.0,8,0,5.64,3.0,1.0,147.29,1.0,9.0,1,1,9.0,1.9459101490553132,5.474201581377986,0.04480754653415312,0,6,0.03271946574823344,-3.3865183775763725,True
1618,대조,0,8.0,16.0,791.9,64061.0,2.0,5.8,7.0,5,1,0.0,0.0,0.0,151.23,4.0,8.0,0,1,8.0,2.833213344056216,6.675697110278353,0.007324157090541735,1,5,0.08175869033947257,-2.41868811265734,True
1619,대조,0,3.0,26.0,593.96,66128.0,2.0,4.0,0.0,3,0,5.0,2.0,2.0,335.91,18.0,3.0,1,1,3.0,3.295836866004329,6.388494176395045,0.006734460233012323,0,3,0.04606866702110459,-3.030458646091386,True
1621,대조,0,1.0,32.0,765.72,10146.0,10.0,19.98,0.0,2,0,10.120000000000001,5.0,5.0,261.55,9.0,1.0,1,1,1.0,3.4965075614664802,6.642121676046975,0.02609308885754584,0,2,0.0567027246946423,-2.8115592130223397,True
1622,대조,0,5.0,13.0,645.5500000000001,7433.0,0.0,0.0,0.0,3,0,0.0,0.0,0.0,199.84,4.0,5.0,0,1,5.0,2.6390573296152584,6.471650534741861,0.0,0,3,0.036628814451497724,-3.269603573862872,True
1624,대조,0,2.0,20.0,279.86,125.0,0.0,0.0,0.0,1,0,0.0,0.0,0.0,94.43,5.0,2.0,0,1,2.0,3.044522437723423,5.637856324540034,0.0,0,1,0.014242619315269808,-4.237171430361723,True
1631,처치,1,1.0,54.0,1173.47,666.0,23.0,63.43,0.0,6,1,71.81,23.0,18.0,669.78,23.0,1.0,1,1,1.0,4.007333185232471,7.0685722609885815,0.05405336310259316,0,6,0.3193642218396271,-0.7566951165188995,True
1632,대조,0,1.0,5.0,171.04,9176.0,2.0,5.0,0.0,1,0,0.0,0.0,0.0,35.980000000000004,2.0,1.0,0,1,1.0,1.791759469228055,5.1477270079155355,0.02923292797006548,0,1,0.007724702074744955,-4.85557733118962,True
1634,대조,0,4.0,11.0,505.64,270.0,6.0,14.29,0.0,4,1,4.65,2.0,2.0,300.77,6.0,4.0,1,1,4.0,2.4849066497880004,6.227800692208175,0.02826121351158927,0,4,0.06416696854794686,-2.6799485056722716,True
1639,대조,0,1.0,16.0,367.79,129.0,1.0,4.0,0.0,4,0,0.0,0.0,0.0,241.7,4.0,1.0,0,1,1.0,2.833213344056216,5.910227376347359,0.010875771500040784,0,4,0.03569687417331748,-3.2963425642793287,True
1640,대조,0,14.0,10.0,282.39,102.0,1.0,1.5,0.0,5,0,3.76,2.0,1.0,124.95,7.0,14.0,1,1,14.0,2.3978952727983707,5.6468240408189185,0.005311802825879104,0,5,0.024643289312841397,-3.678298636608468,True
1642,대조,0,7.0,14.0,235.20000000000002,110.0,0.0,0.0,0.0,7,0,0.0,0.0,0.0,144.52,6.0,7.0,0,1,7.0,2.70805020110221,5.464678903763262,0.0,0,6,0.03171885306102878,-3.418611248273813,True
1646,대조,0,88.0,1.0,122.24,36.0,1.0,3.3,0.0,1,0,0.0,0.0,0.0,3.76,1.0,88.0,0,1,88.0,0.6931471805599453,4.814133673728467,0.02699607329842932,0,1,0.0010151745098333493,-6.891679060248029,False
1651,대조,0,4.0,17.0,561.35,160.0,5.0,8.0,7.0,1,0,0.0,0.0,0.0,55.61,2.0,4.0,0,1,4.0,2.8903717578961645,6.332124431850031,0.014251358332591075,1,1,0.01994676049771385,-3.894540147128089,True
1660,대조,0,1.0,10.0,318.49,154.0,0.0,0.0,0.0,1,0,0.0,0.0,0.0,116.01,5.0,1.0,0,1,1.0,2.3978952727983707,5.76672597442323,0.0,0,1,0.01287290354592818,-4.339674199706349,True
1663,대조,0,7.0,33.0,342.41,107147.0,0.0,0.0,0.0,2,0,0.0,0.0,0.0,162.25,18.0,7.0,0,1,7.0,3.5263605246161616,5.838925068598495,0.0,0,2,0.022999969637110727,-3.7489937873178003,True
1666,대조,0,62.0,7.0,74.68,29.0,0.0,0.0,0.0,1,0,0.0,0.0,0.0,15.96,2.0,62.0,0,1,62.0,2.0794415416798357,4.326513924743623,0.0,0,1,0.0013575660029977775,-6.600703398014742,False
1667,대조,0,17.0,4.0,44.58,30.0,0.0,0.0,0.0,1,0,0.0,0.0,0.0,0.0,0.0,17.0,0,0,17.0,1.6094379124341003,3.819469023817538,0.0,0,1,0.001528584139600855,-6.481883617361186,False
1668,대조,0,12.0,18.0,411.84,6784.0,0.0,0.0,0.0,2,0,0.0,0.0,0.0,71.49,3.0,12.0,0,1,12.0,2.9444389791664403,6.023060108697733,0.0,0,2,0.02029494430700153,-3.8768797566736883,True
1671,대조,0,3.0,3.0,217.2,100.0,0.0,0.0,0.0,2,0,0.0,0.0,0.0,0.0,0.0,3.0,0,0,3.0,1.3862943611198906,5.38541207339897,0.0,0,2,0.008094794069363713,-4.808406396613762,True
1672,대조,0,4.0,12.0,252.39000000000001,192.0,0.0,0.0,0.0,2,0,0.0,0.0,0.0,144.07,5.0,4.0,0,1,4.0,2.5649493574615367,5.53492980380921,0.0,0,2,0.013527734656590424,-4.289393213850964,True
1673,대조,0,3.0,10.0,338.6,7199.0,4.0,8.83,0.0,5,0,1.0,1.0,1.0,181.46,6.0,3.0,1,1,3.0,2.3978952727983707,5.827768454437193,0.02607796810395747,0,5,0.03889232717410748,-3.207289458889206,True
1675,대조,0,26.0,8.0,358.01,31227.0,0.0,0.0,1.0,8,0,0.0,0.0,0.0,0.0,0.0,26.0,0,0,26.0,2.1972245773362196,5.883350243253535,0.0,1,6,0.021945828154400247,-3.7969879987817055,True
1678,대조,0,1.0,4.0,61.04,26.0,0.0,0.0,0.0,4,1,11.370000000000001,3.0,3.0,46.260000000000005,2.0,1.0,1,1,1.0,1.6094379124341003,4.127779338308338,0.0,0,4,0.007505196859618022,-4.884626081213532,True
1681,대조,0,15.0,13.0,357.75,27721.0,2.0,7.99,0.0,2,0,0.0,0.0,0.0,0.0,0.0,15.0,0,0,15.0,2.6390573296152584,5.882625767073831,0.0223340321453529,0,2,0.01821991251961367,-3.9868522492908656,True
1683,대조,0,17.0,10.0,299.99,126.0,1.0,2.5,0.0,4,0,0.0,0.0,0.0,29.05,1.0,17.0,0,1,17.0,2.3978952727983707,5.707077041605631,0.008333611120370678,0,4,0.02013263195263202,-3.885075244902286,True
1685,대조,0,13.0,9.0,200.36,64.0,0.0,0.0,0.0,2,0,1.5,1.0,1.0,374.57,8.0,13.0,1,1,13.0,2.302585092994046,5.30509435082706,0.0,0,2,0.008903221233963603,-4.71239903959167,True
1686,대조,0,3.0,22.0,232.35,140.0,4.0,9.26,0.0,1,1,6.0,3.0,2.0,108.09,8.0,3.0,1,1,3.0,3.1354942159291497,5.4525394723958245,0.03985366903378524,0,1,0.024284119784080474,-3.6933488078073955,True
1687,대조,0,9.0,11.0,451.84,198.0,2.0,2.74,2.0,6,0,0.0,0.0,0.0,58.25,3.0,9.0,0,1,9.0,2.4849066497880004,6.115538862209909,0.006064093484419265,1,6,0.03936600205738819,-3.194690929153861,True
1689,대조,0,11.0,17.0,456.55,9872.0,6.0,8.75,0.0,2,1,2.5,1.0,1.0,49.800000000000004,2.0,11.0,1,1,11.0,2.8903717578961645,6.125886168361387,0.019165480232176103,0,2,0.036930066971055595,-3.2610999868069483,True
1692,대조,0,5.0,32.0,458.52,63467.0,5.0,6.58,0.0,3,1,0.0,0.0,0.0,101.45,15.0,5.0,0,1,5.0,3.4965075614664802,6.130182466419805,0.014350519061327751,0,3,0.05977366839179047,-2.7555553885009014,True
1695,대조,0,4.0,16.0,54.1,52.0,1.0,2.5,0.0,1,1,0.0,0.0,0.0,30.840000000000003,4.0,4.0,0,1,4.0,2.833213344056216,4.009149716158869,0.04621072088724584,0,1,0.006911388561416242,-4.967649329009445,True
1696,대조,0,26.0,8.0,273.56,95.0,1.0,2.0,0.0,5,1,0.0,0.0,0.0,83.81,2.0,26.0,0,1,26.0,2.1972245773362196,5.6151698162995975,0.007311010381634742,0,5,0.027882373334520955,-3.5514821031811827,True
1705,대조,0,7.0,32.0,307.76,208.0,1.0,1.88,0.0,7,0,0.0,0.0,0.0,149.27,12.0,7.0,0,1,7.0,3.4965075614664802,5.732564276081653,0.006108656095658955,0,6,0.05326293123156708,-2.8777807930012114,True
1708,대조,0,10.0,11.0,628.88,263.0,0.0,0.0,0.0,3,1,1.5,1.0,1.0,263.51,4.0,10.0,1,1,10.0,2.4849066497880004,6.445529325052209,0.0,0,3,0.046227557802374884,-3.0268490033166686,True
1709,대조,0,24.0,4.0,156.88,84.0,5.0,15.870000000000001,0.0,1,1,1.0,1.0,1.0,65.32000000000001,3.0,24.0,1,1,24.0,1.6094379124341003,5.061835250794647,0.10116012238653749,0,1,0.011673687977092107,-4.438675500141615,True
1716,대조,0,2.0,17.0,228.71,111.0,3.0,6.96,0.0,4,0,6.33,3.0,2.0,71.06,7.0,2.0,1,1,2.0,2.8903717578961645,5.436817643793142,0.030431550872283678,0,4,0.02805142686296877,-3.54526339553553,True
1717,대조,0,1.0,20.0,491.28,15300.0,0.0,0.0,2.0,1,0,0.0,0.0,0.0,41.69,5.0,1.0,0,1,1.0,3.044522437723423,6.199047660304136,0.0,1,1,0.01787108277617772,-4.006538660831071,True
1722,대조,0,3.0,21.0,894.8,33991.0,1.0,2.88,1.0,6,1,5.34,4.0,3.0,349.86,10.0,3.0,1,1,3.0,3.091042453358316,6.7977171737732,0.003218596334376397,1,6,0.12485783222365936,-1.9472106027911538,True
1723,대조,0,5.0,15.0,619.44,137.0,0.0,0.0,0.0,3,0,0.0,0.0,0.0,139.47,2.0,5.0,0,1,5.0,2.772588722239781,6.4304289037565505,0.0,0,3,0.03706394863985991,-3.2573422415458997,True
1729,대조,0,12.0,7.0,147.44,57.0,0.0,0.0,0.0,6,0,0.0,0.0,0.0,116.3,2.0,12.0,0,1,12.0,2.0794415416798357,5.0001808361923965,0.0,0,6,0.01627800917653915,-4.101528260838851,True
1731,대조,0,5.0,13.0,770.2,28356.0,3.0,10.34,0.0,5,0,0.0,0.0,0.0,536.28,8.0,5.0,0,1,5.0,2.6390573296152584,6.647947743296336,0.013425084393663982,0,5,0.07149661670041418,-2.5639238949147543,True
1732,처치,1,17.0,21.0,505.05,245.0,2.0,4.76,0.0,4,0,2.5,2.0,2.0,222.31,4.0,17.0,1,1,17.0,3.091042453358316,6.22663547863491,0.009424809424809425,0,4,0.03900351475468192,-3.2043189875867633,True
1733,대조,0,5.0,7.0,405.26,117.0,0.0,0.0,0.0,2,0,0.0,0.0,0.0,122.21000000000001,4.0,5.0,0,1,5.0,2.0794415416798357,6.006993348725609,0.0,0,2,0.016593770088277934,-4.081994960997222,True
1735,대조,0,3.0,26.0,1131.5,20811.0,6.0,13.48,0.0,2,0,3.0,3.0,1.0,380.4,7.0,3.0,1,1,3.0,3.295836866004329,7.032182857357189,0.011913389306230667,0,2,0.06355056509662199,-2.690259636976461,True
1742,대조,0,1.0,35.0,283.45,123.0,0.0,0.0,0.0,3,0,0.0,0.0,0.0,59.63,9.0,1.0,0,1,1.0,3.58351893845611,5.650557491196657,0.0,0,3,0.027647636257415325,-3.5601780165702337,True
1744,대조,0,11.0,8.0,188.09,69.0,0.0,0.0,0.0,1,0,0.0,0.0,0.0,18.720000000000002,2.0,11.0,0,1,11.0,2.1972245773362196,5.242223092193129,0.0,0,1,0.006682278167098275,-5.001591602046836,True
1745,대조,0,24.0,2.0,43.82,23.0,0.0,0.0,0.0,6,1,0.0,0.0,0.0,70.82000000000001,4.0,24.0,0,1,24.0,1.0986122886681098,3.802654468372781,0.0,0,6,0.005329695215267075,-5.229117276608226,False
1746,대조,0,5.0,7.0,360.72,176.0,6.0,13.96,0.0,2,0,0.0,0.0,0.0,0.0,0.0,5.0,0,0,5.0,2.0794415416798357,5.89087043187228,0.03870037702373032,0,2,0.01981469984215905,-3.9013175570681082,True
1747,대조,0,1.0,14.0,456.35,38355.0,4.0,6.88,0.0,4,0,0.0,0.0,0.0,180.97,4.0,1.0,0,1,1.0,2.70805020110221,6.125448962102373,0.015076147693656184,0,4,0.04184321530752,-3.1310817584250685,True
1751,대조,0,6.0,15.0,541.7,312.0,9.0,16.17,1.0,5,1,5.0,5.0,2.0,186.23,5.0,6.0,1,1,6.0,2.772588722239781,6.296556681069359,0.029850470740262137,1,5,0.07161509147156495,-2.562140592413929,True
1752,대조,0,1.0,20.0,746.66,4892.0,6.0,27.88,0.0,9,0,0.0,0.0,0.0,334.43,9.0,1.0,0,1,1.0,3.044522437723423,6.616948329182831,0.037339619103742,0,6,0.1209864872930904,-1.9831214062880098,True
1753,처치,1,1.0,93.0,616.38,24035.0,6.0,12.93,0.0,5,1,0.0,0.0,0.0,36.56,7.0,1.0,0,1,1.0,4.543294782270004,6.42548471763342,0.020977319186216294,0,5,0.17184222803544408,-1.572626905092562,True
1754,처치,1,1.0,30.0,509.72,25345.0,3.0,8.5,0.0,6,0,7.0600000000000005,3.0,3.0,218.91,8.0,1.0,1,1,1.0,3.4339872044851463,6.23582149482139,0.01667582201993251,0,6,0.09013062502470066,-2.312041037977907,True
1756,대조,0,,0.0,0.0,0.0,0.0,0.0,0.0,5,0,0.0,0.0,0.0,15.6,1.0,90.0,0,1,90.0,0.0,0.0,0.0,0,5,2.95264313297665e-05,-10.430195191619084,False
1761,대조,0,6.0,6.0,200.51,79.0,2.0,3.98,0.0,1,0,2.99,2.0,2.0,231.86,4.0,6.0,1,1,6.0,1.9459101490553132,5.305839007946883,0.01984938407061992,0,1,0.00803450275235333,-4.815943213613185,True
1763,대조,0,2.0,30.0,764.82,251.0,1.0,4.99,0.0,7,0,3.19,1.0,1.0,127.82,5.0,2.0,1,1,2.0,3.4339872044851463,6.640947155181664,0.006524410972516409,0,6,0.11265905070185311,-2.0638632860214683,True
1768,대조,0,2.0,10.0,289.45,131.0,0.0,0.0,0.0,1,0,0.0,0.0,0.0,156.2,4.0,2.0,0,1,2.0,2.3978952727983707,5.671431444438541,0.0,0,1,0.011722361974052764,-4.434465370953688,True
1769,대조,0,3.0,21.0,1019.86,252.0,3.0,8.36,0.0,6,0,10.0,3.0,3.0,492.29,6.0,3.0,1,1,3.0,3.091042453358316,6.928400688292667,0.008197203537740474,0,6,0.1247517229986567,-1.9481820451052396,True
1772,대조,0,38.0,1.0,76.38,28.0,0.0,0.0,0.0,4,0,0.0,0.0,0.0,0.0,0.0,38.0,0,0,38.0,0.6931471805599453,4.348728349272367,0.0,0,4,0.0024848061659654003,-5.995072725679107,False
1773,대조,0,2.0,9.0,354.91,95.0,3.0,13.48,0.0,3,0,12.65,5.0,4.0,236.48000000000002,6.0,2.0,1,1,2.0,2.302585092994046,5.874677889901688,0.03798146008847313,0,3,0.027551923258713373,-3.5637443396255564,True
1774,대조,0,6.0,8.0,908.75,350.0,17.0,74.01,0.0,4,0,13.58,5.0,3.0,573.71,4.0,6.0,1,1,6.0,2.1972245773362196,6.8131698364922695,0.08144154057771665,0,4,0.08780974558181982,-2.3406760886221125,True
1776,대조,0,4.0,6.0,92.51,77.0,0.0,0.0,0.0,6,0,0.0,0.0,0.0,197.53,8.0,4.0,0,1,4.0,1.9459101490553132,4.5380683824473556,0.0,0,6,0.012047496737291353,-4.40677772425963,True
1777,대조,0,13.0,9.0,91.93,36.0,1.0,2.5,0.0,2,0,0.0,0.0,0.0,0.0,0.0,13.0,0,0,13.0,2.302585092994046,4.531846521569248,0.027194604590449253,0,2,0.0057092594605595666,-5.159940335814219,False
1778,대조,0,4.0,26.0,1124.71,160432.0,7.0,21.950000000000003,7.0,8,1,0.0,0.0,0.0,339.92,9.0,4.0,0,1,4.0,3.295836866004329,7.026169226682765,0.019516141938810894,1,6,0.1700793908407548,-1.585064711617362,True
1779,대조,0,2.0,8.0,322.69,173.0,2.0,4.17,0.0,6,1,1.67,1.0,1.0,28.68,1.0,2.0,1,1,2.0,2.1972245773362196,5.779786267653029,0.012922619232080325,0,6,0.05909341719894196,-2.7677243261738034,True
1781,대조,0,9.0,5.0,156.78,49.0,0.0,0.0,0.0,3,0,0.0,0.0,0.0,147.34,4.0,9.0,0,1,9.0,1.791759469228055,5.061201657666944,0.0,0,3,0.008172508249455578,-4.79877332368547,True
1784,대조,0,11.0,3.0,221.04,90.0,1.0,5.98,0.0,2,0,4.0,1.0,1.0,64.78,1.0,11.0,1,1,11.0,1.3862943611198906,5.40285754582196,0.027053926891060443,0,2,0.008790290096289536,-4.72527841223308,True
1785,대조,0,8.0,17.0,350.2,171.0,1.0,1.99,0.0,1,1,0.0,0.0,0.0,56.79,6.0,8.0,0,1,8.0,2.8903717578961645,5.861355861760962,0.00568246716162193,0,1,0.022709073089013487,-3.762019843288072,True
1788,대조,0,3.0,22.0,1440.82,27204.0,1.0,1.5,0.0,6,1,0.0,0.0,0.0,565.1,6.0,3.0,0,1,3.0,3.1354942159291497,7.273661483423721,0.0010410738329562333,0,6,0.21402265899139183,-1.3008460712263692,True
1790,대조,0,6.0,9.0,404.61,210.0,0.0,0.0,0.0,3,0,0.0,0.0,0.0,89.23,2.0,6.0,0,1,6.0,2.302585092994046,6.005392106805395,0.0,0,3,0.02210277906501605,-3.7897012232777074,True
1791,대조,0,4.0,16.0,416.55,28137.0,4.0,13.3,0.0,3,1,4.99,1.0,1.0,212.82,11.0,4.0,1,1,4.0,2.833213344056216,6.034404297599238,0.03192894010322891,0,3,0.05095165761488177,-2.924582444366785,True
1792,대조,0,14.0,27.0,586.45,4790.0,1.0,4.0,0.0,1,0,5.74,2.0,2.0,152.76,12.0,14.0,1,1,14.0,3.332204510175204,6.375791136013581,0.006820700827009975,0,1,0.025017612617285655,-3.66283932509914,True
1793,대조,0,3.0,2.0,155.07,86.0,5.0,7.5,0.0,2,0,6.79,3.0,3.0,184.91,5.0,3.0,1,1,3.0,1.0986122886681098,5.050304624554462,0.04836525440123815,0,2,0.007840381400795989,-4.8405965189471365,True
1794,대조,0,10.0,12.0,504.15,19170.0,15.0,35.7,0.0,2,0,18.98,12.0,5.0,287.84000000000003,8.0,10.0,1,1,10.0,2.5649493574615367,6.224855414873741,0.07081225825647129,0,2,0.03546641036396614,-3.30305859606348,True
1795,처치,1,1.0,196.0,1424.56,801.0,19.0,43.019999999999996,0.0,7,1,17.03,7.0,6.0,646.6,48.0,1.0,1,1,1.0,5.2832037287379885,7.26231999796151,0.03019879822541697,0,6,0.42012171396112774,-0.32227376542095454,False
1796,대조,0,12.0,9.0,459.76,38050.0,4.0,7.31,0.0,2,1,11.67,4.0,3.0,210.64,6.0,12.0,1,1,12.0,2.302585092994046,6.132877300058306,0.015899599791195405,0,2,0.029340458076672366,-3.4990083952752,True
1798,대조,0,44.0,6.0,421.06,179.0,6.0,19.67,0.0,1,0,0.0,0.0,0.0,84.08,1.0,44.0,0,1,44.0,1.9459101490553132,6.045147484024167,0.0467154324799316,0,1,0.009915727785245037,-4.6036679012318675,True
1800,대조,0,18.0,8.0,265.25,45290.0,2.0,5.8,0.0,1,1,4.5,1.0,1.0,155.41,5.0,18.0,1,1,18.0,2.1972245773362196,5.584435717023635,0.02186616399622997,0,1,0.013736082324984729,-4.2738978668203815,True
1802,대조,0,5.0,9.0,837.17,14403.0,2.0,11.83,1.0,3,1,12.18,4.0,4.0,317.64,3.0,5.0,1,1,5.0,2.302585092994046,6.731220943869785,0.0141309411469594,1,3,0.05094079904122192,-2.924807023771427,True
1804,처치,1,5.0,38.0,1236.96,107859.0,2.0,4.17,0.0,7,1,19.21,6.0,5.0,707.82,21.0,5.0,1,1,5.0,3.6635616461296463,7.121220142544851,0.003371168024835079,0,6,0.22129059987446117,-1.2581611647613378,True
1806,대조,0,1.0,19.0,375.41,151.0,2.0,7.48,0.0,5,0,5.58,2.0,1.0,81.97,3.0,1.0,1,1,1.0,2.995732273553991,5.930678974839718,0.01992488212887243,0,5,0.05086355981992182,-2.9264058107858046,True
1807,처치,1,4.0,30.0,827.62,15250.0,10.0,47.43,0.0,8,0,0.0,0.0,0.0,236.02,8.0,4.0,0,1,4.0,3.4339872044851463,6.719761666450727,0.05730890988617965,0,6,0.15895752083594172,-1.6660051670278377,True
1808,대조,0,1.0,10.0,198.0,77.0,4.0,6.26,0.0,3,0,2.0,2.0,1.0,126.02,9.0,1.0,1,1,1.0,2.3978952727983707,5.293304824724492,0.03161616161616162,0,3,0.01723542359231328,-4.043402819341583,True
1809,대조,0,5.0,13.0,351.84,175.0,5.0,13.34,0.0,1,0,0.0,0.0,0.0,56.46,2.0,5.0,0,1,5.0,2.6390573296152584,5.866014696390566,0.037914961346066395,0,1,0.01862848577240667,-3.9642591952653996,True
1810,대조,0,1.0,41.0,715.5,46332.0,2.0,3.38,0.0,3,0,10.0,7.0,2.0,271.86,7.0,1.0,1,1,1.0,3.7376696182833684,6.574378247268227,0.004723969252271139,0,3,0.06266034014988453,-2.7053169997136433,True
1812,대조,0,1.0,16.0,305.59,6539.0,2.0,5.1899999999999995,0.0,2,1,0.0,0.0,0.0,88.56,5.0,1.0,0,1,1.0,2.833213344056216,5.725511350119767,0.016983540037304887,0,2,0.030095462065015864,-3.47282325372489,True
1818,대조,0,4.0,14.0,149.09,19700.0,0.0,0.0,0.0,1,0,0.0,0.0,0.0,83.51,12.0,4.0,0,1,4.0,2.70805020110221,5.011235114168223,0.0,0,1,0.007346863937826872,-4.906107746873582,True
1821,처치,1,2.0,26.0,1157.17,42835.0,13.0,50.35,0.0,7,0,6.75,2.0,2.0,363.48,10.0,2.0,1,1,2.0,3.295836866004329,7.054596452194089,0.043511325042992814,0,6,0.18190080049071017,-1.5035221138108157,True
1822,대조,0,27.0,11.0,152.3,54.0,0.0,0.0,0.0,3,1,1.88,1.0,1.0,84.6,2.0,27.0,1,1,27.0,2.4849066497880004,5.0323967858777685,0.0,0,3,0.011357401548773368,-4.466463239393053,True
1824,대조,0,1.0,20.0,372.35,162.0,0.0,0.0,0.0,4,0,5.97,3.0,2.0,199.95,10.0,1.0,1,1,1.0,3.044522437723423,5.922516317481711,0.0,0,4,0.035900975470685825,-3.290429544865246,True
1825,대조,0,66.0,2.0,25.990000000000002,10519.0,1.0,4.0,0.0,1,0,0.0,0.0,0.0,0.0,0.0,66.0,0,0,66.0,1.0986122886681098,3.2954664270299134,0.1539053482108503,0,1,0.0011589038614301065,-6.759121091741001,False
1826,대조,0,7.0,19.0,225.3,168.0,0.0,0.0,0.0,1,0,0.0,0.0,0.0,131.53,7.0,7.0,0,1,7.0,2.995732273553991,5.421861552639491,0.0,0,1,0.010859910560404449,-4.511757890372752,True
1828,대조,0,89.0,1.0,4.0,8.0,0.0,0.0,0.0,6,0,0.0,0.0,0.0,0.0,0.0,89.0,0,0,89.0,0.6931471805599453,1.6094379124341003,0.0,0,6,0.0001831944633149984,-8.604779117015173,False
1829,대조,0,1.0,33.0,758.89,17055.0,6.0,29.0,0.0,3,1,5.54,2.0,1.0,261.37,12.0,1.0,1,1,1.0,3.5263605246161616,6.633173685962884,0.03821370686133695,0,3,0.10968822350383782,-2.0939297023667582,True
1832,대조,0,22.0,6.0,152.54,73.0,4.0,9.91,0.0,1,0,0.0,0.0,0.0,87.45,3.0,22.0,0,1,22.0,1.9459101490553132,5.033961119399752,0.06496656614658451,0,1,0.006902947519779181,-4.968879898737156,True
1833,대조,0,3.0,13.0,224.36,113.0,1.0,2.5,0.0,7,1,9.98,2.0,1.0,143.53,3.0,3.0,1,1,3.0,2.6390573296152584,5.417699123568117,0.011142806204314494,0,6,0.05006832119774286,-2.943001568282832,True
1834,대조,0,22.0,5.0,144.78,14150.0,2.0,6.6,0.0,5,1,0.0,0.0,0.0,2.29,1.0,22.0,0,1,22.0,1.791759469228055,4.982098635954067,0.04558640696228761,0,5,0.020195530199208687,-3.881891728491459,True
1836,대조,0,32.0,8.0,320.64,16812.0,0.0,0.0,0.0,6,0,0.0,0.0,0.0,112.83,5.0,32.0,0,1,32.0,2.1972245773362196,5.773432907679949,0.0,0,6,0.02340860807736032,-3.7309645159847626,True
1839,대조,0,8.0,26.0,323.92,160.0,1.0,2.5,2.0,1,0,0.0,0.0,0.0,126.31,8.0,8.0,0,1,8.0,3.295836866004329,5.783578998182753,0.0077179550506297845,1,1,0.013147220031080873,-4.31831053741463,True
1840,대조,0,,0.0,0.0,0.0,0.0,0.0,0.0,1,0,0.0,0.0,0.0,0.0,0.0,90.0,0,0,90.0,0.0,0.0,0.0,0,1,1.1694192252631282e-05,-11.356406533805565,False
1841,대조,0,13.0,5.0,493.01,198.0,3.0,11.26,0.0,1,1,0.0,0.0,0.0,73.57000000000001,1.0,13.0,0,1,13.0,1.791759469228055,6.202555759898017,0.0228392933206223,0,1,0.02153054486906299,-3.8165169518450903,True
1847,대조,0,5.0,15.0,357.41,145.0,0.0,0.0,0.0,2,1,2.77,1.0,1.0,181.97,7.0,5.0,1,1,5.0,2.772588722239781,5.881677582497242,0.0,0,2,0.027966430177107714,-3.548385472072075,True
1848,대조,0,2.0,15.0,1342.35,69722.0,3.0,6.63,0.0,4,1,0.0,0.0,0.0,233.33,5.0,2.0,0,1,2.0,2.772588722239781,7.202921773143544,0.0049390993407084595,0,4,0.1294829320057116,-1.9055382928621865,True
1849,대조,0,2.0,16.0,398.33,177.0,1.0,1.25,0.0,3,0,0.0,0.0,0.0,143.6,9.0,2.0,0,1,2.0,2.833213344056216,5.989788142727037,0.0031381015740717497,0,3,0.0283916928771223,-3.5328561489799286,True
1852,대조,0,5.0,11.0,431.39,159.0,2.0,4.38,0.0,8,0,0.0,0.0,0.0,0.0,0.0,5.0,0,0,5.0,2.4849066497880004,6.069327958763121,0.01015322561950903,0,6,0.05264512841696067,-2.890100048785702,True
1857,대조,0,14.0,7.0,65.6,4813.0,1.0,2.88,0.0,1,0,1.5,1.0,1.0,10.27,2.0,14.0,1,1,14.0,2.0794415416798357,4.198704577546343,0.04390243902439025,0,1,0.003533556843663151,-5.641910496290967,False
1858,대조,0,5.0,8.0,347.29,121.0,7.0,23.92,0.0,2,1,11.91,8.0,4.0,164.52,5.0,5.0,1,1,5.0,2.1972245773362196,5.853035466078366,0.06887615537447091,0,2,0.036287425597995304,-3.279321811817593,True
1859,대조,0,60.0,2.0,61.800000000000004,20.0,3.0,7.49,0.0,1,0,0.0,0.0,0.0,90.96,1.0,60.0,0,1,60.0,1.0986122886681098,4.1399550734741535,0.12119741100323624,0,1,0.0020292358790587896,-6.198064673479065,False
1860,대조,0,30.0,10.0,97.63,55.0,4.0,6.25,0.0,1,0,0.0,0.0,0.0,0.0,0.0,30.0,0,0,30.0,2.3978952727983707,4.591375474965902,0.06401720782546348,0,1,0.004912746242947252,-5.310997323802085,False
1861,대조,0,1.0,9.0,180.01,121.0,1.0,0.88,0.0,5,1,7.6899999999999995,2.0,2.0,159.05,3.0,1.0,1,1,1.0,2.302585092994046,5.198552278358462,0.0048886172990389425,0,5,0.02967662432443483,-3.487269716793638,True
1862,대조,0,17.0,3.0,29.560000000000002,9.0,1.0,2.88,0.0,5,0,0.0,0.0,0.0,74.05,4.0,17.0,0,1,17.0,1.3862943611198906,3.4196919642983197,0.09742895805142082,0,5,0.0051287061029828525,-5.2677599701957885,False
1864,대조,0,3.0,22.0,2744.26,28709.0,0.0,0.0,0.0,5,1,8.74,4.0,3.0,1032.3,7.0,3.0,1,1,3.0,3.1354942159291497,7.917631067126684,0.0,0,5,0.2679683245701815,-1.004955003846858,True
1865,대조,0,3.0,19.0,614.34,239.0,1.0,2.88,0.0,8,1,1.67,1.0,1.0,287.97,7.0,3.0,1,1,3.0,2.995732273553991,6.4221749605721845,0.004687957808379724,0,6,0.11602018274886874,-2.0306700660267474,True
1879,대조,0,1.0,38.0,729.15,447.0,0.0,0.0,0.0,3,1,0.0,0.0,0.0,148.88,6.0,1.0,0,1,1.0,3.6635616461296463,6.593249992486481,0.0,0,3,0.08683081462638019,-2.352959604635709,True
1881,대조,0,8.0,19.0,431.84,98029.0,0.0,0.0,0.0,2,0,3.0,2.0,2.0,242.59,8.0,8.0,1,1,8.0,2.995732273553991,6.070368144703448,0.0,0,2,0.022816859390677915,-3.757174376817551,True
1883,대조,0,20.0,5.0,129.79,72.0,5.0,9.5,0.0,6,0,10.0,8.0,6.0,101.19,5.0,20.0,1,1,20.0,1.791759469228055,4.8735929835010605,0.07319516141459281,0,6,0.019689090516625617,-3.90780507445617,True
1887,대조,0,4.0,18.0,148.25,75.0,1.0,2.88,0.0,1,0,0.0,0.0,0.0,48.800000000000004,5.0,4.0,0,1,4.0,2.9444389791664403,5.0056227522727115,0.019426644182124787,0,1,0.009109055012641172,-4.689335507736498,True
1889,대조,0,2.0,4.0,58.86,27.0,0.0,0.0,0.0,2,0,2.0,2.0,1.0,117.97,3.0,2.0,1,1,2.0,1.6094379124341003,4.0920085024245525,0.0,0,2,0.003050487943081719,-5.789398569654988,False
1890,대조,0,4.0,13.0,304.89,121.0,1.0,1.5,0.0,1,0,2.99,1.0,1.0,77.75,4.0,4.0,1,1,4.0,2.6390573296152584,5.723225560200808,0.004919807143559973,0,1,0.013340712866917936,-4.303504302005617,True
1894,대조,0,1.0,10.0,405.99,32674.0,4.0,13.950000000000001,0.0,2,1,0.0,0.0,0.0,0.0,0.0,1.0,0,0,1.0,2.3978952727983707,6.008788615116177,0.03436045222788739,0,2,0.036802755258194486,-3.264685500506161,True
1895,대조,0,6.0,6.0,120.46,62.0,0.0,0.0,0.0,2,0,0.0,0.0,0.0,58.11,2.0,6.0,0,1,6.0,1.9459101490553132,4.799584990469429,0.0,0,2,0.005782959847500589,-5.147039897119145,False
1896,대조,0,1.0,25.0,545.56,231.0,0.0,0.0,0.0,1,1,4.99,1.0,1.0,333.57,8.0,1.0,1,1,1.0,3.258096538021482,6.30364409116015,0.0,0,1,0.039247853055250165,-3.1978197205943486,True
1900,대조,0,9.0,11.0,1769.22,491.0,11.0,41.790000000000006,0.0,2,0,15.57,5.0,5.0,731.97,4.0,9.0,1,1,9.0,2.4849066497880004,7.478859111629353,0.02362057856004341,0,2,0.06839406029957099,-2.611623930663067,True
1905,대조,0,2.0,9.0,116.61,33.0,1.0,1.5,0.0,3,0,2.0,2.0,2.0,45.52,2.0,2.0,1,1,2.0,2.302585092994046,4.7673740658629455,0.012863390789812195,0,3,0.00934642103983314,-4.6633714125384795,True
1911,대조,0,10.0,11.0,248.71,81369.0,0.0,0.0,0.0,3,1,0.0,0.0,0.0,48.2,5.0,10.0,0,1,10.0,2.4849066497880004,5.520300244541494,0.0,0,3,0.021980585196342585,-3.795369948716774,True
1912,대조,0,7.0,8.0,175.39000000000001,125.0,0.0,0.0,0.0,2,0,0.0,0.0,0.0,46.43,3.0,7.0,0,1,7.0,2.1972245773362196,5.172697452623386,0.0,0,2,0.008448842195966241,-4.765241129249629,True
1918,대조,0,11.0,9.0,576.41,9246.0,6.0,16.509999999999998,0.0,2,0,1.0,1.0,1.0,23.09,3.0,11.0,1,1,11.0,2.302585092994046,6.358552586095142,0.02864280633576794,0,2,0.02657154865676457,-3.6009832818140386,True
1920,대조,0,6.0,15.0,294.36,114.0,1.0,3.49,0.0,4,1,0.0,0.0,0.0,156.56,9.0,6.0,0,1,6.0,2.772588722239781,5.688194951314488,0.011856230466095937,0,4,0.04005099686264532,-3.1767265976612777,True
1921,대조,0,12.0,16.0,282.2,12675.0,2.0,5.5,2.0,2,1,0.0,0.0,0.0,0.0,0.0,12.0,0,0,12.0,2.833213344056216,5.6461533618195645,0.019489723600283487,1,2,0.01900352268496046,-3.943944502193863,True
1922,대조,0,6.0,13.0,546.57,244.0,4.0,10.04,0.0,4,0,11.43,5.0,4.0,173.58,6.0,6.0,1,1,6.0,2.6390573296152584,6.305490307399324,0.018369101853376507,0,4,0.04478067462057384,-3.060164297918433,True
1923,대조,0,9.0,27.0,817.6,108515.0,2.0,7.5,0.0,6,1,4.67,3.0,3.0,211.14,8.0,9.0,1,1,9.0,3.332204510175204,6.707595564058303,0.009173189823874755,0,6,0.1495517668583547,-1.7381209440955758,True
1925,대조,0,1.0,10.0,178.79,68.0,1.0,1.97,0.0,2,0,0.0,0.0,0.0,6.970000000000001,2.0,1.0,0,1,1.0,2.3978952727983707,5.191789503138204,0.011018513339672242,0,2,0.010913553458274694,-4.506776282485818,True
1927,대조,0,6.0,21.0,855.77,466.0,5.0,12.0,0.0,4,1,8.379999999999999,7.0,3.0,425.43,9.0,6.0,1,1,6.0,3.091042453358316,6.753169504514932,0.014022459305654556,0,4,0.10287153427150693,-2.1657180991969063,True
1928,대조,0,6.0,13.0,264.82,129.0,4.0,10.11,1.0,5,1,0.0,0.0,0.0,93.95,4.0,6.0,0,1,6.0,2.6390573296152584,5.582819387993187,0.03817687485839438,1,5,0.04141295544891832,-3.141866606239054,True
1929,대조,0,3.0,10.0,639.39,289.0,8.0,16.27,0.0,5,1,4.63,2.0,2.0,262.5,3.0,3.0,1,1,3.0,2.3978952727983707,6.462077365760166,0.025446128341075087,0,5,0.09206969396984965,-2.2886217867734424,True
1930,대조,0,2.0,11.0,201.27,84.0,4.0,11.49,0.0,5,0,0.0,0.0,0.0,178.43,5.0,2.0,0,1,2.0,2.4849066497880004,5.309603438565004,0.057087494410493364,0,5,0.03325609754465252,-3.3696954881159265,True
1931,대조,0,19.0,8.0,224.59,106.0,1.0,1.88,0.0,3,1,0.0,0.0,0.0,110.29,5.0,19.0,0,1,19.0,2.1972245773362196,5.418719192400332,0.008370809029787613,0,3,0.016944576470803288,-4.060717690180928,True
1932,대조,0,2.0,4.0,47.3,13.0,0.0,0.0,0.0,1,0,0.0,0.0,0.0,7.22,1.0,2.0,0,1,2.0,1.6094379124341003,3.877431560658527,0.0,0,1,0.0020269684183564928,-6.199184966619785,False
1933,대조,0,13.0,5.0,117.65,71.0,3.0,6.66,0.0,2,0,0.0,0.0,0.0,14.23,1.0,13.0,0,1,13.0,1.791759469228055,4.776177982881773,0.05660858478538036,0,2,0.00721573162761863,-4.9242497972739,True
1940,대조,0,4.0,7.0,158.97,96.0,1.0,1.25,0.0,2,0,0.0,0.0,0.0,87.12,4.0,4.0,0,1,4.0,2.0794415416798357,5.0749862976535045,0.00786311882745172,0,2,0.008291474575963865,-4.7842014115421465,True
1941,대조,0,6.0,18.0,89.26,54.0,0.0,0.0,0.0,2,0,0.0,0.0,0.0,40.31,6.0,6.0,0,1,6.0,2.9444389791664403,4.502694394398855,0.0,0,2,0.006394408774816867,-5.045916358808299,True
1942,대조,0,1.0,31.0,857.53,9544.0,4.0,13.86,0.0,2,0,0.0,0.0,0.0,112.93,6.0,1.0,0,1,1.0,3.4657359027997265,6.755221624397917,0.016162699847235666,0,2,0.057354311585518396,-2.799442462975759,True
1943,대조,0,12.0,20.0,289.81,139.0,0.0,0.0,0.0,11,0,8.25,3.0,3.0,216.76,11.0,12.0,1,1,12.0,3.044522437723423,5.672670132963575,0.0,0,6,0.038908426643012056,-3.2068588437053376,True
1948,대조,0,4.0,19.0,389.16,257.0,0.0,0.0,0.0,1,1,0.0,0.0,0.0,161.41,7.0,4.0,0,1,4.0,2.995732273553991,5.966556911401797,0.0,0,1,0.02618357607451453,-3.616090462597474,True
1949,대조,0,4.0,11.0,456.44,205.0,2.0,5.88,0.0,1,1,0.0,0.0,0.0,47.25,1.0,4.0,0,1,4.0,2.4849066497880004,6.125645728574002,0.01288230654631496,0,1,0.027395795096069497,-3.5695876833542712,True
1950,대조,0,1.0,10.0,303.66,163.0,4.0,17.16,0.0,1,0,0.0,0.0,0.0,34.9,4.0,1.0,0,1,1.0,2.3978952727983707,5.719196400708555,0.056510571033392604,0,1,0.018442497335975548,-3.9744829591889155,True
1953,대조,0,1.0,12.0,121.54,57.0,0.0,0.0,0.0,2,1,0.0,0.0,0.0,36.83,5.0,1.0,0,1,1.0,2.5649493574615367,4.8084375072975085,0.0,0,2,0.011548208874691835,-4.4496095225367895,True
1954,대조,0,6.0,22.0,339.78000000000003,194.0,0.0,0.0,0.0,7,0,0.0,0.0,0.0,96.76,4.0,6.0,0,1,6.0,3.1354942159291497,5.831237107787093,0.0,0,6,0.0497531871387257,-2.9496472292208824,True
1957,대조,0,8.0,7.0,500.62,169.0,0.0,0.0,6.0,2,0,5.49,2.0,2.0,163.61,3.0,8.0,1,1,8.0,2.0794415416798357,6.217842860932121,0.0,1,2,0.014702683768535535,-4.2049133931071205,True
1959,대조,0,1.0,8.0,350.61,18695.0,0.0,0.0,0.0,3,0,0.0,0.0,0.0,135.91,2.0,1.0,0,1,1.0,2.1972245773362196,5.862522606817267,0.0,0,3,0.020494746071112437,-3.866879037176172,True
1961,대조,0,2.0,21.0,265.12,141.0,3.0,4.76,0.0,3,0,0.0,0.0,0.0,330.88,8.0,2.0,0,1,2.0,3.091042453358316,5.583947334873687,0.017954133977066987,0,3,0.02474501723960711,-3.6740748124930045,True
1963,대조,0,4.0,2.0,252.44,124.0,10.0,22.83,0.0,2,0,21.79,14.0,11.0,198.78,5.0,4.0,1,1,4.0,1.0986122886681098,5.535127108626061,0.09043733164316273,0,2,0.015485425193899833,-4.152249430756543,True
1964,대조,0,12.0,7.0,220.45,116.0,1.0,1.5,0.0,1,1,0.0,0.0,0.0,124.59,4.0,12.0,0,1,12.0,2.0794415416798357,5.400196830369207,0.006804264005443411,0,1,0.011184429646651887,-4.481985232353977,True
1965,대조,0,11.0,17.0,355.13,164.0,3.0,19.96,1.0,7,1,4.0,3.0,2.0,130.76,5.0,11.0,1,1,11.0,2.8903717578961645,5.875295832733553,0.05620477008419452,1,6,0.07385385598403668,-2.5289438237595303,True
1966,대조,0,3.0,26.0,1030.28,586.0,8.0,28.17,0.0,8,0,5.54,2.0,2.0,104.92,3.0,3.0,1,1,3.0,3.295836866004329,6.938556028134849,0.027342081764180612,0,6,0.15041716655814688,-1.7313329004726086,True
1968,대조,0,2.0,13.0,326.62,5043.0,1.0,1.0,0.0,3,0,0.0,0.0,0.0,184.81,5.0,2.0,0,1,2.0,2.6390573296152584,5.791854400176486,0.00306166187006307,0,3,0.02263360269809802,-3.7654259574990543,True
1969,대조,0,1.0,24.0,405.87,223.0,6.0,15.879999999999999,0.0,3,0,2.75,1.0,1.0,76.63,8.0,1.0,1,1,1.0,3.2188758248682006,6.008493724100844,0.039125828467243204,0,3,0.04271008867723264,-3.109671122102803,True
1970,대조,0,10.0,12.0,309.93,5018.0,5.0,16.16,0.0,1,0,1.0,1.0,1.0,18.55,2.0,10.0,1,1,10.0,2.5649493574615367,5.73956780645899,0.052140805988449,0,1,0.016767377857409838,-4.071410532779637,True
1971,대조,0,19.0,8.0,272.64,119.0,2.0,5.27,0.0,5,0,4.69,1.0,1.0,44.1,4.0,19.0,1,1,19.0,2.1972245773362196,5.611813373892797,0.019329518779342723,0,5,0.02286393130855833,-3.75506529745782,True
1972,대조,0,3.0,14.0,257.4,8846.0,0.0,0.0,0.0,3,0,0.0,0.0,0.0,0.0,0.0,3.0,0,0,3.0,2.70805020110221,5.554508771908447,0.0,0,3,0.018413121117893765,-3.976107011525059,True
1974,대조,0,,0.0,0.0,0.0,0.0,0.0,0.0,5,0,0.0,0.0,0.0,0.0,0.0,90.0,0,0,90.0,0.0,0.0,0.0,0,5,2.95264313297665e-05,-10.430195191619084,False
1978,대조,0,34.0,5.0,67.4,37.0,0.0,0.0,0.0,6,0,0.0,0.0,0.0,92.06,3.0,34.0,0,1,34.0,1.791759469228055,4.225372824628505,0.0,0,6,0.005544991869015921,-5.189299702139778,False
1979,대조,0,1.0,14.0,138.46,74.0,5.0,26.5,0.0,3,1,11.36,4.0,3.0,57.15,5.0,1.0,1,1,1.0,2.70805020110221,4.9377778217928645,0.1913910154557273,0,3,0.06355151550613979,-2.6902436670101055,True
1980,대조,0,11.0,10.0,712.75,7736.0,4.0,24.0,0.0,1,1,0.0,0.0,0.0,124.51,1.0,11.0,0,1,11.0,2.3978952727983707,6.57053276097022,0.0336723956506489,0,1,0.03950831675958055,-3.1909341227698675,True
1981,대조,0,3.0,24.0,284.05,164.0,15.0,28.5,0.0,1,0,0.0,0.0,0.0,143.39000000000001,6.0,3.0,0,1,3.0,3.2188758248682006,5.652664603477591,0.10033444816053512,0,1,0.030433682735335203,-3.4612988961518427,True
1982,대조,0,4.0,37.0,848.17,86270.0,7.0,9.98,0.0,2,1,0.0,0.0,0.0,111.09,4.0,4.0,0,1,4.0,3.6375861597263857,6.744259401838141,0.01176650907247368,0,2,0.08085573270940151,-2.4307766039350858,True
1987,대조,0,6.0,14.0,401.72,200.0,1.0,0.66,0.0,1,0,3.84,2.0,1.0,129.1,7.0,6.0,1,1,6.0,2.70805020110221,5.998241531387006,0.0016429353778751369,0,1,0.016210040274968286,-4.105781598383417,True
1988,대조,0,1.0,29.0,1490.59,20899.0,6.0,22.87,0.0,1,0,31.53,10.0,8.0,719.66,10.0,1.0,1,1,1.0,3.4011973816621555,7.307597944071948,0.015342917904990643,0,1,0.06910485707536942,-2.600521623666756,True
1989,대조,0,3.0,21.0,460.43,22258.0,3.0,7.62,6.0,3,1,0.0,0.0,0.0,157.73,7.0,3.0,0,1,3.0,3.091042453358316,6.134330363131829,0.016549746975653194,1,3,0.04321328188380724,-3.09743260252175,True
1990,대조,0,1.0,18.0,632.9200000000001,60246.0,6.0,19.52,1.0,3,1,14.98,6.0,4.0,246.42000000000002,8.0,1.0,1,1,1.0,2.9444389791664403,6.451922763510186,0.030841180559944382,1,3,0.06002621475614326,-2.7510706074307514,True
1993,대조,0,4.0,17.0,197.06,11838.0,1.0,2.67,0.0,1,0,0.0,0.0,0.0,38.230000000000004,3.0,4.0,0,1,4.0,2.8903717578961645,5.288570015093157,0.013549172840759158,0,1,0.01082269242086284,-4.515228515327934,True
1996,대조,0,4.0,18.0,350.98,75.0,6.0,24.25,0.0,2,0,6.33,3.0,3.0,115.07000000000001,4.0,4.0,1,1,4.0,2.9444389791664403,5.863574355802065,0.06909225596900108,0,2,0.03262554117513908,-3.3894902049150315,True
1997,대조,0,1.0,11.0,667.04,32796.0,7.0,18.630000000000003,0.0,4,1,9.11,3.0,3.0,481.39,5.0,1.0,1,1,1.0,2.4849066497880004,6.504348051983417,0.027929359558647164,0,4,0.08273859472826846,-2.4057063206591955,True
1998,대조,0,4.0,28.0,163.47,139.0,14.0,23.28,0.0,5,0,9.5,9.0,5.0,107.99,13.0,4.0,1,1,4.0,3.367295829986474,5.102728182753178,0.1424114516425032,0,5,0.06571105045840556,-2.6545186511408527,True
2002,대조,0,20.0,10.0,466.22,239.0,7.0,25.0,0.0,1,1,12.0,3.0,2.0,247.89000000000001,4.0,20.0,1,1,20.0,2.3978952727983707,6.14680023881695,0.05362275320664064,0,1,0.02817430214907758,-3.540766174006827,True
2006,대조,0,8.0,18.0,949.94,457.0,20.0,67.53,0.0,5,1,27.0,25.0,5.0,590.7,12.0,8.0,1,1,8.0,2.9444389791664403,6.8574509690723895,0.07108870033896877,0,5,0.17928140733937678,-1.5212236096023373,True
2008,대조,0,8.0,11.0,340.43,119.0,0.0,0.0,0.0,3,0,4.99,1.0,1.0,142.73,10.0,8.0,1,1,8.0,2.4849066497880004,5.833142679961908,0.0,0,3,0.019829452764367757,-3.9005582385146735,True
2009,대조,0,,0.0,0.0,0.0,0.0,0.0,0.0,1,0,0.0,0.0,0.0,0.0,0.0,90.0,0,0,90.0,0.0,0.0,0.0,0,1,1.1694192252631282e-05,-11.356406533805565,False
2011,대조,0,2.0,15.0,222.84,137.0,10.0,52.5,0.0,3,1,18.0,16.0,3.0,67.98,4.0,2.0,1,1,2.0,2.772588722239781,5.410931510917171,0.23559504577275175,0,3,0.12197626384687783,-1.9738471604405372,True
2012,대조,0,2.0,49.0,1591.9,98165.0,15.0,34.14,0.0,6,1,3.24,3.0,2.0,470.62,19.0,2.0,1,1,2.0,3.912023005428146,7.373311533300592,0.02144607073308625,0,6,0.3130501312846549,-0.7858979766935197,True
2013,대조,0,43.0,1.0,2.99,1.0,0.0,0.0,0.0,2,1,0.0,0.0,0.0,0.0,0.0,43.0,0,0,43.0,0.6931471805599453,1.3837912309017721,0.0,0,2,0.0001835565469570979,-8.602804206740643,False
2014,대조,0,23.0,4.0,145.95,92.0,1.0,2.5,0.0,1,0,0.0,0.0,0.0,223.34,2.0,23.0,0,1,23.0,1.6094379124341003,4.990092392864926,0.017129153819801304,0,1,0.0041491610948790865,-5.480691318237889,False
2016,대조,0,3.0,2.0,31.29,19.0,0.0,0.0,0.0,2,0,0.0,0.0,0.0,53.6,4.0,3.0,0,1,3.0,1.0986122886681098,3.4747575847701837,0.0,0,2,0.0015077440910841375,-6.495631842788769,False
2018,대조,0,4.0,38.0,1359.1100000000001,521.0,2.0,14.98,0.0,3,1,0.0,0.0,0.0,332.35,9.0,4.0,0,1,4.0,3.6635616461296463,7.215320857812237,0.011021918755656274,0,3,0.14133652858326073,-1.8042333031643303,True
2021,대조,0,5.0,8.0,119.89,87.0,0.0,0.0,0.0,1,0,4.49,2.0,2.0,92.57000000000001,4.0,5.0,1,1,5.0,2.1972245773362196,4.794881041213901,0.0,0,1,0.005069932344777948,-5.279344977636177,False
2024,대조,0,7.0,14.0,815.01,33422.0,12.0,36.22,0.0,5,1,11.0,4.0,4.0,148.83,1.0,7.0,1,1,7.0,2.70805020110221,6.7044266097909775,0.04444117250095091,0,5,0.12944942785195052,-1.9058355666887186,True
2027,대조,0,2.0,4.0,68.19,37.0,0.0,0.0,0.0,4,0,0.0,0.0,0.0,94.38,7.0,2.0,0,1,2.0,1.6094379124341003,4.23685634351072,0.0,0,4,0.0054537765488835675,-5.205978262850926,False
2029,대조,0,23.0,9.0,232.14000000000001,99.0,0.0,0.0,0.0,2,0,0.0,0.0,0.0,99.92,2.0,23.0,0,1,23.0,2.302585092994046,5.451639131491686,0.0,0,2,0.008602661361825931,-4.747043785070974,True
2032,대조,0,2.0,3.0,26.57,11.0,1.0,1.88,0.0,1,0,0.0,0.0,0.0,94.98,7.0,2.0,0,1,2.0,1.3862943611198906,3.3167282250357055,0.07075649228453142,0,1,0.0019539561969117683,-6.23594327509144,False
2033,대조,0,47.0,14.0,366.36,20812.0,1.0,5.0,0.0,1,0,0.0,0.0,0.0,141.61,4.0,47.0,0,1,47.0,2.70805020110221,5.906342293691147,0.013647778141718529,0,1,0.008686490601172743,-4.737261826560801,True
2034,대조,0,4.0,27.0,614.5600000000001,36093.0,4.0,7.38,0.0,2,0,5.97,3.0,2.0,238.94,13.0,4.0,1,1,4.0,3.332204510175204,6.422532422595651,0.012008591512626919,0,2,0.03920553277280428,-3.198942633242771,True
2035,대조,0,17.0,4.0,38.96,37.0,0.0,0.0,0.0,1,0,0.0,0.0,0.0,0.0,0.0,17.0,0,0,17.0,1.6094379124341003,3.687878953780353,0.0,0,1,0.0013705304133492147,-6.591185980592593,False
2036,대조,0,4.0,14.0,1521.08,545.0,3.0,6.5,0.0,2,0,0.0,0.0,0.0,214.72,4.0,4.0,0,1,4.0,2.70805020110221,7.327833099458147,0.0042732795119257375,0,2,0.06181949993156534,-2.7197235137035376,True
2037,대조,0,2.0,12.0,210.18,92.0,0.0,0.0,0.0,4,0,0.0,0.0,0.0,97.15,5.0,2.0,0,1,2.0,2.5649493574615367,5.352710850378369,0.0,0,4,0.018958360556851704,-3.9463698800123264,True
2039,대조,0,2.0,5.0,284.55,156.0,2.0,5.99,0.0,1,0,47.160000000000004,17.0,13.0,669.18,17.0,2.0,1,1,2.0,1.791759469228055,5.654417145110872,0.021050781936390792,0,1,0.0108902709796257,-4.508935454952599,True
2041,대조,0,5.0,27.0,1282.8600000000001,54071.0,11.0,56.86,0.0,3,1,8.14,3.0,3.0,290.86,10.0,5.0,1,1,5.0,3.332204510175204,7.157626444037326,0.04432284115180144,0,3,0.14871464172671728,-1.744718079993554,True
2044,대조,0,10.0,4.0,58.260000000000005,34.0,3.0,5.0,0.0,2,0,0.0,0.0,0.0,0.0,0.0,10.0,0,0,10.0,1.6094379124341003,4.08193454214542,0.08582217645039478,0,2,0.004925993201686342,-5.308291193475048,False
2046,대조,0,32.0,1.0,3.99,1.0,0.0,0.0,0.0,1,0,0.0,0.0,0.0,23.2,3.0,32.0,0,1,32.0,0.6931471805599453,1.6074359097634274,0.0,0,1,0.00014011548631045006,-8.872903447878912,False
2047,대조,0,22.0,11.0,617.54,70603.0,2.0,7.29,0.0,5,0,9.48,2.0,2.0,487.19,7.0,22.0,1,1,22.0,2.4849066497880004,6.427361862336348,0.011804903326100335,0,5,0.044012989775169195,-3.078259512816449,True
2050,대조,0,4.0,10.0,333.86,144.0,1.0,2.5,0.0,5,1,8.29,3.0,3.0,350.88,10.0,4.0,1,1,4.0,2.3978952727983707,5.813712534028397,0.007488168693464326,0,5,0.04873454918876477,-2.971404944193714,True
2051,대조,0,,0.0,0.0,0.0,0.0,0.0,0.0,6,0,0.0,0.0,0.0,0.0,0.0,90.0,0,0,90.0,0.0,0.0,0.0,0,6,3.721943167553538e-05,-10.198642356072465,False
2055,대조,0,4.0,26.0,408.09000000000003,162.0,18.0,30.6,0.0,3,0,23.75,15.0,15.0,325.72,12.0,4.0,1,1,4.0,3.295836866004329,6.013935180735349,0.07498345953098581,0,3,0.05373360923927264,-2.8684854502923867,True
2057,대조,0,4.0,19.0,500.19,98355.0,4.0,11.01,0.0,2,1,1.99,1.0,1.0,187.71,6.0,4.0,1,1,4.0,2.995732273553991,6.216985270707943,0.02201163557848018,0,2,0.04657929302227482,-3.018900174990903,True
2058,대조,0,4.0,27.0,973.0,341.0,8.0,35.910000000000004,0.0,7,1,2.99,1.0,1.0,171.93,5.0,4.0,1,1,4.0,3.332204510175204,6.881411303642535,0.03690647482014389,0,6,0.21132400912887808,-1.3169630345902907,True
2059,대조,0,75.0,4.0,152.73000000000002,82.0,0.0,0.0,0.0,1,0,4.65,2.0,2.0,255.23,5.0,75.0,1,1,75.0,1.6094379124341003,5.035197816924508,0.0,0,1,0.0016939358047009874,-6.379005207024203,False
2062,대조,0,11.0,16.0,148.45,75.0,0.0,0.0,0.0,6,1,0.0,0.0,0.0,87.29,3.0,11.0,0,1,11.0,2.833213344056216,5.006961888729947,0.0,0,6,0.03163188728317196,-3.4214465936778966,True
2063,대조,0,6.0,6.0,250.48,112.0,0.0,0.0,0.0,2,1,0.0,0.0,0.0,101.62,2.0,6.0,0,1,6.0,1.9459101490553132,5.5273634635148605,0.0,0,2,0.015577781897450509,-4.146209226737288,True
2064,대조,0,7.0,53.0,1067.49,360.0,19.0,37.75,0.0,3,1,7.930000000000001,2.0,2.0,464.59000000000003,22.0,7.0,1,1,7.0,3.9889840465642745,6.974001715801042,0.03536332893048178,0,3,0.14629549212392992,-1.7639566293993403,True
2066,대조,0,83.0,1.0,0.75,1.0,0.0,0.0,0.0,5,0,0.0,0.0,0.0,0.0,0.0,83.0,0,0,83.0,0.6931471805599453,0.5596157879354227,0.0,0,5,6.67478318067789e-05,-9.614521993447381,False
2068,대조,0,2.0,19.0,400.88,217.0,4.0,4.55,0.0,4,1,1.5,1.0,1.0,153.04,5.0,2.0,1,1,2.0,2.995732273553991,5.996153536594114,0.01135002993414488,0,4,0.05817865050137503,-2.784297148811139,True
2069,대조,0,18.0,12.0,206.19,2506.0,1.0,1.45,0.0,3,1,0.0,0.0,0.0,247.07,3.0,18.0,0,1,18.0,2.5649493574615367,5.333636246672391,0.007032348804500703,0,3,0.01803430265221271,-3.9972807290778296,True
2071,대조,0,4.0,35.0,220.91,101.0,2.0,9.5,0.0,2,0,0.0,0.0,0.0,51.57,10.0,4.0,0,1,4.0,3.58351893845611,5.402271894267886,0.043003938255398125,0,2,0.02327274697137759,-3.7369244271294733,True
2074,대조,0,14.0,2.0,26.759999999999998,9.0,0.0,0.0,0.0,1,0,0.0,0.0,0.0,0.0,0.0,14.0,0,0,14.0,1.0986122886681098,3.3235961356386037,0.0,0,1,0.0008887997828303256,-7.024749368979648,False
2075,처치,1,4.0,21.0,704.08,2542.0,3.0,4.88,0.0,3,0,0.0,0.0,0.0,343.64,14.0,4.0,0,1,4.0,3.091042453358316,6.558311271551752,0.0069310305647085554,0,3,0.048570418209230484,-2.9749510096569365,True
2076,대조,0,4.0,22.0,814.98,41877.0,3.0,11.66,0.0,10,1,9.99,5.0,4.0,549.4,20.0,4.0,1,1,4.0,3.1354942159291497,6.704389844859815,0.014307099560725416,0,6,0.15520618414644932,-1.6943381394163755,True
2078,대조,0,14.0,6.0,152.23,47.0,2.0,9.879999999999999,0.0,5,0,0.0,0.0,0.0,53.11,2.0,14.0,0,1,14.0,1.9459101490553132,5.031940060590085,0.06490179333902647,0,5,0.019460502765376097,-3.91971601531278,True
2079,대조,0,33.0,5.0,276.48,106.0,1.0,10.58,0.0,7,0,0.0,0.0,0.0,208.23000000000002,3.0,33.0,0,1,33.0,1.791759469228055,5.625748858517101,0.038266782407407406,0,6,0.023283664170570227,-3.7364442617270486,True
2080,대조,0,15.0,7.0,363.44,173.0,5.0,20.37,0.0,8,0,35.22,8.0,8.0,263.29,5.0,15.0,1,1,15.0,2.0794415416798357,5.898361928845658,0.056047765793528506,0,6,0.04737943923757625,-3.0010283087342255,True
2081,대조,0,74.0,2.0,119.99,77.0,0.0,0.0,0.0,1,0,0.0,0.0,0.0,25.49,1.0,74.0,0,1,74.0,1.0986122886681098,4.7957078975533864,0.0,0,1,0.001181030801490423,-6.740185932483477,False
2082,대조,0,1.0,30.0,780.96,43567.0,7.0,21.23,1.0,5,1,12.17,7.0,6.0,416.88,16.0,1.0,1,1,1.0,3.4339872044851463,6.661803588341919,0.027184490883015774,1,5,0.12246016250636496,-1.969336580097859,True
2084,대조,0,1.0,28.0,737.79,95551.0,3.0,8.26,1.0,3,1,1.0,1.0,1.0,224.36,7.0,1.0,1,1,1.0,3.367295829986474,6.605013712770567,0.011195597663291723,1,3,0.06803111750390317,-2.6173342153925407,True
2087,처치,1,4.0,33.0,1093.81,24091.0,5.0,14.91,0.0,6,1,6.49,3.0,3.0,341.76,7.0,4.0,1,1,4.0,3.5263605246161616,6.998336111213226,0.013631252228449183,0,6,0.2110010138245255,-1.3189020975762529,True
2092,대조,0,,0.0,0.0,0.0,0.0,0.0,0.0,3,1,0.0,0.0,0.0,0.0,0.0,90.0,0,0,90.0,0.0,0.0,0.0,0,3,2.7618884338945794e-05,-10.496983184764716,False
2097,대조,0,14.0,8.0,360.98,146.0,0.0,0.0,0.0,6,1,0.0,0.0,0.0,0.0,0.0,14.0,0,0,14.0,2.1972245773362196,5.891588961680726,0.0,0,6,0.0494988888100362,-2.9550391099455715,True
2098,대조,0,27.0,2.0,26.67,11.0,0.0,0.0,0.0,1,0,0.0,0.0,0.0,0.0,0.0,27.0,0,0,27.0,1.0986122886681098,3.3203487937988347,0.0,0,1,0.0007234710603014304,-7.2307262793843305,False
2099,대조,0,2.0,5.0,52.48,32.0,0.0,0.0,0.0,1,0,10.0,10.0,2.0,27.82,2.0,2.0,1,1,2.0,1.791759469228055,3.9793077522337423,0.0,0,1,0.002349801499364548,-6.051071856133827,False
2100,대조,0,11.0,9.0,550.32,306.0,2.0,2.88,9.0,4,1,0.0,0.0,0.0,179.67000000000002,4.0,11.0,0,1,11.0,2.302585092994046,6.312315402826238,0.005233318796336676,1,4,0.03921295076149872,-3.198745722728048,True
2102,대조,0,2.0,17.0,848.5,281.0,11.0,25.13,0.0,3,1,16.490000000000002,4.0,4.0,368.21,10.0,2.0,1,1,2.0,2.8903717578961645,6.744647941111987,0.029616971125515614,0,3,0.09112199995096279,-2.300011604364624,True
2107,대조,0,1.0,10.0,490.84000000000003,220.0,1.0,1.88,0.0,4,1,0.0,0.0,0.0,81.09,3.0,1.0,0,1,1.0,2.3978952727983707,6.198153460350231,0.0038301686904082793,0,4,0.05401756938946287,-2.8629146438754907,True
2108,대조,0,2.0,15.0,164.52,98.0,1.0,1.88,0.0,2,0,0.0,0.0,0.0,65.38,4.0,2.0,0,1,2.0,2.772588722239781,5.109092033437288,0.011427182105519084,0,2,0.011456292234045366,-4.457693738736337,True
2109,대조,0,5.0,23.0,476.37,227.0,2.0,5.1899999999999995,0.0,4,0,3.49,1.0,1.0,193.78,9.0,5.0,1,1,5.0,3.1780538303479458,6.168291871544769,0.010894892625480193,0,4,0.046339636155576576,-3.0243099279732144,True
2111,대조,0,10.0,12.0,187.67000000000002,28616.0,0.0,0.0,0.0,5,1,0.0,0.0,0.0,47.75,3.0,10.0,0,1,10.0,2.5649493574615367,5.239999457223521,0.0,0,5,0.028271678911157987,-3.5372157019583583,True
2114,대조,0,7.0,15.0,330.12,127.0,0.0,0.0,0.0,5,0,0.0,0.0,0.0,139.3,7.0,7.0,0,1,7.0,2.772588722239781,5.802480847440477,0.0,0,5,0.03399020988888461,-3.347101430144128,True
2115,처치,1,4.0,44.0,2091.06,336182.0,8.0,23.65,0.0,8,1,8.49,3.0,3.0,876.42,12.0,4.0,1,1,4.0,3.8066624897703196,7.645904505461867,0.011310053274415846,0,6,0.3318071048047079,-0.7000231066737784,True
2117,대조,0,4.0,8.0,192.37,112.0,1.0,2.88,0.0,4,0,0.0,0.0,0.0,0.0,0.0,4.0,0,0,4.0,2.1972245773362196,5.264605452062501,0.014971149347611373,0,4,0.01676301061753897,-4.071675468926237,True
2121,대조,0,3.0,24.0,953.64,111654.0,5.0,14.18,0.0,4,1,0.0,0.0,0.0,137.59,5.0,3.0,0,1,3.0,3.2188758248682006,6.8613343060614005,0.014869342728912377,0,4,0.12149149188277067,-1.9783813577310252,True
2123,대조,0,5.0,11.0,965.34,381.0,4.0,13.93,4.0,3,1,8.0,3.0,3.0,294.83,4.0,5.0,1,1,5.0,2.4849066497880004,6.873515739160414,0.014430148963059646,1,3,0.06059817832674898,-2.740978480770325,True
2124,대조,0,7.0,23.0,1004.61,148748.0,14.0,47.57,10.0,8,1,7.99,3.0,3.0,417.76,11.0,7.0,1,1,7.0,3.1780538303479458,6.913349601538447,0.04735170862324683,1,6,0.17259111248806094,-1.567373710097745,True
2128,대조,0,,0.0,0.0,0.0,0.0,0.0,0.0,2,0,0.0,0.0,0.0,0.0,0.0,90.0,0,0,90.0,0.0,0.0,0.0,0,2,1.4741138439175728e-05,-11.124853698258944,False
2129,대조,0,9.0,24.0,1197.36,70034.0,7.0,9.73,0.0,8,1,1.67,1.0,1.0,328.96000000000004,4.0,9.0,1,1,9.0,3.2188758248682006,7.088709234368786,0.008126210997527895,0,6,0.187167597191317,-1.4685204845552624,True
2130,대조,0,1.0,21.0,1923.93,841.0,6.0,20.87,7.0,3,1,5.0,2.0,2.0,178.51,4.0,1.0,1,1,1.0,3.091042453358316,7.5626448824243475,0.010847588009958782,1,3,0.12779532516042139,-1.920594153284579,True
2137,대조,0,4.0,27.0,389.88,52143.0,0.0,0.0,0.0,3,0,0.0,0.0,0.0,99.93,5.0,4.0,0,1,4.0,3.332204510175204,5.96840060750943,0.0,0,3,0.031352782057171805,-3.4305974724342403,True
2138,대조,0,2.0,7.0,253.63,141.0,6.0,20.0,0.0,3,0,0.0,0.0,0.0,36.510000000000005,2.0,2.0,0,1,2.0,2.0794415416798357,5.53981151107484,0.07885502503647045,0,3,0.02590918460684905,-3.626907015050909,True
2142,대조,0,3.0,18.0,1258.21,12305.0,15.0,54.22,0.0,5,0,4.99,1.0,1.0,399.55,10.0,3.0,1,1,3.0,2.9444389791664403,7.138239819181796,0.04309296540323157,0,5,0.14104924565259103,-1.8066025019439003,True
2145,대조,0,2.0,8.0,72.17,23.0,0.0,0.0,0.0,1,0,0.0,0.0,0.0,16.05,1.0,2.0,0,1,2.0,2.1972245773362196,4.292785500895938,0.0,0,1,0.0035069732703708004,-5.649488792530158,False
2146,대조,0,50.0,3.0,235.42000000000002,105.0,4.0,10.360000000000001,0.0,2,0,1.0,1.0,1.0,91.77,6.0,50.0,1,1,50.0,1.3862943611198906,5.465609884322231,0.04400645654574803,0,2,0.0056998644117529605,-5.161596721205731,False
2147,대조,0,5.0,14.0,980.98,18012.0,2.0,4.49,3.0,4,1,0.0,0.0,0.0,427.31,12.0,5.0,0,1,5.0,2.70805020110221,6.8895709415482855,0.004577055597463761,1,4,0.07663719845158651,-2.488939646694405,True
2148,대조,0,4.0,15.0,411.13,243.0,6.0,12.74,1.0,5,1,2.5,1.0,1.0,135.57,4.0,4.0,1,1,4.0,2.772588722239781,6.0213388335597315,0.030987765426993896,1,5,0.06001179190883877,-2.7513262558752616,True
2149,대조,0,2.0,22.0,642.33,65396.0,0.0,0.0,0.0,4,0,0.0,0.0,0.0,39.69,2.0,2.0,0,1,2.0,3.1354942159291497,6.466657811870248,0.0,0,4,0.05612527151145351,-2.8224072707961234,True
2154,대조,0,2.0,21.0,364.55,206.0,1.0,11.8,0.0,3,1,12.01,5.0,3.0,201.2,10.0,2.0,1,1,2.0,3.091042453358316,5.901403068739325,0.032368673707310384,0,3,0.051619931196979454,-2.9108474769540478,True
2158,대조,0,11.0,18.0,545.44,49083.0,10.0,18.69,6.0,1,1,3.0,2.0,1.0,265.96,7.0,11.0,1,1,11.0,2.9444389791664403,6.303424512019286,0.0342659137577002,1,1,0.03019649754780747,-3.469367533767817,True
2159,대조,0,12.0,7.0,197.92000000000002,95.0,5.0,13.0,0.0,1,0,2.77,1.0,1.0,90.53,14.0,12.0,1,1,12.0,2.0794415416798357,5.292902733846538,0.06568310428455941,0,1,0.010500310421841427,-4.545794630615344,True
2161,대조,0,3.0,16.0,907.04,30102.0,11.0,34.11,0.0,1,0,12.98,5.0,5.0,254.39000000000001,4.0,3.0,1,1,3.0,2.833213344056216,6.811288430494431,0.03760583877227024,0,1,0.04383846358948683,-3.082415273752696,True
2162,대조,0,5.0,35.0,3256.77,99207.0,10.0,39.97,1.0,7,1,10.5,6.0,3.0,863.38,13.0,5.0,1,1,5.0,3.58351893845611,8.088798191212678,0.012272896151708594,1,6,0.3385554273835759,-0.6697383665283919,True
2164,대조,0,,0.0,0.0,0.0,0.0,0.0,0.0,3,0,0.0,0.0,0.0,0.0,0.0,90.0,0,0,90.0,0.0,0.0,0.0,0,3,1.858195805865459e-05,-10.893300862712325,False
2167,대조,0,86.0,2.0,13.49,6.0,0.0,0.0,0.0,8,0,0.0,0.0,0.0,24.29,5.0,86.0,0,1,86.0,1.0986122886681098,2.673458756332591,0.0,0,6,0.000534917235714735,-7.532863462279131,False
2168,처치,1,2.0,26.0,747.62,422.0,13.0,35.48,4.0,6,1,29.84,10.0,10.0,284.06,10.0,2.0,1,1,2.0,3.295836866004329,6.618231511650985,0.04745726438565046,1,6,0.15544082183622643,-1.6925497163713192,True
2173,대조,0,3.0,27.0,503.41,206.0,5.0,18.6,0.0,1,1,0.0,0.0,0.0,94.35,7.0,3.0,0,1,3.0,3.332204510175204,6.223389429429531,0.03694801454083153,0,1,0.04718412927714789,-3.005364082911756,True
2176,대조,0,77.0,1.0,7.28,5.0,0.0,0.0,0.0,3,0,0.0,0.0,0.0,50.9,4.0,77.0,0,1,77.0,0.6931471805599453,2.1138429683971687,0.0,0,3,0.000167757701374836,-8.692822101556947,False
2179,대조,0,18.0,4.0,222.1,62.0,0.0,0.0,0.0,1,1,0.0,0.0,0.0,58.22,2.0,18.0,0,1,18.0,1.6094379124341003,5.407620101438487,0.0,0,1,0.008309262212293857,-4.782040480607957,True
2181,대조,0,13.0,19.0,1659.28,547.0,12.0,40.9,0.0,1,1,0.0,0.0,0.0,158.45,2.0,13.0,0,1,13.0,2.995732273553991,7.414741541825406,0.024649245455860374,0,1,0.08491178440703388,-2.377407584046595,True
2182,대조,0,7.0,8.0,134.02,49.0,2.0,8.19,0.0,4,1,0.0,0.0,0.0,38.61,4.0,7.0,0,1,7.0,2.1972245773362196,4.905422915613724,0.0611102820474556,0,4,0.024358498523780078,-3.6902144008882884,True
2183,대조,0,2.0,37.0,750.5,95741.0,2.0,6.84,0.0,5,1,0.0,0.0,0.0,203.83,11.0,2.0,0,1,2.0,3.6375861597263857,6.622071209193029,0.009113924050632912,0,5,0.13879526781474275,-1.8253323064110634,True
2184,대조,0,1.0,18.0,326.77,13131.0,3.0,9.99,0.0,5,1,9.5,7.0,5.0,338.85,15.0,1.0,1,1,1.0,2.9444389791664403,5.792312142902554,0.03057196193040977,0,5,0.07000331190849085,-2.586638471040459,True
2187,대조,0,29.0,2.0,215.64,128.0,1.0,4.5,0.0,1,0,0.0,0.0,0.0,158.54,2.0,29.0,0,1,29.0,1.0986122886681098,5.37823698972391,0.020868113522537562,0,1,0.00448186070451912,-5.403225048600533,False
2188,대조,0,8.0,14.0,533.24,34207.0,6.0,12.96,0.0,5,1,1.88,1.0,1.0,257.1,8.0,8.0,1,1,8.0,2.70805020110221,6.280845176195345,0.02430425324431776,0,5,0.08184711473840514,-2.41751086583725,True
2190,처치,1,5.0,26.0,1235.8,138356.0,8.0,17.79,0.0,7,1,6.76,5.0,3.0,306.95,10.0,5.0,1,1,5.0,3.295836866004329,7.120282677833157,0.014395533257808707,0,6,0.2128130513192137,-1.3080516792067918,True
2200,대조,0,3.0,28.0,1214.3,68448.0,17.0,32.6,10.0,11,1,17.52,7.0,7.0,498.59000000000003,8.0,3.0,1,1,3.0,3.367295829986474,7.102746238876755,0.02684674297949436,1,6,0.19334161265675417,-1.4284416287637858,True
2203,대조,0,43.0,6.0,236.71,69.0,0.0,0.0,0.0,5,1,0.0,0.0,0.0,453.7,7.0,43.0,0,1,43.0,1.9459101490553132,5.471051443317165,0.0,0,5,0.016677280878127736,-4.076889999751064,True
2204,대조,0,3.0,18.0,233.57,161.0,2.0,3.0,0.0,2,0,0.0,0.0,0.0,137.01,10.0,3.0,0,1,3.0,2.9444389791664403,5.457754050804533,0.012844115254527552,0,2,0.016083766612333742,-4.113730286376543,True
2205,대조,0,33.0,8.0,119.25,71.0,8.0,14.0,0.0,4,0,0.0,0.0,0.0,126.82000000000001,5.0,33.0,0,1,33.0,2.1972245773362196,4.78957290898587,0.11740041928721175,0,4,0.014975848419958216,-4.186227362088649,True
2210,대조,0,11.0,1.0,12.79,1.0,0.0,0.0,0.0,3,0,0.0,0.0,0.0,0.0,0.0,11.0,0,0,11.0,0.6931471805599453,2.6239436918052106,0.0,0,3,0.0007188896749980747,-7.237083506100234,False
2211,대조,0,10.0,10.0,337.67,151.0,2.0,5.99,0.0,2,0,8.48,3.0,3.0,355.86,10.0,10.0,1,1,10.0,2.3978952727983707,5.825026181941565,0.017739212840939378,0,2,0.01673465001734115,-4.0733976014356665,True
2213,대조,0,18.0,5.0,178.04,72.0,1.0,1.5,0.0,3,0,0.0,0.0,0.0,38.89,3.0,18.0,0,1,18.0,1.791759469228055,5.187609244563615,0.008425073017299483,0,3,0.008374318667142267,-4.774175977484406,True
2215,대조,0,4.0,14.0,270.29,125.0,1.0,2.5,0.0,5,0,0.0,0.0,0.0,99.48,3.0,4.0,0,1,4.0,2.70805020110221,5.603188359420499,0.009249324799289652,0,5,0.03161587518255751,-3.4219694580840603,True
2217,대조,0,3.0,29.0,490.73,37943.0,2.0,7.6899999999999995,0.0,7,1,0.0,0.0,0.0,189.31,8.0,3.0,0,1,3.0,3.4011973816621555,6.197929785369379,0.01567053165691928,0,6,0.11950893124873328,-1.9970886774399064,True
2221,대조,0,2.0,13.0,268.73,136.0,0.0,0.0,0.0,4,1,0.0,0.0,0.0,115.56,4.0,2.0,0,1,2.0,2.6390573296152584,5.597421458664791,0.0,0,4,0.034858378804563724,-3.320981315169342,True
2223,대조,0,14.0,16.0,158.07,49.0,2.0,4.62,0.0,3,0,0.0,0.0,0.0,4.8500000000000005,2.0,14.0,0,1,14.0,2.833213344056216,5.069344356910269,0.02922755741127349,0,3,0.013410459596344704,-4.2982191177205085,True
2228,대조,0,,0.0,0.0,0.0,0.0,0.0,0.0,6,0,0.0,0.0,0.0,31.82,2.0,90.0,0,1,90.0,0.0,0.0,0.0,0,6,3.721943167553538e-05,-10.198642356072465,False
2230,대조,0,3.0,10.0,331.04,134.0,2.0,6.79,0.0,1,0,1.5,1.0,1.0,1.5,1.0,3.0,1,1,3.0,2.3978952727983707,5.805255443586835,0.020511116481391974,0,1,0.01488998036829175,-4.192064801746361,True
2231,대조,0,22.0,8.0,533.94,199.0,2.0,5.76,4.0,3,1,0.0,0.0,0.0,330.1,6.0,22.0,0,1,22.0,2.1972245773362196,6.282154591074067,0.010787728958309921,1,3,0.025975752728525134,-3.6242726823349907,True
2234,대조,0,1.0,38.0,1513.71,78908.0,9.0,24.44,3.0,4,1,15.969999999999999,7.0,6.0,470.65,14.0,1.0,1,1,1.0,3.6635616461296463,7.322979280478573,0.016145761077088743,1,4,0.16100095844382503,-1.6507992460680627,True
2235,대조,0,7.0,21.0,707.07,116597.0,0.0,0.0,0.0,5,1,2.5,1.0,1.0,179.7,4.0,7.0,1,1,7.0,3.091042453358316,6.562542958862895,0.0,0,5,0.09898475829870672,-2.208556292189546,True
2236,대조,0,7.0,13.0,99.41,38.0,2.0,5.5,0.0,6,0,0.0,0.0,0.0,15.96,3.0,7.0,0,1,7.0,2.6390573296152584,4.609261803891345,0.05532642591288603,0,6,0.022821202395221264,-3.7569796086006635,True
2237,대조,0,6.0,22.0,820.53,20960.0,5.0,7.88,5.0,6,1,1.67,1.0,1.0,235.71,8.0,6.0,1,1,6.0,3.1354942159291497,6.711168455374139,0.009603548925694368,1,6,0.11869897060008,-2.0048086288564195,True
2238,대조,0,3.0,47.0,747.31,417.0,1.0,1.88,0.0,3,0,6.88,3.0,3.0,123.79,8.0,3.0,1,1,3.0,3.871201010907891,6.617817330621235,0.002515689606722779,0,3,0.06477779132083585,-2.669821339310486,True
2239,대조,0,35.0,3.0,201.73,88.0,0.0,0.0,0.0,1,0,0.0,0.0,0.0,163.4,4.0,35.0,0,1,35.0,1.3862943611198906,5.311875044480103,0.0,0,1,0.0036790252546276474,-5.601421628834352,False
2241,대조,0,15.0,10.0,116.13,92.0,2.0,2.0,0.0,1,0,4.38,2.0,2.0,95.06,8.0,15.0,1,1,15.0,2.3978952727983707,4.763284429081783,0.017222078704899682,0,1,0.005123655864275665,-5.268750231944663,False
2243,대조,0,23.0,9.0,919.44,335.0,9.0,42.74,0.0,2,1,18.740000000000002,5.0,4.0,347.18,5.0,23.0,1,1,23.0,2.302585092994046,6.824851816582373,0.04648481684503611,0,2,0.05329116272115932,-2.8772210730961536,True
2244,대조,0,6.0,41.0,550.82,298.0,3.0,7.52,0.0,9,0,15.01,7.0,5.0,603.0,27.0,6.0,1,1,6.0,3.7376696182833684,6.313221906142662,0.013652372825968553,0,6,0.09605647380341217,-2.2418306001281807,True
2245,대조,0,5.0,34.0,810.22,53918.0,7.0,12.71,0.0,5,0,10.16,6.0,4.0,819.4,29.0,5.0,1,1,5.0,3.5553480614894135,6.698539287365341,0.01568709733158895,0,5,0.1009591447568608,-2.186612551000019,True
2247,대조,0,2.0,29.0,897.86,285.0,3.0,8.0,0.0,1,0,2.5,1.0,1.0,422.48,17.0,2.0,1,1,2.0,3.4011973816621555,6.801127293757346,0.008910075067382443,0,1,0.04381762638241325,-3.082912496988171,True
2248,대조,0,3.0,8.0,245.20000000000002,99.0,2.0,7.15,0.0,1,0,0.0,0.0,0.0,29.89,1.0,3.0,0,1,3.0,2.1972245773362196,5.506144213750353,0.029159869494290374,0,1,0.011561300632189207,-4.448463258546607,True
2250,대조,0,5.0,7.0,229.72,6529.0,2.0,3.88,0.0,1,1,0.0,0.0,0.0,107.89,5.0,5.0,0,1,5.0,2.0794415416798357,5.4412048540965845,0.01689012711126589,0,1,0.013840213624885325,-4.266240011225809,True
2251,대조,0,2.0,8.0,572.44,279.0,5.0,12.86,0.0,1,0,0.0,0.0,0.0,141.26,1.0,2.0,0,1,2.0,2.1972245773362196,6.351653310346511,0.022465236531339527,0,1,0.02234699092228563,-3.778463132989689,True
2254,대조,0,90.0,1.0,4.5,2.0,0.0,0.0,0.0,2,1,0.0,0.0,0.0,0.0,0.0,90.0,0,0,90.0,0.6931471805599453,1.7047480922384253,0.0,0,2,0.0001149219540249853,-9.071142392089653,False
2258,대조,0,33.0,5.0,297.2,106.0,1.0,1.5,0.0,1,0,0.0,0.0,0.0,30.87,3.0,33.0,0,1,33.0,1.791759469228055,5.697764402330638,0.005047106325706595,0,1,0.0062290958678653694,-5.0722755046276085,True
2260,대조,0,1.0,12.0,628.27,69196.0,8.0,30.66,4.0,4,1,5.5,2.0,2.0,121.54,3.0,1.0,1,1,1.0,2.5649493574615367,6.444560417380015,0.04880067486908495,1,4,0.07383772308504212,-2.529179710414984,True
2262,대조,0,8.0,18.0,238.46,129.0,1.0,1.5,0.0,7,0,0.0,0.0,0.0,45.23,4.0,8.0,0,1,8.0,2.9444389791664403,5.478386388288698,0.006290363163633314,0,6,0.035725997597216196,-3.295496841310327,True
2263,대조,0,1.0,30.0,356.76,239.0,3.0,5.96,0.0,7,0,0.0,0.0,0.0,250.49,7.0,1.0,0,1,1.0,3.4339872044851463,5.87986237052668,0.016705908734163024,0,6,0.0686576026120457,-2.6074951128304025,True
2269,대조,0,10.0,28.0,429.93,11068.0,5.0,13.79,0.0,4,1,5.5,3.0,2.0,208.6,13.0,10.0,1,1,10.0,3.367295829986474,6.0659456639202896,0.03207498895168981,0,4,0.07085585278769455,-2.5736163197439046,True
2273,대조,0,31.0,7.0,225.2,82.0,5.0,14.26,0.0,1,0,3.49,1.0,1.0,69.89,5.0,31.0,1,1,31.0,2.0794415416798357,5.42141956368202,0.0633214920071048,0,1,0.00855152502296257,-4.753057347567021,True
2274,대조,0,4.0,15.0,1516.22,45062.0,4.0,10.879999999999999,0.0,6,0,5.0,2.0,2.0,964.97,10.0,4.0,1,1,4.0,2.772588722239781,7.324634991905556,0.007175739668385853,0,6,0.147680640301547,-1.7529091854414154,True
2278,대조,0,11.0,5.0,103.94,26.0,0.0,0.0,0.0,3,0,0.0,0.0,0.0,102.97,3.0,11.0,0,1,11.0,1.791759469228055,4.653388758258566,0.0,0,3,0.005659254309926294,-5.168787814245524,False
2281,대조,0,5.0,29.0,1867.3500000000001,663.0,29.0,130.5,0.0,2,0,43.53,17.0,11.0,696.1800000000001,10.0,5.0,1,1,5.0,3.4011973816621555,7.532810967404964,0.06988513133585027,0,2,0.13541881564980557,-1.8538728954730819,True
2282,대조,0,6.0,11.0,119.25,64.0,0.0,0.0,1.0,2,1,0.0,0.0,0.0,84.59,6.0,6.0,0,1,6.0,2.4849066497880004,4.78957290898587,0.0,1,2,0.007982549620965326,-4.822482836431925,True
2286,대조,0,34.0,3.0,178.03,47.0,0.0,0.0,0.0,1,0,0.0,0.0,0.0,4.29,1.0,34.0,0,1,34.0,1.3862943611198906,5.187553389563182,0.0,0,1,0.0033714011439985162,-5.68904975417093,False
2288,대조,0,17.0,5.0,84.22,39.0,1.0,6.0,0.0,4,0,0.0,0.0,0.0,41.8,3.0,17.0,0,1,17.0,1.791759469228055,4.445236148071766,0.07124198527665637,0,4,0.009068920150501049,-4.693791786083917,True
2289,대조,0,4.0,22.0,614.57,239.0,7.0,14.379999999999999,0.0,3,0,1.0,1.0,1.0,107.37,4.0,4.0,1,1,4.0,3.1354942159291497,6.422548667833766,0.023398473729599554,0,3,0.04953290489938483,-2.95431634864195,True
2293,대조,0,47.0,8.0,524.33,21248.0,0.0,0.0,0.0,1,0,0.0,0.0,0.0,227.94,4.0,47.0,0,1,47.0,2.1972245773362196,6.264026636551919,0.0,0,1,0.00887342593038769,-4.715781290080849,True
2294,대조,0,8.0,12.0,373.78000000000003,207.0,0.0,0.0,0.0,6,1,0.0,0.0,0.0,8.24,1.0,8.0,0,1,8.0,2.5649493574615367,5.92633918714752,0.0,0,6,0.06272031892139736,-2.704296262503706,True
2298,대조,0,12.0,11.0,465.18,194.0,3.0,11.5,0.0,2,1,3.0,2.0,1.0,132.19,3.0,12.0,1,1,12.0,2.4849066497880004,6.144571825638524,0.024721613138999957,0,2,0.03348405349987881,-3.362628487165447,True
2299,대조,0,2.0,5.0,189.74,123.0,3.0,5.38,0.0,1,0,8.48,2.0,2.0,187.38,4.0,2.0,1,1,2.0,1.791759469228055,5.250911244150767,0.028354590492252554,0,1,0.008229256682639179,-4.791796282465793,True
2301,대조,0,9.0,11.0,225.41,78.0,0.0,0.0,0.0,5,0,10.0,4.0,2.0,328.79,6.0,9.0,1,1,9.0,2.4849066497880004,5.422347514964887,0.0,0,5,0.02200344060209411,-3.7943073198957826,True
2302,대조,0,8.0,12.0,217.04,132.0,3.0,9.62,0.0,2,1,5.91,3.0,3.0,267.81,7.0,8.0,1,1,8.0,2.5649493574615367,5.38467853219608,0.04432362698120162,0,2,0.022686760080345657,-3.7630257167449654,True
2303,대조,0,12.0,5.0,219.74,89.0,4.0,8.8,0.0,3,0,7.98,2.0,2.0,120.35000000000001,4.0,12.0,1,1,12.0,1.791759469228055,5.396985538344738,0.04004732866114499,0,3,0.013653729342210577,-4.279994784031564,True
2310,대조,0,4.0,17.0,225.93,117.0,0.0,0.0,0.0,1,0,0.0,0.0,0.0,20.19,5.0,4.0,0,1,4.0,2.8903717578961645,5.424641599881531,0.0,0,1,0.010995324409492371,-4.499228930450643,True
2314,대조,0,2.0,14.0,757.78,333.0,2.0,4.0,1.0,4,1,0.0,0.0,0.0,199.4,3.0,2.0,0,1,2.0,2.70805020110221,6.631711880307066,0.005278576895668928,1,4,0.0659156844300369,-2.651190291103114,True
2316,대조,0,82.0,1.0,34.23,9.0,0.0,0.0,0.0,1,0,0.0,0.0,0.0,0.0,0.0,82.0,0,0,82.0,0.6931471805599453,3.561897992353146,0.0,0,1,0.00032501389837334455,-8.031317545596387,False
2319,대조,0,2.0,8.0,153.79,58.0,2.0,9.6,0.0,2,0,0.0,0.0,0.0,4.0,1.0,2.0,0,1,2.0,2.1972245773362196,5.042069359585786,0.06242278431627544,0,2,0.012760575907185085,-4.348552176927849,True
2322,처치,1,1.0,50.0,3148.68,45486.0,11.0,35.74,0.0,9,1,1.67,1.0,1.0,604.57,14.0,1.0,1,1,1.0,3.9318256327243257,8.055056139357752,0.011350788266829276,0,6,0.4330590546753189,-0.2693810418025789,False
2327,대조,0,32.0,1.0,20.01,9444.0,0.0,0.0,0.0,1,0,0.0,0.0,0.0,10.01,1.0,32.0,0,1,32.0,0.6931471805599453,3.044998514856909,0.0,0,1,0.000462304647764815,-7.678824061908415,False
2329,대조,0,78.0,1.0,7.11,16.0,0.0,0.0,0.0,5,0,0.0,0.0,0.0,0.0,0.0,78.0,0,0,78.0,0.6931471805599453,2.0930978681273213,0.0,0,5,0.0002579247364031808,-8.262584776963836,False
2330,대조,0,10.0,3.0,362.72,20600.0,5.0,13.99,0.0,6,1,18.47,6.0,5.0,543.66,4.0,10.0,1,1,10.0,1.3862943611198906,5.896384340857712,0.038569695632995143,0,6,0.052415619822633236,-2.8947113534618105,True
2331,대조,0,5.0,11.0,575.74,39508.0,2.0,6.859999999999999,0.0,8,1,2.0,2.0,1.0,475.18,6.0,5.0,1,1,5.0,2.4849066497880004,6.357391558368655,0.01191510056622781,0,6,0.0960511412946624,-2.241892015121957,True
2336,대조,0,1.0,12.0,268.94,165.0,5.0,13.5,0.0,2,0,16.0,14.0,3.0,85.92,2.0,1.0,1,1,1.0,2.5649493574615367,5.5981997120811355,0.05019706997843385,0,2,0.021238571550930656,-3.8304689824820324,True
2338,대조,0,19.0,8.0,286.87,112.0,1.0,5.0,0.0,1,0,8.5,5.0,2.0,127.38000000000001,3.0,19.0,1,1,19.0,2.1972245773362196,5.6625089893404255,0.017429497681876807,0,1,0.009445060234613783,-4.6527734529587805,True
2342,대조,0,3.0,31.0,971.93,114801.0,4.0,17.759999999999998,2.0,2,1,5.54,2.0,1.0,241.93,11.0,3.0,1,1,3.0,3.4657359027997265,6.8803121371519795,0.01827292088936446,1,2,0.07132387695413789,-2.5665288968657958,True
2343,대조,0,1.0,42.0,634.57,41381.0,2.0,7.220000000000001,0.0,5,1,1.25,1.0,1.0,188.61,12.0,1.0,1,1,1.0,3.7612001156935624,6.454522234052091,0.011377783380872086,0,5,0.13128925026108446,-1.8896073093281294,True
2344,대조,0,12.0,9.0,320.25,9207.0,9.0,20.5,0.0,3,0,0.0,0.0,0.0,95.0,2.0,12.0,0,1,12.0,2.302585092994046,5.77221963620943,0.06401249024199844,0,3,0.02611431158137099,-3.618810433236923,True
2345,대조,0,1.0,16.0,783.4,334.0,5.0,12.91,0.0,5,0,0.0,0.0,0.0,166.27,5.0,1.0,0,1,1.0,2.833213344056216,6.664919094322191,0.016479448557569568,0,5,0.08334106418407919,-2.3977940732013874,True
2346,대조,0,1.0,4.0,274.77,111.0,1.0,2.5,0.0,1,0,0.0,0.0,0.0,0.0,0.0,1.0,0,0,1.0,1.6094379124341003,5.619567184968573,0.009098518761145686,0,1,0.009273040557850255,-4.671327650561607,True
2347,대조,0,1.0,16.0,492.77,26831.0,8.0,29.259999999999998,1.0,1,1,8.31,3.0,1.0,406.47,12.0,1.0,1,1,1.0,2.833213344056216,6.202069821724086,0.059378614769567954,1,1,0.03710871492945713,-3.2560886677076777,True
2350,대조,0,4.0,1.0,13.73,11.0,0.0,0.0,0.0,3,0,14.64,7.0,6.0,139.79,3.0,4.0,1,1,4.0,0.6931471805599453,2.689886230474539,0.0,0,3,0.00084709388751244,-7.072851569458899,False
2356,대조,0,42.0,2.0,36.26,25.0,3.0,4.99,0.0,2,0,0.0,0.0,0.0,0.0,0.0,42.0,0,0,42.0,1.0986122886681098,3.6179203651734424,0.13761720904578048,0,2,0.0024699543423336713,-6.001082603686573,False
2358,대조,0,14.0,8.0,402.0,117.0,2.0,6.17,0.0,2,0,0.0,0.0,0.0,29.25,1.0,14.0,0,1,14.0,2.1972245773362196,5.998936561946683,0.015348258706467662,0,2,0.016651000585440588,-4.078493782304411,True
2359,대조,0,4.0,23.0,310.85,21671.0,1.0,2.5,0.0,4,1,0.0,0.0,0.0,45.519999999999996,5.0,4.0,0,1,4.0,3.1780538303479458,5.742522302972132,0.00804246421103426,0,4,0.048042354494282374,-2.986437536654261,True
2369,대조,0,4.0,11.0,303.06,24804.0,5.0,8.280000000000001,0.0,3,0,10.5,5.0,5.0,177.07,3.0,4.0,1,1,4.0,2.4849066497880004,5.71722505035269,0.027321322510393986,0,3,0.023233603870623447,-3.7386478468175173,True
2370,대조,0,5.0,23.0,752.95,33757.0,6.0,9.21,6.0,5,1,7.49,5.0,5.0,396.52,12.0,5.0,1,1,5.0,3.1780538303479458,6.625326052811805,0.012231887907563584,1,5,0.0946286272631664,-2.2583851720869,True
2371,대조,0,4.0,7.0,75.8,24.0,0.0,0.0,0.0,6,0,0.0,0.0,0.0,170.32,3.0,4.0,0,1,4.0,2.0794415416798357,4.341204640153626,0.0,0,6,0.010731344910177867,-4.523797047994658,True
2372,처치,1,7.0,18.0,617.95,247.0,6.0,19.9,0.0,2,0,4.69,1.0,1.0,138.95,5.0,7.0,1,1,7.0,2.9444389791664403,6.428024493977819,0.03220325269034711,0,2,0.03798955499992369,-3.231714054675124,True
2373,대조,0,74.0,7.0,57.61,2815.0,0.0,0.0,0.0,2,0,0.0,0.0,0.0,22.689999999999998,2.0,74.0,0,1,74.0,2.0794415416798357,4.070905330488338,0.0,0,2,0.0011473998471001725,-6.7691088404398965,False
2375,대조,0,4.0,28.0,583.94,211.0,4.0,12.620000000000001,1.0,2,0,5.0,3.0,1.0,263.0,6.0,4.0,1,1,4.0,3.367295829986474,6.371509277869235,0.02161180943247594,1,2,0.03193859209163401,-3.411480461157055,True
2376,대조,0,1.0,39.0,1115.76,62306.0,9.0,22.79,0.0,3,1,2.77,1.0,1.0,315.56,16.0,1.0,1,1,1.0,3.6888794541139363,7.0181869147477665,0.020425539542553953,0,3,0.13647142014910454,-1.8449117782181768,True
2377,대조,0,1.0,16.0,193.41,24870.0,0.0,0.0,0.0,2,0,0.0,0.0,0.0,26.15,4.0,1.0,0,1,1.0,2.833213344056216,5.269969331032549,0.0,0,2,0.01250373359474302,-4.369145428623251,True
2379,대조,0,23.0,4.0,110.0,38.0,1.0,2.0,0.0,2,0,8.57,5.0,4.0,131.06,2.0,23.0,1,1,23.0,1.6094379124341003,4.709530201312334,0.01818181818181818,0,2,0.004174227003602785,-5.474643123249692,False
2380,대조,0,1.0,34.0,1145.58,193846.0,1.0,3.99,8.0,6,1,0.0,0.0,0.0,364.72,11.0,1.0,0,1,1.0,3.5553480614894135,7.044538877447568,0.0034829518671764524,1,6,0.1754713112249175,-1.5473363760156833,True
2384,대조,0,,0.0,0.0,0.0,0.0,0.0,0.0,1,0,0.0,0.0,0.0,0.0,0.0,90.0,0,0,90.0,0.0,0.0,0.0,0,1,1.1694192252631282e-05,-11.356406533805565,False
2385,대조,0,25.0,18.0,558.79,44827.0,1.0,1.25,0.0,3,0,11.030000000000001,4.0,4.0,73.94,4.0,25.0,1,1,25.0,2.9444389791664403,6.3275617133991116,0.0022369763238425885,0,3,0.027128686837103087,-3.5796600927553652,True
2388,대조,0,31.0,10.0,315.46,156.0,1.0,3.39,0.0,1,0,0.0,0.0,0.0,133.49,4.0,31.0,0,1,31.0,2.3978952727983707,5.757196851290837,0.010746211881062576,0,1,0.008665153308823387,-4.739742749045949,True
2390,대조,0,35.0,7.0,162.06,15100.0,0.0,0.0,0.0,2,1,0.0,0.0,0.0,0.0,0.0,35.0,0,0,35.0,2.0794415416798357,5.094118231234765,0.0,0,2,0.007296455420364319,-4.913043402856379,True
2391,대조,0,52.0,4.0,53.07,27.0,0.0,0.0,0.0,2,0,0.0,0.0,0.0,0.0,0.0,52.0,0,0,52.0,1.6094379124341003,3.9902795033939134,0.0,0,2,0.0012849598370572842,-6.655742030225908,False
2394,대조,0,28.0,8.0,114.44,47.0,3.0,11.96,0.0,1,0,0.0,0.0,0.0,44.01,4.0,28.0,0,1,28.0,2.1972245773362196,4.7487509144656155,0.10450891296749389,0,1,0.0071823169851546464,-4.928925014101679,True
2398,대조,0,14.0,10.0,190.43,88.0,1.0,1.5,1.0,1,0,0.0,0.0,0.0,0.0,0.0,14.0,0,0,14.0,2.3978952727983707,5.254522206548366,0.007876910150711547,1,1,0.0056911059510091466,-5.1631433202419625,False
2405,대조,0,1.0,26.0,608.71,67414.0,11.0,19.26,0.0,3,1,8.21,4.0,3.0,177.34,9.0,1.0,1,1,1.0,3.295836866004329,6.412983434288206,0.031640682755335055,0,3,0.0828550400523925,-2.4041729649187444,True
2406,대조,0,6.0,18.0,821.37,321.0,13.0,35.05,0.0,6,1,3.0,2.0,1.0,393.51,8.0,6.0,1,1,6.0,2.9444389791664403,6.712190415436319,0.04267260795987192,0,6,0.1704358752715434,-1.582541284054206,True
2410,대조,0,10.0,8.0,295.85,12915.0,0.0,0.0,0.0,4,0,1.5,1.0,1.0,262.69,3.0,10.0,1,1,10.0,2.1972245773362196,5.693226960716684,0.0,0,4,0.019518522306696238,-3.916679878164888,True
2411,대조,0,75.0,2.0,33.5,10.0,0.0,0.0,0.0,2,1,0.0,0.0,0.0,0.0,0.0,75.0,0,0,75.0,1.0986122886681098,3.5409593240373143,0.0,0,2,0.0007685920862061263,-7.170181288657067,False
2415,대조,0,1.0,8.0,80.91,42.0,0.0,0.0,0.0,1,0,0.0,0.0,0.0,9.76,1.0,1.0,0,1,1.0,2.1972245773362196,4.40562108352751,0.0,0,1,0.0039106726926253456,-5.540127536265544,False
2419,대조,0,7.0,6.0,53.79,4383.0,0.0,0.0,0.0,2,0,0.0,0.0,0.0,0.0,0.0,7.0,0,0,7.0,1.9459101490553132,4.003507695550324,0.0,0,2,0.0029472807624243568,-5.823920676628923,False
2420,대조,0,1.0,14.0,926.54,6828.0,3.0,5.0,0.0,5,1,0.0,0.0,0.0,65.18,2.0,1.0,0,1,1.0,2.70805020110221,6.832535920236298,0.005396421093530771,0,5,0.12076545144749237,-1.9852014511149745,True
2423,대조,0,6.0,5.0,397.73,14420.0,2.0,12.0,0.0,2,0,0.0,0.0,0.0,123.3,3.0,6.0,0,1,6.0,1.791759469228055,5.988284496101351,0.030171221683051315,0,2,0.018033970556118536,-3.997299482132615,True
2424,대조,0,3.0,14.0,446.49,201.0,3.0,6.5,0.0,6,0,1.0,1.0,1.0,164.18,5.0,3.0,1,1,3.0,2.70805020110221,6.103654191096511,0.014557996819637618,0,6,0.06174181914158959,-2.721063674056313,True
2425,대조,0,18.0,5.0,169.5,51667.0,1.0,10.96,0.0,3,0,1.25,1.0,1.0,316.69,8.0,18.0,1,1,18.0,1.791759469228055,5.1387352967235715,0.06466076696165192,0,3,0.011984670972714205,-4.412069798584866,True
2426,대조,0,3.0,22.0,343.99,27283.0,2.0,5.5,0.0,3,1,0.0,0.0,0.0,79.73,7.0,3.0,0,1,3.0,3.1354942159291497,5.843515431104025,0.01598883688479316,0,3,0.0440920109176107,-3.076383054978941,True
2429,대조,0,44.0,5.0,151.93,94.0,2.0,8.5,0.0,1,0,16.88,10.0,4.0,148.19,4.0,44.0,1,1,44.0,1.791759469228055,5.029980300360032,0.055946817613374576,0,1,0.004344589736752717,-5.434469891752435,False
2430,대조,0,4.0,10.0,226.95,7981.0,0.0,0.0,0.0,4,0,0.0,0.0,0.0,0.0,0.0,4.0,0,0,4.0,2.3978952727983707,5.42912630665945,0.0,0,4,0.018481220911074802,-3.972346015936001,True
2437,처치,1,1.0,10.0,721.17,253.0,7.0,24.5,0.0,3,1,8.72,4.0,4.0,400.11,4.0,1.0,1,1,1.0,2.3978952727983707,6.582260568240875,0.03397257234771275,0,3,0.07178628601247687,-2.559568546318383,True
2438,대조,0,2.0,43.0,605.11,22593.0,11.0,44.7,0.0,3,0,1.0,1.0,1.0,298.24,17.0,2.0,1,1,2.0,3.784189633918261,6.407061487748703,0.07387086645403315,0,3,0.08717929397913088,-2.348572634012112,True
2439,대조,0,34.0,5.0,9.69,6.0,0.0,0.0,0.0,1,0,0.0,0.0,0.0,7.32,2.0,34.0,0,1,34.0,1.791759469228055,2.3693087250369538,0.0,0,1,0.00037479285102296644,-7.888762218790118,False
2440,대조,0,2.0,36.0,770.29,38461.0,2.0,6.74,0.0,1,0,0.0,0.0,0.0,266.43,16.0,2.0,0,1,2.0,3.6109179126442243,6.6480644377320885,0.008749951317036441,0,1,0.04156019039099844,-3.138164016738379,True
2441,대조,0,4.0,12.0,202.25,123.0,0.0,0.0,2.0,3,0,0.0,0.0,0.0,56.48,4.0,4.0,0,1,4.0,2.5649493574615367,5.31443674842792,0.0,1,3,0.011072754288932847,-4.4921332430678405,True
2443,대조,0,,0.0,0.0,0.0,0.0,0.0,0.0,6,0,0.0,0.0,0.0,0.0,0.0,90.0,0,0,90.0,0.0,0.0,0.0,0,6,3.721943167553538e-05,-10.198642356072465,False
2446,처치,1,6.0,25.0,796.88,79063.0,5.0,16.490000000000002,0.0,4,1,0.0,0.0,0.0,173.26,6.0,6.0,0,1,6.0,3.258096538021482,6.681958210202364,0.02069320349362514,0,4,0.10727106803323033,-2.1189240101121136,True
2447,대조,0,14.0,18.0,624.35,194.0,1.0,1.5,0.0,3,1,4.17,2.0,2.0,335.77,8.0,14.0,1,1,14.0,2.9444389791664403,6.438311492994916,0.002402498598542484,0,3,0.05126314124868738,-2.9181594777369564,True
2450,대조,0,3.0,20.0,812.12,64717.0,6.0,13.219999999999999,0.0,1,0,0.0,0.0,0.0,73.44999999999999,2.0,3.0,0,1,3.0,3.044522437723423,6.700878700131799,0.016278382505048514,0,1,0.03720979861657862,-3.2532633983824724,True
2451,대조,0,2.0,33.0,1706.13,10616.0,13.0,46.879999999999995,3.0,9,0,0.0,0.0,0.0,96.33,6.0,2.0,0,1,2.0,3.5263605246161616,7.442568876895229,0.027477390351262794,1,6,0.18740704675328154,-1.4669473398198967,True
2452,대조,0,8.0,23.0,704.28,311.0,3.0,8.76,0.0,7,0,2.99,1.0,1.0,241.86,4.0,8.0,1,1,8.0,3.1780538303479458,6.55859488708444,0.012438234792980065,0,6,0.09339520815736022,-2.272866584608356,True
2453,대조,0,2.0,21.0,1063.82,375.0,9.0,19.87,0.0,5,1,0.0,0.0,0.0,321.72,10.0,2.0,0,1,2.0,3.091042453358316,6.9705610497745285,0.018677971837340906,0,5,0.16006987616245083,-1.6577082565574455,True
2455,대조,0,3.0,23.0,1002.77,37553.0,2.0,12.98,1.0,7,1,9.17,4.0,3.0,333.26,7.0,3.0,1,1,3.0,3.1780538303479458,6.911518190342665,0.012944144719128015,1,6,0.14770206627175894,-1.7527389740848085,True
2456,대조,0,7.0,7.0,117.79,56.0,5.0,10.620000000000001,0.0,1,0,1.67,1.0,1.0,25.8,1.0,7.0,1,1,7.0,2.0794415416798357,4.777357228301448,0.09016045504711775,0,1,0.008831541335598783,-4.720554952369448,True
2457,대조,0,19.0,9.0,202.04,99.0,2.0,3.99,0.0,1,0,0.0,0.0,0.0,16.53,1.0,19.0,0,1,19.0,2.302585092994046,5.313403003966077,0.019748564640665215,0,1,0.007469327852897312,-4.889452900445875,True
2462,대조,0,3.0,35.0,2116.87,27585.0,4.0,7.38,4.0,9,0,2.5,1.0,1.0,746.98,10.0,3.0,1,1,3.0,3.58351893845611,7.658166145618492,0.003486279270810206,1,6,0.1891722127059209,-1.4553979069167144,True
2466,대조,0,2.0,22.0,238.4,104.0,1.0,5.22,0.0,4,0,0.0,0.0,0.0,268.53000000000003,5.0,2.0,0,1,2.0,3.1354942159291497,5.478135793123873,0.021895973154362414,0,4,0.029692900739105375,-3.4867046336847847,True
2468,대조,0,12.0,7.0,76.12,59.0,1.0,3.84,0.0,2,0,0.0,0.0,0.0,7.16,1.0,12.0,0,1,12.0,2.0794415416798357,4.34536265030229,0.050446663163426164,0,2,0.005429831184816852,-5.210402608572789,False
2470,대조,0,9.0,9.0,109.27,69.0,2.0,2.5,0.0,2,0,0.0,0.0,0.0,177.77,8.0,9.0,0,1,9.0,2.302585092994046,4.702931903770587,0.02287910679967054,0,2,0.006785304578597964,-4.98618766728735,True
2472,대조,0,6.0,3.0,165.93,70.0,0.0,0.0,0.0,1,0,1.5,1.0,1.0,109.41,5.0,6.0,1,1,6.0,1.3862943611198906,5.117574562867297,0.0,0,1,0.00492083937573606,-5.309343171633064,False
2474,대조,0,4.0,7.0,62.74,53.0,5.0,6.5,0.0,2,0,0.0,0.0,0.0,11.51,1.0,4.0,0,1,4.0,2.0794415416798357,4.15481230898919,0.10360216767612368,0,2,0.007668480193116252,-4.862938798591992,True
2475,대조,0,2.0,21.0,1024.59,373.0,6.0,13.62,1.0,3,0,0.0,0.0,0.0,288.99,8.0,2.0,0,1,2.0,3.091042453358316,6.933023335728855,0.01329312212689954,1,3,0.055304026005086965,-2.838017446226673,True
2477,대조,0,26.0,6.0,411.66,199.0,2.0,4.8,0.0,1,0,0.0,0.0,0.0,264.3,2.0,26.0,0,1,26.0,1.9459101490553132,6.0226240093570835,0.011660107855997666,0,1,0.010031502854135656,-4.591942694902137,True
2478,대조,0,2.0,15.0,305.29,184.0,7.0,10.89,4.0,5,0,26.59,10.0,3.0,217.75,7.0,2.0,1,1,2.0,2.772588722239781,5.724532365574798,0.035671001342985356,1,5,0.03457727733174607,-3.3293693181899258,True
2481,대조,0,2.0,25.0,946.34,95642.0,9.0,34.7,2.0,4,0,25.35,13.0,8.0,462.93,12.0,2.0,1,1,2.0,3.258096538021482,6.853658057261852,0.03666758247564301,1,4,0.07967077696765913,-2.4468286014829568,True
2482,대조,0,19.0,5.0,194.86,115.0,3.0,7.88,0.0,3,0,0.0,0.0,0.0,233.24,3.0,19.0,0,1,19.0,1.791759469228055,5.277400118292649,0.040439289746484655,0,3,0.011140367563269662,-4.485977163907694,True
2483,대조,0,3.0,28.0,616.32,278.0,1.0,5.58,0.0,1,1,7.96,4.0,2.0,452.98,12.0,3.0,1,1,3.0,3.367295829986474,6.425387528032631,0.009053738317757009,0,1,0.046304347605525494,-3.0251087404513584,True
2485,대조,0,7.0,7.0,101.60000000000001,52.0,1.0,3.0,0.0,3,0,0.0,0.0,0.0,49.01,2.0,7.0,0,1,7.0,2.0794415416798357,4.630837932736669,0.029527559055118106,0,3,0.00805525484772348,-4.813342750702675,True
2486,처치,1,4.0,27.0,634.17,13241.0,9.0,32.62,0.0,3,1,2.5,1.0,1.0,160.09,6.0,4.0,1,1,4.0,3.332204510175204,6.4538926795984475,0.051437311761830425,0,3,0.09426170013660186,-2.2626754540653726,True
2488,대조,0,9.0,19.0,899.5,63028.0,4.0,20.450000000000003,5.0,9,1,0.0,0.0,0.0,223.67000000000002,3.0,9.0,0,1,9.0,2.995732273553991,6.802950164616011,0.022734852695942193,1,6,0.12673720283385875,-1.9301208646829124,True
2492,대조,0,2.0,23.0,438.53000000000003,9419.0,4.0,9.19,0.0,1,0,10.98,6.0,5.0,479.78000000000003,9.0,2.0,1,1,2.0,3.1780538303479458,6.085705974181331,0.02095637698675119,0,1,0.024877340671326156,-3.6686058915672732,True
2493,대조,0,,0.0,0.0,0.0,0.0,0.0,0.0,2,0,0.0,0.0,0.0,0.0,0.0,90.0,0,0,90.0,0.0,0.0,0.0,0,2,1.4741138439175728e-05,-11.124853698258944,False
2494,대조,0,12.0,5.0,221.01,87.0,4.0,11.21,5.0,2,1,2.0,2.0,1.0,245.05,3.0,12.0,1,1,12.0,1.791759469228055,5.402722425902827,0.0507216868015022,1,2,0.013584192750416764,-4.285171157927295,True
2496,대조,0,25.0,7.0,573.21,302.0,9.0,20.72,7.0,5,1,1.17,1.0,1.0,244.37,4.0,25.0,1,1,25.0,2.0794415416798357,6.352995183069972,0.036147310758709715,1,5,0.04703647805717365,-3.008653196287858,True
2497,대조,0,1.0,36.0,1261.7,26412.0,8.0,18.39,0.0,3,1,0.0,0.0,0.0,194.27,5.0,1.0,0,1,1.0,3.6109179126442243,7.141007564444634,0.014575572640088769,0,3,0.14040449520368353,-1.8119344271419424,True
2498,대조,0,1.0,33.0,499.69,10681.0,11.0,22.490000000000002,0.0,6,1,8.17,5.0,4.0,40.55,9.0,1.0,1,1,1.0,3.5263605246161616,6.2159871470973105,0.04500790490103865,0,6,0.15483853242210843,-1.6971448473572885,True
2499,대조,0,18.0,12.0,662.4,308.0,15.0,36.55,0.0,2,1,7.75,4.0,4.0,217.51,2.0,18.0,1,1,18.0,2.5649493574615367,6.497378126512952,0.05517814009661835,0,2,0.05129879657082763,-2.917426601658189,True
